frequency (GHz), flux (Jy/beam)
   3.57803379e+02  -1.96425717e-05
   3.57803867e+02   1.12154312e-05
   3.57804356e+02  -7.44658231e-04
   3.57804844e+02  -8.84611509e-04
   3.57805332e+02   1.34818958e-06
   3.57805821e+02   4.59005154e-04
   3.57806309e+02   2.71851866e-04
   3.57806797e+02   2.88820331e-04
   3.57807285e+02   2.43558432e-04
   3.57807774e+02  -3.50360970e-05
   3.57808262e+02  -2.49487814e-04
   3.57808750e+02  -4.79460316e-04
   3.57809239e+02  -5.35798317e-04
   3.57809727e+02  -2.70055549e-04
   3.57810215e+02   1.43976416e-04
   3.57810704e+02   3.70019261e-04
   3.57811192e+02   1.86317324e-04
   3.57811680e+02  -3.13336757e-04
   3.57812169e+02  -7.74460612e-04
   3.57812657e+02  -6.55981188e-04
   3.57813145e+02  -2.41348593e-04
   3.57813633e+02  -2.59746768e-04
   3.57814122e+02  -2.95356702e-04
   3.57814610e+02   1.53769273e-04
   3.57815098e+02   3.96805030e-04
   3.57815587e+02   1.72407337e-04
   3.57816075e+02  -8.29927558e-06
   3.57816563e+02  -1.84363307e-04
   3.57817052e+02  -1.85821191e-04
   3.57817540e+02   9.50093890e-05
   3.57818028e+02   9.25201093e-05
   3.57818517e+02  -8.75163969e-05
   3.57819005e+02  -2.44772469e-04
   3.57819493e+02  -4.89155587e-04
   3.57819981e+02  -5.23642579e-04
   3.57820470e+02  -3.33453674e-04
   3.57820958e+02  -2.37105938e-04
   3.57821446e+02  -1.03044746e-04
   3.57821935e+02   1.39480500e-04
   3.57822423e+02   3.17708298e-04
   3.57822911e+02   1.30328073e-04
   3.57823400e+02  -1.70104249e-04
   3.57823888e+02  -2.39125613e-04
   3.57824376e+02  -1.80597868e-04
   3.57824865e+02   1.25650578e-04
   3.57825353e+02   9.32051626e-05
   3.57825841e+02  -4.76691232e-04
   3.57826330e+02  -5.90238138e-04
   3.57826818e+02  -3.08610586e-04
   3.57827306e+02  -4.85960118e-05
   3.57827794e+02   9.17930229e-05
   3.57828283e+02   5.12290062e-05
   3.57828771e+02   1.47459272e-04
   3.57829259e+02   1.82967880e-04
   3.57829748e+02   1.23183519e-04
   3.57830236e+02   2.85948976e-04
   3.57830724e+02   5.01665694e-04
   3.57831213e+02   6.75098156e-04
   3.57831701e+02   6.47550973e-04
   3.57832189e+02   2.62285321e-04
   3.57832678e+02  -8.99855058e-06
   3.57833166e+02   1.03971157e-04
   3.57833654e+02   2.51897523e-04
   3.57834142e+02   1.18112926e-04
   3.57834631e+02  -6.30959257e-05
   3.57835119e+02   7.12699102e-06
   3.57835607e+02   7.27994120e-05
   3.57836096e+02   1.14908878e-04
   3.57836584e+02   2.26871867e-04
   3.57837072e+02   6.31069925e-05
   3.57837561e+02  -3.68966546e-04
   3.57838049e+02  -6.98946475e-04
   3.57838537e+02  -7.42753618e-04
   3.57839026e+02  -5.74204489e-04
   3.57839514e+02  -4.98120266e-04
   3.57840002e+02  -6.38919824e-04
   3.57840490e+02  -6.49398367e-04
   3.57840979e+02  -3.74560099e-04
   3.57841467e+02  -2.93854711e-04
   3.57841955e+02  -5.16793109e-04
   3.57842444e+02  -3.12606833e-04
   3.57842932e+02   2.53769482e-04
   3.57843420e+02   6.34989585e-04
   3.57843909e+02   8.09490855e-04
   3.57844397e+02   5.96630212e-04
   3.57844885e+02   1.45310960e-05
   3.57845374e+02  -1.61993084e-04
   3.57845862e+02  -5.95696438e-05
   3.57846350e+02  -2.61400244e-04
   3.57846838e+02  -2.23831274e-04
   3.57847327e+02   2.17603374e-04
   3.57847815e+02   5.21607348e-04
   3.57848303e+02   3.62522376e-04
   3.57848792e+02   2.82658875e-05
   3.57849280e+02   5.68856995e-05
   3.57849768e+02   2.38361710e-04
   3.57850257e+02   2.76810053e-04
   3.57850745e+02   4.00967692e-04
   3.57851233e+02   4.13153786e-04
   3.57851722e+02  -5.72846366e-05
   3.57852210e+02  -2.96918181e-04
   3.57852698e+02   1.77022754e-04
   3.57853186e+02   3.45735898e-04
   3.57853675e+02  -1.06222054e-04
   3.57854163e+02  -2.36222302e-04
   3.57854651e+02  -1.73825552e-04
   3.57855140e+02  -2.59074528e-04
   3.57855628e+02  -2.27087527e-04
   3.57856116e+02  -1.01346650e-05
   3.57856605e+02   3.85574211e-04
   3.57857093e+02   7.31520413e-04
   3.57857581e+02   9.10658913e-04
   3.57858070e+02   5.85498230e-04
   3.57858558e+02  -1.74750050e-04
   3.57859046e+02  -5.35311643e-04
   3.57859534e+02  -2.93527002e-04
   3.57860023e+02  -1.78394694e-04
   3.57860511e+02  -1.63057746e-04
   3.57860999e+02   1.10499204e-04
   3.57861488e+02   4.12074703e-04
   3.57861976e+02   3.61641170e-04
   3.57862464e+02   2.47659569e-04
   3.57862953e+02   2.09738035e-04
   3.57863441e+02  -1.34832342e-04
   3.57863929e+02  -5.71198005e-04
   3.57864418e+02  -6.34213327e-04
   3.57864906e+02  -3.32530850e-04
   3.57865394e+02   1.30687826e-04
   3.57865883e+02   3.91446112e-04
   3.57866371e+02   2.38022636e-04
   3.57866859e+02  -8.41133369e-05
   3.57867347e+02  -3.96999734e-04
   3.57867836e+02  -6.92477741e-04
   3.57868324e+02  -6.73303090e-04
   3.57868812e+02  -2.61094770e-04
   3.57869301e+02   7.42594636e-07
   3.57869789e+02  -1.24801794e-04
   3.57870277e+02  -3.69290123e-04
   3.57870766e+02  -3.56517616e-04
   3.57871254e+02  -1.54167807e-04
   3.57871742e+02  -1.24132697e-04
   3.57872231e+02  -6.36913828e-05
   3.57872719e+02   2.16842876e-04
   3.57873207e+02   3.39419494e-04
   3.57873695e+02   1.92262974e-04
   3.57874184e+02   2.65726267e-04
   3.57874672e+02   4.62800206e-04
   3.57875160e+02   2.12912273e-04
   3.57875649e+02  -1.77702488e-04
   3.57876137e+02  -1.91624185e-05
   3.57876625e+02   4.93104453e-04
   3.57877114e+02   6.16932579e-04
   3.57877602e+02   3.25230969e-04
   3.57878090e+02   2.77872226e-04
   3.57878579e+02   2.62798712e-04
   3.57879067e+02  -1.34310831e-04
   3.57879555e+02  -1.55256232e-04
   3.57880043e+02   2.84572103e-04
   3.57880532e+02   4.22171637e-04
   3.57881020e+02   4.22505313e-04
   3.57881508e+02   6.03469613e-04
   3.57881997e+02   7.03583471e-04
   3.57882485e+02   4.35984053e-04
   3.57882973e+02   1.25879364e-04
   3.57883462e+02   4.10429435e-04
   3.57883950e+02   9.67176864e-04
   3.57884438e+02   1.13675639e-03
   3.57884927e+02   7.60953000e-04
   3.57885415e+02   1.53047004e-04
   3.57885903e+02  -9.09612718e-05
   3.57886391e+02  -4.96256180e-05
   3.57886880e+02  -9.42812330e-05
   3.57887368e+02  -2.26547956e-04
   3.57887856e+02  -4.07508895e-04
   3.57888345e+02  -4.90663981e-04
   3.57888833e+02  -2.92279816e-04
   3.57889321e+02  -8.84664187e-05
   3.57889810e+02  -1.64568177e-04
   3.57890298e+02  -1.46694059e-04
   3.57890786e+02   1.44816862e-04
   3.57891275e+02   1.81794836e-04
   3.57891763e+02  -8.81281740e-05
   3.57892251e+02  -3.15329671e-04
   3.57892739e+02  -2.44492810e-04
   3.57893228e+02   6.85932100e-05
   3.57893716e+02   3.36750760e-04
   3.57894204e+02   4.70650964e-04
   3.57894693e+02   4.85469092e-04
   3.57895181e+02   5.09995036e-04
   3.57895669e+02   5.96106460e-04
   3.57896158e+02   5.20230446e-04
   3.57896646e+02   3.06392962e-04
   3.57897134e+02   1.82183299e-04
   3.57897623e+02  -1.98356560e-04
   3.57898111e+02  -7.86442542e-04
   3.57898599e+02  -7.66065903e-04
   3.57899087e+02  -1.31401117e-04
   3.57899576e+02   4.94831358e-04
   3.57900064e+02   6.50609611e-04
   3.57900552e+02   2.09598438e-04
   3.57901041e+02  -9.54297284e-05
   3.57901529e+02  -1.15196972e-05
   3.57902017e+02  -1.17099107e-05
   3.57902506e+02   1.42786594e-04
   3.57902994e+02   5.36172185e-04
   3.57903482e+02   6.22145773e-04
   3.57903971e+02   4.22252953e-04
   3.57904459e+02   1.07067404e-04
   3.57904947e+02  -3.34659067e-04
   3.57905436e+02  -4.13202011e-04
   3.57905924e+02   2.16582092e-04
   3.57906412e+02   8.42168112e-04
   3.57906900e+02   7.55412504e-04
   3.57907389e+02   3.38646030e-04
   3.57907877e+02  -1.03265929e-05
   3.57908365e+02  -4.14379610e-04
   3.57908854e+02  -4.33175359e-04
   3.57909342e+02   1.85316996e-04
   3.57909830e+02   7.24859128e-04
   3.57910319e+02   6.49101916e-04
   3.57910807e+02   4.17396426e-04
   3.57911295e+02   5.03110175e-04
   3.57911784e+02   4.11839719e-04
   3.57912272e+02  -1.28130938e-04
   3.57912760e+02  -4.12197667e-04
   3.57913248e+02  -7.19266027e-05
   3.57913737e+02   2.85363843e-04
   3.57914225e+02   2.05365955e-04
   3.57914713e+02  -1.88807928e-04
   3.57915202e+02  -6.50720438e-04
   3.57915690e+02  -8.40583118e-04
   3.57916178e+02  -6.09808194e-04
   3.57916667e+02  -5.82704844e-04
   3.57917155e+02  -9.14999808e-04
   3.57917643e+02  -6.25538523e-04
   3.57918132e+02   1.64236306e-04
   3.57918620e+02   2.01319650e-04
   3.57919108e+02  -2.71081633e-04
   3.57919596e+02  -2.72140111e-04
   3.57920085e+02   1.96689958e-04
   3.57920573e+02   5.33838873e-04
   3.57921061e+02   2.86192400e-04
   3.57921550e+02  -3.04448826e-04
   3.57922038e+02  -6.57218043e-04
   3.57922526e+02  -8.07144272e-04
   3.57923015e+02  -9.03015956e-04
   3.57923503e+02  -9.12747346e-04
   3.57923991e+02  -8.22412374e-04
   3.57924480e+02  -3.93042603e-04
   3.57924968e+02   2.40989189e-04
   3.57925456e+02   6.71300746e-04
   3.57925944e+02   8.17594817e-04
   3.57926433e+02   6.25183107e-04
   3.57926921e+02   1.30767046e-04
   3.57927409e+02  -2.43889954e-04
   3.57927898e+02  -2.84550304e-04
   3.57928386e+02  -2.13028921e-04
   3.57928874e+02  -1.34079470e-04
   3.57929363e+02   1.44201593e-04
   3.57929851e+02   5.33595390e-04
   3.57930339e+02   9.07380658e-04
   3.57930828e+02   1.09440729e-03
   3.57931316e+02   9.00926709e-04
   3.57931804e+02   3.94930248e-04
   3.57932292e+02  -4.41292686e-05
   3.57932781e+02   1.35248411e-04
   3.57933269e+02   5.34112274e-04
   3.57933757e+02   2.97960942e-04
   3.57934246e+02   3.57594013e-06
   3.57934734e+02   2.48635944e-04
   3.57935222e+02   3.18265287e-04
   3.57935711e+02   3.39760663e-05
   3.57936199e+02  -6.17993064e-05
   3.57936687e+02   1.34918009e-04
   3.57937176e+02   1.61637654e-04
   3.57937664e+02  -1.22197380e-04
   3.57938152e+02  -2.29433092e-04
   3.57938640e+02   3.11658048e-04
   3.57939129e+02   9.39404417e-04
   3.57939617e+02   6.35236385e-04
   3.57940105e+02  -5.06021352e-05
   3.57940594e+02  -1.32272224e-04
   3.57941082e+02   2.73462902e-05
   3.57941570e+02  -1.07352367e-04
   3.57942059e+02  -3.12350196e-04
   3.57942547e+02  -3.05439957e-04
   3.57943035e+02  -1.84996185e-04
   3.57943524e+02   4.62310309e-05
   3.57944012e+02   1.26395244e-04
   3.57944500e+02  -2.08480866e-04
   3.57944989e+02  -4.55124944e-04
   3.57945477e+02  -4.45531419e-04
   3.57945965e+02  -7.89072772e-04
   3.57946453e+02  -1.00589951e-03
   3.57946942e+02  -3.04832152e-04
   3.57947430e+02   4.21428675e-04
   3.57947918e+02   6.17804006e-04
   3.57948407e+02   5.00390655e-04
   3.57948895e+02   1.05560495e-04
   3.57949383e+02  -4.22336452e-04
   3.57949872e+02  -7.50729698e-04
   3.57950360e+02  -5.32357197e-04
   3.57950848e+02  -2.28775563e-04
   3.57951337e+02   5.99529740e-05
   3.57951825e+02   4.77343332e-04
   3.57952313e+02   3.45264489e-05
   3.57952801e+02  -8.25194002e-04
   3.57953290e+02  -7.27123523e-04
   3.57953778e+02  -1.12053705e-04
   3.57954266e+02   3.41584411e-04
   3.57954755e+02   6.02274144e-04
   3.57955243e+02   4.03446291e-04
   3.57955731e+02  -1.59513966e-05
   3.57956220e+02   5.13990381e-05
   3.57956708e+02   4.54355235e-04
   3.57957196e+02   8.35815212e-04
   3.57957685e+02   1.06935820e-03
   3.57958173e+02   9.71744827e-04
   3.57958661e+02   7.13078596e-04
   3.57959149e+02   3.38874001e-04
   3.57959638e+02   2.92419893e-04
   3.57960126e+02   6.98769814e-04
   3.57960614e+02   5.19133930e-04
   3.57961103e+02  -3.26263980e-04
   3.57961591e+02  -7.36086397e-04
   3.57962079e+02  -4.13513189e-05
   3.57962568e+02   8.95812060e-04
   3.57963056e+02   9.79025615e-04
   3.57963544e+02   9.28944384e-04
   3.57964033e+02   1.11316366e-03
   3.57964521e+02   7.64287717e-04
   3.57965009e+02   1.38117961e-04
   3.57965497e+02  -1.12081565e-04
   3.57965986e+02  -2.64881601e-05
   3.57966474e+02   2.81681685e-04
   3.57966962e+02   6.53792638e-04
   3.57967451e+02   7.15051196e-04
   3.57967939e+02   5.44374576e-04
   3.57968427e+02   6.06530753e-04
   3.57968916e+02   6.88238419e-04
   3.57969404e+02   4.40010801e-04
   3.57969892e+02  -9.53931230e-05
   3.57970381e+02  -5.19564026e-04
   3.57970869e+02  -3.67766042e-04
   3.57971357e+02   1.35827635e-04
   3.57971845e+02   3.89684603e-04
   3.57972334e+02   2.29966405e-04
   3.57972822e+02  -1.67641629e-04
   3.57973310e+02  -4.05322702e-04
   3.57973799e+02  -2.77924031e-04
   3.57974287e+02  -3.73992516e-04
   3.57974775e+02  -7.75128952e-04
   3.57975264e+02  -7.39077048e-04
   3.57975752e+02  -2.30717837e-04
   3.57976240e+02   3.92836257e-04
   3.57976729e+02   6.48919900e-04
   3.57977217e+02   3.83276492e-04
   3.57977705e+02  -1.62473880e-04
   3.57978193e+02  -3.04959802e-04
   3.57978682e+02   4.58096212e-04
   3.57979170e+02   9.87156993e-04
   3.57979658e+02   4.68870159e-04
   3.57980147e+02   2.74442868e-06
   3.57980635e+02   7.32209810e-05
   3.57981123e+02  -1.62232507e-04
   3.57981612e+02  -6.47452543e-04
   3.57982100e+02  -4.93580941e-04
   3.57982588e+02  -1.09635337e-04
   3.57983077e+02  -1.60188662e-04
   3.57983565e+02  -4.37748997e-04
   3.57984053e+02  -4.70124069e-04
   3.57984542e+02  -6.65254538e-06
   3.57985030e+02   6.22399093e-04
   3.57985518e+02   7.95274740e-04
   3.57986006e+02   4.74369153e-04
   3.57986495e+02   2.95223523e-04
   3.57986983e+02   2.32042963e-04
   3.57987471e+02   6.61836093e-05
   3.57987960e+02   6.42723389e-05
   3.57988448e+02   1.23923255e-05
   3.57988936e+02  -1.59784118e-04
   3.57989425e+02  -5.40799592e-05
   3.57989913e+02   3.41545383e-04
   3.57990401e+02   4.44545178e-04
   3.57990890e+02   2.35148007e-04
   3.57991378e+02   4.00577846e-05
   3.57991866e+02  -4.58817231e-04
   3.57992354e+02  -1.05030008e-03
   3.57992843e+02  -1.08010415e-03
   3.57993331e+02  -5.83971152e-04
   3.57993819e+02  -2.16793444e-04
   3.57994308e+02  -4.91871906e-04
   3.57994796e+02  -8.17792374e-04
   3.57995284e+02  -6.44860207e-04
   3.57995773e+02  -3.69447604e-04
   3.57996261e+02  -3.18444945e-04
   3.57996749e+02  -3.91181966e-04
   3.57997238e+02  -2.62021000e-04
   3.57997726e+02   2.48680066e-04
   3.57998214e+02   7.22445489e-04
   3.57998702e+02   5.65349299e-04
   3.57999191e+02  -7.73362553e-05
   3.57999679e+02  -4.58288559e-04
   3.58000167e+02  -5.79184794e-04
   3.58000656e+02  -5.31667436e-04
   3.58001144e+02  -9.96519739e-05
   3.58001632e+02   3.29551287e-04
   3.58002121e+02   5.93894685e-04
   3.58002609e+02   8.62825254e-04
   3.58003097e+02   7.33052846e-04
   3.58003586e+02   2.02452022e-04
   3.58004074e+02  -6.66669148e-05
   3.58004562e+02  -7.31119217e-05
   3.58005050e+02  -1.72674569e-04
   3.58005539e+02  -4.62810945e-04
   3.58006027e+02  -6.60346122e-04
   3.58006515e+02  -4.11845511e-04
   3.58007004e+02  -8.31323123e-05
   3.58007492e+02  -4.67370373e-05
   3.58007980e+02  -4.38295938e-05
   3.58008469e+02  -5.70295852e-05
   3.58008957e+02  -3.69302434e-04
   3.58009445e+02  -6.12307223e-04
   3.58009934e+02  -4.23462101e-04
   3.58010422e+02  -2.38569948e-04
   3.58010910e+02  -3.99734883e-04
   3.58011398e+02  -7.11398083e-04
   3.58011887e+02  -4.55110945e-04
   3.58012375e+02   1.86726087e-04
   3.58012863e+02   3.62967956e-04
   3.58013352e+02   1.14614224e-04
   3.58013840e+02   4.87030484e-05
   3.58014328e+02   1.84855802e-04
   3.58014817e+02   1.70187821e-04
   3.58015305e+02   1.20165232e-05
   3.58015793e+02  -9.58893070e-05
   3.58016282e+02  -7.98345263e-06
   3.58016770e+02   2.20951901e-04
   3.58017258e+02   3.00090644e-04
   3.58017746e+02   1.31691995e-04
   3.58018235e+02   1.99570804e-05
   3.58018723e+02   2.85684451e-04
   3.58019211e+02   6.45567721e-04
   3.58019700e+02   4.88621241e-04
   3.58020188e+02  -9.64200990e-06
   3.58020676e+02  -1.87579906e-04
   3.58021165e+02  -1.42181598e-04
   3.58021653e+02  -3.02114349e-04
   3.58022141e+02  -4.10517474e-04
   3.58022630e+02  -2.15299675e-04
   3.58023118e+02  -7.71739178e-06
   3.58023606e+02   3.51024966e-04
   3.58024095e+02   7.93857384e-04
   3.58024583e+02   6.93847775e-04
   3.58025071e+02   4.72685671e-04
   3.58025559e+02   5.77007595e-04
   3.58026048e+02   2.88428011e-04
   3.58026536e+02  -3.53586249e-04
   3.58027024e+02  -6.96505769e-04
   3.58027513e+02  -5.27069555e-04
   3.58028001e+02  -1.52719236e-04
   3.58028489e+02  -8.39662534e-05
   3.58028978e+02  -2.35423751e-04
   3.58029466e+02  -4.09849657e-04
   3.58029954e+02  -4.29412205e-04
   3.58030443e+02  -1.01418373e-04
   3.58030931e+02   2.61826237e-04
   3.58031419e+02   4.94613254e-04
   3.58031907e+02   5.16312255e-04
   3.58032396e+02   1.02496830e-04
   3.58032884e+02  -2.93757883e-04
   3.58033372e+02  -9.78095559e-05
   3.58033861e+02   1.08183689e-04
   3.58034349e+02  -1.59370058e-04
   3.58034837e+02  -5.10956626e-04
   3.58035326e+02  -4.38912801e-04
   3.58035814e+02  -4.73170221e-04
   3.58036302e+02  -3.25711153e-04
   3.58036791e+02  -1.94412336e-04
   3.58037279e+02  -6.25436020e-04
   3.58037767e+02  -9.91271459e-04
   3.58038255e+02  -8.24866991e-04
   3.58038744e+02  -4.25024162e-04
   3.58039232e+02  -2.61802197e-04
   3.58039720e+02  -2.74386228e-04
   3.58040209e+02  -5.35310719e-05
   3.58040697e+02   4.09848639e-04
   3.58041185e+02   7.56328285e-04
   3.58041674e+02   7.44822260e-04
   3.58042162e+02   6.75733783e-04
   3.58042650e+02   6.63879677e-04
   3.58043139e+02   5.05023403e-04
   3.58043627e+02   3.75355565e-04
   3.58044115e+02   4.49987710e-04
   3.58044603e+02   4.12739842e-04
   3.58045092e+02   4.00927849e-04
   3.58045580e+02   6.02530723e-04
   3.58046068e+02   6.46964996e-04
   3.58046557e+02   5.18547487e-04
   3.58047045e+02   1.55512040e-04
   3.58047533e+02  -4.83830343e-04
   3.58048022e+02  -6.01265929e-04
   3.58048510e+02  -1.94858265e-04
   3.58048998e+02  -2.72008529e-05
   3.58049487e+02  -3.28765418e-05
   3.58049975e+02   2.19774665e-04
   3.58050463e+02   3.87568958e-04
   3.58050951e+02   1.60931129e-04
   3.58051440e+02  -1.17399468e-04
   3.58051928e+02  -9.78655007e-05
   3.58052416e+02   2.94120400e-04
   3.58052905e+02   6.05478301e-04
   3.58053393e+02   4.13536269e-04
   3.58053881e+02  -3.76780372e-05
   3.58054370e+02  -3.59404134e-04
   3.58054858e+02  -4.99699439e-04
   3.58055346e+02  -6.79266232e-04
   3.58055835e+02  -6.26485737e-04
   3.58056323e+02  -2.87843664e-04
   3.58056811e+02  -3.44280998e-04
   3.58057299e+02  -5.37365151e-04
   3.58057788e+02  -1.95486544e-04
   3.58058276e+02   2.57817301e-04
   3.58058764e+02   4.11562651e-04
   3.58059253e+02   2.30831691e-04
   3.58059741e+02  -2.13254709e-04
   3.58060229e+02  -2.87697563e-04
   3.58060718e+02   2.26175471e-04
   3.58061206e+02   6.70409238e-04
   3.58061694e+02   5.01004397e-04
   3.58062183e+02  -7.16528666e-05
   3.58062671e+02  -1.54098132e-04
   3.58063159e+02   2.89345364e-04
   3.58063648e+02   5.29960147e-04
   3.58064136e+02   6.68417662e-04
   3.58064624e+02   7.89080455e-04
   3.58065112e+02   8.04191164e-04
   3.58065601e+02   4.99441929e-04
   3.58066089e+02  -1.23952108e-04
   3.58066577e+02  -4.44296136e-04
   3.58067066e+02  -3.50096758e-04
   3.58067554e+02  -1.27902720e-04
   3.58068042e+02   2.04925906e-04
   3.58068531e+02   5.06076263e-04
   3.58069019e+02   2.62597576e-04
   3.58069507e+02  -2.96484330e-04
   3.58069996e+02  -4.40857460e-04
   3.58070484e+02   1.78410137e-05
   3.58070972e+02   6.54981937e-04
   3.58071460e+02   4.73382621e-04
   3.58071949e+02  -4.25915670e-04
   3.58072437e+02  -6.65433996e-04
   3.58072925e+02  -3.49868322e-04
   3.58073414e+02  -2.01958639e-04
   3.58073902e+02   6.68438661e-05
   3.58074390e+02   3.33448173e-04
   3.58074879e+02   5.78306499e-04
   3.58075367e+02   8.65970389e-04
   3.58075855e+02   6.12054486e-04
   3.58076344e+02  -4.38451643e-05
   3.58076832e+02  -1.64238081e-04
   3.58077320e+02   2.54538638e-04
   3.58077808e+02   3.99867684e-04
   3.58078297e+02   1.50959720e-04
   3.58078785e+02  -1.50028252e-04
   3.58079273e+02  -3.94410628e-04
   3.58079762e+02  -6.88065717e-04
   3.58080250e+02  -7.63572112e-04
   3.58080738e+02  -1.29499778e-04
   3.58081227e+02   6.50751579e-04
   3.58081715e+02   8.54215177e-04
   3.58082203e+02   6.49796857e-04
   3.58082692e+02   2.70302233e-04
   3.58083180e+02   7.82011557e-06
   3.58083668e+02   6.45286200e-05
   3.58084156e+02   8.04412703e-05
   3.58084645e+02  -2.55950054e-05
   3.58085133e+02   9.82434212e-05
   3.58085621e+02   2.48068274e-04
   3.58086110e+02   4.24235113e-05
   3.58086598e+02  -2.02346273e-04
   3.58087086e+02  -1.03182989e-04
   3.58087575e+02   4.23470803e-04
   3.58088063e+02   8.38237233e-04
   3.58088551e+02   3.68463428e-04
   3.58089040e+02  -6.51253678e-04
   3.58089528e+02  -1.19022268e-03
   3.58090016e+02  -8.53761157e-04
   3.58090504e+02  -2.27784258e-04
   3.58090993e+02  -1.83551601e-04
   3.58091481e+02  -4.49798361e-04
   3.58091969e+02  -5.01177041e-04
   3.58092458e+02  -4.39501891e-04
   3.58092946e+02  -1.51957531e-04
   3.58093434e+02   8.57351406e-05
   3.58093923e+02  -1.28616535e-04
   3.58094411e+02  -2.66943709e-04
   3.58094899e+02  -3.49748036e-04
   3.58095388e+02  -3.51930445e-04
   3.58095876e+02  -1.09459252e-04
   3.58096364e+02  -2.96936923e-04
   3.58096852e+02  -9.29337984e-04
   3.58097341e+02  -8.25696508e-04
   3.58097829e+02  -8.22454604e-05
   3.58098317e+02   1.85392390e-04
   3.58098806e+02   1.22794692e-04
   3.58099294e+02  -1.48573945e-05
   3.58099782e+02  -3.37124366e-04
   3.58100271e+02  -5.89985808e-04
   3.58100759e+02  -4.20512428e-04
   3.58101247e+02   5.97670769e-05
   3.58101736e+02   3.74098337e-04
   3.58102224e+02   5.13727602e-04
   3.58102712e+02   7.49764265e-04
   3.58103201e+02   9.85785620e-04
   3.58103689e+02   7.17907795e-04
   3.58104177e+02   2.17785418e-05
   3.58104665e+02  -5.56919200e-04
   3.58105154e+02  -8.59643857e-04
   3.58105642e+02  -7.70286424e-04
   3.58106130e+02  -1.95243294e-04
   3.58106619e+02   1.22160549e-04
   3.58107107e+02  -2.63669441e-04
   3.58107595e+02  -3.47709050e-04
   3.58108084e+02   3.40211671e-04
   3.58108572e+02   8.26044590e-04
   3.58109060e+02   9.07186186e-04
   3.58109549e+02   1.11845427e-03
   3.58110037e+02   8.93021235e-04
   3.58110525e+02  -3.46493944e-05
   3.58111013e+02  -5.92398050e-04
   3.58111502e+02  -5.48052078e-04
   3.58111990e+02  -6.43258158e-04
   3.58112478e+02  -7.14865746e-04
   3.58112967e+02  -2.95315403e-04
   3.58113455e+02   2.28067016e-04
   3.58113943e+02   3.29163100e-04
   3.58114432e+02   1.17122754e-05
   3.58114920e+02  -2.72851292e-04
   3.58115408e+02  -2.07048812e-04
   3.58115897e+02   1.08908076e-04
   3.58116385e+02   3.47589637e-04
   3.58116873e+02   1.55864720e-04
   3.58117361e+02  -3.07765789e-04
   3.58117850e+02  -2.82901456e-04
   3.58118338e+02   2.42053269e-04
   3.58118826e+02   3.88652523e-04
   3.58119315e+02   1.60101583e-04
   3.58119803e+02   1.31346987e-05
   3.58120291e+02   4.00904173e-05
   3.58120780e+02   2.95173610e-04
   3.58121268e+02   6.04748493e-04
   3.58121756e+02   7.06042920e-04
   3.58122245e+02   4.05057741e-04
   3.58122733e+02  -2.50641489e-04
   3.58123221e+02  -4.32392786e-04
   3.58123709e+02   1.93226064e-04
   3.58124198e+02   2.97793740e-04
   3.58124686e+02  -3.24407738e-04
   3.58125174e+02  -5.43584989e-04
   3.58125663e+02  -1.09216046e-04
   3.58126151e+02   3.19437764e-04
   3.58126639e+02   3.85505351e-04
   3.58127128e+02   2.62764253e-04
   3.58127616e+02   4.93862426e-05
   3.58128104e+02  -2.00625218e-04
   3.58128593e+02  -3.14502307e-04
   3.58129081e+02  -1.69032995e-04
   3.58129569e+02   1.51379223e-04
   3.58130057e+02   5.67678013e-04
   3.58130546e+02   6.85719075e-04
   3.58131034e+02   6.39599530e-05
   3.58131522e+02  -5.22391172e-04
   3.58132011e+02  -5.93146367e-04
   3.58132499e+02  -7.63480319e-04
   3.58132987e+02  -8.83422093e-04
   3.58133476e+02  -6.43515436e-04
   3.58133964e+02  -3.10454780e-04
   3.58134452e+02   4.98073459e-05
   3.58134941e+02   1.96128367e-05
   3.58135429e+02  -3.56942852e-04
   3.58135917e+02  -3.50087590e-04
   3.58136405e+02  -7.48941893e-05
   3.58136894e+02  -1.29351160e-04
   3.58137382e+02  -4.03438607e-04
   3.58137870e+02  -6.36624929e-04
   3.58138359e+02  -7.32350745e-04
   3.58138847e+02  -8.61495850e-04
   3.58139335e+02  -8.38106440e-04
   3.58139824e+02  -5.57157618e-04
   3.58140312e+02  -2.51721242e-04
   3.58140800e+02  -8.22430138e-06
   3.58141289e+02  -1.74740504e-04
   3.58141777e+02  -5.52127545e-04
   3.58142265e+02  -4.35588736e-04
   3.58142754e+02   1.60793759e-04
   3.58143242e+02   6.03239518e-04
   3.58143730e+02   7.16947659e-04
   3.58144218e+02   6.81004196e-04
   3.58144707e+02   4.00022633e-04
   3.58145195e+02   4.29607317e-05
   3.58145683e+02  -4.39250180e-05
   3.58146172e+02  -4.03333979e-05
   3.58146660e+02  -8.00328417e-05
   3.58147148e+02  -5.48291609e-05
   3.58147637e+02   2.06175464e-04
   3.58148125e+02   4.17513540e-04
   3.58148613e+02   3.84070736e-04
   3.58149102e+02   2.73755606e-04
   3.58149590e+02   1.43893063e-04
   3.58150078e+02  -1.60318687e-05
   3.58150566e+02  -1.70474697e-04
   3.58151055e+02  -2.10886559e-04
   3.58151543e+02  -9.13674594e-05
   3.58152031e+02   1.28207660e-06
   3.58152520e+02  -1.69183695e-04
   3.58153008e+02  -3.00055799e-05
   3.58153496e+02  -5.10884929e-05
   3.58153985e+02  -4.95029846e-04
   3.58154473e+02  -3.18805629e-04
   3.58154961e+02   2.88411247e-04
   3.58155450e+02   2.59116699e-04
   3.58155938e+02  -5.47108648e-05
   3.58156426e+02  -1.09751985e-04
   3.58156914e+02  -7.09341402e-05
   3.58157403e+02   2.35564657e-04
   3.58157891e+02   5.01904229e-04
   3.58158379e+02   9.24736742e-05
   3.58158868e+02  -1.06004794e-04
   3.58159356e+02   1.93070111e-04
   3.58159844e+02   9.53450144e-05
   3.58160333e+02  -1.20928737e-04
   3.58160821e+02   1.28907719e-04
   3.58161309e+02   6.36920973e-04
   3.58161798e+02   8.38606560e-04
   3.58162286e+02   7.22704222e-04
   3.58162774e+02   6.21197105e-04
   3.58163262e+02   4.67473874e-04
   3.58163751e+02   3.16093385e-04
   3.58164239e+02  -4.13121561e-05
   3.58164727e+02  -4.20601427e-04
   3.58165216e+02  -4.03757032e-04
   3.58165704e+02  -1.80056028e-04
   3.58166192e+02   5.15391621e-05
   3.58166681e+02   8.55199687e-05
   3.58167169e+02  -2.07045432e-05
   3.58167657e+02  -1.81975876e-04
   3.58168146e+02  -2.52023456e-04
   3.58168634e+02  -7.55684378e-05
   3.58169122e+02  -9.24987326e-05
   3.58169610e+02  -1.30638276e-04
   3.58170099e+02   3.76709155e-04
   3.58170587e+02   8.55849416e-04
   3.58171075e+02   8.21930822e-04
   3.58171564e+02   8.08353478e-04
   3.58172052e+02   7.41811702e-04
   3.58172540e+02   5.84702007e-04
   3.58173029e+02   7.07915635e-04
   3.58173517e+02   8.17352033e-04
   3.58174005e+02   6.39900973e-04
   3.58174494e+02   4.60674200e-04
   3.58174982e+02   3.20653722e-04
   3.58175470e+02   9.50765825e-05
   3.58175958e+02   2.33082596e-04
   3.58176447e+02   4.30923130e-04
   3.58176935e+02   3.24882167e-05
   3.58177423e+02  -3.83655541e-04
   3.58177912e+02  -2.77376064e-04
   3.58178400e+02  -2.60580728e-05
   3.58178888e+02   1.30395856e-04
   3.58179377e+02   1.42257966e-04
   3.58179865e+02   1.02053382e-04
   3.58180353e+02   3.62432998e-04
   3.58180842e+02   6.72579277e-04
   3.58181330e+02   6.06970221e-04
   3.58181818e+02   2.71621713e-04
   3.58182307e+02   2.39836008e-04
   3.58182795e+02   4.37425537e-04
   3.58183283e+02   1.59381336e-04
   3.58183771e+02  -3.74248484e-04
   3.58184260e+02  -4.22512006e-04
   3.58184748e+02  -6.21450363e-06
   3.58185236e+02   1.96930167e-04
   3.58185725e+02   7.92518549e-05
   3.58186213e+02  -8.96359707e-05
   3.58186701e+02  -2.63805385e-04
   3.58187190e+02  -2.27988785e-04
   3.58187678e+02  -1.63723249e-04
   3.58188166e+02  -1.60238182e-04
   3.58188655e+02   1.09286520e-04
   3.58189143e+02   2.81288900e-04
   3.58189631e+02   3.96441581e-04
   3.58190119e+02   5.47651958e-04
   3.58190608e+02   1.99021335e-04
   3.58191096e+02  -2.66341754e-04
   3.58191584e+02  -1.09713583e-04
   3.58192073e+02   3.36476005e-05
   3.58192561e+02  -3.75145581e-04
   3.58193049e+02  -5.27959608e-04
   3.58193538e+02   1.76562418e-04
   3.58194026e+02   7.95832835e-04
   3.58194514e+02   5.48692769e-04
   3.58195003e+02  -1.72014130e-04
   3.58195491e+02  -4.27163788e-04
   3.58195979e+02   8.39976055e-05
   3.58196467e+02   6.68822206e-04
   3.58196956e+02   9.77333053e-04
   3.58197444e+02   1.04754069e-03
   3.58197932e+02   8.40425375e-04
   3.58198421e+02   6.66325039e-04
   3.58198909e+02   3.09276773e-04
   3.58199397e+02  -2.04434531e-04
   3.58199886e+02  -5.95066638e-04
   3.58200374e+02  -9.59482975e-04
   3.58200862e+02  -8.23497481e-04
   3.58201351e+02  -3.75325268e-04
   3.58201839e+02  -6.20455947e-04
   3.58202327e+02  -1.19681784e-03
   3.58202815e+02  -1.28225051e-03
   3.58203304e+02  -1.03392138e-03
   3.58203792e+02  -6.51411654e-04
   3.58204280e+02  -4.71413630e-04
   3.58204769e+02  -4.50655934e-04
   3.58205257e+02  -3.95489551e-05
   3.58205745e+02   3.25072295e-04
   3.58206234e+02   1.90503546e-04
   3.58206722e+02  -6.73526083e-05
   3.58207210e+02  -2.89226446e-04
   3.58207699e+02  -4.84791963e-04
   3.58208187e+02  -3.53379903e-04
   3.58208675e+02   1.75980560e-04
   3.58209163e+02   6.59654615e-04
   3.58209652e+02   8.16533342e-04
   3.58210140e+02   6.56914548e-04
   3.58210628e+02   3.03638604e-04
   3.58211117e+02   4.51897067e-04
   3.58211605e+02   6.23193744e-04
   3.58212093e+02   1.97731395e-04
   3.58212582e+02  -1.64466823e-04
   3.58213070e+02  -1.56674330e-04
   3.58213558e+02  -3.22070235e-04
   3.58214047e+02  -4.27922176e-04
   3.58214535e+02  -2.97780731e-04
   3.58215023e+02  -3.47547728e-04
   3.58215511e+02  -3.87104199e-04
   3.58216000e+02  -2.05938384e-04
   3.58216488e+02  -1.00125064e-04
   3.58216976e+02   1.28374100e-04
   3.58217465e+02   5.45300310e-04
   3.58217953e+02   5.25768497e-04
   3.58218441e+02   3.57090990e-04
   3.58218930e+02   2.43403483e-04
   3.58219418e+02  -7.26998493e-04
   3.58219906e+02  -1.45580119e-03
   3.58220395e+02  -7.51348620e-04
   3.58220883e+02  -4.56643262e-04
   3.58221371e+02  -1.13874930e-03
   3.58221860e+02  -1.00639428e-03
   3.58222348e+02   9.92996720e-05
   3.58222836e+02   6.46700035e-04
   3.58223324e+02   8.55158069e-05
   3.58223813e+02  -4.25747508e-04
   3.58224301e+02  -2.72566685e-04
   3.58224789e+02  -1.21789613e-04
   3.58225278e+02  -3.85067658e-04
   3.58225766e+02  -6.48472982e-04
   3.58226254e+02  -6.36882847e-04
   3.58226743e+02  -5.25086245e-04
   3.58227231e+02  -3.41854407e-04
   3.58227719e+02  -6.69456858e-06
   3.58228208e+02   3.48514906e-04
   3.58228696e+02   4.67148871e-04
   3.58229184e+02   3.63596453e-04
   3.58229672e+02   3.51644587e-04
   3.58230161e+02   1.14520946e-04
   3.58230649e+02   9.23281332e-05
   3.58231137e+02   4.71884763e-04
   3.58231626e+02   3.31817195e-04
   3.58232114e+02  -1.62003693e-04
   3.58232602e+02  -3.58792575e-04
   3.58233091e+02  -5.28224744e-04
   3.58233579e+02  -6.67509739e-04
   3.58234067e+02  -6.00088213e-04
   3.58234556e+02  -4.70435305e-04
   3.58235044e+02  -3.00986459e-04
   3.58235532e+02  -3.13146011e-04
   3.58236020e+02  -2.46905634e-04
   3.58236509e+02   1.43835423e-04
   3.58236997e+02   5.58454136e-04
   3.58237485e+02   5.82598208e-04
   3.58237974e+02   4.95572400e-04
   3.58238462e+02   6.24443637e-04
   3.58238950e+02   5.48601791e-04
   3.58239439e+02   3.91750043e-04
   3.58239927e+02   2.83153437e-04
   3.58240415e+02  -6.93536495e-05
   3.58240904e+02  -2.04206008e-04
   3.58241392e+02   1.82829346e-04
   3.58241880e+02   3.12103803e-04
   3.58242368e+02  -2.27684541e-05
   3.58242857e+02  -2.29997589e-04
   3.58243345e+02  -3.97516735e-04
   3.58243833e+02  -1.36888470e-04
   3.58244322e+02   5.57335268e-04
   3.58244810e+02   3.48310365e-04
   3.58245298e+02  -3.70176800e-04
   3.58245787e+02  -1.55323243e-04
   3.58246275e+02   5.48766286e-04
   3.58246763e+02   5.47978911e-04
   3.58247252e+02  -1.42191930e-04
   3.58247740e+02  -4.04681981e-04
   3.58248228e+02   3.89189627e-05
   3.58248716e+02   5.60894725e-04
   3.58249205e+02   1.03007501e-03
   3.58249693e+02   8.68578325e-04
   3.58250181e+02   5.22066766e-05
   3.58250670e+02  -4.43094410e-04
   3.58251158e+02  -5.06276381e-04
   3.58251646e+02  -1.93938569e-04
   3.58252135e+02   4.05835948e-04
   3.58252623e+02   4.26494109e-04
   3.58253111e+02   6.69602668e-05
   3.58253600e+02  -2.29401689e-04
   3.58254088e+02  -8.78484629e-04
   3.58254576e+02  -1.27758412e-03
   3.58255064e+02  -8.11959675e-04
   3.58255553e+02  -2.95265898e-04
   3.58256041e+02  -1.48694351e-04
   3.58256529e+02  -2.99145351e-04
   3.58257018e+02  -7.37177208e-04
   3.58257506e+02  -9.53826471e-04
   3.58257994e+02  -5.30647463e-04
   3.58258483e+02   1.57340488e-04
   3.58258971e+02   5.33760292e-04
   3.58259459e+02   6.88578410e-04
   3.58259948e+02   7.21082150e-04
   3.58260436e+02   3.98166914e-04
   3.58260924e+02  -8.20182468e-05
   3.58261412e+02   3.17483464e-05
   3.58261901e+02   4.74234868e-04
   3.58262389e+02   2.98479717e-04
   3.58262877e+02   2.01094314e-04
   3.58263366e+02   7.60135648e-04
   3.58263854e+02   9.47651628e-04
   3.58264342e+02   4.87086363e-04
   3.58264831e+02   2.63910042e-04
   3.58265319e+02   2.64150760e-04
   3.58265807e+02   9.00318446e-06
   3.58266296e+02  -2.20999864e-05
   3.58266784e+02   4.34779096e-04
   3.58267272e+02   4.54268971e-04
   3.58267761e+02  -8.51284494e-05
   3.58268249e+02  -1.51857181e-04
   3.58268737e+02   9.14154880e-05
   3.58269225e+02   7.65264995e-05
   3.58269714e+02  -8.15365711e-05
   3.58270202e+02  -2.81443325e-04
   3.58270690e+02  -3.59418278e-04
   3.58271179e+02  -1.08853099e-04
   3.58271667e+02  -5.00511160e-05
   3.58272155e+02  -8.45876639e-05
   3.58272644e+02   3.14414443e-04
   3.58273132e+02   6.63115818e-04
   3.58273620e+02   6.68647990e-04
   3.58274109e+02   7.19896576e-04
   3.58274597e+02   7.02316349e-04
   3.58275085e+02   1.18666241e-04
   3.58275573e+02  -5.30784542e-04
   3.58276062e+02  -4.71960549e-04
   3.58276550e+02  -2.25130614e-04
   3.58277038e+02  -5.15343680e-04
   3.58277527e+02  -7.42400880e-04
   3.58278015e+02  -6.02818851e-04
   3.58278503e+02  -4.29269043e-04
   3.58278992e+02  -1.63043034e-04
   3.58279480e+02   3.07502225e-04
   3.58279968e+02   5.15064457e-04
   3.58280457e+02   3.21242173e-04
   3.58280945e+02   2.52601865e-04
   3.58281433e+02   3.79468038e-05
   3.58281921e+02  -5.20170026e-04
   3.58282410e+02  -6.84333965e-04
   3.58282898e+02  -7.56912807e-04
   3.58283386e+02  -9.50544258e-04
   3.58283875e+02  -5.94991958e-04
   3.58284363e+02   8.45457180e-06
   3.58284851e+02   1.92669686e-04
   3.58285340e+02   1.03024731e-05
   3.58285828e+02  -3.17851140e-04
   3.58286316e+02  -5.49680961e-04
   3.58286805e+02  -3.86054569e-04
   3.58287293e+02   1.11604364e-04
   3.58287781e+02   2.66044663e-04
   3.58288269e+02   2.08821575e-06
   3.58288758e+02  -5.76014354e-05
   3.58289246e+02   3.20639811e-04
   3.58289734e+02   5.59404842e-04
   3.58290223e+02   2.02363313e-04
   3.58290711e+02  -2.62302601e-05
   3.58291199e+02   1.87818994e-04
   3.58291688e+02   2.89106712e-04
   3.58292176e+02   7.97718822e-05
   3.58292664e+02  -2.05768607e-04
   3.58293153e+02  -2.08300524e-04
   3.58293641e+02  -7.50885520e-05
   3.58294129e+02  -1.34071335e-04
   3.58294617e+02   6.57544224e-05
   3.58295106e+02   5.89815550e-04
   3.58295594e+02   6.41989638e-04
   3.58296082e+02   1.78298549e-04
   3.58296571e+02  -3.70150199e-04
   3.58297059e+02  -6.36162353e-04
   3.58297547e+02  -1.02962884e-04
   3.58298036e+02   6.93458423e-04
   3.58298524e+02   7.27798790e-04
   3.58299012e+02   5.42144233e-04
   3.58299501e+02   7.25927472e-04
   3.58299989e+02   4.79221111e-04
   3.58300477e+02  -5.04248077e-04
   3.58300965e+02  -1.04797364e-03
   3.58301454e+02  -7.61381118e-04
   3.58301942e+02  -4.92417603e-04
   3.58302430e+02  -3.68921203e-04
   3.58302919e+02  -2.15117165e-04
   3.58303407e+02  -1.80464369e-04
   3.58303895e+02   4.12293266e-05
   3.58304384e+02   2.37494198e-04
   3.58304872e+02  -1.09086592e-04
   3.58305360e+02  -5.53519640e-04
   3.58305849e+02  -4.89647733e-04
   3.58306337e+02  -1.37120602e-04
   3.58306825e+02   8.50158249e-05
   3.58307314e+02  -1.45758313e-04
   3.58307802e+02  -8.26951757e-04
   3.58308290e+02  -1.10249070e-03
   3.58308778e+02  -5.54631988e-04
   3.58309267e+02  -6.04989873e-06
   3.58309755e+02   1.57491158e-05
   3.58310243e+02   2.31566883e-05
   3.58310732e+02   4.75641689e-04
   3.58311220e+02   8.18166067e-04
   3.58311708e+02   3.45035922e-04
   3.58312197e+02  -2.39660891e-04
   3.58312685e+02  -2.72075813e-05
   3.58313173e+02   5.76405728e-04
   3.58313662e+02   1.00367470e-03
   3.58314150e+02   9.06655565e-04
   3.58314638e+02   5.60010201e-04
   3.58315126e+02   4.94073203e-04
   3.58315615e+02   4.71834210e-04
   3.58316103e+02   3.36453377e-04
   3.58316591e+02   7.67321908e-05
   3.58317080e+02  -1.62744880e-04
   3.58317568e+02  -2.15073218e-04
   3.58318056e+02  -1.84972523e-04
   3.58318545e+02  -6.90018351e-05
   3.58319033e+02  -4.87519719e-05
   3.58319521e+02  -2.47156480e-04
   3.58320010e+02  -3.81398102e-04
   3.58320498e+02  -4.65017685e-04
   3.58320986e+02  -3.51148134e-04
   3.58321474e+02   8.01215501e-05
   3.58321963e+02   1.92905834e-04
   3.58322451e+02  -8.85439931e-06
   3.58322939e+02   1.04072482e-04
   3.58323428e+02   4.53990797e-04
   3.58323916e+02   5.19743422e-04
   3.58324404e+02   1.80676012e-04
   3.58324893e+02   1.28849297e-05
   3.58325381e+02  -3.93870823e-06
   3.58325869e+02  -5.28344419e-04
   3.58326358e+02  -9.81245190e-04
   3.58326846e+02  -5.12015889e-04
   3.58327334e+02   5.25930700e-05
   3.58327822e+02   9.17091020e-05
   3.58328311e+02   1.66632686e-04
   3.58328799e+02   5.06937737e-04
   3.58329287e+02   4.63760720e-04
   3.58329776e+02   5.97366707e-05
   3.58330264e+02  -1.47422368e-04
   3.58330752e+02  -4.22491030e-05
   3.58331241e+02   4.90170671e-04
   3.58331729e+02   8.25053081e-04
   3.58332217e+02   3.83170816e-04
   3.58332706e+02  -1.49217749e-05
   3.58333194e+02  -4.64829754e-05
   3.58333682e+02  -6.54319083e-05
   3.58334170e+02   6.62156235e-05
   3.58334659e+02   2.34866107e-04
   3.58335147e+02   1.32980902e-04
   3.58335635e+02  -1.68939532e-05
   3.58336124e+02   1.86782912e-04
   3.58336612e+02   5.62874891e-04
   3.58337100e+02   4.65275312e-04
   3.58337589e+02  -4.60835217e-05
   3.58338077e+02  -3.98198754e-04
   3.58338565e+02  -4.91932442e-04
   3.58339054e+02  -4.22121666e-04
   3.58339542e+02  -2.53172184e-04
   3.58340030e+02  -2.23130381e-04
   3.58340518e+02  -2.90026568e-04
   3.58341007e+02   7.50424733e-05
   3.58341495e+02   6.98596938e-04
   3.58341983e+02   5.08619531e-04
   3.58342472e+02  -1.12633876e-04
   3.58342960e+02   7.79916445e-06
   3.58343448e+02   2.22554183e-04
   3.58343937e+02  -2.05306584e-04
   3.58344425e+02  -3.95556417e-04
   3.58344913e+02  -2.42069054e-05
   3.58345402e+02   1.02703118e-04
   3.58345890e+02   1.29951368e-04
   3.58346378e+02   7.17003306e-04
   3.58346867e+02   1.13451493e-03
   3.58347355e+02   6.49645284e-04
   3.58347843e+02  -2.63319762e-05
   3.58348331e+02  -1.66812679e-04
   3.58348820e+02  -2.76003484e-05
   3.58349308e+02  -2.36094493e-04
   3.58349796e+02  -6.96426956e-04
   3.58350285e+02  -5.80481894e-04
   3.58350773e+02  -1.35618598e-06
   3.58351261e+02   2.47953227e-04
   3.58351750e+02   2.30789286e-04
   3.58352238e+02   2.16461762e-04
   3.58352726e+02   3.73324350e-04
   3.58353215e+02   4.97052912e-04
   3.58353703e+02   1.84527707e-05
   3.58354191e+02  -3.63308151e-04
   3.58354679e+02  -2.19438560e-04
   3.58355168e+02  -4.30789747e-04
   3.58355656e+02  -1.08134781e-03
   3.58356144e+02  -1.22576987e-03
   3.58356633e+02  -4.98293201e-04
   3.58357121e+02   1.88896229e-04
   3.58357609e+02   3.03433539e-04
   3.58358098e+02   2.01075542e-04
   3.58358586e+02   1.90374776e-04
   3.58359074e+02   1.41008772e-04
   3.58359563e+02  -5.22361806e-05
   3.58360051e+02  -2.03528092e-04
   3.58360539e+02  -2.29084777e-04
   3.58361027e+02  -3.15768193e-06
   3.58361516e+02   4.37129464e-04
   3.58362004e+02   6.90020213e-04
   3.58362492e+02   2.68867472e-04
   3.58362981e+02  -7.70727202e-05
   3.58363469e+02   2.50495097e-04
   3.58363957e+02   1.05892737e-04
   3.58364446e+02  -4.33312525e-04
   3.58364934e+02  -2.31709375e-04
   3.58365422e+02   1.87048827e-05
   3.58365911e+02  -9.17084253e-05
   3.58366399e+02   1.55604124e-04
   3.58366887e+02   6.12500298e-04
   3.58367375e+02   6.00801490e-04
   3.58367864e+02   3.08699615e-04
   3.58368352e+02   3.62525985e-04
   3.58368840e+02   3.86603322e-04
   3.58369329e+02   2.47891905e-04
   3.58369817e+02   2.35447980e-04
   3.58370305e+02   1.27406922e-04
   3.58370794e+02  -1.15967880e-04
   3.58371282e+02  -2.51742458e-04
   3.58371770e+02  -2.87588802e-04
   3.58372259e+02  -2.71594152e-04
   3.58372747e+02  -4.08383436e-04
   3.58373235e+02  -8.06333905e-04
   3.58373723e+02  -1.01843395e-03
   3.58374212e+02  -1.02413795e-03
   3.58374700e+02  -9.31327813e-04
   3.58375188e+02  -8.88369104e-04
   3.58375677e+02  -9.11373645e-04
   3.58376165e+02  -7.75848806e-04
   3.58376653e+02  -6.64799998e-04
   3.58377142e+02  -4.20645665e-04
   3.58377630e+02   5.57901767e-05
   3.58378118e+02   4.22225043e-04
   3.58378607e+02   5.93783159e-04
   3.58379095e+02   2.87920760e-04
   3.58379583e+02  -2.09381935e-04
   3.58380071e+02  -4.46587655e-04
   3.58380560e+02  -6.19229977e-04
   3.58381048e+02  -7.07014580e-04
   3.58381536e+02  -5.30756253e-04
   3.58382025e+02  -5.28190358e-05
   3.58382513e+02   6.38060083e-05
   3.58383001e+02  -4.26827988e-04
   3.58383490e+02  -4.51135100e-04
   3.58383978e+02   4.68457984e-05
   3.58384466e+02   1.47489671e-04
   3.58384955e+02  -1.96111316e-04
   3.58385443e+02  -2.48453434e-04
   3.58385931e+02   2.11936785e-04
   3.58386420e+02   6.64242893e-04
   3.58386908e+02   5.51583304e-04
   3.58387396e+02   2.15422377e-04
   3.58387884e+02  -2.61127949e-04
   3.58388373e+02  -6.62153529e-04
   3.58388861e+02  -6.02735206e-04
   3.58389349e+02  -6.09597890e-04
   3.58389838e+02  -7.65758217e-04
   3.58390326e+02  -7.44681631e-04
   3.58390814e+02  -7.35227542e-04
   3.58391303e+02  -2.70673947e-04
   3.58391791e+02   3.04388261e-04
   3.58392279e+02   4.55867666e-05
   3.58392768e+02  -3.23112588e-04
   3.58393256e+02  -2.88874784e-04
   3.58393744e+02  -3.20172199e-04
   3.58394232e+02  -9.51866750e-05
   3.58394721e+02   4.74242232e-04
   3.58395209e+02   6.98447868e-04
   3.58395697e+02   5.81600005e-04
   3.58396186e+02   3.84761923e-04
   3.58396674e+02   2.42082184e-04
   3.58397162e+02   5.62604109e-04
   3.58397651e+02   6.77309756e-04
   3.58398139e+02  -2.11978040e-05
   3.58398627e+02  -5.46690018e-04
   3.58399116e+02  -4.61128569e-04
   3.58399604e+02  -4.27171210e-04
   3.58400092e+02  -3.25276982e-04
   3.58400580e+02  -9.10527815e-05
   3.58401069e+02  -3.83760693e-04
   3.58401557e+02  -8.92441312e-04
   3.58402045e+02  -1.00436702e-03
   3.58402534e+02  -8.60248052e-04
   3.58403022e+02  -5.27839875e-04
   3.58403510e+02  -1.02644874e-04
   3.58403999e+02  -8.41303427e-06
   3.58404487e+02  -3.00368207e-04
   3.58404975e+02  -5.37376327e-04
   3.58405464e+02  -3.36927595e-04
   3.58405952e+02   2.37406624e-04
   3.58406440e+02   5.98253391e-04
   3.58406928e+02   5.95354009e-04
   3.58407417e+02   7.05992337e-04
   3.58407905e+02   8.42874986e-04
   3.58408393e+02   4.98365727e-04
   3.58408882e+02   6.30386285e-06
   3.58409370e+02   6.33308628e-06
   3.58409858e+02   3.33110103e-04
   3.58410347e+02   6.55161915e-04
   3.58410835e+02   7.98519526e-04
   3.58411323e+02   5.58584288e-04
   3.58411812e+02   2.41836300e-04
   3.58412300e+02   1.25329359e-04
   3.58412788e+02  -1.04272178e-04
   3.58413276e+02  -1.95207511e-04
   3.58413765e+02  -6.02676773e-05
   3.58414253e+02  -2.66900170e-04
   3.58414741e+02  -5.72916411e-04
   3.58415230e+02  -2.09817474e-04
   3.58415718e+02   4.10631590e-04
   3.58416206e+02   4.88803547e-04
   3.58416695e+02   4.60401003e-04
   3.58417183e+02   4.16996860e-04
   3.58417671e+02   1.92468389e-04
   3.58418160e+02   4.26586746e-04
   3.58418648e+02   7.94566877e-04
   3.58419136e+02   4.80351504e-04
   3.58419624e+02  -1.06955658e-05
   3.58420113e+02  -1.72610642e-04
   3.58420601e+02  -2.71055527e-04
   3.58421089e+02  -3.45071428e-04
   3.58421578e+02  -2.88831827e-04
   3.58422066e+02  -3.27877700e-04
   3.58422554e+02  -2.61862791e-04
   3.58423043e+02   2.09701302e-05
   3.58423531e+02  -2.98724990e-05
   3.58424019e+02  -1.48185834e-04
   3.58424508e+02   1.53307788e-04
   3.58424996e+02   6.15116965e-04
   3.58425484e+02   6.42595405e-04
   3.58425973e+02   1.05503546e-04
   3.58426461e+02  -2.05031494e-04
   3.58426949e+02   1.39644071e-05
   3.58427437e+02   1.51740431e-04
   3.58427926e+02   3.17810627e-04
   3.58428414e+02   7.71825959e-04
   3.58428902e+02   9.56626027e-04
   3.58429391e+02   4.58174734e-04
   3.58429879e+02  -3.77738790e-04
   3.58430367e+02  -8.37399799e-04
   3.58430856e+02  -5.51591511e-04
   3.58431344e+02   6.94146147e-05
   3.58431832e+02   2.01700561e-04
   3.58432321e+02  -7.37969531e-05
   3.58432809e+02   6.65010448e-05
   3.58433297e+02   2.22353221e-04
   3.58433785e+02  -4.31379267e-05
   3.58434274e+02  -5.15755783e-05
   3.58434762e+02   3.50165676e-04
   3.58435250e+02   4.81262192e-04
   3.58435739e+02   7.72721469e-05
   3.58436227e+02  -3.19229119e-04
   3.58436715e+02  -5.34662220e-04
   3.58437204e+02  -6.59803103e-04
   3.58437692e+02  -5.29910438e-04
   3.58438180e+02  -2.65757582e-04
   3.58438669e+02  -2.21536029e-04
   3.58439157e+02  -5.34856983e-04
   3.58439645e+02  -6.01944514e-04
   3.58440133e+02  -1.96807945e-04
   3.58440622e+02   7.96218010e-05
   3.58441110e+02   1.59592877e-04
   3.58441598e+02   2.50990590e-04
   3.58442087e+02   3.63906089e-04
   3.58442575e+02  -1.71059510e-05
   3.58443063e+02  -6.13354903e-04
   3.58443552e+02  -3.92415153e-04
   3.58444040e+02   1.10408357e-04
   3.58444528e+02   3.39229387e-04
   3.58445017e+02   6.67064509e-04
   3.58445505e+02   7.56314374e-04
   3.58445993e+02   6.52776216e-04
   3.58446481e+02   4.67563776e-04
   3.58446970e+02   9.75852818e-05
   3.58447458e+02   5.29615609e-05
   3.58447946e+02   1.54580688e-04
   3.58448435e+02   9.44208732e-05
   3.58448923e+02   1.07523905e-04
   3.58449411e+02   2.23978597e-04
   3.58449900e+02   2.30379388e-04
   3.58450388e+02  -5.12952429e-05
   3.58450876e+02  -4.03831655e-04
   3.58451365e+02  -5.63956040e-04
   3.58451853e+02  -4.59784467e-04
   3.58452341e+02  -1.27692663e-04
   3.58452829e+02   1.32275978e-04
   3.58453318e+02   4.60761548e-05
   3.58453806e+02  -2.79771804e-04
   3.58454294e+02  -4.89204773e-04
   3.58454783e+02  -2.75709754e-04
   3.58455271e+02  -3.80778038e-05
   3.58455759e+02   1.02680788e-04
   3.58456248e+02   2.07107470e-04
   3.58456736e+02   3.87172739e-04
   3.58457224e+02   5.55833918e-04
   3.58457713e+02   3.42467538e-04
   3.58458201e+02   1.10988403e-04
   3.58458689e+02   3.03627421e-05
   3.58459177e+02  -1.12347268e-04
   3.58459666e+02  -3.24106426e-04
   3.58460154e+02  -5.99031569e-04
   3.58460642e+02  -7.52785883e-04
   3.58461131e+02  -5.82110311e-04
   3.58461619e+02  -2.26054064e-04
   3.58462107e+02  -6.89626831e-05
   3.58462596e+02  -3.07292561e-04
   3.58463084e+02  -6.02498360e-04
   3.58463572e+02  -5.99058461e-04
   3.58464061e+02  -5.74722711e-04
   3.58464549e+02  -4.64732555e-04
   3.58465037e+02  -1.42328558e-04
   3.58465526e+02  -1.96429406e-04
   3.58466014e+02  -6.82720682e-04
   3.58466502e+02  -7.07299681e-04
   3.58466990e+02  -5.09482061e-06
   3.58467479e+02   6.56340620e-04
   3.58467967e+02   7.21071672e-04
   3.58468455e+02   3.54427379e-04
   3.58468944e+02  -1.64701574e-04
   3.58469432e+02  -4.61627322e-04
   3.58469920e+02  -3.94493400e-04
   3.58470409e+02  -2.34765103e-04
   3.58470897e+02  -2.67610769e-04
   3.58471385e+02  -2.58321263e-04
   3.58471874e+02  -1.49846110e-05
   3.58472362e+02  -1.06755819e-04
   3.58472850e+02  -5.96694474e-04
   3.58473338e+02  -7.52487802e-04
   3.58473827e+02  -4.33487730e-04
   3.58474315e+02  -3.96317220e-04
   3.58474803e+02  -7.22191879e-04
   3.58475292e+02  -6.23718021e-04
   3.58475780e+02  -2.50828423e-04
   3.58476268e+02  -2.46309937e-05
   3.58476757e+02   1.18045849e-04
   3.58477245e+02  -1.00688310e-04
   3.58477733e+02  -6.19330036e-04
   3.58478222e+02  -9.32407333e-04
   3.58478710e+02  -1.10302295e-03
   3.58479198e+02  -1.00951840e-03
   3.58479686e+02  -4.68740385e-04
   3.58480175e+02  -3.43339023e-04
   3.58480663e+02  -8.91024421e-04
   3.58481151e+02  -1.12812035e-03
   3.58481640e+02  -5.57560881e-04
   3.58482128e+02   1.64961704e-04
   3.58482616e+02   1.89293598e-04
   3.58483105e+02  -2.69168959e-04
   3.58483593e+02  -4.06278064e-04
   3.58484081e+02  -6.15449026e-05
   3.58484570e+02   1.96505076e-04
   3.58485058e+02   1.35691662e-04
   3.58485546e+02   1.32169618e-04
   3.58486034e+02   1.41094337e-04
   3.58486523e+02  -3.75105767e-04
   3.58487011e+02  -8.85270885e-04
   3.58487499e+02  -5.30564226e-04
   3.58487988e+02  -1.79945255e-05
   3.58488476e+02  -1.95368048e-04
   3.58488964e+02  -5.20316127e-04
   3.58489453e+02  -3.30955227e-04
   3.58489941e+02  -4.44813886e-05
   3.58490429e+02  -1.56968556e-04
   3.58490918e+02  -3.23574495e-04
   3.58491406e+02  -3.97429540e-04
   3.58491894e+02  -4.33976180e-04
   3.58492382e+02  -3.12200398e-04
   3.58492871e+02  -4.57960778e-05
   3.58493359e+02   2.04926146e-05
   3.58493847e+02  -3.54999298e-04
   3.58494336e+02  -7.43447279e-04
   3.58494824e+02  -5.49569435e-04
   3.58495312e+02   1.20254954e-05
   3.58495801e+02   3.87434498e-04
   3.58496289e+02   4.71105013e-04
   3.58496777e+02   1.27668944e-04
   3.58497266e+02  -5.41941030e-04
   3.58497754e+02  -7.06421910e-04
   3.58498242e+02  -1.12714624e-04
   3.58498730e+02   5.26742311e-04
   3.58499219e+02   5.84855559e-04
   3.58499707e+02   2.32689345e-04
   3.58500195e+02  -1.23698541e-04
   3.58500684e+02  -3.47424386e-04
   3.58501172e+02  -2.70633172e-04
   3.58501660e+02  -6.96918214e-05
   3.58502149e+02  -2.09167454e-04
   3.58502637e+02  -1.84273769e-04
   3.58503125e+02   6.79016375e-05
   3.58503614e+02  -9.09158043e-05
   3.58504102e+02  -3.27571819e-04
   3.58504590e+02  -2.25772397e-04
   3.58505079e+02   1.66967820e-05
   3.58505567e+02   2.63878843e-04
   3.58506055e+02   2.85120565e-04
   3.58506543e+02   1.31803754e-04
   3.58507032e+02  -4.24077116e-05
   3.58507520e+02   1.50808246e-05
   3.58508008e+02   1.39554264e-04
   3.58508497e+02   1.51232744e-04
   3.58508985e+02   4.11078276e-04
   3.58509473e+02   7.27952924e-04
   3.58509962e+02   7.32986897e-04
   3.58510450e+02   7.49979692e-04
   3.58510938e+02   6.60407182e-04
   3.58511427e+02   4.93153966e-05
   3.58511915e+02  -3.87184613e-04
   3.58512403e+02  -8.69339128e-05
   3.58512891e+02   2.93630408e-04
   3.58513380e+02   3.21771106e-04
   3.58513868e+02  -5.95063029e-05
   3.58514356e+02  -5.18785208e-04
   3.58514845e+02  -6.70439098e-04
   3.58515333e+02  -5.80474560e-04
   3.58515821e+02  -3.00864020e-04
   3.58516310e+02  -9.44451040e-06
   3.58516798e+02  -1.42127334e-04
   3.58517286e+02  -5.43283713e-05
   3.58517775e+02   6.52958930e-04
   3.58518263e+02   1.03704934e-03
   3.58518751e+02   1.02966162e-03
   3.58519239e+02   1.00906915e-03
   3.58519728e+02   7.19215430e-04
   3.58520216e+02   4.78028058e-04
   3.58520704e+02   5.83717367e-04
   3.58521193e+02   4.94589098e-04
   3.58521681e+02   1.22932115e-05
   3.58522169e+02  -1.82421529e-04
   3.58522658e+02   2.09687423e-04
   3.58523146e+02   6.76277035e-04
   3.58523634e+02   7.27784121e-04
   3.58524123e+02   4.65253834e-04
   3.58524611e+02   4.37475217e-04
   3.58525099e+02   5.87745570e-04
   3.58525587e+02   3.64418200e-04
   3.58526076e+02   2.64897972e-05
   3.58526564e+02   1.77223308e-04
   3.58527052e+02   6.37698337e-04
   3.58527541e+02   7.86632881e-04
   3.58528029e+02   4.62852593e-04
   3.58528517e+02  -1.09749111e-04
   3.58529006e+02  -5.43337781e-04
   3.58529494e+02  -5.29160607e-04
   3.58529982e+02  -1.73638546e-04
   3.58530471e+02   1.23711725e-04
   3.58530959e+02   1.20545774e-04
   3.58531447e+02  -1.39030917e-05
   3.58531935e+02  -2.07684861e-05
   3.58532424e+02   1.68919592e-04
   3.58532912e+02   2.44421739e-04
   3.58533400e+02   1.61501594e-05
   3.58533889e+02  -3.90853413e-04
   3.58534377e+02  -6.38043392e-04
   3.58534865e+02  -3.68778477e-04
   3.58535354e+02   1.23021107e-06
   3.58535842e+02  -4.89013801e-05
   3.58536330e+02  -3.75929929e-04
   3.58536819e+02  -9.81003977e-04
   3.58537307e+02  -1.15806854e-03
   3.58537795e+02  -4.39919444e-04
   3.58538283e+02  -3.58727339e-05
   3.58538772e+02  -2.36198306e-04
   3.58539260e+02  -3.48724454e-04
   3.58539748e+02  -1.06718231e-04
   3.58540237e+02   3.12795892e-04
   3.58540725e+02   3.03634035e-04
   3.58541213e+02  -5.98120896e-05
   3.58541702e+02  -3.63151659e-04
   3.58542190e+02  -4.68668062e-04
   3.58542678e+02  -2.03611533e-04
   3.58543167e+02   2.17399036e-04
   3.58543655e+02   4.80493618e-04
   3.58544143e+02   2.37256099e-04
   3.58544632e+02  -2.96548853e-04
   3.58545120e+02  -3.26692505e-04
   3.58545608e+02  -1.31269451e-04
   3.58546096e+02   2.99251315e-05
   3.58546585e+02   2.48702563e-04
   3.58547073e+02  -1.31464942e-04
   3.58547561e+02  -7.66547571e-04
   3.58548050e+02  -5.20645815e-04
   3.58548538e+02   2.43002098e-04
   3.58549026e+02   5.81875967e-04
   3.58549515e+02   4.60372714e-04
   3.58550003e+02   2.83002999e-04
   3.58550491e+02   2.54705723e-04
   3.58550980e+02   1.53885136e-04
   3.58551468e+02  -2.31684186e-04
   3.58551956e+02  -4.62126540e-04
   3.58552444e+02  -3.29656643e-04
   3.58552933e+02  -7.98011315e-05
   3.58553421e+02   1.25049453e-04
   3.58553909e+02   2.02105060e-04
   3.58554398e+02   1.58698807e-04
   3.58554886e+02   2.06853554e-04
   3.58555374e+02   3.96713207e-04
   3.58555863e+02   2.83437490e-04
   3.58556351e+02   7.09907254e-05
   3.58556839e+02   3.77627352e-04
   3.58557328e+02   5.87573857e-04
   3.58557816e+02   2.58014887e-04
   3.58558304e+02  -6.71984235e-05
   3.58558792e+02  -2.55613850e-04
   3.58559281e+02  -2.18001660e-04
   3.58559769e+02   3.28057577e-05
   3.58560257e+02   5.44235154e-05
   3.58560746e+02   7.93753716e-05
   3.58561234e+02   2.78808875e-04
   3.58561722e+02   3.66728927e-04
   3.58562211e+02   3.88204207e-04
   3.58562699e+02   1.80858580e-04
   3.58563187e+02  -3.28907016e-04
   3.58563676e+02  -9.16193356e-04
   3.58564164e+02  -1.24845305e-03
   3.58564652e+02  -9.45502194e-04
   3.58565140e+02  -5.71012439e-04
   3.58565629e+02  -4.47779952e-04
   3.58566117e+02  -1.67483246e-04
   3.58566605e+02  -1.60369935e-04
   3.58567094e+02  -6.95697381e-04
   3.58567582e+02  -7.61910400e-04
   3.58568070e+02  -2.85046845e-04
   3.58568559e+02  -2.21655311e-04
   3.58569047e+02  -4.31505119e-04
   3.58569535e+02  -2.85964750e-04
   3.58570024e+02   8.27119129e-06
   3.58570512e+02   2.45285686e-04
   3.58571000e+02   5.48184093e-04
   3.58571488e+02   5.80174907e-04
   3.58571977e+02   1.75714988e-04
   3.58572465e+02  -3.27268586e-04
   3.58572953e+02  -3.03015840e-04
   3.58573442e+02   2.33050188e-04
   3.58573930e+02   6.09992305e-04
   3.58574418e+02   4.64364624e-04
   3.58574907e+02   3.11494769e-05
   3.58575395e+02  -1.81796247e-04
   3.58575883e+02  -2.67675641e-04
   3.58576372e+02  -3.94422124e-04
   3.58576860e+02  -2.35583764e-04
   3.58577348e+02   4.98645250e-06
   3.58577836e+02  -1.57806135e-04
   3.58578325e+02  -3.83599370e-04
   3.58578813e+02  -2.35542000e-04
   3.58579301e+02   1.10004701e-04
   3.58579790e+02   2.55985651e-04
   3.58580278e+02  -4.42912506e-06
   3.58580766e+02  -2.86506227e-04
   3.58581255e+02   9.88936517e-05
   3.58581743e+02   4.28947096e-04
   3.58582231e+02   1.29507345e-04
   3.58582720e+02   2.03378382e-04
   3.58583208e+02   5.42897440e-04
   3.58583696e+02   3.01052030e-04
   3.58584185e+02   1.55948059e-04
   3.58584673e+02   5.52047451e-04
   3.58585161e+02   8.07322096e-04
   3.58585649e+02   5.35057683e-04
   3.58586138e+02   1.72433385e-04
   3.58586626e+02  -9.08670991e-05
   3.58587114e+02  -4.77299036e-04
   3.58587603e+02  -9.01560590e-04
   3.58588091e+02  -1.01110362e-03
   3.58588579e+02  -8.25478346e-04
   3.58589068e+02  -5.87338873e-04
   3.58589556e+02  -2.41723334e-04
   3.58590044e+02   4.44343932e-05
   3.58590533e+02   1.59677744e-04
   3.58591021e+02   3.75878561e-04
   3.58591509e+02   4.86886274e-04
   3.58591997e+02   1.79271563e-04
   3.58592486e+02  -1.72387168e-04
   3.58592974e+02  -1.01274545e-05
   3.58593462e+02   3.84401996e-04
   3.58593951e+02   4.98494715e-04
   3.58594439e+02   3.82001832e-04
   3.58594927e+02   1.69654071e-04
   3.58595416e+02   1.27953783e-04
   3.58595904e+02   3.00664135e-04
   3.58596392e+02   4.77167458e-04
   3.58596881e+02   6.41698018e-04
   3.58597369e+02   5.70912613e-04
   3.58597857e+02   2.88038864e-04
   3.58598345e+02   1.50746229e-04
   3.58598834e+02   8.96136335e-05
   3.58599322e+02  -1.65093414e-04
   3.58599810e+02  -1.67407619e-04
   3.58600299e+02   4.30851287e-05
   3.58600787e+02  -2.68639211e-04
   3.58601275e+02  -4.23860707e-04
   3.58601764e+02   8.45995310e-05
   3.58602252e+02   3.02174391e-04
   3.58602740e+02   1.34791524e-04
   3.58603229e+02   6.05455825e-05
   3.58603717e+02   3.95135430e-05
   3.58604205e+02  -1.35880036e-04
   3.58604693e+02  -1.94491629e-04
   3.58605182e+02   6.00531203e-05
   3.58605670e+02   4.43290657e-04
   3.58606158e+02   4.74341912e-04
   3.58606647e+02   3.55269120e-04
   3.58607135e+02   7.60583149e-04
   3.58607623e+02   1.18067348e-03
   3.58608112e+02   9.77304881e-04
   3.58608600e+02   5.36519801e-04
   3.58609088e+02   2.45297997e-04
   3.58609577e+02   1.23320366e-04
   3.58610065e+02  -1.30076383e-04
   3.58610553e+02  -7.34534115e-04
   3.58611041e+02  -1.12377375e-03
   3.58611530e+02  -7.29334366e-04
   3.58612018e+02  -8.46668772e-05
   3.58612506e+02  -4.84569682e-05
   3.58612995e+02  -4.22347803e-04
   3.58613483e+02  -4.77421767e-04
   3.58613971e+02  -1.82965232e-04
   3.58614460e+02   2.64881615e-04
   3.58614948e+02   6.37893856e-04
   3.58615436e+02   5.99237217e-04
   3.58615925e+02   2.13318970e-04
   3.58616413e+02  -3.05067078e-04
   3.58616901e+02  -5.71670069e-04
   3.58617389e+02  -3.57185461e-04
   3.58617878e+02  -3.36501806e-04
   3.58618366e+02  -8.95216886e-04
   3.58618854e+02  -1.21537677e-03
   3.58619343e+02  -1.06807356e-03
   3.58619831e+02  -1.15138514e-03
   3.58620319e+02  -1.29339611e-03
   3.58620808e+02  -8.31258134e-04
   3.58621296e+02   2.84036709e-04
   3.58621784e+02   5.30167308e-04
   3.58622273e+02  -2.44073890e-05
   3.58622761e+02  -3.34289070e-04
   3.58623249e+02  -1.72714586e-04
   3.58623738e+02   2.77468120e-04
   3.58624226e+02   7.90885242e-04
   3.58624714e+02   1.03888928e-03
   3.58625202e+02   7.13284593e-04
   3.58625691e+02   2.21562121e-04
   3.58626179e+02   1.03834747e-04
   3.58626667e+02   5.87446521e-05
   3.58627156e+02   4.93460357e-05
   3.58627644e+02   4.49549843e-04
   3.58628132e+02   1.06096326e-03
   3.58628621e+02   1.29208073e-03
   3.58629109e+02   1.13049953e-03
   3.58629597e+02   9.31922987e-04
   3.58630086e+02   6.16765290e-04
   3.58630574e+02   3.22910608e-04
   3.58631062e+02   3.67330998e-04
   3.58631550e+02   3.19956598e-04
   3.58632039e+02   1.87996600e-04
   3.58632527e+02   2.13915017e-04
   3.58633015e+02   2.80796317e-04
   3.58633504e+02   2.86373310e-04
   3.58633992e+02  -9.76423617e-05
   3.58634480e+02  -6.21473941e-04
   3.58634969e+02  -4.54581459e-04
   3.58635457e+02   1.14520721e-04
   3.58635945e+02   3.35094752e-04
   3.58636434e+02   1.06932224e-04
   3.58636922e+02  -2.39149740e-04
   3.58637410e+02  -1.63431134e-04
   3.58637898e+02   3.18337989e-04
   3.58638387e+02   2.51000951e-04
   3.58638875e+02  -4.81779571e-04
   3.58639363e+02  -1.08410243e-03
   3.58639852e+02  -8.96931568e-04
   3.58640340e+02  -2.16189277e-04
   3.58640828e+02  -4.62684475e-05
   3.58641317e+02  -6.86713902e-05
   3.58641805e+02   2.59878550e-04
   3.58642293e+02   4.36840375e-04
   3.58642782e+02   5.18196321e-04
   3.58643270e+02   5.89244824e-04
   3.58643758e+02   5.66435221e-04
   3.58644246e+02   4.20000666e-04
   3.58644735e+02   9.72327034e-05
   3.58645223e+02  -1.17620082e-04
   3.58645711e+02   8.80549851e-06
   3.58646200e+02   1.11293855e-04
   3.58646688e+02  -2.40269452e-04
   3.58647176e+02  -7.06505263e-04
   3.58647665e+02  -5.99952182e-04
   3.58648153e+02   5.62298297e-08
   3.58648641e+02   5.48488752e-04
   3.58649130e+02   9.63002793e-04
   3.58649618e+02   1.13288232e-03
   3.58650106e+02   6.04526198e-04
   3.58650594e+02  -2.50755285e-04
   3.58651083e+02  -6.23442233e-04
   3.58651571e+02  -5.07882040e-04
   3.58652059e+02  -4.40548640e-04
   3.58652548e+02  -6.67032786e-04
   3.58653036e+02  -7.72780797e-04
   3.58653524e+02  -4.44770005e-04
   3.58654013e+02  -3.84886262e-05
   3.58654501e+02   7.47086888e-05
   3.58654989e+02  -1.52615510e-04
   3.58655478e+02  -2.43562608e-04
   3.58655966e+02  -8.60189175e-05
   3.58656454e+02  -1.12892390e-04
   3.58656942e+02  -2.01610397e-04
   3.58657431e+02  -3.96949705e-04
   3.58657919e+02  -3.58598976e-04
   3.58658407e+02   2.73857499e-04
   3.58658896e+02   6.95943076e-04
   3.58659384e+02   3.77061602e-04
   3.58659872e+02  -2.08022902e-04
   3.58660361e+02  -5.38775697e-04
   3.58660849e+02  -9.90910805e-04
   3.58661337e+02  -1.51184062e-03
   3.58661826e+02  -1.27827015e-03
   3.58662314e+02  -8.02347495e-04
   3.58662802e+02  -5.93075703e-04
   3.58663291e+02  -1.57836446e-04
   3.58663779e+02   3.76892247e-04
   3.58664267e+02   4.97766305e-04
   3.58664755e+02   3.27706686e-04
   3.58665244e+02  -2.58394517e-04
   3.58665732e+02  -8.25367344e-04
   3.58666220e+02  -3.82888422e-04
   3.58666709e+02   2.10354439e-04
   3.58667197e+02   1.75464636e-04
   3.58667685e+02   2.50664423e-04
   3.58668174e+02   3.70751834e-04
   3.58668662e+02   2.73740676e-04
   3.58669150e+02   2.05340330e-04
   3.58669639e+02   1.67433187e-04
   3.58670127e+02  -5.13248560e-05
   3.58670615e+02  -2.29822879e-04
   3.58671103e+02  -9.65509244e-05
   3.58671592e+02  -5.30208781e-05
   3.58672080e+02   3.01272637e-04
   3.58672568e+02   1.27148232e-03
   3.58673057e+02   1.52262277e-03
   3.58673545e+02   7.12362176e-04
   3.58674033e+02   1.17275646e-04
   3.58674522e+02   1.83151962e-04
   3.58675010e+02   4.17831354e-04
   3.58675498e+02   3.54487420e-04
   3.58675987e+02   5.67601128e-05
   3.58676475e+02  -8.95428020e-05
   3.58676963e+02  -1.94902634e-04
   3.58677451e+02  -4.05216444e-04
   3.58677940e+02  -3.01708351e-04
   3.58678428e+02   3.02692584e-04
   3.58678916e+02   7.79627764e-04
   3.58679405e+02   5.33238985e-04
   3.58679893e+02   1.86987992e-04
   3.58680381e+02   1.33422000e-04
   3.58680870e+02   1.23498568e-04
   3.58681358e+02   9.84854851e-05
   3.58681846e+02   1.46226259e-04
   3.58682335e+02   8.14477971e-05
   3.58682823e+02   5.64406173e-06
   3.58683311e+02   3.43094114e-04
   3.58683799e+02   6.46219472e-04
   3.58684288e+02   5.55465696e-04
   3.58684776e+02   2.97359598e-04
   3.58685264e+02   3.80605925e-04
   3.58685753e+02   8.83279659e-04
   3.58686241e+02   7.51034415e-04
   3.58686729e+02  -2.49069039e-04
   3.58687218e+02  -9.49409849e-04
   3.58687706e+02  -5.10864425e-04
   3.58688194e+02   2.34919906e-04
   3.58688683e+02   3.98314354e-04
   3.58689171e+02   2.92503333e-04
   3.58689659e+02   2.89966323e-04
   3.58690147e+02   2.78700871e-04
   3.58690636e+02  -1.83147422e-04
   3.58691124e+02  -8.88944545e-04
   3.58691612e+02  -1.18659507e-03
   3.58692101e+02  -8.90924712e-04
   3.58692589e+02  -1.48129271e-04
   3.58693077e+02   2.58507818e-04
   3.58693566e+02  -1.10379828e-04
   3.58694054e+02  -4.88404126e-04
   3.58694542e+02  -3.59735393e-04
   3.58695031e+02  -2.65456067e-04
   3.58695519e+02  -6.38843747e-04
   3.58696007e+02  -1.19102478e-03
   3.58696495e+02  -1.33828737e-03
   3.58696984e+02  -6.77969889e-04
   3.58697472e+02   8.52262528e-05
   3.58697960e+02   3.66140041e-04
   3.58698449e+02   4.17038595e-04
   3.58698937e+02   2.26200165e-04
   3.58699425e+02   1.18139309e-04
   3.58699914e+02   1.98412254e-05
   3.58700402e+02  -2.89354968e-04
   3.58700890e+02   7.09300220e-05
   3.58701379e+02   6.01115287e-04
   3.58701867e+02   2.10538186e-04
   3.58702355e+02  -3.77492630e-04
   3.58702844e+02  -1.60528070e-04
   3.58703332e+02   3.26751557e-04
   3.58703820e+02   1.50549560e-04
   3.58704308e+02  -1.68606188e-04
   3.58704797e+02  -4.77617723e-04
   3.58705285e+02  -7.47755228e-04
   3.58705773e+02  -5.65222988e-04
   3.58706262e+02  -4.81745345e-04
   3.58706750e+02  -5.25046373e-04
   3.58707238e+02  -3.18184408e-04
   3.58707727e+02   8.31532452e-06
   3.58708215e+02   1.47526080e-04
   3.58708703e+02  -1.23816368e-04
   3.58709192e+02  -3.46449466e-04
   3.58709680e+02  -2.34496212e-04
   3.58710168e+02   1.08081389e-04
   3.58710656e+02   5.01717208e-04
   3.58711145e+02   5.84403286e-04
   3.58711633e+02   4.52509063e-04
   3.58712121e+02   2.14529646e-04
   3.58712610e+02  -1.23536747e-05
   3.58713098e+02   1.39051350e-04
   3.58713586e+02   5.08788682e-04
   3.58714075e+02   5.10861748e-04
   3.58714563e+02   1.16460789e-04
   3.58715051e+02  -2.86623137e-04
   3.58715540e+02  -2.12026775e-04
   3.58716028e+02   2.23183350e-04
   3.58716516e+02   4.22889425e-04
   3.58717004e+02   4.06801206e-04
   3.58717493e+02   3.13183846e-04
   3.58717981e+02   4.53629727e-05
   3.58718469e+02  -6.31021976e-05
   3.58718958e+02   1.08918008e-04
   3.58719446e+02   1.36636270e-04
   3.58719934e+02   2.21086520e-05
   3.58720423e+02   2.79928558e-04
   3.58720911e+02   4.93218657e-04
   3.58721399e+02   4.83518554e-04
   3.58721888e+02   8.11522186e-04
   3.58722376e+02   1.00221753e-03
   3.58722864e+02   7.91171333e-04
   3.58723352e+02   1.51914966e-04
   3.58723841e+02  -4.35899681e-04
   3.58724329e+02  -2.88676936e-04
   3.58724817e+02  -2.73788435e-04
   3.58725306e+02  -6.84045663e-04
   3.58725794e+02  -7.54473789e-04
   3.58726282e+02  -5.03349875e-04
   3.58726771e+02  -1.64258468e-04
   3.58727259e+02   3.92966940e-05
   3.58727747e+02   7.06634019e-05
   3.58728236e+02   1.83005905e-04
   3.58728724e+02   4.06623731e-04
   3.58729212e+02   7.62290962e-04
   3.58729700e+02   1.07784069e-03
   3.58730189e+02   1.05607812e-03
   3.58730677e+02   8.29340424e-04
   3.58731165e+02   7.71597028e-04
   3.58731654e+02   5.98388317e-04
   3.58732142e+02  -6.82523969e-05
   3.58732630e+02  -6.74641749e-04
   3.58733119e+02  -8.60946719e-04
   3.58733607e+02  -8.84402660e-04
   3.58734095e+02  -5.77912433e-04
   3.58734584e+02  -1.92131876e-04
   3.58735072e+02  -2.46923737e-04
   3.58735560e+02  -2.18733068e-04
   3.58736048e+02   1.44863647e-04
   3.58736537e+02   2.22679751e-04
   3.58737025e+02  -1.71529682e-04
   3.58737513e+02  -5.74340927e-04
   3.58738002e+02  -3.06005822e-04
   3.58738490e+02   3.54838005e-04
   3.58738978e+02   5.91580698e-04
   3.58739467e+02   1.24438360e-04
   3.58739955e+02  -3.42037587e-04
   3.58740443e+02  -5.67871262e-04
   3.58740932e+02  -6.74088427e-04
   3.58741420e+02  -5.59597858e-04
   3.58741908e+02  -4.32536734e-04
   3.58742397e+02  -2.14958505e-04
   3.58742885e+02   2.53185310e-04
   3.58743373e+02   6.73266419e-04
   3.58743861e+02   4.77222464e-04
   3.58744350e+02  -4.10867724e-05
   3.58744838e+02  -3.92293790e-04
   3.58745326e+02  -6.36084878e-04
   3.58745815e+02  -6.95789291e-04
   3.58746303e+02  -8.03269737e-04
   3.58746791e+02  -6.71604415e-04
   3.58747280e+02  -2.71890667e-06
   3.58747768e+02   6.18338585e-04
   3.58748256e+02   9.38800338e-04
   3.58748745e+02   1.16386358e-03
   3.58749233e+02   9.43106948e-04
   3.58749721e+02   4.81205090e-04
   3.58750209e+02   5.56794694e-04
   3.58750698e+02   7.67858641e-04
   3.58751186e+02   6.28523587e-04
   3.58751674e+02   2.62711954e-04
   3.58752163e+02  -7.74452856e-05
   3.58752651e+02  -5.63297763e-05
   3.58753139e+02  -6.16697298e-06
   3.58753628e+02   3.57679346e-05
   3.58754116e+02   5.83891757e-04
   3.58754604e+02   1.15485082e-03
   3.58755093e+02   1.04787142e-03
   3.58755581e+02   7.27832085e-04
   3.58756069e+02   6.81424746e-04
   3.58756557e+02   3.62028921e-04
   3.58757046e+02  -3.20700346e-04
   3.58757534e+02  -4.91946586e-04
   3.58758022e+02  -2.65809533e-04
   3.58758511e+02  -2.53757811e-04
   3.58758999e+02  -2.99017876e-04
   3.58759487e+02  -1.54483540e-04
   3.58759976e+02   3.59653022e-05
   3.58760464e+02   1.96321154e-04
   3.58760952e+02   3.11826851e-04
   3.58761441e+02   5.73696045e-04
   3.58761929e+02   9.75870702e-04
   3.58762417e+02   8.90339550e-04
   3.58762905e+02   6.08743750e-04
   3.58763394e+02   5.85421978e-04
   3.58763882e+02   4.27747465e-04
   3.58764370e+02   9.11844327e-05
   3.58764859e+02  -3.50164964e-06
   3.58765347e+02   4.07270963e-05
   3.58765835e+02   2.18551635e-04
   3.58766324e+02   6.73990115e-04
   3.58766812e+02   7.86277349e-04
   3.58767300e+02   1.38095958e-04
   3.58767789e+02  -7.50066014e-04
   3.58768277e+02  -1.29049830e-03
   3.58768765e+02  -1.43378822e-03
   3.58769253e+02  -1.27314171e-03
   3.58769742e+02  -6.40585669e-04
   3.58770230e+02  -6.00069086e-07
   3.58770718e+02  -1.03151666e-04
   3.58771207e+02  -5.47428965e-04
   3.58771695e+02  -7.12146750e-04
   3.58772183e+02  -5.05048898e-04
   3.58772672e+02  -8.08250916e-05
   3.58773160e+02   2.65016206e-05
   3.58773648e+02  -1.80176852e-04
   3.58774137e+02  -2.52973230e-04
   3.58774625e+02  -3.17975966e-04
   3.58775113e+02  -1.50642983e-04
   3.58775601e+02   5.70205913e-04
   3.58776090e+02   1.03083765e-03
   3.58776578e+02   4.93396365e-04
   3.58777066e+02  -2.31825776e-04
   3.58777555e+02  -1.15887546e-04
   3.58778043e+02   4.61431540e-04
   3.58778531e+02   5.66008850e-04
   3.58779020e+02   2.81098502e-04
   3.58779508e+02   5.63689566e-04
   3.58779996e+02   1.51766103e-03
   3.58780485e+02   1.67446875e-03
   3.58780973e+02   3.66966939e-04
   3.58781461e+02  -6.57576311e-04
   3.58781950e+02  -1.38830306e-04
   3.58782438e+02   4.35502268e-04
   3.58782926e+02  -1.47608571e-05
   3.58783414e+02  -5.45113231e-04
   3.58783903e+02  -2.57422944e-04
   3.58784391e+02   2.71694793e-04
   3.58784879e+02   2.25698837e-04
   3.58785368e+02   9.85188017e-05
   3.58785856e+02   3.38646496e-04
   3.58786344e+02   6.31613773e-04
   3.58786833e+02   7.78135320e-04
   3.58787321e+02   5.22513175e-04
   3.58787809e+02   3.56505625e-05
   3.58788298e+02  -1.85371231e-04
   3.58788786e+02  -1.98101377e-04
   3.58789274e+02  -1.93107640e-04
   3.58789762e+02  -3.77843797e-04
   3.58790251e+02  -4.44252073e-04
   3.58790739e+02  -1.05906336e-04
   3.58791227e+02   1.75921115e-04
   3.58791716e+02   4.43388562e-04
   3.58792204e+02   4.48072766e-04
   3.58792692e+02   1.57209215e-04
   3.58793181e+02   2.60351517e-04
   3.58793669e+02   1.15566465e-04
   3.58794157e+02  -3.57086392e-04
   3.58794646e+02  -1.47088736e-04
   3.58795134e+02   3.87904409e-04
   3.58795622e+02   3.80737707e-04
   3.58796110e+02   7.25717400e-05
   3.58796599e+02  -2.35643311e-05
   3.58797087e+02   1.87136960e-04
   3.58797575e+02   6.96252566e-04
   3.58798064e+02   1.21853454e-03
   3.58798552e+02   8.45888921e-04
   3.58799040e+02  -3.18326813e-04
   3.58799529e+02  -8.77310289e-04
   3.58800017e+02  -2.29677913e-04
   3.58800505e+02   6.03672583e-04
   3.58800994e+02   6.28974289e-04
   3.58801482e+02   3.72829672e-04
   3.58801970e+02   5.25378913e-04
   3.58802458e+02   6.20395644e-04
   3.58802947e+02   5.73367055e-04
   3.58803435e+02   8.13630002e-04
   3.58803923e+02   8.87011469e-04
   3.58804412e+02   5.05089061e-04
   3.58804900e+02   1.96809473e-04
   3.58805388e+02  -2.33739556e-04
   3.58805877e+02  -7.91640487e-04
   3.58806365e+02  -6.32222102e-04
   3.58806853e+02  -1.86375953e-04
   3.58807342e+02  -2.30029778e-04
   3.58807830e+02  -1.72927015e-04
   3.58808318e+02  -1.18704156e-04
   3.58808806e+02  -6.64154417e-04
   3.58809295e+02  -1.16324553e-03
   3.58809783e+02  -1.20849721e-03
   3.58810271e+02  -8.53319711e-04
   3.58810760e+02  -3.87615291e-04
   3.58811248e+02  -1.56584181e-04
   3.58811736e+02   1.88063757e-04
   3.58812225e+02   3.16300517e-04
   3.58812713e+02  -1.60205251e-04
   3.58813201e+02  -6.94210408e-04
   3.58813690e+02  -8.65778362e-04
   3.58814178e+02  -7.56338646e-04
   3.58814666e+02  -2.54579092e-04
   3.58815154e+02   7.94795167e-04
   3.58815643e+02   1.32910127e-03
   3.58816131e+02   5.17052424e-04
   3.58816619e+02  -4.48349310e-04
   3.58817108e+02  -3.25461966e-04
   3.58817596e+02   3.08744377e-04
   3.58818084e+02   5.71350334e-04
   3.58818573e+02   4.79543494e-04
   3.58819061e+02   1.94892389e-04
   3.58819549e+02  -4.26696570e-05
   3.58820038e+02   2.71946396e-04
   3.58820526e+02   6.83106889e-04
   3.58821014e+02   6.22560969e-04
   3.58821503e+02   3.24899389e-04
   3.58821991e+02  -9.60831021e-05
   3.58822479e+02  -1.85022232e-04
   3.58822967e+02   3.42875865e-04
   3.58823456e+02   5.21327485e-04
   3.58823944e+02  -3.56910081e-04
   3.58824432e+02  -1.27157301e-03
   3.58824921e+02  -9.50798159e-04
   3.58825409e+02  -7.31095715e-05
   3.58825897e+02   1.78313450e-04
   3.58826386e+02  -4.61332274e-05
   3.58826874e+02  -3.34863376e-04
   3.58827362e+02  -7.29650201e-04
   3.58827851e+02  -1.05318439e-03
   3.58828339e+02  -9.16698540e-04
   3.58828827e+02  -5.04225784e-04
   3.58829315e+02  -4.12123161e-04
   3.58829804e+02  -8.06563068e-04
   3.58830292e+02  -1.26331812e-03
   3.58830780e+02  -7.71674269e-04
   3.58831269e+02   7.43100245e-05
   3.58831757e+02   4.07626394e-05
   3.58832245e+02   2.26887525e-04
   3.58832734e+02   9.98730073e-04
   3.58833222e+02   9.96550196e-04
   3.58833710e+02   3.47152149e-04
   3.58834199e+02   1.32915913e-04
   3.58834687e+02   1.93901215e-04
   3.58835175e+02  -2.33571918e-04
   3.58835663e+02  -6.84496539e-04
   3.58836152e+02  -1.33299734e-04
   3.58836640e+02   4.70268831e-04
   3.58837128e+02  -2.82792789e-05
   3.58837617e+02  -9.03278531e-04
   3.58838105e+02  -1.13846757e-03
   3.58838593e+02  -5.77306084e-04
   3.58839082e+02  -2.67013797e-06
   3.58839570e+02  -2.61896872e-04
   3.58840058e+02  -1.01182179e-03
   3.58840547e+02  -1.30286079e-03
   3.58841035e+02  -1.07616908e-03
   3.58841523e+02  -1.00908324e-03
   3.58842011e+02  -7.82118761e-04
   3.58842500e+02  -3.85119900e-04
   3.58842988e+02  -3.64509848e-04
   3.58843476e+02   1.96613226e-04
   3.58843965e+02   3.87284264e-04
   3.58844453e+02  -5.54137398e-04
   3.58844941e+02  -8.41834059e-04
   3.58845430e+02  -3.52862757e-04
   3.58845918e+02  -1.09496112e-04
   3.58846406e+02  -9.76635929e-05
   3.58846895e+02   2.01291012e-04
   3.58847383e+02   6.14734308e-04
   3.58847871e+02   4.85890254e-04
   3.58848359e+02  -3.94107192e-04
   3.58848848e+02  -1.22392550e-03
   3.58849336e+02  -1.11890503e-03
   3.58849824e+02  -3.18668579e-04
   3.58850313e+02   7.40094867e-04
   3.58850801e+02   1.01395126e-03
   3.58851289e+02   2.48752418e-04
   3.58851778e+02  -2.16035522e-04
   3.58852266e+02  -1.48483596e-04
   3.58852754e+02   9.12375253e-05
   3.58853243e+02   6.02920190e-04
   3.58853731e+02   1.36951869e-03
   3.58854219e+02   1.57679233e-03
   3.58854707e+02   9.81169869e-04
   3.58855196e+02   1.82289878e-04
   3.58855684e+02  -3.55713186e-04
   3.58856172e+02   3.58698708e-05
   3.58856661e+02   8.67388080e-05
   3.58857149e+02  -9.50662652e-04
   3.58857637e+02  -1.90680451e-03
   3.58858126e+02  -2.48140329e-03
   3.58858614e+02  -2.04358925e-03
   3.58859102e+02  -5.39135479e-04
   3.58859591e+02   6.19384169e-04
   3.58860079e+02   1.92390769e-04
   3.58860567e+02  -7.23939913e-04
   3.58861056e+02  -1.02639850e-03
   3.58861544e+02  -1.48061197e-03
   3.58862032e+02  -1.19118905e-03
   3.58862520e+02   5.18900109e-04
   3.58863009e+02   1.09342183e-03
   3.58863497e+02  -3.10997246e-04
   3.58863985e+02  -1.49349705e-03
   3.58864474e+02  -1.34683377e-03
   3.58864962e+02  -5.89468749e-04
   3.58865450e+02  -4.30994078e-05
   3.58865939e+02   6.21139945e-04
   3.58866427e+02   1.24601845e-03
   3.58866915e+02   6.23610627e-04
   3.58867404e+02  -8.06119468e-04
   3.58867892e+02  -8.13979656e-04
   3.58868380e+02   2.39942427e-04
   3.58868868e+02   3.67453817e-04
   3.58869357e+02  -2.39769375e-04
   3.58869845e+02   7.34181085e-04
   3.58870333e+02   1.46472722e-03
   3.58870822e+02   1.93889457e-04
   3.58871310e+02  -5.72859775e-04
   3.58871798e+02  -6.20316889e-04
   3.58872287e+02  -1.68363517e-03
   3.58872775e+02  -2.32454971e-03
   3.58873263e+02  -2.26703822e-03
   3.58873752e+02  -1.43250788e-03
   3.58874240e+02   4.87335114e-04
   3.58874728e+02   1.43883401e-03
   3.58875216e+02   5.66303730e-04
   3.58875705e+02   3.27853013e-05
   3.58876193e+02   1.73395238e-04
   3.58876681e+02   3.21252563e-04
   3.58877170e+02   7.31771754e-04
   3.58877658e+02   6.69766683e-04
   3.58878146e+02  -1.92978958e-04
   3.58878635e+02  -6.55404059e-04
   3.58879123e+02  -5.84539201e-04
   3.58879611e+02  -2.80880340e-04
   3.58880100e+02   8.29137862e-05
   3.58880588e+02  -2.31165352e-04
   3.58881076e+02   5.24110801e-05
   3.58881564e+02   1.50868215e-03
   3.58882053e+02   2.04054546e-03
   3.58882541e+02   1.23847602e-03
   3.58883029e+02   8.53931590e-04
   3.58883518e+02   1.56525767e-03
   3.58884006e+02   1.89160218e-03
   3.58884494e+02   5.36399020e-04
   3.58884983e+02  -4.70575062e-04
   3.58885471e+02  -5.45596376e-05
   3.58885959e+02   7.23794044e-04
   3.58886448e+02   9.72880283e-04
   3.58886936e+02   4.24449070e-04
   3.58887424e+02  -3.92502261e-04
   3.58887912e+02  -1.00238773e-03
   3.58888401e+02  -1.35037897e-03
   3.58888889e+02  -1.46291137e-03
   3.58889377e+02  -1.53636897e-03
   3.58889866e+02  -1.66884903e-03
   3.58890354e+02  -1.93529774e-03
   3.58890842e+02  -1.36650889e-03
   3.58891331e+02   1.14833747e-04
   3.58891819e+02   7.43984536e-04
   3.58892307e+02  -6.91082911e-04
   3.58892796e+02  -2.06625881e-03
   3.58893284e+02  -1.48714008e-03
   3.58893772e+02  -5.57029503e-04
   3.58894260e+02  -4.52062231e-04
   3.58894749e+02  -7.11497967e-04
   3.58895237e+02  -7.96214619e-04
   3.58895725e+02  -9.70590452e-04
   3.58896214e+02  -8.22593924e-04
   3.58896702e+02   2.87977222e-04
   3.58897190e+02   1.00193673e-03
   3.58897679e+02   5.42127120e-04
   3.58898167e+02   1.16507355e-04
   3.58898655e+02   3.08676361e-04
   3.58899144e+02   5.95769263e-04
   3.58899632e+02   3.94578790e-04
   3.58900120e+02  -3.09198338e-04
   3.58900608e+02  -9.16576071e-04
   3.58901097e+02  -5.95259713e-04
   3.58901585e+02  -1.01564430e-04
   3.58902073e+02  -4.88558144e-04
   3.58902562e+02  -1.01030094e-03
   3.58903050e+02  -1.06210622e-03
   3.58903538e+02  -5.83781861e-04
   3.58904027e+02   1.28273778e-05
   3.58904515e+02  -8.61886001e-05
   3.58905003e+02  -1.52591499e-04
   3.58905492e+02   4.09593486e-04
   3.58905980e+02   5.64832764e-04
   3.58906468e+02   2.64993898e-04
   3.58906957e+02   3.71486414e-04
   3.58907445e+02   4.14325797e-04
   3.58907933e+02   6.50847724e-05
   3.58908421e+02   1.80981660e-05
   3.58908910e+02   2.28207413e-04
   3.58909398e+02   8.26978358e-05
   3.58909886e+02  -4.04296530e-04
   3.58910375e+02  -6.89430512e-04
   3.58910863e+02  -8.08717450e-04
   3.58911351e+02  -6.66257751e-04
   3.58911840e+02  -2.24975724e-04
   3.58912328e+02   3.33025673e-04
   3.58912816e+02   8.05739197e-04
   3.58913305e+02   1.00140064e-03
   3.58913793e+02   8.04237847e-04
   3.58914281e+02  -1.20871729e-04
   3.58914769e+02  -5.50904719e-04
   3.58915258e+02  -1.78834438e-04
   3.58915746e+02  -2.25089443e-05
   3.58916234e+02  -4.21207194e-04
   3.58916723e+02  -7.85744283e-04
   3.58917211e+02  -9.86660132e-04
   3.58917699e+02  -8.20385932e-04
   3.58918188e+02  -7.26942890e-05
   3.58918676e+02   2.04729760e-04
   3.58919164e+02  -2.35017258e-04
   3.58919653e+02  -2.72151607e-04
   3.58920141e+02   4.37916315e-04
   3.58920629e+02   8.62900692e-04
   3.58921117e+02   9.12945194e-04
   3.58921606e+02   9.91912792e-04
   3.58922094e+02   5.60109736e-04
   3.58922582e+02  -4.21377081e-05
   3.58923071e+02  -1.51866698e-04
   3.58923559e+02   8.59809097e-06
   3.58924047e+02   3.21129482e-04
   3.58924536e+02   3.77846853e-04
   3.58925024e+02  -2.37110435e-04
   3.58925512e+02  -6.14955497e-04
   3.58926001e+02  -1.93337328e-04
   3.58926489e+02   2.20507325e-04
   3.58926977e+02  -9.41909384e-05
   3.58927465e+02  -5.56184910e-04
   3.58927954e+02  -2.28395904e-04
   3.58928442e+02   5.58024389e-04
   3.58928930e+02   8.11878534e-04
   3.58929419e+02   7.14914524e-04
   3.58929907e+02   5.27522992e-04
   3.58930395e+02   2.52880127e-04
   3.58930884e+02   4.87763406e-04
   3.58931372e+02   4.67998965e-04
   3.58931860e+02  -3.17963539e-04
   3.58932349e+02  -6.81551755e-04
   3.58932837e+02  -6.83829538e-04
   3.58933325e+02  -6.70047419e-04
   3.58933813e+02  -4.54114226e-04
   3.58934302e+02  -2.15340930e-04
   3.58934790e+02   5.82507419e-05
   3.58935278e+02   3.69743793e-04
   3.58935767e+02   3.71164555e-04
   3.58936255e+02  -4.85568535e-06
   3.58936743e+02  -4.13974893e-04
   3.58937232e+02  -6.54988224e-04
   3.58937720e+02  -8.54077225e-04
   3.58938208e+02  -1.05601212e-03
   3.58938697e+02  -7.89330981e-04
   3.58939185e+02  -2.08069323e-04
   3.58939673e+02  -1.48703948e-05
   3.58940161e+02  -7.54862558e-05
   3.58940650e+02  -1.81199575e-04
   3.58941138e+02  -4.21987061e-04
   3.58941626e+02  -6.24669658e-04
   3.58942115e+02  -4.35097725e-04
   3.58942603e+02   4.62573917e-05
   3.58943091e+02   2.69563287e-04
   3.58943580e+02   1.51112064e-04
   3.58944068e+02   2.06463999e-04
   3.58944556e+02   6.82277489e-04
   3.58945045e+02   9.11972718e-04
   3.58945533e+02   5.63930545e-04
   3.58946021e+02  -2.34986132e-04
   3.58946510e+02  -1.08540233e-03
   3.58946998e+02  -1.01906201e-03
   3.58947486e+02  -2.68738862e-04
   3.58947974e+02   9.85953084e-05
   3.58948463e+02  -2.23172785e-04
   3.58948951e+02  -6.73805829e-04
   3.58949439e+02  -6.65971194e-04
   3.58949928e+02  -4.18648997e-04
   3.58950416e+02  -2.59213324e-04
   3.58950904e+02  -8.50595316e-05
   3.58951393e+02   4.42150777e-04
   3.58951881e+02   9.51124006e-04
   3.58952369e+02   1.04602729e-03
   3.58952858e+02   1.19206810e-03
   3.58953346e+02   1.20347366e-03
   3.58953834e+02   7.15763774e-04
   3.58954322e+02   2.97088060e-04
   3.58954811e+02   3.53195617e-04
   3.58955299e+02   2.11873761e-04
   3.58955787e+02  -3.63784406e-04
   3.58956276e+02  -8.90260795e-04
   3.58956764e+02  -1.40554667e-03
   3.58957252e+02  -1.68060418e-03
   3.58957741e+02  -1.19080336e-03
   3.58958229e+02  -6.28899070e-05
   3.58958717e+02   8.01734277e-04
   3.58959206e+02   8.62197834e-04
   3.58959694e+02   4.53950692e-04
   3.58960182e+02  -1.10996116e-04
   3.58960670e+02  -3.30201088e-04
   3.58961159e+02  -1.23077252e-05
   3.58961647e+02   3.13269207e-04
   3.58962135e+02   3.02421249e-04
   3.58962624e+02   1.84838049e-04
   3.58963112e+02   4.26787912e-04
   3.58963600e+02   5.80987951e-04
   3.58964089e+02   3.72991664e-04
   3.58964577e+02   2.61844572e-04
   3.58965065e+02   1.42194302e-04
   3.58965554e+02  -1.16352203e-04
   3.58966042e+02  -2.74971535e-04
   3.58966530e+02  -4.44284291e-04
   3.58967018e+02  -3.28884111e-04
   3.58967507e+02   3.54346936e-04
   3.58967995e+02   5.00491995e-04
   3.58968483e+02   7.71520990e-06
   3.58968972e+02  -6.80791854e-05
   3.58969460e+02   1.32934016e-04
   3.58969948e+02  -5.24681782e-05
   3.58970437e+02  -3.18217266e-04
   3.58970925e+02  -2.59681547e-04
   3.58971413e+02  -1.41039811e-04
   3.58971902e+02  -8.65276816e-05
   3.58972390e+02   1.39468306e-04
   3.58972878e+02  -2.83077297e-05
   3.58973366e+02  -4.23622085e-04
   3.58973855e+02  -4.75677545e-04
   3.58974343e+02  -3.67660017e-04
   3.58974831e+02  -7.75453591e-05
   3.58975320e+02   2.29963465e-04
   3.58975808e+02   6.23993619e-05
   3.58976296e+02  -1.23982909e-05
   3.58976785e+02   4.14766691e-04
   3.58977273e+02   5.86274837e-04
   3.58977761e+02   1.11626192e-04
   3.58978250e+02  -2.04153432e-04
   3.58978738e+02  -2.87786352e-05
   3.58979226e+02   2.27798053e-04
   3.58979714e+02   6.58316014e-04
   3.58980203e+02   8.20875284e-04
   3.58980691e+02   2.99851148e-04
   3.58981179e+02  -2.31763872e-04
   3.58981668e+02  -2.71930068e-04
   3.58982156e+02  -6.54756732e-05
   3.58982644e+02  -3.37136764e-04
   3.58983133e+02  -7.70341547e-04
   3.58983621e+02  -5.85738395e-04
   3.58984109e+02  -2.26766497e-04
   3.58984598e+02  -4.93251173e-05
   3.58985086e+02   7.82996722e-05
   3.58985574e+02  -5.92996003e-05
   3.58986063e+02  -3.55994067e-04
   3.58986551e+02  -5.28303848e-04
   3.58987039e+02  -3.75387433e-04
   3.58987527e+02   6.79107779e-06
   3.58988016e+02  -1.54353649e-04
   3.58988504e+02  -7.34533183e-04
   3.58988992e+02  -5.77741594e-04
   3.58989481e+02   1.94723034e-04
   3.58989969e+02   3.30837152e-04
   3.58990457e+02   1.52345732e-04
   3.58990946e+02   4.67855803e-04
   3.58991434e+02   7.05387851e-04
   3.58991922e+02   6.18179212e-04
   3.58992411e+02   2.86771014e-04
   3.58992899e+02  -1.06489279e-05
   3.58993387e+02   1.72643049e-04
   3.58993875e+02   3.79862817e-04
   3.58994364e+02   2.82239431e-04
   3.58994852e+02   3.57537734e-04
   3.58995340e+02   6.97044539e-04
   3.58995829e+02   6.13680633e-04
   3.58996317e+02   2.53771344e-04
   3.58996805e+02   2.10313388e-04
   3.58997294e+02   2.60853471e-04
   3.58997782e+02   1.72878135e-04
   3.58998270e+02   3.23309272e-04
   3.58998759e+02   7.57107395e-04
   3.58999247e+02   7.23549805e-04
   3.58999735e+02   3.97638330e-04
   3.59000223e+02   5.69658761e-04
   3.59000712e+02   9.13815049e-04
   3.59001200e+02   6.86874962e-04
   3.59001688e+02   4.08641848e-04
   3.59002177e+02   3.90898058e-04
   3.59002665e+02   3.39154387e-04
   3.59003153e+02   2.45514850e-04
   3.59003642e+02  -7.46423757e-06
   3.59004130e+02  -2.31862214e-04
   3.59004618e+02  -1.91769170e-04
   3.59005107e+02  -3.78394077e-07
   3.59005595e+02  -1.12381076e-05
   3.59006083e+02  -1.30328219e-04
   3.59006571e+02  -4.91688479e-05
   3.59007060e+02   2.53928065e-05
   3.59007548e+02   7.43883138e-05
   3.59008036e+02   2.46226817e-04
   3.59008525e+02   4.72841726e-04
   3.59009013e+02   5.06359444e-04
   3.59009501e+02   3.24679568e-04
   3.59009990e+02   2.26957258e-04
   3.59010478e+02  -1.81509422e-05
   3.59010966e+02  -7.13297573e-04
   3.59011455e+02  -1.07886491e-03
   3.59011943e+02  -8.41568632e-04
   3.59012431e+02  -6.10046089e-04
   3.59012919e+02  -3.24510416e-04
   3.59013408e+02   1.03167869e-04
   3.59013896e+02   4.51469328e-04
   3.59014384e+02   1.05400267e-03
   3.59014873e+02   1.39125402e-03
   3.59015361e+02   7.32504996e-04
   3.59015849e+02  -4.46810554e-05
   3.59016338e+02  -5.33243401e-05
   3.59016826e+02   3.05550231e-04
   3.59017314e+02   4.36954055e-04
   3.59017803e+02   4.90430160e-04
   3.59018291e+02   7.64056167e-04
   3.59018779e+02   7.44427904e-04
   3.59019267e+02   1.77612077e-04
   3.59019756e+02  -2.55652121e-04
   3.59020244e+02  -3.01448163e-04
   3.59020732e+02  -1.19267701e-04
   3.59021221e+02   3.25824629e-04
   3.59021709e+02   4.54929279e-04
   3.59022197e+02   2.80399545e-04
   3.59022686e+02   3.77921911e-04
   3.59023174e+02   2.43390125e-04
   3.59023662e+02  -5.45163348e-04
   3.59024151e+02  -8.72852979e-04
   3.59024639e+02  -3.32155148e-04
   3.59025127e+02  -2.45903619e-04
   3.59025616e+02  -4.70623258e-04
   3.59026104e+02   4.51146661e-05
   3.59026592e+02   5.90342446e-04
   3.59027080e+02   3.31561663e-04
   3.59027569e+02  -8.68059578e-05
   3.59028057e+02   3.86384090e-06
   3.59028545e+02   1.34709757e-04
   3.59029034e+02  -1.32701287e-04
   3.59029522e+02  -3.56270146e-04
   3.59030010e+02  -4.55900503e-04
   3.59030499e+02  -7.75761495e-04
   3.59030987e+02  -8.18988832e-04
   3.59031475e+02  -4.09815490e-04
   3.59031964e+02  -2.52791033e-05
   3.59032452e+02   2.03673480e-04
   3.59032940e+02   4.72577492e-04
   3.59033428e+02   5.00579074e-04
   3.59033917e+02  -5.63427348e-05
   3.59034405e+02  -3.48577625e-04
   3.59034893e+02  -8.86676426e-05
   3.59035382e+02   2.80084168e-05
   3.59035870e+02  -1.23887308e-04
   3.59036358e+02  -4.32888046e-05
   3.59036847e+02   3.50659044e-04
   3.59037335e+02   5.41125832e-04
   3.59037823e+02   2.54948274e-04
   3.59038312e+02  -3.16665130e-04
   3.59038800e+02  -4.59469418e-04
   3.59039288e+02  -1.06770596e-04
   3.59039776e+02  -3.55022668e-04
   3.59040265e+02  -8.04572424e-04
   3.59040753e+02  -7.10382825e-04
   3.59041241e+02  -5.03174611e-04
   3.59041730e+02  -1.84361968e-04
   3.59042218e+02   9.92643254e-05
   3.59042706e+02  -3.21652551e-05
   3.59043195e+02  -2.07885751e-04
   3.59043683e+02  -1.83998753e-04
   3.59044171e+02  -2.32380393e-04
   3.59044660e+02  -3.68823035e-04
   3.59045148e+02  -4.82603238e-04
   3.59045636e+02  -4.65817080e-04
   3.59046124e+02  -1.86977413e-04
   3.59046613e+02   2.07805337e-04
   3.59047101e+02   1.46195613e-04
   3.59047589e+02  -2.08189260e-04
   3.59048078e+02  -4.81079915e-04
   3.59048566e+02  -4.78137401e-04
   3.59049054e+02  -1.96340872e-04
   3.59049543e+02  -5.34307292e-05
   3.59050031e+02   4.74722656e-05
   3.59050519e+02   2.23824536e-04
   3.59051008e+02   3.79004137e-04
   3.59051496e+02   6.08066504e-04
   3.59051984e+02   9.53326351e-04
   3.59052472e+02   1.21948053e-03
   3.59052961e+02   1.03835494e-03
   3.59053449e+02   5.61762950e-04
   3.59053937e+02   4.26924729e-04
   3.59054426e+02   1.75860274e-04
   3.59054914e+02  -2.53586128e-04
   3.59055402e+02  -4.25986422e-04
   3.59055891e+02  -7.49978644e-04
   3.59056379e+02  -8.88581912e-04
   3.59056867e+02  -7.67814519e-04
   3.59057356e+02  -8.10091326e-04
   3.59057844e+02  -6.14479359e-04
   3.59058332e+02  -2.41130198e-04
   3.59058820e+02  -1.16572854e-04
   3.59059309e+02  -2.28710182e-04
   3.59059797e+02  -2.40911628e-04
   3.59060285e+02   9.91285488e-05
   3.59060774e+02   3.02556786e-04
   3.59061262e+02  -2.04883225e-04
   3.59061750e+02  -8.08248937e-04
   3.59062239e+02  -5.48890384e-04
   3.59062727e+02   1.27079562e-04
   3.59063215e+02   9.46900545e-05
   3.59063704e+02  -2.40333145e-04
   3.59064192e+02  -2.43334307e-06
   3.59064680e+02   2.06261917e-04
   3.59065169e+02   2.07947029e-04
   3.59065657e+02   5.46065974e-04
   3.59066145e+02   7.84364063e-04
   3.59066633e+02   2.99079082e-04
   3.59067122e+02  -5.09545149e-04
   3.59067610e+02  -7.45892001e-04
   3.59068098e+02  -3.67150642e-04
   3.59068587e+02   5.54921280e-05
   3.59069075e+02   4.15795017e-04
   3.59069563e+02   7.97190820e-04
   3.59070052e+02   7.67446123e-04
   3.59070540e+02   2.31515674e-04
   3.59071028e+02  -1.52565684e-04
   3.59071517e+02  -3.87163251e-04
   3.59072005e+02  -6.73297327e-04
   3.59072493e+02  -4.65915684e-04
   3.59072981e+02   1.73381515e-04
   3.59073470e+02   2.86113733e-04
   3.59073958e+02  -8.92675816e-05
   3.59074446e+02  -3.49526730e-04
   3.59074935e+02  -2.01635048e-04
   3.59075423e+02  -1.54420210e-04
   3.59075911e+02  -5.85766858e-04
   3.59076400e+02  -9.01210995e-04
   3.59076888e+02  -7.54691951e-04
   3.59077376e+02  -4.05051542e-04
   3.59077865e+02  -3.31167626e-04
   3.59078353e+02  -2.42763286e-04
   3.59078841e+02   2.67307769e-04
   3.59079329e+02   6.08807255e-04
   3.59079818e+02   7.31519947e-04
   3.59080306e+02   8.53524136e-04
   3.59080794e+02   9.33555770e-04
   3.59081283e+02   7.53912027e-04
   3.59081771e+02   1.40949458e-04
   3.59082259e+02  -4.17370495e-04
   3.59082748e+02  -5.88739349e-04
   3.59083236e+02  -3.38611426e-04
   3.59083724e+02  -1.63441888e-04
   3.59084213e+02  -5.50944358e-04
   3.59084701e+02  -9.36606375e-04
   3.59085189e+02  -7.83867727e-04
   3.59085677e+02  -1.77059293e-04
   3.59086166e+02   5.49236720e-04
   3.59086654e+02   7.62155163e-04
   3.59087142e+02   2.97645747e-04
   3.59087631e+02  -1.61253047e-04
   3.59088119e+02  -1.06264924e-04
   3.59088607e+02   1.14566530e-04
   3.59089096e+02   1.58329000e-04
   3.59089584e+02   3.26133741e-04
   3.59090072e+02   4.15704329e-04
   3.59090561e+02  -1.79560266e-05
   3.59091049e+02  -4.72370855e-04
   3.59091537e+02  -4.14056121e-04
   3.59092025e+02  -1.83444849e-04
   3.59092514e+02   8.72719611e-05
   3.59093002e+02   4.32499568e-04
   3.59093490e+02   6.57932425e-04
   3.59093979e+02   6.13156531e-04
   3.59094467e+02   1.74682369e-04
   3.59094955e+02  -9.99166150e-05
   3.59095444e+02   1.46359758e-04
   3.59095932e+02   3.64479114e-04
   3.59096420e+02   3.00049287e-04
   3.59096909e+02   3.53744806e-04
   3.59097397e+02   4.32423432e-04
   3.59097885e+02   2.16779503e-04
   3.59098373e+02   1.47871528e-04
   3.59098862e+02   1.26381012e-04
   3.59099350e+02  -8.21970461e-05
   3.59099838e+02   5.36235566e-05
   3.59100327e+02   5.62131172e-04
   3.59100815e+02   7.68727856e-04
   3.59101303e+02   5.09548699e-04
   3.59101792e+02   4.58568480e-04
   3.59102280e+02   6.86009764e-04
   3.59102768e+02   7.22422614e-04
   3.59103257e+02   6.48806745e-04
   3.59103745e+02   5.08848287e-04
   3.59104233e+02   2.18655274e-04
   3.59104722e+02  -6.26854890e-05
   3.59105210e+02   1.09329456e-04
   3.59105698e+02   5.54769998e-04
   3.59106186e+02   6.01740787e-04
   3.59106675e+02   2.76399642e-05
   3.59107163e+02  -3.32636409e-04
   3.59107651e+02   4.07468877e-04
   3.59108140e+02   8.60146538e-04
   3.59108628e+02   3.82930972e-04
   3.59109116e+02   2.69939483e-05
   3.59109605e+02   6.89421286e-05
   3.59110093e+02   1.99029659e-04
   3.59110581e+02   4.36574162e-04
   3.59111070e+02   7.61118601e-04
   3.59111558e+02   7.90085294e-04
   3.59112046e+02   6.22309570e-04
   3.59112534e+02   1.70466767e-04
   3.59113023e+02  -5.98752173e-04
   3.59113511e+02  -8.62862507e-04
   3.59113999e+02  -4.38875519e-04
   3.59114488e+02  -2.83863792e-05
   3.59114976e+02   2.40258421e-04
   3.59115464e+02   3.67183529e-04
   3.59115953e+02   9.13861732e-05
   3.59116441e+02   1.35318754e-04
   3.59116929e+02   8.61027918e-04
   3.59117418e+02   9.07937007e-04
   3.59117906e+02  -5.78810832e-05
   3.59118394e+02  -6.95798546e-04
   3.59118882e+02  -6.42252387e-04
   3.59119371e+02  -5.27568103e-04
   3.59119859e+02  -3.36480007e-04
   3.59120347e+02   3.53906391e-04
   3.59120836e+02   8.73265904e-04
   3.59121324e+02   5.93145203e-04
   3.59121812e+02   3.07558890e-04
   3.59122301e+02   3.19694140e-04
   3.59122789e+02   2.91334873e-04
   3.59123277e+02  -1.24615326e-05
   3.59123766e+02  -1.44528065e-04
   3.59124254e+02   1.78092290e-04
   3.59124742e+02  -1.00557045e-04
   3.59125230e+02  -5.84904046e-04
   3.59125719e+02  -4.51693049e-05
   3.59126207e+02   8.15367443e-04
   3.59126695e+02   1.11908279e-03
   3.59127184e+02   9.54839168e-04
   3.59127672e+02   3.57831857e-04
   3.59128160e+02  -2.25579992e-04
   3.59128649e+02  -1.52881796e-04
   3.59129137e+02   4.68071637e-04
   3.59129625e+02   9.20700084e-04
   3.59130114e+02   6.93817856e-04
   3.59130602e+02   1.58197639e-04
   3.59131090e+02   7.69688268e-05
   3.59131578e+02   4.54018445e-04
   3.59132067e+02   5.99309627e-04
   3.59132555e+02   1.64419587e-04
   3.59133043e+02  -3.88287881e-04
   3.59133532e+02  -2.85416289e-04
   3.59134020e+02   1.49293250e-04
   3.59134508e+02   2.69101409e-04
   3.59134997e+02   2.87099829e-04
   3.59135485e+02   4.22808196e-04
   3.59135973e+02   2.07758581e-04
   3.59136462e+02  -1.67280596e-04
   3.59136950e+02  -3.91076283e-05
   3.59137438e+02   2.33828796e-05
   3.59137926e+02  -3.39691149e-04
   3.59138415e+02  -5.30731166e-04
   3.59138903e+02  -5.48252254e-04
   3.59139391e+02  -3.18140781e-04
   3.59139880e+02   2.54190323e-04
   3.59140368e+02   4.60856856e-04
   3.59140856e+02   2.00251932e-04
   3.59141345e+02  -5.40591282e-05
   3.59141833e+02  -4.41319251e-04
   3.59142321e+02  -7.15374248e-04
   3.59142810e+02  -2.60871428e-04
   3.59143298e+02   3.06157599e-04
   3.59143786e+02   6.55654148e-05
   3.59144275e+02  -4.52435197e-04
   3.59144763e+02  -4.38666699e-04
   3.59145251e+02  -1.92965555e-04
   3.59145739e+02  -1.16864219e-04
   3.59146228e+02   1.05228835e-04
   3.59146716e+02   4.25046223e-04
   3.59147204e+02   3.34427663e-04
   3.59147693e+02   4.52139037e-09
   3.59148181e+02  -2.21852155e-04
   3.59148669e+02  -3.91384907e-04
   3.59149158e+02  -4.92865918e-04
   3.59149646e+02  -2.66723102e-04
   3.59150134e+02  -4.44078105e-05
   3.59150623e+02  -9.97327061e-06
   3.59151111e+02   5.74194244e-04
   3.59151599e+02   1.17044488e-03
   3.59152087e+02   8.47738935e-04
   3.59152576e+02   5.85887756e-04
   3.59153064e+02   6.52351766e-04
   3.59153552e+02   1.97906076e-04
   3.59154041e+02  -4.88606864e-04
   3.59154529e+02  -5.73352037e-04
   3.59155017e+02  -3.67216737e-04
   3.59155506e+02  -2.76339008e-04
   3.59155994e+02  -7.03495389e-05
   3.59156482e+02   2.25753072e-04
   3.59156971e+02   4.99180809e-04
   3.59157459e+02   4.54304420e-04
   3.59157947e+02   1.20477263e-04
   3.59158435e+02   3.74043593e-05
   3.59158924e+02   2.00150840e-04
   3.59159412e+02   2.69923592e-04
   3.59159900e+02  -1.36509479e-04
   3.59160389e+02  -6.26748428e-04
   3.59160877e+02  -8.43646703e-04
   3.59161365e+02  -8.92159005e-04
   3.59161854e+02  -6.96196803e-04
   3.59162342e+02  -8.29929486e-04
   3.59162830e+02  -1.14145526e-03
   3.59163319e+02  -8.00054462e-04
   3.59163807e+02  -1.74076937e-04
   3.59164295e+02   3.50999733e-04
   3.59164783e+02   4.63074364e-04
   3.59165272e+02  -1.97121233e-04
   3.59165760e+02  -9.60329780e-04
   3.59166248e+02  -7.71039631e-04
   3.59166737e+02  -2.07548546e-05
   3.59167225e+02   4.10390116e-04
   3.59167713e+02   3.86272179e-04
   3.59168202e+02   7.91868588e-05
   3.59168690e+02   8.58996355e-05
   3.59169178e+02   3.31500371e-04
   3.59169667e+02   1.68051905e-04
   3.59170155e+02  -1.27105333e-04
   3.59170643e+02  -1.31828201e-05
   3.59171131e+02   3.72013106e-04
   3.59171620e+02   5.96408558e-04
   3.59172108e+02   5.01071278e-04
   3.59172596e+02   3.51916475e-04
   3.59173085e+02   2.74264137e-04
   3.59173573e+02   3.93057126e-04
   3.59174061e+02   6.79848366e-04
   3.59174550e+02   6.86604879e-04
   3.59175038e+02   3.34976299e-04
   3.59175526e+02   1.67469509e-04
   3.59176015e+02   1.06974738e-04
   3.59176503e+02  -1.82759846e-04
   3.59176991e+02  -4.96059773e-04
   3.59177479e+02  -5.85203175e-04
   3.59177968e+02  -4.54931782e-04
   3.59178456e+02  -1.97319212e-04
   3.59178944e+02  -1.25055347e-04
   3.59179433e+02  -5.44409559e-04
   3.59179921e+02  -1.13837153e-03
   3.59180409e+02  -1.23335526e-03
   3.59180898e+02  -6.93574082e-04
   3.59181386e+02  -1.37492980e-05
   3.59181874e+02   3.56371078e-04
   3.59182363e+02   2.31175683e-04
   3.59182851e+02  -3.32955649e-04
   3.59183339e+02  -4.75882873e-04
   3.59183828e+02  -1.23690392e-04
   3.59184316e+02  -1.62846263e-04
   3.59184804e+02  -1.07288193e-04
   3.59185292e+02   4.63701959e-04
   3.59185781e+02   7.46203063e-04
   3.59186269e+02   6.33853953e-04
   3.59186757e+02   3.89543333e-04
   3.59187246e+02   1.05996529e-04
   3.59187734e+02   1.10331974e-04
   3.59188222e+02   2.88732932e-04
   3.59188711e+02   4.99385351e-04
   3.59189199e+02   5.14688785e-04
   3.59189687e+02   4.74625485e-05
   3.59190176e+02  -3.64495121e-04
   3.59190664e+02  -3.69925576e-04
   3.59191152e+02  -1.88293008e-04
   3.59191640e+02  -3.71986971e-06
   3.59192129e+02  -1.68675004e-04
   3.59192617e+02  -7.92233041e-04
   3.59193105e+02  -1.19818083e-03
   3.59193594e+02  -9.91954003e-04
   3.59194082e+02  -7.48318504e-04
   3.59194570e+02  -7.29363237e-04
   3.59195059e+02  -8.04786047e-04
   3.59195547e+02  -1.16148929e-03
   3.59196035e+02  -1.25990203e-03
   3.59196524e+02  -6.43550360e-04
   3.59197012e+02  -2.12844068e-04
   3.59197500e+02  -2.18077985e-04
   3.59197988e+02  -1.35607652e-05
   3.59198477e+02   4.72818705e-04
   3.59198965e+02   7.38128670e-04
   3.59199453e+02   6.27540925e-04
   3.59199942e+02   4.40132280e-04
   3.59200430e+02   1.34436428e-04
   3.59200918e+02  -2.10839207e-04
   3.59201407e+02  -2.94976460e-04
   3.59201895e+02  -1.67557428e-05
   3.59202383e+02   2.53191305e-04
   3.59202872e+02  -2.13975756e-04
   3.59203360e+02  -9.49870620e-04
   3.59203848e+02  -1.06887030e-03
   3.59204336e+02  -8.64738016e-04
   3.59204825e+02  -7.92396895e-04
   3.59205313e+02  -5.72765770e-04
   3.59205801e+02   6.78031647e-05
   3.59206290e+02   3.22971318e-04
   3.59206778e+02   7.70890765e-05
   3.59207266e+02   4.25463477e-05
   3.59207755e+02   3.31775700e-05
   3.59208243e+02   2.28622564e-04
   3.59208731e+02   4.00928053e-04
   3.59209220e+02  -1.88005215e-04
   3.59209708e+02  -9.67121101e-04
   3.59210196e+02  -9.21597821e-04
   3.59210684e+02  -3.18508857e-04
   3.59211173e+02  -1.65297242e-05
   3.59211661e+02   2.39571571e-04
   3.59212149e+02   6.17898419e-04
   3.59212638e+02   6.01621694e-04
   3.59213126e+02   1.28102925e-04
   3.59213614e+02  -1.41914294e-04
   3.59214103e+02  -2.15277571e-04
   3.59214591e+02  -4.90372127e-04
   3.59215079e+02  -4.48087580e-04
   3.59215568e+02  -3.84600542e-04
   3.59216056e+02  -5.27299941e-04
   3.59216544e+02  -6.80284065e-05
   3.59217032e+02   3.58877296e-04
   3.59217521e+02   1.06063613e-04
   3.59218009e+02   8.83536995e-05
   3.59218497e+02   3.87253618e-04
   3.59218986e+02   4.17448231e-04
   3.59219474e+02   4.17440751e-04
   3.59219962e+02   6.45988679e-04
   3.59220451e+02   7.71629508e-04
   3.59220939e+02   6.56221120e-04
   3.59221427e+02   2.62534886e-04
   3.59221916e+02  -2.80718581e-04
   3.59222404e+02  -4.11656772e-04
   3.59222892e+02  -3.81119957e-04
   3.59223381e+02  -6.00352651e-04
   3.59223869e+02  -7.51307467e-04
   3.59224357e+02  -6.43786509e-04
   3.59224845e+02  -4.16555093e-04
   3.59225334e+02  -3.09163617e-04
   3.59225822e+02  -2.29036494e-04
   3.59226310e+02   9.13573967e-05
   3.59226799e+02   5.65344410e-04
   3.59227287e+02   8.97381280e-04
   3.59227775e+02   9.71279340e-04
   3.59228264e+02   8.42906011e-04
   3.59228752e+02   4.05818893e-04
   3.59229240e+02   1.91288636e-05
   3.59229729e+02   1.53644301e-04
   3.59230217e+02   3.99868673e-04
   3.59230705e+02  -9.25581662e-06
   3.59231193e+02  -4.79736540e-04
   3.59231682e+02  -2.14137937e-04
   3.59232170e+02   1.48134655e-04
   3.59232658e+02   1.52477223e-04
   3.59233147e+02  -1.49157049e-05
   3.59233635e+02  -2.77818064e-04
   3.59234123e+02  -2.48564407e-04
   3.59234612e+02   1.96624169e-04
   3.59235100e+02   3.95882118e-04
   3.59235588e+02   3.04541405e-04
   3.59236077e+02   3.35847726e-04
   3.59236565e+02   3.67460627e-04
   3.59237053e+02   1.76592424e-04
   3.59237541e+02   2.32703009e-04
   3.59238030e+02   4.58150229e-04
   3.59238518e+02   6.15157362e-04
   3.59239006e+02   7.33084220e-04
   3.59239495e+02   1.43774698e-04
   3.59239983e+02  -8.45543575e-04
   3.59240471e+02  -1.05753320e-03
   3.59240960e+02  -3.89574940e-04
   3.59241448e+02   2.96747803e-05
   3.59241936e+02  -3.71294387e-04
   3.59242425e+02  -5.87487535e-04
   3.59242913e+02  -1.41541619e-04
   3.59243401e+02   2.29617741e-04
   3.59243889e+02   4.50219988e-04
   3.59244378e+02   8.57498380e-04
   3.59244866e+02   9.88094718e-04
   3.59245354e+02   4.14330367e-04
   3.59245843e+02  -1.32080444e-04
   3.59246331e+02  -6.53461830e-05
   3.59246819e+02   7.28799569e-05
   3.59247308e+02   1.02290593e-04
   3.59247796e+02   3.21850355e-04
   3.59248284e+02   6.62735838e-04
   3.59248773e+02   9.74966446e-04
   3.59249261e+02   8.36925814e-04
   3.59249749e+02   1.84619130e-04
   3.59250237e+02  -4.48884326e-04
   3.59250726e+02  -7.63105752e-04
   3.59251214e+02  -8.08132056e-04
   3.59251702e+02  -8.10372643e-04
   3.59252191e+02  -7.47266400e-04
   3.59252679e+02  -4.62059863e-04
   3.59253167e+02  -1.39641459e-04
   3.59253656e+02   3.22829233e-04
   3.59254144e+02   6.94100629e-04
   3.59254632e+02   2.59914843e-04
   3.59255121e+02  -8.57086387e-04
   3.59255609e+02  -1.59317488e-03
   3.59256097e+02  -1.46041682e-03
   3.59256585e+02  -1.02516427e-03
   3.59257074e+02  -3.53568816e-04
   3.59257562e+02   3.03772802e-04
   3.59258050e+02   3.94481001e-04
   3.59258539e+02   3.61575017e-04
   3.59259027e+02   5.03356277e-04
   3.59259515e+02   4.33900277e-04
   3.59260004e+02   2.11418301e-04
   3.59260492e+02   1.66523969e-04
   3.59260980e+02   4.13738715e-04
   3.59261469e+02   5.25190437e-04
   3.59261957e+02   1.42102988e-04
   3.59262445e+02  -4.53478016e-04
   3.59262934e+02  -6.87129446e-04
   3.59263422e+02  -3.93660739e-04
   3.59263910e+02  -2.13623236e-04
   3.59264398e+02  -3.16113263e-04
   3.59264887e+02  -2.31028956e-04
   3.59265375e+02  -1.46936887e-04
   3.59265863e+02  -3.21935746e-04
   3.59266352e+02  -7.08716805e-04
   3.59266840e+02  -7.66636280e-04
   3.59267328e+02  -4.32677742e-04
   3.59267817e+02  -2.38815934e-04
   3.59268305e+02  -6.21536819e-05
   3.59268793e+02   2.32441977e-04
   3.59269282e+02   2.60733825e-04
   3.59269770e+02   1.44247926e-04
   3.59270258e+02   9.74417053e-05
   3.59270746e+02  -1.09169501e-04
   3.59271235e+02  -7.20164040e-04
   3.59271723e+02  -9.23745451e-04
   3.59272211e+02  -2.08790560e-04
   3.59272700e+02   5.54020517e-04
   3.59273188e+02   9.03210312e-04
   3.59273676e+02   8.53920239e-04
   3.59274165e+02   3.49218637e-04
   3.59274653e+02  -1.15915318e-04
   3.59275141e+02   7.94166990e-05
   3.59275630e+02   4.55702364e-04
   3.59276118e+02   5.40274486e-04
   3.59276606e+02   5.27662400e-04
   3.59277094e+02   2.75274127e-04
   3.59277583e+02  -1.93770655e-04
   3.59278071e+02  -3.70791211e-04
   3.59278559e+02  -1.34036934e-04
   3.59279048e+02  -5.75616068e-05
   3.59279536e+02  -4.43029596e-04
   3.59280024e+02  -7.74280285e-04
   3.59280513e+02  -5.69218653e-04
   3.59281001e+02  -2.17296925e-04
   3.59281489e+02  -4.37428156e-04
   3.59281978e+02  -9.94766015e-04
   3.59282466e+02  -8.52629542e-04
   3.59282954e+02  -7.26921498e-05
   3.59283442e+02   4.52529785e-04
   3.59283931e+02   6.15223253e-04
   3.59284419e+02   5.61887340e-04
   3.59284907e+02   3.17667611e-04
   3.59285396e+02   1.50733031e-04
   3.59285884e+02   4.17951233e-04
   3.59286372e+02   8.07028962e-04
   3.59286861e+02   7.29316031e-04
   3.59287349e+02   4.08870314e-04
   3.59287837e+02   7.08748994e-05
   3.59288326e+02  -8.77256389e-06
   3.59288814e+02   3.69123038e-04
   3.59289302e+02   3.97033233e-04
   3.59289790e+02  -9.94572547e-05
   3.59290279e+02  -3.96499905e-04
   3.59290767e+02  -4.07518412e-04
   3.59291255e+02  -2.70273420e-04
   3.59291744e+02  -1.03588980e-04
   3.59292232e+02  -1.15738922e-05
   3.59292720e+02   1.30263188e-05
   3.59293209e+02   1.22092082e-04
   3.59293697e+02   1.89510145e-04
   3.59294185e+02  -6.59704747e-05
   3.59294674e+02  -2.74408667e-04
   3.59295162e+02  -5.67240786e-05
   3.59295650e+02   3.36916681e-04
   3.59296138e+02   5.51628415e-04
   3.59296627e+02   4.01719968e-04
   3.59297115e+02  -5.43148817e-05
   3.59297603e+02  -3.44264728e-04
   3.59298092e+02  -1.04207065e-04
   3.59298580e+02   1.11029614e-04
   3.59299068e+02  -3.40873143e-04
   3.59299557e+02  -7.22937635e-04
   3.59300045e+02  -6.14025106e-04
   3.59300533e+02  -5.49164077e-04
   3.59301022e+02  -2.15383028e-04
   3.59301510e+02   2.26870950e-04
   3.59301998e+02  -9.95131268e-06
   3.59302487e+02  -2.27209384e-04
   3.59302975e+02   9.28072186e-05
   3.59303463e+02   1.34089889e-04
   3.59303951e+02  -6.79185396e-05
   3.59304440e+02   2.10907529e-05
   3.59304928e+02   4.28153362e-06
   3.59305416e+02   1.87690530e-05
   3.59305905e+02   3.75564123e-04
   3.59306393e+02   5.05259261e-04
   3.59306881e+02   1.11800982e-04
   3.59307370e+02  -4.95966757e-04
   3.59307858e+02  -5.88158960e-04
   3.59308346e+02  -2.15718159e-04
   3.59308835e+02  -8.54613245e-05
   3.59309323e+02  -2.10803613e-04
   3.59309811e+02  -3.45439708e-04
   3.59310299e+02  -3.57398560e-04
   3.59310788e+02  -3.48943897e-04
   3.59311276e+02  -4.15220362e-04
   3.59311764e+02  -2.69999466e-04
   3.59312253e+02   1.07493624e-05
   3.59312741e+02  -1.10544279e-04
   3.59313229e+02  -4.22035577e-04
   3.59313718e+02  -2.30836493e-04
   3.59314206e+02   4.00418830e-05
   3.59314694e+02  -2.38411012e-04
   3.59315183e+02  -3.66586435e-04
   3.59315671e+02  -1.93102082e-04
   3.59316159e+02   4.55910995e-05
   3.59316647e+02   3.85118212e-04
   3.59317136e+02   3.67438217e-04
   3.59317624e+02  -1.73310127e-05
   3.59318112e+02  -2.42156588e-04
   3.59318601e+02  -1.24569604e-04
   3.59319089e+02   9.44879430e-05
   3.59319577e+02   9.65604486e-05
   3.59320066e+02  -1.37093724e-04
   3.59320554e+02  -4.73772234e-04
   3.59321042e+02  -7.73381675e-04
   3.59321531e+02  -6.34373166e-04
   3.59322019e+02  -1.00022931e-04
   3.59322507e+02   7.25966220e-06
   3.59322995e+02  -1.65472462e-04
   3.59323484e+02  -9.51063921e-05
   3.59323972e+02   4.47473576e-05
   3.59324460e+02   2.64246744e-04
   3.59324949e+02  -5.64432157e-05
   3.59325437e+02  -8.25623458e-04
   3.59325925e+02  -9.46009124e-04
   3.59326414e+02  -8.47341871e-05
   3.59326902e+02   6.43857347e-04
   3.59327390e+02   6.42596453e-04
   3.59327879e+02   2.90840486e-04
   3.59328367e+02   2.39505011e-04
   3.59328855e+02   3.88554356e-04
   3.59329343e+02   4.07944317e-04
   3.59329832e+02   3.48118134e-04
   3.59330320e+02   6.16402322e-05
   3.59330808e+02  -2.92693003e-05
   3.59331297e+02   9.30685346e-05
   3.59331785e+02  -2.06295328e-04
   3.59332273e+02  -4.13654430e-04
   3.59332762e+02  -2.56858621e-04
   3.59333250e+02  -1.74996399e-04
   3.59333738e+02  -1.33337569e-04
   3.59334227e+02  -2.37594606e-04
   3.59334715e+02  -5.32020407e-04
   3.59335203e+02  -6.74095936e-04
   3.59335691e+02  -4.67109116e-04
   3.59336180e+02  -2.08011683e-04
   3.59336668e+02  -2.14583342e-04
   3.59337156e+02  -9.04907210e-05
   3.59337645e+02   1.92175517e-04
   3.59338133e+02  -1.04633182e-05
   3.59338621e+02  -2.74548162e-04
   3.59339110e+02   1.01336977e-04
   3.59339598e+02   3.04061745e-04
   3.59340086e+02  -1.67660473e-05
   3.59340575e+02   1.16521463e-04
   3.59341063e+02   4.50445397e-04
   3.59341551e+02   1.63596967e-04
   3.59342040e+02   5.27239463e-05
   3.59342528e+02   7.15027738e-04
   3.59343016e+02   7.79927184e-04
   3.59343504e+02   3.24678913e-05
   3.59343993e+02  -1.68281884e-04
   3.59344481e+02   2.42739072e-04
   3.59344969e+02   3.12437798e-04
   3.59345458e+02  -3.88623041e-04
   3.59345946e+02  -1.13884325e-03
   3.59346434e+02  -9.32984578e-04
   3.59346923e+02  -4.84813994e-04
   3.59347411e+02  -4.43887810e-04
   3.59347899e+02  -2.93434277e-04
   3.59348388e+02  -2.90256430e-04
   3.59348876e+02  -7.23235076e-04
   3.59349364e+02  -8.11668404e-04
   3.59349852e+02  -3.55643104e-04
   3.59350341e+02  -2.63905099e-06
   3.59350829e+02  -3.31497431e-05
   3.59351317e+02  -2.23315059e-04
   3.59351806e+02  -3.56462784e-04
   3.59352294e+02  -1.96943307e-04
   3.59352782e+02   1.34999907e-04
   3.59353271e+02   1.36241011e-04
   3.59353759e+02  -4.25272119e-05
   3.59354247e+02   1.17223492e-04
   3.59354736e+02   5.97571488e-04
   3.59355224e+02   6.95013790e-04
   3.59355712e+02   2.96442304e-04
   3.59356200e+02   2.45258416e-04
   3.59356689e+02   4.38408373e-04
   3.59357177e+02   5.64793067e-04
   3.59357665e+02   8.39457207e-04
   3.59358154e+02   8.64894944e-04
   3.59358642e+02   4.55633388e-04
   3.59359130e+02  -1.22036538e-04
   3.59359619e+02  -6.41765713e-04
   3.59360107e+02  -6.14626624e-04
   3.59360595e+02  -6.72569804e-05
   3.59361084e+02   3.43902851e-04
   3.59361572e+02   4.52213280e-04
   3.59362060e+02   5.05841046e-04
   3.59362548e+02   4.80124494e-04
   3.59363037e+02   4.71060019e-04
   3.59363525e+02   5.59563050e-04
   3.59364013e+02   4.10741515e-04
   3.59364502e+02   1.58245399e-04
   3.59364990e+02   3.78011784e-04
   3.59365478e+02   8.72178585e-04
   3.59365967e+02   9.60613659e-04
   3.59366455e+02   5.27580560e-04
   3.59366943e+02   3.26402136e-04
   3.59367432e+02   2.90415162e-04
   3.59367920e+02  -1.42155812e-04
   3.59368408e+02  -5.73802914e-04
   3.59368896e+02  -8.36471270e-04
   3.59369385e+02  -1.26001111e-03
   3.59369873e+02  -1.15667097e-03
   3.59370361e+02  -4.53979941e-04
   3.59370850e+02  -1.93171509e-04
   3.59371338e+02  -6.37240300e-05
   3.59371826e+02   4.76428366e-04
   3.59372315e+02   7.83936994e-04
   3.59372803e+02   7.36485817e-04
   3.59373291e+02   7.86643010e-04
   3.59373780e+02   6.63450512e-04
   3.59374268e+02   2.43767558e-04
   3.59374756e+02   6.56395196e-06
   3.59375244e+02  -1.35995942e-04
   3.59375733e+02  -1.64027690e-04
   3.59376221e+02   2.45677540e-04
   3.59376709e+02   6.61433500e-04
   3.59377198e+02   4.97496978e-04
   3.59377686e+02   8.52902122e-06
   3.59378174e+02  -8.57249179e-05
   3.59378663e+02   8.41704459e-05
   3.59379151e+02   1.48059917e-04
   3.59379639e+02   1.21594152e-04
   3.59380128e+02   6.31559597e-05
   3.59380616e+02  -1.84104174e-05
   3.59381104e+02  -1.52777749e-04
   3.59381593e+02  -1.49488769e-04
   3.59382081e+02   2.35984306e-04
   3.59382569e+02   4.14309907e-04
   3.59383057e+02   2.30837308e-04
   3.59383546e+02   2.06058117e-04
   3.59384034e+02   4.41479322e-04
   3.59384522e+02   3.55121389e-04
   3.59385011e+02  -3.66903521e-04
   3.59385499e+02  -6.68382912e-04
   3.59385987e+02  -2.69516342e-04
   3.59386476e+02  -2.51199945e-05
   3.59386964e+02   4.06529653e-05
   3.59387452e+02   1.85240337e-04
   3.59387941e+02   2.66762538e-04
   3.59388429e+02   1.11307680e-04
   3.59388917e+02   2.23580428e-04
   3.59389405e+02   5.40170178e-04
   3.59389894e+02   1.85900921e-04
   3.59390382e+02  -2.52436526e-04
   3.59390870e+02  -1.15325216e-04
   3.59391359e+02   1.22067809e-06
   3.59391847e+02   7.15362185e-05
   3.59392335e+02   1.98874099e-04
   3.59392824e+02   4.41422271e-05
   3.59393312e+02  -1.78750168e-04
   3.59393800e+02  -4.53903252e-04
   3.59394289e+02  -7.11024273e-04
   3.59394777e+02  -3.80295649e-04
   3.59395265e+02  -5.77936362e-06
   3.59395753e+02  -3.58860998e-04
   3.59396242e+02  -6.60975638e-04
   3.59396730e+02  -4.88379213e-04
   3.59397218e+02  -1.60673575e-04
   3.59397707e+02   3.06030095e-04
   3.59398195e+02   7.12161418e-04
   3.59398683e+02   4.06654377e-04
   3.59399172e+02  -5.90832264e-04
   3.59399660e+02  -8.05053452e-04
   3.59400148e+02   8.55784310e-05
   3.59400637e+02   5.62668080e-04
   3.59401125e+02   3.72714188e-04
   3.59401613e+02   1.76862406e-04
   3.59402101e+02   2.02755196e-04
   3.59402590e+02   4.57591959e-04
   3.59403078e+02   6.00818428e-04
   3.59403566e+02   5.06366137e-04
   3.59404055e+02   4.86265199e-04
   3.59404543e+02   5.15164633e-04
   3.59405031e+02   2.63791619e-04
   3.59405520e+02   2.27456203e-05
   3.59406008e+02   1.51549364e-04
   3.59406496e+02   4.67746402e-04
   3.59406985e+02   3.87341483e-04
   3.59407473e+02   4.57751266e-05
   3.59407961e+02  -1.06113832e-04
   3.59408449e+02   1.35017153e-05
   3.59408938e+02   2.78165477e-04
   3.59409426e+02   3.99764656e-04
   3.59409914e+02   2.93341553e-04
   3.59410403e+02   1.15222610e-04
   3.59410891e+02   2.70241962e-05
   3.59411379e+02   3.47650086e-04
   3.59411868e+02   6.60204503e-04
   3.59412356e+02   2.08365353e-04
   3.59412844e+02  -1.91374827e-04
   3.59413333e+02  -6.55178928e-06
   3.59413821e+02   1.72250147e-04
   3.59414309e+02   2.54854531e-04
   3.59414797e+02   3.93388560e-04
   3.59415286e+02   2.81422079e-04
   3.59415774e+02  -2.02224779e-04
   3.59416262e+02  -3.00393149e-04
   3.59416751e+02  -8.79703366e-05
   3.59417239e+02  -3.02489672e-04
   3.59417727e+02  -4.98448906e-04
   3.59418216e+02  -3.09212512e-04
   3.59418704e+02  -1.71131484e-04
   3.59419192e+02  -7.26060534e-05
   3.59419681e+02   1.35313836e-04
   3.59420169e+02   1.22658661e-04
   3.59420657e+02   5.06902434e-05
   3.59421146e+02   2.30958729e-04
   3.59421634e+02   4.93413885e-04
   3.59422122e+02   5.27953263e-04
   3.59422610e+02   3.46076238e-04
   3.59423099e+02   1.90065606e-04
   3.59423587e+02   1.26800020e-04
   3.59424075e+02   1.95390094e-04
   3.59424564e+02   6.95240014e-05
   3.59425052e+02  -2.95597449e-04
   3.59425540e+02  -4.32699511e-04
   3.59426029e+02  -3.95262818e-04
   3.59426517e+02  -4.20621946e-04
   3.59427005e+02  -4.85938945e-04
   3.59427494e+02  -6.11015828e-04
   3.59427982e+02  -6.76593627e-04
   3.59428470e+02  -8.45727220e-04
   3.59428958e+02  -6.49594644e-04
   3.59429447e+02  -3.83409179e-06
   3.59429935e+02   2.08784491e-04
   3.59430423e+02   7.73553184e-05
   3.59430912e+02  -7.14695170e-06
   3.59431400e+02  -2.99501873e-04
   3.59431888e+02  -5.24759816e-04
   3.59432377e+02  -4.56077076e-04
   3.59432865e+02  -2.20501504e-04
   3.59433353e+02   3.71551541e-05
   3.59433842e+02  -1.10102403e-04
   3.59434330e+02  -6.56334509e-04
   3.59434818e+02  -7.71056162e-04
   3.59435306e+02  -4.50455060e-04
   3.59435795e+02  -3.36768600e-04
   3.59436283e+02  -1.07899505e-04
   3.59436771e+02   4.21608042e-04
   3.59437260e+02   6.07465860e-04
   3.59437748e+02   2.39715373e-04
   3.59438236e+02  -2.00499926e-04
   3.59438725e+02  -3.25581961e-04
   3.59439213e+02  -4.14252834e-04
   3.59439701e+02  -5.84280642e-04
   3.59440190e+02  -4.91848856e-04
   3.59440678e+02  -4.42636578e-04
   3.59441166e+02  -5.34874329e-04
   3.59441654e+02  -2.07483434e-04
   3.59442143e+02   1.77979746e-04
   3.59442631e+02   6.27272602e-05
   3.59443119e+02  -2.55321938e-04
   3.59443608e+02  -3.59761412e-04
   3.59444096e+02  -1.73633583e-04
   3.59444584e+02   2.59592252e-05
   3.59445073e+02  -6.17507758e-05
   3.59445561e+02  -2.14995904e-04
   3.59446049e+02  -2.39699657e-04
   3.59446538e+02  -2.19394118e-04
   3.59447026e+02  -1.88412247e-04
   3.59447514e+02   1.24565122e-04
   3.59448002e+02   4.66114725e-04
   3.59448491e+02   5.42142334e-05
   3.59448979e+02  -4.73774766e-04
   3.59449467e+02  -2.93646939e-04
   3.59449956e+02   5.39506436e-05
   3.59450444e+02   3.37743973e-06
   3.59450932e+02  -1.53974688e-05
   3.59451421e+02   2.00447452e-04
   3.59451909e+02   2.26892909e-04
   3.59452397e+02   1.86501420e-04
   3.59452886e+02   1.07827640e-04
   3.59453374e+02  -2.78359832e-04
   3.59453862e+02  -5.62948873e-04
   3.59454350e+02  -3.63626576e-04
   3.59454839e+02   1.68260653e-04
   3.59455327e+02   7.94205582e-04
   3.59455815e+02   8.45561910e-04
   3.59456304e+02   1.58202733e-04
   3.59456792e+02  -3.99170181e-04
   3.59457280e+02  -4.83698939e-04
   3.59457769e+02  -1.94809167e-04
   3.59458257e+02   3.28332564e-04
   3.59458745e+02   3.95954412e-04
   3.59459234e+02  -4.88257392e-05
   3.59459722e+02  -1.47775310e-04
   3.59460210e+02   1.09451896e-04
   3.59460699e+02   3.53926094e-04
   3.59461187e+02   6.00043859e-04
   3.59461675e+02   8.17833759e-04
   3.59462163e+02   1.10418140e-03
   3.59462652e+02   1.29221589e-03
   3.59463140e+02   1.03947567e-03
   3.59463628e+02   7.98984838e-04
   3.59464117e+02   7.61262490e-04
   3.59464605e+02   3.88453947e-04
   3.59465093e+02  -4.13751637e-04
   3.59465582e+02  -9.37030767e-04
   3.59466070e+02  -6.79086079e-04
   3.59466558e+02  -3.91132140e-04
   3.59467047e+02  -4.12377762e-04
   3.59467535e+02  -4.89251397e-04
   3.59468023e+02  -7.55249639e-04
   3.59468511e+02  -6.95474853e-04
   3.59469000e+02   3.57113422e-05
   3.59469488e+02   5.79446554e-04
   3.59469976e+02   5.56422456e-04
   3.59470465e+02   3.90211819e-04
   3.59470953e+02   1.09771281e-04
   3.59471441e+02  -2.54094834e-04
   3.59471930e+02  -4.86418488e-04
   3.59472418e+02  -5.48327982e-04
   3.59472906e+02  -5.48172335e-04
   3.59473395e+02  -4.75926965e-04
   3.59473883e+02  -4.69691702e-04
   3.59474371e+02  -4.88995167e-04
   3.59474859e+02  -1.06713946e-04
   3.59475348e+02   3.62348190e-04
   3.59475836e+02   3.17925616e-04
   3.59476324e+02   1.62468539e-04
   3.59476813e+02   2.44556839e-04
   3.59477301e+02   1.57365444e-04
   3.59477789e+02  -2.61863635e-04
   3.59478278e+02  -6.21448795e-04
   3.59478766e+02  -4.36685514e-04
   3.59479254e+02   1.22198762e-04
   3.59479743e+02   3.07500537e-04
   3.59480231e+02   5.83541332e-05
   3.59480719e+02   2.82292185e-05
   3.59481207e+02   2.14428510e-04
   3.59481696e+02   2.75994244e-04
   3.59482184e+02   2.99754669e-04
   3.59482672e+02   3.98487318e-04
   3.59483161e+02   7.02367746e-04
   3.59483649e+02   7.62749638e-04
   3.59484137e+02   3.75968142e-04
   3.59484626e+02   5.27711090e-05
   3.59485114e+02   1.36767980e-04
   3.59485602e+02   4.23185702e-04
   3.59486091e+02   1.41247961e-04
   3.59486579e+02  -4.09312459e-04
   3.59487067e+02  -4.03769402e-04
   3.59487555e+02  -1.36509610e-04
   3.59488044e+02   2.96256796e-04
   3.59488532e+02   6.33379677e-04
   3.59489020e+02   2.63089605e-04
   3.59489509e+02  -2.93445220e-04
   3.59489997e+02  -5.18264482e-04
   3.59490485e+02  -6.74579176e-04
   3.59490974e+02  -7.84449046e-04
   3.59491462e+02  -8.05227435e-04
   3.59491950e+02  -8.22419708e-04
   3.59492439e+02  -6.26778463e-04
   3.59492927e+02  -1.40792908e-04
   3.59493415e+02   1.81259064e-04
   3.59493903e+02   6.38520287e-05
   3.59494392e+02  -1.19606535e-04
   3.59494880e+02   2.71186087e-04
   3.59495368e+02   9.22378094e-04
   3.59495857e+02   9.74299910e-04
   3.59496345e+02   5.35521132e-04
   3.59496833e+02   2.91145698e-04
   3.59497322e+02   1.18481497e-04
   3.59497810e+02  -1.28820800e-04
   3.59498298e+02   4.96356632e-04
   3.59498787e+02   1.42308045e-03
   3.59499275e+02   1.20243349e-03
   3.59499763e+02   4.93495842e-04
   3.59500252e+02  -2.60764326e-04
   3.59500740e+02  -7.29640131e-04
   3.59501228e+02  -5.88337367e-04
   3.59501716e+02  -3.43095657e-04
   3.59502205e+02  -5.72324730e-04
   3.59502693e+02  -9.42079991e-04
   3.59503181e+02  -8.26486270e-04
   3.59503670e+02  -2.67373282e-04
   3.59504158e+02  -7.59663963e-05
   3.59504646e+02  -5.10042068e-04
   3.59505135e+02  -8.67972209e-04
   3.59505623e+02  -1.02986826e-03
   3.59506111e+02  -1.11710071e-03
   3.59506600e+02  -7.64477183e-04
   3.59507088e+02  -2.21157097e-04
   3.59507576e+02  -2.15594409e-04
   3.59508064e+02  -6.66775741e-04
   3.59508553e+02  -7.02056219e-04
   3.59509041e+02  -2.67046242e-04
   3.59509529e+02  -3.72118884e-05
   3.59510018e+02  -3.12796707e-04
   3.59510506e+02  -8.76388862e-04
   3.59510994e+02  -1.29473011e-03
   3.59511483e+02  -9.72419803e-04
   3.59511971e+02  -7.56116860e-05
   3.59512459e+02   2.10953207e-04
   3.59512948e+02  -9.86901068e-05
   3.59513436e+02  -2.45757808e-04
   3.59513924e+02  -4.65143123e-04
   3.59514412e+02  -4.75458190e-04
   3.59514901e+02  -7.12924302e-05
   3.59515389e+02   1.39159238e-04
   3.59515877e+02   2.33120198e-04
   3.59516366e+02   4.90178412e-04
   3.59516854e+02   5.46626165e-04
   3.59517342e+02   2.53469858e-04
   3.59517831e+02  -6.55963740e-05
   3.59518319e+02  -3.25300760e-04
   3.59518807e+02  -2.86972325e-04
   3.59519296e+02   5.17419430e-05
   3.59519784e+02   3.60724778e-04
   3.59520272e+02   2.47688731e-04
   3.59520760e+02  -3.20011080e-04
   3.59521249e+02  -6.49468566e-04
   3.59521737e+02  -5.59550535e-04
   3.59522225e+02  -1.75632813e-04
   3.59522714e+02   3.91419366e-04
   3.59523202e+02   6.89926674e-04
   3.59523690e+02   2.29751327e-04
   3.59524179e+02  -4.24468017e-04
   3.59524667e+02  -3.61703336e-04
   3.59525155e+02   1.27911975e-04
   3.59525644e+02   3.83149978e-04
   3.59526132e+02   2.98946368e-04
   3.59526620e+02   3.47422465e-04
   3.59527108e+02   7.91251659e-04
   3.59527597e+02   9.78663098e-04
   3.59528085e+02   7.01044104e-04
   3.59528573e+02   4.39302821e-04
   3.59529062e+02   2.18182264e-04
   3.59529550e+02   2.34268824e-04
   3.59530038e+02   3.57901503e-04
   3.59530527e+02  -1.64471188e-04
   3.59531015e+02  -3.54421005e-04
   3.59531503e+02   5.03361167e-04
   3.59531992e+02   6.13302167e-04
   3.59532480e+02  -2.03248026e-04
   3.59532968e+02  -2.06979821e-04
   3.59533456e+02   3.47142603e-04
   3.59533945e+02   3.14016303e-04
   3.59534433e+02   8.62958768e-05
   3.59534921e+02   4.08858323e-04
   3.59535410e+02   6.66517240e-04
   3.59535898e+02   1.97467045e-04
   3.59536386e+02  -5.43963397e-04
   3.59536875e+02  -1.03458425e-03
   3.59537363e+02  -1.15780509e-03
   3.59537851e+02  -8.06269760e-04
   3.59538340e+02  -2.89857737e-04
   3.59538828e+02   7.31385444e-05
   3.59539316e+02   3.72739334e-04
   3.59539805e+02  -6.74058610e-05
   3.59540293e+02  -8.64600413e-04
   3.59540781e+02  -5.32790960e-04
   3.59541269e+02   1.73273016e-04
   3.59541758e+02  -1.21924386e-04
   3.59542246e+02  -6.03226421e-04
   3.59542734e+02  -6.03049994e-04
   3.59543223e+02  -4.39336145e-04
   3.59543711e+02  -1.98691225e-04
   3.59544199e+02  -1.37503303e-04
   3.59544688e+02  -3.44086380e-04
   3.59545176e+02  -4.00369347e-04
   3.59545664e+02  -3.35790246e-04
   3.59546153e+02  -2.91050033e-04
   3.59546641e+02  -2.41955539e-04
   3.59547129e+02  -2.65475042e-04
   3.59547617e+02  -4.78454429e-04
   3.59548106e+02  -3.72636074e-04
   3.59548594e+02   3.53500916e-04
   3.59549082e+02   1.13206625e-03
   3.59549571e+02   1.06827519e-03
   3.59550059e+02   3.95370793e-04
   3.59550547e+02   2.56505882e-05
   3.59551036e+02  -1.58502968e-04
   3.59551524e+02  -3.69731773e-04
   3.59552012e+02  -3.89685156e-04
   3.59552501e+02  -2.43206960e-04
   3.59552989e+02   9.99325930e-05
   3.59553477e+02   5.87842485e-04
   3.59553965e+02   9.07036127e-04
   3.59554454e+02   1.05558755e-03
   3.59554942e+02   1.10248732e-03
   3.59555430e+02   6.87762978e-04
   3.59555919e+02   7.97096727e-05
   3.59556407e+02  -8.12054423e-05
   3.59556895e+02   1.86159130e-04
   3.59557384e+02   7.44657955e-05
   3.59557872e+02  -4.22839687e-04
   3.59558360e+02  -4.77018795e-04
   3.59558849e+02  -2.19731388e-04
   3.59559337e+02  -1.37078887e-05
   3.59559825e+02  -1.45303027e-04
   3.59560313e+02  -4.29246167e-04
   3.59560802e+02  -2.23260184e-04
   3.59561290e+02  -4.12796180e-05
   3.59561778e+02  -3.72101116e-04
   3.59562267e+02  -6.64168561e-04
   3.59562755e+02  -4.99322894e-04
   3.59563243e+02  -1.86905527e-04
   3.59563732e+02  -4.03589336e-04
   3.59564220e+02  -5.91870747e-04
   3.59564708e+02  -2.22339877e-04
   3.59565197e+02   1.78087663e-04
   3.59565685e+02   3.72450304e-04
   3.59566173e+02   4.51610947e-04
   3.59566661e+02   3.32308176e-04
   3.59567150e+02  -1.20367185e-04
   3.59567638e+02  -5.09416277e-04
   3.59568126e+02  -6.23698230e-04
   3.59568615e+02  -5.72299934e-04
   3.59569103e+02  -1.82477248e-04
   3.59569591e+02   3.95296607e-04
   3.59570080e+02   5.68150659e-04
   3.59570568e+02   3.99394310e-04
   3.59571056e+02   3.88261426e-04
   3.59571545e+02   5.63796144e-04
   3.59572033e+02   2.79733882e-04
   3.59572521e+02  -2.43956129e-05
   3.59573009e+02   4.10356122e-04
   3.59573498e+02   7.30475120e-04
   3.59573986e+02   5.85687172e-04
   3.59574474e+02   2.70398916e-04
   3.59574963e+02  -2.90134412e-05
   3.59575451e+02   1.33053283e-04
   3.59575939e+02   1.26931831e-04
   3.59576428e+02  -5.75405837e-04
   3.59576916e+02  -9.30648705e-04
   3.59577404e+02  -4.99995716e-04
   3.59577893e+02   6.18746781e-05
   3.59578381e+02  -1.67105405e-04
   3.59578869e+02  -9.60947073e-04
   3.59579357e+02  -1.13911927e-03
   3.59579846e+02  -6.34012627e-04
   3.59580334e+02   9.19289450e-05
   3.59580822e+02   5.09301084e-04
   3.59581311e+02   1.58374285e-04
   3.59581799e+02  -3.43528460e-04
   3.59582287e+02  -1.21398756e-04
   3.59582776e+02   2.24333358e-04
   3.59583264e+02  -2.26416290e-04
   3.59583752e+02  -4.31579334e-04
   3.59584241e+02   1.27839550e-04
   3.59584729e+02   4.70241270e-04
   3.59585217e+02   7.50921085e-04
   3.59585706e+02   8.49276723e-04
   3.59586194e+02   3.91617214e-04
   3.59586682e+02   1.62473967e-04
   3.59587170e+02   2.35453306e-04
   3.59587659e+02   1.90270803e-04
   3.59588147e+02  -2.95610924e-04
   3.59588635e+02  -1.14851911e-03
   3.59589124e+02  -1.43119134e-03
   3.59589612e+02  -8.47390678e-04
   3.59590100e+02  -3.32893862e-04
   3.59590589e+02  -3.51335097e-04
   3.59591077e+02  -3.28836613e-04
   3.59591565e+02   9.09789233e-05
   3.59592054e+02   8.36779014e-04
   3.59592542e+02   1.27244904e-03
   3.59593030e+02   8.69496784e-04
   3.59593518e+02   5.66214789e-04
   3.59594007e+02   8.22135713e-04
   3.59594495e+02   9.29809990e-04
   3.59594983e+02   6.42158149e-04
   3.59595472e+02   2.16283534e-05
   3.59595960e+02  -5.59216773e-04
   3.59596448e+02  -5.16617147e-04
   3.59596937e+02  -3.78844124e-04
   3.59597425e+02  -5.59090578e-04
   3.59597913e+02  -4.33079345e-04
   3.59598402e+02  -2.40444264e-04
   3.59598890e+02  -3.82387894e-04
   3.59599378e+02  -6.29622489e-04
   3.59599866e+02  -1.11818651e-03
   3.59600355e+02  -1.49685983e-03
   3.59600843e+02  -1.09255884e-03
   3.59601331e+02  -1.03336584e-04
   3.59601820e+02   4.85332537e-04
   3.59602308e+02   5.94291894e-04
   3.59602796e+02   7.97550252e-04
   3.59603285e+02   8.55923572e-04
   3.59603773e+02   3.22779582e-04
   3.59604261e+02  -3.30467650e-04
   3.59604750e+02  -5.16806729e-04
   3.59605238e+02  -5.13716892e-04
   3.59605726e+02  -3.97326599e-04
   3.59606214e+02  -2.23276162e-04
   3.59606703e+02  -9.58139208e-05
   3.59607191e+02   6.72810056e-05
   3.59607679e+02  -4.31972767e-05
   3.59608168e+02  -5.11886959e-04
   3.59608656e+02  -6.69002824e-04
   3.59609144e+02  -2.70936696e-04
   3.59609633e+02   1.03325736e-04
   3.59610121e+02   9.99401600e-05
   3.59610609e+02  -6.16394100e-05
   3.59611098e+02  -1.43561934e-04
   3.59611586e+02  -6.53391689e-05
   3.59612074e+02  -1.09066255e-04
   3.59612562e+02  -4.54489753e-04
   3.59613051e+02  -3.84058891e-04
   3.59613539e+02   2.85399670e-04
   3.59614027e+02   9.26106819e-04
   3.59614516e+02   8.52816971e-04
   3.59615004e+02   2.98677216e-04
   3.59615492e+02   2.48022843e-04
   3.59615981e+02   5.64321177e-04
   3.59616469e+02   3.74831492e-04
   3.59616957e+02  -3.59301834e-04
   3.59617446e+02  -8.25154944e-04
   3.59617934e+02  -3.55227268e-04
   3.59618422e+02   5.01703646e-04
   3.59618910e+02   3.62198480e-04
   3.59619399e+02  -4.11009503e-04
   3.59619887e+02  -5.51297679e-04
   3.59620375e+02  -1.26862869e-04
   3.59620864e+02   2.25320458e-04
   3.59621352e+02  -7.54688153e-05
   3.59621840e+02  -6.31701201e-04
   3.59622329e+02  -1.05057086e-03
   3.59622817e+02  -1.62074482e-03
   3.59623305e+02  -1.74751913e-03
   3.59623794e+02  -1.20795099e-03
   3.59624282e+02  -6.08395669e-04
   3.59624770e+02  -2.32416060e-04
   3.59625259e+02  -3.31409508e-04
   3.59625747e+02  -5.96245925e-04
   3.59626235e+02  -1.47382147e-04
   3.59626723e+02   8.93262331e-04
   3.59627212e+02   1.49759173e-03
   3.59627700e+02   1.22119463e-03
   3.59628188e+02   9.18107224e-04
   3.59628677e+02   6.47139095e-04
   3.59629165e+02   4.51410706e-05
   3.59629653e+02  -1.55426402e-04
   3.59630142e+02  -7.28759842e-05
   3.59630630e+02  -3.95417446e-04
   3.59631118e+02  -7.53122149e-04
   3.59631607e+02  -6.07103866e-04
   3.59632095e+02  -4.75633315e-05
   3.59632583e+02   4.88436955e-04
   3.59633071e+02   4.04591381e-04
   3.59633560e+02  -2.06777593e-04
   3.59634048e+02  -4.08944412e-04
   3.59634536e+02  -1.71459484e-04
   3.59635025e+02   6.84139304e-05
   3.59635513e+02   7.67774982e-05
   3.59636001e+02  -6.77536300e-04
   3.59636490e+02  -1.19814626e-03
   3.59636978e+02  -5.51656471e-04
   3.59637466e+02   2.72361474e-04
   3.59637955e+02   6.37244841e-04
   3.59638443e+02   3.38883925e-04
   3.59638931e+02  -5.97005419e-04
   3.59639419e+02  -7.99023896e-04
   3.59639908e+02  -2.10503888e-04
   3.59640396e+02   3.03080396e-05
   3.59640884e+02   1.94549415e-04
   3.59641373e+02   1.70145518e-04
   3.59641861e+02  -2.49848061e-04
   3.59642349e+02  -4.17906296e-04
   3.59642838e+02  -3.22603504e-04
   3.59643326e+02  -2.84504145e-04
   3.59643814e+02  -4.16902069e-04
   3.59644303e+02  -3.18357808e-04
   3.59644791e+02   2.36437263e-05
   3.59645279e+02   9.59237077e-05
   3.59645767e+02  -3.64607513e-05
   3.59646256e+02  -2.89731484e-04
   3.59646744e+02  -5.73814148e-04
   3.59647232e+02  -1.79897936e-04
   3.59647721e+02   5.99522085e-04
   3.59648209e+02   7.83680938e-04
   3.59648697e+02   3.01399734e-04
   3.59649186e+02  -3.71213944e-04
   3.59649674e+02  -5.28747158e-04
   3.59650162e+02  -4.18040203e-04
   3.59650651e+02  -4.37528128e-04
   3.59651139e+02  -3.55709664e-04
   3.59651627e+02  -3.14739591e-04
   3.59652115e+02  -3.44174769e-04
   3.59652604e+02  -3.70204652e-04
   3.59653092e+02  -8.25428215e-05
   3.59653580e+02   4.44031641e-04
   3.59654069e+02   4.45536367e-04
   3.59654557e+02   3.28653783e-04
   3.59655045e+02   6.99727680e-04
   3.59655534e+02   9.77537711e-04
   3.59656022e+02   8.54528800e-04
   3.59656510e+02   8.64326605e-04
   3.59656999e+02   8.08606332e-04
   3.59657487e+02   3.11279437e-04
   3.59657975e+02   3.05660244e-04
   3.59658463e+02   7.84985721e-04
   3.59658952e+02   5.43971139e-04
   3.59659440e+02  -1.25104038e-04
   3.59659928e+02  -5.24633972e-04
   3.59660417e+02  -7.46943639e-04
   3.59660905e+02  -9.43890598e-04
   3.59661393e+02  -7.62421056e-04
   3.59661882e+02  -2.33540704e-04
   3.59662370e+02   1.58215349e-04
   3.59662858e+02   9.84667131e-05
   3.59663347e+02  -3.18795210e-04
   3.59663835e+02  -2.61401379e-04
   3.59664323e+02  -3.36044759e-05
   3.59664812e+02  -3.31854317e-05
   3.59665300e+02   3.51956434e-04
   3.59665788e+02   6.67085114e-04
   3.59666276e+02  -3.53295356e-04
   3.59666765e+02  -1.46051589e-03
   3.59667253e+02  -6.77245029e-04
   3.59667741e+02   1.14127714e-03
   3.59668230e+02   2.37410073e-03
   3.59668718e+02   2.11773789e-03
   3.59669206e+02   5.62374189e-04
   3.59669695e+02  -2.01463990e-04
   3.59670183e+02   1.01215912e-04
   3.59670671e+02  -1.18161210e-04
   3.59671160e+02  -3.99433571e-04
   3.59671648e+02  -1.72194341e-04
   3.59672136e+02   1.97212416e-04
   3.59672624e+02   6.01141015e-04
   3.59673113e+02   4.60981770e-04
   3.59673601e+02  -3.09102383e-04
   3.59674089e+02  -1.12074614e-03
   3.59674578e+02  -1.38162239e-03
   3.59675066e+02  -6.41151390e-04
