frequency (GHz), flux (Jy/beam)
   3.56198789e+02  -1.65725348e-03
   3.56199277e+02  -2.03765021e-03
   3.56199766e+02   2.39024899e-04
   3.56200254e+02   2.75782892e-04
   3.56200742e+02  -1.48422830e-03
   3.56201231e+02  -7.81606184e-04
   3.56201719e+02  -9.13466676e-04
   3.56202207e+02  -2.02853698e-03
   3.56202695e+02   1.51601946e-03
   3.56203184e+02   4.21611406e-03
   3.56203672e+02   4.97738365e-04
   3.56204160e+02  -2.62788101e-03
   3.56204649e+02  -3.38885724e-03
   3.56205137e+02  -3.95927439e-03
   3.56205625e+02  -3.10052815e-03
   3.56206114e+02  -7.89142272e-04
   3.56206602e+02   3.81018617e-04
   3.56207090e+02  -8.66764676e-05
   3.56207579e+02   6.65479572e-04
   3.56208067e+02   1.85783987e-03
   3.56208555e+02   1.79055147e-03
   3.56209044e+02   1.44879974e-03
   3.56209532e+02   2.37028790e-03
   3.56210020e+02   2.22735316e-03
   3.56210508e+02   6.30803697e-04
   3.56210997e+02   2.55313760e-04
   3.56211485e+02   4.44620237e-04
   3.56211973e+02  -3.17108381e-04
   3.56212462e+02  -2.83806399e-03
   3.56212950e+02  -4.53716889e-03
   3.56213438e+02  -3.76012665e-03
   3.56213927e+02  -2.76485365e-03
   3.56214415e+02  -8.78779334e-04
   3.56214903e+02  -3.69327347e-04
   3.56215392e+02  -1.41223267e-04
   3.56215880e+02   9.99711454e-04
   3.56216368e+02   2.05962177e-04
   3.56216856e+02  -1.67690788e-03
   3.56217345e+02  -2.12669233e-03
   3.56217833e+02  -1.02967641e-03
   3.56218321e+02  -1.12989968e-04
   3.56218810e+02  -9.96543895e-05
   3.56219298e+02   1.14679232e-03
   3.56219786e+02   1.69813551e-03
   3.56220275e+02  -1.61491669e-04
   3.56220763e+02  -1.96691509e-03
   3.56221251e+02  -2.69038603e-03
   3.56221740e+02  -7.69970124e-04
   3.56222228e+02   1.28880865e-03
   3.56222716e+02   1.27757259e-03
   3.56223204e+02   2.61476100e-03
   3.56223693e+02   2.77657062e-03
   3.56224181e+02   6.53155672e-04
   3.56224669e+02  -1.42024120e-03
   3.56225158e+02  -3.15887504e-03
   3.56225646e+02  -1.29796460e-03
   3.56226134e+02   5.11137943e-04
   3.56226623e+02  -1.49693084e-03
   3.56227111e+02  -4.68631461e-03
   3.56227599e+02  -6.40111789e-03
   3.56228088e+02  -3.63877462e-03
   3.56228576e+02   1.38247473e-04
   3.56229064e+02   6.73978473e-04
   3.56229552e+02   6.51732786e-04
   3.56230041e+02   2.00096882e-04
   3.56230529e+02  -3.84340645e-04
   3.56231017e+02   3.83575825e-04
   3.56231506e+02   1.44239643e-03
   3.56231994e+02   1.88590668e-03
   3.56232482e+02   1.27196393e-03
   3.56232971e+02  -2.35876883e-04
   3.56233459e+02  -1.10220113e-04
   3.56233947e+02   1.15630787e-03
   3.56234436e+02   8.95004836e-04
   3.56234924e+02   9.47461405e-04
   3.56235412e+02   4.67110047e-04
   3.56235900e+02  -1.55281171e-03
   3.56236389e+02  -2.38098623e-03
   3.56236877e+02  -3.50643124e-04
   3.56237365e+02   2.31252005e-03
   3.56237854e+02   1.18985528e-03
   3.56238342e+02  -2.22528004e-03
   3.56238830e+02  -4.20956028e-04
   3.56239319e+02   2.99247564e-03
   3.56239807e+02   1.38819090e-03
   3.56240295e+02  -4.58872993e-04
   3.56240784e+02   1.23628916e-03
   3.56241272e+02   2.15660315e-03
   3.56241760e+02   1.22688222e-03
   3.56242248e+02  -2.93220714e-04
   3.56242737e+02  -9.54203599e-04
   3.56243225e+02  -2.13672189e-04
   3.56243713e+02   6.54401956e-05
   3.56244202e+02  -8.26996460e-04
   3.56244690e+02  -1.56339421e-03
   3.56245178e+02   2.06061450e-04
   3.56245667e+02   2.80642346e-03
   3.56246155e+02   1.65813323e-03
   3.56246643e+02  -9.51886352e-04
   3.56247132e+02   1.22587848e-03
   3.56247620e+02   5.70964906e-03
   3.56248108e+02   5.33505250e-03
   3.56248597e+02   1.39096845e-03
   3.56249085e+02   3.89855442e-04
   3.56249573e+02   9.65343770e-06
   3.56250061e+02  -1.53481890e-03
   3.56250550e+02  -1.12322450e-03
   3.56251038e+02  -1.00797530e-04
   3.56251526e+02   2.10615480e-03
   3.56252015e+02   4.24076430e-03
   3.56252503e+02   3.33475042e-03
   3.56252991e+02   2.70858360e-03
   3.56253480e+02   2.51877191e-03
   3.56253968e+02   1.27166894e-03
   3.56254456e+02   1.78037351e-03
   3.56254945e+02   1.80743274e-03
   3.56255433e+02  -3.35751590e-03
   3.56255921e+02  -5.95631590e-03
   3.56256409e+02  -4.03523957e-03
   3.56256898e+02   7.83727504e-04
   3.56257386e+02   1.72450300e-03
   3.56257874e+02  -6.31788746e-04
   3.56258363e+02  -4.53207700e-04
   3.56258851e+02   9.68245149e-04
   3.56259339e+02   2.27758824e-03
   3.56259828e+02   7.77791545e-04
   3.56260316e+02  -3.31871584e-03
   3.56260804e+02  -4.11126530e-03
   3.56261293e+02  -2.70672445e-03
   3.56261781e+02  -2.31989915e-03
   3.56262269e+02  -9.31927410e-04
   3.56262757e+02  -2.04542244e-04
   3.56263246e+02  -8.95535049e-04
   3.56263734e+02   7.05144543e-04
   3.56264222e+02   1.33915269e-03
   3.56264711e+02  -1.82207255e-03
   3.56265199e+02  -1.32898544e-03
   3.56265687e+02   2.57334881e-03
   3.56266176e+02   3.26068234e-03
   3.56266664e+02   1.29644573e-03
   3.56267152e+02  -1.48281179e-04
   3.56267641e+02  -8.68529372e-04
   3.56268129e+02   1.20547083e-04
   3.56268617e+02   1.91934116e-03
   3.56269105e+02   1.57390442e-03
   3.56269594e+02  -1.14208332e-03
   3.56270082e+02  -3.89506994e-03
   3.56270570e+02  -4.24507214e-03
   3.56271059e+02  -3.48107936e-03
   3.56271547e+02  -2.28745979e-03
   3.56272035e+02  -1.32167421e-03
   3.56272524e+02  -1.24717643e-03
   3.56273012e+02   8.38721826e-05
   3.56273500e+02   1.90913316e-03
   3.56273989e+02   1.05085761e-04
   3.56274477e+02  -1.76189875e-03
   3.56274965e+02  -3.72734328e-04
   3.56275453e+02   1.85533799e-03
   3.56275942e+02   2.21102498e-03
   3.56276430e+02   1.42977369e-04
   3.56276918e+02  -6.02182990e-04
   3.56277407e+02  -7.75787106e-04
   3.56277895e+02  -3.51548987e-03
   3.56278383e+02  -4.14157240e-03
   3.56278872e+02  -1.22992834e-03
   3.56279360e+02   9.59577374e-05
   3.56279848e+02  -1.42602352e-04
   3.56280337e+02   1.35492755e-03
   3.56280825e+02   2.42180889e-03
   3.56281313e+02   3.81173362e-04
   3.56281801e+02  -1.84875156e-03
   3.56282290e+02  -2.12028460e-03
   3.56282778e+02  -9.68341832e-04
   3.56283266e+02   1.74929586e-03
   3.56283755e+02   3.63827450e-03
   3.56284243e+02   3.02963983e-03
   3.56284731e+02   1.34806196e-05
   3.56285220e+02  -2.87247496e-03
   3.56285708e+02  -3.15714767e-03
   3.56286196e+02  -2.06717313e-03
   3.56286685e+02  -1.33999973e-03
   3.56287173e+02  -7.36069633e-04
   3.56287661e+02   1.09208828e-04
   3.56288150e+02   7.10301218e-04
   3.56288638e+02  -3.46180634e-04
   3.56289126e+02  -1.42418710e-03
   3.56289614e+02  -1.17159076e-03
   3.56290103e+02  -1.38430321e-03
   3.56290591e+02  -1.00531708e-03
   3.56291079e+02   1.69994601e-05
   3.56291568e+02  -7.71338455e-05
   3.56292056e+02   5.05982083e-04
   3.56292544e+02   1.90792384e-03
   3.56293033e+02   1.17088703e-03
   3.56293521e+02  -9.19844490e-04
   3.56294009e+02  -2.55514309e-03
   3.56294498e+02  -2.91195558e-03
   3.56294986e+02  -6.54841715e-04
   3.56295474e+02   1.00372545e-03
   3.56295962e+02  -3.97791329e-04
   3.56296451e+02   1.45341153e-04
   3.56296939e+02   2.06190185e-03
   3.56297427e+02   3.80321639e-04
   3.56297916e+02  -9.43203748e-04
   3.56298404e+02   8.19705310e-04
   3.56298892e+02   4.22539655e-04
   3.56299381e+02   1.36158534e-03
   3.56299869e+02   3.91620398e-03
   3.56300357e+02   1.99327804e-03
   3.56300846e+02   4.79796028e-04
   3.56301334e+02   1.16282121e-04
   3.56301822e+02  -1.71561085e-03
   3.56302310e+02  -2.46635894e-03
   3.56302799e+02  -1.60187297e-03
   3.56303287e+02  -1.08405924e-03
   3.56303775e+02  -1.22792029e-03
   3.56304264e+02  -1.79728749e-03
   3.56304752e+02  -8.38065753e-04
   3.56305240e+02   1.77948285e-04
   3.56305729e+02   6.28843380e-04
   3.56306217e+02   1.93152309e-03
   3.56306705e+02   7.02701393e-04
   3.56307194e+02  -1.12363510e-03
   3.56307682e+02   1.32548463e-04
   3.56308170e+02   2.46507418e-03
   3.56308658e+02   2.97737052e-03
   3.56309147e+02   1.51093409e-03
   3.56309635e+02   3.08479794e-04
   3.56310123e+02   3.07968934e-04
   3.56310612e+02   4.62439377e-04
   3.56311100e+02   2.09392630e-03
   3.56311588e+02   3.37451510e-03
   3.56312077e+02   3.16546229e-03
   3.56312565e+02   1.20228913e-03
   3.56313053e+02  -1.27896329e-03
   3.56313542e+02  -3.58647114e-04
   3.56314030e+02   3.44127044e-03
   3.56314518e+02   2.14312691e-03
   3.56315006e+02  -3.40568396e-04
   3.56315495e+02  -2.04166817e-03
   3.56315983e+02  -3.56751028e-03
   3.56316471e+02  -3.72673688e-03
   3.56316960e+02  -2.14378675e-03
   3.56317448e+02  -8.40978173e-04
   3.56317936e+02  -5.48518030e-04
   3.56318425e+02  -6.75994321e-04
   3.56318913e+02  -8.97455029e-04
   3.56319401e+02  -6.02546788e-04
   3.56319890e+02   2.33618906e-04
   3.56320378e+02   1.47000782e-03
   3.56320866e+02   1.93522417e-03
   3.56321354e+02   4.07478568e-04
   3.56321843e+02  -5.17593347e-04
   3.56322331e+02   1.72691175e-03
   3.56322819e+02   7.70388229e-04
   3.56323308e+02  -2.46850727e-03
   3.56323796e+02  -1.49527763e-03
   3.56324284e+02  -7.37855677e-04
   3.56324773e+02  -1.49078842e-03
   3.56325261e+02   2.09690668e-04
   3.56325749e+02   1.16891868e-03
   3.56326238e+02  -5.33969433e-04
   3.56326726e+02  -2.71864439e-04
   3.56327214e+02   1.01298653e-03
   3.56327702e+02  -3.03133384e-05
   3.56328191e+02   2.29865342e-04
   3.56328679e+02   1.82186102e-03
   3.56329167e+02   1.45768293e-03
   3.56329656e+02   4.37731738e-04
   3.56330144e+02   2.10852868e-05
   3.56330632e+02  -2.14606815e-04
   3.56331121e+02   1.44971316e-04
   3.56331609e+02   2.14376254e-03
   3.56332097e+02   2.16852478e-03
   3.56332586e+02   7.24128447e-04
   3.56333074e+02   2.48812605e-03
   3.56333562e+02   3.17058153e-03
   3.56334051e+02   5.98073937e-04
   3.56334539e+02  -9.47583758e-04
   3.56335027e+02  -1.71576825e-03
   3.56335515e+02  -4.24017757e-03
   3.56336004e+02  -5.35394670e-03
   3.56336492e+02  -2.94061564e-03
   3.56336980e+02  -2.24946183e-03
   3.56337469e+02  -2.17467989e-03
   3.56337957e+02  -6.92218950e-04
   3.56338445e+02  -2.23611086e-03
   3.56338934e+02  -3.11086164e-03
   3.56339422e+02  -1.80267997e-03
   3.56339910e+02  -1.13617734e-03
   3.56340399e+02   6.94226357e-04
   3.56340887e+02   2.81300442e-03
   3.56341375e+02   2.41255155e-03
   3.56341863e+02   9.41760198e-04
   3.56342352e+02   2.95395403e-05
   3.56342840e+02  -2.90632192e-06
   3.56343328e+02  -1.40274904e-04
   3.56343817e+02  -7.80868751e-04
   3.56344305e+02  -7.15771923e-04
   3.56344793e+02   1.91413763e-03
   3.56345282e+02   4.14090604e-03
   3.56345770e+02   1.95840839e-03
   3.56346258e+02  -7.90170394e-04
   3.56346747e+02  -1.90873095e-03
   3.56347235e+02  -2.33106920e-03
   3.56347723e+02  -9.86999250e-04
   3.56348211e+02   3.56405741e-04
   3.56348700e+02   1.06282008e-04
   3.56349188e+02  -1.02452340e-03
   3.56349676e+02  -2.21419311e-03
   3.56350165e+02  -2.23768270e-03
   3.56350653e+02  -1.67834735e-03
   3.56351141e+02  -8.01338683e-05
   3.56351630e+02   2.28173536e-04
   3.56352118e+02  -2.63695582e-03
   3.56352606e+02  -3.08547332e-03
   3.56353095e+02  -1.28830131e-03
   3.56353583e+02  -9.90549568e-04
   3.56354071e+02  -1.18174835e-03
   3.56354559e+02  -6.73279283e-04
   3.56355048e+02   5.61117893e-04
   3.56355536e+02   8.26854084e-04
   3.56356024e+02   6.65426662e-04
   3.56356513e+02  -3.11497657e-04
   3.56357001e+02  -1.73498374e-05
   3.56357489e+02   2.36349832e-03
   3.56357978e+02   3.57626146e-03
   3.56358466e+02   4.24785307e-03
   3.56358954e+02   3.13039939e-03
   3.56359443e+02   6.87149120e-04
   3.56359931e+02   7.85831013e-04
   3.56360419e+02   2.15738919e-03
   3.56360907e+02   1.85274810e-03
   3.56361396e+02  -7.54062901e-04
   3.56361884e+02  -2.76010530e-03
   3.56362372e+02  -2.10860395e-03
   3.56362861e+02  -3.52527830e-04
   3.56363349e+02   2.37470085e-04
   3.56363837e+02  -5.73742203e-04
   3.56364326e+02  -5.35549538e-04
   3.56364814e+02  -1.79068447e-04
   3.56365302e+02   1.65533042e-03
   3.56365791e+02   4.50697634e-03
   3.56366279e+02   4.29060683e-03
   3.56366767e+02   1.71571190e-03
   3.56367255e+02   3.84549203e-04
   3.56367744e+02   1.18847797e-03
   3.56368232e+02   8.18859204e-04
   3.56368720e+02   4.12576133e-04
   3.56369209e+02   2.06948863e-03
   3.56369697e+02   1.50540494e-03
   3.56370185e+02  -1.05752272e-03
   3.56370674e+02  -3.35668027e-03
   3.56371162e+02  -1.94623449e-03
   3.56371650e+02   2.71928054e-03
   3.56372139e+02   5.05851535e-03
   3.56372627e+02   1.85814674e-03
   3.56373115e+02   2.51729065e-03
   3.56373604e+02   4.58691549e-03
   3.56374092e+02   5.33155259e-03
   3.56374580e+02   3.41032981e-03
   3.56375068e+02  -4.43246594e-04
   3.56375557e+02  -1.94924290e-03
   3.56376045e+02  -2.49802764e-03
   3.56376533e+02  -3.29648331e-03
   3.56377022e+02  -1.38498924e-03
   3.56377510e+02   2.50120327e-04
   3.56377998e+02  -2.40311516e-03
   3.56378487e+02  -4.56073415e-03
   3.56378975e+02  -3.62909446e-03
   3.56379463e+02  -1.27020560e-03
   3.56379952e+02   8.14030005e-04
   3.56380440e+02  -3.62647057e-04
   3.56380928e+02  -6.16335135e-04
   3.56381416e+02   1.36852090e-03
   3.56381905e+02  -3.33871867e-05
   3.56382393e+02  -2.11159349e-03
   3.56382881e+02  -2.34367885e-03
   3.56383370e+02  -2.17859214e-03
   3.56383858e+02  -1.90306327e-03
   3.56384346e+02  -2.90777697e-03
   3.56384835e+02  -2.98644882e-03
   3.56385323e+02  -3.44369960e-06
   3.56385811e+02   1.01182912e-03
   3.56386300e+02  -1.43871363e-03
   3.56386788e+02  -1.61350099e-03
   3.56387276e+02   2.17639771e-03
   3.56387764e+02   4.73950617e-03
   3.56388253e+02   3.76886595e-03
   3.56388741e+02   2.16466258e-03
   3.56389229e+02  -1.45385347e-04
   3.56389718e+02  -1.47981162e-03
   3.56390206e+02  -1.20405923e-03
   3.56390694e+02  -1.38857996e-03
   3.56391183e+02  -3.85058578e-04
   3.56391671e+02   1.33288186e-03
   3.56392159e+02   1.71452633e-03
   3.56392648e+02   3.63978383e-04
   3.56393136e+02  -2.43985734e-04
   3.56393624e+02  -3.93451744e-04
   3.56394112e+02  -1.31348066e-03
   3.56394601e+02  -2.93449295e-04
   3.56395089e+02  -6.36136174e-05
   3.56395577e+02  -9.56522534e-04
   3.56396066e+02  -2.22439499e-04
   3.56396554e+02   9.78271128e-04
   3.56397042e+02   1.59593276e-03
   3.56397531e+02   1.78124283e-05
   3.56398019e+02  -2.20520841e-03
   3.56398507e+02  -7.91303231e-04
   3.56398996e+02   8.88415845e-04
   3.56399484e+02   4.04629100e-04
   3.56399972e+02  -4.40179167e-04
   3.56400460e+02  -1.22738280e-03
   3.56400949e+02  -2.82205688e-03
   3.56401437e+02  -3.27355997e-03
   3.56401925e+02  -1.83068775e-03
   3.56402414e+02  -2.72937957e-03
   3.56402902e+02  -4.14836640e-03
   3.56403390e+02  -3.99183528e-03
   3.56403879e+02  -2.69824918e-03
   3.56404367e+02  -7.63446151e-04
   3.56404855e+02  -6.72605529e-04
   3.56405344e+02  -1.55955052e-03
   3.56405832e+02  -2.25041201e-03
   3.56406320e+02  -6.83785765e-04
   3.56406808e+02   2.27147201e-03
   3.56407297e+02   3.35361413e-03
   3.56407785e+02   2.59414851e-03
   3.56408273e+02   1.88499899e-03
   3.56408762e+02  -1.87124024e-04
   3.56409250e+02  -9.97535419e-04
   3.56409738e+02  -1.61909804e-04
   3.56410227e+02  -8.21493100e-04
   3.56410715e+02  -1.93639775e-04
   3.56411203e+02   1.60787406e-03
   3.56411692e+02  -1.82937424e-06
   3.56412180e+02  -2.95115192e-03
   3.56412668e+02  -1.13324483e-03
   3.56413157e+02   4.36317036e-03
   3.56413645e+02   4.90427855e-03
   3.56414133e+02   5.02672920e-04
   3.56414621e+02  -5.12463041e-04
   3.56415110e+02   1.39139840e-04
   3.56415598e+02  -2.43301358e-04
   3.56416086e+02  -4.32527886e-05
   3.56416575e+02  -9.96520044e-04
   3.56417063e+02  -1.35401275e-03
   3.56417551e+02  -1.88186168e-04
   3.56418040e+02  -2.87172414e-04
   3.56418528e+02   9.55239520e-04
   3.56419016e+02   4.02084971e-03
   3.56419505e+02   3.65102664e-03
   3.56419993e+02   1.21161679e-03
   3.56420481e+02   1.71562878e-03
   3.56420969e+02   3.69491568e-03
   3.56421458e+02   2.59579881e-03
   3.56421946e+02  -1.45976513e-03
   3.56422434e+02  -2.10404908e-03
   3.56422923e+02   1.03979930e-03
   3.56423411e+02   4.00451105e-03
   3.56423899e+02   5.62376436e-03
   3.56424388e+02   4.30618320e-03
   3.56424876e+02   7.61749805e-04
   3.56425364e+02   4.86663135e-04
   3.56425853e+02   3.77671188e-03
   3.56426341e+02   4.85388376e-03
   3.56426829e+02   4.76562465e-03
   3.56427317e+02   4.77975886e-03
   3.56427806e+02   2.94867321e-03
   3.56428294e+02   3.12936027e-03
   3.56428782e+02   5.27998805e-03
   3.56429271e+02   6.15286920e-03
   3.56429759e+02   7.04434514e-03
   3.56430247e+02   1.00564910e-02
   3.56430736e+02   1.15346760e-02
   3.56431224e+02   1.29579548e-02
   3.56431712e+02   1.33385379e-02
   3.56432201e+02   1.39295580e-02
   3.56432689e+02   1.56471040e-02
   3.56433177e+02   1.67719312e-02
   3.56433665e+02   1.60526074e-02
   3.56434154e+02   1.71337351e-02
   3.56434642e+02   2.16720887e-02
   3.56435130e+02   2.79656164e-02
   3.56435619e+02   3.39296572e-02
   3.56436107e+02   3.78867723e-02
   3.56436595e+02   4.45243716e-02
   3.56437084e+02   5.28064817e-02
   3.56437572e+02   6.41922131e-02
   3.56438060e+02   8.12972933e-02
   3.56438549e+02   1.05869614e-01
   3.56439037e+02   1.38844043e-01
   3.56439525e+02   1.79003969e-01
   3.56440013e+02   2.21009910e-01
   3.56440502e+02   2.57171839e-01
   3.56440990e+02   2.80771971e-01
   3.56441478e+02   2.78673261e-01
   3.56441967e+02   2.53015310e-01
   3.56442455e+02   2.32460439e-01
   3.56442943e+02   2.40479082e-01
   3.56443432e+02   2.81302035e-01
   3.56443920e+02   3.32286179e-01
   3.56444408e+02   3.73273045e-01
   3.56444897e+02   3.95947009e-01
   3.56445385e+02   3.94952804e-01
   3.56445873e+02   3.70972931e-01
   3.56446361e+02   3.28240007e-01
   3.56446850e+02   2.77720064e-01
   3.56447338e+02   2.27443889e-01
   3.56447826e+02   1.80468872e-01
   3.56448315e+02   1.39186919e-01
   3.56448803e+02   1.05847456e-01
   3.56449291e+02   8.25107768e-02
   3.56449780e+02   6.71754107e-02
   3.56450268e+02   5.30515388e-02
   3.56450756e+02   4.09439504e-02
   3.56451245e+02   3.47669087e-02
   3.56451733e+02   3.53267938e-02
   3.56452221e+02   3.39097641e-02
   3.56452710e+02   2.66428124e-02
   3.56453198e+02   2.20529716e-02
   3.56453686e+02   1.99840814e-02
   3.56454174e+02   1.75672527e-02
   3.56454663e+02   1.71657298e-02
   3.56455151e+02   1.62166171e-02
   3.56455639e+02   1.37796737e-02
   3.56456128e+02   1.38235930e-02
   3.56456616e+02   1.59373954e-02
   3.56457104e+02   2.02486627e-02
   3.56457593e+02   2.44097766e-02
   3.56458081e+02   2.49156803e-02
   3.56458569e+02   2.39425581e-02
   3.56459058e+02   2.53410283e-02
   3.56459546e+02   2.74964813e-02
   3.56460034e+02   2.63816081e-02
   3.56460522e+02   2.34393254e-02
   3.56461011e+02   2.07835790e-02
   3.56461499e+02   1.95495449e-02
   3.56461987e+02   2.18688790e-02
   3.56462476e+02   2.43508182e-02
   3.56462964e+02   2.51861755e-02
   3.56463452e+02   2.71923970e-02
   3.56463941e+02   2.90190782e-02
   3.56464429e+02   3.08782440e-02
   3.56464917e+02   3.09891906e-02
   3.56465406e+02   2.85136700e-02
   3.56465894e+02   2.83118449e-02
   3.56466382e+02   2.90058386e-02
   3.56466870e+02   2.72948872e-02
   3.56467359e+02   2.54804157e-02
   3.56467847e+02   2.21082177e-02
   3.56468335e+02   1.59115661e-02
   3.56468824e+02   1.23633193e-02
   3.56469312e+02   1.23919323e-02
   3.56469800e+02   9.08744708e-03
   3.56470289e+02   3.20588471e-03
   3.56470777e+02   3.10282991e-03
   3.56471265e+02   5.33619570e-03
   3.56471754e+02   5.27734077e-03
   3.56472242e+02   2.36623315e-03
   3.56472730e+02   1.75685564e-03
   3.56473218e+02   3.95101961e-03
   3.56473707e+02   5.43563161e-03
   3.56474195e+02   5.90095343e-03
   3.56474683e+02   5.39974170e-03
   3.56475172e+02   3.13440850e-03
   3.56475660e+02   9.48658097e-04
   3.56476148e+02   2.09501223e-03
   3.56476637e+02   3.77274258e-03
   3.56477125e+02   3.55489086e-03
   3.56477613e+02   4.38963203e-03
   3.56478102e+02   4.57643624e-03
   3.56478590e+02   2.97067454e-03
   3.56479078e+02   1.97192188e-03
   3.56479566e+02   1.34174281e-03
   3.56480055e+02   4.44586942e-04
   3.56480543e+02  -3.77992255e-04
   3.56481031e+02   1.93514570e-04
   3.56481520e+02   2.22866191e-03
   3.56482008e+02   3.72151565e-03
   3.56482496e+02   3.46146291e-03
   3.56482985e+02   2.19640392e-03
   3.56483473e+02   1.28933229e-03
   3.56483961e+02   2.11479655e-03
   3.56484450e+02   3.94206494e-03
   3.56484938e+02   3.46544757e-03
   3.56485426e+02   7.46589096e-04
   3.56485914e+02  -1.29296983e-04
   3.56486403e+02   6.43666368e-04
   3.56486891e+02  -1.32342044e-04
   3.56487379e+02  -9.46165470e-04
   3.56487868e+02  -1.58206909e-03
   3.56488356e+02  -3.09734908e-03
   3.56488844e+02  -2.42736959e-03
   3.56489333e+02   1.61347140e-04
   3.56489821e+02   2.66521960e-03
   3.56490309e+02   2.94936332e-03
   3.56490798e+02   8.18696513e-04
   3.56491286e+02   6.44929940e-04
   3.56491774e+02  -3.97141644e-04
   3.56492263e+02  -1.17894507e-03
   3.56492751e+02   8.82820459e-04
   3.56493239e+02   1.70177524e-03
   3.56493727e+02   1.82474370e-03
   3.56494216e+02   1.25307962e-03
   3.56494704e+02   9.80925051e-06
   3.56495192e+02  -1.80257612e-03
   3.56495681e+02  -2.41847034e-03
   3.56496169e+02  -1.36755046e-03
   3.56496657e+02  -7.41977361e-04
   3.56497146e+02  -4.34680114e-04
   3.56497634e+02   2.70375804e-05
   3.56498122e+02   4.45957703e-04
   3.56498611e+02   6.19634055e-04
   3.56499099e+02  -1.00837334e-03
   3.56499587e+02  -2.00330210e-03
   3.56500075e+02   9.80840196e-05
   3.56500564e+02   9.46562330e-04
   3.56501052e+02   1.99495771e-04
   3.56501540e+02   1.29995646e-03
   3.56502029e+02   3.40349926e-03
   3.56502517e+02   2.84491968e-03
   3.56503005e+02   7.42873643e-04
   3.56503494e+02  -9.95567185e-04
   3.56503982e+02  -2.30666576e-03
   3.56504470e+02  -4.10938729e-03
   3.56504959e+02  -5.08431625e-03
   3.56505447e+02  -2.30062637e-03
   3.56505935e+02   1.52381253e-03
   3.56506423e+02   2.25473335e-03
   3.56506912e+02   8.42169102e-04
   3.56507400e+02  -4.42000019e-04
   3.56507888e+02  -1.57415716e-03
   3.56508377e+02  -1.77197903e-03
   3.56508865e+02  -6.93260226e-04
   3.56509353e+02  -2.95108548e-05
   3.56509842e+02  -1.34426518e-03
   3.56510330e+02  -2.08506291e-03
   3.56510818e+02  -1.10028998e-03
   3.56511307e+02  -1.78810419e-03
   3.56511795e+02  -2.61286995e-03
   3.56512283e+02   1.37570183e-04
   3.56512771e+02   1.68747816e-03
   3.56513260e+02   1.85099931e-03
   3.56513748e+02   4.11097333e-03
   3.56514236e+02   4.25597979e-03
   3.56514725e+02   1.58266106e-03
   3.56515213e+02   1.19431657e-04
   3.56515701e+02  -2.71599274e-04
   3.56516190e+02  -2.50592915e-04
   3.56516678e+02  -1.05857488e-03
   3.56517166e+02  -7.76984554e-04
   3.56517655e+02   4.33698093e-04
   3.56518143e+02  -3.13204568e-04
   3.56518631e+02  -5.72694407e-04
   3.56519119e+02  -1.46289624e-03
   3.56519608e+02  -5.13962796e-03
   3.56520096e+02  -5.87485731e-03
   3.56520584e+02  -3.33016622e-03
   3.56521073e+02  -1.68631435e-03
   3.56521561e+02   3.97112221e-04
   3.56522049e+02   1.82933128e-03
   3.56522538e+02   2.54483009e-03
   3.56523026e+02   3.01083759e-03
   3.56523514e+02   4.20463068e-04
   3.56524003e+02  -2.06657243e-03
   3.56524491e+02  -1.67659426e-03
   3.56524979e+02  -5.37266838e-04
   3.56525467e+02  -6.11096446e-04
   3.56525956e+02  -2.18277029e-03
   3.56526444e+02  -2.94083753e-03
   3.56526932e+02  -2.53479835e-03
   3.56527421e+02  -6.13728771e-04
   3.56527909e+02   2.26799701e-03
   3.56528397e+02   3.52595141e-03
   3.56528886e+02   3.13928723e-03
   3.56529374e+02   2.14838586e-03
   3.56529862e+02   8.58736748e-04
   3.56530351e+02   1.09385268e-03
   3.56530839e+02   7.98489375e-04
   3.56531327e+02  -6.45200722e-04
   3.56531816e+02   6.71372516e-04
   3.56532304e+02   1.25737954e-03
   3.56532792e+02  -2.59832572e-03
   3.56533280e+02  -4.78535611e-03
   3.56533769e+02  -1.05557416e-03
   3.56534257e+02   3.17315990e-03
   3.56534745e+02   3.58671369e-03
   3.56535234e+02   1.80179323e-03
   3.56535722e+02   2.26618443e-03
   3.56536210e+02   2.78596790e-03
   3.56536699e+02   1.05944148e-03
   3.56537187e+02   1.64281191e-05
   3.56537675e+02  -3.09535681e-05
   3.56538164e+02  -2.88302574e-04
   3.56538652e+02  -8.28868942e-05
   3.56539140e+02  -6.95748968e-05
   3.56539628e+02  -6.12522534e-04
   3.56540117e+02  -9.40014317e-04
   3.56540605e+02  -3.33990291e-04
   3.56541093e+02   2.83437432e-04
   3.56541582e+02   1.91475719e-03
   3.56542070e+02   3.79229710e-03
   3.56542558e+02   3.75899603e-03
   3.56543047e+02   3.28230066e-03
   3.56543535e+02   3.17692687e-03
   3.56544023e+02   1.34713564e-03
   3.56544512e+02   7.11127868e-05
   3.56545000e+02   5.73866535e-04
   3.56545488e+02   1.61153462e-03
   3.56545976e+02   2.27032113e-03
   3.56546465e+02   2.77367164e-03
   3.56546953e+02   1.57951633e-03
   3.56547441e+02   7.01446203e-04
   3.56547930e+02   2.33666785e-03
   3.56548418e+02   1.13668386e-03
   3.56548906e+02   1.12590683e-03
   3.56549395e+02   9.50887799e-04
   3.56549883e+02   9.39727121e-04
   3.56550371e+02   7.79918337e-04
   3.56550860e+02  -1.35261929e-04
   3.56551348e+02  -1.31055154e-03
   3.56551836e+02  -2.52005714e-03
   3.56552324e+02  -2.82609090e-03
   3.56552813e+02  -2.00078217e-03
   3.56553301e+02  -2.23562308e-03
   3.56553789e+02  -4.26875381e-03
   3.56554278e+02  -4.75313142e-03
   3.56554766e+02  -1.83364132e-03
   3.56555254e+02   1.74514265e-04
   3.56555743e+02  -5.41517627e-04
   3.56556231e+02  -8.16306041e-04
   3.56556719e+02   7.66924059e-04
   3.56557208e+02   2.52241595e-03
   3.56557696e+02   3.51271103e-03
   3.56558184e+02   5.66536328e-03
   3.56558672e+02   4.86609247e-03
   3.56559161e+02   5.97968174e-04
   3.56559649e+02  -2.27201567e-03
   3.56560137e+02  -3.51023441e-03
   3.56560626e+02  -1.05948071e-03
   3.56561114e+02   1.86488417e-03
   3.56561602e+02   1.89490951e-04
   3.56562091e+02  -1.24256441e-03
   3.56562579e+02  -3.97244457e-06
   3.56563067e+02  -1.02759409e-03
   3.56563556e+02  -3.00471974e-03
   3.56564044e+02  -2.15245690e-03
   3.56564532e+02  -1.65528175e-03
   3.56565020e+02  -1.55106268e-03
   3.56565509e+02   6.57198892e-04
   3.56565997e+02   2.54455279e-03
   3.56566485e+02   3.60500766e-03
   3.56566974e+02   3.38187022e-03
   3.56567462e+02  -7.52135602e-05
   3.56567950e+02  -1.50058058e-03
   3.56568439e+02   7.78974791e-04
   3.56568927e+02   2.49061314e-03
   3.56569415e+02   4.05286811e-03
   3.56569904e+02   4.60246112e-03
   3.56570392e+02   2.65059364e-03
   3.56570880e+02   4.72436259e-05
   3.56571369e+02  -3.91004467e-03
   3.56571857e+02  -7.04638241e-03
   3.56572345e+02  -7.46503612e-03
   3.56572833e+02  -5.39643690e-03
   3.56573322e+02  -2.18494143e-03
   3.56573810e+02  -1.97942462e-03
   3.56574298e+02  -2.95508141e-03
   3.56574787e+02  -2.01351405e-03
   3.56575275e+02  -1.14142802e-03
   3.56575763e+02  -1.03442802e-03
   3.56576252e+02   3.29136761e-04
   3.56576740e+02   8.31136073e-04
   3.56577228e+02   5.74375736e-04
   3.56577717e+02   1.16384646e-03
   3.56578205e+02   1.19624012e-04
   3.56578693e+02  -1.24408503e-03
   3.56579181e+02   1.04149265e-04
   3.56579670e+02   1.07812427e-03
   3.56580158e+02  -3.42320855e-04
   3.56580646e+02   9.91692214e-05
   3.56581135e+02   9.59981408e-04
   3.56581623e+02  -3.36261903e-04
   3.56582111e+02  -5.25732990e-04
   3.56582600e+02   1.87701976e-03
   3.56583088e+02   4.41154325e-03
   3.56583576e+02   3.22765904e-03
   3.56584065e+02  -5.91328018e-04
   3.56584553e+02  -2.86391564e-03
   3.56585041e+02  -2.92950473e-03
   3.56585529e+02  -2.56381463e-03
   3.56586018e+02  -1.72470754e-03
   3.56586506e+02  -2.53066159e-04
   3.56586994e+02   1.13098545e-03
   3.56587483e+02   2.16611102e-03
   3.56587971e+02   2.32458441e-03
   3.56588459e+02   7.25066711e-05
   3.56588948e+02  -2.20522075e-03
   3.56589436e+02  -8.09487829e-04
   3.56589924e+02   1.62424019e-03
   3.56590413e+02   2.61245621e-03
   3.56590901e+02   3.21130385e-03
   3.56591389e+02   1.60358078e-03
   3.56591877e+02  -5.10105514e-04
   3.56592366e+02  -1.42022924e-04
   3.56592854e+02   1.05227891e-03
   3.56593342e+02  -1.21677306e-03
   3.56593831e+02  -4.15845308e-03
   3.56594319e+02  -2.07255944e-03
   3.56594807e+02   7.95425673e-04
   3.56595296e+02  -7.59813527e-04
   3.56595784e+02  -3.38424626e-03
   3.56596272e+02  -2.31222692e-03
   3.56596761e+02   3.20842577e-04
   3.56597249e+02  -5.88853472e-05
   3.56597737e+02  -1.53152086e-03
   3.56598225e+02  -7.54298526e-04
   3.56598714e+02   1.19624950e-03
   3.56599202e+02   2.52493424e-03
   3.56599690e+02   4.16264450e-03
   3.56600179e+02   5.00231655e-03
   3.56600667e+02   3.19957663e-03
   3.56601155e+02   2.65780976e-03
   3.56601644e+02   2.69452366e-03
   3.56602132e+02  -3.33544449e-04
   3.56602620e+02  -1.10903999e-03
   3.56603109e+02   1.27444771e-04
   3.56603597e+02  -1.45055674e-04
   3.56604085e+02  -7.36710906e-04
   3.56604573e+02  -6.54876116e-04
   3.56605062e+02   1.23595644e-03
   3.56605550e+02   1.85637630e-03
   3.56606038e+02  -3.24943161e-04
   3.56606527e+02  -1.63609721e-03
   3.56607015e+02  -1.99343287e-03
   3.56607503e+02  -2.38811644e-03
   3.56607992e+02   5.13015199e-04
   3.56608480e+02   3.77654028e-03
   3.56608968e+02   4.12660604e-03
   3.56609457e+02   2.41596787e-03
   3.56609945e+02   1.70120562e-03
   3.56610433e+02   2.90790107e-03
   3.56610922e+02   3.83211439e-03
   3.56611410e+02   4.33243997e-03
   3.56611898e+02   5.21396194e-03
   3.56612386e+02   4.10081772e-03
   3.56612875e+02   1.14594935e-03
   3.56613363e+02   8.83682398e-04
   3.56613851e+02   1.45065074e-03
   3.56614340e+02   2.09277193e-03
   3.56614828e+02   3.49061028e-03
   3.56615316e+02   1.31348183e-03
   3.56615805e+02  -2.69593741e-03
   3.56616293e+02  -2.52249418e-03
   3.56616781e+02  -6.46480592e-04
   3.56617270e+02   6.57183118e-04
   3.56617758e+02   2.63584964e-03
   3.56618246e+02   3.81934899e-03
   3.56618734e+02   2.43746443e-03
   3.56619223e+02   1.75730427e-04
   3.56619711e+02  -1.17489661e-03
   3.56620199e+02  -4.39054274e-04
   3.56620688e+02   1.59682345e-03
   3.56621176e+02  -8.30975361e-04
   3.56621664e+02  -2.40668864e-03
   3.56622153e+02   1.25769712e-03
   3.56622641e+02   2.64674611e-03
   3.56623129e+02   1.42034539e-03
   3.56623618e+02   6.82974176e-04
   3.56624106e+02  -1.42031442e-03
   3.56624594e+02  -3.78457410e-03
   3.56625082e+02  -4.41355491e-03
   3.56625571e+02  -3.66809778e-03
   3.56626059e+02  -1.34254643e-03
   3.56626547e+02   1.27817760e-03
   3.56627036e+02   8.00256967e-05
   3.56627524e+02  -2.05551460e-03
   3.56628012e+02  -1.45600806e-03
   3.56628501e+02  -3.43568739e-04
   3.56628989e+02  -1.75797511e-04
   3.56629477e+02  -4.63658216e-04
   3.56629966e+02   5.69587050e-04
   3.56630454e+02   1.40684203e-03
   3.56630942e+02   1.06283603e-03
   3.56631430e+02   8.73047451e-04
   3.56631919e+02   1.02376542e-03
   3.56632407e+02   1.62618421e-03
   3.56632895e+02   2.31135264e-03
   3.56633384e+02   3.02452850e-03
   3.56633872e+02   1.57317042e-03
   3.56634360e+02   6.10977120e-04
   3.56634849e+02   1.26618473e-03
   3.56635337e+02   8.01169299e-05
   3.56635825e+02  -6.42421830e-04
   3.56636314e+02   4.30156419e-04
   3.56636802e+02  -9.63899307e-04
   3.56637290e+02  -6.22359803e-04
   3.56637778e+02   3.27117695e-03
   3.56638267e+02   4.63817921e-03
   3.56638755e+02   2.75453343e-03
   3.56639243e+02  -5.78323197e-05
   3.56639732e+02  -1.21844455e-03
   3.56640220e+02  -5.89689589e-05
   3.56640708e+02  -4.21566219e-04
   3.56641197e+02  -2.25970265e-03
   3.56641685e+02  -2.15346902e-03
   3.56642173e+02  -6.74958050e-04
   3.56642662e+02  -7.50338892e-04
   3.56643150e+02  -4.01201978e-04
   3.56643638e+02   5.16724773e-04
   3.56644126e+02   6.47249981e-04
   3.56644615e+02   3.07858479e-03
   3.56645103e+02   4.12747171e-03
   3.56645591e+02   2.80370191e-03
   3.56646080e+02   1.23978965e-03
   3.56646568e+02   1.51182711e-03
   3.56647056e+02   3.74940806e-03
   3.56647545e+02   1.74245902e-03
   3.56648033e+02  -5.99930529e-04
   3.56648521e+02   8.78094404e-04
   3.56649010e+02   1.09400658e-03
   3.56649498e+02   1.56710809e-03
   3.56649986e+02   2.92063248e-03
   3.56650475e+02   1.07479724e-03
   3.56650963e+02  -2.24347902e-03
   3.56651451e+02  -2.94119143e-03
   3.56651939e+02  -3.26953974e-04
   3.56652428e+02   1.92454783e-03
   3.56652916e+02   1.39567768e-03
   3.56653404e+02   3.91184003e-04
   3.56653893e+02   3.21832485e-05
   3.56654381e+02  -9.97864408e-04
   3.56654869e+02  -1.70863955e-03
   3.56655358e+02  -1.39650714e-03
   3.56655846e+02  -1.60262082e-03
   3.56656334e+02  -1.53250084e-03
   3.56656823e+02   1.01405941e-03
   3.56657311e+02   4.32043290e-03
   3.56657799e+02   4.59027709e-03
   3.56658287e+02   1.92753517e-03
   3.56658776e+02   4.73394175e-04
   3.56659264e+02   6.01892651e-04
   3.56659752e+02   3.97613476e-04
   3.56660241e+02   6.15488738e-04
   3.56660729e+02   9.61366168e-04
   3.56661217e+02   2.39208981e-04
   3.56661706e+02  -1.52845794e-04
   3.56662194e+02   8.41917878e-04
   3.56662682e+02   2.44702678e-03
   3.56663171e+02   1.87817542e-03
   3.56663659e+02  -9.84927174e-04
   3.56664147e+02  -2.94600660e-03
   3.56664635e+02  -1.61281414e-03
   3.56665124e+02   1.90230482e-03
   3.56665612e+02   3.00135883e-03
   3.56666100e+02   7.08960404e-04
   3.56666589e+02  -2.28210608e-03
   3.56667077e+02  -3.52391903e-03
   3.56667565e+02  -3.07685317e-04
   3.56668054e+02   1.64815481e-03
   3.56668542e+02  -2.95688258e-03
   3.56669030e+02  -4.75722598e-03
   3.56669519e+02  -1.59418059e-03
   3.56670007e+02   7.41370721e-04
   3.56670495e+02   1.68587780e-04
   3.56670983e+02  -3.64239747e-03
   3.56671472e+02  -6.02584006e-03
   3.56671960e+02  -3.88882519e-03
   3.56672448e+02   4.88838356e-04
   3.56672937e+02   2.30760965e-03
   3.56673425e+02   2.67890864e-03
   3.56673913e+02   2.18311953e-03
   3.56674402e+02  -8.58888612e-04
   3.56674890e+02  -2.89963535e-03
   3.56675378e+02  -3.82988271e-03
   3.56675867e+02  -3.54213710e-03
   3.56676355e+02  -1.62837689e-03
   3.56676843e+02  -8.75974016e-04
   3.56677331e+02  -1.37849565e-04
   3.56677820e+02   1.46689627e-03
   3.56678308e+02   2.46895617e-03
   3.56678796e+02   3.48389451e-03
   3.56679285e+02   3.76130105e-03
   3.56679773e+02   2.30294722e-03
   3.56680261e+02   1.17025292e-03
   3.56680750e+02   4.70137893e-04
   3.56681238e+02  -1.37041876e-04
   3.56681726e+02  -1.00802386e-03
   3.56682215e+02  -1.71999121e-03
   3.56682703e+02  -2.85496819e-03
   3.56683191e+02  -2.94947973e-03
   3.56683679e+02  -3.90757603e-04
   3.56684168e+02   1.69927662e-03
   3.56684656e+02   1.91289431e-03
   3.56685144e+02   2.04861723e-03
   3.56685633e+02   1.91785302e-03
   3.56686121e+02   1.97960273e-03
   3.56686609e+02   2.16659531e-03
   3.56687098e+02   7.44344143e-04
   3.56687586e+02  -1.42033596e-03
   3.56688074e+02  -2.13618740e-03
   3.56688563e+02  -5.74809674e-04
   3.56689051e+02   7.98091525e-04
   3.56689539e+02   3.92647606e-04
   3.56690028e+02   7.35835521e-04
   3.56690516e+02   3.07776872e-03
   3.56691004e+02   3.80797847e-03
   3.56691492e+02   1.20168412e-03
   3.56691981e+02  -1.66714098e-03
   3.56692469e+02  -2.79325643e-03
   3.56692957e+02  -2.77813943e-03
   3.56693446e+02  -2.32937722e-03
   3.56693934e+02  -4.50423133e-04
   3.56694422e+02   2.76168785e-03
   3.56694911e+02   4.87918640e-03
   3.56695399e+02   2.89425300e-03
   3.56695887e+02  -1.56219502e-03
   3.56696376e+02  -3.59520921e-03
   3.56696864e+02  -1.51506893e-03
   3.56697352e+02   1.09952502e-03
   3.56697840e+02   1.57408812e-03
   3.56698329e+02   1.01421645e-03
   3.56698817e+02   3.48148053e-04
   3.56699305e+02  -1.28222140e-03
   3.56699794e+02  -3.12637934e-03
   3.56700282e+02  -2.48248945e-03
   3.56700770e+02   8.30962847e-04
   3.56701259e+02   2.19867961e-03
   3.56701747e+02   8.46697425e-04
   3.56702235e+02   6.20584178e-04
   3.56702724e+02   3.22357519e-04
   3.56703212e+02  -1.81795598e-03
   3.56703700e+02  -3.71531071e-03
   3.56704188e+02  -3.69033590e-03
   3.56704677e+02  -1.90016127e-03
   3.56705165e+02  -3.06324626e-04
   3.56705653e+02   4.14666836e-04
   3.56706142e+02   1.02368696e-03
   3.56706630e+02   7.58255599e-04
   3.56707118e+02  -4.09572976e-06
   3.56707607e+02   2.97766761e-04
   3.56708095e+02   8.54394573e-04
   3.56708583e+02  -7.26591970e-04
   3.56709072e+02  -2.53121508e-03
   3.56709560e+02  -2.77401460e-03
   3.56710048e+02  -1.52374280e-03
   3.56710536e+02  -4.04824445e-04
   3.56711025e+02  -1.67572626e-03
   3.56711513e+02  -1.58378773e-03
   3.56712001e+02  -4.00770019e-04
   3.56712490e+02   5.91574135e-05
   3.56712978e+02   6.94433111e-04
   3.56713466e+02   1.60942036e-05
   3.56713955e+02  -1.95341534e-03
   3.56714443e+02  -1.83423702e-03
   3.56714931e+02   3.02401400e-04
   3.56715420e+02   2.07481487e-03
   3.56715908e+02   5.78770472e-04
   3.56716396e+02  -2.38771504e-03
   3.56716884e+02  -1.60882412e-03
   3.56717373e+02   6.48100278e-04
   3.56717861e+02   2.07010913e-03
   3.56718349e+02   3.72533151e-03
   3.56718838e+02   2.04104371e-03
   3.56719326e+02  -2.63854116e-03
   3.56719814e+02  -2.82280287e-03
   3.56720303e+02   2.34103773e-05
   3.56720791e+02   8.32837541e-04
   3.56721279e+02   2.89618806e-03
   3.56721768e+02   3.31702782e-03
   3.56722256e+02  -3.89240740e-04
   3.56722744e+02  -2.38421862e-03
   3.56723232e+02  -6.89132939e-05
   3.56723721e+02   1.52271404e-03
   3.56724209e+02   5.71587996e-04
   3.56724697e+02  -1.20594644e-03
   3.56725186e+02  -2.61175260e-03
   3.56725674e+02  -4.53895424e-03
   3.56726162e+02  -6.10656943e-03
   3.56726651e+02  -4.54549305e-03
   3.56727139e+02  -2.22109701e-03
   3.56727627e+02  -6.51627604e-04
   3.56728116e+02  -4.67413076e-04
   3.56728604e+02  -1.20521476e-03
   3.56729092e+02  -1.79858599e-03
   3.56729581e+02  -1.75439892e-03
   3.56730069e+02  -2.97415798e-04
   3.56730557e+02   9.05795139e-04
   3.56731045e+02   2.14555461e-04
   3.56731534e+02   4.07771149e-04
   3.56732022e+02   1.51137961e-03
   3.56732510e+02   5.43315662e-04
   3.56732999e+02  -6.22909109e-04
   3.56733487e+02  -1.58301173e-05
   3.56733975e+02  -1.28994419e-04
   3.56734464e+02   1.82147208e-03
   3.56734952e+02   3.79593833e-03
   3.56735440e+02   1.17680512e-03
   3.56735929e+02   3.00655702e-05
   3.56736417e+02   1.56466092e-03
   3.56736905e+02   5.88373397e-04
   3.56737393e+02  -1.45398744e-03
   3.56737882e+02  -1.44870335e-03
   3.56738370e+02  -1.03061472e-03
   3.56738858e+02  -7.30612839e-04
   3.56739347e+02  -1.12169866e-04
   3.56739835e+02  -1.12207257e-03
   3.56740323e+02  -2.22895946e-03
   3.56740812e+02  -2.31801393e-03
   3.56741300e+02  -8.48706812e-04
   3.56741788e+02   1.17034814e-03
   3.56742277e+02   2.15493914e-04
   3.56742765e+02  -8.85606220e-04
   3.56743253e+02  -9.89325112e-04
   3.56743741e+02  -1.72046723e-03
   3.56744230e+02  -5.98053564e-04
   3.56744718e+02   1.60056807e-03
   3.56745206e+02   2.01862026e-03
   3.56745695e+02   3.90989037e-04
   3.56746183e+02  -2.55010021e-03
   3.56746671e+02  -2.42712512e-03
   3.56747160e+02  -8.92144861e-04
   3.56747648e+02  -1.20498228e-03
   3.56748136e+02  -1.96756190e-03
   3.56748625e+02  -2.86485092e-03
   3.56749113e+02  -2.79470976e-03
   3.56749601e+02  -6.34271855e-05
   3.56750089e+02   2.48093763e-03
   3.56750578e+02   3.06702917e-03
   3.56751066e+02   2.13487307e-03
   3.56751554e+02   1.03320694e-03
   3.56752043e+02   1.39626034e-03
   3.56752531e+02   1.76442764e-03
   3.56753019e+02   1.66545238e-03
   3.56753508e+02   2.37761205e-03
   3.56753996e+02   8.20809626e-04
   3.56754484e+02  -7.19590229e-04
   3.56754973e+02  -8.90488329e-04
   3.56755461e+02  -1.13278197e-03
   3.56755949e+02   7.77526293e-05
   3.56756437e+02   1.88207417e-03
   3.56756926e+02   1.94057496e-03
   3.56757414e+02   1.42964255e-03
   3.56757902e+02   3.94853618e-04
   3.56758391e+02  -1.15384290e-03
   3.56758879e+02  -3.42547864e-04
   3.56759367e+02   1.36215484e-03
   3.56759856e+02   1.04086311e-03
   3.56760344e+02   1.44849508e-03
   3.56760832e+02   3.14382161e-03
   3.56761321e+02   1.76505768e-03
   3.56761809e+02  -1.16934255e-03
   3.56762297e+02  -2.53488822e-03
   3.56762785e+02  -3.17852641e-03
   3.56763274e+02  -2.91138468e-03
   3.56763762e+02  -3.27870366e-03
   3.56764250e+02  -3.69748822e-03
   3.56764739e+02  -1.79375976e-03
   3.56765227e+02   2.67675001e-04
   3.56765715e+02   1.41395765e-04
   3.56766204e+02  -8.72482196e-04
   3.56766692e+02  -1.47180690e-03
   3.56767180e+02  -8.57944600e-04
   3.56767669e+02  -6.60391990e-04
   3.56768157e+02  -1.87363056e-03
   3.56768645e+02  -1.59906724e-03
   3.56769134e+02   1.78345363e-04
   3.56769622e+02   1.46602385e-03
   3.56770110e+02   1.72797556e-03
   3.56770598e+02   5.86735317e-04
   3.56771087e+02  -5.78595733e-04
   3.56771575e+02  -1.85993430e-03
   3.56772063e+02  -3.70460330e-03
   3.56772552e+02  -2.95685814e-03
   3.56773040e+02  -6.67477667e-04
   3.56773528e+02   4.83151904e-04
   3.56774017e+02   2.07432569e-03
   3.56774505e+02   2.47826055e-03
   3.56774993e+02   1.56137612e-04
   3.56775482e+02  -5.01126306e-05
   3.56775970e+02   2.15009670e-03
   3.56776458e+02   2.65893689e-03
   3.56776946e+02   2.09579454e-03
   3.56777435e+02  -1.52856112e-04
   3.56777923e+02  -2.79776123e-03
   3.56778411e+02  -3.39582097e-03
   3.56778900e+02  -8.64488655e-04
   3.56779388e+02   1.75411382e-03
   3.56779876e+02   3.69434449e-04
   3.56780365e+02  -1.33212691e-03
   3.56780853e+02  -1.58175430e-03
   3.56781341e+02  -3.58129386e-04
   3.56781830e+02   3.31164134e-04
   3.56782318e+02  -1.20484224e-03
   3.56782806e+02  -1.95393059e-03
   3.56783294e+02  -1.40533969e-03
   3.56783783e+02  -2.06426228e-03
   3.56784271e+02  -2.38750619e-03
   3.56784759e+02  -8.12244834e-04
   3.56785248e+02   8.01334041e-04
   3.56785736e+02   1.04325195e-03
   3.56786224e+02   3.49350041e-04
   3.56786713e+02   6.49135560e-04
   3.56787201e+02   2.37586093e-03
   3.56787689e+02   3.80874146e-03
   3.56788178e+02   1.34241383e-03
   3.56788666e+02  -4.05396218e-04
   3.56789154e+02   2.45116698e-03
   3.56789642e+02   3.35494336e-03
   3.56790131e+02   9.37644101e-04
   3.56790619e+02  -2.82824592e-04
   3.56791107e+02   9.66498774e-05
   3.56791596e+02  -8.23989176e-05
   3.56792084e+02   7.29100255e-04
   3.56792572e+02   3.98781430e-03
   3.56793061e+02   5.84247522e-03
   3.56793549e+02   4.84879594e-03
   3.56794037e+02   1.46606099e-03
   3.56794526e+02  -2.21201195e-03
   3.56795014e+02  -2.94073345e-03
   3.56795502e+02  -1.23884145e-03
   3.56795990e+02  -2.26900956e-04
   3.56796479e+02  -1.20490917e-03
   3.56796967e+02  -2.46316637e-03
   3.56797455e+02  -2.38273130e-03
   3.56797944e+02  -1.39213318e-03
   3.56798432e+02  -2.36799195e-03
   3.56798920e+02  -3.75617854e-03
   3.56799409e+02  -3.24929669e-03
   3.56799897e+02  -2.13032705e-03
   3.56800385e+02   4.77505411e-04
   3.56800874e+02   3.63147492e-03
   3.56801362e+02   5.04869595e-03
   3.56801850e+02   5.07775275e-03
   3.56802338e+02   5.95513219e-03
   3.56802827e+02   5.59050776e-03
   3.56803315e+02   3.13085900e-03
   3.56803803e+02   4.83211642e-03
   3.56804292e+02   8.53269268e-03
   3.56804780e+02   7.83689320e-03
   3.56805268e+02   4.10654536e-03
   3.56805757e+02   1.54093339e-03
   3.56806245e+02   1.74834882e-03
   3.56806733e+02   3.39664286e-03
   3.56807222e+02   3.84726888e-03
   3.56807710e+02   4.41274187e-03
   3.56808198e+02   5.77689568e-03
   3.56808687e+02   4.71281493e-03
   3.56809175e+02   2.39227875e-03
   3.56809663e+02   2.33044615e-03
   3.56810151e+02   5.29950252e-03
   3.56810640e+02   4.78905253e-03
   3.56811128e+02   2.09320057e-03
   3.56811616e+02   5.11647761e-03
   3.56812105e+02   7.99342617e-03
   3.56812593e+02   6.13900740e-03
   3.56813081e+02   3.91358649e-03
   3.56813570e+02   1.17484422e-03
   3.56814058e+02  -8.55338294e-04
   3.56814546e+02   6.53594325e-04
   3.56815035e+02   2.01334478e-03
   3.56815523e+02   1.62040116e-03
   3.56816011e+02   1.17476529e-03
   3.56816499e+02   8.46562092e-04
   3.56816988e+02   4.49143641e-04
   3.56817476e+02   1.33310154e-04
   3.56817964e+02   3.62177016e-05
   3.56818453e+02   6.16347475e-04
   3.56818941e+02   6.02162618e-05
   3.56819429e+02   3.08018964e-04
   3.56819918e+02   1.88245950e-03
   3.56820406e+02   1.61702989e-03
   3.56820894e+02  -1.15704941e-04
   3.56821383e+02  -2.53334432e-03
   3.56821871e+02  -2.55488791e-03
   3.56822359e+02   1.81898111e-04
   3.56822847e+02   1.01987086e-03
   3.56823336e+02   1.13849307e-03
   3.56823824e+02   1.06239563e-03
   3.56824312e+02  -1.50573312e-03
   3.56824801e+02  -2.14930065e-03
   3.56825289e+02  -1.60350150e-03
   3.56825777e+02  -1.54932123e-03
   3.56826266e+02  -6.97610812e-05
   3.56826754e+02   1.80937443e-03
   3.56827242e+02   3.74355330e-03
   3.56827731e+02   5.38623985e-03
   3.56828219e+02   4.75681713e-03
   3.56828707e+02   3.78092285e-03
   3.56829195e+02   3.37863271e-03
   3.56829684e+02   5.72538876e-04
   3.56830172e+02  -1.41824712e-03
   3.56830660e+02   1.05006748e-03
   3.56831149e+02   2.07240297e-03
   3.56831637e+02  -2.22299946e-04
   3.56832125e+02  -8.11812584e-04
   3.56832614e+02   1.60130719e-03
   3.56833102e+02   1.75222999e-03
   3.56833590e+02  -1.36343495e-03
   3.56834079e+02  -2.90908152e-03
   3.56834567e+02  -3.18364077e-03
   3.56835055e+02  -1.53204496e-03
   3.56835543e+02   2.01707543e-03
   3.56836032e+02   2.24827416e-03
   3.56836520e+02   1.34532352e-03
   3.56837008e+02   2.56973505e-03
   3.56837497e+02   2.33864016e-03
   3.56837985e+02   2.54769373e-04
   3.56838473e+02  -2.35767523e-03
   3.56838962e+02  -4.79390472e-03
   3.56839450e+02  -5.01129637e-03
   3.56839938e+02  -2.32909573e-03
   3.56840427e+02   7.81125855e-04
   3.56840915e+02   3.00449110e-03
   3.56841403e+02   5.22109540e-03
   3.56841891e+02   4.60031675e-03
   3.56842380e+02   1.60972751e-03
   3.56842868e+02   1.13204529e-03
   3.56843356e+02   3.80832981e-03
   3.56843845e+02   4.37434483e-03
   3.56844333e+02   1.82773301e-03
   3.56844821e+02   4.11145302e-04
   3.56845310e+02   1.56676793e-03
   3.56845798e+02  -2.88068928e-04
   3.56846286e+02  -4.13620565e-03
   3.56846775e+02  -4.90054116e-03
   3.56847263e+02  -3.69117456e-03
   3.56847751e+02  -2.12702411e-03
   3.56848240e+02  -9.89865279e-04
   3.56848728e+02   8.32957798e-04
   3.56849216e+02   3.17601184e-03
   3.56849704e+02   2.50416156e-03
   3.56850193e+02  -3.16363410e-04
   3.56850681e+02  -1.64944760e-03
   3.56851169e+02   1.69371604e-04
   3.56851658e+02   1.47688930e-04
   3.56852146e+02  -6.75372721e-04
   3.56852634e+02   2.27522897e-03
   3.56853123e+02   4.19098046e-03
   3.56853611e+02   2.04416527e-03
   3.56854099e+02  -1.47196127e-03
   3.56854588e+02  -2.38099904e-03
   3.56855076e+02  -1.78413594e-03
   3.56855564e+02  -2.29049823e-03
   3.56856052e+02  -1.49172323e-03
   3.56856541e+02   2.29780539e-03
   3.56857029e+02   4.28234460e-03
   3.56857517e+02   3.27149034e-03
   3.56858006e+02   9.72353038e-04
   3.56858494e+02  -2.41679861e-03
   3.56858982e+02  -3.69293755e-03
   3.56859471e+02  -1.02155807e-03
   3.56859959e+02   2.63859541e-03
   3.56860447e+02   5.77242533e-03
   3.56860936e+02   5.95829030e-03
   3.56861424e+02   2.68469052e-03
   3.56861912e+02   1.92428741e-03
   3.56862400e+02   3.41290655e-03
   3.56862889e+02   4.24143579e-03
   3.56863377e+02   6.43487461e-03
   3.56863865e+02   9.52986535e-03
   3.56864354e+02   9.97793674e-03
   3.56864842e+02   7.59403920e-03
   3.56865330e+02   8.07624031e-03
   3.56865819e+02   1.09915966e-02
   3.56866307e+02   1.24424854e-02
   3.56866795e+02   1.00717489e-02
   3.56867284e+02   8.14553443e-03
   3.56867772e+02   9.48329642e-03
   3.56868260e+02   1.28386095e-02
   3.56868748e+02   1.76968295e-02
   3.56869237e+02   2.09442340e-02
   3.56869725e+02   2.06352938e-02
   3.56870213e+02   2.07165834e-02
   3.56870702e+02   2.25239992e-02
   3.56871190e+02   2.33234521e-02
   3.56871678e+02   2.30226777e-02
   3.56872167e+02   2.31310166e-02
   3.56872655e+02   2.26034038e-02
   3.56873143e+02   2.21164487e-02
   3.56873632e+02   2.32425723e-02
   3.56874120e+02   2.08412074e-02
   3.56874608e+02   1.88868716e-02
   3.56875096e+02   2.10497994e-02
   3.56875585e+02   2.20371205e-02
   3.56876073e+02   2.00498141e-02
   3.56876561e+02   1.87307093e-02
   3.56877050e+02   1.79477800e-02
   3.56877538e+02   1.67117473e-02
   3.56878026e+02   1.62392557e-02
   3.56878515e+02   1.45606967e-02
   3.56879003e+02   1.06656021e-02
   3.56879491e+02   6.99629309e-03
   3.56879980e+02   6.10005297e-03
   3.56880468e+02   5.35633601e-03
   3.56880956e+02   3.51393339e-03
   3.56881444e+02   1.38864911e-03
   3.56881933e+02   1.42047051e-04
   3.56882421e+02   1.71914813e-04
   3.56882909e+02   3.59974860e-04
   3.56883398e+02  -1.28684542e-03
   3.56883886e+02  -1.82508549e-03
   3.56884374e+02  -5.37049433e-04
   3.56884863e+02   1.46583526e-03
   3.56885351e+02   2.67524645e-03
   3.56885839e+02   1.58315769e-03
   3.56886328e+02   6.76154878e-06
   3.56886816e+02  -1.08076015e-03
   3.56887304e+02  -1.47374719e-03
   3.56887793e+02  -1.97749614e-04
   3.56888281e+02   4.18554846e-04
   3.56888769e+02  -6.51774579e-04
   3.56889257e+02  -1.94150454e-03
   3.56889746e+02  -2.47643143e-03
   3.56890234e+02  -1.35022739e-04
   3.56890722e+02   2.01475993e-03
   3.56891211e+02  -3.52254690e-04
   3.56891699e+02  -8.22746195e-04
   3.56892187e+02   9.37609817e-04
   3.56892676e+02   1.93313684e-03
   3.56893164e+02   2.31312541e-03
   3.56893652e+02   4.84218443e-04
   3.56894141e+02  -1.05029263e-03
   3.56894629e+02   1.46721595e-03
   3.56895117e+02   2.36659078e-03
   3.56895605e+02  -1.80618523e-03
   3.56896094e+02  -4.84257145e-03
   3.56896582e+02  -2.49511912e-03
   3.56897070e+02   1.29053916e-03
   3.56897559e+02   2.53234786e-04
   3.56898047e+02  -2.44296435e-03
   3.56898535e+02  -1.99669437e-03
   3.56899024e+02  -1.03642675e-03
   3.56899512e+02  -1.58586318e-03
   3.56900000e+02  -2.56852800e-04
   3.56900489e+02   3.38131492e-03
   3.56900977e+02   4.18338925e-03
   3.56901465e+02   2.40200176e-03
   3.56901953e+02   1.92616263e-03
   3.56902442e+02   9.13372613e-04
   3.56902930e+02  -9.33403790e-04
   3.56903418e+02  -2.26421806e-04
   3.56903907e+02   1.86547008e-03
   3.56904395e+02   2.11967016e-03
   3.56904883e+02   1.60204805e-03
   3.56905372e+02   9.92239453e-04
   3.56905860e+02   3.67235880e-05
   3.56906348e+02   3.84448140e-05
   3.56906837e+02   1.28103374e-03
   3.56907325e+02   2.30577588e-03
   3.56907813e+02   1.33431412e-03
   3.56908301e+02   6.82651065e-04
   3.56908790e+02   7.51661602e-04
   3.56909278e+02  -2.65681389e-04
   3.56909766e+02  -2.82282912e-04
   3.56910255e+02   5.46604278e-04
   3.56910743e+02   3.69294692e-04
   3.56911231e+02  -3.80839396e-04
   3.56911720e+02   1.41963319e-04
   3.56912208e+02  -4.68563376e-04
   3.56912696e+02  -1.01687887e-03
   3.56913185e+02   1.65176182e-03
   3.56913673e+02   2.15050089e-03
   3.56914161e+02  -1.20984609e-04
   3.56914649e+02  -7.77266454e-04
   3.56915138e+02  -1.06585491e-03
   3.56915626e+02  -9.40248952e-04
   3.56916114e+02  -9.00427112e-05
   3.56916603e+02  -7.74479471e-04
   3.56917091e+02   1.50848471e-04
   3.56917579e+02   2.77421460e-03
   3.56918068e+02   1.46952749e-03
   3.56918556e+02  -1.99869368e-03
   3.56919044e+02  -3.32296197e-03
   3.56919533e+02  -3.11321230e-03
   3.56920021e+02  -2.20348802e-03
   3.56920509e+02  -2.65673269e-03
   3.56920997e+02  -3.08392989e-03
   3.56921486e+02  -9.70173453e-04
   3.56921974e+02   1.94062653e-03
   3.56922462e+02   2.32984801e-03
   3.56922951e+02   1.35317608e-03
   3.56923439e+02   1.65834732e-03
   3.56923927e+02   2.67918734e-03
   3.56924416e+02   2.91934144e-03
   3.56924904e+02   2.41024955e-03
   3.56925392e+02   3.27182672e-04
   3.56925881e+02  -8.29642697e-04
   3.56926369e+02   1.97615079e-03
   3.56926857e+02   4.64089355e-03
   3.56927346e+02   4.40303609e-03
   3.56927834e+02   4.78040054e-03
   3.56928322e+02   5.44513157e-03
   3.56928810e+02   2.39798264e-03
   3.56929299e+02   1.42779274e-04
   3.56929787e+02   6.56893826e-04
   3.56930275e+02   1.28390046e-03
   3.56930764e+02   1.31563947e-03
   3.56931252e+02  -7.28336803e-04
   3.56931740e+02  -2.29747966e-03
   3.56932229e+02  -1.83616811e-03
   3.56932717e+02  -1.35077629e-04
   3.56933205e+02   2.33819988e-03
   3.56933694e+02   2.32609618e-03
   3.56934182e+02  -2.28565958e-04
   3.56934670e+02   1.03573562e-04
   3.56935158e+02   2.37074471e-03
   3.56935647e+02   3.58604803e-03
   3.56936135e+02   4.02440224e-03
   3.56936623e+02   4.48934501e-03
   3.56937112e+02   4.54260968e-03
   3.56937600e+02   4.68542567e-03
   3.56938088e+02   4.42708051e-03
   3.56938577e+02   3.30295973e-03
   3.56939065e+02   3.69470590e-03
   3.56939553e+02   7.79349450e-03
   3.56940042e+02   1.02312118e-02
   3.56940530e+02   1.25454692e-02
   3.56941018e+02   1.36148650e-02
   3.56941506e+02   9.87138879e-03
   3.56941995e+02   7.56516354e-03
   3.56942483e+02   8.85551330e-03
   3.56942971e+02   1.13145206e-02
   3.56943460e+02   1.26784276e-02
   3.56943948e+02   1.25935022e-02
   3.56944436e+02   1.37999253e-02
   3.56944925e+02   1.59194116e-02
   3.56945413e+02   2.00963039e-02
   3.56945901e+02   2.10936889e-02
   3.56946390e+02   1.82187520e-02
   3.56946878e+02   1.68115962e-02
   3.56947366e+02   1.91068053e-02
   3.56947854e+02   2.20320560e-02
   3.56948343e+02   2.35940255e-02
   3.56948831e+02   2.35767402e-02
   3.56949319e+02   2.31438074e-02
   3.56949808e+02   2.03735288e-02
   3.56950296e+02   1.71373300e-02
   3.56950784e+02   1.63804013e-02
   3.56951273e+02   1.68953314e-02
   3.56951761e+02   1.88878961e-02
   3.56952249e+02   2.02696789e-02
   3.56952738e+02   1.73062887e-02
   3.56953226e+02   1.28636360e-02
   3.56953714e+02   1.07771540e-02
   3.56954202e+02   9.46328230e-03
   3.56954691e+02   6.48535881e-03
   3.56955179e+02   6.66499883e-03
   3.56955667e+02   6.78748963e-03
   3.56956156e+02   3.49283405e-03
   3.56956644e+02   1.68541190e-03
   3.56957132e+02   2.43853219e-03
   3.56957621e+02   4.07128455e-03
   3.56958109e+02   6.10363670e-03
   3.56958597e+02   4.07396490e-03
   3.56959086e+02   3.09276790e-03
   3.56959574e+02   3.27931647e-03
   3.56960062e+02   3.99235031e-03
   3.56960550e+02   5.31893270e-03
   3.56961039e+02   4.06481652e-03
   3.56961527e+02   1.07632380e-03
   3.56962015e+02   6.77197386e-05
   3.56962504e+02   3.16227291e-04
   3.56962992e+02   1.20814721e-05
   3.56963480e+02   1.72771397e-03
   3.56963969e+02   3.90964327e-03
   3.56964457e+02   3.30000278e-03
   3.56964945e+02   2.18714215e-03
   3.56965434e+02  -1.95579123e-04
   3.56965922e+02  -2.88837566e-03
   3.56966410e+02  -2.50328239e-03
   3.56966899e+02  -1.79220492e-03
   3.56967387e+02  -2.87320372e-03
   3.56967875e+02  -1.97840924e-03
   3.56968363e+02   9.43951774e-04
   3.56968852e+02   1.06449996e-03
   3.56969340e+02   2.33091341e-04
   3.56969828e+02   9.38729965e-04
   3.56970317e+02   9.25348257e-04
   3.56970805e+02   6.03710301e-04
   3.56971293e+02   2.10534665e-03
   3.56971782e+02   1.34559814e-03
   3.56972270e+02   6.31943258e-05
   3.56972758e+02   1.53265079e-04
   3.56973247e+02  -9.42249389e-05
   3.56973735e+02  -8.91965930e-04
   3.56974223e+02  -1.75284094e-03
   3.56974711e+02   4.57020156e-04
   3.56975200e+02   2.91679241e-03
   3.56975688e+02   1.11195201e-03
   3.56976176e+02  -6.42251805e-04
   3.56976665e+02  -1.97037659e-03
   3.56977153e+02  -3.16473097e-03
   3.56977641e+02  -1.91149837e-03
   3.56978130e+02   1.73342152e-04
   3.56978618e+02   1.02219009e-03
   3.56979106e+02   6.56355522e-04
   3.56979595e+02  -4.25857521e-04
   3.56980083e+02   4.76537563e-04
   3.56980571e+02   5.01739443e-04
   3.56981059e+02  -5.79547021e-04
   3.56981548e+02  -5.99912892e-04
   3.56982036e+02  -4.02778678e-04
   3.56982524e+02   1.29011023e-04
   3.56983013e+02   3.73974239e-04
   3.56983501e+02  -7.81635346e-04
   3.56983989e+02  -5.31786878e-04
   3.56984478e+02  -2.07385237e-04
   3.56984966e+02  -2.30706227e-03
   3.56985454e+02  -2.65258714e-03
   3.56985943e+02   5.18991263e-04
   3.56986431e+02   3.69841885e-03
   3.56986919e+02   2.82748532e-03
   3.56987407e+02   1.17335969e-03
   3.56987896e+02   2.61393609e-03
   3.56988384e+02   4.17965697e-03
   3.56988872e+02   3.03282030e-03
   3.56989361e+02   2.32532257e-04
   3.56989849e+02  -2.02552089e-03
   3.56990337e+02  -2.91802431e-03
   3.56990826e+02  -2.64146831e-03
   3.56991314e+02  -1.96598703e-03
   3.56991802e+02  -1.05524273e-03
   3.56992291e+02  -5.98370447e-04
   3.56992779e+02  -1.75748114e-03
   3.56993267e+02  -3.05201882e-03
   3.56993755e+02  -2.49893684e-03
   3.56994244e+02  -8.00560985e-04
   3.56994732e+02  -9.66813997e-04
   3.56995220e+02  -1.87460997e-03
   3.56995709e+02  -1.20486075e-03
   3.56996197e+02  -5.70744916e-04
   3.56996685e+02  -8.07841716e-04
   3.56997174e+02  -1.73744251e-04
   3.56997662e+02  -3.06425609e-05
   3.56998150e+02   4.86756217e-05
   3.56998639e+02   5.79192245e-04
   3.56999127e+02   5.39016968e-04
   3.56999615e+02   8.11546459e-04
   3.57000103e+02   9.70988418e-04
   3.57000592e+02   9.38408484e-04
   3.57001080e+02   9.36400320e-04
   3.57001568e+02   4.24412719e-04
   3.57002057e+02  -2.50818761e-04
   3.57002545e+02   6.46821805e-04
   3.57003033e+02   3.67413089e-03
   3.57003522e+02   4.25183075e-03
   3.57004010e+02   1.37815240e-03
   3.57004498e+02  -1.37645216e-03
   3.57004987e+02  -3.08949442e-04
   3.57005475e+02   1.45456195e-03
   3.57005963e+02   8.27838317e-04
   3.57006451e+02   1.15776761e-03
   3.57006940e+02  -1.12166010e-04
   3.57007428e+02  -1.75299135e-03
   3.57007916e+02  -1.33483764e-03
   3.57008405e+02  -2.81008915e-03
   3.57008893e+02  -5.04831271e-03
   3.57009381e+02  -3.71835404e-03
   3.57009870e+02  -2.51936930e-04
   3.57010358e+02   1.94134808e-03
   3.57010846e+02   2.17074249e-03
   3.57011335e+02   7.30904285e-04
   3.57011823e+02  -1.90920290e-03
   3.57012311e+02  -2.21470650e-03
   3.57012800e+02  -1.80401211e-03
   3.57013288e+02  -2.24268087e-03
   3.57013776e+02  -2.25180667e-03
   3.57014264e+02  -2.38889316e-03
   3.57014753e+02  -1.13187544e-03
   3.57015241e+02   1.85093901e-03
   3.57015729e+02   1.81152078e-03
   3.57016218e+02  -6.56345394e-04
   3.57016706e+02  -7.65893492e-04
   3.57017194e+02  -1.30862999e-03
   3.57017683e+02  -3.54449992e-04
   3.57018171e+02   1.71260862e-03
   3.57018659e+02   3.39004654e-03
   3.57019148e+02   3.40044126e-03
   3.57019636e+02   2.21064407e-03
   3.57020124e+02   9.68294276e-04
   3.57020612e+02   2.59789894e-03
   3.57021101e+02   4.53603221e-03
   3.57021589e+02   3.90585302e-03
   3.57022077e+02   1.00471068e-03
   3.57022566e+02  -8.35004786e-04
   3.57023054e+02  -3.56274046e-04
   3.57023542e+02  -8.00521637e-04
   3.57024031e+02  -2.90349446e-04
   3.57024519e+02   8.64087488e-04
   3.57025007e+02   1.53172237e-03
   3.57025496e+02   1.46260799e-03
   3.57025984e+02  -1.07375765e-03
   3.57026472e+02  -4.19729669e-03
   3.57026960e+02  -4.44807764e-03
   3.57027449e+02  -1.92660396e-03
   3.57027937e+02   1.03853561e-03
   3.57028425e+02   2.78046937e-03
   3.57028914e+02   1.40626647e-03
   3.57029402e+02   4.68405779e-04
   3.57029890e+02   1.26649195e-03
   3.57030379e+02   1.33466313e-03
   3.57030867e+02   7.28618994e-04
   3.57031355e+02   1.42260556e-04
   3.57031844e+02   1.38454910e-04
   3.57032332e+02  -2.09830212e-03
   3.57032820e+02  -3.11468123e-03
   3.57033308e+02  -1.30552822e-03
   3.57033797e+02  -3.07050953e-03
   3.57034285e+02  -5.10062184e-03
   3.57034773e+02  -3.79028567e-03
   3.57035262e+02  -1.69450522e-03
   3.57035750e+02   5.77704341e-04
   3.57036238e+02   2.01218692e-03
   3.57036727e+02   3.42099578e-04
   3.57037215e+02  -2.11323355e-03
   3.57037703e+02  -1.59782148e-03
   3.57038192e+02   3.63209824e-06
   3.57038680e+02  -5.11951919e-04
   3.57039168e+02  -7.78321177e-04
   3.57039656e+02  -1.27427408e-03
   3.57040145e+02  -2.34626047e-03
   3.57040633e+02  -1.42533518e-03
   3.57041121e+02   1.18325232e-03
   3.57041610e+02   1.83559605e-03
   3.57042098e+02   7.92706676e-04
   3.57042586e+02   4.97930974e-04
   3.57043075e+02   4.60387928e-05
   3.57043563e+02  -3.41658859e-04
   3.57044051e+02  -4.82153875e-04
   3.57044540e+02  -1.14471465e-03
   3.57045028e+02  -1.49948825e-03
   3.57045516e+02  -7.15180009e-04
   3.57046004e+02   4.97345929e-04
   3.57046493e+02   8.71473225e-04
   3.57046981e+02   1.46712211e-03
   3.57047469e+02   2.64599407e-03
   3.57047958e+02   4.65442287e-03
   3.57048446e+02   6.42583519e-03
   3.57048934e+02   5.80024533e-03
   3.57049423e+02   4.65389993e-03
   3.57049911e+02   3.31659801e-03
   3.57050399e+02   1.82581064e-03
   3.57050888e+02   1.88716955e-03
   3.57051376e+02   1.65989459e-03
   3.57051864e+02   6.17706683e-04
   3.57052353e+02   1.88819293e-04
   3.57052841e+02  -3.80272279e-04
   3.57053329e+02  -2.67634145e-03
   3.57053817e+02  -3.58987995e-03
   3.57054306e+02  -2.51259492e-03
   3.57054794e+02  -1.60154351e-03
   3.57055282e+02   6.29353628e-04
   3.57055771e+02   3.10330791e-03
   3.57056259e+02   4.23023850e-03
   3.57056747e+02   2.00319826e-03
   3.57057236e+02  -1.35669182e-03
   3.57057724e+02  -1.09929196e-03
   3.57058212e+02  -3.06236383e-04
   3.57058701e+02  -1.11410150e-03
   3.57059189e+02   5.87477465e-04
   3.57059677e+02   3.48581118e-03
   3.57060165e+02   4.43522492e-03
   3.57060654e+02   1.48890819e-03
   3.57061142e+02  -1.83658034e-03
   3.57061630e+02  -4.78996022e-04
   3.57062119e+02   2.52015190e-03
   3.57062607e+02   1.66262500e-03
   3.57063095e+02  -2.95811170e-03
   3.57063584e+02  -5.35155972e-03
   3.57064072e+02  -3.11291660e-03
   3.57064560e+02  -9.68952605e-04
   3.57065049e+02  -1.34899688e-03
   3.57065537e+02  -9.12914751e-04
   3.57066025e+02  -2.51999241e-04
   3.57066513e+02  -2.14622545e-04
   3.57067002e+02  -1.39159005e-04
   3.57067490e+02  -3.43869469e-05
   3.57067978e+02   1.09008118e-03
   3.57068467e+02   1.94243985e-04
   3.57068955e+02  -1.70060224e-03
   3.57069443e+02  -1.23441161e-04
   3.57069932e+02   2.23197695e-03
   3.57070420e+02   1.86574704e-03
   3.57070908e+02   6.93696144e-04
   3.57071397e+02  -1.93452099e-04
   3.57071885e+02  -6.36314449e-04
   3.57072373e+02   8.69469775e-04
   3.57072861e+02   2.28090910e-03
   3.57073350e+02   1.19498966e-03
   3.57073838e+02  -5.18205634e-04
   3.57074326e+02  -1.10990391e-03
   3.57074815e+02  -7.23087520e-04
   3.57075303e+02  -3.98456556e-04
   3.57075791e+02  -1.59507140e-03
   3.57076280e+02  -2.53454316e-03
   3.57076768e+02  -2.34442251e-03
   3.57077256e+02  -1.41167664e-03
   3.57077745e+02   7.27623526e-04
   3.57078233e+02   1.80922472e-03
   3.57078721e+02   1.12725678e-03
   3.57079209e+02   1.19640063e-04
   3.57079698e+02  -1.27500985e-04
   3.57080186e+02  -8.47467090e-05
   3.57080674e+02  -7.85163837e-04
   3.57081163e+02  -1.10470050e-03
   3.57081651e+02   9.87450010e-04
   3.57082139e+02   2.89788446e-03
   3.57082628e+02   2.38312199e-03
   3.57083116e+02   2.50947755e-03
   3.57083604e+02   4.82080132e-03
   3.57084093e+02   7.36597506e-03
   3.57084581e+02   7.33741978e-03
   3.57085069e+02   5.25970059e-03
   3.57085557e+02   5.60223963e-03
   3.57086046e+02   9.84818302e-03
   3.57086534e+02   1.07355732e-02
   3.57087022e+02   1.08366590e-02
   3.57087511e+02   1.05402917e-02
   3.57087999e+02   1.08374897e-02
   3.57088487e+02   1.40216686e-02
   3.57088976e+02   1.65160764e-02
   3.57089464e+02   1.69143714e-02
   3.57089952e+02   1.66488886e-02
   3.57090441e+02   1.50964670e-02
   3.57090929e+02   1.60949267e-02
   3.57091417e+02   2.09261365e-02
   3.57091906e+02   2.53430344e-02
   3.57092394e+02   2.46782657e-02
   3.57092882e+02   2.22456511e-02
   3.57093370e+02   2.23883409e-02
   3.57093859e+02   2.38550380e-02
   3.57094347e+02   2.54095420e-02
   3.57094835e+02   2.53657158e-02
   3.57095324e+02   2.42260378e-02
   3.57095812e+02   2.64175888e-02
   3.57096300e+02   2.80230679e-02
   3.57096789e+02   2.59161517e-02
   3.57097277e+02   2.52054911e-02
   3.57097765e+02   2.51455270e-02
   3.57098254e+02   2.42368616e-02
   3.57098742e+02   2.36107148e-02
   3.57099230e+02   2.06642132e-02
   3.57099718e+02   1.69769656e-02
   3.57100207e+02   1.47526069e-02
   3.57100695e+02   1.15827955e-02
   3.57101183e+02   7.36555131e-03
   3.57101672e+02   5.61525347e-03
   3.57102160e+02   5.74719952e-03
   3.57102648e+02   4.87979967e-03
   3.57103137e+02   3.29030701e-03
   3.57103625e+02   7.56980211e-04
   3.57104113e+02   7.74670989e-05
   3.57104602e+02   2.44487636e-03
   3.57105090e+02   3.47158476e-03
   3.57105578e+02   3.37723503e-03
   3.57106066e+02   2.05369340e-03
   3.57106555e+02   4.09396976e-04
   3.57107043e+02   1.42856257e-03
   3.57107531e+02   1.45265239e-03
   3.57108020e+02  -1.04238675e-03
   3.57108508e+02  -1.49599975e-03
   3.57108996e+02   2.10175687e-03
   3.57109485e+02   4.65498073e-03
   3.57109973e+02   3.70941591e-03
   3.57110461e+02   2.68226000e-03
   3.57110950e+02   3.17663606e-03
   3.57111438e+02   2.84636836e-03
   3.57111926e+02   2.81335996e-03
   3.57112414e+02   2.09093303e-03
   3.57112903e+02  -2.26996795e-04
   3.57113391e+02   2.06111145e-04
   3.57113879e+02   1.96181051e-03
   3.57114368e+02   1.52965740e-03
   3.57114856e+02  -1.14563718e-05
   3.57115344e+02  -1.99478283e-03
   3.57115833e+02  -2.34688772e-03
   3.57116321e+02   2.08025347e-04
   3.57116809e+02   1.91924954e-03
   3.57117298e+02   2.24813120e-04
   3.57117786e+02  -1.15112506e-03
   3.57118274e+02  -7.47743004e-04
   3.57118762e+02  -1.38484058e-03
   3.57119251e+02  -4.89322352e-04
   3.57119739e+02   1.91756734e-03
   3.57120227e+02   3.50779667e-03
   3.57120716e+02   6.13353960e-03
   3.57121204e+02   5.27157774e-03
   3.57121692e+02   2.74566305e-03
   3.57122181e+02   4.43848455e-03
   3.57122669e+02   4.85929800e-03
   3.57123157e+02   2.05466570e-03
   3.57123646e+02   1.31667384e-05
   3.57124134e+02  -1.52574724e-03
   3.57124622e+02  -1.71346636e-03
   3.57125110e+02   1.05699268e-03
   3.57125599e+02   1.85385963e-03
   3.57126087e+02   1.19186693e-03
   3.57126575e+02   1.47518015e-03
   3.57127064e+02   3.20901221e-04
   3.57127552e+02  -1.82164903e-03
   3.57128040e+02  -3.31824366e-03
   3.57128529e+02  -3.98475211e-03
   3.57129017e+02  -2.58818711e-03
   3.57129505e+02  -9.04241519e-04
   3.57129994e+02   5.51088830e-04
   3.57130482e+02   3.32209724e-03
   3.57130970e+02   5.24006691e-03
   3.57131459e+02   3.92454676e-03
   3.57131947e+02  -6.18041522e-05
   3.57132435e+02  -2.45380774e-03
   3.57132923e+02  -1.68511982e-03
   3.57133412e+02   9.28655907e-04
   3.57133900e+02   3.73613066e-03
   3.57134388e+02   2.47160235e-04
   3.57134877e+02  -2.41188332e-03
   3.57135365e+02  -1.65583551e-04
   3.57135853e+02   2.15187250e-03
   3.57136342e+02   3.41256754e-03
   3.57136830e+02   3.10157053e-03
   3.57137318e+02   1.83630013e-03
   3.57137807e+02   3.06909368e-03
   3.57138295e+02   5.27991354e-03
   3.57138783e+02   2.99187773e-03
   3.57139271e+02  -2.40894221e-03
   3.57139760e+02  -3.51971318e-03
   3.57140248e+02  -1.57526915e-03
   3.57140736e+02  -2.44854554e-03
   3.57141225e+02  -3.10099404e-03
   3.57141713e+02  -4.28070634e-04
   3.57142201e+02   1.26507157e-03
   3.57142690e+02   1.73968059e-04
   3.57143178e+02  -1.20081974e-03
   3.57143666e+02  -2.81452038e-03
   3.57144155e+02  -3.76465381e-03
   3.57144643e+02  -2.91278702e-03
   3.57145131e+02  -1.61535537e-03
   3.57145619e+02  -1.24319643e-03
   3.57146108e+02  -1.08688325e-03
   3.57146596e+02  -9.61786078e-04
   3.57147084e+02  -2.58518127e-03
   3.57147573e+02  -2.79136398e-03
   3.57148061e+02  -2.86378403e-04
   3.57148549e+02   4.57908493e-04
   3.57149038e+02  -4.94089152e-04
   3.57149526e+02  -1.23574422e-03
   3.57150014e+02  -3.05965915e-03
   3.57150503e+02  -4.19253949e-03
   3.57150991e+02  -3.99842160e-03
   3.57151479e+02  -2.98804301e-03
   3.57151967e+02  -3.32831754e-04
   3.57152456e+02   1.07630040e-03
   3.57152944e+02  -1.41136639e-03
   3.57153432e+02  -2.60428386e-03
   3.57153921e+02  -7.95387896e-04
   3.57154409e+02   6.02628570e-04
   3.57154897e+02   9.61294572e-05
   3.57155386e+02  -6.40865241e-04
   3.57155874e+02  -6.24128617e-04
   3.57156362e+02  -1.25734217e-03
   3.57156851e+02  -1.65412808e-03
   3.57157339e+02  -1.55500753e-03
   3.57157827e+02  -4.37734940e-04
   3.57158315e+02   9.01204068e-04
   3.57158804e+02  -6.24071748e-04
   3.57159292e+02  -1.91947573e-03
   3.57159780e+02  -1.35495153e-03
   3.57160269e+02  -5.83493907e-04
   3.57160757e+02   1.45913300e-03
   3.57161245e+02   1.81528158e-03
   3.57161734e+02  -1.32602337e-03
   3.57162222e+02  -3.18510411e-03
   3.57162710e+02  -4.47683362e-03
   3.57163199e+02  -5.83946751e-03
   3.57163687e+02  -4.54833964e-03
   3.57164175e+02  -1.63474598e-03
   3.57164663e+02  -8.28367309e-04
   3.57165152e+02  -1.82711333e-03
   3.57165640e+02  -9.58772493e-04
   3.57166128e+02  -7.25746329e-04
   3.57166617e+02  -2.38209381e-03
   3.57167105e+02  -2.46948446e-03
   3.57167593e+02  -1.05606799e-03
   3.57168082e+02   5.52890066e-04
   3.57168570e+02   7.23410631e-04
   3.57169058e+02  -1.58032835e-05
   3.57169547e+02   2.03736592e-03
   3.57170035e+02   3.31053627e-03
   3.57170523e+02   1.75967521e-03
   3.57171012e+02   5.70054166e-04
   3.57171500e+02  -2.50313431e-03
   3.57171988e+02  -4.68831928e-03
   3.57172476e+02  -3.11875925e-03
   3.57172965e+02  -2.32497114e-03
   3.57173453e+02  -2.08319467e-03
   3.57173941e+02  -1.57119206e-03
   3.57174430e+02  -5.51626319e-04
   3.57174918e+02   2.17379117e-03
   3.57175406e+02   3.66710010e-03
   3.57175895e+02   1.11116574e-03
   3.57176383e+02  -2.35166284e-03
   3.57176871e+02  -3.37806391e-03
   3.57177360e+02  -2.38457695e-03
   3.57177848e+02  -1.29433640e-03
   3.57178336e+02  -2.48612370e-04
   3.57178824e+02   8.29968427e-04
   3.57179313e+02   8.28548626e-04
   3.57179801e+02   1.29410042e-03
   3.57180289e+02   6.83255435e-04
   3.57180778e+02  -2.32390454e-03
   3.57181266e+02  -2.85460125e-03
   3.57181754e+02  -2.29821046e-04
   3.57182243e+02   7.32548360e-04
   3.57182731e+02  -2.90500210e-03
   3.57183219e+02  -5.72622800e-03
   3.57183708e+02  -3.26147559e-03
   3.57184196e+02  -3.23413347e-04
   3.57184684e+02  -6.28115493e-04
   3.57185172e+02  -1.04807527e-03
   3.57185661e+02   7.30489090e-04
   3.57186149e+02   2.17499537e-03
   3.57186637e+02   8.42469046e-04
   3.57187126e+02  -6.80815196e-04
   3.57187614e+02  -5.59990760e-04
   3.57188102e+02  -6.26153080e-04
   3.57188591e+02  -1.11459626e-03
   3.57189079e+02  -4.52084147e-04
   3.57189567e+02   8.28152639e-04
   3.57190056e+02   9.76207724e-04
   3.57190544e+02   1.70961046e-03
   3.57191032e+02   2.69383378e-03
   3.57191520e+02   2.44318717e-03
   3.57192009e+02   2.45080609e-03
   3.57192497e+02   2.30016955e-03
   3.57192985e+02   2.12972212e-04
   3.57193474e+02   8.12629645e-04
   3.57193962e+02   2.10589822e-03
   3.57194450e+02   2.12726067e-03
   3.57194939e+02   2.15644203e-03
   3.57195427e+02   2.19288166e-03
   3.57195915e+02   2.74510676e-04
   3.57196404e+02  -2.50981236e-03
   3.57196892e+02  -3.81564139e-03
   3.57197380e+02  -3.62020731e-03
   3.57197868e+02  -2.54852744e-03
   3.57198357e+02  -7.82142160e-05
   3.57198845e+02   2.62215803e-03
   3.57199333e+02   1.47417688e-03
   3.57199822e+02  -2.10830313e-03
   3.57200310e+02  -2.78818212e-03
   3.57200798e+02  -3.30490526e-04
   3.57201287e+02   1.45269232e-03
   3.57201775e+02   1.98625121e-03
   3.57202263e+02   2.73433281e-03
   3.57202752e+02   2.38730200e-03
   3.57203240e+02   1.80731923e-03
   3.57203728e+02   2.49323319e-03
   3.57204216e+02   1.87413220e-03
   3.57204705e+02   8.41203786e-04
   3.57205193e+02   1.18509098e-03
   3.57205681e+02   4.33257461e-04
   3.57206170e+02  -2.07435293e-03
   3.57206658e+02  -1.67270191e-03
   3.57207146e+02   8.22887581e-04
   3.57207635e+02   4.48636041e-04
   3.57208123e+02  -1.11944147e-03
   3.57208611e+02  -1.63944415e-03
   3.57209100e+02  -2.77352729e-03
   3.57209588e+02  -3.71915824e-03
   3.57210076e+02  -2.33057165e-03
   3.57210565e+02   8.10286088e-04
   3.57211053e+02   1.47735048e-03
   3.57211541e+02   1.15277013e-03
   3.57212029e+02   3.89401888e-04
   3.57212518e+02  -2.12611374e-03
   3.57213006e+02  -2.28370423e-03
   3.57213494e+02   1.78121365e-04
   3.57213983e+02   8.39593878e-04
   3.57214471e+02   7.96452805e-04
   3.57214959e+02  -8.47085248e-05
   3.57215448e+02  -2.15151068e-03
   3.57215936e+02  -1.91587745e-03
   3.57216424e+02   1.69983614e-04
   3.57216913e+02  -5.71256329e-04
   3.57217401e+02  -3.51998908e-03
   3.57217889e+02  -4.45953943e-03
   3.57218377e+02  -3.79352644e-03
   3.57218866e+02  -3.14457528e-03
   3.57219354e+02  -1.69786275e-03
   3.57219842e+02  -4.78582479e-05
   3.57220331e+02  -1.39258790e-03
   3.57220819e+02  -3.18802451e-03
   3.57221307e+02  -1.91213877e-03
   3.57221796e+02  -3.59879079e-04
   3.57222284e+02  -7.40742544e-04
   3.57222772e+02  -1.18796912e-03
   3.57223261e+02   1.44948519e-03
   3.57223749e+02   4.12689382e-03
   3.57224237e+02   1.20710686e-03
   3.57224725e+02  -2.43157195e-03
   3.57225214e+02  -1.66630081e-03
   3.57225702e+02   1.89981959e-03
   3.57226190e+02   3.30093037e-03
   3.57226679e+02   2.16344348e-03
   3.57227167e+02   1.96725037e-03
   3.57227655e+02   1.00922643e-03
   3.57228144e+02  -1.31235016e-03
   3.57228632e+02  -1.85215718e-03
   3.57229120e+02  -8.32560836e-05
   3.57229609e+02   1.43084349e-03
   3.57230097e+02   1.50126894e-03
   3.57230585e+02   1.90024951e-03
   3.57231073e+02   7.27951061e-04
   3.57231562e+02  -1.00371346e-03
   3.57232050e+02  -7.18491850e-04
   3.57232538e+02   9.01116407e-04
   3.57233027e+02   7.08994106e-04
   3.57233515e+02  -8.83794681e-04
   3.57234003e+02  -1.49027898e-03
   3.57234492e+02  -3.09127639e-03
   3.57234980e+02  -1.40138099e-03
   3.57235468e+02   2.91907272e-05
   3.57235957e+02  -2.42738076e-03
   3.57236445e+02  -2.59796553e-03
   3.57236933e+02  -2.95722368e-03
   3.57237421e+02  -4.83017229e-03
   3.57237910e+02  -3.45909409e-03
   3.57238398e+02  -1.48927863e-03
   3.57238886e+02  -4.95004351e-04
   3.57239375e+02   9.10459319e-04
   3.57239863e+02  -1.53446643e-04
   3.57240351e+02   3.07607668e-04
   3.57240840e+02   4.02976060e-03
   3.57241328e+02   4.82223509e-03
   3.57241816e+02   4.07923304e-04
   3.57242305e+02  -2.34313589e-03
   3.57242793e+02  -6.98791235e-04
   3.57243281e+02   9.99875338e-05
   3.57243769e+02   1.05628525e-04
   3.57244258e+02   3.60700418e-04
   3.57244746e+02   2.81157008e-05
   3.57245234e+02   5.86018723e-04
   3.57245723e+02   4.59729636e-04
   3.57246211e+02  -1.10076007e-03
   3.57246699e+02  -1.62281515e-03
   3.57247188e+02  -1.45174912e-03
   3.57247676e+02  -1.09845051e-03
   3.57248164e+02   6.19482773e-04
   3.57248653e+02   2.23936839e-03
   3.57249141e+02   7.71967927e-04
   3.57249629e+02  -4.27152729e-04
   3.57250118e+02   7.07062660e-04
   3.57250606e+02   5.40336419e-04
   3.57251094e+02  -1.47612952e-03
   3.57251582e+02  -1.78221136e-03
   3.57252071e+02   4.46827646e-04
   3.57252559e+02   1.69339415e-03
   3.57253047e+02   9.39697609e-04
   3.57253536e+02   1.16609666e-03
   3.57254024e+02   8.75039725e-04
   3.57254512e+02  -2.29146518e-03
   3.57255001e+02  -3.60144977e-03
   3.57255489e+02  -2.86904979e-03
   3.57255977e+02  -3.46024917e-03
   3.57256466e+02  -3.65853496e-03
   3.57256954e+02  -5.34105988e-04
   3.57257442e+02   1.79976516e-03
   3.57257930e+02   2.64724088e-03
   3.57258419e+02   3.23940045e-03
   3.57258907e+02   2.79345526e-03
   3.57259395e+02   2.68149958e-03
   3.57259884e+02   2.75353575e-03
   3.57260372e+02   1.47584931e-03
   3.57260860e+02   8.58356187e-04
   3.57261349e+02   2.26828316e-03
   3.57261837e+02   3.11146514e-03
   3.57262325e+02   1.62419013e-03
   3.57262814e+02  -8.69344745e-04
   3.57263302e+02  -3.03251832e-03
   3.57263790e+02  -1.85951078e-03
   3.57264278e+02   1.53141876e-03
   3.57264767e+02   1.06146105e-03
   3.57265255e+02  -9.05467430e-04
   3.57265743e+02  -9.49994021e-04
   3.57266232e+02  -1.54141523e-03
   3.57266720e+02  -2.94020341e-04
   3.57267208e+02   3.46812769e-03
   3.57267697e+02   7.22007127e-03
   3.57268185e+02   7.03971367e-03
   3.57268673e+02   3.06897936e-03
   3.57269162e+02   1.39244250e-03
   3.57269650e+02   9.63858387e-04
   3.57270138e+02  -9.66942927e-04
   3.57270626e+02  -1.34374120e-03
   3.57271115e+02  -1.54690747e-03
   3.57271603e+02  -9.70828230e-04
   3.57272091e+02   1.11817289e-03
   3.57272580e+02   1.72792014e-03
   3.57273068e+02   2.56690639e-03
   3.57273556e+02   2.85479799e-03
   3.57274045e+02   1.38251705e-03
   3.57274533e+02   6.04396570e-04
   3.57275021e+02   2.63795606e-04
   3.57275510e+02  -7.44265155e-04
   3.57275998e+02   5.09124307e-04
   3.57276486e+02   4.49732319e-03
   3.57276974e+02   8.23760964e-03
   3.57277463e+02   1.11448523e-02
   3.57277951e+02   1.17723960e-02
   3.57278439e+02   8.91232677e-03
   3.57278928e+02   5.51701477e-03
   3.57279416e+02   4.36794432e-03
   3.57279904e+02   6.69598114e-03
   3.57280393e+02   6.97688805e-03
   3.57280881e+02   8.29632860e-03
   3.57281369e+02   1.01530245e-02
   3.57281858e+02   8.76007974e-03
   3.57282346e+02   7.66861206e-03
   3.57282834e+02   1.05169872e-02
   3.57283322e+02   1.36800101e-02
   3.57283811e+02   1.53087303e-02
   3.57284299e+02   1.47555871e-02
   3.57284787e+02   1.29935909e-02
   3.57285276e+02   1.65924132e-02
   3.57285764e+02   2.06840448e-02
   3.57286252e+02   1.96588095e-02
   3.57286741e+02   1.86167452e-02
   3.57287229e+02   2.19223648e-02
   3.57287717e+02   2.61187311e-02
   3.57288206e+02   2.54096407e-02
   3.57288694e+02   2.26815473e-02
   3.57289182e+02   2.27670539e-02
   3.57289671e+02   2.32504196e-02
   3.57290159e+02   2.41551269e-02
   3.57290647e+02   2.72989571e-02
   3.57291135e+02   2.62536108e-02
   3.57291624e+02   2.29833983e-02
   3.57292112e+02   2.09168177e-02
   3.57292600e+02   2.04010736e-02
   3.57293089e+02   2.15512887e-02
   3.57293577e+02   1.74103156e-02
   3.57294065e+02   1.21518588e-02
   3.57294554e+02   1.07595213e-02
   3.57295042e+02   9.14309919e-03
   3.57295530e+02   8.58611520e-03
   3.57296019e+02   1.04316780e-02
   3.57296507e+02   7.14030489e-03
   3.57296995e+02   4.64897929e-03
   3.57297483e+02   3.42416298e-03
   3.57297972e+02   3.19476030e-03
   3.57298460e+02   3.79293133e-03
   3.57298948e+02   1.57090032e-03
   3.57299437e+02  -3.74245719e-04
   3.57299925e+02   2.81199417e-03
   3.57300413e+02   4.47569694e-03
   3.57300902e+02   1.63589360e-03
   3.57301390e+02  -6.05515670e-04
   3.57301878e+02  -1.61997671e-03
   3.57302367e+02  -1.43521454e-03
   3.57302855e+02   1.26719708e-03
   3.57303343e+02   2.08102306e-03
   3.57303831e+02  -1.63132980e-04
   3.57304320e+02  -1.42859423e-03
   3.57304808e+02  -2.67087924e-03
   3.57305296e+02  -2.19550147e-03
   3.57305785e+02  -3.38263664e-04
   3.57306273e+02   1.74485220e-04
   3.57306761e+02   9.45678214e-04
   3.57307250e+02   3.55475349e-03
   3.57307738e+02   4.27778484e-03
   3.57308226e+02   1.40792457e-03
   3.57308715e+02  -1.25655858e-03
   3.57309203e+02  -2.26614671e-03
   3.57309691e+02  -2.10868288e-03
   3.57310179e+02  -9.53207607e-04
   3.57310668e+02  -6.58465317e-04
   3.57311156e+02   1.35147391e-04
   3.57311644e+02  -4.18657728e-04
   3.57312133e+02  -1.22409710e-03
   3.57312621e+02  -8.11812992e-04
   3.57313109e+02  -3.35652428e-03
   3.57313598e+02  -3.83127644e-03
   3.57314086e+02  -1.02000391e-04
   3.57314574e+02   2.71875644e-03
   3.57315063e+02   1.18448923e-03
   3.57315551e+02  -3.77053628e-03
   3.57316039e+02  -5.21430653e-03
   3.57316527e+02  -1.22754637e-03
   3.57317016e+02   1.88214576e-03
   3.57317504e+02   4.27893858e-04
   3.57317992e+02  -1.03462825e-03
   3.57318481e+02  -2.54753773e-04
   3.57318969e+02  -1.99130081e-04
   3.57319457e+02   5.93582401e-04
   3.57319946e+02   1.40712131e-03
   3.57320434e+02   9.35298216e-04
   3.57320922e+02   1.41645898e-03
   3.57321411e+02   9.60237230e-04
   3.57321899e+02   4.46468213e-04
   3.57322387e+02   1.37833902e-03
   3.57322875e+02   1.18613045e-03
   3.57323364e+02   1.30049337e-03
   3.57323852e+02   4.03156271e-03
   3.57324340e+02   5.77460136e-03
   3.57324829e+02   3.77473887e-03
   3.57325317e+02  -1.44335529e-04
   3.57325805e+02  -1.95708545e-03
   3.57326294e+02  -1.80467579e-03
   3.57326782e+02  -3.57548823e-04
   3.57327270e+02  -2.45104951e-04
   3.57327759e+02  -3.61010316e-03
   3.57328247e+02  -3.09199444e-03
   3.57328735e+02   2.17416696e-03
   3.57329224e+02   5.01929456e-03
   3.57329712e+02   3.34199378e-03
   3.57330200e+02   4.91131039e-04
   3.57330688e+02  -7.30527448e-04
   3.57331177e+02  -6.26406691e-05
   3.57331665e+02   4.53219953e-04
   3.57332153e+02   5.52803569e-04
   3.57332642e+02   2.66410352e-04
   3.57333130e+02  -1.37602922e-03
   3.57333618e+02  -1.71434903e-03
   3.57334107e+02  -1.48759806e-03
   3.57334595e+02  -2.94864736e-03
   3.57335083e+02  -2.59081065e-03
   3.57335572e+02  -2.12684623e-03
   3.57336060e+02  -2.30446202e-03
   3.57336548e+02  -7.87348370e-04
   3.57337036e+02   1.97295891e-03
   3.57337525e+02   3.94743169e-03
   3.57338013e+02   2.07774923e-03
   3.57338501e+02  -1.13981194e-03
   3.57338990e+02  -5.41439804e-04
   3.57339478e+02   2.68221274e-03
   3.57339966e+02   2.41256808e-03
   3.57340455e+02  -1.36696803e-03
   3.57340943e+02  -2.18850025e-03
   3.57341431e+02  -1.37199904e-03
   3.57341920e+02  -2.07437226e-03
   3.57342408e+02  -2.03723647e-03
   3.57342896e+02  -3.55923694e-04
   3.57343384e+02   1.27780659e-03
   3.57343873e+02   6.72416587e-04
   3.57344361e+02   5.75232611e-04
   3.57344849e+02   1.39677094e-03
   3.57345338e+02   2.35680863e-03
   3.57345826e+02   2.58525135e-03
   3.57346314e+02  -4.57859569e-04
   3.57346803e+02  -3.93455895e-03
   3.57347291e+02  -2.53553106e-03
   3.57347779e+02   6.12034521e-04
   3.57348268e+02   1.03503675e-03
   3.57348756e+02  -5.07595287e-05
   3.57349244e+02  -1.76573463e-03
   3.57349732e+02  -3.36717069e-03
   3.57350221e+02  -4.07133251e-03
   3.57350709e+02  -4.32204595e-03
   3.57351197e+02  -4.12826473e-03
   3.57351686e+02  -2.73651187e-03
   3.57352174e+02  -1.92989261e-04
   3.57352662e+02   2.12365785e-03
   3.57353151e+02   1.12152263e-03
   3.57353639e+02  -3.29805445e-03
   3.57354127e+02  -3.53526999e-03
   3.57354616e+02  -1.65866909e-03
   3.57355104e+02  -2.08815443e-03
   3.57355592e+02  -5.40789100e-04
   3.57356080e+02   3.62217805e-04
   3.57356569e+02   1.18315115e-03
   3.57357057e+02   3.66519624e-03
   3.57357545e+02   4.54434846e-03
   3.57358034e+02   3.15947318e-03
   3.57358522e+02   1.39069045e-03
   3.57359010e+02   1.99363846e-03
   3.57359499e+02   3.66906659e-03
   3.57359987e+02   4.93002729e-03
   3.57360475e+02   5.44271385e-03
   3.57360964e+02   3.57290939e-03
   3.57361452e+02   1.35994353e-03
   3.57361940e+02  -6.02588058e-04
   3.57362428e+02  -1.66834763e-03
   3.57362917e+02  -1.06151938e-03
   3.57363405e+02  -1.08242570e-03
   3.57363893e+02   5.51210775e-04
   3.57364382e+02   4.59600007e-03
   3.57364870e+02   4.98910248e-03
   3.57365358e+02   2.73455330e-03
   3.57365847e+02   3.23906797e-03
   3.57366335e+02   5.13480045e-03
   3.57366823e+02   6.28682971e-03
   3.57367312e+02   8.36252607e-03
   3.57367800e+02   9.28303320e-03
   3.57368288e+02   6.95957337e-03
   3.57368777e+02   9.62007325e-03
   3.57369265e+02   1.11515559e-02
   3.57369753e+02   9.45660751e-03
   3.57370241e+02   1.08464165e-02
   3.57370730e+02   1.15132006e-02
   3.57371218e+02   1.24765495e-02
   3.57371706e+02   1.24614239e-02
   3.57372195e+02   1.35596348e-02
   3.57372683e+02   1.41654080e-02
   3.57373171e+02   1.38005521e-02
   3.57373660e+02   1.37571162e-02
   3.57374148e+02   1.56641137e-02
   3.57374636e+02   1.88184362e-02
   3.57375125e+02   1.93990692e-02
   3.57375613e+02   1.76879987e-02
   3.57376101e+02   1.69521365e-02
   3.57376589e+02   1.99488811e-02
   3.57377078e+02   2.38787830e-02
   3.57377566e+02   2.47509405e-02
   3.57378054e+02   2.48002093e-02
   3.57378543e+02   2.45993715e-02
   3.57379031e+02   2.38891300e-02
   3.57379519e+02   2.42673177e-02
   3.57380008e+02   2.62197889e-02
   3.57380496e+02   2.87269019e-02
   3.57380984e+02   2.86289211e-02
   3.57381473e+02   2.49497853e-02
   3.57381961e+02   2.16998216e-02
   3.57382449e+02   2.09980905e-02
   3.57382937e+02   2.17927229e-02
   3.57383426e+02   2.04212200e-02
   3.57383914e+02   1.68379210e-02
   3.57384402e+02   1.53586697e-02
   3.57384891e+02   1.35997180e-02
   3.57385379e+02   1.23018529e-02
   3.57385867e+02   1.10109495e-02
   3.57386356e+02   1.11647397e-02
   3.57386844e+02   9.43749491e-03
   3.57387332e+02   5.25097363e-03
   3.57387821e+02   3.66731756e-03
   3.57388309e+02   3.72601207e-03
   3.57388797e+02   4.45393939e-03
   3.57389285e+02   4.67617298e-03
   3.57389774e+02   3.58864665e-03
   3.57390262e+02   3.37970955e-03
   3.57390750e+02   2.39345571e-03
   3.57391239e+02   6.96371135e-04
   3.57391727e+02   4.47981038e-05
   3.57392215e+02   4.07289081e-05
   3.57392704e+02   8.97056772e-04
   3.57393192e+02   1.15106662e-03
   3.57393680e+02  -1.42472354e-03
   3.57394169e+02  -3.21083027e-03
   3.57394657e+02  -2.51737330e-03
   3.57395145e+02  -1.05431105e-03
   3.57395633e+02  -3.20749154e-04
   3.57396122e+02   7.40531250e-04
   3.57396610e+02   1.44870521e-03
   3.57397098e+02   1.52690185e-03
   3.57397587e+02   3.28833470e-03
   3.57398075e+02   4.37151687e-03
   3.57398563e+02   3.23060458e-03
   3.57399052e+02   2.04187189e-03
   3.57399540e+02   1.09911559e-03
   3.57400028e+02  -8.77062965e-04
   3.57400517e+02  -1.66658813e-03
   3.57401005e+02   2.07473960e-04
   3.57401493e+02   3.15767294e-03
   3.57401981e+02   5.40561881e-03
   3.57402470e+02   4.04204987e-03
   3.57402958e+02   2.17281329e-03
   3.57403446e+02   1.89064676e-03
   3.57403935e+02   8.75413825e-04
   3.57404423e+02   7.51348096e-04
   3.57404911e+02   2.56007980e-03
   3.57405400e+02   2.91877007e-03
   3.57405888e+02   2.03046645e-03
   3.57406376e+02  -2.09329315e-04
   3.57406865e+02  -2.23724474e-03
   3.57407353e+02  -2.03801924e-03
   3.57407841e+02  -1.03623956e-03
   3.57408330e+02   1.36015331e-03
   3.57408818e+02   2.54878821e-03
   3.57409306e+02  -2.65738752e-04
   3.57409794e+02  -3.27469606e-04
   3.57410283e+02   2.18327716e-03
   3.57410771e+02   2.84983340e-04
   3.57411259e+02  -3.09334649e-03
   3.57411748e+02  -2.94829020e-03
   3.57412236e+02  -3.11461114e-03
   3.57412724e+02  -4.88719996e-03
   3.57413213e+02  -2.84914766e-03
   3.57413701e+02   1.50929744e-04
   3.57414189e+02   9.15774726e-04
   3.57414678e+02   1.50486210e-03
   3.57415166e+02   1.48688885e-03
   3.57415654e+02   1.51467638e-03
   3.57416142e+02   2.00541457e-03
   3.57416631e+02   1.74543972e-03
   3.57417119e+02   1.57610502e-03
   3.57417607e+02   4.37326293e-04
   3.57418096e+02  -2.42694793e-03
   3.57418584e+02  -4.23318055e-03
   3.57419072e+02  -4.48221248e-03
   3.57419561e+02  -1.57779548e-03
   3.57420049e+02   3.07361200e-03
   3.57420537e+02   4.16866271e-03
   3.57421026e+02   2.17180909e-03
   3.57421514e+02  -4.62392403e-04
   3.57422002e+02  -2.76316120e-03
   3.57422490e+02  -1.76717225e-03
   3.57422979e+02   1.94081673e-04
   3.57423467e+02   1.10960740e-03
   3.57423955e+02   2.53218575e-03
   3.57424444e+02   3.03262076e-03
   3.57424932e+02   1.36512064e-03
   3.57425420e+02  -1.21331192e-03
   3.57425909e+02  -3.84420413e-03
   3.57426397e+02  -4.31672158e-03
   3.57426885e+02  -4.03118227e-03
   3.57427374e+02  -3.72536969e-03
   3.57427862e+02  -2.21307646e-03
   3.57428350e+02  -1.27920602e-03
   3.57428838e+02  -2.49479734e-03
   3.57429327e+02  -1.18026801e-03
   3.57429815e+02   2.79653654e-03
   3.57430303e+02   2.81432690e-03
   3.57430792e+02  -1.38669602e-05
   3.57431280e+02  -1.18908158e-03
   3.57431768e+02  -2.45225732e-03
   3.57432257e+02  -2.23092688e-03
   3.57432745e+02   6.62012782e-04
   3.57433233e+02   1.74391444e-03
   3.57433722e+02   1.62363169e-03
   3.57434210e+02   3.70222330e-03
   3.57434698e+02   3.86403338e-03
   3.57435186e+02   5.66599425e-04
   3.57435675e+02  -1.54707336e-03
   3.57436163e+02  -6.65770931e-05
   3.57436651e+02   2.49380060e-03
   3.57437140e+02   1.84287364e-03
   3.57437628e+02  -4.50180611e-04
   3.57438116e+02  -1.93614091e-04
   3.57438605e+02   1.05100404e-03
   3.57439093e+02   1.66080869e-03
   3.57439581e+02   4.45085461e-04
   3.57440070e+02  -2.48489319e-03
   3.57440558e+02  -2.28566932e-03
   3.57441046e+02   5.42866532e-04
   3.57441534e+02  -6.93675072e-04
   3.57442023e+02  -1.42173073e-03
   3.57442511e+02   1.05644565e-03
   3.57442999e+02   2.06117914e-03
   3.57443488e+02   1.79871090e-03
   3.57443976e+02   5.28411532e-04
   3.57444464e+02  -1.19721645e-03
   3.57444953e+02  -7.35644600e-04
   3.57445441e+02   1.19715976e-03
   3.57445929e+02   9.71906295e-04
   3.57446418e+02   6.11150113e-04
   3.57446906e+02   1.20466202e-03
   3.57447394e+02   2.80761771e-04
   3.57447883e+02  -1.46729068e-03
   3.57448371e+02  -1.17106992e-03
   3.57448859e+02   8.07083736e-04
   3.57449347e+02   9.40021244e-04
   3.57449836e+02   1.07880007e-03
   3.57450324e+02   3.24870297e-03
   3.57450812e+02   4.69813263e-03
   3.57451301e+02   3.31108226e-03
   3.57451789e+02  -3.22178646e-04
   3.57452277e+02  -2.63288198e-03
   3.57452766e+02  -1.51743356e-03
   3.57453254e+02   1.32196711e-03
   3.57453742e+02   4.67714295e-03
   3.57454231e+02   6.35965308e-03
   3.57454719e+02   4.23737196e-03
   3.57455207e+02   1.72152603e-03
   3.57455695e+02  -5.01446048e-05
   3.57456184e+02  -6.29193964e-04
   3.57456672e+02   1.64613663e-03
   3.57457160e+02   1.27302634e-03
   3.57457649e+02  -2.41373875e-03
   3.57458137e+02  -3.91845312e-03
   3.57458625e+02  -4.38280636e-03
   3.57459114e+02  -4.36686305e-03
   3.57459602e+02  -3.05114267e-03
   3.57460090e+02  -2.07263255e-03
   3.57460579e+02  -6.43310661e-04
   3.57461067e+02   5.10682934e-04
   3.57461555e+02   1.17184734e-03
   3.57462043e+02   4.87497600e-04
   3.57462532e+02  -9.16774676e-04
   3.57463020e+02  -4.91748506e-04
   3.57463508e+02   1.36853405e-03
   3.57463997e+02   2.02076719e-03
   3.57464485e+02   5.45343151e-04
   3.57464973e+02  -1.65914081e-03
   3.57465462e+02  -3.24592693e-03
   3.57465950e+02  -3.09015694e-03
   3.57466438e+02  -2.34229281e-03
   3.57466927e+02  -1.41924899e-03
   3.57467415e+02  -1.41596003e-03
   3.57467903e+02  -2.44859577e-04
   3.57468391e+02   4.14259359e-03
   3.57468880e+02   7.02641997e-03
   3.57469368e+02   6.48271106e-03
   3.57469856e+02   2.89512239e-03
   3.57470345e+02  -6.60647638e-04
   3.57470833e+02  -6.15134952e-04
   3.57471321e+02   9.30381822e-04
   3.57471810e+02   2.27094672e-04
   3.57472298e+02   4.21580975e-04
   3.57472786e+02   3.17620463e-03
   3.57473275e+02   4.88581788e-03
   3.57473763e+02   3.27687338e-03
   3.57474251e+02   2.52497237e-04
   3.57474739e+02  -6.46082975e-04
   3.57475228e+02   1.61664688e-03
   3.57475716e+02   2.74083391e-03
   3.57476204e+02   5.77752828e-04
   3.57476693e+02  -4.16648836e-04
   3.57477181e+02   1.82678842e-03
   3.57477669e+02   1.75672001e-03
   3.57478158e+02  -5.17434055e-05
   3.57478646e+02  -2.03123011e-04
   3.57479134e+02   7.55690096e-04
   3.57479623e+02   1.26609532e-03
   3.57480111e+02   1.33016496e-03
   3.57480599e+02   7.09243643e-04
   3.57481087e+02  -4.38388961e-04
   3.57481576e+02  -2.63858517e-03
   3.57482064e+02  -3.36720538e-03
   3.57482552e+02  -2.58695101e-03
   3.57483041e+02  -1.38973130e-03
   3.57483529e+02   8.40330089e-04
   3.57484017e+02   2.55127990e-04
   3.57484506e+02  -3.45655973e-03
   3.57484994e+02  -5.81606431e-03
   3.57485482e+02  -4.07603057e-03
   3.57485971e+02  -1.34691352e-03
   3.57486459e+02   5.05159376e-04
   3.57486947e+02   1.29026116e-03
   3.57487436e+02   1.46653666e-03
   3.57487924e+02   1.77364898e-04
   3.57488412e+02   6.45398570e-04
   3.57488900e+02   2.33500125e-03
   3.57489389e+02   1.62405043e-03
   3.57489877e+02  -5.90205076e-04
   3.57490365e+02  -2.50330823e-03
   3.57490854e+02  -2.75911950e-03
   3.57491342e+02  -2.76851538e-03
   3.57491830e+02  -2.20630481e-03
   3.57492319e+02  -1.01856003e-03
   3.57492807e+02  -5.93374891e-04
   3.57493295e+02  -1.01265975e-03
   3.57493784e+02  -1.14452583e-03
   3.57494272e+02   6.29350461e-06
   3.57494760e+02   2.48764805e-03
   3.57495248e+02   2.97813420e-03
   3.57495737e+02   2.08329642e-03
   3.57496225e+02   1.31742377e-03
   3.57496713e+02  -1.34481641e-03
   3.57497202e+02  -1.79959927e-03
   3.57497690e+02   7.49984581e-04
   3.57498178e+02   1.10718969e-03
   3.57498667e+02   3.41501145e-04
   3.57499155e+02   6.45743217e-04
   3.57499643e+02   5.31164638e-04
   3.57500132e+02  -7.90595950e-04
   3.57500620e+02  -9.98280593e-04
   3.57501108e+02  -3.73780233e-04
   3.57501596e+02  -1.87259357e-05
   3.57502085e+02   1.81263982e-04
   3.57502573e+02   2.72138393e-04
   3.57503061e+02   1.17948039e-04
   3.57503550e+02   7.26787257e-05
   3.57504038e+02   2.92860113e-05
   3.57504526e+02  -2.47229752e-03
   3.57505015e+02  -3.83715914e-03
   3.57505503e+02  -2.88280472e-03
   3.57505991e+02  -2.17144471e-03
   3.57506480e+02  -7.15397764e-04
   3.57506968e+02   2.96358194e-04
   3.57507456e+02   2.81342509e-04
   3.57507944e+02   1.38495374e-03
   3.57508433e+02   1.95422908e-03
   3.57508921e+02   1.47399318e-03
   3.57509409e+02   1.23610953e-03
   3.57509898e+02   3.23736179e-03
   3.57510386e+02   5.51323965e-03
   3.57510874e+02   4.04924294e-03
   3.57511363e+02  -3.75565901e-06
   3.57511851e+02  -4.39924159e-04
   3.57512339e+02   2.50309659e-03
   3.57512828e+02   3.64681170e-03
   3.57513316e+02   1.51978806e-03
   3.57513804e+02  -6.06901711e-04
   3.57514292e+02  -6.04692730e-04
   3.57514781e+02   1.47219864e-03
   3.57515269e+02   2.82527250e-03
   3.57515757e+02   8.07562727e-04
   3.57516246e+02   9.06291418e-04
   3.57516734e+02   4.01078910e-03
   3.57517222e+02   2.59220763e-03
   3.57517711e+02   3.95246258e-04
   3.57518199e+02  -1.40088657e-03
   3.57518687e+02  -3.25806323e-03
   3.57519176e+02  -1.67042611e-03
   3.57519664e+02  -5.13120089e-04
   3.57520152e+02  -2.14159605e-04
   3.57520640e+02  -6.09871233e-04
   3.57521129e+02  -7.33468391e-04
   3.57521617e+02   9.50178190e-04
   3.57522105e+02  -3.57208453e-04
   3.57522594e+02  -2.18920549e-03
   3.57523082e+02  -2.54324777e-03
   3.57523570e+02  -2.12946488e-03
   3.57524059e+02  -1.10656035e-03
   3.57524547e+02  -6.24713779e-04
   3.57525035e+02  -1.95884495e-03
   3.57525524e+02  -5.44271711e-03
   3.57526012e+02  -5.52817667e-03
   3.57526500e+02  -1.08434225e-03
   3.57526989e+02   2.06984114e-03
   3.57527477e+02   1.07715325e-03
   3.57527965e+02  -3.39602877e-04
   3.57528453e+02  -1.36569573e-03
   3.57528942e+02  -1.13031419e-03
   3.57529430e+02  -5.54569822e-04
   3.57529918e+02  -2.80933455e-03
   3.57530407e+02  -3.06618377e-03
   3.57530895e+02  -1.15429738e-03
   3.57531383e+02  -9.12707008e-04
   3.57531872e+02   6.29769871e-04
   3.57532360e+02   1.81395083e-03
   3.57532848e+02  -6.07651193e-04
   3.57533337e+02  -3.01236031e-03
   3.57533825e+02  -3.31386551e-03
   3.57534313e+02  -1.82213599e-03
   3.57534801e+02   2.93485849e-04
   3.57535290e+02   2.14095856e-03
   3.57535778e+02   3.80041054e-03
   3.57536266e+02   4.90579195e-03
   3.57536755e+02   2.75020790e-03
   3.57537243e+02  -6.02511573e-04
   3.57537731e+02  -1.29099574e-03
   3.57538220e+02  -9.83861974e-05
   3.57538708e+02  -1.35665655e-03
   3.57539196e+02  -3.58623872e-03
   3.57539685e+02  -2.27974541e-03
   3.57540173e+02  -6.58438366e-04
   3.57540661e+02  -2.08028196e-03
   3.57541149e+02  -2.35111360e-03
   3.57541638e+02   8.45519884e-04
   3.57542126e+02   1.58721779e-03
   3.57542614e+02   3.89734574e-04
   3.57543103e+02   1.68596092e-03
   3.57543591e+02   1.66636740e-03
   3.57544079e+02   8.62194574e-04
   3.57544568e+02   1.10909366e-03
   3.57545056e+02   4.72412139e-05
   3.57545544e+02  -1.33074660e-04
   3.57546033e+02  -6.79576944e-04
   3.57546521e+02  -1.22680143e-03
   3.57547009e+02   7.16270995e-04
   3.57547497e+02   9.32512456e-04
   3.57547986e+02  -2.64222617e-04
   3.57548474e+02  -6.99284370e-04
   3.57548962e+02  -1.22579455e-03
   3.57549451e+02  -9.49533889e-04
   3.57549939e+02  -2.18946021e-03
   3.57550427e+02  -6.40607858e-03
   3.57550916e+02  -6.60168519e-03
   3.57551404e+02  -1.11612049e-03
   3.57551892e+02   2.27885437e-03
   3.57552381e+02   1.16847910e-03
   3.57552869e+02  -1.23370311e-03
   3.57553357e+02  -2.13088398e-03
   3.57553845e+02  -2.29193131e-04
   3.57554334e+02   1.69137598e-03
   3.57554822e+02  -9.15045530e-05
   3.57555310e+02  -1.33834581e-03
   3.57555799e+02  -5.36414700e-05
   3.57556287e+02   5.41198591e-04
   3.57556775e+02  -4.86743025e-04
   3.57557264e+02  -1.40721910e-03
   3.57557752e+02  -1.91965932e-03
   3.57558240e+02  -2.51958682e-03
   3.57558729e+02  -2.05293833e-03
   3.57559217e+02  -2.65907962e-04
   3.57559705e+02  -7.10660825e-04
   3.57560193e+02  -2.56869779e-03
   3.57560682e+02  -3.03675723e-03
   3.57561170e+02  -2.02618795e-03
   3.57561658e+02   5.62206842e-05
   3.57562147e+02   2.23925756e-03
   3.57562635e+02   1.94494554e-03
   3.57563123e+02   1.12921407e-03
   3.57563612e+02   2.37890217e-03
   3.57564100e+02   3.09404801e-03
   3.57564588e+02   1.69166795e-03
   3.57565077e+02  -8.95869744e-04
   3.57565565e+02  -6.99216442e-04
   3.57566053e+02  -1.22443880e-05
   3.57566542e+02  -2.12592748e-03
   3.57567030e+02  -2.40699202e-03
   3.57567518e+02  -1.03304326e-03
   3.57568006e+02   8.21235881e-04
   3.57568495e+02   3.94586520e-03
   3.57568983e+02   3.36531992e-03
   3.57569471e+02  -8.37632615e-05
   3.57569960e+02  -1.85859553e-03
   3.57570448e+02  -9.62143415e-04
   3.57570936e+02  -2.93052552e-04
   3.57571425e+02  -3.37641360e-03
   3.57571913e+02  -5.74646285e-03
   3.57572401e+02  -3.54852900e-03
   3.57572890e+02  -7.55521061e-04
   3.57573378e+02  -1.69115792e-05
   3.57573866e+02   1.49545260e-03
   3.57574354e+02   4.02929261e-03
   3.57574843e+02   3.15552484e-03
   3.57575331e+02   1.56660494e-03
   3.57575819e+02   3.28922644e-03
   3.57576308e+02   3.90545325e-03
   3.57576796e+02   3.81661369e-03
   3.57577284e+02   4.48526116e-03
   3.57577773e+02   3.94014316e-03
   3.57578261e+02   2.68829381e-03
   3.57578749e+02   4.04523707e-05
   3.57579238e+02  -2.15895195e-03
   3.57579726e+02  -2.12948723e-03
   3.57580214e+02  -3.87052470e-03
   3.57580702e+02  -5.98519528e-03
   3.57581191e+02  -4.07146057e-03
   3.57581679e+02  -1.52422325e-03
   3.57582167e+02  -5.91062184e-04
   3.57582656e+02  -2.51516496e-04
   3.57583144e+02   3.64010019e-04
   3.57583632e+02   1.51686848e-03
   3.57584121e+02   3.30625963e-03
   3.57584609e+02   4.55755694e-03
   3.57585097e+02   4.78185201e-03
   3.57585586e+02   4.79796249e-03
   3.57586074e+02   4.53961920e-03
   3.57586562e+02   3.35300388e-03
   3.57587050e+02   2.96399114e-03
   3.57587539e+02   4.77067847e-03
   3.57588027e+02   6.93306187e-03
   3.57588515e+02   6.56087743e-03
   3.57589004e+02   4.08631563e-03
   3.57589492e+02   3.17922817e-03
   3.57589980e+02   7.97772966e-03
   3.57590469e+02   1.40525596e-02
   3.57590957e+02   1.49110584e-02
   3.57591445e+02   1.49921961e-02
   3.57591934e+02   1.35548571e-02
   3.57592422e+02   9.65543091e-03
   3.57592910e+02   9.22587700e-03
   3.57593398e+02   1.35885663e-02
   3.57593887e+02   1.56333148e-02
   3.57594375e+02   1.49963619e-02
   3.57594863e+02   1.41813224e-02
   3.57595352e+02   1.69985294e-02
   3.57595840e+02   1.92157757e-02
   3.57596328e+02   2.08630562e-02
   3.57596817e+02   2.04506516e-02
   3.57597305e+02   1.55437617e-02
   3.57597793e+02   1.75913218e-02
   3.57598282e+02   2.33078022e-02
   3.57598770e+02   2.59641223e-02
   3.57599258e+02   2.83033047e-02
   3.57599746e+02   2.87391376e-02
   3.57600235e+02   2.50180364e-02
   3.57600723e+02   2.22765431e-02
   3.57601211e+02   2.04721410e-02
   3.57601700e+02   1.88870635e-02
   3.57602188e+02   1.91279519e-02
   3.57602676e+02   1.79156139e-02
   3.57603165e+02   1.81232318e-02
   3.57603653e+02   1.66908968e-02
   3.57604141e+02   1.61976349e-02
   3.57604630e+02   1.39202159e-02
   3.57605118e+02   9.57221724e-03
   3.57605606e+02   9.23275389e-03
   3.57606095e+02   6.74526347e-03
   3.57606583e+02   3.05939512e-03
   3.57607071e+02   2.04552128e-03
   3.57607559e+02   5.33832097e-03
   3.57608048e+02   6.25352282e-03
   3.57608536e+02   4.51484229e-03
   3.57609024e+02   6.31164759e-03
   3.57609513e+02   6.98082568e-03
   3.57610001e+02   5.69624687e-03
   3.57610489e+02   6.26687054e-03
   3.57610978e+02   4.84958803e-03
   3.57611466e+02   1.39024481e-03
   3.57611954e+02  -1.16099883e-03
   3.57612443e+02  -2.71984353e-03
   3.57612931e+02  -2.56390264e-03
   3.57613419e+02  -1.66564935e-03
   3.57613907e+02  -2.76964554e-03
   3.57614396e+02  -9.90739092e-04
   3.57614884e+02   1.83170848e-03
   3.57615372e+02   6.35528413e-04
   3.57615861e+02   4.50129301e-04
   3.57616349e+02   4.27310151e-04
   3.57616837e+02   7.41648721e-04
   3.57617326e+02   1.60851865e-03
   3.57617814e+02  -5.13137667e-04
   3.57618302e+02  -5.03373885e-05
   3.57618791e+02   2.89069163e-03
   3.57619279e+02   5.23175811e-03
   3.57619767e+02   7.86841195e-03
   3.57620255e+02   9.24022589e-03
   3.57620744e+02   9.58237145e-03
   3.57621232e+02   8.14901385e-03
   3.57621720e+02   4.89889644e-03
   3.57622209e+02   1.87725248e-03
   3.57622697e+02   5.93344681e-04
   3.57623185e+02   7.30161031e-04
   3.57623674e+02   1.52680150e-03
   3.57624162e+02   5.34616737e-03
   3.57624650e+02   7.54250539e-03
   3.57625139e+02   7.31718168e-03
   3.57625627e+02   9.06197634e-03
   3.57626115e+02   1.03667583e-02
   3.57626603e+02   1.48324799e-02
   3.57627092e+02   1.68443192e-02
   3.57627580e+02   1.41142039e-02
   3.57628068e+02   1.40151307e-02
   3.57628557e+02   1.91391408e-02
   3.57629045e+02   2.08815988e-02
   3.57629533e+02   2.22312473e-02
   3.57630022e+02   2.51165982e-02
   3.57630510e+02   2.41026394e-02
   3.57630998e+02   1.83069613e-02
   3.57631487e+02   1.65784992e-02
   3.57631975e+02   2.11556740e-02
   3.57632463e+02   2.35281903e-02
   3.57632951e+02   2.71279253e-02
   3.57633440e+02   3.06382179e-02
   3.57633928e+02   2.67151296e-02
   3.57634416e+02   2.33240370e-02
   3.57634905e+02   2.26480085e-02
   3.57635393e+02   1.90541763e-02
   3.57635881e+02   1.73412152e-02
   3.57636370e+02   1.88235343e-02
   3.57636858e+02   1.69871151e-02
   3.57637346e+02   1.50565216e-02
   3.57637835e+02   1.36784380e-02
   3.57638323e+02   1.20742228e-02
   3.57638811e+02   1.04402592e-02
   3.57639299e+02   1.30116269e-02
   3.57639788e+02   1.35699362e-02
   3.57640276e+02   1.04622021e-02
   3.57640764e+02   1.02687879e-02
   3.57641253e+02   1.09856427e-02
   3.57641741e+02   5.00541506e-03
   3.57642229e+02   5.18782821e-04
   3.57642718e+02   2.93245632e-03
   3.57643206e+02   4.55567846e-03
   3.57643694e+02   3.17633688e-03
   3.57644183e+02   3.82443494e-03
   3.57644671e+02   3.86272860e-03
   3.57645159e+02   2.80297920e-03
   3.57645648e+02   3.72871687e-03
   3.57646136e+02   6.08030846e-03
   3.57646624e+02   6.45888178e-03
   3.57647112e+02   1.14840164e-03
   3.57647601e+02  -1.36169163e-03
   3.57648089e+02   4.14455601e-04
   3.57648577e+02  -1.89816440e-03
   3.57649066e+02  -5.78257069e-03
   3.57649554e+02  -5.88791305e-03
   3.57650042e+02  -3.18911532e-03
   3.57650531e+02  -3.09535360e-04
   3.57651019e+02   1.09526608e-03
   3.57651507e+02  -1.90685724e-03
   3.57651996e+02  -3.86585551e-03
   3.57652484e+02  -1.52198446e-03
   3.57652972e+02   1.84152718e-03
   3.57653460e+02   2.02810182e-03
   3.57653949e+02   2.31863884e-03
   3.57654437e+02   1.61555910e-03
   3.57654925e+02   3.53443756e-04
   3.57655414e+02   3.36868572e-03
   3.57655902e+02   4.30063577e-03
   3.57656390e+02  -6.25239394e-04
   3.57656879e+02  -6.17933599e-03
   3.57657367e+02  -6.22232025e-03
   3.57657855e+02  -2.89187930e-03
   3.57658344e+02  -6.67168351e-04
   3.57658832e+02   1.77332223e-03
   3.57659320e+02   2.51357025e-03
   3.57659808e+02   2.92374310e-03
   3.57660297e+02   3.66098410e-03
   3.57660785e+02   1.35582441e-03
   3.57661273e+02  -1.47499889e-03
   3.57661762e+02   5.04839292e-04
   3.57662250e+02   4.94408142e-03
   3.57662738e+02   7.73779722e-03
   3.57663227e+02   8.57665483e-03
   3.57663715e+02   1.01127652e-02
   3.57664203e+02   1.34085556e-02
   3.57664692e+02   1.66481007e-02
   3.57665180e+02   1.51483798e-02
   3.57665668e+02   1.33329825e-02
   3.57666156e+02   1.50047140e-02
   3.57666645e+02   1.88053325e-02
   3.57667133e+02   1.75235458e-02
   3.57667621e+02   1.78331304e-02
   3.57668110e+02   1.96525343e-02
   3.57668598e+02   1.95583496e-02
   3.57669086e+02   1.75086502e-02
   3.57669575e+02   1.65152550e-02
   3.57670063e+02   1.66948233e-02
   3.57670551e+02   1.71786752e-02
   3.57671040e+02   1.84371937e-02
   3.57671528e+02   2.02960446e-02
   3.57672016e+02   2.01188363e-02
   3.57672504e+02   1.92824639e-02
   3.57672993e+02   1.66440737e-02
   3.57673481e+02   1.57410018e-02
   3.57673969e+02   1.56397372e-02
   3.57674458e+02   1.14454813e-02
   3.57674946e+02   1.08695645e-02
   3.57675434e+02   1.21439286e-02
   3.57675923e+02   1.20439501e-02
   3.57676411e+02   1.11822365e-02
   3.57676899e+02   8.89646728e-03
   3.57677388e+02   5.20904502e-03
   3.57677876e+02   1.87742629e-03
   3.57678364e+02   3.61888582e-04
   3.57678852e+02   1.58294803e-03
   3.57679341e+02   1.80223701e-03
   3.57679829e+02   2.47229915e-03
   3.57680317e+02   4.68867039e-03
   3.57680806e+02   6.05058018e-03
   3.57681294e+02   4.52299556e-03
   3.57681782e+02   4.21487866e-03
   3.57682271e+02   3.20690288e-03
   3.57682759e+02  -6.92904287e-04
   3.57683247e+02  -9.99440090e-04
   3.57683736e+02   3.51972383e-04
   3.57684224e+02  -6.61141588e-04
   3.57684712e+02  -4.91545536e-04
   3.57685200e+02   1.09688117e-04
   3.57685689e+02  -6.49571419e-04
   3.57686177e+02  -3.01786145e-04
   3.57686665e+02  -1.14611909e-03
   3.57687154e+02  -1.50445232e-03
   3.57687642e+02  -2.33106752e-04
   3.57688130e+02   5.80095220e-04
   3.57688619e+02   5.66932256e-04
   3.57689107e+02   1.03306421e-03
   3.57689595e+02   2.63885153e-03
   3.57690084e+02   9.95854498e-04
   3.57690572e+02  -1.31814100e-03
   3.57691060e+02  -4.92858991e-04
   3.57691549e+02  -1.11803866e-03
   3.57692037e+02  -1.29111554e-03
   3.57692525e+02   7.33995053e-04
   3.57693013e+02   9.43924009e-04
   3.57693502e+02  -5.55505743e-04
   3.57693990e+02   2.97329883e-04
   3.57694478e+02   3.71394982e-03
   3.57694967e+02   6.08766545e-03
   3.57695455e+02   6.64441334e-03
   3.57695943e+02   5.51734352e-03
   3.57696432e+02   3.04776151e-03
   3.57696920e+02  -4.15184855e-04
   3.57697408e+02  -3.76158068e-03
   3.57697897e+02  -3.87189980e-03
   3.57698385e+02  -2.84745125e-03
   3.57698873e+02  -3.39157297e-03
   3.57699361e+02  -2.99909292e-03
   3.57699850e+02  -2.72122188e-03
   3.57700338e+02  -4.93615982e-04
   3.57700826e+02   3.58331157e-03
   3.57701315e+02   2.08426872e-03
   3.57701803e+02  -5.32197766e-04
   3.57702291e+02   2.14927597e-04
   3.57702780e+02   1.59463845e-03
   3.57703268e+02   2.36364827e-03
   3.57703756e+02   1.64174684e-03
   3.57704245e+02   1.68239058e-03
   3.57704733e+02   2.03193468e-03
   3.57705221e+02   3.61932257e-06
   3.57705709e+02  -1.72728719e-03
   3.57706198e+02  -1.10272481e-03
   3.57706686e+02   7.47617160e-04
   3.57707174e+02   2.91036861e-03
   3.57707663e+02   3.27696814e-03
   3.57708151e+02   4.28029289e-03
   3.57708639e+02   4.99136234e-03
   3.57709128e+02   2.39035208e-03
   3.57709616e+02   2.23896769e-03
   3.57710104e+02   7.32233282e-03
   3.57710593e+02   7.54235033e-03
   3.57711081e+02   3.69111821e-03
   3.57711569e+02   6.27997424e-03
   3.57712057e+02   9.11538582e-03
   3.57712546e+02   9.31583717e-03
   3.57713034e+02   9.36568342e-03
   3.57713522e+02   8.70957505e-03
   3.57714011e+02   9.41299740e-03
   3.57714499e+02   1.28954696e-02
   3.57714987e+02   1.38852661e-02
   3.57715476e+02   1.56255811e-02
   3.57715964e+02   1.97109673e-02
   3.57716452e+02   1.94444004e-02
   3.57716941e+02   1.77433752e-02
   3.57717429e+02   1.71495434e-02
   3.57717917e+02   1.46419788e-02
   3.57718405e+02   1.36365052e-02
   3.57718894e+02   1.61681473e-02
   3.57719382e+02   1.93669721e-02
   3.57719870e+02   2.08327267e-02
   3.57720359e+02   2.15183459e-02
   3.57720847e+02   2.36339513e-02
   3.57721335e+02   2.39720512e-02
   3.57721824e+02   2.31858287e-02
   3.57722312e+02   2.42356267e-02
   3.57722800e+02   2.42029168e-02
   3.57723289e+02   1.88395977e-02
   3.57723777e+02   1.54985636e-02
   3.57724265e+02   1.65480338e-02
   3.57724753e+02   1.33327777e-02
   3.57725242e+02   9.43032466e-03
   3.57725730e+02   1.11969626e-02
   3.57726218e+02   1.51078980e-02
   3.57726707e+02   1.27569837e-02
   3.57727195e+02   8.74680839e-03
   3.57727683e+02   7.75477057e-03
   3.57728172e+02   5.60924178e-03
   3.57728660e+02   3.01954197e-03
   3.57729148e+02   1.52518111e-03
   3.57729637e+02   2.54568178e-03
   3.57730125e+02   1.73781009e-03
   3.57730613e+02  -1.44803047e-03
   3.57731102e+02   1.73331029e-03
   3.57731590e+02   5.66627923e-03
   3.57732078e+02   5.19311940e-03
   3.57732566e+02   5.38792275e-03
   3.57733055e+02   6.14609616e-03
   3.57733543e+02   5.89060038e-03
   3.57734031e+02   7.18136551e-03
   3.57734520e+02   8.73325299e-03
   3.57735008e+02   8.66180845e-03
   3.57735496e+02   7.36359740e-03
   3.57735985e+02   5.47062373e-03
   3.57736473e+02   6.44021248e-03
   3.57736961e+02   8.50089546e-03
   3.57737450e+02   7.70409964e-03
   3.57737938e+02   6.46245852e-03
   3.57738426e+02   6.30810624e-03
   3.57738914e+02   8.02493282e-03
   3.57739403e+02   8.86651874e-03
   3.57739891e+02   1.07081039e-02
   3.57740379e+02   1.07921651e-02
   3.57740868e+02   1.00629274e-02
   3.57741356e+02   1.27467336e-02
   3.57741844e+02   1.64661370e-02
   3.57742333e+02   1.69226974e-02
   3.57742821e+02   1.58283189e-02
   3.57743309e+02   1.50834471e-02
   3.57743798e+02   1.67359784e-02
   3.57744286e+02   1.82135049e-02
   3.57744774e+02   1.63804721e-02
   3.57745262e+02   1.57827269e-02
   3.57745751e+02   1.84885357e-02
   3.57746239e+02   1.98027939e-02
   3.57746727e+02   1.91150568e-02
   3.57747216e+02   2.08883490e-02
   3.57747704e+02   2.29125991e-02
   3.57748192e+02   2.10418869e-02
   3.57748681e+02   1.65152680e-02
   3.57749169e+02   8.83588847e-03
   3.57749657e+02   6.32731197e-03
   3.57750146e+02   8.02782830e-03
   3.57750634e+02   6.75281649e-03
   3.57751122e+02   4.17830423e-03
   3.57751610e+02   3.23832221e-03
   3.57752099e+02   3.49644083e-03
   3.57752587e+02   5.56752086e-03
   3.57753075e+02   5.44627104e-03
   3.57753564e+02   1.80781330e-03
   3.57754052e+02  -8.73649085e-04
   3.57754540e+02   1.53408432e-03
   3.57755029e+02   3.78804165e-03
   3.57755517e+02   9.42670304e-05
   3.57756005e+02  -1.91403751e-03
   3.57756494e+02  -1.15157622e-04
   3.57756982e+02   7.03731261e-04
   3.57757470e+02  -3.68912442e-05
   3.57757958e+02  -4.45807746e-05
   3.57758447e+02   4.28869564e-04
   3.57758935e+02   8.82301363e-04
   3.57759423e+02   1.84599368e-03
   3.57759912e+02   1.17008109e-03
   3.57760400e+02  -5.39891422e-04
   3.57760888e+02  -3.54880089e-04
   3.57761377e+02  -2.63795140e-04
   3.57761865e+02  -1.81984750e-03
   3.57762353e+02  -3.12799448e-03
   3.57762842e+02  -3.04457452e-03
   3.57763330e+02  -1.10337348e-03
   3.57763818e+02   1.02083792e-03
   3.57764306e+02   3.29368893e-04
   3.57764795e+02  -2.93413829e-03
   3.57765283e+02  -3.86762270e-03
   3.57765771e+02  -2.68874853e-03
   3.57766260e+02   4.72531610e-05
   3.57766748e+02   3.79997329e-03
   3.57767236e+02   6.38658879e-03
   3.57767725e+02   5.11395419e-03
   3.57768213e+02   4.52575390e-04
   3.57768701e+02  -2.91186408e-03
   3.57769190e+02  -2.82387948e-03
   3.57769678e+02  -3.84571776e-03
   3.57770166e+02  -2.61720456e-03
   3.57770655e+02   1.29392208e-03
   3.57771143e+02   2.75686453e-03
   3.57771631e+02   6.97579759e-04
   3.57772119e+02  -2.32011871e-03
   3.57772608e+02  -1.63329206e-03
   3.57773096e+02   2.01094407e-03
   3.57773584e+02   2.78960820e-03
   3.57774073e+02   6.70901150e-04
   3.57774561e+02  -8.23794166e-04
   3.57775049e+02  -9.37204342e-04
   3.57775538e+02  -8.80077598e-04
   3.57776026e+02   2.27252976e-03
   3.57776514e+02   4.68178792e-03
   3.57777003e+02   1.76175497e-03
   3.57777491e+02  -3.16013378e-04
   3.57777979e+02   9.34457814e-04
   3.57778467e+02   8.29449913e-04
   3.57778956e+02   3.83325911e-04
   3.57779444e+02   1.45005633e-03
   3.57779932e+02   2.09321624e-05
   3.57780421e+02  -4.20979410e-03
   3.57780909e+02  -6.90653082e-03
   3.57781397e+02  -3.48790875e-03
   3.57781886e+02   2.09508697e-03
   3.57782374e+02   1.19891879e-03
   3.57782862e+02  -2.56091682e-03
   3.57783351e+02  -2.13030586e-03
   3.57783839e+02  -2.08504252e-06
   3.57784327e+02  -5.00467686e-05
   3.57784815e+02   4.38985357e-04
   3.57785304e+02   1.46078621e-03
   3.57785792e+02  -4.86265140e-04
   3.57786280e+02  -2.91794795e-03
   3.57786769e+02  -1.72294735e-03
   3.57787257e+02   2.25090684e-04
   3.57787745e+02   5.24273550e-04
   3.57788234e+02   6.16467660e-05
   3.57788722e+02  -1.75635214e-03
   3.57789210e+02  -2.21297890e-03
   3.57789699e+02   1.99994858e-04
   3.57790187e+02   9.63042257e-04
   3.57790675e+02  -1.65203633e-03
   3.57791163e+02  -4.15885355e-03
   3.57791652e+02  -2.57951277e-03
   3.57792140e+02   6.07750204e-04
   3.57792628e+02   7.35561771e-04
   3.57793117e+02  -8.45048286e-04
   3.57793605e+02  -1.22199813e-03
   3.57794093e+02  -8.84197012e-04
   3.57794582e+02  -2.60124216e-03
   3.57795070e+02  -5.40176919e-03
   3.57795558e+02  -4.87387925e-03
   3.57796047e+02  -1.33486395e-03
   3.57796535e+02   9.96401883e-04
   3.57797023e+02   2.79825972e-03
   3.57797511e+02   3.99657572e-03
   3.57798000e+02   3.88539257e-03
   3.57798488e+02   3.16383736e-03
   3.57798976e+02   6.33705567e-05
   3.57799465e+02  -2.32961867e-03
   3.57799953e+02  -1.82981277e-03
   3.57800441e+02  -1.46061857e-03
   3.57800930e+02   5.27538883e-04
   3.57801418e+02   1.56806910e-03
   3.57801906e+02  -7.38700328e-04
   3.57802395e+02   2.11588806e-04
   3.57802883e+02   3.35427700e-03
   3.57803371e+02   3.37484549e-03
   3.57803859e+02   2.36174511e-03
   3.57804348e+02   2.59822351e-03
   3.57804836e+02   1.98402372e-03
   3.57805324e+02   8.21067442e-05
   3.57805813e+02  -3.10398202e-04
   3.57806301e+02   2.55951629e-04
   3.57806789e+02  -2.41351008e-04
   3.57807278e+02  -1.54355518e-03
   3.57807766e+02  -2.18714820e-03
   3.57808254e+02   1.47608749e-03
   3.57808743e+02   4.84211650e-03
   3.57809231e+02   4.58667846e-03
   3.57809719e+02   5.05653769e-03
   3.57810208e+02   3.72669054e-03
   3.57810696e+02  -1.52095384e-03
   3.57811184e+02  -2.72442261e-03
   3.57811672e+02  -7.86200922e-04
   3.57812161e+02  -1.46657857e-03
   3.57812649e+02  -2.05869577e-03
   3.57813137e+02  -1.81447621e-03
   3.57813626e+02  -1.42368802e-03
   3.57814114e+02  -2.35994719e-03
   3.57814602e+02  -4.42648400e-03
   3.57815091e+02  -3.10465181e-03
   3.57815579e+02   5.14324580e-04
   3.57816067e+02   5.85403061e-04
   3.57816556e+02  -1.76532008e-03
   3.57817044e+02  -1.19118905e-03
   3.57817532e+02   1.52685971e-03
   3.57818020e+02   2.56140181e-03
   3.57818509e+02  -3.03288572e-04
   3.57818997e+02  -4.06093057e-03
   3.57819485e+02  -4.25858609e-03
   3.57819974e+02  -3.05874017e-03
   3.57820462e+02  -1.87171041e-03
   3.57820950e+02  -2.10924976e-04
   3.57821439e+02   1.61359785e-04
   3.57821927e+02  -8.23799928e-04
   3.57822415e+02   9.76584270e-04
   3.57822904e+02   2.84984754e-03
   3.57823392e+02   1.44885693e-04
   3.57823880e+02  -3.37953446e-03
   3.57824368e+02  -2.99401674e-03
   3.57824857e+02  -1.54173991e-03
   3.57825345e+02  -1.06383278e-03
   3.57825833e+02   7.63463147e-04
   3.57826322e+02   1.98753225e-03
   3.57826810e+02   3.66965192e-03
   3.57827298e+02   6.34210138e-03
   3.57827787e+02   6.30705617e-03
   3.57828275e+02   2.98235659e-03
   3.57828763e+02  -1.17152045e-03
   3.57829252e+02  -4.39389201e-04
   3.57829740e+02   2.76387297e-03
   3.57830228e+02   3.36808921e-03
   3.57830716e+02   3.13554239e-03
   3.57831205e+02   1.62364997e-03
   3.57831693e+02  -1.85571995e-03
   3.57832181e+02  -4.74809948e-03
   3.57832670e+02  -5.94798755e-03
   3.57833158e+02  -5.54642221e-03
   3.57833646e+02  -3.30739561e-03
   3.57834135e+02   2.35712228e-04
   3.57834623e+02   1.26689533e-03
   3.57835111e+02  -1.68149977e-03
   3.57835600e+02  -5.53890504e-03
   3.57836088e+02  -7.31776562e-03
   3.57836576e+02  -5.05027734e-03
   3.57837064e+02   5.27471944e-04
   3.57837553e+02   4.78911819e-03
   3.57838041e+02   4.88661416e-03
   3.57838529e+02   2.62286211e-03
   3.57839018e+02   2.92318058e-03
   3.57839506e+02   3.28909978e-03
   3.57839994e+02   2.09769700e-03
   3.57840483e+02  -9.10679664e-05
   3.57840971e+02  -2.34928727e-03
   3.57841459e+02  -3.51869036e-03
   3.57841948e+02  -3.12810554e-03
   3.57842436e+02  -4.53655404e-04
   3.57842924e+02   1.14550081e-03
   3.57843412e+02   1.04747270e-03
   3.57843901e+02   1.23066676e-03
   3.57844389e+02  -5.14145650e-04
   3.57844877e+02  -3.07550654e-03
   3.57845366e+02  -9.24583059e-04
   3.57845854e+02   1.97462365e-03
   3.57846342e+02   2.50651105e-03
   3.57846831e+02   1.60667649e-03
   3.57847319e+02   3.16341262e-04
   3.57847807e+02   9.41336912e-04
   3.57848296e+02   8.50593904e-04
   3.57848784e+02  -7.27219100e-04
   3.57849272e+02  -9.22346371e-04
   3.57849761e+02  -1.29705132e-03
   3.57850249e+02  -3.97814380e-04
   3.57850737e+02   2.02019117e-03
   3.57851225e+02   2.82113324e-03
   3.57851714e+02   1.68971147e-03
   3.57852202e+02   1.03193498e-03
   3.57852690e+02   1.51383167e-03
   3.57853179e+02   1.96291530e-03
   3.57853667e+02   9.95328184e-04
   3.57854155e+02  -1.00267911e-03
   3.57854644e+02  -6.59315207e-04
   3.57855132e+02   8.55602731e-04
   3.57855620e+02   5.94828407e-06
   3.57856109e+02  -4.59651928e-04
   3.57856597e+02   6.35980861e-04
   3.57857085e+02   1.56298571e-03
   3.57857573e+02   1.29027176e-03
   3.57858062e+02   1.20928453e-03
   3.57858550e+02   2.87356391e-03
   3.57859038e+02   3.60127701e-03
   3.57859527e+02   8.49263393e-04
   3.57860015e+02  -7.65878824e-04
   3.57860503e+02   8.56239174e-04
   3.57860992e+02   1.33296975e-03
   3.57861480e+02   5.10615027e-05
   3.57861968e+02   6.21478073e-04
   3.57862457e+02   2.12703389e-03
   3.57862945e+02   6.18045742e-04
   3.57863433e+02  -2.52809119e-03
   3.57863921e+02  -1.47799903e-03
   3.57864410e+02   1.06799102e-03
   3.57864898e+02   1.22038566e-03
   3.57865386e+02   1.38085755e-03
   3.57865875e+02   1.62217999e-03
   3.57866363e+02   1.17435621e-03
   3.57866851e+02   5.95605117e-04
   3.57867340e+02   3.05876427e-04
   3.57867828e+02   4.16044146e-04
   3.57868316e+02   1.06204522e-03
   3.57868805e+02   3.39348125e-03
   3.57869293e+02   5.45346504e-03
   3.57869781e+02   3.56026948e-03
   3.57870269e+02   2.44670286e-04
   3.57870758e+02   1.01697748e-03
   3.57871246e+02   3.58965993e-03
   3.57871734e+02   4.38062986e-03
   3.57872223e+02   4.70282929e-03
   3.57872711e+02   4.89692064e-03
   3.57873199e+02   5.94386505e-03
   3.57873688e+02   5.19238738e-03
   3.57874176e+02   1.89200870e-03
   3.57874664e+02  -1.93040596e-05
   3.57875153e+02   1.87445700e-03
   3.57875641e+02   3.88229848e-03
   3.57876129e+02   3.08289868e-03
   3.57876617e+02   3.00707441e-04
   3.57877106e+02  -2.31892127e-03
   3.57877594e+02  -3.77565669e-03
   3.57878082e+02  -3.38328490e-03
   3.57878571e+02   1.61338321e-04
   3.57879059e+02   3.22051952e-03
   3.57879547e+02   3.19643179e-03
   3.57880036e+02   3.29538644e-03
   3.57880524e+02   3.62753985e-03
   3.57881012e+02   3.20747006e-03
   3.57881501e+02   2.09541409e-03
   3.57881989e+02   6.29152579e-04
   3.57882477e+02   5.21961309e-04
   3.57882965e+02   2.86214170e-03
   3.57883454e+02   2.06632027e-03
   3.57883942e+02  -1.64238445e-03
   3.57884430e+02  -1.17547158e-03
   3.57884919e+02   1.79594907e-03
   3.57885407e+02   3.85259814e-03
   3.57885895e+02   3.86475795e-03
   3.57886384e+02   2.58365413e-03
   3.57886872e+02   3.34263872e-03
   3.57887360e+02   4.24803700e-03
   3.57887849e+02   1.81586202e-03
   3.57888337e+02  -2.47680256e-03
   3.57888825e+02  -4.64738999e-03
   3.57889314e+02  -1.57154945e-03
   3.57889802e+02   3.10920551e-03
   3.57890290e+02   2.38644844e-03
   3.57890778e+02  -1.19530794e-03
   3.57891267e+02  -1.43853354e-03
   3.57891755e+02  -7.70075480e-04
   3.57892243e+02  -6.50272239e-04
   3.57892732e+02   1.14545843e-03
   3.57893220e+02   3.16443434e-03
   3.57893708e+02   4.61960817e-03
   3.57894197e+02   4.20907466e-03
   3.57894685e+02   1.89206027e-03
   3.57895173e+02   3.90238711e-05
   3.57895662e+02   2.69059296e-04
   3.57896150e+02   3.12129292e-03
   3.57896638e+02   4.15045442e-03
   3.57897126e+02   2.05257093e-03
   3.57897615e+02  -5.76286926e-04
   3.57898103e+02  -1.29354361e-04
   3.57898591e+02   1.99447852e-03
   3.57899080e+02   1.09962083e-03
   3.57899568e+02  -1.48350769e-03
   3.57900056e+02  -8.22553819e-04
   3.57900545e+02   3.85538122e-04
   3.57901033e+02  -3.74591589e-04
   3.57901521e+02  -3.50793154e-04
   3.57902010e+02  -2.88287149e-04
   3.57902498e+02  -1.85242054e-04
   3.57902986e+02   1.50415057e-03
   3.57903474e+02   2.73343292e-03
   3.57903963e+02   1.58664864e-03
   3.57904451e+02  -1.00152812e-03
   3.57904939e+02  -1.01995072e-03
   3.57905428e+02   1.34954543e-03
   3.57905916e+02   2.25590752e-03
   3.57906404e+02   2.04110309e-03
   3.57906893e+02   3.72746820e-03
   3.57907381e+02   6.12664269e-03
   3.57907869e+02   5.07408287e-03
   3.57908358e+02   3.30270338e-03
   3.57908846e+02   2.18505808e-03
   3.57909334e+02   1.07465929e-03
   3.57909822e+02   2.54106848e-03
   3.57910311e+02   4.81579965e-03
   3.57910799e+02   4.73012216e-03
   3.57911287e+02   2.61310092e-03
   3.57911776e+02   3.72069702e-03
   3.57912264e+02   7.46419514e-03
   3.57912752e+02   8.50090012e-03
   3.57913241e+02   1.00056706e-02
   3.57913729e+02   1.21191451e-02
   3.57914217e+02   1.26853632e-02
   3.57914706e+02   1.29276542e-02
   3.57915194e+02   1.50549002e-02
   3.57915682e+02   1.52192563e-02
   3.57916170e+02   1.62404142e-02
   3.57916659e+02   2.00676452e-02
   3.57917147e+02   2.27828864e-02
   3.57917635e+02   2.03200728e-02
   3.57918124e+02   2.01446190e-02
   3.57918612e+02   2.60646343e-02
   3.57919100e+02   2.91610658e-02
   3.57919589e+02   2.60049999e-02
   3.57920077e+02   2.45720595e-02
   3.57920565e+02   2.58419421e-02
   3.57921054e+02   2.70474330e-02
   3.57921542e+02   2.73048244e-02
   3.57922030e+02   2.87835561e-02
   3.57922518e+02   3.15159485e-02
   3.57923007e+02   3.16214375e-02
   3.57923495e+02   3.11190691e-02
   3.57923983e+02   3.31526212e-02
   3.57924472e+02   3.19045037e-02
   3.57924960e+02   2.92898696e-02
   3.57925448e+02   2.96929255e-02
   3.57925937e+02   2.93011386e-02
   3.57926425e+02   2.59226803e-02
   3.57926913e+02   2.35132966e-02
   3.57927402e+02   2.01745536e-02
   3.57927890e+02   1.73754357e-02
   3.57928378e+02   1.57094039e-02
   3.57928867e+02   1.34018110e-02
   3.57929355e+02   1.36982650e-02
   3.57929843e+02   1.12441974e-02
   3.57930331e+02   6.14162488e-03
   3.57930820e+02   6.84671616e-03
   3.57931308e+02   7.31540658e-03
   3.57931796e+02   6.54138438e-03
   3.57932285e+02   7.37271085e-03
   3.57932773e+02   8.11189692e-03
   3.57933261e+02   7.05358246e-03
   3.57933750e+02   4.22814116e-03
   3.57934238e+02   3.08327191e-03
   3.57934726e+02   4.01584897e-03
   3.57935215e+02   2.87185237e-03
   3.57935703e+02  -1.18458713e-03
   3.57936191e+02  -3.40676890e-03
   3.57936679e+02  -3.64118977e-03
   3.57937168e+02  -3.19448696e-03
   3.57937656e+02  -1.15553977e-03
   3.57938144e+02   1.82588189e-03
   3.57938633e+02   2.57150573e-03
   3.57939121e+02   1.67415536e-03
   3.57939609e+02   1.60551223e-03
   3.57940098e+02  -7.50698149e-04
   3.57940586e+02  -1.72884611e-03
   3.57941074e+02   1.72317273e-03
   3.57941563e+02   1.83035515e-03
   3.57942051e+02   1.02581311e-04
   3.57942539e+02  -5.48658136e-04
   3.57943027e+02  -9.11569863e-04
   3.57943516e+02  -1.85782672e-03
   3.57944004e+02  -1.10987108e-03
   3.57944492e+02   5.47064352e-04
   3.57944981e+02   2.63793091e-03
   3.57945469e+02   4.98982333e-03
   3.57945957e+02   1.89429102e-03
   3.57946446e+02  -3.35318968e-03
   3.57946934e+02  -2.55507161e-03
   3.57947422e+02   1.57758186e-03
   3.57947911e+02   2.80175498e-03
   3.57948399e+02   2.01434828e-03
   3.57948887e+02   1.57302117e-03
   3.57949375e+02   1.46584687e-04
   3.57949864e+02  -2.07561092e-03
   3.57950352e+02  -2.80218641e-03
   3.57950840e+02  -2.47636391e-03
   3.57951329e+02  -1.72609492e-04
   3.57951817e+02   4.37677518e-04
   3.57952305e+02   6.24779437e-04
   3.57952794e+02   2.46236310e-03
   3.57953282e+02   2.66944012e-03
   3.57953770e+02   2.56233080e-03
   3.57954259e+02   3.30322189e-03
   3.57954747e+02   2.14217301e-03
   3.57955235e+02  -2.12193769e-03
   3.57955723e+02  -2.59465864e-03
   3.57956212e+02  -1.36891642e-04
   3.57956700e+02   1.55536633e-04
   3.57957188e+02  -1.60674506e-03
   3.57957677e+02  -3.73189687e-03
   3.57958165e+02  -3.68646206e-03
   3.57958653e+02  -2.91123521e-03
   3.57959142e+02  -2.83391960e-03
   3.57959630e+02  -2.87681026e-03
   3.57960118e+02  -1.37679966e-03
   3.57960607e+02   1.55229436e-03
   3.57961095e+02   3.48848104e-03
   3.57961583e+02   1.38490065e-03
   3.57962071e+02  -2.09502061e-03
   3.57962560e+02  -1.96793512e-03
   3.57963048e+02   2.62292480e-04
   3.57963536e+02   6.05116424e-04
   3.57964025e+02  -5.29259734e-04
   3.57964513e+02  -2.34587191e-04
   3.57965001e+02   6.47344277e-04
   3.57965490e+02   2.64160451e-03
   3.57965978e+02   5.14339609e-03
   3.57966466e+02   3.34246410e-03
   3.57966955e+02  -7.84749936e-05
   3.57967443e+02  -6.17281825e-04
   3.57967931e+02   2.14517978e-03
   3.57968420e+02   2.86828866e-03
   3.57968908e+02  -3.26703739e-04
   3.57969396e+02  -8.28972319e-04
   3.57969884e+02   5.37004031e-04
   3.57970373e+02   5.75926446e-04
   3.57970861e+02   1.70176767e-03
   3.57971349e+02   3.33902054e-03
   3.57971838e+02   4.07071598e-03
   3.57972326e+02   4.35298914e-03
   3.57972814e+02   4.68901359e-03
   3.57973303e+02   3.08613386e-03
   3.57973791e+02  -2.75783532e-04
   3.57974279e+02  -2.11287499e-03
   3.57974768e+02  -2.41989293e-03
   3.57975256e+02  -1.69146922e-03
   3.57975744e+02  -3.14187550e-04
   3.57976232e+02  -2.52208149e-04
   3.57976721e+02  -2.40451144e-03
   3.57977209e+02  -5.54278027e-03
   3.57977697e+02  -5.50277485e-03
   3.57978186e+02  -3.01586790e-03
   3.57978674e+02  -1.34308997e-03
   3.57979162e+02  -2.17627897e-03
   3.57979651e+02  -8.73241748e-04
   3.57980139e+02   2.27265432e-03
   3.57980627e+02   1.78566843e-03
   3.57981116e+02   1.88048277e-03
   3.57981604e+02   2.84488127e-03
   3.57982092e+02   2.08495161e-03
   3.57982580e+02   8.14792176e-04
   3.57983069e+02   3.99671291e-04
   3.57983557e+02   2.66859803e-04
   3.57984045e+02   1.71175634e-03
   3.57984534e+02   2.61408114e-03
   3.57985022e+02   4.66205325e-04
   3.57985510e+02   5.36584877e-04
   3.57985999e+02   1.58320973e-03
   3.57986487e+02   9.32403025e-04
   3.57986975e+02  -2.78784282e-05
   3.57987464e+02  -1.39167998e-03
   3.57987952e+02  -1.32849277e-03
   3.57988440e+02  -1.08594098e-03
   3.57988928e+02  -2.14423612e-03
   3.57989417e+02  -2.75676325e-03
   3.57989905e+02  -2.93812645e-03
   3.57990393e+02  -4.01166780e-03
   3.57990882e+02  -3.44317663e-03
   3.57991370e+02   1.11972482e-03
   3.57991858e+02   3.75011447e-03
   3.57992347e+02   1.00808847e-03
   3.57992835e+02  -1.04639609e-03
   3.57993323e+02  -1.67256512e-03
   3.57993812e+02  -2.10500835e-03
   3.57994300e+02  -1.01275579e-03
   3.57994788e+02   6.73139817e-04
   3.57995276e+02   2.98644113e-03
   3.57995765e+02   3.23614781e-03
   3.57996253e+02   2.39004235e-04
   3.57996741e+02   1.00207177e-03
   3.57997230e+02   2.28844676e-03
   3.57997718e+02  -5.59230975e-04
   3.57998206e+02  -5.00832859e-04
   3.57998695e+02   3.58288572e-03
   3.57999183e+02   3.73024517e-03
   3.57999671e+02   7.75971603e-06
   3.58000160e+02  -8.09504942e-04
   3.58000648e+02   2.97452789e-04
   3.58001136e+02  -3.43790598e-04
   3.58001624e+02  -1.17168063e-03
   3.58002113e+02   2.46335039e-05
   3.58002601e+02  -4.69852966e-04
   3.58003089e+02  -2.73443968e-03
   3.58003578e+02  -2.22762721e-03
   3.58004066e+02  -8.17621258e-05
   3.58004554e+02   2.42340053e-03
   3.58005043e+02   3.05846380e-03
   3.58005531e+02   4.11847403e-04
   3.58006019e+02   6.28553389e-04
   3.58006508e+02   3.56442528e-03
   3.58006996e+02   2.98722484e-03
   3.58007484e+02   1.10928423e-03
   3.58007973e+02   3.44701140e-04
   3.58008461e+02   4.71225212e-04
   3.58008949e+02   7.74701941e-04
   3.58009437e+02  -6.05273162e-05
   3.58009926e+02   1.59472309e-03
   3.58010414e+02   5.71071543e-03
   3.58010902e+02   5.36548300e-03
   3.58011391e+02   1.15321076e-03
   3.58011879e+02  -1.24378584e-03
   3.58012367e+02   5.09982405e-04
   3.58012856e+02   2.73798569e-03
   3.58013344e+02   3.72325722e-03
   3.58013832e+02   2.74423487e-03
   3.58014321e+02   2.56907591e-03
   3.58014809e+02   3.26976762e-03
   3.58015297e+02   2.05335394e-03
   3.58015785e+02   8.20283603e-04
   3.58016274e+02   2.09420267e-03
   3.58016762e+02   1.87919231e-03
   3.58017250e+02  -9.86986910e-04
   3.58017739e+02  -1.58922176e-03
   3.58018227e+02  -4.05310187e-04
   3.58018715e+02  -6.90086454e-04
   3.58019204e+02  -2.06281035e-03
   3.58019692e+02  -2.15904307e-04
   3.58020180e+02   9.60995269e-04
   3.58020669e+02  -8.30750912e-04
   3.58021157e+02   1.61825574e-05
   3.58021645e+02   1.74710213e-03
   3.58022133e+02  -1.80402189e-04
   3.58022622e+02  -1.34952366e-03
   3.58023110e+02   1.05596066e-03
   3.58023598e+02   4.21636319e-03
   3.58024087e+02   3.60905891e-03
   3.58024575e+02   1.41053097e-04
   3.58025063e+02  -1.46184233e-03
   3.58025552e+02  -2.85935565e-03
   3.58026040e+02  -4.56580520e-03
   3.58026528e+02  -4.28773975e-03
   3.58027017e+02  -1.48500898e-03
   3.58027505e+02   8.39702610e-04
   3.58027993e+02  -8.60353874e-04
   3.58028481e+02  -3.26406606e-03
   3.58028970e+02  -2.20780773e-03
   3.58029458e+02   6.86234445e-04
   3.58029946e+02   2.19223020e-03
   3.58030435e+02   4.02807724e-03
   3.58030923e+02   4.18062881e-03
   3.58031411e+02   1.55343988e-03
   3.58031900e+02   2.64929235e-03
   3.58032388e+02   2.78821960e-03
   3.58032876e+02  -1.14433502e-03
   3.58033365e+02  -2.51996680e-03
   3.58033853e+02  -1.04174949e-03
   3.58034341e+02   6.66775624e-04
   3.58034829e+02   4.81765805e-04
   3.58035318e+02  -1.20957068e-03
   3.58035806e+02  -1.77648664e-03
   3.58036294e+02   1.64987650e-04
   3.58036783e+02   3.15020513e-03
   3.58037271e+02   1.06961944e-03
   3.58037759e+02  -4.03618021e-03
   3.58038248e+02  -5.08230040e-03
   3.58038736e+02  -4.02757199e-03
   3.58039224e+02  -3.99147160e-03
   3.58039713e+02  -5.12739504e-03
   3.58040201e+02  -4.36625537e-03
   3.58040689e+02  -2.50571663e-03
   3.58041177e+02  -2.42287316e-03
   3.58041666e+02  -1.79761916e-03
   3.58042154e+02  -2.56035739e-04
   3.58042642e+02  -7.05761719e-04
   3.58043131e+02  -7.83937052e-04
   3.58043619e+02   1.75919139e-03
   3.58044107e+02   3.52729810e-03
   3.58044596e+02   1.43823121e-03
   3.58045084e+02  -4.49507381e-04
   3.58045572e+02  -6.39629783e-04
   3.58046061e+02   4.07376152e-04
   3.58046549e+02   8.57511186e-04
   3.58047037e+02  -1.76734827e-03
   3.58047526e+02  -1.41998741e-03
   3.58048014e+02   1.47118152e-03
   3.58048502e+02  -4.04109946e-04
   3.58048990e+02  -3.65982414e-03
   3.58049479e+02  -3.47157009e-03
   3.58049967e+02  -9.65974585e-04
   3.58050455e+02  -1.07264030e-03
   3.58050944e+02  -8.84372334e-04
   3.58051432e+02   2.50148377e-03
   3.58051920e+02   2.71488423e-03
   3.58052409e+02  -1.06442836e-04
   3.58052897e+02   1.53880485e-03
   3.58053385e+02   5.68833621e-03
   3.58053874e+02   6.07588561e-03
   3.58054362e+02   5.77291474e-03
   3.58054850e+02   4.77433298e-03
   3.58055338e+02   8.81059736e-04
   3.58055827e+02   2.03413729e-04
   3.58056315e+02   2.42359913e-03
   3.58056803e+02   2.05468666e-03
   3.58057292e+02   1.34411152e-03
   3.58057780e+02   1.01043342e-03
   3.58058268e+02   1.71241676e-03
   3.58058757e+02   2.24142708e-03
   3.58059245e+02   1.77986478e-03
   3.58059733e+02   2.70058145e-03
   3.58060222e+02   2.83408724e-03
   3.58060710e+02   5.10581303e-04
   3.58061198e+02  -2.15184200e-03
   3.58061686e+02  -2.74733384e-03
   3.58062175e+02  -1.09254452e-03
   3.58062663e+02  -7.78792310e-05
   3.58063151e+02   9.82582333e-06
   3.58063640e+02  -1.13786920e-03
   3.58064128e+02  -3.69333755e-03
   3.58064616e+02  -2.34881300e-03
   3.58065105e+02   2.16542138e-03
   3.58065593e+02   2.90055270e-03
   3.58066081e+02   1.44965248e-03
   3.58066570e+02   1.22063141e-03
   3.58067058e+02   1.99621543e-03
   3.58067546e+02   3.42863309e-03
   3.58068034e+02   3.76582262e-03
   3.58068523e+02   2.26695393e-03
   3.58069011e+02   7.68034195e-04
   3.58069499e+02  -1.50023052e-03
   3.58069988e+02  -4.60958341e-03
   3.58070476e+02  -4.70131310e-03
