frequency (GHz), flux (Jy/beam)
   3.45823207e+02  -1.81366585e-03
   3.45823695e+02  -2.29701190e-03
   3.45824184e+02  -1.86274317e-03
   3.45824672e+02  -1.12397895e-04
   3.45825160e+02   4.79322116e-05
   3.45825649e+02   1.40119076e-03
   3.45826137e+02   2.87789595e-03
   3.45826625e+02   4.82677802e-04
   3.45827114e+02  -3.20011284e-03
   3.45827602e+02  -4.05580737e-03
   3.45828090e+02  -2.46425881e-03
   3.45828579e+02  -4.21295845e-04
   3.45829067e+02   1.01260887e-03
   3.45829555e+02   2.57533765e-03
   3.45830044e+02   3.13281314e-03
   3.45830532e+02   1.40111463e-03
   3.45831020e+02  -1.43664714e-03
   3.45831508e+02  -3.40305013e-03
   3.45831997e+02  -2.74651172e-03
   3.45832485e+02  -1.16676488e-03
   3.45832973e+02   1.28755157e-04
   3.45833462e+02   3.28656053e-04
   3.45833950e+02  -1.97095843e-03
   3.45834438e+02  -2.86689703e-03
   3.45834927e+02  -1.88802404e-03
   3.45835415e+02  -4.70186409e-04
   3.45835903e+02   1.23963796e-03
   3.45836392e+02   1.62714836e-03
   3.45836880e+02  -5.48985903e-04
   3.45837368e+02  -2.56985193e-03
   3.45837856e+02  -1.82838878e-03
   3.45838345e+02  -8.12406593e-04
   3.45838833e+02  -8.35002516e-04
   3.45839321e+02  -1.51741062e-03
   3.45839810e+02  -1.68355985e-03
   3.45840298e+02  -1.33502297e-03
   3.45840786e+02  -1.15119468e-03
   3.45841275e+02  -1.59288140e-03
   3.45841763e+02  -2.02218397e-03
   3.45842251e+02  -1.80899817e-03
   3.45842740e+02  -1.55730522e-03
   3.45843228e+02  -7.95194937e-04
   3.45843716e+02   1.79736444e-03
   3.45844204e+02   5.21338033e-03
   3.45844693e+02   3.79430153e-03
   3.45845181e+02  -9.92952613e-04
   3.45845669e+02  -2.65574898e-03
   3.45846158e+02   2.17668829e-04
   3.45846646e+02   3.83902504e-03
   3.45847134e+02   3.50036286e-03
   3.45847623e+02   1.09897670e-03
   3.45848111e+02  -5.99258696e-04
   3.45848599e+02  -1.68491947e-03
   3.45849088e+02  -3.08070006e-03
   3.45849576e+02  -4.67106979e-03
   3.45850064e+02  -3.11938673e-03
   3.45850552e+02   1.38241006e-03
   3.45851041e+02   3.77777684e-03
   3.45851529e+02   2.10284512e-03
   3.45852017e+02   3.49774171e-04
   3.45852506e+02   9.70983412e-04
   3.45852994e+02   2.08420423e-03
   3.45853482e+02   1.77028403e-03
   3.45853971e+02   4.94344509e-04
   3.45854459e+02   6.18630671e-04
   3.45854947e+02   3.78187542e-05
   3.45855436e+02  -2.33522686e-03
   3.45855924e+02  -2.74144392e-03
   3.45856412e+02  -1.27071666e-03
   3.45856900e+02  -6.99714292e-04
   3.45857389e+02  -2.82857072e-04
   3.45857877e+02   3.24718509e-04
   3.45858365e+02   1.97703528e-04
   3.45858854e+02  -1.03926344e-03
   3.45859342e+02  -1.40806311e-03
   3.45859830e+02   7.59882678e-05
   3.45860319e+02   1.09576201e-03
   3.45860807e+02   5.87651390e-04
   3.45861295e+02   8.07073448e-05
   3.45861784e+02   9.52834554e-04
   3.45862272e+02   2.14305636e-03
   3.45862760e+02   3.29738576e-03
   3.45863248e+02   3.49307735e-03
   3.45863737e+02   1.24165136e-03
   3.45864225e+02  -4.75682347e-04
   3.45864713e+02   1.51109343e-04
   3.45865202e+02   6.90220390e-04
   3.45865690e+02   5.27418451e-04
   3.45866178e+02  -5.98165847e-04
   3.45866667e+02  -9.14634787e-04
   3.45867155e+02   2.92872544e-04
   3.45867643e+02   4.01968282e-04
   3.45868132e+02  -2.27709912e-04
   3.45868620e+02  -3.97989148e-04
   3.45869108e+02  -1.99068345e-05
   3.45869597e+02   2.14336644e-04
   3.45870085e+02  -6.24283683e-04
   3.45870573e+02  -7.31999753e-04
   3.45871061e+02   6.27954665e-04
   3.45871550e+02   1.76222727e-03
   3.45872038e+02   2.33319029e-03
   3.45872526e+02   2.52263318e-03
   3.45873015e+02   1.93051971e-03
   3.45873503e+02   3.89229332e-04
   3.45873991e+02  -3.18010803e-04
   3.45874480e+02  -7.71056395e-04
   3.45874968e+02  -2.86407233e-03
   3.45875456e+02  -3.05349287e-03
   3.45875945e+02  -7.29988504e-04
   3.45876433e+02  -2.75940518e-04
   3.45876921e+02  -2.31005158e-03
   3.45877409e+02  -2.78483145e-03
   3.45877898e+02  -2.21382501e-03
   3.45878386e+02  -1.79588015e-03
   3.45878874e+02  -2.79211468e-04
   3.45879363e+02   3.19388055e-04
   3.45879851e+02  -2.17376952e-03
   3.45880339e+02  -2.27957917e-03
   3.45880828e+02  -4.98298723e-05
   3.45881316e+02   1.12614210e-03
   3.45881804e+02   2.21782620e-03
   3.45882293e+02   3.62231815e-03
   3.45882781e+02   2.07413780e-03
   3.45883269e+02  -8.72331031e-04
   3.45883757e+02  -4.37485171e-04
   3.45884246e+02   3.03778419e-04
   3.45884734e+02  -1.20054721e-03
   3.45885222e+02  -1.46974577e-03
   3.45885711e+02  -3.96132906e-04
   3.45886199e+02   7.54925131e-04
   3.45886687e+02   1.63643819e-03
   3.45887176e+02   7.92789797e-04
   3.45887664e+02  -1.01325754e-03
   3.45888152e+02  -1.63071114e-03
   3.45888641e+02  -9.89540364e-04
   3.45889129e+02   3.41690873e-04
   3.45889617e+02   1.11390650e-03
   3.45890105e+02   2.18361776e-04
   3.45890594e+02  -7.87483470e-04
   3.45891082e+02  -5.08285477e-04
   3.45891570e+02   8.67963463e-05
   3.45892059e+02  -2.32644496e-04
   3.45892547e+02   5.83914865e-04
   3.45893035e+02   3.35149909e-03
   3.45893524e+02   4.35816450e-03
   3.45894012e+02   1.74877665e-03
   3.45894500e+02  -4.55765912e-05
   3.45894989e+02   8.17885215e-04
   3.45895477e+02   9.85821825e-04
   3.45895965e+02   1.61754386e-03
   3.45896453e+02   3.01439525e-03
   3.45896942e+02   2.92021432e-04
   3.45897430e+02  -4.09340486e-03
   3.45897918e+02  -4.99748345e-03
   3.45898407e+02  -3.77885089e-03
   3.45898895e+02  -2.04662466e-03
   3.45899383e+02  -1.08730944e-03
   3.45899872e+02  -5.83246700e-04
   3.45900360e+02   1.33585301e-03
   3.45900848e+02   2.02754489e-03
   3.45901337e+02   8.78047198e-04
   3.45901825e+02   5.26933691e-05
   3.45902313e+02   1.51895845e-04
   3.45902801e+02   1.52460148e-03
   3.45903290e+02   2.85280356e-03
   3.45903778e+02   1.38286478e-03
   3.45904266e+02   2.49898207e-04
   3.45904755e+02   2.77344999e-03
   3.45905243e+02   3.68491630e-03
   3.45905731e+02   1.23162044e-03
   3.45906220e+02   1.45952753e-03
   3.45906708e+02   3.03507620e-03
   3.45907196e+02   1.07021024e-03
   3.45907685e+02  -1.85287721e-03
   3.45908173e+02  -2.22526421e-03
   3.45908661e+02   6.87510415e-04
   3.45909150e+02   3.78266280e-03
   3.45909638e+02   2.30440684e-03
   3.45910126e+02  -2.06416822e-04
   3.45910614e+02  -5.10477810e-04
   3.45911103e+02  -1.90540170e-03
   3.45911591e+02  -2.90983170e-03
   3.45912079e+02  -1.38259714e-03
   3.45912568e+02  -1.89718779e-03
   3.45913056e+02  -3.77965043e-03
   3.45913544e+02  -3.51503235e-03
   3.45914033e+02  -3.33452877e-03
   3.45914521e+02  -4.34306124e-03
   3.45915009e+02  -3.07857734e-03
   3.45915498e+02  -1.00562036e-04
   3.45915986e+02   2.02030133e-04
   3.45916474e+02  -2.08243285e-03
   3.45916962e+02  -2.41035293e-03
   3.45917451e+02  -2.37509725e-04
   3.45917939e+02  -3.51276743e-04
   3.45918427e+02  -8.70889053e-04
   3.45918916e+02   6.64046209e-04
   3.45919404e+02   1.37098029e-03
   3.45919892e+02   1.05902101e-04
   3.45920381e+02  -7.78255868e-04
   3.45920869e+02   8.23631344e-05
   3.45921357e+02   9.55476076e-04
   3.45921846e+02   1.48265855e-03
   3.45922334e+02   2.99562264e-04
   3.45922822e+02  -3.12180701e-03
   3.45923310e+02  -4.21753712e-03
   3.45923799e+02  -1.29757158e-03
   3.45924287e+02   1.05000113e-03
   3.45924775e+02   4.37384093e-04
   3.45925264e+02  -3.19319573e-04
   3.45925752e+02  -7.43831697e-05
   3.45926240e+02  -9.94753209e-04
   3.45926729e+02  -2.25847401e-03
   3.45927217e+02  -2.43663532e-03
   3.45927705e+02  -1.71523378e-03
   3.45928194e+02  -3.06353148e-04
   3.45928682e+02  -2.79094296e-04
   3.45929170e+02  -2.30006804e-03
   3.45929658e+02  -1.79590820e-03
   3.45930147e+02   5.01945033e-04
   3.45930635e+02   3.76430922e-04
   3.45931123e+02  -9.76086129e-04
   3.45931612e+02  -1.18272786e-03
   3.45932100e+02  -3.03134497e-04
   3.45932588e+02   5.01312257e-04
   3.45933077e+02  -9.67622385e-04
   3.45933565e+02  -2.43918924e-03
   3.45934053e+02  -2.39487784e-03
   3.45934542e+02  -1.44515792e-03
   3.45935030e+02   5.17421460e-04
   3.45935518e+02   1.50103483e-03
   3.45936006e+02   9.21176630e-04
   3.45936495e+02   1.20186212e-03
   3.45936983e+02   2.00742553e-03
   3.45937471e+02   1.41267816e-03
   3.45937960e+02   4.16805735e-04
   3.45938448e+02   1.11310813e-03
   3.45938936e+02   1.29882642e-03
   3.45939425e+02   2.17520841e-03
   3.45939913e+02   4.00380976e-03
   3.45940401e+02   4.45000920e-03
   3.45940890e+02   1.99983758e-03
   3.45941378e+02  -5.39899222e-04
   3.45941866e+02  -7.40513089e-04
   3.45942354e+02   3.86557600e-04
   3.45942843e+02   7.52678257e-04
   3.45943331e+02  -1.51842250e-03
   3.45943819e+02  -3.14185023e-03
   3.45944308e+02  -2.63362960e-03
   3.45944796e+02  -2.71778740e-03
   3.45945284e+02  -2.00881553e-03
   3.45945773e+02   7.59472372e-04
   3.45946261e+02   2.71077035e-03
   3.45946749e+02   1.12719228e-03
   3.45947238e+02  -6.15303754e-04
   3.45947726e+02   1.01174381e-04
   3.45948214e+02   9.91696143e-04
   3.45948703e+02  -9.20346065e-05
   3.45949191e+02  -3.20055871e-03
   3.45949679e+02  -4.36982512e-03
   3.45950167e+02  -3.25541198e-03
   3.45950656e+02  -1.73998368e-03
   3.45951144e+02  -5.17641136e-04
   3.45951632e+02  -5.63870941e-04
   3.45952121e+02   3.91357680e-05
   3.45952609e+02   1.60781166e-03
   3.45953097e+02   2.43676896e-03
   3.45953586e+02   6.25323097e-04
   3.45954074e+02  -1.03721302e-03
   3.45954562e+02   5.02672628e-04
   3.45955051e+02   1.91387907e-03
   3.45955539e+02   2.30834843e-03
   3.45956027e+02   2.97687179e-03
   3.45956515e+02   1.72365375e-03
   3.45957004e+02  -8.77777522e-04
   3.45957492e+02  -1.24280492e-03
   3.45957980e+02  -3.77838514e-05
   3.45958469e+02   7.06067425e-04
   3.45958957e+02   3.74354422e-05
   3.45959445e+02  -1.32188108e-03
   3.45959934e+02  -5.85349626e-04
   3.45960422e+02   6.55633106e-04
   3.45960910e+02   2.76129064e-03
   3.45961399e+02   3.30398651e-03
   3.45961887e+02   1.85526873e-03
   3.45962375e+02   1.87101529e-03
   3.45962863e+02   6.57688593e-04
   3.45963352e+02  -2.08870694e-03
   3.45963840e+02  -2.76667252e-03
   3.45964328e+02  -7.39167735e-04
   3.45964817e+02   1.44055637e-03
   3.45965305e+02   9.28786467e-04
   3.45965793e+02  -1.34128984e-03
   3.45966282e+02  -2.77337129e-03
   3.45966770e+02  -1.73480157e-03
   3.45967258e+02   4.62919474e-04
   3.45967747e+02   2.11508828e-04
   3.45968235e+02  -1.49176945e-03
   3.45968723e+02  -2.59915600e-03
   3.45969211e+02  -3.74887069e-03
   3.45969700e+02  -2.46833474e-03
   3.45970188e+02  -7.44006247e-04
   3.45970676e+02   9.51803886e-05
   3.45971165e+02   6.89612469e-04
   3.45971653e+02   7.81264796e-04
   3.45972141e+02   1.65936642e-03
   3.45972630e+02  -2.55278515e-04
   3.45973118e+02  -3.60914902e-03
   3.45973606e+02  -3.11656413e-03
   3.45974095e+02  -1.09620439e-03
   3.45974583e+02  -9.71566420e-04
   3.45975071e+02  -9.24486783e-04
   3.45975559e+02   2.81976565e-04
   3.45976048e+02   8.47612217e-04
   3.45976536e+02   1.69042044e-03
   3.45977024e+02   2.18289020e-03
   3.45977513e+02   5.26171760e-04
   3.45978001e+02  -7.35718873e-04
   3.45978489e+02   2.95693986e-04
   3.45978978e+02   1.97057449e-03
   3.45979466e+02   2.58482061e-03
   3.45979954e+02   1.30549306e-03
   3.45980443e+02   4.10946552e-04
   3.45980931e+02   1.65450876e-03
   3.45981419e+02   1.82791229e-03
   3.45981907e+02   5.13860025e-04
   3.45982396e+02   8.25539348e-04
   3.45982884e+02   1.19752227e-03
   3.45983372e+02  -2.42447306e-04
   3.45983861e+02  -1.68672891e-03
   3.45984349e+02  -8.73661251e-04
   3.45984837e+02   8.15403473e-04
   3.45985326e+02   1.06938975e-03
   3.45985814e+02   1.04798516e-03
   3.45986302e+02  -7.78329268e-04
   3.45986791e+02  -3.24030872e-03
   3.45987279e+02  -2.39458703e-03
   3.45987767e+02  -1.28405460e-03
   3.45988256e+02  -3.04789981e-03
   3.45988744e+02  -4.03252197e-03
   3.45989232e+02  -2.49264715e-03
   3.45989720e+02  -4.14339098e-04
   3.45990209e+02   5.36978012e-04
   3.45990697e+02   1.21262588e-03
   3.45991185e+02   1.85455894e-03
   3.45991674e+02   1.55316095e-03
   3.45992162e+02   9.35446471e-04
   3.45992650e+02   1.35885773e-03
   3.45993139e+02   2.11907295e-03
   3.45993627e+02   1.07072131e-03
   3.45994115e+02  -6.99098222e-04
   3.45994604e+02  -2.76812003e-03
   3.45995092e+02  -2.48029060e-03
   3.45995580e+02  -1.44568083e-04
   3.45996068e+02   3.13217926e-04
   3.45996557e+02  -8.10370082e-04
   3.45997045e+02  -5.60932211e-04
   3.45997533e+02  -8.31643527e-04
   3.45998022e+02  -1.57784077e-03
   3.45998510e+02  -5.31739497e-04
   3.45998998e+02   2.27894168e-03
   3.45999487e+02   2.09034863e-03
   3.45999975e+02   1.21087418e-03
   3.46000463e+02   1.12206687e-03
   3.46000952e+02  -1.73955970e-03
   3.46001440e+02  -2.40631052e-03
   3.46001928e+02   2.36195687e-04
   3.46002416e+02   2.65267852e-04
   3.46002905e+02  -9.79989883e-04
   3.46003393e+02  -2.22992545e-04
   3.46003881e+02  -4.35267604e-04
   3.46004370e+02  -1.58610707e-03
   3.46004858e+02   1.05587402e-04
   3.46005346e+02   8.14082159e-04
   3.46005835e+02  -1.95826357e-03
   3.46006323e+02  -2.04136339e-03
   3.46006811e+02  -1.07826071e-03
   3.46007300e+02  -2.19303416e-03
   3.46007788e+02  -1.84971432e-03
   3.46008276e+02  -1.14313245e-03
   3.46008764e+02  -1.79979065e-03
   3.46009253e+02  -3.46419722e-04
   3.46009741e+02   7.19866366e-04
   3.46010229e+02  -9.17904428e-04
   3.46010718e+02  -1.52826461e-03
   3.46011206e+02  -1.10775721e-03
   3.46011694e+02  -6.10329909e-04
   3.46012183e+02   7.68450482e-05
   3.46012671e+02  -5.77096187e-04
   3.46013159e+02  -1.73527282e-03
   3.46013648e+02  -2.24317028e-03
   3.46014136e+02  -5.96975384e-04
   3.46014624e+02   1.87317014e-03
   3.46015112e+02   2.27036653e-03
   3.46015601e+02   6.42665254e-04
   3.46016089e+02   7.12719266e-05
   3.46016577e+02   2.06672051e-03
   3.46017066e+02   4.26743878e-03
   3.46017554e+02   4.33191936e-03
   3.46018042e+02   1.60363759e-03
   3.46018531e+02  -3.81261372e-04
   3.46019019e+02   6.07068185e-04
   3.46019507e+02   1.64290552e-03
   3.46019996e+02   6.05098670e-04
   3.46020484e+02  -2.86722905e-04
   3.46020972e+02   3.08623246e-04
   3.46021460e+02  -3.20209147e-05
   3.46021949e+02  -8.60590488e-04
   3.46022437e+02  -2.29307334e-03
   3.46022925e+02  -3.68769094e-03
   3.46023414e+02  -2.52879946e-03
   3.46023902e+02  -8.81212938e-04
   3.46024390e+02   6.81465681e-05
   3.46024879e+02  -8.84589390e-04
   3.46025367e+02  -3.01846559e-03
   3.46025855e+02  -2.45370436e-03
   3.46026344e+02  -9.23495798e-04
   3.46026832e+02  -6.26048248e-04
   3.46027320e+02  -1.18000805e-03
   3.46027809e+02  -1.64877379e-03
   3.46028297e+02  -1.94022525e-03
   3.46028785e+02  -2.26504588e-03
   3.46029273e+02  -3.27380537e-03
   3.46029762e+02  -4.11765883e-03
   3.46030250e+02  -4.29324433e-03
   3.46030738e+02  -2.91332509e-03
   3.46031227e+02  -1.10930647e-03
   3.46031715e+02  -1.58366596e-03
   3.46032203e+02  -1.45489734e-03
   3.46032692e+02   5.55118488e-04
   3.46033180e+02   1.06742245e-03
   3.46033668e+02   1.85039919e-03
   3.46034157e+02   2.85513490e-03
   3.46034645e+02  -3.42875021e-04
   3.46035133e+02  -1.52103521e-03
   3.46035621e+02   2.27596681e-03
   3.46036110e+02   3.77378357e-03
   3.46036598e+02   9.67013359e-04
   3.46037086e+02  -2.46313820e-03
   3.46037575e+02  -2.19010049e-03
   3.46038063e+02  -1.58924889e-03
   3.46038551e+02  -2.86743557e-03
   3.46039040e+02  -2.72911461e-03
   3.46039528e+02  -5.16580825e-04
   3.46040016e+02   1.13227528e-04
   3.46040505e+02  -2.13630730e-03
   3.46040993e+02  -2.74837669e-03
   3.46041481e+02  -1.68936804e-03
   3.46041969e+02  -1.19982280e-04
   3.46042458e+02   1.32914074e-03
   3.46042946e+02   8.70471238e-04
   3.46043434e+02  -2.89340271e-04
   3.46043923e+02  -9.89046297e-04
   3.46044411e+02   7.30144151e-04
   3.46044899e+02   3.76804476e-03
   3.46045388e+02   4.91655618e-03
   3.46045876e+02   5.22838719e-03
   3.46046364e+02   4.70815320e-03
   3.46046853e+02   2.41257506e-03
   3.46047341e+02  -5.36591164e-04
   3.46047829e+02  -2.01913947e-03
   3.46048317e+02  -1.14477845e-03
   3.46048806e+02   6.27825648e-05
   3.46049294e+02   5.26338699e-04
   3.46049782e+02   1.07551611e-03
   3.46050271e+02   1.97884929e-03
   3.46050759e+02   3.13531747e-03
   3.46051247e+02   2.81600957e-03
   3.46051736e+02   7.98636000e-04
   3.46052224e+02   5.70042233e-04
   3.46052712e+02   3.03633581e-03
   3.46053201e+02   3.39213060e-03
   3.46053689e+02   1.22468604e-03
   3.46054177e+02   4.90044586e-05
   3.46054665e+02  -7.32734683e-04
   3.46055154e+02  -8.00028385e-04
   3.46055642e+02   1.08268321e-03
   3.46056130e+02   1.18432555e-03
   3.46056619e+02   1.91934861e-03
   3.46057107e+02   3.22098169e-03
   3.46057595e+02   2.05876073e-03
   3.46058084e+02   1.23117375e-03
   3.46058572e+02   1.26996764e-03
   3.46059060e+02   1.66703842e-03
   3.46059549e+02   2.00544856e-03
   3.46060037e+02   9.35699849e-04
   3.46060525e+02   1.18398934e-03
   3.46061013e+02   2.04912899e-03
   3.46061502e+02   4.46653838e-04
   3.46061990e+02   2.24431409e-04
   3.46062478e+02   3.06723057e-03
   3.46062967e+02   6.31563645e-03
   3.46063455e+02   7.47060170e-03
   3.46063943e+02   4.87943273e-03
   3.46064432e+02   2.84840789e-05
   3.46064920e+02  -2.80745700e-03
   3.46065408e+02  -1.74016820e-03
   3.46065897e+02   2.12461891e-04
   3.46066385e+02  -1.59420911e-03
   3.46066873e+02  -4.02501924e-03
   3.46067362e+02  -3.73395812e-03
   3.46067850e+02  -1.90903503e-03
   3.46068338e+02  -6.87579741e-04
   3.46068826e+02  -2.12142547e-03
   3.46069315e+02  -3.00723896e-03
   3.46069803e+02  -1.05101988e-03
   3.46070291e+02   4.42513905e-04
   3.46070780e+02   8.92545213e-04
   3.46071268e+02   3.19972518e-04
   3.46071756e+02  -1.27334299e-03
   3.46072245e+02  -1.05719839e-03
   3.46072733e+02  -3.17042985e-04
   3.46073221e+02  -7.89309328e-04
   3.46073710e+02  -1.14076852e-03
   3.46074198e+02  -2.04791175e-03
   3.46074686e+02  -2.43319874e-03
   3.46075174e+02  -1.82812475e-03
   3.46075663e+02  -9.24827007e-04
   3.46076151e+02   6.98502467e-04
   3.46076639e+02   2.81942775e-03
   3.46077128e+02   3.48575413e-03
   3.46077616e+02   1.75195199e-03
   3.46078104e+02   7.83431926e-04
   3.46078593e+02   3.58908554e-04
   3.46079081e+02  -2.26250361e-03
   3.46079569e+02  -1.90742640e-03
   3.46080058e+02   7.83773954e-04
   3.46080546e+02  -1.64056299e-04
   3.46081034e+02  -8.59995896e-04
   3.46081522e+02   2.39781407e-03
   3.46082011e+02   2.92348559e-03
   3.46082499e+02  -1.34872753e-04
   3.46082987e+02  -4.33610949e-05
   3.46083476e+02   2.22478434e-03
   3.46083964e+02   1.49411580e-03
   3.46084452e+02  -2.38724938e-03
   3.46084941e+02  -2.65267049e-03
   3.46085429e+02   1.60180894e-03
   3.46085917e+02   2.88396515e-03
   3.46086406e+02   7.19131611e-04
   3.46086894e+02  -6.77077041e-04
   3.46087382e+02   1.91654282e-04
   3.46087870e+02   1.48515985e-03
   3.46088359e+02   1.62388792e-03
   3.46088847e+02   1.52744958e-03
   3.46089335e+02   1.10246451e-03
   3.46089824e+02   7.21501128e-04
   3.46090312e+02   3.45294276e-04
   3.46090800e+02   3.42207786e-04
   3.46091289e+02   8.43461079e-04
   3.46091777e+02   1.56849716e-03
   3.46092265e+02   3.07837082e-03
   3.46092754e+02   3.65349790e-03
   3.46093242e+02   1.80344237e-03
   3.46093730e+02  -1.09843572e-03
   3.46094218e+02  -2.47499719e-03
   3.46094707e+02  -2.49430700e-03
   3.46095195e+02  -1.70151808e-03
   3.46095683e+02  -5.84872498e-04
   3.46096172e+02  -6.02530898e-04
   3.46096660e+02  -4.98036854e-04
   3.46097148e+02   1.93647866e-03
   3.46097637e+02   4.11720481e-03
   3.46098125e+02   2.17402168e-03
   3.46098613e+02  -2.85579218e-03
   3.46099102e+02  -4.91944514e-03
   3.46099590e+02  -3.42229777e-03
   3.46100078e+02  -2.89195427e-03
   3.46100566e+02  -1.58713618e-03
   3.46101055e+02   6.08463830e-04
   3.46101543e+02   1.64848205e-03
   3.46102031e+02   1.58331520e-03
   3.46102520e+02   2.43622228e-04
   3.46103008e+02  -1.41881814e-03
   3.46103496e+02  -3.12765012e-03
   3.46103985e+02  -4.65703616e-03
   3.46104473e+02  -4.59594605e-03
   3.46104961e+02  -2.55675265e-03
   3.46105450e+02  -2.50884728e-03
   3.46105938e+02  -3.56433610e-03
   3.46106426e+02  -8.44118535e-04
   3.46106915e+02   1.75230310e-03
   3.46107403e+02   2.69002281e-03
   3.46107891e+02   4.51681716e-03
   3.46108379e+02   3.95818008e-03
   3.46108868e+02   4.41069627e-04
   3.46109356e+02  -2.81775929e-03
   3.46109844e+02  -4.33475897e-03
   3.46110333e+02  -2.45368900e-03
   3.46110821e+02   8.24917282e-04
   3.46111309e+02   2.07478786e-03
   3.46111798e+02   2.61289882e-03
   3.46112286e+02   1.40139053e-03
   3.46112774e+02  -1.31921365e-03
   3.46113263e+02  -2.07053381e-03
   3.46113751e+02  -6.08207833e-04
   3.46114239e+02   1.04038871e-03
   3.46114727e+02  -4.73038439e-04
   3.46115216e+02  -5.94038283e-04
   3.46115704e+02   6.54748408e-04
   3.46116192e+02  -8.28924021e-05
   3.46116681e+02  -1.66532071e-03
   3.46117169e+02  -1.23096548e-03
   3.46117657e+02  -1.13722650e-04
   3.46118146e+02  -2.25893273e-05
   3.46118634e+02  -8.00234673e-04
   3.46119122e+02  -9.44522326e-04
   3.46119611e+02  -8.26345175e-04
   3.46120099e+02  -1.56695081e-03
   3.46120587e+02  -8.59445543e-04
   3.46121075e+02   6.25497196e-04
   3.46121564e+02   1.30386936e-04
   3.46122052e+02  -3.07193259e-04
   3.46122540e+02   1.14533154e-03
   3.46123029e+02   2.05545872e-03
   3.46123517e+02   1.60715031e-03
   3.46124005e+02   2.19422113e-03
   3.46124494e+02   3.45675647e-03
   3.46124982e+02   2.91803433e-03
   3.46125470e+02   2.62029469e-03
   3.46125959e+02   4.25364543e-03
   3.46126447e+02   6.24353113e-03
   3.46126935e+02   5.61860995e-03
   3.46127423e+02   2.05086707e-03
   3.46127912e+02  -5.37955202e-04
   3.46128400e+02  -5.27896278e-04
   3.46128888e+02   1.11092720e-06
   3.46129377e+02   3.86606407e-05
   3.46129865e+02   8.13252234e-04
   3.46130353e+02   8.58469808e-04
   3.46130842e+02  -1.78825518e-03
   3.46131330e+02  -3.52444034e-03
   3.46131818e+02  -1.10512529e-03
   3.46132307e+02   1.98138272e-03
   3.46132795e+02   1.34406600e-03
   3.46133283e+02   9.19567305e-04
   3.46133771e+02   1.68497278e-03
   3.46134260e+02  -9.55353200e-04
   3.46134748e+02  -4.15071379e-03
   3.46135236e+02  -4.02891170e-03
   3.46135725e+02  -3.59199569e-03
   3.46136213e+02  -1.23158691e-03
   3.46136701e+02   1.09943922e-03
   3.46137190e+02  -1.61261915e-03
   3.46137678e+02  -3.98933794e-03
   3.46138166e+02  -1.70990173e-03
   3.46138655e+02   5.63063251e-04
   3.46139143e+02   1.89752749e-03
   3.46139631e+02   2.01179017e-03
   3.46140119e+02  -3.21183528e-04
   3.46140608e+02  -1.82319689e-03
   3.46141096e+02  -1.06866681e-03
   3.46141584e+02   7.22699624e-04
   3.46142073e+02   2.32611038e-03
   3.46142561e+02   1.40967697e-03
   3.46143049e+02  -6.60507882e-04
   3.46143538e+02  -6.91538269e-04
   3.46144026e+02   9.17117504e-05
   3.46144514e+02  -5.31970465e-04
   3.46145003e+02  -6.64877880e-04
   3.46145491e+02   4.68521495e-04
   3.46145979e+02   1.26580999e-04
   3.46146468e+02  -3.68506939e-04
   3.46146956e+02  -2.28319972e-04
   3.46147444e+02  -6.80332829e-04
   3.46147932e+02  -3.64955689e-04
   3.46148421e+02  -6.13545417e-04
   3.46148909e+02  -1.56479725e-03
   3.46149397e+02  -1.30146951e-03
   3.46149886e+02  -1.14510895e-03
   3.46150374e+02  -1.57416100e-03
   3.46150862e+02  -1.45026075e-03
   3.46151351e+02   8.60304935e-05
   3.46151839e+02   2.24739153e-04
   3.46152327e+02  -1.16145331e-03
   3.46152816e+02  -1.68886327e-04
   3.46153304e+02   1.01780659e-03
   3.46153792e+02  -2.95592967e-04
   3.46154280e+02  -1.47550961e-03
   3.46154769e+02   5.52186044e-04
   3.46155257e+02   3.69843747e-03
   3.46155745e+02   3.63621907e-03
   3.46156234e+02   1.43497461e-03
   3.46156722e+02  -9.53548762e-04
   3.46157210e+02  -1.98349054e-03
   3.46157699e+02  -8.18270259e-04
   3.46158187e+02  -1.85172845e-04
   3.46158675e+02  -7.77109119e-04
   3.46159164e+02   9.48995177e-04
   3.46159652e+02   3.61438701e-03
   3.46160140e+02   2.91686063e-03
   3.46160628e+02   2.19716760e-03
   3.46161117e+02   3.09697492e-03
   3.46161605e+02   9.90791945e-04
   3.46162093e+02  -3.09227942e-03
   3.46162582e+02  -4.11572587e-03
   3.46163070e+02  -3.48781771e-03
   3.46163558e+02  -2.28796387e-03
   3.46164047e+02   2.79982283e-04
   3.46164535e+02   7.16353650e-04
   3.46165023e+02   2.30014324e-04
   3.46165512e+02   1.19144795e-03
   3.46166000e+02   1.30166102e-03
   3.46166488e+02   4.58705654e-05
   3.46166976e+02  -1.47562614e-03
   3.46167465e+02  -2.49098195e-03
   3.46167953e+02  -2.39046640e-03
   3.46168441e+02  -4.83217504e-04
   3.46168930e+02   1.15744444e-03
   3.46169418e+02   2.05062306e-03
   3.46169906e+02   3.40666203e-03
   3.46170395e+02   2.61863112e-03
   3.46170883e+02  -3.61036306e-04
   3.46171371e+02  -1.60984613e-03
   3.46171860e+02  -1.00907858e-03
   3.46172348e+02   8.17094988e-05
   3.46172836e+02  -1.93314590e-05
   3.46173324e+02  -1.75507885e-04
   3.46173813e+02  -8.20038316e-04
   3.46174301e+02   1.02452126e-04
   3.46174789e+02   2.47182488e-03
   3.46175278e+02   4.22507385e-03
   3.46175766e+02   4.68619727e-03
   3.46176254e+02   3.63284210e-03
   3.46176743e+02   2.52417405e-03
   3.46177231e+02   8.23055103e-04
   3.46177719e+02  -1.84563629e-03
   3.46178208e+02  -3.09021981e-03
   3.46178696e+02  -1.91445276e-03
   3.46179184e+02  -1.41870661e-03
   3.46179672e+02  -3.78913013e-03
   3.46180161e+02  -4.02989518e-03
   3.46180649e+02  -2.21975357e-03
   3.46181137e+02  -2.25332566e-03
   3.46181626e+02  -1.70491613e-03
   3.46182114e+02  -1.09452114e-04
   3.46182602e+02   4.10393623e-05
   3.46183091e+02  -6.94712973e-04
   3.46183579e+02  -5.23695140e-04
   3.46184067e+02   8.27409618e-04
   3.46184556e+02   1.23129610e-03
   3.46185044e+02   8.22927905e-05
   3.46185532e+02  -8.24823743e-04
   3.46186021e+02  -1.22763764e-03
   3.46186509e+02  -2.29015667e-03
   3.46186997e+02  -3.48385214e-03
   3.46187485e+02  -1.72382325e-03
   3.46187974e+02   8.13436403e-04
   3.46188462e+02   3.61884478e-04
   3.46188950e+02  -1.00647612e-03
   3.46189439e+02  -5.02826471e-04
   3.46189927e+02  -2.74112768e-04
   3.46190415e+02  -9.00049636e-04
   3.46190904e+02   7.58946000e-04
   3.46191392e+02   1.99530390e-03
   3.46191880e+02   2.39742774e-04
   3.46192369e+02   7.99757079e-04
   3.46192857e+02   2.23654765e-03
   3.46193345e+02  -4.20271070e-04
   3.46193833e+02  -2.55026901e-03
   3.46194322e+02  -1.31429173e-03
   3.46194810e+02   7.04432139e-04
   3.46195298e+02   2.72756023e-03
   3.46195787e+02   3.30325053e-03
   3.46196275e+02   2.07913923e-03
   3.46196763e+02   5.07169461e-04
   3.46197252e+02  -5.57969033e-04
   3.46197740e+02  -7.12945184e-04
   3.46198228e+02  -5.59036213e-04
   3.46198717e+02  -2.36751366e-05
   3.46199205e+02   4.85275988e-04
   3.46199693e+02   4.62425902e-04
   3.46200181e+02   2.05646385e-04
   3.46200670e+02  -2.24349275e-03
   3.46201158e+02  -3.08893248e-03
   3.46201646e+02   5.03990042e-04
   3.46202135e+02   1.67704595e-03
   3.46202623e+02  -1.18220574e-03
   3.46203111e+02  -1.14915869e-03
   3.46203600e+02   2.12524389e-03
   3.46204088e+02   2.69296672e-03
   3.46204576e+02   1.81027234e-03
   3.46205065e+02   2.44701840e-03
   3.46205553e+02   2.83566560e-03
   3.46206041e+02   2.13368819e-03
   3.46206529e+02  -1.77643233e-04
   3.46207018e+02  -2.23005586e-03
   3.46207506e+02  -1.05076074e-03
   3.46207994e+02  -1.24045124e-03
   3.46208483e+02  -2.09803157e-03
   3.46208971e+02   6.00533385e-04
   3.46209459e+02   1.84539543e-03
   3.46209948e+02  -8.85908958e-04
   3.46210436e+02  -2.80311960e-03
   3.46210924e+02  -2.73887464e-03
   3.46211413e+02  -1.41073891e-03
   3.46211901e+02  -1.02939759e-03
   3.46212389e+02  -2.10794713e-03
   3.46212877e+02  -3.03686224e-03
   3.46213366e+02  -2.53478810e-03
   3.46213854e+02  -1.60760072e-04
   3.46214342e+02   9.67962784e-04
   3.46214831e+02   5.22030576e-04
   3.46215319e+02   1.56601891e-05
   3.46215807e+02  -3.09542753e-04
   3.46216296e+02   9.77655291e-04
   3.46216784e+02   3.42524424e-03
   3.46217272e+02   5.22194756e-03
   3.46217761e+02   3.74796661e-03
   3.46218249e+02  -5.94802259e-05
   3.46218737e+02  -1.12707890e-03
   3.46219225e+02  -2.24617354e-04
   3.46219714e+02  -8.93718563e-04
   3.46220202e+02  -2.09343294e-03
   3.46220690e+02  -2.14143516e-03
   3.46221179e+02  -9.26320732e-04
   3.46221667e+02  -3.40735016e-04
   3.46222155e+02  -1.54124200e-03
   3.46222644e+02  -1.88184821e-03
   3.46223132e+02  -1.12962478e-03
   3.46223620e+02   4.73885921e-05
   3.46224109e+02   2.29599711e-04
   3.46224597e+02   3.22526845e-04
   3.46225085e+02   4.42382792e-04
   3.46225574e+02  -1.55843154e-03
   3.46226062e+02  -4.39216988e-03
   3.46226550e+02  -5.10811107e-03
   3.46227038e+02  -1.63376424e-03
   3.46227527e+02   2.17648060e-03
   3.46228015e+02   1.85065554e-03
   3.46228503e+02   2.66073941e-04
   3.46228992e+02  -7.28501473e-04
   3.46229480e+02  -1.45378581e-03
   3.46229968e+02  -2.37171492e-03
   3.46230457e+02  -2.07691733e-03
   3.46230945e+02   3.48845002e-04
   3.46231433e+02   1.32045685e-03
   3.46231922e+02   7.71244639e-04
   3.46232410e+02  -2.53923732e-04
   3.46232898e+02  -7.59606919e-05
   3.46233386e+02   1.30377663e-03
   3.46233875e+02   9.07549285e-04
   3.46234363e+02   3.19464743e-04
   3.46234851e+02   1.99602544e-03
   3.46235340e+02   1.88676361e-03
   3.46235828e+02  -1.54487987e-03
   3.46236316e+02  -2.95969821e-03
   3.46236805e+02  -1.36806420e-03
   3.46237293e+02   4.47112223e-04
   3.46237781e+02   8.76752893e-04
   3.46238270e+02   6.69740373e-04
   3.46238758e+02   1.77109416e-03
   3.46239246e+02   2.89860670e-03
   3.46239734e+02   3.07525788e-03
   3.46240223e+02   2.96746823e-03
   3.46240711e+02   2.86729098e-03
   3.46241199e+02   1.92509301e-03
   3.46241688e+02   8.76927399e-04
   3.46242176e+02   2.46453937e-03
   3.46242664e+02   5.15294634e-03
   3.46243153e+02   6.46733167e-03
   3.46243641e+02   5.99209405e-03
   3.46244129e+02   6.12537423e-03
   3.46244618e+02   9.02169198e-03
   3.46245106e+02   1.27567211e-02
   3.46245594e+02   1.49494745e-02
   3.46246082e+02   1.88839138e-02
   3.46246571e+02   2.51933467e-02
   3.46247059e+02   2.93604843e-02
   3.46247547e+02   2.81138550e-02
   3.46248036e+02   2.60598417e-02
   3.46248524e+02   2.27359030e-02
   3.46249012e+02   1.79825425e-02
   3.46249501e+02   1.35167986e-02
   3.46249989e+02   9.83388536e-03
   3.46250477e+02   8.56711250e-03
   3.46250966e+02   7.67897023e-03
   3.46251454e+02   6.22025365e-03
   3.46251942e+02   6.08262187e-03
   3.46252430e+02   4.18871315e-03
   3.46252919e+02   3.77339986e-03
   3.46253407e+02   4.47946507e-03
   3.46253895e+02   2.81531364e-03
   3.46254384e+02   2.01108586e-03
   3.46254872e+02   2.37284461e-03
   3.46255360e+02   1.46290194e-03
   3.46255849e+02   1.95652301e-05
   3.46256337e+02   7.61064759e-04
   3.46256825e+02   3.05695855e-03
   3.46257314e+02   3.58797819e-03
   3.46257802e+02   3.84866702e-03
   3.46258290e+02   3.92631209e-03
   3.46258778e+02   2.25697691e-03
   3.46259267e+02   8.95819685e-04
   3.46259755e+02   1.09791022e-03
   3.46260243e+02  -2.17601351e-04
   3.46260732e+02  -8.30523553e-04
   3.46261220e+02   4.48330538e-04
   3.46261708e+02   5.01522038e-04
   3.46262197e+02   5.08996542e-04
   3.46262685e+02   1.54248113e-03
   3.46263173e+02   2.01674807e-03
   3.46263662e+02   3.70806461e-04
   3.46264150e+02  -4.24145808e-04
   3.46264638e+02   4.33760986e-04
   3.46265127e+02  -6.31954055e-04
   3.46265615e+02  -1.07734941e-03
   3.46266103e+02   2.82418594e-04
   3.46266591e+02   1.43376563e-03
   3.46267080e+02   1.41237874e-03
   3.46267568e+02   3.14584322e-04
   3.46268056e+02  -1.50815363e-03
   3.46268545e+02  -2.49989284e-03
   3.46269033e+02  -3.86532134e-04
   3.46269521e+02   2.14640889e-03
   3.46270010e+02   1.01603474e-03
   3.46270498e+02  -2.46182689e-03
   3.46270986e+02  -2.64159753e-03
   3.46271475e+02   6.38779675e-05
   3.46271963e+02   2.58018449e-03
   3.46272451e+02   3.56223574e-03
   3.46272939e+02   2.36538332e-03
   3.46273428e+02   9.33843083e-04
   3.46273916e+02   7.41379976e-04
   3.46274404e+02   2.42313385e-04
   3.46274893e+02  -8.11380742e-04
   3.46275381e+02  -1.10800820e-03
   3.46275869e+02  -9.54590912e-04
   3.46276358e+02  -1.15583243e-03
   3.46276846e+02  -1.14031183e-03
   3.46277334e+02  -1.86218170e-03
   3.46277823e+02  -2.93494086e-03
   3.46278311e+02  -1.47796283e-03
   3.46278799e+02   1.35330006e-03
   3.46279287e+02   1.80760201e-03
   3.46279776e+02   3.53464507e-04
   3.46280264e+02  -3.31999676e-04
   3.46280752e+02  -1.13910146e-03
   3.46281241e+02  -2.75198929e-03
   3.46281729e+02  -2.64677918e-03
   3.46282217e+02  -1.66572409e-03
   3.46282706e+02  -2.77502090e-03
   3.46283194e+02  -2.91068177e-03
   3.46283682e+02  -4.68664075e-06
   3.46284171e+02   2.80913198e-03
   3.46284659e+02   2.55491119e-03
   3.46285147e+02   8.93500837e-05
   3.46285635e+02  -1.13261736e-03
   3.46286124e+02   4.47995990e-04
   3.46286612e+02   2.28482741e-03
   3.46287100e+02   2.15248601e-03
   3.46287589e+02   2.20355112e-03
   3.46288077e+02   2.09383760e-03
   3.46288565e+02   1.46922481e-03
   3.46289054e+02   1.66645844e-03
   3.46289542e+02   2.00499990e-03
   3.46290030e+02   1.77163049e-04
   3.46290519e+02  -1.14136281e-04
   3.46291007e+02   2.73349986e-04
   3.46291495e+02   1.43091229e-03
   3.46291983e+02   2.33238400e-03
   3.46292472e+02   3.42681934e-03
   3.46292960e+02   2.50884169e-03
   3.46293448e+02  -9.40397033e-04
   3.46293937e+02  -2.45184940e-03
   3.46294425e+02  -1.98080833e-03
   3.46294913e+02  -1.01158291e-03
   3.46295402e+02   1.08476484e-03
   3.46295890e+02   1.78428960e-03
   3.46296378e+02   8.72228469e-04
   3.46296867e+02   2.33659311e-03
   3.46297355e+02   2.92568700e-03
   3.46297843e+02  -1.59391158e-04
   3.46298331e+02  -1.30703626e-03
   3.46298820e+02  -4.12685069e-04
   3.46299308e+02   1.32113157e-04
   3.46299796e+02   8.50054377e-04
   3.46300285e+02   1.27345708e-03
   3.46300773e+02   1.42952567e-03
   3.46301261e+02   2.42452661e-04
   3.46301750e+02  -1.52795215e-03
   3.46302238e+02  -1.44203112e-03
   3.46302726e+02   6.53582218e-04
   3.46303215e+02   2.15743459e-03
   3.46303703e+02  -4.48326784e-04
   3.46304191e+02  -3.86920059e-03
   3.46304680e+02  -3.12752347e-03
   3.46305168e+02  -1.07007066e-03
   3.46305656e+02  -1.02455728e-03
   3.46306144e+02  -9.10973351e-04
   3.46306633e+02  -2.50075565e-04
   3.46307121e+02  -3.00892309e-04
   3.46307609e+02  -8.77985905e-04
   3.46308098e+02  -6.46680011e-04
   3.46308586e+02   3.15868616e-04
   3.46309074e+02   1.91658549e-03
   3.46309563e+02   2.30432022e-03
   3.46310051e+02   5.29475452e-04
   3.46310539e+02  -1.47693290e-03
   3.46311028e+02  -9.37977689e-04
   3.46311516e+02  -5.69652184e-04
   3.46312004e+02  -1.13501167e-03
   3.46312492e+02   8.33017475e-06
   3.46312981e+02   2.15931068e-04
   3.46313469e+02   1.88898703e-04
   3.46313957e+02   1.92922773e-03
   3.46314446e+02   2.12580874e-03
   3.46314934e+02   2.01563491e-03
   3.46315422e+02   3.87069769e-03
   3.46315911e+02   4.56557889e-03
   3.46316399e+02   1.80559710e-03
   3.46316887e+02  -1.41692557e-03
   3.46317376e+02  -1.42404612e-03
   3.46317864e+02   1.38607342e-03
   3.46318352e+02   2.39455071e-03
   3.46318840e+02   8.10038007e-04
   3.46319329e+02   2.54012150e-04
   3.46319817e+02   1.19281211e-03
   3.46320305e+02   3.22329393e-03
   3.46320794e+02   4.60604485e-03
   3.46321282e+02   3.76069290e-03
   3.46321770e+02   1.99982314e-03
   3.46322259e+02   2.85080983e-03
   3.46322747e+02   5.10246074e-03
   3.46323235e+02   5.55639248e-03
   3.46323724e+02   5.00190351e-03
   3.46324212e+02   3.20723443e-03
   3.46324700e+02   4.57751739e-05
   3.46325188e+02  -1.37312373e-03
   3.46325677e+02   1.95902059e-04
   3.46326165e+02   8.69262672e-04
   3.46326653e+02   4.76968766e-04
   3.46327142e+02   1.29303872e-03
   3.46327630e+02  -1.43084369e-04
   3.46328118e+02  -2.08045170e-03
   3.46328607e+02   1.39570539e-03
   3.46329095e+02   4.47732862e-03
   3.46329583e+02   2.73967558e-03
   3.46330072e+02   1.10713780e-04
   3.46330560e+02  -2.06997199e-03
   3.46331048e+02  -2.38772854e-03
   3.46331536e+02  -1.04165310e-03
   3.46332025e+02  -3.33979202e-04
   3.46332513e+02  -9.24683118e-04
   3.46333001e+02  -7.24342011e-04
   3.46333490e+02   1.67875190e-03
   3.46333978e+02   4.43058740e-03
   3.46334466e+02   6.47922559e-03
   3.46334955e+02   5.96341258e-03
   3.46335443e+02   3.49430367e-03
   3.46335931e+02   1.65782729e-03
   3.46336420e+02   1.09695806e-03
   3.46336908e+02   1.60123396e-03
   3.46337396e+02   1.00122998e-03
   3.46337884e+02   1.80849947e-05
   3.46338373e+02  -4.46436985e-04
   3.46338861e+02  -2.50279671e-03
   3.46339349e+02  -3.72210448e-03
   3.46339838e+02  -1.06907729e-03
   3.46340326e+02   1.54783728e-03
   3.46340814e+02   2.10869755e-03
   3.46341303e+02   1.31560233e-03
   3.46341791e+02  -1.16792005e-04
   3.46342279e+02  -6.36302691e-04
   3.46342768e+02  -5.62647940e-04
   3.46343256e+02  -1.37794169e-03
   3.46343744e+02  -2.24091322e-03
   3.46344232e+02  -3.95454932e-04
   3.46344721e+02   1.55109086e-03
   3.46345209e+02   1.63452094e-03
   3.46345697e+02   1.51902717e-03
   3.46346186e+02   1.14000868e-03
   3.46346674e+02   2.97026243e-04
   3.46347162e+02  -9.63780913e-04
   3.46347651e+02  -3.54063406e-04
   3.46348139e+02   1.76607328e-03
   3.46348627e+02  -3.67167726e-04
   3.46349116e+02  -6.65549131e-04
   3.46349604e+02  -9.04820859e-04
   3.46350092e+02  -3.43133649e-03
   3.46350581e+02  -3.84593988e-03
   3.46351069e+02  -3.21385777e-03
   3.46351557e+02  -3.32080037e-03
   3.46352045e+02  -1.09669182e-03
   3.46352534e+02   6.26204303e-04
   3.46353022e+02  -3.74349591e-04
   3.46353510e+02  -2.28597200e-04
   3.46353999e+02   7.93211337e-04
   3.46354487e+02  -6.12652875e-05
   3.46354975e+02  -1.06802362e-03
   3.46355464e+02  -1.91496249e-04
   3.46355952e+02   1.16545893e-03
   3.46356440e+02   1.50984782e-03
   3.46356929e+02   1.73375229e-04
   3.46357417e+02  -1.47354812e-03
   3.46357905e+02  -9.44413478e-04
   3.46358393e+02  -9.55097275e-05
   3.46358882e+02   1.48293737e-04
   3.46359370e+02   4.79256501e-04
   3.46359858e+02   3.33624019e-04
   3.46360347e+02   1.23386035e-05
   3.46360835e+02  -7.09724263e-04
   3.46361323e+02  -2.16165185e-03
   3.46361812e+02  -2.04443466e-03
   3.46362300e+02   3.08826857e-04
   3.46362788e+02   2.69213784e-03
   3.46363277e+02   2.78861611e-03
   3.46363765e+02   5.45942632e-04
   3.46364253e+02  -8.29861732e-04
   3.46364741e+02  -1.46332057e-03
   3.46365230e+02  -2.42040609e-03
   3.46365718e+02  -3.13011766e-03
   3.46366206e+02  -2.27873749e-03
   3.46366695e+02  -7.24401267e-04
   3.46367183e+02   4.08078835e-04
   3.46367671e+02   1.47148687e-03
   3.46368160e+02   1.97344180e-03
   3.46368648e+02   1.11879397e-03
   3.46369136e+02   3.69725341e-04
   3.46369625e+02   3.81987164e-04
   3.46370113e+02   6.07553287e-04
   3.46370601e+02  -8.46363080e-04
   3.46371089e+02  -8.53714009e-04
   3.46371578e+02   2.17842730e-03
   3.46372066e+02   1.46436866e-03
   3.46372554e+02  -1.02397497e-03
   3.46373043e+02  -1.30436360e-03
   3.46373531e+02  -5.82510547e-04
   3.46374019e+02  -2.75477709e-04
   3.46374508e+02   5.48504002e-04
   3.46374996e+02   2.99404655e-03
   3.46375484e+02   4.03311197e-03
   3.46375973e+02   4.54683881e-03
   3.46376461e+02   5.74688427e-03
   3.46376949e+02   4.95637441e-03
   3.46377437e+02   2.97353417e-03
   3.46377926e+02   2.00923160e-03
   3.46378414e+02   1.74197787e-03
   3.46378902e+02   6.16147940e-04
   3.46379391e+02  -2.85409187e-04
   3.46379879e+02  -4.04989478e-05
   3.46380367e+02  -4.50504012e-04
   3.46380856e+02   8.78246792e-04
   3.46381344e+02   2.68789567e-03
   3.46381832e+02   1.77111931e-03
   3.46382321e+02   1.69656461e-03
   3.46382809e+02   2.25848798e-03
   3.46383297e+02   2.14708992e-03
   3.46383785e+02   1.91443425e-03
   3.46384274e+02   1.75770069e-03
   3.46384762e+02   8.49334290e-04
   3.46385250e+02  -9.77616408e-04
   3.46385739e+02  -9.24831897e-04
   3.46386227e+02  -9.97944968e-04
   3.46386715e+02  -2.11543427e-03
   3.46387204e+02  -1.83795765e-03
   3.46387692e+02  -1.32800615e-03
   3.46388180e+02  -1.14787358e-03
   3.46388669e+02  -1.92797417e-03
   3.46389157e+02  -2.49429420e-03
   3.46389645e+02  -7.52546068e-04
   3.46390134e+02   8.06478492e-04
   3.46390622e+02   2.05784547e-03
   3.46391110e+02   2.54484452e-03
   3.46391598e+02   3.98264936e-04
   3.46392087e+02  -1.43748906e-03
   3.46392575e+02  -1.85069826e-03
   3.46393063e+02  -1.41711568e-03
   3.46393552e+02   2.83956091e-04
   3.46394040e+02   1.59227313e-03
   3.46394528e+02   1.10491482e-03
   3.46395017e+02   1.03551452e-03
   3.46395505e+02   2.20937771e-03
   3.46395993e+02   2.70046270e-03
   3.46396482e+02   1.83601491e-03
   3.46396970e+02  -1.89481347e-04
   3.46397458e+02  -1.06653199e-03
   3.46397946e+02  -1.02701853e-03
   3.46398435e+02  -4.86933277e-04
   3.46398923e+02   8.03719915e-04
   3.46399411e+02   1.06097362e-03
   3.46399900e+02   3.81395133e-04
   3.46400388e+02   1.00720313e-03
   3.46400876e+02   1.80002884e-03
   3.46401365e+02   2.39688510e-04
   3.46401853e+02  -1.30631682e-03
   3.46402341e+02  -1.28388242e-03
   3.46402830e+02  -1.81811512e-03
   3.46403318e+02  -2.46976479e-03
   3.46403806e+02  -2.55758548e-03
   3.46404294e+02  -3.09932558e-03
   3.46404783e+02  -3.79286683e-03
   3.46405271e+02  -2.70756264e-03
   3.46405759e+02  -1.46715785e-03
   3.46406248e+02  -1.90998847e-03
   3.46406736e+02  -2.32611829e-03
   3.46407224e+02  -2.03755242e-03
   3.46407713e+02  -1.03341357e-03
   3.46408201e+02   3.06647155e-04
   3.46408689e+02   2.19463278e-03
   3.46409178e+02   1.10430864e-03
   3.46409666e+02  -2.65918527e-04
   3.46410154e+02  -7.41532131e-06
   3.46410642e+02  -2.37979670e-03
   3.46411131e+02  -3.99428559e-03
   3.46411619e+02  -2.37126462e-03
   3.46412107e+02  -2.14706804e-03
   3.46412596e+02  -2.92224763e-03
   3.46413084e+02  -2.71579018e-03
   3.46413572e+02  -2.40609632e-03
   3.46414061e+02  -1.98768941e-03
   3.46414549e+02  -7.67707010e-04
   3.46415037e+02   5.34277002e-04
   3.46415526e+02   5.32769307e-04
   3.46416014e+02  -3.90794507e-04
   3.46416502e+02  -9.83944512e-04
   3.46416990e+02  -3.88680608e-04
   3.46417479e+02  -8.86698370e-04
   3.46417967e+02  -1.55912328e-03
   3.46418455e+02   1.46202580e-03
   3.46418944e+02   5.30654378e-03
   3.46419432e+02   5.33981528e-03
   3.46419920e+02   2.75684055e-03
   3.46420409e+02   1.72636716e-03
   3.46420897e+02   1.79136591e-03
   3.46421385e+02   1.04835222e-03
   3.46421874e+02   1.27726339e-03
   3.46422362e+02   2.75218394e-03
   3.46422850e+02   1.91079360e-03
   3.46423338e+02  -5.50171651e-04
   3.46423827e+02   1.02083788e-04
   3.46424315e+02   1.32707797e-03
   3.46424803e+02  -1.52024347e-03
   3.46425292e+02  -2.93529034e-03
   3.46425780e+02  -9.32771829e-04
   3.46426268e+02  -1.52370092e-04
   3.46426757e+02   1.67056930e-03
   3.46427245e+02   3.74327996e-03
   3.46427733e+02   8.46479146e-04
   3.46428222e+02  -1.03390054e-03
   3.46428710e+02   1.64715678e-03
   3.46429198e+02   3.34294746e-03
   3.46429687e+02   4.88812511e-04
   3.46430175e+02  -2.43660272e-03
   3.46430663e+02  -2.46142084e-03
   3.46431151e+02  -2.82652350e-03
   3.46431640e+02  -3.56675894e-03
   3.46432128e+02  -2.19775597e-03
   3.46432616e+02  -1.42767455e-03
   3.46433105e+02  -1.86178950e-03
   3.46433593e+02  -7.78133457e-04
   3.46434081e+02   9.34215030e-04
   3.46434570e+02   9.19098893e-05
   3.46435058e+02  -1.38252368e-03
   3.46435546e+02  -6.90164568e-04
   3.46436035e+02  -1.45780633e-03
   3.46436523e+02  -4.65515582e-03
   3.46437011e+02  -6.29280368e-03
   3.46437499e+02  -4.37376136e-03
   3.46437988e+02  -2.06190418e-03
   3.46438476e+02  -6.95017865e-04
   3.46438964e+02   1.13431062e-03
   3.46439453e+02   1.62838621e-03
   3.46439941e+02   6.32935553e-04
   3.46440429e+02  -1.11499906e-03
   3.46440918e+02  -3.20246071e-03
   3.46441406e+02  -2.71825213e-03
   3.46441894e+02   1.10113811e-04
   3.46442383e+02   9.29390546e-04
   3.46442871e+02  -5.10285550e-04
   3.46443359e+02  -1.50770682e-03
   3.46443847e+02  -1.94435532e-03
   3.46444336e+02  -1.93856156e-03
   3.46444824e+02  -1.27525476e-03
   3.46445312e+02  -3.55877477e-04
   3.46445801e+02   9.75673538e-05
   3.46446289e+02  -8.31120706e-04
   3.46446777e+02  -2.05124309e-03
   3.46447266e+02  -1.57378439e-03
   3.46447754e+02  -1.15372677e-04
   3.46448242e+02   1.76915608e-03
   3.46448731e+02   2.53561768e-03
   3.46449219e+02   2.38150707e-03
   3.46449707e+02   1.07093051e-03
   3.46450195e+02  -3.10781979e-05
   3.46450684e+02   1.03312789e-03
   3.46451172e+02   2.77687702e-03
   3.46451660e+02   4.10012994e-03
   3.46452149e+02   2.95708701e-03
   3.46452637e+02   1.77093176e-03
   3.46453125e+02   1.75277505e-03
   3.46453614e+02   8.18722299e-04
   3.46454102e+02   5.89289586e-04
   3.46454590e+02  -4.66402125e-04
   3.46455079e+02  -2.59299460e-03
   3.46455567e+02  -1.01940439e-03
   3.46456055e+02   1.33022282e-03
   3.46456543e+02   1.42594741e-03
   3.46457032e+02   7.50886742e-04
   3.46457520e+02  -6.25960005e-04
   3.46458008e+02  -1.61560078e-03
   3.46458497e+02  -2.71305791e-03
   3.46458985e+02  -4.09558741e-03
   3.46459473e+02  -2.18615518e-03
   3.46459962e+02  -4.54758003e-04
   3.46460450e+02  -1.20901701e-03
   3.46460938e+02  -6.21128653e-04
   3.46461427e+02   1.56808703e-03
   3.46461915e+02   3.54592083e-03
   3.46462403e+02   4.10571229e-03
   3.46462891e+02   3.14895832e-03
   3.46463380e+02   2.64408556e-03
   3.46463868e+02   3.29237129e-03
   3.46464356e+02   2.52843322e-03
   3.46464845e+02   4.86963727e-05
   3.46465333e+02  -1.03361649e-03
   3.46465821e+02  -1.24039256e-03
   3.46466310e+02  -9.49681562e-04
   3.46466798e+02  -6.45920882e-05
   3.46467286e+02  -4.66361409e-04
   3.46467775e+02  -5.18429442e-04
   3.46468263e+02   3.66891385e-04
   3.46468751e+02  -9.42141865e-04
   3.46469240e+02  -1.23632734e-03
   3.46469728e+02  -6.65741536e-05
   3.46470216e+02   7.81833078e-05
   3.46470704e+02   9.03720793e-05
   3.46471193e+02  -1.51833869e-03
   3.46471681e+02  -1.84597797e-03
   3.46472169e+02   6.86851621e-04
   3.46472658e+02   2.59967777e-03
   3.46473146e+02   3.28425388e-03
   3.46473634e+02   2.70239543e-03
   3.46474123e+02   3.21933658e-05
   3.46474611e+02  -1.37050508e-03
   3.46475099e+02   5.85215399e-04
   3.46475588e+02   2.45502987e-03
   3.46476076e+02   2.08064378e-03
   3.46476564e+02   7.68061553e-04
   3.46477052e+02   1.05721445e-03
   3.46477541e+02   1.77015213e-03
   3.46478029e+02   5.90436794e-05
   3.46478517e+02  -2.61553447e-03
   3.46479006e+02  -4.23713541e-03
   3.46479494e+02  -2.54101702e-03
   3.46479982e+02   1.97058264e-03
   3.46480471e+02   2.91377143e-03
   3.46480959e+02   9.78677999e-04
   3.46481447e+02   9.88268526e-04
   3.46481936e+02   6.42829924e-04
   3.46482424e+02  -6.35370496e-04
   3.46482912e+02   1.89082566e-04
   3.46483400e+02   1.05500955e-03
   3.46483889e+02   4.38060262e-04
   3.46484377e+02  -6.32461451e-04
   3.46484865e+02  -1.15641230e-03
   3.46485354e+02  -4.85082099e-04
   3.46485842e+02   9.95681738e-04
   3.46486330e+02   2.38125981e-03
   3.46486819e+02   3.31541616e-03
   3.46487307e+02   2.53775716e-03
   3.46487795e+02   1.19053805e-03
   3.46488284e+02   6.05301990e-04
   3.46488772e+02  -6.47886627e-05
   3.46489260e+02   5.42598355e-05
   3.46489748e+02   2.04310199e-04
   3.46490237e+02   7.63085729e-04
   3.46490725e+02   1.85496162e-03
   3.46491213e+02   1.98582932e-03
   3.46491702e+02   3.02496389e-03
   3.46492190e+02   3.47393914e-03
   3.46492678e+02   2.70335749e-03
   3.46493167e+02   2.72085075e-03
   3.46493655e+02   1.65560562e-03
   3.46494143e+02   4.57149232e-04
   3.46494632e+02   3.90820787e-04
   3.46495120e+02  -1.38793944e-03
   3.46495608e+02  -1.93337013e-03
   3.46496096e+02   9.68729903e-04
   3.46496585e+02   1.58306060e-03
   3.46497073e+02  -5.56410698e-04
   3.46497561e+02  -8.03563453e-04
   3.46498050e+02  -1.46245747e-03
   3.46498538e+02  -1.42259942e-03
   3.46499026e+02   9.48248606e-04
   3.46499515e+02   2.01890268e-03
   3.46500003e+02   2.73442152e-03
   3.46500491e+02   2.58609094e-03
   3.46500980e+02   1.70821615e-03
   3.46501468e+02   2.33747996e-03
   3.46501956e+02   1.89342210e-03
   3.46502444e+02  -4.55378729e-04
   3.46502933e+02  -2.50574341e-03
   3.46503421e+02  -3.24922334e-03
   3.46503909e+02  -2.75612320e-03
   3.46504398e+02  -9.20588558e-04
   3.46504886e+02  -7.94028747e-05
   3.46505374e+02  -1.92698697e-03
   3.46505863e+02  -2.08326522e-03
   3.46506351e+02  -7.45124242e-04
   3.46506839e+02  -1.99917151e-04
   3.46507328e+02  -5.23015799e-04
   3.46507816e+02  -1.68341154e-03
   3.46508304e+02  -9.94339236e-04
   3.46508793e+02   4.32503177e-04
   3.46509281e+02   1.29332894e-03
   3.46509769e+02   2.26155296e-03
   3.46510257e+02   1.73620007e-03
   3.46510746e+02   2.08276790e-04
   3.46511234e+02   1.53085639e-04
   3.46511722e+02   6.53715222e-04
   3.46512211e+02  -1.19541961e-04
   3.46512699e+02  -2.74437305e-04
   3.46513187e+02   8.79248182e-06
   3.46513676e+02  -1.52311218e-03
   3.46514164e+02  -2.61006202e-03
   3.46514652e+02  -7.52139778e-04
   3.46515141e+02   1.14796939e-03
   3.46515629e+02   2.34638457e-03
   3.46516117e+02   3.52549483e-03
   3.46516605e+02   2.84827058e-03
   3.46517094e+02   1.60435773e-03
   3.46517582e+02   6.51070091e-04
   3.46518070e+02  -5.92370234e-05
   3.46518559e+02  -2.77813888e-05
   3.46519047e+02  -5.80136373e-04
   3.46519535e+02  -1.19256228e-03
   3.46520024e+02  -2.04489776e-03
   3.46520512e+02  -3.65672330e-03
   3.46521000e+02  -2.30646832e-03
   3.46521489e+02   6.15785480e-04
   3.46521977e+02   1.39909808e-03
   3.46522465e+02   2.01049540e-03
   3.46522953e+02   1.45033805e-03
   3.46523442e+02   9.08352551e-04
   3.46523930e+02   2.17502145e-03
   3.46524418e+02   2.54928251e-03
   3.46524907e+02   1.76580402e-03
   3.46525395e+02   1.56219595e-03
   3.46525883e+02   2.71650380e-03
   3.46526372e+02   3.22517240e-03
   3.46526860e+02   8.36673891e-04
   3.46527348e+02  -2.49168207e-03
   3.46527837e+02  -1.12362683e-03
   3.46528325e+02   3.13930563e-03
   3.46528813e+02   2.62378529e-03
   3.46529301e+02  -1.08015421e-03
   3.46529790e+02  -2.98730307e-03
   3.46530278e+02  -3.47174285e-03
   3.46530766e+02  -2.09097099e-03
   3.46531255e+02  -7.87142082e-04
   3.46531743e+02  -1.77876605e-03
   3.46532231e+02  -1.26199331e-03
   3.46532720e+02   1.83193840e-03
   3.46533208e+02   3.52017209e-03
   3.46533696e+02   3.57760885e-03
   3.46534185e+02   2.15346017e-03
   3.46534673e+02   3.74028285e-04
   3.46535161e+02   8.92666518e-04
   3.46535649e+02   1.81637774e-03
   3.46536138e+02   2.55057868e-03
   3.46536626e+02   4.17330069e-03
   3.46537114e+02   4.48100176e-03
   3.46537603e+02   2.10939860e-03
   3.46538091e+02   5.20581380e-04
   3.46538579e+02   1.38128130e-03
   3.46539068e+02   2.01142859e-03
   3.46539556e+02   2.22227396e-03
   3.46540044e+02   2.49640970e-03
   3.46540533e+02   8.18461936e-04
   3.46541021e+02  -2.77406210e-03
   3.46541509e+02  -4.52610571e-03
   3.46541997e+02  -2.85622361e-03
   3.46542486e+02  -6.08597649e-04
   3.46542974e+02   5.91560034e-04
   3.46543462e+02   7.49707629e-04
   3.46543951e+02   3.95099574e-04
   3.46544439e+02   1.19087379e-03
   3.46544927e+02   1.26454700e-03
   3.46545416e+02   1.23410753e-03
   3.46545904e+02   1.25201873e-03
   3.46546392e+02  -1.07982371e-03
   3.46546881e+02  -2.39227572e-03
   3.46547369e+02  -2.25124764e-03
   3.46547857e+02  -1.74304412e-04
   3.46548346e+02   3.24176182e-03
   3.46548834e+02   3.76879564e-03
   3.46549322e+02   2.87326239e-03
   3.46549810e+02   2.50202557e-03
   3.46550299e+02   6.31579722e-04
   3.46550787e+02  -2.27168039e-03
   3.46551275e+02  -2.53278622e-03
   3.46551764e+02  -2.95013003e-03
   3.46552252e+02  -3.12611042e-03
   3.46552740e+02  -1.24357082e-03
   3.46553229e+02  -9.23742191e-04
   3.46553717e+02  -1.51294644e-03
   3.46554205e+02  -6.54025294e-04
   3.46554694e+02   1.45749212e-03
   3.46555182e+02   4.21425514e-03
   3.46555670e+02   4.60406812e-03
   3.46556158e+02   1.81527343e-03
   3.46556647e+02   4.67250211e-04
   3.46557135e+02   1.43784005e-03
   3.46557623e+02   1.59029616e-03
   3.46558112e+02   2.28191167e-03
   3.46558600e+02   3.34301987e-03
   3.46559088e+02   3.29474988e-03
   3.46559577e+02   1.94928097e-03
   3.46560065e+02  -3.19441460e-04
   3.46560553e+02  -2.05697282e-03
   3.46561042e+02  -1.78108050e-03
   3.46561530e+02   3.71577073e-04
   3.46562018e+02   1.85217289e-03
   3.46562506e+02   1.78389554e-03
   3.46562995e+02   5.84069232e-04
   3.46563483e+02  -1.15396490e-03
   3.46563971e+02  -1.70787133e-03
   3.46564460e+02  -8.72545585e-04
   3.46564948e+02   9.70484631e-04
   3.46565436e+02   6.98933611e-04
   3.46565925e+02  -1.08647323e-03
   3.46566413e+02  -1.35736482e-03
   3.46566901e+02  -1.84991886e-03
   3.46567390e+02  -1.38256897e-03
   3.46567878e+02   9.20850900e-04
   3.46568366e+02   1.37908291e-03
   3.46568854e+02   8.37628730e-04
   3.46569343e+02   1.24321738e-03
   3.46569831e+02  -4.14333306e-04
   3.46570319e+02  -2.50802771e-03
   3.46570808e+02  -1.73457200e-03
   3.46571296e+02  -1.44340075e-03
   3.46571784e+02  -2.61889049e-03
   3.46572273e+02  -2.27704016e-03
   3.46572761e+02  -2.39012297e-03
   3.46573249e+02  -1.43793540e-03
   3.46573738e+02   6.93747192e-04
   3.46574226e+02   1.32863963e-04
   3.46574714e+02  -9.53729206e-04
   3.46575202e+02   4.01677826e-04
   3.46575691e+02   4.17889736e-04
   3.46576179e+02  -1.05534750e-03
   3.46576667e+02  -4.56838388e-05
   3.46577156e+02   7.99490255e-04
   3.46577644e+02  -7.58217182e-04
   3.46578132e+02  -1.62331376e-03
   3.46578621e+02  -6.95449417e-04
   3.46579109e+02   1.35329738e-03
   3.46579597e+02   2.47146818e-03
   3.46580086e+02   1.45985605e-03
   3.46580574e+02  -9.64535982e-04
   3.46581062e+02  -2.79379939e-03
   3.46581550e+02  -2.11098185e-03
   3.46582039e+02  -1.06822560e-03
   3.46582527e+02  -5.46098338e-04
   3.46583015e+02   1.54226029e-03
   3.46583504e+02   3.59737221e-03
   3.46583992e+02   4.14961437e-03
   3.46584480e+02   1.35539065e-03
   3.46584969e+02  -2.20509479e-03
   3.46585457e+02  -1.81493140e-03
   3.46585945e+02  -7.19177246e-04
   3.46586434e+02  -1.34483224e-03
   3.46586922e+02  -1.12710602e-03
   3.46587410e+02   6.69577159e-04
   3.46587899e+02   1.67702779e-03
   3.46588387e+02   1.10309001e-03
   3.46588875e+02   3.71544127e-04
   3.46589363e+02   8.31209982e-05
   3.46589852e+02   3.20855412e-04
   3.46590340e+02   2.29436322e-03
   3.46590828e+02   3.53377289e-03
   3.46591317e+02   3.00205313e-03
   3.46591805e+02   3.51457833e-03
   3.46592293e+02   3.92209971e-03
   3.46592782e+02   3.19002732e-03
   3.46593270e+02   3.29406792e-03
   3.46593758e+02   1.33539434e-03
   3.46594247e+02  -3.70857026e-03
   3.46594735e+02  -5.98033704e-03
   3.46595223e+02  -3.25459149e-03
   3.46595711e+02  -9.58411489e-04
   3.46596200e+02  -7.62660697e-04
   3.46596688e+02  -1.65637946e-04
   3.46597176e+02  -5.15538035e-04
   3.46597665e+02  -1.14953378e-03
   3.46598153e+02  -5.06406068e-04
   3.46598641e+02   1.40570934e-04
   3.46599130e+02  -2.42122787e-05
   3.46599618e+02  -1.70964267e-05
   3.46600106e+02   4.27267281e-04
   3.46600595e+02   8.87948554e-04
   3.46601083e+02   2.88070389e-03
   3.46601571e+02   4.39401716e-03
   3.46602059e+02   3.61259212e-03
   3.46602548e+02   1.36408943e-03
   3.46603036e+02   8.16062966e-04
   3.46603524e+02   3.31778801e-03
   3.46604013e+02   5.06852521e-03
   3.46604501e+02   4.54624137e-03
   3.46604989e+02   2.93609011e-03
   3.46605478e+02   4.38230432e-04
   3.46605966e+02   3.11882002e-04
   3.46606454e+02   2.93741398e-03
   3.46606943e+02   2.54744454e-03
   3.46607431e+02   6.83087972e-04
   3.46607919e+02   8.83307250e-04
   3.46608407e+02   4.36267292e-04
   3.46608896e+02   6.27246278e-04
   3.46609384e+02   2.80347676e-03
   3.46609872e+02   3.76668922e-03
   3.46610361e+02   3.94153828e-03
   3.46610849e+02   3.33578512e-03
   3.46611337e+02  -3.18323640e-04
   3.46611826e+02  -2.12866231e-03
   3.46612314e+02  -7.17752962e-04
   3.46612802e+02  -2.80882930e-04
   3.46613291e+02   7.05681799e-04
   3.46613779e+02   1.82279840e-03
   3.46614267e+02   1.39605231e-03
   3.46614755e+02   2.43929448e-04
   3.46615244e+02  -1.75122160e-03
   3.46615732e+02  -2.68873782e-03
   3.46616220e+02  -1.56575185e-03
   3.46616709e+02  -8.44192109e-04
   3.46617197e+02  -8.23733164e-04
   3.46617685e+02   5.47806441e-04
   3.46618174e+02   1.48439454e-03
   3.46618662e+02   4.40248434e-04
   3.46619150e+02   1.03195128e-03
   3.46619639e+02   2.82405666e-03
   3.46620127e+02   3.08721606e-03
   3.46620615e+02   2.63200235e-03
   3.46621103e+02   6.76112308e-04
   3.46621592e+02  -1.25616696e-03
   3.46622080e+02  -1.51948608e-03
   3.46622568e+02  -7.35187030e-04
   3.46623057e+02  -2.20331858e-04
   3.46623545e+02  -6.75610790e-04
   3.46624033e+02  -1.60946068e-03
   3.46624522e+02  -1.04578189e-03
   3.46625010e+02   6.02050684e-04
   3.46625498e+02  -3.66024469e-04
   3.46625987e+02  -1.22678454e-03
   3.46626475e+02   1.23599530e-04
   3.46626963e+02   1.66736194e-04
   3.46627452e+02  -1.45088532e-04
   3.46627940e+02   8.07455042e-04
   3.46628428e+02   1.58115383e-03
   3.46628916e+02   1.38203264e-03
   3.46629405e+02   2.26565768e-04
   3.46629893e+02   1.87063793e-04
   3.46630381e+02   1.78643840e-03
   3.46630870e+02   1.88701076e-03
   3.46631358e+02   6.30582741e-04
   3.46631846e+02  -9.78906988e-04
   3.46632335e+02  -2.41306098e-03
   3.46632823e+02  -2.65916041e-03
   3.46633311e+02  -1.92020449e-03
   3.46633800e+02  -1.08679407e-03
   3.46634288e+02  -2.79014552e-04
   3.46634776e+02   1.77747555e-04
   3.46635264e+02  -8.49278120e-04
   3.46635753e+02  -1.13741495e-03
   3.46636241e+02  -3.44071916e-04
   3.46636729e+02  -1.61831581e-03
   3.46637218e+02  -2.00017774e-03
   3.46637706e+02  -5.69149735e-04
   3.46638194e+02   1.19071738e-04
   3.46638683e+02   1.12228456e-03
   3.46639171e+02   2.59958091e-03
   3.46639659e+02   2.81090871e-03
   3.46640148e+02   2.99005653e-03
   3.46640636e+02   3.54441302e-03
   3.46641124e+02   3.20988032e-03
   3.46641612e+02   1.96833498e-04
   3.46642101e+02  -5.82400651e-04
   3.46642589e+02   8.57568637e-04
   3.46643077e+02  -1.10338937e-04
   3.46643566e+02  -1.64103589e-03
   3.46644054e+02  -1.03673874e-03
   3.46644542e+02  -1.37230882e-03
   3.46645031e+02  -1.29114836e-03
   3.46645519e+02  -5.09845617e-04
   3.46646007e+02   5.17736538e-04
   3.46646496e+02   9.81247518e-04
   3.46646984e+02   1.67122416e-04
   3.46647472e+02  -3.27762915e-04
   3.46647960e+02  -3.02518136e-04
   3.46648449e+02   4.62194548e-05
   3.46648937e+02   4.11076064e-04
   3.46649425e+02   3.33405071e-04
   3.46649914e+02   8.46956566e-04
   3.46650402e+02   1.63177692e-03
   3.46650890e+02   1.06025045e-03
   3.46651379e+02  -1.17145129e-03
   3.46651867e+02  -2.91712675e-03
   3.46652355e+02  -3.30331107e-03
   3.46652844e+02  -3.39194899e-03
   3.46653332e+02  -1.69955986e-03
   3.46653820e+02   1.17135583e-03
   3.46654308e+02   1.87666330e-04
   3.46654797e+02  -2.94262636e-03
   3.46655285e+02  -2.05452740e-03
   3.46655773e+02  -4.41904995e-04
   3.46656262e+02  -1.83038262e-03
   3.46656750e+02  -2.22393055e-03
   3.46657238e+02  -2.95364123e-04
   3.46657727e+02   2.13155858e-04
   3.46658215e+02  -4.77096590e-04
   3.46658703e+02  -5.78090549e-04
   3.46659192e+02  -2.21731258e-03
   3.46659680e+02  -3.49612464e-03
   3.46660168e+02  -2.52413447e-03
   3.46660656e+02  -1.03436713e-03
   3.46661145e+02  -1.07225589e-03
   3.46661633e+02  -3.21023120e-03
   3.46662121e+02  -3.11321346e-03
   3.46662610e+02  -7.52678839e-04
   3.46663098e+02  -4.10274282e-04
   3.46663586e+02  -1.14304002e-03
   3.46664075e+02  -1.48516742e-03
   3.46664563e+02  -1.11731654e-03
   3.46665051e+02  -6.81353209e-04
   3.46665540e+02  -2.39318889e-03
   3.46666028e+02  -3.67125776e-03
   3.46666516e+02  -2.13681185e-03
   3.46667005e+02   1.10954032e-04
   3.46667493e+02   1.06426713e-03
   3.46667981e+02  -2.57911302e-06
   3.46668469e+02  -9.68388980e-04
   3.46668958e+02  -7.13463349e-04
   3.46669446e+02   8.02779570e-04
   3.46669934e+02   2.19960813e-03
   3.46670423e+02   2.41692737e-03
   3.46670911e+02   8.46448704e-04
   3.46671399e+02  -2.46186275e-03
   3.46671888e+02  -4.03723447e-03
   3.46672376e+02  -2.37174402e-03
   3.46672864e+02   1.04570843e-03
   3.46673353e+02   2.34318827e-03
   3.46673841e+02   1.99889485e-03
   3.46674329e+02   1.62667013e-03
   3.46674817e+02  -6.12206990e-04
   3.46675306e+02  -3.77831794e-03
   3.46675794e+02  -3.82420910e-03
   3.46676282e+02  -5.42580208e-04
   3.46676771e+02   1.02484447e-03
   3.46677259e+02  -7.93285028e-04
   3.46677747e+02  -1.59392843e-03
   3.46678236e+02  -4.72477026e-04
   3.46678724e+02   1.87363208e-03
   3.46679212e+02   2.87687429e-03
   3.46679701e+02   8.77178274e-04
   3.46680189e+02  -2.18651723e-03
   3.46680677e+02  -3.38879507e-03
   3.46681165e+02  -1.96497887e-03
   3.46681654e+02  -5.61020279e-04
   3.46682142e+02   2.21709255e-03
   3.46682630e+02   2.73276004e-03
   3.46683119e+02   4.84275415e-06
   3.46683607e+02  -7.53740969e-05
   3.46684095e+02  -4.32633649e-04
   3.46684584e+02  -1.72278355e-03
   3.46685072e+02  -1.15112623e-03
   3.46685560e+02  -4.40261298e-04
   3.46686049e+02   7.33051915e-04
   3.46686537e+02   2.85432138e-03
   3.46687025e+02   3.70154530e-03
   3.46687513e+02   3.42620700e-03
   3.46688002e+02   2.31774710e-03
   3.46688490e+02   5.20991220e-04
   3.46688978e+02  -3.40127532e-04
   3.46689467e+02   3.86949076e-04
   3.46689955e+02   7.36218528e-04
   3.46690443e+02  -1.10237241e-04
   3.46690932e+02   1.35632741e-04
   3.46691420e+02   1.05438172e-03
   3.46691908e+02   1.84992841e-03
   3.46692397e+02   2.30716774e-03
   3.46692885e+02   7.56070192e-04
   3.46693373e+02  -3.72769719e-04
   3.46693861e+02   6.49905414e-04
   3.46694350e+02   3.08103720e-03
   3.46694838e+02   5.93537651e-03
   3.46695326e+02   6.14650175e-03
   3.46695815e+02   4.11936967e-03
   3.46696303e+02   2.58617918e-03
   3.46696791e+02   1.15085172e-03
   3.46697280e+02   9.90328030e-04
   3.46697768e+02   1.82778726e-03
   3.46698256e+02   1.30598573e-03
   3.46698745e+02   4.96134046e-04
   3.46699233e+02   7.77008827e-04
   3.46699721e+02   1.88388769e-03
   3.46700209e+02   1.09298155e-03
   3.46700698e+02  -4.40167583e-04
   3.46701186e+02  -2.14647292e-03
   3.46701674e+02  -1.99659681e-03
   3.46702163e+02   1.16524729e-03
   3.46702651e+02   2.77566235e-03
   3.46703139e+02   1.21717353e-03
   3.46703628e+02  -6.57984812e-04
   3.46704116e+02  -1.76007580e-03
   3.46704604e+02  -1.27873337e-03
   3.46705093e+02   4.70071594e-04
   3.46705581e+02   5.52754733e-04
   3.46706069e+02  -2.73092301e-04
   3.46706558e+02  -1.30503089e-04
   3.46707046e+02  -8.97864287e-04
   3.46707534e+02  -1.09467166e-03
   3.46708022e+02   3.78285040e-04
   3.46708511e+02   2.25484677e-04
   3.46708999e+02  -9.19306825e-04
   3.46709487e+02   6.01682987e-04
   3.46709976e+02   2.31797271e-03
   3.46710464e+02   2.58136354e-03
   3.46710952e+02   3.31101078e-03
   3.46711441e+02   2.60337791e-03
   3.46711929e+02   1.48945116e-03
   3.46712417e+02   1.53220352e-03
   3.46712906e+02  -1.64234996e-04
   3.46713394e+02  -3.72928707e-03
   3.46713882e+02  -4.43827873e-03
   3.46714370e+02  -1.37190928e-03
   3.46714859e+02   7.84104981e-04
   3.46715347e+02   5.53274702e-04
   3.46715835e+02   1.08486740e-03
   3.46716324e+02   2.77227117e-03
   3.46716812e+02   3.37523082e-03
   3.46717300e+02   3.76896816e-03
   3.46717789e+02   3.49393045e-03
   3.46718277e+02   2.50388053e-03
   3.46718765e+02   2.28095893e-03
   3.46719254e+02   2.62073101e-03
   3.46719742e+02   1.83225668e-03
   3.46720230e+02   4.84377269e-05
   3.46720718e+02  -7.41599768e-04
   3.46721207e+02   7.53790373e-04
   3.46721695e+02   2.71161133e-03
   3.46722183e+02   2.25329283e-03
   3.46722672e+02   1.26132494e-04
   3.46723160e+02  -7.75416906e-04
   3.46723648e+02  -6.34855474e-04
   3.46724137e+02  -2.25910757e-04
   3.46724625e+02  -3.56839795e-04
   3.46725113e+02  -1.36823475e-03
   3.46725602e+02  -9.68341774e-04
   3.46726090e+02  -9.08573100e-04
   3.46726578e+02  -1.66372966e-03
   3.46727066e+02  -2.43726390e-04
   3.46727555e+02   1.06786168e-03
   3.46728043e+02   1.61314954e-03
   3.46728531e+02   1.69131893e-03
   3.46729020e+02   1.29870325e-03
   3.46729508e+02   1.77776720e-03
   3.46729996e+02   3.09147919e-03
   3.46730485e+02   2.65135244e-03
   3.46730973e+02  -1.45080470e-04
   3.46731461e+02  -2.90219299e-03
   3.46731950e+02  -3.53560946e-03
   3.46732438e+02  -1.81398180e-03
   3.46732926e+02   9.29900503e-04
   3.46733414e+02   2.27362919e-03
   3.46733903e+02   1.24881940e-03
   3.46734391e+02  -8.18353205e-04
   3.46734879e+02  -1.38478365e-03
   3.46735368e+02  -5.35034575e-04
   3.46735856e+02  -1.37678476e-03
   3.46736344e+02  -2.63232458e-03
   3.46736833e+02  -2.31249677e-03
   3.46737321e+02  -1.15483836e-03
   3.46737809e+02  -4.63753793e-04
   3.46738298e+02  -9.78177646e-04
   3.46738786e+02  -1.65754347e-03
   3.46739274e+02  -3.27055529e-03
   3.46739762e+02  -3.80549999e-03
   3.46740251e+02  -1.36800401e-03
   3.46740739e+02   9.47180451e-05
   3.46741227e+02   4.23556223e-04
   3.46741716e+02   2.70335237e-03
   3.46742204e+02   4.19830857e-03
   3.46742692e+02   2.36393884e-03
   3.46743181e+02   1.19461422e-03
   3.46743669e+02   2.18995451e-03
   3.46744157e+02   2.90745753e-03
   3.46744646e+02   2.13470822e-03
   3.46745134e+02  -5.25809650e-04
   3.46745622e+02  -1.82551600e-03
   3.46746111e+02  -1.28200243e-03
   3.46746599e+02  -1.30898645e-03
   3.46747087e+02  -1.68251758e-03
   3.46747575e+02   3.32847994e-04
   3.46748064e+02   2.49318150e-03
   3.46748552e+02   1.20254164e-03
   3.46749040e+02  -6.87697844e-04
   3.46749529e+02  -4.36751143e-04
   3.46750017e+02   7.49584404e-04
   3.46750505e+02   4.60773648e-04
   3.46750994e+02  -1.27150677e-03
   3.46751482e+02  -2.50680349e-03
   3.46751970e+02  -1.02015131e-03
   3.46752459e+02   4.55294561e-04
   3.46752947e+02  -2.91153934e-04
   3.46753435e+02  -9.20520415e-06
   3.46753923e+02   2.28347164e-03
   3.46754412e+02   2.46213609e-03
   3.46754900e+02  -3.97723430e-04
   3.46755388e+02  -2.17238138e-03
   3.46755877e+02  -2.16527726e-03
   3.46756365e+02  -1.59575429e-03
   3.46756853e+02  -7.03945625e-05
   3.46757342e+02   8.87163624e-05
   3.46757830e+02  -1.19122933e-03
   3.46758318e+02  -6.05859153e-04
   3.46758807e+02   5.82643028e-04
   3.46759295e+02  -8.06592579e-04
   3.46759783e+02  -2.27986276e-03
   3.46760271e+02  -8.25921248e-04
   3.46760760e+02   6.69166271e-04
   3.46761248e+02   3.03151173e-04
   3.46761736e+02   6.73988718e-04
   3.46762225e+02   1.61215686e-03
   3.46762713e+02   8.63332418e-04
   3.46763201e+02   4.67220052e-05
   3.46763690e+02  -7.27394945e-05
   3.46764178e+02  -2.69264507e-04
   3.46764666e+02  -9.91903013e-04
   3.46765155e+02  -1.65547640e-03
   3.46765643e+02  -1.29431835e-03
   3.46766131e+02  -8.50108510e-04
   3.46766619e+02  -8.29940662e-04
   3.46767108e+02  -1.17540290e-03
   3.46767596e+02  -2.03130930e-03
   3.46768084e+02  -1.65844650e-03
   3.46768573e+02  -7.98714755e-04
   3.46769061e+02  -1.05466100e-03
   3.46769549e+02  -1.25337660e-03
   3.46770038e+02  -2.43992981e-04
   3.46770526e+02  -1.31533467e-04
   3.46771014e+02  -1.16207078e-03
   3.46771503e+02  -1.71237648e-03
   3.46771991e+02  -1.90066721e-03
   3.46772479e+02  -1.58936868e-03
   3.46772967e+02   3.28373244e-05
   3.46773456e+02   8.63796857e-04
   3.46773944e+02  -1.81144604e-03
   3.46774432e+02  -4.66063153e-03
   3.46774921e+02  -4.80361283e-03
   3.46775409e+02  -4.46165726e-03
   3.46775897e+02  -3.11190798e-03
   3.46776386e+02  -1.49524817e-03
   3.46776874e+02  -7.08113133e-04
   3.46777362e+02   1.43804401e-03
   3.46777851e+02   3.21816630e-03
   3.46778339e+02   1.95567892e-03
   3.46778827e+02  -7.42832635e-05
   3.46779315e+02  -5.65224444e-04
   3.46779804e+02  -5.63861569e-04
   3.46780292e+02  -5.33748127e-04
   3.46780780e+02  -3.77293065e-04
   3.46781269e+02  -1.20907091e-03
   3.46781757e+02  -1.52283814e-03
   3.46782245e+02   6.37842284e-04
   3.46782734e+02   3.26962234e-03
   3.46783222e+02   3.29196197e-03
   3.46783710e+02   2.66534695e-03
   3.46784199e+02   2.97979335e-03
   3.46784687e+02   1.05905579e-03
   3.46785175e+02  -1.94066402e-03
   3.46785664e+02  -3.47316987e-03
   3.46786152e+02  -2.93549104e-03
   3.46786640e+02  -1.42617139e-03
   3.46787128e+02  -5.71808196e-04
   3.46787617e+02   3.84671323e-04
   3.46788105e+02   4.22196259e-04
   3.46788593e+02  -2.27131546e-04
   3.46789082e+02   4.47755621e-04
   3.46789570e+02   2.73591559e-03
   3.46790058e+02   3.44936736e-03
   3.46790547e+02   6.97979121e-04
   3.46791035e+02  -1.39857223e-03
   3.46791523e+02  -5.81262924e-04
   3.46792012e+02   7.48157967e-04
   3.46792500e+02  -2.63152233e-05
   3.46792988e+02  -1.41181529e-03
   3.46793476e+02  -3.88682645e-04
   3.46793965e+02   1.46550359e-03
   3.46794453e+02  -4.02221456e-04
   3.46794941e+02  -3.50084272e-03
   3.46795430e+02  -4.01086593e-03
   3.46795918e+02  -3.59902089e-03
   3.46796406e+02  -3.56311491e-03
   3.46796895e+02  -2.73927278e-03
   3.46797383e+02   1.89401428e-04
   3.46797871e+02   2.82767345e-03
   3.46798360e+02   2.82168901e-03
   3.46798848e+02   1.50392903e-03
   3.46799336e+02   1.01848331e-03
   3.46799824e+02   1.83371687e-03
   3.46800313e+02   1.76670286e-03
   3.46800801e+02   9.21392639e-04
   3.46801289e+02   1.19538000e-03
   3.46801778e+02   1.87326211e-03
   3.46802266e+02   1.82857784e-03
   3.46802754e+02   3.02186818e-04
   3.46803243e+02  -8.24544055e-04
   3.46803731e+02  -6.16076577e-04
   3.46804219e+02  -9.61394282e-04
   3.46804708e+02  -1.04537851e-03
   3.46805196e+02   4.76041023e-04
   3.46805684e+02   1.63155247e-03
   3.46806172e+02   6.39192003e-04
   3.46806661e+02  -1.07767177e-03
   3.46807149e+02  -2.01305235e-03
   3.46807637e+02  -2.67077773e-03
   3.46808126e+02  -2.35008635e-03
   3.46808614e+02  -4.17182659e-04
   3.46809102e+02   1.09953992e-03
   3.46809591e+02   4.91311715e-04
   3.46810079e+02   1.00767938e-03
   3.46810567e+02   1.50596118e-03
   3.46811056e+02  -5.28205419e-04
   3.46811544e+02  -2.42785248e-03
   3.46812032e+02  -2.10052077e-03
   3.46812520e+02  -1.19672844e-03
   3.46813009e+02  -1.62624975e-03
   3.46813497e+02  -2.31335266e-03
   3.46813985e+02  -1.26327318e-03
   3.46814474e+02   1.23970862e-03
   3.46814962e+02   2.93060788e-03
   3.46815450e+02   1.40430697e-03
   3.46815939e+02  -3.20908031e-04
   3.46816427e+02   2.19065510e-03
   3.46816915e+02   4.55473596e-03
   3.46817404e+02   1.46989920e-03
   3.46817892e+02   6.17996615e-04
   3.46818380e+02   1.59610133e-03
   3.46818868e+02   2.09624949e-03
   3.46819357e+02   1.82386185e-03
   3.46819845e+02   1.50800846e-03
   3.46820333e+02   1.13809889e-03
   3.46820822e+02   1.19722774e-03
   3.46821310e+02   1.55468134e-03
   3.46821798e+02   1.91444159e-03
   3.46822287e+02   1.92917360e-03
   3.46822775e+02   1.40464399e-03
   3.46823263e+02   6.45118649e-04
   3.46823752e+02   2.10321887e-05
   3.46824240e+02  -3.27601447e-04
   3.46824728e+02  -8.32667400e-04
   3.46825217e+02  -1.45261921e-03
   3.46825705e+02  -1.09202147e-03
   3.46826193e+02   7.71334046e-04
   3.46826681e+02   2.64337985e-03
   3.46827170e+02   8.82623950e-04
   3.46827658e+02  -2.07823259e-03
   3.46828146e+02  -1.23890711e-03
   3.46828635e+02  -3.37880483e-04
   3.46829123e+02  -1.43969560e-03
   3.46829611e+02  -2.22090865e-03
   3.46830100e+02  -2.50292663e-03
   3.46830588e+02  -1.80845696e-03
   3.46831076e+02   1.10343557e-04
   3.46831565e+02   1.25268381e-03
   3.46832053e+02  -2.23060968e-04
   3.46832541e+02  -3.16077145e-03
   3.46833029e+02  -5.07765217e-03
   3.46833518e+02  -4.53780359e-03
   3.46834006e+02  -1.93673046e-03
   3.46834494e+02  -6.23600266e-04
   3.46834983e+02  -2.16113147e-03
   3.46835471e+02  -2.20158068e-03
   3.46835959e+02  -9.85036255e-04
   3.46836448e+02  -1.54108187e-04
   3.46836936e+02   1.13872881e-03
   3.46837424e+02   4.64237499e-04
   3.46837913e+02  -1.40718091e-03
   3.46838401e+02  -2.32286329e-04
   3.46838889e+02   7.22166384e-04
   3.46839377e+02  -4.88539226e-04
   3.46839866e+02  -1.76128244e-03
   3.46840354e+02  -3.76973557e-03
   3.46840842e+02  -4.67350055e-03
   3.46841331e+02  -2.98647000e-03
   3.46841819e+02  -1.06335431e-03
   3.46842307e+02   2.73607264e-04
   3.46842796e+02  -2.45896459e-04
   3.46843284e+02  -2.16827099e-03
   3.46843772e+02  -1.85542763e-03
   3.46844261e+02  -3.37707112e-04
   3.46844749e+02  -4.85542900e-04
   3.46845237e+02  -1.24336628e-03
   3.46845725e+02  -2.04389379e-03
   3.46846214e+02  -3.67825222e-03
   3.46846702e+02  -4.51643206e-03
   3.46847190e+02  -1.63424353e-03
   3.46847679e+02   2.35707616e-03
   3.46848167e+02   1.75444607e-03
   3.46848655e+02  -1.49510428e-03
   3.46849144e+02  -1.60126132e-03
   3.46849632e+02  -1.46554361e-04
   3.46850120e+02   7.00270612e-05
   3.46850609e+02  -2.44117939e-04
   3.46851097e+02  -6.45728142e-04
   3.46851585e+02  -1.17200951e-03
   3.46852073e+02  -1.66416960e-03
   3.46852562e+02  -1.85091369e-04
   3.46853050e+02   1.53299246e-03
   3.46853538e+02   3.45626817e-04
   3.46854027e+02  -3.13469245e-05
   3.46854515e+02   8.45080242e-04
   3.46855003e+02   1.34976697e-03
   3.46855492e+02   2.06741574e-03
   3.46855980e+02   2.15929491e-03
   3.46856468e+02   1.90759706e-03
   3.46856957e+02   2.05438910e-03
   3.46857445e+02   2.08672532e-03
   3.46857933e+02   8.72686855e-04
   3.46858421e+02   3.14019213e-04
   3.46858910e+02  -2.99446285e-04
   3.46859398e+02  -2.16645608e-03
   3.46859886e+02  -2.53110169e-03
   3.46860375e+02  -1.51027390e-03
   3.46860863e+02   2.33924060e-04
   3.46861351e+02   1.40156690e-03
   3.46861840e+02   6.35551289e-04
   3.46862328e+02  -1.26595004e-03
   3.46862816e+02  -2.60472600e-03
   3.46863305e+02  -3.04299407e-03
   3.46863793e+02  -2.01931247e-03
   3.46864281e+02  -2.83903384e-04
   3.46864770e+02   6.36708457e-04
   3.46865258e+02   1.36928621e-03
   3.46865746e+02   2.51709460e-03
   3.46866234e+02   3.06622102e-03
   3.46866723e+02   5.79112675e-04
   3.46867211e+02  -2.70593842e-03
   3.46867699e+02  -2.85501499e-03
   3.46868188e+02  -1.91406859e-03
   3.46868676e+02  -9.11172421e-04
   3.46869164e+02   7.41843891e-04
   3.46869653e+02   1.95462839e-03
   3.46870141e+02   2.03898945e-03
   3.46870629e+02   8.38000502e-04
   3.46871118e+02  -2.74820486e-04
   3.46871606e+02   5.25326832e-05
   3.46872094e+02  -5.89507954e-06
   3.46872582e+02  -1.22877420e-03
   3.46873071e+02  -2.13519757e-04
   3.46873559e+02   2.41853786e-03
   3.46874047e+02   2.94036046e-03
   3.46874536e+02   1.67632126e-03
   3.46875024e+02   9.83709120e-04
   3.46875512e+02   1.63278275e-03
   3.46876001e+02   2.41418160e-03
   3.46876489e+02   2.72133675e-05
   3.46876977e+02  -3.25877336e-03
   3.46877466e+02  -4.32561617e-03
   3.46877954e+02  -2.00612191e-03
   3.46878442e+02   2.48197024e-03
   3.46878930e+02   6.14262931e-03
   3.46879419e+02   5.55164414e-03
   3.46879907e+02   1.27453194e-03
   3.46880395e+02  -1.46377913e-03
   3.46880884e+02   2.99085601e-04
   3.46881372e+02   2.59255245e-03
   3.46881860e+02   2.32171384e-03
   3.46882349e+02   1.30161876e-03
   3.46882837e+02   1.26742152e-03
   3.46883325e+02   7.88902456e-04
   3.46883814e+02   3.29735660e-04
   3.46884302e+02   6.54185365e-04
   3.46884790e+02   3.24697030e-04
   3.46885278e+02   2.16869557e-05
   3.46885767e+02   2.86659895e-04
   3.46886255e+02  -1.16982628e-04
   3.46886743e+02  -1.25581410e-03
   3.46887232e+02  -1.25114166e-03
   3.46887720e+02  -6.89703884e-05
   3.46888208e+02  -4.07719519e-04
   3.46888697e+02  -1.61024218e-03
   3.46889185e+02  -1.01126626e-03
   3.46889673e+02  -6.36562938e-04
   3.46890162e+02  -1.37296156e-03
   3.46890650e+02  -1.22433691e-03
   3.46891138e+02  -6.98847871e-04
   3.46891626e+02  -6.42109488e-04
   3.46892115e+02   1.97273286e-04
   3.46892603e+02   2.23306334e-03
   3.46893091e+02   2.26159021e-03
   3.46893580e+02   1.20021205e-03
   3.46894068e+02   5.15430758e-04
   3.46894556e+02   6.38800266e-05
   3.46895045e+02   1.12125813e-03
   3.46895533e+02   1.25745335e-03
   3.46896021e+02  -2.20960850e-04
   3.46896510e+02  -9.84641956e-04
   3.46896998e+02  -1.00770674e-03
   3.46897486e+02  -1.66265061e-03
   3.46897974e+02  -1.56120351e-03
   3.46898463e+02  -6.52990711e-04
   3.46898951e+02   8.76563499e-05
   3.46899439e+02   8.61228735e-04
   3.46899928e+02   1.19988876e-03
   3.46900416e+02   1.52140728e-03
   3.46900904e+02   1.05113827e-03
   3.46901393e+02   1.52245833e-04
   3.46901881e+02  -3.34356388e-04
   3.46902369e+02  -1.62589096e-03
   3.46902858e+02  -1.96398050e-03
   3.46903346e+02  -9.91718960e-04
   3.46903834e+02  -1.63796009e-03
   3.46904323e+02  -2.38258997e-03
   3.46904811e+02  -7.86065357e-04
   3.46905299e+02   1.16540072e-03
   3.46905787e+02   4.97374160e-04
   3.46906276e+02   4.69907507e-04
   3.46906764e+02   1.43837498e-03
   3.46907252e+02  -3.12799966e-04
   3.46907741e+02  -2.57363031e-03
   3.46908229e+02  -3.11188726e-03
   3.46908717e+02  -3.34134558e-03
   3.46909206e+02  -2.75834813e-03
   3.46909694e+02  -7.50950596e-04
   3.46910182e+02   7.64475437e-04
   3.46910671e+02   3.79058358e-04
   3.46911159e+02  -1.02522771e-03
   3.46911647e+02  -2.40384997e-03
   3.46912135e+02  -2.59051519e-03
   3.46912624e+02  -3.63886211e-04
   3.46913112e+02   1.44292356e-03
   3.46913600e+02   1.34567695e-03
   3.46914089e+02   8.02607101e-04
   3.46914577e+02   9.99727868e-04
   3.46915065e+02   1.69631280e-03
   3.46915554e+02   1.42713054e-03
   3.46916042e+02   9.45805165e-04
   3.46916530e+02   1.79866236e-03
   3.46917019e+02   2.12503434e-03
   3.46917507e+02   1.55150518e-03
   3.46917995e+02   2.62667914e-03
   3.46918483e+02   3.16623226e-03
   3.46918972e+02   2.72393716e-03
   3.46919460e+02   2.81473179e-03
   3.46919948e+02   1.86334341e-03
   3.46920437e+02   7.32848712e-04
   3.46920925e+02   2.75107577e-05
   3.46921413e+02  -9.78139928e-04
   3.46921902e+02  -2.24039941e-05
   3.46922390e+02   1.26356643e-03
   3.46922878e+02   3.40041908e-04
   3.46923367e+02  -6.79257791e-04
   3.46923855e+02   8.76138918e-04
   3.46924343e+02   1.52876601e-03
   3.46924831e+02  -3.08289804e-04
   3.46925320e+02  -9.46377928e-04
   3.46925808e+02   2.56244002e-05
   3.46926296e+02   1.45586440e-03
   3.46926785e+02   3.37409112e-03
   3.46927273e+02   3.88797163e-03
   3.46927761e+02   2.17234762e-03
   3.46928250e+02   1.94903434e-04
   3.46928738e+02  -5.72758610e-04
   3.46929226e+02  -5.89569754e-05
   3.46929715e+02   2.75886792e-04
   3.46930203e+02  -7.95196625e-04
   3.46930691e+02  -2.43430119e-03
   3.46931179e+02  -1.73059781e-03
   3.46931668e+02  -8.32434860e-04
   3.46932156e+02  -1.54841039e-03
   3.46932644e+02  -2.27442477e-03
   3.46933133e+02  -3.64001445e-03
   3.46933621e+02  -3.35530774e-03
   3.46934109e+02  -2.97874445e-03
   3.46934598e+02  -2.20911414e-03
   3.46935086e+02  -2.23159572e-04
   3.46935574e+02   7.96298700e-05
   3.46936063e+02  -1.13094668e-03
   3.46936551e+02  -2.15530465e-03
   3.46937039e+02  -1.93136150e-03
   3.46937527e+02  -8.04112526e-04
   3.46938016e+02  -8.44767201e-05
   3.46938504e+02   1.43774215e-03
   3.46938992e+02   2.61745253e-03
   3.46939481e+02   1.09649438e-03
   3.46939969e+02  -1.23195630e-03
   3.46940457e+02  -2.06077402e-03
   3.46940946e+02  -5.58244355e-04
   3.46941434e+02   9.45408363e-04
   3.46941922e+02   3.83950683e-04
   3.46942411e+02  -1.11191371e-03
   3.46942899e+02  -1.49164628e-03
   3.46943387e+02  -2.18094676e-04
   3.46943876e+02   8.24844756e-04
   3.46944364e+02   5.33626764e-04
   3.46944852e+02   6.24746201e-04
   3.46945340e+02   2.37195709e-04
   3.46945829e+02  -1.00841804e-03
   3.46946317e+02  -1.27270643e-03
   3.46946805e+02  -8.61765468e-04
   3.46947294e+02  -1.38510857e-03
   3.46947782e+02  -1.21661241e-03
   3.46948270e+02  -3.48535774e-04
   3.46948759e+02  -3.19286861e-04
   3.46949247e+02   1.27943305e-04
   3.46949735e+02   2.02765176e-03
   3.46950224e+02   3.28641618e-03
   3.46950712e+02   2.49609048e-03
   3.46951200e+02   3.67542118e-04
   3.46951688e+02  -2.49877223e-03
   3.46952177e+02  -2.37739109e-03
   3.46952665e+02   7.83818468e-05
   3.46953153e+02   9.86100524e-04
   3.46953642e+02   2.53833015e-04
   3.46954130e+02  -1.42440753e-04
   3.46954618e+02   5.37386048e-04
   3.46955107e+02   8.18968285e-04
   3.46955595e+02  -1.25355640e-04
   3.46956083e+02  -1.91600015e-03
   3.46956572e+02  -4.09204327e-03
   3.46957060e+02  -4.10502125e-03
   3.46957548e+02  -1.06529135e-03
   3.46958036e+02   1.90135243e-03
   3.46958525e+02   2.00082269e-03
   3.46959013e+02   1.26424211e-03
   3.46959501e+02   9.36134820e-05
   3.46959990e+02  -1.34217076e-03
   3.46960478e+02  -8.14720173e-04
   3.46960966e+02   6.61783153e-04
   3.46961455e+02  -2.20295144e-04
   3.46961943e+02  -3.07791238e-03
   3.46962431e+02  -3.28142266e-03
   3.46962920e+02  -6.13955490e-04
   3.46963408e+02   1.62633276e-03
   3.46963896e+02   2.19061575e-03
   3.46964384e+02   1.55704678e-03
   3.46964873e+02   4.11495275e-04
   3.46965361e+02  -1.43599359e-03
   3.46965849e+02  -1.62084156e-03
   3.46966338e+02   1.16750854e-03
   3.46966826e+02   2.50141346e-03
   3.46967314e+02   1.41837844e-03
   3.46967803e+02   6.10414485e-04
   3.46968291e+02   5.87223796e-04
   3.46968779e+02  -2.05322154e-04
   3.46969268e+02  -8.06955388e-04
   3.46969756e+02   1.46604725e-03
   3.46970244e+02   2.68038898e-03
   3.46970732e+02   3.38539045e-04
   3.46971221e+02  -1.04909285e-03
   3.46971709e+02   7.04750419e-05
   3.46972197e+02   2.72969436e-03
   3.46972686e+02   2.47025490e-03
   3.46973174e+02  -6.32445619e-04
   3.46973662e+02  -1.19235046e-04
   3.46974151e+02   2.24593515e-03
   3.46974639e+02   1.12022110e-03
   3.46975127e+02  -1.78188330e-03
   3.46975616e+02  -3.31381382e-03
   3.46976104e+02  -2.54121609e-03
   3.46976592e+02  -2.05877135e-04
   3.46977080e+02   5.82239998e-04
   3.46977569e+02  -6.52851828e-04
   3.46978057e+02  -3.98188626e-04
   3.46978545e+02   2.63198250e-04
   3.46979034e+02  -5.80830732e-04
   3.46979522e+02   8.51861550e-04
   3.46980010e+02   2.58594146e-03
   3.46980499e+02   1.64518773e-03
   3.46980987e+02   7.44713761e-04
   3.46981475e+02  -3.12221528e-04
   3.46981964e+02  -1.47435861e-03
   3.46982452e+02  -1.76172843e-03
   3.46982940e+02  -6.87593769e-04
   3.46983428e+02   1.07890705e-03
   3.46983917e+02   1.40280090e-03
   3.46984405e+02   1.30127871e-03
   3.46984893e+02   6.59180980e-04
   3.46985382e+02  -2.59745313e-04
   3.46985870e+02  -3.60653612e-05
   3.46986358e+02   9.77755873e-04
   3.46986847e+02   1.78630219e-03
   3.46987335e+02   2.72328570e-03
   3.46987823e+02   3.81409330e-03
   3.46988312e+02   2.65706959e-03
   3.46988800e+02   9.89939319e-04
   3.46989288e+02   8.93734163e-04
   3.46989777e+02   4.59119445e-04
   3.46990265e+02   1.19853088e-04
   3.46990753e+02   2.13052641e-04
   3.46991241e+02   5.36340638e-04
   3.46991730e+02   1.24007266e-03
   3.46992218e+02   1.92754646e-03
   3.46992706e+02   2.21802038e-03
   3.46993195e+02   1.80825847e-03
   3.46993683e+02   2.11723876e-04
   3.46994171e+02  -5.74737962e-04
   3.46994660e+02   1.54706847e-03
   3.46995148e+02   3.80600058e-03
   3.46995636e+02   2.82142521e-03
   3.46996125e+02   2.41388800e-04
   3.46996613e+02  -5.14741347e-04
   3.46997101e+02   5.44796349e-04
   3.46997589e+02   1.49102078e-03
   3.46998078e+02   2.71667656e-03
   3.46998566e+02   3.57062276e-03
   3.46999054e+02   2.60378351e-03
   3.46999543e+02   7.77124951e-04
   3.47000031e+02  -1.46579288e-03
   3.47000519e+02  -2.53827707e-03
   3.47001008e+02  -5.61494497e-04
   3.47001496e+02   2.05788901e-03
   3.47001984e+02   1.10088056e-03
   3.47002473e+02  -1.57493656e-03
   3.47002961e+02  -1.08375330e-03
   3.47003449e+02   5.93025412e-04
   3.47003937e+02  -4.38364019e-04
   3.47004426e+02  -2.80481810e-03
   3.47004914e+02  -3.67179443e-03
   3.47005402e+02  -2.85251369e-03
   3.47005891e+02  -1.20066304e-03
   3.47006379e+02   6.77939446e-04
   3.47006867e+02   2.62139103e-04
   3.47007356e+02  -9.39281425e-04
   3.47007844e+02  -1.17384392e-04
   3.47008332e+02  -1.68579587e-04
   3.47008821e+02  -1.67402695e-03
   3.47009309e+02  -1.35363988e-03
   3.47009797e+02   4.10612556e-04
   3.47010285e+02   1.35214103e-03
   3.47010774e+02   1.26097072e-03
   3.47011262e+02  -4.32290617e-05
   3.47011750e+02  -2.32063257e-03
   3.47012239e+02  -3.36474646e-03
   3.47012727e+02  -1.73181144e-03
   3.47013215e+02  -2.30757258e-04
   3.47013704e+02   7.99269706e-04
   3.47014192e+02   9.37612669e-04
   3.47014680e+02   2.06026816e-04
   3.47015169e+02  -1.45198928e-05
   3.47015657e+02  -1.68522389e-03
   3.47016145e+02  -1.71591307e-03
   3.47016633e+02   2.06669350e-03
   3.47017122e+02   2.12488091e-03
   3.47017610e+02  -1.18409249e-03
   3.47018098e+02   5.85285343e-05
   3.47018587e+02   3.52566247e-03
   3.47019075e+02   3.32376151e-03
   3.47019563e+02   9.73989198e-04
   3.47020052e+02  -3.10557603e-04
   3.47020540e+02  -3.60165432e-04
   3.47021028e+02   8.54141370e-04
   3.47021517e+02   2.42629438e-03
   3.47022005e+02   1.64073647e-03
   3.47022493e+02  -1.84207212e-03
   3.47022981e+02  -3.48610035e-03
   3.47023470e+02  -1.86159427e-03
   3.47023958e+02   4.04069666e-04
   3.47024446e+02   2.33196560e-03
   3.47024935e+02   2.61697290e-03
   3.47025423e+02   1.52223313e-03
   3.47025911e+02  -5.30921330e-04
   3.47026400e+02  -2.60485639e-03
   3.47026888e+02  -3.05972109e-03
   3.47027376e+02  -2.11026636e-03
   3.47027865e+02  -7.41740339e-04
   3.47028353e+02   4.12856316e-04
   3.47028841e+02   2.99121282e-04
   3.47029330e+02  -8.13940307e-04
   3.47029818e+02  -8.23834387e-04
   3.47030306e+02   5.39293047e-04
   3.47030794e+02   2.26657325e-03
   3.47031283e+02   3.31519055e-03
   3.47031771e+02   2.44558859e-03
   3.47032259e+02   9.22798819e-04
   3.47032748e+02   3.77141376e-04
   3.47033236e+02   4.08307678e-04
   3.47033724e+02   7.34232381e-05
   3.47034213e+02  -9.92429559e-04
   3.47034701e+02  -2.31896061e-03
   3.47035189e+02  -3.06302845e-03
   3.47035678e+02  -1.77482725e-03
   3.47036166e+02  -1.21896889e-03
   3.47036654e+02  -1.78795750e-03
   3.47037142e+02  -2.39091023e-04
   3.47037631e+02   5.69216150e-04
   3.47038119e+02  -7.93528627e-04
   3.47038607e+02   5.43173461e-04
   3.47039096e+02   2.14031758e-03
   3.47039584e+02   1.56557106e-03
   3.47040072e+02   3.38907889e-03
   3.47040561e+02   4.68997285e-03
   3.47041049e+02   1.19493913e-03
   3.47041537e+02  -2.12712167e-03
   3.47042026e+02  -1.66697695e-03
   3.47042514e+02   1.23547064e-03
   3.47043002e+02   3.67005751e-03
   3.47043490e+02   4.84711071e-03
   3.47043979e+02   4.26761573e-03
   3.47044467e+02   1.50683313e-03
   3.47044955e+02  -5.01810864e-04
   3.47045444e+02  -3.97204014e-04
   3.47045932e+02   4.28905623e-04
   3.47046420e+02   2.07881769e-03
   3.47046909e+02   3.45857511e-03
   3.47047397e+02   4.80759516e-03
   3.47047885e+02   5.41122770e-03
   3.47048374e+02   5.60578937e-03
   3.47048862e+02   4.82061552e-03
   3.47049350e+02   8.44161666e-04
   3.47049838e+02   2.24175645e-04
   3.47050327e+02   2.75696116e-03
   3.47050815e+02   2.92893942e-03
   3.47051303e+02   3.66317201e-03
   3.47051792e+02   3.33130965e-03
   3.47052280e+02   3.00866086e-03
   3.47052768e+02   2.25047022e-03
   3.47053257e+02   8.45614297e-04
   3.47053745e+02   7.04787846e-04
   3.47054233e+02   1.95517833e-03
   3.47054722e+02   3.00420891e-03
   3.47055210e+02   2.83092167e-03
   3.47055698e+02   3.27161653e-03
   3.47056186e+02   3.90113867e-03
   3.47056675e+02   3.69521556e-03
   3.47057163e+02   4.07434301e-03
   3.47057651e+02   3.09596141e-03
   3.47058140e+02   2.83907447e-03
   3.47058628e+02   2.30850256e-03
   3.47059116e+02  -2.07761256e-03
   3.47059605e+02  -3.76396114e-03
   3.47060093e+02  -5.91147400e-04
   3.47060581e+02   1.58502616e-03
   3.47061070e+02   1.92687719e-03
   3.47061558e+02   9.56446864e-04
   3.47062046e+02  -1.10120513e-03
   3.47062534e+02  -2.13739998e-03
   3.47063023e+02  -1.97855453e-03
   3.47063511e+02  -2.07977835e-03
   3.47063999e+02  -2.07829778e-03
   3.47064488e+02  -1.67273986e-03
   3.47064976e+02  -6.67491520e-04
   3.47065464e+02   1.10370584e-03
   3.47065953e+02   1.18524767e-03
   3.47066441e+02  -9.23627522e-04
   3.47066929e+02  -1.45519513e-03
   3.47067418e+02   1.05507660e-03
   3.47067906e+02   3.13817896e-03
   3.47068394e+02   3.32752150e-03
   3.47068883e+02   2.12661247e-03
   3.47069371e+02   1.01123808e-03
   3.47069859e+02   1.47908565e-03
   3.47070347e+02   2.38372153e-03
   3.47070836e+02   2.54925760e-03
   3.47071324e+02   2.07460322e-03
   3.47071812e+02   1.81100785e-03
   3.47072301e+02   2.99017248e-03
   3.47072789e+02   3.86173907e-03
   3.47073277e+02   2.39150645e-03
   3.47073766e+02   3.48093105e-04
   3.47074254e+02   9.37915698e-04
   3.47074742e+02   2.43900507e-03
   3.47075231e+02   1.09021540e-03
   3.47075719e+02  -1.97993848e-03
   3.47076207e+02  -1.06025860e-03
   3.47076695e+02   2.39921873e-03
   3.47077184e+02   2.04740418e-03
   3.47077672e+02   5.43534465e-04
   3.47078160e+02   5.62346948e-04
   3.47078649e+02  -6.25374843e-04
   3.47079137e+02  -6.60007703e-04
   3.47079625e+02   1.03064231e-03
   3.47080114e+02  -4.06908424e-04
   3.47080602e+02  -2.46821507e-03
   3.47081090e+02  -4.14384704e-05
   3.47081579e+02   2.42374954e-03
   3.47082067e+02   2.64788000e-03
   3.47082555e+02   2.88393511e-03
   3.47083043e+02   3.28470557e-03
   3.47083532e+02   3.31508205e-03
   3.47084020e+02   1.62365555e-03
   3.47084508e+02   2.46253825e-04
   3.47084997e+02   1.34558370e-03
   3.47085485e+02   1.25954684e-03
   3.47085973e+02  -3.00512242e-04
   3.47086462e+02  -8.04829586e-04
   3.47086950e+02  -6.26663619e-04
   3.47087438e+02  -1.09148351e-03
   3.47087927e+02  -1.01425441e-03
   3.47088415e+02   3.47606954e-04
   3.47088903e+02   1.44137186e-03
   3.47089391e+02   2.26183608e-03
   3.47089880e+02   2.22988217e-03
   3.47090368e+02  -6.78308861e-05
   3.47090856e+02  -1.86554890e-03
   3.47091345e+02  -1.18591392e-03
   3.47091833e+02  -9.22911393e-04
   3.47092321e+02  -6.93313195e-04
   3.47092810e+02   1.60349755e-05
   3.47093298e+02  -4.07418265e-04
   3.47093786e+02  -9.79190809e-04
   3.47094275e+02  -1.11121486e-03
   3.47094763e+02  -1.70058594e-03
   3.47095251e+02  -2.26708199e-03
   3.47095739e+02  -1.02496822e-03
   3.47096228e+02  -1.15087336e-04
   3.47096716e+02  -1.62463053e-03
   3.47097204e+02  -2.06554844e-03
   3.47097693e+02  -1.91120175e-03
   3.47098181e+02  -2.81771482e-03
   3.47098669e+02  -2.62092100e-03
   3.47099158e+02  -2.03606696e-03
   3.47099646e+02  -5.43750066e-04
   3.47100134e+02   1.84865261e-03
   3.47100623e+02   1.26700965e-03
   3.47101111e+02  -2.28805305e-03
   3.47101599e+02  -4.65907203e-03
   3.47102087e+02  -2.98083993e-03
   3.47102576e+02  -1.18333352e-04
   3.47103064e+02   1.19036762e-03
   3.47103552e+02   1.05366495e-03
   3.47104041e+02   4.80014598e-04
   3.47104529e+02  -1.25117876e-04
   3.47105017e+02  -5.10828453e-04
   3.47105506e+02  -5.26683521e-04
   3.47105994e+02  -1.91060570e-03
   3.47106482e+02  -3.34036909e-03
   3.47106971e+02  -2.99474481e-03
   3.47107459e+02  -2.24217470e-03
   3.47107947e+02  -2.17283145e-03
   3.47108436e+02  -1.62325439e-03
   3.47108924e+02   2.15475564e-04
   3.47109412e+02   2.23069149e-03
   3.47109900e+02   3.78177315e-03
   3.47110389e+02   2.31995969e-03
   3.47110877e+02   5.84874593e-04
   3.47111365e+02  -3.83717474e-04
   3.47111854e+02  -5.25059178e-04
   3.47112342e+02   1.20537891e-03
   3.47112830e+02   3.52255278e-03
   3.47113319e+02   2.23917235e-03
   3.47113807e+02  -1.35944295e-03
   3.47114295e+02  -1.84781512e-03
   3.47114784e+02  -2.05051780e-04
   3.47115272e+02   9.04357294e-05
   3.47115760e+02  -8.76832171e-04
   3.47116248e+02  -1.13017380e-03
   3.47116737e+02   6.71379908e-04
   3.47117225e+02   1.54934474e-03
   3.47117713e+02   3.34762619e-04
   3.47118202e+02  -6.54277683e-04
   3.47118690e+02  -9.96023533e-04
   3.47119178e+02  -8.07935547e-04
   3.47119667e+02  -1.31341556e-04
   3.47120155e+02   2.10776328e-04
   3.47120643e+02   5.44251117e-04
   3.47121132e+02   3.54985765e-04
   3.47121620e+02  -2.66910123e-04
   3.47122108e+02   8.76087433e-05
   3.47122596e+02   9.24748369e-04
   3.47123085e+02   8.19996872e-04
   3.47123573e+02   1.08407135e-03
   3.47124061e+02   2.03445368e-03
   3.47124550e+02   1.79242052e-03
   3.47125038e+02   9.18143895e-04
   3.47125526e+02  -2.87074479e-04
   3.47126015e+02   3.32926429e-04
   3.47126503e+02   2.85505992e-03
   3.47126991e+02   3.04608163e-03
   3.47127480e+02   1.75674591e-04
   3.47127968e+02  -1.95214618e-03
   3.47128456e+02  -8.30695673e-04
   3.47128944e+02   8.06353113e-04
   3.47129433e+02   9.54381714e-04
   3.47129921e+02   8.21896945e-04
   3.47130409e+02  -6.56971606e-05
   3.47130898e+02  -7.61443225e-04
   3.47131386e+02   4.54796129e-04
   3.47131874e+02   5.70502656e-04
   3.47132363e+02  -7.90799211e-04
   3.47132851e+02  -3.66217544e-04
   3.47133339e+02   1.21319317e-03
   3.47133828e+02   1.22678536e-03
   3.47134316e+02  -2.05189601e-04
   3.47134804e+02  -1.04386674e-03
   3.47135292e+02  -1.04074448e-03
   3.47135781e+02  -1.77926465e-03
   3.47136269e+02  -1.31830946e-03
   3.47136757e+02   8.26757227e-04
   3.47137246e+02   2.54287664e-03
   3.47137734e+02   2.60058348e-03
   3.47138222e+02   8.81858752e-04
   3.47138711e+02  -8.35560262e-04
   3.47139199e+02  -1.04889579e-04
   3.47139687e+02   2.54082750e-03
   3.47140176e+02   2.56143720e-03
   3.47140664e+02   9.65700543e-04
   3.47141152e+02   4.06703592e-04
   3.47141640e+02  -2.15905486e-04
   3.47142129e+02  -6.49024500e-04
   3.47142617e+02  -1.87129015e-03
   3.47143105e+02  -2.90841772e-03
   3.47143594e+02  -2.41714600e-03
   3.47144082e+02  -2.27360544e-03
   3.47144570e+02  -1.73929811e-03
   3.47145059e+02  -6.70460169e-04
   3.47145547e+02  -1.09171134e-03
   3.47146035e+02  -2.27807090e-03
   3.47146524e+02  -2.53471034e-03
   3.47147012e+02  -1.05187751e-03
   3.47147500e+02   5.83020679e-04
   3.47147989e+02   9.54864954e-05
   3.47148477e+02   2.28245728e-04
   3.47148965e+02   1.23174069e-03
   3.47149453e+02   1.64271554e-03
   3.47149942e+02   1.66125930e-04
   3.47150430e+02  -1.78368506e-03
   3.47150918e+02  -6.83417253e-04
   3.47151407e+02  -7.57365255e-04
   3.47151895e+02  -3.29982629e-03
   3.47152383e+02  -1.72613899e-03
   3.47152872e+02   1.59139629e-03
   3.47153360e+02   6.39001490e-04
   3.47153848e+02  -1.63653516e-03
   3.47154337e+02  -4.54027497e-04
   3.47154825e+02   1.00903539e-03
   3.47155313e+02  -2.09452584e-04
   3.47155801e+02  -1.12282214e-04
   3.47156290e+02   1.55099190e-03
   3.47156778e+02   1.39078742e-03
   3.47157266e+02   7.12799898e-04
   3.47157755e+02  -1.67736365e-03
   3.47158243e+02  -4.06917930e-03
   3.47158731e+02  -2.57473206e-03
   3.47159220e+02  -4.21434786e-04
   3.47159708e+02   9.53196548e-04
   3.47160196e+02   1.27270643e-03
   3.47160685e+02   8.02818569e-04
   3.47161173e+02   1.27217651e-03
   3.47161661e+02   2.13770705e-04
   3.47162149e+02  -7.96721841e-04
   3.47162638e+02  -4.35241498e-04
   3.47163126e+02  -5.50749130e-04
   3.47163614e+02  -4.63292490e-05
   3.47164103e+02   1.44694932e-03
   3.47164591e+02   2.20175064e-03
   3.47165079e+02   1.69096480e-03
   3.47165568e+02   9.50405141e-04
   3.47166056e+02   1.43029902e-04
   3.47166544e+02  -2.79242522e-04
   3.47167033e+02  -3.13649827e-04
   3.47167521e+02  -9.92331537e-04
   3.47168009e+02  -7.96053442e-04
   3.47168497e+02  -1.60630763e-04
   3.47168986e+02   3.26972862e-04
   3.47169474e+02  -4.54756198e-04
   3.47169962e+02  -1.79734232e-03
   3.47170451e+02  -1.33827212e-03
   3.47170939e+02  -4.06139239e-04
   3.47171427e+02  -6.79194927e-05
   3.47171916e+02   2.06037381e-04
   3.47172404e+02   6.76561380e-04
   3.47172892e+02   4.49769635e-04
   3.47173381e+02  -1.20975426e-03
   3.47173869e+02  -1.25175808e-03
   3.47174357e+02   9.00037587e-04
   3.47174845e+02   1.33389712e-03
   3.47175334e+02  -8.51396821e-04
   3.47175822e+02  -1.92507182e-03
   3.47176310e+02  -1.26708439e-03
   3.47176799e+02  -1.71089091e-03
   3.47177287e+02  -2.63312762e-03
   3.47177775e+02  -2.09724461e-03
   3.47178264e+02  -1.98056595e-03
   3.47178752e+02  -1.41826784e-03
   3.47179240e+02  -7.08127453e-04
   3.47179729e+02  -7.55832472e-04
   3.47180217e+02   5.96347556e-04
   3.47180705e+02   1.70822919e-03
   3.47181193e+02   2.22911104e-03
   3.47181682e+02   2.70686322e-03
   3.47182170e+02   1.15516770e-03
   3.47182658e+02   2.59617576e-04
   3.47183147e+02   1.43953192e-03
   3.47183635e+02   2.50758720e-03
   3.47184123e+02   2.84141558e-03
   3.47184612e+02   2.21828837e-03
   3.47185100e+02   1.08631363e-03
   3.47185588e+02  -7.33222289e-04
   3.47186077e+02  -2.89652264e-03
   3.47186565e+02  -3.85591690e-03
   3.47187053e+02  -2.92379758e-03
   3.47187542e+02  -1.93666469e-03
   3.47188030e+02  -1.19610690e-03
   3.47188518e+02  -2.86801253e-04
   3.47189006e+02   3.81556310e-04
   3.47189495e+02   1.10140652e-03
   3.47189983e+02   1.42113515e-03
   3.47190471e+02   1.13222736e-03
   3.47190960e+02  -1.64400984e-03
   3.47191448e+02  -3.60165257e-03
   3.47191936e+02  -1.85538211e-03
   3.47192425e+02  -7.22230878e-04
   3.47192913e+02  -1.05927174e-03
   3.47193401e+02  -1.16619852e-03
   3.47193890e+02  -1.20098318e-03
   3.47194378e+02  -1.61386409e-03
   3.47194866e+02  -1.76746713e-03
   3.47195354e+02  -1.74273457e-03
   3.47195843e+02  -1.52779138e-03
   3.47196331e+02  -2.14822241e-03
   3.47196819e+02  -1.88572367e-03
   3.47197308e+02   6.45341002e-04
   3.47197796e+02   2.23026122e-03
   3.47198284e+02   2.04230007e-03
   3.47198773e+02   6.28046924e-04
   3.47199261e+02  -2.72478163e-03
   3.47199749e+02  -5.01122698e-03
   3.47200238e+02  -4.07059351e-03
   3.47200726e+02  -2.05415767e-03
   3.47201214e+02  -1.10099383e-03
   3.47201702e+02  -1.68858957e-03
   3.47202191e+02  -3.37022892e-03
   3.47202679e+02  -4.21237340e-03
   3.47203167e+02  -3.37647134e-03
   3.47203656e+02  -1.52718625e-03
   3.47204144e+02   4.13229078e-04
   3.47204632e+02   8.85135902e-04
   3.47205121e+02   1.38609461e-03
   3.47205609e+02   3.24041396e-03
   3.47206097e+02   2.84841936e-03
   3.47206586e+02   3.58953403e-04
   3.47207074e+02  -1.79308141e-03
   3.47207562e+02  -2.76355655e-03
   3.47208050e+02  -1.48352096e-03
   3.47208539e+02   5.91418881e-04
   3.47209027e+02   4.30159096e-04
   3.47209515e+02  -1.63988315e-03
   3.47210004e+02  -2.54027057e-03
   3.47210492e+02  -1.20206689e-03
   3.47210980e+02  -1.38368073e-03
   3.47211469e+02  -2.96891551e-03
   3.47211957e+02  -2.38913298e-03
   3.47212445e+02  -1.79101189e-03
   3.47212934e+02  -3.10712447e-03
   3.47213422e+02  -4.08353982e-03
   3.47213910e+02  -3.25758802e-03
   3.47214398e+02  -1.68534182e-03
   3.47214887e+02  -3.34159413e-04
   3.47215375e+02   2.88123876e-04
   3.47215863e+02   1.06982735e-03
   3.47216352e+02   2.22678576e-03
   3.47216840e+02   2.52769934e-03
   3.47217328e+02   2.68347561e-03
   3.47217817e+02   2.47675483e-03
   3.47218305e+02   2.60996027e-03
   3.47218793e+02   2.68886774e-03
   3.47219282e+02   9.52232454e-04
   3.47219770e+02   1.82796430e-04
   3.47220258e+02  -6.54165167e-04
   3.47220746e+02  -2.43925489e-03
   3.47221235e+02  -2.75228731e-03
   3.47221723e+02  -2.15410581e-03
   3.47222211e+02  -7.22893863e-04
   3.47222700e+02   1.11716555e-03
   3.47223188e+02   1.90919160e-03
   3.47223676e+02   1.42520480e-03
   3.47224165e+02   8.07549746e-04
   3.47224653e+02   8.44603230e-04
   3.47225141e+02   1.03042973e-03
   3.47225630e+02   5.33151440e-04
   3.47226118e+02   2.99538719e-04
   3.47226606e+02   9.39265243e-04
   3.47227095e+02   9.44448286e-04
   3.47227583e+02   5.73146623e-04
   3.47228071e+02  -8.68371862e-05
   3.47228559e+02  -1.29396643e-03
   3.47229048e+02  -1.70094648e-03
   3.47229536e+02  -1.91124808e-03
   3.47230024e+02  -3.56664276e-03
   3.47230513e+02  -4.06743819e-03
   3.47231001e+02  -2.35066353e-03
   3.47231489e+02  -7.67324294e-04
   3.47231978e+02   1.23819464e-03
   3.47232466e+02   1.96357095e-03
   3.47232954e+02   1.25775905e-03
   3.47233443e+02   9.33923875e-04
   3.47233931e+02  -5.80384687e-04
   3.47234419e+02  -2.22924468e-03
   3.47234907e+02  -2.21628021e-03
   3.47235396e+02  -2.16073752e-03
   3.47235884e+02  -2.86063529e-03
   3.47236372e+02  -3.04751866e-03
   3.47236861e+02  -1.96065800e-03
   3.47237349e+02  -1.86013262e-04
   3.47237837e+02   1.51575240e-03
   3.47238326e+02   1.53529563e-03
   3.47238814e+02   6.89973647e-04
   3.47239302e+02   1.68898993e-03
   3.47239791e+02   3.03687342e-03
   3.47240279e+02   3.14427074e-03
   3.47240767e+02   2.86536547e-03
   3.47241255e+02   1.94116414e-03
   3.47241744e+02   1.08302291e-03
   3.47242232e+02   1.76820133e-04
   3.47242720e+02  -9.98675474e-04
   3.47243209e+02  -1.56760868e-03
   3.47243697e+02  -5.54405327e-04
   3.47244185e+02   2.35968828e-03
   3.47244674e+02   1.42677687e-03
   3.47245162e+02  -2.23774696e-03
   3.47245650e+02  -1.74157356e-03
   3.47246139e+02   7.03535741e-04
   3.47246627e+02   4.62334487e-04
   3.47247115e+02  -5.80426888e-04
   3.47247603e+02   1.38679787e-03
   3.47248092e+02   3.05534434e-03
   3.47248580e+02   1.70906179e-03
   3.47249068e+02  -2.09295584e-04
   3.47249557e+02  -1.91429432e-03
   3.47250045e+02  -1.61298097e-03
   3.47250533e+02   1.04583090e-03
   3.47251022e+02   2.84843775e-03
   3.47251510e+02   1.73975376e-03
   3.47251998e+02   1.20519719e-03
   3.47252487e+02   2.23426032e-03
   3.47252975e+02   1.13567233e-03
   3.47253463e+02  -9.67845262e-04
   3.47253951e+02  -1.06533174e-03
   3.47254440e+02   7.87519501e-04
   3.47254928e+02   1.49014220e-03
   3.47255416e+02  -9.53736890e-06
   3.47255905e+02  -1.23744016e-03
   3.47256393e+02  -2.49067601e-03
   3.47256881e+02  -2.84252036e-03
   3.47257370e+02  -1.41601241e-03
   3.47257858e+02  -1.07883860e-03
   3.47258346e+02  -2.14529433e-03
   3.47258835e+02  -2.55411747e-03
   3.47259323e+02  -1.73080631e-03
   3.47259811e+02  -1.41320541e-03
   3.47260299e+02  -2.43824581e-03
   3.47260788e+02  -1.37060566e-03
   3.47261276e+02   1.50355685e-03
   3.47261764e+02   2.92180851e-03
   3.47262253e+02   3.65459058e-03
   3.47262741e+02   2.43607839e-03
   3.47263229e+02  -4.08992608e-04
   3.47263718e+02  -1.63940981e-03
   3.47264206e+02  -2.58955546e-03
   3.47264694e+02  -3.45303607e-03
   3.47265183e+02  -2.38956697e-03
   3.47265671e+02  -1.60329626e-03
   3.47266159e+02  -1.16838864e-03
   3.47266648e+02  -5.68136980e-04
   3.47267136e+02  -6.96563104e-04
   3.47267624e+02  -1.04089908e-03
   3.47268112e+02  -8.29922850e-04
   3.47268601e+02   3.77425808e-04
   3.47269089e+02   7.38087867e-04
   3.47269577e+02  -4.26311162e-04
   3.47270066e+02   9.22955107e-04
   3.47270554e+02   4.02625091e-03
   3.47271042e+02   4.84390464e-03
   3.47271531e+02   3.44661414e-03
   3.47272019e+02   1.61169714e-03
   3.47272507e+02   8.04533076e-04
   3.47272996e+02   5.73225319e-04
   3.47273484e+02   1.06717809e-03
   3.47273972e+02   1.44050363e-03
   3.47274460e+02   1.25928223e-03
   3.47274949e+02   3.28423252e-04
   3.47275437e+02  -1.54498674e-03
   3.47275925e+02  -1.38195511e-03
   3.47276414e+02   1.82867632e-03
   3.47276902e+02   3.27247544e-03
   3.47277390e+02   1.12743443e-03
   3.47277879e+02  -6.45934953e-04
   3.47278367e+02   2.71090714e-04
   3.47278855e+02   2.32374109e-03
   3.47279344e+02   2.61705252e-03
   3.47279832e+02   1.50843523e-03
   3.47280320e+02   3.73346644e-04
   3.47280808e+02  -5.97375736e-04
   3.47281297e+02  -7.94137188e-04
   3.47281785e+02  -1.92135037e-03
   3.47282273e+02  -2.06666440e-03
   3.47282762e+02  -1.33224094e-05
   3.47283250e+02   3.03662178e-04
   3.47283738e+02  -3.23715009e-04
   3.47284227e+02  -2.16743021e-04
   3.47284715e+02  -1.06916542e-03
   3.47285203e+02  -3.06912651e-03
   3.47285692e+02  -3.42119904e-03
   3.47286180e+02   1.70874363e-03
   3.47286668e+02   3.49053764e-03
   3.47287156e+02   2.66949972e-03
   3.47287645e+02   1.09721918e-03
   3.47288133e+02  -2.41454152e-04
   3.47288621e+02   1.85300873e-04
   3.47289110e+02  -3.18014470e-04
   3.47289598e+02  -4.91270970e-04
   3.47290086e+02   3.63740430e-04
   3.47290575e+02  -3.71760689e-04
   3.47291063e+02  -1.07561168e-03
   3.47291551e+02   2.89866060e-04
   3.47292040e+02   1.24061224e-03
   3.47292528e+02   6.69193862e-04
   3.47293016e+02   2.17677822e-04
   3.47293504e+02   1.40385702e-04
   3.47293993e+02  -2.55491585e-04
   3.47294481e+02  -1.02493927e-04
   3.47294969e+02   1.69720803e-03
   3.47295458e+02   1.37529010e-03
   3.47295946e+02  -1.07165833e-03
   3.47296434e+02  -1.30563532e-03
   3.47296923e+02   9.68737222e-05
   3.47297411e+02   1.24529924e-03
   3.47297899e+02   1.02565542e-03
   3.47298388e+02  -9.26615729e-04
   3.47298876e+02  -1.00246409e-03
   3.47299364e+02   1.28078231e-04
   3.47299852e+02   5.70568081e-04
   3.47300341e+02   1.87106532e-04
   3.47300829e+02  -5.08383615e-04
   3.47301317e+02  -6.20593317e-04
   3.47301806e+02  -8.00850859e-04
   3.47302294e+02  -1.96507177e-03
   3.47302782e+02  -2.68296129e-03
   3.47303271e+02  -3.19822715e-03
   3.47303759e+02  -4.34310455e-03
   3.47304247e+02  -2.78869062e-03
   3.47304736e+02   5.26269490e-04
   3.47305224e+02   2.25818646e-03
   3.47305712e+02   3.58194252e-03
   3.47306201e+02   3.18758609e-03
   3.47306689e+02   2.04591337e-03
   3.47307177e+02   1.15249364e-03
   3.47307665e+02   1.64557438e-04
   3.47308154e+02   5.68149728e-04
   3.47308642e+02   2.02560169e-03
   3.47309130e+02   2.08418863e-03
   3.47309619e+02   1.46199821e-03
   3.47310107e+02   1.42517884e-03
   3.47310595e+02   2.07038899e-03
   3.47311084e+02   3.72498645e-03
   3.47311572e+02   3.94864846e-03
   3.47312060e+02   1.71935288e-04
   3.47312549e+02  -1.97467487e-03
   3.47313037e+02   4.85463795e-04
   3.47313525e+02   2.37470237e-03
   3.47314013e+02   1.49268564e-03
   3.47314502e+02  -1.29376567e-04
   3.47314990e+02  -1.22837548e-03
   3.47315478e+02  -1.08384481e-03
   3.47315967e+02   9.71016358e-04
   3.47316455e+02   2.21871794e-03
   3.47316943e+02   5.30447986e-04
   3.47317432e+02  -1.10524683e-03
   3.47317920e+02  -1.00161193e-03
   3.47318408e+02  -9.33506177e-04
   3.47318897e+02  -2.67126807e-03
   3.47319385e+02  -3.15823895e-03
   3.47319873e+02  -1.28754182e-03
   3.47320361e+02  -6.96447620e-04
   3.47320850e+02  -1.47151970e-03
   3.47321338e+02  -2.21227249e-03
   3.47321826e+02  -1.53749192e-03
   3.47322315e+02  -9.97334209e-05
   3.47322803e+02   1.03644747e-03
   3.47323291e+02   1.86667196e-03
   3.47323780e+02  -4.90923703e-04
   3.47324268e+02  -3.04881204e-03
   3.47324756e+02  -1.87938067e-03
   3.47325245e+02  -9.23919608e-04
   3.47325733e+02  -1.43027015e-03
   3.47326221e+02  -1.71881416e-04
   3.47326709e+02  -1.22186830e-04
   3.47327198e+02  -2.94042798e-03
   3.47327686e+02  -2.96389475e-03
   3.47328174e+02  -9.59497760e-04
   3.47328663e+02  -1.60884974e-03
   3.47329151e+02  -3.19488882e-03
   3.47329639e+02  -2.63575185e-03
   3.47330128e+02  -6.09026931e-04
   3.47330616e+02  -5.79603249e-04
   3.47331104e+02  -2.47044535e-03
   3.47331593e+02  -2.96196016e-03
   3.47332081e+02  -2.28420761e-03
   3.47332569e+02  -1.61930441e-03
   3.47333057e+02  -7.22488621e-05
   3.47333546e+02   1.31383631e-03
   3.47334034e+02   1.68752612e-03
   3.47334522e+02   1.54321163e-03
   3.47335011e+02   1.57708814e-03
   3.47335499e+02   7.56611815e-04
   3.47335987e+02  -9.28587979e-04
   3.47336476e+02  -2.57316569e-04
   3.47336964e+02   1.26529869e-03
   3.47337452e+02   7.00699689e-04
   3.47337941e+02  -3.16989055e-04
   3.47338429e+02  -9.09973969e-05
   3.47338917e+02   1.96300549e-04
   3.47339405e+02  -7.03473983e-04
   3.47339894e+02  -1.86420488e-03
   3.47340382e+02  -2.17305147e-03
   3.47340870e+02  -9.16359073e-04
   3.47341359e+02   1.13174249e-03
   3.47341847e+02   1.11806893e-03
   3.47342335e+02  -3.25746223e-04
   3.47342824e+02  -2.13759206e-03
   3.47343312e+02  -3.15656536e-03
   3.47343800e+02  -1.75859721e-03
   3.47344289e+02   5.46376577e-05
   3.47344777e+02  -4.62789816e-04
   3.47345265e+02   4.42215707e-04
   3.47345754e+02   1.17081008e-03
   3.47346242e+02   9.20739240e-06
   3.47346730e+02  -1.74632226e-03
   3.47347218e+02  -1.26674783e-03
   3.47347707e+02   3.79287434e-04
   3.47348195e+02   3.01662192e-04
   3.47348683e+02   2.03061011e-03
   3.47349172e+02   3.53476196e-03
   3.47349660e+02   2.63324589e-04
   3.47350148e+02  -6.72488764e-04
   3.47350637e+02   3.14996648e-03
   3.47351125e+02   4.41130809e-03
   3.47351613e+02   1.86214922e-03
   3.47352102e+02  -5.80354070e-04
   3.47352590e+02  -1.53769366e-03
   3.47353078e+02   1.97105517e-04
   3.47353566e+02   1.38172589e-03
   3.47354055e+02  -2.30760477e-03
   3.47354543e+02  -2.67974660e-03
   3.47355031e+02   1.59945909e-03
   3.47355520e+02   2.58704205e-03
   3.47356008e+02   1.79368316e-03
   3.47356496e+02   3.25046526e-03
   3.47356985e+02   4.13375255e-03
   3.47357473e+02   1.92905078e-03
   3.47357961e+02  -3.61632614e-04
   3.47358450e+02  -1.17822725e-03
   3.47358938e+02  -9.35803226e-04
   3.47359426e+02  -6.17101105e-05
   3.47359914e+02   1.67473889e-04
   3.47360403e+02  -1.05448526e-04
   3.47360891e+02   5.35672239e-04
   3.47361379e+02   3.72355280e-04
   3.47361868e+02  -1.99398305e-03
   3.47362356e+02  -2.56495271e-03
   3.47362844e+02  -8.77351908e-04
   3.47363333e+02   1.06518266e-04
   3.47363821e+02  -7.52017542e-04
   3.47364309e+02  -5.37473185e-04
   3.47364798e+02   1.62503228e-03
   3.47365286e+02   2.99893203e-03
   3.47365774e+02   2.63463706e-03
   3.47366262e+02   1.24410377e-03
   3.47366751e+02   3.94548784e-04
   3.47367239e+02  -2.54902843e-04
   3.47367727e+02  -8.25733703e-04
   3.47368216e+02   2.82209454e-04
   3.47368704e+02   2.25062249e-03
   3.47369192e+02   2.47819512e-03
   3.47369681e+02   1.81786658e-03
   3.47370169e+02   1.11653865e-03
   3.47370657e+02  -7.15782226e-04
   3.47371146e+02  -1.44591404e-03
   3.47371634e+02   1.60002717e-04
   3.47372122e+02   2.44963937e-03
   3.47372610e+02   3.41145019e-03
   3.47373099e+02   2.49053375e-03
   3.47373587e+02   1.39646616e-03
   3.47374075e+02   5.85174770e-04
   3.47374564e+02   5.64229733e-04
   3.47375052e+02   1.84027979e-03
   3.47375540e+02   2.79991538e-03
   3.47376029e+02   1.42375671e-03
   3.47376517e+02  -1.64031575e-04
   3.47377005e+02  -4.22596233e-04
   3.47377494e+02  -8.65946058e-05
   3.47377982e+02   7.29627674e-04
   3.47378470e+02   7.91581348e-04
   3.47378958e+02  -1.84914112e-04
   3.47379447e+02  -8.38303065e-04
   3.47379935e+02  -8.35727958e-04
   3.47380423e+02  -1.32294977e-03
   3.47380912e+02  -1.72776403e-03
   3.47381400e+02   3.94459028e-04
   3.47381888e+02   2.96779186e-03
   3.47382377e+02   3.80518171e-03
   3.47382865e+02   4.34699561e-03
   3.47383353e+02   4.13593790e-03
   3.47383842e+02   2.30529532e-03
   3.47384330e+02  -5.52791753e-04
   3.47384818e+02  -2.28473055e-03
   3.47385307e+02  -1.25576777e-03
   3.47385795e+02   3.51792085e-04
   3.47386283e+02   1.68558268e-04
   3.47386771e+02   1.32564374e-03
   3.47387260e+02   3.95478169e-03
   3.47387748e+02   4.12527937e-03
   3.47388236e+02   1.64645130e-03
   3.47388725e+02  -6.04807901e-05
   3.47389213e+02  -5.31461032e-04
   3.47389701e+02  -3.56516161e-04
   3.47390190e+02   6.49702095e-04
   3.47390678e+02   1.85736688e-03
   3.47391166e+02   2.86268909e-03
   3.47391655e+02   3.52785853e-03
   3.47392143e+02   1.75554550e-03
   3.47392631e+02  -1.01104507e-03
   3.47393119e+02  -1.34733168e-03
   3.47393608e+02   6.30992872e-04
   3.47394096e+02   1.51583331e-03
   3.47394584e+02   6.11333468e-04
   3.47395073e+02  -1.31370814e-03
   3.47395561e+02  -2.60300958e-03
   3.47396049e+02  -1.61411427e-03
   3.47396538e+02  -5.73433936e-04
   3.47397026e+02  -6.10943243e-04
   3.47397514e+02   4.91103216e-04
   3.47398003e+02   9.11135343e-04
   3.47398491e+02  -6.69535133e-04
   3.47398979e+02  -1.72375422e-03
   3.47399467e+02  -2.33855937e-03
   3.47399956e+02  -8.73197278e-04
   3.47400444e+02   2.35072663e-03
   3.47400932e+02   3.86190228e-03
   3.47401421e+02   3.17620928e-03
   3.47401909e+02   1.39624358e-03
   3.47402397e+02   6.07370923e-04
   3.47402886e+02   9.39923222e-04
   3.47403374e+02   1.00502453e-03
   3.47403862e+02   1.71368255e-03
   3.47404351e+02   2.39688763e-03
   3.47404839e+02   2.06254004e-03
   3.47405327e+02   1.65593089e-03
   3.47405815e+02   1.04977873e-04
   3.47406304e+02  -2.10634805e-03
   3.47406792e+02  -1.92850071e-03
   3.47407280e+02  -2.49526673e-03
   3.47407769e+02  -2.85810581e-03
   3.47408257e+02  -3.56793025e-04
   3.47408745e+02   4.67149192e-04
   3.47409234e+02  -3.15698708e-04
   3.47409722e+02   2.94613070e-04
   3.47410210e+02   1.64949894e-03
   3.47410699e+02   2.31199083e-03
   3.47411187e+02   7.51265092e-04
   3.47411675e+02  -5.80647866e-05
   3.47412163e+02   4.84588236e-04
   3.47412652e+02  -1.32910174e-03
   3.47413140e+02  -3.19146877e-03
   3.47413628e+02  -2.99283001e-03
   3.47414117e+02  -1.91312947e-03
   3.47414605e+02   3.25482339e-04
   3.47415093e+02   1.79151539e-03
   3.47415582e+02   1.04259548e-03
   3.47416070e+02  -2.40530047e-04
   3.47416558e+02  -8.52254569e-04
   3.47417047e+02  -1.80643437e-05
   3.47417535e+02   2.29673984e-04
   3.47418023e+02  -7.08466512e-04
   3.47418511e+02  -3.94498667e-04
   3.47419000e+02   1.40161952e-03
   3.47419488e+02   2.26145331e-03
   3.47419976e+02   1.43523316e-03
   3.47420465e+02   1.01824955e-03
   3.47420953e+02   1.70072354e-03
   3.47421441e+02   1.75842631e-03
   3.47421930e+02   1.30294531e-03
   3.47422418e+02   2.46226671e-04
   3.47422906e+02  -1.47742196e-03
   3.47423395e+02  -1.87497598e-03
   3.47423883e+02   4.81145486e-04
   3.47424371e+02   6.36637327e-04
   3.47424860e+02  -2.17792555e-03
   3.47425348e+02  -1.72230776e-03
   3.47425836e+02  -9.93982321e-05
   3.47426324e+02  -3.67588655e-04
   3.47426813e+02  -6.54228716e-05
   3.47427301e+02   1.36007191e-04
   3.47427789e+02  -9.39587539e-04
   3.47428278e+02  -9.16945573e-04
   3.47428766e+02   9.06783040e-04
   3.47429254e+02   1.17760140e-03
   3.47429743e+02  -6.65354892e-04
   3.47430231e+02  -6.93501730e-04
   3.47430719e+02   1.49496380e-04
   3.47431208e+02  -4.09361528e-04
   3.47431696e+02  -4.87221841e-04
   3.47432184e+02   1.67966049e-04
   3.47432672e+02   1.87170997e-04
   3.47433161e+02   1.08114176e-03
   3.47433649e+02   2.77881208e-03
   3.47434137e+02   3.52180470e-03
   3.47434626e+02   3.74702644e-03
   3.47435114e+02   3.41354217e-03
   3.47435602e+02   2.75629899e-03
   3.47436091e+02   1.32644805e-03
   3.47436579e+02  -4.21811768e-04
   3.47437067e+02  -1.86169229e-03
   3.47437556e+02  -9.49534180e-04
   3.47438044e+02   1.18960231e-03
   3.47438532e+02   1.55920978e-04
   3.47439020e+02  -1.99831673e-03
   3.47439509e+02  -2.49955151e-03
   3.47439997e+02  -2.78672157e-03
   3.47440485e+02  -2.83717224e-03
   3.47440974e+02  -1.85407628e-03
   3.47441462e+02   1.09683315e-03
   3.47441950e+02   4.27773735e-03
   3.47442439e+02   3.39357485e-03
   3.47442927e+02   4.03273007e-04
   3.47443415e+02  -4.45723017e-05
   3.47443904e+02   1.43647625e-03
   3.47444392e+02   7.40433577e-04
   3.47444880e+02  -1.74956152e-03
   3.47445368e+02  -2.10011750e-03
   3.47445857e+02  -4.55119065e-04
   3.47446345e+02   2.45075556e-04
   3.47446833e+02   2.96046579e-04
   3.47447322e+02   7.25366292e-04
   3.47447810e+02   4.83765994e-04
   3.47448298e+02  -8.51558230e-04
   3.47448787e+02  -1.80298369e-03
   3.47449275e+02  -1.99917820e-03
   3.47449763e+02  -1.61253521e-03
   3.47450252e+02  -1.15383801e-03
   3.47450740e+02  -5.01243107e-04
   3.47451228e+02  -7.20860495e-04
   3.47451716e+02  -8.86821072e-04
   3.47452205e+02  -3.87419859e-05
   3.47452693e+02   6.77569915e-05
   3.47453181e+02   1.26245068e-04
   3.47453670e+02   8.01443297e-04
   3.47454158e+02   1.17579091e-03
   3.47454646e+02   7.45266851e-04
   3.47455135e+02   6.46735225e-06
   3.47455623e+02  -2.68120784e-04
   3.47456111e+02  -9.93342139e-04
   3.47456600e+02   1.87916012e-04
   3.47457088e+02   2.12798850e-03
   3.47457576e+02   9.14238393e-04
   3.47458064e+02  -9.72371839e-04
   3.47458553e+02  -3.49733862e-04
   3.47459041e+02   2.51744437e-04
   3.47459529e+02   2.91631331e-05
   3.47460018e+02   2.18947930e-03
   3.47460506e+02   4.27959627e-03
   3.47460994e+02   3.44643253e-03
   3.47461483e+02   1.90424500e-03
   3.47461971e+02   1.46585415e-04
   3.47462459e+02  -5.37195825e-04
   3.47462948e+02   1.21738168e-03
   3.47463436e+02   1.08693668e-03
   3.47463924e+02  -8.98866216e-04
   3.47464413e+02  -1.75425888e-03
   3.47464901e+02  -6.88690401e-04
   3.47465389e+02   1.28412247e-03
   3.47465877e+02   7.77270820e-04
   3.47466366e+02  -1.26033567e-03
   3.47466854e+02  -2.45848787e-03
   3.47467342e+02  -2.64098402e-03
   3.47467831e+02  -1.92118529e-03
   3.47468319e+02  -8.93861637e-04
   3.47468807e+02  -6.79558667e-04
   3.47469296e+02  -1.27327966e-03
   3.47469784e+02  -9.49932262e-04
   3.47470272e+02  -4.95922868e-04
   3.47470761e+02  -1.51533948e-03
   3.47471249e+02  -1.97404856e-03
   3.47471737e+02  -8.04742274e-04
   3.47472225e+02   1.46183290e-03
   3.47472714e+02   2.29221326e-03
   3.47473202e+02   1.06611580e-03
   3.47473690e+02   2.41321512e-04
   3.47474179e+02   2.60236702e-04
   3.47474667e+02  -1.30357890e-04
   3.47475155e+02  -1.54394750e-03
   3.47475644e+02  -1.90155243e-03
   3.47476132e+02  -2.98680214e-04
   3.47476620e+02   1.33897946e-03
   3.47477109e+02   7.43963523e-04
   3.47477597e+02  -3.95508338e-04
   3.47478085e+02   3.67247383e-04
   3.47478573e+02   3.31740215e-04
   3.47479062e+02  -5.87999704e-04
   3.47479550e+02   4.65544261e-04
   3.47480038e+02   1.97201897e-03
   3.47480527e+02   2.28751893e-03
   3.47481015e+02   1.71923277e-03
   3.47481503e+02  -1.15503346e-04
   3.47481992e+02  -4.76852205e-04
   3.47482480e+02   1.25186599e-03
   3.47482968e+02   1.59012759e-03
   3.47483457e+02   8.61472276e-04
   3.47483945e+02  -3.22963926e-04
   3.47484433e+02  -1.65020628e-03
   3.47484921e+02  -1.69892213e-03
   3.47485410e+02  -1.50565431e-03
   3.47485898e+02  -1.94844161e-03
   3.47486386e+02  -1.57909805e-03
   3.47486875e+02  -7.51109677e-04
   3.47487363e+02  -2.06795102e-03
   3.47487851e+02  -3.08933225e-03
   3.47488340e+02  -1.81115186e-03
   3.47488828e+02  -1.06101541e-03
   3.47489316e+02  -7.86737190e-04
   3.47489805e+02  -3.20794294e-04
   3.47490293e+02  -1.08697859e-03
   3.47490781e+02  -2.30054604e-03
   3.47491269e+02  -1.93510961e-03
   3.47491758e+02  -4.07752785e-04
   3.47492246e+02   8.54162092e-04
   3.47492734e+02  -4.11508256e-04
   3.47493223e+02  -3.80439032e-03
   3.47493711e+02  -4.64677671e-03
   3.47494199e+02  -2.98848026e-03
   3.47494688e+02  -2.12721061e-03
   3.47495176e+02  -6.35115954e-04
   3.47495664e+02   1.04666839e-03
   3.47496153e+02   7.41662923e-04
   3.47496641e+02   1.37523544e-04
   3.47497129e+02   4.74281580e-04
   3.47497617e+02   1.81970885e-04
   3.47498106e+02  -8.39415239e-04
   3.47498594e+02  -6.04794535e-04
   3.47499082e+02  -2.40523965e-04
   3.47499571e+02  -3.49512411e-05
   3.47500059e+02   9.40473576e-04
   3.47500547e+02   2.18120147e-03
   3.47501036e+02   3.12396185e-03
   3.47501524e+02   1.81969558e-03
   3.47502012e+02  -1.04664185e-03
   3.47502501e+02  -3.23483546e-04
   3.47502989e+02   2.53881142e-03
   3.47503477e+02   3.35058104e-03
   3.47503966e+02   3.12161562e-03
   3.47504454e+02   2.32596043e-03
   3.47504942e+02   1.18354312e-03
   3.47505430e+02   7.62787240e-04
   3.47505919e+02   6.08469243e-04
   3.47506407e+02  -5.99102816e-04
   3.47506895e+02  -1.02090533e-03
   3.47507384e+02  -1.29854295e-03
   3.47507872e+02  -1.91436266e-03
   3.47508360e+02  -1.56252389e-03
   3.47508849e+02  -4.56542359e-04
   3.47509337e+02   1.31639454e-03
   3.47509825e+02   2.39843945e-03
   3.47510314e+02   3.28581175e-03
   3.47510802e+02   3.97057924e-03
   3.47511290e+02   3.68325110e-03
   3.47511778e+02   3.45758488e-03
   3.47512267e+02   2.12495821e-03
   3.47512755e+02   2.46494194e-04
   3.47513243e+02  -5.87881485e-04
   3.47513732e+02  -9.94410017e-04
   3.47514220e+02  -1.37599243e-03
   3.47514708e+02  -2.30150064e-03
   3.47515197e+02  -2.06751819e-03
   3.47515685e+02  -5.51060832e-04
   3.47516173e+02  -9.11291805e-04
   3.47516662e+02  -5.95591788e-04
   3.47517150e+02   1.08053477e-03
   3.47517638e+02   1.27514024e-04
   3.47518126e+02  -2.23375318e-04
   3.47518615e+02   2.01757695e-03
   3.47519103e+02   3.91720654e-03
   3.47519591e+02   5.08588739e-03
   3.47520080e+02   3.68329673e-03
   3.47520568e+02   1.70564989e-03
   3.47521056e+02   1.91649818e-03
   3.47521545e+02   1.30965665e-03
   3.47522033e+02   3.60425853e-04
   3.47522521e+02   6.35679346e-04
   3.47523010e+02   1.49381347e-03
   3.47523498e+02   2.14727898e-03
   3.47523986e+02   1.92105945e-03
   3.47524474e+02   1.03591662e-03
   3.47524963e+02  -2.99154170e-04
   3.47525451e+02  -1.67092180e-03
   3.47525939e+02  -1.84416445e-03
   3.47526428e+02   2.02292562e-04
   3.47526916e+02   1.56526372e-03
   3.47527404e+02   4.10155451e-04
   3.47527893e+02  -4.32539498e-04
   3.47528381e+02   2.80628534e-04
   3.47528869e+02   7.25924969e-04
   3.47529358e+02   8.73476238e-05
   3.47529846e+02  -7.74897402e-04
   3.47530334e+02  -2.55689054e-04
   3.47530822e+02  -8.76888575e-04
   3.47531311e+02  -2.12426670e-03
   3.47531799e+02  -1.71992509e-03
   3.47532287e+02  -2.20433390e-03
   3.47532776e+02  -3.16961179e-03
   3.47533264e+02  -3.97969154e-04
   3.47533752e+02   2.55467626e-03
   3.47534241e+02   2.56715342e-03
   3.47534729e+02   2.10281764e-03
   3.47535217e+02   2.37648422e-03
   3.47535706e+02   2.96210474e-03
   3.47536194e+02   2.66192877e-03
   3.47536682e+02   1.34423014e-03
   3.47537170e+02   1.47379993e-03
   3.47537659e+02   2.81621190e-03
   3.47538147e+02   2.75212177e-03
   3.47538635e+02   2.21939874e-03
   3.47539124e+02   1.37755310e-03
   3.47539612e+02   1.43724051e-03
   3.47540100e+02   2.51146569e-03
   3.47540589e+02   1.57251256e-03
   3.47541077e+02  -9.41132719e-04
   3.47541565e+02  -1.56448281e-03
   3.47542054e+02  -6.45528189e-06
   3.47542542e+02   1.02123292e-03
   3.47543030e+02   2.17231736e-03
   3.47543519e+02   3.83339915e-03
   3.47544007e+02   5.09709725e-03
   3.47544495e+02   5.06629283e-03
   3.47544983e+02   3.21883243e-03
   3.47545472e+02   1.53534603e-03
   3.47545960e+02  -4.73104301e-05
   3.47546448e+02  -7.87325785e-04
   3.47546937e+02   4.64432669e-04
   3.47547425e+02   1.14273513e-03
   3.47547913e+02   2.60715577e-04
   3.47548402e+02   1.69427425e-04
   3.47548890e+02   6.80544588e-04
   3.47549378e+02  -6.72247901e-04
   3.47549867e+02  -1.17477053e-03
   3.47550355e+02  -7.17597082e-04
   3.47550843e+02  -1.60443806e-03
   3.47551331e+02  -2.31740391e-03
   3.47551820e+02  -1.47053832e-03
   3.47552308e+02   1.65425555e-03
   3.47552796e+02   4.51801904e-03
   3.47553285e+02   3.13910656e-03
   3.47553773e+02   9.28475056e-04
   3.47554261e+02   6.77291478e-04
   3.47554750e+02  -1.20700139e-03
   3.47555238e+02  -2.40349513e-03
   3.47555726e+02   8.15053761e-04
   3.47556215e+02   3.86302802e-03
   3.47556703e+02   3.77894356e-03
   3.47557191e+02   2.76279217e-03
   3.47557679e+02   1.10223156e-03
   3.47558168e+02  -1.22917804e-03
   3.47558656e+02  -2.09149672e-03
   3.47559144e+02  -2.57961266e-03
   3.47559633e+02  -2.79642106e-03
   3.47560121e+02  -9.35076154e-04
   3.47560609e+02   1.35838508e-03
   3.47561098e+02   6.92398404e-04
   3.47561586e+02  -1.62283657e-03
   3.47562074e+02  -1.35174720e-03
   3.47562563e+02   1.39524147e-03
   3.47563051e+02   3.37273884e-03
   3.47563539e+02   2.27620685e-03
   3.47564027e+02   2.78827676e-04
   3.47564516e+02   4.13037022e-04
   3.47565004e+02   1.06253661e-03
   3.47565492e+02   1.50650297e-03
   3.47565981e+02   7.94007094e-04
   3.47566469e+02   1.31955851e-04
   3.47566957e+02   5.07407589e-04
   3.47567446e+02  -5.19396795e-04
   3.47567934e+02  -1.37096446e-03
   3.47568422e+02  -1.86832633e-03
   3.47568911e+02  -1.40739675e-03
   3.47569399e+02   9.99104930e-04
   3.47569887e+02   1.59128336e-03
   3.47570375e+02   1.05155141e-05
   3.47570864e+02  -1.38031761e-03
   3.47571352e+02  -5.79855288e-04
   3.47571840e+02   1.18898158e-03
   3.47572329e+02   1.35675713e-03
   3.47572817e+02   1.23379903e-03
   3.47573305e+02   1.70645677e-03
   3.47573794e+02   1.38317852e-03
   3.47574282e+02   6.85934865e-05
   3.47574770e+02  -2.58929376e-03
   3.47575259e+02  -5.21305390e-03
   3.47575747e+02  -4.63673752e-03
   3.47576235e+02  -2.26123165e-03
   3.47576723e+02  -8.41818633e-04
   3.47577212e+02   7.55824789e-04
   3.47577700e+02   2.01135105e-03
   3.47578188e+02   7.52256718e-04
   3.47578677e+02  -1.45087414e-03
   3.47579165e+02  -1.19217136e-03
   3.47579653e+02   1.91887186e-04
   3.47580142e+02   1.29078783e-03
   3.47580630e+02   1.54879875e-03
   3.47581118e+02   1.18847121e-03
   3.47581607e+02   2.09247359e-04
   3.47582095e+02  -7.91738275e-04
   3.47582583e+02  -1.04844279e-03
   3.47583072e+02   8.73518293e-05
   3.47583560e+02   1.66333304e-03
   3.47584048e+02   1.02304190e-03
   3.47584536e+02  -7.72040512e-04
   3.47585025e+02  -8.30217090e-04
   3.47585513e+02  -1.90992770e-03
   3.47586001e+02  -2.75040441e-03
   3.47586490e+02  -5.26990509e-04
   3.47586978e+02   1.74662739e-04
   3.47587466e+02  -1.15337386e-03
   3.47587955e+02  -3.04607674e-04
   3.47588443e+02   1.40948489e-03
   3.47588931e+02   1.18398527e-03
   3.47589420e+02   6.53416209e-05
   3.47589908e+02   3.73790768e-04
   3.47590396e+02  -9.34033655e-04
   3.47590884e+02  -3.13109509e-03
   3.47591373e+02  -1.87849184e-03
   3.47591861e+02   3.33170639e-04
   3.47592349e+02   8.34662002e-04
   3.47592838e+02   2.00951309e-03
   3.47593326e+02   4.25107591e-03
   3.47593814e+02   3.08152637e-03
   3.47594303e+02  -5.80168446e-04
   3.47594791e+02  -2.22044718e-03
   3.47595279e+02  -2.41679605e-03
   3.47595768e+02  -2.52716057e-03
   3.47596256e+02  -2.85144988e-03
   3.47596744e+02  -2.68428703e-03
   3.47597232e+02  -1.21925492e-03
   3.47597721e+02   3.44461121e-04
   3.47598209e+02   1.52941956e-03
   3.47598697e+02   1.33432145e-03
   3.47599186e+02  -6.64847670e-04
   3.47599674e+02  -1.53004506e-03
   3.47600162e+02  -1.13661436e-03
   3.47600651e+02  -1.01532110e-04
   3.47601139e+02   1.16548897e-03
   3.47601627e+02   1.19989330e-03
   3.47602116e+02   7.87610887e-04
   3.47602604e+02  -1.10355602e-03
   3.47603092e+02  -3.25243897e-03
   3.47603580e+02  -3.18364799e-03
   3.47604069e+02  -6.52834482e-04
   3.47604557e+02   1.68754638e-03
   3.47605045e+02   1.24359259e-03
   3.47605534e+02  -7.54387816e-04
   3.47606022e+02  -2.38897535e-03
   3.47606510e+02  -2.80579040e-03
   3.47606999e+02  -2.25937204e-03
   3.47607487e+02  -2.31608958e-03
   3.47607975e+02  -2.71406118e-03
   3.47608464e+02  -9.48366767e-04
   3.47608952e+02   4.46202030e-04
   3.47609440e+02  -6.46644447e-04
   3.47609928e+02  -8.67866154e-04
   3.47610417e+02  -3.80910933e-04
   3.47610905e+02  -1.31990667e-03
   3.47611393e+02  -1.75085431e-03
   3.47611882e+02  -1.27106137e-03
   3.47612370e+02  -2.22059680e-04
   3.47612858e+02   1.46429369e-03
   3.47613347e+02   1.23893481e-03
   3.47613835e+02   1.17896288e-03
   3.47614323e+02   2.23649619e-03
   3.47614812e+02   8.09038640e-04
   3.47615300e+02   8.54148297e-04
   3.47615788e+02   2.77401414e-03
   3.47616276e+02   1.89107598e-03
   3.47616765e+02   1.13366917e-03
   3.47617253e+02   1.29927322e-03
   3.47617741e+02  -4.48421692e-04
   3.47618230e+02  -1.92012126e-03
   3.47618718e+02  -3.76073789e-04
   3.47619206e+02   2.54143379e-03
   3.47619695e+02   3.48577416e-03
   3.47620183e+02   2.63089710e-03
   3.47620671e+02   2.34084763e-03
   3.47621160e+02   1.07614405e-03
   3.47621648e+02  -2.01475086e-06
   3.47622136e+02   1.31651654e-03
   3.47622625e+02   2.59078713e-03
   3.47623113e+02   1.48215180e-03
   3.47623601e+02  -2.34289817e-03
   3.47624089e+02  -5.10106701e-03
   3.47624578e+02  -4.71600238e-03
   3.47625066e+02  -3.15104867e-03
   3.47625554e+02  -6.13251614e-05
   3.47626043e+02   2.02284264e-03
   3.47626531e+02   8.58082727e-04
   3.47627019e+02  -5.03813644e-05
   3.47627508e+02   3.77125718e-04
   3.47627996e+02   1.18564372e-03
   3.47628484e+02   1.08584680e-03
   3.47628973e+02  -2.02089967e-03
   3.47629461e+02  -3.93459387e-03
   3.47629949e+02  -2.16494570e-03
   3.47630437e+02  -9.24216438e-05
   3.47630926e+02   9.95666836e-04
   3.47631414e+02   3.64439562e-04
   3.47631902e+02   3.51346738e-04
   3.47632391e+02   1.55534758e-03
   3.47632879e+02   1.13520515e-03
   3.47633367e+02  -1.73794199e-03
   3.47633856e+02  -3.67454044e-03
   3.47634344e+02  -1.34433876e-03
   3.47634832e+02   1.44420762e-03
   3.47635321e+02   2.30717356e-03
   3.47635809e+02   2.46042362e-03
   3.47636297e+02   1.47033064e-03
   3.47636785e+02   4.96954453e-05
   3.47637274e+02  -1.81234302e-03
   3.47637762e+02  -3.16061149e-03
   3.47638250e+02  -2.74994946e-03
   3.47638739e+02  -3.04424961e-04
   3.47639227e+02   1.61707785e-03
   3.47639715e+02   8.77047074e-04
   3.47640204e+02  -4.43510828e-04
   3.47640692e+02   6.93514652e-04
   3.47641180e+02   1.89862587e-03
   3.47641669e+02   1.99170652e-04
   3.47642157e+02  -1.46145432e-03
   3.47642645e+02  -1.02792575e-03
   3.47643133e+02   4.97009256e-04
   3.47643622e+02   5.46652707e-04
   3.47644110e+02  -1.57072116e-03
   3.47644598e+02  -2.74915644e-03
   3.47645087e+02  -1.71799888e-03
   3.47645575e+02   1.24648237e-03
   3.47646063e+02   2.68045906e-03
   3.47646552e+02   9.57796758e-04
   3.47647040e+02   5.64642891e-04
   3.47647528e+02  -2.46880209e-05
   3.47648017e+02  -4.08789550e-04
   3.47648505e+02   1.28546485e-03
   3.47648993e+02   2.00037798e-03
   3.47649481e+02   2.35354318e-03
   3.47649970e+02   2.62662116e-03
   3.47650458e+02   2.34343461e-03
   3.47650946e+02   3.10236076e-03
   3.47651435e+02   2.98384717e-03
   3.47651923e+02   1.15461450e-03
   3.47652411e+02   7.49500003e-04
   3.47652900e+02   6.34694879e-04
   3.47653388e+02  -6.44547399e-04
   3.47653876e+02  -6.99788623e-04
   3.47654365e+02  -6.97966680e-05
   3.47654853e+02  -3.61384562e-04
   3.47655341e+02  -2.99567269e-04
   3.47655829e+02  -5.52158046e-04
   3.47656318e+02  -1.13933370e-03
   3.47656806e+02   4.58802824e-04
   3.47657294e+02   3.11674923e-03
   3.47657783e+02   4.22477955e-03
   3.47658271e+02   3.01775034e-03
   3.47658759e+02   1.18959858e-03
   3.47659248e+02   3.98637523e-04
   3.47659736e+02   1.10263820e-03
   3.47660224e+02   2.17710622e-03
   3.47660713e+02   9.86656989e-04
   3.47661201e+02  -1.13801507e-03
   3.47661689e+02  -1.54788920e-03
   3.47662177e+02  -1.98410708e-03
   3.47662666e+02  -2.06378894e-03
   3.47663154e+02  -4.62707132e-04
   3.47663642e+02   8.97509803e-04
   3.47664131e+02   1.28292118e-03
   3.47664619e+02   1.97634334e-03
   3.47665107e+02   6.00084837e-04
   3.47665596e+02  -3.10500641e-03
   3.47666084e+02  -3.21276556e-03
   3.47666572e+02  -1.63714541e-03
   3.47667061e+02  -8.16996791e-04
   3.47667549e+02   8.93875433e-04
   3.47668037e+02   4.97248184e-05
   3.47668526e+02  -3.04821040e-03
   3.47669014e+02  -2.15273490e-03
   3.47669502e+02   8.30222969e-04
   3.47669990e+02   1.25259592e-03
   3.47670479e+02   1.23797858e-03
   3.47670967e+02   1.71811355e-03
   3.47671455e+02   1.47368573e-03
   3.47671944e+02   2.41713729e-04
   3.47672432e+02  -2.72827747e-04
   3.47672920e+02   1.10026391e-03
   3.47673409e+02   2.75722193e-03
   3.47673897e+02   3.51127400e-03
   3.47674385e+02   3.10266321e-03
   3.47674874e+02   2.44195433e-03
   3.47675362e+02   1.20394572e-03
   3.47675850e+02  -8.48299998e-04
   3.47676338e+02  -2.44369777e-03
   3.47676827e+02  -1.53155893e-03
   3.47677315e+02  -4.70814062e-04
   3.47677803e+02  -5.89034578e-04
   3.47678292e+02  -5.49474171e-05
   3.47678780e+02   5.28283708e-05
   3.47679268e+02   1.60398224e-04
   3.47679757e+02   4.09666711e-04
   3.47680245e+02   2.16800283e-04
   3.47680733e+02   8.21406793e-05
   3.47681222e+02  -8.55157210e-04
   3.47681710e+02  -3.42368311e-03
   3.47682198e+02  -5.75764803e-03
   3.47682686e+02  -4.61945683e-03
   3.47683175e+02  -1.18229282e-03
   3.47683663e+02   5.07698627e-04
   3.47684151e+02   7.55196888e-05
   3.47684640e+02  -6.00424246e-04
   3.47685128e+02  -1.25384971e-03
   3.47685616e+02  -2.08896585e-03
   3.47686105e+02  -1.97127159e-03
   3.47686593e+02  -1.24232165e-05
   3.47687081e+02   2.19798135e-03
   3.47687570e+02   3.31088970e-03
   3.47688058e+02   2.30455003e-03
   3.47688546e+02   3.94283386e-04
   3.47689034e+02   1.10787223e-03
   3.47689523e+02   2.23960285e-03
   3.47690011e+02  -1.24380589e-04
   3.47690499e+02  -2.45317770e-03
   3.47690988e+02  -2.46491539e-03
   3.47691476e+02  -9.23768326e-04
   3.47691964e+02   4.63873293e-04
   3.47692453e+02   3.38663696e-04
   3.47692941e+02   4.32598972e-05
   3.47693429e+02  -7.53585133e-04
   3.47693918e+02  -1.86443958e-05
   3.47694406e+02   1.03751267e-03
   3.47694894e+02   1.10600609e-03
