frequency (GHz), flux (Jy/beam)
   3.56198789e+02  -7.32107786e-04
   3.56199277e+02  -5.16175351e-04
   3.56199766e+02  -5.77409344e-04
   3.56200254e+02  -6.39380829e-04
   3.56200742e+02  -3.39659222e-04
   3.56201231e+02  -3.83844272e-05
   3.56201719e+02   1.37494237e-04
   3.56202207e+02   3.08894581e-04
   3.56202695e+02   2.97285751e-05
   3.56203184e+02  -1.37156021e-04
   3.56203672e+02   1.89490922e-04
   3.56204160e+02   3.75692180e-04
   3.56204649e+02   4.96717053e-04
   3.56205137e+02   3.45549459e-04
   3.56205625e+02  -2.62594876e-05
   3.56206114e+02  -3.53264681e-04
   3.56206602e+02  -6.26515772e-04
   3.56207090e+02  -5.01378207e-04
   3.56207579e+02  -3.20776220e-04
   3.56208067e+02  -3.09810101e-04
   3.56208555e+02  -1.61790231e-04
   3.56209044e+02  -2.89930264e-04
   3.56209532e+02  -4.03584825e-04
   3.56210020e+02  -1.71336244e-04
   3.56210508e+02   1.87314672e-05
   3.56210997e+02   1.75485897e-04
   3.56211485e+02   2.33623083e-04
   3.56211973e+02   2.50549958e-04
   3.56212462e+02   4.35802882e-04
   3.56212950e+02   5.78998122e-04
   3.56213438e+02   3.73165996e-04
   3.56213927e+02   3.58652619e-06
   3.56214415e+02   1.42046076e-04
   3.56214903e+02   7.92028499e-04
   3.56215392e+02   7.14392518e-04
   3.56215880e+02   6.17155019e-05
   3.56216368e+02  -3.73218136e-05
   3.56216856e+02   1.28647938e-04
   3.56217345e+02   1.11786510e-04
   3.56217833e+02   9.43987616e-05
   3.56218321e+02  -8.09068733e-05
   3.56218810e+02  -1.09506662e-04
   3.56219298e+02   6.18515362e-04
   3.56219786e+02   9.23319662e-04
   3.56220275e+02   7.65752848e-05
   3.56220763e+02  -5.78200095e-04
   3.56221251e+02  -3.42275394e-04
   3.56221740e+02  -1.68214494e-04
   3.56222228e+02  -7.41949916e-05
   3.56222716e+02   5.38914283e-05
   3.56223204e+02  -1.53350134e-04
   3.56223693e+02  -6.85327628e-04
   3.56224181e+02  -7.73312524e-04
   3.56224669e+02  -6.93338632e-04
   3.56225158e+02  -9.16706107e-04
   3.56225646e+02  -6.42432831e-04
   3.56226134e+02   4.37142808e-05
   3.56226623e+02   2.03879565e-04
   3.56227111e+02  -5.12164916e-05
   3.56227599e+02  -2.54409737e-04
   3.56228088e+02  -2.45720177e-04
   3.56228576e+02  -4.37227165e-04
   3.56229064e+02  -6.71158137e-04
   3.56229552e+02  -2.24425385e-04
   3.56230041e+02   6.39754406e-04
   3.56230529e+02   1.16816279e-03
   3.56231017e+02   9.99415875e-04
   3.56231506e+02   3.91874200e-04
   3.56231994e+02  -1.77037378e-04
   3.56232482e+02  -5.07893623e-04
   3.56232971e+02  -5.02376468e-04
   3.56233459e+02  -5.49013901e-04
   3.56233947e+02  -5.83622837e-04
   3.56234436e+02  -3.76765311e-05
   3.56234924e+02   4.23911290e-04
   3.56235412e+02   5.29885816e-04
   3.56235900e+02   2.14968488e-04
   3.56236389e+02  -1.88160193e-04
   3.56236877e+02  -4.60002666e-05
   3.56237365e+02   3.25028115e-04
   3.56237854e+02   2.98856728e-04
   3.56238342e+02   1.66812504e-04
   3.56238830e+02   6.57803204e-04
   3.56239319e+02   1.09468447e-03
   3.56239807e+02   1.23950432e-03
   3.56240295e+02   1.34830095e-03
   3.56240784e+02   9.97775001e-04
   3.56241272e+02   4.71400941e-04
   3.56241760e+02   1.74024492e-04
   3.56242248e+02   1.19658391e-04
   3.56242737e+02   5.49151955e-05
   3.56243225e+02  -7.53361383e-05
   3.56243713e+02   8.52552039e-05
   3.56244202e+02   9.22079416e-05
   3.56244690e+02   4.36532573e-05
   3.56245178e+02  -1.28147745e-04
   3.56245667e+02  -5.03290852e-04
   3.56246155e+02  -5.62141242e-04
   3.56246643e+02  -1.50683918e-04
   3.56247132e+02   1.43174519e-04
   3.56247620e+02  -1.69884632e-04
   3.56248108e+02  -2.77663086e-04
   3.56248597e+02   7.10158856e-05
   3.56249085e+02  -2.69361160e-04
   3.56249573e+02  -5.98662766e-04
   3.56250061e+02  -6.17206562e-04
   3.56250550e+02  -8.27015785e-04
   3.56251038e+02  -3.98601464e-04
   3.56251526e+02   2.91458215e-04
   3.56252015e+02   3.20791587e-04
   3.56252503e+02   2.43558621e-04
   3.56252991e+02   1.50563774e-05
   3.56253480e+02  -1.89496015e-04
   3.56253968e+02  -1.17944903e-04
   3.56254456e+02  -2.07206290e-06
   3.56254945e+02   1.62109107e-04
   3.56255433e+02   1.18033378e-04
   3.56255921e+02  -2.26310789e-04
   3.56256409e+02  -4.59848117e-04
   3.56256898e+02   5.38348431e-05
   3.56257386e+02   6.98039716e-04
   3.56257874e+02   3.42469080e-04
   3.56258363e+02  -2.92672514e-04
   3.56258851e+02   3.80247438e-05
   3.56259339e+02   6.27893780e-04
   3.56259828e+02   8.15496722e-04
   3.56260316e+02   7.56879046e-04
   3.56260804e+02   2.70342804e-04
   3.56261293e+02   1.60711657e-04
   3.56261781e+02   5.29697689e-04
   3.56262269e+02   3.30259994e-04
   3.56262757e+02   1.80659990e-04
   3.56263246e+02   3.50748771e-04
   3.56263734e+02   5.44849841e-04
   3.56264222e+02   6.74067182e-04
   3.56264711e+02   1.18197036e-04
   3.56265199e+02  -3.24849039e-04
   3.56265687e+02   2.84074340e-04
   3.56266176e+02   5.32758946e-04
   3.56266664e+02  -6.80411613e-05
   3.56267152e+02  -3.20935826e-04
   3.56267641e+02  -3.81988735e-04
   3.56268129e+02  -4.97334462e-04
   3.56268617e+02  -2.25833122e-04
   3.56269105e+02   2.80809036e-04
   3.56269594e+02   7.67193967e-04
   3.56270082e+02   8.88222014e-04
   3.56270570e+02   7.19591102e-04
   3.56271059e+02   3.08530667e-04
   3.56271547e+02  -3.32722178e-04
   3.56272035e+02  -3.18645034e-04
   3.56272524e+02   2.45578762e-04
   3.56273012e+02   3.51438910e-04
   3.56273500e+02  -1.69878535e-04
   3.56273989e+02  -4.50948690e-04
   3.56274477e+02  -3.94069823e-04
   3.56274965e+02  -2.66160438e-04
   3.56275453e+02  -1.80032279e-04
   3.56275942e+02   4.14195783e-05
   3.56276430e+02  -4.15761860e-05
   3.56276918e+02  -4.34119633e-04
   3.56277407e+02  -2.98898376e-04
   3.56277895e+02   1.88326652e-04
   3.56278383e+02   4.94924781e-04
   3.56278872e+02   3.74632276e-04
   3.56279360e+02   2.29990765e-04
   3.56279848e+02   3.26846872e-04
   3.56280337e+02   5.09089499e-04
   3.56280825e+02   5.14035055e-04
   3.56281313e+02   1.03517617e-04
   3.56281801e+02  -4.58652532e-04
   3.56282290e+02  -6.00974192e-04
   3.56282778e+02  -2.59150489e-04
   3.56283266e+02  -5.07087952e-06
   3.56283755e+02  -1.28967280e-04
   3.56284243e+02  -5.72169956e-05
   3.56284731e+02   1.87717902e-04
   3.56285220e+02  -2.53182283e-04
   3.56285708e+02  -5.98222075e-04
   3.56286196e+02  -1.64655523e-06
   3.56286685e+02   3.38896614e-04
   3.56287173e+02  -1.08183420e-04
   3.56287661e+02  -1.46485050e-04
   3.56288150e+02   6.07747294e-04
   3.56288638e+02   9.56320087e-04
   3.56289126e+02   6.54281408e-04
   3.56289614e+02   4.95227636e-04
   3.56290103e+02   1.72432425e-04
   3.56290591e+02  -1.26001614e-04
   3.56291079e+02  -2.56641233e-05
   3.56291568e+02   3.67099536e-04
   3.56292056e+02   3.84330313e-04
   3.56292544e+02  -8.96295314e-05
   3.56293033e+02  -2.08277852e-04
   3.56293521e+02   1.35808164e-04
   3.56294009e+02   1.81490963e-04
   3.56294498e+02  -4.26207174e-04
   3.56294986e+02  -6.06702873e-04
   3.56295474e+02   8.88969225e-05
   3.56295962e+02   2.76676641e-04
   3.56296451e+02  -2.16144501e-04
   3.56296939e+02  -5.22185815e-04
   3.56297427e+02  -5.73055993e-04
   3.56297916e+02  -1.54974769e-04
   3.56298404e+02   2.64036731e-04
   3.56298892e+02  -3.11486292e-05
   3.56299381e+02  -4.11162386e-04
   3.56299869e+02  -5.68371725e-05
   3.56300357e+02   1.18065458e-04
   3.56300846e+02   1.65534162e-04
   3.56301334e+02   3.67520232e-04
   3.56301822e+02   2.21675044e-04
   3.56302310e+02   6.87385691e-05
   3.56302799e+02  -2.10420822e-05
   3.56303287e+02  -1.66965328e-04
   3.56303775e+02  -1.76284841e-04
   3.56304264e+02  -9.00120940e-05
   3.56304752e+02  -1.22917336e-04
   3.56305240e+02  -1.87884405e-04
   3.56305729e+02   7.18497031e-05
   3.56306217e+02   2.10735088e-04
   3.56306705e+02  -2.92943238e-04
   3.56307194e+02  -7.46934325e-04
   3.56307682e+02  -4.78003931e-04
   3.56308170e+02  -1.44619567e-04
   3.56308658e+02  -2.33041701e-05
   3.56309147e+02   1.79120529e-04
   3.56309635e+02   1.23250356e-04
   3.56310123e+02  -1.42468023e-04
   3.56310612e+02  -4.37972085e-05
   3.56311100e+02   4.32241126e-04
   3.56311588e+02   8.52466561e-04
   3.56312077e+02   6.35316188e-04
   3.56312565e+02   1.47337778e-04
   3.56313053e+02  -6.94319970e-05
   3.56313542e+02  -1.77306920e-05
   3.56314030e+02   6.58234232e-04
   3.56314518e+02   8.98533792e-04
   3.56315006e+02   4.83631826e-04
   3.56315495e+02  -3.66050022e-04
   3.56315983e+02  -6.85546664e-04
   3.56316471e+02  -3.09680589e-04
   3.56316960e+02  -2.16834123e-05
   3.56317448e+02   3.62352381e-04
   3.56317936e+02   8.52957193e-04
   3.56318425e+02   5.64337242e-04
   3.56318913e+02   1.85961952e-04
   3.56319401e+02   9.18219666e-05
   3.56319890e+02   1.31440145e-04
   3.56320378e+02   1.28667471e-05
   3.56320866e+02  -2.47957971e-04
   3.56321354e+02  -3.03452718e-04
   3.56321843e+02  -3.42869695e-04
   3.56322331e+02  -3.51417490e-04
   3.56322819e+02  -9.06224523e-05
   3.56323308e+02  -2.05704913e-04
   3.56323796e+02  -5.60025044e-04
   3.56324284e+02  -4.56097041e-04
   3.56324773e+02  -4.54912864e-04
   3.56325261e+02  -4.81272466e-04
   3.56325749e+02  -2.60617991e-04
   3.56326238e+02  -2.60884146e-04
   3.56326726e+02  -2.73765356e-04
   3.56327214e+02  -2.58207932e-04
   3.56327702e+02  -6.16254038e-05
   3.56328191e+02   2.54921964e-04
   3.56328679e+02   2.34884879e-04
   3.56329167e+02  -4.86437375e-06
   3.56329656e+02  -2.45271716e-04
   3.56330144e+02  -4.68679762e-04
   3.56330632e+02  -6.90325862e-04
   3.56331121e+02  -6.35058270e-04
   3.56331609e+02  -1.61893229e-04
   3.56332097e+02   4.57009082e-05
   3.56332586e+02   2.80806235e-05
   3.56333074e+02   1.68982206e-05
   3.56333562e+02  -7.73661086e-05
   3.56334051e+02  -3.00449930e-04
   3.56334539e+02  -3.32471420e-04
   3.56335027e+02  -1.36605031e-05
   3.56335515e+02   8.72957098e-05
   3.56336004e+02   1.03706108e-04
   3.56336492e+02   3.29194037e-04
   3.56336980e+02   3.25404835e-04
   3.56337469e+02   3.83127248e-04
   3.56337957e+02   4.77946887e-04
   3.56338445e+02   9.95905575e-05
   3.56338934e+02  -4.25813632e-04
   3.56339422e+02  -7.82659277e-04
   3.56339910e+02  -2.71505705e-04
   3.56340399e+02   4.37805487e-04
   3.56340887e+02   1.38258052e-04
   3.56341375e+02  -1.18680975e-04
   3.56341863e+02   4.68127604e-04
   3.56342352e+02   9.35158809e-04
   3.56342840e+02   4.73868509e-04
   3.56343328e+02  -2.42684793e-04
   3.56343817e+02  -2.80289678e-04
   3.56344305e+02  -9.74478316e-05
   3.56344793e+02  -1.75578796e-04
   3.56345282e+02  -2.10947910e-04
   3.56345770e+02  -2.93134333e-04
   3.56346258e+02  -3.36157798e-04
   3.56346747e+02   1.61969234e-04
   3.56347235e+02   7.36380985e-04
   3.56347723e+02   2.63303547e-04
   3.56348211e+02  -5.72882011e-04
   3.56348700e+02  -5.25668205e-04
   3.56349188e+02  -1.60805997e-04
   3.56349676e+02   2.08537131e-05
   3.56350165e+02   9.76210285e-05
   3.56350653e+02   5.00002236e-04
   3.56351141e+02   7.86871766e-04
   3.56351630e+02   4.91987623e-04
   3.56352118e+02   4.06135077e-04
   3.56352606e+02   4.43293276e-04
   3.56353095e+02   8.45271716e-05
   3.56353583e+02  -4.26126673e-04
   3.56354071e+02  -5.40888403e-04
   3.56354559e+02  -1.69778665e-04
   3.56355048e+02  -3.16177669e-04
   3.56355536e+02  -4.13477537e-04
   3.56356024e+02  -1.80463641e-04
   3.56356513e+02  -2.61709007e-04
   3.56357001e+02  -1.62015785e-04
   3.56357489e+02  -7.30768515e-05
   3.56357978e+02  -3.85289131e-05
   3.56358466e+02   1.42895326e-04
   3.56358954e+02   6.01468419e-05
   3.56359443e+02  -1.62875076e-04
   3.56359931e+02  -1.34867980e-04
   3.56360419e+02  -2.97532351e-05
   3.56360907e+02   5.78295221e-05
   3.56361396e+02   3.13152210e-04
   3.56361884e+02   5.58935513e-04
   3.56362372e+02   6.77619886e-04
   3.56362861e+02   5.68555028e-04
   3.56363349e+02  -1.94168621e-04
   3.56363837e+02  -7.37693277e-04
   3.56364326e+02  -7.35842506e-04
   3.56364814e+02  -2.42052905e-04
   3.56365302e+02   2.36533757e-04
   3.56365791e+02  -8.47362571e-06
   3.56366279e+02  -4.28267493e-04
   3.56366767e+02  -2.30734440e-04
   3.56367255e+02   2.40550449e-04
   3.56367744e+02   7.34970745e-05
   3.56368232e+02  -5.68980642e-04
   3.56368720e+02  -5.62464586e-04
   3.56369209e+02   1.59799572e-04
   3.56369697e+02   7.71261519e-04
   3.56370185e+02   7.35875976e-04
   3.56370674e+02   3.85640335e-04
   3.56371162e+02   4.13006288e-04
   3.56371650e+02   6.47421519e-04
   3.56372139e+02   3.62759631e-04
   3.56372627e+02   3.90691188e-04
   3.56373115e+02   3.57385492e-04
   3.56373604e+02   2.55267660e-04
   3.56374092e+02   4.58161579e-04
   3.56374580e+02   7.55581015e-04
   3.56375068e+02   4.30132990e-04
   3.56375557e+02  -1.84845012e-05
   3.56376045e+02  -3.26236535e-04
   3.56376533e+02  -2.57235166e-04
   3.56377022e+02   2.15984430e-04
   3.56377510e+02   2.43978124e-04
   3.56377998e+02   7.08402440e-05
   3.56378487e+02   1.23021455e-04
   3.56378975e+02  -1.67840408e-04
   3.56379463e+02  -7.11377477e-04
   3.56379952e+02  -4.43092635e-04
   3.56380440e+02   2.64999020e-04
   3.56380928e+02   4.83830256e-04
   3.56381416e+02   3.24455614e-05
   3.56381905e+02  -5.17047709e-04
   3.56382393e+02  -5.78704814e-04
   3.56382881e+02  -2.85936607e-04
   3.56383370e+02  -3.44939763e-05
   3.56383858e+02  -2.92246641e-05
   3.56384346e+02  -6.51654627e-05
   3.56384835e+02  -1.40649092e-04
   3.56385323e+02   8.37677871e-05
   3.56385811e+02   7.24351325e-04
   3.56386300e+02   6.53981173e-04
   3.56386788e+02  -1.10602210e-04
   3.56387276e+02  -5.83744550e-05
   3.56387764e+02   2.94253608e-04
   3.56388253e+02  -2.31921207e-04
   3.56388741e+02  -4.51162807e-04
   3.56389229e+02  -3.43675667e-04
   3.56389718e+02  -4.92784078e-04
   3.56390206e+02  -1.29458655e-04
   3.56390694e+02   4.21162025e-04
   3.56391183e+02   3.51967785e-04
   3.56391671e+02  -6.02606851e-05
   3.56392159e+02  -1.79284296e-04
   3.56392648e+02   1.33270922e-04
   3.56393136e+02   3.85848311e-04
   3.56393624e+02   3.50887894e-05
   3.56394112e+02  -2.44217168e-04
   3.56394601e+02  -4.01858015e-05
   3.56395089e+02   3.26898851e-04
   3.56395577e+02   5.50681842e-04
   3.56396066e+02   3.45530367e-04
   3.56396554e+02   1.38330841e-04
   3.56397042e+02   2.50604848e-04
   3.56397531e+02   2.39849061e-04
   3.56398019e+02  -8.00114722e-05
   3.56398507e+02  -1.47669518e-04
   3.56398996e+02   1.65952326e-04
   3.56399484e+02   3.60300619e-04
   3.56399972e+02   3.14313831e-04
   3.56400460e+02   2.04470234e-05
   3.56400949e+02  -1.92857347e-04
   3.56401437e+02   2.06155964e-04
   3.56401925e+02   2.98721570e-04
   3.56402414e+02   6.19467683e-05
   3.56402902e+02   1.22666479e-05
   3.56403390e+02  -1.31120119e-04
   3.56403879e+02   1.71584379e-05
   3.56404367e+02   4.31950291e-04
   3.56404855e+02   5.20435220e-04
   3.56405344e+02   3.09637078e-04
   3.56405832e+02  -1.75382724e-04
   3.56406320e+02  -4.78124566e-04
   3.56406808e+02  -9.16777935e-05
   3.56407297e+02   3.01992841e-04
   3.56407785e+02   3.92123533e-04
   3.56408273e+02   3.07196751e-04
   3.56408762e+02  -9.54904681e-05
   3.56409250e+02  -1.76756570e-04
   3.56409738e+02  -9.26595676e-05
   3.56410227e+02  -3.63790139e-04
   3.56410715e+02  -4.41149721e-04
   3.56411203e+02  -4.12603345e-04
   3.56411692e+02  -4.10957640e-04
   3.56412180e+02   6.54685573e-06
   3.56412668e+02   5.71074139e-04
   3.56413157e+02   4.13943751e-04
   3.56413645e+02  -2.44789280e-05
   3.56414133e+02  -3.54268501e-04
   3.56414621e+02  -5.83019748e-04
   3.56415110e+02  -7.64274213e-04
   3.56415598e+02  -7.35193375e-04
   3.56416086e+02  -3.38940794e-04
   3.56416575e+02  -7.13869013e-05
   3.56417063e+02  -4.11134679e-05
   3.56417551e+02   3.49854017e-05
   3.56418040e+02  -6.93593538e-05
   3.56418528e+02  -6.59422949e-05
   3.56419016e+02  -2.47492862e-04
   3.56419505e+02  -6.69987057e-04
   3.56419993e+02  -6.25840039e-04
   3.56420481e+02  -2.04406650e-04
   3.56420969e+02   2.36311695e-04
   3.56421458e+02   2.72247067e-04
   3.56421946e+02   3.62833307e-05
   3.56422434e+02   2.73044774e-04
   3.56422923e+02   7.15152943e-04
   3.56423411e+02   2.25690252e-04
   3.56423899e+02  -2.51785648e-04
   3.56424388e+02   1.52528837e-05
   3.56424876e+02   2.91669712e-04
   3.56425364e+02   5.28706936e-04
   3.56425853e+02   8.49657517e-04
   3.56426341e+02   1.10716617e-03
   3.56426829e+02   8.86601105e-04
   3.56427317e+02   2.57601961e-04
   3.56427806e+02  -2.57717620e-04
   3.56428294e+02  -7.94020380e-05
   3.56428782e+02   3.95746174e-04
   3.56429271e+02   3.09596449e-04
   3.56429759e+02  -2.59481545e-04
   3.56430247e+02  -4.04654566e-04
   3.56430736e+02   5.21145084e-05
   3.56431224e+02   1.54352470e-04
   3.56431712e+02  -4.40925469e-05
   3.56432201e+02   3.38525599e-04
   3.56432689e+02   4.12496564e-04
   3.56433177e+02   4.92785592e-04
   3.56433665e+02   7.70165469e-04
   3.56434154e+02   4.37220384e-04
   3.56434642e+02   1.13751566e-05
   3.56435130e+02   5.46743968e-06
   3.56435619e+02   4.19518881e-04
   3.56436107e+02   6.88639353e-04
   3.56436595e+02   4.16513125e-04
   3.56437084e+02  -1.92552725e-05
   3.56437572e+02  -3.76799377e-04
   3.56438060e+02  -1.95657922e-04
   3.56438549e+02   3.17589176e-04
   3.56439037e+02   4.34104877e-04
   3.56439525e+02   2.23899886e-04
   3.56440013e+02   1.07121807e-04
   3.56440502e+02  -1.04683721e-04
   3.56440990e+02  -2.45430303e-04
   3.56441478e+02   4.79532646e-05
   3.56441967e+02   2.65752082e-04
   3.56442455e+02   3.32130221e-05
   3.56442943e+02  -2.28457080e-04
   3.56443432e+02  -2.03705960e-04
   3.56443920e+02   5.60860508e-06
   3.56444408e+02   3.60191334e-05
   3.56444897e+02   1.29349544e-04
   3.56445385e+02   2.29517842e-04
   3.56445873e+02   1.82705830e-04
   3.56446361e+02   1.73562818e-04
   3.56446850e+02   1.00003707e-03
   3.56447338e+02   3.58502939e-03
   3.56447826e+02   8.03971943e-03
   3.56448315e+02   1.24992151e-02
   3.56448803e+02   1.53607121e-02
   3.56449291e+02   1.81841254e-02
   3.56449780e+02   2.16182787e-02
   3.56450268e+02   2.47937050e-02
   3.56450756e+02   2.71903351e-02
   3.56451245e+02   2.92602275e-02
   3.56451733e+02   3.21721062e-02
   3.56452221e+02   3.48221026e-02
   3.56452710e+02   3.71214151e-02
   3.56453198e+02   3.96017879e-02
   3.56453686e+02   4.07868065e-02
   3.56454174e+02   4.00373787e-02
   3.56454663e+02   3.81271280e-02
   3.56455151e+02   3.54488492e-02
   3.56455639e+02   3.13485824e-02
   3.56456128e+02   2.54791938e-02
   3.56456616e+02   1.84882823e-02
   3.56457104e+02   1.21545168e-02
   3.56457593e+02   7.67010124e-03
   3.56458081e+02   5.13279904e-03
   3.56458569e+02   3.46051739e-03
   3.56459058e+02   2.54542218e-03
   3.56459546e+02   1.78242638e-03
   3.56460034e+02   1.12173776e-03
   3.56460522e+02   1.13513484e-03
   3.56461011e+02   1.19412586e-03
   3.56461499e+02   1.27168058e-03
   3.56461987e+02   1.17029680e-03
   3.56462476e+02   7.24391371e-04
   3.56462964e+02   4.89864091e-04
   3.56463452e+02   6.94558781e-04
   3.56463941e+02   5.96265832e-04
   3.56464429e+02   4.31893073e-04
   3.56464917e+02   8.63577152e-05
   3.56465406e+02  -1.12571091e-04
   3.56465894e+02   2.94384343e-04
   3.56466382e+02   1.86082747e-04
   3.56466870e+02   1.24947619e-04
   3.56467359e+02   3.75553209e-04
   3.56467847e+02   2.33733881e-04
   3.56468335e+02   1.52119901e-04
   3.56468824e+02   8.46821640e-05
   3.56469312e+02  -6.05161331e-05
   3.56469800e+02  -1.41210694e-04
   3.56470289e+02  -1.75913767e-04
   3.56470777e+02  -1.07094929e-04
   3.56471265e+02  -1.47486310e-06
   3.56471754e+02  -2.89780059e-04
   3.56472242e+02  -5.93954930e-04
   3.56472730e+02  -3.71773873e-04
   3.56473218e+02   2.55774590e-04
   3.56473707e+02   3.69274931e-04
   3.56474195e+02  -1.08862318e-04
   3.56474683e+02  -3.37225647e-04
   3.56475172e+02  -2.45794596e-04
   3.56475660e+02  -5.25980315e-04
   3.56476148e+02  -5.78979030e-04
   3.56476637e+02   3.75252748e-05
   3.56477125e+02   1.19578632e-04
   3.56477613e+02  -2.79005588e-04
   3.56478102e+02  -4.74295579e-04
   3.56478590e+02  -1.07686727e-04
   3.56479078e+02   5.91452408e-04
   3.56479566e+02   6.51848270e-04
   3.56480055e+02   9.63642524e-05
   3.56480543e+02   1.94184089e-04
   3.56481031e+02   4.54563473e-04
   3.56481520e+02   5.46843476e-05
   3.56482008e+02  -3.38625134e-04
   3.56482496e+02  -3.70954192e-04
   3.56482985e+02  -3.47025489e-04
   3.56483473e+02  -4.51482047e-04
   3.56483961e+02  -4.57821414e-04
   3.56484450e+02  -1.18185897e-04
   3.56484938e+02   1.60786512e-04
   3.56485426e+02   9.62065678e-05
   3.56485914e+02  -1.70287822e-04
   3.56486403e+02  -4.72377375e-04
   3.56486891e+02  -6.17910584e-04
   3.56487379e+02  -4.67757054e-04
   3.56487868e+02  -4.01854748e-04
   3.56488356e+02  -5.01070870e-04
   3.56488844e+02  -3.76848126e-04
   3.56489333e+02  -3.30947485e-04
   3.56489821e+02  -5.31084428e-04
   3.56490309e+02  -2.58038606e-04
   3.56490798e+02   1.09217181e-04
   3.56491286e+02  -2.32173392e-04
   3.56491774e+02  -6.10126706e-04
   3.56492263e+02  -3.48367612e-04
   3.56492751e+02  -4.08258202e-04
   3.56493239e+02  -9.50271788e-04
   3.56493727e+02  -1.15130993e-03
   3.56494216e+02  -1.12379959e-03
   3.56494704e+02  -1.11504889e-03
   3.56495192e+02  -9.49381909e-04
   3.56495681e+02  -5.57274790e-04
   3.56496169e+02  -5.92587574e-04
   3.56496657e+02  -5.64296730e-04
   3.56497146e+02   7.96583699e-05
   3.56497634e+02   1.10018394e-04
   3.56498122e+02  -2.66891788e-04
   3.56498611e+02  -8.24981835e-05
   3.56499099e+02   2.55422638e-05
   3.56499587e+02  -1.08879751e-04
   3.56500075e+02  -2.29608995e-04
   3.56500564e+02  -6.33302669e-04
   3.56501052e+02  -6.97344425e-04
   3.56501540e+02   6.87092543e-05
   3.56502029e+02   2.98441912e-04
   3.56502517e+02  -4.93052183e-04
   3.56503005e+02  -4.89727594e-04
   3.56503494e+02   4.44145815e-04
   3.56503982e+02   5.76742925e-04
   3.56504470e+02   3.36706056e-04
   3.56504959e+02   4.87821031e-04
   3.56505447e+02   3.65553307e-04
   3.56505935e+02   3.97657313e-05
   3.56506423e+02  -1.98012480e-04
   3.56506912e+02  -4.55581350e-04
   3.56507400e+02  -4.59490053e-04
   3.56507888e+02  -2.01362738e-04
   3.56508377e+02  -6.37846606e-05
   3.56508865e+02   2.29809724e-04
   3.56509353e+02   4.19404998e-04
   3.56509842e+02   1.17314863e-04
   3.56510330e+02  -8.53823964e-04
   3.56510818e+02  -1.36344042e-03
   3.56511307e+02  -7.66516197e-04
   3.56511795e+02  -5.19966765e-04
   3.56512283e+02  -5.36984066e-04
   3.56512771e+02  -1.97119123e-04
   3.56513260e+02   1.02435442e-04
   3.56513748e+02   8.65961993e-05
   3.56514236e+02   1.12624228e-04
   3.56514725e+02   4.55787784e-04
   3.56515213e+02   1.93668020e-05
   3.56515701e+02  -7.14081572e-04
   3.56516190e+02  -7.23173376e-04
   3.56516678e+02  -6.50627248e-04
   3.56517166e+02  -4.69524151e-04
   3.56517655e+02  -2.80879758e-04
   3.56518143e+02  -1.12517657e-04
   3.56518631e+02  -9.72562120e-05
   3.56519119e+02  -1.82544027e-04
   3.56519608e+02  -3.17726488e-04
   3.56520096e+02  -3.61375278e-04
   3.56520584e+02   4.80457529e-05
   3.56521073e+02   1.87838217e-04
   3.56521561e+02   1.55002796e-04
   3.56522049e+02   5.96086727e-04
   3.56522538e+02   8.77849932e-04
   3.56523026e+02   4.15766146e-04
   3.56523514e+02  -2.30278747e-04
   3.56524003e+02  -4.86544828e-04
   3.56524491e+02  -3.55357624e-04
   3.56524979e+02  -2.24387826e-04
   3.56525467e+02  -2.77229730e-04
   3.56525956e+02  -1.18781572e-04
   3.56526444e+02   4.00752091e-04
   3.56526932e+02   4.21881268e-04
   3.56527421e+02  -2.54308572e-04
   3.56527909e+02  -4.94010863e-04
   3.56528397e+02  -4.40564763e-05
   3.56528886e+02   1.75856130e-05
   3.56529374e+02  -1.68632134e-04
   3.56529862e+02  -3.62530380e-04
   3.56530351e+02  -7.47899408e-04
   3.56530839e+02  -1.76879257e-04
   3.56531327e+02   9.14650853e-04
   3.56531816e+02   1.08038168e-03
   3.56532304e+02   7.27623294e-04
   3.56532792e+02   4.16031398e-04
   3.56533280e+02   2.26658813e-04
   3.56533769e+02   3.07276350e-04
   3.56534257e+02   1.46823877e-04
   3.56534745e+02   1.74131914e-04
   3.56535234e+02   3.25655448e-04
   3.56535722e+02   2.71313591e-04
   3.56536210e+02   4.43974568e-04
   3.56536699e+02   1.01440433e-04
   3.56537187e+02  -3.50881455e-04
   3.56537675e+02  -2.80652494e-05
   3.56538164e+02   8.04864248e-05
   3.56538652e+02  -9.78315220e-05
   3.56539140e+02  -1.27578591e-04
   3.56539628e+02   1.90561448e-04
   3.56540117e+02   4.07429907e-04
   3.56540605e+02   2.51844904e-04
   3.56541093e+02   1.17920288e-04
   3.56541582e+02  -3.30932271e-05
   3.56542070e+02  -1.08176231e-04
   3.56542558e+02  -1.75621317e-05
   3.56543047e+02   3.11227690e-04
   3.56543535e+02   2.32164821e-04
   3.56544023e+02  -2.81249504e-05
   3.56544512e+02  -7.47874801e-05
   3.56545000e+02   3.02832748e-04
   3.56545488e+02   7.56050227e-04
   3.56545976e+02   1.14848583e-04
   3.56546465e+02  -9.71729925e-04
   3.56546953e+02  -1.29440357e-03
   3.56547441e+02  -8.92911165e-04
   3.56547930e+02  -5.31199737e-04
   3.56548418e+02  -6.90302346e-04
   3.56548906e+02  -7.00985780e-04
   3.56549395e+02  -3.18075734e-04
   3.56549883e+02   1.75451423e-05
   3.56550371e+02  -2.46381423e-05
   3.56550860e+02  -2.71965429e-04
   3.56551348e+02  -1.34464120e-04
   3.56551836e+02   2.86934257e-04
   3.56552324e+02   3.78827128e-04
   3.56552813e+02   3.35718767e-04
   3.56553301e+02  -3.68294168e-05
   3.56553789e+02  -2.60886882e-04
   3.56554278e+02  -4.23570018e-05
   3.56554766e+02  -1.27218635e-04
   3.56555254e+02  -1.61863412e-04
   3.56555743e+02  -7.14556081e-05
   3.56556231e+02   2.39148685e-05
   3.56556719e+02   2.72930862e-04
   3.56557208e+02  -2.10207509e-04
   3.56557696e+02  -4.82586940e-04
   3.56558184e+02  -3.03125435e-05
   3.56558672e+02   3.75193718e-04
   3.56559161e+02   6.02622982e-04
   3.56559649e+02   3.68448324e-04
   3.56560137e+02  -1.06030348e-04
   3.56560626e+02  -3.65776650e-04
   3.56561114e+02   1.10485002e-04
   3.56561602e+02   6.64061576e-04
   3.56562091e+02   1.30143540e-04
   3.56562579e+02  -2.79269327e-04
   3.56563067e+02   3.56293167e-05
   3.56563556e+02   1.40525895e-04
   3.56564044e+02  -1.36927265e-04
   3.56564532e+02  -7.36523245e-04
   3.56565020e+02  -9.68116743e-04
   3.56565509e+02  -2.89383199e-04
   3.56565997e+02   2.68382952e-04
   3.56566485e+02   4.28798696e-04
   3.56566974e+02   5.79301151e-04
   3.56567462e+02   6.38262602e-04
   3.56567950e+02   4.63050645e-04
   3.56568439e+02  -2.96511680e-05
   3.56568927e+02  -3.68429261e-04
   3.56569415e+02  -1.29869062e-04
   3.56569904e+02   6.55784796e-04
   3.56570392e+02   9.29890957e-04
   3.56570880e+02   2.77990301e-04
   3.56571369e+02  -2.30980935e-04
   3.56571857e+02  -5.16315689e-04
   3.56572345e+02  -5.82413282e-04
   3.56572833e+02  -6.36841229e-04
   3.56573322e+02  -4.86252073e-04
   3.56573810e+02   1.63838213e-05
   3.56574298e+02   2.45522184e-04
   3.56574787e+02   1.98169728e-04
   3.56575275e+02   1.70113010e-04
   3.56575763e+02   2.54282320e-04
   3.56576252e+02  -1.04710562e-04
   3.56576740e+02  -5.79080544e-04
   3.56577228e+02  -5.79628861e-04
   3.56577717e+02  -5.60401415e-04
   3.56578205e+02  -3.81183956e-04
   3.56578693e+02   1.50313281e-04
   3.56579181e+02   4.67195670e-04
   3.56579670e+02   4.02849488e-04
   3.56580158e+02   2.97424383e-04
   3.56580646e+02   3.09848227e-04
   3.56581135e+02   3.10219068e-04
   3.56581623e+02  -1.23171427e-04
   3.56582111e+02  -3.54254793e-04
   3.56582600e+02   2.05042161e-04
   3.56583088e+02   6.00382453e-04
   3.56583576e+02   5.99770166e-04
   3.56584065e+02   3.41200735e-04
   3.56584553e+02   9.87191233e-05
   3.56585041e+02   1.07551350e-04
   3.56585529e+02   1.40708333e-04
   3.56586018e+02   7.26686339e-05
   3.56586506e+02  -3.26760273e-05
   3.56586994e+02  -1.97012181e-04
   3.56587483e+02  -4.83281387e-04
   3.56587971e+02  -7.02246965e-04
   3.56588459e+02  -6.01268373e-04
   3.56588948e+02  -4.58810682e-04
   3.56589436e+02  -9.03516848e-05
   3.56589924e+02   4.01496596e-04
   3.56590413e+02   4.02140897e-04
   3.56590901e+02   7.38572417e-05
   3.56591389e+02   7.43858618e-05
   3.56591877e+02   2.96002778e-04
   3.56592366e+02   1.12556227e-04
   3.56592854e+02  -1.59705029e-04
   3.56593342e+02   1.68223865e-04
   3.56593831e+02   6.46925007e-04
   3.56594319e+02   5.77156199e-04
   3.56594807e+02   2.70312652e-04
   3.56595296e+02  -1.26553263e-04
   3.56595784e+02  -1.48499836e-04
   3.56596272e+02   1.65522521e-04
   3.56596761e+02  -6.50421280e-05
   3.56597249e+02  -5.36016771e-04
   3.56597737e+02  -4.27085790e-04
   3.56598225e+02  -1.53838191e-04
   3.56598714e+02   2.52958016e-05
   3.56599202e+02   2.14728847e-04
   3.56599690e+02   5.13993691e-05
   3.56600179e+02  -1.43787518e-04
   3.56600667e+02   1.37264797e-05
   3.56601155e+02  -2.39291432e-04
   3.56601644e+02  -6.83466322e-04
   3.56602132e+02  -5.56213956e-04
   3.56602620e+02  -9.70025212e-05
   3.56603109e+02   1.53245972e-04
   3.56603597e+02   2.51510064e-04
   3.56604085e+02   3.84676910e-04
   3.56604573e+02   1.37246752e-05
   3.56605062e+02  -1.72150845e-04
   3.56605550e+02   3.32967902e-04
   3.56606038e+02   2.21564173e-04
   3.56606527e+02  -1.29116946e-04
   3.56607015e+02   3.25400091e-04
   3.56607503e+02   3.53147916e-04
   3.56607992e+02  -3.84243613e-05
   3.56608480e+02   2.05091157e-04
   3.56608968e+02   7.52997817e-04
   3.56609457e+02   8.06389959e-04
   3.56609945e+02   1.88053498e-04
   3.56610433e+02  -2.88310985e-04
   3.56610922e+02  -2.89909513e-05
   3.56611410e+02   2.89558317e-04
   3.56611898e+02  -7.77069945e-05
   3.56612386e+02  -5.54131577e-04
   3.56612875e+02  -4.72362444e-04
   3.56613363e+02  -3.09191411e-04
   3.56613851e+02  -3.46195098e-04
   3.56614340e+02  -2.09690243e-05
   3.56614828e+02   2.04061260e-04
   3.56615316e+02  -4.04507387e-04
   3.56615805e+02  -4.88830847e-04
   3.56616293e+02  -8.71374723e-05
   3.56616781e+02  -2.81120505e-04
   3.56617270e+02  -4.81940195e-04
   3.56617758e+02  -3.23080836e-04
   3.56618246e+02  -1.53056448e-04
   3.56618734e+02  -7.34335845e-05
   3.56619223e+02  -1.46441977e-04
   3.56619711e+02  -1.61317730e-04
   3.56620199e+02   4.23940073e-05
   3.56620688e+02   4.98175687e-05
   3.56621176e+02  -2.50888319e-04
   3.56621664e+02  -4.06355219e-04
   3.56622153e+02  -2.27286255e-05
   3.56622641e+02   4.33064590e-04
   3.56623129e+02   2.81217188e-04
   3.56623618e+02   1.33706475e-04
   3.56624106e+02   8.33103841e-05
   3.56624594e+02  -1.75711248e-04
   3.56625082e+02  -2.39586283e-04
   3.56625571e+02  -7.66534577e-05
   3.56626059e+02  -3.37235309e-04
   3.56626547e+02  -6.49353315e-04
   3.56627036e+02  -3.86679603e-04
   3.56627524e+02  -4.64717486e-05
   3.56628012e+02  -3.80974991e-04
   3.56628501e+02  -7.99505389e-04
   3.56628989e+02  -8.40897614e-04
   3.56629477e+02  -8.97020451e-04
   3.56629966e+02  -7.91614410e-04
   3.56630454e+02  -3.80078156e-04
   3.56630942e+02  -3.09170646e-05
   3.56631430e+02  -2.67222895e-05
   3.56631919e+02  -1.79194700e-04
   3.56632407e+02  -2.61767564e-04
   3.56632895e+02  -4.66730300e-04
   3.56633384e+02  -8.80561536e-04
   3.56633872e+02  -4.94521053e-04
   3.56634360e+02   1.90843799e-04
   3.56634849e+02   2.13560794e-04
   3.56635337e+02   4.24517239e-05
   3.56635825e+02   1.83238808e-04
   3.56636314e+02   2.26829361e-05
   3.56636802e+02  -2.64262577e-04
   3.56637290e+02   3.63846884e-05
   3.56637778e+02   4.81743366e-04
   3.56638267e+02   2.31873637e-04
   3.56638755e+02  -2.94545171e-05
   3.56639243e+02  -9.68824534e-05
   3.56639732e+02  -1.20315439e-04
   3.56640220e+02   1.43374549e-04
   3.56640708e+02   3.55036638e-04
   3.56641197e+02   1.45099300e-04
   3.56641685e+02  -8.38188498e-06
   3.56642173e+02   9.35248972e-05
   3.56642662e+02   1.52480388e-05
   3.56643150e+02  -1.46981358e-04
   3.56643638e+02  -1.48452222e-04
   3.56644126e+02   2.77811614e-05
   3.56644615e+02   1.71759573e-04
   3.56645103e+02  -7.15248916e-06
   3.56645591e+02  -2.29329016e-04
   3.56646080e+02  -1.93249536e-04
   3.56646568e+02  -6.14358432e-05
   3.56647056e+02  -6.49507274e-05
   3.56647545e+02  -7.81435083e-05
   3.56648033e+02   1.43372177e-04
   3.56648521e+02   1.34748159e-04
   3.56649010e+02   1.61170930e-04
   3.56649498e+02   4.23687743e-04
   3.56649986e+02   3.41598003e-04
   3.56650475e+02   1.85510333e-04
   3.56650963e+02  -2.97735533e-05
   3.56651451e+02  -1.04223967e-04
   3.56651939e+02   2.16885252e-04
   3.56652428e+02  -8.94631812e-05
   3.56652916e+02  -2.37182801e-04
   3.56653404e+02  -9.70675101e-05
   3.56653893e+02  -2.98497296e-04
   3.56654381e+02  -2.80235399e-04
   3.56654869e+02   8.98853614e-06
   3.56655358e+02   1.05359548e-04
   3.56655846e+02  -2.09446895e-04
   3.56656334e+02  -6.90519460e-04
   3.56656823e+02  -1.00696785e-03
   3.56657311e+02  -6.69089728e-04
   3.56657799e+02  -1.67333390e-04
   3.56658287e+02  -4.14501585e-04
   3.56658776e+02  -5.55448176e-04
   3.56659264e+02  -1.62007404e-04
   3.56659752e+02  -2.27737764e-04
   3.56660241e+02  -6.16524951e-04
   3.56660729e+02  -7.16411159e-04
   3.56661217e+02  -5.28371835e-04
   3.56661706e+02   9.60261605e-06
   3.56662194e+02   2.55604187e-04
   3.56662682e+02  -6.20149658e-05
   3.56663171e+02  -5.44243194e-05
   3.56663659e+02  -1.17086696e-04
   3.56664147e+02  -2.05751901e-04
   3.56664635e+02   2.86060502e-04
   3.56665124e+02   3.84172803e-04
   3.56665612e+02  -1.67129765e-04
   3.56666100e+02  -2.41421847e-04
   3.56666589e+02  -3.28055321e-04
   3.56667077e+02  -2.31639988e-05
   3.56667565e+02   3.82437807e-04
   3.56668054e+02   3.41709703e-04
   3.56668542e+02   8.61767912e-05
   3.56669030e+02   1.90703959e-05
   3.56669519e+02   2.19894631e-04
   3.56670007e+02   1.83257307e-05
   3.56670495e+02  -3.18226375e-04
   3.56670983e+02  -8.18790795e-05
   3.56671472e+02   5.04921481e-05
   3.56671960e+02  -2.36519583e-04
   3.56672448e+02  -4.30743763e-04
   3.56672937e+02  -2.96647602e-04
   3.56673425e+02   6.77428543e-05
   3.56673913e+02   4.81899886e-04
   3.56674402e+02   4.74578206e-04
   3.56674890e+02  -2.84902198e-04
   3.56675378e+02  -5.64906804e-04
   3.56675867e+02  -2.54898041e-04
   3.56676355e+02  -1.01936283e-04
   3.56676843e+02   1.63998717e-04
   3.56677331e+02   2.78776919e-04
   3.56677820e+02   3.40928527e-04
   3.56678308e+02   1.48332736e-04
   3.56678796e+02  -4.34529560e-04
   3.56679285e+02  -4.05585859e-04
   3.56679773e+02   8.02216164e-05
   3.56680261e+02   4.86165402e-04
   3.56680750e+02   5.63621405e-04
   3.56681238e+02   4.35154565e-04
   3.56681726e+02   5.80779859e-04
   3.56682215e+02   4.89088416e-04
   3.56682703e+02  -1.82401054e-04
   3.56683191e+02  -4.48664330e-04
   3.56683679e+02  -1.96981400e-05
   3.56684168e+02   6.30593742e-04
   3.56684656e+02   8.46602255e-04
   3.56685144e+02   5.40609937e-04
   3.56685633e+02   7.66707453e-05
   3.56686121e+02  -2.54739978e-04
   3.56686609e+02  -4.73998429e-04
   3.56687098e+02  -4.82249336e-04
   3.56687586e+02  -2.52875761e-04
   3.56688074e+02   1.03502360e-04
   3.56688563e+02   4.13574395e-04
   3.56689051e+02   5.97239123e-04
   3.56689539e+02   7.42969918e-04
   3.56690028e+02   3.79743462e-04
   3.56690516e+02  -2.45152449e-04
   3.56691004e+02  -4.77577036e-04
   3.56691492e+02  -2.65501934e-04
   3.56691981e+02   6.12676376e-04
   3.56692469e+02   1.48364215e-03
   3.56692957e+02   1.22002629e-03
   3.56693446e+02   4.23287012e-04
   3.56693934e+02  -7.67402817e-05
   3.56694422e+02   4.59028633e-05
   3.56694911e+02   2.98247789e-04
   3.56695399e+02   2.42606897e-04
   3.56695887e+02   1.12684378e-04
   3.56696376e+02  -1.21696568e-04
   3.56696864e+02  -4.72377957e-04
   3.56697352e+02  -4.48060600e-04
   3.56697840e+02  -1.02557751e-04
   3.56698329e+02  -2.81554763e-04
   3.56698817e+02  -3.70039430e-04
   3.56699305e+02   1.30840039e-04
   3.56699794e+02   3.87131178e-04
   3.56700282e+02   4.10625478e-04
   3.56700770e+02   2.18279631e-04
   3.56701259e+02  -1.21002762e-04
   3.56701747e+02  -2.22798320e-04
   3.56702235e+02  -2.96806247e-04
   3.56702724e+02  -5.19618625e-04
   3.56703212e+02  -6.71007379e-04
   3.56703700e+02  -1.71492589e-04
   3.56704188e+02   3.60785751e-04
   3.56704677e+02  -3.03697675e-06
   3.56705165e+02  -2.52110331e-04
   3.56705653e+02   4.63641045e-04
   3.56706142e+02   1.05115667e-03
   3.56706630e+02   8.75464466e-04
   3.56707118e+02   3.00774875e-04
   3.56707607e+02  -1.07607724e-04
   3.56708095e+02  -2.47718068e-04
   3.56708583e+02  -9.63397906e-05
   3.56709072e+02   3.85266379e-04
   3.56709560e+02   2.93403777e-04
   3.56710048e+02  -1.58772909e-05
   3.56710536e+02   2.13938365e-05
   3.56711025e+02   1.43854879e-04
   3.56711513e+02   4.43328754e-04
   3.56712001e+02   5.72219084e-04
   3.56712490e+02   8.89767136e-04
   3.56712978e+02   1.04779552e-03
   3.56713466e+02   7.76915287e-04
   3.56713955e+02   4.07059269e-04
   3.56714443e+02   7.37300434e-05
   3.56714931e+02   3.38696882e-05
   3.56715420e+02   4.78520262e-04
   3.56715908e+02   7.78074958e-04
   3.56716396e+02   5.69110271e-04
   3.56716884e+02   5.46647134e-05
   3.56717373e+02  -2.26794873e-04
   3.56717861e+02  -1.43766709e-04
   3.56718349e+02   3.76794087e-05
   3.56718838e+02   5.36840926e-05
   3.56719326e+02  -1.42050543e-04
   3.56719814e+02  -2.77302170e-04
   3.56720303e+02  -3.03510024e-04
   3.56720791e+02  -4.20735014e-04
   3.56721279e+02  -3.91820271e-04
   3.56721768e+02   3.08237650e-05
   3.56722256e+02   2.28392179e-04
   3.56722744e+02   1.40996563e-04
   3.56723232e+02  -1.40937133e-04
   3.56723721e+02  -5.00858121e-04
   3.56724209e+02  -6.33004995e-04
   3.56724697e+02  -5.20376896e-04
   3.56725186e+02  -1.58649360e-04
   3.56725674e+02  -1.59726682e-04
   3.56726162e+02  -1.70388244e-04
   3.56726651e+02  -1.79959352e-05
   3.56727139e+02  -8.81669694e-05
   3.56727627e+02  -3.24894965e-04
   3.56728116e+02  -5.06997807e-04
   3.56728604e+02  -3.90544010e-04
   3.56729092e+02   1.71143756e-06
   3.56729581e+02   1.98175709e-04
   3.56730069e+02  -2.41514441e-04
   3.56730557e+02  -5.41092479e-04
   3.56731045e+02  -6.85003906e-05
   3.56731534e+02   4.55494330e-04
   3.56732022e+02   5.85828326e-04
   3.56732510e+02   4.32748930e-04
   3.56732999e+02   3.62736086e-04
   3.56733487e+02   7.39379830e-05
   3.56733975e+02  -5.18771994e-04
   3.56734464e+02  -1.51048793e-04
   3.56734952e+02   2.88231880e-04
   3.56735440e+02  -1.83216485e-04
   3.56735929e+02  -6.11605588e-04
   3.56736417e+02  -4.16066789e-04
   3.56736905e+02  -1.95437806e-05
   3.56737393e+02   4.55989502e-04
   3.56737882e+02   7.66417827e-04
   3.56738370e+02   8.91868083e-04
   3.56738858e+02   7.26470258e-04
   3.56739347e+02   2.35201107e-04
   3.56739835e+02  -8.93823744e-05
   3.56740323e+02   1.31974943e-04
   3.56740812e+02  -5.85920352e-05
   3.56741300e+02  -6.50459493e-04
   3.56741788e+02  -4.35226626e-04
   3.56742277e+02   7.47628656e-05
   3.56742765e+02   2.92401382e-04
   3.56743253e+02   1.83840544e-04
   3.56743741e+02  -4.06490086e-04
   3.56744230e+02  -2.73510377e-04
   3.56744718e+02   6.29694900e-04
   3.56745206e+02   6.44566026e-04
   3.56745695e+02   6.36535769e-05
   3.56746183e+02  -1.78009243e-04
   3.56746671e+02  -1.59188741e-04
   3.56747160e+02   4.48584105e-05
   3.56747648e+02   2.18340268e-04
   3.56748136e+02   2.63803959e-04
   3.56748625e+02   2.64789676e-04
   3.56749113e+02   5.50078170e-04
   3.56749601e+02   6.69654517e-04
   3.56750089e+02   2.07026664e-04
   3.56750578e+02   2.53965500e-05
   3.56751066e+02   5.07227669e-04
   3.56751554e+02   7.71053776e-04
   3.56752043e+02   5.34365070e-04
   3.56752531e+02   2.69843207e-04
   3.56753019e+02   2.07411285e-05
   3.56753508e+02  -2.79300322e-04
   3.56753996e+02  -4.51020518e-04
   3.56754484e+02  -4.93187516e-04
   3.56754973e+02  -1.70348008e-04
   3.56755461e+02   2.16951346e-04
   3.56755949e+02   2.45949894e-04
   3.56756437e+02   2.10447979e-04
   3.56756926e+02   2.13414140e-04
   3.56757414e+02   1.29925029e-04
   3.56757902e+02   4.22027806e-05
   3.56758391e+02  -2.59800836e-05
   3.56758879e+02  -1.47152692e-04
   3.56759367e+02  -5.02181938e-05
   3.56759856e+02   5.27477350e-05
   3.56760344e+02   2.83802190e-04
   3.56760832e+02   9.23939981e-04
   3.56761321e+02   1.01409340e-03
   3.56761809e+02   5.69336175e-04
   3.56762297e+02   1.85387195e-04
   3.56762785e+02  -2.97244369e-05
   3.56763274e+02  -5.08124358e-05
   3.56763762e+02   1.29623091e-04
   3.56764250e+02   3.01952299e-04
   3.56764739e+02   2.76718667e-04
   3.56765227e+02   7.79106995e-05
   3.56765715e+02   5.31021360e-05
   3.56766204e+02   7.28755040e-05
   3.56766692e+02  -2.46872107e-04
   3.56767180e+02  -4.17503325e-04
   3.56767669e+02  -3.52126488e-04
   3.56768157e+02  -7.92840656e-05
   3.56768645e+02   6.62068269e-05
   3.56769134e+02   2.04877084e-04
   3.56769622e+02   3.49984417e-04
   3.56770110e+02   2.07868303e-04
   3.56770598e+02  -8.58427520e-05
   3.56771087e+02  -5.35443134e-04
   3.56771575e+02  -2.34435211e-04
   3.56772063e+02   5.57505933e-04
   3.56772552e+02   3.83069564e-04
   3.56773040e+02  -1.77152819e-04
   3.56773528e+02  -6.99536176e-04
   3.56774017e+02  -1.08305214e-03
   3.56774505e+02  -8.07034434e-04
   3.56774993e+02  -5.23368886e-04
   3.56775482e+02  -5.71879209e-04
   3.56775970e+02  -2.09653721e-04
   3.56776458e+02   1.34981805e-04
   3.56776946e+02  -5.02987314e-05
   3.56777435e+02  -2.56548985e-04
   3.56777923e+02  -5.64967631e-04
   3.56778411e+02  -9.99264652e-04
   3.56778900e+02  -1.05729338e-03
   3.56779388e+02  -7.17583753e-04
   3.56779876e+02  -4.43476863e-04
   3.56780365e+02  -3.22249660e-04
   3.56780853e+02  -1.34717702e-04
   3.56781341e+02  -5.78411709e-05
   3.56781830e+02   3.08572664e-04
   3.56782318e+02   7.16456620e-04
   3.56782806e+02   6.19559782e-04
   3.56783294e+02   2.02472525e-04
   3.56783783e+02  -3.75214113e-05
   3.56784271e+02  -2.75835308e-04
   3.56784759e+02  -1.00721978e-03
   3.56785248e+02  -1.06031669e-03
   3.56785736e+02  -2.59092136e-04
   3.56786224e+02  -1.31969238e-04
   3.56786713e+02  -2.73311074e-04
   3.56787201e+02   9.08086513e-05
   3.56787689e+02  -2.58622254e-04
   3.56788178e+02  -7.85811979e-04
   3.56788666e+02  -5.60825865e-04
   3.56789154e+02  -3.45651031e-04
   3.56789642e+02  -4.65799385e-05
   3.56790131e+02  -2.24114701e-05
   3.56790619e+02  -2.18493238e-04
   3.56791107e+02   1.92930151e-04
   3.56791596e+02   5.25749754e-04
   3.56792084e+02  -1.82158765e-04
   3.56792572e+02  -7.17268093e-04
   3.56793061e+02  -7.23766221e-04
   3.56793549e+02  -4.06023930e-04
   3.56794037e+02   1.48572755e-04
   3.56794526e+02   1.45285609e-04
   3.56795014e+02  -2.08722777e-05
   3.56795502e+02  -1.20969060e-04
   3.56795990e+02   1.62735494e-04
   3.56796479e+02   4.23936261e-04
   3.56796967e+02  -1.77413211e-04
   3.56797455e+02  -5.91665448e-04
   3.56797944e+02  -3.79098346e-04
   3.56798432e+02   3.19538842e-04
   3.56798920e+02   2.59704480e-04
   3.56799409e+02  -3.72090901e-04
   3.56799897e+02  -1.77979498e-04
   3.56800385e+02  -2.40516296e-04
   3.56800874e+02  -2.63570138e-04
   3.56801362e+02   5.45051007e-04
   3.56801850e+02   9.56251810e-04
   3.56802338e+02   1.03785668e-03
   3.56802827e+02   1.13083853e-03
   3.56803315e+02   8.47955002e-04
   3.56803803e+02   2.02213749e-04
   3.56804292e+02  -3.09223164e-04
   3.56804780e+02  -4.47077880e-04
   3.56805268e+02  -2.09208563e-04
   3.56805757e+02   2.13445397e-04
   3.56806245e+02   1.75030815e-04
   3.56806733e+02  -2.85810238e-04
   3.56807222e+02  -2.46653246e-04
   3.56807710e+02  -1.87716323e-05
   3.56808198e+02   3.35123070e-04
   3.56808687e+02   7.02066522e-04
   3.56809175e+02   4.39629250e-04
   3.56809663e+02   1.77423019e-04
   3.56810151e+02  -6.61875674e-05
   3.56810640e+02  -4.18735872e-04
   3.56811128e+02   2.80724089e-05
   3.56811616e+02   4.21725155e-04
   3.56812105e+02   1.33001216e-04
   3.56812593e+02  -4.41816701e-05
   3.56813081e+02   4.36208793e-05
   3.56813570e+02  -2.44080002e-05
   3.56814058e+02  -5.85348811e-04
   3.56814546e+02  -1.22392271e-03
   3.56815035e+02  -1.04197278e-03
   3.56815523e+02  -2.53594539e-04
   3.56816011e+02   4.14046284e-04
   3.56816499e+02   6.23300846e-04
   3.56816988e+02   7.02931895e-04
   3.56817476e+02   6.14259799e-04
   3.56817964e+02   3.45903245e-04
   3.56818453e+02   1.44216552e-04
   3.56818941e+02  -1.62566153e-04
   3.56819429e+02   8.44984424e-06
   3.56819918e+02   6.71996910e-04
   3.56820406e+02   6.82496466e-04
   3.56820894e+02   1.25450999e-04
   3.56821383e+02  -2.92777462e-04
   3.56821871e+02  -2.50681391e-04
   3.56822359e+02  -1.46195947e-04
   3.56822847e+02  -3.27150367e-04
   3.56823336e+02  -3.67066328e-04
   3.56823824e+02  -4.15813192e-05
   3.56824312e+02   9.05848647e-05
   3.56824801e+02   3.07022419e-05
   3.56825289e+02   4.14782087e-04
   3.56825777e+02   6.38884958e-04
   3.56826266e+02   4.44580452e-04
   3.56826754e+02   4.88800346e-04
   3.56827242e+02   2.72752019e-04
   3.56827731e+02   6.27013651e-05
   3.56828219e+02   2.69304292e-04
   3.56828707e+02   1.42147153e-04
   3.56829195e+02  -1.49633372e-04
   3.56829684e+02  -3.57611978e-04
   3.56830172e+02  -5.62891946e-04
   3.56830660e+02  -4.58021037e-04
   3.56831149e+02   9.04350527e-05
   3.56831637e+02   4.37351991e-04
   3.56832125e+02   3.52840929e-04
   3.56832614e+02   3.52724514e-04
   3.56833102e+02   6.75328483e-04
   3.56833590e+02   6.44998392e-04
   3.56834079e+02  -2.23787400e-04
   3.56834567e+02  -6.12471020e-04
   3.56835055e+02   3.18248167e-05
   3.56835543e+02   3.90986534e-04
   3.56836032e+02  -1.13722665e-04
   3.56836520e+02  -6.91710447e-04
   3.56837008e+02  -5.44244249e-04
   3.56837497e+02   3.78677432e-05
   3.56837985e+02   2.84415088e-04
   3.56838473e+02   3.77767486e-04
   3.56838962e+02   4.01931582e-04
   3.56839450e+02   6.18716585e-05
   3.56839938e+02  -3.31407064e-04
   3.56840427e+02  -1.09448680e-04
   3.56840915e+02   2.85448245e-04
   3.56841403e+02   3.48042318e-04
   3.56841891e+02   6.01409965e-06
   3.56842380e+02   2.77078216e-04
   3.56842868e+02   6.18860300e-04
   3.56843356e+02   4.67652484e-04
   3.56843845e+02   8.96184938e-05
   3.56844333e+02  -2.40811583e-04
   3.56844821e+02  -6.71985501e-04
   3.56845310e+02  -8.39621178e-04
   3.56845798e+02  -4.63112374e-04
   3.56846286e+02  -1.42919653e-05
   3.56846775e+02   3.34555254e-04
   3.56847263e+02   7.25236139e-04
   3.56847751e+02   8.89110728e-04
   3.56848240e+02   4.80791350e-04
   3.56848728e+02   1.55541216e-04
   3.56849216e+02   2.36559019e-04
   3.56849704e+02   3.30460425e-05
   3.56850193e+02  -4.34474641e-04
   3.56850681e+02  -3.72894370e-04
   3.56851169e+02   6.59052821e-05
   3.56851658e+02  -4.21339937e-05
   3.56852146e+02  -5.43439673e-05
   3.56852634e+02   3.59548343e-04
   3.56853123e+02   5.71030891e-04
   3.56853611e+02   3.90050409e-04
   3.56854099e+02  -2.78860709e-04
   3.56854588e+02  -6.51620387e-04
   3.56855076e+02  -4.33089444e-04
   3.56855564e+02  -3.38718877e-04
   3.56856052e+02  -5.27499826e-04
   3.56856541e+02  -3.60600185e-04
   3.56857029e+02  -1.09214758e-04
   3.56857517e+02  -1.01994556e-05
   3.56858006e+02  -1.51265951e-04
   3.56858494e+02  -3.84636252e-04
   3.56858982e+02  -4.13118250e-04
   3.56859471e+02  -4.24236096e-05
   3.56859959e+02   3.77760676e-04
   3.56860447e+02   4.90438775e-04
   3.56860936e+02   3.69256013e-04
   3.56861424e+02  -5.68998003e-05
   3.56861912e+02  -3.93357826e-04
   3.56862400e+02  -1.71589112e-04
   3.56862889e+02   2.05855264e-04
   3.56863377e+02   1.74480781e-04
   3.56863865e+02   1.64794328e-04
   3.56864354e+02  -1.60217278e-05
   3.56864842e+02  -2.03139803e-04
   3.56865330e+02   7.09210872e-05
   3.56865819e+02  -2.84415670e-04
   3.56866307e+02  -8.66434944e-04
   3.56866795e+02  -9.72703972e-04
   3.56867284e+02  -7.66911602e-04
   3.56867772e+02  -5.12129569e-04
   3.56868260e+02  -2.44531955e-04
   3.56868748e+02   1.03181512e-04
   3.56869237e+02  -4.99655252e-05
   3.56869725e+02  -4.94402077e-04
   3.56870213e+02  -3.56781384e-04
   3.56870702e+02  -9.23320986e-05
   3.56871190e+02  -2.07665202e-04
   3.56871678e+02  -2.78905674e-04
   3.56872167e+02  -3.11269745e-04
   3.56872655e+02  -2.70978227e-04
   3.56873143e+02  -2.32685052e-04
   3.56873632e+02  -2.93315738e-04
   3.56874120e+02  -1.78820701e-04
   3.56874608e+02  -6.18186095e-05
   3.56875096e+02  -2.98082508e-04
   3.56875585e+02  -6.28440001e-04
   3.56876073e+02  -3.55003605e-04
   3.56876561e+02  -6.09286435e-05
   3.56877050e+02  -1.26828265e-04
   3.56877538e+02  -2.88523181e-04
   3.56878026e+02  -3.53272626e-04
   3.56878515e+02  -3.73804534e-04
   3.56879003e+02  -6.14358461e-04
   3.56879491e+02  -7.51973130e-04
   3.56879980e+02  -3.26640613e-04
   3.56880468e+02   1.01187834e-05
   3.56880956e+02  -1.56657610e-04
   3.56881444e+02  -2.02898053e-04
   3.56881933e+02   1.35052294e-04
   3.56882421e+02   5.41512389e-04
   3.56882909e+02   6.80827594e-04
   3.56883398e+02   5.21738722e-04
   3.56883886e+02   2.35744214e-04
   3.56884374e+02  -3.24693508e-04
   3.56884863e+02  -3.43163178e-04
   3.56885351e+02  -3.00667784e-06
   3.56885839e+02   1.60147305e-04
   3.56886328e+02   3.45942040e-04
   3.56886816e+02   2.88548414e-04
   3.56887304e+02   1.78963775e-04
   3.56887793e+02   1.51661065e-04
   3.56888281e+02   1.69761319e-04
   3.56888769e+02   2.92876502e-04
   3.56889257e+02   6.17442784e-05
   3.56889746e+02  -2.42083785e-04
   3.56890234e+02  -4.14990820e-04
   3.56890722e+02  -2.63319613e-04
   3.56891211e+02   1.04238592e-04
   3.56891699e+02   2.89139309e-04
   3.56892187e+02   5.45940748e-05
   3.56892676e+02  -3.18067061e-04
   3.56893164e+02  -3.89285357e-04
   3.56893652e+02  -1.57480521e-04
   3.56894141e+02   3.06792004e-04
   3.56894629e+02   5.31205849e-04
   3.56895117e+02   3.85162857e-04
   3.56895605e+02   2.60309480e-05
   3.56896094e+02  -1.55162401e-04
   3.56896582e+02   2.63859747e-05
   3.56897070e+02   3.51920346e-04
   3.56897559e+02   8.71499768e-04
   3.56898047e+02   8.87614035e-04
   3.56898535e+02   4.49347106e-04
   3.56899024e+02   4.31266119e-04
   3.56899512e+02   2.95779464e-04
   3.56900000e+02  -6.13306882e-04
   3.56900489e+02  -3.90042056e-04
   3.56900977e+02  -1.37033087e-04
   3.56901465e+02  -3.87644715e-04
   3.56901953e+02  -4.42520890e-04
   3.56902442e+02  -5.15906358e-05
   3.56902930e+02   3.60871869e-04
   3.56903418e+02   7.81530398e-04
   3.56903907e+02   9.37709119e-04
   3.56904395e+02   4.19401505e-04
   3.56904883e+02   1.54640802e-04
   3.56905372e+02   3.20169464e-04
   3.56905860e+02   2.46233161e-04
   3.56906348e+02   1.07706528e-05
   3.56906837e+02  -1.38107353e-04
   3.56907325e+02   1.51183005e-04
   3.56907813e+02   4.07004445e-05
   3.56908301e+02  -4.40033240e-04
   3.56908790e+02  -5.72960344e-05
   3.56909278e+02   2.60270026e-04
   3.56909766e+02  -7.72834537e-05
   3.56910255e+02  -2.05769647e-05
   3.56910743e+02   4.51530330e-04
   3.56911231e+02   2.66124116e-04
   3.56911720e+02  -2.66520336e-04
   3.56912208e+02  -3.30749572e-05
   3.56912696e+02   3.67142697e-04
   3.56913185e+02   4.86656674e-04
   3.56913673e+02   3.88733810e-04
   3.56914161e+02  -1.38510208e-04
   3.56914649e+02  -2.86411640e-04
   3.56915138e+02   1.33823865e-04
   3.56915626e+02   3.81104153e-04
   3.56916114e+02   4.47284052e-04
   3.56916603e+02   4.36559319e-04
   3.56917091e+02   3.57818120e-04
   3.56917579e+02   2.29505429e-04
   3.56918068e+02   8.14599916e-05
   3.56918556e+02  -2.30796431e-04
   3.56919044e+02  -4.85131925e-04
   3.56919533e+02  -4.35611350e-04
   3.56920021e+02  -6.39692735e-05
   3.56920509e+02   4.49924322e-04
   3.56920997e+02   2.22206058e-04
   3.56921486e+02  -3.50878807e-04
   3.56921974e+02  -2.66277872e-04
   3.56922462e+02  -1.27049134e-05
   3.56922951e+02   3.10619420e-04
   3.56923439e+02   5.86898532e-04
   3.56923927e+02   5.47564880e-04
   3.56924416e+02   2.43889692e-04
   3.56924904e+02  -1.18323958e-04
   3.56925392e+02  -3.51170922e-04
   3.56925881e+02  -3.79567879e-04
   3.56926369e+02  -4.68000770e-04
   3.56926857e+02  -2.73712765e-04
   3.56927346e+02   2.70363176e-04
   3.56927834e+02   4.09778382e-04
   3.56928322e+02   5.26658783e-04
   3.56928810e+02   7.66706187e-04
   3.56929299e+02   1.49529456e-04
   3.56929787e+02  -4.03729704e-04
   3.56930275e+02  -5.03114192e-04
   3.56930764e+02  -4.31274093e-04
   3.56931252e+02  -3.77219330e-05
   3.56931740e+02  -2.59648077e-04
   3.56932229e+02  -5.69574011e-04
   3.56932717e+02  -1.46785198e-04
   3.56933205e+02  -1.07069056e-04
   3.56933694e+02  -3.42704065e-04
   3.56934182e+02  -1.33985028e-04
   3.56934670e+02   3.87505774e-04
   3.56935158e+02   6.56493648e-04
   3.56935647e+02   3.25293338e-04
   3.56936135e+02  -7.29648164e-05
   3.56936623e+02  -2.88839772e-04
   3.56937112e+02  -6.41965482e-04
   3.56937600e+02  -6.57700235e-04
   3.56938088e+02  -5.06923767e-04
   3.56938577e+02  -5.28904784e-04
   3.56939065e+02  -2.98677885e-04
   3.56939553e+02  -2.84905691e-04
   3.56940042e+02  -7.80611648e-04
   3.56940530e+02  -1.01763837e-03
   3.56941018e+02  -1.06445746e-03
   3.56941506e+02  -1.18370843e-03
   3.56941995e+02  -7.57491449e-04
   3.56942483e+02   1.46824314e-04
   3.56942971e+02   5.26888296e-04
   3.56943460e+02   3.35020566e-04
   3.56943948e+02   3.98823759e-04
   3.56944436e+02   1.42777237e-04
   3.56944925e+02   8.51018228e-07
   3.56945413e+02   4.24296886e-04
   3.56945901e+02   1.24031721e-04
   3.56946390e+02  -7.44065794e-04
   3.56946878e+02  -1.03936472e-03
   3.56947366e+02  -5.59559558e-04
   3.56947854e+02   7.75276712e-05
   3.56948343e+02   3.37610545e-04
   3.56948831e+02   1.27681633e-04
   3.56949319e+02   9.90671833e-06
   3.56949808e+02   1.24391940e-04
   3.56950296e+02  -1.73738754e-05
   3.56950784e+02  -1.52364577e-04
   3.56951273e+02  -1.60406489e-04
   3.56951761e+02  -1.45483820e-04
   3.56952249e+02  -4.88676422e-04
   3.56952738e+02  -5.93970006e-04
   3.56953226e+02   1.04528277e-04
   3.56953714e+02   3.36760539e-04
   3.56954202e+02   1.10637462e-04
   3.56954691e+02   1.74979868e-04
   3.56955179e+02   3.00586631e-04
   3.56955667e+02   4.55126952e-04
   3.56956156e+02   6.00001425e-04
   3.56956644e+02   5.03756979e-04
   3.56957132e+02   5.46414405e-04
   3.56957621e+02   5.10729733e-04
   3.56958109e+02   1.65891237e-04
   3.56958597e+02  -1.01129808e-04
   3.56959086e+02  -2.88063806e-04
   3.56959574e+02  -1.98095935e-04
   3.56960062e+02   2.07183461e-04
   3.56960550e+02   1.85633951e-04
   3.56961039e+02   2.24910309e-05
   3.56961527e+02  -9.15485032e-07
   3.56962015e+02   5.36400366e-05
   3.56962504e+02   3.71358001e-05
   3.56962992e+02  -2.81913643e-04
   3.56963480e+02  -1.93682441e-04
   3.56963969e+02   1.93562417e-04
   3.56964457e+02   2.60170986e-04
   3.56964945e+02   2.26366406e-04
   3.56965434e+02   6.37416233e-05
   3.56965922e+02  -1.55307367e-04
   3.56966410e+02  -2.54515209e-04
   3.56966899e+02  -2.26619653e-04
   3.56967387e+02  -2.50033976e-04
   3.56967875e+02   1.06579528e-05
   3.56968363e+02   1.69726816e-04
   3.56968852e+02   6.54271062e-05
   3.56969340e+02   7.30368265e-05
   3.56969828e+02   7.02993348e-05
   3.56970317e+02   1.40923294e-04
   3.56970805e+02   2.91206816e-05
   3.56971293e+02  -3.40193394e-04
   3.56971782e+02  -7.78072746e-04
   3.56972270e+02  -1.05086644e-03
   3.56972758e+02  -4.00032266e-04
   3.56973247e+02   2.94372992e-04
   3.56973735e+02   5.10884391e-04
   3.56974223e+02   5.72745106e-04
   3.56974711e+02   3.14654084e-04
   3.56975200e+02  -2.25545573e-05
   3.56975688e+02   4.75851484e-05
   3.56976176e+02   6.65049738e-05
   3.56976665e+02  -1.43839949e-04
   3.56977153e+02  -1.70259125e-04
   3.56977641e+02   3.96137912e-04
   3.56978130e+02   7.10442895e-04
   3.56978618e+02   4.30206215e-04
   3.56979106e+02  -1.49784013e-04
   3.56979595e+02  -5.19227469e-04
   3.56980083e+02  -5.28466073e-04
   3.56980571e+02  -6.05625450e-04
   3.56981059e+02  -4.41568904e-04
   3.56981548e+02  -1.62055694e-05
   3.56982036e+02  -1.10744622e-05
   3.56982524e+02  -1.97074332e-04
   3.56983013e+02   1.11144640e-04
   3.56983501e+02   4.82173054e-04
   3.56983989e+02   5.34185325e-04
   3.56984478e+02   9.63440179e-05
   3.56984966e+02  -2.48258759e-04
   3.56985454e+02  -8.22061629e-05
   3.56985943e+02   2.24553631e-04
   3.56986431e+02   2.57682434e-04
   3.56986919e+02   9.34955642e-06
   3.56987407e+02   1.27178180e-04
   3.56987896e+02   3.50052840e-04
   3.56988384e+02  -1.17572323e-04
   3.56988872e+02  -5.51421777e-04
   3.56989361e+02  -2.54137820e-04
   3.56989849e+02   2.32030106e-05
   3.56990337e+02   2.95195823e-05
   3.56990826e+02  -1.36480434e-04
   3.56991314e+02  -1.02524828e-04
   3.56991802e+02  -9.70586461e-06
   3.56992291e+02  -2.87517087e-05
   3.56992779e+02  -8.99597435e-05
   3.56993267e+02   5.68481046e-05
   3.56993755e+02   5.91690536e-04
   3.56994244e+02   6.46930130e-04
   3.56994732e+02   6.93195689e-05
   3.56995220e+02  -1.04913532e-04
   3.56995709e+02   2.25378626e-05
   3.56996197e+02  -1.82835691e-04
   3.56996685e+02  -3.84650892e-04
   3.56997174e+02  -5.30024001e-04
   3.56997662e+02  -4.40841337e-04
   3.56998150e+02  -1.46038641e-04
   3.56998639e+02  -2.85576625e-05
   3.56999127e+02  -2.43397735e-04
   3.56999615e+02  -4.56095499e-04
   3.57000103e+02  -1.90466279e-04
   3.57000592e+02   8.82482273e-05
   3.57001080e+02  -8.88773229e-06
   3.57001568e+02   1.62586570e-04
   3.57002057e+02   5.60343557e-04
   3.57002545e+02   5.52228303e-04
   3.57003033e+02   3.68576788e-04
   3.57003522e+02   2.58615066e-04
   3.57004010e+02   8.30736317e-05
   3.57004498e+02  -1.71757521e-04
   3.57004987e+02  -9.81217599e-05
   3.57005475e+02   4.29645996e-04
   3.57005963e+02   3.84730898e-04
   3.57006451e+02   3.41674691e-04
   3.57006940e+02   6.40172686e-04
   3.57007428e+02   3.21693340e-04
   3.57007916e+02  -2.34485036e-04
   3.57008405e+02  -2.96423561e-04
   3.57008893e+02  -4.57520830e-04
   3.57009381e+02  -7.88844423e-04
   3.57009870e+02  -7.39854237e-04
   3.57010358e+02  -2.09061152e-04
   3.57010846e+02   4.18803567e-04
   3.57011335e+02   5.02385839e-04
   3.57011823e+02   3.50117160e-04
   3.57012311e+02   3.51995666e-04
   3.57012800e+02   2.34812305e-05
   3.57013288e+02  -5.49038348e-04
   3.57013776e+02  -7.97851419e-04
   3.57014264e+02  -5.73037483e-04
   3.57014753e+02  -4.06119827e-04
   3.57015241e+02  -4.58806666e-04
   3.57015729e+02  -6.56891032e-04
   3.57016218e+02  -7.37446710e-04
   3.57016706e+02  -3.99006414e-04
   3.57017194e+02   7.66041412e-05
   3.57017683e+02   3.11276890e-05
   3.57018171e+02  -9.98751784e-05
   3.57018659e+02  -1.28741347e-04
   3.57019148e+02  -2.30627236e-04
   3.57019636e+02  -6.97903917e-04
   3.57020124e+02  -3.97317373e-04
   3.57020612e+02   2.21607130e-04
   3.57021101e+02   2.84512847e-04
   3.57021589e+02  -1.56989947e-04
   3.57022077e+02  -7.04245234e-04
   3.57022566e+02  -7.30996602e-04
   3.57023054e+02  -2.44095034e-04
   3.57023542e+02  -3.40294318e-05
   3.57024031e+02  -1.98671187e-05
   3.57024519e+02  -2.42078313e-04
   3.57025007e+02  -5.72115649e-04
   3.57025496e+02  -3.64043226e-04
   3.57025984e+02   2.03961186e-04
   3.57026472e+02   6.01972104e-04
   3.57026960e+02   3.61127051e-04
   3.57027449e+02  -5.81213448e-04
   3.57027937e+02  -8.57722014e-04
   3.57028425e+02  -1.97652465e-04
   3.57028914e+02   2.66023795e-04
   3.57029402e+02   7.27028819e-04
   3.57029890e+02   9.32370895e-04
   3.57030379e+02   3.80859623e-04
   3.57030867e+02   3.34154989e-04
   3.57031355e+02   8.49945529e-04
   3.57031844e+02   6.32099283e-04
   3.57032332e+02  -2.56851810e-04
   3.57032820e+02  -1.66901562e-04
   3.57033308e+02   5.86999930e-04
   3.57033797e+02   2.19975089e-04
   3.57034285e+02  -6.42005703e-04
   3.57034773e+02  -4.11502202e-04
   3.57035262e+02   4.25376966e-05
   3.57035750e+02  -1.37052542e-04
   3.57036238e+02  -1.94405133e-04
   3.57036727e+02  -1.13853741e-04
   3.57037215e+02  -5.29916324e-05
   3.57037703e+02  -3.91161506e-04
   3.57038192e+02  -7.58248323e-04
   3.57038680e+02  -6.04721776e-04
   3.57039168e+02   1.83304219e-04
   3.57039656e+02   8.55976192e-04
   3.57040145e+02   5.47942473e-04
   3.57040633e+02   2.07322693e-04
   3.57041121e+02   3.95093375e-04
   3.57041610e+02   2.12352839e-04
   3.57042098e+02  -2.91304837e-04
   3.57042586e+02  -4.28491127e-04
   3.57043075e+02  -1.63552904e-04
   3.57043563e+02   4.31936314e-05
   3.57044051e+02  -5.13802552e-05
   3.57044540e+02  -2.23073221e-05
   3.57045028e+02  -3.20998108e-04
   3.57045516e+02  -6.69975416e-04
   3.57046004e+02  -1.12845970e-04
   3.57046493e+02   2.56648142e-04
   3.57046981e+02   3.31887327e-06
   3.57047469e+02   1.75688387e-04
   3.57047958e+02   3.92788323e-04
   3.57048446e+02   5.66507748e-04
   3.57048934e+02   8.37397471e-04
   3.57049423e+02   5.92591299e-04
   3.57049911e+02   4.45182995e-05
   3.57050399e+02  -4.64891782e-04
   3.57050888e+02  -8.00942362e-04
   3.57051376e+02  -5.64283633e-04
   3.57051864e+02   4.73733380e-05
   3.57052353e+02   1.83174197e-04
   3.57052841e+02  -6.70880472e-05
   3.57053329e+02   1.22992045e-04
   3.57053817e+02   4.68280254e-04
   3.57054306e+02   4.67678619e-04
   3.57054794e+02   2.49611097e-04
   3.57055282e+02  -1.81402793e-05
   3.57055771e+02  -3.05317779e-04
   3.57056259e+02  -6.58383477e-04
   3.57056747e+02  -4.81114577e-04
   3.57057236e+02   2.90623284e-04
   3.57057724e+02   5.19833062e-04
   3.57058212e+02  -1.43809739e-04
   3.57058701e+02  -3.13989352e-04
   3.57059189e+02  -5.42981434e-05
   3.57059677e+02  -3.61718150e-04
   3.57060165e+02  -7.93837768e-04
   3.57060654e+02  -7.21194956e-04
   3.57061142e+02  -3.68597568e-04
   3.57061630e+02   1.11964640e-04
   3.57062119e+02   6.53632596e-05
   3.57062607e+02  -1.01378413e-04
   3.57063095e+02   2.09164995e-04
   3.57063584e+02   3.30394425e-04
   3.57064072e+02   6.88592877e-07
   3.57064560e+02   1.60934576e-06
   3.57065049e+02   2.51951918e-04
   3.57065537e+02  -4.33756868e-05
   3.57066025e+02  -2.66773161e-04
   3.57066513e+02  -1.87058744e-04
   3.57067002e+02  -2.39241737e-04
   3.57067490e+02  -1.18901989e-04
   3.57067978e+02  -2.06549128e-04
   3.57068467e+02  -4.09665576e-04
   3.57068955e+02  -5.64302318e-04
   3.57069443e+02  -5.72529272e-04
   3.57069932e+02  -1.70886429e-04
   3.57070420e+02   7.08344814e-05
   3.57070908e+02   7.65968507e-05
   3.57071397e+02   2.22242117e-04
   3.57071885e+02   1.88387392e-04
   3.57072373e+02  -1.84815988e-04
   3.57072861e+02  -6.13697688e-04
   3.57073350e+02  -7.37569877e-04
   3.57073838e+02  -2.15523018e-04
   3.57074326e+02   1.15713796e-04
   3.57074815e+02  -1.70787156e-04
   3.57075303e+02  -3.20145278e-04
   3.57075791e+02  -2.39173154e-04
   3.57076280e+02  -2.11930892e-04
   3.57076768e+02  -9.70034889e-05
   3.57077256e+02   3.21091182e-04
   3.57077745e+02   8.24885617e-04
   3.57078233e+02   1.19663612e-03
   3.57078721e+02   9.31175076e-04
   3.57079209e+02   1.62737007e-04
   3.57079698e+02  -4.13421338e-04
   3.57080186e+02  -3.31868156e-04
   3.57080674e+02  -1.22247511e-04
   3.57081163e+02  -3.80982761e-04
   3.57081651e+02  -2.11106366e-04
   3.57082139e+02   4.13511763e-04
   3.57082628e+02   2.95541366e-04
   3.57083116e+02  -2.98073428e-04
   3.57083604e+02  -4.81427327e-04
   3.57084093e+02  -1.99572823e-04
   3.57084581e+02   1.44516714e-04
   3.57085069e+02   8.29508281e-05
   3.57085557e+02  -8.65307884e-05
   3.57086046e+02  -5.18285087e-05
   3.57086534e+02   7.81506096e-05
   3.57087022e+02   3.91826034e-04
   3.57087511e+02   6.16645557e-04
   3.57087999e+02   2.35313753e-04
   3.57088487e+02  -6.06091671e-05
   3.57088976e+02   4.13233734e-04
   3.57089464e+02   8.23545735e-04
   3.57089952e+02   7.61545263e-04
   3.57090441e+02   6.20618870e-04
   3.57090929e+02   5.59902401e-04
   3.57091417e+02   4.57565649e-04
   3.57091906e+02  -3.15885245e-06
   3.57092394e+02  -2.99569307e-04
   3.57092882e+02   1.25067832e-04
   3.57093370e+02   4.78646340e-04
   3.57093859e+02   4.09659930e-04
   3.57094347e+02   5.47585194e-04
   3.57094835e+02   4.80311166e-04
   3.57095324e+02   6.62516686e-05
   3.57095812e+02  -3.28221708e-04
   3.57096300e+02  -5.85043861e-04
   3.57096789e+02  -2.80204404e-04
   3.57097277e+02   6.03965709e-05
   3.57097765e+02   9.77726013e-05
   3.57098254e+02   1.27068604e-04
   3.57098742e+02  -1.77048918e-04
   3.57099230e+02  -4.31240100e-04
   3.57099718e+02  -1.40265824e-04
   3.57100207e+02   1.45177430e-04
   3.57100695e+02   1.00390323e-04
   3.57101183e+02   1.09926092e-04
   3.57101672e+02   1.75686000e-04
   3.57102160e+02   6.12221702e-05
   3.57102648e+02  -7.69124745e-05
   3.57103137e+02  -2.97374529e-04
   3.57103625e+02  -4.02218691e-04
   3.57104113e+02  -6.80464655e-05
   3.57104602e+02   4.72696229e-05
   3.57105090e+02   2.22581555e-04
   3.57105578e+02   8.56971543e-04
   3.57106066e+02   8.73262295e-04
   3.57106555e+02   1.27204868e-04
   3.57107043e+02  -4.50201653e-04
   3.57107531e+02  -7.60940369e-04
   3.57108020e+02  -7.86118675e-04
   3.57108508e+02  -4.31267428e-04
   3.57108996e+02  -1.72982167e-04
   3.57109485e+02  -2.16577988e-04
   3.57109973e+02  -4.48794075e-04
   3.57110461e+02  -6.38603233e-04
   3.57110950e+02  -5.99275227e-04
   3.57111438e+02  -4.28567466e-04
   3.57111926e+02  -2.36985070e-04
   3.57112414e+02  -2.28404635e-04
   3.57112903e+02  -4.60894982e-04
   3.57113391e+02  -2.71904602e-04
   3.57113879e+02   2.99350213e-04
   3.57114368e+02   3.70069902e-04
   3.57114856e+02   2.17299414e-04
   3.57115344e+02   7.16232080e-06
   3.57115833e+02  -4.96986089e-04
   3.57116321e+02  -3.06249305e-04
   3.57116809e+02   4.15199727e-04
   3.57117298e+02   4.65914112e-04
   3.57117786e+02  -5.76747698e-05
   3.57118274e+02  -4.49586369e-04
   3.57118762e+02  -6.92700618e-04
   3.57119251e+02  -4.76526679e-04
   3.57119739e+02   2.26395001e-04
   3.57120227e+02   3.61512561e-04
   3.57120716e+02  -4.02116057e-05
   3.57121204e+02   3.00856263e-05
   3.57121692e+02   1.69483450e-04
   3.57122181e+02  -8.80613807e-05
   3.57122669e+02  -1.02568090e-04
   3.57123157e+02   3.81212536e-04
   3.57123646e+02   4.61686024e-04
   3.57124134e+02   5.70176810e-04
   3.57124622e+02   1.08691480e-03
   3.57125110e+02   9.21736413e-04
   3.57125599e+02   4.35009570e-04
   3.57126087e+02   5.49211982e-05
   3.57126575e+02  -3.64703039e-04
   3.57127064e+02  -4.89404250e-04
   3.57127552e+02  -5.80546475e-05
   3.57128040e+02   3.67752218e-04
   3.57128529e+02   2.93971098e-04
   3.57129017e+02  -1.20848774e-04
   3.57129505e+02  -3.23545915e-04
   3.57129994e+02  -1.33832168e-06
   3.57130482e+02   3.08112270e-04
   3.57130970e+02   3.45926877e-04
   3.57131459e+02   7.03635567e-04
   3.57131947e+02   6.11034455e-04
   3.57132435e+02   1.57899340e-04
   3.57132923e+02  -3.77381875e-05
   3.57133412e+02  -3.54009273e-04
   3.57133900e+02  -6.10421004e-04
   3.57134388e+02  -5.34722523e-04
   3.57134877e+02  -3.07885872e-04
   3.57135365e+02  -3.88750312e-04
   3.57135853e+02  -7.14035647e-04
   3.57136342e+02  -5.82389592e-04
   3.57136830e+02  -3.38879094e-04
   3.57137318e+02  -2.70586053e-04
   3.57137807e+02  -6.95314433e-04
   3.57138295e+02  -1.45932159e-03
   3.57138783e+02  -1.13013643e-03
   3.57139271e+02   2.17605135e-04
   3.57139760e+02   1.01171224e-03
   3.57140248e+02   7.94620020e-04
   3.57140736e+02   3.42931628e-04
   3.57141225e+02  -1.01447156e-04
   3.57141713e+02  -3.07232345e-04
   3.57142201e+02  -2.07264791e-04
   3.57142690e+02  -3.05946713e-04
   3.57143178e+02  -8.82450058e-06
   3.57143666e+02   5.62301837e-04
   3.57144155e+02   2.77998566e-04
   3.57144643e+02  -1.87989179e-04
   3.57145131e+02   3.90003188e-05
   3.57145619e+02   2.27430559e-04
   3.57146108e+02   2.94990547e-04
   3.57146596e+02   4.03273560e-04
   3.57147084e+02   1.10088164e-04
   3.57147573e+02  -3.89887224e-04
   3.57148061e+02  -4.44714766e-04
   3.57148549e+02   1.33646419e-04
   3.57149038e+02   2.18779969e-04
   3.57149526e+02  -3.77344404e-04
   3.57150014e+02  -3.98422155e-04
   3.57150503e+02   2.29238663e-04
   3.57150991e+02   5.31180354e-04
   3.57151479e+02   2.16566914e-04
   3.57151967e+02  -2.38777619e-04
   3.57152456e+02  -4.37510404e-04
   3.57152944e+02  -5.09314588e-04
   3.57153432e+02  -3.06413946e-04
   3.57153921e+02   1.91807936e-04
   3.57154409e+02   4.21740726e-04
   3.57154897e+02   5.94351033e-04
   3.57155386e+02   7.87305413e-04
   3.57155874e+02   6.05525565e-04
   3.57156362e+02   1.63044151e-05
   3.57156851e+02  -3.65878223e-04
   3.57157339e+02  -5.57010877e-04
   3.57157827e+02  -6.17024663e-04
   3.57158315e+02  -1.63455275e-04
   3.57158804e+02   1.52066932e-04
   3.57159292e+02   2.13725711e-04
   3.57159780e+02   2.93925317e-04
   3.57160269e+02  -6.49348585e-05
   3.57160757e+02  -3.47112713e-04
   3.57161245e+02  -1.57311733e-04
   3.57161734e+02   4.10075954e-05
   3.57162222e+02   8.19063862e-05
   3.57162710e+02  -1.87703525e-04
   3.57163199e+02  -6.55044336e-04
   3.57163687e+02  -5.87601913e-04
   3.57164175e+02   8.38337437e-05
   3.57164663e+02   3.49906215e-04
   3.57165152e+02   3.20169784e-04
   3.57165640e+02   6.24237175e-04
   3.57166128e+02   4.26046201e-04
   3.57166617e+02  -2.57445528e-04
   3.57167105e+02  -2.70728837e-04
   3.57167593e+02   7.75687340e-07
   3.57168082e+02  -1.80612114e-04
   3.57168570e+02  -3.55694938e-04
   3.57169058e+02  -2.59138324e-04
   3.57169547e+02  -1.40702250e-04
   3.57170035e+02  -3.28033319e-04
   3.57170523e+02  -2.96694372e-04
   3.57171012e+02   3.81281890e-04
   3.57171500e+02   6.93550799e-04
   3.57171988e+02   4.46159655e-04
   3.57172476e+02   4.45313752e-04
   3.57172965e+02  -2.13503499e-05
   3.57173453e+02  -7.71954772e-04
   3.57173941e+02  -8.03527771e-04
   3.57174430e+02  -3.19056213e-04
   3.57174918e+02  -2.56133673e-04
   3.57175406e+02  -2.78101215e-04
   3.57175895e+02  -2.77256971e-04
   3.57176383e+02  -1.65484671e-04
   3.57176871e+02   1.29427717e-04
   3.57177360e+02   1.47555445e-04
   3.57177848e+02   1.60525437e-04
   3.57178336e+02   5.84685731e-05
   3.57178824e+02   9.40576429e-05
   3.57179313e+02   4.46103513e-04
   3.57179801e+02   6.25568646e-05
   3.57180289e+02  -5.66896109e-04
   3.57180778e+02  -5.17440785e-04
   3.57181266e+02  -1.14968272e-04
   3.57181754e+02   2.47626129e-04
   3.57182243e+02   3.02687025e-04
   3.57182731e+02   7.74728032e-05
   3.57183219e+02   5.20385074e-05
   3.57183708e+02   1.97123518e-04
   3.57184196e+02  -2.51876103e-04
   3.57184684e+02  -8.28835880e-04
   3.57185172e+02  -3.93999711e-04
   3.57185661e+02   2.57082633e-04
   3.57186149e+02   2.15576409e-04
   3.57186637e+02  -1.62205964e-04
   3.57187126e+02  -6.41677529e-04
   3.57187614e+02  -1.13674032e-03
   3.57188102e+02  -7.96297507e-04
   3.57188591e+02   1.95583561e-04
   3.57189079e+02   6.27335103e-04
   3.57189567e+02   6.31718198e-04
   3.57190056e+02   5.43538539e-04
   3.57190544e+02   5.48889977e-04
   3.57191032e+02   2.83042522e-04
   3.57191520e+02  -5.26938296e-04
   3.57192009e+02  -7.42889126e-04
   3.57192497e+02  -4.61428455e-04
   3.57192985e+02  -2.71410769e-04
   3.57193474e+02   1.86110687e-04
   3.57193962e+02   3.64645792e-04
   3.57194450e+02  -2.03814168e-04
   3.57194939e+02  -3.56919802e-04
   3.57195427e+02   8.00576527e-05
   3.57195915e+02   1.00260993e-04
   3.57196404e+02  -3.28304333e-04
   3.57196892e+02  -3.94780625e-04
   3.57197380e+02  -5.47050789e-04
   3.57197868e+02  -3.70889087e-04
   3.57198357e+02   5.05496166e-04
   3.57198845e+02   5.57311461e-04
   3.57199333e+02  -2.96054932e-04
   3.57199822e+02  -9.15194512e-04
   3.57200310e+02  -9.87568987e-04
   3.57200798e+02  -4.52156790e-04
   3.57201287e+02  -3.61755345e-04
   3.57201775e+02  -4.93834319e-04
   3.57202263e+02  -4.93618027e-05
   3.57202752e+02   4.97356639e-04
   3.57203240e+02   7.12686044e-04
   3.57203728e+02   2.69544340e-04
   3.57204216e+02  -6.12857621e-05
   3.57204705e+02   2.20446716e-04
   3.57205193e+02   2.11514911e-04
   3.57205681e+02  -7.78939739e-06
   3.57206170e+02   2.89061689e-04
   3.57206658e+02   4.86074772e-04
   3.57207146e+02   6.22650186e-05
   3.57207635e+02   5.62225832e-05
   3.57208123e+02   6.20984938e-04
   3.57208611e+02   9.14219243e-04
   3.57209100e+02   1.02061557e-03
   3.57209588e+02   8.51810852e-04
   3.57210076e+02   3.56810313e-04
   3.57210565e+02   5.23733965e-04
   3.57211053e+02   8.32047255e-04
   3.57211541e+02   5.62546367e-04
   3.57212029e+02   1.36282790e-04
   3.57212518e+02   3.32118652e-04
   3.57213006e+02   6.63248939e-04
   3.57213494e+02   5.04346972e-04
   3.57213983e+02   2.87867791e-04
   3.57214471e+02  -1.27475563e-04
   3.57214959e+02  -3.25741566e-04
   3.57215448e+02   3.44255503e-04
   3.57215936e+02   3.19387153e-04
   3.57216424e+02  -2.44656781e-04
   3.57216913e+02  -2.95442936e-04
   3.57217401e+02  -4.52050794e-04
   3.57217889e+02  -5.64826536e-04
   3.57218377e+02  -2.18356334e-04
   3.57218866e+02  -2.52088095e-04
   3.57219354e+02  -6.43867475e-04
   3.57219842e+02  -5.82877314e-04
   3.57220331e+02  -4.21462697e-04
   3.57220819e+02  -5.43431554e-04
   3.57221307e+02  -6.54300151e-04
   3.57221796e+02  -5.76027262e-04
   3.57222284e+02  -1.38659278e-04
   3.57222772e+02  -1.55550806e-04
   3.57223261e+02  -4.63329430e-04
   3.57223749e+02  -3.28846683e-04
   3.57224237e+02  -3.81506165e-04
   3.57224725e+02  -8.99242470e-04
   3.57225214e+02  -1.03079458e-03
   3.57225702e+02  -3.17695260e-04
   3.57226190e+02   8.94687910e-05
   3.57226679e+02   4.92918989e-05
   3.57227167e+02   4.08459937e-06
   3.57227655e+02   2.04430344e-05
   3.57228144e+02   1.14751929e-04
   3.57228632e+02   3.32488184e-04
   3.57229120e+02   3.34133947e-04
   3.57229609e+02  -5.12385923e-05
   3.57230097e+02  -5.37342275e-04
   3.57230585e+02  -7.88591627e-04
   3.57231073e+02  -7.46510166e-04
   3.57231562e+02  -7.42526026e-04
   3.57232050e+02  -9.36792232e-04
   3.57232538e+02  -6.90439134e-04
   3.57233027e+02  -1.76869595e-04
   3.57233515e+02   1.47234154e-04
   3.57234003e+02   7.05951767e-04
   3.57234492e+02   1.17047597e-03
   3.57234980e+02   1.29478308e-03
   3.57235468e+02   1.14744285e-03
   3.57235957e+02   1.00881630e-03
   3.57236445e+02   1.06131681e-03
   3.57236933e+02   9.99701442e-04
   3.57237421e+02   3.57472018e-04
   3.57237910e+02  -1.65285892e-04
   3.57238398e+02  -1.69521772e-05
   3.57238886e+02  -3.22993845e-04
   3.57239375e+02  -5.61531167e-04
   3.57239863e+02  -2.59415072e-04
   3.57240351e+02  -3.08395916e-04
   3.57240840e+02  -3.12757358e-04
   3.57241328e+02  -1.29929205e-04
   3.57241816e+02  -1.69648512e-04
   3.57242305e+02  -3.50413640e-04
   3.57242793e+02  -5.56403887e-04
   3.57243281e+02  -2.94807425e-04
   3.57243769e+02   1.97205358e-04
   3.57244258e+02   4.22113400e-04
   3.57244746e+02   3.90118257e-05
   3.57245234e+02  -4.48080827e-04
   3.57245723e+02  -4.30160493e-04
   3.57246211e+02  -3.68185720e-04
   3.57246699e+02   1.13407659e-05
   3.57247188e+02   5.59899199e-04
   3.57247676e+02   6.67752349e-04
   3.57248164e+02   2.47952994e-04
   3.57248653e+02  -1.68112805e-04
   3.57249141e+02   2.06252415e-04
   3.57249629e+02   7.09773158e-04
   3.57250118e+02   6.31520234e-04
   3.57250606e+02   1.20201919e-04
   3.57251094e+02  -5.06049895e-04
   3.57251582e+02  -7.79500231e-04
   3.57252071e+02  -6.47863082e-04
   3.57252559e+02  -3.23934975e-04
   3.57253047e+02   1.73374719e-04
   3.57253536e+02   2.47556774e-04
   3.57254024e+02  -3.65578133e-04
   3.57254512e+02  -8.54647835e-04
   3.57255001e+02  -9.75292758e-04
   3.57255489e+02  -6.82644546e-04
   3.57255977e+02  -1.12609690e-04
   3.57256466e+02   2.19167065e-04
   3.57256954e+02  -4.67820428e-06
   3.57257442e+02  -1.94646185e-04
   3.57257930e+02   1.29813663e-04
   3.57258419e+02   5.12612693e-04
   3.57258907e+02   3.24798777e-04
   3.57259395e+02   1.25326624e-04
   3.57259884e+02   2.90213648e-04
   3.57260372e+02   2.09927079e-04
   3.57260860e+02   1.08769316e-04
   3.57261349e+02   4.25631995e-04
   3.57261837e+02   6.01914770e-04
   3.57262325e+02   1.97059839e-04
   3.57262814e+02  -4.89092898e-04
   3.57263302e+02  -9.22128675e-04
   3.57263790e+02  -7.86831137e-04
   3.57264278e+02  -3.86912172e-04
   3.57264767e+02  -2.56776722e-04
   3.57265255e+02  -2.68451171e-04
   3.57265743e+02  -2.70523975e-04
   3.57266232e+02  -5.18596382e-04
   3.57266720e+02  -7.32657791e-04
   3.57267208e+02  -5.62509871e-04
   3.57267697e+02  -2.73287413e-04
   3.57268185e+02  -1.96530582e-05
   3.57268673e+02   5.07705772e-05
   3.57269162e+02   1.35485578e-04
   3.57269650e+02   5.29786921e-04
   3.57270138e+02   2.68809759e-04
   3.57270626e+02  -1.89330269e-04
   3.57271115e+02  -1.01061314e-05
   3.57271603e+02   4.37890441e-04
   3.57272091e+02   6.41137653e-04
   3.57272580e+02   6.11579278e-04
   3.57273068e+02   4.08468128e-04
   3.57273556e+02  -1.67236969e-04
   3.57274045e+02  -1.98844311e-04
   3.57274533e+02   1.40233315e-04
   3.57275021e+02  -1.88298000e-04
   3.57275510e+02  -4.80052113e-04
   3.57275998e+02  -1.13715207e-04
   3.57276486e+02   4.39593015e-04
   3.57276974e+02   3.49223934e-04
   3.57277463e+02  -7.03664904e-04
   3.57277951e+02  -9.32704599e-04
   3.57278439e+02   4.71599997e-05
   3.57278928e+02   1.80692841e-05
   3.57279416e+02  -4.17663716e-04
   3.57279904e+02  -1.10530375e-04
   3.57280393e+02   1.19130120e-04
   3.57280881e+02   5.49960358e-04
   3.57281369e+02   7.84664531e-04
   3.57281858e+02   1.75803900e-04
   3.57282346e+02  -1.19322249e-04
   3.57282834e+02   3.63245665e-04
   3.57283322e+02   6.80219440e-04
   3.57283811e+02   4.83622833e-04
   3.57284299e+02   3.32819967e-04
   3.57284787e+02   3.18186248e-05
   3.57285276e+02  -1.35244540e-04
   3.57285764e+02   7.27150764e-05
   3.57286252e+02   6.34896278e-05
   3.57286741e+02  -4.13137168e-05
   3.57287229e+02  -7.02944308e-05
   3.57287717e+02  -7.43747514e-05
   3.57288206e+02   9.94362490e-05
   3.57288694e+02   3.47062101e-04
   3.57289182e+02   7.27588951e-04
   3.57289671e+02   8.99822509e-04
   3.57290159e+02   5.53540769e-04
   3.57290647e+02   5.08517434e-04
   3.57291135e+02   6.35942910e-04
   3.57291624e+02   7.13873669e-05
   3.57292112e+02  -7.15929200e-04
   3.57292600e+02  -6.13254088e-04
   3.57293089e+02  -3.08564544e-04
   3.57293577e+02  -3.28428810e-04
   3.57294065e+02   2.12657134e-04
   3.57294554e+02   5.80002845e-04
   3.57295042e+02   2.40431094e-04
   3.57295530e+02   1.07648724e-04
   3.57296019e+02   1.63347024e-04
   3.57296507e+02  -2.18697969e-04
   3.57296995e+02  -5.48243173e-04
   3.57297483e+02  -4.36510134e-04
   3.57297972e+02  -2.48023745e-04
   3.57298460e+02  -7.65125951e-05
   3.57298948e+02  -1.13688424e-04
   3.57299437e+02  -2.08593687e-04
   3.57299925e+02   1.95463654e-04
   3.57300413e+02   1.19615906e-04
   3.57300902e+02  -2.30857895e-05
   3.57301390e+02   3.90173926e-04
   3.57301878e+02   5.19713969e-04
   3.57302367e+02   3.49681475e-04
   3.57302855e+02  -2.75819493e-05
   3.57303343e+02  -4.39113559e-04
   3.57303831e+02  -6.35319739e-04
   3.57304320e+02  -7.15397997e-04
   3.57304808e+02  -8.66673945e-04
   3.57305296e+02  -7.51790241e-04
   3.57305785e+02  -4.59886360e-04
   3.57306273e+02  -1.14946954e-04
   3.57306761e+02   1.68748578e-04
   3.57307250e+02   2.74704682e-04
   3.57307738e+02   7.81700073e-05
   3.57308226e+02  -4.10120090e-04
   3.57308715e+02  -7.24286772e-04
   3.57309203e+02  -1.23444735e-03
   3.57309691e+02  -1.40622281e-03
   3.57310179e+02   5.35178078e-05
   3.57310668e+02   5.96271246e-04
   3.57311156e+02   7.13819929e-04
   3.57311644e+02   4.68613463e-04
   3.57312133e+02   1.77580470e-04
   3.57312621e+02   3.57776880e-04
   3.57313109e+02   9.22046951e-04
   3.57313598e+02   6.25653134e-04
   3.57314086e+02   9.85278602e-05
   3.57314574e+02  -1.14667964e-04
   3.57315063e+02  -2.00486917e-04
   3.57315551e+02   2.94902566e-04
   3.57316039e+02   5.33393642e-04
   3.57316527e+02   4.80478011e-05
   3.57317016e+02   3.44725086e-05
   3.57317504e+02   3.67606903e-04
   3.57317992e+02   2.18709538e-04
   3.57318481e+02  -2.78321764e-04
   3.57318969e+02  -4.20449418e-04
   3.57319457e+02  -3.08942981e-06
   3.57319946e+02   1.38880103e-04
   3.57320434e+02  -1.00052057e-04
   3.57320922e+02   1.45892278e-04
   3.57321411e+02   4.61531861e-04
   3.57321899e+02   4.12522000e-04
   3.57322387e+02   2.82652065e-04
   3.57322875e+02   1.15628085e-04
   3.57323364e+02   1.46023522e-04
   3.57323852e+02   1.98499867e-04
   3.57324340e+02   1.11799302e-04
   3.57324829e+02  -1.65627003e-04
   3.57325317e+02   9.18159858e-05
   3.57325805e+02   3.99034732e-04
   3.57326294e+02   1.53775429e-04
   3.57326782e+02  -8.17743639e-05
   3.57327270e+02  -3.40240367e-05
   3.57327759e+02   4.44444122e-05
   3.57328247e+02  -2.29458692e-06
   3.57328735e+02  -9.79791148e-05
   3.57329224e+02  -9.77801901e-05
   3.57329712e+02   2.23179013e-04
   3.57330200e+02   1.02438280e-04
   3.57330688e+02  -3.54649346e-05
   3.57331177e+02   7.33579509e-04
   3.57331665e+02   8.83596542e-04
   3.57332153e+02   3.45230685e-04
   3.57332642e+02   6.20763385e-05
   3.57333130e+02   1.14462826e-04
   3.57333618e+02  -1.05057334e-05
   3.57334107e+02  -9.66009829e-05
   3.57334595e+02   1.03793318e-04
   3.57335083e+02  -2.16898115e-04
   3.57335572e+02  -5.55522507e-04
   3.57336060e+02  -3.63024534e-04
   3.57336548e+02  -1.99669084e-04
   3.57337036e+02  -2.76655483e-04
   3.57337525e+02  -3.72686627e-04
   3.57338013e+02  -2.34672028e-04
   3.57338501e+02  -5.19551802e-04
   3.57338990e+02  -8.21745838e-04
   3.57339478e+02  -4.09027562e-04
   3.57339966e+02  -2.02189854e-04
   3.57340455e+02  -5.08389669e-04
   3.57340943e+02  -3.32041120e-04
   3.57341431e+02   2.42439228e-06
   3.57341920e+02   2.04448501e-04
   3.57342408e+02   4.93665866e-05
   3.57342896e+02  -4.20823926e-04
   3.57343384e+02  -4.09841421e-04
   3.57343873e+02  -2.07773337e-05
   3.57344361e+02   2.32928229e-04
   3.57344849e+02   5.87868039e-04
   3.57345338e+02   8.49588949e-04
   3.57345826e+02   4.87699348e-04
   3.57346314e+02   3.91001777e-05
   3.57346803e+02   2.66809569e-04
   3.57347291e+02   7.25092832e-04
   3.57347779e+02   7.21160672e-04
   3.57348268e+02   2.99051899e-04
   3.57348756e+02   2.32714319e-05
   3.57349244e+02   1.78032235e-04
   3.57349732e+02   3.88851273e-04
   3.57350221e+02   3.25508096e-04
   3.57350709e+02  -4.57847091e-05
   3.57351197e+02  -4.05143277e-04
   3.57351686e+02  -2.93830759e-04
   3.57352174e+02   1.49812651e-04
   3.57352662e+02   3.52853065e-04
   3.57353151e+02   4.10794717e-04
   3.57353639e+02   1.26939602e-04
   3.57354127e+02  -3.25078552e-04
   3.57354616e+02  -5.10618265e-04
   3.57355104e+02  -4.24702419e-04
   3.57355592e+02  -1.55533751e-04
   3.57356080e+02  -3.13960700e-05
   3.57356569e+02  -4.14033602e-05
   3.57357057e+02  -1.41358061e-04
   3.57357545e+02  -9.75743569e-06
   3.57358034e+02  -2.33224218e-05
   3.57358522e+02  -1.96543449e-04
   3.57359010e+02  -2.67841795e-04
   3.57359499e+02  -1.34038331e-04
   3.57359987e+02  -1.36052826e-04
   3.57360475e+02   8.33748782e-05
   3.57360964e+02   3.68066889e-04
   3.57361452e+02   3.35347104e-05
   3.57361940e+02  -1.37253941e-04
   3.57362428e+02   1.55590256e-04
   3.57362917e+02   2.33321101e-04
   3.57363405e+02   1.60036623e-04
   3.57363893e+02   3.18830775e-04
   3.57364382e+02   4.06308362e-04
   3.57364870e+02   2.38050256e-04
   3.57365358e+02   9.12681062e-05
   3.57365847e+02  -2.00504481e-04
   3.57366335e+02  -6.47777633e-04
   3.57366823e+02  -6.92271627e-04
   3.57367312e+02  -2.81840010e-04
   3.57367800e+02   1.43160127e-04
   3.57368288e+02   2.48741650e-04
   3.57368777e+02  -1.64641722e-04
   3.57369265e+02  -1.40666598e-04
   3.57369753e+02  -2.18599176e-04
   3.57370241e+02  -5.41275193e-04
   3.57370730e+02  -7.32265413e-04
   3.57371218e+02  -9.18551581e-04
   3.57371706e+02  -6.38976519e-04
   3.57372195e+02  -1.20603916e-04
   3.57372683e+02   6.72867691e-06
   3.57373171e+02  -2.04298281e-04
   3.57373660e+02  -4.06961568e-04
   3.57374148e+02  -5.40354813e-04
   3.57374636e+02  -2.56669417e-04
   3.57375125e+02   3.67096305e-04
   3.57375613e+02   5.81897621e-04
   3.57376101e+02   3.77009477e-04
   3.57376589e+02   5.23024755e-05
   3.57377078e+02   9.23786138e-05
   3.57377566e+02   7.21126678e-04
   3.57378054e+02   9.38280136e-04
   3.57378543e+02   2.35340151e-04
   3.57379031e+02  -1.60312498e-04
   3.57379519e+02  -1.99035145e-04
   3.57380008e+02  -1.75773923e-04
   3.57380496e+02   1.97011308e-04
   3.57380984e+02   6.97196403e-04
   3.57381473e+02   1.07765757e-03
   3.57381961e+02   1.15053135e-03
   3.57382449e+02   8.82252876e-04
   3.57382937e+02   2.39104949e-04
   3.57383426e+02  -1.12719747e-04
   3.57383914e+02   1.80714942e-05
   3.57384402e+02  -2.09969185e-05
   3.57384891e+02  -2.48660595e-04
   3.57385379e+02  -2.84277543e-04
   3.57385867e+02  -1.93729546e-04
   3.57386356e+02   1.70800573e-04
   3.57386844e+02   6.19896455e-04
   3.57387332e+02   9.22865700e-04
   3.57387821e+02   1.04958261e-03
   3.57388309e+02   8.00181064e-04
   3.57388797e+02   3.41277715e-04
   3.57389285e+02  -3.70705711e-05
   3.57389774e+02  -1.14616792e-04
   3.57390262e+02   1.75023626e-04
   3.57390750e+02   3.37064586e-04
   3.57391239e+02   5.37858519e-04
   3.57391727e+02   9.46622225e-04
   3.57392215e+02   1.21917890e-03
   3.57392704e+02   1.12177501e-03
   3.57393192e+02   5.38108579e-04
   3.57393680e+02  -2.59338249e-05
   3.57394169e+02   2.58349028e-04
   3.57394657e+02   5.88172290e-04
   3.57395145e+02   2.89165124e-04
   3.57395633e+02   4.48233215e-04
   3.57396122e+02   5.42186142e-04
   3.57396610e+02  -4.37529634e-05
   3.57397098e+02  -6.61395665e-04
   3.57397587e+02  -8.04168638e-04
   3.57398075e+02  -3.46779998e-04
   3.57398563e+02  -3.37725622e-04
   3.57399052e+02  -7.53682922e-04
   3.57399540e+02  -3.37356934e-04
   3.57400028e+02   3.57670593e-04
   3.57400517e+02   1.91728061e-04
   3.57401005e+02  -5.42978232e-04
   3.57401493e+02  -7.34209490e-04
   3.57401981e+02   1.44391423e-04
   3.57402470e+02   7.76999863e-04
   3.57402958e+02   3.04490473e-04
   3.57403446e+02   1.53855217e-05
   3.57403935e+02   2.27543234e-04
   3.57404423e+02  -3.26114707e-04
   3.57404911e+02  -6.34814030e-04
   3.57405400e+02  -2.68628937e-04
   3.57405888e+02  -9.85068691e-05
   3.57406376e+02   4.29088686e-05
   3.57406865e+02   2.44033901e-04
   3.57407353e+02   3.04308749e-04
   3.57407841e+02   1.76295565e-04
   3.57408330e+02   9.59218887e-05
   3.57408818e+02   2.71179306e-04
   3.57409306e+02   3.55409109e-04
   3.57409794e+02   1.59955438e-04
   3.57410283e+02   1.86613528e-04
   3.57410771e+02   1.02737671e-04
   3.57411259e+02  -2.45184656e-05
   3.57411748e+02   5.55592123e-04
   3.57412236e+02   7.76073139e-04
   3.57412724e+02   2.38134307e-04
   3.57413213e+02  -2.61545392e-05
   3.57413701e+02  -1.99922997e-05
   3.57414189e+02   3.21678672e-04
   3.57414678e+02   7.50917359e-04
   3.57415166e+02   3.51817696e-04
   3.57415654e+02  -6.63226529e-05
   3.57416142e+02  -4.24665574e-04
   3.57416631e+02  -9.05996829e-04
   3.57417119e+02  -3.53863288e-04
   3.57417607e+02   1.71347478e-04
   3.57418096e+02  -7.18197089e-06
   3.57418584e+02   3.98504526e-05
   3.57419072e+02  -3.29719187e-04
   3.57419561e+02  -6.67166896e-04
   3.57420049e+02  -5.41357091e-04
   3.57420537e+02  -3.27023823e-04
   3.57421026e+02  -3.65132815e-04
   3.57421514e+02  -5.93439036e-04
   3.57422002e+02  -2.33442115e-04
   3.57422490e+02   2.51068996e-04
   3.57422979e+02   5.00905560e-04
   3.57423467e+02   6.48715126e-04
   3.57423955e+02   6.55224256e-04
   3.57424444e+02   5.09582169e-04
   3.57424932e+02  -1.00938465e-04
   3.57425420e+02  -5.50535566e-04
   3.57425909e+02  -2.34834879e-04
   3.57426397e+02  -3.61244674e-05
   3.57426885e+02  -8.16088868e-05
   3.57427374e+02   9.06223213e-05
   3.57427862e+02   5.72997436e-04
   3.57428350e+02   8.01057438e-04
   3.57428838e+02   5.18305751e-04
   3.57429327e+02   2.87426839e-04
   3.57429815e+02   4.41762735e-04
   3.57430303e+02   2.40046880e-04
   3.57430792e+02   1.15325229e-05
   3.57431280e+02   2.09459118e-04
   3.57431768e+02   1.72485685e-04
   3.57432257e+02   1.50407650e-04
   3.57432745e+02   1.19697415e-05
   3.57433233e+02  -6.60308579e-04
   3.57433722e+02  -8.75829079e-04
   3.57434210e+02  -2.64946313e-04
   3.57434698e+02  -1.08992053e-05
   3.57435186e+02  -2.16401255e-04
   3.57435675e+02  -2.50433604e-05
   3.57436163e+02   1.59423682e-04
   3.57436651e+02  -1.62792712e-04
   3.57437140e+02  -6.13712240e-04
   3.57437628e+02  -3.09402967e-04
   3.57438116e+02   2.62596324e-04
   3.57438605e+02   4.85788551e-05
   3.57439093e+02  -4.42915247e-04
   3.57439581e+02  -1.96575827e-04
   3.57440070e+02   2.08777401e-05
   3.57440558e+02  -4.31010762e-04
   3.57441046e+02  -5.08528086e-04
   3.57441534e+02  -1.36827570e-04
   3.57442023e+02   1.90811421e-04
   3.57442511e+02  -1.21156656e-04
   3.57442999e+02  -5.93283621e-04
   3.57443488e+02  -4.03471728e-04
   3.57443976e+02  -1.49838552e-05
   3.57444464e+02   6.12520817e-05
   3.57444953e+02  -1.81013995e-04
   3.57445441e+02  -3.73671675e-04
   3.57445929e+02  -4.67537029e-04
   3.57446418e+02  -1.97082380e-04
   3.57446906e+02   1.48320978e-04
   3.57447394e+02   1.86764039e-04
   3.57447883e+02   1.64449666e-04
   3.57448371e+02   1.18071999e-04
   3.57448859e+02   2.38797045e-04
   3.57449347e+02   3.62849794e-04
   3.57449836e+02  -1.82205287e-04
   3.57450324e+02  -4.90029925e-04
   3.57450812e+02  -2.14339787e-04
   3.57451301e+02  -3.50091650e-05
   3.57451789e+02   2.18373243e-04
   3.57452277e+02   4.75465960e-04
   3.57452766e+02   3.91630485e-04
   3.57453254e+02   3.75355914e-04
   3.57453742e+02   7.63901917e-04
   3.57454231e+02   7.68717437e-04
   3.57454719e+02   5.10735204e-04
   3.57455207e+02   6.62142702e-04
   3.57455695e+02   4.53554530e-04
   3.57456184e+02   1.66041045e-05
   3.57456672e+02   3.10257077e-04
   3.57457160e+02   6.91704394e-04
   3.57457649e+02   5.90787968e-04
   3.57458137e+02   3.04585061e-04
   3.57458625e+02   6.16268007e-05
   3.57459114e+02  -1.18645534e-04
   3.57459602e+02  -5.34186896e-04
   3.57460090e+02  -7.28307466e-04
   3.57460579e+02  -5.54457656e-04
   3.57461067e+02  -6.37176330e-04
   3.57461555e+02  -2.73481215e-04
   3.57462043e+02   4.44989710e-04
   3.57462532e+02   6.06427377e-04
   3.57463020e+02   3.43806780e-04
   3.57463508e+02   1.30070221e-05
   3.57463997e+02  -5.48122043e-04
   3.57464485e+02  -7.37819588e-04
   3.57464973e+02   1.82216263e-05
   3.57465462e+02   6.77459408e-04
   3.57465950e+02   1.62612720e-04
   3.57466438e+02  -7.20284646e-04
   3.57466927e+02  -3.51064460e-04
   3.57467415e+02   6.65048312e-04
   3.57467903e+02   5.99857769e-04
   3.57468391e+02   8.44590031e-05
   3.57468880e+02   1.60224736e-04
   3.57469368e+02   1.78555274e-04
   3.57469856e+02   7.78662870e-05
   3.57470345e+02   3.21438187e-04
   3.57470833e+02   2.39771820e-04
   3.57471321e+02  -2.24553572e-04
   3.57471810e+02  -9.66839507e-05
   3.57472298e+02   1.44782971e-04
   3.57472786e+02  -1.45856204e-04
   3.57473275e+02  -4.52368491e-04
   3.57473763e+02  -5.00160560e-04
   3.57474251e+02  -3.15354409e-04
   3.57474739e+02  -1.41957324e-04
   3.57475228e+02   9.74593859e-05
   3.57475716e+02   9.41603503e-05
   3.57476204e+02  -4.53939603e-04
   3.57476693e+02  -5.41022979e-04
   3.57477181e+02  -3.71450558e-04
   3.57477669e+02  -9.77504023e-05
   3.57478158e+02   6.00182611e-05
   3.57478646e+02  -2.29350218e-04
   3.57479134e+02  -1.78387927e-04
   3.57479623e+02   6.25714019e-05
   3.57480111e+02   6.89838635e-05
   3.57480599e+02  -1.59096293e-04
   3.57481087e+02  -4.28844796e-04
   3.57481576e+02  -3.77833378e-04
   3.57482064e+02  -2.56663276e-04
   3.57482552e+02  -1.55461617e-04
   3.57483041e+02   1.10639794e-05
   3.57483529e+02   6.38315487e-06
   3.57484017e+02   3.34887824e-04
   3.57484506e+02   6.38427387e-04
   3.57484994e+02   4.74207103e-04
   3.57485482e+02   1.55725269e-04
   3.57485971e+02  -1.34165830e-05
   3.57486459e+02  -1.80660791e-05
   3.57486947e+02  -1.76173649e-04
   3.57487436e+02  -2.79341853e-04
   3.57487924e+02  -1.53706074e-04
   3.57488412e+02   9.26005850e-06
   3.57488900e+02   3.19980696e-04
   3.57489389e+02   3.29615170e-04
   3.57489877e+02  -3.14875215e-05
   3.57490365e+02  -3.34366865e-04
   3.57490854e+02  -2.23229508e-04
   3.57491342e+02   8.18238841e-05
   3.57491830e+02  -1.46594728e-04
   3.57492319e+02  -2.59940251e-04
   3.57492807e+02  -1.65791789e-04
   3.57493295e+02  -5.78214298e-04
   3.57493784e+02  -4.21586359e-04
   3.57494272e+02   9.67018059e-05
   3.57494760e+02   1.40037897e-04
   3.57495248e+02  -4.32759407e-04
   3.57495737e+02  -9.03531152e-04
   3.57496225e+02  -3.56999022e-04
   3.57496713e+02   1.28319414e-04
   3.57497202e+02  -3.14648525e-04
   3.57497690e+02  -4.97812405e-04
   3.57498178e+02  -1.27760024e-04
   3.57498667e+02   5.88320661e-04
   3.57499155e+02   5.05090342e-04
   3.57499643e+02  -1.58290291e-04
   3.57500132e+02   1.05461877e-04
   3.57500620e+02   2.23034513e-04
   3.57501108e+02  -1.00035264e-04
   3.57501596e+02   5.56598185e-04
   3.57502085e+02   9.05011955e-04
   3.57502573e+02   3.69463494e-04
   3.57503061e+02  -1.65007863e-04
   3.57503550e+02  -6.22152991e-04
   3.57504038e+02  -1.51332657e-04
   3.57504526e+02   5.87212795e-04
   3.57505015e+02   6.27960719e-04
   3.57505503e+02   7.18460476e-04
   3.57505991e+02   1.13004330e-03
   3.57506480e+02   1.50517607e-03
   3.57506968e+02   1.20380940e-03
   3.57507456e+02   5.72805700e-04
   3.57507944e+02   2.44906405e-04
   3.57508433e+02   1.21917132e-04
   3.57508921e+02  -1.79301453e-04
   3.57509409e+02  -4.30718908e-04
   3.57509898e+02  -1.00821715e-04
   3.57510386e+02   3.98357282e-04
   3.57510874e+02   5.07074990e-04
   3.57511363e+02   1.85409852e-04
   3.57511851e+02  -4.09968430e-04
   3.57512339e+02  -9.93359135e-04
   3.57512828e+02  -6.80131139e-04
   3.57513316e+02  -1.99603775e-04
   3.57513804e+02  -2.47948134e-04
   3.57514292e+02   3.92421818e-04
   3.57514781e+02   1.19434798e-03
   3.57515269e+02   6.89135806e-04
   3.57515757e+02  -4.21562087e-04
   3.57516246e+02  -6.57975907e-04
   3.57516734e+02  -1.52728084e-04
   3.57517222e+02   1.31600842e-04
   3.57517711e+02   8.63146342e-05
   3.57518199e+02  -3.69139481e-04
   3.57518687e+02  -4.31675347e-04
   3.57519176e+02  -3.33068834e-04
   3.57519664e+02  -4.35068388e-04
   3.57520152e+02   2.01581515e-05
   3.57520640e+02   2.08459605e-04
   3.57521129e+02   1.83277618e-04
   3.57521617e+02   1.19756107e-04
   3.57522105e+02  -1.40681324e-04
   3.57522594e+02  -8.25982788e-05
   3.57523082e+02  -2.16273475e-04
   3.57523570e+02  -5.54881175e-04
   3.57524059e+02  -2.86241819e-04
   3.57524547e+02   2.60100613e-04
   3.57525035e+02   3.16103804e-04
   3.57525524e+02   1.05397659e-04
   3.57526012e+02   1.91421932e-04
   3.57526500e+02   5.61538676e-04
   3.57526989e+02   6.98492746e-04
   3.57527477e+02   3.90036992e-04
   3.57527965e+02  -6.86157591e-06
   3.57528453e+02  -9.80810073e-05
   3.57528942e+02  -5.88562725e-05
   3.57529430e+02  -1.66104001e-04
   3.57529918e+02  -4.02241567e-04
   3.57530407e+02  -3.80143523e-04
   3.57530895e+02   6.45775162e-06
   3.57531383e+02   4.36360831e-04
   3.57531872e+02   3.16607766e-04
   3.57532360e+02   1.28510714e-04
   3.57532848e+02   4.94198466e-04
   3.57533337e+02   7.39636773e-04
   3.57533825e+02   1.93373678e-04
   3.57534313e+02  -1.60839933e-04
   3.57534801e+02  -3.63208055e-05
   3.57535290e+02  -1.71919135e-04
   3.57535778e+02  -2.12604136e-04
   3.57536266e+02   1.33368681e-04
   3.57536755e+02   5.21301059e-04
   3.57537243e+02   6.37924066e-04
   3.57537731e+02   6.06871676e-04
   3.57538220e+02   2.50205252e-04
   3.57538708e+02  -1.80984134e-04
   3.57539196e+02  -3.29785311e-04
   3.57539685e+02  -2.28341756e-04
   3.57540173e+02   4.87748563e-04
   3.57540661e+02   9.73143673e-04
   3.57541149e+02   5.00916329e-04
   3.57541638e+02  -1.28101572e-04
   3.57542126e+02  -3.84408457e-04
   3.57542614e+02  -5.03576826e-04
   3.57543103e+02  -4.26091516e-04
   3.57543591e+02  -1.50231412e-04
   3.57544079e+02   1.63309043e-04
   3.57544568e+02   3.83758103e-04
   3.57545056e+02   7.52524007e-04
   3.57545544e+02   4.63076285e-04
   3.57546033e+02   1.26050480e-04
   3.57546521e+02   1.28871572e-04
   3.57547009e+02   9.83650752e-05
   3.57547497e+02  -6.17177502e-05
   3.57547986e+02  -3.44681728e-04
   3.57548474e+02  -5.10331301e-04
   3.57548962e+02  -6.23874250e-04
   3.57549451e+02  -5.75933547e-04
   3.57549939e+02  -7.46260572e-04
   3.57550427e+02  -5.88699360e-04
   3.57550916e+02   3.40883998e-04
   3.57551404e+02   7.51878601e-04
   3.57551892e+02   6.95314666e-04
   3.57552381e+02   5.23007649e-04
   3.57552869e+02   3.34118726e-04
   3.57553357e+02   7.36813759e-04
   3.57553845e+02   9.83591541e-04
   3.57554334e+02   5.90433076e-04
   3.57554822e+02   6.42027182e-04
   3.57555310e+02   9.99011681e-04
   3.57555799e+02   6.12428179e-04
   3.57556287e+02   1.37373820e-04
   3.57556775e+02   1.72825065e-04
   3.57557264e+02   5.76007005e-04
   3.57557752e+02   7.00960285e-04
   3.57558240e+02   5.18821471e-04
   3.57558729e+02   5.51640464e-04
   3.57559217e+02   7.75164226e-04
   3.57559705e+02   7.41126481e-04
   3.57560193e+02   5.69394557e-04
   3.57560682e+02   2.19839014e-04
   3.57561170e+02  -2.96536542e-04
   3.57561658e+02  -4.54916182e-04
   3.57562147e+02  -1.55874150e-04
   3.57562635e+02  -1.02299404e-04
   3.57563123e+02  -2.95709760e-04
   3.57563612e+02  -5.79314190e-04
   3.57564100e+02  -6.04281435e-04
   3.57564588e+02  -1.99531951e-05
   3.57565077e+02   2.70803255e-04
   3.57565565e+02   4.06911189e-04
   3.57566053e+02   2.00572293e-04
   3.57566542e+02  -2.19188354e-04
   3.57567030e+02  -3.09826195e-04
   3.57567518e+02  -2.10528728e-04
   3.57568006e+02   5.42011403e-05
   3.57568495e+02  -1.68677303e-04
   3.57568983e+02  -7.12817069e-04
   3.57569471e+02  -4.88860183e-04
   3.57569960e+02   1.73052496e-04
   3.57570448e+02   5.58455708e-04
   3.57570936e+02   6.87681779e-04
   3.57571425e+02   4.16672090e-04
   3.57571913e+02   2.46140437e-04
   3.57572401e+02   3.56255885e-04
   3.57572890e+02   4.35356225e-04
   3.57573378e+02   2.79733445e-04
   3.57573866e+02  -6.86319108e-05
   3.57574354e+02  -1.38204428e-04
   3.57574843e+02  -6.65033513e-05
   3.57575331e+02  -3.02331155e-05
   3.57575819e+02   4.11595509e-04
   3.57576308e+02   8.00899928e-04
   3.57576796e+02   2.31212209e-04
   3.57577284e+02  -2.74379679e-04
   3.57577773e+02  -2.50023804e-05
   3.57578261e+02  -5.93254408e-05
   3.57578749e+02  -3.42269544e-04
   3.57579238e+02  -4.89610014e-04
   3.57579726e+02   1.33494963e-04
   3.57580214e+02   9.84240440e-04
   3.57580702e+02   9.43546824e-04
   3.57581191e+02   4.14588780e-04
   3.57581679e+02  -3.78647637e-05
   3.57582167e+02   8.08039840e-05
   3.57582656e+02   5.42974332e-04
   3.57583144e+02   4.40402277e-04
   3.57583632e+02   1.25203194e-04
   3.57584121e+02   2.95094331e-04
   3.57584609e+02   4.81370138e-04
   3.57585097e+02   2.50534737e-04
   3.57585586e+02  -1.52516004e-04
   3.57586074e+02  -4.12094960e-04
   3.57586562e+02  -4.22543118e-04
   3.57587050e+02  -2.97962579e-05
   3.57587539e+02   4.86561854e-04
   3.57588027e+02   6.23003638e-04
   3.57588515e+02   4.77146796e-06
   3.57589004e+02  -4.53623827e-04
   3.57589492e+02   2.08467434e-04
   3.57589980e+02   9.56728647e-04
   3.57590469e+02   4.60275332e-04
   3.57590957e+02   1.82215561e-04
   3.57591445e+02   2.40123045e-04
   3.57591934e+02  -7.24849633e-06
   3.57592422e+02  -2.60772122e-05
   3.57592910e+02  -5.64000111e-05
   3.57593398e+02   1.13314090e-05
   3.57593887e+02  -2.36645821e-04
   3.57594375e+02  -5.74571546e-04
   3.57594863e+02  -5.08155674e-04
   3.57595352e+02  -3.09537252e-04
   3.57595840e+02  -5.69660660e-05
   3.57596328e+02  -1.37505718e-04
   3.57596817e+02  -2.52155412e-04
   3.57597305e+02  -9.86375817e-05
   3.57597793e+02   1.82389849e-04
   3.57598282e+02   1.35388036e-04
   3.57598770e+02  -1.13873561e-04
   3.57599258e+02  -2.48521625e-04
   3.57599746e+02  -6.00132800e-04
   3.57600235e+02  -1.03869103e-03
   3.57600723e+02  -1.11255341e-03
   3.57601211e+02  -1.00666343e-03
   3.57601700e+02  -6.39614824e-04
   3.57602188e+02  -3.14083009e-04
   3.57602676e+02  -3.23539716e-05
   3.57603165e+02   1.60381285e-04
   3.57603653e+02   1.04136276e-03
   3.57604141e+02   1.42608164e-03
   3.57604630e+02   1.03947509e-03
   3.57605118e+02   4.17702540e-04
   3.57605606e+02   4.00985271e-04
   3.57606095e+02   3.58070451e-04
   3.57606583e+02   4.09420260e-04
   3.57607071e+02   5.67904091e-04
   3.57607559e+02   1.51625267e-04
   3.57608048e+02  -2.77670508e-04
   3.57608536e+02  -9.19416780e-05
   3.57609024e+02   3.13419325e-04
   3.57609513e+02  -2.45944655e-04
   3.57610001e+02  -6.17342244e-04
   3.57610489e+02  -1.73112159e-04
   3.57610978e+02   8.32899823e-05
   3.57611466e+02   4.10731504e-04
   3.57611954e+02   6.17435086e-04
   3.57612443e+02   1.59548817e-05
   3.57612931e+02  -3.75641946e-04
   3.57613419e+02  -2.32679347e-04
   3.57613907e+02   2.04934240e-05
   3.57614396e+02   4.50927095e-04
   3.57614884e+02   1.00837520e-03
   3.57615372e+02   9.92697664e-04
   3.57615861e+02   6.30881812e-04
   3.57616349e+02   1.74659552e-04
   3.57616837e+02  -3.31177696e-04
   3.57617326e+02  -7.29422958e-04
   3.57617814e+02  -4.26084182e-04
   3.57618302e+02   3.90489615e-04
   3.57618791e+02   9.68414417e-04
   3.57619279e+02   9.47336841e-04
   3.57619767e+02   4.27878898e-04
   3.57620255e+02  -1.57995921e-04
   3.57620744e+02  -1.29084190e-04
   3.57621232e+02   2.23601484e-04
   3.57621720e+02  -1.44949823e-04
   3.57622209e+02  -1.74295623e-04
   3.57622697e+02   4.62230033e-04
   3.57623185e+02   5.70891658e-04
   3.57623674e+02   6.11157680e-04
   3.57624162e+02   8.74835299e-04
   3.57624650e+02   7.22704863e-04
   3.57625139e+02  -3.84205960e-05
   3.57625627e+02  -4.03969781e-04
   3.57626115e+02   2.97762715e-04
   3.57626603e+02   1.05378218e-03
   3.57627092e+02   1.14194572e-03
   3.57627580e+02   6.92041591e-04
   3.57628068e+02   5.91076328e-04
   3.57628557e+02   6.00069761e-04
   3.57629045e+02   5.23692404e-04
   3.57629533e+02   8.69317621e-04
   3.57630022e+02   7.42651930e-04
   3.57630510e+02   4.01222118e-04
   3.57630998e+02   1.24711340e-04
   3.57631487e+02  -4.38949646e-04
   3.57631975e+02  -4.47942875e-04
   3.57632463e+02   4.16579724e-06
   3.57632951e+02   3.30126670e-04
   3.57633440e+02   3.90550180e-04
   3.57633928e+02   3.87780310e-05
   3.57634416e+02  -5.16943226e-04
   3.57634905e+02  -4.93053696e-04
   3.57635393e+02  -8.90521042e-05
   3.57635881e+02  -3.04859888e-04
   3.57636370e+02  -2.46824529e-05
   3.57636858e+02   6.53813651e-04
   3.57637346e+02   7.04179634e-04
   3.57637835e+02   3.33885342e-04
   3.57638323e+02   1.33495603e-04
   3.57638811e+02  -5.46436713e-05
   3.57639299e+02  -5.73339814e-04
   3.57639788e+02  -4.65170422e-04
   3.57640276e+02   2.44544004e-04
   3.57640764e+02   1.50392196e-04
   3.57641253e+02  -3.93228052e-04
   3.57641741e+02  -5.49490971e-04
   3.57642229e+02  -3.17537997e-05
   3.57642718e+02   8.15271167e-04
   3.57643206e+02   7.06539315e-04
   3.57643694e+02  -2.22538598e-04
   3.57644183e+02  -2.24562405e-04
   3.57644671e+02  -1.44667763e-04
   3.57645159e+02  -6.48254820e-04
   3.57645648e+02  -8.24333343e-04
   3.57646136e+02  -3.62418825e-04
   3.57646624e+02   9.32137555e-05
   3.57647112e+02   1.04826491e-03
   3.57647601e+02   1.30054320e-03
   3.57648089e+02  -1.08317916e-04
   3.57648577e+02  -3.89223249e-04
   3.57649066e+02  -5.14638377e-04
   3.57649554e+02  -1.48188963e-03
   3.57650042e+02  -1.28834439e-03
   3.57650531e+02  -9.73058166e-04
   3.57651019e+02  -9.61712562e-04
   3.57651507e+02  -5.13228239e-04
   3.57651996e+02   2.08248064e-04
   3.57652484e+02   6.28369395e-04
   3.57652972e+02   3.41376959e-04
   3.57653460e+02   3.56933218e-04
   3.57653949e+02   1.14520924e-04
   3.57654437e+02  -9.06418427e-04
   3.57654925e+02  -9.36802768e-04
   3.57655414e+02  -3.88712651e-04
   3.57655902e+02   3.81974751e-05
   3.57656390e+02   7.02772522e-04
   3.57656879e+02   5.19573747e-04
   3.57657367e+02  -1.93792424e-04
   3.57657855e+02  -5.78747189e-04
   3.57658344e+02  -4.76981280e-04
   3.57658832e+02  -4.69581864e-05
   3.57659320e+02  -6.62563662e-06
   3.57659808e+02  -3.68808360e-05
   3.57660297e+02   5.78976062e-04
   3.57660785e+02   6.60822145e-04
   3.57661273e+02   8.58549538e-05
   3.57661762e+02   4.03594924e-04
   3.57662250e+02   5.56455634e-04
   3.57662738e+02   2.80572625e-04
   3.57663227e+02  -3.26215144e-04
   3.57663715e+02  -2.58726999e-04
   3.57664203e+02  -1.89014507e-04
   3.57664692e+02  -7.70226528e-04
   3.57665180e+02  -8.87252681e-04
   3.57665668e+02  -5.55583276e-04
   3.57666156e+02  -7.93939835e-05
   3.57666645e+02   4.13720176e-04
   3.57667133e+02   5.82612294e-04
   3.57667621e+02   3.76908778e-04
   3.57668110e+02  -1.21256649e-04
   3.57668598e+02  -3.48803704e-04
   3.57669086e+02  -3.28170485e-04
   3.57669575e+02  -3.95832583e-04
   3.57670063e+02  -3.50103626e-04
   3.57670551e+02  -1.22607371e-05
   3.57671040e+02   2.60674715e-04
   3.57671528e+02   6.67535292e-04
   3.57672016e+02   6.86004874e-04
   3.57672504e+02   2.02796407e-04
   3.57672993e+02  -3.65666892e-05
   3.57673481e+02  -1.22231766e-04
   3.57673969e+02  -4.72437940e-04
   3.57674458e+02  -4.16553870e-04
   3.57674946e+02   6.72864917e-05
   3.57675434e+02  -7.97252214e-05
   3.57675923e+02   3.46761575e-04
   3.57676411e+02   6.67197746e-04
   3.57676899e+02   2.11598788e-04
   3.57677388e+02   7.80128976e-05
   3.57677876e+02  -2.52549798e-04
   3.57678364e+02  -1.63864330e-04
   3.57678852e+02   4.43095865e-04
   3.57679341e+02  -1.93691099e-04
   3.57679829e+02  -1.08889572e-03
   3.57680317e+02  -1.08973053e-03
   3.57680806e+02  -5.96091442e-04
   3.57681294e+02   2.25707161e-04
   3.57681782e+02   6.23768312e-04
   3.57682271e+02   8.83041366e-07
   3.57682759e+02  -4.92196530e-04
   3.57683247e+02  -4.24502708e-04
   3.57683736e+02  -3.49020265e-04
   3.57684224e+02  -3.30133451e-04
   3.57684712e+02  -1.07824679e-04
   3.57685200e+02   4.76198795e-04
   3.57685689e+02   1.01336709e-03
   3.57686177e+02   1.11586007e-03
   3.57686665e+02   6.34395459e-04
   3.57687154e+02   5.02729323e-04
   3.57687642e+02   1.11573248e-03
   3.57688130e+02   1.02260918e-03
   3.57688619e+02   1.55121190e-04
   3.57689107e+02  -6.00493629e-04
   3.57689595e+02  -2.34166233e-04
   3.57690084e+02   1.37805502e-04
   3.57690572e+02  -4.44912002e-04
   3.57691060e+02  -4.81061230e-04
   3.57691549e+02  -1.16390991e-04
   3.57692037e+02  -9.57965167e-05
   3.57692525e+02  -3.83488339e-04
   3.57693013e+02  -7.47156097e-04
   3.57693502e+02  -1.09531474e-03
   3.57693990e+02  -1.04696688e-03
   3.57694478e+02  -1.76081754e-04
   3.57694967e+02   6.60699443e-04
   3.57695455e+02   4.94217267e-04
   3.57695943e+02  -3.01511696e-04
   3.57696432e+02  -8.44470342e-04
   3.57696920e+02  -9.74458235e-04
   3.57697408e+02  -8.24372517e-04
   3.57697897e+02  -3.42929357e-04
   3.57698385e+02   6.28586204e-05
   3.57698873e+02   8.13193968e-04
   3.57699361e+02   1.14431349e-03
   3.57699850e+02   8.53528793e-04
   3.57700338e+02   5.14812069e-04
   3.57700826e+02   1.95788394e-04
   3.57701315e+02   5.33824568e-05
   3.57701803e+02  -5.91427815e-05
   3.57702291e+02   9.81542544e-05
   3.57702780e+02   9.69848334e-05
   3.57703268e+02   1.03617480e-04
   3.57703756e+02   1.80303454e-04
   3.57704245e+02   2.90017124e-05
   3.57704733e+02  -3.07704722e-05
   3.57705221e+02  -1.57720104e-04
   3.57705709e+02  -3.69848916e-04
   3.57706198e+02  -6.01889566e-04
   3.57706686e+02   1.06102789e-06
   3.57707174e+02   5.21833950e-04
   3.57707663e+02   9.43568666e-05
   3.57708151e+02  -7.51963744e-05
   3.57708639e+02  -9.64761202e-05
   3.57709128e+02  -4.27271472e-04
   3.57709616e+02  -6.78497716e-04
   3.57710104e+02  -2.59379711e-04
   3.57710593e+02   3.91484908e-04
   3.57711081e+02   3.65878223e-05
   3.57711569e+02  -5.80116815e-04
   3.57712057e+02  -3.85811407e-04
   3.57712546e+02  -1.24972663e-04
   3.57713034e+02  -3.67983826e-04
   3.57713522e+02  -3.82884755e-04
   3.57714011e+02  -6.90671877e-05
   3.57714499e+02   2.29193771e-04
   3.57714987e+02   4.39497759e-04
   3.57715476e+02   5.27543656e-04
   3.57715964e+02   6.07912021e-04
   3.57716452e+02   7.35072827e-04
   3.57716941e+02   3.98693170e-04
   3.57717429e+02  -2.13827821e-04
   3.57717917e+02  -2.10698578e-04
   3.57718405e+02   1.24023209e-04
   3.57718894e+02   3.25246801e-04
   3.57719382e+02   3.68944049e-04
   3.57719870e+02   2.96270679e-04
   3.57720359e+02   7.01398763e-04
   3.57720847e+02   1.02338986e-03
   3.57721335e+02   2.98583764e-04
   3.57721824e+02  -5.97526261e-04
   3.57722312e+02  -1.54775873e-04
   3.57722800e+02   1.34146205e-04
   3.57723289e+02  -1.35029768e-04
   3.57723777e+02  -1.28448810e-04
   3.57724265e+02   3.41966370e-05
   3.57724753e+02   3.28945986e-04
   3.57725242e+02   3.35453049e-04
   3.57725730e+02   1.16034520e-04
   3.57726218e+02   4.14417329e-04
   3.57726707e+02   5.97894308e-04
   3.57727195e+02   3.68976944e-05
   3.57727683e+02  -2.18492525e-04
   3.57728172e+02   1.51080385e-04
   3.57728660e+02   3.94424860e-05
   3.57729148e+02  -1.86227735e-05
   3.57729637e+02   2.41488247e-04
   3.57730125e+02   5.87927061e-04
   3.57730613e+02   8.44780006e-04
   3.57731102e+02   4.22237354e-04
   3.57731590e+02  -1.92856114e-05
   3.57732078e+02   8.23160444e-05
   3.57732566e+02   2.61809764e-04
   3.57733055e+02   4.10267763e-04
   3.57733543e+02   3.85167863e-04
   3.57734031e+02   1.03962884e-04
   3.57734520e+02   1.63836536e-04
   3.57735008e+02   3.27180140e-04
   3.57735496e+02  -1.29908178e-04
   3.57735985e+02  -1.01165927e-03
   3.57736473e+02  -9.29565576e-04
   3.57736961e+02  -2.46389041e-04
   3.57737450e+02  -4.64066310e-04
   3.57737938e+02  -8.66094313e-04
   3.57738426e+02  -3.39582155e-04
   3.57738914e+02   5.04723459e-04
   3.57739403e+02   5.32709411e-04
   3.57739891e+02   2.41483329e-04
   3.57740379e+02   1.01163168e-05
   3.57740868e+02   1.11410794e-04
   3.57741356e+02   4.30358719e-04
   3.57741844e+02   5.37884538e-04
   3.57742333e+02   6.28738024e-04
   3.57742821e+02   5.66163508e-04
   3.57743309e+02   1.26882354e-04
   3.57743798e+02  -3.90834524e-04
   3.57744286e+02  -1.27953259e-04
   3.57744774e+02   3.82185710e-04
   3.57745262e+02   3.38087528e-04
   3.57745751e+02   1.33804628e-04
   3.57746239e+02   2.55747844e-04
   3.57746727e+02   5.52415731e-04
   3.57747216e+02   1.85338067e-04
   3.57747704e+02  -2.20403599e-04
   3.57748192e+02   7.23536823e-06
   3.57748681e+02  -3.32022726e-04
   3.57749169e+02  -8.70151445e-04
   3.57749657e+02  -4.18752345e-04
   3.57750146e+02   3.70044349e-04
   3.57750634e+02   8.97156715e-04
   3.57751122e+02   8.02536553e-04
   3.57751610e+02   4.25653736e-04
   3.57752099e+02   3.64425039e-04
   3.57752587e+02   2.45239848e-04
   3.57753075e+02  -1.54961992e-04
   3.57753564e+02  -4.55060159e-04
   3.57754052e+02  -3.25369998e-04
   3.57754540e+02   1.10723297e-04
   3.57755029e+02   1.28133281e-04
   3.57755517e+02  -1.02257305e-04
   3.57756005e+02  -3.82516824e-04
   3.57756494e+02  -1.04655337e-03
   3.57756982e+02  -9.75313422e-04
   3.57757470e+02   3.38622689e-04
   3.57757958e+02   9.25051689e-04
   3.57758447e+02   5.98432904e-04
   3.57758935e+02   4.25356207e-04
   3.57759423e+02   2.14045649e-04
   3.57759912e+02   3.08194547e-04
   3.57760400e+02   5.64195740e-04
   3.57760888e+02   4.80932038e-04
   3.57761377e+02   4.96074717e-05
   3.57761865e+02  -2.00320690e-04
   3.57762353e+02  -1.75152003e-04
   3.57762842e+02  -2.52521451e-04
   3.57763330e+02  -4.24550293e-04
   3.57763818e+02  -2.06074503e-04
   3.57764306e+02   2.57759704e-04
   3.57764795e+02   4.77083930e-04
   3.57765283e+02   1.47621307e-04
   3.57765771e+02   1.70492611e-04
   3.57766260e+02   5.62841422e-04
   3.57766748e+02   8.12737620e-04
   3.57767236e+02   6.06878195e-04
   3.57767725e+02  -8.50903780e-06
   3.57768213e+02  -3.72889372e-05
   3.57768701e+02   2.72038771e-04
   3.57769190e+02   1.15278453e-04
   3.57769678e+02  -1.72173532e-04
   3.57770166e+02  -2.45067262e-04
   3.57770655e+02  -4.94728331e-04
   3.57771143e+02  -6.75517775e-04
   3.57771631e+02  -1.34244357e-04
   3.57772119e+02   9.87556195e-05
   3.57772608e+02  -1.45934842e-04
   3.57773096e+02   2.18843241e-04
   3.57773584e+02   5.72917983e-04
   3.57774073e+02   4.73449443e-04
   3.57774561e+02  -8.54448808e-05
   3.57775049e+02  -2.21396171e-04
   3.57775538e+02   2.70089775e-04
   3.57776026e+02  -3.24601169e-05
   3.57776514e+02  -6.41870778e-04
   3.57777003e+02  -5.69092052e-04
   3.57777491e+02   9.63425991e-05
   3.57777979e+02   5.08616678e-04
   3.57778467e+02   2.27074401e-04
   3.57778956e+02  -3.73837305e-04
   3.57779444e+02  -3.98792734e-04
   3.57779932e+02   3.67519024e-05
   3.57780421e+02   4.46810853e-04
   3.57780909e+02   5.67967654e-04
   3.57781397e+02   4.10576904e-04
   3.57781886e+02   4.26321232e-04
   3.57782374e+02   5.59747394e-04
   3.57782862e+02   5.85956790e-04
   3.57783351e+02   5.71912271e-04
   3.57783839e+02   6.74200593e-04
   3.57784327e+02   5.66295057e-04
   3.57784815e+02   1.12257112e-04
   3.57785304e+02  -3.12529992e-05
   3.57785792e+02  -4.44932848e-05
   3.57786280e+02  -5.12129453e-04
   3.57786769e+02  -6.08385250e-04
   3.57787257e+02   1.62172189e-04
   3.57787745e+02   1.49571220e-04
   3.57788234e+02  -2.27167548e-04
   3.57788722e+02   2.67238182e-04
   3.57789210e+02   5.41155227e-04
   3.57789699e+02   5.97225211e-04
   3.57790187e+02   6.77617558e-04
   3.57790675e+02   6.78332930e-04
   3.57791163e+02   6.96831732e-04
   3.57791652e+02   7.17539690e-04
   3.57792140e+02   9.14939039e-04
   3.57792628e+02   9.67604574e-04
   3.57793117e+02   4.03438986e-04
   3.57793605e+02  -1.04922663e-04
   3.57794093e+02   2.29017154e-04
   3.57794582e+02   7.01282406e-04
   3.57795070e+02   5.17988112e-04
   3.57795558e+02   3.64803942e-04
   3.57796047e+02   5.40720881e-04
   3.57796535e+02   3.81282473e-04
   3.57797023e+02   9.14759366e-05
   3.57797511e+02  -9.55911219e-06
   3.57798000e+02   1.15348063e-04
   3.57798488e+02   4.48014645e-04
   3.57798976e+02   5.56301093e-04
   3.57799465e+02   4.62286116e-04
   3.57799953e+02   4.62020893e-04
   3.57800441e+02   9.91909037e-05
   3.57800930e+02  -3.41593666e-04
   3.57801418e+02  -4.72659274e-04
   3.57801906e+02  -7.38751900e-04
   3.57802395e+02  -8.03831441e-04
   3.57802883e+02  -2.12856321e-04
   3.57803371e+02   6.41709121e-05
   3.57803859e+02  -3.46004148e-04
   3.57804348e+02  -4.81627154e-04
   3.57804836e+02  -1.58879237e-04
   3.57805324e+02  -1.67043137e-04
   3.57805813e+02   1.25372062e-05
   3.57806301e+02   5.02921641e-04
   3.57806789e+02   2.40075868e-04
   3.57807278e+02  -2.61004316e-04
   3.57807766e+02  -3.40191706e-04
   3.57808254e+02  -2.57986831e-04
   3.57808743e+02   6.39999271e-05
   3.57809231e+02   3.07474344e-04
   3.57809719e+02   3.24473731e-05
   3.57810208e+02  -5.85190219e-06
   3.57810696e+02   2.70202057e-04
   3.57811184e+02   1.50067412e-04
   3.57811672e+02   1.00296180e-04
   3.57812161e+02  -2.20185830e-04
   3.57812649e+02  -5.17025299e-04
   3.57813137e+02  -3.40225612e-04
   3.57813626e+02  -1.07733009e-04
   3.57814114e+02   3.00312004e-05
   3.57814602e+02   7.95942906e-05
   3.57815091e+02  -3.89891793e-04
   3.57815579e+02  -3.40746890e-04
   3.57816067e+02   5.23604511e-04
   3.57816556e+02   4.83912096e-04
   3.57817044e+02  -2.15244872e-04
   3.57817532e+02  -1.77500246e-04
   3.57818020e+02   4.07209736e-04
   3.57818509e+02   4.56235954e-04
   3.57818997e+02   9.36016368e-05
   3.57819485e+02   4.55521164e-04
   3.57819974e+02   3.21801228e-04
   3.57820462e+02  -3.64175416e-04
   3.57820950e+02  -3.85009422e-04
   3.57821439e+02  -1.02719059e-04
   3.57821927e+02  -1.19222443e-06
   3.57822415e+02  -3.71832488e-04
   3.57822904e+02  -7.89688609e-04
   3.57823392e+02  -5.42205002e-04
   3.57823880e+02   1.87407950e-05
   3.57824368e+02   2.24388044e-04
   3.57824857e+02   2.35515399e-04
   3.57825345e+02   2.73456390e-04
   3.57825833e+02   1.41863726e-04
   3.57826322e+02   8.01718197e-05
   3.57826810e+02   1.19109696e-04
   3.57827298e+02  -6.36913901e-05
   3.57827787e+02   1.56955604e-04
   3.57828275e+02   6.63497194e-04
   3.57828763e+02   7.07913307e-04
   3.57829252e+02   4.78856527e-04
   3.57829740e+02  -4.24351056e-05
   3.57830228e+02  -7.23082805e-04
   3.57830716e+02  -7.22886354e-04
   3.57831205e+02  -1.17034557e-04
   3.57831693e+02   3.97678436e-04
   3.57832181e+02   7.55435845e-04
   3.57832670e+02   6.35169970e-04
   3.57833158e+02  -1.95450062e-04
   3.57833646e+02  -4.43327881e-04
   3.57834135e+02   3.36836209e-04
   3.57834623e+02   4.21375415e-04
   3.57835111e+02  -2.77003361e-04
   3.57835600e+02  -3.32113676e-04
   3.57836088e+02  -4.31015680e-04
   3.57836576e+02  -4.78676346e-04
   3.57837064e+02   1.64957630e-04
   3.57837553e+02   4.93301370e-04
   3.57838041e+02   5.96380502e-04
   3.57838529e+02   8.22262547e-04
   3.57839018e+02   3.87221749e-04
   3.57839506e+02  -1.84138029e-04
   3.57839994e+02  -2.83827743e-04
   3.57840483e+02  -2.05699806e-04
   3.57840971e+02  -2.50291894e-04
   3.57841459e+02  -3.51464667e-04
   3.57841948e+02  -6.66544423e-04
   3.57842436e+02  -6.60631340e-04
   3.57842924e+02  -4.48744599e-04
   3.57843412e+02  -8.86569542e-05
   3.57843901e+02   6.37392048e-04
   3.57844389e+02   8.04959855e-04
   3.57844877e+02  -6.88250748e-06
   3.57845366e+02  -2.23416035e-04
   3.57845854e+02   1.89132130e-04
   3.57846342e+02   4.28606727e-04
   3.57846831e+02   6.94015704e-04
   3.57847319e+02   9.81990364e-04
   3.57847807e+02   6.47607085e-04
   3.57848296e+02  -2.07257137e-04
   3.57848784e+02  -5.21139940e-04
   3.57849272e+02  -4.07767657e-05
   3.57849761e+02   3.56975826e-04
   3.57850249e+02   4.35036753e-04
   3.57850737e+02   3.07980546e-04
   3.57851225e+02  -1.53578556e-04
   3.57851714e+02  -5.72867517e-04
   3.57852202e+02  -4.05540573e-04
   3.57852690e+02   6.86883941e-05
   3.57853179e+02   3.32176831e-04
   3.57853667e+02   1.08789587e-04
   3.57854155e+02  -2.94443045e-04
   3.57854644e+02  -4.88051563e-04
   3.57855132e+02  -4.09260945e-04
   3.57855620e+02  -2.55098785e-05
   3.57856109e+02   3.26818641e-04
   3.57856597e+02  -6.46447870e-06
   3.57857085e+02  -8.23101494e-04
   3.57857573e+02  -1.10316742e-03
   3.57858062e+02  -7.46156671e-04
   3.57858550e+02  -2.16289409e-04
   3.57859038e+02   3.10677970e-05
   3.57859527e+02  -1.68475235e-04
   3.57860015e+02  -3.94415722e-04
   3.57860503e+02  -1.69158113e-04
   3.57860992e+02   2.29182187e-04
   3.57861480e+02   5.47047530e-04
   3.57861968e+02   7.06908060e-04
   3.57862457e+02   5.82681911e-04
   3.57862945e+02   2.35493979e-04
   3.57863433e+02  -1.65679870e-04
   3.57863921e+02  -2.06316312e-04
   3.57864410e+02   1.67884995e-04
   3.57864898e+02   6.07280759e-04
   3.57865386e+02   6.37092977e-04
   3.57865875e+02   5.23204799e-05
   3.57866363e+02  -6.41542720e-04
   3.57866851e+02  -4.80041956e-04
   3.57867340e+02   3.03225388e-04
   3.57867828e+02   3.19934770e-04
   3.57868316e+02  -1.81176205e-04
   3.57868805e+02  -2.23986703e-04
   3.57869293e+02  -3.15901765e-04
   3.57869781e+02  -4.92662075e-04
   3.57870269e+02  -5.85053116e-04
   3.57870758e+02  -6.14811492e-04
   3.57871246e+02  -1.82223725e-04
   3.57871734e+02   1.96126086e-04
   3.57872223e+02  -1.06554282e-04
   3.57872711e+02  -2.66453309e-04
   3.57873199e+02   1.36941671e-04
   3.57873688e+02   2.51488935e-04
   3.57874176e+02  -4.45418918e-05
   3.57874664e+02  -3.12897784e-04
   3.57875153e+02  -2.55726278e-04
   3.57875641e+02  -1.90101506e-04
   3.57876129e+02  -2.82018504e-04
   3.57876617e+02  -1.79472510e-04
   3.57877106e+02  -3.71980750e-05
   3.57877594e+02  -2.23683019e-04
   3.57878082e+02  -1.82539006e-04
   3.57878571e+02   1.13729489e-04
   3.57879059e+02  -5.13656923e-05
   3.57879547e+02  -5.48188691e-04
   3.57880036e+02  -7.80013448e-04
   3.57880524e+02  -6.13807235e-04
   3.57881012e+02  -3.17555008e-04
   3.57881501e+02  -2.33563260e-04
   3.57881989e+02  -3.48183821e-04
   3.57882477e+02  -2.16150118e-04
   3.57882965e+02   1.86050067e-06
   3.57883454e+02  -3.56102173e-05
   3.57883942e+02  -2.81658198e-04
   3.57884430e+02  -2.58726504e-04
   3.57884919e+02  -1.93758446e-04
   3.57885407e+02  -5.22421557e-04
   3.57885895e+02  -4.63476696e-04
   3.57886384e+02  -1.78906426e-04
   3.57886872e+02  -1.21783880e-04
   3.57887360e+02  -6.78239739e-05
   3.57887849e+02  -3.05034744e-04
   3.57888337e+02  -4.63673379e-04
   3.57888825e+02   2.63078309e-05
   3.57889314e+02   1.23879028e-04
   3.57889802e+02   1.93120548e-04
   3.57890290e+02   1.33005276e-04
   3.57890778e+02  -7.10674867e-05
   3.57891267e+02   3.49960435e-04
   3.57891755e+02   4.04002290e-04
   3.57892243e+02   2.67387048e-04
   3.57892732e+02  -4.39127070e-05
   3.57893220e+02  -3.74908588e-04
   3.57893708e+02  -8.83256871e-05
   3.57894197e+02   8.63059395e-05
   3.57894685e+02   1.16313306e-04
   3.57895173e+02   4.21033008e-04
   3.57895662e+02   6.56113785e-04
   3.57896150e+02   2.11859267e-04
   3.57896638e+02  -6.17951227e-05
   3.57897126e+02   5.49982477e-04
   3.57897615e+02   1.08641759e-03
   3.57898103e+02   7.16712035e-04
   3.57898591e+02   7.33631547e-04
   3.57899080e+02   1.13362563e-03
   3.57899568e+02   9.19317361e-04
   3.57900056e+02   6.74786395e-04
   3.57900545e+02   6.77515985e-04
   3.57901033e+02   3.72373936e-04
   3.57901521e+02   1.30189492e-05
   3.57902010e+02  -1.12830610e-04
   3.57902498e+02  -5.10764585e-06
   3.57902986e+02   3.04547255e-04
   3.57903474e+02   7.18954107e-05
   3.57903963e+02  -2.43164613e-04
   3.57904451e+02   1.93525106e-04
   3.57904939e+02   5.87451505e-04
   3.57905428e+02   6.10533345e-04
   3.57905916e+02   6.63177168e-04
   3.57906404e+02   4.43256256e-04
   3.57906893e+02  -1.21393059e-04
   3.57907381e+02  -5.42401802e-04
   3.57907869e+02  -6.15524536e-04
   3.57908358e+02  -3.83913466e-05
   3.57908846e+02   4.92695603e-04
   3.57909334e+02   2.26860269e-04
   3.57909822e+02   1.24600076e-04
   3.57910311e+02   4.50037187e-04
   3.57910799e+02   4.57896007e-04
   3.57911287e+02   1.54117239e-04
   3.57911776e+02  -1.77586771e-04
   3.57912264e+02   1.13657079e-04
   3.57912752e+02   4.22483514e-04
   3.57913241e+02   3.14560428e-04
   3.57913729e+02   4.41710232e-04
   3.57914217e+02   4.85323078e-04
   3.57914706e+02   5.13761537e-04
   3.57915194e+02   2.58933287e-04
   3.57915682e+02  -2.32039558e-04
   3.57916170e+02   9.86692612e-05
   3.57916659e+02   5.90645883e-04
   3.57917147e+02   5.51768986e-04
   3.57917635e+02   2.24990275e-04
   3.57918124e+02  -8.82811946e-05
   3.57918612e+02  -1.09174354e-04
   3.57919100e+02   6.85304112e-05
   3.57919589e+02   1.67596649e-04
   3.57920077e+02  -1.33619993e-04
   3.57920565e+02  -2.94983765e-04
   3.57921054e+02   2.56948813e-04
   3.57921542e+02   1.19551492e-03
   3.57922030e+02   1.32097630e-03
   3.57922518e+02   1.07366429e-03
   3.57923007e+02   6.10147195e-04
   3.57923495e+02  -1.14516188e-04
   3.57923983e+02  -2.21735521e-04
   3.57924472e+02  -2.87126313e-04
   3.57924960e+02  -4.35934315e-04
   3.57925448e+02   7.10573950e-05
   3.57925937e+02   2.98134517e-04
   3.57926425e+02  -1.01133235e-04
   3.57926913e+02  -2.86221330e-04
   3.57927402e+02   2.36864013e-04
   3.57927890e+02   3.23405024e-04
   3.57928378e+02  -4.93114989e-04
   3.57928867e+02  -8.61790322e-04
   3.57929355e+02  -2.48440658e-04
   3.57929843e+02   3.99575219e-04
   3.57930331e+02   6.10618968e-04
   3.57930820e+02   7.75889552e-04
   3.57931308e+02   7.31792708e-04
   3.57931796e+02   8.99165971e-05
   3.57932285e+02  -1.91634710e-04
   3.57932773e+02   4.56417562e-04
   3.57933261e+02   2.75869941e-04
   3.57933750e+02  -7.09870190e-04
   3.57934238e+02  -5.35658095e-04
   3.57934726e+02   8.87943534e-05
   3.57935215e+02   1.08553475e-04
   3.57935703e+02   3.96086485e-04
   3.57936191e+02   7.16521696e-04
   3.57936679e+02   4.33760317e-04
   3.57937168e+02   2.85812159e-04
   3.57937656e+02   1.69090723e-04
   3.57938144e+02  -2.01412360e-04
   3.57938633e+02  -4.92801191e-04
   3.57939121e+02  -4.49072570e-04
   3.57939609e+02  -1.09119661e-04
   3.57940098e+02   2.20683462e-04
   3.57940586e+02   2.15620297e-04
   3.57941074e+02  -6.69315850e-05
   3.57941563e+02  -2.56213989e-05
   3.57942051e+02   2.20054280e-04
   3.57942539e+02   2.48719152e-04
   3.57943027e+02   1.08558626e-04
   3.57943516e+02  -3.52854520e-04
   3.57944004e+02  -5.56348823e-04
   3.57944492e+02   4.34945323e-05
   3.57944981e+02   6.19132828e-04
   3.57945469e+02   6.54850272e-04
   3.57945957e+02   1.98048307e-04
   3.57946446e+02  -5.96337450e-05
   3.57946934e+02   3.30345734e-04
   3.57947422e+02   6.72627764e-04
   3.57947911e+02   4.53913381e-04
   3.57948399e+02   1.20043915e-04
   3.57948887e+02  -1.58266092e-04
   3.57949375e+02  -3.57088662e-04
   3.57949864e+02   8.88788491e-05
   3.57950352e+02   2.77445972e-04
   3.57950840e+02  -1.50342457e-05
   3.57951329e+02   1.03537495e-04
   3.57951817e+02   5.89875155e-04
   3.57952305e+02   6.60156133e-04
   3.57952794e+02   1.15628281e-04
   3.57953282e+02  -4.43687568e-05
   3.57953770e+02   1.72057880e-05
   3.57954259e+02   2.46362124e-05
   3.57954747e+02  -3.30416398e-04
   3.57955235e+02  -4.78876405e-04
   3.57955723e+02  -2.24613777e-05
   3.57956212e+02  -9.49305468e-05
   3.57956700e+02   1.80801217e-05
   3.57957188e+02   3.33043863e-04
   3.57957677e+02   1.19313241e-04
   3.57958165e+02   1.49019286e-06
   3.57958653e+02  -2.11781196e-04
   3.57959142e+02  -1.73460867e-04
   3.57959630e+02   3.70001188e-04
   3.57960118e+02   5.90237614e-04
   3.57960607e+02  -1.92025123e-04
   3.57961095e+02  -1.10161444e-03
   3.57961583e+02  -8.85353424e-04
   3.57962071e+02  -4.76747315e-04
   3.57962560e+02  -8.17618100e-04
   3.57963048e+02  -1.16336287e-03
   3.57963536e+02  -5.59847860e-04
   3.57964025e+02  -1.13690949e-04
   3.57964513e+02  -5.48666576e-04
   3.57965001e+02  -3.88490502e-04
   3.57965490e+02   2.71435332e-04
   3.57965978e+02   5.16878266e-04
   3.57966466e+02   5.25264710e-04
   3.57966955e+02   3.04155867e-04
   3.57967443e+02  -1.06474807e-04
   3.57967931e+02  -4.62627126e-04
   3.57968420e+02  -7.14779948e-04
   3.57968908e+02  -8.87254835e-04
   3.57969396e+02  -7.64542783e-04
   3.57969884e+02  -1.91897299e-04
   3.57970373e+02   2.38035282e-04
   3.57970861e+02  -3.05920548e-05
   3.57971349e+02  -1.34247195e-04
   3.57971838e+02   1.09215282e-04
   3.57972326e+02  -1.90284569e-04
   3.57972814e+02  -4.47455706e-04
   3.57973303e+02  -3.22871201e-04
   3.57973791e+02  -1.24457118e-04
   3.57974279e+02   1.51179818e-04
   3.57974768e+02   2.49103090e-04
   3.57975256e+02   2.22442395e-04
   3.57975744e+02   1.48502033e-04
   3.57976232e+02   2.18821064e-04
   3.57976721e+02   2.27485303e-04
   3.57977209e+02  -1.13474407e-05
   3.57977697e+02   1.98168244e-04
   3.57978186e+02   4.66284429e-04
   3.57978674e+02  -2.57586886e-04
   3.57979162e+02  -1.10711099e-03
   3.57979651e+02  -5.90432086e-04
   3.57980139e+02  -1.43591329e-04
   3.57980627e+02  -7.00508070e-04
   3.57981116e+02  -8.39264772e-04
   3.57981604e+02   1.21395729e-04
   3.57982092e+02   1.09907379e-03
   3.57982580e+02   8.85483110e-04
   3.57983069e+02   3.04090005e-04
   3.57983557e+02   2.48631666e-04
   3.57984045e+02   1.38499978e-04
   3.57984534e+02   1.28956148e-04
   3.57985022e+02  -5.83939891e-06
   3.57985510e+02  -8.20569985e-05
   3.57985999e+02   3.62426654e-04
   3.57986487e+02   6.68065040e-04
   3.57986975e+02   4.54277120e-04
   3.57987464e+02   1.73964756e-04
   3.57987952e+02  -1.99629699e-06
   3.57988440e+02   4.34250287e-05
   3.57988928e+02   2.05798511e-04
   3.57989417e+02   1.88700928e-04
   3.57989905e+02  -2.42731585e-05
   3.57990393e+02  -9.34525960e-05
   3.57990882e+02  -4.18879499e-05
   3.57991370e+02   3.38417121e-05
   3.57991858e+02   1.29121268e-04
   3.57992347e+02   3.71750029e-05
   3.57992835e+02   1.99164933e-04
   3.57993323e+02   4.10564069e-04
   3.57993812e+02   2.97231436e-05
   3.57994300e+02  -2.94020661e-04
   3.57994788e+02   1.43865123e-04
   3.57995276e+02   4.03175596e-04
   3.57995765e+02  -1.45938742e-04
   3.57996253e+02  -3.26024368e-04
   3.57996741e+02   1.25059378e-05
   3.57997230e+02   4.23781930e-05
   3.57997718e+02  -4.94262304e-06
   3.57998206e+02  -4.31902663e-05
   3.57998695e+02  -3.44028842e-04
   3.57999183e+02  -5.30229183e-04
   3.57999671e+02  -4.75480447e-05
   3.58000160e+02   4.66825441e-04
   3.58000648e+02   4.96677181e-04
   3.58001136e+02   5.29884594e-04
   3.58001624e+02   1.67141508e-04
   3.58002113e+02  -6.41169725e-04
   3.58002601e+02  -6.05789421e-04
   3.58003089e+02  -1.23215257e-04
   3.58003578e+02  -2.18250891e-04
   3.58004066e+02  -4.86245903e-04
   3.58004554e+02  -2.32269886e-04
   3.58005043e+02  -1.01807946e-05
   3.58005531e+02  -2.25821641e-04
   3.58006019e+02  -7.12027031e-05
   3.58006508e+02   1.69656545e-04
   3.58006996e+02   3.77349381e-04
   3.58007484e+02   3.80162237e-04
   3.58007973e+02  -4.75641064e-05
   3.58008461e+02  -1.34274116e-04
   3.58008949e+02   2.75710161e-04
   3.58009437e+02   4.82397212e-04
   3.58009926e+02  -1.29836815e-04
   3.58010414e+02  -4.97051515e-04
   3.58010902e+02  -5.27276643e-06
   3.58011391e+02   3.24204768e-04
   3.58011879e+02   2.68079079e-04
   3.58012367e+02  -1.64165496e-04
   3.58012856e+02  -6.04327070e-04
   3.58013344e+02  -7.70734623e-04
   3.58013832e+02  -4.69022401e-04
   3.58014321e+02  -2.90641561e-04
   3.58014809e+02  -2.50693149e-04
   3.58015297e+02   1.23141086e-04
   3.58015785e+02   6.77951553e-04
   3.58016274e+02   2.86261085e-04
   3.58016762e+02  -2.95049831e-04
   3.58017250e+02  -1.42513090e-06
   3.58017739e+02   1.41542841e-04
   3.58018227e+02  -5.50061595e-05
   3.58018715e+02   6.07138674e-04
   3.58019204e+02   1.08005991e-03
   3.58019692e+02   8.19289184e-04
   3.58020180e+02   1.73236025e-04
   3.58020669e+02  -1.43381330e-04
   3.58021157e+02   9.53621202e-05
   3.58021645e+02   1.27846608e-04
   3.58022133e+02  -5.37688611e-05
   3.58022622e+02   3.12274860e-05
   3.58023110e+02  -6.45744949e-05
   3.58023598e+02  -5.49722405e-04
   3.58024087e+02  -4.57545277e-04
   3.58024575e+02   8.13385341e-05
   3.58025063e+02   5.39668021e-04
   3.58025552e+02   8.05711024e-04
   3.58026040e+02   2.90280412e-04
   3.58026528e+02  -3.83853476e-04
   3.58027017e+02  -7.81159149e-04
   3.58027505e+02  -1.10161537e-03
   3.58027993e+02  -7.16791488e-04
   3.58028481e+02  -2.22860690e-05
   3.58028970e+02   3.08677350e-04
   3.58029458e+02   4.65739286e-04
   3.58029946e+02   3.74514580e-04
   3.58030435e+02   4.24715428e-04
   3.58030923e+02   3.68218578e-04
   3.58031411e+02  -1.20002711e-04
   3.58031900e+02  -4.26156155e-04
   3.58032388e+02  -1.59076517e-04
   3.58032876e+02  -8.01269416e-05
   3.58033365e+02  -4.25127510e-04
   3.58033853e+02  -4.13631060e-05
   3.58034341e+02   6.19271654e-04
   3.58034829e+02   4.31787135e-04
   3.58035318e+02  -2.11442501e-04
   3.58035806e+02  -7.80456292e-04
   3.58036294e+02  -7.78543355e-04
   3.58036783e+02  -1.35254129e-04
   3.58037271e+02   1.03202619e-04
   3.58037759e+02  -2.36066699e-04
   3.58038248e+02  -7.33943743e-05
   3.58038736e+02   3.57962504e-04
   3.58039224e+02   3.47458990e-04
   3.58039713e+02   1.23180449e-04
   3.58040201e+02  -1.09382003e-04
   3.58040689e+02  -3.86350293e-04
   3.58041177e+02  -5.38657332e-05
   3.58041666e+02   6.43189240e-04
   3.58042154e+02   4.49972868e-04
   3.58042642e+02  -1.35984694e-04
   3.58043131e+02   3.40665778e-04
   3.58043619e+02   8.93296325e-04
   3.58044107e+02   6.17296027e-04
   3.58044596e+02   1.35983355e-04
   3.58045084e+02  -1.76326794e-04
   3.58045572e+02   1.88068880e-04
   3.58046061e+02   5.42112277e-04
   3.58046549e+02   1.06399399e-04
   3.58047037e+02  -2.33056242e-04
   3.58047526e+02  -5.65662376e-05
   3.58048014e+02  -1.49524451e-04
   3.58048502e+02  -4.27772145e-04
   3.58048990e+02  -1.49175525e-04
   3.58049479e+02   1.40451317e-04
   3.58049967e+02   8.29528144e-05
   3.58050455e+02  -1.45095168e-04
   3.58050944e+02  -5.99664372e-06
   3.58051432e+02   3.59291793e-04
   3.58051920e+02   2.79461761e-04
   3.58052409e+02   5.80669381e-04
   3.58052897e+02   6.77531469e-04
   3.58053385e+02   3.18181672e-04
   3.58053874e+02   2.63925147e-04
   3.58054362e+02   8.16721731e-05
   3.58054850e+02  -1.23905585e-04
   3.58055338e+02  -4.87962941e-04
   3.58055827e+02  -5.69424941e-04
   3.58056315e+02   1.39369789e-04
   3.58056803e+02   4.96553257e-04
   3.58057292e+02   3.53733078e-04
   3.58057780e+02   1.71242631e-04
   3.58058268e+02   3.69736605e-04
   3.58058757e+02   8.27111362e-04
   3.58059245e+02   1.18590491e-04
   3.58059733e+02  -4.22049867e-04
   3.58060222e+02   1.87602054e-05
   3.58060710e+02  -4.43935387e-05
   3.58061198e+02  -1.41537370e-04
   3.58061686e+02   5.72361634e-04
   3.58062175e+02   8.90156662e-04
   3.58062663e+02   2.09071572e-04
   3.58063151e+02  -1.39516487e-04
   3.58063640e+02   3.67611246e-05
   3.58064128e+02   3.17843136e-04
   3.58064616e+02   1.04202155e-03
   3.58065105e+02   1.07156241e-03
   3.58065593e+02   1.76218949e-04
   3.58066081e+02  -7.58433249e-04
   3.58066570e+02  -1.22156565e-03
   3.58067058e+02  -4.58078168e-04
   3.58067546e+02   3.23372515e-04
   3.58068034e+02   1.83682845e-04
   3.58068523e+02   2.89238757e-04
   3.58069011e+02   5.73674741e-04
   3.58069499e+02   2.97850493e-04
   3.58069988e+02   7.32554281e-06
   3.58070476e+02   4.04215010e-04
   3.58070964e+02   4.18593147e-04
