frequency (GHz), flux (Jy/beam)
   3.56198789e+02   3.32270865e-03
   3.56199277e+02   1.96448877e-03
   3.56199766e+02  -1.04847783e-03
   3.56200254e+02  -3.71651095e-03
   3.56200742e+02  -1.94156973e-03
   3.56201231e+02   1.00055570e-03
   3.56201719e+02   3.82010650e-04
   3.56202207e+02   8.49043427e-04
   3.56202695e+02   3.10245296e-03
   3.56203184e+02   3.30056483e-03
   3.56203672e+02   3.62885045e-03
   3.56204160e+02   3.88134480e-03
   3.56204649e+02   2.76528019e-03
   3.56205137e+02   9.18285456e-04
   3.56205625e+02  -1.57428393e-03
   3.56206114e+02  -3.04454938e-03
   3.56206602e+02  -1.69904961e-03
   3.56207090e+02   4.00283170e-04
   3.56207579e+02   3.51808092e-04
   3.56208067e+02  -9.34104843e-04
   3.56208555e+02   8.69388459e-04
   3.56209044e+02   3.08895460e-03
   3.56209532e+02   5.08961501e-04
   3.56210020e+02  -3.02444655e-03
   3.56210508e+02  -3.33129172e-03
   3.56210997e+02  -2.08107731e-03
   3.56211485e+02  -1.57454179e-03
   3.56211973e+02  -1.86529150e-03
   3.56212462e+02  -4.35362337e-04
   3.56212950e+02   1.80436124e-03
   3.56213438e+02   3.63917951e-03
   3.56213927e+02   2.98341643e-03
   3.56214415e+02   4.29693726e-04
   3.56214903e+02   5.29355486e-04
   3.56215392e+02  -7.76976667e-05
   3.56215880e+02  -3.01413029e-03
   3.56216368e+02  -2.76431651e-03
   3.56216856e+02  -1.94141874e-03
   3.56217345e+02  -2.84112967e-03
   3.56217833e+02  -6.89468987e-04
   3.56218321e+02   1.72318215e-03
   3.56218810e+02   3.06024478e-04
   3.56219298e+02  -2.53866822e-03
   3.56219786e+02  -3.98664689e-03
   3.56220275e+02  -1.98413827e-03
   3.56220763e+02   1.98841374e-03
   3.56221251e+02   3.90315987e-03
   3.56221740e+02   2.56064162e-03
   3.56222228e+02   4.00394551e-04
   3.56222716e+02   7.36445771e-04
   3.56223204e+02   1.04384206e-03
   3.56223693e+02  -3.38953309e-04
   3.56224181e+02  -7.94494583e-04
   3.56224669e+02  -4.23767458e-04
   3.56225158e+02   3.56284028e-04
   3.56225646e+02   4.56661946e-04
   3.56226134e+02  -1.14238122e-03
   3.56226623e+02  -2.80341948e-03
   3.56227111e+02  -2.25795130e-03
   3.56227599e+02   1.11710187e-03
   3.56228088e+02   3.64824617e-03
   3.56228576e+02   2.76785088e-03
   3.56229064e+02   1.85457245e-03
   3.56229552e+02   7.49950064e-04
   3.56230041e+02  -1.69355480e-03
   3.56230529e+02  -2.89029512e-03
   3.56231017e+02  -2.48188153e-03
   3.56231506e+02   4.00521356e-04
   3.56231994e+02   3.85723379e-03
   3.56232482e+02   3.62706138e-03
   3.56232971e+02   9.71924048e-04
   3.56233459e+02   3.47114779e-04
   3.56233947e+02   5.76309452e-04
   3.56234436e+02  -1.25755777e-03
   3.56234924e+02  -3.32369492e-03
   3.56235412e+02  -4.82851500e-03
   3.56235900e+02  -6.27687946e-03
   3.56236389e+02  -5.96888829e-03
   3.56236877e+02  -3.20463558e-03
   3.56237365e+02  -1.97081012e-03
   3.56237854e+02  -2.57170154e-03
   3.56238342e+02  -1.76736515e-03
   3.56238830e+02  -3.44724441e-03
   3.56239319e+02  -6.38636015e-03
   3.56239807e+02  -5.63770579e-03
   3.56240295e+02  -3.98976402e-03
   3.56240784e+02  -3.38450726e-03
   3.56241272e+02  -2.83617596e-03
   3.56241760e+02  -4.73230658e-03
   3.56242248e+02  -3.42859374e-03
   3.56242737e+02   1.85598631e-03
   3.56243225e+02   4.32397611e-03
   3.56243713e+02   5.19338343e-03
   3.56244202e+02   3.95187084e-03
   3.56244690e+02   2.92825280e-03
   3.56245178e+02   3.74209601e-03
   3.56245667e+02   2.36656819e-03
   3.56246155e+02   1.03863166e-03
   3.56246643e+02  -7.44303747e-04
   3.56247132e+02   6.38092388e-05
   3.56247620e+02   2.87763309e-03
   3.56248108e+02   1.25261967e-03
   3.56248597e+02   1.98208756e-04
   3.56249085e+02   6.03817170e-04
   3.56249573e+02  -1.34079473e-03
   3.56250061e+02  -2.27682455e-03
   3.56250550e+02  -2.68614641e-03
   3.56251038e+02  -2.06637871e-03
   3.56251526e+02  -1.28585380e-03
   3.56252015e+02  -2.04099901e-03
   3.56252503e+02  -2.06424040e-03
   3.56252991e+02  -4.03229496e-04
   3.56253480e+02   1.66910619e-03
   3.56253968e+02   1.87798694e-03
   3.56254456e+02   2.55160383e-04
   3.56254945e+02  -4.83976823e-04
   3.56255433e+02  -8.10783706e-04
   3.56255921e+02  -8.55804537e-04
   3.56256409e+02  -5.15625288e-04
   3.56256898e+02   1.43699348e-03
   3.56257386e+02   4.27551568e-03
   3.56257874e+02   3.59262526e-03
   3.56258363e+02   6.47750392e-04
   3.56258851e+02  -3.40302591e-03
   3.56259339e+02  -6.78102206e-03
   3.56259828e+02  -6.09642034e-03
   3.56260316e+02  -2.89890543e-03
   3.56260804e+02  -2.83928844e-03
   3.56261293e+02  -4.98926407e-03
   3.56261781e+02  -2.78876722e-03
   3.56262269e+02   4.95591084e-04
   3.56262757e+02   8.44242517e-04
   3.56263246e+02   1.60072418e-03
   3.56263734e+02   1.89676636e-03
   3.56264222e+02   1.00588787e-03
   3.56264711e+02   6.51291397e-04
   3.56265199e+02   1.22792658e-03
   3.56265687e+02   2.57559423e-03
   3.56266176e+02   2.96517299e-03
   3.56266664e+02   9.93350870e-04
   3.56267152e+02  -1.21438480e-03
   3.56267641e+02  -8.94413679e-04
   3.56268129e+02  -5.41800036e-05
   3.56268617e+02  -7.88770325e-04
   3.56269105e+02  -9.68214415e-04
   3.56269594e+02   6.37884252e-04
   3.56270082e+02   2.81344587e-03
   3.56270570e+02   3.13249440e-03
   3.56271059e+02   1.06683967e-03
   3.56271547e+02  -2.50942801e-04
   3.56272035e+02   1.73873865e-04
   3.56272524e+02  -1.35644295e-04
   3.56273012e+02  -1.61574199e-03
   3.56273500e+02  -3.38399364e-03
   3.56273989e+02  -4.36748005e-03
   3.56274477e+02  -3.02429590e-03
   3.56274965e+02  -1.33206451e-03
   3.56275453e+02  -1.90565863e-03
   3.56275942e+02  -2.06418103e-03
   3.56276430e+02  -5.50102559e-04
   3.56276918e+02  -1.48827283e-04
   3.56277407e+02   1.14305607e-04
   3.56277895e+02   1.60857989e-03
   3.56278383e+02   3.11313989e-03
   3.56278872e+02   2.56627984e-03
   3.56279360e+02   6.51071023e-04
   3.56279848e+02   1.33603939e-03
   3.56280337e+02   2.65459646e-03
   3.56280825e+02   2.00888608e-03
   3.56281313e+02   1.17966975e-03
   3.56281801e+02   1.68051047e-03
   3.56282290e+02   2.90489965e-03
   3.56282778e+02   3.02425562e-03
   3.56283266e+02   1.69162848e-03
   3.56283755e+02   1.12107943e-03
   3.56284243e+02   1.41212693e-03
   3.56284731e+02   1.50588958e-03
   3.56285220e+02   1.99231016e-03
   3.56285708e+02   1.59132469e-03
   3.56286196e+02   5.59078871e-05
   3.56286685e+02  -1.38604839e-03
   3.56287173e+02   4.40461794e-04
   3.56287661e+02   4.83248988e-03
   3.56288150e+02   5.53438999e-03
   3.56288638e+02   3.15017905e-03
   3.56289126e+02  -7.39605821e-05
   3.56289614e+02  -2.84321653e-03
   3.56290103e+02  -1.77500048e-03
   3.56290591e+02  -6.07800393e-05
   3.56291079e+02   1.04176218e-06
   3.56291568e+02   4.73548076e-04
   3.56292056e+02   2.20512564e-04
   3.56292544e+02  -6.20236038e-04
   3.56293033e+02  -1.66456029e-03
   3.56293521e+02  -2.47950386e-03
   3.56294009e+02  -4.30797118e-05
   3.56294498e+02   2.37339037e-03
   3.56294986e+02   1.38174731e-03
   3.56295474e+02  -2.34434301e-05
   3.56295962e+02   5.78188803e-04
   3.56296451e+02   6.36728364e-04
   3.56296939e+02  -6.66814740e-04
   3.56297427e+02  -5.85971633e-04
   3.56297916e+02   3.93548089e-06
   3.56298404e+02   1.13608048e-03
   3.56298892e+02   1.45984348e-03
   3.56299381e+02  -1.61660297e-04
   3.56299869e+02  -4.36584320e-04
   3.56300357e+02   1.25330000e-03
   3.56300846e+02   1.90138456e-03
   3.56301334e+02   8.62168614e-04
   3.56301822e+02  -3.08584713e-04
   3.56302310e+02  -4.55427973e-04
   3.56302799e+02  -1.04360050e-03
   3.56303287e+02  -2.82969815e-03
   3.56303775e+02  -3.11887544e-03
   3.56304264e+02  -1.37693097e-03
   3.56304752e+02   5.53072663e-04
   3.56305240e+02   1.02136924e-03
   3.56305729e+02  -1.83154247e-03
   3.56306217e+02  -3.15584638e-03
   3.56306705e+02  -1.05819299e-05
   3.56307194e+02   2.35188263e-03
   3.56307682e+02   1.87961536e-03
   3.56308170e+02   1.45034271e-03
   3.56308658e+02   1.39690714e-03
   3.56309147e+02   2.16085184e-03
   3.56309635e+02   2.63987947e-03
   3.56310123e+02   3.74742231e-04
   3.56310612e+02  -2.88655004e-03
   3.56311100e+02  -4.80642309e-03
   3.56311588e+02  -3.15218559e-03
   3.56312077e+02   9.84391081e-04
   3.56312565e+02   4.44448553e-03
   3.56313053e+02   5.54609252e-03
   3.56313542e+02   3.84896481e-03
   3.56314030e+02  -5.68390940e-04
   3.56314518e+02  -2.31218059e-03
   3.56315006e+02  -6.04109257e-04
   3.56315495e+02   2.97193765e-03
   3.56315983e+02   2.07998394e-03
   3.56316471e+02  -1.00944657e-03
   3.56316960e+02   1.13700295e-03
   3.56317448e+02   4.55342885e-03
   3.56317936e+02   4.71170060e-03
   3.56318425e+02   3.63072357e-03
   3.56318913e+02   2.70250044e-03
   3.56319401e+02   1.23400678e-04
   3.56319890e+02  -2.25276826e-03
   3.56320378e+02  -2.35991157e-03
   3.56320866e+02  -1.86307635e-03
   3.56321354e+02  -2.04739021e-03
   3.56321843e+02  -2.15371791e-03
   3.56322331e+02  -1.20509125e-03
   3.56322819e+02  -7.93086656e-04
   3.56323308e+02  -7.86431599e-04
   3.56323796e+02  -1.93260738e-03
   3.56324284e+02  -4.42871777e-03
   3.56324773e+02  -4.97276243e-03
   3.56325261e+02  -4.30477737e-03
   3.56325749e+02  -2.55547091e-03
   3.56326238e+02  -2.08461133e-05
   3.56326726e+02   5.33394923e-04
   3.56327214e+02   8.25647265e-04
   3.56327702e+02   2.18112627e-03
   3.56328191e+02   2.01667706e-03
   3.56328679e+02   1.68911892e-03
   3.56329167e+02   8.11194768e-04
   3.56329656e+02  -2.36844853e-03
   3.56330144e+02  -3.55476304e-03
   3.56330632e+02  -9.83542413e-04
   3.56331121e+02  -1.31776219e-03
   3.56331609e+02  -4.35707672e-03
   3.56332097e+02  -2.89149932e-03
   3.56332586e+02  -9.98110394e-04
   3.56333074e+02  -1.14939932e-03
   3.56333562e+02   8.32849008e-04
   3.56334051e+02   2.76326435e-03
   3.56334539e+02   1.08719710e-03
   3.56335027e+02  -5.52117010e-04
   3.56335515e+02  -3.87877459e-04
   3.56336004e+02  -3.40383471e-04
   3.56336492e+02   8.42550162e-06
   3.56336980e+02  -5.01076342e-04
   3.56337469e+02  -2.17932556e-03
   3.56337957e+02  -3.53967561e-03
   3.56338445e+02  -2.14126031e-03
   3.56338934e+02   1.34269276e-03
   3.56339422e+02   5.69159910e-03
   3.56339910e+02   6.39138743e-03
   3.56340399e+02   4.64338111e-03
   3.56340887e+02   4.22781240e-03
   3.56341375e+02   1.20121217e-03
   3.56341863e+02  -9.32789233e-04
   3.56342352e+02   1.04197219e-03
   3.56342840e+02   7.30067259e-04
   3.56343328e+02  -1.67488097e-03
   3.56343817e+02  -8.95405305e-04
   3.56344305e+02   5.03526477e-04
   3.56344793e+02   3.58427969e-05
   3.56345282e+02  -8.16825137e-04
   3.56345770e+02  -8.91442178e-04
   3.56346258e+02   9.44216328e-04
   3.56346747e+02   3.07097309e-03
   3.56347235e+02   1.40331755e-03
   3.56347723e+02  -1.28078845e-03
   3.56348211e+02   3.26322304e-04
   3.56348700e+02   1.57201826e-03
   3.56349188e+02  -8.84190449e-05
   3.56349676e+02   8.97257472e-04
   3.56350165e+02   8.96497746e-04
   3.56350653e+02  -4.31075343e-04
   3.56351141e+02   5.78856329e-04
   3.56351630e+02   1.05516170e-03
   3.56352118e+02   3.07334150e-04
   3.56352606e+02  -4.09498578e-04
   3.56353095e+02  -1.86356169e-03
   3.56353583e+02  -1.55166152e-03
   3.56354071e+02  -8.50100827e-04
   3.56354559e+02  -2.10146210e-03
   3.56355048e+02  -2.77865422e-03
   3.56355536e+02  -1.53822650e-03
   3.56356024e+02   2.05554790e-03
   3.56356513e+02   5.25455875e-03
   3.56357001e+02   5.12480922e-03
   3.56357489e+02   2.25427863e-03
   3.56357978e+02   6.22020743e-04
   3.56358466e+02   1.42214645e-03
   3.56358954e+02   1.25255075e-03
   3.56359443e+02  -1.50907275e-04
   3.56359931e+02  -9.83953127e-04
   3.56360419e+02  -1.20088388e-03
   3.56360907e+02   1.50106134e-04
   3.56361396e+02   1.46566622e-03
   3.56361884e+02  -1.59107754e-03
   3.56362372e+02  -2.54724198e-03
   3.56362861e+02   1.48598873e-03
   3.56363349e+02   3.35280038e-03
   3.56363837e+02   2.61865556e-03
   3.56364326e+02   1.30264007e-03
   3.56364814e+02   1.68875675e-03
   3.56365302e+02   3.50726303e-03
   3.56365791e+02   3.13176936e-03
   3.56366279e+02   1.23582862e-03
   3.56366767e+02   3.56676988e-04
   3.56367255e+02   1.91413026e-04
   3.56367744e+02   5.51266712e-04
   3.56368232e+02   1.98591361e-03
   3.56368720e+02   3.60709336e-03
   3.56369209e+02   3.49484035e-03
   3.56369697e+02   6.34931086e-04
   3.56370185e+02  -2.23374320e-03
   3.56370674e+02  -3.12630204e-03
   3.56371162e+02  -1.63752818e-03
   3.56371650e+02   1.32663653e-03
   3.56372139e+02   1.82810018e-03
   3.56372627e+02  -1.64218582e-04
   3.56373115e+02   9.49598325e-06
   3.56373604e+02   1.43442117e-03
   3.56374092e+02   2.36648391e-03
   3.56374580e+02   8.35997693e-04
   3.56375068e+02  -1.97536033e-03
   3.56375557e+02  -2.30102730e-03
   3.56376045e+02   1.89063605e-04
   3.56376533e+02   7.75267545e-04
   3.56377022e+02  -1.58475724e-03
   3.56377510e+02  -2.68600788e-03
   3.56377998e+02  -2.56049936e-03
   3.56378487e+02  -3.66186723e-03
   3.56378975e+02  -2.93190707e-03
   3.56379463e+02  -2.45686178e-03
   3.56379952e+02  -4.63212747e-03
   3.56380440e+02  -5.46934688e-03
   3.56380928e+02  -4.22650296e-03
   3.56381416e+02  -2.28004181e-03
   3.56381905e+02  -5.45742456e-04
   3.56382393e+02  -1.43175793e-03
   3.56382881e+02  -4.33759345e-03
   3.56383370e+02  -5.20506455e-03
   3.56383858e+02  -2.93991668e-03
   3.56384346e+02  -1.20513444e-03
   3.56384835e+02  -1.33581378e-03
   3.56385323e+02  -2.43630144e-03
   3.56385811e+02  -2.73034838e-03
   3.56386300e+02  -1.18051516e-03
   3.56386788e+02  -8.78769424e-05
   3.56387276e+02   1.37964671e-03
   3.56387764e+02   4.64570057e-03
   3.56388253e+02   5.58245042e-03
   3.56388741e+02   2.50090216e-03
   3.56389229e+02   3.67133413e-04
   3.56389718e+02  -1.96772846e-04
   3.56390206e+02  -8.82164168e-04
   3.56390694e+02  -7.91147642e-04
   3.56391183e+02  -1.78391300e-03
   3.56391671e+02  -4.34751390e-03
   3.56392159e+02  -4.97254450e-03
   3.56392648e+02  -3.73022771e-03
   3.56393136e+02  -6.78736134e-04
   3.56393624e+02   2.73784762e-03
   3.56394112e+02   2.18145479e-03
   3.56394601e+02   4.13110363e-04
   3.56395089e+02   5.07601108e-05
   3.56395577e+02  -1.39325170e-03
   3.56396066e+02  -3.21844150e-03
   3.56396554e+02  -4.29610023e-03
   3.56397042e+02  -3.36181419e-03
   3.56397531e+02   4.92117077e-04
   3.56398019e+02   4.32344014e-03
   3.56398507e+02   3.61427339e-03
   3.56398996e+02   8.59863707e-04
   3.56399484e+02   5.42813141e-05
   3.56399972e+02  -3.70738853e-04
   3.56400460e+02  -6.31384668e-04
   3.56400949e+02  -2.92447949e-04
   3.56401437e+02  -7.20101176e-04
   3.56401925e+02  -2.52882659e-04
   3.56402414e+02   3.85365885e-04
   3.56402902e+02  -8.03101284e-05
   3.56403390e+02  -8.51126388e-05
   3.56403879e+02   1.39456440e-03
   3.56404367e+02   3.10037984e-03
   3.56404855e+02   2.53213267e-03
   3.56405344e+02   2.34185718e-03
   3.56405832e+02   3.14169005e-03
   3.56406320e+02   1.61327003e-03
   3.56406808e+02  -3.09115130e-04
   3.56407297e+02  -8.89067305e-04
   3.56407785e+02  -1.42291922e-03
   3.56408273e+02  -1.23911980e-03
   3.56408762e+02  -1.07994326e-03
   3.56409250e+02   1.63264718e-04
   3.56409738e+02   8.32970429e-04
   3.56410227e+02  -4.11605724e-04
   3.56410715e+02   7.19892851e-04
   3.56411203e+02   1.88024866e-03
   3.56411692e+02   5.06831682e-04
   3.56412180e+02   7.21920689e-04
   3.56412668e+02   2.73181964e-03
   3.56413157e+02   2.17579585e-03
   3.56413645e+02   7.07546715e-04
   3.56414133e+02   9.48955014e-04
   3.56414621e+02   7.73478183e-04
   3.56415110e+02   1.82355370e-03
   3.56415598e+02   2.73718871e-03
   3.56416086e+02   2.71810242e-03
   3.56416575e+02   2.89479829e-03
   3.56417063e+02   1.08307460e-03
   3.56417551e+02  -7.28460960e-04
   3.56418040e+02   5.39521207e-05
   3.56418528e+02   3.08532239e-04
   3.56419016e+02  -9.76775424e-04
   3.56419505e+02  -5.52006299e-04
   3.56419993e+02   1.76116277e-03
   3.56420481e+02   4.01937310e-03
   3.56420969e+02   5.71343768e-03
   3.56421458e+02   5.18838828e-03
   3.56421946e+02   1.81047653e-03
   3.56422434e+02  -1.09629624e-03
   3.56422923e+02  -1.06253836e-03
   3.56423411e+02   1.00561953e-03
   3.56423899e+02   3.02985450e-03
   3.56424388e+02   3.71600850e-03
   3.56424876e+02   2.37543206e-03
   3.56425364e+02   9.00724146e-04
   3.56425853e+02   1.71488005e-04
   3.56426341e+02  -5.44245529e-04
   3.56426829e+02   7.74198968e-04
   3.56427317e+02   4.08059591e-03
   3.56427806e+02   4.76653920e-03
   3.56428294e+02   1.30806793e-03
   3.56428782e+02  -1.27302983e-03
   3.56429271e+02   3.13583645e-04
   3.56429759e+02   2.37576268e-03
   3.56430247e+02   3.07315076e-03
   3.56430736e+02   3.81487585e-03
   3.56431224e+02   3.21895909e-03
   3.56431712e+02   2.91100936e-03
   3.56432201e+02   2.99192290e-03
   3.56432689e+02   4.89059230e-03
   3.56433177e+02   5.77670150e-03
   3.56433665e+02   6.37461105e-03
   3.56434154e+02   6.83964416e-03
   3.56434642e+02   6.50445884e-03
   3.56435130e+02   7.77722150e-03
   3.56435619e+02   7.79888639e-03
   3.56436107e+02   6.18857704e-03
   3.56436595e+02   6.70681102e-03
   3.56437084e+02   8.69403128e-03
   3.56437572e+02   1.09806824e-02
   3.56438060e+02   1.35674812e-02
   3.56438549e+02   1.80223640e-02
   3.56439037e+02   2.13512909e-02
   3.56439525e+02   2.63792537e-02
   3.56440013e+02   3.44258137e-02
   3.56440502e+02   4.65325266e-02
   3.56440990e+02   6.14680946e-02
   3.56441478e+02   8.17945153e-02
   3.56441967e+02   1.16685405e-01
   3.56442455e+02   1.72882125e-01
   3.56442943e+02   2.32447222e-01
   3.56443432e+02   2.74132580e-01
   3.56443920e+02   2.91056305e-01
   3.56444408e+02   2.83556014e-01
   3.56444897e+02   2.57943541e-01
   3.56445385e+02   2.31669411e-01
   3.56445873e+02   2.23299444e-01
   3.56446361e+02   2.28076577e-01
   3.56446850e+02   2.29366064e-01
   3.56447338e+02   2.13881731e-01
   3.56447826e+02   1.82406902e-01
   3.56448315e+02   1.41465917e-01
   3.56448803e+02   1.01524048e-01
   3.56449291e+02   7.23554417e-02
   3.56449780e+02   4.92310002e-02
   3.56450268e+02   3.30677181e-02
   3.56450756e+02   2.57506054e-02
   3.56451245e+02   2.14658156e-02
   3.56451733e+02   1.62741356e-02
   3.56452221e+02   1.40977120e-02
   3.56452710e+02   1.08035868e-02
   3.56453198e+02   7.55905174e-03
   3.56453686e+02   6.77564694e-03
   3.56454174e+02   8.56995955e-03
   3.56454663e+02   9.87484399e-03
   3.56455151e+02   9.84362140e-03
   3.56455639e+02   8.52267630e-03
   3.56456128e+02   6.49949303e-03
   3.56456616e+02   6.65177545e-03
   3.56457104e+02   7.33790221e-03
   3.56457593e+02   6.27895584e-03
   3.56458081e+02   5.26328478e-03
   3.56458569e+02   5.19309985e-03
   3.56459058e+02   6.34921296e-03
   3.56459546e+02   6.74742274e-03
   3.56460034e+02   6.53285161e-03
   3.56460522e+02   7.53971841e-03
   3.56461011e+02   6.51676254e-03
   3.56461499e+02   4.87979874e-03
   3.56461987e+02   6.15682919e-03
   3.56462476e+02   7.83473067e-03
   3.56462964e+02   1.28011862e-02
   3.56463452e+02   1.94936711e-02
   3.56463941e+02   2.28206124e-02
   3.56464429e+02   2.12078709e-02
   3.56464917e+02   1.91650465e-02
   3.56465406e+02   1.83296688e-02
   3.56465894e+02   1.94848403e-02
   3.56466382e+02   2.02104095e-02
   3.56466870e+02   1.73065159e-02
   3.56467359e+02   1.17797526e-02
   3.56467847e+02   8.50382820e-03
   3.56468335e+02   9.62858088e-03
   3.56468824e+02   1.08442670e-02
   3.56469312e+02   8.74927361e-03
   3.56469800e+02   3.11973807e-03
   3.56470289e+02  -1.20093848e-03
   3.56470777e+02  -1.50667154e-03
   3.56471265e+02   2.52196623e-04
   3.56471754e+02   1.45908759e-03
   3.56472242e+02   1.45134318e-03
   3.56472730e+02   1.10070920e-03
   3.56473218e+02   4.56928537e-04
   3.56473707e+02  -2.21051960e-05
   3.56474195e+02  -5.65076305e-04
   3.56474683e+02   3.02916946e-04
   3.56475172e+02   2.21311511e-03
   3.56475660e+02   1.70292007e-03
   3.56476148e+02  -1.71428150e-03
   3.56476637e+02  -2.35840376e-03
   3.56477125e+02   1.17841037e-03
   3.56477613e+02   2.91398377e-03
   3.56478102e+02   9.35061777e-04
   3.56478590e+02  -2.13313522e-03
   3.56479078e+02  -4.39798553e-03
   3.56479566e+02  -3.77979316e-03
   3.56480055e+02   5.17040326e-06
   3.56480543e+02  -1.96273191e-04
   3.56481031e+02  -4.07636957e-03
   3.56481520e+02  -3.10543878e-03
   3.56482008e+02   1.67243637e-03
   3.56482496e+02   4.70394175e-03
   3.56482985e+02   4.11099428e-03
   3.56483473e+02   5.60621847e-04
   3.56483961e+02  -3.07480048e-04
   3.56484450e+02  -9.32681432e-04
   3.56484938e+02  -1.77396403e-03
   3.56485426e+02   2.19341542e-04
   3.56485914e+02   1.46513118e-03
   3.56486403e+02   2.21914519e-03
   3.56486891e+02   2.02938262e-03
   3.56487379e+02  -5.48534328e-04
   3.56487868e+02  -9.85748251e-04
   3.56488356e+02   6.81791862e-04
   3.56488844e+02   6.60285237e-04
   3.56489333e+02  -1.69103383e-04
   3.56489821e+02  -1.99092412e-03
   3.56490309e+02  -1.99366082e-03
   3.56490798e+02  -2.62628833e-04
   3.56491286e+02   2.43624975e-03
   3.56491774e+02   2.83863372e-03
   3.56492263e+02   1.40086852e-03
   3.56492751e+02  -9.65027648e-05
   3.56493239e+02  -1.31165085e-03
   3.56493727e+02  -1.64126582e-03
   3.56494216e+02  -2.60079396e-03
   3.56494704e+02  -1.78174861e-03
   3.56495192e+02   2.68097571e-03
   3.56495681e+02   4.63542249e-03
   3.56496169e+02   3.29563674e-03
   3.56496657e+02   2.71147001e-03
   3.56497146e+02   4.06226516e-03
   3.56497634e+02   4.52062767e-03
   3.56498122e+02   3.67453136e-03
   3.56498611e+02   3.20284301e-03
   3.56499099e+02   3.28017538e-03
   3.56499587e+02   2.88417493e-03
   3.56500075e+02   2.56996835e-03
   3.56500564e+02   4.84192371e-03
   3.56501052e+02   6.00954425e-03
   3.56501540e+02   3.17683932e-03
   3.56502029e+02   1.84196135e-04
   3.56502517e+02   6.01202715e-04
   3.56503005e+02   2.38180300e-03
   3.56503494e+02   1.98134338e-03
   3.56503982e+02   1.94615533e-03
   3.56504470e+02   2.04381486e-03
   3.56504959e+02   2.40124250e-03
   3.56505447e+02   2.55175773e-03
   3.56505935e+02   1.03337201e-03
   3.56506423e+02  -3.53763695e-04
   3.56506912e+02   1.49736676e-04
   3.56507400e+02   9.13583790e-04
   3.56507888e+02   1.07270665e-03
   3.56508377e+02   2.05643778e-03
   3.56508865e+02   3.35379806e-03
   3.56509353e+02   4.85513313e-03
   3.56509842e+02   4.41557588e-03
   3.56510330e+02   8.59490188e-04
   3.56510818e+02  -1.03304582e-03
   3.56511307e+02  -3.00191925e-03
   3.56511795e+02  -3.71434842e-03
   3.56512283e+02  -7.81438081e-04
   3.56512771e+02   2.28411332e-03
   3.56513260e+02   2.54716212e-03
   3.56513748e+02  -7.80342263e-04
   3.56514236e+02  -2.17953837e-03
   3.56514725e+02  -8.76849284e-04
   3.56515213e+02  -1.63550850e-03
   3.56515701e+02  -1.01407582e-03
   3.56516190e+02   2.30183103e-03
   3.56516678e+02   1.44559203e-03
   3.56517166e+02  -2.45492789e-03
   3.56517655e+02  -3.58629529e-03
   3.56518143e+02  -2.77168280e-03
   3.56518631e+02  -3.06702452e-03
   3.56519119e+02  -1.98964146e-03
   3.56519608e+02   6.62847597e-04
   3.56520096e+02   1.84353581e-03
   3.56520584e+02   9.94625734e-05
   3.56521073e+02  -1.72734261e-03
   3.56521561e+02  -1.83500466e-03
   3.56522049e+02  -2.21714098e-03
   3.56522538e+02  -2.62680394e-03
   3.56523026e+02  -2.11472134e-03
   3.56523514e+02  -1.28460710e-03
   3.56524003e+02   5.05507691e-04
   3.56524491e+02   2.53728894e-03
   3.56524979e+02   2.86413333e-03
   3.56525467e+02   1.26003753e-03
   3.56525956e+02  -1.49525539e-03
   3.56526444e+02  -3.57695296e-03
   3.56526932e+02  -3.60406283e-03
   3.56527421e+02  -2.62057199e-03
   3.56527909e+02  -2.40848935e-03
   3.56528397e+02  -2.84482725e-03
   3.56528886e+02  -2.01959116e-03
   3.56529374e+02  -8.66364513e-04
   3.56529862e+02  -4.09675486e-05
   3.56530351e+02   3.88185348e-04
   3.56530839e+02   4.56778507e-04
   3.56531327e+02  -1.06368691e-03
   3.56531816e+02  -3.85776511e-03
   3.56532304e+02  -4.50310996e-03
   3.56532792e+02  -3.32705234e-03
   3.56533280e+02  -2.07492011e-03
   3.56533769e+02  -7.24728685e-04
   3.56534257e+02  -1.39328325e-03
   3.56534745e+02  -2.13893806e-03
   3.56535234e+02   3.49224370e-04
   3.56535722e+02   4.04945371e-04
   3.56536210e+02  -2.33522383e-03
   3.56536699e+02  -2.86489795e-03
   3.56537187e+02  -2.25329283e-03
   3.56537675e+02  -1.93800649e-03
   3.56538164e+02  -1.96864246e-03
   3.56538652e+02  -2.34886399e-03
   3.56539140e+02  -2.65722093e-03
   3.56539628e+02  -1.98045187e-03
   3.56540117e+02  -4.22195328e-04
   3.56540605e+02   1.08455459e-03
   3.56541093e+02   2.36607133e-03
   3.56541582e+02   3.22673819e-03
   3.56542070e+02   1.72273023e-03
   3.56542558e+02   2.18880406e-04
   3.56543047e+02  -3.91640235e-04
   3.56543535e+02  -4.35047317e-04
   3.56544023e+02  -2.95265898e-04
   3.56544512e+02  -1.60203234e-03
   3.56545000e+02  -1.99572719e-03
   3.56545488e+02  -1.93662930e-03
   3.56545976e+02  -4.05295426e-03
   3.56546465e+02  -5.38272969e-03
   3.56546953e+02  -3.36862332e-03
   3.56547441e+02  -9.06627451e-04
   3.56547930e+02  -5.05405944e-04
   3.56548418e+02  -9.89699503e-04
   3.56548906e+02  -5.50685567e-04
   3.56549395e+02   1.22295995e-03
   3.56549883e+02   1.73005532e-03
   3.56550371e+02  -9.06813191e-04
   3.56550860e+02  -2.44607776e-03
   3.56551348e+02  -4.84257325e-04
   3.56551836e+02   1.71411142e-04
   3.56552324e+02  -5.51827252e-04
   3.56552813e+02   5.77349216e-04
   3.56553301e+02   5.46435884e-04
   3.56553789e+02  -8.20348330e-04
   3.56554278e+02   5.93345379e-04
   3.56554766e+02   1.67334883e-03
   3.56555254e+02  -8.59080814e-04
   3.56555743e+02  -2.03845836e-03
   3.56556231e+02  -1.17168890e-03
   3.56556719e+02   6.12649164e-05
   3.56557208e+02   3.59027967e-04
   3.56557696e+02   5.85993868e-04
   3.56558184e+02   3.16289137e-03
   3.56558672e+02   4.37490921e-03
   3.56559161e+02   9.62154067e-04
   3.56559649e+02  -2.76942295e-03
   3.56560137e+02  -3.24826082e-03
   3.56560626e+02  -2.05303449e-03
   3.56561114e+02  -3.44663742e-04
   3.56561602e+02   2.73653679e-03
   3.56562091e+02   3.80701339e-03
   3.56562579e+02   2.09028786e-03
   3.56563067e+02   6.12808741e-04
   3.56563556e+02  -1.07354857e-03
   3.56564044e+02  -2.77522183e-03
   3.56564532e+02  -3.88391758e-03
   3.56565020e+02  -2.77478783e-03
   3.56565509e+02   5.64604939e-04
   3.56565997e+02   1.56615698e-03
   3.56566485e+02   1.22245902e-03
   3.56566974e+02   4.49676416e-04
   3.56567462e+02   2.12592829e-04
   3.56567950e+02   2.10743141e-03
   3.56568439e+02   2.96199182e-03
   3.56568927e+02   3.28628230e-03
   3.56569415e+02   3.90930427e-03
   3.56569904e+02   2.93511222e-03
   3.56570392e+02   2.08161841e-03
   3.56570880e+02   1.98007794e-03
   3.56571369e+02   3.96069465e-03
   3.56571857e+02   6.22379314e-03
   3.56572345e+02   5.44593157e-03
   3.56572833e+02   3.13575822e-03
   3.56573322e+02   1.65753718e-03
   3.56573810e+02   2.28066754e-04
   3.56574298e+02  -5.08705212e-04
   3.56574787e+02  -5.61408175e-04
   3.56575275e+02  -2.25982140e-03
   3.56575763e+02  -2.54007103e-03
   3.56576252e+02   1.17734889e-03
   3.56576740e+02   4.26087203e-03
   3.56577228e+02   3.13355331e-03
   3.56577717e+02   1.50268443e-03
   3.56578205e+02   6.70461101e-04
   3.56578693e+02  -2.69459979e-05
   3.56579181e+02   5.11449063e-04
   3.56579670e+02   1.07301574e-03
   3.56580158e+02   3.66219057e-04
   3.56580646e+02  -4.39959229e-04
   3.56581135e+02  -3.93576600e-04
   3.56581623e+02  -1.05748986e-04
   3.56582111e+02   3.04881716e-04
   3.56582600e+02   3.30455397e-04
   3.56583088e+02  -4.11873218e-04
   3.56583576e+02   1.20173930e-03
   3.56584065e+02   1.69381720e-03
   3.56584553e+02  -2.94338417e-04
   3.56585041e+02  -8.55845923e-04
   3.56585529e+02  -4.09456610e-04
   3.56586018e+02  -7.88759673e-04
   3.56586506e+02  -3.07106762e-03
   3.56586994e+02  -2.84184562e-03
   3.56587483e+02  -7.73320033e-04
   3.56587971e+02  -6.09498005e-04
   3.56588459e+02   5.21380105e-04
   3.56588948e+02   2.43709586e-03
   3.56589436e+02   1.72511372e-03
   3.56589924e+02  -6.20504958e-04
   3.56590413e+02  -1.54885650e-03
   3.56590901e+02  -8.55568796e-04
   3.56591389e+02  -4.18048730e-04
   3.56591877e+02   7.75626861e-04
   3.56592366e+02   4.03246516e-03
   3.56592854e+02   5.96119883e-03
   3.56593342e+02   3.98248201e-03
   3.56593831e+02   1.70893013e-03
   3.56594319e+02   5.42757080e-05
   3.56594807e+02  -4.50620370e-04
   3.56595296e+02   4.92047053e-04
   3.56595784e+02  -1.10001664e-03
   3.56596272e+02  -2.98349699e-03
   3.56596761e+02  -2.09452049e-03
   3.56597249e+02  -6.97970972e-04
   3.56597737e+02  -1.81831085e-04
   3.56598225e+02  -1.76931161e-03
   3.56598714e+02  -2.95724161e-03
   3.56599202e+02  -1.97012164e-03
   3.56599690e+02  -1.67858414e-03
   3.56600179e+02  -1.92282780e-03
   3.56600667e+02  -8.27606011e-04
   3.56601155e+02   1.84311124e-04
   3.56601644e+02  -1.23687391e-03
   3.56602132e+02  -1.23413128e-03
   3.56602620e+02   5.62627858e-04
   3.56603109e+02   1.68295996e-03
   3.56603597e+02   2.05069967e-03
   3.56604085e+02   1.51942228e-03
   3.56604573e+02   4.90192440e-04
   3.56605062e+02  -6.03829336e-04
   3.56605550e+02  -1.58642174e-03
   3.56606038e+02  -1.53456733e-03
   3.56606527e+02   5.34816878e-04
   3.56607015e+02   2.53045745e-03
   3.56607503e+02   1.27762393e-03
   3.56607992e+02  -1.15237536e-03
   3.56608480e+02  -3.22258472e-03
   3.56608968e+02  -4.62551694e-03
   3.56609457e+02  -4.52765916e-03
   3.56609945e+02  -2.38750828e-03
   3.56610433e+02  -1.27402440e-04
   3.56610922e+02   5.46320749e-04
   3.56611410e+02   1.33394101e-03
   3.56611898e+02   1.34777720e-03
   3.56612386e+02   5.51851583e-04
   3.56612875e+02   1.68199535e-03
   3.56613363e+02   2.87331245e-03
   3.56613851e+02   2.40020151e-03
   3.56614340e+02   2.16846727e-03
   3.56614828e+02   2.32455973e-03
   3.56615316e+02   1.58204674e-03
   3.56615805e+02   1.26241148e-03
   3.56616293e+02   8.63706286e-04
   3.56616781e+02  -1.60014618e-03
   3.56617270e+02  -3.09900870e-03
   3.56617758e+02  -3.16925975e-03
   3.56618246e+02  -2.67212442e-03
   3.56618734e+02  -1.06829684e-03
   3.56619223e+02   7.36850663e-04
   3.56619711e+02   8.70133983e-04
   3.56620199e+02  -5.10932994e-04
   3.56620688e+02  -1.37774309e-03
   3.56621176e+02  -7.59205141e-04
   3.56621664e+02   2.31157188e-04
   3.56622153e+02  -7.35439025e-05
   3.56622641e+02  -8.71551165e-04
   3.56623129e+02  -4.65791760e-04
   3.56623618e+02  -6.42324914e-04
   3.56624106e+02  -2.99907941e-03
   3.56624594e+02  -5.10353828e-03
   3.56625082e+02  -4.30480670e-03
   3.56625571e+02  -1.88656535e-03
   3.56626059e+02  -1.27786631e-03
   3.56626547e+02  -3.00941453e-03
   3.56627036e+02  -3.00314534e-03
   3.56627524e+02   1.41704746e-04
   3.56628012e+02   2.79727974e-03
   3.56628501e+02   3.05496040e-03
   3.56628989e+02   1.51678850e-03
   3.56629477e+02   2.57480191e-04
   3.56629966e+02  -5.39401663e-05
   3.56630454e+02   1.55575993e-03
   3.56630942e+02   1.36303762e-03
   3.56631430e+02  -2.98628529e-05
   3.56631919e+02   1.83847826e-03
   3.56632407e+02   3.93944746e-03
   3.56632895e+02   3.62778665e-03
   3.56633384e+02   2.98508257e-03
   3.56633872e+02   2.55385018e-03
   3.56634360e+02   6.91442983e-04
   3.56634849e+02  -1.64652197e-03
   3.56635337e+02  -9.67711676e-04
   3.56635825e+02   5.70077274e-04
   3.56636314e+02  -5.88955532e-04
   3.56636802e+02  -1.96377165e-03
   3.56637290e+02  -1.94805558e-04
   3.56637778e+02   3.02177435e-03
   3.56638267e+02   3.12683708e-03
   3.56638755e+02   2.06645601e-03
   3.56639243e+02   2.84605077e-03
   3.56639732e+02   2.33294209e-03
   3.56640220e+02   7.64844939e-04
   3.56640708e+02   7.76787812e-04
   3.56641197e+02  -3.79055535e-04
   3.56641685e+02  -2.43800716e-03
   3.56642173e+02  -1.84047362e-03
   3.56642662e+02  -1.05150638e-03
   3.56643150e+02  -1.03784562e-03
   3.56643638e+02  -6.34515018e-05
   3.56644126e+02   1.83401557e-04
   3.56644615e+02   6.84763596e-04
   3.56645103e+02   1.38228363e-03
   3.56645591e+02   2.76336679e-04
   3.56646080e+02  -1.27674430e-03
   3.56646568e+02  -1.53942138e-03
   3.56647056e+02  -1.98224303e-03
   3.56647545e+02  -1.54384237e-03
   3.56648033e+02   1.09340926e-03
   3.56648521e+02  -4.59639006e-04
   3.56649010e+02  -2.83844024e-03
   3.56649498e+02  -2.31093698e-04
   3.56649986e+02   1.51889538e-03
   3.56650475e+02   9.73675560e-05
   3.56650963e+02  -1.57984591e-03
   3.56651451e+02  -2.87698372e-03
   3.56651939e+02  -4.50131111e-03
   3.56652428e+02  -3.80783109e-03
   3.56652916e+02   9.72608977e-04
   3.56653404e+02   3.90125578e-03
   3.56653893e+02   2.47791619e-03
   3.56654381e+02   6.95216644e-04
   3.56654869e+02  -5.35851694e-04
   3.56655358e+02  -1.03709805e-04
   3.56655846e+02   1.08333828e-03
   3.56656334e+02   1.49365910e-03
   3.56656823e+02   1.88077823e-03
   3.56657311e+02   8.50325800e-04
   3.56657799e+02  -1.66736922e-04
   3.56658287e+02  -1.17676362e-04
   3.56658776e+02   6.46931527e-04
   3.56659264e+02  -5.65338763e-04
   3.56659752e+02  -3.28359078e-03
   3.56660241e+02  -1.74234994e-03
   3.56660729e+02   2.36669695e-03
   3.56661217e+02   3.75637528e-03
   3.56661706e+02   2.98365601e-03
   3.56662194e+02   1.57596509e-03
   3.56662682e+02   2.64263852e-03
   3.56663171e+02   3.90009489e-03
   3.56663659e+02   1.44098117e-03
   3.56664147e+02  -1.77702645e-03
   3.56664635e+02  -1.91871601e-03
   3.56665124e+02   2.96835322e-04
   3.56665612e+02  -7.53304514e-04
   3.56666100e+02  -4.87169810e-03
   3.56666589e+02  -4.18875040e-03
   3.56667077e+02   1.36380972e-04
   3.56667565e+02   1.31089764e-03
   3.56668054e+02   8.58614105e-04
   3.56668542e+02   1.04682019e-03
   3.56669030e+02  -2.34686348e-04
   3.56669519e+02  -2.06576800e-03
   3.56670007e+02  -2.57724314e-03
   3.56670495e+02  -1.60205830e-03
   3.56670983e+02  -2.17322173e-04
   3.56671472e+02  -1.82990188e-04
   3.56671960e+02  -5.58322878e-04
   3.56672448e+02   1.14302081e-03
   3.56672937e+02   3.49064847e-03
   3.56673425e+02   4.22146916e-03
   3.56673913e+02   2.06826907e-03
   3.56674402e+02  -2.23352428e-04
   3.56674890e+02  -8.80258158e-04
   3.56675378e+02  -7.71833817e-04
   3.56675867e+02  -6.53634124e-05
   3.56676355e+02   1.90473557e-03
   3.56676843e+02   2.09838268e-03
   3.56677331e+02   9.39989113e-04
   3.56677820e+02   7.42283300e-04
   3.56678308e+02   5.81313914e-04
   3.56678796e+02   6.24743057e-04
   3.56679285e+02   2.05852278e-03
   3.56679773e+02   2.80342298e-03
   3.56680261e+02   1.09991222e-03
   3.56680750e+02  -8.81930813e-04
   3.56681238e+02   1.56288770e-05
   3.56681726e+02   1.00502116e-03
   3.56682215e+02   8.39040382e-04
   3.56682703e+02  -8.84715468e-04
   3.56683191e+02  -3.33383260e-03
   3.56683679e+02  -1.74124469e-03
   3.56684168e+02   1.21864374e-03
   3.56684656e+02   9.07109716e-05
   3.56685144e+02  -1.52664632e-03
   3.56685633e+02   6.21310843e-04
   3.56686121e+02   9.54400864e-04
   3.56686609e+02  -9.90567845e-04
   3.56687098e+02  -1.11887755e-03
   3.56687586e+02  -4.98808105e-04
   3.56688074e+02  -9.24124790e-04
   3.56688563e+02  -2.56177946e-03
   3.56689051e+02  -2.72526219e-03
   3.56689539e+02  -1.94189255e-03
   3.56690028e+02  -1.14736625e-03
   3.56690516e+02  -7.51507410e-04
   3.56691004e+02  -8.49334348e-04
   3.56691492e+02   1.39408791e-03
   3.56691981e+02   2.23763473e-03
   3.56692469e+02  -3.42558662e-04
   3.56692957e+02  -4.51029104e-04
   3.56693446e+02   3.61265993e-04
   3.56693934e+02  -1.83315831e-03
   3.56694422e+02  -2.45848205e-03
   3.56694911e+02  -1.30567409e-04
   3.56695399e+02   4.53266577e-04
   3.56695887e+02  -1.92333374e-03
   3.56696376e+02  -3.19901877e-03
   3.56696864e+02  -1.72949512e-03
   3.56697352e+02  -3.45238630e-04
   3.56697840e+02  -5.94872727e-05
   3.56698329e+02  -2.72250090e-05
   3.56698817e+02  -4.05550003e-04
   3.56699305e+02   5.48482116e-04
   3.56699794e+02   1.63764320e-03
   3.56700282e+02   1.26814598e-03
   3.56700770e+02  -3.22651729e-04
   3.56701259e+02  -3.11161648e-03
   3.56701747e+02  -4.86822892e-03
   3.56702235e+02  -5.00579877e-03
   3.56702724e+02  -4.28174622e-03
   3.56703212e+02  -3.30435880e-03
   3.56703700e+02  -9.93362628e-04
   3.56704188e+02   1.73029106e-03
   3.56704677e+02   2.18384943e-04
   3.56705165e+02  -1.35137874e-03
   3.56705653e+02   5.79711108e-04
   3.56706142e+02   1.96381751e-03
   3.56706630e+02   1.77370640e-03
   3.56707118e+02   1.18809236e-04
   3.56707607e+02  -3.51219694e-03
   3.56708095e+02  -4.27896762e-03
   3.56708583e+02  -2.51137232e-03
   3.56709072e+02  -2.91210948e-03
   3.56709560e+02  -4.20535170e-03
   3.56710048e+02  -2.96627870e-03
   3.56710536e+02  -1.24906062e-03
   3.56711025e+02  -1.28942495e-03
   3.56711513e+02  -1.41514547e-03
   3.56712001e+02  -5.67734474e-04
   3.56712490e+02   9.04267130e-04
   3.56712978e+02   9.61428275e-04
   3.56713466e+02   1.01256745e-04
   3.56713955e+02  -4.03363258e-04
   3.56714443e+02  -4.05940547e-04
   3.56714931e+02   7.66735175e-04
   3.56715420e+02   2.27439753e-03
   3.56715908e+02   3.52370902e-03
   3.56716396e+02   2.00996571e-03
   3.56716884e+02   2.07364297e-04
   3.56717373e+02   7.14269350e-04
   3.56717861e+02   8.27718701e-04
   3.56718349e+02   1.50330411e-03
   3.56718838e+02   1.17301277e-03
   3.56719326e+02  -2.10778159e-03
   3.56719814e+02  -2.59250682e-03
   3.56720303e+02   7.05046114e-04
   3.56720791e+02   1.33809273e-03
   3.56721279e+02   1.09316979e-03
   3.56721768e+02   6.45478605e-04
   3.56722256e+02  -6.36044773e-04
   3.56722744e+02  -1.01495651e-03
   3.56723232e+02  -1.16085145e-03
   3.56723721e+02   5.28604614e-05
   3.56724209e+02  -1.58265131e-04
   3.56724697e+02  -6.51522365e-04
   3.56725186e+02  -1.51758920e-03
   3.56725674e+02  -4.03751765e-04
   3.56726162e+02   1.55173417e-03
   3.56726651e+02   4.51681612e-04
   3.56727139e+02  -3.02228465e-04
   3.56727627e+02   1.21016164e-04
   3.56728116e+02  -3.32762633e-04
   3.56728604e+02   1.29194581e-03
   3.56729092e+02   4.04700032e-03
   3.56729581e+02   5.06372005e-03
   3.56730069e+02   3.37898801e-03
   3.56730557e+02   8.10055761e-04
   3.56731045e+02   1.30783336e-03
   3.56731534e+02   2.71771592e-03
   3.56732022e+02   1.69260742e-03
   3.56732510e+02  -6.10844756e-04
   3.56732999e+02  -3.08969989e-03
   3.56733487e+02  -3.33912857e-03
   3.56733975e+02  -1.42690481e-03
   3.56734464e+02  -8.64894944e-04
   3.56734952e+02  -1.05051522e-03
   3.56735440e+02  -1.94860867e-03
   3.56735929e+02  -2.42174882e-03
   3.56736417e+02  -2.24026898e-03
   3.56736905e+02  -3.61038861e-03
   3.56737393e+02  -2.32951506e-03
   3.56737882e+02   1.39173656e-03
   3.56738370e+02   1.22308638e-03
   3.56738858e+02  -5.93420176e-04
   3.56739347e+02  -3.50580929e-04
   3.56739835e+02  -1.88284335e-04
   3.56740323e+02  -1.54805696e-03
   3.56740812e+02  -2.50066654e-03
   3.56741300e+02  -3.80185345e-04
   3.56741788e+02   2.02201749e-03
   3.56742277e+02   1.69549952e-03
   3.56742765e+02   4.06412262e-04
   3.56743253e+02   2.45040719e-04
   3.56743741e+02   1.37836207e-03
   3.56744230e+02   2.44205981e-03
   3.56744718e+02   2.96279020e-03
   3.56745206e+02   2.62446795e-03
   3.56745695e+02   2.55084620e-03
   3.56746183e+02   2.98547884e-03
   3.56746671e+02   2.75145657e-03
   3.56747160e+02  -1.40439181e-04
   3.56747648e+02  -3.54792480e-03
   3.56748136e+02  -5.70043782e-03
   3.56748625e+02  -6.57564029e-03
   3.56749113e+02  -4.19238023e-03
   3.56749601e+02  -2.20194971e-03
   3.56750089e+02  -2.07158853e-03
   3.56750578e+02   2.73367477e-04
   3.56751066e+02   1.48372387e-03
   3.56751554e+02  -1.40375062e-03
   3.56752043e+02  -2.42986763e-03
   3.56752531e+02   5.28875971e-04
   3.56753019e+02   1.93433918e-03
   3.56753508e+02   1.04928849e-05
   3.56753996e+02  -1.80320221e-03
   3.56754484e+02  -2.41759187e-03
   3.56754973e+02  -2.56587844e-03
   3.56755461e+02  -2.06655567e-03
   3.56755949e+02  -5.77353931e-04
   3.56756437e+02   3.58028244e-03
   3.56756926e+02   6.09140750e-03
   3.56757414e+02   3.55835701e-03
   3.56757902e+02   1.56753769e-04
   3.56758391e+02  -2.24130135e-03
   3.56758879e+02  -3.32515617e-03
   3.56759367e+02  -2.75764079e-03
   3.56759856e+02  -1.36695814e-03
   3.56760344e+02  -3.96203832e-04
   3.56760832e+02  -2.27728928e-03
   3.56761321e+02  -4.42393404e-03
   3.56761809e+02  -3.49651463e-03
   3.56762297e+02  -2.57376465e-03
   3.56762785e+02  -2.68144091e-03
   3.56763274e+02  -2.62425281e-03
   3.56763762e+02  -1.52890547e-03
   3.56764250e+02  -3.98247415e-04
   3.56764739e+02  -1.27081247e-03
   3.56765227e+02  -2.68301414e-03
   3.56765715e+02  -2.06088088e-03
   3.56766204e+02   6.92060741e-04
   3.56766692e+02   2.72031571e-03
   3.56767180e+02   1.41960697e-03
   3.56767669e+02  -4.98198497e-04
   3.56768157e+02  -1.03271310e-03
   3.56768645e+02  -2.19318131e-03
   3.56769134e+02  -2.67655635e-03
   3.56769622e+02  -9.86418105e-04
   3.56770110e+02  -8.25749827e-04
   3.56770598e+02  -2.99033965e-03
   3.56771087e+02  -2.33310414e-03
   3.56771575e+02   3.80614598e-04
   3.56772063e+02   2.60206801e-03
   3.56772552e+02   4.41279029e-03
   3.56773040e+02   2.41056713e-03
   3.56773528e+02  -1.07940950e-03
   3.56774017e+02  -7.50031380e-04
   3.56774505e+02   1.81506586e-03
   3.56774993e+02   2.15592864e-03
   3.56775482e+02   1.80809468e-03
   3.56775970e+02   2.96075712e-03
   3.56776458e+02   2.82831164e-03
   3.56776946e+02   2.31642462e-03
   3.56777435e+02   1.48001453e-03
   3.56777923e+02   6.11783616e-05
   3.56778411e+02   1.54733681e-03
   3.56778900e+02   5.48807299e-03
   3.56779388e+02   5.45794610e-03
   3.56779876e+02   2.11951998e-03
   3.56780365e+02   1.55811000e-03
   3.56780853e+02   7.23208243e-04
   3.56781341e+02   2.27818295e-04
   3.56781830e+02   1.79157883e-03
   3.56782318e+02   2.78869597e-03
   3.56782806e+02   5.04414958e-04
   3.56783294e+02  -1.64640043e-03
   3.56783783e+02  -1.01714057e-03
   3.56784271e+02   6.08423841e-04
   3.56784759e+02   1.20814936e-03
   3.56785248e+02   4.46469872e-04
   3.56785736e+02   9.91225752e-05
   3.56786224e+02   8.80385342e-04
   3.56786713e+02   1.67516817e-03
   3.56787201e+02   2.31602826e-04
   3.56787689e+02  -2.95095798e-03
   3.56788178e+02  -3.65143572e-03
   3.56788666e+02  -1.69518217e-03
   3.56789154e+02  -1.84172823e-04
   3.56789642e+02   9.78239579e-04
   3.56790131e+02   3.03274556e-03
   3.56790619e+02   4.50371346e-03
   3.56791107e+02   2.47570104e-03
   3.56791596e+02  -1.17714354e-03
   3.56792084e+02  -2.06372584e-03
   3.56792572e+02   5.35843428e-04
   3.56793061e+02   1.48420152e-03
   3.56793549e+02  -1.24640483e-03
   3.56794037e+02  -1.48926652e-03
   3.56794526e+02   8.86557682e-04
   3.56795014e+02   1.09114836e-03
   3.56795502e+02   2.72239302e-03
   3.56795990e+02   7.17448723e-03
   3.56796479e+02   4.59670369e-03
   3.56796967e+02  -2.86799134e-03
   3.56797455e+02  -3.84797971e-03
   3.56797944e+02  -2.32247021e-05
   3.56798432e+02   1.65171910e-03
   3.56798920e+02   7.38335599e-04
   3.56799409e+02   1.32449262e-04
   3.56799897e+02   1.14065304e-03
   3.56800385e+02   1.83375145e-03
   3.56800874e+02   1.22470234e-03
   3.56801362e+02   9.06755973e-04
   3.56801850e+02   1.31103164e-03
   3.56802338e+02  -1.13986549e-03
   3.56802827e+02  -4.74283192e-03
   3.56803315e+02  -3.62767163e-03
   3.56803803e+02  -7.11836561e-04
   3.56804292e+02  -1.54032547e-04
   3.56804780e+02  -7.29761028e-04
   3.56805268e+02  -5.74746926e-04
   3.56805757e+02   2.43065151e-04
   3.56806245e+02  -7.94151565e-04
   3.56806733e+02  -1.62858993e-03
   3.56807222e+02   1.81284850e-04
   3.56807710e+02   1.51444972e-03
   3.56808198e+02   7.05188082e-04
   3.56808687e+02   2.06579384e-03
   3.56809175e+02   4.48861392e-03
   3.56809663e+02   4.63058194e-03
   3.56810151e+02   3.91775975e-03
   3.56810640e+02   4.43297625e-03
   3.56811128e+02   5.18975826e-03
   3.56811616e+02   3.93701531e-03
   3.56812105e+02   3.84125486e-03
   3.56812593e+02   5.87300770e-03
   3.56813081e+02   5.56709338e-03
   3.56813570e+02   4.23130440e-03
   3.56814058e+02   3.72405909e-03
   3.56814546e+02   1.83924334e-03
   3.56815035e+02  -8.61288048e-04
   3.56815523e+02  -8.17558379e-04
   3.56816011e+02   5.78152190e-04
   3.56816499e+02   2.38307985e-03
   3.56816988e+02   3.99860227e-03
   3.56817476e+02   3.05098109e-03
   3.56817964e+02   3.88297602e-04
   3.56818453e+02   1.41858240e-03
   3.56818941e+02   3.18480353e-03
   3.56819429e+02   3.27202398e-03
   3.56819918e+02   2.81080557e-03
   3.56820406e+02   5.28109376e-04
   3.56820894e+02  -1.35016849e-03
   3.56821383e+02  -6.34850643e-04
   3.56821871e+02   1.16202154e-03
   3.56822359e+02   7.67272024e-04
   3.56822847e+02  -1.66815601e-03
   3.56823336e+02  -5.03691728e-04
   3.56823824e+02   2.44834297e-03
   3.56824312e+02   2.04616203e-03
   3.56824801e+02   1.29082019e-03
   3.56825289e+02   1.74021872e-03
   3.56825777e+02  -4.18717827e-04
   3.56826266e+02  -4.02083062e-03
   3.56826754e+02  -4.05318616e-03
   3.56827242e+02  -1.43265608e-03
   3.56827731e+02  -1.63088809e-03
   3.56828219e+02  -2.02055252e-03
   3.56828707e+02  -1.51346356e-03
   3.56829195e+02  -3.03169037e-03
   3.56829684e+02  -2.32639792e-03
   3.56830172e+02   1.08227704e-03
   3.56830660e+02   1.58524641e-03
   3.56831149e+02   1.45434809e-04
   3.56831637e+02  -4.98554436e-04
   3.56832125e+02  -1.73769076e-03
   3.56832614e+02  -2.94893654e-03
   3.56833102e+02  -1.06608134e-03
   3.56833590e+02   4.62132266e-05
   3.56834079e+02  -1.34247786e-03
   3.56834567e+02  -2.52734957e-04
   3.56835055e+02   2.49187788e-03
   3.56835543e+02   4.19561937e-03
   3.56836032e+02   4.25242400e-03
   3.56836520e+02   2.55984347e-03
   3.56837008e+02   1.48591516e-03
   3.56837497e+02   7.83168653e-04
   3.56837985e+02   5.34269726e-04
   3.56838473e+02   1.90820056e-03
   3.56838962e+02   2.44533550e-03
   3.56839450e+02   2.03785812e-03
   3.56839938e+02   2.40630400e-03
   3.56840427e+02   1.78431545e-03
   3.56840915e+02   1.71686424e-05
   3.56841403e+02  -1.26248720e-04
   3.56841891e+02  -1.82429631e-03
   3.56842380e+02  -2.07415083e-03
   3.56842868e+02  -9.82909231e-04
   3.56843356e+02  -1.51342037e-03
   3.56843845e+02  -1.48090941e-03
   3.56844333e+02   3.28273250e-04
   3.56844821e+02   1.78600603e-03
   3.56845310e+02   3.97037901e-03
   3.56845798e+02   4.50128829e-03
   3.56846286e+02   4.99582966e-04
   3.56846775e+02  -4.32324549e-03
   3.56847263e+02  -4.73427121e-03
   3.56847751e+02  -3.28082871e-03
   3.56848240e+02  -2.98991427e-03
   3.56848728e+02  -1.62346533e-03
   3.56849216e+02   1.37334078e-04
   3.56849704e+02  -5.57737949e-04
   3.56850193e+02  -2.12648138e-03
   3.56850681e+02  -1.67806831e-03
   3.56851169e+02   2.04563243e-04
   3.56851658e+02   1.81786460e-03
   3.56852146e+02   2.17742939e-03
   3.56852634e+02   4.04154649e-04
   3.56853123e+02  -9.97855896e-05
   3.56853611e+02   9.56339180e-04
   3.56854099e+02  -6.49982889e-04
   3.56854588e+02  -1.25484343e-03
   3.56855076e+02   3.94763541e-04
   3.56855564e+02   2.42473138e-03
   3.56856052e+02   5.03530633e-03
   3.56856541e+02   3.14388517e-03
   3.56857029e+02  -7.73616834e-04
   3.56857517e+02  -1.15610717e-03
   3.56858006e+02  -6.47816458e-04
   3.56858494e+02   6.22285734e-05
   3.56858982e+02   1.42985338e-03
   3.56859471e+02   1.35462009e-03
   3.56859959e+02  -9.58417018e-04
   3.56860447e+02  -3.06531135e-03
   3.56860936e+02  -3.94696742e-03
   3.56861424e+02  -4.37569944e-03
   3.56861912e+02  -3.97926150e-03
   3.56862400e+02  -3.08063789e-03
   3.56862889e+02  -1.60936872e-03
   3.56863377e+02  -8.99449922e-04
   3.56863865e+02  -2.24268623e-03
   3.56864354e+02  -2.34758295e-03
   3.56864842e+02   8.96129117e-04
   3.56865330e+02   3.68606439e-03
   3.56865819e+02   3.66283581e-03
   3.56866307e+02   2.15018168e-03
   3.56866795e+02   1.12739706e-03
   3.56867284e+02   1.68230047e-03
   3.56867772e+02   3.01420945e-03
   3.56868260e+02   4.45942022e-03
   3.56868748e+02   5.73846046e-03
   3.56869237e+02   4.38630907e-03
   3.56869725e+02   1.78372627e-03
   3.56870213e+02   2.66740122e-03
   3.56870702e+02   3.68599873e-03
   3.56871190e+02   4.40897793e-03
   3.56871678e+02   6.53868774e-03
   3.56872167e+02   9.18927230e-03
   3.56872655e+02   1.00962529e-02
   3.56873143e+02   1.11111989e-02
   3.56873632e+02   1.18771028e-02
   3.56874120e+02   1.22755291e-02
   3.56874608e+02   1.43870721e-02
   3.56875096e+02   1.62406545e-02
   3.56875585e+02   1.61608905e-02
   3.56876073e+02   1.52311614e-02
   3.56876561e+02   1.20713050e-02
   3.56877050e+02   7.96494726e-03
   3.56877538e+02   8.17634817e-03
   3.56878026e+02   9.92028508e-03
   3.56878515e+02   7.98673276e-03
   3.56879003e+02   5.15684811e-03
   3.56879491e+02   7.49142026e-04
   3.56879980e+02  -1.37830188e-03
   3.56880468e+02   1.11231697e-03
   3.56880956e+02   2.99567543e-03
   3.56881444e+02   1.93931570e-03
   3.56881933e+02   4.66356025e-04
   3.56882421e+02  -1.44822837e-03
   3.56882909e+02  -1.41493755e-03
   3.56883398e+02  -3.42855550e-04
   3.56883886e+02  -1.86470617e-03
   3.56884374e+02  -2.36562989e-03
   3.56884863e+02  -1.21709774e-03
   3.56885351e+02  -7.82452524e-04
   3.56885839e+02   5.56944055e-04
   3.56886328e+02   1.63910526e-03
   3.56886816e+02   8.58504558e-04
   3.56887304e+02   2.75852391e-04
   3.56887793e+02  -3.62396444e-04
   3.56888281e+02  -5.72325545e-04
   3.56888769e+02   3.26833251e-04
   3.56889257e+02   1.42074411e-03
   3.56889746e+02   1.28384423e-03
   3.56890234e+02   4.25487902e-04
   3.56890722e+02   1.88947876e-03
   3.56891211e+02   3.78207793e-03
   3.56891699e+02   3.03476048e-03
   3.56892187e+02   1.77832891e-03
   3.56892676e+02   1.19165634e-03
   3.56893164e+02   5.05254255e-04
   3.56893652e+02  -7.36833899e-04
   3.56894141e+02  -2.35430105e-03
   3.56894629e+02  -2.01581046e-03
   3.56895117e+02   1.64172775e-03
   3.56895605e+02   3.97302536e-03
   3.56896094e+02   1.48638780e-03
   3.56896582e+02  -5.22316201e-04
   3.56897070e+02   2.09787817e-04
   3.56897559e+02   1.36324042e-03
   3.56898047e+02   1.62823719e-03
   3.56898535e+02   2.02298211e-03
   3.56899024e+02   3.26695782e-03
   3.56899512e+02   4.20593005e-03
   3.56900000e+02   1.85095647e-03
   3.56900489e+02  -1.75641221e-03
   3.56900977e+02  -1.88652799e-03
   3.56901465e+02  -3.57153767e-04
   3.56901953e+02  -1.02556637e-03
   3.56902442e+02  -2.55341153e-03
   3.56902930e+02  -1.89481955e-03
   3.56903418e+02  -1.35726156e-03
   3.56903907e+02  -2.12687743e-03
   3.56904395e+02  -3.84117709e-03
   3.56904883e+02  -5.54219261e-03
   3.56905372e+02  -4.82851686e-03
   3.56905860e+02  -6.53581170e-04
   3.56906348e+02   3.67114064e-03
   3.56906837e+02   4.29455517e-03
   3.56907325e+02   1.46953051e-03
   3.56907813e+02  -1.95297319e-03
   3.56908301e+02  -2.01640488e-03
   3.56908790e+02   4.04039893e-04
   3.56909278e+02   5.23841445e-05
   3.56909766e+02  -1.05098856e-03
   3.56910255e+02  -7.32707966e-04
   3.56910743e+02  -7.23281351e-04
   3.56911231e+02   2.98008468e-04
   3.56911720e+02   8.46063951e-04
   3.56912208e+02   1.03265885e-03
   3.56912696e+02   1.86138193e-03
   3.56913185e+02   1.21791009e-03
   3.56913673e+02   1.68265076e-04
   3.56914161e+02   7.10159831e-04
   3.56914649e+02   2.85088364e-03
   3.56915138e+02   3.51089681e-03
   3.56915626e+02   2.97457352e-03
   3.56916114e+02   2.41181208e-03
   3.56916603e+02   6.40247075e-04
   3.56917091e+02  -1.19969784e-03
   3.56917579e+02  -7.05103681e-04
   3.56918068e+02   1.28635683e-03
   3.56918556e+02   7.85530312e-04
   3.56919044e+02   3.69336340e-04
   3.56919533e+02   3.10983066e-03
   3.56920021e+02   4.40234877e-03
   3.56920509e+02   4.43012966e-03
   3.56920997e+02   3.65191652e-03
   3.56921486e+02   7.66535173e-04
   3.56921974e+02  -6.32990632e-05
   3.56922462e+02   2.11218395e-03
   3.56922951e+02   1.52516237e-03
   3.56923439e+02  -2.36278074e-03
   3.56923927e+02  -2.34201644e-03
   3.56924416e+02   1.70576491e-03
   3.56924904e+02   2.56116060e-03
   3.56925392e+02   3.02684697e-04
   3.56925881e+02   1.19492121e-03
   3.56926369e+02   2.89111864e-03
   3.56926857e+02   1.44693104e-03
   3.56927346e+02   5.02928393e-04
   3.56927834e+02   9.64694846e-05
   3.56928322e+02  -4.22502839e-04
   3.56928810e+02   4.70743107e-04
   3.56929299e+02   5.96186670e-04
   3.56929787e+02   2.12867348e-03
   3.56930275e+02   3.90389678e-03
   3.56930764e+02   2.43296567e-03
   3.56931252e+02   1.76000653e-03
   3.56931740e+02   1.85704231e-03
   3.56932229e+02   2.32408429e-03
   3.56932717e+02   5.35645103e-03
   3.56933205e+02   4.03809035e-03
   3.56933694e+02  -1.22898142e-03
   3.56934182e+02  -2.09818035e-03
   3.56934670e+02  -1.54908851e-03
   3.56935158e+02  -1.60931237e-03
   3.56935647e+02  -7.36503338e-04
   3.56936135e+02  -2.70398101e-03
   3.56936623e+02  -4.22309572e-03
   3.56937112e+02  -1.47030829e-03
   3.56937600e+02   4.03781800e-04
   3.56938088e+02   4.33597917e-04
   3.56938577e+02   2.22873641e-03
   3.56939065e+02   3.03457445e-03
   3.56939553e+02   1.80134200e-03
   3.56940042e+02   1.65764464e-03
   3.56940530e+02   2.62207817e-03
   3.56941018e+02   2.79820664e-03
   3.56941506e+02   2.58693914e-03
   3.56941995e+02   2.47489731e-03
   3.56942483e+02   4.15951974e-04
   3.56942971e+02  -2.21548788e-03
   3.56943460e+02  -3.56934313e-03
   3.56943948e+02  -2.58935522e-03
   3.56944436e+02  -2.23864452e-04
   3.56944925e+02   1.79311063e-03
   3.56945413e+02   3.34305782e-03
   3.56945901e+02   4.74668108e-03
   3.56946390e+02   5.40319458e-03
   3.56946878e+02   4.82741604e-03
   3.56947366e+02   2.29282700e-03
   3.56947854e+02   4.16878983e-03
   3.56948343e+02   6.51415205e-03
   3.56948831e+02   1.01176519e-02
   3.56949319e+02   1.31310299e-02
   3.56949808e+02   1.50860455e-02
   3.56950296e+02   1.57283824e-02
   3.56950784e+02   1.47666177e-02
   3.56951273e+02   1.52265588e-02
   3.56951761e+02   1.49494670e-02
   3.56952249e+02   1.22531550e-02
   3.56952738e+02   9.68569145e-03
   3.56953226e+02   7.28942640e-03
   3.56953714e+02   7.30168493e-03
   3.56954202e+02   5.19378064e-03
   3.56954691e+02   2.18255841e-03
   3.56955179e+02   1.68236007e-03
   3.56955667e+02   2.50314758e-03
   3.56956156e+02   3.88674112e-03
   3.56956644e+02   3.23095242e-03
   3.56957132e+02   2.88844990e-06
   3.56957621e+02  -1.39017124e-03
   3.56958109e+02  -5.05236443e-04
   3.56958597e+02  -1.16172154e-03
   3.56959086e+02  -2.64893728e-03
   3.56959574e+02  -2.29006540e-03
   3.56960062e+02  -6.87251741e-04
   3.56960550e+02   3.78765471e-05
   3.56961039e+02   1.80263689e-03
   3.56961527e+02   2.79120781e-04
   3.56962015e+02  -3.36372014e-03
   3.56962504e+02  -3.64764663e-03
   3.56962992e+02  -3.33268777e-03
   3.56963480e+02  -3.66134266e-03
   3.56963969e+02  -1.36227952e-03
   3.56964457e+02   2.69063120e-03
   3.56964945e+02   3.69358365e-03
   3.56965434e+02   2.41721468e-03
   3.56965922e+02  -8.08206794e-04
   3.56966410e+02  -3.20800650e-03
   3.56966899e+02  -1.34627870e-03
   3.56967387e+02   1.73298526e-03
   3.56967875e+02   2.46927771e-03
   3.56968363e+02   1.05090870e-03
   3.56968852e+02  -1.73902896e-04
   3.56969340e+02  -1.78451446e-04
   3.56969828e+02   5.11790393e-04
   3.56970317e+02  -6.05952635e-04
   3.56970805e+02  -3.20556108e-03
   3.56971293e+02  -3.66975530e-03
   3.56971782e+02  -3.04476614e-03
   3.56972270e+02  -3.71182500e-03
   3.56972758e+02  -3.85474996e-03
   3.56973247e+02  -1.93690334e-03
   3.56973735e+02   1.08243476e-04
   3.56974223e+02   1.55712245e-04
   3.56974711e+02  -3.18301572e-05
   3.56975200e+02   1.74360664e-03
   3.56975688e+02   2.44141230e-03
   3.56976176e+02   5.02440322e-04
   3.56976665e+02  -1.93181564e-03
   3.56977153e+02  -1.81920175e-03
   3.56977641e+02   2.73962389e-04
   3.56978130e+02   1.89281348e-03
   3.56978618e+02   7.90340477e-04
   3.56979106e+02  -1.79083401e-03
   3.56979595e+02  -2.76439684e-03
   3.56980083e+02  -2.67265760e-03
   3.56980571e+02  -2.42211018e-03
   3.56981059e+02  -2.61518033e-03
   3.56981548e+02  -2.21612072e-03
   3.56982036e+02   1.16192379e-04
   3.56982524e+02   7.88753445e-04
   3.56983013e+02  -2.87748524e-04
   3.56983501e+02   1.14547307e-04
   3.56983989e+02   1.21503917e-03
   3.56984478e+02   1.61812140e-03
   3.56984966e+02   2.63322727e-03
   3.56985454e+02   1.59888912e-03
   3.56985943e+02  -2.80967238e-03
   3.56986431e+02  -5.54673327e-03
   3.56986919e+02  -4.64508589e-03
   3.56987407e+02  -2.87058507e-03
   3.56987896e+02  -5.62969304e-04
   3.56988384e+02   1.81656610e-03
   3.56988872e+02   1.79888296e-03
   3.56989361e+02   4.19594609e-04
   3.56989849e+02   1.48439649e-04
   3.56990337e+02   1.56928448e-03
   3.56990826e+02   2.55667930e-03
   3.56991314e+02   2.21103267e-03
   3.56991802e+02   2.79031927e-03
   3.56992291e+02   1.85652066e-03
   3.56992779e+02   1.87930826e-04
   3.56993267e+02   6.35585689e-04
   3.56993755e+02   1.26204989e-03
   3.56994244e+02   1.71638816e-03
   3.56994732e+02   2.15894333e-03
   3.56995220e+02   1.29685877e-03
   3.56995709e+02   1.77723821e-03
   3.56996197e+02   2.46622320e-03
   3.56996685e+02   3.28629831e-05
   3.56997174e+02  -2.21535936e-03
   3.56997662e+02  -4.44206264e-04
   3.56998150e+02   1.87220646e-03
   3.56998639e+02  -1.19409953e-04
   3.56999127e+02  -2.61145877e-03
   3.56999615e+02  -2.28836876e-03
   3.57000103e+02  -1.71685044e-03
   3.57000592e+02  -3.39494582e-05
   3.57001080e+02   5.99492225e-04
   3.57001568e+02  -1.41624350e-03
   3.57002057e+02  -2.32913438e-03
   3.57002545e+02  -4.55588684e-04
   3.57003033e+02   1.81289576e-03
   3.57003522e+02   2.71295919e-03
   3.57004010e+02   1.83259195e-03
   3.57004498e+02   1.70679681e-03
   3.57004987e+02   2.43533333e-03
   3.57005475e+02   2.32462262e-04
   3.57005963e+02  -1.70250284e-03
   3.57006451e+02  -1.40679674e-03
   3.57006940e+02  -2.75966316e-03
   3.57007428e+02  -2.89164740e-03
   3.57007916e+02  -5.04814845e-04
   3.57008405e+02  -1.03457052e-04
   3.57008893e+02  -1.83344155e-03
   3.57009381e+02  -1.46698114e-03
   3.57009870e+02  -1.65874080e-04
   3.57010358e+02  -8.57862527e-04
   3.57010846e+02  -3.35184019e-03
   3.57011335e+02  -5.28069539e-03
   3.57011823e+02  -3.32026742e-03
   3.57012311e+02   5.82879351e-04
   3.57012800e+02   2.33858475e-03
   3.57013288e+02   8.24798248e-04
   3.57013776e+02  -2.66102987e-04
   3.57014264e+02   1.10861566e-03
   3.57014753e+02   2.01837000e-04
   3.57015241e+02  -2.22880743e-03
   3.57015729e+02  -2.14269827e-03
   3.57016218e+02  -2.18633050e-03
   3.57016706e+02  -2.37845536e-03
   3.57017194e+02  -1.90886040e-03
   3.57017683e+02  -1.70002051e-03
   3.57018171e+02   4.87292418e-04
   3.57018659e+02   3.36591573e-03
   3.57019148e+02   2.36228784e-03
   3.57019636e+02  -3.21694184e-04
   3.57020124e+02  -2.71097175e-03
   3.57020612e+02  -5.80572197e-03
   3.57021101e+02  -7.51233706e-03
   3.57021589e+02  -7.15722144e-03
   3.57022077e+02  -5.14859846e-03
   3.57022566e+02  -2.52905255e-03
   3.57023054e+02  -1.00473361e-03
   3.57023542e+02  -3.67433066e-04
   3.57024031e+02   1.18122654e-04
   3.57024519e+02   1.80867486e-04
   3.57025007e+02  -5.38459804e-04
   3.57025496e+02  -1.17621769e-03
   3.57025984e+02   3.41157807e-04
   3.57026472e+02   2.26206938e-03
   3.57026960e+02   2.17101397e-03
   3.57027449e+02   2.14709877e-03
   3.57027937e+02   7.18881201e-04
   3.57028425e+02  -1.49106467e-03
   3.57028914e+02  -1.93410541e-03
   3.57029402e+02  -1.09369401e-03
   3.57029890e+02  -1.17436680e-03
   3.57030379e+02  -2.99674924e-03
   3.57030867e+02  -2.68866634e-03
   3.57031355e+02  -2.92082666e-03
   3.57031844e+02  -5.24657965e-03
   3.57032332e+02  -4.70261462e-03
   3.57032820e+02  -1.26236991e-03
   3.57033308e+02  -4.63721401e-04
   3.57033797e+02  -1.38879661e-03
   3.57034285e+02   8.79228697e-04
   3.57034773e+02   2.74958345e-03
   3.57035262e+02   2.26161210e-03
   3.57035750e+02   1.55315129e-03
   3.57036238e+02   9.23074142e-04
   3.57036727e+02   8.84646608e-04
   3.57037215e+02   7.55909306e-04
   3.57037703e+02  -8.38176566e-05
   3.57038192e+02  -1.40155305e-03
   3.57038680e+02  -2.02654442e-03
   3.57039168e+02  -1.70385744e-03
   3.57039656e+02  -7.32243585e-04
   3.57040145e+02  -3.46337532e-04
   3.57040633e+02  -2.42411462e-03
   3.57041121e+02  -4.85051749e-03
   3.57041610e+02  -4.89748409e-03
   3.57042098e+02  -4.44820244e-03
   3.57042586e+02  -5.64975478e-03
   3.57043075e+02  -6.59676595e-03
   3.57043563e+02  -4.05573566e-03
   3.57044051e+02  -1.74409267e-03
   3.57044540e+02  -1.29183114e-03
   3.57045028e+02  -1.63434178e-03
   3.57045516e+02  -2.65909988e-03
   3.57046004e+02  -2.89738574e-03
   3.57046493e+02  -3.85679887e-03
   3.57046981e+02  -3.64326709e-03
   3.57047469e+02  -1.23754656e-03
   3.57047958e+02  -1.33238093e-04
   3.57048446e+02   9.12813193e-05
   3.57048934e+02   9.46670596e-04
   3.57049423e+02   8.22856906e-04
   3.57049911e+02  -6.93234266e-04
   3.57050399e+02  -2.67225690e-03
   3.57050888e+02  -1.86612306e-03
   3.57051376e+02   1.25799363e-03
   3.57051864e+02   3.42957047e-03
   3.57052353e+02   4.30568308e-03
   3.57052841e+02   1.58798287e-03
   3.57053329e+02  -1.51403702e-03
   3.57053817e+02  -7.68132391e-04
   3.57054306e+02   6.35902281e-04
   3.57054794e+02   2.21859408e-03
   3.57055282e+02   2.15452514e-03
   3.57055771e+02  -7.90007121e-04
   3.57056259e+02  -1.95566658e-03
   3.57056747e+02   8.26649251e-04
   3.57057236e+02   4.46734391e-03
   3.57057724e+02   3.58815352e-03
   3.57058212e+02  -2.09809165e-04
   3.57058701e+02  -1.06539123e-03
   3.57059189e+02  -3.81141581e-04
   3.57059677e+02  -3.38086771e-04
   3.57060165e+02   4.98159206e-04
   3.57060654e+02   5.79347427e-04
   3.57061142e+02  -3.33824166e-04
   3.57061630e+02  -4.32071014e-04
   3.57062119e+02  -6.84258121e-04
   3.57062607e+02  -8.10013211e-04
   3.57063095e+02   4.09084860e-05
   3.57063584e+02  -1.02649276e-04
   3.57064072e+02  -3.90782516e-04
   3.57064560e+02   1.58232939e-03
   3.57065049e+02   3.45543772e-03
   3.57065537e+02   3.17639159e-03
   3.57066025e+02   1.19453552e-03
   3.57066513e+02  -1.64687727e-03
   3.57067002e+02  -2.66016787e-03
   3.57067490e+02  -7.44441932e-04
   3.57067978e+02  -1.38379063e-03
   3.57068467e+02  -2.93952134e-03
   3.57068955e+02  -1.51327415e-03
   3.57069443e+02  -7.63410877e-04
   3.57069932e+02  -3.26528726e-03
   3.57070420e+02  -5.26858494e-03
   3.57070908e+02  -3.46172205e-03
   3.57071397e+02   1.06279552e-03
   3.57071885e+02   4.08350024e-03
   3.57072373e+02   3.84727283e-03
   3.57072861e+02   2.78059975e-03
   3.57073350e+02   1.19045132e-03
   3.57073838e+02  -7.62902346e-05
   3.57074326e+02   2.89595082e-05
   3.57074815e+02   1.24439481e-03
   3.57075303e+02   2.15780176e-03
   3.57075791e+02  -1.71557476e-04
   3.57076280e+02  -1.95093721e-03
   3.57076768e+02  -2.03903532e-03
   3.57077256e+02  -9.99572338e-04
   3.57077745e+02   3.32339143e-04
   3.57078233e+02   1.01786386e-03
   3.57078721e+02  -5.88336785e-04
   3.57079209e+02  -2.63516838e-03
   3.57079698e+02  -3.66415270e-03
   3.57080186e+02  -3.15690483e-03
   3.57080674e+02  -2.08707433e-03
   3.57081163e+02   2.64354348e-05
   3.57081651e+02   2.51251203e-03
   3.57082139e+02   2.46629887e-03
   3.57082628e+02   1.93015195e-03
   3.57083116e+02   2.58862064e-03
   3.57083604e+02   1.82237313e-03
   3.57084093e+02  -1.23552827e-03
   3.57084581e+02  -1.76684395e-03
   3.57085069e+02   1.54281704e-04
   3.57085557e+02   2.81164568e-04
   3.57086046e+02  -3.01534164e-04
   3.57086534e+02  -1.62252772e-03
   3.57087022e+02  -2.86534266e-03
   3.57087511e+02  -3.47132422e-03
   3.57087999e+02  -4.91581485e-03
   3.57088487e+02  -2.40669213e-03
   3.57088976e+02   1.87620660e-03
   3.57089464e+02   1.43534946e-03
   3.57089952e+02  -3.23060929e-04
   3.57090441e+02  -1.88107183e-03
   3.57090929e+02  -3.03733558e-03
   3.57091417e+02  -1.43737963e-03
   3.57091906e+02   2.11843220e-03
   3.57092394e+02   5.12298103e-03
   3.57092882e+02   5.52991172e-03
   3.57093370e+02   4.74770740e-03
   3.57093859e+02   6.33077556e-03
   3.57094347e+02   1.08022280e-02
   3.57094835e+02   1.16880750e-02
   3.57095324e+02   1.13449562e-02
   3.57095812e+02   1.49574894e-02
   3.57096300e+02   1.92512050e-02
   3.57096789e+02   1.94267053e-02
   3.57097277e+02   1.73162185e-02
   3.57097765e+02   1.57484990e-02
   3.57098254e+02   1.47388829e-02
   3.57098742e+02   1.44192195e-02
   3.57099230e+02   1.18144238e-02
   3.57099718e+02   1.00955507e-02
   3.57100207e+02   7.21092476e-03
   3.57100695e+02   3.78887984e-03
   3.57101183e+02   2.94438563e-03
   3.57101672e+02   3.25519452e-03
   3.57102160e+02   1.96988462e-03
   3.57102648e+02   4.05083483e-05
   3.57103137e+02  -5.50683646e-04
   3.57103625e+02   1.50425441e-03
   3.57104113e+02   2.76288064e-03
   3.57104602e+02   5.60040120e-04
   3.57105090e+02  -1.51608454e-03
   3.57105578e+02  -2.00965558e-03
   3.57106066e+02   4.61455347e-05
   3.57106555e+02   2.32114294e-03
   3.57107043e+02   1.77628279e-03
   3.57107531e+02   6.36877201e-04
   3.57108020e+02   9.26259527e-05
   3.57108508e+02  -1.39847782e-03
   3.57108996e+02  -2.08246452e-03
   3.57109485e+02  -7.63486722e-04
   3.57109973e+02  -1.93659228e-03
   3.57110461e+02  -3.04179289e-03
   3.57110950e+02  -2.15721526e-03
   3.57111438e+02  -1.81393325e-03
   3.57111926e+02  -2.49672798e-03
   3.57112414e+02  -3.24013294e-03
   3.57112903e+02  -2.96075759e-03
   3.57113391e+02  -2.09893333e-03
   3.57113879e+02  -1.60953717e-03
   3.57114368e+02  -1.45172293e-03
   3.57114856e+02  -1.43721700e-03
   3.57115344e+02  -3.03220609e-03
   3.57115833e+02  -3.39807570e-03
   3.57116321e+02  -1.07684778e-03
   3.57116809e+02   1.23082064e-04
   3.57117298e+02   3.69636284e-04
   3.57117786e+02   2.30496190e-03
   3.57118274e+02   4.16057557e-03
   3.57118762e+02   2.95201992e-03
   3.57119251e+02   9.61792306e-04
   3.57119739e+02   1.77713064e-03
   3.57120227e+02   2.67515751e-03
   3.57120716e+02   1.77407509e-03
   3.57121204e+02   1.13897189e-03
   3.57121692e+02   1.52216805e-03
   3.57122181e+02   1.67888426e-03
   3.57122669e+02   9.37754405e-04
   3.57123157e+02   9.58032382e-04
   3.57123646e+02  -2.76575447e-04
   3.57124134e+02  -8.74685240e-04
   3.57124622e+02   9.45901964e-04
   3.57125110e+02   7.38531235e-04
   3.57125599e+02   9.01434571e-04
   3.57126087e+02   1.51239673e-03
   3.57126575e+02   5.04327705e-04
   3.57127064e+02   1.04133222e-04
   3.57127552e+02  -5.87705581e-04
   3.57128040e+02  -1.37951947e-03
   3.57128529e+02  -1.38088490e-03
   3.57129017e+02  -4.72497602e-04
   3.57129505e+02  -3.68536974e-04
   3.57129994e+02  -2.10948451e-03
   3.57130482e+02  -2.34891847e-03
   3.57130970e+02  -1.25087472e-03
   3.57131459e+02  -8.02715251e-04
   3.57131947e+02  -6.34791795e-04
   3.57132435e+02   1.34210510e-04
   3.57132923e+02   1.65267836e-03
   3.57133412e+02   1.00317085e-03
   3.57133900e+02  -5.26903488e-04
   3.57134388e+02  -1.17330486e-03
   3.57134877e+02  -1.17195642e-03
   3.57135365e+02  -1.75086805e-03
   3.57135853e+02  -2.50920258e-03
   3.57136342e+02  -7.92007369e-04
   3.57136830e+02   1.76975597e-03
   3.57137318e+02   1.32128748e-03
   3.57137807e+02   2.94722966e-04
   3.57138295e+02  -6.84337065e-05
   3.57138783e+02   7.54877037e-05
   3.57139271e+02   1.00229844e-03
   3.57139760e+02   1.77262991e-03
   3.57140248e+02   2.23964965e-03
   3.57140736e+02   2.20618304e-03
   3.57141225e+02   1.33459049e-03
   3.57141713e+02   2.12300103e-03
   3.57142201e+02   4.56068572e-03
   3.57142690e+02   3.92195443e-03
   3.57143178e+02   1.09511602e-03
   3.57143666e+02  -2.33048899e-03
   3.57144155e+02  -4.45534615e-03
   3.57144643e+02  -3.31250229e-03
   3.57145131e+02  -2.40183808e-03
   3.57145619e+02  -2.25245138e-03
   3.57146108e+02  -1.37753005e-03
   3.57146596e+02   2.39163110e-05
   3.57147084e+02   1.03260786e-03
   3.57147573e+02   1.37726869e-03
   3.57148061e+02   1.90172030e-03
   3.57148549e+02   3.41845490e-03
   3.57149038e+02   5.50392875e-03
   3.57149526e+02   4.16463986e-03
   3.57150014e+02   4.73393506e-04
   3.57150503e+02  -2.25639829e-04
   3.57150991e+02   1.17525051e-03
   3.57151479e+02   1.78308925e-03
   3.57151967e+02   1.28244353e-03
   3.57152456e+02  -3.14737641e-04
   3.57152944e+02  -6.23305736e-04
   3.57153432e+02  -9.72155307e-04
   3.57153921e+02  -1.20320159e-03
   3.57154409e+02   4.32765773e-05
   3.57154897e+02   3.47658223e-03
   3.57155386e+02   6.79180725e-03
   3.57155874e+02   5.49383694e-03
   3.57156362e+02   2.14587827e-03
   3.57156851e+02   8.85374844e-04
   3.57157339e+02   5.01907023e-04
   3.57157827e+02  -1.45520759e-03
   3.57158315e+02  -3.84783698e-03
   3.57158804e+02  -4.12235921e-03
   3.57159292e+02  -3.05076246e-03
   3.57159780e+02  -1.41237967e-03
   3.57160269e+02   3.88505665e-04
   3.57160757e+02   2.56236759e-03
   3.57161245e+02   4.54853568e-03
   3.57161734e+02   4.38279612e-03
   3.57162222e+02   4.59996751e-03
   3.57162710e+02   4.63836594e-03
   3.57163199e+02  -2.04298805e-04
   3.57163687e+02  -4.94918320e-03
   3.57164175e+02  -4.62120678e-03
   3.57164663e+02  -2.46938760e-03
   3.57165152e+02   2.90402444e-04
   3.57165640e+02   2.98648258e-03
   3.57166128e+02   2.82388786e-03
   3.57166617e+02   3.27844243e-03
   3.57167105e+02   2.86511355e-03
   3.57167593e+02  -2.15411696e-04
   3.57168082e+02  -2.02133146e-04
   3.57168570e+02   2.56900233e-03
   3.57169058e+02   3.14256852e-03
   3.57169547e+02   5.91316959e-04
   3.57170035e+02  -2.14691670e-03
   3.57170523e+02  -5.41774672e-04
   3.57171012e+02   2.41907244e-03
   3.57171500e+02   2.84435740e-03
   3.57171988e+02   4.29180497e-03
   3.57172476e+02   4.84118564e-03
   3.57172965e+02   2.55829189e-03
   3.57173453e+02   4.19506687e-04
   3.57173941e+02  -2.45183212e-04
   3.57174430e+02   1.39502960e-03
   3.57174918e+02   2.76016723e-03
   3.57175406e+02   2.83807120e-03
   3.57175895e+02   2.34136847e-03
   3.57176383e+02   1.42352667e-03
   3.57176871e+02   8.80757230e-04
   3.57177360e+02   1.57400931e-03
   3.57177848e+02   1.39959075e-03
   3.57178336e+02   3.22524458e-04
   3.57178824e+02   2.57270481e-03
   3.57179313e+02   3.15975747e-03
   3.57179801e+02  -4.33690904e-04
   3.57180289e+02  -1.04687095e-03
   3.57180778e+02  -4.44803009e-04
   3.57181266e+02  -1.61005638e-03
   3.57181754e+02  -1.10445777e-03
   3.57182243e+02  -1.05706672e-03
   3.57182731e+02  -2.29025539e-03
   3.57183219e+02  -2.24757893e-03
   3.57183708e+02  -1.25621248e-03
   3.57184196e+02  -1.09598669e-03
   3.57184684e+02   3.68787965e-04
   3.57185172e+02   3.00408597e-03
   3.57185661e+02   3.38011608e-03
   3.57186149e+02   8.98092578e-04
   3.57186637e+02  -2.33335141e-03
   3.57187126e+02  -3.90711147e-03
   3.57187614e+02  -2.25615338e-03
   3.57188102e+02  -1.05531115e-04
   3.57188591e+02  -6.47915876e-04
   3.57189079e+02  -2.47229170e-03
   3.57189567e+02  -2.47475225e-03
   3.57190056e+02  -1.63663027e-03
   3.57190544e+02  -1.25266437e-03
   3.57191032e+02  -9.77380667e-04
   3.57191520e+02  -2.02931650e-03
   3.57192009e+02  -2.51302449e-03
   3.57192497e+02  -1.03888742e-03
   3.57192985e+02   3.14470520e-03
   3.57193474e+02   3.56532796e-03
   3.57193962e+02   1.08592643e-03
   3.57194450e+02  -1.01777667e-03
   3.57194939e+02  -2.36952468e-03
   3.57195427e+02  -7.89835525e-04
   3.57195915e+02   1.99589436e-03
   3.57196404e+02   4.47439408e-04
   3.57196892e+02  -2.83234008e-03
   3.57197380e+02  -3.40139819e-03
   3.57197868e+02  -1.23981887e-03
   3.57198357e+02   2.30404083e-03
   3.57198845e+02   2.47455831e-03
   3.57199333e+02   1.99251017e-03
   3.57199822e+02   2.21940223e-03
   3.57200310e+02   7.09869608e-04
   3.57200798e+02   9.66198975e-04
   3.57201287e+02   3.04208929e-03
   3.57201775e+02   2.20907573e-03
   3.57202263e+02   5.62873087e-04
   3.57202752e+02   2.15208041e-03
   3.57203240e+02   3.42187053e-03
   3.57203728e+02  -1.42410718e-04
   3.57204216e+02  -3.46357725e-03
   3.57204705e+02  -2.54600309e-03
   3.57205193e+02   2.33363942e-04
   3.57205681e+02   8.82686349e-04
   3.57206170e+02  -5.19869558e-04
   3.57206658e+02   1.99878978e-05
   3.57207146e+02   2.02441425e-03
   3.57207635e+02   9.01066407e-04
   3.57208123e+02  -1.35510368e-03
   3.57208611e+02  -1.06295501e-03
   3.57209100e+02   4.67245627e-05
   3.57209588e+02   6.77863543e-04
   3.57210076e+02   5.05915610e-04
   3.57210565e+02  -1.37924158e-03
   3.57211053e+02  -2.64215656e-03
   3.57211541e+02  -1.26393198e-03
   3.57212029e+02   1.12984038e-03
   3.57212518e+02   2.80489004e-03
   3.57213006e+02   2.13902164e-03
   3.57213494e+02  -3.13532160e-04
   3.57213983e+02  -8.82822787e-04
   3.57214471e+02   9.62195278e-04
   3.57214959e+02   3.58331134e-03
   3.57215448e+02   3.63868801e-03
   3.57215936e+02   2.01989882e-04
   3.57216424e+02  -2.11508269e-03
   3.57216913e+02  -1.69592502e-03
   3.57217401e+02  -9.64461244e-04
   3.57217889e+02  -2.04558764e-03
   3.57218377e+02  -3.77276749e-03
   3.57218866e+02  -1.95515924e-03
   3.57219354e+02   7.72991858e-04
   3.57219842e+02   8.95903722e-05
   3.57220331e+02  -1.04340818e-03
   3.57220819e+02  -2.22455850e-03
   3.57221307e+02  -3.30848712e-03
   3.57221796e+02  -9.34607175e-04
   3.57222284e+02   1.10145682e-03
   3.57222772e+02  -1.81861280e-04
   3.57223261e+02  -7.72635394e-04
   3.57223749e+02  -1.12941046e-03
   3.57224237e+02  -1.87294185e-03
   3.57224725e+02  -2.43319198e-03
   3.57225214e+02  -1.54896232e-03
   3.57225702e+02   1.34910946e-03
   3.57226190e+02   1.76657678e-03
   3.57226679e+02   1.20432727e-04
   3.57227167e+02   8.81708111e-04
   3.57227655e+02   2.86458340e-03
   3.57228144e+02   2.21491768e-03
   3.57228632e+02   1.47556175e-05
   3.57229120e+02  -3.00091197e-04
   3.57229609e+02   1.87518052e-03
   3.57230097e+02   2.05819681e-03
   3.57230585e+02   7.66159850e-04
   3.57231073e+02   1.30388117e-03
   3.57231562e+02   1.48457475e-03
   3.57232050e+02   7.12146517e-04
   3.57232538e+02   7.27554201e-04
   3.57233027e+02   1.51281490e-03
   3.57233515e+02   1.58196641e-03
   3.57234003e+02   7.79452443e-04
   3.57234492e+02   1.94303726e-03
   3.57234980e+02   3.55676096e-03
   3.57235468e+02   2.77740369e-03
   3.57235957e+02   1.46573561e-03
   3.57236445e+02   1.72929955e-03
   3.57236933e+02   2.46228301e-03
   3.57237421e+02   1.71124283e-03
   3.57237910e+02   8.85633286e-04
   3.57238398e+02   1.01296441e-03
   3.57238886e+02   1.46804214e-03
   3.57239375e+02   9.15299112e-04
   3.57239863e+02  -1.21365621e-04
   3.57240351e+02  -2.99792882e-04
   3.57240840e+02  -2.15628697e-03
   3.57241328e+02  -3.74696450e-03
   3.57241816e+02  -2.32050894e-03
   3.57242305e+02  -2.47518299e-04
   3.57242793e+02   1.13421422e-03
   3.57243281e+02   1.17937534e-03
   3.57243769e+02   7.57971313e-04
   3.57244258e+02   8.76050792e-04
   3.57244746e+02  -5.04069147e-04
   3.57245234e+02  -1.87300274e-03
   3.57245723e+02   6.33264790e-05
   3.57246211e+02   1.43805461e-03
   3.57246699e+02   2.60744040e-04
   3.57247188e+02  -3.11348675e-04
   3.57247676e+02  -2.64579256e-04
   3.57248164e+02  -1.85459375e-03
   3.57248653e+02  -4.44946112e-03
   3.57249141e+02  -3.15751345e-03
   3.57249629e+02  -5.15955035e-04
   3.57250118e+02  -2.24314921e-04
   3.57250606e+02  -1.31027820e-03
   3.57251094e+02  -3.21351667e-03
   3.57251582e+02  -4.49442398e-03
   3.57252071e+02  -2.13010912e-03
   3.57252559e+02   2.02093460e-03
   3.57253047e+02   2.21905089e-03
   3.57253536e+02   1.80759828e-03
   3.57254024e+02   4.29820269e-03
   3.57254512e+02   2.05352181e-03
   3.57255001e+02  -1.24540215e-03
   3.57255489e+02   1.03569159e-03
   3.57255977e+02   3.35621554e-03
   3.57256466e+02   4.13694768e-04
   3.57256954e+02  -2.47124699e-03
   3.57257442e+02  -1.63043372e-03
   3.57257930e+02   2.38318986e-04
   3.57258419e+02   2.42645806e-03
   3.57258907e+02   2.60812417e-03
   3.57259395e+02   1.07617339e-03
   3.57259884e+02   1.68514729e-03
   3.57260372e+02   1.36929867e-03
   3.57260860e+02  -1.79952243e-03
   3.57261349e+02  -2.39531719e-03
   3.57261837e+02   4.87874087e-04
   3.57262325e+02   2.42033787e-03
   3.57262814e+02   9.69389628e-04
   3.57263302e+02  -1.78013428e-03
   3.57263790e+02  -2.32475623e-03
   3.57264278e+02  -4.60431067e-04
   3.57264767e+02   8.86523048e-04
   3.57265255e+02  -5.58962114e-04
   3.57265743e+02  -1.87236874e-03
   3.57266232e+02  -2.66853347e-03
   3.57266720e+02  -2.56106467e-03
   3.57267208e+02  -9.07883106e-04
   3.57267697e+02  -1.77876488e-03
   3.57268185e+02  -2.31627608e-03
   3.57268673e+02   8.61780136e-04
   3.57269162e+02   2.51035346e-03
   3.57269650e+02   6.57782715e-04
   3.57270138e+02  -2.00182316e-03
   3.57270626e+02  -2.48859357e-03
   3.57271115e+02  -3.93521535e-04
   3.57271603e+02   1.66943891e-03
   3.57272091e+02   4.13790718e-03
   3.57272580e+02   4.69229603e-03
   3.57273068e+02   1.06615736e-03
   3.57273556e+02  -2.17659655e-03
   3.57274045e+02  -1.89984438e-03
   3.57274533e+02   3.52594303e-04
   3.57275021e+02   1.91012095e-03
   3.57275510e+02   4.70352918e-03
   3.57275998e+02   4.97078756e-03
   3.57276486e+02   6.07565162e-04
   3.57276974e+02  -1.66448485e-03
   3.57277463e+02  -1.57524087e-03
   3.57277951e+02  -1.47648319e-03
   3.57278439e+02   9.79415490e-04
   3.57278928e+02   2.98854127e-03
   3.57279416e+02   9.64435341e-04
   3.57279904e+02  -3.49030085e-03
   3.57280393e+02  -5.08625247e-03
   3.57280881e+02  -2.07968778e-03
   3.57281369e+02   1.54107402e-03
   3.57281858e+02   2.05376395e-03
   3.57282346e+02  -2.21159484e-04
   3.57282834e+02  -1.99675187e-03
   3.57283322e+02  -2.02859147e-03
   3.57283811e+02  -1.08319824e-03
   3.57284299e+02   2.77224171e-04
   3.57284787e+02   2.21304293e-03
   3.57285276e+02   3.48110870e-03
   3.57285764e+02   4.24337899e-03
   3.57286252e+02   6.35096338e-03
   3.57286741e+02   7.43344054e-03
   3.57287229e+02   6.42797677e-03
   3.57287717e+02   7.78107159e-03
   3.57288206e+02   9.38794948e-03
   3.57288694e+02   1.25704696e-02
   3.57289182e+02   1.49905179e-02
   3.57289671e+02   1.55024128e-02
   3.57290159e+02   1.74845494e-02
   3.57290647e+02   2.01457012e-02
   3.57291135e+02   2.02193819e-02
   3.57291624e+02   1.70582011e-02
   3.57292112e+02   1.27025116e-02
   3.57292600e+02   9.91002470e-03
   3.57293089e+02   1.09127397e-02
   3.57293577e+02   1.06690284e-02
   3.57294065e+02   7.96021800e-03
   3.57294554e+02   5.11548808e-03
   3.57295042e+02   2.75327242e-03
   3.57295530e+02  -6.48525020e-04
   3.57296019e+02  -1.88058079e-03
   3.57296507e+02  -7.03928876e-04
   3.57296995e+02   2.03473819e-03
   3.57297483e+02   4.52930387e-03
   3.57297972e+02   4.12082253e-03
   3.57298460e+02   3.11285630e-03
   3.57298948e+02   2.66694813e-03
   3.57299437e+02   1.29930896e-03
   3.57299925e+02   1.06752932e-03
   3.57300413e+02   1.59215101e-03
   3.57300902e+02   1.26641314e-03
   3.57301390e+02   7.85395037e-04
   3.57301878e+02   1.39697723e-03
   3.57302367e+02   2.28336058e-03
   3.57302855e+02   2.29597907e-03
   3.57303343e+02   2.01285258e-03
   3.57303831e+02   2.29858779e-04
   3.57304320e+02  -2.02267873e-03
   3.57304808e+02  -2.83679902e-03
   3.57305296e+02  -1.82026450e-03
   3.57305785e+02   2.38406792e-04
   3.57306273e+02  -3.90755595e-04
   3.57306761e+02  -6.98499905e-04
   3.57307250e+02  -5.97036618e-04
   3.57307738e+02  -8.27923941e-04
   3.57308226e+02  -4.13539470e-04
   3.57308715e+02  -1.45592203e-03
   3.57309203e+02  -1.55628368e-03
   3.57309691e+02  -3.80221056e-04
   3.57310179e+02  -9.63436847e-04
   3.57310668e+02  -1.10798131e-03
   3.57311156e+02   1.04367580e-04
   3.57311644e+02   1.98029634e-03
   3.57312133e+02   1.26747508e-03
   3.57312621e+02   1.86371501e-04
   3.57313109e+02   2.05256836e-03
   3.57313598e+02   3.64158861e-03
   3.57314086e+02   2.42699729e-03
   3.57314574e+02   5.09840494e-04
   3.57315063e+02  -2.45587085e-04
   3.57315551e+02   5.50684999e-05
   3.57316039e+02   2.22806609e-03
   3.57316527e+02   2.85345246e-03
   3.57317016e+02   1.19150011e-03
   3.57317504e+02   1.52524721e-04
   3.57317992e+02  -8.88262119e-04
   3.57318481e+02  -6.81718986e-04
   3.57318969e+02   1.33225275e-03
   3.57319457e+02   1.19776081e-03
   3.57319946e+02   2.02135358e-04
   3.57320434e+02   8.19595298e-04
   3.57320922e+02   1.62787014e-03
   3.57321411e+02   1.16549118e-03
   3.57321899e+02   1.58455630e-03
   3.57322387e+02   3.75584350e-03
   3.57322875e+02   5.09506883e-03
   3.57323364e+02   3.66587075e-03
   3.57323852e+02   2.48392904e-03
   3.57324340e+02   1.48504623e-03
   3.57324829e+02   2.57010775e-04
   3.57325317e+02   4.61568648e-04
   3.57325805e+02   9.81078134e-04
   3.57326294e+02  -7.29552296e-04
   3.57326782e+02  -1.51680107e-03
   3.57327270e+02  -8.15165753e-04
   3.57327759e+02  -2.21675890e-03
   3.57328247e+02  -2.92198057e-03
   3.57328735e+02  -2.71868287e-03
   3.57329224e+02  -1.83382258e-03
   3.57329712e+02  -1.65866819e-04
   3.57330200e+02   1.63909653e-03
   3.57330688e+02   2.55781645e-03
   3.57331177e+02   1.67660450e-03
   3.57331665e+02   8.62837551e-05
   3.57332153e+02  -2.08327686e-03
   3.57332642e+02  -3.31468973e-03
   3.57333130e+02  -2.55327672e-03
   3.57333618e+02  -8.95465084e-04
   3.57334107e+02  -4.44467441e-04
   3.57334595e+02  -1.54587044e-03
   3.57335083e+02  -1.43737928e-03
   3.57335572e+02  -6.03690452e-04
   3.57336060e+02  -4.20975732e-04
   3.57336548e+02   7.78650632e-04
   3.57337036e+02   8.85852962e-04
   3.57337525e+02  -1.86852668e-03
   3.57338013e+02  -4.23762575e-03
   3.57338501e+02  -4.93577123e-03
   3.57338990e+02  -3.17307049e-03
   3.57339478e+02   1.34136737e-03
   3.57339966e+02   4.42271074e-03
   3.57340455e+02   3.58541519e-03
   3.57340943e+02   6.28994429e-04
   3.57341431e+02   4.62198601e-04
   3.57341920e+02   1.68139418e-03
   3.57342408e+02  -1.25368679e-04
   3.57342896e+02  -2.13172263e-03
   3.57343384e+02  -2.08432437e-03
   3.57343873e+02  -9.53134499e-04
   3.57344361e+02   3.30011739e-04
   3.57344849e+02   3.90437053e-04
   3.57345338e+02   8.14986881e-04
   3.57345826e+02   2.02208594e-03
   3.57346314e+02   1.51804357e-03
   3.57346803e+02   1.87309843e-03
   3.57347291e+02   1.25747581e-03
   3.57347779e+02  -2.00841227e-03
   3.57348268e+02  -3.14904726e-03
   3.57348756e+02  -1.72885903e-03
   3.57349244e+02  -1.28943298e-03
   3.57349732e+02  -1.47443730e-03
   3.57350221e+02  -1.21158885e-03
   3.57350709e+02  -2.09873100e-03
   3.57351197e+02  -3.09019629e-03
   3.57351686e+02  -1.63810083e-03
   3.57352174e+02   1.14301271e-04
   3.57352662e+02   1.07362715e-03
   3.57353151e+02   2.09480012e-03
   3.57353639e+02   9.98889911e-04
   3.57354127e+02  -1.54089846e-03
   3.57354616e+02  -2.20492249e-03
   3.57355104e+02   2.15696127e-04
   3.57355592e+02   1.95237214e-03
   3.57356080e+02   1.60374015e-03
   3.57356569e+02   1.30393356e-03
   3.57357057e+02   8.50599026e-04
   3.57357545e+02  -5.12869563e-04
   3.57358034e+02  -1.61380530e-03
   3.57358522e+02  -1.32830790e-03
   3.57359010e+02  -2.14608415e-04
   3.57359499e+02   2.08346266e-03
   3.57359987e+02   3.27148172e-03
   3.57360475e+02   1.77551853e-03
   3.57360964e+02  -3.04508168e-04
   3.57361452e+02  -2.08741589e-03
   3.57361940e+02  -3.08611896e-03
   3.57362428e+02  -3.04860785e-03
   3.57362917e+02  -1.43633946e-03
   3.57363405e+02  -2.04440177e-04
   3.57363893e+02  -1.49126025e-03
   3.57364382e+02  -3.10211885e-03
   3.57364870e+02  -2.00448977e-03
   3.57365358e+02   2.33175629e-03
   3.57365847e+02   4.83019836e-03
   3.57366335e+02   2.26137531e-03
   3.57366823e+02  -4.55491856e-04
   3.57367312e+02   1.31475413e-03
   3.57367800e+02   3.67719377e-03
   3.57368288e+02   3.72749660e-03
   3.57368777e+02   5.27755218e-03
   3.57369265e+02   3.74878175e-03
   3.57369753e+02   2.25221389e-03
   3.57370241e+02   1.62848970e-03
   3.57370730e+02   5.19693887e-04
   3.57371218e+02  -1.16721028e-03
   3.57371706e+02  -3.26910056e-03
   3.57372195e+02  -2.44485401e-03
   3.57372683e+02   2.37002969e-03
   3.57373171e+02   4.53132857e-03
   3.57373660e+02   3.15126707e-03
   3.57374148e+02   3.12425918e-03
   3.57374636e+02   3.28285364e-03
   3.57375125e+02   1.22369267e-03
   3.57375613e+02   2.73428555e-03
   3.57376101e+02   5.85877150e-03
   3.57376589e+02   4.76919068e-03
   3.57377078e+02   1.21928134e-03
   3.57377566e+02   3.79628415e-04
   3.57378054e+02   6.59784256e-03
   3.57378543e+02   1.20361019e-02
   3.57379031e+02   1.26398867e-02
   3.57379519e+02   1.43073928e-02
   3.57380008e+02   1.83517598e-02
   3.57380496e+02   2.05846298e-02
   3.57380984e+02   1.89720392e-02
   3.57381473e+02   1.69279389e-02
   3.57381961e+02   1.67793501e-02
   3.57382449e+02   1.53086241e-02
   3.57382937e+02   1.03624705e-02
   3.57383426e+02   4.60455008e-03
   3.57383914e+02   2.63793720e-03
   3.57384402e+02   4.34750505e-03
   3.57384891e+02   7.04201171e-03
   3.57385379e+02   5.80172287e-03
   3.57385867e+02   7.29003397e-04
   3.57386356e+02  -2.56106886e-03
   3.57386844e+02  -4.66582191e-04
   3.57387332e+02   1.77826581e-03
   3.57387821e+02   2.17006030e-03
   3.57388309e+02   2.79372069e-03
   3.57388797e+02   3.46477819e-03
   3.57389285e+02   2.48685270e-03
   3.57389774e+02  -6.49727939e-04
   3.57390262e+02  -7.93872110e-04
   3.57390750e+02   1.12971291e-03
   3.57391239e+02   1.06834294e-03
   3.57391727e+02  -6.58996345e-04
   3.57392215e+02  -1.01371529e-03
   3.57392704e+02  -9.48712041e-05
   3.57393192e+02   2.10645725e-03
   3.57393680e+02   3.29414872e-03
   3.57394169e+02   8.68339615e-04
   3.57394657e+02  -3.93226335e-04
   3.57395145e+02   9.10609495e-04
   3.57395633e+02   5.49550983e-04
   3.57396122e+02  -5.54042170e-04
   3.57396610e+02   1.34367496e-04
   3.57397098e+02  -8.09321718e-05
   3.57397587e+02   1.46985840e-04
   3.57398075e+02   1.79361936e-03
   3.57398563e+02   3.70129780e-03
   3.57399052e+02   4.13692975e-03
   3.57399540e+02   1.63198551e-04
   3.57400028e+02  -2.40547745e-03
   3.57400517e+02  -1.02311338e-03
   3.57401005e+02  -1.94718142e-03
   3.57401493e+02  -4.20122733e-03
   3.57401981e+02  -3.74088995e-03
   3.57402470e+02   5.04058262e-05
   3.57402958e+02   2.50635645e-03
   3.57403446e+02   1.59284752e-03
   3.57403935e+02  -6.27032307e-04
   3.57404423e+02  -2.50943541e-03
   3.57404911e+02  -3.38527164e-03
   3.57405400e+02  -4.24695481e-03
   3.57405888e+02  -4.12005093e-03
   3.57406376e+02  -2.09864136e-03
   3.57406865e+02   1.71117100e-03
   3.57407353e+02   2.72815931e-03
   3.57407841e+02  -4.83047217e-04
   3.57408330e+02  -1.20291952e-03
   3.57408818e+02   1.35166338e-04
   3.57409306e+02  -1.04438711e-03
   3.57409794e+02  -8.92062890e-05
   3.57410283e+02   2.62453617e-03
   3.57410771e+02   2.60887109e-03
   3.57411259e+02   2.31540739e-03
   3.57411748e+02   2.88820756e-03
   3.57412236e+02   2.01342115e-03
   3.57412724e+02   1.66877673e-03
   3.57413213e+02   1.93010271e-03
   3.57413701e+02  -8.62964836e-04
   3.57414189e+02  -2.69919378e-03
   3.57414678e+02  -7.32091779e-04
   3.57415166e+02   2.96421087e-04
   3.57415654e+02  -1.03504315e-03
   3.57416142e+02  -2.29516462e-03
   3.57416631e+02  -1.42101583e-03
   3.57417119e+02  -4.57669870e-04
   3.57417607e+02  -1.00223476e-03
   3.57418096e+02  -1.20146957e-03
   3.57418584e+02  -2.76584993e-03
   3.57419072e+02  -4.75128461e-03
   3.57419561e+02  -3.22556868e-03
   3.57420049e+02   7.01964309e-04
   3.57420537e+02   1.80559966e-03
   3.57421026e+02  -3.14535544e-04
   3.57421514e+02   3.50109302e-04
   3.57422002e+02   2.16654898e-03
   3.57422490e+02   2.13484233e-03
   3.57422979e+02   1.59719575e-03
   3.57423467e+02   2.14326149e-03
   3.57423955e+02   2.65503000e-03
   3.57424444e+02   8.01936723e-04
   3.57424932e+02  -2.14795442e-03
   3.57425420e+02  -1.28703087e-03
   3.57425909e+02   1.97338569e-03
   3.57426397e+02   2.14476977e-03
   3.57426885e+02   1.00367279e-05
   3.57427374e+02  -1.86247309e-03
   3.57427862e+02  -1.36632341e-04
   3.57428350e+02  -2.63750058e-04
   3.57428838e+02  -2.74370285e-03
   3.57429327e+02  -9.02254484e-04
   3.57429815e+02   2.79666856e-03
   3.57430303e+02   1.89384061e-03
   3.57430792e+02  -1.24216371e-03
   3.57431280e+02  -1.63893937e-03
   3.57431768e+02   4.18634561e-04
   3.57432257e+02   2.04381114e-03
   3.57432745e+02   9.64841747e-04
   3.57433233e+02  -2.04868731e-03
   3.57433722e+02  -1.38705655e-03
   3.57434210e+02   1.61546085e-03
   3.57434698e+02   1.79193867e-03
   3.57435186e+02  -6.82363403e-04
   3.57435675e+02  -2.16466794e-03
   3.57436163e+02  -2.76427309e-04
   3.57436651e+02   1.34783087e-03
   3.57437140e+02   2.55934265e-03
   3.57437628e+02   9.75435483e-04
   3.57438116e+02  -1.55856693e-03
   3.57438605e+02   5.03505929e-04
   3.57439093e+02   3.38077894e-03
   3.57439581e+02   3.37899500e-03
   3.57440070e+02   1.87278178e-03
   3.57440558e+02  -7.21951947e-04
   3.57441046e+02  -9.01030668e-04
   3.57441534e+02   5.95706631e-04
   3.57442023e+02   1.16066472e-03
   3.57442511e+02   2.40249559e-03
   3.57442999e+02   3.40860337e-03
   3.57443488e+02   1.30832638e-03
   3.57443976e+02  -9.04737739e-04
   3.57444464e+02  -2.03255261e-03
   3.57444953e+02  -4.71083075e-03
   3.57445441e+02  -4.12775436e-03
   3.57445929e+02  -6.20307284e-04
   3.57446418e+02   6.45506836e-04
   3.57446906e+02   1.07525545e-03
   3.57447394e+02   2.21287832e-03
   3.57447883e+02   1.04874431e-03
   3.57448371e+02  -1.24934991e-03
   3.57448859e+02  -3.26978276e-04
   3.57449347e+02   6.87250693e-04
   3.57449836e+02   6.78051554e-04
   3.57450324e+02   3.71309638e-04
   3.57450812e+02  -3.13753699e-04
   3.57451301e+02  -3.28577153e-04
   3.57451789e+02  -1.07414926e-04
   3.57452277e+02  -8.06690776e-04
   3.57452766e+02   1.00593330e-04
   3.57453254e+02   2.25479878e-03
   3.57453742e+02   3.41157475e-03
   3.57454231e+02   3.43691953e-03
   3.57454719e+02   2.40749284e-03
   3.57455207e+02   1.64090819e-03
   3.57455695e+02   2.96150902e-05
   3.57456184e+02  -1.69784192e-03
   3.57456672e+02  -1.48211909e-03
   3.57457160e+02   1.01795583e-03
   3.57457649e+02   2.93914904e-03
   3.57458137e+02   7.08833802e-04
   3.57458625e+02  -2.60251714e-03
   3.57459114e+02  -3.45546938e-03
   3.57459602e+02  -2.41374271e-03
   3.57460090e+02  -8.20654270e-04
   3.57460579e+02  -7.15042988e-04
   3.57461067e+02  -1.10670389e-03
   3.57461555e+02   8.94960074e-04
   3.57462043e+02   2.78541166e-03
   3.57462532e+02   1.81624072e-03
   3.57463020e+02   2.20296765e-03
   3.57463508e+02   4.72293561e-03
   3.57463997e+02   3.66254942e-03
   3.57464485e+02   9.85345396e-05
   3.57464973e+02  -8.03517702e-04
   3.57465462e+02  -7.91562023e-04
   3.57465950e+02  -8.33048893e-04
   3.57466438e+02  -9.20361435e-06
   3.57466927e+02   1.93103508e-03
   3.57467415e+02   3.15016555e-03
   3.57467903e+02   1.38465897e-03
   3.57468391e+02   4.02618054e-04
   3.57468880e+02   1.73752697e-03
   3.57469368e+02   2.71491031e-03
   3.57469856e+02   5.56752260e-04
   3.57470345e+02  -7.55268440e-04
   3.57470833e+02   1.88061764e-04
   3.57471321e+02  -1.14484137e-04
   3.57471810e+02  -2.26435557e-04
   3.57472298e+02   1.81921117e-03
   3.57472786e+02   3.69888265e-03
   3.57473275e+02   3.83125967e-03
   3.57473763e+02   3.34953447e-03
   3.57474251e+02   1.36217149e-03
   3.57474739e+02  -1.05588767e-03
   3.57475228e+02  -1.99744987e-04
   3.57475716e+02   1.64557772e-03
   3.57476204e+02   7.57188944e-04
   3.57476693e+02  -2.09338940e-03
   3.57477181e+02  -4.23159730e-03
   3.57477669e+02  -4.27438878e-03
   3.57478158e+02  -2.29128660e-03
   3.57478646e+02  -1.93280249e-03
   3.57479134e+02  -3.20144533e-03
   3.57479623e+02  -2.40916805e-03
   3.57480111e+02  -7.29336753e-04
   3.57480599e+02  -3.98106116e-04
   3.57481087e+02  -4.25739971e-04
   3.57481576e+02   1.02321350e-03
   3.57482064e+02   1.13663694e-03
   3.57482552e+02  -2.67005991e-03
   3.57483041e+02  -4.09205444e-03
   3.57483529e+02  -1.28441874e-03
   3.57484017e+02   3.09932890e-04
   3.57484506e+02   2.12804112e-03
   3.57484994e+02   4.17099101e-03
   3.57485482e+02   3.87023576e-03
   3.57485971e+02   2.79387250e-03
   3.57486459e+02   2.66440399e-03
   3.57486947e+02   3.06450180e-03
   3.57487436e+02   3.49046453e-03
   3.57487924e+02   7.57823524e-04
   3.57488412e+02  -2.13012518e-03
   3.57488900e+02  -2.76879990e-03
   3.57489389e+02  -7.57575966e-04
   3.57489877e+02   8.07959063e-04
   3.57490365e+02   7.76922447e-04
   3.57490854e+02   2.06597289e-03
   3.57491342e+02   2.57600704e-03
   3.57491830e+02   7.63542135e-04
   3.57492319e+02  -5.30490011e-04
   3.57492807e+02   4.00401681e-04
   3.57493295e+02   4.39737523e-05
   3.57493784e+02  -3.19303293e-03
   3.57494272e+02  -3.22743133e-03
   3.57494760e+02  -1.72429974e-03
   3.57495248e+02  -7.26215250e-04
   3.57495737e+02   1.33054145e-03
   3.57496225e+02  -2.81264929e-05
   3.57496713e+02  -2.93422211e-03
   3.57497202e+02  -1.82249839e-03
   3.57497690e+02   6.29381175e-05
   3.57498178e+02   8.33669852e-04
   3.57498667e+02   8.05444259e-04
   3.57499155e+02  -4.36950155e-04
   3.57499643e+02  -8.60088796e-04
   3.57500132e+02  -2.10053244e-04
   3.57500620e+02   6.36192053e-05
   3.57501108e+02   2.99081788e-04
   3.57501596e+02   1.50720030e-03
   3.57502085e+02   2.75940460e-04
   3.57502573e+02  -1.21742836e-03
   3.57503061e+02   1.34651200e-03
   3.57503550e+02   2.91026104e-03
   3.57504038e+02   1.23899372e-03
   3.57504526e+02  -2.30826018e-03
   3.57505015e+02  -4.47008573e-03
   3.57505503e+02  -1.34075643e-03
   3.57505991e+02   3.34821554e-04
   3.57506480e+02  -1.08877441e-03
   3.57506968e+02  -1.79931917e-03
   3.57507456e+02  -1.43700361e-03
   3.57507944e+02  -1.70824688e-03
   3.57508433e+02  -2.18439847e-03
   3.57508921e+02  -1.81124522e-03
   3.57509409e+02  -6.04437839e-04
   3.57509898e+02   1.59083807e-03
   3.57510386e+02   1.80208217e-03
   3.57510874e+02  -1.60067866e-04
   3.57511363e+02  -3.92971648e-04
   3.57511851e+02   1.44990918e-03
   3.57512339e+02   2.59566656e-03
   3.57512828e+02   2.36055744e-03
   3.57513316e+02   7.12548615e-04
   3.57513804e+02  -1.70510414e-03
   3.57514292e+02  -1.71298918e-03
   3.57514781e+02  -8.80817883e-04
   3.57515269e+02  -2.55953870e-04
   3.57515757e+02   1.67203776e-03
   3.57516246e+02   9.65719519e-04
   3.57516734e+02   1.32313173e-03
   3.57517222e+02   2.68876995e-03
   3.57517711e+02   7.02955353e-04
   3.57518199e+02  -2.36539030e-03
   3.57518687e+02  -2.70555704e-03
   3.57519176e+02  -1.79895421e-03
   3.57519664e+02  -2.54763430e-03
   3.57520152e+02  -2.10657902e-03
   3.57520640e+02  -4.36019327e-04
   3.57521129e+02   2.86022958e-04
   3.57521617e+02   1.79797446e-03
   3.57522105e+02   1.65786257e-03
   3.57522594e+02   9.38302372e-04
   3.57523082e+02  -4.36967603e-05
   3.57523570e+02  -1.69079762e-03
   3.57524059e+02  -9.19603452e-04
   3.57524547e+02   1.02468848e-03
   3.57525035e+02   1.21449050e-03
   3.57525524e+02   3.66797496e-04
   3.57526012e+02   1.31462899e-03
   3.57526500e+02   3.15633626e-03
   3.57526989e+02   1.39778259e-03
   3.57527477e+02  -4.04362741e-04
   3.57527965e+02   7.73305830e-04
   3.57528453e+02   4.76652349e-04
   3.57528942e+02  -1.53966283e-03
   3.57529430e+02  -2.08428968e-03
   3.57529918e+02  -1.88340293e-03
   3.57530407e+02  -2.89607537e-03
   3.57530895e+02  -3.44453030e-03
   3.57531383e+02  -2.49786652e-03
   3.57531872e+02   2.99593346e-04
   3.57532360e+02   1.89563201e-03
   3.57532848e+02   2.52005947e-03
   3.57533337e+02   4.28400422e-03
   3.57533825e+02   4.86122584e-03
   3.57534313e+02   2.98494566e-03
   3.57534801e+02   2.03490281e-03
   3.57535290e+02   3.34554352e-03
   3.57535778e+02   1.35149085e-03
   3.57536266e+02  -3.48578044e-03
   3.57536755e+02  -4.20706533e-03
   3.57537243e+02  -3.25987162e-03
   3.57537731e+02  -5.35725104e-03
   3.57538220e+02  -4.48382646e-03
   3.57538708e+02  -7.26830913e-04
   3.57539196e+02   7.03725265e-04
   3.57539685e+02   2.03494169e-03
   3.57540173e+02   2.45842710e-03
   3.57540661e+02   5.37819462e-04
   3.57541149e+02  -2.15380313e-03
   3.57541638e+02  -1.09846552e-03
   3.57542126e+02   2.03315541e-03
   3.57542614e+02   3.12542543e-03
   3.57543103e+02   2.74383835e-03
   3.57543591e+02   8.03924282e-04
   3.57544079e+02  -1.51976582e-03
   3.57544568e+02  -6.03425782e-04
   3.57545056e+02  -3.67293687e-04
   3.57545544e+02   1.25491933e-03
   3.57546033e+02  -8.50111028e-05
   3.57546521e+02  -3.10669653e-03
   3.57547009e+02  -5.02360146e-03
   3.57547497e+02  -6.26366353e-03
   3.57547986e+02  -4.48811473e-03
   3.57548474e+02  -2.44640908e-03
   3.57548962e+02  -3.63431172e-03
   3.57549451e+02  -3.34121590e-03
   3.57549939e+02   5.93090255e-04
   3.57550427e+02   3.00455280e-03
   3.57550916e+02   4.90397157e-04
   3.57551404e+02  -2.01402837e-03
   3.57551892e+02   3.70796479e-04
   3.57552381e+02  -1.05187515e-04
   3.57552869e+02  -3.59286554e-03
   3.57553357e+02  -3.02837370e-03
   3.57553845e+02  -1.21988892e-03
   3.57554334e+02   1.97698642e-03
   3.57554822e+02   5.56724193e-03
   3.57555310e+02   4.64786449e-03
   3.57555799e+02   3.38427164e-03
   3.57556287e+02   1.73142541e-03
   3.57556775e+02  -2.01250921e-04
   3.57557264e+02   2.76226463e-04
   3.57557752e+02  -3.04729561e-04
   3.57558240e+02  -2.56442651e-03
   3.57558729e+02  -2.19772081e-03
   3.57559217e+02   2.23364448e-03
   3.57559705e+02   3.30113829e-03
   3.57560193e+02   1.04370411e-03
   3.57560682e+02   2.64807674e-03
   3.57561170e+02   4.41069109e-03
   3.57561658e+02   2.55630538e-03
   3.57562147e+02  -1.71437496e-04
   3.57562635e+02  -6.29348098e-04
   3.57563123e+02  -1.37815496e-03
   3.57563612e+02  -2.14740355e-03
   3.57564100e+02  -2.37380969e-03
   3.57564588e+02  -9.23540443e-04
   3.57565077e+02   8.85525136e-04
   3.57565565e+02  -4.35125025e-04
   3.57566053e+02  -2.24900409e-03
   3.57566542e+02  -5.00266440e-04
   3.57567030e+02   2.37468095e-03
   3.57567518e+02   3.57975787e-03
   3.57568006e+02   3.54282651e-03
   3.57568495e+02   3.89003032e-03
   3.57568983e+02   2.67373957e-03
   3.57569471e+02   2.41764076e-03
   3.57569960e+02   2.82596634e-03
   3.57570448e+02  -2.64473547e-05
   3.57570936e+02  -2.45286967e-03
   3.57571425e+02  -1.59738364e-03
   3.57571913e+02   1.51869340e-03
   3.57572401e+02   1.54414901e-03
   3.57572890e+02  -5.16346248e-04
   3.57573378e+02  -2.02316878e-04
   3.57573866e+02  -1.70290284e-03
   3.57574354e+02  -4.24747122e-03
   3.57574843e+02  -3.20110843e-03
   3.57575331e+02  -3.98076110e-04
   3.57575819e+02   3.02095112e-04
   3.57576308e+02   1.45238813e-03
   3.57576796e+02   2.91626947e-03
   3.57577284e+02   1.41210679e-04
   3.57577773e+02  -2.82318960e-03
   3.57578261e+02  -1.90554000e-03
   3.57578749e+02   4.39599971e-04
   3.57579238e+02   1.01018441e-03
   3.57579726e+02   1.45338359e-03
   3.57580214e+02   2.29802844e-03
   3.57580702e+02   9.29534843e-04
   3.57581191e+02  -7.79111928e-04
   3.57581679e+02  -8.12854152e-04
   3.57582167e+02   3.38786689e-04
   3.57582656e+02   3.36432038e-03
   3.57583144e+02   5.32941148e-03
   3.57583632e+02   3.40609392e-03
   3.57584121e+02  -3.10130243e-04
   3.57584609e+02  -3.25085502e-03
   3.57585097e+02  -1.82862743e-03
   3.57585586e+02   1.63067668e-03
   3.57586074e+02   3.32564604e-03
   3.57586562e+02   4.84834937e-03
   3.57587050e+02   3.11423955e-03
   3.57587539e+02  -1.67456700e-03
   3.57588027e+02  -3.91564984e-03
   3.57588515e+02  -2.22130655e-03
   3.57589004e+02   5.65929164e-04
   3.57589492e+02   1.19773799e-03
   3.57589980e+02   1.42906269e-03
   3.57590469e+02   1.24791358e-03
   3.57590957e+02   1.61104428e-04
   3.57591445e+02   1.70196104e-03
   3.57591934e+02   3.69195337e-03
   3.57592422e+02   3.28199053e-03
   3.57592910e+02   2.44551245e-03
   3.57593398e+02   2.47975648e-03
   3.57593887e+02   3.54422280e-03
   3.57594375e+02   2.15793331e-03
   3.57594863e+02   5.77824074e-04
   3.57595352e+02   3.98585433e-03
   3.57595840e+02   5.30265924e-03
   3.57596328e+02   1.29135302e-03
   3.57596817e+02  -6.58281555e-04
   3.57597305e+02   1.52509590e-03
   3.57597793e+02   4.16851509e-03
   3.57598282e+02   6.47085020e-03
   3.57598770e+02   8.64413474e-03
   3.57599258e+02   1.08469008e-02
   3.57599746e+02   7.93018937e-03
   3.57600235e+02   6.92565553e-03
   3.57600723e+02   1.24454983e-02
   3.57601211e+02   1.57276317e-02
   3.57601700e+02   1.45711899e-02
   3.57602188e+02   1.56608224e-02
   3.57602676e+02   1.79001670e-02
   3.57603165e+02   1.61000844e-02
   3.57603653e+02   9.40987654e-03
   3.57604141e+02   3.14458343e-03
   3.57604630e+02  -4.18040232e-04
   3.57605118e+02  -1.18239911e-03
   3.57605606e+02  -2.12905114e-04
   3.57606095e+02   1.04228756e-03
   3.57606583e+02   2.21732465e-04
   3.57607071e+02   8.39831831e-04
   3.57607559e+02   3.97626171e-03
   3.57608048e+02   3.49062169e-03
   3.57608536e+02   1.44743521e-04
   3.57609024e+02  -1.49081298e-03
   3.57609513e+02  -2.29738071e-03
   3.57610001e+02  -1.51270209e-03
   3.57610489e+02   2.05300446e-03
   3.57610978e+02   4.44951467e-03
   3.57611466e+02   4.26891679e-03
   3.57611954e+02   2.51400936e-03
   3.57612443e+02   2.30487646e-03
   3.57612931e+02   1.19420933e-03
   3.57613419e+02  -4.11391770e-03
   3.57613907e+02  -4.81670955e-03
   3.57614396e+02  -1.73272635e-03
   3.57614884e+02  -7.31617620e-04
   3.57615372e+02   3.35468416e-04
   3.57615861e+02   4.35205735e-03
   3.57616349e+02   6.59791240e-03
   3.57616837e+02   1.85837026e-03
   3.57617326e+02  -2.49680551e-03
   3.57617814e+02  -1.68661599e-03
   3.57618302e+02  -1.36829761e-03
   3.57618791e+02  -7.58911541e-04
   3.57619279e+02   6.99683267e-04
   3.57619767e+02  -7.94103078e-04
   3.57620255e+02  -1.64323871e-03
   3.57620744e+02   3.73845280e-04
   3.57621232e+02   2.95313285e-03
   3.57621720e+02   4.05966491e-03
   3.57622209e+02   1.94979901e-03
   3.57622697e+02  -9.39750025e-05
   3.57623185e+02  -4.38475428e-04
   3.57623674e+02  -7.44070567e-04
   3.57624162e+02  -2.25629983e-03
   3.57624650e+02  -2.46038917e-03
   3.57625139e+02   1.65202899e-03
   3.57625627e+02   5.61005622e-03
   3.57626115e+02   5.12867281e-03
   3.57626603e+02   3.06838378e-03
   3.57627092e+02   1.77643925e-03
   3.57627580e+02   1.13583007e-03
   3.57628068e+02   9.59000376e-04
   3.57628557e+02   4.93788766e-03
   3.57629045e+02   8.33960529e-03
   3.57629533e+02   3.84786935e-03
   3.57630022e+02  -6.24953187e-04
   3.57630510e+02   3.08814202e-03
   3.57630998e+02   7.63928937e-03
   3.57631487e+02   6.28190581e-03
   3.57631975e+02   7.00101722e-03
   3.57632463e+02   1.28793074e-02
   3.57632951e+02   1.76267512e-02
   3.57633440e+02   1.56796984e-02
   3.57633928e+02   1.52485687e-02
   3.57634416e+02   1.54160457e-02
   3.57634905e+02   1.57365222e-02
   3.57635393e+02   1.76379606e-02
   3.57635881e+02   1.95182059e-02
   3.57636370e+02   1.31424535e-02
   3.57636858e+02   9.97317117e-03
   3.57637346e+02   7.87557475e-03
   3.57637835e+02   3.39250593e-03
   3.57638323e+02   1.86050823e-03
   3.57638811e+02   4.20129718e-03
   3.57639299e+02   4.72126668e-03
   3.57639788e+02   4.26082115e-04
   3.57640276e+02  -2.10952898e-03
   3.57640764e+02   1.97496568e-03
   3.57641253e+02   3.21135460e-03
   3.57641741e+02   1.32427737e-03
   3.57642229e+02   8.05681225e-07
   3.57642718e+02  -2.52345833e-03
   3.57643206e+02  -3.76349292e-03
   3.57643694e+02  -2.83490284e-03
   3.57644183e+02  -1.96954445e-03
   3.57644671e+02  -3.20095825e-03
   3.57645159e+02  -4.70369076e-03
   3.57645648e+02  -3.08384513e-03
   3.57646136e+02   1.30465021e-03
   3.57646624e+02   4.36188467e-03
   3.57647112e+02   5.31740894e-04
   3.57647601e+02  -5.44162886e-03
   3.57648089e+02  -1.76129770e-03
   3.57648577e+02   4.21831477e-03
   3.57649066e+02   2.28326907e-03
   3.57649554e+02   1.17312453e-03
   3.57650042e+02   1.63958152e-03
   3.57650531e+02  -3.66027321e-04
   3.57651019e+02  -8.66734248e-04
   3.57651507e+02  -3.86792049e-03
   3.57651996e+02  -5.48509881e-03
   3.57652484e+02  -3.42882820e-03
   3.57652972e+02  -2.90917698e-03
   3.57653460e+02  -2.90743262e-03
   3.57653949e+02  -1.91870017e-03
   3.57654437e+02   4.37373674e-04
   3.57654925e+02   2.77486653e-03
   3.57655414e+02   2.60569504e-03
   3.57655902e+02   2.24323827e-03
   3.57656390e+02   3.30189196e-03
   3.57656879e+02   3.64618353e-03
   3.57657367e+02   2.43052444e-03
   3.57657855e+02  -1.71724983e-04
   3.57658344e+02  -2.80708889e-03
   3.57658832e+02  -4.05439083e-03
   3.57659320e+02  -3.29826889e-03
   3.57659808e+02   5.26833348e-04
   3.57660297e+02   3.92233720e-03
   3.57660785e+02   1.50658225e-03
   3.57661273e+02  -3.23982257e-03
   3.57661762e+02  -3.21753882e-03
   3.57662250e+02  -7.17651797e-04
   3.57662738e+02   1.05595647e-03
   3.57663227e+02   1.97744998e-03
   3.57663715e+02  -1.02538193e-04
   3.57664203e+02  -4.47347900e-03
   3.57664692e+02  -2.76935031e-03
   3.57665180e+02   3.84675455e-03
   3.57665668e+02   4.49779024e-03
   3.57666156e+02   4.53639636e-03
   3.57666645e+02   7.20588863e-03
   3.57667133e+02   7.43281189e-03
   3.57667621e+02   7.85951596e-03
   3.57668110e+02   7.21651968e-03
   3.57668598e+02   4.98491200e-03
   3.57669086e+02   5.05742664e-03
   3.57669575e+02   7.06364261e-03
   3.57670063e+02   7.99318217e-03
   3.57670551e+02   1.05120558e-02
   3.57671040e+02   1.32277831e-02
   3.57671528e+02   1.39671229e-02
   3.57672016e+02   1.15467627e-02
   3.57672504e+02   1.18869254e-02
   3.57672993e+02   1.01357000e-02
   3.57673481e+02   7.01032113e-03
   3.57673969e+02   4.95441118e-03
   3.57674458e+02   6.62893569e-03
   3.57674946e+02   8.18473473e-03
   3.57675434e+02   7.20496569e-03
   3.57675923e+02   7.16402614e-03
   3.57676411e+02   5.10088634e-03
   3.57676899e+02   2.11379770e-03
   3.57677388e+02   2.95775756e-03
   3.57677876e+02   4.13111132e-03
   3.57678364e+02   2.92381761e-03
   3.57678852e+02   3.35452636e-03
   3.57679341e+02   4.42380039e-03
   3.57679829e+02   2.64126668e-03
   3.57680317e+02   1.18573126e-03
   3.57680806e+02   2.69902451e-03
   3.57681294e+02   4.44852840e-03
   3.57681782e+02   4.34826408e-03
   3.57682271e+02   8.86265887e-04
   3.57682759e+02  -5.80360997e-04
   3.57683247e+02   8.85398244e-04
   3.57683736e+02   1.50863861e-03
   3.57684224e+02   1.82940171e-03
   3.57684712e+02   8.17755121e-04
   3.57685200e+02  -3.72995553e-03
   3.57685689e+02  -5.29428059e-03
   3.57686177e+02   2.14455231e-05
   3.57686665e+02   3.92175047e-03
   3.57687154e+02   3.69757088e-03
   3.57687642e+02   4.58805496e-03
   3.57688130e+02   5.72248036e-03
   3.57688619e+02   4.01535677e-03
   3.57689107e+02   2.43274146e-03
   3.57689595e+02   1.03120308e-03
   3.57690084e+02  -2.43195938e-03
   3.57690572e+02  -6.03228807e-03
   3.57691060e+02  -4.32448136e-03
   3.57691549e+02   1.90642604e-03
   3.57692037e+02   2.04751571e-03
   3.57692525e+02  -1.01018185e-03
   3.57693013e+02   1.00980198e-03
   3.57693502e+02   8.75915750e-04
   3.57693990e+02  -2.67806486e-03
   3.57694478e+02  -3.61454766e-03
   3.57694967e+02  -1.24838320e-03
   3.57695455e+02   1.82049966e-03
   3.57695943e+02   2.95047625e-03
   3.57696432e+02   7.48340273e-04
   3.57696920e+02  -7.57469155e-04
   3.57697408e+02   1.02910184e-04
   3.57697897e+02   1.34200999e-03
   3.57698385e+02   3.78722930e-03
   3.57698873e+02   3.45115038e-03
   3.57699361e+02  -7.01367098e-04
   3.57699850e+02  -1.10963953e-03
   3.57700338e+02   1.86318299e-03
   3.57700826e+02   3.57269240e-03
   3.57701315e+02   2.33200192e-03
   3.57701803e+02   2.52070208e-03
   3.57702291e+02   4.63999296e-03
   3.57702780e+02   4.72665019e-03
   3.57703268e+02   3.43768531e-03
   3.57703756e+02   3.34126432e-03
   3.57704245e+02   4.46817977e-03
   3.57704733e+02   4.65166895e-03
   3.57705221e+02   1.67658855e-03
   3.57705709e+02  -1.86787429e-03
   3.57706198e+02  -1.58204429e-03
   3.57706686e+02   3.90324683e-04
   3.57707174e+02   1.13565126e-03
   3.57707663e+02  -1.14990363e-03
   3.57708151e+02  -4.84053418e-03
   3.57708639e+02  -4.10039118e-03
   3.57709128e+02  -1.12988513e-04
   3.57709616e+02   7.57771893e-04
   3.57710104e+02  -9.43401887e-04
   3.57710593e+02  -3.32192332e-03
   3.57711081e+02  -2.87309685e-03
   3.57711569e+02  -1.84533896e-03
   3.57712057e+02  -2.36088573e-03
   3.57712546e+02  -2.64471513e-04
   3.57713034e+02   2.51002121e-03
   3.57713522e+02   1.06862548e-03
   3.57714011e+02  -7.10521417e-04
   3.57714499e+02   1.57609815e-04
   3.57714987e+02   2.28119362e-03
   3.57715476e+02   1.42713869e-03
   3.57715964e+02   6.62710983e-04
   3.57716452e+02   2.03814800e-03
   3.57716941e+02   3.50874499e-04
   3.57717429e+02  -1.99067849e-03
   3.57717917e+02   1.74408476e-03
   3.57718405e+02   4.93694562e-03
   3.57718894e+02   4.36323415e-03
   3.57719382e+02   4.75891866e-03
   3.57719870e+02   9.76583827e-03
   3.57720359e+02   1.32629126e-02
   3.57720847e+02   1.56224780e-02
   3.57721335e+02   1.58840828e-02
   3.57721824e+02   1.54931908e-02
   3.57722312e+02   1.56947616e-02
   3.57722800e+02   1.62750650e-02
   3.57723289e+02   1.38488673e-02
   3.57723777e+02   7.45593151e-03
   3.57724265e+02   1.89605250e-03
   3.57724753e+02   3.37313535e-03
   3.57725242e+02   6.86559966e-03
   3.57725730e+02   7.34355114e-03
   3.57726218e+02   4.05470608e-03
   3.57726707e+02   1.85388385e-03
   3.57727195e+02   2.26879655e-03
   3.57727683e+02   3.23175918e-03
   3.57728172e+02   1.75299426e-03
   3.57728660e+02   9.16746445e-04
   3.57729148e+02   3.72416386e-03
   3.57729637e+02   1.96497166e-03
   3.57730125e+02  -3.70810297e-03
   3.57730613e+02  -4.39434266e-03
   3.57731102e+02  -1.21340994e-03
   3.57731590e+02   7.69241131e-04
   3.57732078e+02   3.00198514e-03
   3.57732566e+02   3.78920836e-03
   3.57733055e+02   2.53053335e-03
   3.57733543e+02   3.47558712e-03
   3.57734031e+02   4.85080061e-03
   3.57734520e+02   3.18629807e-03
   3.57735008e+02  -2.73537356e-04
   3.57735496e+02  -1.97047857e-03
   3.57735985e+02  -4.90907914e-05
   3.57736473e+02   7.43314740e-04
   3.57736961e+02   1.01475639e-03
   3.57737450e+02   2.51106056e-03
   3.57737938e+02   3.38896574e-03
   3.57738426e+02   3.59000382e-03
   3.57738914e+02   3.25051416e-03
   3.57739403e+02   4.54358337e-03
   3.57739891e+02   3.22640315e-03
   3.57740379e+02  -1.67760917e-03
   3.57740868e+02  -2.20413576e-03
   3.57741356e+02   4.00137564e-04
   3.57741844e+02   1.87566120e-03
   3.57742333e+02   1.72261545e-03
   3.57742821e+02   6.76661730e-04
   3.57743309e+02   3.06850579e-03
   3.57743798e+02   8.07155762e-03
   3.57744286e+02   1.02218436e-02
   3.57744774e+02   9.54225287e-03
   3.57745262e+02   7.14076310e-03
   3.57745751e+02   8.19710828e-03
   3.57746239e+02   1.24129821e-02
   3.57746727e+02   1.48679931e-02
   3.57747216e+02   1.38865206e-02
   3.57747704e+02   1.35904681e-02
   3.57748192e+02   1.33132534e-02
   3.57748681e+02   9.22283530e-03
   3.57749169e+02   4.95292619e-03
   3.57749657e+02   3.35538387e-03
   3.57750146e+02   5.06729586e-03
   3.57750634e+02   3.68604017e-03
   3.57751122e+02   4.23643651e-04
   3.57751610e+02  -3.83361854e-04
   3.57752099e+02  -2.15595384e-04
   3.57752587e+02   7.91241182e-04
   3.57753075e+02   2.32758280e-03
   3.57753564e+02   1.03359378e-03
   3.57754052e+02  -1.33338815e-03
   3.57754540e+02  -4.25205362e-04
   3.57755029e+02   1.73976179e-03
   3.57755517e+02   6.46544737e-04
   3.57756005e+02  -2.37219222e-03
   3.57756494e+02  -4.16149292e-03
   3.57756982e+02  -4.11043735e-03
   3.57757470e+02  -3.86232929e-03
   3.57757958e+02  -1.86424504e-03
   3.57758447e+02   1.43459707e-03
   3.57758935e+02   2.29020719e-03
   3.57759423e+02   6.27407047e-04
   3.57759912e+02  -5.25088108e-04
   3.57760400e+02   5.48728160e-04
   3.57760888e+02   8.46906460e-06
   3.57761377e+02   2.14039945e-04
   3.57761865e+02   3.45612690e-03
   3.57762353e+02   3.30730178e-03
   3.57762842e+02   2.04551267e-03
   3.57763330e+02   2.51805084e-03
   3.57763818e+02   1.06986379e-03
   3.57764306e+02  -1.69432734e-03
   3.57764795e+02  -1.43386563e-03
   3.57765283e+02  -1.70156884e-03
   3.57765771e+02  -3.03000328e-03
   3.57766260e+02  -1.12025277e-03
   3.57766748e+02  -8.93687247e-04
   3.57767236e+02  -2.87682051e-03
   3.57767725e+02  -2.17455858e-03
   3.57768213e+02  -4.31918364e-04
   3.57768701e+02  -1.04406232e-03
   3.57769190e+02  -2.94625852e-03
   3.57769678e+02  -1.08817429e-03
   3.57770166e+02   2.23970902e-03
   3.57770655e+02   1.90250354e-03
   3.57771143e+02  -2.86445265e-05
   3.57771631e+02  -1.59031060e-03
   3.57772119e+02  -4.37650131e-04
   3.57772608e+02   1.27997214e-03
   3.57773096e+02  -7.84582342e-04
   3.57773584e+02  -1.68422586e-03
   3.57774073e+02   3.50818096e-04
   3.57774561e+02   2.14828877e-03
   3.57775049e+02   1.72267260e-03
   3.57775538e+02  -5.05074975e-04
   3.57776026e+02  -8.96617072e-04
   3.57776514e+02  -3.28834576e-04
   3.57777003e+02  -7.49270897e-04
   3.57777491e+02  -8.58983898e-04
   3.57777979e+02  -2.15890328e-03
   3.57778467e+02  -3.61367431e-03
   3.57778956e+02  -4.93253954e-03
   3.57779444e+02  -4.42206999e-03
   3.57779932e+02  -3.42168380e-03
   3.57780421e+02  -1.50089595e-03
   3.57780909e+02  -4.04450664e-04
   3.57781397e+02  -2.53896695e-04
   3.57781886e+02  -1.07607793e-03
   3.57782374e+02  -1.47834548e-03
   3.57782862e+02   1.73803768e-04
   3.57783351e+02   1.61637005e-03
   3.57783839e+02   1.28627534e-03
   3.57784327e+02   4.03428770e-04
   3.57784815e+02  -1.16745883e-03
   3.57785304e+02  -1.15041458e-03
   3.57785792e+02   1.61453173e-03
   3.57786280e+02   3.02335666e-03
   3.57786769e+02   1.26500032e-03
   3.57787257e+02  -1.06185605e-03
   3.57787745e+02  -1.03949616e-03
   3.57788234e+02   1.22872100e-03
   3.57788722e+02   2.14578258e-03
   3.57789210e+02   2.02398025e-03
   3.57789699e+02   1.90293277e-03
   3.57790187e+02  -9.52607777e-04
   3.57790675e+02  -2.48398772e-03
   3.57791163e+02   1.16180476e-04
   3.57791652e+02   1.96972210e-03
   3.57792140e+02   2.79143546e-03
   3.57792628e+02   2.31416174e-03
   3.57793117e+02   1.39278360e-03
   3.57793605e+02   2.88189808e-03
   3.57794093e+02   3.05628940e-03
   3.57794582e+02   1.65776946e-04
   3.57795070e+02  -1.81111053e-03
   3.57795558e+02  -1.31666602e-03
   3.57796047e+02   4.29193547e-04
   3.57796535e+02   2.93631805e-03
   3.57797023e+02   3.94971063e-03
   3.57797511e+02   2.16449960e-03
   3.57798000e+02   9.68783686e-04
   3.57798488e+02   1.93096604e-03
   3.57798976e+02   2.03283178e-03
   3.57799465e+02   1.37964939e-03
   3.57799953e+02  -2.89839081e-04
   3.57800441e+02  -1.03315362e-03
   3.57800930e+02   1.42954756e-03
   3.57801418e+02   2.47592013e-03
   3.57801906e+02   2.30434770e-03
   3.57802395e+02   7.42846401e-04
   3.57802883e+02  -4.29124921e-04
   3.57803371e+02   3.22465762e-03
   3.57803859e+02   3.46402428e-03
   3.57804348e+02  -6.83540769e-04
   3.57804836e+02  -2.38448218e-03
   3.57805324e+02  -2.10245582e-03
   3.57805813e+02  -1.22481352e-03
   3.57806301e+02  -8.61989043e-04
   3.57806789e+02  -7.71472114e-04
   3.57807278e+02  -1.27118104e-03
   3.57807766e+02  -2.51827948e-03
   3.57808254e+02  -1.67471403e-03
   3.57808743e+02   6.11479569e-04
   3.57809231e+02   1.97183061e-03
   3.57809719e+02   3.21025192e-03
   3.57810208e+02   3.14026373e-03
   3.57810696e+02   2.64562736e-03
   3.57811184e+02   4.10639960e-03
   3.57811672e+02   4.36018221e-03
   3.57812161e+02   2.03559524e-03
   3.57812649e+02   9.92779038e-04
   3.57813137e+02  -1.44985082e-04
   3.57813626e+02  -3.50080384e-03
   3.57814114e+02  -4.51105274e-03
   3.57814602e+02  -1.91305077e-03
   3.57815091e+02  -1.51708710e-03
   3.57815579e+02  -4.12388612e-03
   3.57816067e+02  -3.12996283e-03
   3.57816556e+02   8.86798080e-04
   3.57817044e+02   1.91160140e-03
   3.57817532e+02   1.11196423e-03
   3.57818020e+02  -3.05996742e-04
   3.57818509e+02  -1.16334506e-03
   3.57818997e+02   9.29944857e-04
   3.57819485e+02   2.54874257e-03
   3.57819974e+02   2.48140795e-03
   3.57820462e+02   1.24296895e-03
   3.57820950e+02  -5.74724341e-04
   3.57821439e+02  -1.02136641e-04
   3.57821927e+02   2.55826907e-03
   3.57822415e+02   4.71016672e-03
   3.57822904e+02   2.60277488e-03
   3.57823392e+02  -6.77615288e-04
   3.57823880e+02  -5.74489473e-04
   3.57824368e+02  -4.51647589e-04
   3.57824857e+02  -3.87020595e-03
   3.57825345e+02  -4.74506710e-03
   3.57825833e+02  -1.34438940e-03
   3.57826322e+02  -6.05785172e-04
   3.57826810e+02  -1.11599907e-03
   3.57827298e+02  -3.53779069e-05
   3.57827787e+02   1.21584616e-03
   3.57828275e+02   1.91847247e-03
   3.57828763e+02   2.33754702e-03
   3.57829252e+02   1.26587169e-03
   3.57829740e+02  -2.23894464e-03
   3.57830228e+02  -3.30784498e-03
   3.57830716e+02  -5.14634303e-04
   3.57831205e+02   2.67926673e-03
   3.57831693e+02   3.11655155e-03
   3.57832181e+02   1.93939125e-03
   3.57832670e+02   1.33838505e-03
   3.57833158e+02   1.80787756e-04
   3.57833646e+02  -1.22158998e-03
   3.57834135e+02  -1.08439999e-03
   3.57834623e+02   8.98220926e-04
   3.57835111e+02   3.63989803e-03
   3.57835600e+02   3.13361618e-03
   3.57836088e+02  -2.68744683e-04
   3.57836576e+02  -1.08722528e-03
   3.57837064e+02   8.92649114e-04
   3.57837553e+02   4.87833458e-04
   3.57838041e+02   1.75364665e-03
   3.57838529e+02   1.60842948e-03
   3.57839018e+02  -6.06361718e-04
   3.57839506e+02  -7.71842315e-04
   3.57839994e+02   1.29977113e-03
   3.57840483e+02   3.06184427e-03
   3.57840971e+02   7.40284217e-04
   3.57841459e+02  -3.90336639e-03
   3.57841948e+02  -3.83133092e-03
   3.57842436e+02  -2.01143394e-03
   3.57842924e+02  -3.83026921e-03
   3.57843412e+02  -4.77957865e-03
   3.57843901e+02  -3.29507957e-03
   3.57844389e+02  -1.35545642e-03
   3.57844877e+02   5.09466736e-05
   3.57845366e+02   6.34687371e-04
   3.57845854e+02   2.80905306e-06
   3.57846342e+02   6.25145854e-04
   3.57846831e+02   1.69438473e-03
   3.57847319e+02   1.57228054e-03
   3.57847807e+02   1.07307627e-03
   3.57848296e+02  -7.83957250e-04
   3.57848784e+02  -1.47056580e-03
   3.57849272e+02   6.99215045e-04
   3.57849761e+02   2.38575297e-03
   3.57850249e+02   7.26594590e-04
   3.57850737e+02  -2.52045062e-03
   3.57851225e+02  -2.69888830e-03
   3.57851714e+02  -8.73155892e-04
   3.57852202e+02   7.11993314e-04
   3.57852690e+02   2.95348209e-03
   3.57853179e+02   3.50016681e-03
   3.57853667e+02   2.02934421e-03
   3.57854155e+02   1.85896072e-03
   3.57854644e+02   1.19461515e-03
   3.57855132e+02   1.12319819e-03
   3.57855620e+02   1.48261257e-03
   3.57856109e+02  -2.25455769e-05
   3.57856597e+02  -2.94166675e-04
   3.57857085e+02  -1.78003730e-03
   3.57857573e+02  -4.95056855e-03
   3.57858062e+02  -3.76436790e-03
   3.57858550e+02  -4.31046181e-04
   3.57859038e+02   2.06886980e-04
   3.57859527e+02   1.60748139e-03
   3.57860015e+02   4.47603781e-03
   3.57860503e+02   6.04992406e-03
   3.57860992e+02   6.06975704e-03
   3.57861480e+02   5.88139286e-03
   3.57861968e+02   6.05659606e-03
   3.57862457e+02   4.21346165e-03
   3.57862945e+02   1.09764212e-03
   3.57863433e+02  -4.16554161e-04
   3.57863921e+02  -5.17770066e-04
   3.57864410e+02   1.86460747e-04
   3.57864898e+02   9.65254963e-04
   3.57865386e+02   1.83198752e-03
   3.57865875e+02   3.14147840e-03
   3.57866363e+02   5.29268663e-03
   3.57866851e+02   3.91326193e-03
   3.57867340e+02   1.54481339e-03
   3.57867828e+02   2.11841706e-03
   3.57868316e+02   2.88339471e-03
   3.57868805e+02   2.45463219e-03
   3.57869293e+02   1.25522807e-03
   3.57869781e+02   1.38833513e-03
   3.57870269e+02  -7.16149225e-04
   3.57870758e+02  -4.09339136e-03
   3.57871246e+02  -3.24804918e-03
   3.57871734e+02  -1.71292675e-04
   3.57872223e+02   1.67360820e-03
   3.57872711e+02   1.07507734e-03
   3.57873199e+02   6.09201321e-04
   3.57873688e+02   1.59942103e-03
   3.57874176e+02   2.00937269e-03
   3.57874664e+02   5.01167087e-04
   3.57875153e+02  -1.36140827e-03
   3.57875641e+02  -1.35269912e-03
   3.57876129e+02  -2.77165836e-03
   3.57876617e+02  -3.44974292e-03
   3.57877106e+02  -1.51602260e-03
   3.57877594e+02  -1.12389890e-03
   3.57878082e+02  -3.91422829e-04
   3.57878571e+02   1.76983629e-03
   3.57879059e+02   2.32812949e-03
   3.57879547e+02   1.65265321e-03
   3.57880036e+02   4.62689350e-04
   3.57880524e+02  -5.05305827e-04
   3.57881012e+02   9.12837975e-04
   3.57881501e+02   2.05705524e-03
   3.57881989e+02   4.18512296e-04
   3.57882477e+02   1.78435969e-03
   3.57882965e+02   5.58438106e-03
   3.57883454e+02   6.09001983e-03
   3.57883942e+02   4.55211475e-03
   3.57884430e+02   3.50997294e-03
   3.57884919e+02   4.59845760e-04
   3.57885407e+02  -1.04948692e-03
   3.57885895e+02   3.26677487e-04
   3.57886384e+02  -2.04918579e-05
   3.57886872e+02  -1.25894323e-03
   3.57887360e+02  -2.04304443e-03
   3.57887849e+02  -2.12870236e-03
   3.57888337e+02  -2.54717912e-03
   3.57888825e+02  -2.91251251e-03
   3.57889314e+02  -2.22188514e-03
   3.57889802e+02  -1.90061308e-03
   3.57890290e+02  -1.75495737e-03
   3.57890778e+02  -3.15904181e-04
   3.57891267e+02   2.88527139e-04
   3.57891755e+02   9.48478759e-04
   3.57892243e+02   2.44995067e-03
   3.57892732e+02   3.47195822e-03
   3.57893220e+02   3.50287999e-03
   3.57893708e+02   1.57304970e-03
   3.57894197e+02  -2.59361899e-04
   3.57894685e+02   1.19115459e-03
   3.57895173e+02   4.11613984e-03
   3.57895662e+02   4.40702820e-03
   3.57896150e+02   3.03531857e-03
   3.57896638e+02   2.18111230e-03
   3.57897126e+02   1.02948409e-03
   3.57897615e+02   3.42836429e-04
   3.57898103e+02   4.98122885e-04
   3.57898591e+02   1.96146802e-03
   3.57899080e+02   1.23449950e-03
   3.57899568e+02  -1.05574308e-03
   3.57900056e+02  -8.65783426e-04
   3.57900545e+02   3.41184495e-04
   3.57901033e+02   2.23153314e-04
   3.57901521e+02  -8.98288388e-04
   3.57902010e+02   1.13362179e-03
   3.57902498e+02   4.62847063e-03
   3.57902986e+02   2.14457000e-03
   3.57903474e+02  -3.50263040e-03
   3.57903963e+02  -3.82181536e-03
   3.57904451e+02  -5.86175476e-04
   3.57904939e+02   1.76604790e-05
   3.57905428e+02   7.74492219e-04
   3.57905916e+02   2.27538613e-03
   3.57906404e+02   3.66241758e-04
   3.57906893e+02  -1.63616613e-03
   3.57907381e+02  -1.14081451e-03
   3.57907869e+02  -4.98475201e-05
   3.57908358e+02   4.91587271e-04
   3.57908846e+02   1.62924582e-03
   3.57909334e+02   2.19562161e-03
   3.57909822e+02   1.84106536e-03
   3.57910311e+02   1.18540728e-03
   3.57910799e+02  -8.37117725e-04
   3.57911287e+02  -1.65172713e-03
   3.57911776e+02  -1.35984423e-03
   3.57912264e+02   5.71661221e-04
   3.57912752e+02   4.21233475e-03
   3.57913241e+02   3.92538169e-03
   3.57913729e+02   1.77500758e-03
   3.57914217e+02   3.62194609e-03
   3.57914706e+02   2.30432372e-03
   3.57915194e+02  -6.36072713e-04
   3.57915682e+02   5.52530284e-04
   3.57916170e+02   2.06600339e-03
   3.57916659e+02   2.39186091e-04
   3.57917147e+02   1.38050207e-04
   3.57917635e+02   1.12534896e-03
   3.57918124e+02   8.46468727e-04
   3.57918612e+02   1.76781701e-04
   3.57919100e+02   4.88092657e-04
   3.57919589e+02   4.36816318e-03
   3.57920077e+02   6.56447234e-03
   3.57920565e+02   3.98922712e-03
   3.57921054e+02   3.57243209e-03
   3.57921542e+02   9.29559860e-03
   3.57922030e+02   1.53382020e-02
   3.57922518e+02   1.88274998e-02
   3.57923007e+02   2.12928616e-02
   3.57923495e+02   2.12748628e-02
   3.57923983e+02   1.88870989e-02
   3.57924472e+02   2.00464223e-02
   3.57924960e+02   1.96805038e-02
   3.57925448e+02   1.61090326e-02
   3.57925937e+02   1.26135238e-02
   3.57926425e+02   1.02539062e-02
   3.57926913e+02   6.38805469e-03
   3.57927402e+02   2.50699720e-03
   3.57927890e+02   3.42795253e-03
   3.57928378e+02   3.59627442e-03
   3.57928867e+02   2.78782239e-03
   3.57929355e+02   5.06405951e-03
   3.57929843e+02   6.23461138e-03
   3.57930331e+02   1.08333270e-03
   3.57930820e+02  -3.29412147e-03
   3.57931308e+02  -9.83241829e-04
   3.57931796e+02   2.06241384e-03
   3.57932285e+02   5.30209218e-04
   3.57932773e+02  -1.87099038e-03
   3.57933261e+02  -1.63871993e-03
   3.57933750e+02   7.48497667e-04
   3.57934238e+02   2.59849010e-03
   3.57934726e+02   2.42275326e-03
   3.57935215e+02   2.24049739e-03
   3.57935703e+02   3.36797605e-03
   3.57936191e+02   2.94121285e-03
   3.57936679e+02   9.66717780e-04
   3.57937168e+02  -1.60205178e-03
   3.57937656e+02  -2.75808689e-03
   3.57938144e+02  -7.15195667e-04
   3.57938633e+02  -1.17238167e-04
   3.57939121e+02  -1.60618045e-03
   3.57939609e+02  -1.89465703e-03
   3.57940098e+02  -1.37998385e-03
   3.57940586e+02  -5.01780072e-04
   3.57941074e+02  -3.86959146e-05
   3.57941563e+02   2.15969209e-04
   3.57942051e+02   1.89677672e-03
   3.57942539e+02   3.85691389e-03
   3.57943027e+02   3.25740734e-03
   3.57943516e+02  -2.04270822e-03
   3.57944004e+02  -4.30285605e-03
   3.57944492e+02  -1.73326919e-03
   3.57944981e+02  -6.92318135e-04
   3.57945469e+02   3.03636160e-04
   3.57945957e+02   2.41482700e-03
   3.57946446e+02   2.25712755e-03
   3.57946934e+02   6.96265954e-04
   3.57947422e+02   1.29597215e-03
   3.57947911e+02   1.52034580e-03
   3.57948399e+02  -7.54923909e-04
   3.57948887e+02  -1.73129456e-03
   3.57949375e+02  -6.67412125e-04
   3.57949864e+02  -7.82830321e-05
   3.57950352e+02  -3.96474934e-04
   3.57950840e+02  -1.92290227e-05
   3.57951329e+02   1.83788966e-03
   3.57951817e+02   2.57605687e-03
   3.57952305e+02   2.93979049e-03
   3.57952794e+02   8.53066449e-04
   3.57953282e+02  -2.40714522e-03
   3.57953770e+02  -1.05934637e-03
   3.57954259e+02   1.75053987e-03
   3.57954747e+02   2.51873909e-03
   3.57955235e+02   1.33075891e-03
   3.57955723e+02  -2.83212052e-04
   3.57956212e+02  -1.61862827e-05
   3.57956700e+02   3.25196685e-04
   3.57957188e+02  -6.83414910e-05
   3.57957677e+02   2.11256774e-04
   3.57958165e+02  -2.67099182e-04
   3.57958653e+02  -9.92143876e-04
   3.57959142e+02  -4.67778678e-04
   3.57959630e+02  -1.03715691e-04
   3.57960118e+02  -5.67079813e-04
   3.57960607e+02   9.41120888e-05
   3.57961095e+02   6.79509365e-04
   3.57961583e+02  -1.05462875e-03
   3.57962071e+02  -7.75175635e-04
   3.57962560e+02   5.39281347e-04
   3.57963048e+02   1.05328322e-03
   3.57963536e+02   2.35988107e-03
   3.57964025e+02   7.91711616e-04
   3.57964513e+02  -5.16351429e-04
   3.57965001e+02   1.03785493e-03
   3.57965490e+02   1.67464698e-03
   3.57965978e+02   1.41755841e-03
   3.57966466e+02   6.25679037e-04
   3.57966955e+02  -1.06027212e-04
   3.57967443e+02  -8.77569430e-04
   3.57967931e+02  -2.81808758e-03
   3.57968420e+02  -3.75318690e-03
   3.57968908e+02  -2.04871781e-03
   3.57969396e+02  -1.42522354e-03
   3.57969884e+02  -1.33695628e-03
   3.57970373e+02  -5.50008379e-04
   3.57970861e+02   6.89226086e-04
   3.57971349e+02   1.11212977e-03
   3.57971838e+02  -1.09426654e-03
   3.57972326e+02  -3.61748994e-03
   3.57972814e+02  -2.35434296e-03
   3.57973303e+02   2.14708108e-03
   3.57973791e+02   4.15790873e-03
   3.57974279e+02   1.89958350e-03
   3.57974768e+02   1.78453396e-03
   3.57975256e+02   2.09287810e-03
   3.57975744e+02   1.53310306e-03
   3.57976232e+02   3.34483432e-03
   3.57976721e+02   1.67892501e-03
   3.57977209e+02  -1.88686920e-03
   3.57977697e+02  -1.92575809e-03
   3.57978186e+02  -2.31430796e-03
   3.57978674e+02  -2.54540774e-03
   3.57979162e+02  -1.19310431e-03
   3.57979651e+02   2.06269775e-04
   3.57980139e+02   1.27085124e-03
   3.57980627e+02   1.95603981e-03
   3.57981116e+02   1.87526084e-03
   3.57981604e+02   5.64086309e-04
   3.57982092e+02  -8.98526981e-04
   3.57982580e+02  -1.61167188e-03
   3.57983069e+02  -1.08564901e-03
   3.57983557e+02   1.49797066e-03
   3.57984045e+02   3.18762613e-03
   3.57984534e+02   1.21660600e-03
   3.57985022e+02   8.79287603e-04
   3.57985510e+02   2.00604065e-03
   3.57985999e+02   9.75566159e-04
   3.57986487e+02  -7.75367444e-05
   3.57986975e+02   1.12909591e-03
   3.57987464e+02   3.07175494e-03
   3.57987952e+02   2.49734381e-03
   3.57988440e+02   2.16055335e-03
   3.57988928e+02   2.42553675e-03
   3.57989417e+02  -3.57570272e-04
   3.57989905e+02  -2.37985537e-03
   3.57990393e+02  -3.16951331e-03
   3.57990882e+02  -1.82910636e-03
   3.57991370e+02   2.51864945e-03
   3.57991858e+02   3.25064152e-03
   3.57992347e+02   1.86041987e-03
   3.57992835e+02   2.40055169e-03
   3.57993323e+02   4.09689080e-03
   3.57993812e+02   3.92202334e-03
   3.57994300e+02   2.14570691e-03
   3.57994788e+02  -3.04566522e-04
   3.57995276e+02  -1.93005858e-03
   3.57995765e+02  -1.34995230e-03
   3.57996253e+02  -1.76811489e-04
   3.57996741e+02   8.33513390e-04
   3.57997230e+02   2.47351779e-03
   3.57997718e+02   2.47369078e-03
   3.57998206e+02   1.02202792e-03
   3.57998695e+02   1.05978677e-03
   3.57999183e+02   8.64537607e-04
   3.57999671e+02  -7.29327672e-04
   3.58000160e+02  -1.17356866e-03
   3.58000648e+02  -2.53413367e-04
   3.58001136e+02   9.40682134e-04
   3.58001624e+02   2.66153296e-03
   3.58002113e+02   2.01965077e-03
   3.58002601e+02  -4.59242612e-04
   3.58003089e+02   6.17254467e-04
   3.58003578e+02   4.26011626e-03
   3.58004066e+02   4.33313521e-03
   3.58004554e+02   1.14849990e-03
   3.58005043e+02  -4.59740491e-04
   3.58005531e+02  -6.79031305e-04
   3.58006019e+02  -1.18365407e-03
   3.58006508e+02  -1.28083839e-03
   3.58006996e+02  -1.08676904e-03
   3.58007484e+02  -3.30353086e-03
   3.58007973e+02  -2.46330444e-03
   3.58008461e+02   3.46007105e-03
   3.58008949e+02   4.99105267e-03
   3.58009437e+02   2.15959852e-03
   3.58009926e+02   1.02337252e-03
   3.58010414e+02  -3.59304860e-04
   3.58010902e+02  -1.82368560e-03
   3.58011391e+02  -8.21485184e-04
   3.58011879e+02  -1.11025164e-03
   3.58012367e+02  -3.07851518e-03
   3.58012856e+02  -5.25515620e-03
   3.58013344e+02  -2.31219688e-03
   3.58013832e+02  -2.85333779e-04
   3.58014321e+02  -2.43376737e-04
   3.58014809e+02  -2.11717864e-03
   3.58015297e+02  -2.90221302e-03
   3.58015785e+02  -3.19811422e-03
   3.58016274e+02  -4.94693965e-03
   3.58016762e+02  -7.76640326e-03
   3.58017250e+02  -7.89392926e-03
   3.58017739e+02  -2.62101623e-03
   3.58018227e+02   1.88859215e-03
   3.58018715e+02   2.38095433e-03
   3.58019204e+02   4.66981932e-04
   3.58019692e+02   1.48702995e-04
   3.58020180e+02   1.48772239e-03
   3.58020669e+02   1.37407100e-03
   3.58021157e+02   2.40422646e-03
   3.58021645e+02   2.38394528e-03
   3.58022133e+02   4.21516947e-04
   3.58022622e+02   3.59709462e-04
   3.58023110e+02   5.91774762e-04
   3.58023598e+02   4.19455988e-04
   3.58024087e+02   1.52937579e-03
   3.58024575e+02   3.31115490e-03
   3.58025063e+02   3.54329566e-03
   3.58025552e+02   1.24418782e-03
   3.58026040e+02  -9.33184521e-04
   3.58026528e+02   9.74227714e-06
   3.58027017e+02   1.57641724e-03
   3.58027505e+02   2.64201011e-03
   3.58027993e+02   4.03198553e-03
   3.58028481e+02   3.37707065e-03
   3.58028970e+02   1.95443863e-03
   3.58029458e+02   2.52403831e-03
   3.58029946e+02   2.61983438e-03
   3.58030435e+02   1.18774630e-03
   3.58030923e+02  -1.36159745e-03
   3.58031411e+02  -3.13489279e-03
   3.58031900e+02  -1.77860819e-03
   3.58032388e+02  -2.17305002e-04
   3.58032876e+02  -7.55472458e-04
   3.58033365e+02  -2.97276140e-03
   3.58033853e+02  -5.18813683e-03
   3.58034341e+02  -4.52756463e-03
   3.58034829e+02  -4.46051173e-03
   3.58035318e+02  -5.16954577e-03
   3.58035806e+02  -2.77864747e-03
   3.58036294e+02  -1.56492763e-03
   3.58036783e+02  -2.41181394e-03
   3.58037271e+02  -2.83478061e-03
   3.58037759e+02  -2.46351189e-03
   3.58038248e+02  -1.43758289e-03
   3.58038736e+02   4.57525020e-05
   3.58039224e+02   4.55934525e-04
   3.58039713e+02   1.43644947e-03
   3.58040201e+02   3.59020708e-03
   3.58040689e+02   3.16793285e-03
   3.58041177e+02   1.97011977e-03
   3.58041666e+02   1.89953716e-03
   3.58042154e+02   2.18488066e-03
   3.58042642e+02   1.85932987e-03
   3.58043131e+02   2.36900727e-04
   3.58043619e+02  -1.37806020e-03
   3.58044107e+02  -5.37701126e-04
   3.58044596e+02   2.15075235e-03
   3.58045084e+02   3.70978122e-03
   3.58045572e+02   3.47534451e-03
   3.58046061e+02   1.94377650e-03
   3.58046549e+02   7.30702130e-04
   3.58047037e+02  -1.61303891e-04
   3.58047526e+02  -1.60411128e-03
   3.58048014e+02  -4.97358036e-04
   3.58048502e+02   2.21497961e-03
   3.58048990e+02   5.13958978e-04
   3.58049479e+02  -1.94596499e-03
   3.58049967e+02  -6.02682994e-04
   3.58050455e+02  -5.60759858e-04
   3.58050944e+02  -1.14441116e-03
   3.58051432e+02  -1.37033116e-03
   3.58051920e+02  -3.76177137e-03
   3.58052409e+02  -6.10787002e-03
   3.58052897e+02  -5.37029933e-03
   3.58053385e+02  -1.12921023e-03
   3.58053874e+02  -5.84238842e-05
   3.58054362e+02  -2.22534221e-03
   3.58054850e+02  -3.31097934e-03
   3.58055338e+02  -2.51336908e-03
   3.58055827e+02   7.14106864e-06
   3.58056315e+02   2.32447265e-03
   3.58056803e+02   2.02064821e-03
   3.58057292e+02   1.48049055e-03
   3.58057780e+02   2.64541479e-03
   3.58058268e+02   1.44940394e-03
   3.58058757e+02  -7.54827692e-04
   3.58059245e+02  -8.75749101e-04
   3.58059733e+02  -5.58324275e-04
   3.58060222e+02  -9.98634961e-04
   3.58060710e+02  -4.04780760e-04
   3.58061198e+02  -5.74464269e-04
   3.58061686e+02  -2.94217607e-03
   3.58062175e+02  -1.39715453e-03
   3.58062663e+02   1.35349366e-03
   3.58063151e+02   1.72235654e-04
   3.58063640e+02   5.57363150e-04
   3.58064128e+02   2.85906624e-03
   3.58064616e+02   3.51005117e-03
   3.58065105e+02   3.70071316e-03
   3.58065593e+02   1.10160536e-03
   3.58066081e+02  -3.63880256e-03
   3.58066570e+02  -4.77153808e-03
   3.58067058e+02  -4.38345742e-04
   3.58067546e+02   3.46467854e-03
   3.58068034e+02   2.55903555e-03
   3.58068523e+02   1.25894672e-04
   3.58069011e+02  -1.05300242e-04
   3.58069499e+02   9.37548000e-04
   3.58069988e+02   2.62094371e-04
   3.58070476e+02  -1.48767792e-03
