frequency (GHz), flux (Jy/beam)
   3.57803379e+02   2.96459417e-04
   3.57803867e+02   1.00796961e-03
   3.57804356e+02   1.44161695e-05
   3.57804844e+02  -1.34431908e-03
   3.57805332e+02  -8.05885647e-04
   3.57805821e+02   6.75877382e-04
   3.57806309e+02  -4.69338847e-04
   3.57806797e+02  -3.62324412e-03
   3.57807285e+02  -3.73705244e-03
   3.57807774e+02  -1.24074938e-03
   3.57808262e+02   5.81263390e-04
   3.57808750e+02   1.65464601e-03
   3.57809239e+02   2.34142470e-04
   3.57809727e+02  -2.62050470e-03
   3.57810215e+02  -3.67715303e-03
   3.57810704e+02  -1.34216354e-03
   3.57811192e+02   3.21128103e-03
   3.57811680e+02   5.84435137e-03
   3.57812169e+02   3.51194339e-03
   3.57812657e+02  -2.54480838e-04
   3.57813145e+02   6.11500582e-04
   3.57813633e+02   2.13151705e-03
   3.57814122e+02   4.99649963e-04
   3.57814610e+02  -6.91110035e-04
   3.57815098e+02  -1.45549455e-03
   3.57815587e+02  -2.83701532e-03
   3.57816075e+02  -5.02878474e-03
   3.57816563e+02  -5.49665419e-03
   3.57817052e+02  -3.83739755e-03
   3.57817540e+02  -1.23139541e-03
   3.57818028e+02   1.70516537e-03
   3.57818517e+02   3.35892360e-03
   3.57819005e+02   1.97346928e-03
   3.57819493e+02  -1.38935668e-03
   3.57819981e+02  -1.28275118e-04
   3.57820470e+02   3.43496352e-03
   3.57820958e+02   1.68999599e-03
   3.57821446e+02  -2.81058531e-03
   3.57821935e+02  -2.41273781e-03
   3.57822423e+02   1.55422045e-03
   3.57822911e+02   1.65384219e-04
   3.57823400e+02  -4.16983478e-03
   3.57823888e+02  -4.83199116e-03
   3.57824376e+02  -2.44231103e-03
   3.57824865e+02   7.42675678e-04
   3.57825353e+02   3.03649786e-03
   3.57825841e+02   1.66995369e-03
   3.57826330e+02  -2.68865586e-03
   3.57826818e+02  -3.59416567e-03
   3.57827306e+02  -5.21865615e-04
   3.57827794e+02   1.37519347e-03
   3.57828283e+02   1.05493842e-03
   3.57828771e+02   1.10444287e-03
   3.57829259e+02   2.90606939e-03
   3.57829748e+02   3.69928079e-03
   3.57830236e+02   2.80688563e-03
   3.57830724e+02   2.40949867e-03
   3.57831213e+02   2.58499128e-03
   3.57831701e+02   3.16117867e-03
   3.57832189e+02   2.79211416e-03
   3.57832678e+02  -9.65452346e-04
   3.57833166e+02  -2.80604442e-03
   3.57833654e+02   1.03945821e-03
   3.57834142e+02   4.49501397e-03
   3.57834631e+02   3.49497143e-03
   3.57835119e+02   1.87176047e-03
   3.57835607e+02   1.63519324e-03
   3.57836096e+02   3.28230672e-04
   3.57836584e+02  -8.76523845e-04
   3.57837072e+02  -5.68078831e-04
   3.57837561e+02   2.33168990e-04
   3.57838049e+02  -5.69974436e-05
   3.57838537e+02  -1.62077870e-03
   3.57839026e+02  -2.94067105e-03
   3.57839514e+02  -3.64261610e-03
   3.57840002e+02  -3.65159963e-03
   3.57840490e+02  -1.89861679e-03
   3.57840979e+02  -4.65846795e-04
   3.57841467e+02   3.51219671e-04
   3.57841955e+02   1.46444328e-03
   3.57842444e+02   1.17095595e-03
   3.57842932e+02  -1.33541692e-03
   3.57843420e+02  -9.21601953e-04
   3.57843909e+02   1.43510685e-03
   3.57844397e+02   1.41615549e-03
   3.57844885e+02  -5.38352004e-04
   3.57845374e+02  -2.34590354e-03
   3.57845862e+02  -2.60212692e-03
   3.57846350e+02  -2.81291257e-04
   3.57846838e+02   2.64199567e-03
   3.57847327e+02   1.52953761e-03
   3.57847815e+02  -2.11734255e-03
   3.57848303e+02  -3.10296332e-03
   3.57848792e+02  -3.16653098e-03
   3.57849280e+02  -2.96435971e-03
   3.57849768e+02  -1.83703552e-03
   3.57850257e+02  -1.66638067e-03
   3.57850745e+02  -1.98079040e-03
   3.57851233e+02  -1.92559429e-03
   3.57851722e+02   1.12649973e-03
   3.57852210e+02   4.19556582e-03
   3.57852698e+02   2.54531112e-03
   3.57853186e+02  -5.77609637e-04
   3.57853675e+02  -5.82144188e-04
   3.57854163e+02   1.54108892e-03
   3.57854651e+02   3.16261593e-03
   3.57855140e+02   2.54617771e-03
   3.57855628e+02   1.48167810e-03
   3.57856116e+02   6.02724554e-04
   3.57856605e+02  -2.47607357e-03
   3.57857093e+02  -5.79621084e-03
   3.57857581e+02  -6.05141139e-03
   3.57858070e+02  -3.87946190e-03
   3.57858558e+02  -1.52462313e-03
   3.57859046e+02  -7.97398563e-04
   3.57859534e+02   5.85706322e-04
   3.57860023e+02   3.17733246e-03
   3.57860511e+02   3.81671730e-03
   3.57860999e+02   3.48888803e-03
   3.57861488e+02   3.58228665e-03
   3.57861976e+02   2.50780722e-03
   3.57862464e+02   1.08795986e-03
   3.57862953e+02  -2.60847773e-05
   3.57863441e+02  -7.41234748e-04
   3.57863929e+02   1.52188865e-03
   3.57864418e+02   3.32928658e-03
   3.57864906e+02   1.28705916e-03
   3.57865394e+02  -1.27086614e-03
   3.57865883e+02  -1.59748725e-03
   3.57866371e+02  -7.64212804e-04
   3.57866859e+02   2.31035709e-04
   3.57867347e+02  -2.15800887e-04
   3.57867836e+02  -5.87564777e-04
   3.57868324e+02  -4.20904398e-05
   3.57868812e+02  -1.21374254e-03
   3.57869301e+02  -3.40223243e-03
   3.57869789e+02  -2.88616051e-03
   3.57870277e+02  -1.37373852e-03
   3.57870766e+02  -6.95306750e-04
   3.57871254e+02   7.02648598e-04
   3.57871742e+02   1.11537473e-03
   3.57872231e+02   1.84084382e-03
   3.57872719e+02   3.64494557e-03
   3.57873207e+02   4.59310832e-03
   3.57873695e+02   3.61354370e-03
   3.57874184e+02   1.54283992e-03
   3.57874672e+02   4.48559702e-04
   3.57875160e+02   1.07194681e-03
   3.57875649e+02   1.36647315e-03
   3.57876137e+02  -1.89353741e-04
   3.57876625e+02  -2.95072980e-03
   3.57877114e+02  -3.77630652e-03
   3.57877602e+02  -2.37046089e-03
   3.57878090e+02  -1.18144823e-03
   3.57878579e+02  -1.74649188e-03
   3.57879067e+02  -1.83062535e-03
   3.57879555e+02  -1.53403147e-03
   3.57880043e+02  -4.78991494e-03
   3.57880532e+02  -7.16423849e-03
   3.57881020e+02  -4.66858596e-03
   3.57881508e+02  -1.82919030e-03
   3.57881997e+02  -6.96445408e-04
   3.57882485e+02   1.73141132e-04
   3.57882973e+02   5.81996050e-04
   3.57883462e+02   2.39264074e-04
   3.57883950e+02  -3.57372366e-04
   3.57884438e+02  -1.18690128e-04
   3.57884927e+02   7.70927349e-04
   3.57885415e+02   3.67287663e-03
   3.57885903e+02   7.50507601e-03
   3.57886391e+02   7.17538735e-03
   3.57886880e+02   1.06625073e-03
   3.57887368e+02  -2.67968327e-03
   3.57887856e+02  -1.40682189e-03
   3.57888345e+02  -2.80806620e-04
   3.57888833e+02   2.51299003e-04
   3.57889321e+02   1.79445010e-03
   3.57889810e+02   2.96798092e-03
   3.57890298e+02   2.45156582e-03
   3.57890786e+02   3.04287253e-03
   3.57891275e+02   3.21973348e-03
   3.57891763e+02   1.39136950e-03
   3.57892251e+02   6.93130365e-04
   3.57892739e+02   4.62090480e-04
   3.57893228e+02  -1.39546616e-03
   3.57893716e+02  -2.41823355e-03
   3.57894204e+02  -1.85302563e-03
   3.57894693e+02  -1.44246465e-03
   3.57895181e+02   1.34891059e-04
   3.57895669e+02   1.85337337e-03
   3.57896158e+02   1.21990324e-03
   3.57896646e+02  -1.61059748e-03
   3.57897134e+02  -3.41578340e-03
   3.57897623e+02  -2.17317184e-03
   3.57898111e+02  -9.00303188e-04
   3.57898599e+02  -7.26158556e-04
   3.57899087e+02   5.46207084e-05
   3.57899576e+02  -8.14151135e-04
   3.57900064e+02  -3.10925092e-03
   3.57900552e+02  -1.77609315e-03
   3.57901041e+02   1.19965011e-03
   3.57901529e+02   2.48325081e-03
   3.57902017e+02   1.52195408e-03
   3.57902506e+02  -8.48746160e-04
   3.57902994e+02  -1.82200235e-03
   3.57903482e+02  -7.98581226e-04
   3.57903971e+02   7.29333842e-04
   3.57904459e+02   1.33364240e-03
   3.57904947e+02  -1.17265549e-03
   3.57905436e+02  -3.55739682e-03
   3.57905924e+02  -1.59906724e-03
   3.57906412e+02   3.15106503e-04
   3.57906900e+02   1.72525310e-04
   3.57907389e+02  -7.65026140e-04
   3.57907877e+02  -1.25862553e-03
   3.57908365e+02  -4.31424880e-04
   3.57908854e+02  -1.39749469e-03
   3.57909342e+02  -3.57131567e-03
   3.57909830e+02  -4.38301917e-03
   3.57910319e+02  -2.58251373e-03
   3.57910807e+02   2.74589635e-04
   3.57911295e+02   9.72320559e-04
   3.57911784e+02  -8.89795425e-04
   3.57912272e+02  -3.59357870e-03
   3.57912760e+02  -3.03281099e-03
   3.57913248e+02   1.14884623e-03
   3.57913737e+02   3.85799655e-03
   3.57914225e+02   4.10482800e-03
   3.57914713e+02   2.85817450e-03
   3.57915202e+02   1.26364699e-03
   3.57915690e+02   1.80312467e-03
   3.57916178e+02   2.34777317e-03
   3.57916667e+02   9.81270568e-04
   3.57917155e+02   2.35334039e-04
   3.57917643e+02   1.60786833e-04
   3.57918132e+02  -5.00514754e-04
   3.57918620e+02  -7.90331804e-04
   3.57919108e+02   7.80152215e-04
   3.57919596e+02   3.28934053e-03
   3.57920085e+02   4.99458611e-03
   3.57920573e+02   4.41254489e-03
   3.57921061e+02   1.14428147e-03
   3.57921550e+02  -1.48676336e-03
   3.57922038e+02  -1.10987702e-03
   3.57922526e+02  -1.45694707e-04
   3.57923015e+02   5.59781736e-04
   3.57923503e+02   6.75015792e-04
   3.57923991e+02   6.52288261e-04
   3.57924480e+02   1.51587406e-03
   3.57924968e+02   2.54905783e-03
   3.57925456e+02   1.16424134e-03
   3.57925944e+02  -3.94692365e-03
   3.57926433e+02  -6.07611099e-03
   3.57926921e+02  -3.95763572e-03
   3.57927409e+02  -4.39810101e-03
   3.57927898e+02  -4.78650024e-03
   3.57928386e+02  -1.65019778e-03
   3.57928874e+02   1.96595414e-04
   3.57929363e+02  -1.84275303e-03
   3.57929851e+02  -3.83142359e-03
   3.57930339e+02  -2.76025571e-03
   3.57930828e+02   1.85480065e-04
   3.57931316e+02   1.08905486e-03
   3.57931804e+02  -4.35769267e-04
   3.57932292e+02  -1.58627459e-03
   3.57932781e+02  -1.22496171e-03
   3.57933269e+02  -1.42478745e-03
   3.57933757e+02  -4.78227972e-04
   3.57934246e+02   2.47838837e-03
   3.57934734e+02   2.36176234e-03
   3.57935222e+02  -3.30856157e-04
   3.57935711e+02  -7.43052515e-04
   3.57936199e+02   3.66352266e-04
   3.57936687e+02  -3.12708959e-04
   3.57937176e+02  -6.77317148e-04
   3.57937664e+02  -7.24521407e-04
   3.57938152e+02  -2.55060266e-03
   3.57938640e+02  -3.01929307e-03
   3.57939129e+02  -1.56383892e-03
   3.57939617e+02  -1.56910508e-04
   3.57940105e+02   1.06620579e-03
   3.57940594e+02  -7.57954898e-04
   3.57941082e+02  -2.83689797e-03
   3.57941570e+02  -1.50172587e-03
   3.57942059e+02   1.12799520e-03
   3.57942547e+02   2.61306250e-03
   3.57943035e+02   1.58563047e-03
   3.57943524e+02   2.31826562e-03
   3.57944012e+02   3.99173005e-03
   3.57944500e+02   1.32790708e-03
   3.57944989e+02  -1.97483925e-03
   3.57945477e+02  -2.07493431e-03
   3.57945965e+02   5.65852446e-04
   3.57946453e+02   2.92743649e-03
   3.57946942e+02   1.78264559e-03
   3.57947430e+02  -7.63372227e-04
   3.57947918e+02  -1.59761123e-03
   3.57948407e+02  -1.96927926e-03
   3.57948895e+02  -1.93263253e-03
   3.57949383e+02  -2.37981719e-03
   3.57949872e+02  -3.74428835e-03
   3.57950360e+02  -2.42607598e-03
   3.57950848e+02   5.52225974e-04
   3.57951337e+02   1.54044584e-03
   3.57951825e+02   1.47792220e-03
   3.57952313e+02   1.56935898e-03
   3.57952801e+02   2.26085423e-03
   3.57953290e+02   1.24837121e-03
   3.57953778e+02  -7.40754651e-04
   3.57954266e+02  -1.16490782e-03
   3.57954755e+02   1.53635547e-03
   3.57955243e+02   4.24910150e-03
   3.57955731e+02   2.94223940e-03
   3.57956220e+02   8.81690939e-04
   3.57956708e+02   7.96478009e-04
   3.57957196e+02   4.30644403e-04
   3.57957685e+02  -6.30305265e-04
   3.57958173e+02   1.68588929e-04
   3.57958661e+02   2.18709407e-04
   3.57959149e+02  -2.35692901e-03
   3.57959638e+02  -3.86820943e-03
   3.57960126e+02  -4.13569435e-03
   3.57960614e+02  -3.66846682e-03
   3.57961103e+02  -1.27996691e-03
   3.57961591e+02   7.12284760e-04
   3.57962079e+02  -2.67373398e-04
   3.57962568e+02  -3.39525333e-03
   3.57963056e+02  -5.26610389e-03
   3.57963544e+02  -3.96397384e-03
   3.57964033e+02  -1.68167998e-03
   3.57964521e+02  -7.90275750e-04
   3.57965009e+02  -1.16042176e-03
   3.57965497e+02  -7.14202120e-04
   3.57965986e+02  -1.97802990e-04
   3.57966474e+02  -1.13421527e-03
   3.57966962e+02  -1.47257815e-03
   3.57967451e+02  -1.78807386e-04
   3.57967939e+02   1.73247629e-03
   3.57968427e+02   2.19262275e-03
   3.57968916e+02   7.64637662e-05
   3.57969404e+02  -2.44114082e-03
   3.57969892e+02  -4.14348533e-03
   3.57970381e+02  -3.87801672e-03
   3.57970869e+02  -5.47025003e-04
   3.57971357e+02   2.83047557e-03
   3.57971845e+02   4.14048694e-03
   3.57972334e+02   3.25300638e-03
   3.57972822e+02   1.54665334e-03
   3.57973310e+02  -1.94282096e-04
   3.57973799e+02  -2.10463550e-04
   3.57974287e+02   2.36944691e-03
   3.57974775e+02   3.57536506e-03
   3.57975264e+02   3.79348407e-03
   3.57975752e+02   3.07196612e-03
   3.57976240e+02   1.72821956e-03
   3.57976729e+02   3.76133574e-03
   3.57977217e+02   5.19719347e-03
   3.57977705e+02   4.14654380e-04
   3.57978193e+02   1.07037904e-05
   3.57978682e+02   4.39440337e-04
   3.57979170e+02  -1.30104262e-03
   3.57979658e+02  -1.21131765e-04
   3.57980147e+02   2.37682206e-03
   3.57980635e+02   1.40859000e-03
   3.57981123e+02   4.13549278e-04
   3.57981612e+02   6.09153321e-05
   3.57982100e+02   6.61374128e-04
   3.57982588e+02   9.56205127e-04
   3.57983077e+02  -6.64936815e-05
   3.57983565e+02   1.45734358e-03
   3.57984053e+02   4.06707544e-03
   3.57984542e+02   3.07919085e-03
   3.57985030e+02  -5.02637879e-04
   3.57985518e+02  -2.42117653e-03
   3.57986006e+02  -1.67587516e-03
   3.57986495e+02  -9.13577605e-05
   3.57986983e+02   3.28864582e-04
   3.57987471e+02   3.80178128e-04
   3.57987960e+02   7.51438201e-04
   3.57988448e+02   7.42551347e-04
   3.57988936e+02   2.38482244e-04
   3.57989425e+02   5.58430620e-04
   3.57989913e+02   9.40550934e-04
   3.57990401e+02  -1.67197213e-04
   3.57990890e+02  -1.48685498e-03
   3.57991378e+02  -2.47716578e-03
   3.57991866e+02  -3.38760368e-03
   3.57992354e+02  -2.79637310e-03
   3.57992843e+02  -1.14566553e-03
   3.57993331e+02  -9.77631309e-04
   3.57993819e+02  -2.54645664e-03
   3.57994308e+02  -5.03862603e-03
   3.57994796e+02  -3.59033491e-03
   3.57995284e+02   9.03206819e-04
   3.57995773e+02   1.14217750e-03
   3.57996261e+02   5.35967818e-04
   3.57996749e+02   6.19957282e-04
   3.57997238e+02  -1.47295173e-03
   3.57997726e+02  -1.93885143e-03
   3.57998214e+02   3.66453198e-04
   3.57998702e+02   2.56610778e-03
   3.57999191e+02   2.63689412e-03
   3.57999679e+02  -1.52800814e-04
   3.58000167e+02  -2.47703819e-03
   3.58000656e+02  -2.35892553e-03
   3.58001144e+02  -2.48593208e-03
   3.58001632e+02  -2.26696068e-03
   3.58002121e+02  -1.75256166e-04
   3.58002609e+02   1.06455002e-03
   3.58003097e+02  -1.22388432e-04
   3.58003586e+02  -2.39178492e-03
   3.58004074e+02  -3.33895627e-03
   3.58004562e+02  -1.17742480e-03
   3.58005050e+02   2.86665210e-03
   3.58005539e+02   3.82532459e-03
   3.58006027e+02   7.95475789e-04
   3.58006515e+02  -6.03805995e-04
   3.58007004e+02   1.24753278e-03
   3.58007492e+02   2.43004877e-03
   3.58007980e+02   1.85128592e-03
   3.58008469e+02   1.51976873e-03
   3.58008957e+02   2.08646711e-03
   3.58009445e+02   4.02794423e-04
   3.58009934e+02  -1.90082192e-03
   3.58010422e+02  -9.32809082e-04
   3.58010910e+02   5.73549514e-05
   3.58011398e+02  -1.09460833e-03
   3.58011887e+02  -2.39900593e-03
   3.58012375e+02  -2.23534438e-03
   3.58012863e+02   6.06596353e-04
   3.58013352e+02   2.06318288e-03
   3.58013840e+02   1.45303074e-03
   3.58014328e+02  -1.55754838e-04
   3.58014817e+02  -1.08110835e-03
   3.58015305e+02   8.55445571e-04
   3.58015793e+02   1.03302405e-03
   3.58016282e+02  -1.05692144e-03
   3.58016770e+02  -1.40895625e-03
   3.58017258e+02  -2.19821278e-03
   3.58017746e+02  -3.90807167e-03
   3.58018235e+02  -3.38875898e-03
   3.58018723e+02  -1.66803045e-04
   3.58019211e+02   1.06239726e-03
   3.58019700e+02  -7.07906147e-04
   3.58020188e+02  -6.87533466e-04
   3.58020676e+02   4.64285957e-04
   3.58021165e+02   8.76999344e-04
   3.58021653e+02   3.94405302e-04
   3.58022141e+02  -8.50310782e-04
   3.58022630e+02  -1.00963924e-03
   3.58023118e+02   7.35755137e-04
   3.58023606e+02   7.21372897e-04
   3.58024095e+02  -4.41646343e-03
   3.58024583e+02  -7.84267019e-03
   3.58025071e+02  -4.97030141e-03
   3.58025559e+02  -1.21237885e-03
   3.58026048e+02  -8.19613109e-04
   3.58026536e+02  -4.16010938e-04
   3.58027024e+02   1.55709113e-03
   3.58027513e+02   2.95372866e-03
   3.58028001e+02   4.06514527e-03
   3.58028489e+02   4.43885801e-03
   3.58028978e+02   3.57574411e-03
   3.58029466e+02   1.39759236e-03
   3.58029954e+02  -1.22096844e-03
   3.58030443e+02  -5.25976648e-04
   3.58030931e+02   1.30085344e-03
   3.58031419e+02   1.09278155e-03
   3.58031907e+02   1.67175161e-03
   3.58032396e+02   2.39168224e-03
   3.58032884e+02   8.45495204e-04
   3.58033372e+02  -2.47548241e-03
   3.58033861e+02  -5.25308400e-03
   3.58034349e+02  -3.76627571e-03
   3.58034837e+02  -9.67562315e-04
   3.58035326e+02  -1.06655248e-03
   3.58035814e+02  -1.95665983e-03
   3.58036302e+02   3.10390402e-04
   3.58036791e+02   1.39569817e-03
   3.58037279e+02   1.48946524e-03
   3.58037767e+02   2.01251637e-03
   3.58038255e+02   1.02535810e-03
   3.58038744e+02  -8.27419222e-04
   3.58039232e+02  -1.64378624e-04
   3.58039720e+02  -1.26260030e-03
   3.58040209e+02  -4.22291504e-03
   3.58040697e+02  -3.28575168e-03
   3.58041185e+02  -2.04467317e-04
   3.58041674e+02   2.20684079e-03
   3.58042162e+02   2.18797056e-03
   3.58042650e+02  -2.54990562e-04
   3.58043139e+02  -2.69866758e-03
   3.58043627e+02  -3.24147497e-03
   3.58044115e+02  -1.84198783e-03
   3.58044603e+02  -1.36782858e-03
   3.58045092e+02  -1.91338139e-03
   3.58045580e+02  -1.30305067e-03
   3.58046068e+02   4.79428156e-04
   3.58046557e+02   1.68450631e-03
   3.58047045e+02   1.72743783e-03
   3.58047533e+02  -6.59350480e-04
   3.58048022e+02  -1.95134233e-03
   3.58048510e+02  -5.79324726e-04
   3.58048998e+02   1.00173778e-03
   3.58049487e+02   1.76021026e-03
   3.58049975e+02   2.87682982e-03
   3.58050463e+02   4.14738758e-03
   3.58050951e+02   3.31747485e-03
   3.58051440e+02   2.08540983e-03
   3.58051928e+02   1.94654416e-03
   3.58052416e+02   3.07317823e-03
   3.58052905e+02   4.16082237e-03
   3.58053393e+02   2.72215926e-03
   3.58053881e+02  -2.32853374e-04
   3.58054370e+02  -3.09961382e-03
   3.58054858e+02  -4.05727746e-03
   3.58055346e+02  -3.16476100e-03
   3.58055835e+02  -1.92158355e-03
   3.58056323e+02   3.54845288e-05
   3.58056811e+02   7.88131612e-04
   3.58057299e+02  -2.54455721e-03
   3.58057788e+02  -5.35645382e-03
   3.58058276e+02  -2.79197562e-03
   3.58058764e+02   4.87556099e-04
   3.58059253e+02  -6.70770707e-04
   3.58059741e+02  -3.78024345e-03
   3.58060229e+02  -4.50186292e-03
   3.58060718e+02  -1.95694808e-03
   3.58061206e+02   7.53719301e-04
   3.58061694e+02   2.03791773e-03
   3.58062183e+02   2.99525168e-03
   3.58062671e+02   2.58683902e-03
   3.58063159e+02   3.00496770e-03
   3.58063648e+02   4.79580602e-03
   3.58064136e+02   4.08597244e-03
   3.58064624e+02   5.79928339e-04
   3.58065112e+02  -1.70109980e-03
   3.58065601e+02  -2.16201995e-03
   3.58066089e+02  -2.35847733e-03
   3.58066577e+02  -2.17111479e-03
   3.58067066e+02  -1.53110130e-03
   3.58067554e+02   1.16073141e-04
   3.58068042e+02   2.21968535e-03
   3.58068531e+02   1.96034042e-03
   3.58069019e+02  -5.83785062e-04
   3.58069507e+02  -1.02194224e-03
   3.58069996e+02  -5.29623467e-05
   3.58070484e+02   3.16593068e-04
   3.58070972e+02   5.39313012e-04
   3.58071460e+02   1.65303773e-03
   3.58071949e+02   3.11371684e-03
   3.58072437e+02   3.38719017e-03
   3.58072925e+02   1.80325459e-03
   3.58073414e+02  -6.49172405e-04
   3.58073902e+02  -2.27139913e-03
   3.58074390e+02  -2.58980785e-03
   3.58074879e+02  -2.28339783e-03
   3.58075367e+02  -2.13595270e-03
   3.58075855e+02  -1.85338932e-03
   3.58076344e+02  -1.41235848e-03
   3.58076832e+02  -3.12777003e-03
   3.58077320e+02  -4.84593632e-03
   3.58077808e+02  -4.07252600e-03
   3.58078297e+02  -1.62447069e-03
   3.58078785e+02  -3.18545353e-04
   3.58079273e+02   2.73584883e-04
   3.58079762e+02   2.76052183e-03
   3.58080250e+02   3.32742813e-03
   3.58080738e+02   1.29991327e-03
   3.58081227e+02   6.43967185e-04
   3.58081715e+02   1.11918768e-03
   3.58082203e+02   8.06409982e-04
   3.58082692e+02  -1.23201695e-04
   3.58083180e+02   3.86602216e-04
   3.58083668e+02   1.65803160e-03
   3.58084156e+02   2.91757332e-03
   3.58084645e+02   3.80260847e-03
   3.58085133e+02   2.27700826e-03
   3.58085621e+02   3.59366677e-05
   3.58086110e+02  -3.85689869e-04
   3.58086598e+02  -1.93366373e-04
   3.58087086e+02   1.62704953e-03
   3.58087575e+02   4.10328200e-03
   3.58088063e+02   2.03941483e-03
   3.58088551e+02  -9.72258917e-04
   3.58089040e+02  -8.74465506e-04
   3.58089528e+02  -6.63221232e-04
   3.58090016e+02  -2.20005936e-03
   3.58090504e+02  -2.59194919e-03
   3.58090993e+02  -6.80782949e-04
   3.58091481e+02  -2.70451623e-04
   3.58091969e+02  -2.35805567e-03
   3.58092458e+02  -2.63558421e-03
   3.58092946e+02  -8.26107629e-04
   3.58093434e+02   1.25061464e-03
   3.58093923e+02   2.17915047e-03
   3.58094411e+02   2.00875034e-03
   3.58094899e+02   2.03453423e-03
   3.58095388e+02   1.66459312e-03
   3.58095876e+02   1.05503527e-03
   3.58096364e+02   2.69761146e-03
   3.58096852e+02   4.41408902e-03
   3.58097341e+02   2.42515258e-03
   3.58097829e+02   3.76981770e-05
   3.58098317e+02  -4.80777584e-04
   3.58098806e+02   3.52099916e-04
   3.58099294e+02   1.18931360e-03
   3.58099782e+02   4.08689491e-04
   3.58100271e+02   4.09323780e-04
   3.58100759e+02   2.87472294e-03
   3.58101247e+02   2.75667221e-03
   3.58101736e+02  -9.45149222e-04
   3.58102224e+02  -2.44056620e-03
   3.58102712e+02  -5.48712211e-04
   3.58103201e+02   9.39919846e-05
   3.58103689e+02  -1.76420587e-03
   3.58104177e+02  -3.15253297e-03
   3.58104665e+02  -2.70001148e-03
   3.58105154e+02  -4.82486677e-04
   3.58105642e+02   2.83125509e-03
   3.58106130e+02   5.05173160e-03
   3.58106619e+02   5.21813147e-03
   3.58107107e+02   5.67794545e-03
   3.58107595e+02   6.66708359e-03
   3.58108084e+02   5.06102387e-03
   3.58108572e+02   5.72150340e-04
   3.58109060e+02  -5.00881230e-04
   3.58109549e+02   1.87982409e-03
   3.58110037e+02   1.65681320e-03
   3.58110525e+02  -5.97954611e-04
   3.58111013e+02  -3.34810792e-03
   3.58111502e+02  -6.24956889e-03
   3.58111990e+02  -6.33108476e-03
   3.58112478e+02  -3.47620063e-03
   3.58112967e+02  -1.51818560e-03
   3.58113455e+02  -1.03048165e-03
   3.58113943e+02   4.90980456e-05
   3.58114432e+02   1.05278206e-03
   3.58114920e+02   2.06880947e-03
   3.58115408e+02   4.05284017e-03
   3.58115897e+02   4.42903349e-03
   3.58116385e+02   2.71929358e-03
   3.58116873e+02   2.11601472e-03
   3.58117361e+02   1.92348834e-03
   3.58117850e+02  -7.15934962e-04
   3.58118338e+02  -2.84181396e-03
   3.58118826e+02  -1.58392871e-03
   3.58119315e+02   2.35143889e-04
   3.58119803e+02   1.53890729e-03
   3.58120291e+02   3.26046278e-03
   3.58120780e+02   3.89718171e-03
   3.58121268e+02   2.38119625e-03
   3.58121756e+02   9.94213973e-04
   3.58122245e+02   2.75084458e-04
   3.58122733e+02  -9.53799579e-04
   3.58123221e+02  -6.75915449e-04
   3.58123709e+02   7.75559820e-05
   3.58124198e+02  -3.00384709e-03
   3.58124686e+02  -5.88034838e-03
   3.58125174e+02  -3.93483648e-03
   3.58125663e+02   2.45465868e-04
   3.58126151e+02   1.51095714e-03
   3.58126639e+02  -9.71318688e-04
   3.58127128e+02  -1.71326916e-03
   3.58127616e+02   8.41520901e-04
   3.58128104e+02   1.49409854e-04
   3.58128593e+02  -2.98454426e-03
   3.58129081e+02  -1.73757423e-03
   3.58129569e+02   1.63843192e-03
   3.58130057e+02   2.07784702e-03
   3.58130546e+02   5.74128819e-04
   3.58131034e+02  -3.68395854e-06
   3.58131522e+02   1.92692460e-04
   3.58132011e+02   1.00356585e-03
   3.58132499e+02   3.76459653e-03
   3.58132987e+02   4.18065442e-03
   3.58133476e+02  -6.19938131e-04
   3.58133964e+02  -4.97697433e-03
   3.58134452e+02  -5.25192218e-03
   3.58134941e+02  -2.39541987e-03
   3.58135429e+02  -6.14261487e-04
   3.58135917e+02  -2.86311936e-03
   3.58136405e+02  -2.89967470e-03
   3.58136894e+02   5.00719238e-04
   3.58137382e+02   3.13877896e-03
   3.58137870e+02   2.27947719e-03
   3.58138359e+02   7.07403524e-04
   3.58138847e+02   1.49672944e-03
   3.58139335e+02   2.43018824e-03
   3.58139824e+02   2.62940768e-03
   3.58140312e+02   1.67293660e-03
   3.58140800e+02   9.86144878e-04
   3.58141289e+02   1.80989481e-03
   3.58141777e+02   8.96940765e-04
   3.58142265e+02  -5.53762948e-04
   3.58142754e+02  -6.97491923e-04
   3.58143242e+02   9.11191979e-04
   3.58143730e+02   2.10490730e-03
   3.58144218e+02   5.74377736e-05
   3.58144707e+02  -1.31424388e-03
   3.58145195e+02  -1.65451784e-03
   3.58145683e+02  -1.55844388e-03
   3.58146172e+02  -4.70473897e-04
   3.58146660e+02   1.60913542e-03
   3.58147148e+02   4.58674412e-03
   3.58147637e+02   3.53133259e-03
   3.58148125e+02  -2.22553732e-03
   3.58148613e+02  -4.42472193e-03
   3.58149102e+02  -1.05038902e-03
   3.58149590e+02   2.53384607e-03
   3.58150078e+02   3.07225413e-03
   3.58150566e+02   1.29939010e-03
   3.58151055e+02  -6.88670494e-04
   3.58151543e+02  -1.60869223e-03
   3.58152031e+02  -1.31131813e-03
   3.58152520e+02   1.03940000e-03
   3.58153008e+02   3.97217181e-03
   3.58153496e+02   6.18003914e-03
   3.58153985e+02   6.03386573e-03
   3.58154473e+02   3.19932005e-03
   3.58154961e+02   5.19104186e-04
   3.58155450e+02  -5.91728429e-04
   3.58155938e+02   1.78209986e-04
   3.58156426e+02   8.49233591e-04
   3.58156914e+02  -1.17631827e-03
   3.58157403e+02  -3.18909436e-03
   3.58157891e+02  -2.64192489e-03
   3.58158379e+02  -4.04765713e-04
   3.58158868e+02   6.13742857e-04
   3.58159356e+02  -1.74722110e-04
   3.58159844e+02  -1.14840339e-03
   3.58160333e+02  -1.51087195e-04
   3.58160821e+02   2.22415826e-03
   3.58161309e+02   3.13435774e-03
   3.58161798e+02   2.79911002e-03
   3.58162286e+02   1.82508025e-03
   3.58162774e+02   1.09675201e-03
   3.58163262e+02   1.37258600e-03
   3.58163751e+02   8.12363403e-04
   3.58164239e+02  -4.66669939e-04
   3.58164727e+02  -3.61004495e-04
   3.58165216e+02  -6.79594581e-04
   3.58165704e+02  -2.40702182e-03
   3.58166192e+02  -4.37707826e-03
   3.58166681e+02  -4.93704109e-03
   3.58167169e+02  -2.63050455e-03
   3.58167657e+02  -4.06640247e-05
   3.58168146e+02  -1.92806823e-04
   3.58168634e+02  -2.97398947e-04
   3.58169122e+02   8.47794072e-05
   3.58169610e+02   3.32504424e-04
   3.58170099e+02   1.57864345e-03
   3.58170587e+02   2.26668944e-03
   3.58171075e+02   4.95801389e-04
   3.58171564e+02  -1.82762020e-03
   3.58172052e+02  -2.98125180e-03
   3.58172540e+02  -2.01753760e-03
   3.58173029e+02   1.93039002e-03
   3.58173517e+02   4.07696050e-03
   3.58174005e+02   1.65618525e-03
   3.58174494e+02  -1.15055428e-03
   3.58174982e+02  -3.44524998e-03
   3.58175470e+02  -3.89190111e-03
   3.58175958e+02  -2.42031459e-03
   3.58176447e+02  -1.10149081e-03
   3.58176935e+02  -1.27450225e-03
   3.58177423e+02  -4.13629605e-04
   3.58177912e+02   6.72863796e-04
   3.58178400e+02  -2.69756565e-04
   3.58178888e+02  -2.03631376e-03
   3.58179377e+02  -1.45552016e-03
   3.58179865e+02   6.13493728e-04
   3.58180353e+02   6.19882718e-04
   3.58180842e+02   2.36706052e-04
   3.58181330e+02   2.12548743e-03
   3.58181818e+02   3.26436758e-03
   3.58182307e+02   2.58702040e-03
   3.58182795e+02   1.09121588e-03
   3.58183283e+02   1.35330076e-03
   3.58183771e+02   3.72182159e-03
   3.58184260e+02   4.37073223e-03
   3.58184748e+02   3.19306506e-03
   3.58185236e+02   1.51047215e-03
   3.58185725e+02   1.34225306e-03
   3.58186213e+02   3.39956675e-03
   3.58186701e+02   2.59477342e-03
   3.58187190e+02  -1.27295047e-04
   3.58187678e+02   1.23420067e-03
   3.58188166e+02   4.16376302e-03
   3.58188655e+02   4.20714216e-03
   3.58189143e+02   2.56406865e-03
   3.58189631e+02   7.15894392e-04
   3.58190119e+02  -8.22262373e-04
   3.58190608e+02   1.29142869e-03
   3.58191096e+02   3.16186761e-03
   3.58191584e+02   1.72700314e-03
   3.58192073e+02   3.30211176e-03
   3.58192561e+02   5.85194724e-03
   3.58193049e+02   4.45600692e-03
   3.58193538e+02   3.64505709e-03
   3.58194026e+02   3.40094441e-03
   3.58194514e+02   1.41680916e-03
   3.58195003e+02   9.57988552e-04
   3.58195491e+02   2.54151598e-03
   3.58195979e+02   3.79618863e-03
   3.58196467e+02   3.45285214e-03
   3.58196956e+02   1.60079915e-03
   3.58197444e+02  -7.26702216e-04
   3.58197932e+02  -2.52299011e-03
   3.58198421e+02  -2.66681146e-03
   3.58198909e+02  -2.25099328e-04
   3.58199397e+02  -6.56619552e-04
   3.58199886e+02  -5.72481251e-04
   3.58200374e+02   2.72319582e-03
   3.58200862e+02   2.72676605e-03
   3.58201351e+02   1.18179771e-03
   3.58201839e+02   5.37544722e-04
   3.58202327e+02  -1.06335850e-03
   3.58202815e+02  -1.54682773e-03
   3.58203304e+02  -3.23199481e-03
   3.58203792e+02  -8.07629619e-03
   3.58204280e+02  -6.72253082e-03
   3.58204769e+02  -4.97864312e-05
   3.58205257e+02   1.56900659e-03
   3.58205745e+02  -4.08030668e-04
   3.58206234e+02  -1.24480657e-03
   3.58206722e+02  -3.13051208e-03
   3.58207210e+02  -3.77491163e-03
   3.58207699e+02  -1.08320196e-03
   3.58208187e+02   2.61736126e-03
   3.58208675e+02   3.26858135e-03
   3.58209163e+02   1.25736406e-03
   3.58209652e+02   8.64622823e-04
   3.58210140e+02   9.60204110e-04
   3.58210628e+02   1.20082626e-03
   3.58211117e+02   8.81642860e-04
   3.58211605e+02   3.73668940e-04
   3.58212093e+02   2.54415674e-04
   3.58212582e+02   3.59526020e-04
   3.58213070e+02  -9.95272188e-04
   3.58213558e+02  -3.73841124e-03
   3.58214047e+02  -2.86164042e-03
   3.58214535e+02  -1.19143457e-03
   3.58215023e+02  -1.40363968e-03
   3.58215511e+02   2.15015002e-03
   3.58216000e+02   7.02803582e-03
   3.58216488e+02   6.39800634e-03
   3.58216976e+02   2.89770309e-03
   3.58217465e+02   7.05775223e-04
   3.58217953e+02   1.69965008e-03
   3.58218441e+02   6.67526256e-05
   3.58218930e+02  -2.90242094e-03
   3.58219418e+02  -2.08823546e-03
   3.58219906e+02  -3.52744712e-03
   3.58220395e+02  -6.06771372e-03
   3.58220883e+02  -6.93356618e-03
   3.58221371e+02  -9.72885359e-03
   3.58221860e+02  -9.95719805e-03
   3.58222348e+02  -4.77803359e-03
   3.58222836e+02  -2.44175346e-04
   3.58223324e+02   3.37037584e-03
   3.58223813e+02   4.49073315e-03
   3.58224301e+02   1.44005916e-03
   3.58224789e+02  -3.00427957e-04
   3.58225278e+02  -5.44791692e-04
   3.58225766e+02  -1.57292688e-03
   3.58226254e+02  -1.10168464e-03
   3.58226743e+02   9.87230451e-04
   3.58227231e+02   4.66195541e-03
   3.58227719e+02   5.71174920e-03
   3.58228208e+02   3.45076155e-03
   3.58228696e+02   2.29469454e-03
   3.58229184e+02   2.41888338e-03
   3.58229672e+02   1.90064672e-03
   3.58230161e+02  -1.73363811e-03
   3.58230649e+02  -3.25119379e-03
   3.58231137e+02   1.88554972e-04
   3.58231626e+02   1.62487128e-03
   3.58232114e+02  -1.03997299e-03
   3.58232602e+02  -9.27733956e-04
   3.58233091e+02   1.83724472e-03
   3.58233579e+02   3.12923081e-03
   3.58234067e+02   2.45147618e-03
   3.58234556e+02   2.61866348e-03
   3.58235044e+02   3.94747499e-03
   3.58235532e+02   3.89920524e-03
   3.58236020e+02   1.73728133e-03
   3.58236509e+02  -1.07447279e-03
   3.58236997e+02  -2.26092432e-03
   3.58237485e+02   1.02385285e-03
   3.58237974e+02   5.20359026e-03
   3.58238462e+02   5.14145195e-03
   3.58238950e+02   5.09124948e-04
   3.58239439e+02  -4.54384740e-03
   3.58239927e+02  -7.04715308e-03
   3.58240415e+02  -6.31917873e-03
   3.58240904e+02  -2.45276350e-03
   3.58241392e+02   1.23113883e-03
   3.58241880e+02   7.45762547e-04
   3.58242368e+02  -1.18722545e-03
   3.58242857e+02  -1.69679488e-03
   3.58243345e+02  -8.41140747e-04
   3.58243833e+02   1.55818090e-03
   3.58244322e+02   2.93197902e-03
   3.58244810e+02   4.20087762e-03
   3.58245298e+02   3.30258394e-03
   3.58245787e+02  -8.73396755e-04
   3.58246275e+02  -2.70812167e-03
   3.58246763e+02  -2.11125310e-03
   3.58247252e+02  -5.42621885e-04
   3.58247740e+02   4.47040598e-04
   3.58248228e+02   9.09915543e-04
   3.58248716e+02  -1.75880021e-04
   3.58249205e+02  -2.53138202e-03
   3.58249693e+02  -4.75168135e-03
   3.58250181e+02  -4.02105134e-03
   3.58250670e+02   1.05781923e-03
   3.58251158e+02   4.51880135e-03
   3.58251646e+02   1.72180356e-03
   3.58252135e+02  -8.03173170e-04
   3.58252623e+02   6.62286300e-04
   3.58253111e+02   1.10867759e-03
   3.58253600e+02   1.13866851e-03
   3.58254088e+02   1.48384599e-03
   3.58254576e+02   2.32651990e-04
   3.58255064e+02  -2.15745275e-03
   3.58255553e+02  -3.23541905e-03
   3.58256041e+02  -9.27256537e-04
   3.58256529e+02   1.45254261e-03
   3.58257018e+02   1.98347989e-04
   3.58257506e+02  -2.01923703e-03
   3.58257994e+02  -3.79990973e-03
   3.58258483e+02  -3.31036234e-03
   3.58258971e+02   6.76684023e-04
   3.58259459e+02   3.89479753e-03
   3.58259948e+02   3.90981743e-03
   3.58260436e+02   3.90125182e-03
   3.58260924e+02   2.63872603e-03
   3.58261412e+02   2.33507046e-04
   3.58261901e+02   3.68276051e-05
   3.58262389e+02   1.20726251e-03
   3.58262877e+02   1.72381013e-04
   3.58263366e+02  -2.76702829e-03
   3.58263854e+02  -2.79882806e-03
   3.58264342e+02  -7.77920359e-04
   3.58264831e+02  -9.63452985e-05
   3.58265319e+02   1.11626367e-04
   3.58265807e+02   8.50491575e-04
   3.58266296e+02   5.58684871e-04
   3.58266784e+02  -1.33578933e-03
   3.58267272e+02  -1.68456533e-03
   3.58267761e+02   6.72981725e-04
   3.58268249e+02   2.29082070e-03
   3.58268737e+02   1.94266986e-03
   3.58269225e+02   1.33152353e-04
   3.58269714e+02  -1.28752878e-03
   3.58270202e+02   3.37240199e-05
   3.58270690e+02   8.54878686e-04
   3.58271179e+02   6.58217934e-04
   3.58271667e+02   2.83934129e-03
   3.58272155e+02   2.67460453e-03
   3.58272644e+02  -1.47908024e-04
   3.58273132e+02  -2.48138880e-04
   3.58273620e+02   1.44594384e-03
   3.58274109e+02   7.43153098e-04
   3.58274597e+02  -1.97087089e-03
   3.58275085e+02  -1.05485308e-03
   3.58275573e+02   1.58412079e-03
   3.58276062e+02   7.09539745e-04
   3.58276550e+02  -1.79604598e-04
   3.58277038e+02   4.72464424e-04
   3.58277527e+02   1.51387509e-03
   3.58278015e+02   2.17369641e-03
   3.58278503e+02   1.60116691e-03
   3.58278992e+02  -3.28853494e-04
   3.58279480e+02  -3.34231416e-03
   3.58279968e+02  -4.75345971e-03
   3.58280457e+02  -4.12558997e-03
   3.58280945e+02  -2.07132637e-03
   3.58281433e+02   1.60210102e-03
   3.58281921e+02   3.12785269e-03
   3.58282410e+02  -1.58477298e-04
   3.58282898e+02  -3.89753422e-03
   3.58283386e+02  -4.26123897e-03
   3.58283875e+02  -3.37675214e-03
   3.58284363e+02  -2.04122346e-03
   3.58284851e+02   5.40950103e-04
   3.58285340e+02   1.87327911e-03
   3.58285828e+02   4.12248890e-04
   3.58286316e+02  -1.85359374e-03
   3.58286805e+02  -2.73848930e-03
   3.58287293e+02  -1.45955489e-03
   3.58287781e+02   9.85930092e-04
   3.58288269e+02   1.48709270e-03
   3.58288758e+02  -6.59575395e-04
   3.58289246e+02  -2.53610336e-03
   3.58289734e+02  -2.08654121e-04
   3.58290223e+02   3.69657832e-03
   3.58290711e+02   3.16494447e-03
   3.58291199e+02   4.40002943e-04
   3.58291688e+02  -9.85809020e-04
   3.58292176e+02  -9.75539500e-04
   3.58292664e+02  -4.96213965e-04
   3.58293153e+02  -1.29008346e-04
   3.58293641e+02   9.61965416e-04
   3.58294129e+02   1.00404688e-03
   3.58294617e+02  -2.73645297e-03
   3.58295106e+02  -7.16127036e-03
   3.58295594e+02  -6.19600434e-03
   3.58296082e+02  -1.33742904e-03
   3.58296571e+02   2.15033651e-03
   3.58297059e+02   3.88060301e-03
   3.58297547e+02   4.05911310e-03
   3.58298036e+02   1.69681897e-03
   3.58298524e+02  -1.54405239e-03
   3.58299012e+02  -3.78565816e-03
   3.58299501e+02  -4.92373481e-03
   3.58299989e+02  -5.40374126e-03
   3.58300477e+02  -3.38552613e-03
   3.58300965e+02   2.83540715e-03
   3.58301454e+02   7.02976808e-03
   3.58301942e+02   3.63352895e-03
   3.58302430e+02   3.81506543e-04
   3.58302919e+02   1.18897785e-03
   3.58303407e+02   3.02779232e-03
   3.58303895e+02   3.67257232e-03
   3.58304384e+02   1.50171167e-03
   3.58304872e+02   6.34335680e-04
   3.58305360e+02   1.51335658e-03
   3.58305849e+02   1.33625302e-03
   3.58306337e+02   1.00436644e-03
   3.58306825e+02   8.14546132e-04
   3.58307314e+02  -7.17490620e-04
   3.58307802e+02  -2.57090083e-03
   3.58308290e+02  -3.21028428e-03
   3.58308778e+02  -3.07194609e-03
   3.58309267e+02  -2.29441072e-03
   3.58309755e+02  -7.53765111e-04
   3.58310243e+02   1.00293895e-03
   3.58310732e+02  -2.77494371e-04
   3.58311220e+02  -2.75158510e-03
   3.58311708e+02  -2.65519181e-03
   3.58312197e+02  -7.64531433e-04
   3.58312685e+02   2.95428879e-04
   3.58313173e+02  -1.59278850e-03
   3.58313662e+02  -2.66773161e-03
   3.58314150e+02  -1.29930140e-03
   3.58314638e+02   2.26808735e-03
   3.58315126e+02   7.62861688e-03
   3.58315615e+02   9.14002489e-03
   3.58316103e+02   4.72118426e-03
   3.58316591e+02   3.94030540e-05
   3.58317080e+02  -1.27141422e-04
   3.58317568e+02   2.17304006e-03
   3.58318056e+02   3.85084376e-03
   3.58318545e+02   4.95434087e-03
   3.58319033e+02   5.72290830e-03
   3.58319521e+02   6.42590504e-03
   3.58320010e+02   5.91177912e-03
   3.58320498e+02   3.23861977e-03
   3.58320986e+02  -5.15701249e-05
   3.58321474e+02   7.87848148e-06
   3.58321963e+02   1.35788054e-03
   3.58322451e+02  -2.68007570e-04
   3.58322939e+02  -7.97653702e-05
   3.58323428e+02   2.40214961e-03
   3.58323916e+02   3.09010851e-03
   3.58324404e+02   2.85160006e-03
   3.58324893e+02   1.86432502e-03
   3.58325381e+02  -2.63380061e-04
   3.58325869e+02  -1.84668624e-03
   3.58326358e+02  -6.03874978e-05
   3.58326846e+02   2.17736117e-03
   3.58327334e+02   2.45251833e-03
   3.58327822e+02   2.55448022e-03
   3.58328311e+02   1.01654057e-03
   3.58328799e+02  -1.58355129e-03
   3.58329287e+02  -3.29761463e-03
   3.58329776e+02  -3.46907531e-03
   3.58330264e+02  -4.07066941e-03
   3.58330752e+02  -2.66173366e-03
   3.58331241e+02   2.00214214e-03
   3.58331729e+02   5.52494405e-03
   3.58332217e+02   5.41851204e-03
   3.58332706e+02   2.76322942e-03
   3.58333194e+02  -7.70447194e-04
   3.58333682e+02  -2.38212454e-03
   3.58334170e+02  -1.31381571e-03
   3.58334659e+02  -9.61399637e-04
   3.58335147e+02  -1.41944014e-03
   3.58335635e+02  -1.49222056e-03
   3.58336124e+02  -7.60541705e-04
   3.58336612e+02   3.20678996e-03
   3.58337100e+02   5.76200755e-03
   3.58337589e+02   3.60589474e-03
   3.58338077e+02   2.03763717e-03
   3.58338565e+02   1.35642977e-03
   3.58339054e+02   5.05941978e-04
   3.58339542e+02   1.43718044e-03
   3.58340030e+02   3.25593539e-03
   3.58340518e+02   4.01966460e-03
   3.58341007e+02   2.19403277e-03
   3.58341495e+02  -9.06847999e-04
   3.58341983e+02  -1.50143134e-03
   3.58342472e+02   1.01448932e-04
   3.58342960e+02   2.74784572e-04
   3.58343448e+02  -8.15977517e-04
   3.58343937e+02   1.51118234e-04
   3.58344425e+02   5.27922472e-04
   3.58344913e+02  -1.34563714e-03
   3.58345402e+02  -1.82798749e-03
   3.58345890e+02  -1.14412536e-03
   3.58346378e+02  -1.05853926e-03
   3.58346867e+02   6.82437967e-04
   3.58347355e+02   1.89158751e-03
   3.58347843e+02  -1.02947536e-03
   3.58348331e+02  -3.69030912e-03
   3.58348820e+02  -4.20951471e-03
   3.58349308e+02  -4.63760272e-03
   3.58349796e+02  -4.12957137e-03
   3.58350285e+02  -1.53371913e-03
   3.58350773e+02   2.14413390e-03
   3.58351261e+02   4.93451813e-03
   3.58351750e+02   3.93354334e-03
   3.58352238e+02  -4.29549167e-04
   3.58352726e+02  -1.56644662e-03
   3.58353215e+02   2.69160862e-03
   3.58353703e+02   6.22359989e-03
   3.58354191e+02   4.64697555e-03
   3.58354679e+02  -6.00642350e-04
   3.58355168e+02  -3.34188412e-03
   3.58355656e+02  -2.90772831e-03
   3.58356144e+02  -2.01613875e-03
   3.58356633e+02  -2.92566227e-04
   3.58357121e+02   7.67014804e-04
   3.58357609e+02  -8.88043025e-04
   3.58358098e+02  -1.83575402e-03
   3.58358586e+02   1.50189619e-04
   3.58359074e+02   2.44807662e-03
   3.58359563e+02   3.13696498e-03
   3.58360051e+02   1.83284807e-03
   3.58360539e+02  -1.63743633e-03
   3.58361027e+02  -3.68536240e-03
   3.58361516e+02  -2.67813331e-03
   3.58362004e+02  -3.26430978e-04
   3.58362492e+02   1.94117031e-03
   3.58362981e+02   1.89867709e-03
   3.58363469e+02   7.53460161e-04
   3.58363957e+02  -5.32775943e-04
   3.58364446e+02  -1.41250715e-03
   3.58364934e+02  -7.80886447e-04
   3.58365422e+02  -8.55914201e-04
   3.58365911e+02  -1.93488691e-03
   3.58366399e+02  -1.75660907e-03
   3.58366887e+02   8.98559054e-04
   3.58367375e+02   4.34143981e-03
   3.58367864e+02   4.56805015e-03
   3.58368352e+02   3.61910649e-03
   3.58368840e+02   2.48555280e-03
   3.58369329e+02   6.77300326e-04
   3.58369817e+02   3.33934353e-04
   3.58370305e+02   1.15707377e-03
   3.58370794e+02   1.22289965e-03
   3.58371282e+02   8.76963604e-04
   3.58371770e+02  -3.35345307e-04
   3.58372259e+02  -3.11552756e-03
   3.58372747e+02  -4.78187902e-03
   3.58373235e+02  -2.97458423e-03
   3.58373723e+02  -1.99233647e-04
   3.58374212e+02  -4.25056533e-05
   3.58374700e+02  -9.30928916e-04
   3.58375188e+02   4.34613394e-05
   3.58375677e+02   7.19392963e-04
   3.58376165e+02   5.78364881e-04
   3.58376653e+02  -4.01711208e-04
   3.58377142e+02  -1.53960462e-03
   3.58377630e+02  -2.45232834e-03
   3.58378118e+02  -1.24123762e-03
   3.58378607e+02   8.61670123e-04
   3.58379095e+02   1.27168943e-03
   3.58379583e+02   1.73354207e-03
   3.58380071e+02   3.41781904e-03
   3.58380560e+02   3.79957119e-03
   3.58381048e+02   1.85616384e-03
   3.58381536e+02  -1.76738389e-03
   3.58382025e+02  -4.29124059e-03
   3.58382513e+02  -3.26143485e-03
   3.58383001e+02  -1.22668862e-03
   3.58383490e+02  -1.19573844e-03
   3.58383978e+02  -4.89274680e-04
   3.58384466e+02   1.78679859e-03
   3.58384955e+02   2.27385946e-03
   3.58385443e+02   6.76750555e-04
   3.58385931e+02  -1.27425336e-03
   3.58386420e+02  -3.02136806e-03
   3.58386908e+02  -3.08971503e-03
   3.58387396e+02  -1.31788664e-04
   3.58387884e+02   7.83079711e-04
   3.58388373e+02   2.06336053e-03
   3.58388861e+02   4.17107111e-03
   3.58389349e+02   8.99286009e-04
   3.58389838e+02  -4.30139061e-03
   3.58390326e+02  -6.10850845e-03
   3.58390814e+02  -5.06622810e-03
   3.58391303e+02  -4.58258390e-03
   3.58391791e+02  -6.07507722e-03
   3.58392279e+02  -4.88728378e-03
   3.58392768e+02  -2.87679001e-03
   3.58393256e+02  -2.45516794e-03
   3.58393744e+02  -1.88760052e-04
   3.58394232e+02   6.97443611e-04
   3.58394721e+02  -9.77096497e-04
   3.58395209e+02  -1.38012832e-03
   3.58395697e+02  -1.79363124e-03
   3.58396186e+02  -1.82164588e-03
   3.58396674e+02  -2.06648814e-03
   3.58397162e+02  -4.37361374e-03
   3.58397651e+02  -5.17395744e-03
   3.58398139e+02  -2.32221535e-03
   3.58398627e+02   6.49918569e-04
   3.58399116e+02   6.49566413e-04
   3.58399604e+02  -4.42555844e-04
   3.58400092e+02  -1.36927492e-03
   3.58400580e+02  -4.35399765e-04
   3.58401069e+02   2.98779062e-03
   3.58401557e+02   5.77081693e-03
   3.58402045e+02   3.77949630e-03
   3.58402534e+02  -5.80118853e-04
   3.58403022e+02  -1.37955893e-03
   3.58403510e+02   4.43966477e-04
   3.58403999e+02   8.75760859e-04
   3.58404487e+02  -6.26746449e-04
   3.58404975e+02  -1.35485874e-03
   3.58405464e+02   1.21360796e-03
   3.58405952e+02   2.29546451e-03
   3.58406440e+02   6.83131686e-04
   3.58406928e+02  -1.21335019e-04
   3.58407417e+02  -1.27213437e-03
   3.58407905e+02  -2.08347593e-03
   3.58408393e+02  -5.90826443e-04
   3.58408882e+02  -1.47282190e-04
   3.58409370e+02   1.08978456e-05
   3.58409858e+02   1.32257177e-03
   3.58410347e+02   1.00522675e-03
   3.58410835e+02  -2.36537031e-04
   3.58411323e+02  -6.70672045e-04
   3.58411812e+02   1.93988759e-04
   3.58412300e+02   2.67883553e-03
   3.58412788e+02   4.77012340e-03
   3.58413276e+02   4.12474247e-03
   3.58413765e+02   8.00712791e-04
   3.58414253e+02  -1.51620165e-03
   3.58414741e+02  -1.36840320e-03
   3.58415230e+02  -6.08494796e-04
   3.58415718e+02   1.94275155e-04
   3.58416206e+02   1.26141950e-03
   3.58416695e+02   2.20308895e-03
   3.58417183e+02   1.35378202e-03
   3.58417671e+02  -4.49318206e-04
   3.58418160e+02  -1.12260284e-03
   3.58418648e+02  -6.05848676e-04
   3.58419136e+02  -1.21483684e-03
   3.58419624e+02  -9.27939662e-04
   3.58420113e+02   1.56396965e-03
   3.58420601e+02   8.11500999e-04
   3.58421089e+02  -1.16086169e-03
   3.58421578e+02   1.44932710e-03
   3.58422066e+02   4.07426152e-03
   3.58422554e+02   2.99819605e-03
   3.58423043e+02  -5.22657181e-04
   3.58423531e+02  -2.83612846e-03
   3.58424019e+02  -2.97702500e-03
   3.58424508e+02  -2.80327396e-03
   3.58424996e+02  -2.89092818e-03
   3.58425484e+02  -2.35519651e-03
   3.58425973e+02  -9.92508605e-04
   3.58426461e+02   9.01195919e-04
   3.58426949e+02   2.03203107e-03
   3.58427437e+02   1.73039094e-03
   3.58427926e+02   2.92935089e-04
   3.58428414e+02  -9.77730029e-04
   3.58428902e+02  -1.61794445e-03
   3.58429391e+02  -1.44836435e-03
   3.58429879e+02  -1.37066716e-04
   3.58430367e+02  -1.13202236e-03
   3.58430856e+02  -1.70642312e-03
   3.58431344e+02   1.63908605e-03
   3.58431832e+02   6.42237999e-03
   3.58432321e+02   5.94114978e-03
   3.58432809e+02  -6.02881228e-05
   3.58433297e+02  -1.97172258e-03
   3.58433785e+02   8.41587607e-04
   3.58434274e+02   3.59362131e-03
   3.58434762e+02   6.20756904e-03
   3.58435250e+02   7.07039051e-03
   3.58435739e+02   5.19568613e-03
   3.58436227e+02   3.34060309e-03
   3.58436715e+02   1.86183327e-03
   3.58437204e+02  -2.46292097e-04
   3.58437692e+02  -1.33639365e-03
   3.58438180e+02   1.55957823e-03
   3.58438669e+02   3.42361769e-03
   3.58439157e+02  -8.33047321e-04
   3.58439645e+02  -2.42206198e-03
   3.58440133e+02   8.07194680e-04
   3.58440622e+02   1.08679531e-04
   3.58441110e+02  -3.03243776e-03
   3.58441598e+02  -3.73509480e-03
   3.58442087e+02  -3.13952123e-03
   3.58442575e+02  -1.90998707e-03
   3.58443063e+02   2.87259783e-04
   3.58443552e+02   1.64847774e-03
   3.58444040e+02   2.97923107e-03
   3.58444528e+02   3.30875465e-03
   3.58445017e+02   1.61644910e-03
   3.58445505e+02   5.41677582e-04
   3.58445993e+02   3.95522453e-04
   3.58446481e+02  -1.30621332e-03
   3.58446970e+02  -5.17738459e-04
   3.58447458e+02   7.31591193e-04
   3.58447946e+02   8.35517203e-05
   3.58448435e+02   5.00145194e-04
   3.58448923e+02   8.47309944e-04
   3.58449411e+02   6.48472866e-04
   3.58449900e+02   2.05649389e-03
   3.58450388e+02   2.44922051e-03
   3.58450876e+02   2.60810857e-03
   3.58451365e+02   2.47709733e-03
   3.58451853e+02  -1.38880161e-04
   3.58452341e+02  -1.80149532e-03
   3.58452829e+02   3.79203819e-04
   3.58453318e+02   2.63162609e-03
   3.58453806e+02   2.54300493e-03
   3.58454294e+02   1.23681326e-03
   3.58454783e+02   1.00052403e-05
   3.58455271e+02   6.81612059e-04
   3.58455759e+02   1.89712027e-03
   3.58456248e+02   7.99594796e-04
   3.58456736e+02  -5.98050305e-04
   3.58457224e+02  -3.33485747e-04
   3.58457713e+02   1.87043718e-03
   3.58458201e+02   3.04403855e-03
   3.58458689e+02   2.98566767e-03
   3.58459177e+02   1.33786770e-03
   3.58459666e+02  -1.49927277e-03
   3.58460154e+02  -3.59677710e-04
   3.58460642e+02   2.43542832e-03
   3.58461131e+02   2.58784904e-03
   3.58461619e+02   2.46530911e-03
   3.58462107e+02   2.92003900e-03
   3.58462596e+02   1.78983412e-03
   3.58463084e+02   9.68098000e-04
   3.58463572e+02   4.67699399e-04
   3.58464061e+02   1.33256079e-04
   3.58464549e+02   1.13982288e-03
   3.58465037e+02  -1.14609414e-07
   3.58465526e+02  -1.34278263e-03
   3.58466014e+02   3.90776579e-04
   3.58466502e+02   1.26631430e-03
   3.58466990e+02   7.69738574e-04
   3.58467479e+02   1.16573542e-03
   3.58467967e+02   1.91829063e-03
   3.58468455e+02   3.04907677e-03
   3.58468944e+02   2.68960767e-03
   3.58469432e+02   1.02129183e-03
   3.58469920e+02  -4.61521413e-04
   3.58470409e+02  -9.72567286e-05
   3.58470897e+02   4.29149892e-04
   3.58471385e+02  -7.53710570e-04
   3.58471874e+02  -9.70114837e-04
   3.58472362e+02  -4.48004488e-04
   3.58472850e+02  -5.37978667e-05
   3.58473338e+02  -2.16562039e-04
   3.58473827e+02  -1.52548472e-03
   3.58474315e+02  -2.93268007e-03
   3.58474803e+02  -2.72730575e-03
   3.58475292e+02   4.65874997e-04
   3.58475780e+02   2.28287536e-03
   3.58476268e+02   1.41033495e-03
   3.58476757e+02   7.18344119e-04
   3.58477245e+02  -9.56896751e-04
   3.58477733e+02  -2.19229283e-03
   3.58478222e+02  -9.73751070e-04
   3.58478710e+02  -5.35435858e-04
   3.58479198e+02  -2.36229782e-04
   3.58479686e+02   4.38267394e-04
   3.58480175e+02   4.31713939e-04
   3.58480663e+02  -2.69136013e-04
   3.58481151e+02  -5.11548482e-04
   3.58481640e+02   1.55207978e-04
   3.58482128e+02  -8.49524338e-04
   3.58482616e+02  -2.39238655e-03
   3.58483105e+02  -2.20306660e-03
   3.58483593e+02  -2.77513580e-04
   3.58484081e+02   1.92984391e-03
   3.58484570e+02   1.42754312e-03
   3.58485058e+02  -1.17851363e-04
   3.58485546e+02  -2.94164289e-04
   3.58486034e+02  -2.12613922e-05
   3.58486523e+02   3.91285575e-04
   3.58487011e+02   1.92628102e-03
   3.58487499e+02   6.05092559e-04
   3.58487988e+02  -1.15675770e-03
   3.58488476e+02   1.04117580e-03
   3.58488964e+02   2.33537331e-03
   3.58489453e+02  -2.43150600e-04
   3.58489941e+02  -3.18725733e-03
   3.58490429e+02  -2.28855386e-03
   3.58490918e+02   9.04800138e-04
   3.58491406e+02   2.81592924e-03
   3.58491894e+02  -1.33955444e-04
   3.58492382e+02  -3.57925473e-03
   3.58492871e+02  -2.79638334e-03
   3.58493359e+02  -1.23582513e-03
   3.58493847e+02  -1.04501443e-04
   3.58494336e+02   1.08382912e-04
   3.58494824e+02  -1.17882900e-03
   3.58495312e+02  -1.30665430e-03
   3.58495801e+02  -1.83518208e-03
   3.58496289e+02  -5.31859091e-03
   3.58496777e+02  -5.66368876e-03
   3.58497266e+02   1.61453427e-04
   3.58497754e+02   3.07662855e-03
   3.58498242e+02   1.14146643e-03
   3.58498730e+02  -8.36039326e-05
   3.58499219e+02  -1.03460369e-03
   3.58499707e+02  -2.39921664e-03
   3.58500195e+02  -2.33839592e-03
   3.58500684e+02  -2.24351580e-03
   3.58501172e+02  -3.66380927e-03
   3.58501660e+02  -4.44326596e-03
   3.58502149e+02  -3.55372322e-03
   3.58502637e+02  -1.26105163e-03
   3.58503125e+02  -2.43564238e-04
   3.58503614e+02  -8.05500196e-04
   3.58504102e+02  -5.02232986e-04
   3.58504590e+02   1.18653988e-04
   3.58505079e+02   2.78351392e-04
   3.58505567e+02   7.93573621e-04
   3.58506055e+02   4.57793765e-04
   3.58506543e+02  -5.28012315e-05
   3.58507032e+02   4.66725673e-04
   3.58507520e+02  -4.67707549e-04
   3.58508008e+02  -1.20086398e-03
   3.58508497e+02  -1.46180231e-04
   3.58508985e+02   3.05804494e-03
   3.58509473e+02   5.91077330e-03
   3.58509962e+02   4.47721314e-03
   3.58510450e+02   2.25190795e-03
   3.58510938e+02   1.92691819e-04
   3.58511427e+02  -1.25957280e-03
   3.58511915e+02   1.64561975e-03
   3.58512403e+02   3.90971126e-03
   3.58512891e+02   1.46213663e-03
   3.58513380e+02  -2.65013566e-03
   3.58513868e+02  -4.62309644e-03
   3.58514356e+02  -3.92424315e-03
   3.58514845e+02  -2.49169138e-03
   3.58515333e+02  -3.17000481e-03
   3.58515821e+02  -2.46645999e-03
   3.58516310e+02  -9.49171430e-04
   3.58516798e+02  -1.84551824e-03
   3.58517286e+02  -2.38664728e-03
   3.58517775e+02  -7.30740663e-04
   3.58518263e+02   2.63041793e-03
   3.58518751e+02   2.69790506e-03
   3.58519239e+02  -9.73939721e-04
   3.58519728e+02  -1.57458696e-03
   3.58520216e+02  -5.50241442e-04
   3.58520704e+02  -3.06500681e-03
   3.58521193e+02  -7.83432927e-03
   3.58521681e+02  -8.84699635e-03
   3.58522169e+02  -5.02000283e-03
   3.58522658e+02  -2.34551076e-03
   3.58523146e+02  -1.46459311e-03
   3.58523634e+02   3.80859681e-04
   3.58524123e+02   2.56903027e-03
   3.58524611e+02   4.78585623e-03
   3.58525099e+02   5.82071953e-03
   3.58525587e+02   4.07227036e-03
   3.58526076e+02   5.40900161e-04
   3.58526564e+02  -1.07779214e-03
   3.58527052e+02  -7.82646937e-04
   3.58527541e+02  -1.04656629e-03
   3.58528029e+02  -5.02673851e-04
   3.58528517e+02  -5.71176293e-04
   3.58529006e+02  -2.23133061e-03
   3.58529494e+02  -3.36535927e-03
   3.58529982e+02  -3.55857844e-03
   3.58530471e+02  -3.79734370e-03
   3.58530959e+02  -3.07614566e-03
   3.58531447e+02  -8.09483114e-04
   3.58531935e+02   8.21260619e-04
   3.58532424e+02   2.91304983e-04
   3.58532912e+02  -2.48806609e-04
   3.58533400e+02   5.42159774e-04
   3.58533889e+02   1.77956384e-03
   3.58534377e+02   8.06743570e-04
   3.58534865e+02  -1.47330563e-03
   3.58535354e+02  -1.29342277e-03
   3.58535842e+02   7.12369510e-04
   3.58536330e+02   1.27299305e-03
   3.58536819e+02   9.44746658e-04
   3.58537307e+02   2.57743057e-03
   3.58537795e+02   4.01027314e-03
   3.58538283e+02   1.41117745e-03
   3.58538772e+02  -6.36866549e-04
   3.58539260e+02   8.94771249e-04
   3.58539748e+02   1.49923633e-03
   3.58540237e+02   1.16093329e-03
   3.58540725e+02  -6.85172388e-04
   3.58541213e+02  -1.43773109e-03
   3.58541702e+02   1.23567879e-04
   3.58542190e+02  -1.38032905e-04
   3.58542678e+02   9.59204161e-04
   3.58543167e+02   4.32111230e-03
   3.58543655e+02   4.40143468e-03
   3.58544143e+02   2.30563455e-03
   3.58544632e+02   6.42332656e-04
   3.58545120e+02   1.38689904e-03
   3.58545608e+02   1.15975726e-03
   3.58546096e+02  -1.57337356e-03
   3.58546585e+02  -3.61468527e-03
   3.58547073e+02  -4.46059974e-03
   3.58547561e+02  -2.59441789e-03
   3.58548050e+02  -3.16672726e-04
   3.58548538e+02  -4.86144825e-04
   3.58549026e+02  -1.67520740e-03
   3.58549515e+02  -1.62976224e-03
   3.58550003e+02  -1.25373714e-03
   3.58550491e+02  -2.02205637e-03
   3.58550980e+02  -1.99657236e-03
   3.58551468e+02  -1.94579840e-03
   3.58551956e+02  -2.22528121e-03
   3.58552444e+02  -1.26407976e-04
   3.58552933e+02   2.07043532e-03
   3.58553421e+02  -7.00197241e-04
   3.58553909e+02  -3.23958346e-03
   3.58554398e+02  -1.15614652e-03
   3.58554886e+02   3.47708294e-04
   3.58555374e+02   3.16514517e-04
   3.58555863e+02  -3.08553776e-04
   3.58556351e+02  -1.61405304e-03
   3.58556839e+02  -2.08599819e-03
   3.58557328e+02  -1.81842118e-03
   3.58557816e+02  -2.99664401e-03
   3.58558304e+02  -3.75706074e-03
   3.58558792e+02  -3.39415716e-03
   3.58559281e+02  -2.78399629e-03
   3.58559769e+02  -3.77830467e-04
   3.58560257e+02   1.21141947e-03
   3.58560746e+02   7.16578972e-04
   3.58561234e+02  -9.78647033e-04
   3.58561722e+02  -3.65389860e-03
   3.58562211e+02  -3.30300280e-03
   3.58562699e+02  -3.39927064e-04
   3.58563187e+02   1.11350894e-03
   3.58563676e+02   1.58575212e-03
   3.58564164e+02  -2.47519580e-03
   3.58564652e+02  -2.26307381e-03
   3.58565140e+02  -9.05462541e-04
   3.58565629e+02   6.48957037e-04
   3.58566117e+02   4.18882258e-03
   3.58566605e+02   5.25845867e-03
   3.58567094e+02   1.21621194e-03
   3.58567582e+02  -3.67432158e-03
   3.58568070e+02  -3.36044980e-03
   3.58568559e+02  -1.16430805e-03
   3.58569047e+02  -2.64496356e-03
   3.58569535e+02  -3.93701065e-03
   3.58570024e+02  -3.18857841e-04
   3.58570512e+02   4.52860398e-03
   3.58571000e+02   5.91328507e-03
   3.58571488e+02   3.75685468e-03
   3.58571977e+02  -1.34093990e-03
   3.58572465e+02  -5.63834934e-03
   3.58572953e+02  -5.86905098e-03
   3.58573442e+02  -3.92137002e-03
   3.58573930e+02  -7.30086118e-04
   3.58574418e+02   2.61196401e-03
   3.58574907e+02   1.93183066e-03
   3.58575395e+02  -8.58727493e-04
   3.58575883e+02  -5.98308165e-04
   3.58576372e+02   1.61240372e-04
   3.58576860e+02  -7.17173913e-04
   3.58577348e+02   5.32193459e-04
   3.58577836e+02   2.15279916e-03
   3.58578325e+02   3.14588287e-05
   3.58578813e+02  -2.64748675e-03
   3.58579301e+02  -3.04960064e-03
   3.58579790e+02  -1.70496770e-03
   3.58580278e+02   7.69133854e-04
   3.58580766e+02   2.88710813e-03
   3.58581255e+02   2.80841859e-03
   3.58581743e+02  -1.23476377e-03
   3.58582231e+02  -4.89390967e-03
   3.58582720e+02  -3.05913598e-03
   3.58583208e+02  -1.09743705e-04
   3.58583696e+02   3.49015085e-04
   3.58584185e+02  -9.55272058e-04
   3.58584673e+02  -9.96312825e-04
   3.58585161e+02   1.42335426e-03
   3.58585649e+02   2.55256076e-03
   3.58586138e+02   1.67161552e-03
   3.58586626e+02   1.17749861e-03
   3.58587114e+02  -3.28230148e-04
   3.58587603e+02  -1.99118000e-03
   3.58588091e+02  -1.57769304e-03
   3.58588579e+02  -2.50443607e-03
   3.58589068e+02  -3.87275266e-03
   3.58589556e+02  -2.85834214e-03
   3.58590044e+02  -2.54566339e-03
   3.58590533e+02  -2.30843620e-03
   3.58591021e+02  -1.71014213e-03
   3.58591509e+02  -4.14863520e-04
   3.58591997e+02   1.44109712e-03
   3.58592486e+02   2.10978533e-03
   3.58592974e+02   3.75961565e-04
   3.58593462e+02  -1.99305010e-03
   3.58593951e+02   5.28143755e-06
   3.58594439e+02   3.81778041e-03
   3.58594927e+02   3.58604104e-03
   3.58595416e+02   1.68132782e-03
   3.58595904e+02  -6.16863545e-04
   3.58596392e+02  -3.18561750e-03
   3.58596881e+02  -1.78722362e-03
   3.58597369e+02   1.94295321e-03
   3.58597857e+02   2.65336712e-03
   3.58598345e+02   2.97998032e-03
   3.58598834e+02   4.57156729e-03
   3.58599322e+02   2.78051314e-03
   3.58599810e+02  -7.36353162e-04
   3.58600299e+02   2.76391336e-04
   3.58600787e+02   2.64858664e-03
   3.58601275e+02   1.43402000e-03
   3.58601764e+02  -2.44395284e-04
   3.58602252e+02   1.05695166e-04
   3.58602740e+02  -5.37603744e-04
   3.58603229e+02  -3.12578632e-03
   3.58603717e+02  -4.81923809e-03
   3.58604205e+02  -4.63273423e-03
   3.58604693e+02  -2.52826163e-03
   3.58605182e+02  -4.83281590e-04
   3.58605670e+02  -2.18841783e-03
   3.58606158e+02  -2.88475771e-03
   3.58606647e+02   2.32038484e-03
   3.58607135e+02   4.83760750e-03
   3.58607623e+02   1.16495392e-03
   3.58608112e+02  -1.50799076e-03
   3.58608600e+02  -4.17171308e-04
   3.58609088e+02   1.68331573e-03
   3.58609577e+02   2.59531103e-03
   3.58610065e+02   1.87104428e-03
   3.58610553e+02  -6.77652497e-05
   3.58611041e+02  -2.50606798e-03
   3.58611530e+02  -1.42674416e-03
   3.58612018e+02   4.67915961e-05
   3.58612506e+02  -2.84082349e-03
   3.58612995e+02  -4.87893960e-03
   3.58613483e+02  -2.42169714e-03
   3.58613971e+02  -2.65506358e-04
   3.58614460e+02  -1.39541051e-03
   3.58614948e+02  -2.95311562e-03
   3.58615436e+02  -2.83161737e-03
   3.58615925e+02  -2.62301113e-03
   3.58616413e+02  -2.97630229e-03
   3.58616901e+02  -1.86652225e-03
   3.58617389e+02  -1.23651011e-03
   3.58617878e+02  -7.76237517e-04
   3.58618366e+02   1.48600712e-03
   3.58618854e+02   1.92162569e-03
   3.58619343e+02   9.74035647e-04
   3.58619831e+02   7.57589471e-04
   3.58620319e+02  -1.04149287e-04
   3.58620808e+02  -1.01100502e-03
   3.58621296e+02  -1.73482753e-03
   3.58621784e+02  -2.50401464e-03
   3.58622273e+02  -1.60432130e-03
   3.58622761e+02   2.99256964e-04
   3.58623249e+02   3.39175900e-03
   3.58623738e+02   4.68328269e-03
   3.58624226e+02   2.52690981e-03
   3.58624714e+02   5.52031452e-05
   3.58625202e+02  -2.41584086e-04
   3.58625691e+02   8.19225679e-04
   3.58626179e+02   1.27721520e-03
   3.58626667e+02   1.01178547e-03
   3.58627156e+02   8.83622444e-04
   3.58627644e+02  -1.39049429e-03
   3.58628132e+02  -4.37717466e-03
   3.58628621e+02  -5.60455630e-03
   3.58629109e+02  -4.81753843e-03
   3.58629597e+02  -3.35276057e-03
   3.58630086e+02  -2.08908599e-03
   3.58630574e+02  -1.42814475e-03
   3.58631062e+02  -2.14345241e-03
   3.58631550e+02  -2.23181234e-03
   3.58632039e+02  -3.30164999e-04
   3.58632527e+02   9.70054476e-04
   3.58633015e+02   7.55312154e-04
   3.58633504e+02  -1.81154406e-04
   3.58633992e+02  -1.08247786e-03
   3.58634480e+02  -1.41703116e-03
   3.58634969e+02  -2.04325397e-03
   3.58635457e+02  -9.67874657e-04
   3.58635945e+02   5.89327654e-04
   3.58636434e+02  -8.62613786e-04
   3.58636922e+02  -1.44205242e-03
   3.58637410e+02   1.82127499e-03
   3.58637898e+02   3.50932521e-03
   3.58638387e+02   1.81033171e-03
   3.58638875e+02   4.48853416e-06
   3.58639363e+02  -2.03560479e-03
   3.58639852e+02  -3.63921933e-03
   3.58640340e+02  -2.56560952e-03
   3.58640828e+02  -2.15007763e-04
   3.58641317e+02  -3.18427017e-04
   3.58641805e+02  -1.35030085e-03
   3.58642293e+02  -1.29346896e-04
   3.58642782e+02   1.63295050e-03
   3.58643270e+02   2.81780260e-03
   3.58643758e+02   2.96290824e-03
   3.58644246e+02   1.28082733e-03
   3.58644735e+02  -1.21726713e-03
   3.58645223e+02  -1.27292634e-03
   3.58645711e+02  -2.25443087e-04
   3.58646200e+02   4.71770618e-04
   3.58646688e+02  -1.54620764e-04
   3.58647176e+02  -3.76576791e-03
   3.58647665e+02  -4.90248203e-03
   3.58648153e+02  -2.98170466e-03
   3.58648641e+02  -1.44336990e-03
   3.58649130e+02  -4.33489156e-04
   3.58649618e+02   1.04144390e-04
   3.58650106e+02  -7.17462564e-04
   3.58650594e+02  -2.94015324e-03
   3.58651083e+02  -4.04636562e-03
   3.58651571e+02  -2.16698390e-03
   3.58652059e+02  -3.78700090e-04
   3.58652548e+02  -7.86632663e-05
   3.58653036e+02   1.94706547e-04
   3.58653524e+02   1.42007694e-03
   3.58654013e+02   2.71069491e-03
   3.58654501e+02   1.95163849e-03
   3.58654989e+02   2.03848258e-03
   3.58655478e+02   4.05674055e-03
   3.58655966e+02   6.02039043e-03
   3.58656454e+02   4.09709383e-03
   3.58656942e+02   1.58757262e-04
   3.58657431e+02   4.09472676e-04
   3.58657919e+02   1.91731867e-03
   3.58658407e+02   1.61659869e-03
   3.58658896e+02   6.74391224e-04
   3.58659384e+02  -1.18859252e-03
   3.58659872e+02  -2.89583462e-03
   3.58660361e+02  -2.73040263e-03
   3.58660849e+02  -1.75302278e-03
   3.58661337e+02   4.56196984e-04
   3.58661826e+02   3.13873542e-03
   3.58662314e+02   3.74508696e-03
   3.58662802e+02   3.65316030e-03
   3.58663291e+02   3.27808992e-03
   3.58663779e+02   3.08049493e-03
   3.58664267e+02   4.76314919e-03
   3.58664755e+02   3.94008448e-03
   3.58665244e+02   9.02949614e-05
   3.58665732e+02  -2.27399729e-03
   3.58666220e+02  -2.40210351e-03
   3.58666709e+02  -9.85553605e-04
   3.58667197e+02   1.21404382e-03
   3.58667685e+02   2.71643931e-03
   3.58668174e+02   2.54892465e-03
   3.58668662e+02   1.39231712e-03
   3.58669150e+02  -6.06122834e-04
   3.58669639e+02  -1.43250159e-03
   3.58670127e+02   4.63564007e-04
   3.58670615e+02   1.36144378e-03
   3.58671103e+02  -2.91040225e-04
   3.58671592e+02  -1.58129015e-03
   3.58672080e+02  -1.39414071e-04
   3.58672568e+02   2.17075157e-03
   3.58673057e+02   3.62627534e-03
   3.58673545e+02   3.25723249e-03
   3.58674033e+02   9.27444431e-04
   3.58674522e+02  -1.42823230e-03
   3.58675010e+02  -2.32007261e-03
   3.58675498e+02   6.75385643e-04
   3.58675987e+02   2.54615955e-03
   3.58676475e+02   9.82683501e-04
   3.58676963e+02  -8.35174986e-04
   3.58677451e+02  -1.73120806e-03
   3.58677940e+02  -1.71187345e-03
   3.58678428e+02  -1.20487448e-03
   3.58678916e+02   1.56368784e-04
   3.58679405e+02   1.93428842e-03
   3.58679893e+02   2.31112656e-03
   3.58680381e+02   2.34256987e-03
   3.58680870e+02   2.94544408e-03
   3.58681358e+02   5.09298546e-03
   3.58681846e+02   5.35124401e-03
   3.58682335e+02   2.21909815e-03
   3.58682823e+02   6.47818597e-05
   3.58683311e+02   6.70926413e-04
   3.58683799e+02  -1.26780046e-03
   3.58684288e+02  -5.03474381e-03
   3.58684776e+02  -5.43500483e-03
   3.58685264e+02  -2.22333753e-03
   3.58685753e+02   1.52014615e-03
   3.58686241e+02   2.61242734e-03
   3.58686729e+02   1.42042269e-03
   3.58687218e+02  -1.84348813e-04
   3.58687706e+02  -1.64402503e-04
   3.58688194e+02  -1.13634043e-03
   3.58688683e+02  -3.61844781e-03
   3.58689171e+02  -2.43722391e-03
   3.58689659e+02   2.80881021e-03
   3.58690147e+02   4.97643836e-03
   3.58690636e+02   2.02323077e-03
   3.58691124e+02  -1.61939621e-04
   3.58691612e+02   1.41928133e-04
   3.58692101e+02   1.96676259e-03
   3.58692589e+02   4.22006147e-03
   3.58693077e+02   5.24884555e-03
   3.58693566e+02   4.34740353e-03
   3.58694054e+02   1.93242764e-03
   3.58694542e+02   1.11559755e-03
   3.58695031e+02   2.77117966e-03
   3.58695519e+02   2.52915919e-03
   3.58696007e+02   3.12537632e-05
   3.58696495e+02  -8.32704245e-04
   3.58696984e+02  -1.24825118e-03
   3.58697472e+02  -2.73846416e-03
   3.58697960e+02  -1.61467644e-03
   3.58698449e+02   1.33241643e-03
   3.58698937e+02   4.25737060e-04
   3.58699425e+02  -2.14638887e-03
   3.58699914e+02  -2.75330921e-03
   3.58700402e+02  -3.70329269e-03
   3.58700890e+02  -5.43867145e-03
   3.58701379e+02  -4.31317650e-03
   3.58701867e+02  -1.76028116e-03
   3.58702355e+02  -1.64886692e-03
   3.58702844e+02  -4.52510035e-03
   3.58703332e+02  -6.58665970e-03
   3.58703820e+02  -6.57320023e-03
   3.58704308e+02  -5.33122430e-03
   3.58704797e+02  -5.67122549e-03
   3.58705285e+02  -5.11792349e-03
   3.58705773e+02  -1.45193213e-03
   3.58706262e+02   2.05771904e-03
   3.58706750e+02   4.21152543e-03
   3.58707238e+02   6.22493075e-03
   3.58707727e+02   6.31825626e-03
   3.58708215e+02   3.51209403e-03
   3.58708703e+02   1.00279821e-03
   3.58709192e+02  -3.60418089e-05
   3.58709680e+02  -3.19271290e-04
   3.58710168e+02   6.64064835e-04
   3.58710656e+02   1.39001873e-03
   3.58711145e+02   2.68076640e-03
   3.58711633e+02   5.69943152e-03
   3.58712121e+02   7.70203909e-03
   3.58712610e+02   5.67094609e-03
   3.58713098e+02   2.64686998e-03
   3.58713586e+02   7.66284298e-04
   3.58714075e+02  -2.52216472e-03
   3.58714563e+02  -5.41636255e-03
   3.58715051e+02  -5.47668291e-03
   3.58715540e+02  -4.43653204e-03
   3.58716028e+02  -3.61807365e-03
   3.58716516e+02  -2.22841301e-03
   3.58717004e+02  -5.77534200e-04
   3.58717493e+02   7.82415620e-04
   3.58717981e+02   1.50692952e-03
   3.58718469e+02  -1.69628160e-03
   3.58718958e+02  -5.81539562e-03
   3.58719446e+02  -4.09028446e-03
   3.58719934e+02  -1.74150453e-03
   3.58720423e+02  -3.77292116e-03
   3.58720911e+02  -3.39900004e-03
   3.58721399e+02  -3.16884834e-04
   3.58721888e+02   1.06740370e-03
   3.58722376e+02  -5.56264771e-04
   3.58722864e+02  -2.62341253e-03
   3.58723352e+02  -2.70868069e-03
   3.58723841e+02  -1.98129076e-03
   3.58724329e+02  -4.49644373e-04
   3.58724817e+02   3.61175509e-03
   3.58725306e+02   4.81294235e-03
   3.58725794e+02   2.76686507e-03
   3.58726282e+02   1.89165375e-03
   3.58726771e+02   4.66634141e-04
   3.58727259e+02  -1.84938591e-03
   3.58727747e+02  -1.35459984e-03
   3.58728236e+02   1.66404096e-03
   3.58728724e+02   3.07086017e-03
   3.58729212e+02   2.95774429e-03
   3.58729700e+02   3.64034460e-03
   3.58730189e+02   3.14106699e-03
   3.58730677e+02   1.17489137e-03
   3.58731165e+02  -1.51336216e-03
   3.58731654e+02  -5.33693237e-03
   3.58732142e+02  -5.42759523e-03
   3.58732630e+02  -1.88006822e-03
   3.58733119e+02   1.32037967e-03
   3.58733607e+02   3.14535806e-03
   3.58734095e+02   3.31008784e-03
   3.58734584e+02   3.58833512e-03
   3.58735072e+02   3.51169938e-03
   3.58735560e+02   1.46544399e-03
   3.58736048e+02  -4.45505342e-04
   3.58736537e+02  -2.95842387e-04
   3.58737025e+02   2.13531009e-03
   3.58737513e+02   3.13813426e-03
   3.58738002e+02   8.82473541e-04
   3.58738490e+02  -1.08428474e-03
   3.58738978e+02  -2.04251450e-03
   3.58739467e+02  -3.48305010e-04
   3.58739955e+02   2.49696220e-03
   3.58740443e+02   3.04673845e-03
   3.58740932e+02  -2.50442536e-04
   3.58741420e+02  -3.29773291e-03
   3.58741908e+02  -2.55571492e-03
   3.58742397e+02  -4.70566942e-04
   3.58742885e+02   1.29787356e-03
   3.58743373e+02   2.39196746e-03
   3.58743861e+02  -3.90858564e-04
   3.58744350e+02  -2.80723930e-03
   3.58744838e+02  -7.08514242e-04
   3.58745326e+02   6.46756147e-04
   3.58745815e+02  -3.16172111e-04
   3.58746303e+02  -1.54963904e-03
   3.58746791e+02  -2.38790037e-03
   3.58747280e+02  -2.56430940e-03
   3.58747768e+02  -3.20255943e-03
   3.58748256e+02  -3.07367882e-03
   3.58748745e+02  -1.20723469e-03
   3.58749233e+02   1.15968031e-03
   3.58749721e+02   1.57047552e-03
   3.58750209e+02  -1.84414641e-03
   3.58750698e+02  -2.81560794e-03
   3.58751186e+02  -1.12637936e-03
   3.58751674e+02  -5.23101422e-04
   3.58752163e+02   6.55413663e-04
   3.58752651e+02  -4.00541525e-04
   3.58753139e+02  -2.51263427e-03
   3.58753628e+02  -2.88880517e-04
   3.58754116e+02   5.68734133e-04
   3.58754604e+02  -1.70333416e-03
   3.58755093e+02  -1.76304486e-03
   3.58755581e+02   4.12416382e-04
   3.58756069e+02   8.70715710e-04
   3.58756557e+02  -8.31902202e-04
   3.58757046e+02  -3.36543191e-04
   3.58757534e+02   9.67052474e-04
   3.58758022e+02   8.27940297e-04
   3.58758511e+02   2.26061116e-03
   3.58758999e+02   1.40095945e-03
   3.58759487e+02  -1.81889080e-03
   3.58759976e+02  -1.04590971e-03
   3.58760464e+02   3.59697617e-03
   3.58760952e+02   5.48888743e-03
   3.58761441e+02   1.67767250e-03
   3.58761929e+02  -8.28189950e-04
   3.58762417e+02   1.18522963e-03
   3.58762905e+02   2.59458460e-03
   3.58763394e+02   1.91984337e-03
   3.58763882e+02   6.43106177e-04
   3.58764370e+02  -3.96637508e-04
   3.58764859e+02   1.52703573e-03
   3.58765347e+02   3.65485693e-03
   3.58765835e+02  -1.37351017e-04
   3.58766324e+02  -3.00727505e-03
   3.58766812e+02   1.12121366e-03
   3.58767300e+02   5.08118747e-03
   3.58767789e+02   5.35470061e-03
   3.58768277e+02   3.30092036e-03
   3.58768765e+02  -7.82441406e-04
   3.58769253e+02  -1.90694910e-03
   3.58769742e+02  -1.32065106e-04
   3.58770230e+02  -1.49013381e-03
   3.58770718e+02  -4.12601046e-03
   3.58771207e+02  -4.81916359e-03
   3.58771695e+02  -1.56955316e-03
   3.58772183e+02   1.08528964e-03
   3.58772672e+02  -1.12209302e-04
   3.58773160e+02  -2.08017929e-03
   3.58773648e+02  -3.57993087e-03
   3.58774137e+02  -2.30313092e-03
   3.58774625e+02  -3.60399339e-04
   3.58775113e+02  -1.29283682e-04
   3.58775601e+02   3.67400535e-05
   3.58776090e+02   1.31725683e-03
   3.58776578e+02   4.10122098e-03
   3.58777066e+02   5.79471653e-03
   3.58777555e+02   2.97354092e-03
   3.58778043e+02   1.23654574e-03
   3.58778531e+02   3.41275777e-03
   3.58779020e+02   5.85775310e-03
   3.58779508e+02   6.92563551e-03
   3.58779996e+02   4.74388478e-03
   3.58780485e+02   3.64082865e-03
   3.58780973e+02   2.83696805e-03
   3.58781461e+02  -2.50216894e-04
   3.58781950e+02  -6.10736606e-04
   3.58782438e+02   1.16007717e-03
   3.58782926e+02   2.03465857e-03
   3.58783414e+02   7.76374713e-04
   3.58783903e+02  -1.78793049e-03
   3.58784391e+02  -3.18952743e-03
   3.58784879e+02  -3.53351375e-03
   3.58785368e+02  -5.67143364e-03
   3.58785856e+02  -9.03933682e-03
   3.58786344e+02  -7.05779577e-03
   3.58786833e+02  -5.29952697e-04
   3.58787321e+02   2.79149809e-03
   3.58787809e+02   1.85818155e-03
   3.58788298e+02   2.26754666e-04
   3.58788786e+02  -6.29750837e-04
   3.58789274e+02  -1.76481053e-03
   3.58789762e+02  -2.57717352e-03
   3.58790251e+02  -2.71131494e-03
   3.58790739e+02   1.78243106e-04
   3.58791227e+02   4.67170961e-03
   3.58791716e+02   2.50439066e-03
   3.58792204e+02  -1.32904307e-03
   3.58792692e+02   2.29087382e-04
   3.58793181e+02   1.27016637e-03
   3.58793669e+02   2.36339067e-04
   3.58794157e+02   2.07081230e-05
   3.58794646e+02  -1.80077695e-04
   3.58795134e+02   1.04801764e-03
   3.58795622e+02   1.31168647e-03
   3.58796110e+02   8.99723556e-04
   3.58796599e+02   3.61506478e-03
   3.58797087e+02   4.67257015e-03
   3.58797575e+02   3.57417902e-03
   3.58798064e+02   6.57869503e-03
   3.58798552e+02   4.76242881e-03
   3.58799040e+02  -1.17647593e-04
   3.58799529e+02  -2.42767317e-04
   3.58800017e+02   4.47394559e-03
   3.58800505e+02   3.96041013e-03
   3.58800994e+02   1.80415506e-03
   3.58801482e+02   4.08820296e-03
   3.58801970e+02   2.90050474e-03
   3.58802458e+02  -1.02092854e-04
   3.58802947e+02   2.16856622e-03
   3.58803435e+02   4.04513255e-03
   3.58803923e+02   3.45591013e-03
   3.58804412e+02   5.04521467e-03
   3.58804900e+02   2.90052872e-03
   3.58805388e+02  -3.03249783e-03
   3.58805877e+02  -6.35750685e-03
   3.58806365e+02  -7.90746976e-03
   3.58806853e+02  -9.80481412e-03
   3.58807342e+02  -9.60954558e-03
   3.58807830e+02  -6.57728221e-03
   3.58808318e+02  -2.63787666e-03
   3.58808806e+02  -1.25139923e-04
   3.58809295e+02   1.66653306e-03
   3.58809783e+02   2.54476513e-03
   3.58810271e+02   1.82243239e-03
   3.58810760e+02  -6.01576059e-04
   3.58811248e+02  -3.57060414e-03
   3.58811736e+02  -5.85838314e-03
   3.58812225e+02  -3.92853189e-03
   3.58812713e+02   2.33321637e-03
   3.58813201e+02   3.07148136e-03
   3.58813690e+02  -2.85781789e-05
   3.58814178e+02   1.63154758e-03
   3.58814666e+02   3.45166307e-03
   3.58815154e+02   7.25542079e-04
   3.58815643e+02  -1.20362698e-03
   3.58816131e+02  -1.19938655e-03
   3.58816619e+02  -2.74895458e-03
   3.58817108e+02  -7.51574175e-04
   3.58817596e+02   4.74867225e-03
   3.58818084e+02   5.47222979e-03
   3.58818573e+02   2.11418467e-03
   3.58819061e+02  -4.46308113e-05
   3.58819549e+02  -3.17287794e-03
   3.58820038e+02  -5.07638557e-03
   3.58820526e+02  -3.98269761e-03
   3.58821014e+02  -2.75927037e-03
   3.58821503e+02   1.76338246e-03
   3.58821991e+02   7.16654398e-03
   3.58822479e+02   3.38763185e-03
   3.58822967e+02  -4.32532746e-03
   3.58823456e+02  -5.33685973e-03
   3.58823944e+02  -2.37693731e-03
   3.58824432e+02  -2.65788844e-06
   3.58824921e+02  -3.32133466e-04
   3.58825409e+02  -1.65584555e-03
   3.58825897e+02   5.85033849e-04
   3.58826386e+02   4.91711497e-03
   3.58826874e+02   5.43627003e-03
   3.58827362e+02   1.36145565e-03
   3.58827851e+02  -1.79009500e-03
   3.58828339e+02  -2.93743983e-03
   3.58828827e+02  -3.21039488e-03
   3.58829315e+02  -1.43375818e-03
   3.58829804e+02  -2.16045440e-03
   3.58830292e+02  -5.72208781e-03
   3.58830780e+02  -5.08961175e-03
   3.58831269e+02  -1.84138934e-03
   3.58831757e+02  -1.85882312e-03
   3.58832245e+02  -8.57871550e-04
   3.58832734e+02   2.42715818e-03
   3.58833222e+02   3.39932228e-03
   3.58833710e+02   3.31232208e-03
   3.58834199e+02   1.28794077e-03
   3.58834687e+02  -3.37773003e-03
   3.58835175e+02  -5.04277926e-03
   3.58835663e+02  -3.21700005e-03
   3.58836152e+02  -7.87270372e-04
   3.58836640e+02   6.85082690e-04
   3.58837128e+02   5.98804676e-04
   3.58837617e+02   4.88183554e-03
   3.58838105e+02   9.13297758e-03
   3.58838593e+02   8.14766902e-03
   3.58839082e+02   5.16914995e-03
   3.58839570e+02   1.94666826e-03
   3.58840058e+02   2.40648142e-03
   3.58840547e+02   9.15891770e-03
   3.58841035e+02   1.34446602e-02
   3.58841523e+02   8.51349626e-03
   3.58842011e+02   2.69771367e-03
   3.58842500e+02   1.40950014e-03
   3.58842988e+02   2.85711791e-03
   3.58843476e+02   6.10457314e-03
   3.58843965e+02   7.74500705e-03
   3.58844453e+02   6.92482013e-03
   3.58844941e+02   3.11263325e-03
   3.58845430e+02  -4.55569010e-03
   3.58845918e+02  -8.12222809e-03
   3.58846406e+02  -5.64034423e-03
   3.58846895e+02  -3.55504290e-03
   3.58847383e+02  -2.33161240e-03
   3.58847871e+02  -4.80074575e-03
   3.58848359e+02  -5.62980305e-03
   3.58848848e+02  -1.72165758e-03
   3.58849336e+02   3.98637931e-04
   3.58849824e+02   1.38166721e-03
   3.58850313e+02   3.30058043e-03
   3.58850801e+02   5.04237413e-03
   3.58851289e+02   3.12569598e-03
   3.58851778e+02  -2.50886264e-03
   3.58852266e+02  -4.40131966e-03
   3.58852754e+02  -5.36420895e-03
   3.58853243e+02  -7.08717445e-04
   3.58853731e+02   3.75885796e-03
   3.58854219e+02  -1.33378882e-04
   3.58854707e+02  -2.82850373e-03
   3.58855196e+02  -1.36969451e-04
   3.58855684e+02   5.37245069e-04
   3.58856172e+02  -1.71898515e-03
   3.58856661e+02  -2.35110871e-04
   3.58857149e+02   1.05071976e-03
   3.58857637e+02   2.35257507e-03
   3.58858126e+02   4.55146749e-03
   3.58858614e+02   6.07902231e-03
   3.58859102e+02   7.65751582e-03
   3.58859591e+02   8.65382049e-03
   3.58860079e+02   9.15474724e-03
   3.58860567e+02   7.45480042e-03
   3.58861056e+02   3.40030272e-03
   3.58861544e+02  -1.08672772e-03
   3.58862032e+02  -2.30958359e-03
   3.58862520e+02   2.44928433e-05
   3.58863009e+02  -7.04259262e-04
   3.58863497e+02  -4.11103433e-03
   3.58863985e+02   1.92829850e-03
   3.58864474e+02   1.27704460e-02
   3.58864962e+02   1.44918133e-02
   3.58865450e+02   9.60157532e-03
   3.58865939e+02   2.96191755e-03
   3.58866427e+02  -1.68325991e-04
   3.58866915e+02  -8.77478087e-05
   3.58867404e+02  -2.56407587e-03
   3.58867892e+02  -4.41058539e-03
   3.58868380e+02  -4.98561142e-03
   3.58868868e+02  -3.89074790e-03
   3.58869357e+02  -5.85766463e-03
   3.58869845e+02  -1.17839798e-02
   3.58870333e+02  -7.75388163e-03
   3.58870822e+02   4.09952691e-03
   3.58871310e+02   1.10508576e-02
   3.58871798e+02   1.16935195e-02
   3.58872287e+02   1.23174684e-02
   3.58872775e+02   1.39679573e-02
   3.58873263e+02   1.08846175e-02
   3.58873752e+02   9.28153342e-04
   3.58874240e+02  -5.02691185e-03
   3.58874728e+02  -1.72769721e-03
   3.58875216e+02  -1.23972225e-03
   3.58875705e+02  -1.61480304e-04
   3.58876193e+02   2.21558381e-03
   3.58876681e+02   2.16134847e-03
   3.58877170e+02   3.52531904e-03
   3.58877658e+02   2.05652672e-03
   3.58878146e+02  -1.86673086e-03
   3.58878635e+02  -6.03852211e-04
   3.58879123e+02   4.64093592e-03
   3.58879611e+02   5.48017956e-03
   3.58880100e+02   5.60308807e-03
   3.58880588e+02   6.04186952e-03
   3.58881076e+02   2.39837915e-03
   3.58881564e+02  -3.75386421e-03
   3.58882053e+02  -1.26544470e-02
   3.58882541e+02  -1.35678174e-02
   3.58883029e+02  -6.54178718e-03
   3.58883518e+02  -2.38706893e-03
   3.58884006e+02  -2.37210840e-03
   3.58884494e+02  -1.13481109e-03
   3.58884983e+02   4.78648394e-03
   3.58885471e+02   1.32176783e-02
   3.58885959e+02   1.60720125e-02
   3.58886448e+02   6.67719357e-03
   3.58886936e+02  -2.21071206e-03
   3.58887424e+02   1.01151201e-03
   3.58887912e+02   8.42700340e-03
   3.58888401e+02   6.43857801e-03
   3.58888889e+02   3.02889151e-03
   3.58889377e+02   4.57463972e-03
   3.58889866e+02   2.82799779e-03
   3.58890354e+02  -2.57668039e-03
   3.58890842e+02  -4.28528665e-03
   3.58891331e+02  -2.30725622e-03
   3.58891819e+02  -1.48891588e-03
   3.58892307e+02  -1.76037336e-03
   3.58892796e+02  -3.10954318e-04
   3.58893284e+02  -1.71196647e-04
   3.58893772e+02  -6.66793622e-03
   3.58894260e+02  -8.71452037e-03
   3.58894749e+02  -1.67910242e-03
   3.58895237e+02   1.35418621e-03
   3.58895725e+02  -1.38197257e-03
   3.58896214e+02  -1.86760386e-03
   3.58896702e+02  -1.20580291e-04
   3.58897190e+02   2.93097692e-04
   3.58897679e+02   2.93779233e-03
   3.58898167e+02   9.10463836e-03
   3.58898655e+02   9.79103614e-03
   3.58899144e+02   2.66609923e-03
   3.58899632e+02  -1.43125770e-03
   3.58900120e+02   4.07260796e-03
   3.58900608e+02   1.00180591e-02
   3.58901097e+02   9.45552159e-03
   3.58901585e+02   6.42113062e-03
   3.58902073e+02   3.32342228e-03
   3.58902562e+02  -3.37671395e-03
   3.58903050e+02  -6.19089697e-03
   3.58903538e+02  -1.36913464e-03
   3.58904027e+02   1.65599457e-03
   3.58904515e+02   4.35877498e-03
   3.58905003e+02   6.76674116e-03
   3.58905492e+02   2.45437189e-03
   3.58905980e+02  -2.58218218e-03
   3.58906468e+02  -7.86328572e-04
   3.58906957e+02   2.81506428e-03
   3.58907445e+02   4.79847193e-03
   3.58907933e+02   6.32365653e-03
   3.58908421e+02   6.15508249e-03
   3.58908910e+02   4.82262671e-03
   3.58909398e+02   3.93662183e-03
   3.58909886e+02   4.66719829e-03
   3.58910375e+02   5.43732569e-03
   3.58910863e+02   3.29010026e-03
   3.58911351e+02   2.66613904e-03
   3.58911840e+02   2.81780049e-05
   3.58912328e+02  -3.13586136e-03
   3.58912816e+02   2.37067012e-04
   3.58913305e+02   4.74181259e-03
   3.58913793e+02   1.15201599e-03
   3.58914281e+02  -6.40240964e-03
   3.58914769e+02  -5.81743428e-03
   3.58915258e+02   2.99095060e-03
   3.58915746e+02   5.12671191e-03
   3.58916234e+02   1.53835095e-03
   3.58916723e+02  -2.02203752e-03
   3.58917211e+02   1.51648105e-03
   3.58917699e+02   6.31167600e-03
   3.58918188e+02   5.24133956e-03
   3.58918676e+02   6.21497980e-04
   3.58919164e+02   3.11916840e-04
   3.58919653e+02   1.79173530e-03
   3.58920141e+02  -5.22953167e-04
   3.58920629e+02  -2.90612131e-03
   3.58921117e+02  -4.52380534e-03
   3.58921606e+02  -4.14901925e-03
   3.58922094e+02   1.46356446e-03
   3.58922582e+02   4.67542838e-03
   3.58923071e+02   2.27711326e-03
   3.58923559e+02   1.05474191e-03
   3.58924047e+02   5.32994629e-04
   3.58924536e+02  -3.54583608e-03
   3.58925024e+02  -6.16412936e-03
   3.58925512e+02  -3.62819480e-03
   3.58926001e+02  -1.06631278e-03
   3.58926489e+02  -7.75237160e-04
   3.58926977e+02  -5.44727140e-04
   3.58927465e+02   2.57998763e-04
   3.58927954e+02   2.38352790e-04
   3.58928442e+02  -1.07644801e-03
   3.58928930e+02  -3.78083345e-03
   3.58929419e+02  -4.76169214e-03
   3.58929907e+02  -1.49970723e-03
   3.58930395e+02   1.72709624e-04
   3.58930884e+02  -3.91446461e-04
   3.58931372e+02   1.87231938e-03
   3.58931860e+02   2.18658289e-03
   3.58932349e+02  -2.90722144e-03
   3.58932837e+02  -6.78630592e-03
   3.58933325e+02  -4.61385539e-03
   3.58933813e+02   4.32931178e-04
   3.58934302e+02   2.07465701e-03
   3.58934790e+02   1.76909298e-03
   3.58935278e+02   1.40183745e-03
   3.58935767e+02  -9.13292752e-04
   3.58936255e+02  -1.05286122e-03
   3.58936743e+02   3.37646320e-03
   3.58937232e+02   2.78677791e-03
   3.58937720e+02  -3.78851453e-03
   3.58938208e+02  -5.55904629e-03
   3.58938697e+02  -4.85418923e-03
   3.58939185e+02  -4.94221179e-03
   3.58939673e+02  -3.58716515e-03
   3.58940161e+02  -2.00833334e-03
   3.58940650e+02  -1.10359874e-03
   3.58941138e+02  -3.05813248e-03
   3.58941626e+02  -4.65817563e-03
   3.58942115e+02   2.01250979e-04
   3.58942603e+02   5.46952803e-03
   3.58943091e+02   3.23024951e-03
   3.58943580e+02   1.15507073e-03
   3.58944068e+02   2.68547796e-03
   3.58944556e+02   1.27715012e-03
   3.58945045e+02  -7.61824718e-04
   3.58945533e+02  -1.61419870e-04
   3.58946021e+02  -3.39684513e-04
   3.58946510e+02  -7.26199287e-05
   3.58946998e+02   1.04395137e-03
   3.58947486e+02   8.45833740e-04
   3.58947974e+02  -1.11861574e-03
   3.58948463e+02  -3.13497125e-03
   3.58948951e+02  -2.13668286e-03
   3.58949439e+02   2.09903275e-03
   3.58949928e+02   5.64595684e-03
   3.58950416e+02   6.91340631e-03
   3.58950904e+02   7.94194639e-03
   3.58951393e+02   8.93975608e-03
   3.58951881e+02   6.01216871e-03
   3.58952369e+02   1.83050451e-03
   3.58952858e+02   2.23032985e-04
   3.58953346e+02  -1.64757541e-03
   3.58953834e+02  -3.03354725e-04
   3.58954322e+02   1.55758264e-03
   3.58954811e+02  -7.50973471e-04
   3.58955299e+02  -2.46218545e-03
   3.58955787e+02  -4.09839163e-03
   3.58956276e+02  -4.96094488e-03
   3.58956764e+02  -1.19003130e-03
   3.58957252e+02   2.44797743e-03
   3.58957741e+02   3.16598406e-03
   3.58958229e+02   2.70754052e-03
   3.58958717e+02  -8.61470908e-05
   3.58959206e+02  -1.20303748e-05
   3.58959694e+02   4.65158978e-03
   3.58960182e+02   4.20189463e-03
   3.58960670e+02  -1.07817992e-03
   3.58961159e+02  -3.86412907e-03
   3.58961647e+02  -2.40131398e-03
   3.58962135e+02   1.40579708e-03
   3.58962624e+02   3.30569479e-03
   3.58963112e+02   1.67453079e-04
   3.58963600e+02  -2.92446371e-03
   3.58964089e+02  -3.13781644e-03
   3.58964577e+02  -3.70165473e-03
   3.58965065e+02  -3.19054839e-03
   3.58965554e+02   7.80454604e-04
   3.58966042e+02   5.07660815e-03
   3.58966530e+02   6.34124363e-03
   3.58967018e+02   7.04570906e-03
   3.58967507e+02   8.52144975e-03
   3.58967995e+02   6.01254823e-03
   3.58968483e+02  -4.83343116e-04
   3.58968972e+02  -3.73129710e-03
   3.58969460e+02  -1.77921134e-03
   3.58969948e+02   1.53591495e-03
   3.58970437e+02   2.04843679e-03
   3.58970925e+02   2.98621017e-03
   3.58971413e+02   4.59995912e-03
   3.58971902e+02   1.18711661e-03
   3.58972390e+02  -2.65777949e-03
   3.58972878e+02  -2.79186270e-03
   3.58973366e+02  -1.80298882e-03
   3.58973855e+02  -7.27981911e-04
   3.58974343e+02  -1.64917728e-03
   3.58974831e+02  -2.34673102e-03
   3.58975320e+02  -1.80586171e-03
   3.58975808e+02  -1.78391754e-03
   3.58976296e+02  -1.37536519e-03
   3.58976785e+02  -5.04456075e-05
   3.58977273e+02   1.30153785e-03
   3.58977761e+02   1.23480579e-03
   3.58978250e+02  -7.63966993e-04
   3.58978738e+02  -1.77319767e-03
   3.58979226e+02   7.26400118e-04
   3.58979714e+02   3.59458965e-03
   3.58980203e+02   2.24517821e-03
   3.58980691e+02  -7.44248799e-04
   3.58981179e+02  -1.86553481e-03
   3.58981668e+02  -1.73220807e-03
   3.58982156e+02   3.70976166e-04
   3.58982644e+02   1.40367425e-03
   3.58983133e+02   7.60868890e-04
   3.58983621e+02   3.09431722e-04
   3.58984109e+02  -2.96554598e-03
   3.58984598e+02  -5.32336859e-03
   3.58985086e+02  -4.22707759e-03
   3.58985574e+02  -2.54352228e-03
   3.58986063e+02  -1.73770764e-03
   3.58986551e+02   4.17121220e-04
   3.58987039e+02   1.60105003e-03
   3.58987527e+02  -3.46905523e-04
   3.58988016e+02   8.29763361e-04
   3.58988504e+02   1.56634569e-03
   3.58988992e+02  -1.27886247e-03
   3.58989481e+02  -5.03587595e-04
   3.58989969e+02   2.69743335e-03
   3.58990457e+02   3.07630561e-03
   3.58990946e+02   1.30041863e-03
   3.58991434e+02  -1.45466195e-03
   3.58991922e+02  -1.49483746e-03
   3.58992411e+02   1.65883428e-03
   3.58992899e+02   3.45131638e-03
   3.58993387e+02   4.49874718e-03
   3.58993875e+02   3.54927522e-03
   3.58994364e+02  -4.36407514e-04
   3.58994852e+02  -2.61208764e-03
   3.58995340e+02  -7.35931972e-04
   3.58995829e+02  -7.66962185e-04
   3.58996317e+02  -1.09567028e-03
   3.58996805e+02   3.01614782e-04
   3.58997294e+02  -1.04159248e-04
   3.58997782e+02  -1.53387384e-03
   3.58998270e+02  -3.30409338e-03
   3.58998759e+02   5.73672005e-04
   3.58999247e+02   6.69883378e-03
   3.58999735e+02   6.08306006e-03
   3.59000223e+02   2.63185753e-03
   3.59000712e+02  -1.11447857e-03
   3.59001200e+02  -4.33248794e-03
   3.59001688e+02  -4.00284445e-03
   3.59002177e+02  -6.64008723e-04
   3.59002665e+02   2.00051744e-03
   3.59003153e+02   1.58343022e-03
   3.59003642e+02   8.16539221e-04
   3.59004130e+02  -6.67048851e-04
   3.59004618e+02  -3.53516574e-04
   3.59005107e+02  -6.11352851e-04
   3.59005595e+02  -3.19568045e-03
   3.59006083e+02  -2.46342691e-03
   3.59006571e+02  -8.74685356e-04
   3.59007060e+02  -1.32771279e-03
   3.59007548e+02  -6.11487194e-04
   3.59008036e+02  -3.30789859e-04
   3.59008525e+02  -1.73138408e-03
   3.59009013e+02  -1.64787623e-03
   3.59009501e+02  -1.07653509e-03
   3.59009990e+02  -2.66202819e-03
   3.59010478e+02  -2.63925735e-03
   3.59010966e+02  -7.83363299e-04
   3.59011455e+02   6.33226649e-04
   3.59011943e+02   2.12366204e-03
   3.59012431e+02   2.11971626e-03
   3.59012919e+02   8.77603306e-04
   3.59013408e+02  -1.60241348e-03
   3.59013896e+02  -1.85116334e-03
   3.59014384e+02   1.37294107e-03
   3.59014873e+02   1.21528178e-03
   3.59015361e+02  -3.56021151e-03
   3.59015849e+02  -5.46328723e-03
   3.59016338e+02  -3.45971691e-03
   3.59016826e+02  -5.78803767e-04
   3.59017314e+02   1.08539441e-03
   3.59017803e+02   6.83575403e-04
   3.59018291e+02   4.17842763e-04
   3.59018779e+02   2.86834576e-04
   3.59019267e+02  -2.41500139e-03
   3.59019756e+02  -3.70821101e-03
   3.59020244e+02  -9.54535382e-04
   3.59020732e+02   3.15383216e-03
   3.59021221e+02   3.91118648e-03
   3.59021709e+02   2.07389076e-03
   3.59022197e+02   3.23531590e-03
   3.59022686e+02   6.09846227e-03
   3.59023174e+02   4.56978893e-03
   3.59023662e+02   9.25869797e-04
   3.59024151e+02  -1.20839034e-03
   3.59024639e+02  -2.47475575e-03
   3.59025127e+02  -3.50007531e-03
   3.59025616e+02  -2.61185924e-03
   3.59026104e+02   7.57489644e-04
   3.59026592e+02   2.63929716e-03
   3.59027080e+02   9.44069761e-04
   3.59027569e+02   6.10907213e-04
   3.59028057e+02   5.77955798e-05
   3.59028545e+02  -1.14563969e-03
   3.59029034e+02   1.35145581e-03
   3.59029522e+02   3.27769457e-03
   3.59030010e+02   1.64950895e-03
   3.59030499e+02  -1.39249169e-04
   3.59030987e+02  -1.14194036e-03
   3.59031475e+02  -1.48487953e-03
   3.59031964e+02  -1.62046321e-03
   3.59032452e+02  -2.24044081e-03
   3.59032940e+02  -1.73707423e-03
   3.59033428e+02  -1.51944952e-03
   3.59033917e+02  -3.40577727e-03
   3.59034405e+02  -3.04499920e-03
   3.59034893e+02   3.78181227e-04
   3.59035382e+02   1.08839234e-03
   3.59035870e+02   6.58170320e-04
   3.59036358e+02  -2.67317286e-04
   3.59036847e+02  -5.34023566e-04
   3.59037335e+02   3.46434768e-03
   3.59037823e+02   6.44917879e-03
   3.59038312e+02   4.21710918e-03
   3.59038800e+02   4.24651150e-03
   3.59039288e+02   6.30722893e-03
   3.59039776e+02   6.03769487e-03
   3.59040265e+02   6.38037408e-03
   3.59040753e+02   4.93657496e-03
   3.59041241e+02   1.04791764e-03
   3.59041730e+02   8.19740526e-05
   3.59042218e+02   3.35166143e-04
   3.59042706e+02   7.71850988e-04
   3.59043195e+02   3.56740493e-04
   3.59043683e+02  -1.79169036e-03
   3.59044171e+02  -1.51360244e-03
   3.59044660e+02   1.49795495e-03
   3.59045148e+02   2.92038335e-03
   3.59045636e+02   2.03213445e-03
   3.59046124e+02   9.85499006e-04
   3.59046613e+02  -1.86814490e-04
   3.59047101e+02  -1.50141469e-03
   3.59047589e+02  -3.49593023e-03
   3.59048078e+02  -4.40737512e-03
   3.59048566e+02  -3.21716606e-03
   3.59049054e+02  -1.03134802e-03
   3.59049543e+02   8.13857769e-04
   3.59050031e+02  -1.04638305e-03
   3.59050519e+02  -4.39685164e-03
   3.59051008e+02  -4.23838198e-03
   3.59051496e+02  -6.29543385e-04
   3.59051984e+02   1.38756016e-03
   3.59052472e+02   2.41383980e-03
   3.59052961e+02   3.21380934e-03
   3.59053449e+02   2.51699728e-03
   3.59053937e+02   2.71029258e-03
   3.59054426e+02   1.39882939e-03
   3.59054914e+02  -1.75869573e-04
   3.59055402e+02   2.34898482e-03
   3.59055891e+02   3.14044487e-03
   3.59056379e+02  -1.05815660e-03
   3.59056867e+02  -3.04972380e-03
   3.59057356e+02  -2.88109435e-03
   3.59057844e+02  -2.80983094e-03
   3.59058332e+02  -2.00457143e-04
   3.59058820e+02   2.02355930e-03
   3.59059309e+02   2.80771102e-03
   3.59059797e+02   2.71240808e-03
   3.59060285e+02   1.96941360e-03
   3.59060774e+02   1.92485529e-03
   3.59061262e+02   7.49040453e-04
   3.59061750e+02   3.05380905e-04
   3.59062239e+02   5.82288543e-04
   3.59062727e+02  -1.58373790e-03
   3.59063215e+02  -3.62938154e-03
   3.59063704e+02  -3.17347655e-03
   3.59064192e+02  -1.55771605e-03
   3.59064680e+02  -1.24923361e-03
   3.59065169e+02  -2.62104953e-03
   3.59065657e+02  -3.95071693e-03
   3.59066145e+02  -6.39923906e-04
   3.59066633e+02   3.21595510e-03
   3.59067122e+02   1.44219107e-03
   3.59067610e+02  -1.23075070e-03
   3.59068098e+02  -2.85260496e-03
   3.59068587e+02  -3.15695372e-03
   3.59069075e+02   4.38014773e-04
   3.59069563e+02   3.60275223e-03
   3.59070052e+02   2.26505147e-03
   3.59070540e+02   9.59281519e-04
   3.59071028e+02   1.32428750e-03
   3.59071517e+02   1.70258665e-03
   3.59072005e+02   1.24040619e-03
   3.59072493e+02  -7.93492945e-04
   3.59072981e+02  -3.25185410e-03
   3.59073470e+02  -3.48720630e-03
   3.59073958e+02  -3.16224108e-03
   3.59074446e+02  -2.23775022e-03
   3.59074935e+02   7.83519237e-04
   3.59075423e+02   1.27705862e-03
   3.59075911e+02  -6.25103305e-04
   3.59076400e+02  -1.14904903e-03
   3.59076888e+02  -1.32906390e-03
   3.59077376e+02  -1.90395326e-03
   3.59077865e+02  -1.92226865e-03
   3.59078353e+02  -7.14838388e-04
   3.59078841e+02   2.84546171e-03
   3.59079329e+02   4.87027783e-03
   3.59079818e+02   2.54747807e-03
   3.59080306e+02  -8.90307769e-04
   3.59080794e+02  -2.55216612e-03
   3.59081283e+02  -2.39555887e-03
   3.59081771e+02  -5.27473632e-04
   3.59082259e+02   3.25800007e-04
   3.59082748e+02  -7.81212817e-04
   3.59083236e+02  -1.99000584e-03
   3.59083724e+02  -1.85291038e-03
   3.59084213e+02   4.47460654e-04
   3.59084701e+02   1.56515965e-03
   3.59085189e+02   2.85486429e-04
   3.59085677e+02   1.72922830e-03
   3.59086166e+02   6.71849307e-03
   3.59086654e+02   7.33322045e-03
   3.59087142e+02   1.27657363e-03
   3.59087631e+02  -4.81749652e-03
   3.59088119e+02  -7.91111588e-03
   3.59088607e+02  -6.70362730e-03
   3.59089096e+02  -1.41335395e-03
   3.59089584e+02  -1.57769246e-03
   3.59090072e+02  -6.88878726e-03
   3.59090561e+02  -5.97364968e-03
   3.59091049e+02  -5.39446482e-04
   3.59091537e+02   2.00198218e-03
   3.59092025e+02   2.95479409e-03
   3.59092514e+02   1.85274135e-03
   3.59093002e+02   2.17529084e-03
   3.59093490e+02   2.70093698e-03
   3.59093979e+02   7.25197373e-04
   3.59094467e+02  -2.69220071e-03
   3.59094955e+02  -3.49732884e-03
   3.59095444e+02  -9.92071931e-04
   3.59095932e+02   8.49995820e-04
   3.59096420e+02  -5.89755306e-04
   3.59096909e+02  -2.90485471e-03
   3.59097397e+02  -1.77812204e-03
   3.59097885e+02  -4.89632366e-04
   3.59098373e+02  -2.30569695e-03
   3.59098862e+02  -3.77066783e-03
   3.59099350e+02  -1.71247125e-03
   3.59099838e+02  -4.53481989e-05
   3.59100327e+02  -8.88902345e-04
   3.59100815e+02  -2.05753371e-03
   3.59101303e+02  -4.31336742e-03
   3.59101792e+02  -4.18881141e-03
   3.59102280e+02   1.79414797e-04
   3.59102768e+02   2.43654312e-03
   3.59103257e+02   1.85279743e-04
   3.59103745e+02  -2.22990615e-03
   3.59104233e+02  -2.75487662e-03
   3.59104722e+02  -2.61625461e-03
   3.59105210e+02  -1.30652811e-03
   3.59105698e+02   2.04364024e-03
   3.59106186e+02   3.95568181e-03
   3.59106675e+02   3.20653641e-03
   3.59107163e+02   1.33014214e-03
   3.59107651e+02  -7.17544637e-04
   3.59108140e+02  -2.30272301e-03
   3.59108628e+02  -9.13485535e-04
   3.59109116e+02   2.01773783e-03
   3.59109605e+02   1.75909908e-03
   3.59110093e+02   1.63435144e-03
   3.59110581e+02   2.59629311e-03
   3.59111070e+02   1.11529056e-03
   3.59111558e+02  -1.36339071e-03
   3.59112046e+02  -9.77516524e-04
   3.59112534e+02   3.50027694e-04
   3.59113023e+02  -1.98364630e-03
   3.59113511e+02  -5.66438353e-03
   3.59113999e+02  -5.03524626e-03
   3.59114488e+02  -2.90161697e-03
   3.59114976e+02  -3.36086936e-03
   3.59115464e+02  -3.79493088e-03
   3.59115953e+02  -2.90264073e-03
   3.59116441e+02  -3.34471837e-03
   3.59116929e+02  -7.07369065e-04
   3.59117418e+02   3.93717177e-03
   3.59117906e+02   3.93045181e-03
   3.59118394e+02   3.32835433e-03
   3.59118882e+02   2.50884867e-03
   3.59119371e+02   1.55370089e-03
   3.59119859e+02   3.64787620e-03
   3.59120347e+02   3.48531106e-03
   3.59120836e+02  -4.36123082e-04
   3.59121324e+02  -2.10528681e-03
   3.59121812e+02  -2.91995239e-03
   3.59122301e+02  -2.58359942e-03
   3.59122789e+02  -2.32270017e-04
   3.59123277e+02   3.05459078e-04
   3.59123766e+02  -1.28584029e-03
   3.59124254e+02  -2.67936429e-03
   3.59124742e+02  -2.28107488e-03
   3.59125230e+02  -2.23988507e-04
   3.59125719e+02   1.49981736e-03
   3.59126207e+02   1.50545093e-03
   3.59126695e+02   1.18571357e-03
   3.59127184e+02   7.30572909e-04
   3.59127672e+02   4.55633790e-06
   3.59128160e+02  -2.34467690e-04
   3.59128649e+02   5.83947927e-04
   3.59129137e+02   1.57266436e-03
   3.59129625e+02   2.95037474e-03
   3.59130114e+02   2.75761145e-03
   3.59130602e+02  -2.17617358e-04
   3.59131090e+02  -3.35245975e-03
   3.59131578e+02  -5.42501127e-03
   3.59132067e+02  -5.27068181e-03
   3.59132555e+02  -2.68452754e-03
   3.59133043e+02  -1.91420142e-03
   3.59133532e+02  -1.21802266e-03
   3.59134020e+02   7.68825994e-04
   3.59134508e+02  -2.43951290e-04
   3.59134997e+02  -1.54367974e-03
   3.59135485e+02   8.39449349e-04
   3.59135973e+02   2.36653560e-03
   3.59136462e+02  -5.50808800e-05
   3.59136950e+02  -2.38803821e-03
   3.59137438e+02  -2.08178230e-04
   3.59137926e+02   3.72893480e-03
   3.59138415e+02   5.86094428e-03
   3.59138903e+02   5.00860112e-03
   3.59139391e+02   2.51073088e-03
   3.59139880e+02   2.56482814e-03
   3.59140368e+02   4.75723296e-03
   3.59140856e+02   4.83628688e-03
   3.59141345e+02   2.47867149e-03
   3.59141833e+02   3.15575075e-04
   3.59142321e+02  -6.77684031e-04
   3.59142810e+02  -4.09439730e-04
   3.59143298e+02   1.32315862e-03
   3.59143786e+02   2.58550001e-03
   3.59144275e+02   2.13801954e-03
   3.59144763e+02   2.41095084e-03
   3.59145251e+02   3.65616172e-03
   3.59145739e+02   2.79691373e-03
   3.59146228e+02   1.77548639e-03
   3.59146716e+02   2.95704231e-03
   3.59147204e+02   2.39812443e-03
   3.59147693e+02  -2.01707729e-03
   3.59148181e+02  -3.41511192e-03
   3.59148669e+02  -2.96662375e-03
   3.59149158e+02  -1.85784628e-03
   3.59149646e+02  -4.22142737e-04
   3.59150134e+02  -1.29795214e-03
   3.59150623e+02  -2.36314000e-03
   3.59151111e+02  -3.42212361e-03
   3.59151599e+02  -1.77009043e-03
   3.59152087e+02   1.96480472e-03
   3.59152576e+02   2.07189773e-03
   3.59153064e+02   1.29096198e-03
   3.59153552e+02   3.19382292e-03
   3.59154041e+02   3.08541139e-03
   3.59154529e+02   2.99140112e-04
   3.59155017e+02  -1.92053922e-04
   3.59155506e+02   8.85457557e-04
   3.59155994e+02   1.44115696e-03
   3.59156482e+02   2.08914769e-03
   3.59156971e+02   3.73760471e-03
   3.59157459e+02   3.70422308e-03
   3.59157947e+02   1.38632080e-04
   3.59158435e+02  -8.62807501e-04
   3.59158924e+02   2.22293442e-04
   3.59159412e+02   4.03703452e-05
   3.59159900e+02   2.18711956e-03
   3.59160389e+02   3.74608790e-03
   3.59160877e+02   1.61018595e-03
   3.59161365e+02   2.45100498e-04
   3.59161854e+02   1.47501938e-03
   3.59162342e+02   2.16315174e-03
   3.59162830e+02  -1.79709808e-04
   3.59163319e+02  -2.61782366e-03
   3.59163807e+02  -2.81715929e-03
   3.59164295e+02  -1.62867352e-03
   3.59164783e+02  -7.49341038e-04
   3.59165272e+02   8.84596157e-05
   3.59165760e+02   3.43680033e-04
   3.59166248e+02  -1.05863088e-03
   3.59166737e+02  -1.73953478e-03
   3.59167225e+02  -1.29885902e-03
   3.59167713e+02  -7.88824284e-04
   3.59168202e+02  -9.93402908e-04
   3.59168690e+02  -1.07886735e-03
   3.59169178e+02  -2.33751969e-04
   3.59169667e+02   1.50251062e-05
   3.59170155e+02  -1.57276460e-03
   3.59170643e+02  -1.13131932e-03
   3.59171131e+02   2.19271379e-03
   3.59171620e+02   3.46761034e-03
   3.59172108e+02   2.20583333e-03
   3.59172596e+02  -6.29346061e-04
   3.59173085e+02  -2.58601899e-03
   3.59173573e+02  -5.94533514e-04
   3.59174061e+02   2.11913907e-03
   3.59174550e+02   1.86278077e-03
   3.59175038e+02   2.38249288e-03
   3.59175526e+02   4.00381070e-03
   3.59176015e+02   3.92250344e-03
   3.59176503e+02   2.10641348e-03
   3.59176991e+02  -2.34078825e-03
   3.59177479e+02  -5.14452904e-03
   3.59177968e+02  -3.59548302e-03
   3.59178456e+02  -9.76925832e-04
   3.59178944e+02  -1.19945756e-03
   3.59179433e+02  -3.00935213e-03
   3.59179921e+02  -1.98768289e-03
   3.59180409e+02  -1.47618746e-04
   3.59180898e+02   1.63006989e-04
   3.59181386e+02   8.53188452e-04
   3.59181874e+02   2.40954105e-03
   3.59182363e+02   2.89523997e-03
   3.59182851e+02   3.33638326e-03
   3.59183339e+02   2.53052381e-03
   3.59183828e+02  -1.10955967e-03
   3.59184316e+02  -2.78502260e-03
   3.59184804e+02  -1.11018436e-03
   3.59185292e+02   1.46061124e-03
   3.59185781e+02   2.36653467e-03
   3.59186269e+02   8.64949950e-04
   3.59186757e+02   1.68061920e-03
   3.59187246e+02   4.79206583e-03
   3.59187734e+02   4.06808639e-03
   3.59188222e+02   9.07705107e-04
   3.59188711e+02   7.06809515e-04
   3.59189199e+02   7.85998418e-04
   3.59189687e+02   8.55876133e-04
   3.59190176e+02   2.03365763e-03
   3.59190664e+02   2.19314708e-03
   3.59191152e+02   7.77571928e-04
   3.59191640e+02  -8.44207942e-04
   3.59192129e+02  -3.58368410e-03
   3.59192617e+02  -6.70165522e-03
   3.59193105e+02  -4.69812611e-03
   3.59193594e+02  -2.00276729e-03
   3.59194082e+02  -2.10080296e-03
   3.59194570e+02   4.37614945e-04
   3.59195059e+02   3.32360854e-03
   3.59195547e+02   2.47250870e-03
   3.59196035e+02   9.02418164e-04
   3.59196524e+02   2.12241313e-03
   3.59197012e+02   3.79424728e-03
   3.59197500e+02   2.56182789e-03
   3.59197988e+02   7.06575927e-04
   3.59198477e+02   6.27273912e-05
   3.59198965e+02  -2.81450804e-04
   3.59199453e+02  -8.02717914e-05
   3.59199942e+02   8.89851886e-04
   3.59200430e+02   1.73723372e-03
   3.59200918e+02   1.06448913e-03
   3.59201407e+02   3.19996936e-04
   3.59201895e+02   7.34816364e-04
   3.59202383e+02  -6.23523520e-05
   3.59202872e+02  -1.60266587e-03
   3.59203360e+02  -6.39134902e-04
   3.59203848e+02   1.07248966e-03
   3.59204336e+02   2.00707722e-03
   3.59204825e+02  -3.63839528e-04
   3.59205313e+02  -3.41752847e-03
   3.59205801e+02  -1.51317369e-03
   3.59206290e+02   2.24865926e-03
   3.59206778e+02   2.88180006e-03
   3.59207266e+02   1.08732190e-03
   3.59207755e+02  -5.68928488e-04
   3.59208243e+02  -1.97155215e-03
   3.59208731e+02  -2.28726119e-03
   3.59209220e+02  -1.27970625e-03
   3.59209708e+02   9.89184482e-04
   3.59210196e+02   2.30503269e-03
   3.59210684e+02  -8.75186815e-04
   3.59211173e+02  -5.49449446e-03
   3.59211661e+02  -4.39026114e-03
   3.59212149e+02  -1.00335739e-04
   3.59212638e+02   1.76067348e-03
   3.59213126e+02   2.68863328e-03
   3.59213614e+02   2.80494732e-03
   3.59214103e+02  -1.47328165e-03
   3.59214591e+02  -4.99660941e-03
   3.59215079e+02  -3.40699917e-03
   3.59215568e+02  -1.78874936e-03
   3.59216056e+02  -9.86013445e-04
   3.59216544e+02  -1.45413433e-04
   3.59217032e+02  -4.12013062e-04
   3.59217521e+02  -2.76195729e-04
   3.59218009e+02   1.51801369e-05
   3.59218497e+02  -1.13762624e-03
   3.59218986e+02  -4.03737742e-03
   3.59219474e+02  -7.26316171e-03
   3.59219962e+02  -5.81160281e-03
   3.59220451e+02  -1.08398474e-03
   3.59220939e+02   9.34436044e-04
   3.59221427e+02   1.09681860e-03
   3.59221916e+02   1.34688884e-03
   3.59222404e+02  -1.02113292e-03
   3.59222892e+02  -2.88168830e-03
   3.59223381e+02  -1.27076800e-03
   3.59223869e+02   1.55108573e-04
   3.59224357e+02  -1.61926635e-03
   3.59224845e+02  -2.47971993e-03
   3.59225334e+02  -4.97874862e-04
   3.59225822e+02   3.94767296e-04
   3.59226310e+02   1.55330368e-03
   3.59226799e+02   3.68827349e-03
   3.59227287e+02   3.58820334e-03
   3.59227775e+02   2.87551875e-03
   3.59228264e+02   2.93987268e-03
   3.59228752e+02   7.84981006e-04
   3.59229240e+02  -2.22637667e-03
   3.59229729e+02  -2.19678693e-03
   3.59230217e+02  -1.79096812e-03
   3.59230705e+02  -2.50489195e-03
   3.59231193e+02  -1.82618957e-03
   3.59231682e+02  -2.14383379e-03
   3.59232170e+02  -2.39458401e-03
   3.59232658e+02   6.25011045e-04
   3.59233147e+02   4.92145831e-04
   3.59233635e+02  -4.30338690e-03
   3.59234123e+02  -7.85208400e-03
   3.59234612e+02  -7.33809778e-03
   3.59235100e+02  -3.60937812e-03
   3.59235588e+02  -3.15735883e-06
   3.59236077e+02   1.18542789e-03
   3.59236565e+02   8.78292078e-04
   3.59237053e+02  -1.48044099e-04
   3.59237541e+02  -3.71583272e-04
   3.59238030e+02   3.12511460e-04
   3.59238518e+02   3.78997822e-04
   3.59239006e+02  -7.44237041e-04
   3.59239495e+02  -7.35135807e-04
   3.59239983e+02   3.56720033e-04
   3.59240471e+02  -5.18210232e-04
   3.59240960e+02  -1.14847359e-03
   3.59241448e+02  -2.57871696e-04
   3.59241936e+02  -6.17338985e-04
   3.59242425e+02  -7.00988283e-04
   3.59242913e+02   1.02555274e-03
   3.59243401e+02   1.25602295e-03
   3.59243889e+02  -2.03482201e-03
   3.59244378e+02  -3.96604044e-03
   3.59244866e+02  -1.80399197e-03
   3.59245354e+02   2.42659450e-03
   3.59245843e+02   5.58454869e-03
   3.59246331e+02   6.34103036e-03
   3.59246819e+02   3.49610252e-03
   3.59247308e+02  -1.94763194e-03
   3.59247796e+02  -4.68212878e-03
   3.59248284e+02  -3.78690567e-03
   3.59248773e+02  -2.42033601e-03
   3.59249261e+02  -5.69940545e-04
   3.59249749e+02   2.07967823e-03
   3.59250237e+02   3.70732672e-03
   3.59250726e+02   4.85646259e-03
   3.59251214e+02   3.67383217e-03
   3.59251702e+02   2.17415844e-04
   3.59252191e+02  -1.67292135e-03
   3.59252679e+02   3.16171718e-05
   3.59253167e+02   1.86908699e-03
   3.59253656e+02   2.50019156e-03
   3.59254144e+02   2.98455753e-03
   3.59254632e+02   8.77788931e-04
   3.59255121e+02  -2.79141613e-03
   3.59255609e+02  -1.92005257e-03
   3.59256097e+02   2.25146301e-03
   3.59256585e+02   4.22371086e-03
   3.59257074e+02   4.05753171e-03
   3.59257562e+02   1.68587023e-03
   3.59258050e+02  -1.41814398e-03
   3.59258539e+02  -9.67131695e-04
   3.59259027e+02   2.14116485e-03
   3.59259515e+02   3.18611879e-03
   3.59260004e+02   3.40691628e-03
   3.59260492e+02   3.20567028e-03
   3.59260980e+02  -8.45700793e-04
   3.59261469e+02  -5.41129196e-03
   3.59261957e+02  -5.05052926e-03
   3.59262445e+02  -2.62887566e-03
   3.59262934e+02  -2.52353889e-03
   3.59263422e+02  -1.71689910e-03
   3.59263910e+02   1.02330756e-03
   3.59264398e+02   1.68603635e-03
   3.59264887e+02  -2.91663979e-04
   3.59265375e+02  -3.18747270e-03
   3.59265863e+02  -4.40774113e-03
   3.59266352e+02  -2.92002503e-03
   3.59266840e+02  -1.53049221e-03
   3.59267328e+02  -1.14245841e-03
   3.59267817e+02   3.05205933e-04
   3.59268305e+02   1.97439780e-03
   3.59268793e+02   2.06663716e-03
   3.59269282e+02   1.65058789e-03
   3.59269770e+02   1.10026379e-03
   3.59270258e+02   8.67612034e-05
   3.59270746e+02   1.19105855e-03
   3.59271235e+02   2.85556773e-03
   3.59271723e+02   1.84977939e-03
   3.59272211e+02   1.40736275e-03
   3.59272700e+02   3.06922384e-03
   3.59273188e+02   1.97943952e-03
   3.59273676e+02  -2.32391438e-04
   3.59274165e+02  -1.12506875e-03
   3.59274653e+02  -2.44447496e-03
   3.59275141e+02  -2.28750962e-03
   3.59275630e+02  -6.76901138e-04
   3.59276118e+02   2.52859580e-04
   3.59276606e+02   2.01967172e-03
   3.59277094e+02   2.20080465e-03
   3.59277583e+02  -3.50580754e-04
   3.59278071e+02  -9.93129681e-04
   3.59278559e+02   1.29165745e-03
   3.59279048e+02   2.90194387e-03
   3.59279536e+02   1.97666232e-03
   3.59280024e+02  -2.11727223e-04
   3.59280513e+02  -1.73963851e-03
   3.59281001e+02  -3.01071629e-03
   3.59281489e+02  -3.03245871e-03
   3.59281978e+02  -1.98424701e-03
   3.59282466e+02  -1.35204475e-03
   3.59282954e+02  -2.65894644e-03
   3.59283442e+02  -5.97739732e-03
   3.59283931e+02  -6.92419754e-03
   3.59284419e+02  -3.71647556e-03
   3.59284907e+02   1.14553361e-04
   3.59285396e+02   3.70565010e-03
   3.59285884e+02   4.93723573e-03
   3.59286372e+02   1.86541467e-03
   3.59286861e+02  -6.87767926e-04
   3.59287349e+02  -1.68912183e-03
   3.59287837e+02  -1.76137779e-03
   3.59288326e+02   2.24124786e-04
   3.59288814e+02   3.00478144e-03
   3.59289302e+02   3.24531295e-03
   3.59289790e+02   6.19556929e-04
   3.59290279e+02  -2.41229587e-04
   3.59290767e+02   1.14933774e-03
   3.59291255e+02   1.35456235e-03
   3.59291744e+02   1.16910436e-03
   3.59292232e+02   1.20760850e-03
   3.59292720e+02  -1.65640187e-04
   3.59293209e+02  -3.74870538e-03
   3.59293697e+02  -6.00780547e-03
   3.59294185e+02  -4.78828652e-03
   3.59294674e+02  -3.00442055e-03
   3.59295162e+02  -6.45169814e-04
   3.59295650e+02   6.28678390e-05
   3.59296138e+02  -8.96991347e-04
   3.59296627e+02  -1.87479483e-03
   3.59297115e+02  -3.69352056e-03
   3.59297603e+02  -3.86630744e-03
   3.59298092e+02  -3.94590013e-03
   3.59298580e+02  -2.54465081e-03
   3.59299068e+02   1.63129449e-03
   3.59299557e+02   3.34783969e-03
   3.59300045e+02   1.52653444e-03
   3.59300533e+02   3.66650347e-04
   3.59301022e+02   4.33095847e-04
   3.59301510e+02  -9.08110887e-05
   3.59301998e+02   4.03402053e-04
   3.59302487e+02   1.24362949e-03
   3.59302975e+02   3.07344453e-04
   3.59303463e+02  -3.50104849e-04
   3.59303951e+02   1.24940663e-04
   3.59304440e+02  -2.66197691e-04
   3.59304928e+02  -2.50558904e-03
   3.59305416e+02  -4.62957565e-03
   3.59305905e+02  -3.94491060e-03
   3.59306393e+02  -1.26055861e-03
   3.59306881e+02   1.09298795e-03
   3.59307370e+02   3.80481523e-03
   3.59307858e+02   3.95091623e-03
   3.59308346e+02  -6.18166290e-04
   3.59308835e+02  -3.41837364e-03
   3.59309323e+02  -3.96336615e-03
   3.59309811e+02  -3.96685954e-03
   3.59310299e+02  -2.38102302e-03
   3.59310788e+02  -1.94863067e-03
   3.59311276e+02  -1.58770359e-03
   3.59311764e+02   8.47889576e-04
   3.59312253e+02   8.87594011e-04
   3.59312741e+02  -1.10974242e-05
   3.59313229e+02   3.37384804e-03
   3.59313718e+02   5.75278094e-03
   3.59314206e+02   2.47147144e-03
   3.59314694e+02   1.25625613e-03
   3.59315183e+02   3.82978888e-03
   3.59315671e+02   3.43690463e-03
   3.59316159e+02   1.78504083e-03
   3.59316647e+02   1.51821377e-03
   3.59317136e+02  -1.77228649e-04
   3.59317624e+02  -2.27130461e-03
   3.59318112e+02  -4.10562428e-03
   3.59318601e+02  -4.39505465e-03
   3.59319089e+02  -3.14821652e-03
   3.59319577e+02  -2.31893105e-03
   3.59320066e+02  -5.98826620e-04
   3.59320554e+02   1.26389461e-03
   3.59321042e+02  -1.22353970e-03
   3.59321531e+02  -3.30975465e-03
   3.59322019e+02  -1.44745037e-03
   3.59322507e+02  -9.32753552e-04
   3.59322995e+02  -1.79432938e-03
   3.59323484e+02   5.72328921e-04
   3.59323972e+02   1.57218240e-03
   3.59324460e+02  -2.70313001e-03
   3.59324949e+02  -4.86468058e-03
   3.59325437e+02  -2.58195796e-03
   3.59325925e+02  -2.70729652e-03
   3.59326414e+02  -9.74168011e-04
   3.59326902e+02   2.05813698e-03
   3.59327390e+02   4.60678153e-03
   3.59327879e+02   6.05289266e-03
   3.59328367e+02   3.51522351e-03
   3.59328855e+02  -1.12956786e-03
   3.59329343e+02  -3.68336495e-03
   3.59329832e+02  -4.09799675e-03
   3.59330320e+02  -3.59085505e-03
   3.59330808e+02  -1.74968736e-03
   3.59331297e+02  -1.30421179e-03
   3.59331785e+02  -3.72279668e-03
   3.59332273e+02  -2.73513841e-03
   3.59332762e+02  -5.24907431e-04
   3.59333250e+02  -5.39122208e-04
   3.59333738e+02   5.98100421e-04
   3.59334227e+02  -1.30766246e-03
   3.59334715e+02  -5.22613293e-03
   3.59335203e+02  -3.55547853e-03
   3.59335691e+02   2.08365801e-03
   3.59336180e+02   4.15764563e-03
   3.59336668e+02   1.87809102e-03
   3.59337156e+02  -2.09985138e-03
   3.59337645e+02  -3.10628559e-03
   3.59338133e+02  -9.58221615e-04
   3.59338621e+02   1.82638422e-03
   3.59339110e+02   3.93694313e-03
   3.59339598e+02   1.29712699e-03
   3.59340086e+02  -1.92750143e-04
   3.59340575e+02   2.77657993e-03
   3.59341063e+02   1.83798897e-03
   3.59341551e+02  -9.47568158e-04
   3.59342040e+02   2.57577631e-04
   3.59342528e+02   3.77284642e-03
   3.59343016e+02   5.36873192e-03
   3.59343504e+02   2.27131974e-03
   3.59343993e+02  -3.11842421e-03
   3.59344481e+02  -5.02927322e-03
   3.59344969e+02  -3.63183813e-03
   3.59345458e+02  -3.35146650e-03
   3.59345946e+02  -5.20459330e-03
   3.59346434e+02  -5.21148182e-03
   3.59346923e+02  -2.05146824e-03
   3.59347411e+02   1.37006326e-04
   3.59347899e+02   1.03094545e-03
   3.59348388e+02   3.68849677e-03
   3.59348876e+02   3.72346374e-03
   3.59349364e+02  -1.10404484e-03
   3.59349852e+02  -2.79121287e-03
   3.59350341e+02  -1.15510460e-03
   3.59350829e+02  -2.04473210e-04
   3.59351317e+02   2.89298128e-03
   3.59351806e+02   4.90430882e-03
   3.59352294e+02   2.24748231e-03
   3.59352782e+02  -1.62011784e-04
   3.59353271e+02  -5.15806372e-04
   3.59353759e+02   4.61273710e-04
   3.59354247e+02   1.74703321e-03
   3.59354736e+02   2.62565562e-03
   3.59355224e+02   3.86136165e-03
   3.59355712e+02   2.98490445e-03
   3.59356200e+02   3.29941948e-04
   3.59356689e+02  -2.15237378e-05
   3.59357177e+02   4.09440428e-04
   3.59357665e+02  -1.46287202e-03
   3.59358154e+02  -2.02980079e-03
   3.59358642e+02   5.58551517e-04
   3.59359130e+02   3.18937283e-03
   3.59359619e+02   2.94855749e-03
   3.59360107e+02  -1.38140935e-03
   3.59360595e+02  -4.11728024e-03
   3.59361084e+02  -2.89979950e-03
   3.59361572e+02  -2.78115785e-03
   3.59362060e+02  -5.26630552e-03
   3.59362548e+02  -4.79507260e-03
   3.59363037e+02  -2.52494891e-03
   3.59363525e+02  -2.15219799e-03
   3.59364013e+02  -1.81646820e-03
   3.59364502e+02   1.54280089e-04
   3.59364990e+02   3.50758620e-03
   3.59365478e+02   4.98192431e-03
   3.59365967e+02   2.24601221e-03
   3.59366455e+02  -8.32613150e-04
   3.59366943e+02  -1.56347686e-03
   3.59367432e+02  -1.96701614e-03
   3.59367920e+02  -2.90976674e-03
   3.59368408e+02  -2.61753658e-03
   3.59368896e+02  -9.71403788e-04
   3.59369385e+02  -8.64798145e-04
   3.59369873e+02  -3.01395869e-03
   3.59370361e+02  -2.57559377e-03
   3.59370850e+02   1.67061354e-03
   3.59371338e+02   4.67607100e-03
   3.59371826e+02   3.60679580e-03
   3.59372315e+02   1.78149762e-03
   3.59372803e+02   2.65680067e-03
   3.59373291e+02   4.03734157e-03
   3.59373780e+02   2.60536978e-03
   3.59374268e+02  -3.55809607e-04
   3.59374756e+02  -1.17608136e-03
   3.59375244e+02  -1.55553935e-04
   3.59375733e+02  -5.12214494e-04
   3.59376221e+02   9.65346640e-04
   3.59376709e+02   3.79159558e-03
   3.59377198e+02   2.28100363e-03
   3.59377686e+02  -1.22931437e-03
   3.59378174e+02  -2.10766308e-03
   3.59378663e+02   4.53983739e-05
   3.59379151e+02   2.20310153e-03
   3.59379639e+02   3.28229112e-03
   3.59380128e+02   3.55211506e-03
   3.59380616e+02   1.91609934e-03
   3.59381104e+02   2.37481217e-04
   3.59381593e+02   4.87709302e-04
   3.59382081e+02   1.96070294e-03
   3.59382569e+02   2.77756574e-03
   3.59383057e+02   3.11065372e-03
   3.59383546e+02   2.25215685e-03
   3.59384034e+02   8.04815500e-04
   3.59384522e+02  -6.02286658e-04
   3.59385011e+02  -1.15666026e-03
   3.59385499e+02  -8.57424689e-04
   3.59385987e+02   8.02092080e-04
   3.59386476e+02   2.09558173e-03
   3.59386964e+02   1.20740593e-03
   3.59387452e+02  -1.21839182e-03
   3.59387941e+02  -3.13856616e-03
   3.59388429e+02  -5.12757991e-03
   3.59388917e+02  -5.81348315e-03
   3.59389405e+02  -4.32719989e-03
   3.59389894e+02  -2.13973969e-03
   3.59390382e+02  -1.09148258e-03
   3.59390870e+02  -1.91842904e-03
   3.59391359e+02  -2.99249846e-03
   3.59391847e+02  -1.68709212e-03
   3.59392335e+02  -9.84499231e-04
   3.59392824e+02  -2.93768896e-03
   3.59393312e+02  -2.08403310e-03
   3.59393800e+02   1.78546715e-03
   3.59394289e+02   2.07202858e-03
   3.59394777e+02  -1.80031639e-03
   3.59395265e+02  -5.71050961e-03
   3.59395753e+02  -6.56988053e-03
   3.59396242e+02  -5.29259164e-03
   3.59396730e+02  -2.25976249e-03
   3.59397218e+02   8.70547898e-04
   3.59397707e+02   8.54009995e-04
   3.59398195e+02  -1.98415061e-03
   3.59398683e+02  -3.32559180e-03
   3.59399172e+02  -7.93691797e-05
   3.59399660e+02   3.70660797e-03
   3.59400148e+02   3.52015742e-03
   3.59400637e+02   3.14967567e-03
   3.59401125e+02   3.85559467e-03
   3.59401613e+02   2.65154103e-03
   3.59402101e+02   1.28179230e-03
   3.59402590e+02   1.56077323e-03
   3.59403078e+02   1.92067458e-03
   3.59403566e+02   1.54254981e-03
   3.59404055e+02  -4.37768205e-04
   3.59404543e+02  -1.81908603e-03
   3.59405031e+02   2.53222708e-04
   3.59405520e+02   4.19144868e-04
   3.59406008e+02  -3.50678200e-03
   3.59406496e+02  -6.03156583e-03
   3.59406985e+02  -5.55170700e-03
   3.59407473e+02  -4.91410680e-03
   3.59407961e+02  -5.64659107e-03
   3.59408449e+02  -5.70287835e-03
   3.59408938e+02  -3.18979495e-03
   3.59409426e+02   1.40948396e-03
   3.59409914e+02   3.69485072e-03
   3.59410403e+02   2.09702295e-03
   3.59410891e+02   9.63116836e-05
   3.59411379e+02  -1.08117959e-03
   3.59411868e+02  -1.87048502e-03
   3.59412356e+02  -1.21230609e-03
   3.59412844e+02  -4.59890871e-04
   3.59413333e+02  -1.70520289e-04
   3.59413821e+02  -1.87423523e-03
   3.59414309e+02  -3.78291053e-03
   3.59414797e+02  -1.63769606e-03
   3.59415286e+02   3.98840057e-04
   3.59415774e+02  -3.12813499e-04
   3.59416262e+02  -8.07494507e-04
   3.59416751e+02  -8.51602003e-04
   3.59417239e+02   2.90368946e-04
   3.59417727e+02   2.31407536e-03
   3.59418216e+02   2.47649616e-03
   3.59418704e+02   2.45664781e-03
   3.59419192e+02   2.14180793e-03
   3.59419681e+02   6.79652847e-04
   3.59420169e+02   1.60516892e-03
   3.59420657e+02   3.39643145e-03
   3.59421146e+02   2.31150514e-03
   3.59421634e+02   1.35744526e-03
   3.59422122e+02  -1.20570324e-03
   3.59422610e+02  -4.55264607e-03
   3.59423099e+02  -4.19726782e-03
   3.59423587e+02  -5.41710004e-04
   3.59424075e+02   2.40078825e-03
   3.59424564e+02   1.59517804e-03
   3.59425052e+02  -6.36090059e-04
   3.59425540e+02  -1.29239925e-03
   3.59426029e+02  -4.38827497e-04
   3.59426517e+02  -1.96050224e-03
   3.59427005e+02  -3.02652572e-03
   3.59427494e+02  -2.52079801e-03
   3.59427982e+02  -2.47070380e-03
   3.59428470e+02   3.71429742e-05
   3.59428958e+02   1.57454133e-03
   3.59429447e+02   1.28042349e-03
   3.59429935e+02   3.53632541e-03
   3.59430423e+02   5.40467026e-03
   3.59430912e+02   4.84548556e-03
   3.59431400e+02   4.10245778e-03
   3.59431888e+02   1.55345979e-03
   3.59432377e+02  -1.61386910e-03
   3.59432865e+02  -4.01568483e-04
   3.59433353e+02   2.15507718e-03
   3.59433842e+02   1.54870341e-03
   3.59434330e+02   3.58421850e-04
   3.59434818e+02  -6.05626963e-04
   3.59435306e+02  -2.02403404e-03
   3.59435795e+02  -3.48607253e-04
   3.59436283e+02   3.87401227e-03
   3.59436771e+02   5.10180974e-03
   3.59437260e+02   2.58642575e-03
   3.59437748e+02   1.60714367e-03
   3.59438236e+02   2.34615942e-03
   3.59438725e+02   2.59597989e-04
   3.59439213e+02  -1.47387141e-03
   3.59439701e+02   8.40193592e-04
   3.59440190e+02   2.98673008e-03
   3.59440678e+02   2.29994557e-03
   3.59441166e+02   1.28729769e-03
   3.59441654e+02   1.46354572e-03
   3.59442143e+02   1.90028769e-03
   3.59442631e+02   1.08891551e-03
   3.59443119e+02   2.49720830e-03
   3.59443608e+02   4.89271758e-03
   3.59444096e+02   4.51129721e-03
   3.59444584e+02   2.21724459e-03
   3.59445073e+02  -7.19481672e-04
   3.59445561e+02  -1.23109121e-03
   3.59446049e+02   2.08067521e-03
   3.59446538e+02   3.75327608e-03
   3.59447026e+02   7.27796229e-04
   3.59447514e+02  -1.20727031e-03
   3.59448002e+02   1.07408769e-03
   3.59448491e+02   5.89048548e-04
   3.59448979e+02  -2.99265259e-03
   3.59449467e+02  -3.44076520e-03
   3.59449956e+02  -3.26915900e-03
   3.59450444e+02  -2.27493537e-03
   3.59450932e+02  -1.17957871e-03
   3.59451421e+02  -3.98069707e-04
   3.59451909e+02   2.95536453e-03
   3.59452397e+02   5.15214680e-03
   3.59452886e+02   3.03183845e-03
   3.59453374e+02   4.09421395e-04
   3.59453862e+02   1.54324551e-03
   3.59454350e+02   2.92519201e-03
   3.59454839e+02   1.50753208e-03
   3.59455327e+02  -1.19411771e-03
   3.59455815e+02  -3.37581732e-03
   3.59456304e+02  -4.67927754e-03
   3.59456792e+02  -4.04545572e-03
   3.59457280e+02  -7.07349507e-04
   3.59457769e+02   7.13276910e-04
   3.59458257e+02  -1.64647552e-03
   3.59458745e+02  -3.41702183e-03
   3.59459234e+02  -2.63186777e-03
   3.59459722e+02   2.16747576e-05
   3.59460210e+02   1.11654075e-03
   3.59460699e+02  -5.58019441e-04
   3.59461187e+02  -1.65272329e-03
   3.59461675e+02  -1.03335443e-03
   3.59462163e+02  -5.74090867e-04
   3.59462652e+02  -1.83826860e-03
   3.59463140e+02  -2.29806127e-03
   3.59463628e+02  -2.76641757e-03
   3.59464117e+02  -1.36836618e-03
   3.59464605e+02   2.68186838e-03
   3.59465093e+02   3.78629821e-03
   3.59465582e+02   1.33792101e-03
   3.59466070e+02  -2.34844847e-04
   3.59466558e+02  -1.10236893e-03
   3.59467047e+02  -7.49380502e-04
   3.59467535e+02   1.24178838e-03
   3.59468023e+02   1.00921013e-03
   3.59468511e+02   2.62026413e-04
   3.59469000e+02   9.54767966e-05
   3.59469488e+02  -1.35153241e-03
   3.59469976e+02  -2.27229716e-03
   3.59470465e+02  -6.97830110e-04
   3.59470953e+02   1.29234011e-03
   3.59471441e+02   1.33111002e-03
   3.59471930e+02   1.02634425e-03
   3.59472418e+02   1.66396284e-03
   3.59472906e+02   3.20747355e-03
   3.59473395e+02   3.24642798e-03
   3.59473883e+02  -1.56677281e-03
   3.59474371e+02  -6.61969045e-03
   3.59474859e+02  -6.26242440e-03
   3.59475348e+02  -3.85350431e-03
   3.59475836e+02  -2.33487063e-03
   3.59476324e+02   2.91913399e-04
   3.59476813e+02   3.50648235e-03
   3.59477301e+02   2.32072826e-03
   3.59477789e+02  -2.78165797e-03
   3.59478278e+02  -6.37928350e-03
   3.59478766e+02  -3.90119804e-03
   3.59479254e+02   1.03644110e-04
   3.59479743e+02  -4.39004012e-04
   3.59480231e+02  -1.19094690e-03
   3.59480719e+02   1.10968074e-03
   3.59481207e+02   4.62504849e-03
   3.59481696e+02   5.51215094e-03
   3.59482184e+02   3.22742853e-03
   3.59482672e+02   5.28202101e-04
   3.59483161e+02  -9.53069306e-04
   3.59483649e+02  -2.58831569e-04
   3.59484137e+02  -1.24487956e-03
   3.59484626e+02  -3.85553809e-03
   3.59485114e+02  -1.39382575e-03
   3.59485602e+02   3.78541602e-03
   3.59486091e+02   5.14094532e-03
   3.59486579e+02   4.46089916e-03
   3.59487067e+02   1.95430825e-03
   3.59487555e+02  -6.89822948e-04
   3.59488044e+02   4.11359360e-06
   3.59488532e+02  -2.33047016e-04
   3.59489020e+02  -3.46731697e-03
   3.59489509e+02  -5.27453562e-03
   3.59489997e+02  -2.91437353e-03
   3.59490485e+02   7.60099618e-04
   3.59490974e+02   2.15850910e-03
   3.59491462e+02   3.55418865e-03
   3.59491950e+02   5.67305787e-03
   3.59492439e+02   5.55772008e-03
   3.59492927e+02   2.20381864e-03
   3.59493415e+02   3.90159927e-04
   3.59493903e+02  -4.39171999e-05
   3.59494392e+02  -1.48832717e-03
   3.59494880e+02  -1.75864785e-03
   3.59495368e+02  -1.18511589e-03
   3.59495857e+02  -3.54498858e-04
   3.59496345e+02   1.66520232e-03
   3.59496833e+02   1.85258465e-03
   3.59497322e+02   7.57678587e-04
   3.59497810e+02   1.25120627e-03
   3.59498298e+02   2.74652569e-03
   3.59498787e+02   2.37234379e-03
   3.59499275e+02  -7.96217122e-04
   3.59499763e+02  -3.43493582e-03
   3.59500252e+02  -2.90074223e-03
   3.59500740e+02  -1.41136849e-03
   3.59501228e+02  -2.49321433e-03
   3.59501716e+02  -2.70975847e-03
   3.59502205e+02  -4.13588388e-03
   3.59502693e+02  -3.95755284e-03
   3.59503181e+02  -3.88434157e-03
   3.59503670e+02  -3.96925583e-03
   3.59504158e+02  -4.85051889e-03
   3.59504646e+02  -6.33808924e-03
   3.59505135e+02  -4.93091950e-03
   3.59505623e+02  -1.50915189e-03
   3.59506111e+02   1.21271284e-03
   3.59506600e+02   3.70867108e-03
   3.59507088e+02   4.44766879e-03
   3.59507576e+02   2.82189716e-03
   3.59508064e+02   1.76661171e-03
   3.59508553e+02   5.95650636e-04
   3.59509041e+02   1.12702081e-03
   3.59509529e+02   3.76122026e-03
   3.59510018e+02   2.27479008e-03
   3.59510506e+02  -3.36802076e-03
   3.59510994e+02  -6.99768728e-03
   3.59511483e+02  -7.21496856e-03
   3.59511971e+02  -6.26817346e-03
   3.59512459e+02  -3.67914187e-03
   3.59512948e+02   1.57732356e-04
   3.59513436e+02  -2.59965716e-04
   3.59513924e+02  -2.97115324e-03
   3.59514412e+02  -3.92886903e-03
   3.59514901e+02  -3.88337998e-03
   3.59515389e+02  -2.21905485e-03
   3.59515877e+02   1.05147781e-04
   3.59516366e+02   1.22271408e-03
   3.59516854e+02   3.72766925e-04
   3.59517342e+02  -1.32154347e-03
   3.59517831e+02  -1.72597286e-03
   3.59518319e+02  -2.65770801e-03
   3.59518807e+02  -2.63365707e-03
   3.59519296e+02  -1.21306593e-03
   3.59519784e+02  -1.21860555e-03
   3.59520272e+02  -4.15510149e-04
   3.59520760e+02  -3.80809157e-04
   3.59521249e+02  -1.38936855e-03
   3.59521737e+02  -3.40752397e-03
   3.59522225e+02  -6.24803267e-03
   3.59522714e+02  -4.92751319e-03
   3.59523202e+02   4.67930309e-04
   3.59523690e+02   2.97511299e-03
   3.59524179e+02  -7.31526117e-04
   3.59524667e+02  -2.91998638e-03
   3.59525155e+02  -3.25473724e-03
   3.59525644e+02  -3.10712052e-03
   3.59526132e+02  -1.02017808e-03
   3.59526620e+02  -7.55032524e-05
   3.59527108e+02  -1.74247994e-04
   3.59527597e+02  -1.34444807e-03
   3.59528085e+02  -4.77321353e-03
   3.59528573e+02  -4.49961610e-03
   3.59529062e+02  -1.44688180e-03
   3.59529550e+02  -8.05660442e-04
   3.59530038e+02   2.09826292e-04
   3.59530527e+02   1.74598000e-03
   3.59531015e+02   2.89364206e-03
   3.59531503e+02   2.29289290e-03
   3.59531992e+02  -4.26449260e-04
   3.59532480e+02  -9.71795002e-04
   3.59532968e+02   1.71823005e-04
   3.59533456e+02   4.37688024e-04
   3.59533945e+02   5.55407896e-04
   3.59534433e+02   8.95829347e-04
   3.59534921e+02   1.77589082e-03
   3.59535410e+02   4.06215852e-03
   3.59535898e+02   3.83246364e-03
   3.59536386e+02   1.29917474e-03
   3.59536875e+02   1.78523839e-03
   3.59537363e+02   3.50926840e-03
   3.59537851e+02   2.25599157e-03
   3.59538340e+02   1.02532736e-03
   3.59538828e+02   1.27342890e-03
   3.59539316e+02   1.77794730e-03
   3.59539805e+02   1.10157742e-03
   3.59540293e+02  -9.09495939e-05
   3.59540781e+02   1.89929327e-03
   3.59541269e+02   4.21318226e-03
   3.59541758e+02   1.98730244e-03
   3.59542246e+02  -5.27911237e-04
   3.59542734e+02  -1.55865715e-03
   3.59543223e+02  -3.82933766e-03
   3.59543711e+02  -4.57697129e-03
   3.59544199e+02  -1.82975759e-03
   3.59544688e+02   2.08845508e-04
   3.59545176e+02  -1.62491202e-03
   3.59545664e+02  -2.69341865e-03
   3.59546153e+02  -7.07996893e-04
   3.59546641e+02   1.46612118e-03
   3.59547129e+02   1.47547456e-03
   3.59547617e+02  -2.06504017e-03
   3.59548106e+02  -6.15718961e-03
   3.59548594e+02  -4.87131206e-03
   3.59549082e+02  -5.77041181e-04
   3.59549571e+02   1.53295288e-03
   3.59550059e+02   1.09038118e-03
   3.59550547e+02   2.75502651e-04
   3.59551036e+02  -1.85599038e-03
   3.59551524e+02  -4.13740985e-03
   3.59552012e+02  -4.13615396e-03
   3.59552501e+02  -4.04208014e-03
   3.59552989e+02  -5.20670461e-03
   3.59553477e+02  -4.27148258e-03
   3.59553965e+02  -9.20386461e-04
   3.59554454e+02   1.63855686e-04
   3.59554942e+02  -5.48886543e-04
   3.59555430e+02   1.74317756e-04
   3.59555919e+02   8.62934568e-04
   3.59556407e+02   7.76682500e-05
   3.59556895e+02  -1.33638678e-03
   3.59557384e+02  -2.47027702e-03
   3.59557872e+02  -2.82689300e-03
   3.59558360e+02  -7.01110403e-04
   3.59558849e+02   2.05876003e-03
   3.59559337e+02   2.67916499e-03
   3.59559825e+02   1.04642974e-03
   3.59560313e+02  -6.68502005e-04
   3.59560802e+02  -1.56767596e-03
   3.59561290e+02  -1.17522408e-03
   3.59561778e+02  -1.62231713e-03
   3.59562267e+02   5.86127280e-04
   3.59562755e+02   2.14503286e-03
   3.59563243e+02   7.72954256e-04
   3.59563732e+02   2.39765621e-03
   3.59564220e+02   2.67418264e-03
   3.59564708e+02   1.18124089e-03
   3.59565197e+02   2.99494434e-03
   3.59565685e+02   2.94804131e-03
   3.59566173e+02  -1.48521294e-03
   3.59566661e+02  -4.63527162e-03
   3.59567150e+02  -1.99771672e-03
   3.59567638e+02   1.19997724e-03
   3.59568126e+02   1.57548158e-04
   3.59568615e+02  -1.26685027e-03
   3.59569103e+02  -5.37593442e-04
   3.59569591e+02   1.60138006e-03
   3.59570080e+02   1.47306768e-03
   3.59570568e+02  -1.24484638e-03
   3.59571056e+02  -2.86881020e-03
   3.59571545e+02  -2.98913592e-03
   3.59572033e+02  -2.30754470e-03
   3.59572521e+02  -1.22396136e-03
   3.59573009e+02  -6.92881295e-04
   3.59573498e+02   9.90892993e-04
   3.59573986e+02   3.37183918e-03
   3.59574474e+02   2.17322866e-03
   3.59574963e+02   1.05300895e-03
   3.59575451e+02   1.94184843e-03
   3.59575939e+02  -1.22842775e-03
   3.59576428e+02  -3.49114789e-03
   3.59576916e+02  -3.98206263e-04
   3.59577404e+02  -4.64733166e-04
   3.59577893e+02  -1.87184929e-03
   3.59578381e+02  -1.62378838e-03
   3.59578869e+02  -2.08102749e-03
   3.59579357e+02  -7.73331209e-04
   3.59579846e+02   7.88888210e-05
   3.59580334e+02  -8.58054031e-04
   3.59580822e+02  -5.31975296e-04
   3.59581311e+02   8.03013856e-04
   3.59581799e+02  -8.95130288e-05
   3.59582287e+02  -1.62684522e-03
   3.59582776e+02   1.42344797e-03
   3.59583264e+02   3.95812700e-03
   3.59583752e+02   2.06319592e-03
   3.59584241e+02  -4.80924849e-04
   3.59584729e+02  -2.22059363e-03
   3.59585217e+02  -5.90287906e-04
   3.59585706e+02   4.47035814e-03
   3.59586194e+02   3.30087659e-03
   3.59586682e+02  -2.57904618e-03
   3.59587170e+02  -3.97342071e-03
   3.59587659e+02  -4.51882370e-03
   3.59588147e+02  -4.00022883e-03
   3.59588635e+02  -1.92901774e-04
   3.59589124e+02   1.79479283e-03
   3.59589612e+02   7.45439960e-04
   3.59590100e+02   2.04419484e-04
   3.59590589e+02   1.42126007e-03
   3.59591077e+02   2.37951824e-03
   3.59591565e+02   2.82610045e-03
   3.59592054e+02   2.74528610e-03
   3.59592542e+02   1.25440850e-03
   3.59593030e+02  -7.33854074e-04
   3.59593518e+02  -3.25361383e-03
   3.59594007e+02  -4.80085332e-03
   3.59594495e+02  -2.40761903e-03
   3.59594983e+02   2.61339243e-04
   3.59595472e+02  -1.22172234e-04
   3.59595960e+02   7.91025755e-04
   3.59596448e+02   3.78318271e-03
   3.59596937e+02   3.70559026e-03
   3.59597425e+02   3.41339060e-03
   3.59597913e+02   5.26295975e-03
   3.59598402e+02   4.63625044e-03
   3.59598890e+02   2.98908120e-03
   3.59599378e+02   1.66982750e-03
   3.59599866e+02  -1.36005401e-03
   3.59600355e+02  -3.47533100e-03
   3.59600843e+02  -2.65788008e-03
   3.59601331e+02  -1.23824854e-03
   3.59601820e+02  -1.10680841e-04
   3.59602308e+02   1.04982976e-03
   3.59602796e+02   2.14619841e-03
   3.59603285e+02   4.07537416e-04
   3.59603773e+02  -1.62237359e-03
   3.59604261e+02   4.82656120e-04
   3.59604750e+02   4.21867473e-03
   3.59605238e+02   1.66234921e-03
   3.59605726e+02  -3.85798351e-03
   3.59606214e+02  -2.18580640e-03
   3.59606703e+02   3.07891238e-03
   3.59607191e+02   2.01381347e-03
   3.59607679e+02  -2.67349649e-03
   3.59608168e+02  -2.34089768e-03
   3.59608656e+02  -3.12650867e-04
   3.59609144e+02   4.88194957e-04
   3.59609633e+02   3.20103462e-03
   3.59610121e+02   3.27455928e-03
   3.59610609e+02   2.88375118e-03
   3.59611098e+02   4.64801071e-03
   3.59611586e+02   2.09801202e-03
   3.59612074e+02  -1.84826343e-03
   3.59612562e+02  -2.97205523e-03
   3.59613051e+02  -3.29347118e-03
   3.59613539e+02  -1.69483433e-03
   3.59614027e+02  -1.06790767e-03
   3.59614516e+02  -3.49918124e-03
   3.59615004e+02  -3.02147050e-03
   3.59615492e+02   7.42035394e-04
   3.59615981e+02   2.08105863e-04
   3.59616469e+02  -3.93885048e-03
   3.59616957e+02  -4.73294128e-03
   3.59617446e+02  -1.91768527e-03
   3.59617934e+02   1.54975732e-03
   3.59618422e+02   6.85461564e-04
   3.59618910e+02  -1.58597226e-03
   3.59619399e+02  -2.96782795e-03
   3.59619887e+02  -2.60704011e-03
   3.59620375e+02   5.73651865e-04
   3.59620864e+02   3.42933880e-03
   3.59621352e+02   3.13172280e-03
   3.59621840e+02   2.29519838e-03
   3.59622329e+02   1.36392540e-03
   3.59622817e+02  -9.71157453e-04
   3.59623305e+02  -3.95222427e-03
   3.59623794e+02  -2.55928468e-03
   3.59624282e+02   1.18757761e-03
   3.59624770e+02   1.24651042e-03
   3.59625259e+02  -3.55285447e-04
   3.59625747e+02  -6.34160300e-04
   3.59626235e+02   1.35191402e-03
   3.59626723e+02   4.05007740e-03
   3.59627212e+02   7.15422025e-03
   3.59627700e+02   7.85795320e-03
   3.59628188e+02   3.32261948e-03
   3.59628677e+02   6.44544372e-04
   3.59629165e+02   1.13847246e-03
   3.59629653e+02  -1.41766632e-03
   3.59630142e+02  -5.11023635e-03
   3.59630630e+02  -5.04963798e-03
   3.59631118e+02  -2.78351665e-03
   3.59631607e+02   3.60384845e-04
   3.59632095e+02   3.74048902e-03
   3.59632583e+02   3.80477007e-03
   3.59633071e+02   4.64313431e-03
   3.59633560e+02   5.34463860e-03
   3.59634048e+02   1.55958929e-03
   3.59634536e+02  -3.70552443e-04
   3.59635025e+02   1.85005972e-03
   3.59635513e+02   3.35643231e-03
   3.59636001e+02   1.49804493e-03
   3.59636490e+02  -9.95662995e-04
   3.59636978e+02  -6.31775765e-04
   3.59637466e+02  -8.72195989e-04
   3.59637955e+02  -3.25056165e-03
   3.59638443e+02  -4.71423566e-03
   3.59638931e+02  -5.48897684e-03
   3.59639419e+02  -3.92859941e-03
   3.59639908e+02   5.59517881e-04
   3.59640396e+02   2.19685142e-03
   3.59640884e+02   9.59482917e-04
   3.59641373e+02   1.82952406e-03
   3.59641861e+02   4.13208501e-03
   3.59642349e+02   3.87842301e-03
   3.59642838e+02   2.93296436e-03
   3.59643326e+02   5.36635006e-03
   3.59643814e+02   5.06991940e-03
   3.59644303e+02  -3.26352310e-04
   3.59644791e+02  -3.95350577e-03
   3.59645279e+02  -5.56247728e-03
   3.59645767e+02  -3.03921569e-03
   3.59646256e+02   1.96054694e-03
   3.59646744e+02   2.22990173e-03
   3.59647232e+02  -1.14857634e-04
   3.59647721e+02  -1.25800946e-03
   3.59648209e+02  -1.33044540e-03
   3.59648697e+02  -1.35893316e-03
   3.59649186e+02   6.30999741e-04
   3.59649674e+02   2.28719064e-03
   3.59650162e+02   7.23541947e-04
   3.59650651e+02  -2.89495190e-04
   3.59651139e+02  -4.64884826e-04
   3.59651627e+02  -8.93656805e-04
   3.59652115e+02   3.17297308e-05
   3.59652604e+02  -3.05327168e-03
   3.59653092e+02  -6.25184691e-03
   3.59653580e+02  -4.70740814e-03
   3.59654069e+02  -4.25612694e-03
   3.59654557e+02  -5.81873534e-03
   3.59655045e+02  -4.36616363e-03
   3.59655534e+02  -1.51825909e-04
   3.59656022e+02   1.87152624e-03
   3.59656510e+02   8.49422882e-04
   3.59656999e+02   9.52068658e-04
   3.59657487e+02   3.85123421e-04
   3.59657975e+02  -3.48250126e-03
   3.59658463e+02  -6.19094353e-03
   3.59658952e+02  -2.97465315e-03
   3.59659440e+02   8.17948487e-04
   3.59659928e+02   2.65807216e-03
   3.59660417e+02   2.91694072e-03
   3.59660905e+02   4.93575237e-04
   3.59661393e+02   1.45213184e-04
   3.59661882e+02   2.99492059e-03
   3.59662370e+02   1.18287432e-03
   3.59662858e+02  -1.98548101e-03
   3.59663347e+02  -3.78265249e-04
   3.59663835e+02   7.94302905e-04
   3.59664323e+02  -2.53891479e-03
   3.59664812e+02  -6.19039731e-03
   3.59665300e+02  -7.35037774e-03
   3.59665788e+02  -3.78984446e-03
   3.59666276e+02   1.23223430e-03
   3.59666765e+02   2.53302651e-03
   3.59667253e+02   7.04292383e-04
   3.59667741e+02  -7.85835946e-05
   3.59668230e+02  -7.77650974e-04
   3.59668718e+02  -2.26503937e-03
   3.59669206e+02  -6.07951952e-04
   3.59669695e+02   3.39988328e-04
   3.59670183e+02  -1.86183013e-03
   3.59670671e+02  -2.53271428e-03
   3.59671160e+02  -2.91224429e-03
   3.59671648e+02  -5.30821178e-03
   3.59672136e+02  -3.71696334e-03
   3.59672624e+02   8.15790787e-04
   3.59673113e+02   3.86931165e-03
   3.59673601e+02   5.63935935e-03
   3.59674089e+02   4.90298495e-03
   3.59674578e+02   3.25423619e-03
   3.59675066e+02   2.53312313e-03
