frequency (GHz), flux (Jy/beam)
   3.56198789e+02   2.90352560e-04
   3.56199277e+02  -4.24100494e-04
   3.56199766e+02  -1.60885102e-03
   3.56200254e+02  -2.52655777e-03
   3.56200742e+02  -9.25042492e-04
   3.56201231e+02   2.57075764e-03
   3.56201719e+02   4.06369241e-03
   3.56202207e+02   2.56094849e-03
   3.56202695e+02   1.26378471e-03
   3.56203184e+02   1.89479662e-03
   3.56203672e+02   2.36568972e-03
   3.56204160e+02   1.48385053e-03
   3.56204649e+02   3.67531000e-04
   3.56205137e+02   3.05213791e-04
   3.56205625e+02  -6.01412437e-04
   3.56206114e+02  -9.40353551e-04
   3.56206602e+02   2.07677454e-04
   3.56207090e+02  -2.35959360e-05
   3.56207579e+02  -7.57747213e-04
   3.56208067e+02  -2.53599952e-04
   3.56208555e+02   6.55680138e-04
   3.56209044e+02  -7.62743352e-04
   3.56209532e+02  -2.17588991e-03
   3.56210020e+02  -1.25138811e-03
   3.56210508e+02  -1.80436182e-03
   3.56210997e+02  -2.83651520e-03
   3.56211485e+02  -1.23710930e-03
   3.56211973e+02  -1.24734244e-04
   3.56212462e+02   8.39252723e-04
   3.56212950e+02   1.05051394e-03
   3.56213438e+02   8.34135339e-04
   3.56213927e+02   3.11361090e-03
   3.56214415e+02   3.59909819e-03
   3.56214903e+02   3.53696686e-03
   3.56215392e+02   3.65988864e-03
   3.56215880e+02   2.17203307e-03
   3.56216368e+02   1.25791412e-03
   3.56216856e+02  -3.20396830e-05
   3.56217345e+02  -1.49230368e-03
   3.56217833e+02  -1.51093910e-03
   3.56218321e+02  -3.25439963e-04
   3.56218810e+02  -4.79471986e-04
   3.56219298e+02  -8.14009050e-04
   3.56219786e+02  -2.41639093e-04
   3.56220275e+02  -2.15696928e-04
   3.56220763e+02   3.68162087e-04
   3.56221251e+02  -8.78049817e-04
   3.56221740e+02  -2.71967938e-03
   3.56222228e+02  -9.97443101e-04
   3.56222716e+02   4.65465739e-04
   3.56223204e+02   1.62716187e-03
   3.56223693e+02   2.91017233e-03
   3.56224181e+02   2.32171430e-03
   3.56224669e+02   1.73305452e-04
   3.56225158e+02  -2.24210136e-03
   3.56225646e+02  -2.83246604e-03
   3.56226134e+02  -8.76748585e-04
   3.56226623e+02   8.20610789e-04
   3.56227111e+02   5.68785996e-04
   3.56227599e+02   1.86034653e-04
   3.56228088e+02   1.95628498e-03
   3.56228576e+02   9.59971745e-04
   3.56229064e+02  -6.69238041e-04
   3.56229552e+02   6.44215208e-04
   3.56230041e+02   9.28139954e-04
   3.56230529e+02  -5.66451286e-04
   3.56231017e+02  -8.65233480e-04
   3.56231506e+02   8.95049772e-04
   3.56231994e+02   2.72105727e-03
   3.56232482e+02   4.63334611e-03
   3.56232971e+02   5.80970105e-03
   3.56233459e+02   3.83350020e-03
   3.56233947e+02   3.06899054e-03
   3.56234436e+02   2.73507484e-03
   3.56234924e+02   6.62751670e-04
   3.56235412e+02  -5.53805185e-05
   3.56235900e+02   1.47608444e-04
   3.56236389e+02   8.54427111e-04
   3.56236877e+02   2.25599320e-03
   3.56237365e+02   1.57533423e-03
   3.56237854e+02  -1.15356466e-03
   3.56238342e+02  -1.88564882e-03
   3.56238830e+02  -2.30465480e-03
   3.56239319e+02  -3.83099774e-03
   3.56239807e+02  -2.58453726e-03
   3.56240295e+02   1.94986979e-03
   3.56240784e+02   5.89248724e-03
   3.56241272e+02   6.40864158e-03
   3.56241760e+02   2.17439327e-03
   3.56242248e+02  -1.77284866e-03
   3.56242737e+02  -1.34711922e-03
   3.56243225e+02  -2.36218399e-03
   3.56243713e+02  -2.94299284e-03
   3.56244202e+02  -2.07187911e-03
   3.56244690e+02  -2.88315979e-03
   3.56245178e+02  -7.19377771e-04
   3.56245667e+02   1.13085518e-03
   3.56246155e+02   2.34812964e-04
   3.56246643e+02   2.68551405e-03
   3.56247132e+02   4.01973166e-03
   3.56247620e+02   9.20057297e-04
   3.56248108e+02  -8.55254533e-04
   3.56248597e+02  -3.63146362e-04
   3.56249085e+02  -1.27526204e-04
   3.56249573e+02   2.67008902e-03
   3.56250061e+02   4.62726597e-03
   3.56250550e+02   1.97589258e-03
   3.56251038e+02   1.43983937e-03
   3.56251526e+02   2.49542738e-03
   3.56252015e+02   1.81123090e-03
   3.56252503e+02  -2.09930105e-04
   3.56252991e+02  -3.02630104e-03
   3.56253480e+02  -2.15433352e-03
   3.56253968e+02   1.89219741e-03
   3.56254456e+02   9.39366932e-04
   3.56254945e+02  -2.03812029e-03
   3.56255433e+02   3.50921648e-04
   3.56255921e+02   1.62762881e-03
   3.56256409e+02   1.00111694e-03
   3.56256898e+02  -1.29139365e-03
   3.56257386e+02  -1.59993884e-03
   3.56257874e+02  -8.13862949e-04
   3.56258363e+02  -2.00164178e-03
   3.56258851e+02  -2.26053339e-03
   3.56259339e+02  -1.39949581e-04
   3.56259828e+02   1.79731660e-03
   3.56260316e+02   1.94666709e-03
   3.56260804e+02   9.58881166e-04
   3.56261293e+02  -2.66480754e-04
   3.56261781e+02  -1.60143839e-03
   3.56262269e+02  -7.92065635e-04
   3.56262757e+02  -1.90172563e-04
   3.56263246e+02   2.42690949e-04
   3.56263734e+02   1.08276028e-03
   3.56264222e+02  -3.25810135e-04
   3.56264711e+02  -3.46913221e-05
   3.56265199e+02   2.07835692e-03
   3.56265687e+02   1.82104600e-03
   3.56266176e+02  -3.58385645e-04
   3.56266664e+02  -1.99814537e-03
   3.56267152e+02  -2.07102159e-03
   3.56267641e+02  -6.46580418e-04
   3.56268129e+02   2.38760607e-03
   3.56268617e+02   3.99245927e-03
   3.56269105e+02   1.54861854e-03
   3.56269594e+02  -2.24112315e-04
   3.56270082e+02   1.94742973e-03
   3.56270570e+02   2.83173495e-03
   3.56271059e+02   4.81982606e-05
   3.56271547e+02  -1.86774856e-03
   3.56272035e+02   6.17217622e-04
   3.56272524e+02   2.79893167e-03
   3.56273012e+02   8.72258213e-04
   3.56273500e+02   4.59900242e-04
   3.56273989e+02   3.75090679e-03
   3.56274477e+02   6.05469430e-03
   3.56274965e+02   4.24137572e-03
   3.56275453e+02   1.25893974e-03
   3.56275942e+02   3.68370296e-04
   3.56276430e+02  -1.09579945e-04
   3.56276918e+02   8.80521256e-05
   3.56277407e+02   8.93673103e-04
   3.56277895e+02   2.62318121e-04
   3.56278383e+02  -2.20080576e-04
   3.56278872e+02   5.76546416e-04
   3.56279360e+02   1.29050564e-03
   3.56279848e+02   9.53377516e-04
   3.56280337e+02   1.19471189e-03
   3.56280825e+02   9.45899577e-04
   3.56281313e+02  -9.01162799e-04
   3.56281801e+02  -8.62219487e-04
   3.56282290e+02   2.06023990e-03
   3.56282778e+02   3.09486338e-03
   3.56283266e+02  -7.97862958e-05
   3.56283755e+02  -1.59347488e-03
   3.56284243e+02   1.30966050e-03
   3.56284731e+02   1.79832871e-03
   3.56285220e+02   1.27077379e-04
   3.56285708e+02  -2.70536868e-03
   3.56286196e+02  -4.18264372e-03
   3.56286685e+02  -6.29578659e-04
   3.56287173e+02   2.93071847e-03
   3.56287661e+02   3.18884011e-03
   3.56288150e+02   2.25106697e-03
   3.56288638e+02   8.28279066e-04
   3.56289126e+02   1.31206180e-03
   3.56289614e+02   2.10258667e-03
   3.56290103e+02  -9.84191196e-04
   3.56290591e+02  -1.75769103e-03
   3.56291079e+02  -3.69562971e-04
   3.56291568e+02  -1.79564522e-03
   3.56292056e+02  -2.43833521e-03
   3.56292544e+02  -9.84878978e-04
   3.56293033e+02  -1.38327968e-03
   3.56293521e+02  -2.83195591e-03
   3.56294009e+02  -1.95444399e-03
   3.56294498e+02   2.15315551e-04
   3.56294986e+02   1.96149107e-03
   3.56295474e+02   1.70419412e-03
   3.56295962e+02  -4.79007635e-04
   3.56296451e+02   9.83245445e-06
   3.56296939e+02   1.29718159e-03
   3.56297427e+02  -2.26613374e-05
   3.56297916e+02  -1.96257746e-03
   3.56298404e+02  -2.23521865e-03
   3.56298892e+02  -1.76815875e-03
   3.56299381e+02  -1.45797199e-03
   3.56299869e+02   8.34200298e-04
   3.56300357e+02   2.67064176e-03
   3.56300846e+02   1.05677499e-03
   3.56301334e+02  -1.56709959e-03
   3.56301822e+02  -1.98946288e-03
   3.56302310e+02   2.94884841e-04
   3.56302799e+02   1.38058898e-03
   3.56303287e+02  -9.17208614e-04
   3.56303775e+02  -5.06228302e-03
   3.56304264e+02  -4.65404755e-03
   3.56304752e+02  -2.42004753e-03
   3.56305240e+02  -2.99407612e-03
   3.56305729e+02  -1.48406683e-03
   3.56306217e+02   9.22726758e-04
   3.56306705e+02   1.25278381e-03
   3.56307194e+02   1.53920532e-03
   3.56307682e+02   2.89823744e-03
   3.56308170e+02   3.93349025e-03
   3.56308658e+02   3.80212720e-03
   3.56309147e+02   1.14370591e-03
   3.56309635e+02  -4.14033281e-03
   3.56310123e+02  -2.41316296e-03
   3.56310612e+02   1.59799482e-03
   3.56311100e+02  -1.26541883e-03
   3.56311588e+02  -4.00361745e-03
   3.56312077e+02  -2.64434470e-03
   3.56312565e+02  -1.48294377e-03
   3.56313053e+02  -2.35544867e-03
   3.56313542e+02  -3.52977426e-03
   3.56314030e+02  -2.47323094e-03
   3.56314518e+02  -2.66770972e-03
   3.56315006e+02   1.18366268e-04
   3.56315495e+02  -1.22598780e-04
   3.56315983e+02  -4.72364307e-04
   3.56316471e+02   2.17702822e-03
   3.56316960e+02   1.86661060e-03
   3.56317448e+02  -1.03148073e-03
   3.56317936e+02  -2.42471206e-03
   3.56318425e+02  -2.00130884e-03
   3.56318913e+02   1.65910949e-03
   3.56319401e+02   4.38163942e-03
   3.56319890e+02   1.91176054e-03
   3.56320378e+02  -1.05607312e-03
   3.56320866e+02  -1.84482511e-03
   3.56321354e+02  -1.59670389e-03
   3.56321843e+02  -1.16719084e-03
   3.56322331e+02  -5.27046970e-04
   3.56322819e+02   1.77526742e-03
   3.56323308e+02   3.62575008e-03
   3.56323796e+02   1.06997951e-03
   3.56324284e+02  -1.22676860e-03
   3.56324773e+02  -2.36608845e-04
   3.56325261e+02   1.19267509e-03
   3.56325749e+02   2.27919570e-03
   3.56326238e+02   3.06590647e-03
   3.56326726e+02   3.41057056e-03
   3.56327214e+02   2.18362780e-03
   3.56327702e+02  -1.42227160e-03
   3.56328191e+02  -2.19183764e-03
   3.56328679e+02   7.10854729e-05
   3.56329167e+02   1.58812443e-03
   3.56329656e+02   1.95744052e-03
   3.56330144e+02   9.29167261e-04
   3.56330632e+02  -4.25253005e-04
   3.56331121e+02  -2.09388789e-04
   3.56331609e+02  -1.54360803e-03
   3.56332097e+02  -2.95843906e-03
   3.56332586e+02  -7.57312111e-04
   3.56333074e+02   2.95761088e-03
   3.56333562e+02   2.79605738e-03
   3.56334051e+02  -4.65307327e-04
   3.56334539e+02  -2.73764320e-03
   3.56335027e+02  -2.39070994e-03
   3.56335515e+02  -7.60560099e-04
   3.56336004e+02   7.77550740e-04
   3.56336492e+02   2.29206681e-03
   3.56336980e+02   1.29968859e-03
   3.56337469e+02  -1.26156677e-03
   3.56337957e+02  -8.42127251e-04
   3.56338445e+02  -1.47843908e-03
   3.56338934e+02  -4.31776652e-03
   3.56339422e+02  -3.56833194e-03
   3.56339910e+02  -1.00345642e-03
   3.56340399e+02   8.06463766e-04
   3.56340887e+02   3.92107153e-03
   3.56341375e+02   5.36625599e-03
   3.56341863e+02   2.01988965e-03
   3.56342352e+02  -1.42070756e-03
   3.56342840e+02  -1.51419616e-03
   3.56343328e+02  -1.88742101e-03
   3.56343817e+02  -4.00972506e-03
   3.56344305e+02  -4.50599752e-03
   3.56344793e+02  -2.19384069e-03
   3.56345282e+02  -4.42006742e-04
   3.56345770e+02   8.78459599e-04
   3.56346258e+02   1.62048789e-03
   3.56346747e+02   1.73227314e-03
   3.56347235e+02   1.22656859e-03
   3.56347723e+02  -2.39125671e-04
   3.56348211e+02   1.14097516e-03
   3.56348700e+02   2.64495844e-03
   3.56349188e+02   6.52050134e-04
   3.56349676e+02  -1.16547139e-03
   3.56350165e+02  -6.33122982e-04
   3.56350653e+02   2.26165139e-04
   3.56351141e+02   9.40897968e-04
   3.56351630e+02   8.21463414e-04
   3.56352118e+02   8.43370857e-04
   3.56352606e+02   2.00261245e-03
   3.56353095e+02   4.03618877e-04
   3.56353583e+02  -1.22322130e-03
   3.56354071e+02   7.00441960e-05
   3.56354559e+02   1.93955580e-04
   3.56355048e+02  -8.46702242e-05
   3.56355536e+02   1.53506012e-03
   3.56356024e+02   1.85930391e-03
   3.56356513e+02   1.99520960e-03
   3.56357001e+02   1.62638782e-03
   3.56357489e+02  -2.00064946e-03
   3.56357978e+02  -4.09686053e-03
   3.56358466e+02  -4.22552414e-03
   3.56358954e+02  -4.02031839e-03
   3.56359443e+02  -1.80600735e-03
   3.56359931e+02  -2.31926766e-04
   3.56360419e+02  -1.05711713e-03
   3.56360907e+02  -8.31073208e-04
   3.56361396e+02   2.97768245e-04
   3.56361884e+02   5.39225148e-05
   3.56362372e+02  -6.64316351e-04
   3.56362861e+02   3.65236629e-04
   3.56363349e+02   3.55646270e-03
   3.56363837e+02   4.32295911e-03
   3.56364326e+02   4.89338767e-04
   3.56364814e+02  -3.16712307e-03
   3.56365302e+02  -2.00809794e-03
   3.56365791e+02  -1.22140022e-03
   3.56366279e+02  -3.24409944e-03
   3.56366767e+02  -2.03300081e-03
   3.56367255e+02   1.51794724e-04
   3.56367744e+02   1.13721855e-03
   3.56368232e+02   3.56901367e-03
   3.56368720e+02   4.22936305e-03
   3.56369209e+02   7.73530337e-04
   3.56369697e+02  -8.53343110e-04
   3.56370185e+02   1.86213269e-03
   3.56370674e+02   3.93455941e-03
   3.56371162e+02   2.60664942e-03
   3.56371650e+02   1.53672695e-03
   3.56372139e+02   2.54393159e-03
   3.56372627e+02   8.64316185e-04
   3.56373115e+02  -1.63190067e-03
   3.56373604e+02  -3.92073300e-03
   3.56374092e+02  -3.50924605e-03
   3.56374580e+02  -1.43561943e-03
   3.56375068e+02   3.68571455e-05
   3.56375557e+02  -3.60697246e-04
   3.56376045e+02  -8.70171119e-04
   3.56376533e+02   1.09485933e-03
   3.56377022e+02   1.59379200e-03
   3.56377510e+02  -2.93831308e-05
   3.56377998e+02  -8.08779208e-04
   3.56378487e+02  -3.44468676e-03
   3.56378975e+02  -2.73790560e-03
   3.56379463e+02   2.54638470e-03
   3.56379952e+02   2.24086060e-03
   3.56380440e+02   2.16810120e-04
   3.56380928e+02  -6.13910888e-05
   3.56381416e+02  -1.11480942e-03
   3.56381905e+02  -2.09988886e-03
   3.56382393e+02  -3.65632889e-03
   3.56382881e+02  -3.41192982e-03
   3.56383370e+02  -1.63589627e-03
   3.56383858e+02  -2.05843803e-03
   3.56384346e+02  -2.57726619e-03
   3.56384835e+02  -1.22272898e-03
   3.56385323e+02   4.80203278e-04
   3.56385811e+02   1.25393213e-03
   3.56386300e+02   1.12905761e-03
   3.56386788e+02   1.51082384e-03
   3.56387276e+02   9.67114291e-04
   3.56387764e+02  -2.18962249e-03
   3.56388253e+02  -3.69209587e-03
   3.56388741e+02  -9.19304322e-04
   3.56389229e+02   5.37123880e-04
   3.56389718e+02   5.20211004e-04
   3.56390206e+02   6.57699420e-04
   3.56390694e+02  -1.29985099e-04
   3.56391183e+02   1.75797811e-03
   3.56391671e+02   3.69613036e-03
   3.56392159e+02   3.57069541e-03
   3.56392648e+02   2.88311089e-03
   3.56393136e+02   1.08255306e-03
   3.56393624e+02   4.93350148e-04
   3.56394112e+02   1.24073750e-03
   3.56394601e+02  -9.36411307e-05
   3.56395089e+02  -1.67771324e-03
   3.56395577e+02  -2.65282812e-03
   3.56396066e+02  -2.12750211e-03
   3.56396554e+02   6.56067510e-04
   3.56397042e+02   3.19007598e-03
   3.56397531e+02   2.93418346e-03
   3.56398019e+02   9.87625332e-04
   3.56398507e+02   9.06542409e-04
   3.56398996e+02   9.05116904e-04
   3.56399484e+02  -1.29024556e-03
   3.56399972e+02  -3.97361489e-03
   3.56400460e+02  -2.33022776e-03
   3.56400949e+02   1.55768613e-03
   3.56401437e+02   3.46729159e-03
   3.56401925e+02   4.24117688e-03
   3.56402414e+02   1.69736054e-03
   3.56402902e+02  -3.96378106e-03
   3.56403390e+02  -4.93311603e-03
   3.56403879e+02  -1.12103252e-03
   3.56404367e+02   2.82048015e-03
   3.56404855e+02   2.93344213e-03
   3.56405344e+02   1.03879510e-03
   3.56405832e+02   7.05793034e-04
   3.56406320e+02   9.03882727e-04
   3.56406808e+02   1.27368548e-03
   3.56407297e+02   4.33669472e-03
   3.56407785e+02   5.95621718e-03
   3.56408273e+02   2.59450823e-03
   3.56408762e+02   1.69428502e-04
   3.56409250e+02   1.69232581e-03
   3.56409738e+02   3.35925468e-03
   3.56410227e+02   2.44728709e-03
   3.56410715e+02   7.10451568e-04
   3.56411203e+02  -5.06754732e-05
   3.56411692e+02   3.64897496e-05
   3.56412180e+02  -1.10101530e-04
   3.56412668e+02   1.26987114e-03
   3.56413157e+02   2.07116688e-03
   3.56413645e+02   7.60446943e-04
   3.56414133e+02   1.20360078e-03
   3.56414621e+02   1.40302512e-03
   3.56415110e+02  -1.33486115e-04
   3.56415598e+02  -1.24787318e-03
   3.56416086e+02  -2.24740268e-03
   3.56416575e+02  -4.01584012e-03
   3.56417063e+02  -4.24924493e-03
   3.56417551e+02  -1.60305423e-03
   3.56418040e+02   5.83849323e-04
   3.56418528e+02   1.95783633e-03
   3.56419016e+02   3.15388385e-03
   3.56419505e+02   3.02383513e-03
   3.56419993e+02   2.44772132e-03
   3.56420481e+02  -1.96059802e-04
   3.56420969e+02  -2.40358571e-03
   3.56421458e+02  -3.34166922e-03
   3.56421946e+02  -3.95571021e-03
   3.56422434e+02  -3.56571330e-03
   3.56422923e+02  -2.13388796e-03
   3.56423411e+02  -1.12398237e-03
   3.56423899e+02  -9.59478668e-04
   3.56424388e+02  -1.15127221e-03
   3.56424876e+02   1.11086672e-04
   3.56425364e+02   2.65954738e-03
   3.56425853e+02   1.71517662e-03
   3.56426341e+02   1.75622190e-04
   3.56426829e+02  -1.89352388e-04
   3.56427317e+02  -1.86009856e-03
   3.56427806e+02  -2.88169598e-03
   3.56428294e+02  -2.46359571e-03
   3.56428782e+02  -1.58227177e-03
   3.56429271e+02   1.55983027e-03
   3.56429759e+02   2.72729341e-03
   3.56430247e+02   4.30475862e-04
   3.56430736e+02  -3.94774281e-04
   3.56431224e+02   3.72555247e-03
   3.56431712e+02   4.02508862e-03
   3.56432201e+02   9.03888955e-04
   3.56432689e+02  -1.46625016e-03
   3.56433177e+02  -1.56973407e-03
   3.56433665e+02   1.61730597e-04
   3.56434154e+02   1.46729848e-03
   3.56434642e+02   3.32256709e-03
   3.56435130e+02   4.77349712e-03
   3.56435619e+02   1.86092302e-03
   3.56436107e+02  -3.65625671e-03
   3.56436595e+02  -5.06963907e-03
   3.56437084e+02  -1.06901876e-04
   3.56437572e+02   4.20733588e-03
   3.56438060e+02   2.94459704e-03
   3.56438549e+02  -2.23037889e-04
   3.56439037e+02  -1.21628487e-04
   3.56439525e+02   1.64442917e-03
   3.56440013e+02   1.87026360e-03
   3.56440502e+02   1.50147895e-03
   3.56440990e+02   1.68674265e-03
   3.56441478e+02   4.94947843e-03
   3.56441967e+02   7.87113048e-03
   3.56442455e+02   4.29494446e-03
   3.56442943e+02   3.69623303e-03
   3.56443432e+02   7.39564700e-03
   3.56443920e+02   9.57934000e-03
   3.56444408e+02   1.47426743e-02
   3.56444897e+02   1.97824705e-02
   3.56445385e+02   2.23282371e-02
   3.56445873e+02   2.19122954e-02
   3.56446361e+02   1.91019550e-02
   3.56446850e+02   1.75108425e-02
   3.56447338e+02   2.40039937e-02
   3.56447826e+02   4.10670489e-02
   3.56448315e+02   6.85168281e-02
   3.56448803e+02   1.02745757e-01
   3.56449291e+02   1.37378871e-01
   3.56449780e+02   1.72422633e-01
   3.56450268e+02   2.08243847e-01
   3.56450756e+02   2.32177883e-01
   3.56451245e+02   2.37817600e-01
   3.56451733e+02   2.34100178e-01
   3.56452221e+02   2.17672825e-01
   3.56452710e+02   1.83392465e-01
   3.56453198e+02   1.45709202e-01
   3.56453686e+02   1.20034389e-01
   3.56454174e+02   1.04019590e-01
   3.56454663e+02   9.42777917e-02
   3.56455151e+02   8.98546278e-02
   3.56455639e+02   8.64150226e-02
   3.56456128e+02   7.93340206e-02
   3.56456616e+02   7.07159862e-02
   3.56457104e+02   6.01195879e-02
   3.56457593e+02   5.29187657e-02
   3.56458081e+02   4.91961353e-02
   3.56458569e+02   4.24851328e-02
   3.56459058e+02   3.50500643e-02
   3.56459546e+02   2.65741441e-02
   3.56460034e+02   2.10240092e-02
   3.56460522e+02   2.30098777e-02
   3.56461011e+02   2.26479732e-02
   3.56461499e+02   1.72759481e-02
   3.56461987e+02   1.38511052e-02
   3.56462476e+02   1.36611871e-02
   3.56462964e+02   1.18072890e-02
   3.56463452e+02   1.14069851e-02
   3.56463941e+02   1.26342913e-02
   3.56464429e+02   8.80795531e-03
   3.56464917e+02   4.94011957e-03
   3.56465406e+02   5.16568543e-03
   3.56465894e+02   6.95709279e-03
   3.56466382e+02   8.71604215e-03
   3.56466870e+02   8.67019314e-03
   3.56467359e+02   8.68187845e-03
   3.56467847e+02   9.50258132e-03
   3.56468335e+02   8.20338912e-03
   3.56468824e+02   6.99460506e-03
   3.56469312e+02   7.28697330e-03
   3.56469800e+02   5.81791624e-03
   3.56470289e+02   2.17156764e-03
   3.56470777e+02   7.19174161e-04
   3.56471265e+02   3.47775081e-03
   3.56471754e+02   4.02663229e-03
   3.56472242e+02   2.17076810e-03
   3.56472730e+02   2.98548932e-03
   3.56473218e+02   3.32084787e-03
   3.56473707e+02   2.19550868e-03
   3.56474195e+02   2.72567105e-03
   3.56474683e+02   2.43017427e-03
   3.56475172e+02   1.47025578e-03
   3.56475660e+02   1.47179599e-04
   3.56476148e+02  -1.29208725e-03
   3.56476637e+02  -4.62585849e-05
   3.56477125e+02   2.92948680e-03
   3.56477613e+02   5.17522078e-03
   3.56478102e+02   6.82616979e-03
   3.56478590e+02   6.75601047e-03
   3.56479078e+02   3.74930445e-03
   3.56479566e+02   2.18637800e-03
   3.56480055e+02   2.48647667e-03
   3.56480543e+02   3.27290548e-03
   3.56481031e+02   5.97362313e-03
   3.56481520e+02   5.32449828e-03
   3.56482008e+02   8.16706917e-04
   3.56482496e+02   6.56645570e-04
   3.56482985e+02   1.19984918e-03
   3.56483473e+02  -3.23830063e-05
   3.56483961e+02   5.78801009e-05
   3.56484450e+02   1.95815504e-04
   3.56484938e+02  -5.82028355e-04
   3.56485426e+02  -1.10684196e-03
   3.56485914e+02   3.33148462e-04
   3.56486403e+02   2.97803688e-03
   3.56486891e+02   2.48484174e-03
   3.56487379e+02  -4.86260775e-04
   3.56487868e+02  -1.57059054e-03
   3.56488356e+02  -1.31643785e-03
   3.56488844e+02  -1.56118849e-03
   3.56489333e+02  -2.09627138e-03
   3.56489821e+02   1.46323710e-03
   3.56490309e+02   1.34357892e-03
   3.56490798e+02   2.05934375e-05
   3.56491286e+02  -1.16975477e-03
   3.56491774e+02  -2.32842681e-03
   3.56492263e+02  -3.40986671e-03
   3.56492751e+02  -2.16182973e-03
   3.56493239e+02   2.76708724e-05
   3.56493727e+02   3.05161986e-04
   3.56494216e+02   7.03969097e-04
   3.56494704e+02   3.73485335e-03
   3.56495192e+02   3.59146646e-03
   3.56495681e+02   6.10293064e-04
   3.56496169e+02   9.44465108e-04
   3.56496657e+02   2.16154684e-03
   3.56497146e+02   1.88885478e-03
   3.56497634e+02   1.05026690e-03
   3.56498122e+02  -3.17500089e-03
   3.56498611e+02  -6.16207998e-03
   3.56499099e+02  -2.20699678e-03
   3.56499587e+02   1.82043074e-03
   3.56500075e+02   1.32269645e-03
   3.56500564e+02  -1.00870337e-03
   3.56501052e+02  -1.08902552e-03
   3.56501540e+02   7.06916180e-05
   3.56502029e+02   5.73328405e-04
   3.56502517e+02   1.80434424e-03
   3.56503005e+02   1.85956608e-03
   3.56503494e+02   5.40564768e-04
   3.56503982e+02   3.76263110e-04
   3.56504470e+02  -9.71923349e-04
   3.56504959e+02  -7.50373409e-04
   3.56505447e+02   2.18362594e-03
   3.56505935e+02   3.04815685e-03
   3.56506423e+02   1.52999000e-03
   3.56506912e+02   1.14278076e-03
   3.56507400e+02   3.77869408e-04
   3.56507888e+02  -1.00361634e-04
   3.56508377e+02   1.56204775e-03
   3.56508865e+02   2.64584669e-03
   3.56509353e+02   1.75171217e-03
   3.56509842e+02   1.23744336e-04
   3.56510330e+02   9.28344962e-04
   3.56510818e+02   1.04224810e-03
   3.56511307e+02  -3.01661389e-03
   3.56511795e+02  -5.06389188e-03
   3.56512283e+02  -2.64102570e-03
   3.56512771e+02  -3.75220494e-04
   3.56513260e+02   2.44685507e-04
   3.56513748e+02   5.56344574e-04
   3.56514236e+02  -2.70218938e-04
   3.56514725e+02  -1.95769826e-03
   3.56515213e+02  -1.13881018e-03
   3.56515701e+02   2.56650685e-03
   3.56516190e+02   3.64349503e-03
   3.56516678e+02   1.62902259e-04
   3.56517166e+02  -3.23601533e-03
   3.56517655e+02  -2.70493561e-03
   3.56518143e+02   1.98663547e-04
   3.56518631e+02  -3.65237094e-04
   3.56519119e+02  -1.89104106e-03
   3.56519608e+02  -3.88175785e-03
   3.56520096e+02  -5.14341053e-03
   3.56520584e+02   6.45035761e-05
   3.56521073e+02   3.20095057e-03
   3.56521561e+02  -1.20250077e-03
   3.56522049e+02  -4.95830411e-03
   3.56522538e+02  -2.09982949e-03
   3.56523026e+02   4.40679817e-03
   3.56523514e+02   7.48050492e-03
   3.56524003e+02   5.73731773e-03
   3.56524491e+02   1.55770115e-03
   3.56524979e+02  -7.87315308e-04
   3.56525467e+02   3.07383452e-04
   3.56525956e+02   9.11310635e-05
   3.56526444e+02  -2.71414896e-03
   3.56526932e+02  -2.43953965e-03
   3.56527421e+02  -1.14020333e-03
   3.56527909e+02  -1.35051436e-03
   3.56528397e+02   8.50063079e-05
   3.56528886e+02   1.12531509e-03
   3.56529374e+02  -1.82715093e-03
   3.56529862e+02  -1.83546275e-03
   3.56530351e+02   2.09014607e-03
   3.56530839e+02   8.17929802e-04
   3.56531327e+02  -2.21137144e-03
   3.56531816e+02  -4.56871348e-04
   3.56532304e+02   3.88537825e-04
   3.56532792e+02  -1.61793525e-03
   3.56533280e+02  -1.01744442e-03
   3.56533769e+02   2.16754037e-03
   3.56534257e+02   4.28580958e-03
   3.56534745e+02   4.76792362e-03
   3.56535234e+02   4.29952657e-03
   3.56535722e+02   1.73544034e-03
   3.56536210e+02  -7.42330798e-04
   3.56536699e+02   7.36594840e-04
   3.56537187e+02   3.28394352e-03
   3.56537675e+02   2.83201295e-03
   3.56538164e+02  -2.23851399e-04
   3.56538652e+02  -3.49282194e-03
   3.56539140e+02  -4.36430238e-03
   3.56539628e+02  -3.61159444e-03
   3.56540117e+02  -1.10524218e-03
   3.56540605e+02   1.18979986e-03
   3.56541093e+02   2.15371698e-03
   3.56541582e+02   1.85659109e-03
   3.56542070e+02   1.08184782e-03
   3.56542558e+02   1.77693192e-03
   3.56543047e+02   2.60574277e-03
   3.56543535e+02   3.35423904e-03
   3.56544023e+02   3.69646540e-03
   3.56544512e+02   2.20531365e-03
   3.56545000e+02   1.73358398e-03
   3.56545488e+02   5.70018776e-04
   3.56545976e+02  -1.61232005e-04
   3.56546465e+02   1.83775451e-03
   3.56546953e+02   6.63784274e-04
   3.56547441e+02  -1.55512313e-03
   3.56547930e+02   5.70527802e-04
   3.56548418e+02   3.98444041e-04
   3.56548906e+02  -2.88972678e-03
   3.56549395e+02  -3.51746217e-03
   3.56549883e+02   6.17023557e-04
   3.56550371e+02   2.97304546e-03
   3.56550860e+02   2.99843494e-03
   3.56551348e+02  -1.66501006e-04
   3.56551836e+02  -5.43899322e-03
   3.56552324e+02  -6.70792628e-03
   3.56552813e+02  -4.64033894e-03
   3.56553301e+02  -3.47062643e-03
   3.56553789e+02  -2.92542274e-03
   3.56554278e+02   4.77179165e-05
   3.56554766e+02   1.26430544e-03
   3.56555254e+02  -9.76341602e-04
   3.56555743e+02  -1.73533300e-03
   3.56556231e+02  -7.92772218e-04
   3.56556719e+02   1.17262523e-03
   3.56557208e+02   9.06704343e-04
   3.56557696e+02  -1.36147102e-03
   3.56558184e+02   5.76939965e-05
   3.56558672e+02   2.11699498e-05
   3.56559161e+02  -1.77674147e-03
   3.56559649e+02  -1.15625293e-03
   3.56560137e+02  -1.07425905e-03
   3.56560626e+02  -2.24829372e-03
   3.56561114e+02  -3.63964564e-03
   3.56561602e+02  -2.64742598e-03
   3.56562091e+02   1.37943396e-04
   3.56562579e+02   1.42142549e-03
   3.56563067e+02   1.10060000e-03
   3.56563556e+02  -1.35499111e-03
   3.56564044e+02  -4.67267958e-03
   3.56564532e+02  -4.81662760e-03
   3.56565020e+02  -3.16814566e-03
   3.56565509e+02  -4.09859093e-03
   3.56565997e+02  -2.82714074e-03
   3.56566485e+02   1.41030177e-03
   3.56566974e+02   5.63532696e-04
   3.56567462e+02  -3.20971059e-03
   3.56567950e+02  -4.10217140e-03
   3.56568439e+02  -3.52959195e-03
   3.56568927e+02  -1.58730545e-03
   3.56569415e+02   1.16428349e-03
   3.56569904e+02   2.37025833e-03
   3.56570392e+02   1.62829307e-03
   3.56570880e+02   5.75688551e-04
   3.56571369e+02  -4.17518546e-04
   3.56571857e+02  -1.46270578e-03
   3.56572345e+02  -1.11562503e-03
   3.56572833e+02   4.70559724e-04
   3.56573322e+02   2.35033280e-04
   3.56573810e+02  -1.23939640e-03
   3.56574298e+02   2.37090280e-04
   3.56574787e+02   4.24256595e-03
   3.56575275e+02   5.73457452e-03
   3.56575763e+02   1.37382443e-03
   3.56576252e+02  -1.64489975e-04
   3.56576740e+02   2.02828692e-03
   3.56577228e+02   8.48718744e-04
   3.56577717e+02  -1.18085525e-04
   3.56578205e+02   7.07487750e-04
   3.56578693e+02   1.42664148e-03
   3.56579181e+02   2.97283381e-03
   3.56579670e+02   3.33585497e-03
   3.56580158e+02  -6.37326972e-04
   3.56580646e+02  -2.54968950e-03
   3.56581135e+02   1.22090758e-04
   3.56581623e+02  -4.04166844e-04
   3.56582111e+02  -2.47003441e-03
   3.56582600e+02  -2.16868496e-03
   3.56583088e+02  -6.74841111e-04
   3.56583576e+02  -4.31232969e-04
   3.56584065e+02  -1.32046873e-03
   3.56584553e+02  -2.03535869e-03
   3.56585041e+02  -1.16798480e-03
   3.56585529e+02   3.32633441e-04
   3.56586018e+02   2.67408765e-03
   3.56586506e+02   5.31974947e-03
   3.56586994e+02   2.97010038e-03
   3.56587483e+02  -1.48618745e-03
   3.56587971e+02   6.50711227e-05
   3.56588459e+02   2.89407396e-03
   3.56588948e+02   1.78104581e-03
   3.56589436e+02   7.18344876e-04
   3.56589924e+02   3.99343495e-04
   3.56590413e+02  -1.00081539e-04
   3.56590901e+02  -3.30708717e-04
   3.56591389e+02   5.72330435e-04
   3.56591877e+02   1.49368716e-03
   3.56592366e+02   7.86454941e-04
   3.56592854e+02   9.99279320e-04
   3.56593342e+02   2.70474423e-03
   3.56593831e+02   2.85301311e-03
   3.56594319e+02  -1.04707805e-03
   3.56594807e+02  -5.39323781e-03
   3.56595296e+02  -5.43299271e-03
   3.56595784e+02  -1.14674727e-03
   3.56596272e+02   3.31448112e-03
   3.56596761e+02   4.53038979e-03
   3.56597249e+02   2.65426096e-03
   3.56597737e+02   9.21388506e-04
   3.56598225e+02   6.58745936e-04
   3.56598714e+02   1.12557616e-04
   3.56599202e+02   1.34206595e-04
   3.56599690e+02  -1.69532280e-03
   3.56600179e+02  -3.94817581e-03
   3.56600667e+02  -3.76203703e-03
   3.56601155e+02  -1.90620543e-03
   3.56601644e+02   7.61200499e-04
   3.56602132e+02   6.51235518e-04
   3.56602620e+02  -1.77345227e-03
   3.56603109e+02  -2.67632562e-03
   3.56603597e+02  -1.85123726e-03
   3.56604085e+02  -9.87216481e-04
   3.56604573e+02  -2.75694532e-03
   3.56605062e+02  -4.83630598e-03
   3.56605550e+02  -1.12896052e-03
   3.56606038e+02   2.81389803e-03
   3.56606527e+02   2.04936159e-03
   3.56607015e+02  -1.98120414e-03
   3.56607503e+02  -2.00787908e-03
   3.56607992e+02   7.51039552e-05
   3.56608480e+02  -5.70864722e-05
   3.56608968e+02  -1.33883732e-03
   3.56609457e+02   1.10238651e-03
   3.56609945e+02   2.46794312e-03
   3.56610433e+02  -1.22466145e-05
   3.56610922e+02  -4.02310805e-04
   3.56611410e+02   2.04991573e-03
   3.56611898e+02   3.19986511e-03
   3.56612386e+02   3.50271039e-05
   3.56612875e+02  -1.73206406e-03
   3.56613363e+02   4.13064903e-04
   3.56613851e+02   1.50441052e-03
   3.56614340e+02   1.48443307e-03
   3.56614828e+02   7.09800806e-04
   3.56615316e+02  -1.32120796e-03
   3.56615805e+02  -1.87866820e-03
   3.56616293e+02   2.65610579e-04
   3.56616781e+02   2.72313436e-03
   3.56617270e+02   2.63570761e-03
   3.56617758e+02   3.47625301e-03
   3.56618246e+02   3.97441490e-03
   3.56618734e+02   9.92632355e-04
   3.56619223e+02   1.24881262e-04
   3.56619711e+02   1.49338052e-03
   3.56620199e+02   2.34450563e-03
   3.56620688e+02   2.84652272e-03
   3.56621176e+02   9.02157219e-04
   3.56621664e+02   1.31323317e-03
   3.56622153e+02   3.34413932e-03
   3.56622641e+02   2.89239152e-03
   3.56623129e+02  -3.60557315e-04
   3.56623618e+02  -3.25345760e-03
   3.56624106e+02  -3.79308686e-03
   3.56624594e+02  -2.74134474e-03
   3.56625082e+02  -9.39709353e-05
   3.56625571e+02   8.79593485e-04
   3.56626059e+02  -1.17848883e-03
   3.56626547e+02  -2.26258743e-03
   3.56627036e+02  -1.77100964e-03
   3.56627524e+02  -1.10279908e-03
   3.56628012e+02   7.34209840e-04
   3.56628501e+02   1.62908505e-03
   3.56628989e+02  -1.52630568e-03
   3.56629477e+02  -5.68634784e-03
   3.56629966e+02  -7.04729278e-03
   3.56630454e+02  -5.80987614e-03
   3.56630942e+02  -4.40968666e-03
   3.56631430e+02  -2.92662950e-03
   3.56631919e+02  -1.09236862e-03
   3.56632407e+02  -9.57134005e-04
   3.56632895e+02  -6.22425869e-04
   3.56633384e+02  -4.77661117e-04
   3.56633872e+02  -8.79560306e-04
   3.56634360e+02  -3.70486261e-04
   3.56634849e+02  -1.85127289e-03
   3.56635337e+02  -1.72543549e-03
   3.56635825e+02   1.49469779e-04
   3.56636314e+02   3.89634544e-04
   3.56636802e+02   8.09295452e-04
   3.56637290e+02  -1.33833452e-03
   3.56637778e+02  -2.10065092e-03
   3.56638267e+02  -2.73772777e-04
   3.56638755e+02  -1.67848438e-03
   3.56639243e+02  -3.55149223e-03
   3.56639732e+02  -2.49236589e-03
   3.56640220e+02   6.86905987e-04
   3.56640708e+02   2.72897049e-03
   3.56641197e+02   2.25079502e-03
   3.56641685e+02   1.33753943e-04
   3.56642173e+02  -1.00460008e-03
   3.56642662e+02  -5.06842160e-04
   3.56643150e+02  -1.88674824e-03
   3.56643638e+02  -1.72980654e-03
   3.56644126e+02   1.17056712e-03
   3.56644615e+02   3.04813264e-03
   3.56645103e+02   3.71319475e-03
   3.56645591e+02   3.32073611e-03
   3.56646080e+02   2.58419896e-03
   3.56646568e+02   7.84390431e-04
   3.56647056e+02  -1.78872840e-03
   3.56647545e+02  -2.04804796e-03
   3.56648033e+02   3.44159838e-04
   3.56648521e+02   2.90586636e-03
   3.56649010e+02   2.07682303e-03
   3.56649498e+02  -8.14559520e-04
   3.56649986e+02  -2.32638515e-04
   3.56650475e+02   3.25956289e-03
   3.56650963e+02   4.29363362e-03
   3.56651451e+02   3.39868595e-03
   3.56651939e+02   3.02105118e-03
   3.56652428e+02   2.48021004e-03
   3.56652916e+02   2.53707287e-03
   3.56653404e+02  -6.45654334e-04
   3.56653893e+02  -4.18796111e-03
   3.56654381e+02  -4.38820198e-03
   3.56654869e+02  -5.61350770e-03
   3.56655358e+02  -5.79987746e-03
   3.56655846e+02  -2.81419465e-03
   3.56656334e+02  -1.22976454e-03
   3.56656823e+02  -1.06870115e-03
   3.56657311e+02  -5.55888226e-04
   3.56657799e+02  -3.79384869e-06
   3.56658287e+02   1.03489729e-03
   3.56658776e+02   4.45729936e-04
   3.56659264e+02  -1.12873863e-03
   3.56659752e+02  -1.22000324e-03
   3.56660241e+02  -2.28783162e-03
   3.56660729e+02  -4.73029679e-03
   3.56661217e+02  -6.56615989e-03
   3.56661706e+02  -4.47808392e-03
   3.56662194e+02  -2.20169532e-04
   3.56662682e+02  -8.67248629e-04
   3.56663171e+02  -1.64611125e-03
   3.56663659e+02  -3.53016017e-04
   3.56664147e+02  -9.49830108e-04
   3.56664635e+02  -1.39197928e-03
   3.56665124e+02  -6.67353801e-04
   3.56665612e+02  -4.20080672e-04
   3.56666100e+02   7.42917357e-04
   3.56666589e+02   1.94672422e-04
   3.56667077e+02  -2.90318829e-04
   3.56667565e+02   2.40769912e-03
   3.56668054e+02   3.64726782e-03
   3.56668542e+02   1.03859184e-03
   3.56669030e+02  -1.14646927e-03
   3.56669519e+02  -9.75911607e-05
   3.56670007e+02   3.14828358e-03
   3.56670495e+02   3.87692009e-03
   3.56670983e+02   2.02871324e-03
   3.56671472e+02   1.51321013e-03
   3.56671960e+02   6.18784572e-04
   3.56672448e+02  -2.72753474e-04
   3.56672937e+02  -2.11074410e-04
   3.56673425e+02   9.81580015e-05
   3.56673913e+02  -1.00887299e-03
   3.56674402e+02  -1.70361449e-03
   3.56674890e+02  -1.18439342e-03
   3.56675378e+02   8.98494269e-04
   3.56675867e+02   1.42943626e-03
   3.56676355e+02  -3.11417924e-03
   3.56676843e+02  -4.87874867e-03
   3.56677331e+02  -3.42832459e-03
   3.56677820e+02  -4.20040591e-03
   3.56678308e+02  -4.69084503e-03
   3.56678796e+02  -3.80569138e-03
   3.56679285e+02  -2.34309537e-03
   3.56679773e+02  -1.74296775e-03
   3.56680261e+02  -2.71094078e-03
   3.56680750e+02  -1.05190207e-03
   3.56681238e+02   2.14275206e-03
   3.56681726e+02   1.09532848e-03
   3.56682215e+02  -1.82671749e-04
   3.56682703e+02   3.64902982e-04
   3.56683191e+02  -9.30883907e-05
   3.56683679e+02  -8.68301315e-04
   3.56684168e+02  -2.68286932e-03
   3.56684656e+02  -3.74750630e-03
   3.56685144e+02  -2.51657073e-03
   3.56685633e+02  -1.64116919e-03
   3.56686121e+02   8.20157758e-04
   3.56686609e+02   1.03236164e-03
   3.56687098e+02  -4.53537423e-03
   3.56687586e+02  -5.84249990e-03
   3.56688074e+02  -5.38540422e-04
   3.56688563e+02   2.66113062e-03
   3.56689051e+02   1.30696292e-03
   3.56689539e+02   1.03274724e-04
   3.56690028e+02   2.01448146e-03
   3.56690516e+02   2.79007736e-03
   3.56691004e+02   3.17746948e-04
   3.56691492e+02  -7.86575372e-04
   3.56691981e+02  -5.41474787e-04
   3.56692469e+02   1.16773078e-03
   3.56692957e+02   1.77081442e-03
   3.56693446e+02   1.34531816e-04
   3.56693934e+02  -9.13897529e-04
   3.56694422e+02   1.15778367e-03
   3.56694911e+02   3.68349394e-03
   3.56695399e+02   3.39088286e-03
   3.56695887e+02   7.49719795e-04
   3.56696376e+02  -1.51370885e-03
   3.56696864e+02  -1.37149962e-03
   3.56697352e+02  -2.28783768e-03
   3.56697840e+02  -4.21912828e-03
   3.56698329e+02  -2.65745749e-03
   3.56698817e+02   1.31468731e-03
   3.56699305e+02   2.65222020e-03
   3.56699794e+02   5.65681723e-04
   3.56700282e+02   1.06492534e-03
   3.56700770e+02   3.30443331e-03
   3.56701259e+02   3.75607191e-03
   3.56701747e+02   2.74997740e-03
   3.56702235e+02   2.40520155e-03
   3.56702724e+02   3.17685632e-03
   3.56703212e+02   3.42765986e-03
   3.56703700e+02   1.49503374e-03
   3.56704188e+02   4.02849604e-04
   3.56704677e+02   9.29221787e-05
   3.56705165e+02   1.58131169e-03
   3.56705653e+02   4.59741522e-03
   3.56706142e+02   3.04947537e-03
   3.56706630e+02   2.61681445e-04
   3.56707118e+02   1.48898020e-04
   3.56707607e+02  -1.61280681e-03
   3.56708095e+02  -5.09165227e-03
   3.56708583e+02  -6.53534662e-03
   3.56709072e+02  -4.45836736e-03
   3.56709560e+02  -8.34814913e-04
   3.56710048e+02   4.57749207e-04
   3.56710536e+02  -2.16768053e-03
   3.56711025e+02  -3.64525337e-03
   3.56711513e+02  -2.80328863e-03
   3.56712001e+02  -2.74358829e-03
   3.56712490e+02  -3.88805033e-03
   3.56712978e+02  -2.80037173e-03
   3.56713466e+02  -9.03356471e-04
   3.56713955e+02  -5.94805751e-04
   3.56714443e+02  -1.97043270e-03
   3.56714931e+02  -2.54121120e-03
   3.56715420e+02  -2.91144708e-03
   3.56715908e+02  -3.01412400e-03
   3.56716396e+02  -3.31801851e-03
   3.56716884e+02  -5.31828497e-03
   3.56717373e+02  -6.42380770e-03
   3.56717861e+02  -4.84723505e-03
   3.56718349e+02  -1.79822673e-03
   3.56718838e+02  -7.55310000e-04
   3.56719326e+02  -1.34852563e-03
   3.56719814e+02  -6.78730430e-04
   3.56720303e+02   1.29092752e-03
   3.56720791e+02   1.65355962e-03
   3.56721279e+02  -7.10058259e-04
   3.56721768e+02  -3.49804410e-03
   3.56722256e+02  -2.35257717e-03
   3.56722744e+02   1.52179995e-03
   3.56723232e+02   2.96149147e-03
   3.56723721e+02   2.16774433e-03
   3.56724209e+02   3.25211440e-03
   3.56724697e+02   3.73644545e-03
   3.56725186e+02   1.12279051e-03
   3.56725674e+02   1.15759776e-03
   3.56726162e+02   4.89927083e-03
   3.56726651e+02   3.48771270e-03
   3.56727139e+02   9.48112051e-04
   3.56727627e+02   1.07956538e-03
   3.56728116e+02  -9.70232242e-04
   3.56728604e+02  -3.37130483e-03
   3.56729092e+02  -2.80616689e-03
   3.56729581e+02  -1.04373530e-03
   3.56730069e+02  -2.15135678e-03
   3.56730557e+02  -2.80589727e-03
   3.56731045e+02  -1.00866635e-03
   3.56731534e+02   3.25875008e-04
   3.56732022e+02   2.18563888e-04
   3.56732510e+02  -1.65908400e-03
   3.56732999e+02  -3.10573401e-03
   3.56733487e+02  -2.04992411e-03
   3.56733975e+02  -3.01986001e-04
   3.56734464e+02   4.10380278e-04
   3.56734952e+02  -5.57421416e-04
   3.56735440e+02  -6.91941415e-04
   3.56735929e+02   6.87853899e-04
   3.56736417e+02  -1.03974517e-03
   3.56736905e+02  -4.53768671e-03
   3.56737393e+02  -4.81937826e-03
   3.56737882e+02  -2.42954469e-03
   3.56738370e+02  -1.76378479e-03
   3.56738858e+02  -1.92427856e-03
   3.56739347e+02   3.39528546e-04
   3.56739835e+02   3.44689656e-03
   3.56740323e+02   2.18489557e-03
   3.56740812e+02  -2.65213032e-03
   3.56741300e+02  -3.38969682e-03
   3.56741788e+02   1.69428880e-03
   3.56742277e+02   4.59056767e-03
   3.56742765e+02   3.81467189e-03
   3.56743253e+02   1.17149728e-03
   3.56743741e+02  -2.13787472e-03
   3.56744230e+02  -1.86195550e-03
   3.56744718e+02   1.52815098e-03
   3.56745206e+02   2.99543655e-03
   3.56745695e+02   2.76317587e-03
   3.56746183e+02   1.79693627e-03
   3.56746671e+02  -2.13824926e-04
   3.56747160e+02  -3.19828442e-03
   3.56747648e+02  -2.87634134e-03
   3.56748136e+02   1.59435160e-03
   3.56748625e+02   2.25300295e-03
   3.56749113e+02  -2.63827416e-04
   3.56749601e+02  -1.36788376e-03
   3.56750089e+02  -7.61546020e-04
   3.56750578e+02   9.04571789e-04
   3.56751066e+02   2.26155738e-03
   3.56751554e+02   1.53070199e-03
   3.56752043e+02  -2.53463537e-03
   3.56752531e+02  -3.11646238e-03
   3.56753019e+02   6.86640968e-04
   3.56753508e+02   2.35475623e-03
   3.56753996e+02   5.69538155e-04
   3.56754484e+02  -1.27627584e-03
   3.56754973e+02  -3.36733443e-04
   3.56755461e+02   6.57067518e-04
   3.56755949e+02   7.47116224e-04
   3.56756437e+02   7.87149766e-04
   3.56756926e+02   2.10629008e-03
   3.56757414e+02   2.60778237e-03
   3.56757902e+02   1.32414966e-03
   3.56758391e+02   1.98298041e-03
   3.56758879e+02   2.11004261e-03
   3.56759367e+02   8.08449331e-05
   3.56759856e+02  -9.80525743e-04
   3.56760344e+02  -5.65372757e-04
   3.56760832e+02   3.47801205e-03
   3.56761321e+02   5.26474230e-03
   3.56761809e+02   1.32601103e-03
   3.56762297e+02   1.15440018e-03
   3.56762785e+02   4.15437110e-03
   3.56763274e+02   3.26508330e-03
   3.56763762e+02   1.27365545e-03
   3.56764250e+02  -5.92905679e-04
   3.56764739e+02  -2.43272493e-03
   3.56765227e+02  -1.86052860e-03
   3.56765715e+02  -1.62243634e-03
   3.56766204e+02  -2.27446808e-03
   3.56766692e+02  -1.07097090e-03
   3.56767180e+02   4.16413503e-04
   3.56767669e+02   6.46685075e-04
   3.56768157e+02  -4.07817861e-04
   3.56768645e+02  -3.14027740e-04
   3.56769134e+02   1.63655053e-03
   3.56769622e+02   9.91030363e-04
   3.56770110e+02  -2.27031950e-03
   3.56770598e+02  -3.90292308e-03
   3.56771087e+02  -1.32673082e-03
   3.56771575e+02   1.84762455e-03
   3.56772063e+02   9.29293165e-04
   3.56772552e+02  -1.26968022e-04
   3.56773040e+02   3.45844222e-04
   3.56773528e+02   1.10765453e-03
   3.56774017e+02   1.25291420e-03
   3.56774505e+02   9.95463342e-04
   3.56774993e+02  -3.45831533e-04
   3.56775482e+02  -5.38434018e-04
   3.56775970e+02  -7.55215588e-04
   3.56776458e+02  -3.46219772e-03
   3.56776946e+02  -2.17149663e-03
   3.56777435e+02  -1.14272302e-03
   3.56777923e+02  -1.99084380e-03
   3.56778411e+02   3.19040730e-04
   3.56778900e+02   1.39846536e-03
   3.56779388e+02  -4.12493246e-04
   3.56779876e+02  -1.02847908e-03
   3.56780365e+02  -3.92337097e-04
   3.56780853e+02  -2.38883076e-03
   3.56781341e+02  -3.66626633e-03
   3.56781830e+02  -9.37054690e-04
   3.56782318e+02   8.31966987e-04
   3.56782806e+02   3.50521477e-05
   3.56783294e+02   7.87771307e-04
   3.56783783e+02   2.72758916e-04
   3.56784271e+02  -1.75118810e-04
   3.56784759e+02   1.32953678e-03
   3.56785248e+02   1.62334810e-03
   3.56785736e+02  -1.78245187e-03
   3.56786224e+02  -4.83401911e-03
   3.56786713e+02  -3.82453017e-03
   3.56787201e+02  -2.84610083e-03
   3.56787689e+02  -3.16180941e-03
   3.56788178e+02  -9.68064298e-04
   3.56788666e+02   6.36413170e-05
   3.56789154e+02   1.31322618e-03
   3.56789642e+02   2.81654461e-03
   3.56790131e+02   1.08902133e-03
   3.56790619e+02  -4.87591635e-04
   3.56791107e+02  -9.04451357e-04
   3.56791596e+02  -1.23335340e-03
   3.56792084e+02  -9.09790862e-04
   3.56792572e+02  -1.75109354e-03
   3.56793061e+02  -2.17829528e-03
   3.56793549e+02  -1.08403258e-03
   3.56794037e+02  -6.92276299e-05
   3.56794526e+02  -1.11498614e-03
   3.56795014e+02  -2.57433089e-03
   3.56795502e+02  -2.42913864e-03
   3.56795990e+02  -6.36031211e-04
   3.56796479e+02   1.89293502e-03
   3.56796967e+02   2.23458116e-03
   3.56797455e+02   4.60298703e-04
   3.56797944e+02  -7.30311964e-04
   3.56798432e+02  -4.24797530e-04
   3.56798920e+02  -1.34960026e-03
   3.56799409e+02  -2.60006078e-03
   3.56799897e+02  -2.09764694e-03
   3.56800385e+02  -2.71428470e-03
   3.56800874e+02  -3.61123565e-03
   3.56801362e+02  -2.49790750e-03
   3.56801850e+02  -3.55594675e-03
   3.56802338e+02  -5.05512906e-03
   3.56802827e+02  -4.10584593e-03
   3.56803315e+02  -3.03187710e-03
   3.56803803e+02  -2.45046918e-04
   3.56804292e+02   7.44520279e-04
   3.56804780e+02  -1.83617149e-03
   3.56805268e+02  -2.13584746e-03
   3.56805757e+02  -3.24919121e-04
   3.56806245e+02   1.53738481e-04
   3.56806733e+02   1.16885395e-03
   3.56807222e+02   1.22022699e-03
   3.56807710e+02   1.78136840e-03
   3.56808198e+02   3.41075007e-03
   3.56808687e+02   2.34314683e-03
   3.56809175e+02   1.19076821e-03
   3.56809663e+02   2.21426319e-03
   3.56810151e+02   2.16216361e-03
   3.56810640e+02   1.66380371e-04
   3.56811128e+02  -8.64421949e-04
   3.56811616e+02  -3.06165515e-04
   3.56812105e+02  -5.37191925e-04
   3.56812593e+02  -1.05351057e-04
   3.56813081e+02   2.03065318e-03
   3.56813570e+02   7.24013953e-04
   3.56814058e+02  -2.49228743e-03
   3.56814546e+02  -4.40249406e-03
   3.56815035e+02  -5.45509066e-03
   3.56815523e+02  -3.89938103e-03
   3.56816011e+02  -1.13223714e-03
   3.56816499e+02  -2.82283581e-05
   3.56816988e+02   7.46967271e-04
   3.56817476e+02   6.88847038e-04
   3.56817964e+02  -1.31901947e-03
   3.56818453e+02  -1.45947048e-03
   3.56818941e+02   7.40106101e-04
   3.56819429e+02   2.99316901e-03
   3.56819918e+02   2.80648749e-03
   3.56820406e+02   4.80796152e-04
   3.56820894e+02  -3.70015536e-04
   3.56821383e+02  -1.64195162e-03
   3.56821871e+02  -2.09571025e-03
   3.56822359e+02   6.57040917e-04
   3.56822847e+02   1.87059725e-03
   3.56823336e+02   4.22415440e-04
   3.56823824e+02   1.14541886e-04
   3.56824312e+02   3.21172120e-04
   3.56824801e+02  -8.26218165e-04
   3.56825289e+02  -1.20986102e-03
   3.56825777e+02   2.13660023e-04
   3.56826266e+02   7.28624931e-04
   3.56826754e+02   4.98693611e-04
   3.56827242e+02   1.10071374e-03
   3.56827731e+02   6.63499930e-04
   3.56828219e+02  -4.31010616e-04
   3.56828707e+02   9.53587820e-04
   3.56829195e+02   2.15857895e-03
   3.56829684e+02   1.61831966e-03
   3.56830172e+02   1.01821823e-03
   3.56830660e+02   1.23130053e-03
   3.56831149e+02   2.83778622e-03
   3.56831637e+02   2.99416855e-03
   3.56832125e+02   5.26735210e-04
   3.56832614e+02   2.84345530e-04
   3.56833102e+02   2.92055076e-03
   3.56833590e+02   3.61560751e-03
   3.56834079e+02   1.05185772e-03
   3.56834567e+02  -1.37084426e-04
   3.56835055e+02   1.31173769e-03
   3.56835543e+02   8.61336070e-04
   3.56836032e+02  -3.65070329e-04
   3.56836520e+02  -1.12629251e-03
   3.56837008e+02  -7.68592407e-04
   3.56837497e+02   8.57170307e-05
   3.56837985e+02   3.20410618e-04
   3.56838473e+02   1.71011628e-03
   3.56838962e+02   3.15299956e-03
   3.56839450e+02   1.34244759e-03
   3.56839938e+02   5.22255898e-04
   3.56840427e+02   1.99780823e-03
   3.56840915e+02   2.21387530e-03
   3.56841403e+02   3.29097500e-03
   3.56841891e+02   2.38083350e-03
   3.56842380e+02  -1.29744527e-03
   3.56842868e+02  -2.36218632e-03
   3.56843356e+02   1.23706181e-03
   3.56843845e+02   2.19440134e-03
   3.56844333e+02   5.81692788e-04
   3.56844821e+02   8.78084567e-04
   3.56845310e+02   2.68898369e-03
   3.56845798e+02   4.09221463e-03
   3.56846286e+02   3.92979011e-03
   3.56846775e+02   2.59150355e-03
   3.56847263e+02   2.38609326e-04
   3.56847751e+02   1.38024669e-04
   3.56848240e+02   1.24692696e-03
   3.56848728e+02   8.99630832e-04
   3.56849216e+02   9.84974322e-05
   3.56849704e+02  -1.80124410e-03
   3.56850193e+02  -1.42813905e-03
   3.56850681e+02  -1.31213642e-03
   3.56851169e+02  -2.21730932e-03
   3.56851658e+02  -1.40635250e-03
   3.56852146e+02  -1.71610923e-03
   3.56852634e+02  -2.16246978e-03
   3.56853123e+02   5.06361190e-04
   3.56853611e+02   1.48928305e-03
   3.56854099e+02  -7.39008363e-04
   3.56854588e+02  -1.85534568e-03
   3.56855076e+02  -1.04136567e-03
   3.56855564e+02   9.05402354e-04
   3.56856052e+02   2.21244595e-03
   3.56856541e+02   2.45017069e-03
   3.56857029e+02   2.85479729e-03
   3.56857517e+02   1.92460360e-03
   3.56858006e+02  -5.67204261e-04
   3.56858494e+02  -1.05160545e-03
   3.56858982e+02  -1.72821994e-04
   3.56859471e+02   1.42563402e-03
   3.56859959e+02   1.79315044e-03
   3.56860447e+02   8.84081761e-04
   3.56860936e+02   2.59795669e-03
   3.56861424e+02   4.99681570e-03
   3.56861912e+02   4.31465125e-03
   3.56862400e+02   3.80264479e-03
   3.56862889e+02   3.74246994e-03
   3.56863377e+02   2.36450811e-03
   3.56863865e+02  -3.41234008e-05
   3.56864354e+02  -2.51047802e-03
   3.56864842e+02  -2.15691910e-03
   3.56865330e+02   7.73762120e-04
   3.56865819e+02   1.13680994e-03
   3.56866307e+02  -1.70754839e-03
   3.56866795e+02  -3.19683971e-03
   3.56867284e+02  -3.06355790e-03
   3.56867772e+02  -1.78565632e-03
   3.56868260e+02   2.58987042e-04
   3.56868748e+02   8.78695282e-04
   3.56869237e+02  -7.36338334e-05
   3.56869725e+02  -9.58144199e-04
   3.56870213e+02  -4.92487452e-04
   3.56870702e+02   8.44916503e-04
   3.56871190e+02  -1.13559782e-03
   3.56871678e+02  -2.93970644e-03
   3.56872167e+02  -5.64609305e-04
   3.56872655e+02   1.19710609e-03
   3.56873143e+02  -4.25320788e-04
   3.56873632e+02  -6.35404314e-04
   3.56874120e+02   2.06484227e-03
   3.56874608e+02   4.12958208e-03
   3.56875096e+02   1.70362275e-03
   3.56875585e+02  -3.33823892e-03
   3.56876073e+02  -2.72046681e-03
   3.56876561e+02   6.15175290e-04
   3.56877050e+02   4.70820302e-03
   3.56877538e+02   6.55604713e-03
   3.56878026e+02   1.81316480e-03
   3.56878515e+02  -2.35582842e-03
   3.56879003e+02  -2.20428547e-03
   3.56879491e+02  -4.98995301e-04
   3.56879980e+02   2.13134149e-03
   3.56880468e+02   2.89954618e-03
   3.56880956e+02   3.05655529e-04
   3.56881444e+02  -8.05699441e-04
   3.56881933e+02   2.61234678e-03
   3.56882421e+02   6.02140510e-03
   3.56882909e+02   4.86451993e-03
   3.56883398e+02   6.74419804e-04
   3.56883886e+02  -7.19489006e-04
   3.56884374e+02   9.28874535e-04
   3.56884863e+02   2.28694087e-04
   3.56885351e+02   1.60668023e-05
   3.56885839e+02   1.77817349e-03
   3.56886328e+02   2.46180408e-03
   3.56886816e+02   2.47076526e-03
   3.56887304e+02   1.67157722e-03
   3.56887793e+02   2.03229999e-03
   3.56888281e+02   3.76649247e-03
   3.56888769e+02   4.35867580e-03
   3.56889257e+02   6.95761235e-04
   3.56889746e+02  -4.32235934e-03
   3.56890234e+02  -2.61638453e-03
   3.56890722e+02   1.70080306e-03
   3.56891211e+02   1.72388332e-03
   3.56891699e+02   3.33104224e-04
   3.56892187e+02  -4.28492385e-05
   3.56892676e+02  -3.59365949e-04
   3.56893164e+02  -1.80121162e-03
   3.56893652e+02  -3.07170395e-03
   3.56894141e+02  -3.98086198e-03
   3.56894629e+02  -2.81262631e-03
   3.56895117e+02  -8.29601777e-06
   3.56895605e+02  -3.16169346e-04
   3.56896094e+02  -1.10955117e-03
   3.56896582e+02  -6.52474293e-04
   3.56897070e+02  -1.05130079e-03
   3.56897559e+02  -1.46162778e-03
   3.56898047e+02  -1.03809661e-03
   3.56898535e+02  -1.45635195e-03
   3.56899024e+02  -3.66965379e-03
   3.56899512e+02  -3.17582907e-03
   3.56900000e+02   1.35259994e-03
   3.56900489e+02   2.47398653e-04
   3.56900977e+02  -3.12355254e-03
   3.56901465e+02  -3.47393192e-03
   3.56901953e+02  -1.58147933e-03
   3.56902442e+02  -1.30831543e-03
   3.56902930e+02  -8.31571815e-04
   3.56903418e+02  -5.30026853e-04
   3.56903907e+02  -1.52106083e-03
   3.56904395e+02  -1.85907702e-03
   3.56904883e+02   1.59263451e-04
   3.56905372e+02   2.03235913e-03
   3.56905860e+02   1.54492282e-03
   3.56906348e+02  -3.13435798e-04
   3.56906837e+02   4.22300654e-04
   3.56907325e+02   8.89940828e-04
   3.56907813e+02  -8.98780534e-04
   3.56908301e+02  -1.24489155e-03
   3.56908790e+02  -1.07651099e-03
   3.56909278e+02   1.96061781e-04
   3.56909766e+02   3.52170411e-03
   3.56910255e+02   3.60349310e-03
   3.56910743e+02   1.28878048e-03
   3.56911231e+02  -5.91491349e-04
   3.56911720e+02  -1.21133751e-03
   3.56912208e+02  -3.63918458e-04
   3.56912696e+02   4.90553284e-05
   3.56913185e+02  -5.55220759e-04
   3.56913673e+02  -9.68952372e-04
   3.56914161e+02  -2.17372226e-03
   3.56914649e+02  -1.44665584e-03
   3.56915138e+02   2.31378921e-03
   3.56915626e+02   2.82731489e-03
   3.56916114e+02  -7.17108851e-05
   3.56916603e+02  -2.05097790e-03
   3.56917091e+02  -2.26923381e-03
   3.56917579e+02  -5.08873898e-04
   3.56918068e+02   6.27644185e-04
   3.56918556e+02   2.08899425e-03
   3.56919044e+02   1.40632759e-03
   3.56919533e+02  -1.52389705e-03
   3.56920021e+02  -1.87376875e-03
   3.56920509e+02   8.69155556e-05
   3.56920997e+02   2.68515828e-03
   3.56921486e+02   1.53909530e-03
   3.56921974e+02  -2.38630408e-03
   3.56922462e+02  -3.99418967e-03
   3.56922951e+02  -2.02180515e-03
   3.56923439e+02  -6.96833711e-04
   3.56923927e+02  -8.95759324e-04
   3.56924416e+02   1.42803218e-03
   3.56924904e+02   1.51733612e-03
   3.56925392e+02  -7.63724151e-04
   3.56925881e+02  -5.95839461e-04
   3.56926369e+02   1.22958224e-03
   3.56926857e+02   2.51481798e-03
   3.56927346e+02   1.16176391e-03
   3.56927834e+02  -1.35821966e-03
   3.56928322e+02  -1.53856014e-03
   3.56928810e+02  -1.85191596e-03
   3.56929299e+02  -1.68156589e-03
   3.56929787e+02   3.58734484e-04
   3.56930275e+02   2.15215469e-03
   3.56930764e+02   2.66082934e-03
   3.56931252e+02   2.77656503e-03
   3.56931740e+02   1.98742258e-03
   3.56932229e+02   7.36134607e-05
   3.56932717e+02  -1.10738591e-04
   3.56933205e+02   2.70723575e-03
   3.56933694e+02   3.53763252e-03
   3.56934182e+02   8.43510148e-04
   3.56934670e+02  -1.76753011e-03
   3.56935158e+02  -1.38895481e-03
   3.56935647e+02   3.73312447e-04
   3.56936135e+02   7.29268533e-04
   3.56936623e+02   2.26195809e-03
   3.56937112e+02   3.32761416e-03
   3.56937600e+02   2.35373434e-03
   3.56938088e+02   1.37254375e-03
   3.56938577e+02   1.11754239e-03
   3.56939065e+02  -1.27995794e-04
   3.56939553e+02  -1.69105281e-03
   3.56940042e+02   2.67572643e-04
   3.56940530e+02   2.91787134e-03
   3.56941018e+02   2.49559479e-03
   3.56941506e+02   1.53341389e-03
   3.56941995e+02   1.04798668e-03
   3.56942483e+02   1.16304797e-03
   3.56942971e+02   3.69065849e-04
   3.56943460e+02  -3.15298187e-03
   3.56943948e+02  -6.14470243e-03
   3.56944436e+02  -3.25877336e-03
   3.56944925e+02   1.64465490e-03
   3.56945413e+02   2.40286533e-03
   3.56945901e+02   2.18030950e-03
   3.56946390e+02   2.40676082e-03
   3.56946878e+02   4.31090913e-04
   3.56947366e+02  -1.89475587e-03
   3.56947854e+02  -1.43634912e-03
   3.56948343e+02  -1.03317818e-03
   3.56948831e+02  -2.53159390e-03
   3.56949319e+02  -2.78956466e-03
   3.56949808e+02  -1.84958626e-03
   3.56950296e+02  -1.97258382e-03
   3.56950784e+02  -2.96972040e-03
   3.56951273e+02  -2.96115805e-03
   3.56951761e+02  -2.61826138e-03
   3.56952249e+02  -2.53306841e-03
   3.56952738e+02  -5.95226229e-05
   3.56953226e+02   1.19059591e-03
   3.56953714e+02   6.48548244e-04
   3.56954202e+02   2.21959897e-03
   3.56954691e+02   1.64949859e-03
   3.56955179e+02  -4.79364127e-04
   3.56955667e+02  -6.17442594e-04
   3.56956156e+02   1.52571977e-03
   3.56956644e+02   2.72172713e-03
   3.56957132e+02  -5.52378013e-04
   3.56957621e+02  -3.68033326e-03
   3.56958109e+02  -3.62822041e-03
   3.56958597e+02  -2.25335895e-03
   3.56959086e+02  -2.81266379e-03
   3.56959574e+02  -3.38947284e-03
   3.56960062e+02  -4.26879805e-03
   3.56960550e+02  -3.94684449e-03
   3.56961039e+02  -3.96941556e-04
   3.56961527e+02   1.16470107e-03
   3.56962015e+02  -4.78414557e-04
   3.56962504e+02  -8.99934035e-04
   3.56962992e+02  -9.09785565e-04
   3.56963480e+02  -2.73869000e-03
   3.56963969e+02  -2.72680679e-03
   3.56964457e+02  -6.96086267e-04
   3.56964945e+02   6.74827461e-05
   3.56965434e+02   1.47803675e-03
   3.56965922e+02   2.96749477e-03
   3.56966410e+02   1.01674662e-03
   3.56966899e+02  -2.45824849e-05
   3.56967387e+02   6.65100060e-06
   3.56967875e+02  -9.25544242e-04
   3.56968363e+02  -9.56839576e-05
   3.56968852e+02  -8.51128600e-04
   3.56969340e+02  -1.31326925e-03
   3.56969828e+02   1.90419145e-03
   3.56970317e+02   3.17256199e-03
   3.56970805e+02   2.34439061e-03
   3.56971293e+02   1.62440178e-03
   3.56971782e+02   1.22760644e-03
   3.56972270e+02   1.06574362e-03
   3.56972758e+02   8.83036584e-04
   3.56973247e+02   3.72950220e-04
   3.56973735e+02   1.10293797e-03
   3.56974223e+02   3.53018777e-03
   3.56974711e+02   3.68882017e-03
   3.56975200e+02   6.01672218e-04
   3.56975688e+02  -3.20358231e-04
   3.56976176e+02   1.13039697e-03
   3.56976665e+02  -7.61456904e-05
   3.56977153e+02  -2.51843687e-03
   3.56977641e+02  -1.92435051e-03
   3.56978130e+02   2.90242577e-04
   3.56978618e+02   1.64573651e-03
   3.56979106e+02   2.19619623e-03
   3.56979595e+02   6.45644381e-04
   3.56980083e+02  -1.91238767e-03
   3.56980571e+02  -2.67373119e-03
   3.56981059e+02  -2.52565392e-03
   3.56981548e+02  -2.75090314e-03
   3.56982036e+02   5.36834938e-04
   3.56982524e+02   3.19403457e-03
   3.56983013e+02   9.97123570e-05
   3.56983501e+02  -3.07853054e-03
   3.56983989e+02  -1.18158909e-03
   3.56984478e+02   7.64884171e-04
   3.56984966e+02  -2.43782881e-04
   3.56985454e+02  -4.13965812e-04
   3.56985943e+02   2.27560545e-03
   3.56986431e+02   2.96300487e-03
   3.56986919e+02  -9.37447825e-04
   3.56987407e+02  -1.32955320e-03
   3.56987896e+02   6.16466161e-04
   3.56988384e+02  -9.98646021e-04
   3.56988872e+02  -3.13543109e-03
   3.56989361e+02  -5.24788676e-03
   3.56989849e+02  -6.32377667e-03
   3.56990337e+02  -2.66868109e-03
   3.56990826e+02   1.57597056e-03
   3.56991314e+02   7.10700488e-06
   3.56991802e+02  -2.18863063e-03
   3.56992291e+02  -2.15487881e-03
   3.56992779e+02  -1.84640230e-03
   3.56993267e+02   1.00600370e-03
   3.56993755e+02   2.73794401e-03
   3.56994244e+02   7.80200004e-04
   3.56994732e+02   2.13758118e-04
   3.56995220e+02   2.65541486e-03
   3.56995709e+02   2.23847502e-03
   3.56996197e+02  -1.14054361e-03
   3.56996685e+02  -7.47087353e-04
   3.56997174e+02   2.17884802e-03
   3.56997662e+02   7.15908187e-04
   3.56998150e+02  -2.93134991e-03
   3.56998639e+02  -2.59020808e-03
   3.56999127e+02   1.03231025e-04
   3.56999615e+02   1.52896915e-03
   3.57000103e+02   3.03708622e-03
   3.57000592e+02   3.08086327e-03
   3.57001080e+02   1.96127035e-03
   3.57001568e+02   2.99477531e-03
   3.57002057e+02   1.89731922e-03
   3.57002545e+02  -8.45264294e-04
   3.57003033e+02  -9.96435061e-04
   3.57003522e+02  -1.24411556e-04
   3.57004010e+02  -4.87733923e-04
   3.57004498e+02  -4.27595893e-04
   3.57004987e+02  -7.38104980e-04
   3.57005475e+02  -1.88377372e-03
   3.57005963e+02  -2.39353511e-03
   3.57006451e+02  -3.40767461e-03
   3.57006940e+02  -2.90797558e-03
   3.57007428e+02   8.95997684e-04
   3.57007916e+02   2.83201248e-03
   3.57008405e+02   8.30088160e-04
   3.57008893e+02   9.07865586e-04
   3.57009381e+02   2.11463030e-03
   3.57009870e+02   1.65835361e-03
   3.57010358e+02   1.68627524e-03
   3.57010846e+02   5.59457520e-04
   3.57011335e+02   2.31113445e-04
   3.57011823e+02   1.27481204e-03
   3.57012311e+02   5.53257414e-04
   3.57012800e+02  -7.23911508e-04
   3.57013288e+02   6.76575059e-04
   3.57013776e+02   1.09498063e-03
   3.57014264e+02  -1.98332849e-03
   3.57014753e+02  -4.02117707e-03
   3.57015241e+02  -3.31557845e-03
   3.57015729e+02  -2.07772083e-03
   3.57016218e+02  -8.92484852e-04
   3.57016706e+02   6.52124581e-04
   3.57017194e+02   2.20169756e-03
   3.57017683e+02  -2.01826962e-03
   3.57018171e+02  -4.68349131e-03
   3.57018659e+02   1.85961078e-04
   3.57019148e+02   3.65781342e-03
   3.57019636e+02   2.23594648e-03
   3.57020124e+02   1.14290579e-03
   3.57020612e+02   1.33694522e-03
   3.57021101e+02   4.53061744e-04
   3.57021589e+02  -1.37963821e-03
   3.57022077e+02  -3.10107530e-03
   3.57022566e+02  -4.21563070e-03
   3.57023054e+02  -3.43689858e-03
   3.57023542e+02  -1.98852457e-03
   3.57024031e+02  -9.19354847e-04
   3.57024519e+02   4.77673748e-04
   3.57025007e+02   2.43632845e-03
   3.57025496e+02   2.17181211e-03
   3.57025984e+02  -2.71530153e-04
   3.57026472e+02  -7.03454250e-04
   3.57026960e+02  -4.14912705e-04
   3.57027449e+02  -6.67940767e-04
   3.57027937e+02  -1.47262134e-03
   3.57028425e+02  -1.67209085e-03
   3.57028914e+02  -7.52571563e-04
   3.57029402e+02  -8.40116700e-04
   3.57029890e+02  -1.13073119e-03
   3.57030379e+02  -1.29160436e-03
   3.57030867e+02  -1.92406226e-03
   3.57031355e+02  -2.56040227e-03
   3.57031844e+02  -2.63833557e-03
   3.57032332e+02  -1.92044431e-03
   3.57032820e+02  -8.25918338e-04
   3.57033308e+02  -8.82555498e-04
   3.57033797e+02  -1.68511970e-03
   3.57034285e+02  -1.30471936e-03
   3.57034773e+02  -7.45277037e-04
   3.57035262e+02  -2.52002908e-04
   3.57035750e+02  -2.64165603e-04
   3.57036238e+02  -1.70157570e-03
   3.57036727e+02  -6.49580266e-04
   3.57037215e+02   2.88885809e-03
   3.57037703e+02   2.85666483e-03
   3.57038192e+02  -2.70133501e-06
   3.57038680e+02  -1.09217339e-03
   3.57039168e+02   5.95876445e-05
   3.57039656e+02   1.41285011e-03
   3.57040145e+02   1.01257092e-03
   3.57040633e+02  -2.14764499e-03
   3.57041121e+02  -5.29007753e-03
   3.57041610e+02  -5.53823542e-03
   3.57042098e+02  -3.71174351e-03
   3.57042586e+02  -2.72270711e-03
   3.57043075e+02  -4.00291476e-03
   3.57043563e+02  -4.32264572e-03
   3.57044051e+02  -2.23668059e-03
   3.57044540e+02  -6.94839218e-06
   3.57045028e+02   2.25868216e-03
   3.57045516e+02   1.99312181e-03
   3.57046004e+02   2.06831770e-04
   3.57046493e+02  -4.63119417e-04
   3.57046981e+02  -9.96860792e-04
   3.57047469e+02  -9.71358211e-04
   3.57047958e+02  -5.60692803e-04
   3.57048446e+02   8.24715535e-04
   3.57048934e+02   1.54124782e-03
   3.57049423e+02   1.46403920e-03
   3.57049911e+02   2.89735943e-03
   3.57050399e+02   2.82291928e-03
   3.57050888e+02   2.13760533e-03
   3.57051376e+02   2.76867696e-03
   3.57051864e+02   1.02872984e-03
   3.57052353e+02  -1.82509120e-03
   3.57052841e+02   6.25110915e-05
   3.57053329e+02   4.85530403e-03
   3.57053817e+02   4.72996524e-03
   3.57054306e+02   2.20604381e-03
   3.57054794e+02   1.32331823e-03
   3.57055282e+02  -2.70078715e-04
   3.57055771e+02  -1.17077318e-04
   3.57056259e+02   1.30396383e-03
   3.57056747e+02   1.85718434e-03
   3.57057236e+02   2.69212364e-03
   3.57057724e+02   1.72477087e-03
   3.57058212e+02  -1.33358553e-05
   3.57058701e+02  -4.70948289e-04
   3.57059189e+02  -1.05179020e-03
   3.57059677e+02  -1.14263420e-03
   3.57060165e+02   9.04477958e-04
   3.57060654e+02   1.51306868e-03
   3.57061142e+02   3.74672585e-04
   3.57061630e+02  -3.71513743e-04
   3.57062119e+02  -1.29797251e-03
   3.57062607e+02  -4.03639540e-04
   3.57063095e+02   2.39869952e-03
   3.57063584e+02   2.83708097e-03
   3.57064072e+02   1.93249632e-03
   3.57064560e+02   2.41385796e-03
   3.57065049e+02   4.22349141e-04
   3.57065537e+02  -2.17340537e-03
   3.57066025e+02  -2.13992153e-03
   3.57066513e+02  -1.82937086e-03
   3.57067002e+02  -1.71482656e-03
   3.57067490e+02  -1.81243406e-03
   3.57067978e+02  -1.62986678e-03
   3.57068467e+02  -1.43788976e-03
   3.57068955e+02  -9.45247361e-04
   3.57069443e+02  -7.14350026e-04
   3.57069932e+02  -3.64626921e-03
   3.57070420e+02  -4.03343420e-03
   3.57070908e+02  -5.82256645e-04
   3.57071397e+02   1.86527366e-04
   3.57071885e+02  -1.82097021e-03
   3.57072373e+02  -3.64829064e-03
   3.57072861e+02  -3.55009828e-03
   3.57073350e+02  -2.56799720e-03
   3.57073838e+02  -2.04845006e-03
   3.57074326e+02  -2.43228790e-03
   3.57074815e+02  -1.84377062e-03
   3.57075303e+02   1.66564423e-03
   3.57075791e+02   3.90937366e-03
   3.57076280e+02   1.77381269e-03
   3.57076768e+02  -1.58284232e-03
   3.57077256e+02  -2.44388334e-03
   3.57077745e+02  -7.25405698e-04
   3.57078233e+02   7.07417610e-04
   3.57078721e+02   1.06882257e-03
   3.57079209e+02   1.64532906e-03
   3.57079698e+02   1.75591244e-03
   3.57080186e+02   1.15583267e-03
   3.57080674e+02  -2.02722877e-04
   3.57081163e+02   2.74694958e-05
   3.57081651e+02   2.01174902e-04
   3.57082139e+02   5.92995086e-04
   3.57082628e+02   1.05277065e-03
   3.57083116e+02  -2.98778177e-03
   3.57083604e+02  -7.28853047e-03
   3.57084093e+02  -7.06144003e-03
   3.57084581e+02  -1.88379234e-03
   3.57085069e+02   1.28523901e-03
   3.57085557e+02   6.79602090e-04
   3.57086046e+02   8.57523177e-04
   3.57086534e+02   1.37658347e-03
   3.57087022e+02   2.18914705e-03
   3.57087511e+02   3.23525979e-03
   3.57087999e+02   3.80110089e-03
   3.57088487e+02   2.49256543e-03
   3.57088976e+02  -2.94685567e-04
   3.57089464e+02  -1.78985728e-03
   3.57089952e+02  -1.86867372e-03
   3.57090441e+02   1.53078610e-04
   3.57090929e+02   1.87023077e-03
   3.57091417e+02   1.98530778e-03
   3.57091906e+02   2.97806878e-03
   3.57092394e+02   2.69682240e-03
   3.57092882e+02  -9.68125387e-05
   3.57093370e+02   3.30123794e-06
   3.57093859e+02   8.85683985e-04
   3.57094347e+02   1.53389643e-03
   3.57094835e+02   2.21634447e-03
   3.57095324e+02   7.71310588e-04
   3.57095812e+02  -3.79703852e-04
   3.57096300e+02  -3.87962733e-04
   3.57096789e+02   1.03252460e-04
   3.57097277e+02   1.18887241e-04
   3.57097765e+02  -2.49137753e-03
   3.57098254e+02  -4.28689038e-03
   3.57098742e+02  -3.03787272e-03
   3.57099230e+02  -3.13954864e-04
   3.57099718e+02   1.56366918e-03
   3.57100207e+02   4.76248562e-04
   3.57100695e+02  -1.41684746e-03
   3.57101183e+02  -1.97056262e-03
   3.57101672e+02  -4.16086550e-04
   3.57102160e+02   1.61849603e-03
   3.57102648e+02   3.13743181e-03
   3.57103137e+02   2.78152293e-03
   3.57103625e+02  -1.50305743e-03
   3.57104113e+02  -3.55601753e-03
   3.57104602e+02  -5.61646943e-04
   3.57105090e+02   9.39884398e-04
   3.57105578e+02  -2.50938494e-04
   3.57106066e+02   3.53882671e-04
   3.57106555e+02   2.14598631e-03
   3.57107043e+02   3.01171979e-03
   3.57107531e+02   2.77914153e-03
   3.57108020e+02   3.09742382e-03
   3.57108508e+02   3.51976510e-03
   3.57108996e+02   2.31455755e-03
   3.57109485e+02   3.92438495e-04
   3.57109973e+02   7.41479089e-05
   3.57110461e+02  -1.58726267e-04
   3.57110950e+02  -5.65425667e-04
   3.57111438e+02  -7.24657788e-04
   3.57111926e+02   4.61915071e-04
   3.57112414e+02   2.97112251e-03
   3.57112903e+02   3.77507857e-03
   3.57113391e+02   3.51017527e-03
   3.57113879e+02   1.83970854e-03
   3.57114368e+02   7.23454286e-04
   3.57114856e+02   1.94790633e-03
   3.57115344e+02   1.63615914e-03
   3.57115833e+02   2.89372023e-04
   3.57116321e+02  -7.40831718e-04
   3.57116809e+02  -1.73657946e-03
   3.57117298e+02  -1.29731465e-03
   3.57117786e+02  -1.27150083e-03
   3.57118274e+02  -3.21826828e-03
   3.57118762e+02  -3.66949919e-03
   3.57119251e+02  -1.01630831e-05
   3.57119739e+02   2.28126138e-03
   3.57120227e+02   1.87691709e-03
   3.57120716e+02   2.51300936e-03
   3.57121204e+02   2.71428260e-03
   3.57121692e+02   1.35370740e-03
   3.57122181e+02   8.54524144e-04
   3.57122669e+02   1.45100581e-03
   3.57123157e+02   5.75178536e-04
   3.57123646e+02   5.27206168e-04
   3.57124134e+02   1.24343298e-03
   3.57124622e+02  -5.36774693e-04
   3.57125110e+02  -3.04251770e-03
   3.57125599e+02  -1.95462652e-03
   3.57126087e+02   1.81483058e-03
   3.57126575e+02   3.27056763e-03
   3.57127064e+02   1.77339738e-04
   3.57127552e+02  -2.46493705e-03
   3.57128040e+02  -3.80603224e-03
   3.57128529e+02  -4.09443304e-03
   3.57129017e+02  -2.01201299e-03
   3.57129505e+02  -1.69772783e-03
   3.57129994e+02  -2.09162058e-03
   3.57130482e+02  -4.04888502e-04
   3.57130970e+02   1.36405183e-03
   3.57131459e+02   8.64241156e-04
   3.57131947e+02  -7.99542817e-04
   3.57132435e+02  -1.23518030e-03
   3.57132923e+02  -1.04534603e-03
   3.57133412e+02  -2.14456604e-03
   3.57133900e+02  -6.61774364e-04
   3.57134388e+02   1.01111177e-03
   3.57134877e+02   3.01996525e-03
   3.57135365e+02   1.17554038e-03
   3.57135853e+02  -2.44810618e-03
   3.57136342e+02  -4.20028856e-03
   3.57136830e+02  -1.93114951e-03
   3.57137318e+02   1.77798374e-03
   3.57137807e+02   2.62977462e-03
   3.57138295e+02   1.03217841e-03
   3.57138783e+02   4.86620527e-04
   3.57139271e+02  -9.63465311e-04
   3.57139760e+02  -2.65796925e-03
   3.57140248e+02  -1.37153349e-03
   3.57140736e+02  -1.85911467e-05
   3.57141225e+02  -6.68599736e-04
   3.57141713e+02  -9.84384213e-04
   3.57142201e+02   7.35721958e-04
   3.57142690e+02   1.75102381e-03
   3.57143178e+02   1.11598711e-04
   3.57143666e+02  -8.32716876e-04
   3.57144155e+02  -8.44204042e-04
   3.57144643e+02  -3.00174323e-03
   3.57145131e+02  -2.65803584e-03
   3.57145619e+02  -1.62343204e-03
   3.57146108e+02  -4.68653208e-03
   3.57146596e+02  -6.02847524e-03
   3.57147084e+02  -2.80121621e-03
   3.57147573e+02  -1.19843509e-03
   3.57148061e+02   4.92279651e-06
   3.57148549e+02   3.56902718e-03
   3.57149038e+02   2.40353984e-03
   3.57149526e+02  -2.34203297e-03
   3.57150014e+02  -3.83263081e-03
   3.57150503e+02  -2.79838522e-03
   3.57150991e+02  -1.76810997e-03
   3.57151479e+02  -5.53170976e-04
   3.57151967e+02   7.90867431e-04
   3.57152456e+02   1.90013309e-03
   3.57152944e+02   1.39185274e-03
   3.57153432e+02   1.24685152e-03
   3.57153921e+02   1.99864735e-03
   3.57154409e+02   1.80352828e-03
   3.57154897e+02   7.33098364e-04
   3.57155386e+02  -1.98574131e-03
   3.57155874e+02  -4.21729963e-03
   3.57156362e+02  -3.15338094e-03
   3.57156851e+02  -1.16923079e-03
   3.57157339e+02   1.24348141e-03
   3.57157827e+02   1.17505470e-03
   3.57158315e+02  -8.06308177e-04
   3.57158804e+02   1.55047499e-04
   3.57159292e+02   8.13011138e-04
   3.57159780e+02  -1.21986447e-03
   3.57160269e+02  -7.90435122e-04
   3.57160757e+02   1.50864839e-03
   3.57161245e+02  -2.10090555e-04
   3.57161734e+02  -1.21128780e-03
   3.57162222e+02   1.34596974e-03
   3.57162710e+02   1.84202252e-03
   3.57163199e+02   6.68596185e-04
   3.57163687e+02   4.42126126e-04
   3.57164175e+02  -1.52602815e-03
   3.57164663e+02  -2.52882531e-03
   3.57165152e+02  -1.11594665e-04
   3.57165640e+02   2.17114505e-03
   3.57166128e+02   2.44859653e-03
   3.57166617e+02   2.78800703e-03
   3.57167105e+02   6.42757281e-04
   3.57167593e+02  -1.33331341e-03
   3.57168082e+02  -2.40640808e-03
   3.57168570e+02  -3.64344753e-03
   3.57169058e+02  -2.14347569e-03
   3.57169547e+02  -1.36448338e-03
   3.57170035e+02  -1.59304461e-03
   3.57170523e+02   6.88400236e-04
   3.57171012e+02   1.85664918e-03
   3.57171500e+02  -4.20821510e-04
   3.57171988e+02  -2.05511204e-03
   3.57172476e+02  -2.70258030e-03
   3.57172965e+02  -3.86335282e-03
   3.57173453e+02  -3.18238675e-03
   3.57173941e+02   8.13693739e-04
   3.57174430e+02   4.46328614e-03
   3.57174918e+02   3.39821330e-03
   3.57175406e+02   2.40030419e-03
   3.57175895e+02   2.84213945e-03
   3.57176383e+02   1.99937308e-03
   3.57176871e+02   1.62785093e-03
   3.57177360e+02   1.14743586e-03
   3.57177848e+02  -2.72659672e-04
   3.57178336e+02  -1.98234036e-03
   3.57178824e+02  -2.62886845e-03
   3.57179313e+02  -6.31599280e-04
   3.57179801e+02   2.07253359e-03
   3.57180289e+02   3.00539332e-03
   3.57180778e+02   2.18073279e-03
   3.57181266e+02   1.48922217e-03
   3.57181754e+02   4.09271801e-04
   3.57182243e+02  -1.18934014e-03
   3.57182731e+02  -7.19096803e-04
   3.57183219e+02   9.40902508e-04
   3.57183708e+02   2.15680012e-03
   3.57184196e+02   2.82435073e-03
   3.57184684e+02   2.62314861e-04
   3.57185172e+02  -1.76479865e-03
   3.57185661e+02  -2.26056422e-04
   3.57186149e+02   7.91423779e-04
   3.57186637e+02  -2.14435877e-05
   3.57187126e+02  -1.50961569e-03
   3.57187614e+02  -2.39976076e-03
   3.57188102e+02  -3.86563386e-03
   3.57188591e+02  -5.67788212e-03
   3.57189079e+02  -3.23670264e-03
   3.57189567e+02   1.56988084e-04
   3.57190056e+02  -1.66236223e-05
   3.57190544e+02  -1.15746446e-03
   3.57191032e+02  -1.86056655e-03
   3.57191520e+02  -7.90214166e-04
   3.57192009e+02   2.60874571e-04
   3.57192497e+02   3.46608285e-05
   3.57192985e+02  -3.15784797e-04
   3.57193474e+02  -3.35450494e-03
   3.57193962e+02  -1.66686764e-03
   3.57194450e+02   3.14216968e-03
   3.57194939e+02   2.61803227e-03
   3.57195427e+02  -1.00258761e-03
   3.57195915e+02  -3.33039812e-03
   3.57196404e+02  -3.36706755e-03
   3.57196892e+02  -2.63553439e-03
   3.57197380e+02  -2.03659246e-03
   3.57197868e+02  -2.91891592e-05
   3.57198357e+02   2.12429604e-03
   3.57198845e+02   3.23627121e-03
   3.57199333e+02   4.02299920e-03
   3.57199822e+02   3.42978747e-03
   3.57200310e+02   3.21001490e-03
   3.57200798e+02   2.12000497e-03
   3.57201287e+02  -2.01036083e-03
   3.57201775e+02  -2.01042439e-03
   3.57202263e+02   2.57486198e-03
   3.57202752e+02   2.39221891e-03
   3.57203240e+02  -2.00901181e-03
   3.57203728e+02  -5.40505350e-03
   3.57204216e+02  -5.34261763e-03
   3.57204705e+02  -7.47054408e-04
   3.57205193e+02   2.03821505e-03
   3.57205681e+02  -4.33664012e-04
   3.57206170e+02  -1.65085273e-03
   3.57206658e+02  -1.65290886e-03
   3.57207146e+02  -1.23190449e-03
   3.57207635e+02  -6.23175059e-04
   3.57208123e+02  -1.87817193e-03
   3.57208611e+02  -2.40609352e-03
   3.57209100e+02  -7.00972334e-04
   3.57209588e+02   4.06158419e-04
   3.57210076e+02  -1.59226207e-03
   3.57210565e+02  -1.67031528e-03
   3.57211053e+02  -1.28925021e-03
   3.57211541e+02  -2.34195776e-03
   3.57212029e+02  -2.90500233e-03
   3.57212518e+02  -3.82442377e-03
   3.57213006e+02  -3.19759385e-03
   3.57213494e+02  -1.68634742e-03
   3.57213983e+02  -2.05665667e-04
   3.57214471e+02   2.23449478e-03
   3.57214959e+02   4.86300932e-03
   3.57215448e+02   4.89617791e-03
   3.57215936e+02   2.57658982e-03
   3.57216424e+02   9.31299001e-04
   3.57216913e+02  -2.18553017e-04
   3.57217401e+02  -9.37613426e-04
   3.57217889e+02  -2.49995897e-03
   3.57218377e+02  -4.47887881e-03
   3.57218866e+02  -3.11356597e-03
   3.57219354e+02  -6.85962586e-05
   3.57219842e+02  -1.01029080e-04
   3.57220331e+02  -1.84518402e-03
   3.57220819e+02   1.66464073e-03
   3.57221307e+02   3.90041294e-03
   3.57221796e+02   4.25522885e-05
   3.57222284e+02  -3.01101408e-03
   3.57222772e+02  -3.48167471e-03
   3.57223261e+02  -2.17897561e-03
   3.57223749e+02  -1.24079816e-03
   3.57224237e+02  -4.31649620e-03
   3.57224725e+02  -4.49676765e-03
   3.57225214e+02  -5.16089436e-04
   3.57225702e+02   3.42207524e-04
   3.57226190e+02   1.44792127e-03
   3.57226679e+02   2.83934828e-03
   3.57227167e+02   1.74476090e-03
   3.57227655e+02   2.04184745e-03
   3.57228144e+02   4.71398747e-03
   3.57228632e+02   4.21429379e-03
   3.57229120e+02   1.85876898e-03
   3.57229609e+02   1.23016466e-03
   3.57230097e+02   2.92913610e-04
   3.57230585e+02  -1.59217205e-04
   3.57231073e+02  -2.80120585e-04
   3.57231562e+02  -1.38568797e-03
   3.57232050e+02  -7.06371153e-04
   3.57232538e+02   8.89062416e-04
   3.57233027e+02   1.17293221e-03
   3.57233515e+02   1.10948575e-03
   3.57234003e+02   2.20263260e-03
   3.57234492e+02   1.87921396e-03
   3.57234980e+02  -3.02412664e-03
   3.57235468e+02  -3.22284386e-03
   3.57235957e+02   1.24972523e-03
   3.57236445e+02   1.14195375e-03
   3.57236933e+02  -2.47783121e-03
   3.57237421e+02  -5.60109457e-03
   3.57237910e+02  -5.13899419e-03
   3.57238398e+02  -6.10036310e-04
   3.57238886e+02   2.62998557e-03
   3.57239375e+02   3.03346757e-03
   3.57239863e+02   2.28638458e-03
   3.57240351e+02   1.36895152e-03
   3.57240840e+02  -5.23555464e-05
   3.57241328e+02  -1.10585790e-03
   3.57241816e+02  -5.35108615e-04
   3.57242305e+02  -1.12606329e-03
   3.57242793e+02  -2.51156301e-03
   3.57243281e+02  -1.41953770e-03
   3.57243769e+02  -2.85069036e-05
   3.57244258e+02   1.29557287e-04
   3.57244746e+02  -1.50491440e-04
   3.57245234e+02  -7.42350996e-04
   3.57245723e+02  -2.10864097e-03
   3.57246211e+02  -3.10020312e-03
   3.57246699e+02  -2.92991777e-03
   3.57247188e+02  -6.29996415e-04
   3.57247676e+02   1.00715179e-03
   3.57248164e+02  -2.90400907e-03
   3.57248653e+02  -6.43103803e-03
   3.57249141e+02  -3.59449885e-03
   3.57249629e+02   2.61156209e-04
   3.57250118e+02   2.03455961e-03
   3.57250606e+02   2.37297709e-03
   3.57251094e+02   6.28680398e-04
   3.57251582e+02   3.81400285e-04
   3.57252071e+02   1.21643487e-03
   3.57252559e+02   3.31727578e-03
   3.57253047e+02   5.05021727e-03
   3.57253536e+02   3.34687368e-03
   3.57254024e+02  -4.79389506e-04
   3.57254512e+02  -3.07300640e-03
   3.57255001e+02  -1.90825330e-03
   3.57255489e+02  -1.36785311e-04
   3.57255977e+02  -8.75874015e-04
   3.57256466e+02  -1.29537715e-03
   3.57256954e+02   3.20956402e-04
   3.57257442e+02   1.91556185e-03
   3.57257930e+02   1.10365986e-03
   3.57258419e+02  -7.92061910e-04
   3.57258907e+02  -1.47213717e-03
   3.57259395e+02  -2.12129881e-03
   3.57259884e+02  -3.59139801e-03
   3.57260372e+02  -4.24019946e-03
   3.57260860e+02  -4.16826131e-03
   3.57261349e+02  -4.02776292e-03
   3.57261837e+02  -2.31861556e-03
   3.57262325e+02  -1.92022847e-03
   3.57262814e+02  -2.06088042e-03
   3.57263302e+02   5.88780909e-04
   3.57263790e+02   2.85340962e-03
   3.57264278e+02   1.68296602e-03
   3.57264767e+02  -6.82362006e-05
   3.57265255e+02   2.05493323e-03
   3.57265743e+02   3.83550790e-03
   3.57266232e+02   6.99815690e-04
   3.57266720e+02  -2.21296912e-03
   3.57267208e+02  -3.26668727e-03
   3.57267697e+02  -4.92762960e-03
   3.57268185e+02  -3.33240442e-03
   3.57268673e+02   2.79960339e-04
   3.57269162e+02   7.98142399e-04
   3.57269650e+02  -5.25288749e-04
   3.57270138e+02  -1.83450291e-03
   3.57270626e+02  -2.07480369e-03
   3.57271115e+02  -2.29207333e-03
   3.57271603e+02  -1.34531083e-03
   3.57272091e+02  -6.69202593e-04
   3.57272580e+02  -1.52596924e-03
   3.57273068e+02  -1.81954028e-03
   3.57273556e+02  -1.39534788e-03
   3.57274045e+02  -4.07787476e-04
   3.57274533e+02   1.66691816e-03
   3.57275021e+02   2.40852544e-03
   3.57275510e+02   2.16339063e-03
   3.57275998e+02   3.93038616e-03
   3.57276486e+02   4.83581424e-03
   3.57276974e+02   9.17656405e-04
   3.57277463e+02  -6.21123530e-04
   3.57277951e+02   1.64571533e-03
   3.57278439e+02   2.11790699e-04
   3.57278928e+02  -9.09217051e-04
   3.57279416e+02  -2.15394568e-04
   3.57279904e+02  -1.69302220e-03
   3.57280393e+02  -1.27043074e-03
   3.57280881e+02  -1.50194787e-03
   3.57281369e+02  -3.61686223e-03
   3.57281858e+02  -3.18010780e-03
   3.57282346e+02  -1.12338038e-03
   3.57282834e+02  -4.23758145e-04
   3.57283322e+02  -5.82289824e-04
   3.57283811e+02   1.14877697e-03
   3.57284299e+02   9.76617564e-04
   3.57284787e+02  -1.68685836e-03
   3.57285276e+02  -1.92028377e-03
   3.57285764e+02  -2.05633743e-03
   3.57286252e+02  -3.06535722e-03
   3.57286741e+02  -1.61779602e-03
   3.57287229e+02  -3.28695460e-04
   3.57287717e+02  -9.65420855e-04
   3.57288206e+02  -4.27637191e-04
   3.57288694e+02  -4.45395941e-04
   3.57289182e+02   1.27047329e-04
   3.57289671e+02   1.31993764e-03
   3.57290159e+02   1.53772801e-03
   3.57290647e+02   3.33804311e-03
   3.57291135e+02   3.09995469e-03
   3.57291624e+02   3.07199167e-04
   3.57292112e+02  -1.05314027e-03
   3.57292600e+02   8.16359170e-05
   3.57293089e+02   2.19268911e-03
   3.57293577e+02   2.17407616e-03
   3.57294065e+02  -3.91104695e-05
   3.57294554e+02  -1.46960572e-03
   3.57295042e+02  -8.91285017e-04
   3.57295530e+02  -9.99864933e-05
   3.57296019e+02   2.27447672e-04
   3.57296507e+02  -4.24203055e-04
   3.57296995e+02  -2.58570234e-03
   3.57297483e+02  -1.86053931e-03
   3.57297972e+02  -2.09237929e-04
   3.57298460e+02  -2.89988064e-04
   3.57298948e+02   7.81222305e-04
   3.57299437e+02   3.51867755e-03
   3.57299925e+02   3.86841572e-03
   3.57300413e+02   1.09750999e-03
   3.57300902e+02   3.74503754e-04
   3.57301390e+02   1.15184067e-03
   3.57301878e+02  -1.24052842e-03
   3.57302367e+02  -2.10225163e-03
   3.57302855e+02   9.98652889e-04
   3.57303343e+02   2.25607795e-03
   3.57303831e+02   1.99047429e-03
   3.57304320e+02   1.63350429e-03
   3.57304808e+02   1.21524872e-03
   3.57305296e+02   5.13410836e-04
   3.57305785e+02   1.22852670e-03
   3.57306273e+02   1.15450833e-03
   3.57306761e+02   2.13998079e-04
   3.57307250e+02   2.19875737e-03
   3.57307738e+02   4.84098354e-03
   3.57308226e+02   4.36374731e-03
   3.57308715e+02   1.25173759e-03
   3.57309203e+02  -8.19851703e-04
   3.57309691e+02  -2.52732472e-03
   3.57310179e+02  -2.23866757e-03
   3.57310668e+02   2.13490077e-03
   3.57311156e+02   4.62733256e-03
   3.57311644e+02   1.68606883e-03
   3.57312133e+02  -2.45419680e-03
   3.57312621e+02  -2.82327691e-03
   3.57313109e+02  -7.33376190e-04
   3.57313598e+02  -3.97599855e-04
   3.57314086e+02   1.64626632e-04
   3.57314574e+02   3.06680030e-03
   3.57315063e+02   4.64094523e-03
   3.57315551e+02   2.52427650e-03
   3.57316039e+02   5.92343626e-04
   3.57316527e+02   2.16061668e-03
   3.57317016e+02   2.77576665e-03
   3.57317504e+02   3.64924665e-04
   3.57317992e+02  -7.08932581e-04
   3.57318481e+02   1.28811027e-03
   3.57318969e+02   2.00812239e-03
   3.57319457e+02   3.19930055e-04
   3.57319946e+02   8.77666869e-04
   3.57320434e+02  -2.20414906e-04
   3.57320922e+02  -3.60962516e-03
   3.57321411e+02  -3.10544646e-03
   3.57321899e+02  -2.38013011e-03
   3.57322387e+02  -3.76662356e-03
   3.57322875e+02  -4.26822109e-03
   3.57323364e+02  -3.08159087e-03
   3.57323852e+02  -9.05003166e-04
   3.57324340e+02  -3.03232140e-04
   3.57324829e+02  -6.27131783e-04
   3.57325317e+02  -2.05726852e-03
   3.57325805e+02  -4.04405314e-03
   3.57326294e+02  -5.57549950e-03
   3.57326782e+02  -5.42271137e-03
   3.57327270e+02  -4.26715892e-03
   3.57327759e+02  -4.11973288e-03
   3.57328247e+02  -2.29353155e-03
   3.57328735e+02   5.69550437e-04
   3.57329224e+02   1.82089268e-03
   3.57329712e+02   1.55383872e-03
   3.57330200e+02   7.48597959e-04
   3.57330688e+02   1.25437870e-03
   3.57331177e+02   1.49914366e-03
   3.57331665e+02   1.65823629e-04
   3.57332153e+02  -2.09627720e-03
   3.57332642e+02  -3.93414544e-03
   3.57333130e+02  -1.58624956e-03
   3.57333618e+02   3.60353547e-03
   3.57334107e+02   5.60667180e-03
   3.57334595e+02   3.16792866e-03
   3.57335083e+02   1.03942084e-03
   3.57335572e+02   1.93786772e-03
   3.57336060e+02   3.23902653e-03
   3.57336548e+02   3.38321319e-03
   3.57337036e+02   2.73906160e-03
   3.57337525e+02   2.17130524e-03
   3.57338013e+02   3.07454308e-03
   3.57338501e+02   4.32962412e-03
   3.57338990e+02   2.37963186e-03
   3.57339478e+02   1.03076687e-03
   3.57339966e+02   1.39441399e-03
   3.57340455e+02   9.74086812e-04
   3.57340943e+02   1.37994438e-03
   3.57341431e+02   1.07073877e-03
   3.57341920e+02   9.71365022e-04
   3.57342408e+02   2.88083241e-03
   3.57342896e+02   3.17102112e-03
   3.57343384e+02   1.87062693e-03
   3.57343873e+02   4.62415264e-05
   3.57344361e+02   9.56858421e-05
   3.57344849e+02   7.41315365e-04
   3.57345338e+02  -1.25136331e-03
   3.57345826e+02  -2.18528369e-03
   3.57346314e+02   5.00216731e-04
   3.57346803e+02   4.12078062e-03
   3.57347291e+02   6.42888760e-03
   3.57347779e+02   5.06210607e-03
   3.57348268e+02   7.73875741e-04
   3.57348756e+02  -2.56343000e-03
   3.57349244e+02  -3.70442425e-03
   3.57349732e+02  -3.68958060e-03
   3.57350221e+02  -3.88886547e-03
   3.57350709e+02  -3.77233117e-03
   3.57351197e+02  -1.37822097e-03
   3.57351686e+02   5.41826768e-04
   3.57352174e+02   2.93723424e-03
   3.57352662e+02   4.68315277e-03
   3.57353151e+02   1.45175669e-03
   3.57353639e+02  -4.79740294e-04
   3.57354127e+02  -2.09850972e-04
   3.57354616e+02  -1.43810839e-03
   3.57355104e+02  -8.67472409e-05
   3.57355592e+02   1.27467932e-03
   3.57356080e+02   3.17747094e-04
   3.57356569e+02   1.82586431e-03
   3.57357057e+02   1.54789060e-03
   3.57357545e+02   4.55289148e-04
   3.57358034e+02   3.25734401e-03
   3.57358522e+02   6.32087188e-03
   3.57359010e+02   5.78445615e-03
   3.57359499e+02   4.92687430e-03
   3.57359987e+02   3.39721912e-03
   3.57360475e+02   2.27133371e-03
   3.57360964e+02   2.47099879e-03
   3.57361452e+02   1.22218451e-03
   3.57361940e+02   2.25407677e-03
   3.57362428e+02   4.27265465e-03
   3.57362917e+02   8.95608624e-04
   3.57363405e+02  -1.48987467e-03
   3.57363893e+02   2.48692092e-03
   3.57364382e+02   3.31549975e-03
   3.57364870e+02  -1.08623481e-03
   3.57365358e+02  -2.12243386e-03
   3.57365847e+02  -2.84696533e-03
   3.57366335e+02  -4.81409719e-03
   3.57366823e+02  -3.98461893e-03
   3.57367312e+02  -2.78102094e-03
   3.57367800e+02  -9.89312888e-04
   3.57368288e+02  -7.17057148e-04
   3.57368777e+02  -3.33397603e-03
   3.57369265e+02  -1.21680845e-03
   3.57369753e+02   2.76866672e-03
   3.57370241e+02   2.63656303e-03
   3.57370730e+02   8.14660045e-04
   3.57371218e+02  -1.38554070e-03
   3.57371706e+02  -2.36445502e-03
   3.57372195e+02  -6.56086020e-04
   3.57372683e+02  -1.29894400e-03
   3.57373171e+02  -4.61280858e-03
   3.57373660e+02  -5.04374737e-03
   3.57374148e+02  -2.42440449e-03
   3.57374636e+02  -2.39041969e-04
   3.57375125e+02   5.77883504e-04
   3.57375613e+02   1.73459249e-03
   3.57376101e+02   3.17056198e-03
   3.57376589e+02   2.63250223e-03
   3.57377078e+02   9.90548753e-04
   3.57377566e+02   1.21258921e-03
   3.57378054e+02   4.37772600e-03
   3.57378543e+02   4.10769461e-03
   3.57379031e+02   2.40328675e-03
   3.57379519e+02   3.49652115e-03
   3.57380008e+02   1.08257728e-03
   3.57380496e+02  -2.20233412e-03
   3.57380984e+02  -2.05980102e-03
   3.57381473e+02  -1.52058562e-03
   3.57381961e+02   3.79802426e-04
   3.57382449e+02   1.64605340e-03
   3.57382937e+02   6.39928447e-04
   3.57383426e+02   8.93728633e-04
   3.57383914e+02   4.78761690e-03
   3.57384402e+02   7.86420144e-03
   3.57384891e+02   5.56221278e-03
   3.57385379e+02   3.05220298e-03
   3.57385867e+02   3.92677961e-03
   3.57386356e+02   3.00613372e-03
   3.57386844e+02  -1.09843572e-03
   3.57387332e+02  -1.93437969e-03
   3.57387821e+02  -5.76677849e-04
   3.57388309e+02  -1.52552756e-03
   3.57388797e+02  -2.18966603e-03
   3.57389285e+02  -1.43400708e-03
   3.57389774e+02  -2.87371781e-03
   3.57390262e+02  -3.68583086e-03
   3.57390750e+02  -1.76139351e-03
   3.57391239e+02   4.24315280e-04
   3.57391727e+02   1.94009498e-03
   3.57392215e+02   1.79139851e-03
   3.57392704e+02   1.59344997e-03
   3.57393192e+02   1.09177083e-03
   3.57393680e+02  -1.39994430e-03
   3.57394169e+02  -1.78281148e-03
   3.57394657e+02   3.08468880e-04
   3.57395145e+02   4.07389125e-05
   3.57395633e+02  -1.25164806e-03
   3.57396122e+02  -2.68592034e-03
   3.57396610e+02  -5.24281152e-03
   3.57397098e+02  -5.86294848e-03
   3.57397587e+02  -5.07456157e-03
   3.57398075e+02  -3.77017446e-03
   3.57398563e+02  -4.97697620e-04
   3.57399052e+02   3.14776553e-03
   3.57399540e+02   3.55092599e-03
   3.57400028e+02  -5.00590177e-05
   3.57400517e+02  -1.01745001e-03
   3.57401005e+02  -1.26971048e-04
   3.57401493e+02  -3.76292883e-04
   3.57401981e+02   2.19596270e-03
   3.57402470e+02   3.13754729e-03
   3.57402958e+02   1.12100097e-03
   3.57403446e+02  -1.25141582e-03
   3.57403935e+02  -1.67843967e-03
   3.57404423e+02  -9.12594667e-04
   3.57404911e+02  -2.79601594e-03
   3.57405400e+02  -2.89297709e-03
   3.57405888e+02  -1.60274853e-03
   3.57406376e+02  -1.41568459e-03
   3.57406865e+02  -1.26126688e-05
   3.57407353e+02   1.12680567e-03
   3.57407841e+02   1.03106839e-03
   3.57408330e+02  -1.36171628e-04
   3.57408818e+02  -1.01729156e-03
   3.57409306e+02  -6.10820483e-04
   3.57409794e+02   6.36504265e-04
   3.57410283e+02   3.92344868e-04
   3.57410771e+02  -4.21976554e-04
   3.57411259e+02  -2.29244135e-04
   3.57411748e+02   1.39619550e-03
   3.57412236e+02   3.01767024e-03
   3.57412724e+02   2.82024383e-03
   3.57413213e+02   1.74761552e-03
   3.57413701e+02   7.99497822e-04
   3.57414189e+02  -5.60344022e-04
   3.57414678e+02   1.23496191e-03
   3.57415166e+02   2.61763786e-03
   3.57415654e+02   1.33243593e-04
   3.57416142e+02  -5.13115083e-04
   3.57416631e+02   2.17679190e-03
   3.57417119e+02   1.28683180e-03
   3.57417607e+02  -2.16373615e-03
   3.57418096e+02  -3.70974257e-03
   3.57418584e+02  -3.90474941e-03
   3.57419072e+02  -5.09111630e-03
   3.57419561e+02  -5.97189181e-03
   3.57420049e+02  -2.48873490e-03
   3.57420537e+02   2.84147798e-03
   3.57421026e+02   6.73219468e-03
   3.57421514e+02   7.52048707e-03
   3.57422002e+02   3.29162879e-03
   3.57422490e+02  -6.96729054e-04
   3.57422979e+02   5.17569657e-04
   3.57423467e+02   2.18230230e-03
   3.57423955e+02   5.71254815e-04
   3.57424444e+02  -2.26273225e-03
   3.57424932e+02  -4.73345816e-03
   3.57425420e+02  -5.06096007e-03
   3.57425909e+02  -1.33502670e-03
   3.57426397e+02   9.18913865e-04
   3.57426885e+02  -3.82578815e-04
   3.57427374e+02   1.38322951e-03
   3.57427862e+02   2.12667650e-03
   3.57428350e+02   1.11452816e-03
   3.57428838e+02   2.66435905e-04
   3.57429327e+02  -1.60233001e-03
   3.57429815e+02  -3.08160740e-03
   3.57430303e+02   1.57759889e-04
   3.57430792e+02   1.93517434e-03
   3.57431280e+02  -8.99040839e-04
   3.57431768e+02   8.66636750e-04
   3.57432257e+02   1.49941957e-03
   3.57432745e+02  -1.24991511e-03
   3.57433233e+02  -2.00693402e-03
   3.57433722e+02  -2.01310078e-03
   3.57434210e+02   1.99839997e-04
   3.57434698e+02   2.98351794e-03
   3.57435186e+02   1.99445477e-03
   3.57435675e+02   4.38687130e-04
   3.57436163e+02   2.67025345e-04
   3.57436651e+02   8.84168025e-04
   3.57437140e+02   1.88689667e-03
   3.57437628e+02   1.38606306e-03
   3.57438116e+02  -9.33208677e-04
   3.57438605e+02  -8.92245676e-04
   3.57439093e+02   1.83461909e-03
   3.57439581e+02   3.06989066e-03
   3.57440070e+02   2.69061630e-03
   3.57440558e+02   3.07374960e-03
   3.57441046e+02   2.75926455e-03
   3.57441534e+02   6.83050544e-04
   3.57442023e+02   1.39183563e-03
   3.57442511e+02   3.33785149e-03
   3.57442999e+02   4.65388037e-03
   3.57443488e+02   4.60178172e-03
   3.57443976e+02   1.06720161e-03
   3.57444464e+02  -6.11359370e-04
   3.57444953e+02   3.91804351e-04
   3.57445441e+02  -7.59694609e-04
   3.57445929e+02  -2.42390344e-03
   3.57446418e+02  -1.91511482e-03
   3.57446906e+02   8.34075618e-04
   3.57447394e+02   9.49704205e-04
   3.57447883e+02  -6.58562640e-04
   3.57448371e+02   8.68648873e-04
   3.57448859e+02   1.83072500e-03
   3.57449347e+02  -6.34283715e-05
   3.57449836e+02  -1.67336245e-03
   3.57450324e+02  -1.38677063e-03
   3.57450812e+02   1.93647470e-03
   3.57451301e+02   4.56880545e-03
   3.57451789e+02   1.75216980e-03
   3.57452277e+02  -1.17209472e-03
   3.57452766e+02  -2.88305781e-03
   3.57453254e+02  -5.78581775e-03
   3.57453742e+02  -4.01976565e-03
   3.57454231e+02   1.05655123e-03
   3.57454719e+02   2.27015722e-03
   3.57455207e+02   6.28553855e-04
   3.57455695e+02   2.10491824e-03
   3.57456184e+02   3.18694673e-03
   3.57456672e+02  -3.48359463e-04
   3.57457160e+02  -1.95217622e-03
   3.57457649e+02   5.94191137e-04
   3.57458137e+02   1.02391909e-03
   3.57458625e+02  -1.21610309e-03
   3.57459114e+02  -2.52684765e-03
   3.57459602e+02  -2.59761210e-03
   3.57460090e+02  -3.45007610e-03
   3.57460579e+02  -3.95229133e-03
   3.57461067e+02  -2.34330446e-03
   3.57461555e+02   3.36297147e-04
   3.57462043e+02   3.28569137e-03
   3.57462532e+02   3.53027973e-03
   3.57463020e+02   6.94646325e-04
   3.57463508e+02  -3.22284317e-03
   3.57463997e+02  -2.99727684e-03
   3.57464485e+02   7.81751820e-04
   3.57464973e+02   3.54731223e-03
   3.57465462e+02   3.06667294e-03
   3.57465950e+02   1.66112918e-03
   3.57466438e+02   1.12753036e-03
   3.57466927e+02   7.50158506e-04
   3.57467415e+02   2.10027746e-03
   3.57467903e+02   4.12812037e-03
   3.57468391e+02   3.01220757e-03
   3.57468880e+02   8.94633005e-04
   3.57469368e+02  -6.45554042e-04
   3.57469856e+02  -1.07315334e-03
   3.57470345e+02  -2.40442646e-03
   3.57470833e+02  -3.71740549e-03
   3.57471321e+02  -4.40234598e-03
   3.57471810e+02  -4.05233353e-03
   3.57472298e+02  -3.38487071e-03
   3.57472786e+02  -2.22659181e-03
   3.57473275e+02   1.45767874e-03
   3.57473763e+02   2.17290805e-03
   3.57474251e+02  -7.08366395e-04
   3.57474739e+02   4.07488144e-04
   3.57475228e+02   2.50722724e-03
   3.57475716e+02   1.29579974e-03
   3.57476204e+02   9.69059940e-04
   3.57476693e+02   1.16347056e-03
   3.57477181e+02   2.48393952e-03
   3.57477669e+02   3.73983732e-03
   3.57478158e+02   2.83860788e-03
   3.57478646e+02   4.26434167e-03
   3.57479134e+02   3.88625753e-03
   3.57479623e+02  -2.55695963e-03
   3.57480111e+02  -4.74112900e-03
   3.57480599e+02  -1.24207363e-04
   3.57481087e+02   2.69152620e-03
   3.57481576e+02   4.90408018e-03
   3.57482064e+02   6.31959317e-03
   3.57482552e+02   4.23343154e-03
   3.57483041e+02   2.70864810e-03
   3.57483529e+02   8.96281854e-05
   3.57484017e+02  -3.24338023e-03
   3.57484506e+02  -2.12207553e-03
   3.57484994e+02  -5.18722110e-04
   3.57485482e+02  -2.89748725e-03
   3.57485971e+02  -4.08350863e-03
   3.57486459e+02  -2.05679075e-03
   3.57486947e+02  -2.33994680e-03
   3.57487436e+02  -6.65480111e-05
   3.57487924e+02   1.82314857e-03
   3.57488412e+02  -1.60268915e-04
   3.57488900e+02  -5.69627038e-04
   3.57489389e+02  -1.64517178e-03
   3.57489877e+02  -1.23475993e-03
   3.57490365e+02  -8.30544974e-04
   3.57490854e+02  -1.86101906e-03
   3.57491342e+02  -1.70747036e-04
   3.57491830e+02   7.31521286e-04
   3.57492319e+02  -2.73065671e-04
   3.57492807e+02   9.66640131e-04
   3.57493295e+02   1.43326621e-03
   3.57493784e+02  -6.58682606e-04
   3.57494272e+02  -2.21438546e-04
   3.57494760e+02   2.71075894e-03
   3.57495248e+02   1.40279368e-03
   3.57495737e+02  -2.03444832e-03
   3.57496225e+02  -2.03554076e-03
   3.57496713e+02  -1.07904803e-03
   3.57497202e+02  -3.28638544e-03
   3.57497690e+02  -5.53957699e-03
   3.57498178e+02  -5.21749863e-03
   3.57498667e+02  -4.43412224e-03
   3.57499155e+02  -4.13851347e-03
   3.57499643e+02  -1.79323310e-03
   3.57500132e+02   1.06690126e-03
   3.57500620e+02   1.50966388e-03
   3.57501108e+02   5.25211624e-04
   3.57501596e+02   2.33885279e-04
   3.57502085e+02   1.28514902e-03
   3.57502573e+02   1.74983905e-03
   3.57503061e+02   1.97118707e-03
   3.57503550e+02   2.21319543e-03
   3.57504038e+02  -5.57216008e-05
   3.57504526e+02  -1.29696238e-03
   3.57505015e+02  -2.14611576e-03
   3.57505503e+02  -3.41659674e-04
   3.57505991e+02   3.43786459e-03
   3.57506480e+02   3.44949891e-03
   3.57506968e+02   3.64249526e-03
   3.57507456e+02   5.34729334e-03
   3.57507944e+02   4.56229923e-03
   3.57508433e+02   1.52346632e-03
   3.57508921e+02   8.35547457e-04
   3.57509409e+02   1.58322672e-03
   3.57509898e+02   1.46607927e-03
   3.57510386e+02   2.06608628e-03
   3.57510874e+02   2.34262948e-03
   3.57511363e+02   2.48919032e-03
   3.57511851e+02   7.11822882e-04
   3.57512339e+02   1.09520135e-03
   3.57512828e+02   2.36742548e-03
   3.57513316e+02  -7.06494495e-04
   3.57513804e+02  -1.64178293e-03
   3.57514292e+02   5.99769875e-04
   3.57514781e+02   3.55205778e-03
   3.57515269e+02   5.64550376e-03
   3.57515757e+02   5.12819085e-03
   3.57516246e+02   3.12899798e-03
   3.57516734e+02  -1.26737330e-04
   3.57517222e+02  -1.05812878e-03
   3.57517711e+02   1.04376406e-03
   3.57518199e+02   3.93279595e-03
   3.57518687e+02   4.58585052e-03
   3.57519176e+02   2.71470402e-03
   3.57519664e+02   9.04868881e-04
   3.57520152e+02   9.87358624e-04
   3.57520640e+02   3.77494236e-03
   3.57521129e+02   5.08753117e-03
   3.57521617e+02   2.65137502e-03
   3.57522105e+02   5.53503283e-04
   3.57522594e+02  -1.58899778e-03
   3.57523082e+02  -3.55756585e-03
   3.57523570e+02  -1.48971379e-03
   3.57524059e+02  -1.81738939e-03
   3.57524547e+02  -3.47071746e-03
   3.57525035e+02  -2.96130450e-03
   3.57525524e+02  -4.02260432e-03
   3.57526012e+02  -2.99199019e-03
   3.57526500e+02   3.63858737e-04
   3.57526989e+02   4.39248164e-04
   3.57527477e+02  -2.45750905e-03
   3.57527965e+02  -4.88150446e-03
   3.57528453e+02  -4.69153235e-03
   3.57528942e+02  -3.06642940e-03
   3.57529430e+02  -1.75872969e-03
   3.57529918e+02  -3.66110820e-03
   3.57530407e+02  -5.95971150e-03
   3.57530895e+02  -4.46984544e-03
   3.57531383e+02  -2.73668859e-03
   3.57531872e+02  -1.19562924e-03
   3.57532360e+02   1.88690668e-03
   3.57532848e+02   2.58660200e-03
   3.57533337e+02   1.69029605e-04
   3.57533825e+02  -2.05304567e-03
   3.57534313e+02  -1.55497272e-03
   3.57534801e+02   1.57385820e-03
   3.57535290e+02   3.17988102e-03
   3.57535778e+02   3.93768493e-03
   3.57536266e+02   3.86913284e-03
   3.57536755e+02   8.37258121e-04
   3.57537243e+02   9.53603128e-04
   3.57537731e+02   1.85989542e-03
   3.57538220e+02   6.33507152e-04
   3.57538708e+02   2.18862551e-03
   3.57539196e+02   2.89491098e-03
   3.57539685e+02   9.88148735e-04
   3.57540173e+02   2.16382882e-03
   3.57540661e+02   3.16166761e-03
   3.57541149e+02   1.17217714e-03
   3.57541638e+02  -1.06143183e-03
   3.57542126e+02  -3.58381937e-03
   3.57542614e+02  -3.94335529e-03
   3.57543103e+02  -1.42277218e-03
   3.57543591e+02  -2.15303036e-04
   3.57544079e+02  -5.24627336e-04
   3.57544568e+02  -2.79029156e-03
   3.57545056e+02  -1.97274168e-03
   3.57545544e+02  -1.60399941e-05
   3.57546033e+02  -1.26993415e-04
   3.57546521e+02   1.15650073e-04
   3.57547009e+02   1.04145647e-03
   3.57547497e+02   7.81516836e-04
   3.57547986e+02  -1.42814894e-03
   3.57548474e+02  -2.61765765e-03
   3.57548962e+02  -1.16848713e-03
   3.57549451e+02  -2.46329652e-03
   3.57549939e+02  -5.10521233e-03
   3.57550427e+02  -3.94424889e-03
   3.57550916e+02  -1.29938696e-03
   3.57551404e+02  -1.50291628e-04
   3.57551892e+02  -8.83000263e-04
   3.57552381e+02  -2.50141649e-03
   3.57552869e+02   1.18804470e-04
   3.57553357e+02   2.48625502e-03
   3.57553845e+02  -4.45330096e-03
   3.57554334e+02  -8.42956919e-03
   3.57554822e+02  -3.44074145e-03
   3.57555310e+02  -2.45949277e-03
   3.57555799e+02  -3.58062238e-03
   3.57556287e+02  -1.96413160e-03
   3.57556775e+02  -4.95158311e-04
   3.57557264e+02   7.97556655e-04
   3.57557752e+02   3.18319956e-03
   3.57558240e+02   4.72720573e-03
   3.57558729e+02   2.64769723e-03
   3.57559217e+02  -1.15681835e-03
   3.57559705e+02  -5.60085522e-03
   3.57560193e+02  -6.34946767e-03
   3.57560682e+02  -1.87172915e-03
   3.57561170e+02  -1.05194235e-03
   3.57561658e+02  -2.50012963e-03
   3.57562147e+02  -1.35200418e-04
   3.57562635e+02   9.42460552e-04
   3.57563123e+02  -2.54896062e-04
   3.57563612e+02  -1.60949084e-03
   3.57564100e+02  -1.26880198e-03
   3.57564588e+02   2.11013597e-03
   3.57565077e+02   3.71562899e-03
   3.57565565e+02   3.97276180e-03
   3.57566053e+02   4.70769918e-03
   3.57566542e+02   2.33239075e-03
   3.57567030e+02   2.66056042e-04
   3.57567518e+02   1.69839570e-03
   3.57568006e+02   1.10837095e-03
   3.57568495e+02  -4.66967118e-04
   3.57568983e+02   1.24745595e-03
   3.57569471e+02   3.25471233e-03
   3.57569960e+02   2.04687472e-03
   3.57570448e+02  -1.85409700e-03
   3.57570936e+02   2.05612421e-04
   3.57571425e+02   4.57389653e-03
   3.57571913e+02   3.21737048e-03
   3.57572401e+02  -1.18709926e-03
   3.57572890e+02  -2.00076774e-03
   3.57573378e+02   1.63156562e-03
   3.57573866e+02   2.73175002e-03
   3.57574354e+02  -1.09975482e-03
   3.57574843e+02  -3.09241959e-03
   3.57575331e+02   4.46261518e-04
   3.57575819e+02   2.87555042e-03
   3.57576308e+02   1.06365210e-03
   3.57576796e+02  -1.75410227e-04
   3.57577284e+02  -2.12275074e-03
   3.57577773e+02  -3.78377782e-03
   3.57578261e+02  -1.92449987e-03
   3.57578749e+02   8.49922828e-04
   3.57579238e+02   2.18614656e-03
   3.57579726e+02   7.47623388e-04
   3.57580214e+02  -1.52894307e-03
   3.57580702e+02  -2.81757559e-04
   3.57581191e+02   1.08197588e-03
   3.57581679e+02   1.15761755e-03
   3.57582167e+02   2.44733342e-03
   3.57582656e+02   3.03186197e-03
   3.57583144e+02   5.93943172e-04
   3.57583632e+02  -8.29495781e-04
   3.57584121e+02  -4.00272926e-04
   3.57584609e+02  -1.21070771e-03
   3.57585097e+02   1.70382365e-04
   3.57585586e+02   1.64826284e-03
   3.57586074e+02   1.51101861e-03
   3.57586562e+02   2.02431413e-03
   3.57587050e+02   1.27565779e-03
   3.57587539e+02  -1.03250013e-05
   3.57588027e+02  -1.98207889e-03
   3.57588515e+02  -3.85490246e-03
   3.57589004e+02  -3.64416908e-03
   3.57589492e+02  -1.97055819e-03
   3.57589980e+02   1.56052189e-03
   3.57590469e+02   2.38068169e-03
   3.57590957e+02   3.20988405e-03
   3.57591445e+02   3.22508276e-03
   3.57591934e+02   1.15607263e-05
   3.57592422e+02  -5.39496483e-04
   3.57592910e+02  -1.13907922e-03
   3.57593398e+02  -1.78647065e-03
   3.57593887e+02  -1.23770221e-03
   3.57594375e+02  -6.27468748e-04
   3.57594863e+02  -6.04261062e-04
   3.57595352e+02  -1.35687727e-03
   3.57595840e+02  -1.00930606e-03
   3.57596328e+02   1.28542644e-03
   3.57596817e+02   1.22795010e-03
   3.57597305e+02   2.63473630e-04
   3.57597793e+02   3.54143931e-03
   3.57598282e+02   6.47526700e-03
   3.57598770e+02   6.48425194e-03
   3.57599258e+02   4.99331905e-03
   3.57599746e+02   1.02680502e-03
   3.57600235e+02  -3.42112221e-03
   3.57600723e+02  -4.17888397e-03
   3.57601211e+02  -2.77803745e-03
   3.57601700e+02   3.39310849e-04
   3.57602188e+02   1.98583538e-03
   3.57602676e+02   1.59478001e-03
   3.57603165e+02   3.86480661e-03
   3.57603653e+02   2.98460131e-03
   3.57604141e+02  -3.96040792e-04
   3.57604630e+02  -7.06928957e-04
   3.57605118e+02   2.36435430e-04
   3.57605606e+02  -1.12588008e-04
   3.57606095e+02   7.49641913e-04
   3.57606583e+02   1.41080847e-04
   3.57607071e+02   1.48880121e-04
   3.57607559e+02   2.09908513e-03
   3.57608048e+02   1.62729470e-03
   3.57608536e+02   1.11562794e-03
   3.57609024e+02   2.15909164e-03
   3.57609513e+02   3.22595495e-03
   3.57610001e+02   4.95881168e-03
   3.57610489e+02   4.29052394e-03
   3.57610978e+02   4.10199445e-03
   3.57611466e+02   2.11524079e-03
   3.57611954e+02  -5.29033314e-05
   3.57612443e+02   1.86427298e-03
   3.57612931e+02   5.09715592e-03
   3.57613419e+02   3.73401446e-03
   3.57613907e+02  -2.03513220e-04
   3.57614396e+02   5.63589623e-04
   3.57614884e+02   2.96607357e-03
   3.57615372e+02   2.02697259e-03
   3.57615861e+02  -1.02233689e-03
   3.57616349e+02  -2.84541002e-03
   3.57616837e+02  -5.02802990e-03
   3.57617326e+02  -7.94478413e-03
   3.57617814e+02  -5.75552043e-03
   3.57618302e+02  -1.85362576e-03
   3.57618791e+02  -2.31302995e-03
   3.57619279e+02  -3.85460025e-03
   3.57619767e+02  -1.26232870e-03
   3.57620255e+02   1.65061012e-03
   3.57620744e+02   2.20394484e-03
   3.57621232e+02   1.97226182e-03
   3.57621720e+02   1.15508912e-03
   3.57622209e+02  -3.40999407e-03
   3.57622697e+02  -8.05338006e-03
   3.57623185e+02  -6.71827327e-03
   3.57623674e+02  -4.17657057e-03
   3.57624162e+02  -3.28913215e-03
   3.57624650e+02  -1.07679900e-03
   3.57625139e+02   7.57352624e-04
   3.57625627e+02  -8.68848118e-04
   3.57626115e+02  -5.49377548e-03
   3.57626603e+02  -4.75799059e-03
   3.57627092e+02  -1.87264872e-03
   3.57627580e+02  -3.33937164e-03
   3.57628068e+02  -1.88217149e-03
   3.57628557e+02   2.30039260e-03
   3.57629045e+02   5.92532742e-04
   3.57629533e+02  -2.61004712e-03
   3.57630022e+02   1.85591553e-03
   3.57630510e+02   2.80518201e-03
   3.57630998e+02  -3.37476865e-03
   3.57631487e+02  -4.97433264e-03
   3.57631975e+02  -3.55215510e-03
   3.57632463e+02  -4.40847129e-03
   3.57632951e+02  -5.24283387e-03
   3.57633440e+02  -4.03190171e-03
   3.57633928e+02  -2.50511896e-03
   3.57634416e+02  -1.17904623e-03
   3.57634905e+02   1.03239145e-03
   3.57635393e+02   4.73253243e-03
   3.57635881e+02   2.98289140e-03
   3.57636370e+02  -9.38308192e-04
   3.57636858e+02   2.41998327e-03
   3.57637346e+02   6.69479137e-03
   3.57637835e+02   7.39704352e-03
   3.57638323e+02   5.92089910e-03
   3.57638811e+02   4.52311523e-03
   3.57639299e+02   5.75921452e-03
   3.57639788e+02   6.30428595e-03
   3.57640276e+02   3.82786384e-05
   3.57640764e+02  -4.48589772e-03
   3.57641253e+02  -2.95375520e-03
   3.57641741e+02   1.01993547e-03
   3.57642229e+02   7.14346388e-05
   3.57642718e+02  -3.84961907e-03
   3.57643206e+02  -3.04227020e-03
   3.57643694e+02   8.51410558e-04
   3.57644183e+02   2.99477438e-03
   3.57644671e+02   5.64293377e-03
   3.57645159e+02   6.15374465e-03
   3.57645648e+02  -6.01355743e-04
   3.57646136e+02  -7.78612448e-03
   3.57646624e+02  -8.89443792e-03
   3.57647112e+02  -5.58101712e-03
   3.57647601e+02  -3.97665752e-03
   3.57648089e+02  -2.47317739e-03
   3.57648577e+02   7.63919437e-03
   3.57649066e+02   1.41666038e-02
   3.57649554e+02   5.39448578e-03
   3.57650042e+02  -1.84921885e-03
   3.57650531e+02   1.44798995e-03
   3.57651019e+02   1.74518349e-03
   3.57651507e+02  -2.63661030e-04
   3.57651996e+02   1.57007203e-03
   3.57652484e+02   2.37800227e-03
   3.57652972e+02   2.46329792e-03
   3.57653460e+02   3.77375493e-03
   3.57653949e+02   1.76166906e-03
   3.57654437e+02  -2.28387676e-03
   3.57654925e+02  -1.02886709e-03
   3.57655414e+02  -9.63367231e-04
   3.57655902e+02  -5.20091178e-03
   3.57656390e+02  -8.19370151e-03
   3.57656879e+02  -7.12385261e-03
   3.57657367e+02  -2.09374470e-03
   3.57657855e+02   3.86546645e-03
   3.57658344e+02   5.89602580e-03
   3.57658832e+02   1.76072400e-03
   3.57659320e+02  -1.15442243e-04
   3.57659808e+02   6.76889787e-04
   3.57660297e+02  -2.15876428e-03
   3.57660785e+02  -2.92357267e-03
   3.57661273e+02   1.65447895e-03
   3.57661762e+02  -8.63613168e-05
   3.57662250e+02  -3.45293549e-03
   3.57662738e+02  -6.93674432e-04
   3.57663227e+02   3.10848211e-03
   3.57663715e+02   2.45453394e-03
   3.57664203e+02   2.97677587e-03
   3.57664692e+02   2.67791096e-03
   3.57665180e+02   2.08351012e-05
   3.57665668e+02  -4.28624265e-03
   3.57666156e+02  -7.97287747e-03
   3.57666645e+02  -4.86373855e-03
   3.57667133e+02  -1.45494740e-03
   3.57667621e+02  -2.17590923e-03
   3.57668110e+02  -2.42459890e-03
   3.57668598e+02  -2.64506161e-05
   3.57669086e+02   1.25923555e-03
   3.57669575e+02   1.60868315e-03
   3.57670063e+02   2.61443038e-03
   3.57670551e+02   2.21508066e-03
   3.57671040e+02   5.57017222e-04
   3.57671528e+02  -1.52189960e-03
   3.57672016e+02  -2.02787435e-03
   3.57672504e+02  -2.07548821e-03
   3.57672993e+02  -3.78560345e-03
   3.57673481e+02  -3.93378967e-03
   3.57673969e+02  -2.35503144e-03
   3.57674458e+02  -8.61257664e-04
   3.57674946e+02  -1.49596206e-04
   3.57675434e+02  -1.42740799e-04
   3.57675923e+02   8.41987843e-04
   3.57676411e+02   1.80313806e-03
   3.57676899e+02   5.49075601e-04
   3.57677388e+02  -2.98469234e-03
   3.57677876e+02  -6.24580134e-04
   3.57678364e+02   5.08879172e-03
   3.57678852e+02   2.92357546e-03
   3.57679341e+02  -3.33397533e-03
   3.57679829e+02  -5.00426348e-03
   3.57680317e+02  -3.42905894e-03
   3.57680806e+02  -2.39591254e-03
   3.57681294e+02  -1.50747038e-03
   3.57681782e+02   1.72590662e-03
   3.57682271e+02   4.40754602e-03
   3.57682759e+02   4.45008371e-03
   3.57683247e+02   5.33146551e-03
   3.57683736e+02   8.34334176e-03
   3.57684224e+02   8.71325191e-03
   3.57684712e+02   3.90068348e-03
   3.57685200e+02  -1.96367419e-05
   3.57685689e+02  -1.04649737e-03
   3.57686177e+02  -1.74075586e-03
   3.57686665e+02  -6.07844326e-04
   3.57687154e+02  -9.49166249e-04
   3.57687642e+02  -1.43738114e-04
   3.57688130e+02   2.65521929e-03
   3.57688619e+02   2.37628445e-03
   3.57689107e+02   2.64396612e-03
   3.57689595e+02   5.51034231e-03
   3.57690084e+02   4.19929717e-03
   3.57690572e+02   1.82681787e-03
   3.57691060e+02   2.48937123e-03
   3.57691549e+02   9.41176782e-04
   3.57692037e+02  -2.04981514e-03
   3.57692525e+02  -2.48623872e-03
   3.57693013e+02   1.97622967e-06
   3.57693502e+02   6.68773646e-05
   3.57693990e+02  -2.95713684e-03
   3.57694478e+02  -2.64065200e-03
   3.57694967e+02  -7.29492458e-04
   3.57695455e+02   2.12969072e-03
   3.57695943e+02   2.95680459e-03
   3.57696432e+02  -1.02903880e-03
   3.57696920e+02  -3.63759371e-03
   3.57697408e+02  -4.56653675e-03
   3.57697897e+02  -5.70607418e-03
   3.57698385e+02  -7.65622873e-03
   3.57698873e+02  -8.74553341e-03
   3.57699361e+02  -4.81141265e-03
   3.57699850e+02   2.75194674e-04
   3.57700338e+02   1.37616228e-03
   3.57700826e+02   4.88597201e-04
   3.57701315e+02  -2.22057453e-03
   3.57701803e+02  -5.93382400e-03
   3.57702291e+02  -5.64732961e-03
   3.57702780e+02  -3.23764654e-03
   3.57703268e+02  -2.32784776e-03
   3.57703756e+02  -1.33058685e-03
   3.57704245e+02  -1.36800425e-03
   3.57704733e+02  -3.74708674e-03
   3.57705221e+02  -6.57847477e-03
   3.57705709e+02  -3.41445883e-03
   3.57706198e+02   1.99062889e-03
   3.57706686e+02   9.79807111e-04
   3.57707174e+02  -5.40796947e-03
   3.57707663e+02  -9.00934171e-03
   3.57708151e+02  -5.16983774e-03
   3.57708639e+02  -1.14633515e-03
   3.57709128e+02  -1.16192747e-03
   3.57709616e+02  -3.96382483e-03
   3.57710104e+02  -7.10613606e-03
   3.57710593e+02  -6.39170874e-03
   3.57711081e+02  -1.24287256e-03
   3.57711569e+02   1.59154169e-03
   3.57712057e+02  -2.45497213e-04
   3.57712546e+02   6.23779022e-04
   3.57713034e+02   3.46138934e-03
   3.57713522e+02   2.08875001e-03
   3.57714011e+02  -2.38236808e-03
   3.57714499e+02  -2.56730453e-03
   3.57714987e+02   7.78533111e-04
   3.57715476e+02   1.38126547e-03
   3.57715964e+02   7.05233135e-04
   3.57716452e+02  -8.20460089e-04
   3.57716941e+02  -1.15475385e-03
   3.57717429e+02  -5.70643402e-04
   3.57717917e+02   3.31892923e-04
   3.57718405e+02   7.68553000e-04
   3.57718894e+02  -8.20273010e-04
   3.57719382e+02  -9.14976190e-05
   3.57719870e+02   1.43563666e-03
   3.57720359e+02   1.76905224e-03
   3.57720847e+02   1.04788411e-03
   3.57721335e+02  -2.18062708e-03
   3.57721824e+02  -3.98191623e-03
   3.57722312e+02  -3.22302687e-04
   3.57722800e+02   4.49609011e-03
   3.57723289e+02   5.10234805e-03
   3.57723777e+02   2.89674732e-03
   3.57724265e+02   3.21506115e-04
   3.57724753e+02   5.65596856e-05
   3.57725242e+02   2.71894154e-03
   3.57725730e+02   3.18957516e-03
   3.57726218e+02  -1.45938282e-03
   3.57726707e+02  -5.78846363e-03
   3.57727195e+02  -6.85410853e-03
   3.57727683e+02  -6.29798742e-03
   3.57728172e+02  -3.64320376e-03
   3.57728660e+02  -9.32376424e-04
   3.57729148e+02  -3.39662365e-04
   3.57729637e+02   1.19047880e-03
   3.57730125e+02   3.89302126e-03
   3.57730613e+02   4.62475047e-03
   3.57731102e+02   3.77936009e-03
   3.57731590e+02   1.82904874e-03
   3.57732078e+02   6.48143541e-05
   3.57732566e+02  -1.81576586e-03
   3.57733055e+02  -2.51859892e-03
   3.57733543e+02   4.85772936e-04
   3.57734031e+02   4.90039121e-03
   3.57734520e+02   2.87427870e-03
   3.57735008e+02  -2.20799004e-03
   3.57735496e+02  -1.43266993e-03
   3.57735985e+02  -1.14804898e-04
   3.57736473e+02  -6.04706700e-04
   3.57736961e+02  -1.90386176e-03
   3.57737450e+02  -3.94545821e-03
   3.57737938e+02  -2.35333783e-03
   3.57738426e+02  -6.86844985e-04
   3.57738914e+02  -1.49186223e-03
   3.57739403e+02  -3.93844210e-03
   3.57739891e+02  -4.88180947e-03
   3.57740379e+02  -3.69032077e-03
   3.57740868e+02  -1.43356656e-03
   3.57741356e+02   2.03671143e-03
   3.57741844e+02   2.75560329e-03
   3.57742333e+02  -5.38009976e-04
   3.57742821e+02  -1.49409124e-03
   3.57743309e+02   7.37268303e-04
   3.57743798e+02   2.51369522e-04
   3.57744286e+02  -8.69428506e-04
   3.57744774e+02   5.30186080e-05
   3.57745262e+02   1.92499301e-05
   3.57745751e+02  -4.86267527e-04
   3.57746239e+02   1.23116036e-03
   3.57746727e+02   3.30004143e-03
   3.57747216e+02   2.99360603e-03
   3.57747704e+02   9.01679799e-04
   3.57748192e+02  -1.46255107e-03
   3.57748681e+02  -1.32157886e-03
   3.57749169e+02   1.89800689e-03
   3.57749657e+02   2.18133372e-03
   3.57750146e+02   8.35802639e-04
   3.57750634e+02   9.82654747e-04
   3.57751122e+02   2.27189763e-03
   3.57751610e+02   5.55892987e-03
   3.57752099e+02   4.47598379e-03
   3.57752587e+02   3.69596746e-05
   3.57753075e+02  -1.99584314e-03
   3.57753564e+02  -3.20500252e-03
   3.57754052e+02  -4.96092997e-03
   3.57754540e+02  -3.65414307e-03
   3.57755029e+02   2.53901544e-05
   3.57755517e+02   1.34124566e-04
   3.57756005e+02  -1.65734463e-03
   3.57756494e+02  -8.89516901e-04
   3.57756982e+02   6.43265303e-05
   3.57757470e+02   1.03934377e-03
   3.57757958e+02   5.63484558e-04
   3.57758447e+02  -1.91337953e-04
   3.57758935e+02   5.55930950e-04
   3.57759423e+02   1.13231840e-03
   3.57759912e+02   8.49502161e-04
   3.57760400e+02   3.73598625e-04
   3.57760888e+02   1.31093329e-04
   3.57761377e+02  -3.42493597e-03
   3.57761865e+02  -5.84303075e-03
   3.57762353e+02  -2.38957559e-03
   3.57762842e+02   5.52760961e-04
   3.57763330e+02   3.69025336e-04
   3.57763818e+02  -2.33792607e-03
   3.57764306e+02  -4.03657509e-03
   3.57764795e+02  -1.46006257e-03
   3.57765283e+02   6.73919334e-04
   3.57765771e+02  -6.49684283e-04
   3.57766260e+02  -3.22524016e-03
   3.57766748e+02  -4.25094226e-03
   3.57767236e+02  -2.71295127e-03
   3.57767725e+02  -1.19122874e-03
   3.57768213e+02  -2.18459390e-04
   3.57768701e+02  -4.04084267e-06
   3.57769190e+02  -2.88376352e-03
   3.57769678e+02  -5.95370214e-03
   3.57770166e+02  -3.65339732e-03
   3.57770655e+02  -4.58760740e-04
   3.57771143e+02  -1.67174696e-03
   3.57771631e+02  -2.29771249e-03
   3.57772119e+02  -9.56689983e-05
   3.57772608e+02   3.33018019e-03
   3.57773096e+02   4.79237828e-03
   3.57773584e+02   1.93066499e-03
   3.57774073e+02  -3.78630677e-04
   3.57774561e+02   1.23608182e-03
   3.57775049e+02   4.52157576e-03
   3.57775538e+02   6.98050950e-03
   3.57776026e+02   6.99973572e-03
   3.57776514e+02   5.44964196e-03
   3.57777003e+02   3.34729883e-03
   3.57777491e+02   1.44222449e-03
   3.57777979e+02   2.07864214e-03
   3.57778467e+02   3.36253527e-03
   3.57778956e+02   3.45981377e-03
   3.57779444e+02   2.11779773e-03
   3.57779932e+02   2.13149190e-03
   3.57780421e+02   2.47234013e-03
   3.57780909e+02  -7.22169119e-04
   3.57781397e+02  -1.66023045e-03
   3.57781886e+02   2.26638978e-03
   3.57782374e+02   2.90919980e-03
   3.57782862e+02  -2.44898460e-04
   3.57783351e+02  -1.29254186e-03
   3.57783839e+02  -7.99016212e-04
   3.57784327e+02  -5.39627392e-04
   3.57784815e+02   1.41057989e-03
   3.57785304e+02   1.99222658e-03
   3.57785792e+02  -1.20206247e-03
   3.57786280e+02  -3.26591777e-03
   3.57786769e+02  -2.23262375e-03
   3.57787257e+02  -1.76868489e-04
   3.57787745e+02   2.14217696e-03
   3.57788234e+02   5.78354375e-05
   3.57788722e+02  -2.19119457e-03
   3.57789210e+02  -1.05597207e-03
   3.57789699e+02  -2.73862667e-03
   3.57790187e+02  -4.17216495e-03
   3.57790675e+02   5.17185754e-06
   3.57791163e+02   3.50036356e-03
   3.57791652e+02   3.84985539e-03
   3.57792140e+02   1.85800111e-03
   3.57792628e+02  -4.33875568e-04
   3.57793117e+02   1.47604776e-04
   3.57793605e+02   2.99031544e-03
   3.57794093e+02   2.64261686e-03
   3.57794582e+02  -2.60087173e-03
   3.57795070e+02  -4.53736261e-03
   3.57795558e+02  -1.47451053e-03
   3.57796047e+02  -4.62526514e-04
   3.57796535e+02  -2.06734100e-03
   3.57797023e+02  -3.31258820e-03
   3.57797511e+02  -2.29715183e-03
   3.57798000e+02  -1.29716832e-03
   3.57798488e+02  -1.51144376e-03
   3.57798976e+02  -1.82225005e-04
   3.57799465e+02   1.45556568e-03
   3.57799953e+02   1.20280287e-03
   3.57800441e+02   2.45142682e-03
   3.57800930e+02   3.57372849e-03
   3.57801418e+02   4.08767117e-03
   3.57801906e+02   3.27791227e-03
   3.57802395e+02  -7.52781401e-04
   3.57802883e+02  -2.77240435e-03
   3.57803371e+02  -7.09997723e-04
   3.57803859e+02   1.69230078e-03
   3.57804348e+02   1.93080737e-03
   3.57804836e+02   2.04958254e-04
   3.57805324e+02  -1.15407500e-04
   3.57805813e+02  -3.81003600e-04
   3.57806301e+02  -1.87032053e-03
   3.57806789e+02  -3.41502624e-03
   3.57807278e+02  -5.24602411e-03
   3.57807766e+02  -4.74610832e-03
   3.57808254e+02  -1.35316583e-03
   3.57808743e+02   3.45309381e-04
   3.57809231e+02   5.17939974e-04
   3.57809719e+02  -1.57028204e-03
   3.57810208e+02  -2.53539439e-03
   3.57810696e+02  -4.52388776e-04
   3.57811184e+02   1.56826791e-04
   3.57811672e+02  -2.32125469e-03
   3.57812161e+02  -5.48516260e-03
   3.57812649e+02  -4.37786290e-03
   3.57813137e+02  -9.55489406e-04
   3.57813626e+02   1.87229234e-04
   3.57814114e+02   9.69056448e-04
   3.57814602e+02  -1.54233305e-03
   3.57815091e+02  -4.29698545e-03
   3.57815579e+02  -3.71096027e-03
   3.57816067e+02  -2.65400205e-03
   3.57816556e+02  -2.48606806e-03
   3.57817044e+02  -1.96722662e-03
   3.57817532e+02   1.52560335e-03
   3.57818020e+02   4.59103659e-03
   3.57818509e+02   3.33918468e-03
   3.57818997e+02  -7.80707458e-04
   3.57819485e+02  -3.56440269e-03
   3.57819974e+02  -8.55253369e-04
   3.57820462e+02   3.77659476e-03
   3.57820950e+02   3.63332871e-03
   3.57821439e+02   2.60672672e-03
   3.57821927e+02   3.74272419e-03
   3.57822415e+02   1.97790703e-03
   3.57822904e+02  -4.69196268e-04
   3.57823392e+02   2.73852900e-04
   3.57823880e+02   2.81422725e-03
   3.57824368e+02   4.10767691e-03
   3.57824857e+02   6.39905222e-04
   3.57825345e+02  -1.91919168e-03
   3.57825833e+02  -7.21024466e-04
   3.57826322e+02  -7.33516819e-04
   3.57826810e+02  -4.28924541e-04
   3.57827298e+02  -1.05303014e-03
   3.57827787e+02  -3.29148956e-03
   3.57828275e+02  -2.17986666e-03
   3.57828763e+02   6.78383978e-04
   3.57829252e+02   2.38236506e-03
   3.57829740e+02   1.73881405e-03
   3.57830228e+02   1.22086983e-03
   3.57830716e+02   8.74772086e-04
   3.57831205e+02  -1.14848511e-03
   3.57831693e+02  -1.26385665e-03
   3.57832181e+02  -4.64385812e-04
   3.57832670e+02   6.43494539e-04
   3.57833158e+02   1.91865012e-03
   3.57833646e+02   2.36738729e-03
   3.57834135e+02   2.68005673e-03
   3.57834623e+02   1.35953503e-03
   3.57835111e+02  -5.46121883e-05
   3.57835600e+02   5.57095627e-04
   3.57836088e+02   3.17672791e-04
   3.57836576e+02  -1.76295429e-03
   3.57837064e+02   1.14403630e-03
   3.57837553e+02   2.86169001e-03
   3.57838041e+02   1.44338526e-03
   3.57838529e+02  -1.16627524e-03
   3.57839018e+02  -1.37617462e-03
   3.57839506e+02   5.03518444e-04
   3.57839994e+02  -6.48108544e-04
   3.57840483e+02  -2.72861659e-03
   3.57840971e+02   2.98887608e-04
   3.57841459e+02   3.57478554e-03
   3.57841948e+02   2.57287477e-03
   3.57842436e+02  -5.50934696e-04
   3.57842924e+02  -1.16644450e-03
   3.57843412e+02   6.08876930e-04
   3.57843901e+02   1.46264595e-03
   3.57844389e+02   1.73493882e-03
   3.57844877e+02   3.20155494e-04
   3.57845366e+02  -1.77467545e-03
   3.57845854e+02  -6.90725807e-04
   3.57846342e+02  -9.28858994e-04
   3.57846831e+02  -3.41449631e-03
   3.57847319e+02  -2.70971516e-03
   3.57847807e+02  -6.24270877e-04
   3.57848296e+02  -2.27414095e-03
   3.57848784e+02  -3.55294952e-03
   3.57849272e+02  -1.89611467e-03
   3.57849761e+02  -9.83214588e-04
   3.57850249e+02  -4.75613662e-04
   3.57850737e+02   7.67632853e-04
   3.57851225e+02   1.10824232e-03
   3.57851714e+02   1.35369331e-03
   3.57852202e+02   3.30960867e-03
   3.57852690e+02   3.17874667e-03
   3.57853179e+02   7.86251563e-04
   3.57853667e+02  -9.61852667e-04
   3.57854155e+02  -2.13892478e-03
   3.57854644e+02  -6.02798827e-04
   3.57855132e+02   3.15378071e-03
   3.57855620e+02   3.36351036e-03
   3.57856109e+02   1.39288232e-03
   3.57856597e+02   2.70904647e-03
   3.57857085e+02   2.41494528e-03
   3.57857573e+02  -1.47160015e-03
   3.57858062e+02  -3.38914548e-03
   3.57858550e+02  -3.42219812e-03
   3.57859038e+02  -2.95774895e-03
   3.57859527e+02  -1.10598921e-03
   3.57860015e+02  -6.44678425e-04
   3.57860503e+02  -6.01224834e-04
   3.57860992e+02   2.03771936e-03
   3.57861480e+02   5.27884485e-03
   3.57861968e+02   2.22359062e-03
   3.57862457e+02  -1.70241180e-03
   3.57862945e+02  -1.37163966e-03
   3.57863433e+02  -2.19913665e-03
   3.57863921e+02  -2.89612357e-03
   3.57864410e+02  -6.33365707e-04
   3.57864898e+02   1.91810145e-03
   3.57865386e+02   1.07087006e-04
   3.57865875e+02  -4.03353758e-03
   3.57866363e+02  -6.55701850e-03
   3.57866851e+02  -4.96637821e-03
   3.57867340e+02  -1.83769455e-03
   3.57867828e+02  -3.11791827e-03
   3.57868316e+02  -3.01016518e-03
   3.57868805e+02  -9.79314558e-04
   3.57869293e+02  -1.12579530e-03
   3.57869781e+02  -1.77223381e-04
   3.57870269e+02   1.56965700e-03
   3.57870758e+02   2.34790309e-03
   3.57871246e+02   4.21966652e-05
   3.57871734e+02  -6.22808840e-03
   3.57872223e+02  -9.76554118e-03
   3.57872711e+02  -5.26902545e-03
   3.57873199e+02  -1.38592219e-03
   3.57873688e+02  -9.14474658e-04
   3.57874176e+02   1.35845155e-03
   3.57874664e+02   2.79218168e-03
   3.57875153e+02   8.32094054e-04
   3.57875641e+02   8.02427356e-04
   3.57876129e+02   1.59409756e-04
   3.57876617e+02  -1.84450892e-03
   3.57877106e+02  -2.15613958e-03
   3.57877594e+02  -1.62302831e-03
   3.57878082e+02  -5.77209517e-04
   3.57878571e+02  -1.13572367e-03
   3.57879059e+02  -3.48261977e-03
   3.57879547e+02  -3.93705256e-03
   3.57880036e+02  -2.19453126e-03
   3.57880524e+02  -6.60110440e-04
   3.57881012e+02  -1.19468744e-03
   3.57881501e+02  -4.13898798e-03
   3.57881989e+02  -5.94978221e-03
   3.57882477e+02  -3.10684880e-03
   3.57882965e+02  -1.25857347e-04
   3.57883454e+02   7.89640308e-06
   3.57883942e+02  -4.66221769e-04
   3.57884430e+02   6.08180300e-04
   3.57884919e+02   1.91248464e-03
   3.57885407e+02  -1.16386521e-03
   3.57885895e+02  -3.03326803e-03
   3.57886384e+02   1.32453127e-03
   3.57886872e+02   3.28548462e-03
   3.57887360e+02   1.04458595e-03
   3.57887849e+02  -1.63498451e-03
   3.57888337e+02  -5.41631877e-03
   3.57888825e+02  -3.88408452e-03
   3.57889314e+02   2.03643250e-03
   3.57889802e+02   1.63673377e-03
   3.57890290e+02  -7.83649331e-04
   3.57890778e+02  -1.17090683e-04
   3.57891267e+02  -1.41864497e-04
   3.57891755e+02  -1.44402287e-03
   3.57892243e+02  -1.63352210e-03
   3.57892732e+02  -3.27221421e-03
   3.57893220e+02  -5.75176533e-03
   3.57893708e+02  -2.56996206e-03
   3.57894197e+02   5.00487688e-04
   3.57894685e+02   6.45614578e-04
   3.57895173e+02   7.35484355e-04
   3.57895662e+02   6.38839090e-04
   3.57896150e+02  -5.79072046e-04
   3.57896638e+02  -2.07033969e-04
   3.57897126e+02   8.29449389e-04
   3.57897615e+02   1.46431185e-03
   3.57898103e+02   2.08436488e-03
   3.57898591e+02   7.48378632e-04
   3.57899080e+02  -2.44436483e-03
   3.57899568e+02  -2.48559774e-03
   3.57900056e+02  -2.59442226e-04
   3.57900545e+02  -1.04675863e-04
   3.57901033e+02   5.62410161e-04
   3.57901521e+02   1.16620271e-03
   3.57902010e+02  -2.21425056e-04
   3.57902498e+02   6.97236450e-04
   3.57902986e+02   2.07304419e-03
   3.57903474e+02   9.83689330e-04
   3.57903963e+02   6.89015607e-04
   3.57904451e+02   1.38883025e-03
   3.57904939e+02   2.25381879e-03
   3.57905428e+02   2.69162771e-03
   3.57905916e+02   1.39623764e-03
   3.57906404e+02   1.05582818e-03
   3.57906893e+02   4.45934129e-04
   3.57907381e+02  -1.17653375e-03
   3.57907869e+02  -3.21591762e-03
   3.57908358e+02  -6.01124717e-03
   3.57908846e+02  -3.50171211e-03
   3.57909334e+02   2.04551942e-03
   3.57909822e+02   1.64921372e-03
   3.57910311e+02  -1.07109034e-03
   3.57910799e+02  -2.44490663e-03
   3.57911287e+02  -4.11446346e-03
   3.57911776e+02  -2.74377270e-03
   3.57912264e+02   3.10849142e-03
   3.57912752e+02   3.54846171e-03
   3.57913241e+02  -3.53199895e-04
   3.57913729e+02  -1.23642758e-03
   3.57914217e+02  -3.32507794e-03
   3.57914706e+02  -6.15468575e-03
   3.57915194e+02  -3.84477223e-03
   3.57915682e+02  -5.42938884e-04
   3.57916170e+02  -1.44027791e-03
   3.57916659e+02  -4.02765902e-04
   3.57917147e+02   1.86519814e-03
   3.57917635e+02   2.19836878e-03
   3.57918124e+02   2.41328427e-03
   3.57918612e+02   4.50459891e-04
   3.57919100e+02  -3.20843956e-03
   3.57919589e+02  -3.08044627e-03
   3.57920077e+02   1.21401844e-03
   3.57920565e+02   1.07956980e-03
   3.57921054e+02  -8.87221075e-04
   3.57921542e+02   1.35781325e-03
   3.57922030e+02   8.88308103e-04
   3.57922518e+02  -1.78777112e-03
   3.57923007e+02  -2.73198588e-03
   3.57923495e+02  -3.57625308e-03
   3.57923983e+02  -2.80614547e-03
   3.57924472e+02  -8.56744809e-05
   3.57924960e+02   2.09487812e-03
   3.57925448e+02   3.65101988e-03
   3.57925937e+02   3.16370162e-03
   3.57926425e+02   1.94688048e-03
   3.57926913e+02   3.38258198e-03
   3.57927402e+02   4.95371316e-03
   3.57927890e+02   5.65745914e-03
   3.57928378e+02   6.06761873e-03
   3.57928867e+02   4.08191653e-03
   3.57929355e+02   2.72866775e-04
   3.57929843e+02  -1.97928003e-03
   3.57930331e+02  -5.37095439e-05
   3.57930820e+02   2.32673436e-03
   3.57931308e+02   3.19421850e-03
   3.57931796e+02   1.94707885e-03
   3.57932285e+02  -1.08789955e-03
   3.57932773e+02  -3.76027264e-03
   3.57933261e+02  -3.71867046e-03
   3.57933750e+02  -4.40414296e-04
   3.57934238e+02   7.52099499e-04
   3.57934726e+02   5.59586115e-05
   3.57935215e+02   1.73362147e-03
   3.57935703e+02   2.00382294e-03
   3.57936191e+02   1.36560027e-03
   3.57936679e+02   4.07877332e-03
   3.57937168e+02   6.81833364e-03
   3.57937656e+02   4.16751252e-03
   3.57938144e+02   1.90063519e-03
   3.57938633e+02   2.44586216e-03
   3.57939121e+02   3.10007785e-03
   3.57939609e+02   3.35647794e-03
   3.57940098e+02   1.72677997e-03
   3.57940586e+02   3.66010179e-04
   3.57941074e+02   1.89216412e-03
   3.57941563e+02   2.19924632e-03
   3.57942051e+02   2.97883817e-04
   3.57942539e+02   2.58262921e-03
   3.57943027e+02   6.56389818e-03
   3.57943516e+02   5.83378365e-03
   3.57944004e+02   2.99466331e-03
   3.57944492e+02  -7.36947914e-05
   3.57944981e+02  -2.23324937e-03
   3.57945469e+02  -1.70530658e-03
   3.57945957e+02   5.33467392e-04
   3.57946446e+02   3.16533097e-03
   3.57946934e+02   4.23846487e-03
   3.57947422e+02   3.80871142e-03
   3.57947911e+02   1.32916390e-03
   3.57948399e+02   1.25387579e-03
   3.57948887e+02   3.84718413e-03
   3.57949375e+02   4.75408568e-04
   3.57949864e+02  -5.24690654e-03
   3.57950352e+02  -2.91481544e-03
   3.57950840e+02   2.06945674e-03
   3.57951329e+02   7.03323982e-04
   3.57951817e+02  -6.46738452e-04
   3.57952305e+02   2.31486117e-03
   3.57952794e+02   3.93326534e-03
   3.57953282e+02   4.14670212e-03
   3.57953770e+02   4.89924615e-03
   3.57954259e+02   4.95664822e-03
   3.57954747e+02   2.62983725e-03
   3.57955235e+02   2.36964575e-03
   3.57955723e+02  -1.18771463e-03
   3.57956212e+02  -2.34564440e-03
   3.57956700e+02   1.88854884e-03
   3.57957188e+02   3.87311936e-03
   3.57957677e+02   2.28826678e-03
   3.57958165e+02  -1.28438452e-03
   3.57958653e+02  -4.79437737e-03
   3.57959142e+02  -4.04887646e-03
   3.57959630e+02   2.94518104e-04
   3.57960118e+02   2.12937733e-03
   3.57960607e+02  -6.00063468e-05
   3.57961095e+02  -1.01851742e-03
   3.57961583e+02   3.59589991e-04
   3.57962071e+02  -1.39549118e-03
   3.57962560e+02  -1.29768869e-03
   3.57963048e+02   7.72550353e-04
   3.57963536e+02  -1.70511333e-03
   3.57964025e+02  -3.74213653e-03
   3.57964513e+02  -3.93308699e-03
   3.57965001e+02  -4.18152660e-03
   3.57965490e+02  -2.23371130e-03
   3.57965978e+02   2.12230324e-03
   3.57966466e+02   4.42025252e-03
   3.57966955e+02   4.31464147e-03
   3.57967443e+02   1.67794805e-03
   3.57967931e+02  -1.63437938e-03
   3.57968420e+02  -2.42505921e-03
   3.57968908e+02  -2.05248571e-03
   3.57969396e+02  -4.11539292e-03
   3.57969884e+02  -4.82316315e-03
   3.57970373e+02  -9.22819832e-04
   3.57970861e+02   1.23190694e-03
   3.57971349e+02   9.94264847e-04
   3.57971838e+02  -9.69607034e-04
   3.57972326e+02  -4.73717228e-03
   3.57972814e+02  -5.27522527e-03
   3.57973303e+02  -2.97672581e-03
   3.57973791e+02  -5.08788100e-04
   3.57974279e+02   1.44877820e-03
   3.57974768e+02   7.74797925e-04
   3.57975256e+02  -3.16552049e-03
   3.57975744e+02  -4.36156150e-03
   3.57976232e+02  -6.56010001e-04
   3.57976721e+02   1.86006399e-03
   3.57977209e+02   2.83371820e-03
   3.57977697e+02   4.84758848e-03
   3.57978186e+02   4.31916211e-03
   3.57978674e+02   2.10635224e-03
   3.57979162e+02   1.13052467e-03
   3.57979651e+02   2.17182189e-03
   3.57980139e+02   4.60778456e-03
   3.57980627e+02   4.54312610e-03
   3.57981116e+02   3.94555042e-03
   3.57981604e+02   4.96250903e-03
   3.57982092e+02   3.88192176e-03
   3.57982580e+02   2.11828679e-04
   3.57983069e+02  -1.82623370e-03
   3.57983557e+02  -1.24466198e-03
   3.57984045e+02  -1.57162477e-03
   3.57984534e+02  -3.63098062e-03
   3.57985022e+02  -2.89021689e-03
   3.57985510e+02  -1.59473930e-04
   3.57985999e+02   9.73596878e-04
   3.57986487e+02   7.36402115e-04
   3.57986975e+02   1.66894170e-03
   3.57987464e+02   1.08232710e-03
   3.57987952e+02  -2.25152541e-03
   3.57988440e+02  -2.19868170e-03
   3.57988928e+02  -1.13496011e-04
   3.57989417e+02  -2.40363852e-06
   3.57989905e+02  -1.54852483e-03
   3.57990393e+02  -2.66248896e-03
   3.57990882e+02  -7.77501336e-05
   3.57991370e+02   2.79035722e-03
   3.57991858e+02   1.55554642e-03
   3.57992347e+02  -9.19410028e-04
   3.57992835e+02  -7.38287577e-04
   3.57993323e+02   3.16728459e-04
   3.57993812e+02  -2.39944275e-04
   3.57994300e+02  -1.83283957e-03
   3.57994788e+02  -2.76369229e-03
   3.57995276e+02   6.26663794e-04
   3.57995765e+02   4.44673980e-03
   3.57996253e+02   1.51919131e-03
   3.57996741e+02  -3.43676494e-03
   3.57997230e+02  -3.64950532e-03
   3.57997718e+02  -1.86503353e-03
   3.57998206e+02  -1.86762947e-03
   3.57998695e+02   7.67877355e-05
   3.57999183e+02   3.39460513e-03
   3.57999671e+02   2.73715798e-03
   3.58000160e+02  -7.60674244e-04
   3.58000648e+02  -1.31454016e-03
   3.58001136e+02  -3.59381927e-04
   3.58001624e+02  -5.36545413e-04
   3.58002113e+02  -5.69361087e-04
   3.58002601e+02  -4.04381804e-04
   3.58003089e+02  -1.01299178e-04
   3.58003578e+02   2.12652492e-03
   3.58004066e+02   1.59978692e-03
   3.58004554e+02  -3.58290994e-03
   3.58005043e+02  -5.94074093e-03
   3.58005531e+02  -4.69118264e-03
   3.58006019e+02  -1.98191567e-03
   3.58006508e+02   1.03403756e-03
   3.58006996e+02   1.25269732e-03
   3.58007484e+02   1.02026352e-04
   3.58007973e+02  -9.43373481e-04
   3.58008461e+02   1.52617795e-04
   3.58008949e+02   1.05084409e-03
   3.58009437e+02   8.20613350e-04
   3.58009926e+02   3.59340105e-04
   3.58010414e+02   3.16609403e-05
   3.58010902e+02   1.08051277e-03
   3.58011391e+02   2.45910313e-04
   3.58011879e+02   6.41143706e-04
   3.58012367e+02   1.94528548e-03
   3.58012856e+02  -9.20686216e-05
   3.58013344e+02  -3.61002958e-03
   3.58013832e+02  -3.87876993e-03
   3.58014321e+02  -1.87800429e-03
   3.58014809e+02   9.21577855e-04
   3.58015297e+02  -5.64543763e-04
   3.58015785e+02   2.13999840e-04
   3.58016274e+02   2.59433594e-03
   3.58016762e+02   2.01541535e-03
   3.58017250e+02   9.70890338e-04
   3.58017739e+02  -2.58754269e-04
   3.58018227e+02  -1.44640252e-03
   3.58018715e+02   6.75620322e-05
   3.58019204e+02   1.50510471e-03
   3.58019692e+02   1.00802036e-03
   3.58020180e+02  -1.32135430e-03
   3.58020669e+02  -2.17939494e-03
   3.58021157e+02   6.61232218e-04
   3.58021645e+02   1.98842795e-03
   3.58022133e+02  -1.23178039e-03
   3.58022622e+02  -4.21865704e-03
   3.58023110e+02  -3.86635377e-03
   3.58023598e+02  -1.07027381e-03
   3.58024087e+02   2.99143326e-03
   3.58024575e+02   5.25760371e-03
   3.58025063e+02   3.68399592e-03
   3.58025552e+02   7.06812483e-04
   3.58026040e+02   1.02844520e-03
   3.58026528e+02   3.90067045e-03
   3.58027017e+02   3.66696413e-03
   3.58027505e+02   4.00642486e-04
   3.58027993e+02   4.20556142e-04
   3.58028481e+02   1.69730210e-03
   3.58028970e+02   3.76124313e-04
   3.58029458e+02  -4.87597077e-04
   3.58029946e+02  -4.67224309e-05
   3.58030435e+02  -4.90616832e-04
   3.58030923e+02  -1.61888218e-03
   3.58031411e+02  -1.58683443e-03
   3.58031900e+02  -6.38118305e-04
   3.58032388e+02  -1.34298054e-04
   3.58032876e+02   7.98684487e-04
   3.58033365e+02   2.36127246e-03
   3.58033853e+02   3.89670371e-03
   3.58034341e+02   3.10085132e-03
   3.58034829e+02   5.90722892e-04
   3.58035318e+02  -1.74896559e-04
   3.58035806e+02  -1.40918430e-03
   3.58036294e+02  -1.61546399e-03
   3.58036783e+02   9.57623590e-04
   3.58037271e+02   3.11404653e-03
   3.58037759e+02   2.66159861e-03
   3.58038248e+02  -1.48734871e-05
   3.58038736e+02  -1.73786923e-03
   3.58039224e+02  -1.50523870e-03
   3.58039713e+02  -2.76699808e-04
   3.58040201e+02   4.69229737e-04
   3.58040689e+02   5.54431172e-04
   3.58041177e+02   2.39610090e-03
   3.58041666e+02   4.46385238e-03
   3.58042154e+02   3.41582485e-03
   3.58042642e+02  -7.81746057e-04
   3.58043131e+02  -2.29438604e-03
   3.58043619e+02  -9.93368798e-04
   3.58044107e+02  -7.35834765e-04
   3.58044596e+02  -1.51072280e-03
   3.58045084e+02   9.41602848e-05
   3.58045572e+02   3.74336820e-03
   3.58046061e+02   3.60891898e-03
   3.58046549e+02   5.80607506e-04
   3.58047037e+02  -7.99852365e-04
   3.58047526e+02   1.11595902e-03
   3.58048014e+02   2.87913135e-03
   3.58048502e+02  -1.88254708e-04
   3.58048990e+02  -4.64756368e-03
   3.58049479e+02  -5.03931427e-03
   3.58049967e+02  -5.86451846e-04
   3.58050455e+02   3.33449966e-03
   3.58050944e+02   3.72647867e-03
   3.58051432e+02   3.85140209e-03
   3.58051920e+02   1.04126916e-03
   3.58052409e+02  -2.63422634e-03
   3.58052897e+02  -3.67063028e-03
   3.58053385e+02  -1.70263799e-03
   3.58053874e+02   1.39373902e-03
   3.58054362e+02  -1.32680900e-04
   3.58054850e+02  -1.67649169e-03
   3.58055338e+02  -1.76618178e-03
   3.58055827e+02  -2.73749582e-03
   3.58056315e+02  -4.99333779e-04
   3.58056803e+02   2.04477389e-03
   3.58057292e+02  -1.41808807e-04
   3.58057780e+02  -4.23936546e-03
   3.58058268e+02  -4.01664386e-03
   3.58058757e+02  -6.09625946e-04
   3.58059245e+02   4.96487191e-04
   3.58059733e+02   7.31231063e-04
   3.58060222e+02  -1.43101875e-04
   3.58060710e+02  -8.69327923e-04
   3.58061198e+02  -1.00628517e-04
   3.58061686e+02   1.53924746e-03
   3.58062175e+02   2.47945939e-03
   3.58062663e+02   2.59387400e-03
   3.58063151e+02   2.37422832e-03
   3.58063640e+02   8.15342282e-05
   3.58064128e+02  -1.91088743e-03
   3.58064616e+02  -1.48993707e-03
   3.58065105e+02   1.13817886e-03
   3.58065593e+02   2.86081177e-03
   3.58066081e+02   6.62452716e-04
   3.58066570e+02  -2.49364134e-03
   3.58067058e+02  -1.42932916e-03
   3.58067546e+02   1.42779481e-03
   3.58068034e+02   4.54680016e-03
   3.58068523e+02   5.62678510e-03
   3.58069011e+02   4.16386686e-03
   3.58069499e+02   8.97023769e-04
   3.58069988e+02  -8.78714665e-04
   3.58070476e+02  -4.80076327e-04
   3.58070964e+02  -7.01954355e-04
