frequency (GHz), flux (Jy/beam)
   3.56198789e+02   1.99163755e-04
   3.56199277e+02   3.89832363e-04
   3.56199766e+02   3.22394510e-04
   3.56200254e+02  -4.25309045e-05
   3.56200742e+02  -1.79468494e-04
   3.56201231e+02   3.49797599e-04
   3.56201719e+02   5.40170760e-04
   3.56202207e+02   1.19734439e-04
   3.56202695e+02  -1.49701387e-04
   3.56203184e+02  -4.45228798e-05
   3.56203672e+02   9.62121630e-05
   3.56204160e+02   3.21778440e-04
   3.56204649e+02   6.76748285e-04
   3.56205137e+02   4.70091094e-04
   3.56205625e+02   1.76538815e-04
   3.56206114e+02   1.22381507e-05
   3.56206602e+02  -4.19134769e-04
   3.56207090e+02  -6.32796669e-04
   3.56207579e+02  -3.69862857e-04
   3.56208067e+02   2.86013055e-05
   3.56208555e+02   6.33226882e-04
   3.56209044e+02   7.80549017e-04
   3.56209532e+02   3.27605114e-04
   3.56210020e+02   1.44952472e-04
   3.56210508e+02   1.45543483e-04
   3.56210997e+02   1.14577328e-04
   3.56211485e+02   3.12377000e-04
   3.56211973e+02   1.84178367e-04
   3.56212462e+02  -3.74459953e-04
   3.56212950e+02  -2.59033230e-04
   3.56213438e+02   9.07247741e-05
   3.56213927e+02  -2.87136005e-04
   3.56214415e+02  -5.87472634e-04
   3.56214903e+02  -4.80933581e-04
   3.56215392e+02  -4.73308726e-04
   3.56215880e+02  -3.39684164e-04
   3.56216368e+02   8.98848666e-05
   3.56216856e+02   2.47638873e-05
   3.56217345e+02  -4.84878954e-04
   3.56217833e+02  -7.19576958e-04
   3.56218321e+02  -6.07361959e-04
   3.56218810e+02  -5.46822092e-04
   3.56219298e+02  -5.78565581e-04
   3.56219786e+02  -5.05611883e-04
   3.56220275e+02  -4.34637448e-04
   3.56220763e+02  -3.96724936e-04
   3.56221251e+02  -5.76281804e-04
   3.56221740e+02  -6.82982442e-04
   3.56222228e+02  -1.97580346e-04
   3.56222716e+02   2.42339695e-04
   3.56223204e+02   1.00491023e-04
   3.56223693e+02  -1.39605429e-04
   3.56224181e+02  -5.94694502e-05
   3.56224669e+02   9.35353019e-05
   3.56225158e+02   1.87682861e-04
   3.56225646e+02   2.39964313e-04
   3.56226134e+02   1.11597190e-04
   3.56226623e+02   2.79496398e-05
   3.56227111e+02  -2.77603249e-04
   3.56227599e+02  -6.54574775e-04
   3.56228088e+02  -6.97219162e-04
   3.56228576e+02  -6.08433562e-04
   3.56229064e+02  -2.29030600e-04
   3.56229552e+02   1.94166030e-04
   3.56230041e+02   4.76085115e-04
   3.56230529e+02   3.69454472e-04
   3.56231017e+02   9.62408158e-05
   3.56231506e+02   3.76860480e-05
   3.56231994e+02  -1.92729669e-04
   3.56232482e+02  -2.94815894e-04
   3.56232971e+02  -1.03907114e-04
   3.56233459e+02  -6.52027884e-05
   3.56233947e+02  -1.85677680e-04
   3.56234436e+02  -2.34650506e-04
   3.56234924e+02  -1.58907405e-05
   3.56235412e+02   3.10097355e-04
   3.56235900e+02   4.62299213e-04
   3.56236389e+02   4.91825398e-04
   3.56236877e+02   5.76952356e-04
   3.56237365e+02   3.29932489e-04
   3.56237854e+02  -1.56667433e-04
   3.56238342e+02  -4.12390364e-04
   3.56238830e+02  -4.28258034e-04
   3.56239319e+02  -1.73341265e-04
   3.56239807e+02   3.64085310e-04
   3.56240295e+02   6.38827158e-04
   3.56240784e+02   1.73912573e-04
   3.56241272e+02  -3.34707060e-04
   3.56241760e+02  -4.30922752e-04
   3.56242248e+02  -2.22235787e-04
   3.56242737e+02   1.19585151e-04
   3.56243225e+02   4.35335387e-05
   3.56243713e+02  -1.99819537e-04
   3.56244202e+02  -1.36319126e-04
   3.56244690e+02   1.46559265e-04
   3.56245178e+02   4.10423410e-04
   3.56245667e+02   7.45116267e-04
   3.56246155e+02   9.78818513e-04
   3.56246643e+02   4.73033637e-04
   3.56247132e+02  -2.98758561e-04
   3.56247620e+02  -2.97524559e-04
   3.56248108e+02   2.81070679e-04
   3.56248597e+02   5.08684665e-04
   3.56249085e+02   4.25766135e-04
   3.56249573e+02   3.93557217e-04
   3.56250061e+02   4.11917899e-05
   3.56250550e+02  -2.11848863e-04
   3.56251038e+02   1.97227710e-04
   3.56251526e+02   3.77696997e-04
   3.56252015e+02   4.19707903e-05
   3.56252503e+02  -1.48492312e-04
   3.56252991e+02  -2.09732782e-04
   3.56253480e+02  -2.46035634e-04
   3.56253968e+02  -2.11020888e-04
   3.56254456e+02   4.67510254e-05
   3.56254945e+02   1.80778152e-04
   3.56255433e+02   2.24531061e-04
   3.56255921e+02  -1.76206857e-04
   3.56256409e+02  -3.47309513e-04
   3.56256898e+02   1.80314382e-04
   3.56257386e+02   2.92000303e-04
   3.56257874e+02  -3.52861942e-04
   3.56258363e+02  -6.76096650e-04
   3.56258851e+02  -5.84844849e-04
   3.56259339e+02  -3.41014471e-04
   3.56259828e+02   1.61038595e-04
   3.56260316e+02   2.16386776e-04
   3.56260804e+02  -1.88657767e-04
   3.56261293e+02  -4.31234745e-04
   3.56261781e+02  -4.64135635e-04
   3.56262269e+02  -5.29445999e-04
   3.56262757e+02  -7.48568622e-04
   3.56263246e+02  -7.94645923e-04
   3.56263734e+02  -5.88455587e-04
   3.56264222e+02  -5.97375911e-04
   3.56264711e+02  -4.93921107e-04
   3.56265199e+02  -3.06244998e-04
   3.56265687e+02  -4.25045728e-04
   3.56266176e+02  -3.88553803e-04
   3.56266664e+02  -2.68431122e-05
   3.56267152e+02   2.58894288e-04
   3.56267641e+02   1.06104169e-04
   3.56268129e+02  -1.52868124e-05
   3.56268617e+02   2.22946735e-04
   3.56269105e+02   4.01852565e-04
   3.56269594e+02   2.51176098e-04
   3.56270082e+02   8.14200539e-05
   3.56270570e+02   2.02149222e-05
   3.56271059e+02  -4.11392539e-05
   3.56271547e+02   2.01161689e-04
   3.56272035e+02   2.25453972e-04
   3.56272524e+02  -3.48158828e-05
   3.56273012e+02  -1.73608554e-04
   3.56273500e+02  -5.95296908e-04
   3.56273989e+02  -9.05096647e-04
   3.56274477e+02  -7.06014864e-04
   3.56274965e+02  -3.95422976e-04
   3.56275453e+02  -3.21382220e-04
   3.56275942e+02  -4.22621815e-04
   3.56276430e+02  -3.16500431e-04
   3.56276918e+02   1.16425581e-04
   3.56277407e+02   4.12202033e-04
   3.56277895e+02   1.93421729e-04
   3.56278383e+02  -2.22146409e-04
   3.56278872e+02  -1.70395011e-04
   3.56279360e+02   3.94524686e-04
   3.56279848e+02   6.39294391e-04
   3.56280337e+02   2.08552636e-04
   3.56280825e+02  -6.98384292e-06
   3.56281313e+02   1.33478927e-04
   3.56281801e+02   1.18695498e-05
   3.56282290e+02  -5.14385058e-04
   3.56282778e+02  -7.03806232e-04
   3.56283266e+02  -3.62308638e-04
   3.56283755e+02  -1.64428799e-04
   3.56284243e+02  -8.52973753e-05
   3.56284731e+02  -5.11694379e-05
   3.56285220e+02  -1.52241526e-04
   3.56285708e+02   4.16249786e-05
   3.56286196e+02   3.26070032e-04
   3.56286685e+02   2.19468027e-04
   3.56287173e+02  -6.70080699e-05
   3.56287661e+02  -1.87588288e-04
   3.56288150e+02  -5.74663500e-05
   3.56288638e+02   1.22369951e-04
   3.56289126e+02   7.60363619e-05
   3.56289614e+02  -1.13043992e-04
   3.56290103e+02  -8.58183703e-05
   3.56290591e+02   5.47401469e-05
   3.56291079e+02  -2.01929550e-04
   3.56291568e+02  -3.61842773e-04
   3.56292056e+02  -7.65883524e-05
   3.56292544e+02   8.59219144e-05
   3.56293033e+02   1.48012550e-05
   3.56293521e+02   4.22947996e-05
   3.56294009e+02   3.52979550e-05
   3.56294498e+02   1.60367636e-04
   3.56294986e+02   4.22542274e-04
   3.56295474e+02   1.87298996e-04
   3.56295962e+02  -1.23702936e-04
   3.56296451e+02   1.34790625e-05
   3.56296939e+02   3.75713804e-04
   3.56297427e+02   5.24566101e-04
   3.56297916e+02   3.44409404e-04
   3.56298404e+02  -1.24435464e-04
   3.56298892e+02  -3.75123054e-04
   3.56299381e+02  -2.29002617e-04
   3.56299869e+02  -1.45992803e-04
   3.56300357e+02  -2.24205738e-04
   3.56300846e+02  -1.89287137e-04
   3.56301334e+02  -6.55572330e-06
   3.56301822e+02  -2.49489422e-05
   3.56302310e+02  -9.65497529e-05
   3.56302799e+02   1.06738342e-04
   3.56303287e+02   4.15654416e-04
   3.56303775e+02   4.12546360e-04
   3.56304264e+02   1.34623653e-04
   3.56304752e+02   2.34293589e-06
   3.56305240e+02   2.13110281e-04
   3.56305729e+02   2.93248857e-04
   3.56306217e+02   2.74927326e-04
   3.56306705e+02   4.89794882e-04
   3.56307194e+02   5.24814648e-04
   3.56307682e+02   1.91883428e-05
   3.56308170e+02  -2.37185261e-04
   3.56308658e+02   4.57419752e-04
   3.56309147e+02   8.80690059e-04
   3.56309635e+02   2.94409430e-04
   3.56310123e+02  -4.40568198e-04
   3.56310612e+02  -6.19895873e-04
   3.56311100e+02  -3.25530855e-04
   3.56311588e+02  -9.11706375e-05
   3.56312077e+02  -6.40509461e-05
   3.56312565e+02  -7.11817574e-06
   3.56313053e+02   2.60146626e-04
   3.56313542e+02   3.46526882e-04
   3.56314030e+02   2.56237581e-05
   3.56314518e+02  -3.03522975e-04
   3.56315006e+02  -1.77101261e-04
   3.56315495e+02  -1.97675967e-04
   3.56315983e+02  -5.18731133e-04
   3.56316471e+02  -3.59009427e-04
   3.56316960e+02  -2.16342101e-04
   3.56317448e+02  -5.39369590e-04
   3.56317936e+02  -4.73928463e-04
   3.56318425e+02   3.66568856e-05
   3.56318913e+02   1.10934918e-04
   3.56319401e+02   1.92035659e-04
   3.56319890e+02   7.64701326e-05
   3.56320378e+02  -4.70512547e-04
   3.56320866e+02  -4.95325134e-04
   3.56321354e+02   1.88199789e-04
   3.56321843e+02   1.02447218e-03
   3.56322331e+02   1.23406225e-03
   3.56322819e+02   7.12778710e-04
   3.56323308e+02   2.16469329e-04
   3.56323796e+02   7.41695912e-05
   3.56324284e+02   5.09521624e-06
   3.56324773e+02  -6.25647954e-05
   3.56325261e+02  -2.34742285e-04
   3.56325749e+02  -4.64755809e-04
   3.56326238e+02  -3.82674421e-04
   3.56326726e+02  -2.24111631e-04
   3.56327214e+02  -1.73852764e-04
   3.56327702e+02  -1.37473369e-04
   3.56328191e+02  -4.93689913e-05
   3.56328679e+02   5.53233185e-05
   3.56329167e+02  -7.38193412e-05
   3.56329656e+02  -1.90214851e-04
   3.56330144e+02   1.08016167e-04
   3.56330632e+02   2.52843834e-04
   3.56331121e+02  -9.26337816e-05
   3.56331609e+02  -1.52250723e-04
   3.56332097e+02  -5.86722163e-05
   3.56332586e+02  -1.48013743e-04
   3.56333074e+02  -1.31125678e-04
   3.56333562e+02   3.09719821e-04
   3.56334051e+02   7.94511405e-04
   3.56334539e+02   6.88288186e-04
   3.56335027e+02   3.81557242e-04
   3.56335515e+02   2.92873854e-04
   3.56336004e+02  -6.84150655e-05
   3.56336492e+02  -5.58648841e-04
   3.56336980e+02  -2.97181134e-04
   3.56337469e+02   3.11689568e-04
   3.56337957e+02   2.76336243e-04
   3.56338445e+02   1.54150985e-04
   3.56338934e+02   7.59573159e-05
   3.56339422e+02   4.47656066e-06
   3.56339910e+02   4.54486901e-04
   3.56340399e+02   7.94050633e-04
   3.56340887e+02   3.58873483e-04
   3.56341375e+02  -2.01345611e-04
   3.56341863e+02  -4.09413857e-04
   3.56342352e+02  -4.86069504e-04
   3.56342840e+02  -4.74615925e-04
   3.56343328e+02  -2.02576732e-04
   3.56343817e+02   3.22637934e-05
   3.56344305e+02   4.34348834e-07
   3.56344793e+02  -3.97754106e-04
   3.56345282e+02  -7.35541224e-04
   3.56345770e+02  -3.23418819e-04
   3.56346258e+02   2.76132021e-04
   3.56346747e+02   2.33363171e-04
   3.56347235e+02  -1.82996664e-04
   3.56347723e+02  -4.55671136e-04
   3.56348211e+02  -6.81370322e-04
   3.56348700e+02  -3.47052526e-04
   3.56349188e+02   2.90442840e-04
   3.56349676e+02   2.65116134e-04
   3.56350165e+02  -3.77197168e-04
   3.56350653e+02  -8.17306864e-04
   3.56351141e+02  -6.66085747e-04
   3.56351630e+02  -1.50371139e-04
   3.56352118e+02  -1.21766734e-05
   3.56352606e+02  -4.30685119e-04
   3.56353095e+02  -7.35855545e-04
   3.56353583e+02  -6.12355827e-04
   3.56354071e+02  -4.20545839e-04
   3.56354559e+02  -3.61786952e-04
   3.56355048e+02  -2.32916282e-04
   3.56355536e+02  -1.24010607e-04
   3.56356024e+02   5.30912439e-05
   3.56356513e+02   4.34125395e-04
   3.56357001e+02   6.31996663e-04
   3.56357489e+02   7.74587970e-04
   3.56357978e+02   6.32676587e-04
   3.56358466e+02   3.08562478e-04
   3.56358954e+02   3.57550482e-04
   3.56359443e+02   2.84937851e-04
   3.56359931e+02   1.74025496e-04
   3.56360419e+02   5.51749778e-04
   3.56360907e+02   7.13689718e-04
   3.56361396e+02   2.04594791e-04
   3.56361884e+02  -2.22057250e-04
   3.56362372e+02  -3.04647372e-04
   3.56362861e+02  -4.32976958e-04
   3.56363349e+02  -7.30837870e-04
   3.56363837e+02  -4.54046036e-04
   3.56364326e+02   4.72145941e-04
   3.56364814e+02   8.18643428e-04
   3.56365302e+02   4.02975100e-04
   3.56365791e+02  -1.81615560e-05
   3.56366279e+02  -2.72108475e-04
   3.56366767e+02  -5.67604147e-04
   3.56367255e+02  -7.93415646e-04
   3.56367744e+02  -3.46826884e-04
   3.56368232e+02   7.15769071e-04
   3.56368720e+02   9.82058235e-04
   3.56369209e+02   3.02472617e-04
   3.56369697e+02   3.11050862e-05
   3.56370185e+02   6.31725998e-05
   3.56370674e+02  -2.58916174e-04
   3.56371162e+02  -5.02601848e-04
   3.56371650e+02  -3.10883595e-04
   3.56372139e+02   3.55276206e-05
   3.56372627e+02  -4.87130950e-04
   3.56373115e+02  -7.90368009e-04
   3.56373604e+02  -2.14437343e-04
   3.56374092e+02   2.80174398e-04
   3.56374580e+02   1.73438239e-04
   3.56375068e+02   2.18197049e-04
   3.56375557e+02   1.80719740e-04
   3.56376045e+02  -2.07971811e-04
   3.56376533e+02  -3.79877776e-04
   3.56377022e+02  -7.66089070e-05
   3.56377510e+02   1.62873221e-05
   3.56377998e+02  -3.96370597e-04
   3.56378487e+02  -6.25572924e-04
   3.56378975e+02  -3.82900762e-04
   3.56379463e+02  -2.77096260e-04
   3.56379952e+02  -3.84218962e-04
   3.56380440e+02  -3.33901233e-04
   3.56380928e+02   1.41910830e-04
   3.56381416e+02   2.97113933e-04
   3.56381905e+02  -6.10986259e-04
   3.56382393e+02  -1.09354605e-03
   3.56382881e+02  -4.06637846e-04
   3.56383370e+02   1.37045936e-04
   3.56383858e+02   3.47072055e-05
   3.56384346e+02  -1.24664104e-04
   3.56384835e+02  -7.83955911e-05
   3.56385323e+02  -1.10898036e-04
   3.56385811e+02  -4.94191656e-04
   3.56386300e+02  -7.15584320e-04
   3.56386788e+02  -2.73399492e-04
   3.56387276e+02   1.27097868e-04
   3.56387764e+02   2.11494800e-04
   3.56388253e+02   5.30999787e-05
   3.56388741e+02  -4.01591067e-04
   3.56389229e+02  -4.52904118e-04
   3.56389718e+02  -1.32968562e-04
   3.56390206e+02  -1.73697670e-04
   3.56390694e+02  -1.05454281e-04
   3.56391183e+02   2.97913328e-04
   3.56391671e+02   3.52743518e-04
   3.56392159e+02   8.05238451e-05
   3.56392648e+02   8.23790469e-05
   3.56393136e+02   2.26118034e-04
   3.56393624e+02  -2.41582620e-05
   3.56394112e+02  -6.34184340e-04
   3.56394601e+02  -1.18251413e-03
   3.56395089e+02  -1.17075664e-03
   3.56395577e+02  -5.49724558e-04
   3.56396066e+02   9.84739818e-05
   3.56396554e+02   4.35990514e-04
   3.56397042e+02   3.81401042e-04
   3.56397531e+02   2.33586165e-04
   3.56398019e+02   2.91505828e-04
   3.56398507e+02   2.95887527e-04
   3.56398996e+02   1.52985187e-04
   3.56399484e+02   2.34599589e-04
   3.56399972e+02   3.49005364e-04
   3.56400460e+02   1.16759817e-04
   3.56400949e+02  -9.36323850e-05
   3.56401437e+02  -2.41329806e-04
   3.56401925e+02  -5.89272415e-04
   3.56402414e+02  -4.84473712e-04
   3.56402902e+02   7.96772219e-05
   3.56403390e+02   2.36702879e-04
   3.56403879e+02   3.76680509e-05
   3.56404367e+02   3.11780605e-05
   3.56404855e+02  -2.11835300e-04
   3.56405344e+02  -5.96494414e-04
   3.56405832e+02  -1.95480985e-04
   3.56406320e+02   5.23678376e-04
   3.56406808e+02   8.55539169e-04
   3.56407297e+02   7.35837675e-04
   3.56407785e+02   3.45971814e-04
   3.56408273e+02   2.26534248e-04
   3.56408762e+02   3.54869844e-04
   3.56409250e+02   3.12604068e-04
   3.56409738e+02  -1.70042313e-05
   3.56410227e+02  -4.06823994e-04
   3.56410715e+02  -2.79129308e-04
   3.56411203e+02   3.16389138e-04
   3.56411692e+02   6.33165066e-04
   3.56412180e+02   5.78629842e-04
   3.56412668e+02   6.84731058e-04
   3.56413157e+02   1.08270359e-03
   3.56413645e+02   1.33579888e-03
   3.56414133e+02   7.84089381e-04
   3.56414621e+02  -2.73706246e-04
   3.56415110e+02  -4.62241820e-04
   3.56415598e+02   7.23526609e-05
   3.56416086e+02   4.21758101e-04
   3.56416575e+02   6.12616423e-04
   3.56417063e+02   2.40689114e-04
   3.56417551e+02  -3.37836333e-04
   3.56418040e+02  -3.37588164e-04
   3.56418528e+02  -4.86366334e-04
   3.56419016e+02  -1.01737515e-03
   3.56419505e+02  -1.17148040e-03
   3.56419993e+02  -9.31511633e-04
   3.56420481e+02  -6.53287803e-04
   3.56420969e+02  -3.94105387e-04
   3.56421458e+02  -7.85072359e-07
   3.56421946e+02   7.93426443e-05
   3.56422434e+02  -2.32646213e-04
   3.56422923e+02  -2.66712363e-04
   3.56423411e+02   1.80555362e-04
   3.56423899e+02   2.60565546e-04
   3.56424388e+02  -3.96504794e-04
   3.56424876e+02  -7.84599688e-04
   3.56425364e+02  -8.87784467e-04
   3.56425853e+02  -1.06374058e-03
   3.56426341e+02  -8.39943299e-04
   3.56426829e+02  -2.67527881e-04
   3.56427317e+02   1.89707309e-04
   3.56427806e+02   3.71625239e-04
   3.56428294e+02   4.65266843e-04
   3.56428782e+02   8.29766868e-05
   3.56429271e+02  -3.65447806e-04
   3.56429759e+02   9.26666689e-05
   3.56430247e+02   5.26004587e-04
   3.56430736e+02   2.36550462e-04
   3.56431224e+02   3.07304610e-04
   3.56431712e+02   2.46899785e-04
   3.56432201e+02  -2.65353709e-04
   3.56432689e+02  -2.89677206e-04
   3.56433177e+02   3.43628461e-04
   3.56433665e+02   5.28529868e-04
   3.56434154e+02   2.30334626e-04
   3.56434642e+02   9.22554827e-05
   3.56435130e+02   1.08714710e-04
   3.56435619e+02   1.51014203e-04
   3.56436107e+02   1.80306233e-04
   3.56436595e+02   1.34380447e-04
   3.56437084e+02   3.25653345e-05
   3.56437572e+02  -3.45176850e-05
   3.56438060e+02  -1.29765278e-04
   3.56438549e+02  -1.97425295e-04
   3.56439037e+02  -2.82310666e-05
   3.56439525e+02  -1.43605748e-05
   3.56440013e+02  -2.40961657e-04
   3.56440502e+02  -5.75184182e-04
   3.56440990e+02  -6.51271199e-04
   3.56441478e+02  -2.55351508e-04
   3.56441967e+02   2.22945368e-04
   3.56442455e+02   3.95540352e-04
   3.56442943e+02   4.07944695e-04
   3.56443432e+02   3.34005163e-04
   3.56443920e+02   3.05936672e-04
   3.56444408e+02   5.10167563e-04
   3.56444897e+02   6.06089365e-04
   3.56445385e+02   6.55619137e-04
   3.56445873e+02   2.70276039e-04
   3.56446361e+02  -3.05628433e-04
   3.56446850e+02  -2.02432202e-04
   3.56447338e+02  -3.48245703e-05
   3.56447826e+02   1.25630613e-04
   3.56448315e+02   4.68279031e-04
   3.56448803e+02   3.37856036e-04
   3.56449291e+02  -1.98605689e-04
   3.56449780e+02  -5.77423256e-04
   3.56450268e+02  -7.10597436e-04
   3.56450756e+02  -4.49307263e-04
   3.56451245e+02   1.20476980e-04
   3.56451733e+02   6.87756576e-04
   3.56452221e+02   1.05907442e-03
   3.56452710e+02   9.08455229e-04
   3.56453198e+02   3.83775536e-04
   3.56453686e+02   3.21873958e-04
   3.56454174e+02   6.22042920e-04
   3.56454663e+02   7.09275773e-04
   3.56455151e+02   8.07892764e-04
   3.56455639e+02   1.09596737e-03
   3.56456128e+02   1.27621787e-03
   3.56456616e+02   1.68171036e-03
   3.56457104e+02   3.01194401e-03
   3.56457593e+02   5.00315661e-03
   3.56458081e+02   7.77443266e-03
   3.56458569e+02   1.14887590e-02
   3.56459058e+02   1.44545101e-02
   3.56459546e+02   1.60544235e-02
   3.56460034e+02   1.61171984e-02
   3.56460522e+02   1.35479411e-02
   3.56461011e+02   9.28629097e-03
   3.56461499e+02   4.52784076e-03
   3.56461987e+02   2.13766540e-03
   3.56462476e+02   9.09958908e-04
   3.56462964e+02   2.72528734e-04
   3.56463452e+02  -1.39242911e-04
   3.56463941e+02  -1.87662779e-04
   3.56464429e+02   8.60033688e-05
   3.56464917e+02   3.32603609e-04
   3.56465406e+02   3.27328802e-04
   3.56465894e+02   3.81454360e-04
   3.56466382e+02   3.12250660e-04
   3.56466870e+02  -2.31965911e-04
   3.56467359e+02  -7.87723635e-04
   3.56467847e+02  -9.37009405e-04
   3.56468335e+02  -6.19243423e-04
   3.56468824e+02  -2.08268408e-04
   3.56469312e+02  -6.04415618e-05
   3.56469800e+02   3.80827441e-05
   3.56470289e+02  -8.98063008e-05
   3.56470777e+02  -1.42285615e-04
   3.56471265e+02   1.10123583e-05
   3.56471754e+02   7.33241977e-05
   3.56472242e+02   9.89693362e-05
   3.56472730e+02   2.33348073e-05
   3.56473218e+02  -5.95965539e-05
   3.56473707e+02   1.61061384e-04
   3.56474195e+02   4.31854045e-04
   3.56474683e+02   3.30344308e-04
   3.56475172e+02   8.62579254e-05
   3.56475660e+02  -3.05408903e-05
   3.56476148e+02  -2.39013229e-04
   3.56476637e+02  -4.10005683e-04
   3.56477125e+02  -2.67514202e-04
   3.56477613e+02  -3.42937012e-04
   3.56478102e+02  -7.49409548e-04
   3.56478590e+02  -5.82773238e-04
   3.56479078e+02   1.16449890e-04
   3.56479566e+02   3.64539737e-04
   3.56480055e+02   1.81010982e-04
   3.56480543e+02   4.60278447e-04
   3.56481031e+02   9.02702217e-04
   3.56481520e+02   6.70271926e-04
   3.56482008e+02   3.31278221e-04
   3.56482496e+02   2.61978828e-04
   3.56482985e+02  -2.45891006e-05
   3.56483473e+02  -1.87371130e-04
   3.56483961e+02   5.18740453e-05
   3.56484450e+02   3.46740184e-04
   3.56484938e+02   6.43912179e-04
   3.56485426e+02   6.36070326e-04
   3.56485914e+02   4.42847901e-04
   3.56486403e+02   6.07351598e-04
   3.56486891e+02   4.22703393e-04
   3.56487379e+02  -4.33454952e-05
   3.56487868e+02   9.90337412e-06
   3.56488356e+02   3.90940317e-04
   3.56488844e+02   7.71864259e-04
   3.56489333e+02   6.75999967e-04
   3.56489821e+02   7.22748809e-05
   3.56490309e+02   6.57692508e-05
   3.56490798e+02   3.65232445e-05
   3.56491286e+02  -1.35625072e-04
   3.56491774e+02  -5.28532928e-06
   3.56492263e+02  -2.38697496e-04
   3.56492751e+02  -6.21781743e-04
   3.56493239e+02  -8.16059648e-04
   3.56493727e+02  -7.97851884e-04
   3.56494216e+02  -4.16497962e-04
   3.56494704e+02  -2.84753565e-04
   3.56495192e+02  -6.03711465e-04
   3.56495681e+02  -2.57911015e-04
   3.56496169e+02   5.82356995e-04
   3.56496657e+02   7.09643413e-04
   3.56497146e+02   4.11871908e-04
   3.56497634e+02   4.03007638e-04
   3.56498122e+02   2.43437986e-04
   3.56498611e+02  -9.69485882e-06
   3.56499099e+02   6.69094370e-05
   3.56499587e+02   3.28138674e-04
   3.56500075e+02   4.52610082e-04
   3.56500564e+02   3.91192327e-04
   3.56501052e+02  -5.36618645e-05
   3.56501540e+02  -4.31953580e-04
   3.56502029e+02  -3.32506432e-04
   3.56502517e+02  -4.27722727e-04
   3.56503005e+02  -8.22468894e-04
   3.56503494e+02  -6.66465028e-04
   3.56503982e+02   8.59281936e-05
   3.56504470e+02   5.49766992e-04
   3.56504959e+02   2.08959711e-04
   3.56505447e+02  -6.96111456e-05
   3.56505935e+02   1.55587230e-04
   3.56506423e+02   3.16366379e-04
   3.56506912e+02   2.50368787e-04
   3.56507400e+02   1.59948977e-05
   3.56507888e+02  -2.14592568e-04
   3.56508377e+02  -2.16747081e-04
   3.56508865e+02  -3.70896800e-04
   3.56509353e+02  -4.30494867e-04
   3.56509842e+02  -1.02883278e-04
   3.56510330e+02  -8.71891898e-05
   3.56510818e+02  -2.89672840e-04
   3.56511307e+02  -2.75702652e-04
   3.56511795e+02  -1.29804277e-04
   3.56512283e+02   1.25933409e-04
   3.56512771e+02   1.89984275e-04
   3.56513260e+02  -1.71864158e-04
   3.56513748e+02  -4.35717549e-04
   3.56514236e+02  -1.95093060e-04
   3.56514725e+02   4.88009664e-06
   3.56515213e+02   1.13840861e-06
   3.56515701e+02  -2.23409108e-04
   3.56516190e+02  -4.86875506e-04
   3.56516678e+02  -4.90081497e-04
   3.56517166e+02  -4.51695349e-04
   3.56517655e+02  -5.35788189e-04
   3.56518143e+02  -3.71151866e-04
   3.56518631e+02  -1.31121211e-04
   3.56519119e+02  -2.68132892e-04
   3.56519608e+02  -3.68420238e-04
   3.56520096e+02  -1.96801251e-04
   3.56520584e+02  -1.55227099e-05
   3.56521073e+02   2.38779496e-04
   3.56521561e+02   3.99790617e-04
   3.56522049e+02   1.58553215e-04
   3.56522538e+02  -3.19247920e-05
   3.56523026e+02  -1.39550160e-04
   3.56523514e+02  -5.29970217e-04
   3.56524003e+02  -4.78994189e-04
   3.56524491e+02   1.03360821e-04
   3.56524979e+02   4.52981098e-04
   3.56525467e+02   1.75486595e-04
   3.56525956e+02  -2.13745530e-04
   3.56526444e+02  -1.27972147e-04
   3.56526932e+02   2.70326593e-04
   3.56527421e+02   3.32958210e-04
   3.56527909e+02  -3.75832205e-05
   3.56528397e+02  -3.24679655e-04
   3.56528886e+02  -3.68569366e-04
   3.56529374e+02  -4.08749474e-04
   3.56529862e+02  -2.47927150e-04
   3.56530351e+02   2.85462709e-04
   3.56530839e+02   6.79349701e-04
   3.56531327e+02   3.67344881e-04
   3.56531816e+02  -2.32426901e-04
   3.56532304e+02  -3.43434687e-04
   3.56532792e+02  -1.53380257e-04
   3.56533280e+02   6.78999777e-06
   3.56533769e+02   3.99320343e-05
   3.56534257e+02  -1.48786799e-04
   3.56534745e+02  -2.87957839e-04
   3.56535234e+02  -2.54071609e-04
   3.56535722e+02  -2.75980623e-04
   3.56536210e+02  -2.94883212e-04
   3.56536699e+02   1.35338545e-04
   3.56537187e+02   4.85023280e-04
   3.56537675e+02   3.71390983e-04
   3.56538164e+02   4.25219740e-04
   3.56538652e+02   5.76735067e-04
   3.56539140e+02   3.10444244e-04
   3.56539628e+02  -2.73992016e-04
   3.56540117e+02  -6.19725266e-04
   3.56540605e+02  -3.57116078e-04
   3.56541093e+02  -6.73708710e-05
   3.56541582e+02  -1.57181043e-04
   3.56542070e+02  -2.17538342e-04
   3.56542558e+02  -1.11428526e-05
   3.56543047e+02   2.60098808e-04
   3.56543535e+02   4.17203526e-04
   3.56544023e+02   2.74618011e-04
   3.56544512e+02   1.32992616e-04
   3.56545000e+02   1.98309965e-04
   3.56545488e+02   3.07599199e-04
   3.56545976e+02   3.04720103e-04
   3.56546465e+02   7.32494882e-05
   3.56546953e+02   1.34068017e-04
   3.56547441e+02   3.45380657e-04
   3.56547930e+02   9.61206024e-06
   3.56548418e+02  -8.09656412e-05
   3.56548906e+02   4.67006612e-06
   3.56549395e+02   1.77191559e-05
   3.56549883e+02   1.78150949e-04
   3.56550371e+02   4.66028025e-04
   3.56550860e+02   3.64043983e-04
   3.56551348e+02  -1.53994726e-04
   3.56551836e+02  -5.18278917e-04
   3.56552324e+02  -4.57052171e-04
   3.56552813e+02  -2.12311861e-04
   3.56553301e+02  -1.52832406e-04
   3.56553789e+02  -5.01395334e-05
   3.56554278e+02   3.46592598e-04
   3.56554766e+02   4.25652368e-04
   3.56555254e+02   7.96914464e-05
   3.56555743e+02   1.14943919e-04
   3.56556231e+02   5.13484410e-04
   3.56556719e+02   3.63322033e-04
   3.56557208e+02  -3.49023729e-04
   3.56557696e+02  -8.51139135e-04
   3.56558184e+02  -7.15228845e-04
   3.56558672e+02  -2.93733872e-04
   3.56559161e+02   3.10706237e-05
   3.56559649e+02   2.29920071e-04
   3.56560137e+02   3.27127404e-04
   3.56560626e+02   2.59932363e-04
   3.56561114e+02   3.21409985e-04
   3.56561602e+02   4.43484460e-04
   3.56562091e+02   4.28380998e-04
   3.56562579e+02   3.75078525e-04
   3.56563067e+02   2.51851307e-04
   3.56563556e+02   1.95495595e-04
   3.56564044e+02   4.59776260e-04
   3.56564532e+02   5.10366808e-04
   3.56565020e+02   1.10421104e-04
   3.56565509e+02  -1.82542455e-04
   3.56565997e+02  -1.08431777e-04
   3.56566485e+02   6.58498102e-05
   3.56566974e+02   2.69390002e-04
   3.56567462e+02   1.46399485e-04
   3.56567950e+02  -1.04497209e-04
   3.56568439e+02  -3.20839376e-06
   3.56568927e+02   1.02034473e-05
   3.56569415e+02  -1.81545242e-04
   3.56569904e+02  -2.18362489e-04
   3.56570392e+02   3.57116776e-04
   3.56570880e+02   9.43624531e-04
   3.56571369e+02   7.17682531e-04
   3.56571857e+02   5.75564336e-05
   3.56572345e+02  -2.20462622e-04
   3.56572833e+02  -4.09650893e-05
   3.56573322e+02   3.08642193e-05
   3.56573810e+02  -8.12737198e-05
   3.56574298e+02  -1.21647627e-05
   3.56574787e+02   2.41496004e-04
   3.56575275e+02   2.73584941e-04
   3.56575763e+02   1.79368275e-04
   3.56576252e+02   6.44886168e-05
   3.56576740e+02  -2.61372217e-04
   3.56577228e+02  -3.70733062e-04
   3.56577717e+02  -3.05165391e-04
   3.56578205e+02  -4.76307527e-04
   3.56578693e+02  -4.58641589e-04
   3.56579181e+02  -1.96713459e-04
   3.56579670e+02  -2.03985092e-05
   3.56580158e+02  -1.07652333e-04
   3.56580646e+02  -2.12547908e-04
   3.56581135e+02  -7.25338687e-05
   3.56581623e+02  -1.49820089e-05
   3.56582111e+02   7.17302755e-05
   3.56582600e+02   3.41529958e-04
   3.56583088e+02   2.62909598e-04
   3.56583576e+02  -2.80674067e-06
   3.56584065e+02   1.42397448e-06
   3.56584553e+02  -1.83793920e-04
   3.56585041e+02  -5.67076087e-04
   3.56585529e+02  -5.60407934e-04
   3.56586018e+02  -1.46734455e-04
   3.56586506e+02   7.06702413e-05
   3.56586994e+02  -5.86109963e-05
   3.56587483e+02   2.79970787e-04
   3.56587971e+02   7.74597051e-04
   3.56588459e+02   3.93651047e-04
   3.56588948e+02   1.21770145e-05
   3.56589436e+02   1.38634496e-04
   3.56589924e+02   1.49830768e-04
   3.56590413e+02   2.50883721e-04
   3.56590901e+02   4.47224942e-04
   3.56591389e+02   3.60909966e-04
   3.56591877e+02   1.13539296e-04
   3.56592366e+02   1.80983508e-04
   3.56592854e+02   5.19420370e-04
   3.56593342e+02   4.45459125e-04
   3.56593831e+02  -7.08728066e-06
   3.56594319e+02  -7.78786853e-06
   3.56594807e+02   3.63114988e-04
   3.56595296e+02   5.62697824e-04
   3.56595784e+02   7.58177659e-04
   3.56596272e+02   8.57513514e-04
   3.56596761e+02   4.98795824e-04
   3.56597249e+02   4.05407714e-04
   3.56597737e+02   7.59921910e-04
   3.56598225e+02   6.37867895e-04
   3.56598714e+02   1.13137510e-04
   3.56599202e+02  -2.79766944e-04
   3.56599690e+02  -5.29980054e-04
   3.56600179e+02  -1.54802925e-04
   3.56600667e+02   3.22173146e-04
   3.56601155e+02  -1.82465305e-06
   3.56601644e+02  -2.20875183e-04
   3.56602132e+02  -1.03589380e-04
   3.56602620e+02   1.42246563e-05
   3.56603109e+02   1.60988755e-04
   3.56603597e+02   4.12501191e-04
   3.56604085e+02   3.87697743e-04
   3.56604573e+02  -1.83415017e-04
   3.56605062e+02  -6.19350758e-04
   3.56605550e+02  -5.69460797e-04
   3.56606038e+02  -3.48082162e-04
   3.56606527e+02  -2.09034857e-04
   3.56607015e+02  -4.51525237e-04
   3.56607503e+02  -5.18571294e-04
   3.56607992e+02  -3.88837361e-05
   3.56608480e+02   4.30378917e-04
   3.56608968e+02   5.82066190e-04
   3.56609457e+02   8.42317124e-04
   3.56609945e+02   8.43596645e-04
   3.56610433e+02   4.65609977e-04
   3.56610922e+02   1.30782108e-04
   3.56611410e+02  -3.96576652e-05
   3.56611898e+02  -1.18838434e-04
   3.56612386e+02  -5.90834417e-04
   3.56612875e+02  -1.05067261e-03
   3.56613363e+02  -6.94892311e-04
   3.56613851e+02  -2.40611334e-04
   3.56614340e+02  -2.22988543e-04
   3.56614828e+02  -4.03284299e-04
   3.56615316e+02  -4.37973707e-04
   3.56615805e+02  -1.20029799e-04
   3.56616293e+02   1.38577801e-04
   3.56616781e+02  -1.59588191e-04
   3.56617270e+02  -7.01497949e-04
   3.56617758e+02  -7.53806322e-04
   3.56618246e+02  -4.94734268e-04
   3.56618734e+02  -4.64288692e-04
   3.56619223e+02  -3.49518261e-04
   3.56619711e+02  -8.51201276e-06
   3.56620199e+02   3.22534033e-04
   3.56620688e+02   3.45618057e-04
   3.56621176e+02  -4.05493265e-05
   3.56621664e+02  -1.11407113e-04
   3.56622153e+02   2.34883832e-04
   3.56622641e+02   4.09034867e-04
   3.56623129e+02   3.19317653e-04
   3.56623618e+02   6.63381652e-05
   3.56624106e+02  -3.24230379e-04
   3.56624594e+02  -8.45089671e-04
   3.56625082e+02  -1.03211927e-03
   3.56625571e+02  -6.86442887e-04
   3.56626059e+02  -2.82924389e-04
   3.56626547e+02  -5.27641714e-05
   3.56627036e+02   2.84224283e-04
   3.56627524e+02   4.74933768e-04
   3.56628012e+02   1.23429723e-04
   3.56628501e+02  -3.20373947e-04
   3.56628989e+02  -4.18706040e-04
   3.56629477e+02  -3.18517472e-04
   3.56629966e+02  -2.12207626e-04
   3.56630454e+02  -1.02329628e-04
   3.56630942e+02  -7.67197489e-05
   3.56631430e+02   7.05812199e-05
   3.56631919e+02   9.37869772e-05
   3.56632407e+02   1.07122658e-04
   3.56632895e+02   3.54479882e-04
   3.56633384e+02   5.06120850e-04
   3.56633872e+02   5.20966540e-04
   3.56634360e+02   1.47779545e-04
   3.56634849e+02  -2.48551980e-04
   3.56635337e+02  -2.95377482e-04
   3.56635825e+02  -3.24089197e-04
   3.56636314e+02  -2.52895872e-04
   3.56636802e+02   8.68214993e-05
   3.56637290e+02   2.37172295e-04
   3.56637778e+02   1.38096904e-04
   3.56638267e+02   5.24459465e-05
   3.56638755e+02   9.25187123e-05
   3.56639243e+02   6.20757113e-04
   3.56639732e+02   8.95980222e-04
   3.56640220e+02   3.32291063e-04
   3.56640708e+02  -6.77860007e-05
   3.56641197e+02  -1.50976965e-04
   3.56641685e+02  -2.74573715e-04
   3.56642173e+02  -2.57827982e-04
   3.56642662e+02  -9.25668355e-05
   3.56643150e+02  -9.15626151e-05
   3.56643638e+02  -1.91669911e-04
   3.56644126e+02  -8.67196213e-05
   3.56644615e+02   9.55377327e-05
   3.56645103e+02  -1.37796189e-04
   3.56645591e+02  -2.66148825e-04
   3.56646080e+02   1.23510181e-04
   3.56646568e+02   2.73173675e-04
   3.56647056e+02  -1.33288675e-04
   3.56647545e+02  -2.32730876e-04
   3.56648033e+02  -2.50391859e-05
   3.56648521e+02  -2.42257651e-04
   3.56649010e+02  -6.76002528e-04
   3.56649498e+02  -5.82667824e-04
   3.56649986e+02   1.88654667e-04
   3.56650475e+02   5.72645513e-04
   3.56650963e+02   1.53299916e-04
   3.56651451e+02  -3.44931119e-04
   3.56651939e+02  -8.07078904e-04
   3.56652428e+02  -8.45756382e-04
   3.56652916e+02  -2.31172686e-04
   3.56653404e+02   1.75303227e-04
   3.56653893e+02   2.00525639e-04
   3.56654381e+02   3.69015288e-05
   3.56654869e+02  -8.22236107e-05
   3.56655358e+02   9.17853031e-05
   3.56655846e+02   5.93343866e-05
   3.56656334e+02  -1.51330853e-04
   3.56656823e+02  -1.52110515e-04
   3.56657311e+02  -1.37698953e-04
   3.56657799e+02   1.90778475e-04
   3.56658287e+02   7.05430924e-04
   3.56658776e+02   3.21379601e-04
   3.56659264e+02  -7.45872559e-04
   3.56659752e+02  -1.17041473e-03
   3.56660241e+02  -7.08287931e-04
   3.56660729e+02  -2.00051029e-04
   3.56661217e+02  -7.73662614e-05
   3.56661706e+02  -2.04765834e-04
   3.56662194e+02  -2.85296876e-04
   3.56662682e+02  -6.05270834e-05
   3.56663171e+02   4.42688615e-05
   3.56663659e+02  -2.52645346e-04
   3.56664147e+02  -4.55661764e-04
   3.56664635e+02  -2.70621065e-04
   3.56665124e+02  -1.66545462e-04
   3.56665612e+02   2.77931860e-04
   3.56666100e+02   9.16893594e-04
   3.56666589e+02   6.66893553e-04
   3.56667077e+02  -2.76391918e-04
   3.56667565e+02  -5.26680495e-04
   3.56668054e+02  -2.31975777e-04
   3.56668542e+02  -3.94405128e-04
   3.56669030e+02  -6.61237806e-04
   3.56669519e+02  -5.88599418e-04
   3.56670007e+02  -8.04300507e-05
   3.56670495e+02   2.49796984e-04
   3.56670983e+02  -1.98432041e-04
   3.56671472e+02  -5.39628323e-04
   3.56671960e+02  -1.47420054e-04
   3.56672448e+02   2.44040391e-04
   3.56672937e+02   7.64065189e-05
   3.56673425e+02   2.78364842e-05
   3.56673913e+02   3.63581697e-04
   3.56674402e+02   2.26260163e-04
   3.56674890e+02  -1.73976267e-04
   3.56675378e+02  -5.33225539e-04
   3.56675867e+02  -8.02275841e-04
   3.56676355e+02  -6.43456704e-04
   3.56676843e+02  -2.92287645e-04
   3.56677331e+02  -1.02610662e-04
   3.56677820e+02   2.98945215e-05
   3.56678308e+02   1.18421965e-04
   3.56678796e+02   1.86502453e-04
   3.56679285e+02   6.78319484e-05
   3.56679773e+02  -2.35900530e-04
   3.56680261e+02  -3.62157531e-04
   3.56680750e+02  -3.13419790e-04
   3.56681238e+02  -3.95254174e-04
   3.56681726e+02  -6.06332615e-04
   3.56682215e+02  -7.79300171e-04
   3.56682703e+02  -6.81170612e-04
   3.56683191e+02  -2.37453962e-04
   3.56683679e+02   2.02285621e-04
   3.56684168e+02   7.38179224e-05
   3.56684656e+02  -3.49345180e-04
   3.56685144e+02  -4.39486728e-04
   3.56685633e+02  -1.90117367e-04
   3.56686121e+02   1.22981786e-04
   3.56686609e+02   1.71825581e-04
   3.56687098e+02  -6.16600737e-05
   3.56687586e+02  -1.26830564e-04
   3.56688074e+02   3.82345781e-04
   3.56688563e+02   1.03509682e-03
   3.56689051e+02   1.14814984e-03
   3.56689539e+02   6.70769077e-04
   3.56690028e+02   8.76768099e-05
   3.56690516e+02  -1.40726726e-04
   3.56691004e+02  -3.58814359e-05
   3.56691492e+02   1.99019214e-05
   3.56691981e+02   1.17529315e-04
   3.56692469e+02   3.90511195e-05
   3.56692957e+02  -1.92851876e-04
   3.56693446e+02   1.27500625e-05
   3.56693934e+02   2.48903147e-04
   3.56694422e+02   2.40089270e-04
   3.56694911e+02   4.08341089e-04
   3.56695399e+02   3.56459903e-04
   3.56695887e+02   1.32600006e-04
   3.56696376e+02  -1.22063511e-05
   3.56696864e+02  -1.80612536e-04
   3.56697352e+02  -1.12080743e-04
   3.56697840e+02  -8.05442596e-07
   3.56698329e+02   3.95294228e-05
   3.56698817e+02  -1.13505499e-04
   3.56699305e+02  -6.10831426e-04
   3.56699794e+02  -7.65999430e-04
   3.56700282e+02  -2.33568237e-04
   3.56700770e+02   2.10925471e-04
   3.56701259e+02   2.36232358e-04
   3.56701747e+02   3.03811481e-04
   3.56702235e+02  -4.37473536e-05
   3.56702724e+02  -4.96294117e-04
   3.56703212e+02  -5.20810019e-04
   3.56703700e+02  -3.67775152e-04
   3.56704188e+02  -1.71468360e-04
   3.56704677e+02  -9.93905633e-05
   3.56705165e+02  -2.48448196e-04
   3.56705653e+02  -1.69268009e-04
   3.56706142e+02  -7.70932161e-07
   3.56706630e+02   9.30781680e-05
   3.56707118e+02   2.90307536e-04
   3.56707607e+02   2.54568207e-04
   3.56708095e+02  -1.49236439e-04
   3.56708583e+02  -3.65540298e-04
   3.56709072e+02  -4.64255827e-05
   3.56709560e+02   4.20271972e-04
   3.56710048e+02   3.93779017e-04
   3.56710536e+02  -2.54324023e-05
   3.56711025e+02  -3.41929932e-04
   3.56711513e+02  -1.97023459e-04
   3.56712001e+02  -1.41318596e-04
   3.56712490e+02  -3.06511880e-04
   3.56712978e+02   1.24551865e-04
   3.56713466e+02   5.67381852e-04
   3.56713955e+02   3.35269928e-04
   3.56714443e+02   1.58007577e-04
   3.56714931e+02   1.82589210e-04
   3.56715420e+02   3.71327333e-05
   3.56715908e+02  -2.87465227e-04
   3.56716396e+02  -4.03530081e-04
   3.56716884e+02   2.16196582e-04
   3.56717373e+02   8.32285034e-04
   3.56717861e+02   6.03898603e-04
   3.56718349e+02   3.00132029e-04
   3.56718838e+02   1.17518190e-04
   3.56719326e+02  -3.26350215e-04
   3.56719814e+02  -5.73783531e-04
   3.56720303e+02  -4.02245903e-04
   3.56720791e+02  -1.99674963e-04
   3.56721279e+02  -4.74632863e-04
   3.56721768e+02  -9.62070015e-04
   3.56722256e+02  -8.85891961e-04
   3.56722744e+02  -5.32742415e-04
   3.56723232e+02  -3.38638813e-04
   3.56723721e+02   3.72186769e-05
   3.56724209e+02   2.44745985e-04
   3.56724697e+02   1.65512480e-04
   3.56725186e+02   1.01735495e-04
   3.56725674e+02   1.74015688e-04
   3.56726162e+02   3.70604510e-04
   3.56726651e+02   2.52092897e-04
   3.56727139e+02  -2.51230435e-04
   3.56727627e+02  -6.95280440e-04
   3.56728116e+02  -9.93639929e-04
   3.56728604e+02  -6.60876045e-04
   3.56729092e+02   2.48943805e-04
   3.56729581e+02   6.33135438e-04
   3.56730069e+02   5.82730223e-04
   3.56730557e+02   6.37355144e-04
   3.56731045e+02   7.11311121e-04
   3.56731534e+02   6.80568453e-04
   3.56732022e+02   4.51947155e-04
   3.56732510e+02   2.67889081e-05
   3.56732999e+02  -2.20591857e-04
   3.56733487e+02  -1.18913071e-04
   3.56733975e+02   2.16243541e-04
   3.56734464e+02   5.68556308e-04
   3.56734952e+02   8.09239689e-04
   3.56735440e+02   8.00952548e-04
   3.56735929e+02   6.35447912e-04
   3.56736417e+02   4.01806668e-04
   3.56736905e+02   1.59606629e-04
   3.56737393e+02   1.41118551e-04
   3.56737882e+02   2.74604303e-04
   3.56738370e+02   2.61760695e-04
   3.56738858e+02   6.64967592e-05
   3.56739347e+02  -7.64476281e-05
   3.56739835e+02  -2.73397745e-04
   3.56740323e+02  -5.16816974e-04
   3.56740812e+02  -5.50469849e-04
   3.56741300e+02  -4.71861887e-04
   3.56741788e+02  -4.72510292e-04
   3.56742277e+02   1.09609855e-05
   3.56742765e+02   9.04745772e-04
   3.56743253e+02   1.02096645e-03
   3.56743741e+02   3.70434020e-04
   3.56744230e+02  -1.32955145e-04
   3.56744718e+02  -1.33531052e-04
   3.56745206e+02  -1.09428562e-04
   3.56745695e+02  -1.35484253e-04
   3.56746183e+02   8.73847675e-05
   3.56746671e+02   1.87045560e-04
   3.56747160e+02   2.75223167e-04
   3.56747648e+02   4.08519671e-04
   3.56748136e+02   3.24947148e-04
   3.56748625e+02   1.65372679e-04
   3.56749113e+02   1.69133127e-04
   3.56749601e+02   4.95576416e-04
   3.56750089e+02   6.19221013e-04
   3.56750578e+02   1.11561480e-04
   3.56751066e+02  -3.13788594e-04
   3.56751554e+02  -1.50187407e-04
   3.56752043e+02   8.18275803e-05
   3.56752531e+02  -1.23068414e-04
   3.56753019e+02  -2.74480553e-04
   3.56753508e+02  -1.87461163e-04
   3.56753996e+02  -2.39929403e-04
   3.56754484e+02  -2.02318930e-04
   3.56754973e+02   1.39848838e-04
   3.56755461e+02   2.42739858e-04
   3.56755949e+02  -1.79771669e-05
   3.56756437e+02  -3.59747472e-04
   3.56756926e+02  -5.21823997e-04
   3.56757414e+02  -3.03635810e-04
   3.56757902e+02  -3.87473090e-04
   3.56758391e+02  -3.93815775e-04
   3.56758879e+02   1.32656671e-04
   3.56759367e+02   1.65668171e-04
   3.56759856e+02   2.42387541e-05
   3.56760344e+02   1.13483242e-04
   3.56760832e+02   2.19361187e-04
   3.56761321e+02   3.19606857e-04
   3.56761809e+02   2.14968270e-04
   3.56762297e+02   2.58001455e-06
   3.56762785e+02  -9.85969164e-05
   3.56763274e+02   5.80338492e-05
   3.56763762e+02   4.30287240e-04
   3.56764250e+02   2.86974187e-04
   3.56764739e+02  -4.64907149e-04
   3.56765227e+02  -8.53507081e-04
   3.56765715e+02  -5.43404254e-04
   3.56766204e+02  -2.14124622e-04
   3.56766692e+02   1.43063749e-04
   3.56767180e+02   5.10989106e-04
   3.56767669e+02   3.46574874e-04
   3.56768157e+02   4.09014785e-04
   3.56768645e+02   8.85490444e-04
   3.56769134e+02   6.52720977e-04
   3.56769622e+02   3.02770321e-04
   3.56770110e+02   5.99468127e-04
   3.56770598e+02   8.45524890e-04
   3.56771087e+02   7.47865532e-04
   3.56771575e+02   4.10972658e-04
   3.56772063e+02  -3.36127705e-05
   3.56772552e+02  -8.16877073e-05
   3.56773040e+02   1.71589472e-05
   3.56773528e+02  -4.66014084e-04
   3.56774017e+02  -7.83559051e-04
   3.56774505e+02  -5.22522838e-04
   3.56774993e+02  -2.87623989e-04
   3.56775482e+02  -4.16149618e-04
   3.56775970e+02  -5.48254699e-04
   3.56776458e+02  -3.65544489e-04
   3.56776946e+02  -2.04211494e-04
   3.56777435e+02   1.03144186e-04
   3.56777923e+02   4.85758588e-04
   3.56778411e+02   4.19339660e-04
   3.56778900e+02   3.73912393e-04
   3.56779388e+02   4.01373662e-04
   3.56779876e+02   3.05760535e-04
   3.56780365e+02   1.58277646e-04
   3.56780853e+02   5.10431055e-05
   3.56781341e+02  -1.21502140e-04
   3.56781830e+02  -2.39086032e-04
   3.56782318e+02   1.96872807e-05
   3.56782806e+02   4.17426345e-04
   3.56783294e+02   6.17198937e-04
   3.56783783e+02   6.38480531e-04
   3.56784271e+02   5.44729817e-04
   3.56784759e+02   4.04451246e-04
   3.56785248e+02   2.67477881e-04
   3.56785736e+02   1.10249937e-04
   3.56786224e+02  -1.18681819e-04
   3.56786713e+02  -2.28932677e-05
   3.56787201e+02   5.90026539e-05
   3.56787689e+02  -4.99231566e-04
   3.56788178e+02  -8.45451315e-04
   3.56788666e+02  -4.46891383e-04
   3.56789154e+02  -2.07801277e-04
   3.56789642e+02  -2.00676135e-04
   3.56790131e+02  -9.30536407e-05
   3.56790619e+02  -4.11664048e-04
   3.56791107e+02  -6.82509679e-04
   3.56791596e+02  -2.94878875e-04
   3.56792084e+02   6.00830972e-05
   3.56792572e+02   1.84777979e-04
   3.56793061e+02   1.29326014e-04
   3.56793549e+02  -1.21931909e-04
   3.56794037e+02  -4.20374272e-04
   3.56794526e+02  -6.63180719e-04
   3.56795014e+02  -6.89415028e-04
   3.56795502e+02  -6.28440175e-04
   3.56795990e+02  -4.60109848e-04
   3.56796479e+02  -1.29578664e-04
   3.56796967e+02   1.15600284e-04
   3.56797455e+02   3.39340535e-04
   3.56797944e+02   6.87126361e-04
   3.56798432e+02   7.68830068e-04
   3.56798920e+02   5.19788475e-04
   3.56799409e+02   3.22901353e-04
   3.56799897e+02   3.90781439e-04
   3.56800385e+02   5.20302914e-04
   3.56800874e+02   1.11145215e-04
   3.56801362e+02  -3.77350778e-04
   3.56801850e+02  -4.15324670e-04
   3.56802338e+02  -1.02329795e-04
   3.56802827e+02   3.91636626e-04
   3.56803315e+02   3.60017671e-04
   3.56803803e+02  -4.17544761e-05
   3.56804292e+02   1.80495408e-05
   3.56804780e+02   7.64485685e-06
   3.56805268e+02   6.06370268e-05
   3.56805757e+02   4.34053363e-04
   3.56806245e+02   3.90737579e-04
   3.56806733e+02   2.08989601e-04
   3.56807222e+02   2.02445895e-04
   3.56807710e+02   7.93821964e-05
   3.56808198e+02   2.46831507e-04
   3.56808687e+02   4.66094789e-04
   3.56809175e+02   1.89903629e-04
   3.56809663e+02  -9.01484309e-05
   3.56810151e+02  -5.27997792e-04
   3.56810640e+02  -7.18992320e-04
   3.56811128e+02  -2.19985115e-04
   3.56811616e+02   2.45043193e-04
   3.56812105e+02   1.90347011e-04
   3.56812593e+02  -4.39479452e-04
   3.56813081e+02  -4.92315972e-04
   3.56813570e+02   1.35608745e-04
   3.56814058e+02  -3.33543030e-05
   3.56814546e+02  -3.72622395e-04
   3.56815035e+02  -2.83471105e-04
   3.56815523e+02  -2.89163116e-04
   3.56816011e+02   1.56055059e-04
   3.56816499e+02   7.19438831e-04
   3.56816988e+02   5.00036520e-04
   3.56817476e+02   3.28021502e-04
   3.56817964e+02   4.25154052e-04
   3.56818453e+02   1.92674823e-04
   3.56818941e+02  -1.06806801e-04
   3.56819429e+02   4.81693351e-05
   3.56819918e+02   4.46105463e-04
   3.56820406e+02   4.30911285e-04
   3.56820894e+02  -2.69893735e-05
   3.56821383e+02  -4.66990459e-04
   3.56821871e+02  -3.27952759e-04
   3.56822359e+02   1.87714191e-04
   3.56822847e+02   3.53119452e-04
   3.56823336e+02   3.32228345e-04
   3.56823824e+02   5.49886259e-04
   3.56824312e+02   7.37559283e-04
   3.56824801e+02   7.98135996e-04
   3.56825289e+02   8.57237668e-04
   3.56825777e+02   5.98322484e-04
   3.56826266e+02   1.18895128e-04
   3.56826754e+02   4.33797904e-05
   3.56827242e+02   2.76706211e-04
   3.56827731e+02   5.17444802e-04
   3.56828219e+02   5.09500154e-04
   3.56828707e+02   3.90041532e-04
   3.56829195e+02   3.21007974e-04
   3.56829684e+02   8.30757708e-05
   3.56830172e+02   3.65615153e-04
   3.56830660e+02   8.41954257e-04
   3.56831149e+02   3.56002303e-04
   3.56831637e+02  -3.14584729e-04
   3.56832125e+02  -6.20665029e-04
   3.56832614e+02  -2.11589824e-04
   3.56833102e+02   2.18200090e-04
   3.56833590e+02   9.51133843e-05
   3.56834079e+02   2.09965976e-04
   3.56834567e+02   3.94018716e-04
   3.56835055e+02   3.87904787e-04
   3.56835543e+02   4.39487019e-04
   3.56836032e+02   3.40190047e-04
   3.56836520e+02  -1.93912529e-05
   3.56837008e+02  -3.87598731e-04
   3.56837497e+02  -4.91048559e-04
   3.56837985e+02  -6.62118720e-04
   3.56838473e+02  -8.28052987e-04
   3.56838962e+02  -2.05451739e-04
   3.56839450e+02   6.11649826e-04
   3.56839938e+02   5.26548945e-04
   3.56840427e+02  -3.60766026e-05
   3.56840915e+02  -2.30006379e-04
   3.56841403e+02  -2.10606406e-04
   3.56841891e+02  -4.98485751e-05
   3.56842380e+02  -5.83593282e-05
   3.56842868e+02  -3.58009129e-04
   3.56843356e+02  -7.88063218e-04
   3.56843845e+02  -8.35440354e-04
   3.56844333e+02  -7.69107253e-04
   3.56844821e+02  -1.07938470e-03
   3.56845310e+02  -1.18961441e-03
   3.56845798e+02  -9.19951708e-04
   3.56846286e+02  -6.79433288e-04
   3.56846775e+02  -4.79929557e-04
   3.56847263e+02  -1.67624385e-04
   3.56847751e+02  -2.80359236e-05
   3.56848240e+02   1.97786721e-04
   3.56848728e+02   5.98615967e-04
   3.56849216e+02   6.17859128e-04
   3.56849704e+02   3.81453399e-04
   3.56850193e+02   2.56621162e-04
   3.56850681e+02   5.70891898e-05
   3.56851169e+02  -9.70662586e-05
   3.56851658e+02  -2.99510630e-05
   3.56852146e+02  -2.44419265e-04
   3.56852634e+02  -4.09145083e-04
   3.56853123e+02   4.38800416e-05
   3.56853611e+02   4.73788765e-04
   3.56854099e+02   9.87588355e-05
   3.56854588e+02  -5.12502156e-04
   3.56855076e+02  -4.38412069e-04
   3.56855564e+02  -2.06397250e-04
   3.56856052e+02  -1.08108361e-04
   3.56856541e+02   1.84423145e-04
   3.56857029e+02   2.57296429e-04
   3.56857517e+02  -5.35589024e-05
   3.56858006e+02  -3.16863123e-04
   3.56858494e+02   1.99411897e-05
   3.56858982e+02   6.93125592e-04
   3.56859471e+02   7.42507458e-04
   3.56859959e+02   5.34786610e-04
   3.56860447e+02   5.82710549e-04
   3.56860936e+02   4.37412062e-04
   3.56861424e+02   1.29565393e-04
   3.56861912e+02   4.99012094e-05
   3.56862400e+02  -2.36693049e-05
   3.56862889e+02  -3.75671923e-04
   3.56863377e+02  -5.76938910e-04
   3.56863865e+02  -3.44934902e-04
   3.56864354e+02  -1.73610591e-04
   3.56864842e+02  -3.54430958e-04
   3.56865330e+02  -4.45957849e-04
   3.56865819e+02  -4.75142529e-04
   3.56866307e+02  -4.10246081e-04
   3.56866795e+02   1.03870654e-04
   3.56867284e+02   2.87412142e-04
   3.56867772e+02   2.38080047e-05
   3.56868260e+02  -5.57297317e-05
   3.56868748e+02  -8.33530576e-05
   3.56869237e+02  -2.14682819e-04
   3.56869725e+02  -1.70934538e-04
   3.56870213e+02  -3.25390662e-04
   3.56870702e+02  -7.86962511e-04
   3.56871190e+02  -7.45633908e-04
   3.56871678e+02  -3.55988625e-04
   3.56872167e+02   2.84111102e-05
   3.56872655e+02  -6.79876903e-05
   3.56873143e+02  -5.22714574e-04
   3.56873632e+02  -4.45410202e-04
   3.56874120e+02   4.66058846e-05
   3.56874608e+02   2.14785003e-04
   3.56875096e+02  -3.43701075e-04
   3.56875585e+02  -8.46844283e-04
   3.56876073e+02  -5.17851266e-04
   3.56876561e+02   8.37761327e-05
   3.56877050e+02   2.58601998e-04
   3.56877538e+02  -1.82266565e-04
   3.56878026e+02  -5.53609570e-04
   3.56878515e+02  -3.30093171e-05
   3.56879003e+02   7.56971247e-04
   3.56879491e+02   5.24202595e-04
   3.56879980e+02  -4.05538623e-04
   3.56880468e+02  -6.30389608e-04
   3.56880956e+02  -1.06006744e-04
   3.56881444e+02   4.76297806e-04
   3.56881933e+02   6.06775342e-04
   3.56882421e+02   3.39668099e-04
   3.56882909e+02  -8.30232166e-05
   3.56883398e+02  -3.53291602e-04
   3.56883886e+02  -7.45237048e-05
   3.56884374e+02   3.94756556e-04
   3.56884863e+02   3.95220181e-04
   3.56885351e+02   2.07137564e-04
   3.56885839e+02   2.16012035e-04
   3.56886328e+02   2.98419065e-04
   3.56886816e+02   4.96399007e-04
   3.56887304e+02   4.88446676e-04
   3.56887793e+02  -2.00489158e-04
   3.56888281e+02  -4.25558886e-04
   3.56888769e+02   4.11025831e-05
   3.56889257e+02  -6.09517519e-05
   3.56889746e+02  -1.68447994e-04
   3.56890234e+02   8.53343226e-05
   3.56890722e+02  -1.95743880e-04
   3.56891211e+02  -6.97585405e-04
   3.56891699e+02  -6.86864369e-04
   3.56892187e+02  -3.94065864e-04
   3.56892676e+02  -2.04046155e-04
   3.56893164e+02  -2.75200262e-04
   3.56893652e+02  -1.16590389e-04
   3.56894141e+02   4.01631463e-04
   3.56894629e+02   5.04332304e-04
   3.56895117e+02   4.28680971e-04
   3.56895605e+02   3.84434505e-04
   3.56896094e+02   2.26170014e-04
   3.56896582e+02   2.99799838e-04
   3.56897070e+02   3.98714707e-04
   3.56897559e+02   2.40072477e-04
   3.56898047e+02   1.88116988e-04
   3.56898535e+02   3.12077143e-04
   3.56899024e+02   1.00574776e-04
   3.56899512e+02  -5.34147490e-04
   3.56900000e+02  -6.47470762e-04
   3.56900489e+02  -4.44681820e-04
   3.56900977e+02  -1.36502465e-04
   3.56901465e+02   1.44589358e-04
   3.56901953e+02   3.77995399e-04
   3.56902442e+02   3.11677635e-04
   3.56902930e+02   8.00248527e-05
   3.56903418e+02  -3.44082873e-05
   3.56903907e+02  -2.18204965e-04
   3.56904395e+02  -4.73947090e-04
   3.56904883e+02  -4.28352272e-04
   3.56905372e+02   9.03280579e-06
   3.56905860e+02   4.16693103e-04
   3.56906348e+02   4.50587570e-04
   3.56906837e+02   4.45769692e-04
   3.56907325e+02   3.24055902e-04
   3.56907813e+02   3.47163004e-04
   3.56908301e+02   6.25856104e-04
   3.56908790e+02   2.81338987e-04
   3.56909278e+02  -1.82131407e-04
   3.56909766e+02  -1.12702612e-04
   3.56910255e+02   1.24842118e-04
   3.56910743e+02   3.61247658e-04
   3.56911231e+02   3.68518231e-04
   3.56911720e+02   1.37321404e-04
   3.56912208e+02   1.02701815e-04
   3.56912696e+02   3.30847397e-04
   3.56913185e+02   3.99782439e-04
   3.56913673e+02   1.15727948e-04
   3.56914161e+02  -7.94020016e-05
   3.56914649e+02  -7.31244927e-06
   3.56915138e+02   1.31276523e-04
   3.56915626e+02   1.66444515e-04
   3.56916114e+02   2.58076507e-05
   3.56916603e+02  -1.86328209e-04
   3.56917091e+02  -1.56790542e-04
   3.56917579e+02  -1.60482712e-04
   3.56918068e+02  -3.70928843e-04
   3.56918556e+02  -8.18744156e-05
   3.56919044e+02   4.95082932e-04
   3.56919533e+02   4.32230794e-04
   3.56920021e+02   6.66630440e-05
   3.56920509e+02   1.92437248e-04
   3.56920997e+02   3.70211143e-04
   3.56921486e+02   1.04491992e-04
   3.56921974e+02   7.14931739e-05
   3.56922462e+02   4.31023247e-04
   3.56922951e+02   5.04486030e-04
   3.56923439e+02   2.48035358e-04
   3.56923927e+02   6.90142333e-05
   3.56924416e+02   2.87382340e-04
   3.56924904e+02   2.05250908e-04
   3.56925392e+02  -2.79631640e-04
   3.56925881e+02  -2.40092646e-04
   3.56926369e+02   8.45338800e-05
   3.56926857e+02   5.83032052e-05
   3.56927346e+02   8.03655130e-05
   3.56927834e+02   5.20893900e-06
   3.56928322e+02  -1.47108178e-04
   3.56928810e+02   2.07433710e-04
   3.56929299e+02   5.12242725e-04
   3.56929787e+02   4.61488060e-04
   3.56930275e+02   3.76586802e-04
   3.56930764e+02   2.73615005e-04
   3.56931252e+02  -4.81122916e-05
   3.56931740e+02  -4.31954744e-04
   3.56932229e+02  -6.36696350e-04
   3.56932717e+02  -6.21862942e-04
   3.56933205e+02  -1.24176120e-04
   3.56933694e+02   5.41165238e-04
   3.56934182e+02   6.07813068e-04
   3.56934670e+02   4.02032369e-04
   3.56935158e+02   5.28998382e-04
   3.56935647e+02   7.18488300e-04
   3.56936135e+02   6.64173218e-04
   3.56936623e+02   4.94110398e-04
   3.56937112e+02   3.64180567e-04
   3.56937600e+02   2.28779216e-04
   3.56938088e+02   1.70126266e-04
   3.56938577e+02   1.01923630e-04
   3.56939065e+02  -1.43343219e-04
   3.56939553e+02  -1.34242218e-04
   3.56940042e+02   2.13322812e-04
   3.56940530e+02   3.90890462e-04
   3.56941018e+02   5.40381647e-04
   3.56941506e+02   6.50315371e-04
   3.56941995e+02   6.22580119e-04
   3.56942483e+02   6.03532768e-04
   3.56942971e+02   4.22002136e-04
   3.56943460e+02   2.08520622e-04
   3.56943948e+02   2.89958666e-06
   3.56944436e+02  -5.26448730e-06
   3.56944925e+02   3.38617159e-04
   3.56945413e+02   5.43134462e-04
   3.56945901e+02   7.54692359e-04
   3.56946390e+02   9.76585667e-04
   3.56946878e+02   6.56186370e-04
   3.56947366e+02  -1.85876444e-04
   3.56947854e+02  -5.61636814e-04
   3.56948343e+02  -9.69135072e-05
   3.56948831e+02   3.42846673e-04
   3.56949319e+02   4.09712433e-04
   3.56949808e+02   2.54039827e-04
   3.56950296e+02   1.16124487e-04
   3.56950784e+02   2.83902773e-04
   3.56951273e+02   1.60948141e-04
   3.56951761e+02  -2.94274330e-04
   3.56952249e+02  -1.32685294e-04
   3.56952738e+02  -2.79555843e-05
   3.56953226e+02  -3.98885633e-04
   3.56953714e+02  -4.48430248e-04
   3.56954202e+02  -1.34381218e-04
   3.56954691e+02   2.19182359e-04
   3.56955179e+02   2.24459538e-04
   3.56955667e+02  -1.04181330e-04
   3.56956156e+02  -1.35831855e-04
   3.56956644e+02  -1.65097372e-04
   3.56957132e+02  -4.98442037e-04
   3.56957621e+02  -7.07331812e-04
   3.56958109e+02  -9.89212640e-05
   3.56958597e+02  -9.02667216e-06
   3.56959086e+02  -1.24113489e-04
   3.56959574e+02  -2.20308193e-05
   3.56960062e+02   2.48538505e-04
   3.56960550e+02   7.81954441e-04
   3.56961039e+02   6.78876939e-04
   3.56961527e+02   2.79767963e-04
   3.56962015e+02   2.98134342e-04
   3.56962504e+02   8.34102830e-05
   3.56962992e+02  -2.61857698e-04
   3.56963480e+02  -3.37700534e-04
   3.56963969e+02  -1.45579441e-04
   3.56964457e+02   1.27226522e-04
   3.56964945e+02   2.61571375e-04
   3.56965434e+02   4.36699367e-04
   3.56965922e+02   5.16420812e-04
   3.56966410e+02   3.00488406e-04
   3.56966899e+02   6.91379173e-05
   3.56967387e+02   1.37662180e-04
   3.56967875e+02   4.14694601e-04
   3.56968363e+02   2.62028247e-04
   3.56968852e+02  -3.62513470e-04
   3.56969340e+02  -5.71459532e-04
   3.56969828e+02  -4.18734882e-04
   3.56970317e+02  -3.49287497e-04
   3.56970805e+02  -2.76375620e-04
   3.56971293e+02  -3.30336654e-04
   3.56971782e+02  -3.78525525e-04
   3.56972270e+02  -6.03830085e-05
   3.56972758e+02  -1.92584048e-05
   3.56973247e+02  -3.86757165e-04
   3.56973735e+02  -4.76959685e-04
   3.56974223e+02  -1.27973806e-04
   3.56974711e+02   2.89770600e-04
   3.56975200e+02   3.71699687e-04
   3.56975688e+02  -2.73319922e-04
   3.56976176e+02  -1.05910795e-03
   3.56976665e+02  -1.26932270e-03
   3.56977153e+02  -9.17259720e-04
   3.56977641e+02  -3.12368851e-04
   3.56978130e+02   2.62019952e-04
   3.56978618e+02   2.86979106e-04
   3.56979106e+02   1.23907403e-05
   3.56979595e+02  -7.40492324e-05
   3.56980083e+02  -3.40752071e-04
   3.56980571e+02  -2.43052680e-04
   3.56981059e+02   4.71985637e-04
   3.56981548e+02   5.78524370e-04
   3.56982036e+02   1.87946687e-04
   3.56982524e+02  -7.65776713e-05
   3.56983013e+02  -4.69301624e-04
   3.56983501e+02  -7.18830561e-04
   3.56983989e+02  -4.26966901e-04
   3.56984478e+02  -4.72867861e-04
   3.56984966e+02  -6.78175711e-04
   3.56985454e+02  -4.39427764e-04
   3.56985943e+02  -8.54746177e-05
   3.56986431e+02   1.43125017e-05
   3.56986919e+02  -1.10606517e-04
   3.56987407e+02  -8.28165284e-05
   3.56987896e+02  -1.86033736e-04
   3.56988384e+02  -2.18515954e-04
   3.56988872e+02   1.17451367e-04
   3.56989361e+02   4.61094605e-04
   3.56989849e+02   3.90985835e-04
   3.56990337e+02  -4.72246393e-05
   3.56990826e+02   1.11286445e-05
   3.56991314e+02   6.72693597e-04
   3.56991802e+02   1.03325408e-03
   3.56992291e+02   7.67552585e-04
   3.56992779e+02   3.25847795e-04
   3.56993267e+02   3.03146138e-04
   3.56993755e+02   3.58711986e-04
   3.56994244e+02   1.14471703e-04
   3.56994732e+02   1.14027600e-04
   3.56995220e+02   7.02420773e-04
   3.56995709e+02   1.04421715e-03
   3.56996197e+02   8.61616747e-04
   3.56996685e+02   5.71609882e-04
   3.56997174e+02   6.71625021e-05
   3.56997662e+02  -3.43259366e-04
   3.56998150e+02  -4.18903772e-04
   3.56998639e+02  -1.26560684e-04
   3.56999127e+02   3.59355792e-04
   3.56999615e+02   4.44711797e-04
   3.57000103e+02   1.33204434e-04
   3.57000592e+02  -2.79284122e-05
   3.57001080e+02   9.89375258e-05
   3.57001568e+02   6.17939804e-05
   3.57002057e+02  -3.30652721e-04
   3.57002545e+02  -6.49207155e-04
   3.57003033e+02  -4.89576720e-04
   3.57003522e+02  -1.35308161e-04
   3.57004010e+02   7.33470952e-05
   3.57004498e+02   1.24512735e-04
   3.57004987e+02  -1.90095539e-04
   3.57005475e+02  -3.52257863e-04
   3.57005963e+02  -1.08805747e-04
   3.57006451e+02  -1.19340781e-04
   3.57006940e+02  -3.37139209e-04
   3.57007428e+02  -4.40749456e-04
   3.57007916e+02  -2.79785803e-04
   3.57008405e+02  -6.92590329e-05
   3.57008893e+02  -3.47407913e-05
   3.57009381e+02  -6.52359449e-05
   3.57009870e+02  -9.34034033e-05
   3.57010358e+02  -1.10658511e-04
   3.57010846e+02  -2.35175990e-04
   3.57011335e+02  -3.85460735e-04
   3.57011823e+02  -4.68027050e-04
   3.57012311e+02  -3.90969799e-04
   3.57012800e+02  -2.79305910e-04
   3.57013288e+02  -2.60932924e-04
   3.57013776e+02  -1.20988298e-04
   3.57014264e+02   5.98522638e-06
   3.57014753e+02  -5.80833548e-05
   3.57015241e+02  -3.13212106e-04
   3.57015729e+02  -5.22826915e-04
   3.57016218e+02  -5.09410864e-04
   3.57016706e+02  -2.35352811e-04
   3.57017194e+02   1.20738412e-04
   3.57017683e+02   5.69213480e-05
   3.57018171e+02  -3.00774933e-04
   3.57018659e+02  -2.19950758e-04
   3.57019148e+02  -2.07562916e-05
   3.57019636e+02  -1.45176251e-04
   3.57020124e+02  -3.27213376e-04
   3.57020612e+02  -2.31462720e-04
   3.57021101e+02  -2.21237467e-04
   3.57021589e+02  -5.12646046e-04
   3.57022077e+02  -5.02054696e-04
   3.57022566e+02   1.23977923e-04
   3.57023054e+02   3.63052241e-04
   3.57023542e+02   3.26922418e-05
   3.57024031e+02  -4.20048927e-05
   3.57024519e+02   1.67970175e-05
   3.57025007e+02   2.33263436e-05
   3.57025496e+02   1.16672301e-04
   3.57025984e+02   7.52586129e-05
   3.57026472e+02  -2.40008885e-04
   3.57026960e+02  -2.30491612e-04
   3.57027449e+02   3.26343201e-04
   3.57027937e+02   3.15648329e-04
   3.57028425e+02  -2.31803642e-04
   3.57028914e+02  -2.89176212e-04
   3.57029402e+02  -1.77788927e-04
   3.57029890e+02  -1.98666283e-04
   3.57030379e+02  -8.11915888e-05
   3.57030867e+02  -1.15455427e-04
   3.57031355e+02  -2.73334954e-05
   3.57031844e+02   5.12213039e-04
   3.57032332e+02   5.87729854e-04
   3.57032820e+02   6.14400706e-05
   3.57033308e+02  -6.27577014e-04
   3.57033797e+02  -9.50496353e-04
   3.57034285e+02  -5.10412559e-04
   3.57034773e+02  -1.16260046e-04
   3.57035262e+02  -1.38050367e-04
   3.57035750e+02  -2.43354545e-04
   3.57036238e+02  -3.20703955e-04
   3.57036727e+02  -2.10172278e-04
   3.57037215e+02   4.76570276e-05
   3.57037703e+02   4.40914082e-05
   3.57038192e+02  -3.09777279e-05
   3.57038680e+02   2.56573519e-04
   3.57039168e+02   2.37039800e-04
   3.57039656e+02  -2.04964090e-04
   3.57040145e+02  -1.50685140e-04
   3.57040633e+02  -7.48441234e-05
   3.57041121e+02  -2.04535812e-04
   3.57041610e+02   2.16965796e-04
   3.57042098e+02   6.89185283e-04
   3.57042586e+02   2.04458076e-04
   3.57043075e+02  -5.23799215e-04
   3.57043563e+02  -1.40395598e-04
   3.57044051e+02   5.59508801e-04
   3.57044540e+02   5.48661395e-04
   3.57045028e+02   2.89899530e-04
   3.57045516e+02   1.77674112e-04
   3.57046004e+02   6.02495456e-05
   3.57046493e+02   1.32123678e-04
   3.57046981e+02   4.27363382e-04
   3.57047469e+02   3.66661232e-04
   3.57047958e+02  -1.77648588e-04
   3.57048446e+02  -5.36589883e-04
   3.57048934e+02  -1.38987249e-04
   3.57049423e+02   5.54030004e-04
   3.57049911e+02   5.67615672e-04
   3.57050399e+02   2.06672179e-04
   3.57050888e+02   5.03182710e-05
   3.57051376e+02  -1.17672615e-04
   3.57051864e+02  -2.98201339e-04
   3.57052353e+02  -4.69704682e-04
   3.57052841e+02  -5.72905410e-04
   3.57053329e+02  -5.67397976e-04
   3.57053817e+02  -6.21723942e-04
   3.57054306e+02  -5.78622392e-04
   3.57054794e+02  -4.74399625e-04
   3.57055282e+02  -2.81178654e-04
   3.57055771e+02   2.18293571e-04
   3.57056259e+02   5.98203565e-04
   3.57056747e+02   5.54809405e-04
   3.57057236e+02   4.23798891e-04
   3.57057724e+02   3.82456084e-04
   3.57058212e+02   7.23748526e-05
   3.57058701e+02  -1.57240953e-04
   3.57059189e+02  -7.74163127e-05
   3.57059677e+02   1.72151616e-04
   3.57060165e+02   5.16291941e-04
   3.57060654e+02   7.61390722e-04
   3.57061142e+02   4.62873548e-04
   3.57061630e+02  -1.18627540e-04
   3.57062119e+02  -3.22902459e-04
   3.57062607e+02  -2.86690956e-05
   3.57063095e+02   5.14219224e-04
   3.57063584e+02   6.50015310e-04
   3.57064072e+02   3.13888100e-04
   3.57064560e+02   9.10004092e-05
   3.57065049e+02   2.45882140e-04
   3.57065537e+02   2.65646057e-04
   3.57066025e+02  -4.65300982e-05
   3.57066513e+02  -6.97693322e-05
   3.57067002e+02   1.80302508e-04
   3.57067490e+02   3.43206018e-04
   3.57067978e+02   3.72947892e-04
   3.57068467e+02   2.10103302e-04
   3.57068955e+02   9.87548265e-06
   3.57069443e+02  -1.53150278e-04
   3.57069932e+02  -1.18003212e-04
   3.57070420e+02  -4.06183426e-06
   3.57070908e+02  -2.90290973e-05
   3.57071397e+02  -1.71350039e-04
   3.57071885e+02  -3.49285809e-04
   3.57072373e+02  -1.22806523e-04
   3.57072861e+02   1.43529775e-04
   3.57073350e+02  -2.28311561e-04
   3.57073838e+02  -6.63757673e-04
   3.57074326e+02  -6.01048348e-04
   3.57074815e+02  -3.46513523e-04
   3.57075303e+02  -1.52338660e-04
   3.57075791e+02  -3.79788311e-04
   3.57076280e+02  -6.32306735e-04
   3.57076768e+02  -6.04321074e-04
   3.57077256e+02  -4.84358781e-04
   3.57077745e+02  -4.63477918e-04
   3.57078233e+02  -5.39743691e-04
   3.57078721e+02  -4.25039441e-04
   3.57079209e+02  -2.61019159e-04
   3.57079698e+02   7.04593094e-06
   3.57080186e+02   4.10231296e-04
   3.57080674e+02   1.60044525e-04
   3.57081163e+02  -4.37556562e-04
   3.57081651e+02  -6.73021830e-04
   3.57082139e+02  -6.71278627e-04
   3.57082628e+02  -3.64303327e-04
   3.57083116e+02   4.22864032e-05
   3.57083604e+02   2.20454924e-04
   3.57084093e+02  -7.76565321e-06
   3.57084581e+02  -1.13421680e-04
   3.57085069e+02   2.69377604e-04
   3.57085557e+02   3.74096067e-04
   3.57086046e+02   2.69441825e-05
   3.57086534e+02  -5.67721654e-05
   3.57087022e+02   2.36953769e-04
   3.57087511e+02   2.68038712e-04
   3.57087999e+02   1.84510907e-04
   3.57088487e+02   2.76031875e-04
   3.57088976e+02  -6.60347796e-05
   3.57089464e+02  -3.42986459e-04
   3.57089952e+02  -2.97487364e-04
   3.57090441e+02  -3.62149702e-04
   3.57090929e+02  -3.10924719e-04
   3.57091417e+02  -2.57128151e-04
   3.57091906e+02  -2.80936394e-04
   3.57092394e+02  -1.08092536e-04
   3.57092882e+02   1.44938022e-04
   3.57093370e+02   2.39248897e-04
   3.57093859e+02  -8.27048061e-05
   3.57094347e+02  -2.75971863e-04
   3.57094835e+02   3.24531247e-05
   3.57095324e+02   1.87008176e-04
   3.57095812e+02   9.86800878e-05
   3.57096300e+02   2.67221476e-04
   3.57096789e+02   5.15509571e-04
   3.57097277e+02   2.63141788e-04
   3.57097765e+02  -7.58436945e-05
   3.57098254e+02   8.22076108e-05
   3.57098742e+02   4.60828654e-04
   3.57099230e+02   3.74061085e-04
   3.57099718e+02  -2.19372843e-04
   3.57100207e+02  -5.80963504e-04
   3.57100695e+02  -2.38562905e-04
   3.57101183e+02   2.97662511e-04
   3.57101672e+02   1.39701981e-04
   3.57102160e+02  -3.40862927e-04
   3.57102648e+02  -2.27525772e-04
   3.57103137e+02   2.14457992e-04
   3.57103625e+02   1.41205397e-04
   3.57104113e+02  -4.88285325e-04
   3.57104602e+02  -8.53908132e-04
   3.57105090e+02  -5.57787775e-04
   3.57105578e+02  -4.03702397e-05
   3.57106066e+02   2.45462608e-04
   3.57106555e+02   3.19298793e-04
   3.57107043e+02   1.08215274e-04
   3.57107531e+02   6.16510169e-06
   3.57108020e+02   1.65680554e-04
   3.57108508e+02   6.47973284e-05
   3.57108996e+02  -1.40787888e-04
   3.57109485e+02   1.89076949e-04
   3.57109973e+02   5.67693904e-04
   3.57110461e+02   5.31936646e-04
   3.57110950e+02   3.35839373e-04
   3.57111438e+02   1.11506006e-05
   3.57111926e+02  -9.44492131e-05
   3.57112414e+02  -1.04121740e-04
   3.57112903e+02  -3.85932770e-04
   3.57113391e+02  -4.91017650e-04
   3.57113879e+02  -1.91852203e-04
   3.57114368e+02   4.39477764e-04
   3.57114856e+02   9.18082718e-04
   3.57115344e+02   7.81411247e-04
   3.57115833e+02   6.53107010e-04
   3.57116321e+02   6.21677958e-04
   3.57116809e+02   2.12778730e-04
   3.57117298e+02  -2.80878448e-04
   3.57117786e+02  -6.32051262e-04
   3.57118274e+02  -4.98841109e-04
   3.57118762e+02  -6.74776857e-06
   3.57119251e+02   2.73795682e-04
   3.57119739e+02   4.66154917e-04
   3.57120227e+02   6.42039988e-04
   3.57120716e+02   7.84886477e-04
   3.57121204e+02   7.35572947e-04
   3.57121692e+02   2.80680571e-04
   3.57122181e+02   1.22927086e-04
   3.57122669e+02   1.14424460e-04
   3.57123157e+02  -2.69612035e-04
   3.57123646e+02  -2.42239301e-04
   3.57124134e+02   2.72702833e-04
   3.57124622e+02   5.44395647e-04
   3.57125110e+02   4.27276333e-04
   3.57125599e+02   1.99613540e-04
   3.57126087e+02   1.03374070e-04
   3.57126575e+02   2.39657631e-04
   3.57127064e+02   3.81868420e-04
   3.57127552e+02   8.17762280e-04
   3.57128040e+02   1.15229515e-03
   3.57128529e+02   7.57689704e-04
   3.57129017e+02   4.09594737e-04
   3.57129505e+02   1.78646995e-04
   3.57129994e+02  -4.13921953e-05
   3.57130482e+02   6.38857018e-05
   3.57130970e+02   2.11754188e-04
   3.57131459e+02   4.47358820e-04
   3.57131947e+02   7.40177114e-04
   3.57132435e+02   4.34422283e-04
   3.57132923e+02  -9.24736814e-05
   3.57133412e+02  -5.62285604e-05
   3.57133900e+02  -3.98630254e-05
   3.57134388e+02  -2.34797099e-05
   3.57134877e+02  -1.34353744e-04
   3.57135365e+02  -1.64496887e-04
   3.57135853e+02  -2.25523952e-04
   3.57136342e+02  -4.04708466e-04
   3.57136830e+02  -3.67063039e-04
   3.57137318e+02  -1.62289289e-05
   3.57137807e+02   6.06499198e-05
   3.57138295e+02   4.57931092e-05
   3.57138783e+02   2.44591472e-04
   3.57139271e+02   1.97869769e-04
   3.57139760e+02   7.16493596e-05
   3.57140248e+02   4.78656555e-04
   3.57140736e+02   7.96696753e-04
   3.57141225e+02   5.24642295e-04
   3.57141713e+02   1.61110846e-04
   3.57142201e+02  -2.25791693e-04
   3.57142690e+02  -5.39646600e-04
   3.57143178e+02  -2.40228532e-04
   3.57143666e+02   6.10498901e-05
   3.57144155e+02   9.42641855e-05
   3.57144643e+02   2.10854720e-04
   3.57145131e+02   8.06491880e-05
   3.57145619e+02  -1.24653889e-06
   3.57146108e+02  -9.90294502e-05
   3.57146596e+02  -3.32915661e-04
   3.57147084e+02  -3.75008618e-04
   3.57147573e+02  -2.59822642e-04
   3.57148061e+02   4.36735099e-05
   3.57148549e+02   3.62545077e-04
   3.57149038e+02   2.64042697e-04
   3.57149526e+02   3.19381179e-05
   3.57150014e+02  -2.58225045e-04
   3.57150503e+02  -3.64333362e-04
   3.57150991e+02   4.58389986e-05
   3.57151479e+02   1.40149321e-04
   3.57151967e+02  -2.30621474e-04
   3.57152456e+02   9.65606741e-05
   3.57152944e+02   6.59221143e-04
   3.57153432e+02   4.66584228e-04
   3.57153921e+02   1.62100827e-04
   3.57154409e+02   2.35696498e-04
   3.57154897e+02   3.40876606e-04
   3.57155386e+02   4.82327421e-04
   3.57155874e+02   4.84527322e-04
   3.57156362e+02   3.26849782e-04
   3.57156851e+02   4.53892455e-04
   3.57157339e+02   6.35214092e-04
   3.57157827e+02   7.97741988e-04
   3.57158315e+02   9.07561101e-04
   3.57158804e+02   2.75343657e-04
   3.57159292e+02  -4.73227003e-04
   3.57159780e+02  -5.02031995e-04
   3.57160269e+02  -5.41045330e-04
   3.57160757e+02  -7.64560478e-04
   3.57161245e+02  -7.50200939e-04
   3.57161734e+02  -4.89413273e-04
   3.57162222e+02  -5.24259267e-05
   3.57162710e+02   9.23817497e-05
   3.57163199e+02  -1.20718432e-04
   3.57163687e+02  -3.40183120e-04
   3.57164175e+02  -6.78555167e-04
   3.57164663e+02  -7.36758753e-04
   3.57165152e+02  -6.57075143e-04
   3.57165640e+02  -7.07330648e-04
   3.57166128e+02  -4.24194033e-04
   3.57166617e+02  -2.01939896e-04
   3.57167105e+02  -2.94287223e-04
   3.57167593e+02  -2.45478936e-04
   3.57168082e+02   5.46379633e-05
   3.57168570e+02   1.68545826e-04
   3.57169058e+02   6.07265501e-05
   3.57169547e+02  -2.08820959e-04
   3.57170035e+02  -3.32214229e-04
   3.57170523e+02   2.27512297e-04
   3.57171012e+02   5.39629313e-04
   3.57171500e+02   2.14102183e-04
   3.57171988e+02  -1.11545036e-04
   3.57172476e+02  -3.57676647e-04
   3.57172965e+02  -3.99764715e-04
   3.57173453e+02  -1.35892144e-04
   3.57173941e+02   2.42382142e-04
   3.57174430e+02   3.34534445e-04
   3.57174918e+02   3.20256258e-05
   3.57175406e+02  -4.47467100e-05
   3.57175895e+02   2.62077538e-05
   3.57176383e+02  -2.52562138e-04
   3.57176871e+02  -5.99556079e-04
   3.57177360e+02  -8.01630958e-04
   3.57177848e+02  -8.28592922e-04
   3.57178336e+02  -4.29715205e-04
   3.57178824e+02   1.52447989e-04
   3.57179313e+02   3.97624768e-04
   3.57179801e+02   1.45285871e-04
   3.57180289e+02   5.67049356e-05
   3.57180778e+02   3.37908801e-04
   3.57181266e+02   5.55837294e-04
   3.57181754e+02   5.28313860e-04
   3.57182243e+02   2.23834752e-04
   3.57182731e+02  -2.67328469e-05
   3.57183219e+02  -1.99227172e-04
   3.57183708e+02  -1.16615520e-04
   3.57184196e+02   4.06573206e-04
   3.57184684e+02   6.38255558e-04
   3.57185172e+02   3.05476104e-04
   3.57185661e+02   6.08178780e-05
   3.57186149e+02   3.07481328e-04
   3.57186637e+02   4.52887674e-04
   3.57187126e+02   1.68496248e-04
   3.57187614e+02  -1.96406458e-04
   3.57188102e+02  -3.59294354e-04
   3.57188591e+02  -1.70938772e-04
   3.57189079e+02   1.30144079e-04
   3.57189567e+02   3.92110873e-04
   3.57190056e+02   3.26277077e-04
   3.57190544e+02  -4.63081378e-05
   3.57191032e+02  -3.71792092e-04
   3.57191520e+02  -6.59309910e-04
   3.57192009e+02  -8.98267492e-04
   3.57192497e+02  -3.60191305e-04
   3.57192985e+02   1.52886496e-04
   3.57193474e+02   2.20049144e-04
   3.57193962e+02   8.22547663e-05
   3.57194450e+02   3.11975105e-04
   3.57194939e+02   7.64870259e-04
   3.57195427e+02   8.93293123e-04
   3.57195915e+02   5.65735623e-04
   3.57196404e+02   3.08373186e-04
   3.57196892e+02   1.63161516e-04
   3.57197380e+02   1.67580554e-04
   3.57197868e+02   4.76385729e-04
   3.57198357e+02   3.50536429e-04
   3.57198845e+02   9.42863917e-05
   3.57199333e+02   1.37138602e-04
   3.57199822e+02  -7.25965074e-05
   3.57200310e+02  -4.07612039e-04
   3.57200798e+02  -4.69260704e-04
   3.57201287e+02  -3.46748478e-04
   3.57201775e+02  -3.97788885e-04
   3.57202263e+02  -4.56873910e-04
   3.57202752e+02  -2.67789612e-04
   3.57203240e+02   1.19179145e-04
   3.57203728e+02   2.67783995e-04
   3.57204216e+02   3.43404463e-05
   3.57204705e+02   7.32336848e-05
   3.57205193e+02   3.59042460e-04
   3.57205681e+02   6.09561102e-04
   3.57206170e+02   6.07165042e-04
   3.57206658e+02   2.45432777e-04
   3.57207146e+02  -4.42168348e-05
   3.57207635e+02  -5.12335537e-05
   3.57208123e+02   1.05025116e-04
   3.57208611e+02   4.73534465e-06
   3.57209100e+02  -8.16840547e-05
   3.57209588e+02   1.45729064e-04
   3.57210076e+02   2.52003199e-04
   3.57210565e+02  -2.64424481e-04
   3.57211053e+02  -9.49060952e-04
   3.57211541e+02  -6.48211513e-04
   3.57212029e+02   7.28528830e-05
   3.57212518e+02   3.00406420e-04
   3.57213006e+02   2.29156547e-04
   3.57213494e+02   1.45497455e-04
   3.57213983e+02   3.91742302e-04
   3.57214471e+02   6.64012507e-04
   3.57214959e+02   6.50439935e-04
   3.57215448e+02   8.62133165e-04
   3.57215936e+02   1.15044101e-03
   3.57216424e+02   8.93778866e-04
   3.57216913e+02   2.92956975e-04
   3.57217401e+02  -1.56409169e-05
   3.57217889e+02   1.62141034e-04
   3.57218377e+02   5.74564619e-04
   3.57218866e+02   5.04179974e-04
   3.57219354e+02   1.15416369e-05
   3.57219842e+02   1.84041546e-05
   3.57220331e+02   9.94877046e-05
   3.57220819e+02  -1.53078698e-04
   3.57221307e+02  -9.35243770e-06
   3.57221796e+02   3.48373316e-04
   3.57222284e+02   1.93008178e-04
   3.57222772e+02   7.91455968e-05
   3.57223261e+02   2.06290861e-04
   3.57223749e+02  -1.46401479e-04
   3.57224237e+02  -3.19410232e-04
   3.57224725e+02   1.26938539e-04
   3.57225214e+02   5.47500909e-04
   3.57225702e+02   4.94205393e-04
   3.57226190e+02   3.57588608e-04
   3.57226679e+02   4.82334406e-04
   3.57227167e+02   5.09022619e-04
   3.57227655e+02   6.90363522e-04
   3.57228144e+02   1.01614569e-03
   3.57228632e+02   8.65149894e-04
   3.57229120e+02   5.85722621e-04
   3.57229609e+02   4.71857813e-04
   3.57230097e+02   1.32795074e-04
   3.57230585e+02  -2.92281416e-04
   3.57231073e+02  -2.89399031e-04
   3.57231562e+02  -3.39594917e-05
   3.57232050e+02   1.29627324e-05
   3.57232538e+02  -4.29850006e-05
   3.57233027e+02   1.59400719e-04
   3.57233515e+02   4.34208923e-04
   3.57234003e+02   8.36192776e-05
   3.57234492e+02  -5.40742942e-04
   3.57234980e+02  -3.04388290e-04
   3.57235468e+02   4.23833902e-04
   3.57235957e+02   6.32478506e-04
   3.57236445e+02   3.54616932e-04
   3.57236933e+02  -1.41731623e-04
   3.57237421e+02  -4.55439440e-04
   3.57237910e+02  -3.26267938e-04
   3.57238398e+02  -4.03706363e-05
   3.57238886e+02  -1.54376889e-04
   3.57239375e+02  -5.77204220e-04
   3.57239863e+02  -7.49527302e-04
   3.57240351e+02  -4.92108986e-04
   3.57240840e+02  -8.21919093e-05
   3.57241328e+02   1.14820192e-04
   3.57241816e+02   1.63056087e-04
   3.57242305e+02   1.66286452e-04
   3.57242793e+02   9.93611029e-05
   3.57243281e+02   3.09588242e-04
   3.57243769e+02   6.68962079e-04
   3.57244258e+02   5.49210003e-04
   3.57244746e+02   4.65741250e-05
   3.57245234e+02  -1.73691937e-04
   3.57245723e+02   5.27590018e-05
   3.57246211e+02   1.90041668e-04
   3.57246699e+02   2.24254152e-04
   3.57247188e+02   2.18151225e-04
   3.57247676e+02   1.26804909e-04
   3.57248164e+02   5.27760822e-05
   3.57248653e+02  -5.36623475e-06
   3.57249141e+02   6.63527753e-05
   3.57249629e+02  -7.15894130e-05
   3.57250118e+02  -3.09404684e-04
   3.57250606e+02  -2.95897655e-04
   3.57251094e+02  -3.20582505e-04
   3.57251582e+02   6.12121803e-05
   3.57252071e+02   2.14951448e-04
   3.57252559e+02   8.74112156e-05
   3.57253047e+02   3.54434829e-04
   3.57253536e+02   5.05108794e-04
   3.57254024e+02   2.92416225e-04
   3.57254512e+02   3.77211400e-04
   3.57255001e+02   4.84911987e-04
   3.57255489e+02   2.09226244e-04
   3.57255977e+02  -1.33130641e-04
   3.57256466e+02  -1.96137073e-04
   3.57256954e+02   2.32909675e-04
   3.57257442e+02   5.71110460e-04
   3.57257930e+02   2.89730204e-04
   3.57258419e+02   1.48333915e-04
   3.57258907e+02   4.07785672e-04
   3.57259395e+02   1.50502296e-04
   3.57259884e+02  -2.28041172e-04
   3.57260372e+02   2.87559029e-04
   3.57260860e+02   7.52924883e-04
   3.57261349e+02   5.11012506e-04
   3.57261837e+02   1.51612257e-04
   3.57262325e+02  -6.51875889e-05
   3.57262814e+02  -1.05930776e-04
   3.57263302e+02  -2.02330513e-04
   3.57263790e+02  -1.68067763e-05
   3.57264278e+02   6.01453823e-04
   3.57264767e+02   6.19181141e-04
   3.57265255e+02   3.12229880e-04
   3.57265743e+02   2.91534845e-04
   3.57266232e+02   2.00351016e-04
   3.57266720e+02   1.90731967e-04
   3.57267208e+02   4.59003029e-04
   3.57267697e+02   4.73017019e-04
   3.57268185e+02   2.99723179e-04
   3.57268673e+02   3.02811735e-04
   3.57269162e+02   5.33781968e-05
   3.57269650e+02  -4.47851373e-04
   3.57270138e+02  -5.34094754e-04
   3.57270626e+02  -5.65020600e-05
   3.57271115e+02   4.12054098e-04
   3.57271603e+02   5.39663131e-04
   3.57272091e+02   4.60727140e-04
   3.57272580e+02   1.79990646e-04
   3.57273068e+02  -2.39338158e-04
   3.57273556e+02  -7.24169193e-04
   3.57274045e+02  -9.62078804e-04
   3.57274533e+02  -5.76916325e-04
   3.57275021e+02  -1.06239269e-04
   3.57275510e+02  -2.07399775e-04
   3.57275998e+02  -4.93713073e-04
   3.57276486e+02  -5.59241918e-04
   3.57276974e+02  -4.68243583e-04
   3.57277463e+02  -4.21482604e-04
   3.57277951e+02  -2.43335278e-04
   3.57278439e+02   1.71034131e-04
   3.57278928e+02   4.32571804e-04
   3.57279416e+02   1.18572971e-05
   3.57279904e+02  -6.53714582e-04
   3.57280393e+02  -7.52947410e-04
   3.57280881e+02  -2.45738629e-04
   3.57281369e+02   1.67928258e-04
   3.57281858e+02   1.04072271e-04
   3.57282346e+02  -6.63648534e-05
   3.57282834e+02  -1.77076596e-04
   3.57283322e+02  -3.58808378e-04
   3.57283811e+02  -4.20749886e-04
   3.57284299e+02  -1.17922660e-04
   3.57284787e+02  -1.41178680e-04
   3.57285276e+02  -3.22498527e-04
   3.57285764e+02  -2.86003371e-04
   3.57286252e+02  -3.80557089e-04
   3.57286741e+02  -2.65161711e-04
   3.57287229e+02   7.94573571e-05
   3.57287717e+02   4.15921328e-04
   3.57288206e+02   5.39284549e-04
   3.57288694e+02   4.35972936e-04
   3.57289182e+02   4.59136645e-04
   3.57289671e+02   2.34251187e-04
   3.57290159e+02  -3.54033778e-04
   3.57290647e+02  -7.50848500e-04
   3.57291135e+02  -3.14009725e-04
   3.57291624e+02   2.99971551e-04
   3.57292112e+02  -3.67727330e-06
   3.57292600e+02  -3.59139027e-04
   3.57293089e+02  -3.23664543e-04
   3.57293577e+02  -1.63128570e-04
   3.57294065e+02   1.26752639e-04
   3.57294554e+02   4.53015760e-04
   3.57295042e+02   5.22158807e-04
   3.57295530e+02   4.96761757e-04
   3.57296019e+02   4.69946332e-04
   3.57296507e+02   3.11505195e-04
   3.57296995e+02   4.65674326e-04
   3.57297483e+02   8.75017315e-04
   3.57297972e+02   1.00767589e-03
   3.57298460e+02   6.66599255e-04
   3.57298948e+02   8.26205942e-05
   3.57299437e+02  -2.93779129e-04
   3.57299925e+02  -1.41006894e-04
   3.57300413e+02   4.13467031e-04
   3.57300902e+02   7.11598841e-04
   3.57301390e+02   4.96016757e-04
   3.57301878e+02  -6.64206964e-05
   3.57302367e+02  -5.63767680e-04
   3.57302855e+02  -5.00154740e-04
   3.57303343e+02  -6.79023651e-05
   3.57303831e+02   1.03621547e-04
   3.57304320e+02  -1.08895088e-04
   3.57304808e+02  -7.40182950e-05
   3.57305296e+02   1.11672838e-04
   3.57305785e+02  -1.36789575e-04
   3.57306273e+02  -3.32221418e-04
   3.57306761e+02  -2.39171888e-04
   3.57307250e+02  -1.58666517e-04
   3.57307738e+02  -8.38603737e-05
   3.57308226e+02   1.71930704e-04
   3.57308715e+02   4.05567756e-04
   3.57309203e+02   1.33067908e-04
   3.57309691e+02   4.70223429e-04
   3.57310179e+02   7.59543967e-04
   3.57310668e+02   5.43213449e-04
   3.57311156e+02   1.63026300e-04
   3.57311644e+02  -1.85256387e-04
   3.57312133e+02  -5.76111015e-05
   3.57312621e+02   4.50923515e-04
   3.57313109e+02   5.23270748e-04
   3.57313598e+02   4.59385737e-05
   3.57314086e+02  -3.35812889e-04
   3.57314574e+02  -1.94646229e-04
   3.57315063e+02   2.36531312e-04
   3.57315551e+02   1.91045707e-04
   3.57316039e+02  -1.74349494e-04
   3.57316527e+02  -3.13010270e-04
   3.57317016e+02  -2.99878127e-04
   3.57317504e+02  -3.24939436e-04
   3.57317992e+02  -3.68968613e-04
   3.57318481e+02   3.15139687e-06
   3.57318969e+02   5.00526337e-04
   3.57319457e+02   4.88638587e-04
   3.57319946e+02   1.50924796e-04
   3.57320434e+02   7.92154606e-05
   3.57320922e+02   2.19772468e-04
   3.57321411e+02   5.42056805e-04
   3.57321899e+02   8.34120845e-04
   3.57322387e+02   4.65547491e-04
   3.57322875e+02  -1.87484562e-04
   3.57323364e+02  -2.20448594e-04
   3.57323852e+02   4.06067353e-04
   3.57324340e+02   7.27207633e-04
   3.57324829e+02   2.40894005e-04
   3.57325317e+02  -2.43025759e-04
   3.57325805e+02  -2.67970230e-04
   3.57326294e+02  -1.33675931e-04
   3.57326782e+02  -7.15027854e-05
   3.57327270e+02  -1.94030566e-04
   3.57327759e+02  -1.51010288e-04
   3.57328247e+02  -1.91241590e-04
   3.57328735e+02  -5.15517604e-04
   3.57329224e+02  -7.36256829e-04
   3.57329712e+02  -4.06147679e-04
   3.57330200e+02   7.02701436e-05
   3.57330688e+02   2.03029238e-04
   3.57331177e+02   1.35763359e-04
   3.57331665e+02  -2.42911774e-04
   3.57332153e+02  -1.91096158e-04
   3.57332642e+02   1.88089602e-04
   3.57333130e+02   2.00403825e-04
   3.57333618e+02   5.13536681e-04
   3.57334107e+02   7.90297519e-04
   3.57334595e+02   7.28753454e-04
   3.57335083e+02   7.11689645e-04
   3.57335572e+02   8.03017756e-04
   3.57336060e+02   6.52788323e-04
   3.57336548e+02  -3.68365932e-06
   3.57337036e+02  -8.21524154e-05
   3.57337525e+02   5.81063214e-04
   3.57338013e+02   7.12074921e-04
   3.57338501e+02   3.70973459e-04
   3.57338990e+02   8.17493274e-05
   3.57339478e+02  -7.16166178e-05
   3.57339966e+02  -1.40455901e-04
   3.57340455e+02  -3.70064990e-05
   3.57340943e+02   3.89080873e-04
   3.57341431e+02   4.94902430e-04
   3.57341920e+02   1.72544213e-04
   3.57342408e+02   4.90215498e-05
   3.57342896e+02  -8.33757949e-05
   3.57343384e+02   1.63828707e-04
   3.57343873e+02   5.24940086e-04
   3.57344361e+02   3.89304740e-04
   3.57344849e+02   1.68189115e-04
   3.57345338e+02   2.55141640e-04
   3.57345826e+02   9.71102854e-05
   3.57346314e+02  -4.97446919e-04
   3.57346803e+02  -6.42466766e-04
   3.57347291e+02  -4.39426774e-04
   3.57347779e+02  -3.56530305e-04
   3.57348268e+02   6.04185589e-05
   3.57348756e+02   4.96968860e-04
   3.57349244e+02   6.28482900e-04
   3.57349732e+02   6.24960754e-04
   3.57350221e+02   6.25687477e-04
   3.57350709e+02   4.79585637e-04
   3.57351197e+02   4.58948693e-04
   3.57351686e+02   5.64664195e-04
   3.57352174e+02   3.98206437e-04
   3.57352662e+02   1.58817653e-04
   3.57353151e+02  -3.47907880e-05
   3.57353639e+02  -1.72111366e-04
   3.57354127e+02  -1.13394190e-05
   3.57354616e+02   3.31614661e-04
   3.57355104e+02   3.33441771e-04
   3.57355592e+02   1.14404698e-04
   3.57356080e+02   1.65468111e-04
   3.57356569e+02   4.13631438e-04
   3.57357057e+02   5.15110965e-04
   3.57357545e+02   1.85823068e-04
   3.57358034e+02  -2.35587922e-05
   3.57358522e+02   3.48647358e-04
   3.57359010e+02   3.44873493e-04
   3.57359499e+02  -4.28910516e-06
   3.57359987e+02  -4.13242269e-05
   3.57360475e+02   1.18289958e-04
   3.57360964e+02   1.30612607e-04
   3.57361452e+02  -1.04103703e-04
   3.57361940e+02  -5.15900727e-04
   3.57362428e+02  -8.80964624e-04
   3.57362917e+02  -9.46481247e-04
   3.57363405e+02  -5.72895340e-04
   3.57363893e+02  -9.40991085e-05
   3.57364382e+02   4.67202341e-07
   3.57364870e+02  -1.24259444e-04
   3.57365358e+02  -1.83867989e-04
   3.57365847e+02  -3.31894349e-04
   3.57366335e+02  -4.85858211e-04
   3.57366823e+02  -2.08943224e-04
   3.57367312e+02  -1.23799628e-05
   3.57367800e+02  -2.89255026e-04
   3.57368288e+02  -8.26265663e-04
   3.57368777e+02  -4.72790707e-04
   3.57369265e+02  -3.97094263e-04
   3.57369753e+02  -3.48642003e-04
   3.57370241e+02   2.60617264e-04
   3.57370730e+02   2.82279041e-04
   3.57371218e+02   5.44114337e-05
   3.57371706e+02   2.14259184e-04
   3.57372195e+02   2.70029384e-04
   3.57372683e+02  -1.34618356e-04
   3.57373171e+02  -3.79860023e-04
   3.57373660e+02  -1.10905803e-05
   3.57374148e+02   2.13335166e-04
   3.57374636e+02  -9.58787059e-05
   3.57375125e+02  -2.37741799e-04
   3.57375613e+02   6.67147833e-05
   3.57376101e+02   3.59149504e-04
   3.57376589e+02   2.76637205e-04
   3.57377078e+02  -3.48333961e-05
   3.57377566e+02   1.38758129e-04
   3.57378054e+02   2.58059212e-04
   3.57378543e+02  -1.60855125e-05
   3.57379031e+02  -2.54668732e-04
   3.57379519e+02  -3.29755887e-04
   3.57380008e+02  -1.31393113e-04
   3.57380496e+02  -1.33286623e-04
   3.57380984e+02  -1.52241642e-04
   3.57381473e+02   3.14047757e-05
   3.57381961e+02  -1.33590656e-04
   3.57382449e+02  -2.55752006e-04
   3.57382937e+02  -2.75541388e-04
   3.57383426e+02  -6.30188384e-04
   3.57383914e+02  -5.67425333e-04
   3.57384402e+02  -7.07343418e-07
   3.57384891e+02   4.34337620e-04
   3.57385379e+02   5.50748373e-04
   3.57385867e+02   1.73369699e-04
   3.57386356e+02  -2.63428781e-04
   3.57386844e+02  -5.03112620e-04
   3.57387332e+02  -3.46983026e-04
   3.57387821e+02   2.79282012e-05
   3.57388309e+02   1.62492943e-05
   3.57388797e+02  -9.56488075e-05
   3.57389285e+02   2.91874094e-05
   3.57389774e+02   1.60494819e-04
   3.57390262e+02  -1.51634522e-04
   3.57390750e+02  -6.64698659e-04
   3.57391239e+02  -5.75579761e-04
   3.57391727e+02  -1.60326512e-04
   3.57392215e+02  -2.12542891e-05
   3.57392704e+02  -9.65444560e-05
   3.57393192e+02  -5.91417134e-04
   3.57393680e+02  -1.01243169e-03
   3.57394169e+02  -7.70767627e-04
   3.57394657e+02  -3.54007992e-04
   3.57395145e+02  -2.14382992e-04
   3.57395633e+02  -5.22387381e-05
   3.57396122e+02   2.46606447e-04
   3.57396610e+02   8.07642209e-05
   3.57397098e+02  -2.42289199e-04
   3.57397587e+02  -1.12121925e-04
   3.57398075e+02   1.99234346e-04
   3.57398563e+02   2.21863738e-04
   3.57399052e+02  -1.82033269e-04
   3.57399540e+02  -7.76260276e-05
   3.57400028e+02   5.21402340e-04
   3.57400517e+02   4.37040435e-04
   3.57401005e+02  -1.40648219e-04
   3.57401493e+02  -4.66836442e-04
   3.57401981e+02  -5.30938094e-04
   3.57402470e+02  -2.96475278e-04
   3.57402958e+02   9.26410285e-05
   3.57403446e+02   1.65527294e-04
   3.57403935e+02   1.03501361e-05
   3.57404423e+02  -2.79131236e-05
   3.57404911e+02  -3.36902885e-05
   3.57405400e+02   1.67182356e-04
   3.57405888e+02   3.26179113e-04
   3.57406376e+02   2.65211740e-04
   3.57406865e+02   3.73262854e-04
   3.57407353e+02   3.52783449e-04
   3.57407841e+02   8.60125074e-05
   3.57408330e+02  -1.95208675e-04
   3.57408818e+02  -1.38884920e-04
   3.57409306e+02   4.10523673e-04
   3.57409794e+02   3.27465968e-04
   3.57410283e+02  -2.57596286e-04
   3.57410771e+02  -2.78480846e-04
   3.57411259e+02  -1.49043466e-04
   3.57411748e+02  -2.40762834e-04
   3.57412236e+02  -1.70620551e-04
   3.57412724e+02  -3.43100139e-04
   3.57413213e+02  -8.87042494e-04
   3.57413701e+02  -8.03265546e-04
   3.57414189e+02  -1.30771659e-04
   3.57414678e+02   3.24470166e-04
   3.57415166e+02   1.64401179e-04
   3.57415654e+02  -2.16061337e-04
   3.57416142e+02  -3.23033310e-04
   3.57416631e+02  -3.39633116e-04
   3.57417119e+02  -5.54812141e-05
   3.57417607e+02   3.14283243e-04
   3.57418096e+02   4.22680343e-04
   3.57418584e+02   6.70653302e-04
   3.57419072e+02   6.55815529e-04
   3.57419561e+02  -1.29501437e-04
   3.57420049e+02  -6.15259167e-04
   3.57420537e+02  -3.12237215e-04
   3.57421026e+02   5.17055996e-05
   3.57421514e+02   2.59996334e-04
   3.57422002e+02  -5.05501812e-05
   3.57422490e+02  -4.05949017e-04
   3.57422979e+02  -1.77317794e-04
   3.57423467e+02   4.76000532e-05
   3.57423955e+02   3.86120519e-05
   3.57424444e+02  -2.16981382e-04
   3.57424932e+02  -6.51431736e-04
   3.57425420e+02  -5.65828406e-04
   3.57425909e+02   3.70169233e-04
   3.57426397e+02   8.79436906e-04
   3.57426885e+02   6.02181768e-04
   3.57427374e+02   6.59779296e-04
   3.57427862e+02   8.85884685e-04
   3.57428350e+02   1.14590384e-03
   3.57428838e+02   8.67567083e-04
   3.57429327e+02   2.50248442e-04
   3.57429815e+02   1.40672622e-04
   3.57430303e+02   3.14869918e-04
   3.57430792e+02   5.80024607e-05
   3.57431280e+02  -4.60800453e-04
   3.57431768e+02  -4.90380859e-04
   3.57432257e+02  -2.10871236e-04
   3.57432745e+02   2.49686072e-05
   3.57433233e+02   1.26674015e-04
   3.57433722e+02  -1.64712637e-05
   3.57434210e+02  -1.07451735e-04
   3.57434698e+02  -3.31475574e-04
   3.57435186e+02  -5.50563796e-04
   3.57435675e+02  -5.73099896e-05
   3.57436163e+02   6.19890867e-04
   3.57436651e+02   4.99051763e-04
   3.57437140e+02   1.25049963e-04
   3.57437628e+02   2.91109580e-04
   3.57438116e+02   6.04243949e-04
   3.57438605e+02   4.15863789e-04
   3.57439093e+02   9.63342900e-05
   3.57439581e+02   4.14725306e-04
   3.57440070e+02   8.19431792e-04
   3.57440558e+02   3.49971815e-04
   3.57441046e+02  -1.85910467e-04
   3.57441534e+02  -4.68857397e-05
   3.57442023e+02   3.39016806e-05
   3.57442511e+02  -2.74922262e-04
   3.57442999e+02  -4.05701721e-04
   3.57443488e+02  -5.81437664e-04
   3.57443976e+02  -6.95678813e-04
   3.57444464e+02  -8.08128389e-05
   3.57444953e+02   1.71211417e-04
   3.57445441e+02   3.03538109e-05
   3.57445929e+02  -3.70498237e-05
   3.57446418e+02  -3.37642879e-04
   3.57446906e+02  -3.90789268e-04
   3.57447394e+02  -1.18677563e-04
   3.57447883e+02   8.81469678e-05
   3.57448371e+02   2.67971220e-04
   3.57448859e+02   2.51837919e-04
   3.57449347e+02  -2.14627275e-04
   3.57449836e+02  -4.26681363e-04
   3.57450324e+02   2.68783697e-05
   3.57450812e+02   3.30330426e-04
   3.57451301e+02   2.82053254e-04
   3.57451789e+02   2.38660650e-04
   3.57452277e+02   1.54992726e-04
   3.57452766e+02   3.64637890e-05
   3.57453254e+02   1.39340627e-04
   3.57453742e+02   2.11147999e-04
   3.57454231e+02   1.63968780e-05
   3.57454719e+02  -3.69013113e-04
   3.57455207e+02  -8.52257712e-04
   3.57455695e+02  -8.93187651e-04
   3.57456184e+02  -3.56752804e-04
   3.57456672e+02  -5.28265191e-05
   3.57457160e+02  -6.75692791e-05
   3.57457649e+02  -2.58403714e-04
   3.57458137e+02  -4.83453390e-04
   3.57458625e+02  -4.09169996e-04
   3.57459114e+02  -3.77348042e-05
   3.57459602e+02   2.72252830e-04
   3.57460090e+02   8.93407851e-05
   3.57460579e+02  -2.81882880e-04
   3.57461067e+02  -3.16608697e-04
   3.57461555e+02  -9.11949974e-05
   3.57462043e+02  -1.00542267e-04
   3.57462532e+02  -2.21563867e-04
   3.57463020e+02  -9.58019518e-05
   3.57463508e+02   1.91756422e-04
   3.57463997e+02   1.85619909e-04
   3.57464485e+02  -1.96668861e-06
   3.57464973e+02   3.08348361e-04
   3.57465462e+02   3.15591955e-04
   3.57465950e+02  -7.38626331e-05
   3.57466438e+02   4.19836178e-05
   3.57466927e+02   1.30112690e-04
   3.57467415e+02  -2.25355587e-04
   3.57467903e+02  -5.23572089e-04
   3.57468391e+02  -5.49297314e-04
   3.57468880e+02  -5.59628068e-04
   3.57469368e+02  -6.91771624e-04
   3.57469856e+02  -5.59438311e-04
   3.57470345e+02  -7.93924992e-05
   3.57470833e+02   1.42332385e-04
   3.57471321e+02  -3.04023724e-05
   3.57471810e+02  -3.47981666e-04
   3.57472298e+02  -4.88785096e-04
   3.57472786e+02  -4.29901760e-04
   3.57473275e+02  -4.46320453e-04
   3.57473763e+02  -6.38030935e-04
   3.57474251e+02  -5.67920913e-04
   3.57474739e+02   1.25724837e-04
   3.57475228e+02   5.96855069e-04
   3.57475716e+02   3.04929767e-04
   3.57476204e+02   2.15271546e-04
   3.57476693e+02   4.35977243e-04
   3.57477181e+02   2.50332232e-04
   3.57477669e+02  -1.86476580e-04
   3.57478158e+02   6.47641427e-05
   3.57478646e+02   3.16934718e-04
   3.57479134e+02   1.33349109e-04
   3.57479623e+02   3.39922990e-05
   3.57480111e+02   6.77537973e-05
   3.57480599e+02   2.30794365e-04
   3.57481087e+02  -5.72130411e-05
   3.57481576e+02  -4.07974323e-04
   3.57482064e+02  -2.80458102e-04
   3.57482552e+02   9.07434223e-05
   3.57483041e+02   2.90896365e-04
   3.57483529e+02  -2.07906032e-05
   3.57484017e+02  -3.68268287e-04
   3.57484506e+02  -3.52065050e-04
   3.57484994e+02  -1.95458124e-04
   3.57485482e+02  -2.72898062e-04
   3.57485971e+02  -4.29632091e-05
   3.57486459e+02   4.97899251e-04
   3.57486947e+02   7.67851132e-04
   3.57487436e+02   4.30988846e-04
   3.57487924e+02   2.58402026e-04
   3.57488412e+02   3.98629025e-04
   3.57488900e+02   2.54998013e-04
   3.57489389e+02  -2.13247942e-04
   3.57489877e+02  -5.45173476e-04
   3.57490365e+02  -4.58171038e-04
   3.57490854e+02   1.24520840e-04
   3.57491342e+02   7.19204720e-04
   3.57491830e+02   8.43931339e-04
   3.57492319e+02   7.68693280e-04
   3.57492807e+02   5.55690785e-04
   3.57493295e+02   3.72562819e-04
   3.57493784e+02   4.25178063e-04
   3.57494272e+02   4.21827252e-04
   3.57494760e+02   4.25536506e-04
   3.57495248e+02   8.20407819e-04
   3.57495737e+02   1.24864851e-03
   3.57496225e+02   1.13979809e-03
   3.57496713e+02   3.54954071e-04
   3.57497202e+02  -5.81468048e-04
   3.57497690e+02  -6.98523654e-04
   3.57498178e+02  -2.84327019e-04
   3.57498667e+02   2.16019660e-04
   3.57499155e+02   3.56277917e-04
   3.57499643e+02   4.71955398e-04
   3.57500132e+02   8.97646882e-04
   3.57500620e+02   5.74436213e-04
   3.57501108e+02   8.19064080e-05
   3.57501596e+02   2.15648673e-04
   3.57502085e+02   1.59659758e-05
   3.57502573e+02  -2.29854893e-04
   3.57503061e+02   6.32602096e-05
   3.57503550e+02   3.34318087e-04
   3.57504038e+02   3.10236617e-04
   3.57504526e+02   3.92977294e-04
   3.57505015e+02   6.32494339e-04
   3.57505503e+02   7.13568937e-04
   3.57505991e+02   3.90693807e-04
   3.57506480e+02  -5.22117152e-05
   3.57506968e+02  -3.31397314e-04
   3.57507456e+02  -4.55097848e-04
   3.57507944e+02  -2.84546055e-04
   3.57508433e+02  -1.20322926e-04
   3.57508921e+02  -1.88015823e-04
   3.57509409e+02   1.33658195e-05
   3.57509898e+02   2.39858520e-04
   3.57510386e+02  -1.10443871e-04
   3.57510874e+02  -3.48858128e-04
   3.57511363e+02   5.46025512e-05
   3.57511851e+02   6.13483484e-04
   3.57512339e+02   5.66120609e-04
   3.57512828e+02   1.19671175e-04
   3.57513316e+02   2.98348150e-05
   3.57513804e+02   1.76080328e-04
   3.57514292e+02   1.46252001e-04
   3.57514781e+02  -1.22106343e-04
   3.57515269e+02  -2.47303018e-04
   3.57515757e+02  -2.05546909e-04
   3.57516246e+02   1.45943050e-04
   3.57516734e+02   7.97603687e-04
   3.57517222e+02   7.82644842e-04
   3.57517711e+02   2.47633434e-04
   3.57518199e+02  -1.15563264e-04
   3.57518687e+02  -4.03058133e-04
   3.57519176e+02  -4.28687112e-04
   3.57519664e+02  -1.41841505e-04
   3.57520152e+02   7.01506142e-05
   3.57520640e+02   1.48301451e-05
   3.57521129e+02  -1.44890771e-04
   3.57521617e+02   1.60564901e-04
   3.57522105e+02   5.63995389e-04
   3.57522594e+02   3.69503599e-04
   3.57523082e+02  -1.11291229e-04
   3.57523570e+02  -1.73917157e-04
   3.57524059e+02  -1.55538568e-04
   3.57524547e+02  -3.81824648e-04
   3.57525035e+02  -1.95722445e-04
   3.57525524e+02  -1.29829306e-04
   3.57526012e+02  -5.66037488e-04
   3.57526500e+02  -2.04325028e-04
   3.57526989e+02   5.94650744e-04
   3.57527477e+02   5.97924169e-04
   3.57527965e+02   2.52619619e-04
   3.57528453e+02   2.08552185e-04
   3.57528942e+02   5.03361691e-04
   3.57529430e+02   9.13243508e-04
   3.57529918e+02   7.43307639e-04
   3.57530407e+02   3.35212797e-04
   3.57530895e+02   2.26598087e-04
   3.57531383e+02   4.18284144e-05
   3.57531872e+02  -2.00096227e-04
   3.57532360e+02  -1.09017237e-04
   3.57532848e+02   4.66406382e-05
   3.57533337e+02  -1.14869552e-04
   3.57533825e+02   4.21454388e-05
   3.57534313e+02   4.48867562e-04
   3.57534801e+02   5.32452366e-04
   3.57535290e+02   2.38409673e-04
   3.57535778e+02  -4.58166614e-04
   3.57536266e+02  -5.61464112e-04
   3.57536755e+02   9.25567656e-05
   3.57537243e+02   2.54850456e-04
   3.57537731e+02   8.44320239e-05
   3.57538220e+02   5.20079746e-04
   3.57538708e+02   1.05493388e-03
   3.57539196e+02   8.41738423e-04
   3.57539685e+02   5.06912475e-05
   3.57540173e+02  -3.95780633e-04
   3.57540661e+02   2.60093129e-05
   3.57541149e+02   3.08237504e-04
   3.57541638e+02   1.46629187e-04
   3.57542126e+02   3.44859320e-04
   3.57542614e+02   6.10087183e-04
   3.57543103e+02   4.32778179e-04
   3.57543591e+02   1.67721373e-04
   3.57544079e+02  -3.14987592e-05
   3.57544568e+02   1.31547073e-04
   3.57545056e+02   3.10326664e-04
   3.57545544e+02   1.79440089e-04
   3.57546033e+02   2.13366482e-04
   3.57546521e+02   6.84147875e-04
   3.57547009e+02   6.95943658e-04
   3.57547497e+02   7.90609862e-04
   3.57547986e+02   1.36401225e-03
   3.57548474e+02   1.55396783e-03
   3.57548962e+02   1.39876793e-03
   3.57549451e+02   9.73790477e-04
   3.57549939e+02   5.85901762e-05
   3.57550427e+02  -5.41626185e-04
   3.57550916e+02  -1.10046407e-04
   3.57551404e+02   4.28563304e-04
   3.57551892e+02   3.38273763e-04
   3.57552381e+02   6.58844292e-05
   3.57552869e+02   2.70100554e-05
   3.57553357e+02   8.77751081e-05
   3.57553845e+02  -1.63910983e-04
   3.57554334e+02  -4.27350256e-04
   3.57554822e+02  -3.06525180e-04
   3.57555310e+02   4.76741479e-05
   3.57555799e+02   4.25676524e-04
   3.57556287e+02   5.98945480e-04
   3.57556775e+02   4.54096211e-04
   3.57557264e+02  -1.07577631e-04
   3.57557752e+02  -5.37438144e-04
   3.57558240e+02  -3.49121954e-04
   3.57558729e+02  -1.61152464e-04
   3.57559217e+02   1.54016190e-04
   3.57559705e+02   7.14734255e-04
   3.57560193e+02   7.99786882e-04
   3.57560682e+02  -6.01298852e-05
   3.57561170e+02  -8.94938363e-04
   3.57561658e+02  -1.14428869e-03
   3.57562147e+02  -1.11071230e-03
   3.57562635e+02  -6.01396488e-04
   3.57563123e+02  -3.43765059e-05
   3.57563612e+02  -1.96349356e-04
   3.57564100e+02  -3.90386034e-04
   3.57564588e+02   5.97938524e-05
   3.57565077e+02   1.97231231e-04
   3.57565565e+02  -3.61632963e-04
   3.57566053e+02  -7.14483554e-04
   3.57566542e+02  -7.33459892e-04
   3.57567030e+02  -8.70444230e-04
   3.57567518e+02  -5.25856623e-04
   3.57568006e+02  -2.46980635e-04
   3.57568495e+02  -5.62791305e-04
   3.57568983e+02  -5.44225972e-04
   3.57569471e+02   9.17996585e-05
   3.57569960e+02   2.29023746e-04
   3.57570448e+02  -1.99893184e-04
   3.57570936e+02  -3.54901218e-04
   3.57571425e+02  -3.58961348e-04
   3.57571913e+02  -4.56046691e-04
   3.57572401e+02  -3.52564559e-04
   3.57572890e+02  -5.58981556e-04
   3.57573378e+02  -6.35274570e-04
   3.57573866e+02   7.89565383e-05
   3.57574354e+02   5.08195895e-04
   3.57574843e+02   9.81445119e-05
   3.57575331e+02  -3.35714372e-04
   3.57575819e+02  -4.22801619e-04
   3.57576308e+02  -3.15002108e-04
   3.57576796e+02  -4.04813502e-04
   3.57577284e+02  -6.73512928e-04
   3.57577773e+02  -8.46168434e-04
   3.57578261e+02  -9.75982170e-04
   3.57578749e+02  -1.09863782e-03
   3.57579238e+02  -1.15881325e-03
   3.57579726e+02  -8.68011091e-04
   3.57580214e+02  -6.15432044e-04
   3.57580702e+02  -5.35251631e-04
   3.57581191e+02  -1.24688901e-04
   3.57581679e+02   4.74855595e-04
   3.57582167e+02   5.14570973e-04
   3.57582656e+02   1.91863364e-04
   3.57583144e+02  -1.86708639e-04
   3.57583632e+02  -4.97972535e-04
   3.57584121e+02  -4.24107537e-04
   3.57584609e+02  -2.93945777e-04
   3.57585097e+02  -1.08783170e-04
   3.57585586e+02   4.49627027e-04
   3.57586074e+02   6.17192418e-04
   3.57586562e+02   3.45604676e-05
   3.57587050e+02  -6.41607621e-04
   3.57587539e+02  -7.86351098e-04
   3.57588027e+02  -3.06300906e-04
   3.57588515e+02   5.41360641e-05
   3.57589004e+02  -6.13537777e-05
   3.57589492e+02  -1.37406052e-04
   3.57589980e+02   1.94495035e-04
   3.57590469e+02   5.32022037e-04
   3.57590957e+02   4.98182722e-04
   3.57591445e+02   5.05338656e-04
   3.57591934e+02   6.21640589e-04
   3.57592422e+02   5.23726048e-04
   3.57592910e+02   3.17887112e-04
   3.57593398e+02  -3.22957430e-06
   3.57593887e+02  -5.16176573e-04
   3.57594375e+02  -7.78979040e-04
   3.57594863e+02  -7.01348705e-04
   3.57595352e+02  -1.71917374e-04
   3.57595840e+02   4.16806259e-04
   3.57596328e+02   1.81319556e-04
   3.57596817e+02  -1.19483164e-04
   3.57597305e+02   1.30372748e-04
   3.57597793e+02   5.43935785e-05
   3.57598282e+02  -2.17167180e-04
   3.57598770e+02  -2.59893772e-04
   3.57599258e+02  -4.82374744e-04
   3.57599746e+02  -4.32300993e-04
   3.57600235e+02  -3.27393172e-05
   3.57600723e+02   1.45274913e-04
   3.57601211e+02   2.66962219e-04
   3.57601700e+02   4.58466384e-04
   3.57602188e+02   1.81502721e-04
   3.57602676e+02  -6.38928206e-04
   3.57603165e+02  -8.05254211e-04
   3.57603653e+02  -3.95870506e-04
   3.57604141e+02  -2.18213230e-04
   3.57604630e+02  -2.49915669e-04
   3.57605118e+02  -2.99189618e-04
   3.57605606e+02  -3.55735188e-04
   3.57606095e+02  -2.68898817e-04
   3.57606583e+02   1.05457817e-04
   3.57607071e+02   4.34158719e-04
   3.57607559e+02   6.51692972e-04
   3.57608048e+02   9.01014311e-04
   3.57608536e+02   8.39601911e-04
   3.57609024e+02   5.56099694e-04
   3.57609513e+02   2.75240774e-04
   3.57610001e+02   1.41234457e-04
   3.57610489e+02   1.52676585e-04
   3.57610978e+02   8.77596103e-05
   3.57611466e+02   1.44133126e-04
   3.57611954e+02   6.02447544e-04
   3.57612443e+02   6.40342943e-04
   3.57612931e+02   5.08697063e-04
   3.57613419e+02   7.22898054e-04
   3.57613907e+02   8.82461318e-04
   3.57614396e+02   8.28486984e-04
   3.57614884e+02   2.83233094e-04
   3.57615372e+02  -4.31235821e-04
   3.57615861e+02  -4.10300592e-04
   3.57616349e+02   8.52826051e-05
   3.57616837e+02   7.08935375e-04
   3.57617326e+02   9.45342705e-04
   3.57617814e+02   3.78351368e-04
   3.57618302e+02  -1.06566702e-04
   3.57618791e+02  -1.64966215e-04
   3.57619279e+02  -3.41331412e-04
   3.57619767e+02  -1.37826064e-04
   3.57620255e+02  -2.19946029e-04
   3.57620744e+02  -8.69898242e-04
   3.57621232e+02  -1.33333809e-03
   3.57621720e+02  -1.14505389e-03
   3.57622209e+02  -3.03302048e-04
   3.57622697e+02   1.43470184e-04
   3.57623185e+02  -1.23038946e-04
   3.57623674e+02   1.61587828e-04
   3.57624162e+02   6.63609768e-04
   3.57624650e+02   5.84604277e-04
   3.57625139e+02   7.79806651e-05
   3.57625627e+02  -3.29392060e-04
   3.57626115e+02  -4.83042153e-04
   3.57626603e+02  -4.97778936e-04
   3.57627092e+02  -1.75053545e-04
   3.57627580e+02  -3.06098627e-05
   3.57628068e+02  -4.24678030e-04
   3.57628557e+02  -6.91171386e-04
   3.57629045e+02  -4.77045542e-04
   3.57629533e+02  -2.83008063e-04
   3.57630022e+02  -9.68817112e-05
   3.57630510e+02   1.19705808e-04
   3.57630998e+02   3.51028779e-04
   3.57631487e+02   7.57071888e-04
   3.57631975e+02   9.68944980e-04
   3.57632463e+02   9.40012280e-04
   3.57632951e+02   6.73699600e-04
   3.57633440e+02   4.56554553e-04
   3.57633928e+02   3.09191033e-04
   3.57634416e+02  -2.19853115e-04
   3.57634905e+02  -5.47431817e-04
   3.57635393e+02  -1.48064180e-04
   3.57635881e+02   2.17460271e-04
   3.57636370e+02   7.76212764e-05
   3.57636858e+02  -4.61806994e-05
   3.57637346e+02   1.08759661e-04
   3.57637835e+02   1.94278138e-04
   3.57638323e+02   4.98943264e-04
   3.57638811e+02   9.73304966e-04
   3.57639299e+02   5.40137000e-04
   3.57639788e+02  -3.57865676e-04
   3.57640276e+02  -6.33755699e-04
   3.57640764e+02   4.24129175e-05
   3.57641253e+02   5.73891972e-04
   3.57641741e+02   5.17833359e-05
   3.57642229e+02   3.81251855e-04
   3.57642718e+02   1.28870469e-03
   3.57643206e+02   1.05657335e-03
   3.57643694e+02   1.19111835e-04
   3.57644183e+02  -4.49790212e-04
   3.57644671e+02   1.44953534e-04
   3.57645159e+02   6.15714293e-04
   3.57645648e+02   1.72619275e-05
   3.57646136e+02   3.18767525e-05
   3.57646624e+02   4.60857438e-04
   3.57647112e+02  -7.22733239e-05
   3.57647601e+02  -6.11973344e-04
   3.57648089e+02  -5.01009170e-04
   3.57648577e+02  -6.88710861e-05
   3.57649066e+02   5.88636147e-04
   3.57649554e+02   1.55059516e-03
   3.57650042e+02   2.26168893e-03
   3.57650531e+02   1.76096708e-03
   3.57651019e+02   4.21331788e-04
   3.57651507e+02  -9.55294818e-05
   3.57651996e+02   2.46541051e-04
   3.57652484e+02  -2.07252102e-04
   3.57652972e+02  -4.99232789e-04
   3.57653460e+02  -1.50565786e-04
   3.57653949e+02  -5.30750724e-04
   3.57654437e+02  -6.14281686e-04
   3.57654925e+02   3.43348715e-04
   3.57655414e+02   6.32782525e-04
   3.57655902e+02  -1.39842203e-04
   3.57656390e+02  -5.03320189e-04
   3.57656879e+02  -3.79031291e-04
   3.57657367e+02  -7.78275571e-05
   3.57657855e+02   2.90557327e-05
   3.57658344e+02  -5.27762691e-04
   3.57658832e+02  -7.50832725e-04
   3.57659320e+02   1.47519764e-04
   3.57659808e+02   1.02083129e-03
   3.57660297e+02   1.02331198e-03
   3.57660785e+02   5.16173721e-04
   3.57661273e+02  -9.00138344e-04
   3.57661762e+02  -2.77608866e-04
   3.57662250e+02   7.45015626e-04
   3.57662738e+02   1.58959985e-04
   3.57663227e+02  -2.60388217e-04
   3.57663715e+02   6.42706465e-04
   3.57664203e+02   8.78474617e-04
   3.57664692e+02  -6.29471688e-05
   3.57665180e+02  -4.33978857e-04
   3.57665668e+02   1.08600289e-04
   3.57666156e+02   5.03833231e-04
   3.57666645e+02   1.44305901e-04
   3.57667133e+02  -6.47008535e-04
   3.57667621e+02  -7.67845777e-04
   3.57668110e+02  -1.98647220e-04
   3.57668598e+02   2.59872701e-04
   3.57669086e+02   4.43903118e-04
   3.57669575e+02   6.07896014e-04
   3.57670063e+02   6.48636604e-04
   3.57670551e+02   3.09862604e-04
   3.57671040e+02   7.85535522e-05
   3.57671528e+02  -5.02751136e-05
   3.57672016e+02  -1.78511938e-04
   3.57672504e+02  -1.95173867e-04
   3.57672993e+02  -3.22220789e-04
   3.57673481e+02  -7.55680550e-04
   3.57673969e+02  -8.86161346e-04
   3.57674458e+02  -5.72251680e-04
   3.57674946e+02  -4.23091871e-04
   3.57675434e+02   2.82931927e-04
   3.57675923e+02   1.01962476e-03
   3.57676411e+02   7.89219863e-04
   3.57676899e+02   4.15372604e-04
   3.57677388e+02  -1.81871146e-04
   3.57677876e+02  -7.02198129e-04
   3.57678364e+02  -5.33251499e-04
   3.57678852e+02  -3.61618440e-04
   3.57679341e+02  -3.00181418e-04
   3.57679829e+02  -2.25505573e-05
   3.57680317e+02   3.96432588e-04
   3.57680806e+02   8.98442406e-04
   3.57681294e+02   9.89387860e-04
   3.57681782e+02   4.44273814e-04
   3.57682271e+02   3.77028307e-04
   3.57682759e+02   4.22149373e-04
   3.57683247e+02  -1.12396323e-04
   3.57683736e+02  -1.72531742e-04
   3.57684224e+02   5.54327678e-04
   3.57684712e+02   9.63120547e-04
   3.57685200e+02   5.88367344e-04
   3.57685689e+02   4.37669107e-04
   3.57686177e+02   4.89363156e-04
   3.57686665e+02   1.80544521e-04
   3.57687154e+02   1.74757384e-04
   3.57687642e+02   3.58147692e-04
   3.57688130e+02   2.95798469e-04
   3.57688619e+02   3.44900036e-06
   3.57689107e+02  -3.56451317e-04
   3.57689595e+02  -2.90319324e-04
   3.57690084e+02  -1.81682117e-06
   3.57690572e+02   5.94951445e-04
   3.57691060e+02   1.03426480e-03
   3.57691549e+02   6.74684823e-04
   3.57692037e+02   1.88024878e-05
   3.57692525e+02  -3.79264267e-04
   3.57693013e+02  -5.32081758e-04
   3.57693502e+02  -4.40727250e-04
   3.57693990e+02  -2.04607000e-04
   3.57694478e+02   3.03880399e-04
   3.57694967e+02   3.26565176e-04
   3.57695455e+02   1.28891970e-05
   3.57695943e+02   3.87046341e-04
   3.57696432e+02   6.30062423e-04
   3.57696920e+02   3.67220957e-04
   3.57697408e+02   1.57373186e-04
   3.57697897e+02   5.79262523e-05
   3.57698385e+02   4.22409503e-04
   3.57698873e+02   7.09951273e-04
   3.57699361e+02   1.01735117e-04
   3.57699850e+02  -4.56703681e-04
   3.57700338e+02  -4.31112072e-04
   3.57700826e+02  -2.14701911e-04
   3.57701315e+02   2.39050351e-04
   3.57701803e+02   1.32244953e-04
   3.57702291e+02  -4.72200540e-04
   3.57702780e+02  -8.37790896e-04
   3.57703268e+02  -1.14439416e-03
   3.57703756e+02  -1.31346053e-03
   3.57704245e+02  -1.19979924e-03
   3.57704733e+02  -7.68803293e-04
   3.57705221e+02  -1.43995261e-04
   3.57705709e+02   3.54563163e-05
   3.57706198e+02   1.46073231e-04
   3.57706686e+02   6.52761548e-04
   3.57707174e+02   7.11299886e-04
   3.57707663e+02   4.53298591e-04
   3.57708151e+02   6.80088706e-04
   3.57708639e+02   9.35195945e-04
   3.57709128e+02   7.52676977e-04
   3.57709616e+02   3.28850001e-04
   3.57710104e+02  -1.06542029e-04
   3.57710593e+02  -3.77357384e-04
   3.57711081e+02  -3.39844322e-04
   3.57711569e+02  -3.28701310e-04
   3.57712057e+02  -7.75553286e-04
   3.57712546e+02  -7.66165031e-04
   3.57713034e+02  -3.29622388e-04
   3.57713522e+02  -3.62563063e-04
   3.57714011e+02  -1.33909110e-04
   3.57714499e+02   4.94927110e-04
   3.57714987e+02   8.45372677e-04
   3.57715476e+02   4.16320807e-04
   3.57715964e+02  -3.51523340e-04
   3.57716452e+02  -3.60807462e-04
   3.57716941e+02  -1.08528955e-04
   3.57717429e+02   3.37848651e-05
   3.57717917e+02   1.36720437e-05
   3.57718405e+02  -4.98594134e-04
   3.57718894e+02  -4.05387109e-04
   3.57719382e+02   3.20379069e-04
   3.57719870e+02   3.51770199e-04
   3.57720359e+02   2.20964692e-04
   3.57720847e+02   1.68516679e-04
   3.57721335e+02  -2.06863861e-05
   3.57721824e+02   1.56573196e-06
   3.57722312e+02   4.76729067e-04
   3.57722800e+02   9.39688878e-04
   3.57723289e+02   7.82447751e-04
   3.57723777e+02   1.06187697e-04
   3.57724265e+02  -3.03280860e-04
   3.57724753e+02  -3.65437183e-04
   3.57725242e+02  -5.55668958e-04
   3.57725730e+02  -9.59049328e-04
   3.57726218e+02  -1.14238483e-03
   3.57726707e+02  -1.24501029e-03
   3.57727195e+02  -1.15583034e-03
   3.57727683e+02  -4.87841753e-04
   3.57728172e+02  -1.34455986e-04
   3.57728660e+02  -3.69229121e-04
   3.57729148e+02  -4.35233786e-04
   3.57729637e+02  -2.44041017e-04
   3.57730125e+02  -2.53819690e-05
   3.57730613e+02   1.72493441e-04
   3.57731102e+02   2.11348248e-04
   3.57731590e+02   7.80624305e-06
   3.57732078e+02  -2.63996062e-05
   3.57732566e+02  -1.45203361e-04
   3.57733055e+02  -4.52188950e-04
   3.57733543e+02  -3.73517192e-04
   3.57734031e+02  -2.32811042e-04
   3.57734520e+02  -3.92214308e-04
   3.57735008e+02  -3.50928196e-04
   3.57735496e+02   1.86649966e-04
   3.57735985e+02   3.56810313e-04
   3.57736473e+02  -9.43172199e-05
   3.57736961e+02  -4.16886469e-04
   3.57737450e+02  -1.84506091e-04
   3.57737938e+02   2.16054570e-04
   3.57738426e+02  -5.56704836e-05
   3.57738914e+02  -3.18940030e-04
   3.57739403e+02   2.31317699e-05
   3.57739891e+02   1.83967728e-04
   3.57740379e+02  -1.61839402e-04
   3.57740868e+02  -5.87110990e-04
   3.57741356e+02  -2.77247629e-04
   3.57741844e+02   6.60306483e-04
   3.57742333e+02   9.88872722e-04
   3.57742821e+02   7.24288053e-04
   3.57743309e+02   3.28247057e-04
   3.57743798e+02   6.66163905e-05
   3.57744286e+02   1.96621932e-06
   3.57744774e+02  -1.04167069e-04
   3.57745262e+02   8.54070604e-05
   3.57745751e+02   3.91379435e-04
   3.57746239e+02   5.15024760e-04
   3.57746727e+02   1.85537239e-04
   3.57747216e+02  -4.16036521e-04
   3.57747704e+02  -2.32977036e-04
   3.57748192e+02   3.59618483e-04
   3.57748681e+02   1.27132284e-04
   3.57749169e+02  -2.83438596e-04
   3.57749657e+02  -1.37738651e-04
   3.57750146e+02   2.40241334e-05
   3.57750634e+02   1.10702982e-04
   3.57751122e+02  -1.41533264e-05
   3.57751610e+02  -3.46407120e-04
   3.57752099e+02  -3.07291397e-04
   3.57752587e+02  -1.38879856e-04
   3.57753075e+02  -2.62945454e-04
   3.57753564e+02  -4.41280310e-04
   3.57754052e+02  -2.14644155e-04
   3.57754540e+02  -2.29721438e-04
   3.57755029e+02  -8.75906320e-04
   3.57755517e+02  -1.15987600e-03
   3.57756005e+02  -6.26752095e-04
   3.57756494e+02  -1.70361338e-04
   3.57756982e+02  -3.52547067e-04
   3.57757470e+02  -2.52646016e-04
   3.57757958e+02   1.47469895e-04
   3.57758447e+02   6.14054225e-05
   3.57758935e+02  -3.15753627e-04
   3.57759423e+02  -6.94045157e-04
   3.57759912e+02  -1.05591002e-03
   3.57760400e+02  -7.95627479e-04
   3.57760888e+02   1.99890856e-04
   3.57761377e+02   4.88235935e-04
   3.57761865e+02  -1.96010777e-04
   3.57762353e+02  -2.69807846e-04
   3.57762842e+02   1.75494002e-04
   3.57763330e+02   1.34909817e-04
   3.57763818e+02  -5.52524907e-05
   3.57764306e+02  -6.85680134e-05
   3.57764795e+02  -3.58964317e-04
   3.57765283e+02  -6.67141692e-04
   3.57765771e+02  -6.60667254e-04
   3.57766260e+02  -6.66780048e-04
   3.57766748e+02  -8.05115444e-04
   3.57767236e+02  -8.15406383e-04
   3.57767725e+02  -3.02865898e-04
   3.57768213e+02   2.33832368e-04
   3.57768701e+02  -4.70839259e-05
   3.57769190e+02  -2.81293789e-04
   3.57769678e+02  -1.33065201e-04
   3.57770166e+02  -1.90238075e-04
   3.57770655e+02  -4.20942612e-04
   3.57771143e+02  -7.09755928e-04
   3.57771631e+02  -7.82916090e-04
   3.57772119e+02  -3.13288503e-04
   3.57772608e+02   1.89876650e-04
   3.57773096e+02  -1.19515917e-07
   3.57773584e+02  -1.69462714e-04
   3.57774073e+02  -3.13954442e-05
   3.57774561e+02  -2.11812105e-04
   3.57775049e+02  -3.56611970e-04
   3.57775538e+02  -3.73305345e-04
   3.57776026e+02  -5.99475403e-04
   3.57776514e+02  -7.90236809e-04
   3.57777003e+02  -6.70999463e-04
   3.57777491e+02  -2.45252595e-04
   3.57777979e+02   1.96525478e-04
   3.57778467e+02   5.98558632e-04
   3.57778956e+02   6.38781115e-04
   3.57779444e+02   6.25792163e-05
   3.57779932e+02  -4.90178936e-04
   3.57780421e+02  -5.38977620e-04
   3.57780909e+02  -3.98629549e-04
   3.57781397e+02  -1.30447443e-04
   3.57781886e+02   2.80031469e-04
   3.57782374e+02   5.39142289e-04
   3.57782862e+02   6.04347617e-04
   3.57783351e+02   4.27455408e-04
   3.57783839e+02  -2.96334503e-04
   3.57784327e+02  -7.14205205e-04
   3.57784815e+02  -5.06725220e-04
   3.57785304e+02  -2.10974889e-04
   3.57785792e+02  -9.59138652e-06
   3.57786280e+02   1.47823885e-04
   3.57786769e+02   4.28558182e-04
   3.57787257e+02   5.30832040e-04
   3.57787745e+02  -5.47968739e-05
   3.57788234e+02  -5.51813340e-04
   3.57788722e+02  -1.75798908e-04
   3.57789210e+02   4.93766820e-05
   3.57789699e+02  -4.71655425e-04
   3.57790187e+02  -7.35472422e-04
   3.57790675e+02  -5.87565708e-04
   3.57791163e+02   1.23187920e-06
   3.57791652e+02   3.81008402e-04
   3.57792140e+02   1.85282493e-04
   3.57792628e+02  -1.15543888e-04
   3.57793117e+02  -4.08378197e-04
   3.57793605e+02  -5.42612397e-04
   3.57794093e+02  -6.00779138e-04
   3.57794582e+02  -4.71886684e-04
   3.57795070e+02  -9.02213287e-05
   3.57795558e+02   9.97795214e-05
   3.57796047e+02   1.29171094e-04
   3.57796535e+02  -1.61471653e-05
   3.57797023e+02   5.91842472e-05
   3.57797511e+02   1.44438309e-04
   3.57798000e+02  -4.10654844e-04
   3.57798488e+02  -1.01701263e-03
   3.57798976e+02  -8.88021663e-04
   3.57799465e+02  -4.13060159e-04
   3.57799953e+02  -1.55191490e-04
   3.57800441e+02  -5.17096123e-05
   3.57800930e+02  -6.67228596e-05
   3.57801418e+02  -1.23849441e-05
   3.57801906e+02   1.10620371e-04
   3.57802395e+02   8.24195522e-05
   3.57802883e+02  -2.65163952e-04
   3.57803371e+02  -5.68615797e-04
   3.57803859e+02  -4.96061577e-04
   3.57804348e+02  -1.96045497e-04
   3.57804836e+02   1.58768089e-04
   3.57805324e+02   3.95851937e-04
   3.57805813e+02   5.33026818e-04
   3.57806301e+02   8.56662868e-04
   3.57806789e+02   7.53280765e-04
   3.57807278e+02   2.80172157e-04
   3.57807766e+02   2.34788706e-04
   3.57808254e+02  -2.16835775e-04
   3.57808743e+02  -7.26695464e-04
   3.57809231e+02  -6.21891289e-04
   3.57809719e+02  -1.99422910e-04
   3.57810208e+02   5.92502125e-04
   3.57810696e+02   7.11337139e-04
   3.57811184e+02   3.42688872e-05
   3.57811672e+02  -3.38425525e-05
   3.57812161e+02  -7.64642027e-06
   3.57812649e+02  -5.98087150e-04
   3.57813137e+02  -7.92656501e-04
   3.57813626e+02  -4.07680753e-04
   3.57814114e+02  -2.38616485e-04
   3.57814602e+02  -1.68347819e-04
   3.57815091e+02  -3.43010142e-05
   3.57815579e+02  -8.62421875e-05
   3.57816067e+02  -3.73268529e-04
   3.57816556e+02  -5.68392512e-04
   3.57817044e+02  -6.26562338e-04
   3.57817532e+02  -9.29852598e-04
   3.57818020e+02  -1.27663487e-03
   3.57818509e+02  -1.16890017e-03
   3.57818997e+02  -9.26168752e-04
   3.57819485e+02  -7.42968172e-04
   3.57819974e+02  -3.48778878e-04
   3.57820462e+02   2.74298334e-04
   3.57820950e+02   5.71202661e-04
   3.57821439e+02   4.08381486e-04
   3.57821927e+02   7.68047757e-05
   3.57822415e+02  -5.39800385e-04
   3.57822904e+02  -1.04803825e-03
   3.57823392e+02  -9.65490588e-04
   3.57823880e+02  -4.74427914e-04
   3.57824368e+02   3.35541154e-05
   3.57824857e+02   6.25561588e-05
   3.57825345e+02   8.05931195e-05
   3.57825833e+02   4.27293387e-04
   3.57826322e+02   3.69144895e-04
   3.57826810e+02  -7.21760734e-05
   3.57827298e+02  -4.77569731e-04
   3.57827787e+02  -8.64409783e-04
   3.57828275e+02  -9.11429292e-04
   3.57828763e+02  -6.17341488e-04
   3.57829252e+02  -9.00285013e-05
   3.57829740e+02   3.98583768e-04
   3.57830228e+02   3.61956161e-04
   3.57830716e+02   8.13293882e-05
   3.57831205e+02  -6.32735246e-05
   3.57831693e+02  -8.26246323e-05
   3.57832181e+02   4.22703124e-05
   3.57832670e+02   2.14689135e-04
   3.57833158e+02   5.25859126e-04
   3.57833646e+02   6.38609286e-04
   3.57834135e+02   5.73824917e-04
   3.57834623e+02   6.33802265e-04
   3.57835111e+02   1.91594343e-04
   3.57835600e+02  -4.70183528e-04
   3.57836088e+02  -4.75949637e-04
   3.57836576e+02  -1.44476086e-04
   3.57837064e+02  -1.55560396e-04
   3.57837553e+02  -3.14866076e-04
   3.57838041e+02  -3.35022778e-05
   3.57838529e+02   1.81126074e-04
   3.57839018e+02   3.33749893e-04
   3.57839506e+02   7.86804245e-04
   3.57839994e+02   8.54091428e-04
   3.57840483e+02   4.43492434e-04
   3.57840971e+02  -5.35010367e-05
   3.57841459e+02  -4.47632745e-04
   3.57841948e+02  -5.50493365e-04
   3.57842436e+02  -4.34372196e-04
   3.57842924e+02  -2.62962567e-04
   3.57843412e+02  -4.13577771e-04
   3.57843901e+02  -4.63336648e-04
   3.57844389e+02  -2.23877199e-04
   3.57844877e+02  -3.77227814e-04
   3.57845366e+02  -7.48476421e-04
   3.57845854e+02  -6.22685999e-04
   3.57846342e+02  -1.42152174e-04
   3.57846831e+02   1.19607168e-04
   3.57847319e+02   1.35209062e-04
   3.57847807e+02   1.89925064e-04
   3.57848296e+02   2.74244085e-04
   3.57848784e+02   5.26320538e-04
   3.57849272e+02   6.08479488e-04
   3.57849761e+02   1.27255422e-04
   3.57850249e+02  -5.19153546e-04
   3.57850737e+02  -6.96134870e-04
   3.57851225e+02  -5.42231835e-04
   3.57851714e+02  -2.96225218e-04
   3.57852202e+02  -1.34115820e-04
   3.57852690e+02  -2.57972511e-04
   3.57853179e+02  -3.83507286e-04
   3.57853667e+02  -6.76973315e-04
   3.57854155e+02  -8.55953433e-04
   3.57854644e+02  -5.23256545e-04
   3.57855132e+02  -2.98327999e-04
   3.57855620e+02  -2.06526864e-04
   3.57856109e+02   8.98227809e-05
   3.57856597e+02   2.90229043e-04
   3.57857085e+02   5.31665166e-04
   3.57857573e+02   7.07370113e-04
   3.57858062e+02   3.94547416e-04
   3.57858550e+02   6.30086070e-05
   3.57859038e+02  -1.14159549e-04
   3.57859527e+02  -2.41991802e-04
   3.57860015e+02  -1.22120822e-04
   3.57860503e+02   4.95389977e-05
   3.57860992e+02   2.16199260e-04
   3.57861480e+02   2.85144255e-04
   3.57861968e+02  -2.42408878e-05
   3.57862457e+02  -2.39600149e-06
   3.57862945e+02   4.16429277e-04
   3.57863433e+02   4.17681149e-04
   3.57863921e+02   2.27661556e-04
   3.57864410e+02   2.71067147e-05
   3.57864898e+02  -7.43720420e-06
   3.57865386e+02   2.00914379e-04
   3.57865875e+02   4.33077221e-04
   3.57866363e+02   2.72268953e-04
   3.57866851e+02  -2.58420914e-04
   3.57867340e+02  -3.41301493e-04
   3.57867828e+02  -1.02955841e-04
   3.57868316e+02   2.32873906e-04
   3.57868805e+02   5.70426288e-04
   3.57869293e+02   3.27708287e-04
   3.57869781e+02  -1.62360913e-04
   3.57870269e+02  -3.71892878e-04
   3.57870758e+02  -4.83609416e-04
   3.57871246e+02  -2.44912924e-04
   3.57871734e+02   1.15934810e-04
   3.57872223e+02   1.04601932e-04
   3.57872711e+02   1.21174511e-04
   3.57873199e+02   1.56925380e-04
   3.57873688e+02   2.51172105e-06
   3.57874176e+02   4.51078922e-05
   3.57874664e+02   2.04613039e-04
   3.57875153e+02   3.18454659e-05
   3.57875641e+02  -2.33564002e-04
   3.57876129e+02  -1.48725463e-04
   3.57876617e+02   1.31195397e-04
   3.57877106e+02   2.57694715e-04
   3.57877594e+02   3.64220585e-04
   3.57878082e+02   6.60424179e-04
   3.57878571e+02   6.38518541e-04
   3.57879059e+02   7.75522039e-06
   3.57879547e+02  -6.10900315e-06
   3.57880036e+02   6.79056044e-04
   3.57880524e+02   9.49323643e-04
   3.57881012e+02   5.56323968e-04
   3.57881501e+02  -7.25124346e-06
   3.57881989e+02   7.94188691e-06
   3.57882477e+02   6.37557125e-04
   3.57882965e+02   1.09219342e-03
   3.57883454e+02   5.79880492e-04
   3.57883942e+02  -4.75977897e-04
   3.57884430e+02  -8.62289337e-04
   3.57884919e+02  -9.61489743e-04
   3.57885407e+02  -1.07353705e-03
   3.57885895e+02  -7.95028813e-04
   3.57886384e+02  -4.88331716e-04
   3.57886872e+02  -2.82919384e-04
   3.57887360e+02  -1.16010371e-04
   3.57887849e+02   6.96309507e-05
   3.57888337e+02   4.92265041e-04
   3.57888825e+02   6.11561642e-04
   3.57889314e+02   2.18189132e-04
   3.57889802e+02  -2.02989278e-04
   3.57890290e+02  -2.10154321e-04
   3.57890778e+02   1.67402526e-04
   3.57891267e+02   2.90449359e-04
   3.57891755e+02   3.25213012e-04
   3.57892243e+02   9.93926078e-05
   3.57892732e+02  -3.68857931e-04
   3.57893220e+02  -3.88088636e-04
   3.57893708e+02  -3.03127250e-04
   3.57894197e+02   1.34458605e-05
   3.57894685e+02   3.75660340e-04
   3.57895173e+02  -9.07798749e-05
   3.57895662e+02  -8.29753524e-04
   3.57896150e+02  -5.81255765e-04
   3.57896638e+02  -1.41763245e-04
   3.57897126e+02  -2.27872297e-04
   3.57897615e+02  -1.01946539e-03
   3.57898103e+02  -1.08492607e-03
   3.57898591e+02  -4.34683956e-04
   3.57899080e+02  -2.71777972e-04
   3.57899568e+02  -3.34221229e-04
   3.57900056e+02   7.81668041e-06
   3.57900545e+02   7.29340885e-04
   3.57901033e+02   1.10681891e-03
   3.57901521e+02   6.32141018e-04
   3.57902010e+02  -4.14331735e-05
   3.57902498e+02  -3.28291906e-04
   3.57902986e+02  -3.82567581e-04
   3.57903474e+02  -4.29304782e-04
   3.57903963e+02  -2.88049137e-04
   3.57904451e+02   8.93065298e-05
   3.57904939e+02   9.18268124e-05
   3.57905428e+02  -9.19680824e-05
   3.57905916e+02   1.73070148e-04
   3.57906404e+02   4.81772644e-04
   3.57906893e+02   3.52370989e-04
   3.57907381e+02  -2.82879511e-04
   3.57907869e+02  -7.41738535e-04
   3.57908358e+02  -7.38095026e-04
   3.57908846e+02  -4.06047940e-04
   3.57909334e+02   4.35902504e-04
   3.57909822e+02   1.11368322e-03
   3.57910311e+02   7.96351174e-04
   3.57910799e+02  -2.12799772e-04
   3.57911287e+02  -6.32622861e-04
   3.57911776e+02  -2.10953862e-04
   3.57912264e+02   4.23156780e-05
   3.57912752e+02  -5.28456330e-05
   3.57913241e+02  -3.07166396e-04
   3.57913729e+02  -7.95482483e-04
   3.57914217e+02  -1.19816442e-03
   3.57914706e+02  -8.20553163e-04
   3.57915194e+02   4.01049911e-05
   3.57915682e+02   2.75670463e-04
   3.57916170e+02  -1.10019446e-05
   3.57916659e+02  -1.63940364e-04
   3.57917147e+02  -1.59151212e-04
   3.57917635e+02  -5.09179517e-05
   3.57918124e+02  -3.18080129e-05
   3.57918612e+02  -2.29343423e-05
   3.57919100e+02  -1.45915008e-04
   3.57919589e+02  -5.06704382e-04
   3.57920077e+02  -5.27383119e-04
   3.57920565e+02  -4.80722927e-04
   3.57921054e+02  -6.44837157e-04
   3.57921542e+02  -3.20223160e-04
   3.57922030e+02   5.51639459e-05
   3.57922518e+02   1.58648443e-04
   3.57923007e+02   1.65932252e-05
   3.57923495e+02  -9.99919794e-05
   3.57923983e+02   2.38983746e-04
   3.57924472e+02   6.38909347e-04
   3.57924960e+02   7.92503648e-04
   3.57925448e+02   7.84036587e-04
   3.57925937e+02   4.09849832e-04
   3.57926425e+02  -2.18568282e-04
   3.57926913e+02  -3.81784688e-04
   3.57927402e+02   1.64336652e-05
   3.57927890e+02   2.84687267e-04
   3.57928378e+02   7.60847834e-05
   3.57928867e+02  -3.82820755e-04
   3.57929355e+02  -5.61137043e-04
   3.57929843e+02  -2.30239220e-05
   3.57930331e+02   7.41445459e-04
   3.57930820e+02   8.87620379e-04
   3.57931308e+02   4.27260646e-04
   3.57931796e+02  -1.87840647e-04
   3.57932285e+02  -7.44788675e-04
   3.57932773e+02  -7.40661169e-04
   3.57933261e+02  -3.39157035e-04
   3.57933750e+02  -1.90484978e-04
   3.57934238e+02  -3.28751252e-04
   3.57934726e+02  -3.24029796e-04
   3.57935215e+02   4.61243180e-05
   3.57935703e+02   9.39403253e-05
   3.57936191e+02  -2.58586457e-04
   3.57936679e+02  -5.00987051e-04
   3.57937168e+02  -6.06912887e-04
   3.57937656e+02  -5.19473746e-04
   3.57938144e+02  -1.10782945e-04
   3.57938633e+02   1.68674102e-04
   3.57939121e+02   2.33026978e-04
   3.57939609e+02   5.62691828e-04
   3.57940098e+02   6.32346258e-04
   3.57940586e+02   1.71329273e-04
   3.57941074e+02  -8.72670134e-05
   3.57941563e+02  -3.40684288e-04
   3.57942051e+02  -6.79162913e-04
   3.57942539e+02  -4.24080965e-04
   3.57943027e+02   3.10351577e-04
   3.57943516e+02   6.24727516e-04
   3.57944004e+02   5.12710481e-04
   3.57944492e+02   4.63196804e-04
   3.57944981e+02   2.70029908e-04
   3.57945469e+02  -1.00093930e-04
   3.57945957e+02  -3.76510667e-04
   3.57946446e+02  -2.51940597e-04
   3.57946934e+02   3.24798399e-04
   3.57947422e+02   5.63119771e-04
   3.57947911e+02   1.81045441e-04
   3.57948399e+02  -1.19472832e-04
   3.57948887e+02  -2.33632541e-04
   3.57949375e+02   4.46199447e-05
   3.57949864e+02   6.53921918e-04
   3.57950352e+02   6.79890916e-04
   3.57950840e+02   2.81282671e-04
   3.57951329e+02   1.31157285e-04
   3.57951817e+02   1.97528498e-04
   3.57952305e+02   1.51104628e-04
   3.57952794e+02   3.41391351e-05
   3.57953282e+02   4.70091531e-04
   3.57953770e+02   7.69776816e-04
   3.57954259e+02   1.44120015e-04
   3.57954747e+02   2.03116084e-04
   3.57955235e+02   5.46132913e-04
   3.57955723e+02   5.35843661e-04
   3.57956212e+02   5.70213248e-04
   3.57956700e+02   7.84936070e-04
   3.57957188e+02   9.03075386e-04
   3.57957677e+02   7.21764518e-04
   3.57958165e+02   1.85323341e-04
   3.57958653e+02  -1.38652103e-04
   3.57959142e+02   8.69721116e-05
   3.57959630e+02   4.01870173e-04
   3.57960118e+02   1.95646455e-04
   3.57960607e+02  -4.71390058e-06
   3.57961095e+02   2.14629443e-04
   3.57961583e+02   5.04017924e-04
   3.57962071e+02   5.50105760e-04
   3.57962560e+02   3.28085007e-04
   3.57963048e+02  -3.81636746e-05
   3.57963536e+02  -3.94489703e-04
   3.57964025e+02   4.77765534e-05
   3.57964513e+02   7.98269000e-04
   3.57965001e+02   6.22994383e-04
   3.57965490e+02   1.35090639e-04
   3.57965978e+02  -4.65346238e-05
   3.57966466e+02   1.01351929e-04
   3.57966955e+02   7.32765184e-04
   3.57967443e+02   1.09433918e-03
   3.57967931e+02   5.74589649e-04
   3.57968420e+02   4.01550438e-04
   3.57968908e+02   4.35925904e-04
   3.57969396e+02  -3.62164828e-05
   3.57969884e+02  -1.87048718e-04
   3.57970373e+02   2.44200492e-04
   3.57970861e+02   4.58066963e-04
   3.57971349e+02   9.42301340e-05
   3.57971838e+02  -4.51119820e-04
   3.57972326e+02  -4.19489079e-04
   3.57972814e+02   4.48886785e-05
   3.57973303e+02  -4.00618119e-05
   3.57973791e+02  -5.62996778e-04
   3.57974279e+02  -6.48761983e-04
   3.57974768e+02  -2.20867601e-04
   3.57975256e+02   2.98630457e-05
   3.57975744e+02   1.19543045e-04
   3.57976232e+02   7.92356368e-05
   3.57976721e+02  -6.72293099e-05
   3.57977209e+02   4.41795244e-04
   3.57977697e+02   1.27518468e-03
   3.57978186e+02   1.49095315e-03
   3.57978674e+02   1.19728455e-03
   3.57979162e+02   7.20865617e-04
   3.57979651e+02   9.45008942e-05
   3.57980139e+02  -2.35148967e-04
   3.57980627e+02  -3.20648655e-06
   3.57981116e+02   1.09586574e-04
   3.57981604e+02  -3.29421855e-05
   3.57982092e+02  -1.27264590e-04
   3.57982580e+02   1.83295240e-04
   3.57983069e+02   6.46430941e-04
   3.57983557e+02   5.09596721e-04
   3.57984045e+02   1.00467689e-04
   3.57984534e+02   5.50616933e-05
   3.57985022e+02   3.45088280e-04
   3.57985510e+02   3.85999243e-04
   3.57985999e+02   3.84433981e-04
   3.57986487e+02   2.77156505e-04
   3.57986975e+02  -4.65250487e-04
   3.57987464e+02  -9.24547610e-04
   3.57987952e+02  -7.90098566e-04
   3.57988440e+02  -4.31617023e-04
   3.57988928e+02   1.23474706e-06
   3.57989417e+02   2.47947610e-04
   3.57989905e+02   5.53574238e-04
   3.57990393e+02   5.38043503e-04
   3.57990882e+02   1.49521817e-04
   3.57991370e+02   1.90391147e-04
   3.57991858e+02   1.12662936e-04
   3.57992347e+02  -2.78225081e-04
   3.57992835e+02  -2.96034588e-04
   3.57993323e+02   1.77277267e-04
   3.57993812e+02   7.58297450e-04
   3.57994300e+02   9.54688643e-04
   3.57994788e+02   5.05492731e-04
   3.57995276e+02  -1.26682688e-04
   3.57995765e+02  -4.23550460e-04
   3.57996253e+02  -4.48352715e-04
   3.57996741e+02  -2.65309034e-04
   3.57997230e+02  -1.77754773e-04
   3.57997718e+02  -3.04499612e-04
   3.57998206e+02  -3.10720090e-04
   3.57998695e+02  -3.33954958e-04
   3.57999183e+02  -2.58487213e-04
   3.57999671e+02  -1.40796154e-04
   3.58000160e+02  -1.83605443e-04
   3.58000648e+02  -1.20785924e-04
   3.58001136e+02  -5.29643046e-07
   3.58001624e+02   1.37615207e-04
   3.58002113e+02   1.15357303e-04
   3.58002601e+02  -1.96775465e-04
   3.58003089e+02  -6.11389463e-04
   3.58003578e+02  -7.67304096e-04
   3.58004066e+02  -6.32380252e-04
   3.58004554e+02  -6.26661174e-04
   3.58005043e+02  -6.93431066e-04
   3.58005531e+02  -6.15563127e-04
   3.58006019e+02  -4.08115127e-04
   3.58006508e+02  -4.82177216e-04
   3.58006996e+02  -4.75728360e-04
   3.58007484e+02   1.75830082e-05
   3.58007973e+02   3.77231772e-04
   3.58008461e+02   2.84026086e-04
   3.58008949e+02   2.11224309e-04
   3.58009437e+02   2.00084280e-04
   3.58009926e+02  -2.22102699e-05
   3.58010414e+02  -2.86560069e-04
   3.58010902e+02  -2.83125264e-04
   3.58011391e+02  -2.22771370e-04
   3.58011879e+02  -1.59142335e-04
   3.58012367e+02  -2.54032435e-04
   3.58012856e+02  -2.43855538e-04
   3.58013344e+02   2.76844130e-05
   3.58013832e+02   1.56898925e-04
   3.58014321e+02   1.73059743e-04
   3.58014809e+02   1.49564716e-04
   3.58015297e+02  -3.47686087e-04
   3.58015785e+02  -2.88845011e-04
   3.58016274e+02   3.60510719e-04
   3.58016762e+02   7.27901701e-04
   3.58017250e+02   9.33326955e-04
   3.58017739e+02   8.86295107e-04
   3.58018227e+02   4.83735610e-04
   3.58018715e+02   1.41384444e-04
   3.58019204e+02   1.24252314e-04
   3.58019692e+02   1.81682088e-04
   3.58020180e+02  -9.48400339e-05
   3.58020669e+02  -3.46920366e-04
   3.58021157e+02  -4.07212588e-04
   3.58021645e+02  -4.19739925e-04
   3.58022133e+02  -3.81351507e-04
   3.58022622e+02  -4.44484758e-04
   3.58023110e+02  -3.25906003e-04
   3.58023598e+02  -1.94717850e-05
   3.58024087e+02   5.75900012e-05
   3.58024575e+02   5.12908991e-06
   3.58025063e+02   2.04177253e-04
   3.58025552e+02   4.41873388e-04
   3.58026040e+02   4.70308412e-04
   3.58026528e+02   5.08041761e-04
   3.58027017e+02   5.17144334e-04
   3.58027505e+02   5.05130563e-04
   3.58027993e+02   4.78851143e-04
   3.58028481e+02   5.15118358e-04
   3.58028970e+02   5.52267942e-04
   3.58029458e+02   2.76114733e-04
   3.58029946e+02  -1.36022951e-04
   3.58030435e+02  -2.59862631e-04
   3.58030923e+02   6.42998543e-07
   3.58031411e+02   3.43232678e-04
   3.58031900e+02   3.27872927e-04
   3.58032388e+02   1.80947143e-04
   3.58032876e+02  -4.09461427e-05
   3.58033365e+02  -3.75008240e-05
   3.58033853e+02   6.34234340e-04
   3.58034341e+02   1.11063500e-03
   3.58034829e+02   6.04705419e-04
   3.58035318e+02  -5.14868843e-05
   3.58035806e+02  -3.04888643e-04
   3.58036294e+02  -4.20801487e-04
   3.58036783e+02  -4.07963787e-04
   3.58037271e+02  -2.64919043e-04
   3.58037759e+02  -3.62285529e-04
   3.58038248e+02  -5.26124029e-04
   3.58038736e+02  -6.23683562e-04
   3.58039224e+02  -5.97822014e-04
   3.58039713e+02  -4.13520524e-04
   3.58040201e+02  -2.84613925e-04
   3.58040689e+02  -2.59983935e-04
   3.58041177e+02  -2.78109859e-04
   3.58041666e+02  -3.57203797e-04
   3.58042154e+02  -8.89940347e-05
   3.58042642e+02   3.17978789e-04
   3.58043131e+02   3.41174571e-04
   3.58043619e+02   3.69469140e-04
   3.58044107e+02   3.22907174e-04
   3.58044596e+02  -9.26974535e-05
   3.58045084e+02  -9.07797876e-05
   3.58045572e+02   6.87555468e-04
   3.58046061e+02   1.22808001e-03
   3.58046549e+02   8.69393058e-04
   3.58047037e+02   1.76132788e-04
   3.58047526e+02  -2.41445698e-04
   3.58048014e+02  -3.96335818e-04
   3.58048502e+02  -4.74587199e-04
   3.58048990e+02  -3.44204862e-04
   3.58049479e+02  -6.89602457e-05
   3.58049967e+02   8.30014251e-05
   3.58050455e+02   1.28517888e-04
   3.58050944e+02   3.38258862e-04
   3.58051432e+02   5.21070266e-04
   3.58051920e+02   4.17564646e-04
   3.58052409e+02   2.61991197e-04
   3.58052897e+02   1.74937129e-04
   3.58053385e+02   2.41762507e-04
   3.58053874e+02   5.16966917e-04
   3.58054362e+02   3.48255475e-04
   3.58054850e+02  -2.35137908e-04
   3.58055338e+02  -3.89582885e-04
   3.58055827e+02  -4.24335631e-05
   3.58056315e+02   6.71616217e-05
   3.58056803e+02  -2.23177864e-04
   3.58057292e+02  -6.05990062e-04
   3.58057780e+02  -5.05684351e-04
   3.58058268e+02   1.76367161e-04
   3.58058757e+02   5.33379556e-04
   3.58059245e+02   4.33209381e-04
   3.58059733e+02  -1.01158230e-05
   3.58060222e+02  -8.02376657e-04
   3.58060710e+02  -9.20644670e-04
   3.58061198e+02  -4.73572436e-04
   3.58061686e+02  -3.34323093e-04
   3.58062175e+02  -3.67494766e-04
   3.58062663e+02  -2.71584810e-04
   3.58063151e+02  -3.02431290e-04
   3.58063640e+02  -4.96272347e-04
   3.58064128e+02  -3.51117400e-04
   3.58064616e+02  -1.74384302e-04
   3.58065105e+02  -1.01164973e-04
   3.58065593e+02   2.45617295e-04
   3.58066081e+02   3.86706117e-04
   3.58066570e+02  -4.81590578e-05
   3.58067058e+02  -3.78421915e-04
   3.58067546e+02  -9.08760849e-05
   3.58068034e+02   2.68116069e-04
   3.58068523e+02   5.52681508e-04
   3.58069011e+02   8.04529001e-04
   3.58069499e+02   6.18877879e-04
   3.58069988e+02   2.30138015e-04
   3.58070476e+02   1.93032574e-05
