frequency (GHz), flux (Jy/beam)
   3.56198789e+02   7.06584600e-04
   3.56199277e+02   5.28815435e-04
   3.56199766e+02   5.01469651e-04
   3.56200254e+02   5.70619013e-04
   3.56200742e+02   5.25038398e-04
   3.56201231e+02   3.37691221e-04
   3.56201719e+02   3.77659773e-04
   3.56202207e+02   4.24528436e-04
   3.56202695e+02   2.87227449e-04
   3.56203184e+02   2.16679997e-04
   3.56203672e+02   1.64523139e-04
   3.56204160e+02   1.46024497e-04
   3.56204649e+02  -1.32941968e-05
   3.56205137e+02  -2.77692539e-04
   3.56205625e+02  -2.07753765e-04
   3.56206114e+02   5.13153900e-05
   3.56206602e+02   1.73669279e-04
   3.56207090e+02   1.23606325e-04
   3.56207579e+02  -8.25330062e-05
   3.56208067e+02  -1.09326218e-04
   3.56208555e+02  -9.50031026e-05
   3.56209044e+02  -1.46102087e-04
   3.56209532e+02  -3.23256318e-05
   3.56210020e+02   3.21788306e-04
   3.56210508e+02   6.87344582e-04
   3.56210997e+02   8.03683244e-04
   3.56211485e+02   5.88274677e-04
   3.56211973e+02   4.17095609e-04
   3.56212462e+02   5.18650922e-04
   3.56212950e+02   6.41075894e-04
   3.56213438e+02   6.68286986e-04
   3.56213927e+02   6.41469203e-04
   3.56214415e+02   7.98943453e-04
   3.56214903e+02   9.21541534e-04
   3.56215392e+02   3.28714930e-04
   3.56215880e+02  -2.17465320e-04
   3.56216368e+02   1.55594724e-04
   3.56216856e+02   8.21319583e-04
   3.56217345e+02   1.06628577e-03
   3.56217833e+02   6.53161085e-04
   3.56218321e+02  -2.68254167e-04
   3.56218810e+02  -6.52258808e-04
   3.56219298e+02  -3.20758671e-04
   3.56219786e+02  -3.36208119e-04
   3.56220275e+02  -7.71565305e-04
   3.56220763e+02  -6.20585924e-04
   3.56221251e+02   1.73362918e-04
   3.56221740e+02   3.75998003e-04
   3.56222228e+02  -2.37858367e-05
   3.56222716e+02  -7.28491650e-05
   3.56223204e+02  -1.40346790e-04
   3.56223693e+02  -4.96157212e-04
   3.56224181e+02  -4.93188680e-04
   3.56224669e+02  -2.17463108e-04
   3.56225158e+02  -1.66178761e-05
   3.56225646e+02   4.53927805e-06
   3.56226134e+02  -1.41935277e-04
   3.56226623e+02  -1.03313578e-04
   3.56227111e+02  -1.09021050e-04
   3.56227599e+02  -3.23566288e-04
   3.56228088e+02  -2.93224031e-04
   3.56228576e+02  -3.23328684e-04
   3.56229064e+02  -5.71579498e-04
   3.56229552e+02  -2.71472643e-04
   3.56230041e+02   5.31346479e-04
   3.56230529e+02   1.01976155e-03
   3.56231017e+02   9.92837711e-04
   3.56231506e+02   8.79355648e-04
   3.56231994e+02   7.73587788e-04
   3.56232482e+02   5.78215811e-04
   3.56232971e+02   5.74274338e-04
   3.56233459e+02   5.76791703e-04
   3.56233947e+02   2.18874193e-04
   3.56234436e+02   1.76000773e-04
   3.56234924e+02   4.41956538e-04
   3.56235412e+02   4.16064984e-04
   3.56235900e+02   1.32793226e-04
   3.56236389e+02  -2.00563358e-04
   3.56236877e+02  -2.07980513e-04
   3.56237365e+02  -1.99938495e-05
   3.56237854e+02   1.07696469e-04
   3.56238342e+02   1.77566064e-04
   3.56238830e+02  -1.06049665e-04
   3.56239319e+02  -4.18210082e-04
   3.56239807e+02  -2.51860445e-04
   3.56240295e+02   6.98374497e-05
   3.56240784e+02   2.77743122e-04
   3.56241272e+02   3.98622738e-04
   3.56241760e+02   1.71162654e-04
   3.56242248e+02  -1.60178926e-04
   3.56242737e+02  -7.54406938e-05
   3.56243225e+02   1.13821632e-04
   3.56243713e+02   1.54435387e-04
   3.56244202e+02   1.01261721e-04
   3.56244690e+02   2.76588456e-04
   3.56245178e+02   7.39687646e-04
   3.56245667e+02   9.79054952e-04
   3.56246155e+02   7.19383708e-04
   3.56246643e+02   1.54845184e-04
   3.56247132e+02  -1.94488675e-04
   3.56247620e+02  -3.08664778e-04
   3.56248108e+02  -3.72839510e-04
   3.56248597e+02  -3.25671863e-04
   3.56249085e+02  -3.83145816e-04
   3.56249573e+02  -2.31383397e-04
   3.56250061e+02   4.32346511e-04
   3.56250550e+02   8.66448623e-04
   3.56251038e+02   5.97479462e-04
   3.56251526e+02   3.18993494e-04
   3.56252015e+02   4.95894928e-04
   3.56252503e+02   7.55413552e-04
   3.56252991e+02   6.45223889e-04
   3.56253480e+02   2.28169840e-04
   3.56253968e+02  -5.71363125e-05
   3.56254456e+02  -1.35659415e-04
   3.56254945e+02  -7.09851229e-05
   3.56255433e+02   2.66941061e-04
   3.56255921e+02   5.82190929e-04
   3.56256409e+02   5.82280394e-04
   3.56256898e+02   4.67581383e-04
   3.56257386e+02   3.50882765e-04
   3.56257874e+02  -1.22598021e-05
   3.56258363e+02  -5.69456432e-04
   3.56258851e+02  -6.88360131e-04
   3.56259339e+02  -1.12672431e-04
   3.56259828e+02   4.32916830e-04
   3.56260316e+02   5.16513886e-04
   3.56260804e+02   4.61282703e-04
   3.56261293e+02   9.02808024e-05
   3.56261781e+02  -2.98121537e-04
   3.56262269e+02  -4.55400805e-05
   3.56262757e+02   5.26006741e-04
   3.56263246e+02   9.84691316e-04
   3.56263734e+02   1.18419353e-03
   3.56264222e+02   8.72398028e-04
   3.56264711e+02   1.71023639e-04
   3.56265199e+02  -1.27861436e-04
   3.56265687e+02   1.80979943e-04
   3.56266176e+02   4.17282630e-04
   3.56266664e+02   3.31218471e-04
   3.56267152e+02   1.49681757e-04
   3.56267641e+02   2.98817904e-04
   3.56268129e+02   5.59737731e-04
   3.56268617e+02   3.21245432e-04
   3.56269105e+02  -2.19713416e-04
   3.56269594e+02  -5.06454089e-04
   3.56270082e+02  -4.81591356e-04
   3.56270570e+02  -1.32012778e-04
   3.56271059e+02   1.97682864e-04
   3.56271547e+02   6.47238703e-05
   3.56272035e+02   4.80443778e-05
   3.56272524e+02   3.33794334e-04
   3.56273012e+02   4.77119407e-04
   3.56273500e+02   3.27218208e-04
   3.56273989e+02   2.04561977e-04
   3.56274477e+02   1.99861461e-04
   3.56274965e+02   1.31641471e-04
   3.56275453e+02   1.28044077e-04
   3.56275942e+02   1.84426579e-04
   3.56276430e+02  -6.70730951e-05
   3.56276918e+02  -2.96637940e-04
   3.56277407e+02  -1.41013646e-04
   3.56277895e+02   8.09921403e-05
   3.56278383e+02   3.48445610e-04
   3.56278872e+02   1.45551996e-04
   3.56279360e+02  -6.74671610e-04
   3.56279848e+02  -1.03395677e-03
   3.56280337e+02  -7.38281698e-04
   3.56280825e+02  -4.66124649e-04
   3.56281313e+02  -2.70940713e-04
   3.56281801e+02   5.32930862e-05
   3.56282290e+02   3.99644487e-04
   3.56282778e+02   2.84302456e-04
   3.56283266e+02  -9.86804080e-05
   3.56283755e+02  -1.67380349e-04
   3.56284243e+02  -3.86628053e-05
   3.56284731e+02   3.31445699e-05
   3.56285220e+02  -3.30084185e-05
   3.56285708e+02   4.75732013e-05
   3.56286196e+02   3.38088110e-04
   3.56286685e+02   4.53125889e-04
   3.56287173e+02   5.06079639e-04
   3.56287661e+02   4.92439314e-04
   3.56288150e+02   1.73251188e-04
   3.56288638e+02  -3.51944578e-07
   3.56289126e+02  -4.21865334e-05
   3.56289614e+02  -4.67856880e-04
   3.56290103e+02  -7.31940090e-04
   3.56290591e+02  -5.56498941e-04
   3.56291079e+02  -4.16001247e-04
   3.56291568e+02  -3.77851626e-04
   3.56292056e+02  -1.93747139e-04
   3.56292544e+02   1.35761773e-04
   3.56293033e+02   1.22962461e-04
   3.56293521e+02  -2.68906122e-04
   3.56294009e+02  -2.28692603e-04
   3.56294498e+02   3.50211085e-05
   3.56294986e+02  -3.56581259e-05
   3.56295474e+02  -8.32986916e-05
   3.56295962e+02   1.51368513e-04
   3.56296451e+02   5.62822097e-04
   3.56296939e+02   4.90489299e-04
   3.56297427e+02  -2.00178154e-04
   3.56297916e+02  -3.50264221e-04
   3.56298404e+02   8.29836645e-05
   3.56298892e+02  -3.75693635e-05
   3.56299381e+02  -6.70119596e-04
   3.56299869e+02  -9.20702412e-04
   3.56300357e+02  -8.40300985e-04
   3.56300846e+02  -6.45495718e-04
   3.56301334e+02  -4.76618792e-04
   3.56301822e+02  -4.36895323e-04
   3.56302310e+02  -9.98747419e-05
   3.56302799e+02   4.25819511e-04
   3.56303287e+02   5.53724705e-04
   3.56303775e+02   5.43407747e-04
   3.56304264e+02   4.77787777e-04
   3.56304752e+02   9.34004129e-05
   3.56305240e+02  -3.35279445e-04
   3.56305729e+02  -4.24907601e-04
   3.56306217e+02  -1.48062327e-05
   3.56306705e+02   3.67855042e-04
   3.56307194e+02   1.68815721e-04
   3.56307682e+02  -3.20575171e-04
   3.56308170e+02  -5.79129730e-04
   3.56308658e+02  -5.49326011e-04
   3.56309147e+02  -2.79481406e-04
   3.56309635e+02   9.34213676e-05
   3.56310123e+02   2.43373390e-04
   3.56310612e+02   3.49270093e-04
   3.56311100e+02   4.71367122e-04
   3.56311588e+02   2.67627358e-04
   3.56312077e+02  -1.05196787e-05
   3.56312565e+02  -1.56069422e-04
   3.56313053e+02  -2.72730133e-04
   3.56313542e+02  -1.45725673e-04
   3.56314030e+02   1.16016403e-04
   3.56314518e+02   2.86113209e-04
   3.56315006e+02   5.16286818e-04
   3.56315495e+02   4.57734626e-04
   3.56315983e+02   2.01672374e-04
   3.56316471e+02   1.14491057e-04
   3.56316960e+02   1.38143305e-05
   3.56317448e+02  -1.26408704e-04
   3.56317936e+02  -1.82498654e-04
   3.56318425e+02   1.12308728e-04
   3.56318913e+02   7.88443547e-04
   3.56319401e+02   9.34037729e-04
   3.56319890e+02   2.52812461e-04
   3.56320378e+02  -3.18231236e-04
   3.56320866e+02  -2.65983428e-04
   3.56321354e+02   1.69912935e-04
   3.56321843e+02   6.16063538e-04
   3.56322331e+02   1.02371606e-03
   3.56322819e+02   1.15069991e-03
   3.56323308e+02   5.79433632e-04
   3.56323796e+02   1.50413298e-05
   3.56324284e+02   1.48414765e-04
   3.56324773e+02   3.91839829e-04
   3.56325261e+02   3.83389182e-04
   3.56325749e+02   3.58104415e-04
   3.56326238e+02   2.90384603e-04
   3.56326726e+02   2.76071572e-04
   3.56327214e+02   4.45573096e-04
   3.56327702e+02   4.44439240e-04
   3.56328191e+02   3.86083528e-04
   3.56328679e+02   5.06971905e-04
   3.56329167e+02   3.52971634e-04
   3.56329656e+02  -7.00281817e-05
   3.56330144e+02  -2.82394205e-04
   3.56330632e+02  -4.08498949e-04
   3.56331121e+02  -4.44896315e-04
   3.56331609e+02  -2.01036135e-04
   3.56332097e+02  -9.42874904e-05
   3.56332586e+02  -2.21621754e-04
   3.56333074e+02  -1.82693271e-04
   3.56333562e+02   1.19870885e-04
   3.56334051e+02   3.50100687e-04
   3.56334539e+02   2.46410404e-04
   3.56335027e+02   1.79920517e-05
   3.56335515e+02   4.01976977e-05
   3.56336004e+02   9.59768568e-06
   3.56336492e+02  -2.60242465e-04
   3.56336980e+02  -2.53088074e-04
   3.56337469e+02   6.13795419e-05
   3.56337957e+02   1.94158070e-04
   3.56338445e+02   1.25565193e-05
   3.56338934e+02  -2.55029154e-04
   3.56339422e+02  -1.95903340e-04
   3.56339910e+02   9.43253835e-05
   3.56340399e+02  -5.96209202e-06
   3.56340887e+02  -2.56997242e-04
   3.56341375e+02  -8.63278910e-05
   3.56341863e+02  -3.70061789e-05
   3.56342352e+02  -4.68025682e-04
   3.56342840e+02  -2.77568615e-04
   3.56343328e+02   4.15829330e-04
   3.56343817e+02   4.49568179e-04
   3.56344305e+02  -2.07770994e-04
   3.56344793e+02  -8.87497386e-04
   3.56345282e+02  -9.85994353e-04
   3.56345770e+02  -5.22886054e-04
   3.56346258e+02  -1.33693102e-04
   3.56346747e+02  -2.00767521e-04
   3.56347235e+02  -4.05316183e-04
   3.56347723e+02  -2.74731196e-04
   3.56348211e+02  -7.28873129e-05
   3.56348700e+02  -2.21524839e-04
   3.56349188e+02  -4.75155859e-04
   3.56349676e+02  -6.48526184e-04
   3.56350165e+02  -7.45801430e-04
   3.56350653e+02  -4.33060806e-04
   3.56351141e+02   2.10002218e-05
   3.56351630e+02   1.74157667e-05
   3.56352118e+02  -1.87931088e-04
   3.56352606e+02  -3.31502612e-04
   3.56353095e+02  -3.92675574e-04
   3.56353583e+02  -4.66211408e-04
   3.56354071e+02  -7.68537750e-04
   3.56354559e+02  -9.01068503e-04
   3.56355048e+02  -5.04089345e-04
   3.56355536e+02   3.95619463e-05
   3.56356024e+02   5.12545637e-04
   3.56356513e+02   6.71674206e-04
   3.56357001e+02   1.95003609e-04
   3.56357489e+02  -5.27643948e-04
   3.56357978e+02  -6.28812180e-04
   3.56358466e+02  -1.65444668e-04
   3.56358954e+02  -6.20797946e-05
   3.56359443e+02  -1.50590247e-04
   3.56359931e+02   1.35142327e-04
   3.56360419e+02   3.27460701e-04
   3.56360907e+02   1.58637558e-04
   3.56361396e+02  -5.87800105e-06
   3.56361884e+02  -1.54567446e-04
   3.56362372e+02  -3.82908998e-04
   3.56362861e+02  -6.38893340e-04
   3.56363349e+02  -7.86707795e-04
   3.56363837e+02  -5.94421057e-04
   3.56364326e+02  -2.98424391e-04
   3.56364814e+02  -3.34438228e-04
   3.56365302e+02  -4.34670656e-04
   3.56365791e+02  -2.79015338e-04
   3.56366279e+02  -5.15087195e-05
   3.56366767e+02  -4.63038632e-05
   3.56367255e+02   8.32231090e-05
   3.56367744e+02   2.40882466e-04
   3.56368232e+02   9.75870280e-05
   3.56368720e+02   4.75469205e-05
   3.56369209e+02   1.65287973e-04
   3.56369697e+02   2.67670170e-04
   3.56370185e+02   2.44173978e-04
   3.56370674e+02   2.85471560e-05
   3.56371162e+02  -2.42937953e-04
   3.56371650e+02  -3.16103047e-04
   3.56372139e+02  -1.50988335e-05
   3.56372627e+02  -5.48239514e-05
   3.56373115e+02  -5.79526277e-05
   3.56373604e+02   3.17095284e-04
   3.56374092e+02   4.52751963e-04
   3.56374580e+02   5.54095372e-04
   3.56375068e+02   1.02177088e-03
   3.56375557e+02   1.17748894e-03
   3.56376045e+02   6.23572967e-04
   3.56376533e+02  -1.42857854e-04
   3.56377022e+02  -7.82821793e-04
   3.56377510e+02  -9.27478599e-04
   3.56377998e+02  -5.14841056e-04
   3.56378487e+02  -4.11602778e-05
   3.56378975e+02   3.40799306e-04
   3.56379463e+02   4.44940175e-04
   3.56379952e+02   4.30481916e-04
   3.56380440e+02   3.31727468e-04
   3.56380928e+02   3.31145275e-05
   3.56381416e+02  -1.62858014e-05
   3.56381905e+02   4.03670332e-04
   3.56382393e+02   6.02801563e-04
   3.56382881e+02   2.80220323e-04
   3.56383370e+02   3.17944970e-04
   3.56383858e+02   8.22520640e-04
   3.56384346e+02   7.33676075e-04
   3.56384835e+02   5.11729231e-05
   3.56385323e+02  -2.57014210e-04
   3.56385811e+02  -9.73030765e-05
   3.56386300e+02   8.81556625e-05
   3.56386788e+02  -1.38537187e-04
   3.56387276e+02  -2.88893352e-04
   3.56387764e+02   9.90566623e-05
   3.56388253e+02   1.37964176e-04
   3.56388741e+02  -1.90053281e-04
   3.56389229e+02  -2.32082777e-04
   3.56389718e+02   1.68539220e-04
   3.56390206e+02   8.85973335e-04
   3.56390694e+02   1.07831240e-03
   3.56391183e+02   4.15260583e-04
   3.56391671e+02  -1.69611405e-04
   3.56392159e+02  -8.44399037e-05
   3.56392648e+02   7.40742544e-05
   3.56393136e+02  -9.93643553e-05
   3.56393624e+02  -2.83767615e-04
   3.56394112e+02  -9.99784461e-05
   3.56394601e+02   3.67587025e-04
   3.56395089e+02   5.99255029e-04
   3.56395577e+02   4.66090831e-04
   3.56396066e+02   5.74977857e-05
   3.56396554e+02  -2.75299302e-04
   3.56397042e+02  -5.68965479e-05
   3.56397531e+02   4.82569332e-04
   3.56398019e+02   6.33018208e-04
   3.56398507e+02   2.28078221e-04
   3.56398996e+02  -1.54748894e-04
   3.56399484e+02  -9.58571327e-05
   3.56399972e+02  -5.27577504e-05
   3.56400460e+02  -3.83921084e-04
   3.56400949e+02  -6.81492151e-04
   3.56401437e+02  -3.62151215e-04
   3.56401925e+02   3.00906599e-04
   3.56402414e+02   5.45316609e-04
   3.56402902e+02   2.42141745e-04
   3.56403390e+02  -1.96740744e-04
   3.56403879e+02  -2.78348976e-04
   3.56404367e+02   5.37828928e-05
   3.56404855e+02   4.34054615e-04
   3.56405344e+02   2.29170852e-04
   3.56405832e+02  -1.57395465e-04
   3.56406320e+02   5.00037349e-05
   3.56406808e+02   4.78409871e-04
   3.56407297e+02   5.12711646e-04
   3.56407785e+02  -1.35893879e-05
   3.56408273e+02  -4.21556790e-04
   3.56408762e+02  -1.92601059e-04
   3.56409250e+02   1.99588030e-04
   3.56409738e+02   3.47811583e-04
   3.56410227e+02   3.25107569e-04
   3.56410715e+02   2.69223208e-04
   3.56411203e+02   2.45325151e-04
   3.56411692e+02   1.60418145e-04
   3.56412180e+02  -2.68601325e-05
   3.56412668e+02  -4.02340549e-04
   3.56413157e+02  -8.37009109e-04
   3.56413645e+02  -7.50844018e-04
   3.56414133e+02  -5.05906122e-04
   3.56414621e+02  -8.28888558e-04
   3.56415110e+02  -1.15675922e-03
   3.56415598e+02  -8.23211274e-04
   3.56416086e+02  -2.71815428e-04
   3.56416575e+02  -2.04079934e-05
   3.56417063e+02   1.05587584e-04
   3.56417551e+02   7.30076717e-05
   3.56418040e+02  -1.01449463e-04
   3.56418528e+02  -3.60893755e-05
   3.56419016e+02   2.68614065e-04
   3.56419505e+02   3.57994228e-04
   3.56419993e+02  -1.22241254e-05
   3.56420481e+02  -4.31320019e-04
   3.56420969e+02  -4.93639964e-04
   3.56421458e+02  -9.91155594e-06
   3.56421946e+02   3.86320316e-04
   3.56422434e+02   2.88668089e-04
   3.56422923e+02   1.59796240e-04
   3.56423411e+02  -3.50365663e-05
   3.56423899e+02  -2.30392863e-04
   3.56424388e+02   9.62611739e-05
   3.56424876e+02   4.16811323e-04
   3.56425364e+02   1.77689479e-04
   3.56425853e+02  -1.27043430e-04
   3.56426341e+02  -3.82558006e-04
   3.56426829e+02  -4.48214036e-04
   3.56427317e+02  -5.80046108e-05
   3.56427806e+02   4.56416339e-04
   3.56428294e+02   9.21080064e-04
   3.56428782e+02   8.83188972e-04
   3.56429271e+02   1.96152600e-04
   3.56429759e+02  -2.63391616e-04
   3.56430247e+02  -1.62476339e-04
   3.56430736e+02   1.93274944e-04
   3.56431224e+02   2.04008218e-04
   3.56431712e+02  -2.02889423e-04
   3.56432201e+02  -5.93371922e-04
   3.56432689e+02  -6.87489752e-04
   3.56433177e+02  -5.55548002e-04
   3.56433665e+02  -2.48969445e-04
   3.56434154e+02   7.20052412e-05
   3.56434642e+02   4.16467112e-04
   3.56435130e+02   5.87080198e-04
   3.56435619e+02   4.82852454e-04
   3.56436107e+02   4.87690530e-04
   3.56436595e+02   1.09094172e-03
   3.56437084e+02   2.07570288e-03
   3.56437572e+02   3.00843408e-03
   3.56438060e+02   4.35619801e-03
   3.56438549e+02   6.20747218e-03
   3.56439037e+02   7.75275705e-03
   3.56439525e+02   8.96601845e-03
   3.56440013e+02   1.03245704e-02
   3.56440502e+02   1.20608481e-02
   3.56440990e+02   1.42717417e-02
   3.56441478e+02   1.68541707e-02
   3.56441967e+02   1.88308228e-02
   3.56442455e+02   1.98493209e-02
   3.56442943e+02   2.03522779e-02
   3.56443432e+02   2.03999095e-02
   3.56443920e+02   1.92545634e-02
   3.56444408e+02   1.67571940e-02
   3.56444897e+02   1.48368832e-02
   3.56445385e+02   1.28067713e-02
   3.56445873e+02   1.16730984e-02
   3.56446361e+02   1.08411266e-02
   3.56446850e+02   1.00290021e-02
   3.56447338e+02   8.50787107e-03
   3.56447826e+02   6.86265668e-03
   3.56448315e+02   5.30410279e-03
   3.56448803e+02   4.23863996e-03
   3.56449291e+02   3.28117982e-03
   3.56449780e+02   2.39671231e-03
   3.56450268e+02   1.57438207e-03
   3.56450756e+02   1.03905913e-03
   3.56451245e+02   8.16501793e-04
   3.56451733e+02   4.83397045e-04
   3.56452221e+02   4.71237872e-04
   3.56452710e+02  -5.27998527e-05
   3.56453198e+02  -6.01748296e-04
   3.56453686e+02  -5.74363221e-04
   3.56454174e+02  -1.59423711e-04
   3.56454663e+02  -1.26676983e-04
   3.56455151e+02  -4.66813595e-04
   3.56455639e+02  -7.58937909e-04
   3.56456128e+02  -6.39049395e-04
   3.56456616e+02  -4.16091279e-05
   3.56457104e+02   3.57490528e-04
   3.56457593e+02   2.70294171e-04
   3.56458081e+02   2.76020524e-04
   3.56458569e+02   4.89021535e-04
   3.56459058e+02   4.33662644e-04
   3.56459546e+02  -3.29856121e-05
   3.56460034e+02  -3.29853909e-04
   3.56460522e+02  -2.77601612e-05
   3.56461011e+02   2.74226040e-04
   3.56461499e+02   1.30981207e-04
   3.56461987e+02   1.19075648e-05
   3.56462476e+02   8.78697683e-05
   3.56462964e+02  -1.26531319e-04
   3.56463452e+02  -4.03183600e-04
   3.56463941e+02  -1.71345760e-04
   3.56464429e+02   2.84293666e-04
   3.56464917e+02   5.96343714e-04
   3.56465406e+02   6.74303737e-04
   3.56465894e+02   3.15517420e-04
   3.56466382e+02  -1.02744678e-04
   3.56466870e+02  -7.18723386e-05
   3.56467359e+02   1.80214076e-04
   3.56467847e+02   2.64586357e-04
   3.56468335e+02  -1.17293079e-04
   3.56468824e+02  -6.79799763e-04
   3.56469312e+02  -7.80447735e-04
   3.56469800e+02  -4.06729756e-04
   3.56470289e+02  -4.12272311e-06
   3.56470777e+02   1.79155162e-04
   3.56471265e+02   1.70243045e-04
   3.56471754e+02   1.56505092e-04
   3.56472242e+02   4.40465199e-04
   3.56472730e+02   4.57496964e-04
   3.56473218e+02  -1.55974383e-04
   3.56473707e+02  -2.84636131e-04
   3.56474195e+02   1.41727331e-04
   3.56474683e+02   2.03462288e-04
   3.56475172e+02  -5.79311527e-05
   3.56475660e+02  -2.57742886e-05
   3.56476148e+02   3.71287751e-04
   3.56476637e+02   3.79398814e-04
   3.56477125e+02  -2.97152146e-05
   3.56477613e+02  -1.55057714e-04
   3.56478102e+02  -8.33043305e-05
   3.56478590e+02  -3.89781453e-05
   3.56479078e+02   2.22391027e-05
   3.56479566e+02  -7.34090208e-05
   3.56480055e+02  -3.07058828e-04
   3.56480543e+02  -5.17331762e-04
   3.56481031e+02  -2.60417582e-04
   3.56481520e+02   3.34931479e-04
   3.56482008e+02   4.56121750e-04
   3.56482496e+02   2.42261900e-04
   3.56482985e+02   3.14887322e-04
   3.56483473e+02   2.62208283e-04
   3.56483961e+02  -5.13087260e-04
   3.56484450e+02  -1.04924478e-03
   3.56484938e+02  -5.00919181e-04
   3.56485426e+02   1.40775548e-04
   3.56485914e+02   2.17799272e-04
   3.56486403e+02   2.76869923e-05
   3.56486891e+02  -9.32392049e-06
   3.56487379e+02  -8.60414730e-06
   3.56487868e+02  -3.65869317e-04
   3.56488356e+02  -5.13284642e-04
   3.56488844e+02  -3.00850254e-04
   3.56489333e+02  -3.14971374e-04
   3.56489821e+02  -6.84646016e-04
   3.56490309e+02  -6.64597726e-04
   3.56490798e+02  -1.16476236e-04
   3.56491286e+02   3.99919663e-04
   3.56491774e+02   5.90194541e-04
   3.56492263e+02   8.60322732e-04
   3.56492751e+02   7.77653302e-04
   3.56493239e+02   2.38651948e-04
   3.56493727e+02   1.32680376e-04
   3.56494216e+02   3.91264010e-04
   3.56494704e+02   4.73854685e-04
   3.56495192e+02   5.49172109e-04
   3.56495681e+02   5.65941213e-04
   3.56496169e+02   2.48657947e-04
   3.56496657e+02  -1.12513917e-04
   3.56497146e+02  -1.87393671e-04
   3.56497634e+02  -3.72830982e-04
   3.56498122e+02  -4.92733903e-04
   3.56498611e+02  -3.59526457e-04
   3.56499099e+02  -3.91691865e-04
   3.56499587e+02  -5.47622680e-04
   3.56500075e+02  -4.70466126e-04
   3.56500564e+02  -1.46034610e-04
   3.56501052e+02   2.54876475e-04
   3.56501540e+02   3.74378200e-04
   3.56502029e+02  -2.86455834e-05
   3.56502517e+02  -4.95271059e-04
   3.56503005e+02  -6.11402851e-04
   3.56503494e+02  -6.39378617e-04
   3.56503982e+02  -8.04238312e-04
   3.56504470e+02  -6.66337961e-04
   3.56504959e+02  -2.75881932e-04
   3.56505447e+02  -1.80333198e-04
   3.56505935e+02  -2.16395027e-04
   3.56506423e+02  -2.89503718e-04
   3.56506912e+02  -6.31326460e-04
   3.56507400e+02  -6.51425624e-04
   3.56507888e+02  -2.63290509e-04
   3.56508377e+02  -2.00437644e-04
   3.56508865e+02  -2.36708220e-04
   3.56509353e+02  -4.91414576e-05
   3.56509842e+02   3.44136388e-05
   3.56510330e+02   1.39602707e-04
   3.56510818e+02   1.26210274e-04
   3.56511307e+02  -2.30415797e-04
   3.56511795e+02  -1.83631026e-04
   3.56512283e+02   4.41405165e-04
   3.56512771e+02   7.35413400e-04
   3.56513260e+02   4.46796446e-04
   3.56513748e+02   8.52199228e-05
   3.56514236e+02   5.16853652e-05
   3.56514725e+02  -1.79030649e-05
   3.56515213e+02  -3.22295353e-04
   3.56515701e+02  -3.19827959e-04
   3.56516190e+02   3.74390111e-05
   3.56516678e+02   2.43594739e-04
   3.56517166e+02   3.09694035e-04
   3.56517655e+02   3.32579104e-04
   3.56518143e+02   1.37185431e-04
   3.56518631e+02  -1.59313888e-04
   3.56519119e+02  -3.81895079e-04
   3.56519608e+02  -3.58393416e-04
   3.56520096e+02   4.83831463e-05
   3.56520584e+02   4.21528588e-04
   3.56521073e+02   3.15073645e-04
   3.56521561e+02  -2.07981702e-05
   3.56522049e+02  -7.64510987e-05
   3.56522538e+02   4.47823113e-05
   3.56523026e+02   3.41291998e-05
   3.56523514e+02   9.32260300e-05
   3.56524003e+02   2.16292567e-04
   3.56524491e+02   2.19934809e-04
   3.56524979e+02   8.86333437e-05
   3.56525467e+02  -1.58481489e-04
   3.56525956e+02  -3.53885931e-04
   3.56526444e+02  -3.30562703e-04
   3.56526932e+02  -1.37394556e-04
   3.56527421e+02   1.31165725e-05
   3.56527909e+02  -1.22522033e-04
   3.56528397e+02  -1.84520279e-04
   3.56528886e+02   3.30627845e-05
   3.56529374e+02   2.36685315e-04
   3.56529862e+02   2.83051777e-04
   3.56530351e+02   1.66428843e-04
   3.56530839e+02   7.01952740e-05
   3.56531327e+02   3.98184726e-04
   3.56531816e+02   5.46814874e-04
   3.56532304e+02   2.34434818e-04
   3.56532792e+02   5.40729998e-05
   3.56533280e+02   5.16000327e-05
   3.56533769e+02  -1.54241570e-04
   3.56534257e+02  -6.28263399e-04
   3.56534745e+02  -7.46311562e-04
   3.56535234e+02  -3.61581042e-04
   3.56535722e+02  -1.31006582e-05
   3.56536210e+02   1.75164270e-04
   3.56536699e+02   2.69661512e-04
   3.56537187e+02   5.47128322e-04
   3.56537675e+02   7.27468869e-04
   3.56538164e+02   3.16605059e-04
   3.56538652e+02  -9.16922218e-05
   3.56539140e+02  -7.43124619e-05
   3.56539628e+02  -1.53292349e-04
   3.56540117e+02  -2.87102757e-05
   3.56540605e+02   2.31427068e-04
   3.56541093e+02  -4.47753991e-05
   3.56541582e+02  -2.94388883e-04
   3.56542070e+02  -1.82230651e-04
   3.56542558e+02  -3.93661612e-05
   3.56543047e+02   2.61463807e-04
   3.56543535e+02   8.07577570e-04
   3.56544023e+02   9.03379289e-04
   3.56544512e+02   3.02071567e-04
   3.56545000e+02  -9.37075383e-05
   3.56545488e+02  -1.06895066e-04
   3.56545976e+02  -1.56674490e-04
   3.56546465e+02  -3.29413830e-04
   3.56546953e+02  -1.12495181e-04
   3.56547441e+02   2.34278530e-04
   3.56547930e+02   1.90026021e-05
   3.56548418e+02   2.10931117e-04
   3.56548906e+02   5.01529488e-04
   3.56549395e+02   2.90347554e-04
   3.56549883e+02  -1.04654871e-04
   3.56550371e+02  -1.86278834e-04
   3.56550860e+02   1.11661084e-05
   3.56551348e+02   3.08115530e-04
   3.56551836e+02   6.04823581e-04
   3.56552324e+02   3.93652706e-04
   3.56552813e+02  -1.65837322e-04
   3.56553301e+02  -5.36051404e-04
   3.56553789e+02  -4.20087104e-04
   3.56554278e+02   1.12164817e-04
   3.56554766e+02   3.26441601e-04
   3.56555254e+02   1.31490917e-04
   3.56555743e+02  -1.01262500e-04
   3.56556231e+02  -1.40273216e-04
   3.56556719e+02   2.93270597e-04
   3.56557208e+02   7.31660693e-04
   3.56557696e+02   4.05140599e-04
   3.56558184e+02  -2.08738584e-06
   3.56558672e+02   1.20977660e-04
   3.56559161e+02   1.81039606e-04
   3.56559649e+02   1.37748531e-04
   3.56560137e+02   4.08946391e-04
   3.56560626e+02   5.97484352e-04
   3.56561114e+02   3.45866545e-04
   3.56561602e+02  -2.60477012e-04
   3.56562091e+02  -5.26496035e-04
   3.56562579e+02  -2.36097869e-04
   3.56563067e+02  -1.59803050e-04
   3.56563556e+02  -3.16687627e-04
   3.56564044e+02  -3.24850669e-04
   3.56564532e+02  -1.23755730e-04
   3.56565020e+02   2.22155330e-04
   3.56565509e+02   4.93532280e-04
   3.56565997e+02   4.80973569e-04
   3.56566485e+02   1.23388221e-04
   3.56566974e+02  -1.69083665e-04
   3.56567462e+02  -1.78642411e-04
   3.56567950e+02  -8.70707081e-05
   3.56568439e+02  -2.66289280e-04
   3.56568927e+02  -6.96149596e-04
   3.56569415e+02  -7.75398978e-04
   3.56569904e+02  -5.84785535e-04
   3.56570392e+02  -3.41616513e-04
   3.56570880e+02   1.42207879e-04
   3.56571369e+02   2.47717020e-04
   3.56571857e+02   2.37163276e-05
   3.56572345e+02   2.49334582e-04
   3.56572833e+02   3.51491937e-04
   3.56573322e+02  -7.31604014e-05
   3.56573810e+02  -4.78201022e-04
   3.56574298e+02  -6.71862683e-04
   3.56574787e+02  -5.39415400e-04
   3.56575275e+02  -2.25497119e-04
   3.56575763e+02  -5.99009472e-05
   3.56576252e+02   4.88598780e-05
   3.56576740e+02   2.36595457e-04
   3.56577228e+02   4.23390476e-04
   3.56577717e+02   5.33394516e-04
   3.56578205e+02   6.80847093e-04
   3.56578693e+02   8.14044557e-04
   3.56579181e+02   6.47082925e-04
   3.56579670e+02   4.70658328e-04
   3.56580158e+02   4.52142791e-04
   3.56580646e+02   3.41541090e-05
   3.56581135e+02  -3.26004170e-04
   3.56581623e+02  -3.36811965e-04
   3.56582111e+02  -5.71048004e-04
   3.56582600e+02  -9.19952348e-04
   3.56583088e+02  -7.92023260e-04
   3.56583576e+02  -3.70203663e-04
   3.56584065e+02  -4.16603754e-04
   3.56584553e+02  -7.60119525e-04
   3.56585041e+02  -5.87417395e-04
   3.56585529e+02  -8.27158947e-05
   3.56586018e+02   2.40543450e-04
   3.56586506e+02   2.51670164e-04
   3.56586994e+02   9.96893505e-05
   3.56587483e+02   1.04241830e-04
   3.56587971e+02   2.80511624e-04
   3.56588459e+02   2.69961369e-04
   3.56588948e+02   6.59589932e-05
   3.56589436e+02  -3.89394088e-04
   3.56589924e+02  -8.39611632e-04
   3.56590413e+02  -6.13044947e-04
   3.56590901e+02  -1.92149775e-04
   3.56591389e+02  -2.71348283e-04
   3.56591877e+02  -6.48781250e-04
   3.56592366e+02  -8.98604107e-04
   3.56592854e+02  -9.19588900e-04
   3.56593342e+02  -8.90945084e-04
   3.56593831e+02  -4.94641194e-04
   3.56594319e+02   2.87228118e-04
   3.56594807e+02   5.92845783e-04
   3.56595296e+02   3.44651140e-04
   3.56595784e+02   2.01852054e-05
   3.56596272e+02  -6.51697774e-05
   3.56596761e+02  -1.19240714e-04
   3.56597249e+02  -3.86346917e-04
   3.56597737e+02  -4.56956623e-04
   3.56598225e+02  -1.38458010e-04
   3.56598714e+02   2.99545081e-05
   3.56599202e+02  -2.05627832e-04
   3.56599690e+02  -5.36717242e-04
   3.56600179e+02  -4.95097542e-04
   3.56600667e+02   8.82568656e-06
   3.56601155e+02   4.55778500e-04
   3.56601644e+02   6.51128066e-04
   3.56602132e+02   6.84455095e-04
   3.56602620e+02   4.26288985e-04
   3.56603109e+02   3.73511866e-05
   3.56603597e+02  -3.64311825e-04
   3.56604085e+02  -5.53711434e-04
   3.56604573e+02  -3.35235352e-04
   3.56605062e+02  -1.57512070e-04
   3.56605550e+02  -1.87126498e-04
   3.56606038e+02  -6.47313354e-05
   3.56606527e+02  -8.51097720e-05
   3.56607015e+02  -1.52903041e-04
   3.56607503e+02   1.89999759e-04
   3.56607992e+02   3.57437064e-04
   3.56608480e+02  -1.70865620e-04
   3.56608968e+02  -7.37213413e-04
   3.56609457e+02  -6.44595770e-04
   3.56609945e+02  -2.92156357e-04
   3.56610433e+02  -5.51994563e-05
   3.56610922e+02   2.44452327e-04
   3.56611410e+02   4.18890937e-04
   3.56611898e+02   2.95528385e-04
   3.56612386e+02   1.04958242e-04
   3.56612875e+02   1.68194834e-04
   3.56613363e+02   3.22245032e-04
   3.56613851e+02   2.70889886e-05
   3.56614340e+02  -3.41278763e-04
   3.56614828e+02  -3.21138505e-04
   3.56615316e+02  -1.72205953e-04
   3.56615805e+02   4.93772350e-05
   3.56616293e+02   6.45056483e-04
   3.56616781e+02   1.19849306e-03
   3.56617270e+02   9.79352393e-04
   3.56617758e+02   4.56749112e-04
   3.56618246e+02   3.26698122e-04
   3.56618734e+02   2.57755513e-04
   3.56619223e+02   1.51551314e-04
   3.56619711e+02   3.17047059e-04
   3.56620199e+02   1.62115364e-04
   3.56620688e+02  -2.97363498e-04
   3.56621176e+02  -2.26185628e-04
   3.56621664e+02   1.37427545e-04
   3.56622153e+02   2.85279646e-04
   3.56622641e+02   2.71177036e-04
   3.56623129e+02   7.87174649e-05
   3.56623618e+02  -7.43843921e-05
   3.56624106e+02   4.23830861e-05
   3.56624594e+02   3.02003667e-04
   3.56625082e+02   3.26000561e-04
   3.56625571e+02   1.28160944e-04
   3.56626059e+02  -5.44779004e-06
   3.56626547e+02   3.08248345e-05
   3.56627036e+02   2.54944956e-04
   3.56627524e+02   4.97397385e-04
   3.56628012e+02   5.35851112e-04
   3.56628501e+02   2.12394574e-04
   3.56628989e+02  -4.09830158e-04
   3.56629477e+02  -5.78731124e-04
   3.56629966e+02  -4.21110453e-05
   3.56630454e+02   6.45915803e-04
   3.56630942e+02   8.82267370e-04
   3.56631430e+02   3.48700938e-04
   3.56631919e+02  -2.64559203e-04
   3.56632407e+02  -2.82608613e-04
   3.56632895e+02  -2.13706269e-04
   3.56633384e+02  -4.52971581e-04
   3.56633872e+02  -5.09086763e-04
   3.56634360e+02  -2.46289303e-04
   3.56634849e+02  -1.69452134e-04
   3.56635337e+02  -1.81973795e-04
   3.56635825e+02  -1.02684891e-04
   3.56636314e+02  -4.79026930e-05
   3.56636802e+02   7.93487343e-05
   3.56637290e+02   2.56671163e-04
   3.56637778e+02   3.00678221e-04
   3.56638267e+02   3.18388134e-04
   3.56638755e+02   2.42722323e-04
   3.56639243e+02   2.55963416e-04
   3.56639732e+02   3.58705409e-04
   3.56640220e+02   2.07427423e-04
   3.56640708e+02   1.21102195e-04
   3.56641197e+02  -4.93219704e-05
   3.56641685e+02  -2.89148040e-04
   3.56642173e+02  -1.02007456e-04
   3.56642662e+02   9.21307583e-05
   3.56643150e+02  -2.82856781e-05
   3.56643638e+02  -3.89054876e-05
   3.56644126e+02   4.83385656e-06
   3.56644615e+02  -1.91420622e-05
   3.56645103e+02  -1.16543459e-04
   3.56645591e+02  -2.71227007e-04
   3.56646080e+02  -1.54197027e-04
   3.56646568e+02   5.26012045e-05
   3.56647056e+02   2.21396665e-04
   3.56647545e+02   7.82375224e-04
   3.56648033e+02   1.07650063e-03
   3.56648521e+02   4.32884262e-04
   3.56649010e+02  -2.02752490e-04
   3.56649498e+02  -8.25737370e-05
   3.56649986e+02   7.53286149e-05
   3.56650475e+02  -2.24855452e-04
   3.56650963e+02  -3.84978310e-04
   3.56651451e+02  -2.81902467e-04
   3.56651939e+02  -1.46702878e-04
   3.56652428e+02   3.68567584e-07
   3.56652916e+02  -1.06717322e-04
   3.56653404e+02  -2.83922447e-04
   3.56653893e+02  -4.59785544e-04
   3.56654381e+02  -4.82151809e-04
   3.56654869e+02  -2.19801630e-04
   3.56655358e+02  -1.97515561e-04
   3.56655846e+02  -4.17947565e-04
   3.56656334e+02  -4.23351565e-04
   3.56656823e+02  -4.43577679e-04
   3.56657311e+02  -7.87769502e-04
   3.56657799e+02  -1.04529609e-03
   3.56658287e+02  -7.50591862e-04
   3.56658776e+02  -3.41616833e-04
   3.56659264e+02   3.80098822e-06
   3.56659752e+02   5.48752781e-04
   3.56660241e+02   7.02363730e-04
   3.56660729e+02   2.10509272e-04
   3.56661217e+02  -1.75377412e-04
   3.56661706e+02   3.94601011e-06
   3.56662194e+02   3.89843568e-04
   3.56662682e+02   4.85689816e-04
   3.56663171e+02   1.72275060e-04
   3.56663659e+02  -6.80271551e-05
   3.56664147e+02  -3.92101465e-05
   3.56664635e+02  -2.61372363e-04
   3.56665124e+02  -7.87679106e-04
   3.56665612e+02  -6.56705524e-04
   3.56666100e+02  -1.88076141e-04
   3.56666589e+02   1.18647586e-04
   3.56667077e+02  -9.01906460e-05
   3.56667565e+02  -7.72022759e-04
   3.56668054e+02  -8.71845114e-04
   3.56668542e+02  -3.62797262e-04
   3.56669030e+02  -1.42123143e-04
   3.56669519e+02  -4.15598683e-04
   3.56670007e+02  -7.56058376e-04
   3.56670495e+02  -6.06723479e-04
   3.56670983e+02  -1.16365904e-04
   3.56671472e+02  -3.23785171e-05
   3.56671960e+02  -3.64364649e-04
   3.56672448e+02  -4.26963612e-04
   3.56672937e+02   5.09384299e-05
   3.56673425e+02   5.63258189e-04
   3.56673913e+02   2.03042233e-04
   3.56674402e+02  -2.83118134e-04
   3.56674890e+02   2.23911062e-04
   3.56675378e+02   6.41470950e-04
   3.56675867e+02   4.45676706e-04
   3.56676355e+02   4.02578095e-04
   3.56676843e+02   3.44388594e-04
   3.56677331e+02  -6.65641201e-05
   3.56677820e+02  -3.46175453e-04
   3.56678308e+02  -2.74892605e-04
   3.56678796e+02  -3.14826757e-04
   3.56679285e+02  -3.40301893e-04
   3.56679773e+02  -3.98964366e-05
   3.56680261e+02   1.05355510e-04
   3.56680750e+02  -1.72665328e-04
   3.56681238e+02  -4.66677011e-04
   3.56681726e+02  -3.21358588e-04
   3.56682215e+02   1.66148253e-04
   3.56682703e+02   3.95541603e-04
   3.56683191e+02   3.55794036e-04
   3.56683679e+02   2.41472924e-04
   3.56684168e+02  -1.30355838e-04
   3.56684656e+02  -2.27352866e-04
   3.56685144e+02  -2.78102598e-05
   3.56685633e+02  -1.43488985e-04
   3.56686121e+02  -3.00492713e-04
   3.56686609e+02  -2.27590674e-04
   3.56687098e+02  -2.01794988e-04
   3.56687586e+02  -1.01694015e-04
   3.56688074e+02   1.49749671e-04
   3.56688563e+02   3.14684003e-04
   3.56689051e+02   1.24600876e-04
   3.56689539e+02  -1.66268394e-04
   3.56690028e+02  -6.85380146e-05
   3.56690516e+02   2.91990931e-04
   3.56691004e+02   4.46630758e-04
   3.56691492e+02   3.54158488e-04
   3.56691981e+02   3.83826176e-04
   3.56692469e+02   5.40632929e-04
   3.56692957e+02   4.58497583e-04
   3.56693446e+02   7.48831299e-05
   3.56693934e+02  -3.33381584e-04
   3.56694422e+02  -3.85909341e-04
   3.56694911e+02  -2.15709413e-04
   3.56695399e+02  -1.93735759e-04
   3.56695887e+02  -2.04404467e-04
   3.56696376e+02  -2.10208760e-04
   3.56696864e+02  -1.17533564e-04
   3.56697352e+02   2.16071203e-04
   3.56697840e+02   6.51292212e-04
   3.56698329e+02   9.69615183e-04
   3.56698817e+02   8.84188747e-04
   3.56699305e+02   4.38193325e-04
   3.56699794e+02   3.93468013e-04
   3.56700282e+02   6.40982296e-04
   3.56700770e+02   2.82115012e-04
   3.56701259e+02  -2.12950385e-04
   3.56701747e+02  -1.71343389e-04
   3.56702235e+02  -3.24441149e-04
   3.56702724e+02  -5.98078477e-04
   3.56703212e+02  -3.79911740e-04
   3.56703700e+02  -1.56050111e-04
   3.56704188e+02  -7.24138299e-05
   3.56704677e+02   6.62372695e-05
   3.56705165e+02   3.54572694e-04
   3.56705653e+02   5.94197249e-04
   3.56706142e+02   2.35702653e-04
   3.56706630e+02  -4.07012383e-04
   3.56707118e+02  -7.62008189e-04
   3.56707607e+02  -6.80216530e-04
   3.56708095e+02  -4.57744725e-04
   3.56708583e+02  -4.82904463e-04
   3.56709072e+02  -4.70488652e-04
   3.56709560e+02   6.86398853e-05
   3.56710048e+02   5.00610913e-04
   3.56710536e+02   3.83263803e-04
   3.56711025e+02   3.03895009e-04
   3.56711513e+02   2.23289899e-04
   3.56712001e+02  -3.13931123e-05
   3.56712490e+02  -1.72539018e-04
   3.56712978e+02  -2.47445947e-04
   3.56713466e+02  -4.44855512e-04
   3.56713955e+02  -8.17236141e-04
   3.56714443e+02  -1.01119792e-03
   3.56714931e+02  -6.69722038e-04
   3.56715420e+02  -3.18308681e-04
   3.56715908e+02  -4.11967369e-04
   3.56716396e+02  -4.78174334e-04
   3.56716884e+02  -3.18877719e-04
   3.56717373e+02  -1.94180204e-04
   3.56717861e+02  -1.03080449e-04
   3.56718349e+02  -1.25805425e-04
   3.56718838e+02  -1.51287561e-04
   3.56719326e+02   7.39847601e-05
   3.56719814e+02   2.83505127e-04
   3.56720303e+02   1.61376069e-04
   3.56720791e+02  -7.03222322e-05
   3.56721279e+02  -7.90002159e-05
   3.56721768e+02  -2.45315518e-04
   3.56722256e+02  -5.64199814e-04
   3.56722744e+02  -3.10177275e-04
   3.56723232e+02   1.51732500e-04
   3.56723721e+02   2.57820036e-04
   3.56724209e+02   2.02735959e-04
   3.56724697e+02   1.21409976e-04
   3.56725186e+02   2.08819067e-04
   3.56725674e+02   1.98469570e-04
   3.56726162e+02   2.13175808e-04
   3.56726651e+02   4.42498625e-04
   3.56727139e+02   5.47277916e-04
   3.56727627e+02   5.24436473e-04
   3.56728116e+02   4.02985432e-04
   3.56728604e+02   3.12910910e-04
   3.56729092e+02   2.10221784e-04
   3.56729581e+02  -4.52283348e-05
   3.56730069e+02  -3.70145513e-04
   3.56730557e+02  -4.97971079e-04
   3.56731045e+02  -3.18361766e-04
   3.56731534e+02  -4.70424347e-05
   3.56732022e+02  -2.32346520e-05
   3.56732510e+02   4.15235263e-06
   3.56732999e+02   3.51368624e-04
   3.56733487e+02   5.33118669e-04
   3.56733975e+02   2.90696480e-04
   3.56734464e+02  -1.59054136e-04
   3.56734952e+02  -4.26674902e-04
   3.56735440e+02  -3.16856953e-04
   3.56735929e+02  -2.65278559e-05
   3.56736417e+02   2.20880378e-04
   3.56736905e+02   2.90613709e-04
   3.56737393e+02   2.64082249e-04
   3.56737882e+02   2.28722187e-04
   3.56738370e+02  -5.53077298e-05
   3.56738858e+02  -4.55316302e-04
   3.56739347e+02  -5.06460434e-04
   3.56739835e+02  -4.04841616e-04
   3.56740323e+02  -2.16749671e-04
   3.56740812e+02   1.32222049e-04
   3.56741300e+02   2.05298595e-04
   3.56741788e+02  -1.56426249e-04
   3.56742277e+02  -6.69469999e-04
   3.56742765e+02  -9.55678988e-04
   3.56743253e+02  -6.60365506e-04
   3.56743741e+02  -1.44879639e-04
   3.56744230e+02  -1.36534902e-04
   3.56744718e+02  -2.76619772e-04
   3.56745206e+02  -6.82283280e-05
   3.56745695e+02  -3.68859110e-05
   3.56746183e+02  -4.41548997e-04
   3.56746671e+02  -8.09828285e-04
   3.56747160e+02  -8.52829253e-04
   3.56747648e+02  -6.31869130e-04
   3.56748136e+02  -2.03886681e-04
   3.56748625e+02   9.46227374e-05
   3.56749113e+02   2.80701846e-04
   3.56749601e+02   5.71794168e-04
   3.56750089e+02   6.52079878e-04
   3.56750578e+02   3.04306246e-04
   3.56751066e+02   4.52904023e-05
   3.56751554e+02   1.26661515e-04
   3.56752043e+02   3.42422645e-05
   3.56752531e+02  -1.53714573e-04
   3.56753019e+02   9.07352369e-05
   3.56753508e+02   5.36259904e-04
   3.56753996e+02   5.96664555e-04
   3.56754484e+02   2.74118065e-04
   3.56754973e+02   3.26088557e-05
   3.56755461e+02   5.28067612e-05
   3.56755949e+02   1.52608933e-04
   3.56756437e+02   1.87424375e-04
   3.56756926e+02   4.41275275e-04
   3.56757414e+02   7.30446423e-04
   3.56757902e+02   3.98206990e-04
   3.56758391e+02  -2.56977131e-04
   3.56758879e+02  -4.20909171e-04
   3.56759367e+02  -3.48816357e-05
   3.56759856e+02   2.97226914e-04
   3.56760344e+02   4.07442742e-04
   3.56760832e+02   4.22517012e-04
   3.56761321e+02   2.76235485e-04
   3.56761809e+02   1.18244782e-06
   3.56762297e+02  -1.92594802e-04
   3.56762785e+02  -1.75048073e-04
   3.56763274e+02  -3.18958919e-04
   3.56763762e+02  -5.09781763e-04
   3.56764250e+02  -3.44037340e-04
   3.56764739e+02  -2.67677504e-04
   3.56765227e+02  -5.35954896e-04
   3.56765715e+02  -6.50833477e-04
   3.56766204e+02  -2.79909611e-04
   3.56766692e+02   8.37330517e-05
   3.56767180e+02  -4.26923725e-05
   3.56767669e+02  -3.55433644e-04
   3.56768157e+02  -2.84461479e-04
   3.56768645e+02   2.20728944e-05
   3.56769134e+02   4.64441764e-05
   3.56769622e+02   5.75769809e-05
   3.56770110e+02  -4.95668901e-05
   3.56770598e+02  -4.03472106e-04
   3.56771087e+02  -6.56259304e-04
   3.56771575e+02  -7.86033110e-04
   3.56772063e+02  -5.48909942e-04
   3.56772552e+02  -7.60761977e-05
   3.56773040e+02   1.23968173e-04
   3.56773528e+02   9.22685140e-05
   3.56774017e+02   9.31654631e-06
   3.56774505e+02  -9.02700776e-05
   3.56774993e+02  -9.94323855e-05
   3.56775482e+02  -7.33389606e-05
   3.56775970e+02   1.69116920e-05
   3.56776458e+02   3.15992474e-05
   3.56776946e+02  -3.86811909e-04
   3.56777435e+02  -6.73685281e-04
   3.56777923e+02  -5.87231247e-04
   3.56778411e+02  -5.16169064e-04
   3.56778900e+02  -1.78565591e-04
   3.56779388e+02   2.61008245e-04
   3.56779876e+02   3.62617109e-04
   3.56780365e+02   2.42788155e-04
   3.56780853e+02   1.25282400e-04
   3.56781341e+02   2.51737656e-04
   3.56781830e+02   2.72079080e-04
   3.56782318e+02  -1.84516641e-04
   3.56782806e+02  -6.53717143e-04
   3.56783294e+02  -6.28840062e-04
   3.56783783e+02  -1.87779369e-04
   3.56784271e+02  -8.75130427e-05
   3.56784759e+02  -4.03731334e-04
   3.56785248e+02  -4.35969327e-04
   3.56785736e+02  -3.42807325e-04
   3.56786224e+02  -3.16216261e-04
   3.56786713e+02  -1.84798715e-04
   3.56787201e+02  -1.47448227e-04
   3.56787689e+02  -7.12094479e-05
   3.56788178e+02   5.04531345e-05
   3.56788666e+02   3.78146215e-05
   3.56789154e+02   2.08747806e-04
   3.56789642e+02   3.55682540e-04
   3.56790131e+02   1.28962956e-05
   3.56790619e+02  -2.83070374e-04
   3.56791107e+02  -3.95139868e-05
   3.56791596e+02   2.37233005e-04
   3.56792084e+02   1.02832928e-05
   3.56792572e+02  -5.37270971e-04
   3.56793061e+02  -7.30273197e-04
   3.56793549e+02  -4.06183593e-04
   3.56794037e+02  -2.08140904e-04
   3.56794526e+02  -9.13936747e-05
   3.56795014e+02   1.60919357e-04
   3.56795502e+02   1.61917560e-04
   3.56795990e+02   2.73995072e-04
   3.56796479e+02   7.69850216e-04
   3.56796967e+02   7.45668891e-04
   3.56797455e+02   4.99539135e-04
   3.56797944e+02   7.05200422e-04
   3.56798432e+02   6.60332502e-04
   3.56798920e+02   3.21968197e-04
   3.56799409e+02   2.52007187e-04
   3.56799897e+02   2.20327594e-04
   3.56800385e+02   4.12510199e-05
   3.56800874e+02  -1.63613277e-05
   3.56801362e+02   1.48816456e-04
   3.56801850e+02   2.66955554e-04
   3.56802338e+02   8.15519816e-05
   3.56802827e+02  -2.04511147e-04
   3.56803315e+02  -4.42784309e-04
   3.56803803e+02  -1.22939920e-04
   3.56804292e+02   5.90904732e-04
   3.56804780e+02   5.43946866e-04
   3.56805268e+02   1.15549592e-05
   3.56805757e+02  -1.42271689e-04
   3.56806245e+02  -2.96092068e-04
   3.56806733e+02  -3.72720533e-04
   3.56807222e+02   5.12748265e-05
   3.56807710e+02   3.12655699e-04
   3.56808198e+02   1.71609165e-04
   3.56808687e+02   1.49126436e-05
   3.56809175e+02  -1.36566377e-04
   3.56809663e+02  -3.25914065e-04
   3.56810151e+02  -4.25458798e-04
   3.56810640e+02  -3.96847667e-04
   3.56811128e+02  -3.33226926e-04
   3.56811616e+02  -1.52434790e-04
   3.56812105e+02   7.61094707e-05
   3.56812593e+02  -4.09665990e-05
   3.56813081e+02  -3.45213455e-04
   3.56813570e+02  -3.03998677e-04
   3.56814058e+02  -3.05826798e-05
   3.56814546e+02   1.39432057e-04
   3.56815035e+02   2.64992588e-04
   3.56815523e+02   5.61715628e-04
   3.56816011e+02   5.26765420e-04
   3.56816499e+02  -9.48873421e-05
   3.56816988e+02  -3.77543445e-04
   3.56817476e+02  -9.60084799e-05
   3.56817964e+02   2.65518029e-04
   3.56818453e+02   2.92625249e-04
   3.56818941e+02  -1.86235280e-04
   3.56819429e+02  -4.95316926e-04
   3.56819918e+02  -4.65523277e-04
   3.56820406e+02  -5.33965300e-04
   3.56820894e+02  -5.13415842e-04
   3.56821383e+02  -2.81081884e-04
   3.56821871e+02  -2.09555918e-04
   3.56822359e+02  -2.33781757e-04
   3.56822847e+02  -5.73016514e-05
   3.56823336e+02   3.28707334e-04
   3.56823824e+02   5.95879625e-04
   3.56824312e+02   3.86297208e-04
   3.56824801e+02   1.29900625e-04
   3.56825289e+02   9.80725526e-05
   3.56825777e+02  -1.42129848e-05
   3.56826266e+02  -5.55401202e-05
   3.56826754e+02   5.93039404e-05
   3.56827242e+02   7.16263676e-05
   3.56827731e+02  -1.26733692e-04
   3.56828219e+02  -3.74107825e-04
   3.56828707e+02  -4.01131780e-04
   3.56829195e+02  -1.47287268e-04
   3.56829684e+02   7.64686047e-05
   3.56830172e+02   2.89595366e-04
   3.56830660e+02   4.79246053e-04
   3.56831149e+02   1.68838142e-05
   3.56831637e+02  -5.58337371e-04
   3.56832125e+02  -4.92123188e-04
   3.56832614e+02  -5.31137572e-04
   3.56833102e+02  -7.96620094e-04
   3.56833590e+02  -7.46993639e-04
   3.56834079e+02  -7.39231822e-04
   3.56834567e+02  -8.87916831e-04
   3.56835055e+02  -7.34401168e-04
   3.56835543e+02  -2.88515876e-04
   3.56836032e+02   5.99850937e-05
   3.56836520e+02   1.80404983e-04
   3.56837008e+02  -5.04243008e-06
   3.56837497e+02  -2.17493827e-04
   3.56837985e+02   1.53342247e-04
   3.56838473e+02   5.49224264e-04
   3.56838962e+02   4.57223825e-04
   3.56839450e+02   4.90269624e-04
   3.56839938e+02   5.47488569e-04
   3.56840427e+02   4.36476665e-04
   3.56840915e+02   3.68389243e-04
   3.56841403e+02   2.15723703e-04
   3.56841891e+02   1.89392755e-04
   3.56842380e+02   3.15569254e-04
   3.56842868e+02   4.24039696e-04
   3.56843356e+02   3.09759780e-04
   3.56843845e+02   5.30971847e-05
   3.56844333e+02  -2.43408896e-04
   3.56844821e+02  -5.49997611e-04
   3.56845310e+02  -5.22128539e-04
   3.56845798e+02   6.48151545e-05
   3.56846286e+02   5.88611001e-04
   3.56846775e+02   5.57210762e-04
   3.56847263e+02   3.10597796e-04
   3.56847751e+02   4.69141742e-05
   3.56848240e+02  -3.21911539e-05
   3.56848728e+02   2.21152892e-04
   3.56849216e+02   4.91345883e-04
   3.56849704e+02   4.21254343e-04
   3.56850193e+02   1.16912066e-04
   3.56850681e+02  -1.07989516e-04
   3.56851169e+02  -2.36460735e-04
   3.56851658e+02  -2.07913094e-04
   3.56852146e+02  -1.46865757e-04
   3.56852634e+02  -1.69876555e-04
   3.56853123e+02  -6.90691959e-05
   3.56853611e+02   1.07762258e-04
   3.56854099e+02   1.61552671e-05
   3.56854588e+02  -2.40918205e-04
   3.56855076e+02  -6.74870389e-05
   3.56855564e+02   1.78529081e-04
   3.56856052e+02  -1.83736978e-04
   3.56856541e+02  -4.72957006e-04
   3.56857029e+02  -1.26038445e-04
   3.56857517e+02   4.08184133e-04
   3.56858006e+02   5.33590210e-04
   3.56858494e+02   1.73161621e-04
   3.56858982e+02  -1.88391263e-04
   3.56859471e+02  -2.01925315e-04
   3.56859959e+02   1.06478721e-04
   3.56860447e+02   1.93415050e-04
   3.56860936e+02  -8.91854506e-05
   3.56861424e+02  -2.48681841e-04
   3.56861912e+02  -1.77095324e-04
   3.56862400e+02  -1.18924863e-05
   3.56862889e+02   1.18548953e-04
   3.56863377e+02   3.64977954e-04
   3.56863865e+02   8.44882510e-04
   3.56864354e+02   1.13237195e-03
   3.56864842e+02   1.11021090e-03
   3.56865330e+02   9.87158855e-04
   3.56865819e+02   9.58524528e-04
   3.56866307e+02   7.18928757e-04
   3.56866795e+02   1.65750767e-04
   3.56867284e+02  -1.41977333e-04
   3.56867772e+02   1.37146426e-05
   3.56868260e+02   3.40468512e-04
   3.56868748e+02   5.32818260e-04
   3.56869237e+02   6.46526867e-04
   3.56869725e+02   6.35174802e-04
   3.56870213e+02   1.98129201e-04
   3.56870702e+02  -1.25678329e-04
   3.56871190e+02   4.96548892e-05
   3.56871678e+02   1.43237645e-04
   3.56872167e+02   7.66410667e-05
   3.56872655e+02  -3.13946395e-04
   3.56873143e+02  -7.03260419e-04
   3.56873632e+02  -6.22130814e-04
   3.56874120e+02  -3.05190100e-04
   3.56874608e+02  -4.90136117e-05
   3.56875096e+02  -6.47920315e-05
   3.56875585e+02  -1.07151944e-04
   3.56876073e+02  -2.11672406e-04
   3.56876561e+02  -3.30054783e-04
   3.56877050e+02  -2.18549132e-04
   3.56877538e+02  -1.96301364e-04
   3.56878026e+02  -3.78061086e-04
   3.56878515e+02  -1.77555790e-04
   3.56879003e+02   2.31923041e-04
   3.56879491e+02   2.19034642e-04
   3.56879980e+02   1.66087673e-04
   3.56880468e+02   3.02724249e-04
   3.56880956e+02   6.11151481e-05
   3.56881444e+02  -5.83685178e-04
   3.56881933e+02  -7.94436317e-04
   3.56882421e+02  -3.87026783e-04
   3.56882909e+02  -3.22278967e-04
   3.56883398e+02  -4.74651373e-04
   3.56883886e+02  -2.90232041e-04
   3.56884374e+02  -3.32352356e-04
   3.56884863e+02  -3.69346089e-04
   3.56885351e+02   1.94265362e-04
   3.56885839e+02   5.06173179e-04
   3.56886328e+02   1.50419815e-04
   3.56886816e+02  -1.03117760e-04
   3.56887304e+02   1.21890313e-04
   3.56887793e+02   2.69006443e-04
   3.56888281e+02  -2.26142183e-05
   3.56888769e+02  -3.27898393e-04
   3.56889257e+02  -3.01931403e-04
   3.56889746e+02  -2.40115143e-04
   3.56890234e+02  -1.89557046e-04
   3.56890722e+02  -7.68135214e-05
   3.56891211e+02  -6.93543698e-05
   3.56891699e+02  -5.88985786e-05
   3.56892187e+02  -1.05109713e-04
   3.56892676e+02  -8.74178368e-05
   3.56893164e+02   4.08177380e-04
   3.56893652e+02   7.36713177e-04
   3.56894141e+02   2.81727320e-04
   3.56894629e+02  -3.19671599e-05
   3.56895117e+02   2.02553842e-04
   3.56895605e+02   4.52276785e-04
   3.56896094e+02   4.94508771e-04
   3.56896582e+02   2.23154508e-04
   3.56897070e+02  -9.04955741e-05
   3.56897559e+02  -2.19667738e-04
   3.56898047e+02  -4.06957755e-04
   3.56898535e+02  -6.10578165e-04
   3.56899024e+02  -4.18932468e-04
   3.56899512e+02   4.42611599e-05
   3.56900000e+02   7.74658110e-05
   3.56900489e+02   1.51632295e-04
   3.56900977e+02   3.13986937e-04
   3.56901465e+02   2.09814330e-04
   3.56901953e+02  -7.63417484e-05
   3.56902442e+02  -3.90645553e-04
   3.56902930e+02  -2.76705163e-04
   3.56903418e+02   1.66352635e-04
   3.56903907e+02   3.53525102e-04
   3.56904395e+02   4.46757214e-04
   3.56904883e+02   7.27593608e-04
   3.56905372e+02   8.01435323e-04
   3.56905860e+02   3.99951241e-04
   3.56906348e+02   8.73187309e-05
   3.56906837e+02   6.42552550e-05
   3.56907325e+02  -1.30586370e-04
   3.56907813e+02  -3.06028698e-04
   3.56908301e+02  -8.20379719e-05
   3.56908790e+02   4.36081929e-04
   3.56909278e+02   6.83148566e-04
   3.56909766e+02   2.19813941e-04
   3.56910255e+02  -3.77159973e-04
   3.56910743e+02  -3.44850123e-04
   3.56911231e+02   2.41141446e-04
   3.56911720e+02   6.74078474e-04
   3.56912208e+02   6.37510908e-04
   3.56912696e+02   2.08282421e-04
   3.56913185e+02  -2.61284207e-04
   3.56913673e+02  -3.28645285e-04
   3.56914161e+02  -1.34160218e-04
   3.56914649e+02  -7.12150650e-05
   3.56915138e+02  -2.62288435e-04
   3.56915626e+02  -3.69767804e-04
   3.56916114e+02  -2.05594552e-05
   3.56916603e+02   3.32183117e-04
   3.56917091e+02   2.85298505e-04
   3.56917579e+02   4.54584952e-04
   3.56918068e+02   7.64685741e-04
   3.56918556e+02   5.52522310e-04
   3.56919044e+02  -6.36286422e-05
   3.56919533e+02  -5.18870074e-04
   3.56920021e+02  -7.29091989e-04
   3.56920509e+02  -6.25722285e-04
   3.56920997e+02  -1.18237600e-04
   3.56921486e+02   2.83713016e-04
   3.56921974e+02   3.02442844e-04
   3.56922462e+02   2.00169350e-04
   3.56922951e+02   1.55928486e-04
   3.56923439e+02  -8.75363639e-06
   3.56923927e+02  -8.50290671e-05
   3.56924416e+02   3.34879187e-05
   3.56924904e+02   7.30438987e-05
   3.56925392e+02   1.27158739e-04
   3.56925881e+02   5.24196425e-04
   3.56926369e+02   9.78884404e-04
   3.56926857e+02   8.06764176e-04
   3.56927346e+02   2.97585997e-04
   3.56927834e+02  -1.20972662e-04
   3.56928322e+02  -3.00385669e-04
   3.56928810e+02  -6.39829086e-05
   3.56929299e+02   1.95011133e-04
   3.56929787e+02   4.29270120e-04
   3.56930275e+02   6.64999709e-04
   3.56930764e+02   5.48382231e-04
   3.56931252e+02   4.04390477e-04
   3.56931740e+02   2.96834798e-04
   3.56932229e+02   5.31051337e-05
   3.56932717e+02  -1.75532201e-04
   3.56933205e+02  -3.23067710e-04
   3.56933694e+02  -3.44431843e-04
   3.56934182e+02  -3.64493026e-04
   3.56934670e+02  -4.37117211e-04
   3.56935158e+02  -5.62307541e-04
   3.56935647e+02  -5.68360498e-04
   3.56936135e+02  -2.73526355e-04
   3.56936623e+02   2.98283012e-05
   3.56937112e+02   2.29194367e-04
   3.56937600e+02   2.86626775e-04
   3.56938088e+02   2.94216967e-04
   3.56938577e+02   3.78230092e-04
   3.56939065e+02   5.36924985e-04
   3.56939553e+02   6.57774508e-04
   3.56940042e+02   6.93022681e-04
   3.56940530e+02   5.53490419e-04
   3.56941018e+02   2.83217116e-04
   3.56941506e+02   1.12715345e-04
   3.56941995e+02   1.73202527e-04
   3.56942483e+02   1.25607345e-04
   3.56942971e+02  -9.07398207e-05
   3.56943460e+02  -2.24617586e-04
   3.56943948e+02  -3.51672148e-04
   3.56944436e+02  -8.83477878e-06
   3.56944925e+02   7.21062417e-04
   3.56945413e+02   1.01187930e-03
   3.56945901e+02   7.61889038e-04
   3.56946390e+02   3.07789509e-04
   3.56946878e+02   6.63905084e-05
   3.56947366e+02   4.78389447e-05
   3.56947854e+02   1.38875490e-04
   3.56948343e+02   3.31304502e-04
   3.56948831e+02   3.16012593e-04
   3.56949319e+02  -1.38688738e-05
   3.56949808e+02  -3.35872639e-04
   3.56950296e+02  -6.08572562e-04
   3.56950784e+02  -5.37190470e-04
   3.56951273e+02  -2.85446458e-05
   3.56951761e+02   3.78926925e-04
   3.56952249e+02   4.28873609e-04
   3.56952738e+02   7.90508129e-05
   3.56953226e+02  -2.26852469e-04
   3.56953714e+02  -1.08090477e-04
   3.56954202e+02   2.21254941e-05
   3.56954691e+02   1.39332158e-04
   3.56955179e+02   3.26470290e-05
   3.56955667e+02  -5.25960873e-04
   3.56956156e+02  -5.10609010e-04
   3.56956644e+02   2.12924206e-04
   3.56957132e+02   7.50760722e-04
   3.56957621e+02   8.90242751e-04
   3.56958109e+02   5.66678587e-04
   3.56958597e+02  -2.91403383e-04
   3.56959086e+02  -5.80810825e-04
   3.56959574e+02  -1.86895835e-04
   3.56960062e+02  -1.08110682e-04
   3.56960550e+02  -4.20281431e-04
   3.56961039e+02  -4.22232959e-04
   3.56961527e+02  -1.54762631e-04
   3.56962015e+02   3.93707363e-04
   3.56962504e+02   9.32242372e-04
   3.56962992e+02   8.14560161e-04
   3.56963480e+02   1.62770812e-04
   3.56963969e+02  -3.03259003e-04
   3.56964457e+02  -2.29226134e-04
   3.56964945e+02   1.10190515e-04
   3.56965434e+02   1.54054491e-04
   3.56965922e+02  -1.24161903e-04
   3.56966410e+02  -2.91192729e-04
   3.56966899e+02  -2.21954280e-04
   3.56967387e+02   2.09985999e-04
   3.56967875e+02   7.51772837e-04
   3.56968363e+02   6.72709139e-04
   3.56968852e+02   2.57942098e-04
   3.56969340e+02   1.19615819e-04
   3.56969828e+02   1.38647840e-04
   3.56970317e+02   3.11573327e-04
   3.56970805e+02   5.95835736e-04
   3.56971293e+02   7.79035967e-04
   3.56971782e+02   6.59751880e-04
   3.56972270e+02   2.41283997e-04
   3.56972758e+02   6.15255703e-05
   3.56973247e+02   2.93828809e-04
   3.56973735e+02   5.69099153e-04
   3.56974223e+02   5.03671356e-04
   3.56974711e+02   2.28870151e-04
   3.56975200e+02   4.29257110e-04
   3.56975688e+02   6.44058047e-04
   3.56976176e+02   1.77115406e-04
   3.56976665e+02  -1.43113080e-04
   3.56977153e+02  -4.83580470e-06
   3.56977641e+02  -2.93599023e-05
   3.56978130e+02   5.22038281e-05
   3.56978618e+02   4.47275495e-04
   3.56979106e+02   4.05689090e-04
   3.56979595e+02  -9.88029133e-05
   3.56980083e+02  -4.75202192e-04
   3.56980571e+02  -6.95107388e-04
   3.56981059e+02  -5.13963751e-04
   3.56981548e+02   1.91572850e-04
   3.56982036e+02   5.94460929e-04
   3.56982524e+02   3.57951591e-04
   3.56983013e+02   3.83737824e-05
   3.56983501e+02   1.76972244e-04
   3.56983989e+02   3.58597405e-04
   3.56984478e+02   9.50198737e-05
   3.56984966e+02  -5.21384100e-05
   3.56985454e+02   2.71455297e-04
   3.56985943e+02   6.50147151e-04
   3.56986431e+02   5.87859191e-04
   3.56986919e+02  -8.74324269e-06
   3.56987407e+02  -4.57018527e-04
   3.56987896e+02  -1.94129156e-04
   3.56988384e+02   2.04366908e-04
   3.56988872e+02   2.70278659e-04
   3.56989361e+02   2.40410591e-04
   3.56989849e+02   2.89644377e-04
   3.56990337e+02   3.24240711e-04
   3.56990826e+02  -6.29903661e-05
   3.56991314e+02  -3.74658644e-04
   3.56991802e+02  -3.08733172e-04
   3.56992291e+02  -4.66106809e-04
   3.56992779e+02  -5.01447765e-04
   3.56993267e+02  -1.16085539e-04
   3.56993755e+02   2.34276333e-04
   3.56994244e+02   3.15836165e-04
   3.56994732e+02   1.78195638e-04
   3.56995220e+02  -7.93818981e-05
   3.56995709e+02  -2.14713160e-04
   3.56996197e+02  -1.39336698e-04
   3.56996685e+02  -1.01189362e-04
   3.56997174e+02  -1.33497379e-04
   3.56997662e+02  -1.78194736e-04
   3.56998150e+02  -1.85239824e-05
   3.56998639e+02   2.70625373e-04
   3.56999127e+02   3.73581774e-04
   3.56999615e+02   1.89802115e-04
   3.57000103e+02  -2.16396103e-04
   3.57000592e+02  -2.91915931e-04
   3.57001080e+02   1.93051364e-05
   3.57001568e+02   3.25200876e-04
   3.57002057e+02   1.97696732e-04
   3.57002545e+02  -2.78153428e-04
   3.57003033e+02  -3.31544521e-04
   3.57003522e+02   1.18031901e-04
   3.57004010e+02   4.25814214e-04
   3.57004498e+02   3.01015563e-04
   3.57004987e+02   5.90913714e-06
   3.57005475e+02  -1.65600199e-04
   3.57005963e+02  -1.82073360e-04
   3.57006451e+02  -3.52839008e-04
   3.57006940e+02  -5.67500480e-04
   3.57007428e+02  -4.39083669e-04
   3.57007916e+02  -2.80048960e-04
   3.57008405e+02  -8.93933102e-05
   3.57008893e+02   1.98485504e-04
   3.57009381e+02   1.67587277e-05
   3.57009870e+02  -1.71520107e-04
   3.57010358e+02   1.07248990e-04
   3.57010846e+02   3.18287726e-04
   3.57011335e+02   4.97635221e-04
   3.57011823e+02   5.48033277e-04
   3.57012311e+02   2.74437807e-05
   3.57012800e+02  -1.35996626e-04
   3.57013288e+02   3.37108329e-04
   3.57013776e+02   4.36407776e-04
   3.57014264e+02   2.04828772e-04
   3.57014753e+02  -5.95929168e-06
   3.57015241e+02   1.42581066e-05
   3.57015729e+02   1.55117115e-04
   3.57016218e+02   1.92333580e-04
   3.57016706e+02   2.23453637e-04
   3.57017194e+02  -4.59855837e-05
   3.57017683e+02  -2.05449149e-04
   3.57018171e+02   1.17160780e-04
   3.57018659e+02   3.64495267e-04
   3.57019148e+02   3.02904256e-04
   3.57019636e+02   6.99824595e-05
   3.57020124e+02  -1.58403956e-04
   3.57020612e+02  -2.06066004e-04
   3.57021101e+02  -8.14661107e-05
   3.57021589e+02  -2.16331118e-05
   3.57022077e+02   1.15106386e-05
   3.57022566e+02   3.08085524e-04
   3.57023054e+02   5.72415593e-04
   3.57023542e+02   3.85949708e-04
   3.57024031e+02   6.47133993e-06
   3.57024519e+02  -2.08365949e-04
   3.57025007e+02  -1.99604809e-04
   3.57025496e+02  -2.39693603e-04
   3.57025984e+02  -5.41492191e-04
   3.57026472e+02  -7.04688951e-04
   3.57026960e+02  -4.06363804e-04
   3.57027449e+02  -3.06788250e-04
   3.57027937e+02  -6.71704533e-04
   3.57028425e+02  -6.09253591e-04
   3.57028914e+02  -2.12373619e-04
   3.57029402e+02  -9.36747820e-05
   3.57029890e+02  -2.50976358e-04
   3.57030379e+02  -5.37998276e-04
   3.57030867e+02  -6.29948743e-04
   3.57031355e+02  -4.52584092e-04
   3.57031844e+02  -2.56957486e-04
   3.57032332e+02  -3.23530345e-04
   3.57032820e+02  -3.63955973e-04
   3.57033308e+02  -3.03890178e-04
   3.57033797e+02  -4.95469605e-04
   3.57034285e+02  -5.69393334e-04
   3.57034773e+02  -4.53582499e-04
   3.57035262e+02  -5.38831984e-04
   3.57035750e+02  -7.59763003e-04
   3.57036238e+02  -7.05025159e-04
   3.57036727e+02  -4.09279513e-04
   3.57037215e+02  -4.31431399e-04
   3.57037703e+02  -4.27042047e-04
   3.57038192e+02  -1.81346986e-04
   3.57038680e+02  -2.16339860e-04
   3.57039168e+02  -5.11770253e-04
   3.57039656e+02  -6.00686413e-04
   3.57040145e+02  -2.52037222e-04
   3.57040633e+02   8.40890934e-05
   3.57041121e+02   2.45941874e-06
   3.57041610e+02  -2.07536341e-05
   3.57042098e+02   3.00860440e-04
   3.57042586e+02   2.85535614e-04
   3.57043075e+02  -1.05865374e-05
   3.57043563e+02  -7.61920965e-05
   3.57044051e+02  -3.41692823e-04
   3.57044540e+02  -8.10669968e-04
   3.57045028e+02  -6.04581495e-04
   3.57045516e+02   1.78037284e-04
   3.57046004e+02   4.32398985e-04
   3.57046493e+02   1.91629413e-04
   3.57046981e+02   1.17426953e-05
   3.57047469e+02  -3.02419558e-05
   3.57047958e+02  -7.49354076e-05
   3.57048446e+02  -2.16703134e-04
   3.57048934e+02  -1.08255270e-04
   3.57049423e+02   3.60657832e-05
   3.57049911e+02  -2.98398518e-05
   3.57050399e+02   2.56141531e-04
   3.57050888e+02   6.18226011e-04
   3.57051376e+02   4.66608530e-04
   3.57051864e+02   2.89398769e-04
   3.57052353e+02   2.40098976e-04
   3.57052841e+02  -9.41185317e-06
   3.57053329e+02  -2.61073030e-04
   3.57053817e+02  -3.24467866e-04
   3.57054306e+02  -1.51366068e-04
   3.57054794e+02   4.17402189e-05
   3.57055282e+02   2.85354763e-05
   3.57055771e+02   1.06822670e-04
   3.57056259e+02   1.42540375e-04
   3.57056747e+02  -1.64074590e-04
   3.57057236e+02  -2.94422818e-04
   3.57057724e+02  -1.54052046e-04
   3.57058212e+02  -1.36216840e-04
   3.57058701e+02  -1.29675682e-04
   3.57059189e+02  -2.47082324e-04
   3.57059677e+02  -6.32204930e-04
   3.57060165e+02  -7.99080532e-04
   3.57060654e+02  -5.07346587e-04
   3.57061142e+02  -2.92541790e-05
   3.57061630e+02   3.06580012e-04
   3.57062119e+02   2.26388933e-04
   3.57062607e+02  -1.72757704e-04
   3.57063095e+02  -5.76505787e-04
   3.57063584e+02  -5.72425080e-04
   3.57064072e+02  -1.56339956e-04
   3.57064560e+02   7.39993120e-05
   3.57065049e+02   1.34867092e-04
   3.57065537e+02   3.78857716e-04
   3.57066025e+02   3.15931073e-04
   3.57066513e+02  -5.65274386e-05
   3.57067002e+02  -1.24191487e-04
   3.57067490e+02  -1.32028028e-04
   3.57067978e+02   4.44488105e-05
   3.57068467e+02   4.34238871e-04
   3.57068955e+02   2.77526240e-04
   3.57069443e+02  -9.09056762e-05
   3.57069932e+02   9.58546807e-05
   3.57070420e+02   5.37756481e-04
   3.57070908e+02   6.90494839e-04
   3.57071397e+02   3.18023376e-04
   3.57071885e+02   2.59448079e-05
   3.57072373e+02   1.04414685e-05
   3.57072861e+02  -2.38661465e-04
   3.57073350e+02  -4.10298439e-04
   3.57073838e+02  -1.86533420e-04
   3.57074326e+02   1.56058493e-04
   3.57074815e+02   3.99239565e-04
   3.57075303e+02   7.05854502e-04
   3.57075791e+02   9.02811647e-04
   3.57076280e+02   1.02330209e-03
   3.57076768e+02   7.78148707e-04
   3.57077256e+02   1.97521120e-04
   3.57077745e+02  -1.72230139e-04
   3.57078233e+02  -1.78192000e-04
   3.57078721e+02  -1.43474172e-04
   3.57079209e+02  -3.06393311e-04
   3.57079698e+02  -3.79610428e-04
   3.57080186e+02   3.76981770e-05
   3.57080674e+02   4.77968046e-04
   3.57081163e+02   5.88781666e-04
   3.57081651e+02   5.42657333e-04
   3.57082139e+02   3.86004656e-04
   3.57082628e+02   5.65050796e-05
   3.57083116e+02  -2.33543731e-04
   3.57083604e+02  -1.51111992e-04
   3.57084093e+02   1.44487742e-04
   3.57084581e+02   3.05023190e-04
   3.57085069e+02   2.39781439e-04
   3.57085557e+02  -2.94649708e-05
   3.57086046e+02  -3.91138397e-04
   3.57086534e+02  -3.07861046e-04
   3.57087022e+02   2.88501848e-04
   3.57087511e+02   8.59054504e-04
   3.57087999e+02   1.10271818e-03
   3.57088487e+02   9.14368837e-04
   3.57088976e+02   4.33132227e-04
   3.57089464e+02   1.66209953e-04
   3.57089952e+02   2.61058391e-04
   3.57090441e+02   1.80297764e-04
   3.57090929e+02  -1.63485111e-05
   3.57091417e+02   3.13160162e-05
   3.57091906e+02   2.01573712e-04
   3.57092394e+02   1.25363847e-04
   3.57092882e+02  -1.06338637e-04
   3.57093370e+02  -1.03347222e-04
   3.57093859e+02  -2.80718887e-05
   3.57094347e+02   1.32112677e-04
   3.57094835e+02   3.20329855e-04
   3.57095324e+02   3.39687394e-04
   3.57095812e+02   5.39743342e-04
   3.57096300e+02   6.36626908e-04
   3.57096789e+02   4.86943172e-04
   3.57097277e+02   4.30534128e-04
   3.57097765e+02   3.80792102e-04
   3.57098254e+02   3.39042686e-04
   3.57098742e+02   1.32511108e-04
   3.57099230e+02  -2.69790355e-04
   3.57099718e+02  -3.36722704e-04
   3.57100207e+02  -2.19466092e-04
   3.57100695e+02  -1.97341884e-04
   3.57101183e+02   3.53283976e-05
   3.57101672e+02   1.50614345e-04
   3.57102160e+02  -5.96473001e-06
   3.57102648e+02  -6.16605248e-05
   3.57103137e+02   2.35383122e-04
   3.57103625e+02   7.59183371e-04
   3.57104113e+02   8.84668960e-04
   3.57104602e+02   1.96727997e-04
   3.57105090e+02  -3.72186798e-04
   3.57105578e+02  -1.39191870e-05
   3.57106066e+02   5.95552032e-04
   3.57106555e+02   7.87148019e-04
   3.57107043e+02   4.86992853e-04
   3.57107531e+02   3.07087408e-04
   3.57108020e+02   3.69754649e-04
   3.57108508e+02  -5.40838846e-05
   3.57108996e+02  -6.02250046e-04
   3.57109485e+02  -7.93979154e-04
   3.57109973e+02  -8.69101728e-04
   3.57110461e+02  -6.85931474e-04
   3.57110950e+02  -9.32446983e-06
   3.57111438e+02   6.43301581e-04
   3.57111926e+02   5.02623210e-04
   3.57112414e+02   6.14267192e-05
   3.57112903e+02   1.06381412e-04
   3.57113391e+02   1.64353478e-04
   3.57113879e+02  -2.93572666e-05
   3.57114368e+02   5.63626963e-05
   3.57114856e+02   9.17205325e-05
   3.57115344e+02  -2.11552528e-04
   3.57115833e+02  -1.85083991e-04
   3.57116321e+02   1.37872499e-04
   3.57116809e+02   4.76042245e-04
   3.57117298e+02   7.26149476e-04
   3.57117786e+02   7.37400900e-04
   3.57118274e+02   3.97077150e-04
   3.57118762e+02  -2.08909274e-04
   3.57119251e+02  -2.67695257e-04
   3.57119739e+02   5.02886949e-04
   3.57120227e+02   8.11228354e-04
   3.57120716e+02   1.69683612e-04
   3.57121204e+02  -1.64915953e-04
   3.57121692e+02   9.61828555e-05
   3.57122181e+02   2.61053847e-05
   3.57122669e+02  -8.73281097e-05
   3.57123157e+02   2.32138827e-05
   3.57123646e+02   6.09864364e-05
   3.57124134e+02   1.43623474e-04
   3.57124622e+02   1.88766091e-04
   3.57125110e+02   9.30283641e-05
   3.57125599e+02  -2.23620096e-04
   3.57126087e+02  -5.44357637e-04
   3.57126575e+02  -4.74137894e-04
   3.57127064e+02  -7.34895730e-05
   3.57127552e+02   1.69186358e-04
   3.57128040e+02   3.88856606e-05
   3.57128529e+02  -2.55450141e-04
   3.57129017e+02  -4.23908932e-04
   3.57129505e+02  -1.62624725e-04
   3.57129994e+02   6.80510348e-05
   3.57130482e+02  -6.65056677e-06
   3.57130970e+02  -5.07056357e-05
   3.57131459e+02  -5.65983100e-06
   3.57131947e+02  -3.00683641e-05
   3.57132435e+02  -1.16896641e-04
   3.57132923e+02  -9.12920805e-05
   3.57133412e+02   3.09075876e-05
   3.57133900e+02   2.17586101e-04
   3.57134388e+02   2.31514554e-04
   3.57134877e+02   3.20431020e-04
   3.57135365e+02   3.87394131e-04
   3.57135853e+02   5.07198740e-04
   3.57136342e+02   6.12178526e-04
   3.57136830e+02   5.53991413e-04
   3.57137318e+02   4.67282982e-04
   3.57137807e+02   1.51102766e-04
   3.57138295e+02  -4.96120047e-05
   3.57138783e+02   6.53398747e-05
   3.57139271e+02  -2.20564718e-04
   3.57139760e+02  -5.47290780e-04
   3.57140248e+02  -3.48266069e-04
   3.57140736e+02  -3.92325164e-04
   3.57141225e+02  -7.07603525e-04
   3.57141713e+02  -6.09852257e-04
   3.57142201e+02  -3.18492297e-04
   3.57142690e+02  -1.28502899e-04
   3.57143178e+02  -4.68703620e-05
   3.57143666e+02  -2.45131465e-04
   3.57144155e+02  -4.04361694e-04
   3.57144643e+02  -1.91723375e-04
   3.57145131e+02   1.39625670e-04
   3.57145619e+02   6.30960625e-04
   3.57146108e+02   8.79973348e-04
   3.57146596e+02   4.22253594e-04
   3.57147084e+02  -2.53549242e-05
   3.57147573e+02  -1.07587570e-04
   3.57148061e+02  -4.61748350e-05
   3.57148549e+02   5.99111081e-05
   3.57149038e+02  -1.01584888e-07
   3.57149526e+02   9.43715349e-05
   3.57150014e+02   1.86185425e-04
   3.57150503e+02  -5.32914601e-05
   3.57150991e+02  -3.48965637e-04
   3.57151479e+02  -6.01641950e-04
   3.57151967e+02  -5.85998758e-04
   3.57152456e+02  -1.44902631e-04
   3.57152944e+02   1.77220340e-04
   3.57153432e+02   6.33141317e-05
   3.57153921e+02  -9.42656407e-05
   3.57154409e+02  -2.36397260e-04
   3.57154897e+02  -2.51031510e-04
   3.57155386e+02   1.30802812e-06
   3.57155874e+02   2.59932218e-04
   3.57156362e+02   5.16083848e-04
   3.57156851e+02   5.89318282e-04
   3.57157339e+02   1.11344263e-04
   3.57157827e+02  -3.76361131e-04
   3.57158315e+02  -4.28337022e-04
   3.57158804e+02  -2.91127362e-04
   3.57159292e+02   5.81865652e-06
   3.57159780e+02   3.87870095e-04
   3.57160269e+02   6.29589777e-04
   3.57160757e+02   5.63930429e-04
   3.57161245e+02   1.92702457e-04
   3.57161734e+02   1.14564267e-04
   3.57162222e+02   1.22926518e-04
   3.57162710e+02  -1.86393532e-04
   3.57163199e+02  -1.67090562e-04
   3.57163687e+02   3.11774842e-04
   3.57164175e+02   3.99614451e-04
   3.57164663e+02  -1.85508015e-05
   3.57165152e+02  -2.15346779e-04
   3.57165640e+02   1.81768788e-04
   3.57166128e+02   6.96175848e-04
   3.57166617e+02   8.03680450e-04
   3.57167105e+02   7.39463372e-04
   3.57167593e+02   4.27671825e-04
   3.57168082e+02  -1.13198075e-04
   3.57168570e+02  -2.55684892e-04
   3.57169058e+02  -6.13281954e-05
   3.57169547e+02   2.49203731e-04
   3.57170035e+02   5.34042134e-04
   3.57170523e+02   6.09743816e-04
   3.57171012e+02   5.38961729e-04
   3.57171500e+02   1.10701461e-04
   3.57171988e+02  -1.97420770e-04
   3.57172476e+02   3.12858356e-05
   3.57172965e+02   2.99360945e-05
   3.57173453e+02  -1.12743219e-04
   3.57173941e+02  -2.03985735e-04
   3.57174430e+02  -4.45019890e-04
   3.57174918e+02  -4.07108833e-04
   3.57175406e+02  -1.06356565e-04
   3.57175895e+02   9.18820151e-05
   3.57176383e+02   1.10513218e-04
   3.57176871e+02   2.39163681e-04
   3.57177360e+02   2.94628524e-04
   3.57177848e+02   8.25158932e-05
   3.57178336e+02   1.20836798e-04
   3.57178824e+02   3.72459908e-04
   3.57179313e+02   2.38065753e-04
   3.57179801e+02  -4.14008013e-04
   3.57180289e+02  -1.02951459e-03
   3.57180778e+02  -1.00664014e-03
   3.57181266e+02  -5.79520536e-04
   3.57181754e+02  -4.36507398e-04
   3.57182243e+02  -4.80836345e-04
   3.57182731e+02  -5.16196247e-04
   3.57183219e+02  -7.97886110e-04
   3.57183708e+02  -7.35818699e-04
   3.57184196e+02  -1.43928803e-04
   3.57184684e+02   2.63711932e-04
   3.57185172e+02   3.68651323e-04
   3.57185661e+02   2.74749036e-04
   3.57186149e+02   6.21329309e-05
   3.57186637e+02   9.21836763e-05
   3.57187126e+02   1.87989135e-04
   3.57187614e+02  -2.49787827e-05
   3.57188102e+02  -2.59208755e-04
   3.57188591e+02  -2.40126828e-04
   3.57189079e+02  -9.88499887e-05
   3.57189567e+02   7.14825728e-05
   3.57190056e+02   2.63374939e-04
   3.57190544e+02   3.86395433e-04
   3.57191032e+02   3.78288823e-04
   3.57191520e+02   6.41546561e-04
   3.57192009e+02   1.14896346e-03
   3.57192497e+02   1.04380667e-03
   3.57192985e+02   5.21739712e-04
   3.57193474e+02   2.48000113e-04
   3.57193962e+02   9.93680951e-05
   3.57194450e+02  -3.39307910e-04
   3.57194939e+02  -6.69845787e-04
   3.57195427e+02  -5.18193061e-04
   3.57195915e+02  -3.13851167e-04
   3.57196404e+02  -3.31774470e-04
   3.57196892e+02  -5.72812103e-04
   3.57197380e+02  -5.78633393e-04
   3.57197868e+02  -3.48283793e-05
   3.57198357e+02   1.40283475e-04
   3.57198845e+02  -2.31134996e-04
   3.57199333e+02  -2.72926263e-04
   3.57199822e+02  -1.18076983e-04
   3.57200310e+02   3.49483525e-05
   3.57200798e+02   1.92456340e-04
   3.57201287e+02   8.75210098e-05
   3.57201775e+02  -2.07180405e-04
   3.57202263e+02  -4.28244733e-04
   3.57202752e+02  -3.98467557e-04
   3.57203240e+02  -5.77007653e-04
   3.57203728e+02  -9.93634225e-04
   3.57204216e+02  -7.56500522e-04
   3.57204705e+02  -7.65380537e-05
   3.57205193e+02   9.30643801e-05
   3.57205681e+02   7.36856691e-06
   3.57206170e+02   1.41710465e-04
   3.57206658e+02   1.82907286e-04
   3.57207146e+02   4.82096366e-05
   3.57207635e+02   8.28972188e-05
   3.57208123e+02   1.08066393e-04
   3.57208611e+02   5.38891691e-05
   3.57209100e+02   1.27117701e-07
   3.57209588e+02  -1.39860713e-04
   3.57210076e+02  -2.43090733e-04
   3.57210565e+02  -3.63296829e-04
   3.57211053e+02  -3.90723551e-04
   3.57211541e+02  -1.58097668e-04
   3.57212029e+02   7.78333415e-05
   3.57212518e+02   2.06502460e-04
   3.57213006e+02   2.65983836e-04
   3.57213494e+02   2.46203592e-04
   3.57213983e+02   2.37005923e-04
   3.57214471e+02   2.37281303e-04
   3.57214959e+02   6.88723667e-05
   3.57215448e+02  -3.67873756e-04
   3.57215936e+02  -7.59246177e-04
   3.57216424e+02  -8.12868995e-04
   3.57216913e+02  -8.46693700e-04
   3.57217401e+02  -9.59154684e-04
   3.57217889e+02  -6.83129707e-04
   3.57218377e+02  -8.51769655e-05
   3.57218866e+02   2.59518620e-05
   3.57219354e+02  -2.45186617e-04
   3.57219842e+02  -1.93545158e-04
   3.57220331e+02   1.87871003e-04
   3.57220819e+02   3.07257753e-04
   3.57221307e+02   1.76541453e-05
   3.57221796e+02  -2.39804984e-04
   3.57222284e+02  -3.05334805e-04
   3.57222772e+02  -2.32099410e-04
   3.57223261e+02  -4.08648921e-05
   3.57223749e+02   1.89118684e-04
   3.57224237e+02   3.05724592e-04
   3.57224725e+02   9.07302529e-05
   3.57225214e+02  -1.90940525e-04
   3.57225702e+02  -4.82948555e-04
   3.57226190e+02  -1.01146998e-03
   3.57226679e+02  -1.21480622e-03
   3.57227167e+02  -8.07530712e-04
   3.57227655e+02  -3.59989441e-04
   3.57228144e+02  -2.97501247e-04
   3.57228632e+02  -3.32978030e-04
   3.57229120e+02  -1.87476224e-04
   3.57229609e+02   5.36159278e-05
   3.57230097e+02   1.47501822e-04
   3.57230585e+02  -1.57778792e-04
   3.57231073e+02  -3.84810090e-04
   3.57231562e+02  -8.47198171e-05
   3.57232050e+02   2.38401975e-04
   3.57232538e+02  -1.21071871e-05
   3.57233027e+02  -3.88793851e-04
   3.57233515e+02  -1.96310619e-04
   3.57234003e+02   3.98005592e-04
   3.57234492e+02   6.84967323e-04
   3.57234980e+02   4.75480600e-04
   3.57235468e+02   7.06781429e-05
   3.57235957e+02  -2.09378613e-05
   3.57236445e+02   3.17657483e-04
   3.57236933e+02   5.35309431e-04
   3.57237421e+02   1.91039799e-05
   3.57237910e+02  -5.94358018e-04
   3.57238398e+02  -5.10155165e-04
   3.57238886e+02  -3.90306988e-04
   3.57239375e+02  -4.64390236e-04
   3.57239863e+02  -4.50505817e-04
   3.57240351e+02  -4.04039456e-04
   3.57240840e+02   3.63485378e-05
   3.57241328e+02   4.95243818e-04
   3.57241816e+02   5.53924881e-04
   3.57242305e+02   3.66081920e-04
   3.57242793e+02  -1.73923676e-04
   3.57243281e+02  -6.82432321e-04
   3.57243769e+02  -7.93514308e-04
   3.57244258e+02  -4.56958747e-04
   3.57244746e+02   6.47677662e-05
   3.57245234e+02   3.65806714e-04
   3.57245723e+02   4.04893857e-04
   3.57246211e+02   2.68882839e-04
   3.57246699e+02   2.48061697e-04
   3.57247188e+02   4.56044858e-04
   3.57247676e+02   5.24282863e-04
   3.57248164e+02   4.08798165e-04
   3.57248653e+02   4.04696650e-04
   3.57249141e+02   3.32325959e-04
   3.57249629e+02   1.42037024e-04
   3.57250118e+02   2.72039360e-05
   3.57250606e+02  -7.00367673e-05
   3.57251094e+02  -4.42853052e-05
   3.57251582e+02  -1.47308296e-04
   3.57252071e+02  -2.06404598e-04
   3.57252559e+02  -3.01662309e-04
   3.57253047e+02  -2.90779426e-04
   3.57253536e+02  -5.07363757e-06
   3.57254024e+02   3.84699524e-04
   3.57254512e+02   4.30698710e-04
   3.57255001e+02  -9.88400825e-06
   3.57255489e+02  -3.13096476e-04
   3.57255977e+02  -9.14497869e-05
   3.57256466e+02   2.77030358e-05
   3.57256954e+02  -1.80611562e-04
   3.57257442e+02   1.00117875e-04
   3.57257930e+02   6.05957583e-04
   3.57258419e+02   6.71378511e-04
   3.57258907e+02   5.73903206e-04
   3.57259395e+02   4.84520482e-04
   3.57259884e+02   3.90823261e-04
   3.57260372e+02  -4.40978729e-05
   3.57260860e+02  -5.92029013e-04
   3.57261349e+02  -7.44522025e-04
   3.57261837e+02  -6.74422132e-04
   3.57262325e+02  -3.75258940e-04
   3.57262814e+02   7.26031285e-05
   3.57263302e+02   1.82284319e-04
   3.57263790e+02  -1.22271638e-04
   3.57264278e+02  -1.34038652e-04
   3.57264767e+02   1.48599327e-04
   3.57265255e+02   2.98649447e-05
   3.57265743e+02  -4.32167108e-05
   3.57266232e+02   1.93025859e-04
   3.57266720e+02   1.56699127e-04
   3.57267208e+02   1.07566208e-04
   3.57267697e+02   2.09426013e-04
   3.57268185e+02   3.40886945e-05
   3.57268673e+02  -5.60974258e-05
   3.57269162e+02   5.44390105e-06
   3.57269650e+02   1.07117572e-04
   3.57270138e+02   5.32241946e-04
   3.57270626e+02   8.88303097e-04
   3.57271115e+02   7.11556699e-04
   3.57271603e+02   2.68545788e-04
   3.57272091e+02  -1.54386798e-04
   3.57272580e+02  -3.45660548e-04
   3.57273068e+02  -3.21709609e-04
   3.57273556e+02  -3.22245440e-04
   3.57274045e+02  -1.19917036e-04
   3.57274533e+02   2.50639074e-04
   3.57275021e+02   3.13357101e-04
   3.57275510e+02  -5.56936611e-05
   3.57275998e+02  -5.26763266e-04
   3.57276486e+02  -4.12061170e-04
   3.57276974e+02   2.84818030e-04
   3.57277463e+02   6.09303010e-04
   3.57277951e+02   2.06508761e-04
   3.57278439e+02  -7.00603559e-05
   3.57278928e+02   3.86217143e-04
   3.57279416e+02   6.18464372e-04
   3.57279904e+02   8.77180719e-05
   3.57280393e+02  -2.08726357e-04
   3.57280881e+02   1.41061304e-04
   3.57281369e+02   4.85836121e-04
   3.57281858e+02   2.86780152e-04
   3.57282346e+02   1.30383596e-05
   3.57282834e+02  -7.69996986e-05
   3.57283322e+02  -3.27791087e-04
   3.57283811e+02  -4.15598741e-04
   3.57284299e+02  -7.07372010e-06
   3.57284787e+02   4.72960121e-04
   3.57285276e+02   5.81359898e-04
   3.57285764e+02   3.95902171e-04
   3.57286252e+02  -6.68054872e-06
   3.57286741e+02  -3.96111369e-04
   3.57287229e+02  -2.52805738e-04
   3.57287717e+02   2.05614386e-04
   3.57288206e+02   1.34000613e-04
   3.57288694e+02   7.42789634e-05
   3.57289182e+02   6.32900861e-04
   3.57289671e+02   1.01339049e-03
   3.57290159e+02   8.10539583e-04
   3.57290647e+02   3.88256623e-04
   3.57291135e+02   1.12526737e-04
   3.57291624e+02  -3.13314376e-05
   3.57292112e+02  -1.09474226e-04
   3.57292600e+02  -2.45994568e-04
   3.57293089e+02  -3.76249256e-04
   3.57293577e+02  -2.20672431e-04
   3.57294065e+02  -3.40441329e-05
   3.57294554e+02  -1.39814278e-04
   3.57295042e+02  -1.42636869e-04
   3.57295530e+02   2.10911501e-04
   3.57296019e+02   4.23115736e-04
   3.57296507e+02   2.02982075e-04
   3.57296995e+02  -1.31883789e-05
   3.57297483e+02   1.95820321e-05
   3.57297972e+02  -2.11638326e-04
   3.57298460e+02  -8.68833333e-04
   3.57298948e+02  -1.00137829e-03
   3.57299437e+02  -5.02299576e-04
   3.57299925e+02  -2.45363975e-04
   3.57300413e+02  -3.06757865e-04
   3.57300902e+02  -4.51477390e-04
   3.57301390e+02  -5.28187782e-04
   3.57301878e+02  -4.22655023e-04
   3.57302367e+02  -3.27121525e-04
   3.57302855e+02  -3.45185428e-04
   3.57303343e+02  -1.81535288e-04
   3.57303831e+02   6.10985517e-05
   3.57304320e+02  -2.36716660e-05
   3.57304808e+02  -1.39390439e-04
   3.57305296e+02   1.44048230e-04
   3.57305785e+02   3.63043451e-04
   3.57306273e+02   2.01566756e-04
   3.57306761e+02  -1.35824434e-04
   3.57307250e+02  -3.01997032e-04
   3.57307738e+02  -1.05504034e-04
   3.57308226e+02   4.41058364e-05
   3.57308715e+02   2.08527272e-04
   3.57309203e+02   4.89956117e-04
   3.57309691e+02   5.81184868e-04
   3.57310179e+02   2.59803288e-04
   3.57310668e+02   6.29003844e-05
   3.57311156e+02   1.37790528e-04
   3.57311644e+02   2.93053628e-04
   3.57312133e+02   4.31878230e-04
   3.57312621e+02   4.32050787e-04
   3.57313109e+02   2.52367347e-04
   3.57313598e+02  -6.91058303e-05
   3.57314086e+02  -1.61200893e-04
   3.57314574e+02   6.08856826e-05
   3.57315063e+02  -2.53126291e-05
   3.57315551e+02  -3.96064046e-04
   3.57316039e+02  -7.26768572e-04
   3.57316527e+02  -7.74778018e-04
   3.57317016e+02  -5.95488818e-04
   3.57317504e+02  -5.65919501e-04
   3.57317992e+02  -4.77233029e-04
   3.57318481e+02  -3.42170941e-04
   3.57318969e+02  -3.90258647e-04
   3.57319457e+02  -2.87483505e-04
   3.57319946e+02  -2.53480048e-05
   3.57320434e+02   1.76345566e-05
   3.57320922e+02   5.97537946e-05
   3.57321411e+02   3.40437517e-04
   3.57321899e+02   5.23274473e-04
   3.57322387e+02   4.39592724e-04
   3.57322875e+02   7.22267796e-05
   3.57323364e+02  -2.92224693e-04
   3.57323852e+02  -2.46386044e-04
   3.57324340e+02  -1.84932476e-04
   3.57324829e+02  -6.22527034e-04
   3.57325317e+02  -1.01500889e-03
   3.57325805e+02  -5.73932484e-04
   3.57326294e+02   2.34041567e-04
   3.57326782e+02   5.44568000e-04
   3.57327270e+02   4.31290653e-04
   3.57327759e+02   1.67746824e-04
   3.57328247e+02   4.17831507e-05
   3.57328735e+02   1.38390445e-04
   3.57329224e+02   2.49606877e-04
   3.57329712e+02   7.15671267e-05
   3.57330200e+02  -4.05864848e-04
   3.57330688e+02  -5.79439220e-04
   3.57331177e+02  -3.30229523e-04
   3.57331665e+02  -1.95008484e-04
   3.57332153e+02  -1.24415426e-04
   3.57332642e+02   6.58051795e-05
   3.57333130e+02  -7.29964595e-05
   3.57333618e+02  -5.12853789e-04
   3.57334107e+02  -5.85960399e-04
   3.57334595e+02  -3.37490696e-04
   3.57335083e+02  -3.25685600e-04
   3.57335572e+02  -1.88621460e-04
   3.57336060e+02   1.22195517e-04
   3.57336548e+02  -8.12521175e-05
   3.57337036e+02  -5.21815382e-04
   3.57337525e+02  -5.82485110e-04
   3.57338013e+02  -2.45345291e-04
   3.57338501e+02  -3.81093960e-05
   3.57338990e+02   6.91121677e-05
   3.57339478e+02   4.10392124e-04
   3.57339966e+02   4.10758890e-04
   3.57340455e+02   2.04628595e-04
   3.57340943e+02   1.65831065e-04
   3.57341431e+02   4.03148042e-05
   3.57341920e+02  -3.18607170e-04
   3.57342408e+02  -8.78421299e-04
   3.57342896e+02  -1.10666861e-03
   3.57343384e+02  -6.22723193e-04
   3.57343873e+02  -7.17149305e-05
   3.57344361e+02   1.15808885e-04
   3.57344849e+02   2.69110256e-04
   3.57345338e+02   4.24739759e-04
   3.57345826e+02   5.00441180e-04
   3.57346314e+02   5.97163977e-04
   3.57346803e+02   8.33698956e-04
   3.57347291e+02   8.19425797e-04
   3.57347779e+02   6.15852769e-05
   3.57348268e+02  -6.17852609e-04
   3.57348756e+02  -4.38252056e-04
   3.57349244e+02  -6.98023678e-06
   3.57349732e+02   1.66615486e-04
   3.57350221e+02   4.29009378e-04
   3.57350709e+02   8.09239689e-04
   3.57351197e+02   8.61115463e-04
   3.57351686e+02   6.77428849e-04
   3.57352174e+02   5.99763647e-04
   3.57352662e+02   4.17951611e-04
   3.57353151e+02  -4.36655755e-05
   3.57353639e+02  -3.63355357e-04
   3.57354127e+02  -1.58835435e-04
   3.57354616e+02   3.14915524e-04
   3.57355104e+02   3.57587764e-04
   3.57355592e+02   1.18577373e-04
   3.57356080e+02  -2.10831888e-04
   3.57356569e+02  -4.46267106e-04
   3.57357057e+02  -8.95629637e-05
   3.57357545e+02   3.49688635e-04
   3.57358034e+02   5.52484649e-04
   3.57358522e+02   5.46124007e-04
   3.57359010e+02   3.01400025e-04
   3.57359499e+02   5.10547543e-04
   3.57359987e+02   7.97147455e-04
   3.57360475e+02   4.83325304e-04
   3.57360964e+02   2.37423010e-04
   3.57361452e+02   2.49709206e-04
   3.57361940e+02  -8.25104235e-06
   3.57362428e+02  -8.59786160e-05
   3.57362917e+02   3.62525461e-04
   3.57363405e+02   6.72530441e-04
   3.57363893e+02   3.71929258e-04
   3.57364382e+02  -1.49783504e-04
   3.57364870e+02  -2.36420005e-04
   3.57365358e+02  -1.37891067e-04
   3.57365847e+02  -1.03237508e-04
   3.57366335e+02   7.74166328e-05
   3.57366823e+02   1.67960708e-04
   3.57367312e+02   1.03676182e-04
   3.57367800e+02   1.08272980e-04
   3.57368288e+02   7.12937117e-06
   3.57368777e+02  -2.03465403e-04
   3.57369265e+02  -2.23470357e-04
   3.57369753e+02   4.01066245e-05
   3.57370241e+02   4.95763496e-04
   3.57370730e+02   6.47021225e-04
   3.57371218e+02   2.72999430e-04
   3.57371706e+02  -3.84737214e-04
   3.57372195e+02  -8.29530123e-04
   3.57372683e+02  -5.43707167e-04
   3.57373171e+02   1.69214822e-04
   3.57373660e+02   6.15186640e-04
   3.57374148e+02   4.70014464e-04
   3.57374636e+02  -1.44264719e-04
   3.57375125e+02  -5.24102303e-04
   3.57375613e+02  -5.16753120e-04
   3.57376101e+02  -4.46012855e-04
   3.57376589e+02  -1.39610100e-04
   3.57377078e+02   1.21209690e-04
   3.57377566e+02   1.27902764e-04
   3.57378054e+02   3.02501809e-04
   3.57378543e+02   2.86822469e-04
   3.57379031e+02  -6.58899035e-06
   3.57379519e+02   1.15790361e-04
   3.57380008e+02   3.48002388e-04
   3.57380496e+02   2.74857332e-04
   3.57380984e+02   1.01561112e-04
   3.57381473e+02  -2.11827355e-04
   3.57381961e+02  -2.11398146e-04
   3.57382449e+02   5.37415326e-04
   3.57382937e+02   9.59475583e-04
   3.57383426e+02   2.70052056e-04
   3.57383914e+02  -4.54886642e-04
   3.57384402e+02  -4.22217447e-04
   3.57384891e+02  -3.31992283e-04
   3.57385379e+02  -2.73553131e-04
   3.57385867e+02   3.77568867e-05
   3.57386356e+02   3.25464753e-05
   3.57386844e+02   1.23590857e-04
   3.57387332e+02   7.80784292e-04
   3.57387821e+02   1.08829211e-03
   3.57388309e+02   1.00269006e-03
   3.57388797e+02   9.59729485e-04
   3.57389285e+02   6.12198201e-04
   3.57389774e+02  -1.76625035e-04
   3.57390262e+02  -8.48185387e-04
   3.57390750e+02  -7.80104077e-04
   3.57391239e+02   1.86292236e-04
   3.57391727e+02   1.06355350e-03
   3.57392215e+02   1.01062097e-03
   3.57392704e+02   6.53918658e-04
   3.57393192e+02   6.04271016e-04
   3.57393680e+02   2.75146303e-04
   3.57394169e+02  -2.91460223e-04
   3.57394657e+02  -3.62745544e-04
   3.57395145e+02  -1.74964865e-04
   3.57395633e+02  -2.51942663e-04
   3.57396122e+02  -5.24642412e-04
   3.57396610e+02  -6.01919193e-04
   3.57397098e+02  -3.57929559e-04
   3.57397587e+02  -1.03006940e-04
   3.57398075e+02   1.13985690e-04
   3.57398563e+02   2.95141537e-04
   3.57399052e+02  -2.18807454e-05
   3.57399540e+02  -5.81246568e-04
   3.57400028e+02  -5.54438389e-04
   3.57400517e+02  -5.28544879e-05
   3.57401005e+02   2.40093912e-04
   3.57401493e+02   1.95210887e-04
   3.57401981e+02   3.16752645e-04
   3.57402470e+02   3.55427212e-04
   3.57402958e+02  -1.92977284e-04
   3.57403446e+02  -5.66738658e-04
   3.57403935e+02  -3.38831975e-04
   3.57404423e+02  -2.38786917e-04
   3.57404911e+02  -3.11375654e-04
   3.57405400e+02   2.76093560e-05
   3.57405888e+02   4.74581466e-04
   3.57406376e+02   5.74794947e-04
   3.57406865e+02   6.03151799e-04
   3.57407353e+02   7.25871068e-04
   3.57407841e+02   6.50746573e-04
   3.57408330e+02   4.35257884e-04
   3.57408818e+02   2.92581943e-04
   3.57409306e+02   1.82267540e-04
   3.57409794e+02   2.94726255e-04
   3.57410283e+02   5.00768889e-04
   3.57410771e+02   1.91632629e-04
   3.57411259e+02  -2.77792074e-04
   3.57411748e+02  -3.28716735e-04
   3.57412236e+02  -2.90841854e-04
   3.57412724e+02  -3.06906237e-04
   3.57413213e+02  -4.47518716e-04
   3.57413701e+02  -4.00790392e-04
   3.57414189e+02   1.58737064e-04
   3.57414678e+02   7.25778518e-04
   3.57415166e+02   7.37197697e-04
   3.57415654e+02   3.06019909e-04
   3.57416142e+02  -7.08911393e-05
   3.57416631e+02  -1.00754798e-04
   3.57417119e+02  -1.70877338e-05
   3.57417607e+02  -2.41443577e-05
   3.57418096e+02   1.52215740e-04
   3.57418584e+02   4.72804270e-04
   3.57419072e+02   5.84341295e-04
   3.57419561e+02   4.32750705e-04
   3.57420049e+02   1.79507508e-04
   3.57420537e+02  -2.33071787e-05
   3.57421026e+02  -1.19999924e-04
   3.57421514e+02  -1.23449034e-04
   3.57422002e+02  -2.57812266e-04
   3.57422490e+02  -4.12299909e-04
   3.57422979e+02  -3.66045046e-04
   3.57423467e+02  -1.91222251e-04
   3.57423955e+02  -6.29983260e-05
   3.57424444e+02  -4.90191414e-05
   3.57424932e+02   1.63227320e-04
   3.57425420e+02   3.50125920e-04
   3.57425909e+02   4.31768713e-04
   3.57426397e+02   7.38861097e-04
   3.57426885e+02   7.32822169e-04
   3.57427374e+02   2.56852218e-04
   3.57427862e+02  -1.27335108e-04
   3.57428350e+02  -5.01980176e-05
   3.57428838e+02   5.02180483e-05
   3.57429327e+02  -4.46210870e-05
   3.57429815e+02   9.73260649e-06
   3.57430303e+02   9.61140468e-05
   3.57430792e+02   1.30885572e-04
   3.57431280e+02   2.27029916e-04
   3.57431768e+02   1.83962140e-04
   3.57432257e+02   7.18213550e-06
   3.57432745e+02  -1.43170502e-04
   3.57433233e+02  -1.08500324e-04
   3.57433722e+02   1.12611131e-04
   3.57434210e+02   1.01845726e-05
   3.57434698e+02  -3.19696381e-04
   3.57435186e+02  -1.26085884e-04
   3.57435675e+02   2.28142308e-04
   3.57436163e+02   8.28717020e-05
   3.57436651e+02  -7.36454094e-05
   3.57437140e+02  -7.19181044e-05
   3.57437628e+02  -4.44459409e-04
   3.57438116e+02  -8.10760132e-04
   3.57438605e+02  -5.61203226e-04
   3.57439093e+02  -2.55450082e-04
   3.57439581e+02  -2.52312777e-04
   3.57440070e+02  -4.45631158e-05
   3.57440558e+02   3.20726860e-04
   3.57441046e+02   2.91177013e-04
   3.57441534e+02  -2.68281641e-04
   3.57442023e+02  -6.97338663e-04
   3.57442511e+02  -5.01470000e-04
   3.57442999e+02  -3.97260774e-05
   3.57443488e+02   8.62894813e-05
   3.57443976e+02  -2.89453164e-05
   3.57444464e+02   7.83552387e-05
   3.57444953e+02   2.58956046e-04
   3.57445441e+02   6.55865442e-05
   3.57445929e+02  -4.02557926e-04
   3.57446418e+02  -7.36407004e-04
   3.57446906e+02  -6.98243326e-04
   3.57447394e+02  -3.61459417e-04
   3.57447883e+02   5.77952596e-05
   3.57448371e+02   5.62366156e-04
   3.57448859e+02   7.70246726e-04
   3.57449347e+02   5.57685795e-04
   3.57449836e+02   5.34312858e-04
   3.57450324e+02   6.12925156e-04
   3.57450812e+02   2.76609731e-04
   3.57451301e+02  -2.70970399e-04
   3.57451789e+02  -5.23172028e-04
   3.57452277e+02  -4.26828687e-04
   3.57452766e+02  -3.93987197e-04
   3.57453254e+02  -4.47114522e-04
   3.57453742e+02  -2.66230927e-04
   3.57454231e+02   7.13118498e-05
   3.57454719e+02   1.05865896e-04
   3.57455207e+02   2.57846041e-05
   3.57455695e+02   2.71662633e-04
   3.57456184e+02   1.51908200e-04
   3.57456672e+02  -2.93343153e-04
   3.57457160e+02  -5.72621357e-05
   3.57457649e+02   4.43858706e-04
   3.57458137e+02   4.48398059e-04
   3.57458625e+02  -1.09971254e-04
   3.57459114e+02  -5.16731467e-04
   3.57459602e+02  -4.57084185e-04
   3.57460090e+02  -7.05052051e-04
   3.57460579e+02  -1.08534319e-03
   3.57461067e+02  -9.55372059e-04
   3.57461555e+02  -3.58007528e-04
   3.57462043e+02   1.07209889e-04
   3.57462532e+02   9.99323765e-06
   3.57463020e+02  -2.89214047e-04
   3.57463508e+02  -4.57300543e-04
   3.57463997e+02  -4.12872760e-04
   3.57464485e+02  -3.10732285e-04
   3.57464973e+02  -6.51087903e-05
   3.57465462e+02   1.36499599e-04
   3.57465950e+02  -3.28203372e-04
   3.57466438e+02  -1.08745438e-03
   3.57466927e+02  -1.29798322e-03
   3.57467415e+02  -1.06865785e-03
   3.57467903e+02  -8.10947327e-04
   3.57468391e+02  -3.41122708e-04
   3.57468880e+02   3.40147846e-04
   3.57469368e+02   7.25162914e-04
   3.57469856e+02   5.86087350e-04
   3.57470345e+02   2.69934390e-04
   3.57470833e+02   1.81007217e-05
   3.57471321e+02  -3.55113189e-05
   3.57471810e+02   9.37710793e-05
   3.57472298e+02   5.81166148e-07
   3.57472786e+02  -3.60717822e-04
   3.57473275e+02  -5.36979816e-04
   3.57473763e+02  -2.31678889e-04
   3.57474251e+02   1.85920377e-04
   3.57474739e+02  -2.76466762e-05
   3.57475228e+02  -5.39910514e-04
   3.57475716e+02  -4.40612988e-04
   3.57476204e+02  -2.09297126e-04
   3.57476693e+02  -2.44097726e-04
   3.57477181e+02  -1.35923168e-04
   3.57477669e+02  -5.39380926e-05
   3.57478158e+02  -7.85526281e-05
   3.57478646e+02   9.19160520e-05
   3.57479134e+02   2.66330288e-04
   3.57479623e+02   1.61047908e-04
   3.57480111e+02  -5.15960892e-05
   3.57480599e+02  -5.88753937e-05
   3.57481087e+02   6.28767957e-05
   3.57481576e+02   1.85427067e-04
   3.57482064e+02   2.47611228e-04
   3.57482552e+02   2.21966577e-04
   3.57483041e+02   3.84272898e-05
   3.57483529e+02  -1.49584521e-04
   3.57484017e+02  -2.94600595e-05
   3.57484506e+02   1.68558472e-04
   3.57484994e+02  -2.10597500e-05
   3.57485482e+02  -4.38013260e-04
   3.57485971e+02  -5.98367653e-04
   3.57486459e+02  -4.20743600e-04
   3.57486947e+02  -5.91385797e-05
   3.57487436e+02   2.28442310e-04
   3.57487924e+02   5.36055340e-05
   3.57488412e+02  -2.18587702e-05
   3.57488900e+02   5.09276695e-04
   3.57489389e+02   8.06166499e-04
   3.57489877e+02   5.70091186e-04
   3.57490365e+02   3.02511675e-04
   3.57490854e+02   2.10360358e-05
   3.57491342e+02  -5.13688065e-06
   3.57491830e+02   2.42173992e-04
   3.57492319e+02   3.03795154e-04
   3.57492807e+02   2.95843172e-04
   3.57493295e+02   5.55908773e-04
   3.57493784e+02   9.26580688e-04
   3.57494272e+02   1.06987404e-03
   3.57494760e+02   8.52331519e-04
   3.57495248e+02   7.94152089e-04
   3.57495737e+02   9.16279794e-04
   3.57496225e+02   5.31189668e-04
   3.57496713e+02  -1.04077641e-04
   3.57497202e+02  -2.02043331e-04
   3.57497690e+02   1.86650694e-04
   3.57498178e+02   4.21360950e-04
   3.57498667e+02   1.57115326e-04
   3.57499155e+02  -3.58679128e-04
   3.57499643e+02  -6.76489261e-04
   3.57500132e+02  -5.96665428e-04
   3.57500620e+02  -4.44294623e-04
   3.57501108e+02  -3.85261985e-04
   3.57501596e+02  -2.33372717e-04
   3.57502085e+02  -1.01928286e-04
   3.57502573e+02  -5.91188436e-05
   3.57503061e+02  -1.84866687e-04
   3.57503550e+02  -4.84577293e-04
   3.57504038e+02  -1.14979259e-04
   3.57504526e+02   2.76669656e-04
   3.57505015e+02  -3.52532341e-04
   3.57505503e+02  -7.71777879e-04
   3.57505991e+02  -2.09064732e-04
   3.57506480e+02   4.00387711e-04
   3.57506968e+02   6.70513429e-04
   3.57507456e+02   6.84343569e-04
   3.57507944e+02   3.26396257e-04
   3.57508433e+02  -2.58598913e-04
   3.57508921e+02  -6.27493137e-04
   3.57509409e+02  -5.62451547e-04
   3.57509898e+02  -1.94410502e-04
   3.57510386e+02   1.39600714e-04
   3.57510874e+02   1.74467350e-04
   3.57511363e+02  -9.78994503e-05
   3.57511851e+02  -1.84108707e-04
   3.57512339e+02   2.03806630e-04
   3.57512828e+02   4.35257185e-04
   3.57513316e+02   4.50358784e-05
   3.57513804e+02  -4.14571870e-04
   3.57514292e+02  -7.79587892e-04
   3.57514781e+02  -1.26703922e-03
   3.57515269e+02  -1.10271212e-03
   3.57515757e+02  -4.19604301e-04
   3.57516246e+02  -2.13492662e-04
   3.57516734e+02  -3.59789614e-04
   3.57517222e+02  -4.82693198e-04
   3.57517711e+02  -3.35869350e-04
   3.57518199e+02   1.69010294e-04
   3.57518687e+02   4.63976437e-04
   3.57519176e+02   3.07210517e-04
   3.57519664e+02   7.78102913e-05
   3.57520152e+02   2.71947909e-04
   3.57520640e+02   6.86365995e-04
   3.57521129e+02   7.60078663e-04
   3.57521617e+02   6.62131235e-04
   3.57522105e+02   4.07237036e-04
   3.57522594e+02   1.11276473e-04
   3.57523082e+02   2.54354993e-04
   3.57523570e+02   3.20350984e-04
   3.57524059e+02  -2.43392678e-05
   3.57524547e+02  -1.93523476e-04
   3.57525035e+02  -2.13262989e-04
   3.57525524e+02  -3.68873560e-04
   3.57526012e+02  -6.06910849e-04
   3.57526500e+02  -7.61070463e-04
   3.57526989e+02  -5.34519553e-04
   3.57527477e+02  -5.65451228e-05
   3.57527965e+02   1.15750718e-05
   3.57528453e+02  -4.47877246e-04
   3.57528942e+02  -6.06492744e-04
   3.57529430e+02  -1.06852363e-04
   3.57529918e+02   3.04620015e-04
   3.57530407e+02   3.78594530e-04
   3.57530895e+02   4.12627473e-04
   3.57531383e+02   4.65279853e-04
   3.57531872e+02   3.65707005e-04
   3.57532360e+02   1.51568005e-04
   3.57532848e+02   3.32977856e-04
   3.57533337e+02   5.65870665e-04
   3.57533825e+02   3.00334679e-04
   3.57534313e+02   8.61377848e-05
   3.57534801e+02   1.49097003e-04
   3.57535290e+02   1.39656113e-04
   3.57535778e+02  -1.47632818e-04
   3.57536266e+02  -3.94090253e-04
   3.57536755e+02  -4.45765298e-04
   3.57537243e+02  -7.05621729e-04
   3.57537731e+02  -9.14618664e-04
   3.57538220e+02  -6.44987624e-04
   3.57538708e+02  -2.44444789e-04
   3.57539196e+02   3.70755151e-05
   3.57539685e+02  -1.94029672e-05
   3.57540173e+02  -5.74319798e-04
   3.57540661e+02  -9.37201432e-04
   3.57541149e+02  -4.65638004e-04
   3.57541638e+02   7.70942352e-05
   3.57542126e+02  -1.93134867e-04
   3.57542614e+02  -6.46087574e-04
   3.57543103e+02  -4.20138560e-04
   3.57543591e+02   1.37256386e-04
   3.57544079e+02   1.35127804e-04
   3.57544568e+02   1.88330858e-04
   3.57545056e+02   4.23306366e-04
   3.57545544e+02   6.88833941e-04
   3.57546033e+02   6.90834713e-04
   3.57546521e+02   4.24711820e-04
   3.57547009e+02   1.56978116e-04
   3.57547497e+02  -6.39800710e-05
   3.57547986e+02  -1.55869770e-04
   3.57548474e+02  -2.74857128e-04
   3.57548962e+02  -2.83885573e-04
   3.57549451e+02  -3.23533677e-05
   3.57549939e+02   1.95956789e-04
   3.57550427e+02   2.18597474e-04
   3.57550916e+02   1.41774857e-04
   3.57551404e+02   9.23608604e-05
   3.57551892e+02  -1.23801859e-04
   3.57552381e+02  -5.39893459e-04
   3.57552869e+02  -4.78995789e-04
   3.57553357e+02   1.75805762e-04
   3.57553845e+02   5.69273951e-04
   3.57554334e+02   3.22369713e-04
   3.57554822e+02  -2.37541335e-05
   3.57555310e+02  -3.19355662e-04
   3.57555799e+02  -3.74434050e-04
   3.57556287e+02  -2.28057572e-04
   3.57556775e+02  -2.44314899e-04
   3.57557264e+02  -5.00609749e-04
   3.57557752e+02  -6.49101508e-04
   3.57558240e+02  -4.87036305e-04
   3.57558729e+02  -1.60249605e-04
   3.57559217e+02   8.60277723e-05
   3.57559705e+02   2.65658833e-04
   3.57560193e+02   3.62262188e-04
   3.57560682e+02   1.28059342e-04
   3.57561170e+02   2.71652214e-04
   3.57561658e+02   8.42261361e-04
   3.57562147e+02   5.83687040e-04
   3.57562635e+02  -2.01755640e-04
   3.57563123e+02  -5.51741279e-04
   3.57563612e+02  -5.16049098e-04
   3.57564100e+02  -2.98315746e-04
   3.57564588e+02  -1.81693511e-04
   3.57565077e+02  -2.15028831e-05
   3.57565565e+02   2.77874147e-04
   3.57566053e+02   1.55104819e-04
   3.57566542e+02  -5.50436671e-05
   3.57567030e+02  -1.54869795e-05
   3.57567518e+02  -2.31663667e-04
   3.57568006e+02  -3.43967229e-04
   3.57568495e+02   5.90909531e-06
   3.57568983e+02   3.57812474e-04
   3.57569471e+02   3.57909215e-04
   3.57569960e+02   2.96388520e-04
   3.57570448e+02   3.68795532e-04
   3.57570936e+02   2.40145946e-05
   3.57571425e+02  -4.17528179e-04
   3.57571913e+02  -2.31597209e-04
   3.57572401e+02  -9.51783513e-05
   3.57572890e+02  -2.85924063e-04
   3.57573378e+02  -1.61530130e-04
   3.57573866e+02   2.10828672e-04
   3.57574354e+02   9.40874233e-05
   3.57574843e+02  -3.67998698e-04
   3.57575331e+02  -5.85574773e-04
   3.57575819e+02  -5.37195534e-04
   3.57576308e+02  -2.37779066e-04
   3.57576796e+02   3.50924383e-04
   3.57577284e+02   9.52195842e-04
   3.57577773e+02   1.07908086e-03
   3.57578261e+02   9.00878571e-04
   3.57578749e+02   6.24276930e-04
   3.57579238e+02   3.43715190e-04
   3.57579726e+02   4.53550892e-04
   3.57580214e+02   6.75735530e-04
   3.57580702e+02   7.03522004e-04
   3.57581191e+02   8.26352683e-04
   3.57581679e+02   7.37395021e-04
   3.57582167e+02   3.00679589e-04
   3.57582656e+02   4.79194277e-05
   3.57583144e+02   1.14248680e-04
   3.57583632e+02   3.70890863e-04
   3.57584121e+02   5.96391968e-04
   3.57584609e+02   4.18136129e-04
   3.57585097e+02   1.46277787e-04
   3.57585586e+02   1.08165856e-04
   3.57586074e+02   2.05560151e-04
   3.57586562e+02   3.28326219e-04
   3.57587050e+02   1.30168497e-04
   3.57587539e+02  -4.27757768e-04
   3.57588027e+02  -4.12114226e-04
   3.57588515e+02   6.45230539e-05
   3.57589004e+02   2.67628027e-04
   3.57589492e+02   3.04479356e-04
   3.57589980e+02  -1.45796643e-04
   3.57590469e+02  -7.89471494e-04
   3.57590957e+02  -6.26805646e-04
   3.57591445e+02  -1.28472297e-04
   3.57591934e+02   5.87251561e-05
   3.57592422e+02   2.85686372e-04
   3.57592910e+02   1.34156740e-04
   3.57593398e+02  -4.40548902e-04
   3.57593887e+02  -5.02743525e-04
   3.57594375e+02  -1.92631400e-04
   3.57594863e+02  -1.41108059e-04
   3.57595352e+02  -6.56169068e-05
   3.57595840e+02   2.86714458e-05
   3.57596328e+02  -5.94428784e-05
   3.57596817e+02  -2.12685336e-04
   3.57597305e+02  -2.36946362e-04
   3.57597793e+02  -4.19000025e-05
   3.57598282e+02  -1.03856313e-04
   3.57598770e+02  -2.68154545e-04
   3.57599258e+02   1.27193664e-04
   3.57599746e+02   6.73044124e-04
   3.57600235e+02   5.23925002e-04
   3.57600723e+02  -1.51478671e-04
   3.57601211e+02  -3.04510613e-04
   3.57601700e+02  -2.35270287e-04
   3.57602188e+02  -1.37134295e-04
   3.57602676e+02   4.45346726e-04
   3.57603165e+02   1.08623214e-03
   3.57603653e+02   1.21382624e-03
   3.57604141e+02   1.09577971e-03
   3.57604630e+02   5.81626722e-04
   3.57605118e+02   6.63799001e-05
   3.57605606e+02  -2.55246268e-04
   3.57606095e+02  -4.50494874e-04
   3.57606583e+02  -3.24334134e-04
   3.57607071e+02   7.20292373e-05
   3.57607559e+02   2.81524262e-04
   3.57608048e+02   2.43526287e-04
   3.57608536e+02   2.63010646e-04
   3.57609024e+02   5.40811161e-04
   3.57609513e+02   7.99117202e-04
   3.57610001e+02   4.67786449e-04
   3.57610489e+02  -2.03334072e-04
   3.57610978e+02  -5.76143619e-04
   3.57611466e+02  -5.79058367e-04
   3.57611954e+02  -9.46283835e-05
   3.57612443e+02   1.23865379e-04
   3.57612931e+02  -6.77556382e-05
   3.57613419e+02   2.75550934e-04
   3.57613907e+02   9.47626540e-04
   3.57614396e+02   1.07647490e-03
   3.57614884e+02   3.29201837e-04
   3.57615372e+02  -5.63321926e-04
   3.57615861e+02  -6.35985227e-04
   3.57616349e+02  -2.98561325e-04
   3.57616837e+02  -1.11582149e-05
   3.57617326e+02  -6.47584820e-05
   3.57617814e+02  -3.96652555e-04
   3.57618302e+02  -3.64470994e-04
   3.57618791e+02  -2.50904908e-04
   3.57619279e+02  -5.60110726e-04
   3.57619767e+02  -8.00233916e-04
   3.57620255e+02  -5.70721866e-04
   3.57620744e+02   2.69239128e-04
   3.57621232e+02   1.08087575e-03
   3.57621720e+02   8.83302302e-04
   3.57622209e+02   6.27265472e-05
   3.57622697e+02  -3.27758549e-04
   3.57623185e+02  -2.63171707e-04
   3.57623674e+02  -5.88989002e-04
   3.57624162e+02  -9.13452066e-04
   3.57624650e+02  -4.10481356e-04
   3.57625139e+02   2.42802314e-04
   3.57625627e+02   3.15347279e-04
   3.57626115e+02   2.18209207e-05
   3.57626603e+02  -2.24345742e-04
   3.57627092e+02  -4.10979381e-04
   3.57627580e+02  -3.05978319e-04
   3.57628068e+02   6.10384959e-05
   3.57628557e+02   4.91659099e-04
   3.57629045e+02   8.42943322e-04
   3.57629533e+02   7.59174931e-04
   3.57630022e+02   4.76843648e-04
   3.57630510e+02   2.23468771e-04
   3.57630998e+02  -2.19892245e-04
   3.57631487e+02  -3.73962597e-04
   3.57631975e+02  -4.74213273e-04
   3.57632463e+02  -6.36144658e-04
   3.57632951e+02  -2.84963957e-04
   3.57633440e+02   4.29386319e-06
   3.57633928e+02   6.13181037e-05
   3.57634416e+02   2.15603461e-04
   3.57634905e+02   2.40088149e-04
   3.57635393e+02   1.45915910e-04
   3.57635881e+02   2.84094367e-05
   3.57636370e+02   3.66406370e-04
   3.57636858e+02   9.55442025e-04
   3.57637346e+02   8.22209695e-04
   3.57637835e+02   2.85274378e-04
   3.57638323e+02   3.67905741e-04
   3.57638811e+02   7.63187127e-04
   3.57639299e+02   8.24607734e-04
   3.57639788e+02   4.58471884e-04
   3.57640276e+02  -1.40790085e-04
   3.57640764e+02  -2.79971835e-04
   3.57641253e+02  -7.98000474e-06
   3.57641741e+02   3.24259745e-05
   3.57642229e+02   5.15064923e-04
   3.57642718e+02   1.18540367e-03
   3.57643206e+02   1.15683582e-03
   3.57643694e+02   7.87473866e-04
   3.57644183e+02   3.78785713e-04
   3.57644671e+02   7.49799947e-05
   3.57645159e+02  -2.39338828e-04
   3.57645648e+02  -5.15271036e-04
   3.57646136e+02  -4.64638957e-04
   3.57646624e+02   1.13183605e-05
   3.57647112e+02   4.16907569e-04
   3.57647601e+02   3.40411207e-04
   3.57648089e+02  -1.09342841e-06
   3.57648577e+02  -6.02720465e-05
   3.57649066e+02   3.04525631e-04
   3.57649554e+02   5.33064362e-04
   3.57650042e+02   9.14333679e-04
   3.57650531e+02   1.47425733e-03
   3.57651019e+02   1.26553734e-03
   3.57651507e+02   5.85702714e-04
   3.57651996e+02   4.19192860e-04
   3.57652484e+02   3.12201999e-04
   3.57652972e+02   2.41218877e-04
   3.57653460e+02   4.56052017e-04
   3.57653949e+02   2.80686014e-04
   3.57654437e+02  -4.20818396e-04
   3.57654925e+02  -7.56366644e-04
   3.57655414e+02  -4.09768254e-04
   3.57655902e+02   1.50896158e-04
   3.57656390e+02   5.10274083e-04
   3.57656879e+02   6.72667695e-04
   3.57657367e+02   7.74250191e-04
   3.57657855e+02   3.66184220e-04
   3.57658344e+02  -3.92025795e-05
   3.57658832e+02   3.47213718e-05
   3.57659320e+02   2.12918549e-05
   3.57659808e+02  -9.59906683e-05
   3.57660297e+02  -9.59973258e-05
   3.57660785e+02   2.30729802e-05
   3.57661273e+02   4.87087353e-04
   3.57661762e+02   7.24144280e-04
   3.57662250e+02   1.46206308e-04
   3.57662738e+02  -4.71488820e-05
   3.57663227e+02   1.64059733e-04
   3.57663715e+02   1.66233236e-04
   3.57664203e+02   6.02150045e-04
   3.57664692e+02   6.71831891e-04
   3.57665180e+02  -1.42259814e-04
   3.57665668e+02  -3.10222473e-04
   3.57666156e+02   2.57920095e-04
   3.57666645e+02   3.11552663e-04
   3.57667133e+02   7.19153177e-05
   3.57667621e+02   3.81682097e-04
   3.57668110e+02   7.66770856e-04
   3.57668598e+02   5.44813287e-04
   3.57669086e+02   2.83952366e-04
   3.57669575e+02   5.65487775e-04
   3.57670063e+02   1.02247600e-03
   3.57670551e+02   8.56071478e-04
   3.57671040e+02  -7.57408343e-05
   3.57671528e+02  -9.97081050e-04
   3.57672016e+02  -1.09368889e-03
   3.57672504e+02  -4.05485247e-04
   3.57672993e+02   4.56552079e-04
   3.57673481e+02   5.67648560e-04
   3.57673969e+02  -3.17815167e-04
   3.57674458e+02  -1.18527154e-03
   3.57674946e+02  -1.04550202e-03
   3.57675434e+02  -2.98889849e-04
   3.57675923e+02   2.21632115e-04
   3.57676411e+02   2.69817567e-04
   3.57676899e+02  -3.15780257e-04
   3.57677388e+02  -8.69066571e-04
   3.57677876e+02  -7.79672351e-04
   3.57678364e+02  -4.97520610e-04
   3.57678852e+02  -3.46047193e-04
   3.57679341e+02  -2.58898595e-04
   3.57679829e+02  -5.78460313e-05
   3.57680317e+02   3.87250213e-04
   3.57680806e+02   5.66351868e-04
   3.57681294e+02   2.96767394e-04
   3.57681782e+02   1.16716328e-04
   3.57682271e+02   2.14081185e-04
   3.57682759e+02   3.20830208e-04
   3.57683247e+02   2.11320090e-04
   3.57683736e+02  -8.38784836e-05
   3.57684224e+02  -1.53395056e-04
   3.57684712e+02   3.00778833e-04
   3.57685200e+02   8.35553161e-04
   3.57685689e+02   7.25309772e-04
   3.57686177e+02   3.03276000e-04
   3.57686665e+02   2.67003168e-04
   3.57687154e+02   3.53434181e-04
   3.57687642e+02  -7.10759195e-05
   3.57688130e+02  -6.33287127e-04
   3.57688619e+02  -9.74507595e-04
   3.57689107e+02  -1.06325850e-03
   3.57689595e+02  -8.21354624e-04
   3.57690084e+02  -4.88166901e-04
   3.57690572e+02  -1.37143899e-04
   3.57691060e+02   1.85583689e-04
   3.57691549e+02   9.67888918e-05
   3.57692037e+02  -2.19477399e-04
   3.57692525e+02   2.92838627e-06
   3.57693013e+02   5.15402178e-04
   3.57693502e+02   3.05597903e-04
   3.57693990e+02  -4.57216316e-04
   3.57694478e+02  -7.59059156e-04
   3.57694967e+02  -3.84817104e-04
   3.57695455e+02  -8.01547430e-05
   3.57695943e+02  -1.72710570e-04
   3.57696432e+02  -1.38907300e-04
   3.57696920e+02  -1.16540323e-04
   3.57697408e+02   2.81282009e-05
   3.57697897e+02   4.13912872e-04
   3.57698385e+02   5.30121149e-04
   3.57698873e+02   4.24526486e-04
   3.57699361e+02   5.51513920e-04
   3.57699850e+02   6.04575500e-04
   3.57700338e+02   6.63260580e-05
   3.57700826e+02  -5.02149691e-04
   3.57701315e+02  -5.20439644e-04
   3.57701803e+02  -4.88359772e-04
   3.57702291e+02  -5.59781445e-04
   3.57702780e+02  -1.53861823e-04
   3.57703268e+02   3.52205650e-04
   3.57703756e+02   2.75439088e-04
   3.57704245e+02   1.70559259e-04
   3.57704733e+02   5.11512917e-04
   3.57705221e+02   7.02776131e-04
   3.57705709e+02   4.57051501e-04
   3.57706198e+02   2.05684279e-04
   3.57706686e+02   2.34513253e-04
   3.57707174e+02   1.91055879e-04
   3.57707663e+02  -1.87121288e-04
   3.57708151e+02  -3.48087749e-04
   3.57708639e+02  -2.26397624e-05
   3.57709128e+02   4.65548103e-04
   3.57709616e+02   6.96100760e-04
   3.57710104e+02   7.09275831e-04
   3.57710593e+02   5.93912380e-04
   3.57711081e+02   3.36617348e-04
   3.57711569e+02   3.03265755e-04
   3.57712057e+02   3.14902747e-04
   3.57712546e+02   1.32528352e-04
   3.57713034e+02   1.07569045e-04
   3.57713522e+02   3.26688256e-04
   3.57714011e+02   3.19642539e-04
   3.57714499e+02   1.76606758e-04
   3.57714987e+02   8.70094082e-05
   3.57715476e+02  -2.52928694e-05
   3.57715964e+02   7.33733323e-05
   3.57716452e+02   4.71364852e-04
   3.57716941e+02   8.20787274e-04
   3.57717429e+02   8.28095537e-04
   3.57717917e+02   6.31680188e-04
   3.57718405e+02   4.97564208e-04
   3.57718894e+02   3.38454673e-04
   3.57719382e+02   1.74926681e-04
   3.57719870e+02   1.90396531e-04
   3.57720359e+02   1.19245968e-04
   3.57720847e+02  -1.62730321e-05
   3.57721335e+02   4.59188959e-05
   3.57721824e+02   4.71720676e-04
   3.57722312e+02   5.62905334e-04
   3.57722800e+02   2.95610400e-04
   3.57723289e+02   3.78115510e-04
   3.57723777e+02   4.64201003e-04
   3.57724265e+02   4.44384350e-04
   3.57724753e+02   5.09227102e-04
   3.57725242e+02   6.28881739e-04
   3.57725730e+02   6.62202539e-04
   3.57726218e+02   5.05869626e-04
   3.57726707e+02   4.12383612e-04
   3.57727195e+02   4.13987233e-04
   3.57727683e+02   3.81706428e-04
   3.57728172e+02   1.23275866e-04
   3.57728660e+02  -9.47045555e-05
   3.57729148e+02  -7.16312497e-05
   3.57729637e+02  -9.05419802e-05
   3.57730125e+02  -1.15579787e-04
   3.57730613e+02   1.71690626e-05
   3.57731102e+02  -9.62173362e-06
   3.57731590e+02  -2.86829221e-04
   3.57732078e+02  -2.70117540e-04
   3.57732566e+02   2.99942276e-05
   3.57733055e+02   2.79473054e-04
   3.57733543e+02   3.70578491e-04
   3.57734031e+02   5.09295569e-05
   3.57734520e+02  -4.22157813e-04
   3.57735008e+02  -7.98280060e-04
   3.57735496e+02  -8.53129663e-04
   3.57735985e+02  -5.59065142e-04
   3.57736473e+02  -3.59258876e-04
   3.57736961e+02  -2.16658227e-04
   3.57737450e+02  -2.48125813e-04
   3.57737938e+02  -3.51218827e-04
   3.57738426e+02  -1.33322639e-04
   3.57738914e+02   1.36384449e-04
   3.57739403e+02   4.88912265e-05
   3.57739891e+02  -8.34528691e-05
   3.57740379e+02   1.44677513e-04
   3.57740868e+02   4.04240127e-04
   3.57741356e+02   5.91000833e-04
   3.57741844e+02   6.75361720e-04
   3.57742333e+02   6.34617929e-04
   3.57742821e+02   4.36882547e-04
   3.57743309e+02   4.66779829e-06
   3.57743798e+02  -3.13965575e-04
   3.57744286e+02  -3.60349135e-04
   3.57744774e+02  -1.88196930e-06
   3.57745262e+02   4.78391012e-04
   3.57745751e+02   5.73196448e-04
   3.57746239e+02   4.49598039e-04
   3.57746727e+02  -1.53318288e-05
   3.57747216e+02  -7.47603655e-04
   3.57747704e+02  -8.29708355e-04
   3.57748192e+02  -2.31035825e-04
   3.57748681e+02   1.86616759e-04
   3.57749169e+02   1.98482914e-04
   3.57749657e+02   1.88597071e-04
   3.57750146e+02   6.51070673e-04
   3.57750634e+02   9.57951474e-04
   3.57751122e+02   4.68748156e-04
   3.57751610e+02  -3.26811860e-04
   3.57752099e+02  -8.33592552e-04
   3.57752587e+02  -6.67530519e-04
   3.57753075e+02  -1.11027177e-04
   3.57753564e+02  -4.67951359e-05
   3.57754052e+02  -4.27665247e-04
   3.57754540e+02  -4.69006773e-04
   3.57755029e+02  -2.07210425e-04
   3.57755517e+02   1.00748250e-04
   3.57756005e+02   1.91077983e-04
   3.57756494e+02   1.19930692e-05
   3.57756982e+02   2.29158159e-05
   3.57757470e+02   2.23686729e-04
   3.57757958e+02   1.86255216e-04
   3.57758447e+02  -3.80240635e-05
   3.57758935e+02  -1.51459506e-04
   3.57759423e+02  -3.55186028e-04
   3.57759912e+02  -7.38593342e-04
   3.57760400e+02  -7.92207604e-04
   3.57760888e+02  -2.41934031e-04
   3.57761377e+02   2.16890767e-04
   3.57761865e+02  -6.58485733e-05
   3.57762353e+02  -1.68367536e-04
   3.57762842e+02   2.67937110e-04
   3.57763330e+02   4.10866021e-04
   3.57763818e+02   4.78215108e-04
   3.57764306e+02   8.35947110e-04
   3.57764795e+02   1.05884380e-03
   3.57765283e+02   7.37110327e-04
   3.57765771e+02   2.97046463e-05
   3.57766260e+02  -4.51369153e-04
   3.57766748e+02  -6.79011457e-04
   3.57767236e+02  -6.79661811e-04
   3.57767725e+02  -3.82660452e-04
   3.57768213e+02  -2.86345719e-04
   3.57768701e+02  -4.06143052e-04
   3.57769190e+02  -1.64533354e-04
   3.57769678e+02   4.35718510e-04
   3.57770166e+02   9.60727455e-04
   3.57770655e+02   7.94665306e-04
   3.57771143e+02   8.86478301e-05
   3.57771631e+02  -7.61896299e-05
   3.57772119e+02   9.13170734e-05
   3.57772608e+02  -9.84813596e-05
   3.57773096e+02  -2.66543560e-04
   3.57773584e+02  -3.73562012e-04
   3.57774073e+02  -5.35304542e-04
   3.57774561e+02  -1.70458661e-04
   3.57775049e+02   4.61718446e-04
   3.57775538e+02   6.71295624e-04
   3.57776026e+02   4.77775844e-04
   3.57776514e+02   1.43211582e-04
   3.57777003e+02   1.01404628e-04
   3.57777491e+02   2.60817411e-04
   3.57777979e+02   2.47976626e-04
   3.57778467e+02   3.73250019e-04
   3.57778956e+02   5.67089650e-04
   3.57779444e+02   3.55266326e-04
   3.57779932e+02   2.75192142e-05
   3.57780421e+02   2.21791415e-04
   3.57780909e+02   7.40741962e-04
   3.57781397e+02   9.13750264e-04
   3.57781886e+02   3.23502114e-04
   3.57782374e+02  -4.04077058e-04
   3.57782862e+02  -3.56358214e-04
   3.57783351e+02   3.04973539e-04
   3.57783839e+02   6.37754565e-04
   3.57784327e+02   9.47438093e-05
   3.57784815e+02  -4.84985503e-04
   3.57785304e+02  -5.40206151e-04
   3.57785792e+02  -2.92994519e-04
   3.57786280e+02   1.64171404e-04
   3.57786769e+02   2.52897094e-04
   3.57787257e+02  -3.58981662e-04
   3.57787745e+02  -6.87440333e-04
   3.57788234e+02  -4.31918859e-04
   3.57788722e+02  -8.69361756e-05
   3.57789210e+02  -1.12603826e-04
   3.57789699e+02  -2.04697018e-04
   3.57790187e+02   5.71052151e-05
   3.57790675e+02   1.91775980e-04
   3.57791163e+02   7.46692167e-05
   3.57791652e+02   1.62304408e-04
   3.57792140e+02   2.50212557e-04
   3.57792628e+02   7.76135421e-05
   3.57793117e+02  -2.18380999e-04
   3.57793605e+02  -5.92297700e-04
   3.57794093e+02  -5.60925808e-04
   3.57794582e+02  -2.93915044e-04
   3.57795070e+02  -4.14414506e-04
   3.57795558e+02  -3.66506516e-04
   3.57796047e+02  -1.59346582e-05
   3.57796535e+02  -3.10515257e-04
   3.57797023e+02  -5.89268107e-04
   3.57797511e+02  -3.72841401e-04
   3.57798000e+02  -5.84510912e-04
   3.57798488e+02  -9.16919496e-04
   3.57798976e+02  -4.53645189e-04
   3.57799465e+02   3.33434291e-04
   3.57799953e+02   5.77999512e-04
   3.57800441e+02   3.34451150e-04
   3.57800930e+02  -2.01057014e-06
   3.57801418e+02  -2.51255609e-04
   3.57801906e+02  -2.91905482e-04
   3.57802395e+02  -2.94461115e-05
   3.57802883e+02   3.84504005e-04
   3.57803371e+02   7.80436851e-04
   3.57803859e+02   8.80062929e-04
   3.57804348e+02   4.23321675e-04
   3.57804836e+02  -2.87008152e-04
   3.57805324e+02  -5.73864323e-04
   3.57805813e+02  -3.29859700e-04
   3.57806301e+02  -3.12482240e-04
   3.57806789e+02  -6.82969636e-04
   3.57807278e+02  -9.19903687e-04
   3.57807766e+02  -8.17301741e-04
   3.57808254e+02  -5.16662025e-04
   3.57808743e+02  -2.86844908e-04
   3.57809231e+02  -3.22573353e-04
   3.57809719e+02  -4.95927117e-04
   3.57810208e+02  -4.65475459e-04
   3.57810696e+02  -1.40620759e-04
   3.57811184e+02   2.41035523e-04
   3.57811672e+02   1.63049539e-04
   3.57812161e+02  -2.39988120e-04
   3.57812649e+02  -4.05761530e-04
   3.57813137e+02  -4.21480101e-04
   3.57813626e+02  -3.53569601e-04
   3.57814114e+02  -4.14961163e-04
   3.57814602e+02  -6.54585252e-04
   3.57815091e+02  -4.71344014e-04
   3.57815579e+02  -7.86847704e-06
   3.57816067e+02   2.99676962e-04
   3.57816556e+02   7.10145978e-04
   3.57817044e+02   1.15548808e-03
   3.57817532e+02   1.04091596e-03
   3.57818020e+02   2.29644211e-04
   3.57818509e+02  -4.37509501e-04
   3.57818997e+02  -6.17111218e-04
   3.57819485e+02  -6.85823790e-04
   3.57819974e+02  -8.18565430e-04
   3.57820462e+02  -8.19100882e-04
   3.57820950e+02  -4.89790342e-04
   3.57821439e+02  -3.68934183e-04
   3.57821927e+02  -5.10583515e-04
   3.57822415e+02  -6.25256449e-04
   3.57822904e+02  -7.52152933e-04
   3.57823392e+02  -6.92063186e-04
   3.57823880e+02  -2.27870143e-04
   3.57824368e+02  -1.04252402e-04
   3.57824857e+02  -6.13724929e-04
   3.57825345e+02  -7.91687809e-04
   3.57825833e+02  -4.11991088e-04
   3.57826322e+02   4.36697919e-05
   3.57826810e+02   4.16964438e-04
   3.57827298e+02   3.12304124e-04
   3.57827787e+02   1.79132949e-05
   3.57828275e+02  -2.94232392e-04
   3.57828763e+02  -6.14125456e-04
   3.57829252e+02  -4.17045288e-04
   3.57829740e+02   3.54623262e-05
   3.57830228e+02   4.74887784e-05
   3.57830716e+02  -4.01751342e-04
   3.57831205e+02  -9.15154058e-04
   3.57831693e+02  -7.14384252e-04
   3.57832181e+02   1.78798538e-04
   3.57832670e+02   6.57811994e-04
   3.57833158e+02   6.00719475e-04
   3.57833646e+02   4.33805952e-04
   3.57834135e+02  -2.42058275e-04
   3.57834623e+02  -9.47557623e-04
   3.57835111e+02  -8.29606492e-04
   3.57835600e+02  -3.82078433e-04
   3.57836088e+02  -2.82041787e-04
   3.57836576e+02  -4.99808928e-04
   3.57837064e+02  -6.88416359e-04
   3.57837553e+02  -7.21658726e-05
   3.57838041e+02   2.88038951e-04
   3.57838529e+02  -1.28178290e-04
   3.57839018e+02  -4.62492055e-04
   3.57839506e+02  -2.48558761e-04
   3.57839994e+02  -6.58242279e-05
   3.57840483e+02  -4.50245716e-04
   3.57840971e+02  -8.90292577e-04
   3.57841459e+02  -7.74290878e-04
   3.57841948e+02  -1.90869134e-04
   3.57842436e+02   1.24381913e-04
   3.57842924e+02  -1.48904828e-05
   3.57843412e+02  -2.39867819e-04
   3.57843901e+02  -2.63367489e-04
   3.57844389e+02  -2.33978921e-04
   3.57844877e+02  -5.91978489e-04
   3.57845366e+02  -7.61353935e-04
   3.57845854e+02  -2.25495140e-04
   3.57846342e+02   1.87373022e-04
   3.57846831e+02  -3.87327345e-05
   3.57847319e+02  -3.76460899e-04
   3.57847807e+02  -4.10400477e-04
   3.57848296e+02  -5.58240921e-04
   3.57848784e+02  -9.25756001e-04
   3.57849272e+02  -9.06826986e-04
   3.57849761e+02  -7.29139661e-04
   3.57850249e+02  -4.28806903e-04
   3.57850737e+02   1.20709999e-04
   3.57851225e+02   2.76378327e-04
   3.57851714e+02   9.54524876e-05
   3.57852202e+02   5.68830110e-05
   3.57852690e+02   8.82475342e-06
   3.57853179e+02  -1.04834631e-04
   3.57853667e+02   8.69505966e-05
   3.57854155e+02   4.34965972e-04
   3.57854644e+02   2.65314942e-04
   3.57855132e+02   1.94538607e-05
   3.57855620e+02   1.78475268e-04
   3.57856109e+02   2.33315019e-04
   3.57856597e+02   1.21661724e-04
   3.57857085e+02  -3.25801739e-05
   3.57857573e+02  -1.80595453e-04
   3.57858062e+02  -1.90217077e-04
   3.57858550e+02   6.05065397e-05
   3.57859038e+02   4.00524092e-04
   3.57859527e+02   4.73850261e-04
   3.57860015e+02   3.41957755e-04
   3.57860503e+02   1.96109278e-04
   3.57860992e+02   1.14546150e-04
   3.57861480e+02  -9.51160036e-05
   3.57861968e+02  -2.61811161e-04
   3.57862457e+02  -4.14675242e-06
   3.57862945e+02   8.65032562e-05
   3.57863433e+02  -4.05822066e-04
   3.57863921e+02  -7.45902304e-04
   3.57864410e+02  -4.98889654e-04
   3.57864898e+02   1.29769949e-04
   3.57865386e+02   5.57464024e-04
   3.57865875e+02   4.05554456e-04
   3.57866363e+02  -6.58868667e-05
   3.57866851e+02  -4.91179351e-04
   3.57867340e+02  -7.16320879e-04
   3.57867828e+02  -6.05965906e-04
   3.57868316e+02  -3.76118609e-04
   3.57868805e+02  -2.22680610e-04
   3.57869293e+02  -2.91385164e-04
   3.57869781e+02  -4.24738129e-04
   3.57870269e+02  -2.03332864e-04
   3.57870758e+02   3.46815417e-04
   3.57871246e+02   7.09776126e-04
   3.57871734e+02   5.35849307e-04
   3.57872223e+02   2.14255851e-04
   3.57872711e+02  -3.38669156e-06
   3.57873199e+02   1.84514811e-05
   3.57873688e+02   1.54741865e-04
   3.57874176e+02  -1.74366578e-05
   3.57874664e+02  -2.37293105e-04
   3.57875153e+02  -1.30396555e-04
   3.57875641e+02   4.15989280e-06
   3.57876129e+02  -6.31449366e-05
   3.57876617e+02  -3.19926592e-04
   3.57877106e+02  -5.15054329e-04
   3.57877594e+02  -4.27297695e-04
   3.57878082e+02  -2.25798110e-04
   3.57878571e+02  -2.30388268e-05
   3.57879059e+02   7.64371944e-05
   3.57879547e+02   1.01412325e-05
   3.57880036e+02   1.06866673e-06
   3.57880524e+02  -7.23115227e-05
   3.57881012e+02  -6.01819920e-05
   3.57881501e+02   1.43989892e-04
   3.57881989e+02   9.88379834e-05
   3.57882477e+02   1.69854044e-04
   3.57882965e+02   4.96597029e-04
   3.57883454e+02   7.19055824e-04
   3.57883942e+02   9.99762560e-04
   3.57884430e+02   9.66784777e-04
   3.57884919e+02   6.85355917e-04
   3.57885407e+02   5.73272235e-04
   3.57885895e+02   1.59482632e-04
   3.57886384e+02  -5.20648609e-04
   3.57886872e+02  -4.61079180e-04
   3.57887360e+02   5.79104963e-05
   3.57887849e+02   1.96260778e-04
   3.57888337e+02   2.00826209e-04
   3.57888825e+02   1.92273539e-04
   3.57889314e+02   1.36591225e-05
   3.57889802e+02  -1.55429312e-04
   3.57890290e+02  -1.68026119e-04
   3.57890778e+02  -6.60739215e-06
   3.57891267e+02   3.19525930e-06
   3.57891755e+02  -2.71716563e-04
   3.57892243e+02  -4.54482535e-04
   3.57892732e+02  -3.05155787e-04
   3.57893220e+02  -1.69842417e-04
   3.57893708e+02  -3.27587768e-05
   3.57894197e+02   9.96564922e-05
   3.57894685e+02  -1.01404657e-04
   3.57895173e+02  -4.38102608e-04
   3.57895662e+02  -3.96399235e-04
   3.57896150e+02   8.37888947e-05
   3.57896638e+02   1.07920110e-04
   3.57897126e+02  -1.68193219e-04
   3.57897615e+02  -6.07688053e-05
   3.57898103e+02   1.49850341e-04
   3.57898591e+02   1.44071601e-04
   3.57899080e+02   2.11634338e-04
   3.57899568e+02   3.71163391e-04
   3.57900056e+02   2.98537750e-04
   3.57900545e+02   2.35477724e-04
   3.57901033e+02   4.30035172e-04
   3.57901521e+02   4.40177566e-04
   3.57902010e+02   1.64119658e-04
   3.57902498e+02  -1.27542182e-04
   3.57902986e+02  -3.52566742e-04
   3.57903474e+02  -3.87231004e-04
   3.57903963e+02  -2.43376111e-04
   3.57904451e+02  -3.27349786e-04
   3.57904939e+02  -5.84615220e-04
   3.57905428e+02  -3.44482251e-04
   3.57905916e+02   1.67544946e-04
   3.57906404e+02   6.53114286e-04
   3.57906893e+02   1.07444345e-03
   3.57907381e+02   1.32382440e-03
   3.57907869e+02   1.25176122e-03
   3.57908358e+02   6.26149529e-04
   3.57908846e+02  -2.42412007e-05
   3.57909334e+02  -1.62535987e-04
   3.57909822e+02  -2.78477790e-04
   3.57910311e+02  -2.66925112e-04
   3.57910799e+02   1.28527739e-04
   3.57911287e+02   5.20507398e-04
   3.57911776e+02   6.98158401e-04
   3.57912264e+02   5.46186347e-04
   3.57912752e+02   5.83846413e-05
   3.57913241e+02  -1.83717755e-04
   3.57913729e+02   1.86039862e-04
   3.57914217e+02   5.98275685e-04
   3.57914706e+02   2.24896896e-04
   3.57915194e+02  -4.04482562e-04
   3.57915682e+02  -4.51080326e-04
   3.57916170e+02  -2.21833121e-04
   3.57916659e+02  -1.71224674e-04
   3.57917147e+02  -4.31809516e-04
   3.57917635e+02  -8.67430354e-04
   3.57918124e+02  -1.05558429e-03
   3.57918612e+02  -7.10933295e-04
   3.57919100e+02  -1.64255864e-04
   3.57919589e+02   1.09848923e-04
   3.57920077e+02   1.60868716e-04
   3.57920565e+02   8.94257028e-05
   3.57921054e+02  -1.05552193e-04
   3.57921542e+02  -2.57978856e-04
   3.57922030e+02  -3.42167419e-04
   3.57922518e+02  -4.30183572e-04
   3.57923007e+02  -1.67821810e-04
   3.57923495e+02   3.24368651e-04
   3.57923983e+02   2.77761428e-04
   3.57924472e+02  -1.64921257e-05
   3.57924960e+02   4.22160410e-05
   3.57925448e+02   2.31234124e-04
   3.57925937e+02   2.21068130e-05
   3.57926425e+02  -3.65508313e-04
   3.57926913e+02  -2.51909136e-04
   3.57927402e+02  -1.22450700e-04
   3.57927890e+02  -3.14749574e-04
   3.57928378e+02  -3.43542662e-04
   3.57928867e+02  -2.69428972e-04
   3.57929355e+02  -2.85249553e-04
   3.57929843e+02  -2.35868196e-04
   3.57930331e+02  -1.77741895e-04
   3.57930820e+02  -3.61178041e-04
   3.57931308e+02  -6.42499828e-04
   3.57931796e+02  -7.47423619e-04
   3.57932285e+02  -7.27260951e-04
   3.57932773e+02  -6.62025821e-04
   3.57933261e+02  -4.19504824e-04
   3.57933750e+02  -1.19599114e-04
   3.57934238e+02  -4.82680343e-06
   3.57934726e+02  -7.20817989e-05
   3.57935215e+02  -5.54384169e-05
   3.57935703e+02  -2.21633454e-05
   3.57936191e+02  -2.56434723e-04
   3.57936679e+02  -2.46888201e-04
   3.57937168e+02   1.73143650e-04
   3.57937656e+02   7.14992348e-05
   3.57938144e+02  -4.52861743e-04
   3.57938633e+02  -4.87666723e-04
   3.57939121e+02  -3.72529990e-04
   3.57939609e+02  -5.27266471e-04
   3.57940098e+02  -2.27185054e-04
   3.57940586e+02   2.15553664e-04
   3.57941074e+02   2.17482302e-04
   3.57941563e+02   3.94096918e-04
   3.57942051e+02   4.72668820e-04
   3.57942539e+02   1.12982843e-05
   3.57943027e+02  -1.00556143e-04
   3.57943516e+02   1.73918015e-04
   3.57944004e+02   1.15365321e-04
   3.57944492e+02  -2.95656519e-05
   3.57944981e+02   7.00770543e-05
   3.57945469e+02   7.66694284e-05
   3.57945957e+02  -8.17533146e-05
   3.57946446e+02  -1.39638578e-04
   3.57946934e+02  -1.16548938e-04
   3.57947422e+02  -1.06826310e-05
   3.57947911e+02   1.80056275e-04
   3.57948399e+02   2.89185584e-04
   3.57948887e+02   2.13290172e-04
   3.57949375e+02  -3.18633793e-05
   3.57949864e+02  -1.31195760e-04
   3.57950352e+02  -1.21301789e-04
   3.57950840e+02  -2.35651401e-04
   3.57951329e+02   5.87269506e-06
   3.57951817e+02   6.07659633e-04
   3.57952305e+02   7.36101705e-04
   3.57952794e+02   5.00281574e-04
   3.57953282e+02   4.68905142e-04
   3.57953770e+02   4.79452923e-04
   3.57954259e+02   5.09768899e-04
   3.57954747e+02   2.56214087e-04
   3.57955235e+02  -3.23377986e-04
   3.57955723e+02  -8.56787665e-04
   3.57956212e+02  -1.16901868e-03
   3.57956700e+02  -8.17272114e-04
   3.57957188e+02   1.51252607e-04
   3.57957677e+02   7.48860883e-04
   3.57958165e+02   4.08762164e-04
   3.57958653e+02  -1.15000155e-04
   3.57959142e+02  -5.59639993e-05
   3.57959630e+02   1.20527329e-04
   3.57960118e+02  -1.27035368e-04
   3.57960607e+02  -2.92241253e-04
   3.57961095e+02  -2.68254749e-04
   3.57961583e+02  -2.81294342e-04
   3.57962071e+02   1.24577535e-04
   3.57962560e+02   5.43990522e-04
   3.57963048e+02   1.44359248e-04
   3.57963536e+02  -5.11303777e-04
   3.57964025e+02  -6.05333422e-04
   3.57964513e+02  -4.28641884e-04
   3.57965001e+02  -3.33568576e-04
   3.57965490e+02  -2.39485453e-04
   3.57965978e+02   1.87443991e-04
   3.57966466e+02   4.50817926e-04
   3.57966955e+02   1.38750009e-04
   3.57967443e+02  -3.42921383e-04
   3.57967931e+02  -5.77407947e-04
   3.57968420e+02  -5.05763048e-04
   3.57968908e+02  -7.57075250e-05
   3.57969396e+02   4.27262770e-04
   3.57969884e+02   3.78596393e-04
   3.57970373e+02   1.73154156e-04
   3.57970861e+02   3.36822559e-04
   3.57971349e+02   2.45681324e-04
   3.57971838e+02  -2.84737675e-04
   3.57972326e+02  -4.22166922e-04
   3.57972814e+02  -3.44281871e-04
   3.57973303e+02  -5.27906755e-04
   3.57973791e+02  -6.35352160e-04
   3.57974279e+02  -4.72244108e-04
   3.57974768e+02  -2.92271958e-04
   3.57975256e+02  -2.00784110e-04
   3.57975744e+02  -3.45208071e-04
   3.57976232e+02  -7.61319767e-04
   3.57976721e+02  -7.53813307e-04
   3.57977209e+02  -1.16620518e-04
   3.57977697e+02   1.73769862e-04
   3.57978186e+02   1.29679220e-05
   3.57978674e+02   2.85700109e-04
   3.57979162e+02   8.12684768e-04
   3.57979651e+02   9.47835972e-04
   3.57980139e+02   5.66834409e-04
   3.57980627e+02   1.22942802e-04
   3.57981116e+02   1.42057426e-04
   3.57981604e+02   2.48876022e-04
   3.57982092e+02   2.17872686e-04
   3.57982580e+02   4.60395881e-04
   3.57983069e+02   7.46012258e-04
   3.57983557e+02   7.62600335e-04
   3.57984045e+02   7.28677143e-04
   3.57984534e+02   4.87519515e-04
   3.57985022e+02   3.18766339e-04
   3.57985510e+02   5.74368052e-04
   3.57985999e+02   5.04067459e-04
   3.57986487e+02   1.62167285e-04
   3.57986975e+02   2.92591867e-04
   3.57987464e+02   3.06631729e-04
   3.57987952e+02  -8.94076802e-05
   3.57988440e+02  -4.92213236e-04
   3.57988928e+02  -7.09932472e-04
   3.57989417e+02  -3.80823854e-04
   3.57989905e+02   3.45642911e-05
   3.57990393e+02  -1.10391768e-04
   3.57990882e+02  -3.72249866e-04
   3.57991370e+02  -1.59159026e-04
   3.57991858e+02   3.46789428e-04
   3.57992347e+02   4.06679988e-04
   3.57992835e+02   1.22376470e-04
   3.57993323e+02   1.19229851e-04
   3.57993812e+02   4.30447166e-04
   3.57994300e+02   7.09805172e-04
   3.57994788e+02   5.14848565e-04
   3.57995276e+02  -2.34379659e-05
   3.57995765e+02  -1.10819958e-04
   3.57996253e+02   2.43058967e-05
   3.57996741e+02   9.47576045e-05
   3.57997230e+02   5.71133976e-04
   3.57997718e+02   6.72155991e-04
   3.57998206e+02   1.25692517e-04
   3.57998695e+02   1.60055948e-04
   3.57999183e+02   5.13937615e-04
   3.57999671e+02   2.64640024e-04
   3.58000160e+02  -2.78099615e-04
   3.58000648e+02  -5.75966667e-04
   3.58001136e+02  -1.02577964e-03
   3.58001624e+02  -1.42655580e-03
   3.58002113e+02  -8.03679985e-04
   3.58002601e+02  -1.85588928e-04
   3.58003089e+02  -3.74536845e-04
   3.58003578e+02  -2.37013941e-04
   3.58004066e+02   4.01078069e-05
   3.58004554e+02   2.06729383e-04
   3.58005043e+02   7.51506828e-04
   3.58005531e+02   1.00361439e-03
   3.58006019e+02   5.46947238e-04
   3.58006508e+02   2.01658186e-05
   3.58006996e+02  -1.72786138e-04
   3.58007484e+02  -8.63215973e-05
   3.58007973e+02   1.50556501e-04
   3.58008461e+02   4.45371043e-05
   3.58008949e+02  -4.32016968e-04
   3.58009437e+02  -4.96894470e-04
   3.58009926e+02  -3.33218457e-04
   3.58010414e+02  -3.38081067e-04
   3.58010902e+02  -3.63334111e-04
   3.58011391e+02  -2.71634141e-04
   3.58011879e+02  -1.29897191e-04
   3.58012367e+02  -1.92308158e-04
   3.58012856e+02  -3.80487152e-04
   3.58013344e+02   1.38527277e-04
   3.58013832e+02   6.67825399e-04
   3.58014321e+02   3.88639019e-04
   3.58014809e+02  -3.61384649e-04
   3.58015297e+02  -6.49080204e-04
   3.58015785e+02  -3.78851604e-04
   3.58016274e+02   7.01901226e-05
   3.58016762e+02   1.78164555e-04
   3.58017250e+02  -3.90299501e-05
   3.58017739e+02  -1.98333637e-05
   3.58018227e+02  -1.14518596e-04
   3.58018715e+02  -6.22343214e-04
   3.58019204e+02  -7.18117517e-04
   3.58019692e+02  -3.88059096e-04
   3.58020180e+02  -1.12281530e-04
   3.58020669e+02   1.81304931e-05
   3.58021157e+02  -1.22865327e-04
   3.58021645e+02  -1.65066100e-04
   3.58022133e+02   2.57583106e-05
   3.58022622e+02   1.00412180e-04
   3.58023110e+02   6.07882685e-05
   3.58023598e+02   3.76664975e-05
   3.58024087e+02   2.07242279e-04
   3.58024575e+02   3.56298551e-04
   3.58025063e+02   5.60302928e-04
   3.58025552e+02   8.02223512e-04
   3.58026040e+02   6.25611399e-04
   3.58026528e+02   2.66104820e-04
   3.58027017e+02   2.76734703e-04
   3.58027505e+02   4.73707856e-04
   3.58027993e+02   5.85557485e-04
   3.58028481e+02   5.47511561e-04
   3.58028970e+02   2.37508822e-04
   3.58029458e+02   9.71001282e-05
   3.58029946e+02   9.46570071e-05
   3.58030435e+02   3.59905622e-04
   3.58030923e+02   8.86028807e-04
   3.58031411e+02   6.23579952e-04
   3.58031900e+02  -9.02255342e-05
   3.58032388e+02  -2.11203151e-04
   3.58032876e+02   2.38299122e-04
   3.58033365e+02   5.55038394e-04
   3.58033853e+02   3.07861163e-04
   3.58034341e+02  -2.19068257e-04
   3.58034829e+02  -5.28153090e-04
   3.58035318e+02  -5.15012420e-04
   3.58035806e+02  -3.17207479e-04
   3.58036294e+02  -1.60092895e-04
   3.58036783e+02  -2.75166676e-04
   3.58037271e+02  -1.43628509e-04
   3.58037759e+02   2.53758655e-04
   3.58038248e+02   1.19644290e-04
   3.58038736e+02  -1.34066606e-04
   3.58039224e+02  -1.18426644e-04
   3.58039713e+02  -3.73367599e-04
   3.58040201e+02  -6.07725175e-04
   3.58040689e+02  -3.28034075e-04
   3.58041177e+02  -3.26531474e-04
   3.58041666e+02  -6.52608171e-04
   3.58042154e+02  -3.54532764e-04
   3.58042642e+02  -9.49816967e-05
   3.58043131e+02  -4.74494445e-04
   3.58043619e+02  -6.78252138e-04
   3.58044107e+02  -1.47529267e-04
   3.58044596e+02   6.87218213e-04
   3.58045084e+02   1.03463372e-03
   3.58045572e+02   7.65038654e-04
   3.58046061e+02   3.23496497e-04
   3.58046549e+02  -7.53194254e-05
   3.58047037e+02  -6.85571213e-05
   3.58047526e+02   1.52671855e-04
   3.58048014e+02   1.10462215e-05
   3.58048502e+02  -2.83492205e-04
   3.58048990e+02  -1.35703114e-04
   3.58049479e+02   3.43501655e-04
   3.58049967e+02   4.87311918e-04
   3.58050455e+02   1.01954247e-04
   3.58050944e+02  -2.79929722e-04
   3.58051432e+02  -2.47917342e-04
   3.58051920e+02   8.39920758e-05
   3.58052409e+02   6.79553050e-05
   3.58052897e+02   7.61648926e-06
   3.58053385e+02  -5.52669371e-05
   3.58053874e+02  -3.58872116e-04
   3.58054362e+02  -3.30137467e-04
   3.58054850e+02  -6.00078383e-05
   3.58055338e+02  -6.22726147e-05
   3.58055827e+02  -2.93466728e-04
   3.58056315e+02  -5.29473647e-04
   3.58056803e+02  -6.86129555e-04
   3.58057292e+02  -6.51124166e-04
   3.58057780e+02  -8.90991068e-04
   3.58058268e+02  -1.07413717e-03
   3.58058757e+02  -4.14369482e-04
   3.58059245e+02   3.85980762e-04
   3.58059733e+02   4.78545873e-04
   3.58060222e+02   9.49077003e-05
   3.58060710e+02  -2.21519353e-04
   3.58061198e+02  -3.16388177e-04
   3.58061686e+02  -3.43526044e-04
   3.58062175e+02  -3.51316645e-04
   3.58062663e+02  -3.51078226e-04
   3.58063151e+02  -2.58059590e-04
   3.58063640e+02  -1.86743855e-04
   3.58064128e+02  -3.82969389e-04
   3.58064616e+02  -8.26325093e-04
   3.58065105e+02  -7.27168692e-04
   3.58065593e+02  -1.07580789e-04
   3.58066081e+02   6.35589140e-06
   3.58066570e+02   1.61993967e-06
   3.58067058e+02   3.58823541e-04
   3.58067546e+02   5.09445439e-04
   3.58068034e+02   3.80912796e-04
   3.58068523e+02   2.77038896e-04
   3.58069011e+02   3.00660293e-04
   3.58069499e+02   3.55986529e-04
   3.58069988e+02   5.27858385e-04
   3.58070476e+02   4.24236438e-04
