frequency (GHz), flux (Jy/beam)
   3.57803379e+02  -1.87891404e-04
   3.57803867e+02   1.85986719e-04
   3.57804356e+02   9.44553234e-04
   3.57804844e+02   1.08010066e-03
   3.57805332e+02   6.74877723e-04
   3.57805821e+02   4.73781256e-04
   3.57806309e+02   2.83723173e-04
   3.57806797e+02   5.45928837e-04
   3.57807285e+02   1.14858313e-03
   3.57807774e+02   1.04168162e-03
   3.57808262e+02   8.41421832e-04
   3.57808750e+02   8.28784832e-04
   3.57809239e+02   8.88143783e-04
   3.57809727e+02   7.49858154e-04
   3.57810215e+02   4.14062524e-04
   3.57810704e+02  -1.92399675e-05
   3.57811192e+02  -4.60608047e-04
   3.57811680e+02  -4.89625905e-04
   3.57812169e+02  -2.97451508e-04
   3.57812657e+02   5.05731296e-05
   3.57813145e+02   3.68012028e-04
   3.57813633e+02   3.39400685e-05
   3.57814122e+02  -1.06453453e-03
   3.57814610e+02  -1.27993780e-03
   3.57815098e+02  -2.40551977e-04
   3.57815587e+02   2.68908014e-04
   3.57816075e+02   1.48778548e-04
   3.57816563e+02   1.10540554e-04
   3.57817052e+02   3.41174687e-04
   3.57817540e+02   6.32016396e-04
   3.57818028e+02   6.92877104e-04
   3.57818517e+02   2.28801160e-04
   3.57819005e+02  -4.70735249e-04
   3.57819493e+02  -5.72905701e-04
   3.57819981e+02  -1.34949907e-04
   3.57820470e+02   4.59344068e-04
   3.57820958e+02   9.36345081e-04
   3.57821446e+02   8.84865876e-04
   3.57821935e+02   4.87327547e-04
   3.57822423e+02   1.00988713e-04
   3.57822911e+02   1.25163919e-04
   3.57823400e+02   4.34261427e-04
   3.57823888e+02   5.63852140e-04
   3.57824376e+02   2.53541308e-04
   3.57824865e+02  -3.53749114e-04
   3.57825353e+02  -5.17136184e-04
   3.57825841e+02  -1.00784899e-04
   3.57826330e+02   4.39795112e-04
   3.57826818e+02   5.79130952e-04
   3.57827306e+02   4.90423874e-04
   3.57827794e+02   4.99004906e-04
   3.57828283e+02   3.44348256e-04
   3.57828771e+02   3.58696736e-04
   3.57829259e+02   6.89693436e-04
   3.57829748e+02   6.43028645e-04
   3.57830236e+02   2.89862772e-04
   3.57830724e+02  -3.19922947e-05
   3.57831213e+02  -9.36786000e-06
   3.57831701e+02   2.53664242e-04
   3.57832189e+02   2.85652670e-04
   3.57832678e+02   3.26917012e-04
   3.57833166e+02   4.92942519e-04
   3.57833654e+02   3.51321534e-04
   3.57834142e+02   3.52989126e-04
   3.57834631e+02   7.69159233e-04
   3.57835119e+02   8.96747399e-04
   3.57835607e+02   3.83415405e-04
   3.57836096e+02  -3.88341723e-05
   3.57836584e+02  -8.65856418e-05
   3.57837072e+02   1.81133910e-05
   3.57837561e+02   1.71149091e-04
   3.57838049e+02   1.73439519e-04
   3.57838537e+02   2.48570461e-04
   3.57839026e+02   1.89968196e-04
   3.57839514e+02  -4.00745805e-04
   3.57840002e+02  -6.89102453e-04
   3.57840490e+02  -7.50631807e-05
   3.57840979e+02   4.55256784e-04
   3.57841467e+02   3.46161512e-04
   3.57841955e+02   1.35729613e-04
   3.57842444e+02   4.51673168e-06
   3.57842932e+02   1.41069890e-04
   3.57843420e+02   4.21071338e-04
   3.57843909e+02   2.93923920e-04
   3.57844397e+02   2.67067342e-04
   3.57844885e+02   3.50504386e-04
   3.57845374e+02   9.61540536e-06
   3.57845862e+02  -1.80727056e-05
   3.57846350e+02   4.91449260e-04
   3.57846838e+02   6.10688352e-04
   3.57847327e+02   1.36112736e-04
   3.57847815e+02  -1.16582436e-04
   3.57848303e+02  -4.35279471e-05
   3.57848792e+02   9.80613822e-06
   3.57849280e+02  -2.31935570e-04
   3.57849768e+02  -3.53666983e-04
   3.57850257e+02   6.64518375e-05
   3.57850745e+02  -1.65196238e-04
   3.57851233e+02  -9.03220673e-04
   3.57851722e+02  -9.49613284e-04
   3.57852210e+02  -7.84397533e-04
   3.57852698e+02  -5.20231784e-04
   3.57853186e+02  -3.13908851e-04
   3.57853675e+02  -4.11804329e-04
   3.57854163e+02  -2.33438463e-04
   3.57854651e+02  -9.93679714e-05
   3.57855140e+02   1.82474832e-04
   3.57855628e+02   8.58992164e-04
   3.57856116e+02   1.20760570e-03
   3.57856605e+02   1.03617529e-03
   3.57857093e+02   1.90799867e-04
   3.57857581e+02  -7.46151200e-04
   3.57858070e+02  -5.82853099e-04
   3.57858558e+02   2.37867280e-04
   3.57859046e+02   3.70785769e-04
   3.57859534e+02  -4.87084937e-04
   3.57860023e+02  -8.76318547e-04
   3.57860511e+02   2.13559746e-04
   3.57860999e+02   3.28318070e-04
   3.57861488e+02   3.27241665e-04
   3.57861976e+02   4.18268028e-04
   3.57862464e+02  -1.46290884e-04
   3.57862953e+02  -7.91773840e-04
   3.57863441e+02  -6.20244129e-04
   3.57863929e+02  -2.40443755e-04
   3.57864418e+02  -2.50027282e-04
   3.57864906e+02  -1.78421964e-04
   3.57865394e+02   2.05112708e-04
   3.57865883e+02   3.58135148e-04
   3.57866371e+02  -4.41537777e-05
   3.57866859e+02  -4.87937941e-04
   3.57867347e+02  -3.96224234e-04
   3.57867836e+02  -2.02162424e-04
   3.57868324e+02  -1.34236456e-04
   3.57868812e+02  -1.15142589e-04
   3.57869301e+02  -5.18699089e-05
   3.57869789e+02  -3.44431173e-05
   3.57870277e+02   5.30930301e-05
   3.57870766e+02   4.07337124e-04
   3.57871254e+02   3.85812134e-04
   3.57871742e+02  -4.32558918e-05
   3.57872231e+02  -1.15305265e-04
   3.57872719e+02   7.87428289e-05
   3.57873207e+02   2.79406493e-04
   3.57873695e+02   3.57411918e-04
   3.57874184e+02   3.70411057e-04
   3.57874672e+02   3.60298232e-04
   3.57875160e+02   5.46268013e-04
   3.57875649e+02   8.17788998e-04
   3.57876137e+02   8.95966019e-04
   3.57876625e+02   7.02953315e-04
   3.57877114e+02   2.16620683e-04
   3.57877602e+02   7.59008690e-05
   3.57878090e+02   3.49709066e-04
   3.57878579e+02   2.16436863e-04
   3.57879067e+02  -8.39938948e-05
   3.57879555e+02   1.32970497e-04
   3.57880043e+02   2.13384701e-04
   3.57880532e+02  -1.32315821e-04
   3.57881020e+02  -2.96907849e-04
   3.57881508e+02  -1.37064053e-04
   3.57881997e+02  -9.92783171e-05
   3.57882485e+02  -2.48580676e-04
   3.57882973e+02  -2.01106566e-04
   3.57883462e+02  -1.61502423e-04
   3.57883950e+02  -5.65520604e-04
   3.57884438e+02  -6.17698766e-04
   3.57884927e+02  -2.23918178e-04
   3.57885415e+02   2.02004987e-04
   3.57885903e+02   4.32819332e-04
   3.57886391e+02   9.09835217e-05
   3.57886880e+02   2.40843525e-04
   3.57887368e+02   7.58008799e-04
   3.57887856e+02   6.35772711e-04
   3.57888345e+02   3.79795732e-04
   3.57888833e+02   4.41484561e-04
   3.57889321e+02   3.24434019e-04
   3.57889810e+02   5.65493247e-05
   3.57890298e+02  -1.28842381e-04
   3.57890786e+02  -2.40645531e-04
   3.57891275e+02   2.17148205e-04
   3.57891763e+02   6.61599799e-04
   3.57892251e+02   9.84974671e-04
   3.57892739e+02   1.32560800e-03
   3.57893228e+02   9.88164102e-04
   3.57893716e+02  -3.88554981e-05
   3.57894204e+02  -9.98591306e-04
   3.57894693e+02  -1.05844473e-03
   3.57895181e+02  -7.38202420e-04
   3.57895669e+02  -2.60555593e-04
   3.57896158e+02   2.86685507e-04
   3.57896646e+02   3.68222129e-04
   3.57897134e+02  -3.03925049e-06
   3.57897623e+02   6.90466959e-06
   3.57898111e+02   3.58407910e-04
   3.57898599e+02   3.05998197e-04
   3.57899087e+02   2.38102934e-04
   3.57899576e+02   4.20901255e-04
   3.57900064e+02   2.81738699e-06
   3.57900552e+02  -7.90632446e-04
   3.57901041e+02  -1.23821013e-03
   3.57901529e+02  -9.99528100e-04
   3.57902017e+02  -1.02439015e-04
   3.57902506e+02   8.02861468e-04
   3.57902994e+02   8.59705789e-04
   3.57903482e+02   4.13272035e-04
   3.57903971e+02   5.46369061e-04
   3.57904459e+02   7.63442833e-04
   3.57904947e+02   5.81364206e-04
   3.57905436e+02   2.19092035e-04
   3.57905924e+02  -7.34991727e-06
   3.57906412e+02   3.11120937e-04
   3.57906900e+02   4.76535090e-04
   3.57907389e+02  -5.18286251e-05
   3.57907877e+02  -5.37221727e-04
   3.57908365e+02  -2.57765001e-04
   3.57908854e+02   1.87289348e-04
   3.57909342e+02   1.47153958e-04
   3.57909830e+02  -3.21201427e-04
   3.57910319e+02  -4.12315072e-04
   3.57910807e+02  -1.43731697e-04
   3.57911295e+02  -1.08007880e-04
   3.57911784e+02   1.25295832e-04
   3.57912272e+02   1.05856903e-04
   3.57912760e+02  -1.12512076e-04
   3.57913248e+02   1.28155065e-04
   3.57913737e+02   4.20446420e-04
   3.57914225e+02  -7.94399148e-06
   3.57914713e+02  -4.32956207e-04
   3.57915202e+02   1.50005304e-04
   3.57915690e+02   3.38104262e-04
   3.57916178e+02  -7.15255228e-05
   3.57916667e+02   4.16853072e-05
   3.57917155e+02   7.89493133e-05
   3.57917643e+02  -4.01611178e-04
   3.57918132e+02  -7.46955164e-04
   3.57918620e+02  -7.05566199e-04
   3.57919108e+02  -3.97530268e-04
   3.57919596e+02  -1.54523957e-06
   3.57920085e+02   5.76039485e-04
   3.57920573e+02   4.97927715e-04
   3.57921061e+02   3.88269546e-04
   3.57921550e+02   7.60436407e-04
   3.57922038e+02   7.42113276e-04
   3.57922526e+02   1.29901062e-04
   3.57923015e+02   4.52034801e-05
   3.57923503e+02   3.04457120e-04
   3.57923991e+02   1.25722392e-04
   3.57924480e+02  -2.88757758e-04
   3.57924968e+02  -6.35688833e-04
   3.57925456e+02  -1.29523466e-03
   3.57925944e+02  -1.52431917e-03
   3.57926433e+02  -1.01660052e-03
   3.57926921e+02  -7.35211826e-04
   3.57927409e+02  -4.14951763e-04
   3.57927898e+02  -2.63709633e-04
   3.57928386e+02  -3.90573754e-04
   3.57928874e+02  -1.64384153e-04
   3.57929363e+02   1.07766595e-04
   3.57929851e+02   4.10451670e-04
   3.57930339e+02   3.39821534e-04
   3.57930828e+02   6.79654022e-06
   3.57931316e+02  -2.13238367e-04
   3.57931804e+02  -5.24767966e-04
   3.57932292e+02  -6.83246821e-04
   3.57932781e+02  -6.63134793e-04
   3.57933269e+02  -3.68318666e-04
   3.57933757e+02  -1.22156212e-04
   3.57934246e+02   8.48397249e-05
   3.57934734e+02   3.24878463e-04
   3.57935222e+02  -4.86108656e-05
   3.57935711e+02  -4.19787830e-04
   3.57936199e+02   8.15404201e-05
   3.57936687e+02   3.08607006e-04
   3.57937176e+02  -4.62926604e-04
   3.57937664e+02  -9.25032655e-04
   3.57938152e+02  -4.52111359e-04
   3.57938640e+02  -1.90325212e-04
   3.57939129e+02  -5.37135813e-04
   3.57939617e+02  -5.66137489e-04
   3.57940105e+02  -2.77692714e-04
   3.57940594e+02  -4.32434499e-05
   3.57941082e+02  -1.45495622e-04
   3.57941570e+02  -4.48587438e-04
   3.57942059e+02  -3.31351795e-04
   3.57942547e+02  -1.56822673e-04
   3.57943035e+02  -1.66973681e-04
   3.57943524e+02  -1.17437929e-04
   3.57944012e+02  -2.95338868e-05
   3.57944500e+02   1.16448988e-04
   3.57944989e+02   4.30026965e-04
   3.57945477e+02   7.27202743e-04
   3.57945965e+02   5.96212223e-04
   3.57946453e+02   3.19217565e-04
   3.57946942e+02   7.80582559e-05
   3.57947430e+02  -1.97150061e-04
   3.57947918e+02  -4.02862410e-04
   3.57948407e+02  -3.49441572e-04
   3.57948895e+02  -1.36366405e-04
   3.57949383e+02  -5.19180394e-05
   3.57949872e+02  -3.82055645e-04
   3.57950360e+02  -5.87339688e-04
   3.57950848e+02   1.17841355e-05
   3.57951337e+02   5.73375029e-04
   3.57951825e+02   5.39536355e-04
   3.57952313e+02   3.30997282e-04
   3.57952801e+02   8.52010180e-06
   3.57953290e+02  -1.13117894e-04
   3.57953778e+02   1.75154928e-04
   3.57954266e+02   2.60580069e-04
   3.57954755e+02  -3.24860972e-04
   3.57955243e+02  -7.37214810e-04
   3.57955731e+02  -4.27903724e-04
   3.57956220e+02  -2.47285090e-04
   3.57956708e+02   3.82237085e-05
   3.57957196e+02   3.81592079e-04
   3.57957685e+02   2.77564308e-04
   3.57958173e+02   1.33310285e-04
   3.57958661e+02  -1.03019440e-04
   3.57959149e+02  -4.85636701e-04
   3.57959638e+02  -5.92619646e-04
   3.57960126e+02  -4.65802790e-04
   3.57960614e+02  -1.71192616e-04
   3.57961103e+02   6.22806965e-06
   3.57961591e+02   9.48649467e-05
   3.57962079e+02   1.14071678e-04
   3.57962568e+02  -1.07205538e-04
   3.57963056e+02  -3.71875445e-04
   3.57963544e+02  -6.37763587e-04
   3.57964033e+02  -9.82337631e-04
   3.57964521e+02  -6.18078222e-04
   3.57965009e+02   2.53930339e-04
   3.57965497e+02   1.25270104e-04
   3.57965986e+02  -7.56978232e-04
   3.57966474e+02  -1.20185886e-03
   3.57966962e+02  -1.06676645e-03
   3.57967451e+02  -7.94498425e-04
   3.57967939e+02  -4.93565341e-04
   3.57968427e+02  -6.68002409e-04
   3.57968916e+02  -1.51761563e-03
   3.57969404e+02  -1.47108256e-03
   3.57969892e+02  -2.87606672e-04
   3.57970381e+02   2.36909487e-04
   3.57970869e+02   6.55255935e-05
   3.57971357e+02   8.64527174e-05
   3.57971845e+02   2.76780396e-04
   3.57972334e+02   4.23751771e-04
   3.57972822e+02   4.54749621e-04
   3.57973310e+02   2.90119176e-04
   3.57973799e+02  -1.63900564e-04
   3.57974287e+02  -6.04851928e-04
   3.57974775e+02  -5.97408740e-04
   3.57975264e+02  -1.33410604e-05
   3.57975752e+02   3.26062291e-04
   3.57976240e+02   1.02426806e-04
   3.57976729e+02   7.09350206e-05
   3.57977217e+02   1.13366674e-04
   3.57977705e+02  -1.50782711e-04
   3.57978193e+02  -2.89123214e-04
   3.57978682e+02  -2.30453297e-04
   3.57979170e+02  -2.89743970e-04
   3.57979658e+02  -6.92758535e-04
   3.57980147e+02  -7.27708684e-04
   3.57980635e+02  -3.43309162e-04
   3.57981123e+02  -1.05705636e-04
   3.57981612e+02   2.61032052e-04
   3.57982100e+02   4.25869395e-04
   3.57982588e+02   2.21978640e-04
   3.57983077e+02  -2.53693113e-04
   3.57983565e+02  -6.60826976e-04
   3.57984053e+02  -3.19084153e-04
   3.57984542e+02   1.53205940e-04
   3.57985030e+02   1.58572147e-04
   3.57985518e+02  -1.75677225e-04
   3.57986006e+02  -2.41889051e-04
   3.57986495e+02   5.86611495e-05
   3.57986983e+02   3.57513025e-04
   3.57987471e+02   5.39016735e-04
   3.57987960e+02   2.38214416e-05
   3.57988448e+02  -4.90466366e-04
   3.57988936e+02  -5.62127680e-04
   3.57989425e+02  -4.51302942e-04
   3.57989913e+02   2.10475937e-05
   3.57990401e+02   1.86952209e-04
   3.57990890e+02  -3.28086258e-04
   3.57991378e+02  -7.18515425e-04
   3.57991866e+02  -3.92532704e-04
   3.57992354e+02  -8.05469026e-05
   3.57992843e+02   3.25894189e-06
   3.57993331e+02   4.37578798e-04
   3.57993819e+02   7.09244749e-04
   3.57994308e+02   6.37044606e-04
   3.57994796e+02   5.79275133e-04
   3.57995284e+02   6.00743078e-05
   3.57995773e+02  -3.84080748e-04
   3.57996261e+02   6.83854087e-05
   3.57996749e+02   5.26506628e-04
   3.57997238e+02   1.31046982e-04
   3.57997726e+02  -4.46850288e-04
   3.57998214e+02  -6.82626676e-04
   3.57998702e+02  -6.32962387e-04
   3.57999191e+02  -6.67488261e-04
   3.57999679e+02  -6.10239571e-04
   3.58000167e+02   6.39103382e-05
   3.58000656e+02   3.91306821e-04
   3.58001144e+02  -2.97048566e-04
   3.58001632e+02  -7.14410737e-04
   3.58002121e+02  -5.90420503e-04
   3.58002609e+02  -5.33767045e-04
   3.58003097e+02  -2.01949413e-04
   3.58003586e+02   6.23999586e-05
   3.58004074e+02  -1.86173838e-05
   3.58004562e+02  -1.29003020e-04
   3.58005050e+02  -4.21892531e-04
   3.58005539e+02  -8.35277780e-04
   3.58006027e+02  -6.30513357e-04
   3.58006515e+02  -6.37622870e-05
   3.58007004e+02   3.11745302e-04
   3.58007492e+02   3.25537112e-04
   3.58007980e+02  -1.40642369e-04
   3.58008469e+02  -4.30432003e-04
   3.58008957e+02  -3.66412831e-04
   3.58009445e+02  -3.31112067e-04
   3.58009934e+02  -3.87336011e-04
   3.58010422e+02  -2.25166616e-04
   3.58010910e+02  -1.67591788e-04
   3.58011398e+02  -7.84626827e-05
   3.58011887e+02   4.75342677e-04
   3.58012375e+02   6.92651083e-04
   3.58012863e+02   3.48606292e-04
   3.58013352e+02   4.68707185e-05
   3.58013840e+02   1.48679101e-04
   3.58014328e+02   2.55000981e-04
   3.58014817e+02   7.43636992e-05
   3.58015305e+02  -1.94321081e-04
   3.58015793e+02  -4.82074247e-04
   3.58016282e+02  -8.78568739e-04
   3.58016770e+02  -1.11367542e-03
   3.58017258e+02  -1.08752877e-03
   3.58017746e+02  -6.26739813e-04
   3.58018235e+02  -1.62678218e-04
   3.58018723e+02  -2.25700976e-04
   3.58019211e+02  -3.93631548e-04
   3.58019700e+02  -3.63342755e-04
   3.58020188e+02  -3.43465392e-04
   3.58020676e+02  -2.85757473e-04
   3.58021165e+02  -3.97598662e-04
   3.58021653e+02  -4.96998022e-04
   3.58022141e+02  -4.43477853e-04
   3.58022630e+02  -4.79863142e-04
   3.58023118e+02  -1.96389257e-04
   3.58023606e+02   2.24714167e-04
   3.58024095e+02   4.26698563e-04
   3.58024583e+02   4.37401497e-04
   3.58025071e+02   1.64284633e-04
   3.58025559e+02   3.79206831e-05
   3.58026048e+02  -1.45468555e-04
   3.58026536e+02  -3.67772358e-04
   3.58027024e+02   8.66738901e-06
   3.58027513e+02   3.12709948e-04
   3.58028001e+02   3.30132461e-04
   3.58028489e+02   3.16966005e-04
   3.58028978e+02   3.20102408e-04
   3.58029466e+02   2.23108655e-04
   3.58029954e+02  -8.32959340e-05
   3.58030443e+02  -2.22543022e-04
   3.58030931e+02  -2.86352093e-04
   3.58031419e+02  -1.12661532e-04
   3.58031907e+02   2.72580335e-04
   3.58032396e+02   3.86078376e-04
   3.58032884e+02   2.76551087e-04
   3.58033372e+02   9.70563124e-05
   3.58033861e+02  -7.09106007e-06
   3.58034349e+02  -4.78877657e-04
   3.58034837e+02  -8.27125681e-04
   3.58035326e+02   9.38442008e-06
   3.58035814e+02   7.31774024e-04
   3.58036302e+02  -4.73749606e-05
   3.58036791e+02  -4.63267672e-04
   3.58037279e+02  -2.38212902e-04
   3.58037767e+02  -8.68973075e-05
   3.58038255e+02  -2.37831293e-04
   3.58038744e+02  -2.79304484e-04
   3.58039232e+02  -1.65653255e-04
   3.58039720e+02   7.47152080e-05
   3.58040209e+02  -8.82580425e-05
   3.58040697e+02  -8.28788732e-04
   3.58041185e+02  -8.98104045e-04
   3.58041674e+02  -3.97063210e-04
   3.58042162e+02  -3.26033129e-04
   3.58042650e+02  -3.67315544e-04
   3.58043139e+02  -4.00962075e-04
   3.58043627e+02  -3.67890549e-04
   3.58044115e+02  -2.80023844e-04
   3.58044603e+02  -3.92682996e-04
   3.58045092e+02  -6.18040096e-04
   3.58045580e+02  -3.14550649e-04
   3.58046068e+02  -1.71647916e-04
   3.58046557e+02  -5.36082312e-04
   3.58047045e+02   5.46288502e-05
   3.58047533e+02   9.84069309e-04
   3.58048022e+02   8.94626428e-04
   3.58048510e+02   3.57176817e-04
   3.58048998e+02   2.69685697e-04
   3.58049487e+02   3.87643551e-04
   3.58049975e+02  -2.87557782e-07
   3.58050463e+02  -6.07737980e-04
   3.58050951e+02  -5.40131703e-04
   3.58051440e+02  -1.05430132e-04
   3.58051928e+02   2.90026917e-04
   3.58052416e+02   3.02025117e-04
   3.58052905e+02  -8.40536668e-05
   3.58053393e+02   2.22354865e-04
   3.58053881e+02   8.64686444e-04
   3.58054370e+02   5.15284424e-04
   3.58054858e+02  -3.74626688e-04
   3.58055346e+02  -6.94485323e-04
   3.58055835e+02  -9.91891065e-05
   3.58056323e+02   1.51249435e-04
   3.58056811e+02  -8.42400405e-05
   3.58057299e+02  -1.66883299e-04
   3.58057788e+02  -1.89428043e-04
   3.58058276e+02  -4.74542103e-05
   3.58058764e+02   2.51237856e-04
   3.58059253e+02   6.14256365e-04
   3.58059741e+02   9.00021987e-04
   3.58060229e+02   8.85044690e-04
   3.58060718e+02   6.65596628e-04
   3.58061206e+02   2.92169512e-04
   3.58061694e+02  -8.75219212e-06
   3.58062183e+02  -2.71040335e-04
   3.58062671e+02  -4.68406157e-04
   3.58063159e+02  -2.35271742e-04
   3.58063648e+02   2.82640220e-04
   3.58064136e+02   8.26680625e-04
   3.58064624e+02   6.62535836e-04
   3.58065112e+02  -6.65373736e-05
   3.58065601e+02  -5.82643843e-05
   3.58066089e+02   2.72633653e-04
   3.58066577e+02   5.44572249e-04
   3.58067066e+02   7.71572115e-04
   3.58067554e+02   3.62389750e-04
   3.58068042e+02  -3.70280584e-04
   3.58068531e+02  -4.28951433e-04
   3.58069019e+02  -2.47732387e-04
   3.58069507e+02  -2.67313473e-04
   3.58069996e+02  -2.63443399e-05
   3.58070484e+02   1.38677409e-04
   3.58070972e+02   1.98515663e-05
   3.58071460e+02  -1.42513934e-04
   3.58071949e+02  -5.81220258e-04
   3.58072437e+02  -6.59596466e-04
   3.58072925e+02  -1.14343224e-04
   3.58073414e+02   3.92718575e-05
   3.58073902e+02   1.66931331e-05
   3.58074390e+02   1.24849292e-04
   3.58074879e+02   9.69518624e-06
   3.58075367e+02  -3.21083280e-05
   3.58075855e+02  -1.33253168e-04
   3.58076344e+02  -5.09149861e-04
   3.58076832e+02  -1.13093789e-04
   3.58077320e+02   7.81176379e-04
   3.58077808e+02   4.79800714e-04
   3.58078297e+02  -3.80671088e-04
   3.58078785e+02  -5.28599427e-04
   3.58079273e+02  -1.43829660e-04
   3.58079762e+02   2.33514773e-04
   3.58080250e+02   4.91783780e-04
   3.58080738e+02   6.64815772e-04
   3.58081227e+02   6.32500334e-04
   3.58081715e+02   4.06444306e-04
   3.58082203e+02   3.79825797e-04
   3.58082692e+02   5.70010510e-04
   3.58083180e+02   6.59437035e-04
   3.58083668e+02   7.14927213e-04
   3.58084156e+02   9.84081882e-04
   3.58084645e+02   8.87506525e-04
   3.58085133e+02  -2.30076505e-04
   3.58085621e+02  -7.66536745e-04
   3.58086110e+02  -6.46775938e-04
   3.58086598e+02  -6.11657975e-04
   3.58087086e+02  -2.74868595e-04
   3.58087575e+02   8.42802110e-05
   3.58088063e+02   2.24671283e-04
   3.58088551e+02  -1.26268596e-05
   3.58089040e+02  -3.77764722e-04
   3.58089528e+02  -5.25783689e-04
   3.58090016e+02  -5.06438606e-04
   3.58090504e+02  -1.38097021e-04
   3.58090993e+02  -4.70111117e-05
   3.58091481e+02  -4.78043657e-04
   3.58091969e+02  -3.64035950e-04
   3.58092458e+02   2.37220316e-04
   3.58092946e+02   1.51916407e-04
   3.58093434e+02  -3.79227393e-04
   3.58093923e+02  -3.99217242e-04
   3.58094411e+02   1.37346244e-04
   3.58094899e+02   3.20341642e-05
   3.58095388e+02  -1.26674902e-04
   3.58095876e+02   2.35080661e-04
   3.58096364e+02   4.51191328e-04
   3.58096852e+02   1.30834858e-04
   3.58097341e+02   8.58634157e-05
   3.58097829e+02   2.01252071e-04
   3.58098317e+02   2.71383069e-05
   3.58098806e+02   3.27881047e-04
   3.58099294e+02   1.05969899e-03
   3.58099782e+02   7.97686516e-04
   3.58100271e+02  -2.31211481e-04
   3.58100759e+02  -7.91785249e-04
   3.58101247e+02  -5.66933420e-04
   3.58101736e+02   1.99609785e-04
   3.58102224e+02   7.26950297e-04
   3.58102712e+02   6.96695060e-04
   3.58103201e+02   5.05848322e-04
   3.58103689e+02   1.26999861e-04
   3.58104177e+02  -2.64286500e-04
   3.58104665e+02  -3.12070100e-04
   3.58105154e+02   1.12873880e-04
   3.58105642e+02   7.27679871e-04
   3.58106130e+02   7.59771734e-04
   3.58106619e+02   4.07459796e-04
   3.58107107e+02   4.10231951e-05
   3.58107595e+02  -1.72390501e-04
   3.58108084e+02   7.10005697e-05
   3.58108572e+02   1.79717113e-04
   3.58109060e+02   5.03258452e-05
   3.58109549e+02   2.82681547e-04
   3.58110037e+02   6.38483034e-04
   3.58110525e+02   7.14740250e-04
   3.58111013e+02   8.21912661e-04
   3.58111502e+02   1.11365179e-03
   3.58111990e+02   1.20805285e-03
   3.58112478e+02   8.33858445e-04
   3.58112967e+02   4.58768161e-04
   3.58113455e+02   4.88738937e-04
   3.58113943e+02   6.59923127e-04
   3.58114432e+02   7.15269009e-04
   3.58114920e+02   5.95936028e-04
   3.58115408e+02   3.03380773e-04
   3.58115897e+02  -8.14068771e-05
   3.58116385e+02  -5.39307715e-04
   3.58116873e+02  -8.79400352e-04
   3.58117361e+02  -7.40920310e-04
   3.58117850e+02  -1.47773259e-04
   3.58118338e+02  -9.87736057e-05
   3.58118826e+02  -5.21260896e-04
   3.58119315e+02  -6.69558125e-04
   3.58119803e+02  -6.56142365e-04
   3.58120291e+02  -7.19658739e-04
   3.58120780e+02  -7.35871843e-04
   3.58121268e+02  -6.74393901e-04
   3.58121756e+02  -8.31265817e-04
   3.58122245e+02  -8.85349233e-04
   3.58122733e+02  -3.92896240e-04
   3.58123221e+02   1.30756016e-04
   3.58123709e+02   5.12858038e-04
   3.58124198e+02   8.67541588e-04
   3.58124686e+02   1.01234019e-03
   3.58125174e+02   8.77197890e-04
   3.58125663e+02   4.55249974e-04
   3.58126151e+02   1.52025488e-04
   3.58126639e+02   8.14906307e-05
   3.58127128e+02   2.82125606e-04
   3.58127616e+02   3.98107368e-04
   3.58128104e+02  -2.79342232e-04
   3.58128593e+02  -6.93812966e-04
   3.58129081e+02  -5.08893245e-05
   3.58129569e+02   2.71272758e-04
   3.58130057e+02   5.64297843e-05
   3.58130546e+02   2.57638370e-04
   3.58131034e+02   3.74300434e-04
   3.58131522e+02  -2.12483166e-04
   3.58132011e+02  -4.76372661e-04
   3.58132499e+02  -2.20600505e-05
   3.58132987e+02   9.53572671e-05
   3.58133476e+02  -2.73935235e-04
   3.58133964e+02  -1.28574466e-04
   3.58134452e+02   4.23914869e-04
   3.58134941e+02   7.46405974e-04
   3.58135429e+02   6.31308532e-04
   3.58135917e+02   3.05671943e-04
   3.58136405e+02   2.51219637e-04
   3.58136894e+02   1.45124068e-04
   3.58137382e+02  -2.95058795e-04
   3.58137870e+02  -3.99728975e-04
   3.58138359e+02   3.68699657e-05
   3.58138847e+02   1.64790370e-04
   3.58139335e+02  -5.02716284e-05
   3.58139824e+02  -1.11045101e-05
   3.58140312e+02   4.02085658e-04
   3.58140800e+02   7.63156509e-04
   3.58141289e+02   8.84476292e-04
   3.58141777e+02   6.15431229e-04
   3.58142265e+02  -2.37416578e-04
   3.58142754e+02  -4.62326600e-04
   3.58143242e+02   6.99715893e-05
   3.58143730e+02   5.94843877e-05
   3.58144218e+02  -4.57382906e-04
   3.58144707e+02  -6.74072595e-04
   3.58145195e+02  -2.56457628e-04
   3.58145683e+02  -6.55973054e-05
   3.58146172e+02   3.88262015e-05
   3.58146660e+02   4.05953353e-04
   3.58147148e+02   4.22986486e-04
   3.58147637e+02   1.59419695e-04
   3.58148125e+02  -1.64405370e-04
   3.58148613e+02  -5.59499196e-04
   3.58149102e+02  -5.38163062e-04
   3.58149590e+02  -2.09701699e-04
   3.58150078e+02  -1.22541009e-04
   3.58150566e+02  -6.17033729e-05
   3.58151055e+02   6.12282747e-06
   3.58151543e+02  -2.21644601e-04
   3.58152031e+02  -9.95717492e-05
   3.58152520e+02   3.21275467e-04
   3.58153008e+02   2.11379273e-04
   3.58153496e+02  -4.43516241e-04
   3.58153985e+02  -5.95048827e-04
   3.58154473e+02  -4.83155163e-04
   3.58154961e+02  -3.07778158e-04
   3.58155450e+02  -3.11765791e-04
   3.58155938e+02  -8.35268700e-04
   3.58156426e+02  -8.80270090e-04
   3.58156914e+02  -3.05911090e-04
   3.58157403e+02   3.53340205e-04
   3.58157891e+02   1.14440860e-03
   3.58158379e+02   1.42009242e-03
   3.58158868e+02   6.25844696e-04
   3.58159356e+02  -3.54958378e-04
   3.58159844e+02  -6.08122093e-04
   3.58160333e+02   1.22513056e-05
   3.58160821e+02   2.90014956e-04
   3.58161309e+02  -1.89397499e-04
   3.58161798e+02  -1.81235970e-04
   3.58162286e+02   2.14098254e-04
   3.58162774e+02   9.81638732e-05
   3.58163262e+02   5.43621718e-04
   3.58163751e+02   1.07390317e-03
   3.58164239e+02   3.26712587e-04
   3.58164727e+02  -4.86600795e-04
   3.58165216e+02  -5.13037201e-04
   3.58165704e+02  -3.06537084e-04
   3.58166192e+02   1.76401518e-04
   3.58166681e+02   8.42962996e-04
   3.58167169e+02   7.17567920e-04
   3.58167657e+02  -1.22305981e-04
   3.58168146e+02  -3.68580600e-04
   3.58168634e+02  -4.12047753e-04
   3.58169122e+02  -6.38931466e-04
   3.58169610e+02  -5.13314852e-04
   3.58170099e+02  -5.53428952e-04
   3.58170587e+02  -1.03227911e-03
   3.58171075e+02  -1.30093424e-03
   3.58171564e+02  -1.11299113e-03
   3.58172052e+02  -8.31397483e-04
   3.58172540e+02  -4.46539721e-04
   3.58173029e+02  -1.03656239e-05
   3.58173517e+02   5.62471323e-05
   3.58174005e+02  -8.45288814e-05
   3.58174494e+02   9.09430455e-05
   3.58174982e+02   3.07934824e-04
   3.58175470e+02  -3.71285569e-05
   3.58175958e+02  -9.49057168e-04
   3.58176447e+02  -1.20489916e-03
   3.58176935e+02  -4.44827747e-04
   3.58177423e+02   5.94176854e-05
   3.58177912e+02   3.19766346e-04
   3.58178400e+02   3.16479069e-04
   3.58178888e+02   6.52593590e-05
   3.58179377e+02  -3.77857486e-06
   3.58179865e+02  -3.18378297e-04
   3.58180353e+02  -5.85781992e-04
   3.58180842e+02  -4.91676328e-04
   3.58181330e+02  -6.87952270e-04
   3.58181818e+02  -1.28675881e-03
   3.58182307e+02  -9.64467996e-04
   3.58182795e+02  -8.84885958e-05
   3.58183283e+02  -3.33641801e-04
   3.58183771e+02  -7.86950404e-04
   3.58184260e+02  -1.43120720e-04
   3.58184748e+02   5.29520737e-04
   3.58185236e+02   2.86618917e-04
   3.58185725e+02  -2.47420772e-04
   3.58186213e+02  -4.00176796e-04
   3.58186701e+02  -3.42141284e-04
   3.58187190e+02  -1.16984163e-04
   3.58187678e+02   2.71323952e-04
   3.58188166e+02   2.96980958e-04
   3.58188655e+02  -2.47197488e-04
   3.58189143e+02  -6.81045000e-04
   3.58189631e+02  -3.78157820e-05
   3.58190119e+02   5.49396093e-04
   3.58190608e+02  -7.33273846e-05
   3.58191096e+02  -8.57729232e-04
   3.58191584e+02  -9.21685190e-04
   3.58192073e+02  -3.90336296e-04
   3.58192561e+02   5.09465986e-04
   3.58193049e+02   6.35561417e-04
   3.58193538e+02   8.80395673e-05
   3.58194026e+02   1.25874256e-04
   3.58194514e+02  -1.64103389e-04
   3.58195003e+02  -8.13287217e-04
   3.58195491e+02  -1.07154425e-03
   3.58195979e+02  -8.45512142e-04
   3.58196467e+02   4.25450620e-04
   3.58196956e+02   1.06788205e-03
   3.58197444e+02   4.94189444e-04
   3.58197932e+02  -4.65623714e-07
   3.58198421e+02  -2.05062417e-04
   3.58198909e+02  -8.83967587e-05
   3.58199397e+02   7.83085488e-05
   3.58199886e+02  -2.79028958e-04
   3.58200374e+02  -3.85770109e-04
   3.58200862e+02  -4.34782531e-04
   3.58201351e+02  -7.05113111e-04
   3.58201839e+02  -3.62270803e-04
   3.58202327e+02   1.67683553e-04
   3.58202815e+02   6.85169536e-04
   3.58203304e+02   9.24709893e-04
   3.58203792e+02   5.32342237e-04
   3.58204280e+02   1.51350396e-04
   3.58204769e+02   3.52920819e-04
   3.58205257e+02   1.27809821e-04
   3.58205745e+02  -4.11952380e-04
   3.58206234e+02  -9.21829269e-05
   3.58206722e+02   3.80802754e-04
   3.58207210e+02   5.36188832e-04
   3.58207699e+02   2.30383972e-04
   3.58208187e+02  -2.17398541e-04
   3.58208675e+02  -8.10076832e-04
   3.58209163e+02  -1.18558551e-03
   3.58209652e+02  -5.42568509e-04
   3.58210140e+02   2.46651616e-04
   3.58210628e+02  -4.39781616e-05
   3.58211117e+02  -6.46245258e-04
   3.58211605e+02  -6.88832020e-04
   3.58212093e+02  -3.72567738e-04
   3.58212582e+02   1.33618712e-04
   3.58213070e+02   7.86124787e-04
   3.58213558e+02   5.04934404e-04
   3.58214047e+02  -9.59837518e-04
   3.58214535e+02  -1.44100026e-03
   3.58215023e+02  -4.49612446e-04
   3.58215511e+02   9.55833311e-05
   3.58216000e+02   1.15741299e-04
   3.58216488e+02   2.90885146e-05
   3.58216976e+02  -5.41402958e-04
   3.58217465e+02  -6.64448715e-04
   3.58217953e+02   2.74372578e-04
   3.58218441e+02   6.28887094e-04
   3.58218930e+02   3.95714655e-04
   3.58219418e+02   2.12685482e-04
   3.58219906e+02  -1.10837973e-04
   3.58220395e+02   1.05159830e-04
   3.58220883e+02   1.68237661e-04
   3.58221371e+02  -3.95534327e-04
   3.58221860e+02  -2.29754645e-04
   3.58222348e+02  -2.00560651e-04
   3.58222836e+02  -3.93415190e-04
   3.58223324e+02  -3.34964716e-04
   3.58223813e+02  -8.91603238e-04
   3.58224301e+02  -9.92508139e-04
   3.58224789e+02   1.16620584e-04
   3.58225278e+02   5.57869091e-04
   3.58225766e+02   4.48311155e-04
   3.58226254e+02   3.75172211e-04
   3.58226743e+02   2.84128007e-04
   3.58227231e+02   3.00981537e-05
   3.58227719e+02  -2.24414820e-04
   3.58228208e+02   2.72372912e-04
   3.58228696e+02   6.89643493e-04
   3.58229184e+02   6.25562912e-04
   3.58229672e+02   5.19820198e-04
   3.58230161e+02   4.42764402e-04
   3.58230649e+02   4.61356860e-04
   3.58231137e+02   7.65030563e-04
   3.58231626e+02   3.56866076e-04
   3.58232114e+02  -5.74634294e-04
   3.58232602e+02  -6.67193148e-04
   3.58233091e+02  -3.04737245e-04
   3.58233579e+02  -2.48990866e-04
   3.58234067e+02  -1.72027270e-04
   3.58234556e+02   2.03461343e-04
   3.58235044e+02   3.83494276e-04
   3.58235532e+02   3.99488054e-04
   3.58236020e+02   6.83001883e-04
   3.58236509e+02   1.03337539e-03
   3.58236997e+02   9.44355153e-04
   3.58237485e+02   5.74083999e-04
   3.58237974e+02   1.04211242e-04
   3.58238462e+02  -5.61165274e-04
   3.58238950e+02  -7.75134249e-05
   3.58239439e+02   9.32163442e-04
   3.58239927e+02   5.14529180e-04
   3.58240415e+02   1.38853386e-04
   3.58240904e+02   5.49356104e-04
   3.58241392e+02   3.74113704e-04
   3.58241880e+02   2.17968322e-04
   3.58242368e+02   7.17002724e-04
   3.58242857e+02   6.81206235e-04
   3.58243345e+02   1.66178197e-05
   3.58243833e+02  -4.25764272e-04
   3.58244322e+02  -3.82092810e-04
   3.58244810e+02  -2.14082334e-04
   3.58245298e+02  -6.04289176e-04
   3.58245787e+02  -8.18556757e-04
   3.58246275e+02  -4.43086901e-04
   3.58246763e+02  -2.74932274e-04
   3.58247252e+02  -1.46022663e-04
   3.58247740e+02   1.37755662e-04
   3.58248228e+02   6.99311320e-04
   3.58248716e+02   7.96161476e-04
   3.58249205e+02  -3.02980334e-04
   3.58249693e+02  -7.78916583e-04
   3.58250181e+02  -1.87950951e-04
   3.58250670e+02  -1.64194324e-04
   3.58251158e+02  -5.96669037e-04
   3.58251646e+02  -6.43313047e-04
   3.58252135e+02  -1.94595137e-04
   3.58252623e+02  -7.65658187e-05
   3.58253111e+02  -3.96164478e-06
   3.58253600e+02   9.16699588e-04
   3.58254088e+02   9.46351851e-04
   3.58254576e+02   3.72887735e-05
   3.58255064e+02  -5.17939741e-04
   3.58255553e+02  -6.95859315e-04
   3.58256041e+02  -6.50731381e-04
   3.58256529e+02  -4.90068400e-04
   3.58257018e+02  -3.22665757e-04
   3.58257506e+02  -3.56915145e-04
   3.58257994e+02  -3.17419064e-04
   3.58258483e+02  -1.16213021e-04
   3.58258971e+02  -3.14596662e-04
   3.58259459e+02  -3.52900126e-04
   3.58259948e+02  -6.35487550e-06
   3.58260436e+02   1.90216873e-04
   3.58260924e+02   3.46051907e-04
   3.58261412e+02   6.56358257e-04
   3.58261901e+02   4.55804926e-04
   3.58262389e+02  -3.95175302e-04
   3.58262877e+02  -1.10448210e-03
   3.58263366e+02  -9.83669306e-04
   3.58263854e+02  -8.26238320e-05
   3.58264342e+02   7.27009436e-04
   3.58264831e+02   9.15357203e-04
   3.58265319e+02   9.90495668e-04
   3.58265807e+02   1.21748599e-03
   3.58266296e+02   1.10518956e-03
   3.58266784e+02   7.40071817e-04
   3.58267272e+02   7.37199269e-04
   3.58267761e+02   6.31471165e-04
   3.58268249e+02   2.38544962e-04
   3.58268737e+02   5.45488321e-04
   3.58269225e+02   8.97073885e-04
   3.58269714e+02   5.28075208e-04
   3.58270202e+02  -1.96129608e-04
   3.58270690e+02  -2.91859993e-04
   3.58271179e+02  -3.67257380e-05
   3.58271667e+02   1.92736456e-06
   3.58272155e+02  -2.10461862e-04
   3.58272644e+02  -5.71830024e-04
   3.58273132e+02  -2.07925841e-04
   3.58273620e+02   5.37597633e-04
   3.58274109e+02   4.16409690e-04
   3.58274597e+02  -2.78038118e-04
   3.58275085e+02  -4.71457810e-04
   3.58275573e+02  -1.17292904e-04
   3.58276062e+02   2.73615966e-04
   3.58276550e+02   2.20369591e-04
   3.58277038e+02   2.62900663e-04
   3.58277527e+02   5.17630833e-04
   3.58278015e+02   4.52688604e-04
   3.58278503e+02   1.48340143e-04
   3.58278992e+02   3.08771007e-04
   3.58279480e+02   3.25222034e-04
   3.58279968e+02  -9.96349554e-05
   3.58280457e+02  -9.96877206e-05
   3.58280945e+02   1.79271941e-04
   3.58281433e+02   2.15762542e-04
   3.58281921e+02   1.34538772e-04
   3.58282410e+02   1.83101743e-04
   3.58282898e+02  -2.10267841e-04
   3.58283386e+02  -6.11590338e-04
   3.58283875e+02  -3.31604650e-04
   3.58284363e+02  -5.09966922e-04
   3.58284851e+02  -1.19755219e-03
   3.58285340e+02  -1.17776345e-03
   3.58285828e+02  -6.07213704e-04
   3.58286316e+02  -1.18764925e-04
   3.58286805e+02   3.29108210e-04
   3.58287293e+02   4.65535268e-04
   3.58287781e+02   2.82872090e-04
   3.58288269e+02   2.99851992e-04
   3.58288758e+02   2.21977767e-04
   3.58289246e+02   5.04074087e-05
   3.58289734e+02   1.46440667e-04
   3.58290223e+02   3.55134514e-04
   3.58290711e+02   5.80793312e-06
   3.58291199e+02  -8.31617741e-04
   3.58291688e+02  -8.81613174e-04
   3.58292176e+02  -3.15895799e-04
   3.58292664e+02  -1.27204665e-04
   3.58293153e+02  -3.67096305e-04
   3.58293641e+02  -8.88979062e-04
   3.58294129e+02  -1.00129575e-03
   3.58294617e+02  -5.13083534e-04
   3.58295106e+02  -5.24981988e-05
   3.58295594e+02  -7.54922803e-05
   3.58296082e+02  -4.31620807e-04
   3.58296571e+02  -7.27024686e-04
   3.58297059e+02  -8.25440919e-04
   3.58297547e+02  -6.35387900e-04
   3.58298036e+02  -3.05422785e-04
   3.58298524e+02   9.58635792e-05
   3.58299012e+02   2.15412598e-04
   3.58299501e+02  -2.55964434e-04
   3.58299989e+02  -5.53411781e-04
   3.58300477e+02  -3.62230523e-04
   3.58300965e+02  -5.04031312e-04
   3.58301454e+02  -4.00700868e-04
   3.58301942e+02   6.23784726e-05
   3.58302430e+02   8.85429981e-05
   3.58302919e+02  -1.82397678e-04
   3.58303407e+02  -1.82817093e-04
   3.58303895e+02  -1.68558254e-04
   3.58304384e+02  -1.35319176e-04
   3.58304872e+02   4.00143268e-04
   3.58305360e+02   4.87657933e-04
   3.58305849e+02   8.95712801e-05
   3.58306337e+02   3.35436402e-04
   3.58306825e+02   6.87182823e-04
   3.58307314e+02   5.53683029e-04
   3.58307802e+02   5.40282635e-04
   3.58308290e+02   3.21597705e-04
   3.58308778e+02   4.04372513e-05
   3.58309267e+02   1.24595565e-04
   3.58309755e+02   3.47674388e-04
   3.58310243e+02   3.41935025e-04
   3.58310732e+02   3.56675228e-05
   3.58311220e+02  -1.61233314e-04
   3.58311708e+02  -1.85911369e-04
   3.58312197e+02  -1.66703903e-04
   3.58312685e+02  -9.89052714e-05
   3.58313173e+02  -8.21211506e-05
   3.58313662e+02   2.63834136e-05
   3.58314150e+02  -2.49084231e-04
   3.58314638e+02  -4.95009648e-04
   3.58315126e+02  -3.61220562e-04
   3.58315615e+02  -4.95893473e-04
   3.58316103e+02  -2.82811583e-04
   3.58316591e+02   4.53846646e-04
   3.58317080e+02   5.45328134e-04
   3.58317568e+02   2.93833960e-04
   3.58318056e+02   5.00904163e-04
   3.58318545e+02   4.29594977e-04
   3.58319033e+02   5.07124932e-05
   3.58319521e+02  -1.68577157e-04
   3.58320010e+02  -1.04282444e-04
   3.58320498e+02   1.12170128e-04
   3.58320986e+02   1.27345775e-04
   3.58321474e+02  -5.55677689e-05
   3.58321963e+02  -2.06739627e-04
   3.58322451e+02  -5.70877513e-04
   3.58322939e+02  -1.29705388e-03
   3.58323428e+02  -1.64319447e-03
   3.58323916e+02  -9.85111692e-04
   3.58324404e+02  -4.27107225e-05
   3.58324893e+02   3.83807841e-04
   3.58325381e+02   6.62760809e-04
   3.58325869e+02   7.83780764e-04
   3.58326358e+02   5.40689973e-04
   3.58326846e+02   8.58679559e-05
   3.58327334e+02  -9.73160204e-05
   3.58327822e+02   3.87783657e-04
   3.58328311e+02   8.42841400e-04
   3.58328799e+02   7.74190295e-04
   3.58329287e+02  -5.33093698e-05
   3.58329776e+02  -5.68931107e-04
   3.58330264e+02  -3.29316477e-04
   3.58330752e+02   5.28952864e-04
   3.58331241e+02   3.27862450e-04
   3.58331729e+02  -2.92534940e-04
   3.58332217e+02  -1.23509162e-04
   3.58332706e+02  -2.84073412e-05
   3.58333194e+02  -5.12904837e-04
   3.58333682e+02  -8.75902188e-04
   3.58334170e+02  -6.89249136e-04
   3.58334659e+02  -5.23891300e-04
   3.58335147e+02  -9.47982771e-04
   3.58335635e+02  -1.05121010e-03
   3.58336124e+02  -4.19221615e-04
   3.58336612e+02   2.99020932e-04
   3.58337100e+02   3.79778445e-04
   3.58337589e+02  -1.65203819e-04
   3.58338077e+02  -2.12040657e-04
   3.58338565e+02   5.45521965e-04
   3.58339054e+02   6.41569844e-04
   3.58339542e+02  -8.90775991e-05
   3.58340030e+02  -4.98892905e-06
   3.58340518e+02   5.62457601e-04
   3.58341007e+02   5.54742292e-04
   3.58341495e+02   2.08803089e-04
   3.58341983e+02  -6.61094731e-04
   3.58342472e+02  -1.21905352e-03
   3.58342960e+02  -4.21535689e-04
   3.58343448e+02   4.60530136e-04
   3.58343937e+02   2.21094873e-04
   3.58344425e+02  -1.02330865e-04
   3.58344913e+02  -2.29192854e-04
   3.58345402e+02  -4.49024752e-04
   3.58345890e+02  -1.22863305e-04
   3.58346378e+02   3.92884773e-04
   3.58346867e+02   7.67368241e-04
   3.58347355e+02   1.12376781e-03
   3.58347843e+02   6.55389274e-04
   3.58348331e+02  -3.78909426e-05
   3.58348820e+02  -2.78354593e-04
   3.58349308e+02  -4.51779924e-04
   3.58349796e+02  -9.22506268e-04
   3.58350285e+02  -8.38220003e-04
   3.58350773e+02   1.71471518e-04
   3.58351261e+02   9.92962159e-04
   3.58351750e+02   9.86100524e-04
   3.58352238e+02   8.21647409e-04
   3.58352726e+02   1.11713284e-03
   3.58353215e+02   1.12297689e-03
   3.58353703e+02   3.39317572e-04
   3.58354191e+02  -1.18075084e-04
   3.58354679e+02   4.49276013e-05
   3.58355168e+02   2.31271595e-04
   3.58355656e+02  -8.22417860e-05
   3.58356144e+02  -6.91794790e-04
   3.58356633e+02  -8.81902874e-04
   3.58357121e+02  -6.62370643e-04
   3.58357609e+02  -1.40502729e-04
   3.58358098e+02   2.40572204e-04
   3.58358586e+02   4.68804414e-04
   3.58359074e+02   5.46094961e-04
   3.58359563e+02   4.90570150e-04
   3.58360051e+02   1.48073887e-04
   3.58360539e+02  -2.99805746e-04
   3.58361027e+02  -4.59612347e-04
   3.58361516e+02  -3.56222386e-04
   3.58362004e+02  -2.30627542e-04
   3.58362492e+02  -1.16998170e-04
   3.58362981e+02  -1.01184502e-04
   3.58363469e+02  -1.92519019e-05
   3.58363957e+02   3.57843295e-04
   3.58364446e+02   8.88193666e-04
   3.58364934e+02   4.89744823e-04
   3.58365422e+02   9.34572672e-05
   3.58365911e+02   3.80797777e-04
   3.58366399e+02   2.16103173e-04
   3.58366887e+02  -2.59930239e-04
   3.58367375e+02  -5.90859971e-04
   3.58367864e+02  -6.70795329e-04
   3.58368352e+02  -6.14924531e-04
   3.58368840e+02  -8.61781242e-04
   3.58369329e+02  -1.09690800e-03
   3.58369817e+02  -7.31581938e-04
   3.58370305e+02  -1.41823359e-04
   3.58370794e+02  -3.25681845e-04
   3.58371282e+02  -8.00085196e-04
   3.58371770e+02  -9.13846889e-04
   3.58372259e+02  -9.58086224e-04
   3.58372747e+02  -7.28282670e-04
   3.58373235e+02  -2.35121741e-04
   3.58373723e+02   1.32061105e-04
   3.58374212e+02   2.82724417e-04
   3.58374700e+02   3.92045011e-04
   3.58375188e+02   5.88154129e-04
   3.58375677e+02   4.65778343e-04
   3.58376165e+02   1.48936146e-04
   3.58376653e+02  -1.25690029e-04
   3.58377142e+02  -7.32100161e-04
   3.58377630e+02  -1.31231081e-03
   3.58378118e+02  -1.30097417e-03
   3.58378607e+02  -6.82882033e-04
   3.58379095e+02   1.69737468e-04
   3.58379583e+02   7.71148014e-04
   3.58380071e+02   5.96808968e-04
   3.58380560e+02   1.71115724e-04
   3.58381048e+02   1.93523796e-04
   3.58381536e+02  -6.06262074e-05
   3.58382025e+02  -3.20844789e-04
   3.58382513e+02   9.24947199e-06
   3.58383001e+02   1.94472421e-04
   3.58383490e+02   5.62012137e-05
   3.58383978e+02  -4.50126136e-05
   3.58384466e+02   1.80728865e-04
   3.58384955e+02   2.77434097e-04
   3.58385443e+02   8.29534183e-05
   3.58385931e+02  -1.48670646e-04
   3.58386420e+02  -4.45224505e-05
   3.58386908e+02   3.24517343e-04
   3.58387396e+02   4.58604074e-04
   3.58387884e+02   1.13023147e-04
   3.58388373e+02  -2.00191702e-04
   3.58388861e+02   1.10437060e-04
   3.58389349e+02   4.32085682e-04
   3.58389838e+02   4.14746464e-04
   3.58390326e+02   2.83215195e-04
   3.58390814e+02   1.92239371e-04
   3.58391303e+02  -2.66926188e-04
   3.58391791e+02  -5.52692858e-04
   3.58392279e+02  -4.77659632e-04
   3.58392768e+02  -4.72518703e-04
   3.58393256e+02  -3.09970899e-04
   3.58393744e+02   1.13000506e-05
   3.58394232e+02   2.98037980e-04
   3.58394721e+02   1.00463178e-04
   3.58395209e+02  -1.03113292e-04
   3.58395697e+02  -4.48283899e-05
   3.58396186e+02   2.00606314e-06
   3.58396674e+02  -8.53166493e-05
   3.58397162e+02  -2.08703364e-04
   3.58397651e+02  -7.55866931e-05
   3.58398139e+02   3.08187242e-04
   3.58398627e+02   8.83035827e-04
   3.58399116e+02   9.12560150e-04
   3.58399604e+02   5.43200586e-05
   3.58400092e+02  -5.62162197e-04
   3.58400580e+02  -6.39825244e-04
   3.58401069e+02  -8.28244258e-04
   3.58401557e+02  -7.55828980e-04
   3.58402045e+02  -2.39913279e-04
   3.58402534e+02   2.16607819e-04
   3.58403022e+02   1.87823767e-04
   3.58403510e+02  -2.63562833e-04
   3.58403999e+02  -6.32067735e-04
   3.58404487e+02  -2.73954793e-04
   3.58404975e+02   5.17978158e-04
   3.58405464e+02   8.22468312e-04
   3.58405952e+02   4.49050713e-04
   3.58406440e+02  -5.00590191e-04
   3.58406928e+02  -1.05918408e-03
   3.58407417e+02  -8.60261032e-04
   3.58407905e+02  -6.66906359e-04
   3.58408393e+02  -4.41329816e-04
   3.58408882e+02   7.45097714e-05
   3.58409370e+02   1.39313925e-04
   3.58409858e+02  -1.83858283e-04
   3.58410347e+02   1.08877990e-04
   3.58410835e+02   7.27198611e-04
   3.58411323e+02   1.03311427e-03
   3.58411812e+02   8.27274402e-04
   3.58412300e+02   2.82784167e-04
   3.58412788e+02   7.81788476e-05
   3.58413276e+02  -4.70968735e-06
   3.58413765e+02   5.29655590e-05
   3.58414253e+02   2.83353380e-04
   3.58414741e+02   2.06931236e-05
   3.58415230e+02  -1.37749230e-04
   3.58415718e+02  -8.21617505e-05
   3.58416206e+02   2.61008190e-05
   3.58416695e+02   2.19826557e-04
   3.58417183e+02   2.87211558e-04
   3.58417671e+02   3.24543566e-04
   3.58418160e+02   6.61852886e-04
   3.58418648e+02   6.30219176e-04
   3.58419136e+02   3.01167194e-04
   3.58419624e+02   1.29447460e-06
   3.58420113e+02  -2.33229919e-04
   3.58420601e+02  -7.49769388e-05
   3.58421089e+02   1.21694502e-04
   3.58421578e+02   2.57876604e-06
   3.58422066e+02  -5.99593295e-05
   3.58422554e+02   4.98543552e-04
   3.58423043e+02   1.06971979e-03
   3.58423531e+02   7.17108429e-04
   3.58424019e+02  -2.94971760e-05
   3.58424508e+02   2.39977569e-04
   3.58424996e+02   1.31287228e-03
   3.58425484e+02   1.65154971e-03
   3.58425973e+02   1.19006925e-03
   3.58426461e+02   2.86755327e-04
   3.58426949e+02  -3.57060489e-04
   3.58427437e+02  -1.53259884e-04
   3.58427926e+02  -2.19569440e-04
   3.58428414e+02  -7.68548634e-04
   3.58428902e+02  -4.79565089e-04
   3.58429391e+02   4.21227960e-05
   3.58429879e+02  -8.57551422e-05
   3.58430367e+02  -1.62395139e-04
   3.58430856e+02   6.24100608e-07
   3.58431344e+02   5.25957206e-04
   3.58431832e+02   5.11134567e-04
   3.58432321e+02  -2.50438490e-04
   3.58432809e+02  -3.43933818e-04
   3.58433297e+02   1.06348038e-04
   3.58433785e+02   2.07162797e-04
   3.58434274e+02   2.00790848e-04
   3.58434762e+02   2.24399235e-04
   3.58435250e+02   4.32502624e-04
   3.58435739e+02   3.97640251e-04
   3.58436227e+02  -2.57177016e-04
   3.58436715e+02  -9.27718473e-04
   3.58437204e+02  -6.77180302e-04
   3.58437692e+02   5.32908743e-05
   3.58438180e+02   3.81581835e-04
   3.58438669e+02   4.01603116e-04
   3.58439157e+02   6.08072616e-04
   3.58439645e+02   9.30518610e-04
   3.58440133e+02   6.73378061e-04
   3.58440622e+02   1.26825515e-04
   3.58441110e+02  -8.76482882e-05
   3.58441598e+02  -2.19673530e-04
   3.58442087e+02  -3.16650665e-04
   3.58442575e+02  -6.81665901e-04
   3.58443063e+02  -8.04176379e-04
   3.58443552e+02  -2.73192156e-04
   3.58444040e+02   1.76800677e-04
   3.58444528e+02   3.07259819e-04
   3.58445017e+02   1.15368588e-04
   3.58445505e+02  -3.05486057e-04
   3.58445993e+02  -3.29257280e-04
   3.58446481e+02   6.24375534e-04
   3.58446970e+02   7.99116329e-04
   3.58447458e+02   7.04356586e-04
   3.58447946e+02   4.55684960e-04
   3.58448435e+02   2.35635816e-04
   3.58448923e+02  -9.05485795e-05
   3.58449411e+02  -3.49347945e-04
   3.58449900e+02  -1.48797662e-05
   3.58450388e+02   4.38845775e-04
   3.58450876e+02   1.08550863e-04
   3.58451365e+02  -6.39878388e-04
   3.58451853e+02  -6.85988110e-04
   3.58452341e+02  -1.81203795e-04
   3.58452829e+02  -2.18397676e-04
   3.58453318e+02  -7.24087295e-04
   3.58453806e+02  -1.02685648e-03
   3.58454294e+02  -8.03971721e-04
   3.58454783e+02  -5.09580190e-04
   3.58455271e+02  -5.52731741e-04
   3.58455759e+02  -5.45017305e-04
   3.58456248e+02  -4.26442595e-04
   3.58456736e+02  -3.99708835e-04
   3.58457224e+02  -3.89809866e-04
   3.58457713e+02  -3.57270532e-04
   3.58458201e+02  -4.95986387e-05
   3.58458689e+02   3.07611539e-04
   3.58459177e+02   3.76201700e-04
   3.58459666e+02   3.31260439e-04
   3.58460154e+02   2.03081596e-04
   3.58460642e+02   1.83674783e-04
   3.58461131e+02   1.49327825e-04
   3.58461619e+02  -1.70181811e-04
   3.58462107e+02  -3.56165692e-04
   3.58462596e+02  -2.91157514e-04
   3.58463084e+02  -1.74617671e-04
   3.58463572e+02   1.11913621e-04
   3.58464061e+02   7.02904435e-05
   3.58464549e+02  -4.55596106e-04
   3.58465037e+02  -6.01126056e-04
   3.58465526e+02  -5.33677987e-04
   3.58466014e+02  -4.50191204e-04
   3.58466502e+02  -9.65439685e-05
   3.58466990e+02   2.64203642e-04
   3.58467479e+02   1.80887495e-04
   3.58467967e+02  -1.01516482e-04
   3.58468455e+02  -2.98319588e-04
   3.58468944e+02   1.82770091e-05
   3.58469432e+02   3.64644191e-04
   3.58469920e+02   2.00911265e-04
   3.58470409e+02   3.89416498e-04
   3.58470897e+02   6.49617577e-04
   3.58471385e+02   3.41455481e-04
   3.58471874e+02   7.01357578e-07
   3.58472362e+02  -8.46182738e-05
   3.58472850e+02  -4.03938175e-05
   3.58473338e+02   1.04274077e-04
   3.58473827e+02   2.17204259e-04
   3.58474315e+02   6.60171936e-05
   3.58474803e+02  -4.17484662e-05
   3.58475292e+02   1.33191264e-04
   3.58475780e+02   2.19979684e-05
   3.58476268e+02  -4.34870832e-04
   3.58476757e+02  -5.44096052e-04
   3.58477245e+02   1.28764004e-04
   3.58477733e+02   5.36063220e-04
   3.58478222e+02  -3.43037063e-05
   3.58478710e+02  -6.08733390e-04
   3.58479198e+02  -3.84942978e-04
   3.58479686e+02   6.12570802e-05
   3.58480175e+02   2.56721542e-04
   3.58480663e+02   2.92920246e-04
   3.58481151e+02   4.56856651e-04
   3.58481640e+02   6.82543614e-04
   3.58482128e+02   8.56765080e-04
   3.58482616e+02   7.90637219e-04
   3.58483105e+02   6.16162317e-04
   3.58483593e+02   7.85308541e-04
   3.58484081e+02   6.01199747e-04
   3.58484570e+02   2.85835122e-04
   3.58485058e+02   3.72596725e-04
   3.58485546e+02   5.21439419e-04
   3.58486034e+02   7.25722930e-04
   3.58486523e+02   7.37219991e-04
   3.58487011e+02   4.15758375e-04
   3.58487499e+02   1.60810247e-04
   3.58487988e+02   2.56671599e-04
   3.58488476e+02   1.82601943e-04
   3.58488964e+02   2.46078533e-04
   3.58489453e+02   5.02988871e-04
   3.58489941e+02   1.75708439e-04
   3.58490429e+02   1.15450882e-06
   3.58490918e+02   7.78874033e-04
   3.58491406e+02   1.40057469e-03
   3.58491894e+02   1.01180526e-03
   3.58492382e+02   4.23884048e-04
   3.58492871e+02   1.65581267e-04
   3.58493359e+02   1.24463681e-04
   3.58493847e+02   1.75953406e-04
   3.58494336e+02   5.17396023e-04
   3.58494824e+02   6.98771968e-04
   3.58495312e+02   2.91109201e-04
   3.58495801e+02  -2.09351187e-04
   3.58496289e+02  -4.48035164e-04
   3.58496777e+02  -2.47739110e-04
   3.58497266e+02   6.63496394e-05
   3.58497754e+02  -6.88664077e-05
   3.58498242e+02  -1.68559811e-04
   3.58498730e+02   6.98998774e-05
   3.58499219e+02   1.96806635e-04
   3.58499707e+02  -1.06860069e-04
   3.58500195e+02  -1.71754335e-04
   3.58500684e+02  -1.94770601e-05
   3.58501172e+02   1.39487616e-04
   3.58501660e+02   1.96496578e-04
   3.58502149e+02  -3.15682584e-04
   3.58502637e+02  -4.19882505e-04
   3.58503125e+02   2.00309529e-04
   3.58503614e+02   5.45390591e-04
   3.58504102e+02   4.28832282e-04
   3.58504590e+02   7.57261660e-05
   3.58505079e+02  -1.90697392e-04
   3.58505567e+02  -1.03908591e-04
   3.58506055e+02   1.00333789e-04
   3.58506543e+02   3.19249171e-04
   3.58507032e+02   5.39309054e-04
   3.58507520e+02  -5.14589829e-06
   3.58508008e+02  -6.12646050e-04
   3.58508497e+02  -4.69303108e-04
   3.58508985e+02  -4.33696026e-04
   3.58509473e+02  -7.46577280e-05
   3.58509962e+02   4.77990892e-04
   3.58510450e+02   4.22115525e-04
   3.58510938e+02   3.38308862e-04
   3.58511427e+02   4.03769955e-04
   3.58511915e+02   2.93250254e-04
   3.58512403e+02   4.23254969e-04
   3.58512891e+02   3.37577949e-04
   3.58513380e+02  -4.36881586e-04
   3.58513868e+02  -4.20206867e-04
   3.58514356e+02   2.35917731e-04
   3.58514845e+02   5.97065606e-04
   3.58515333e+02   8.25001916e-04
   3.58515821e+02   7.26443366e-04
   3.58516310e+02   2.18360859e-04
   3.58516798e+02  -4.95283166e-04
   3.58517286e+02  -1.01663277e-03
   3.58517775e+02  -6.86194340e-04
   3.58518263e+02  -1.14767281e-04
   3.58518751e+02  -3.52676987e-04
   3.58519239e+02  -9.58626275e-04
   3.58519728e+02  -1.43233384e-03
   3.58520216e+02  -1.45291409e-03
   3.58520704e+02  -9.30365000e-04
   3.58521193e+02  -4.34324174e-04
   3.58521681e+02  -1.16321484e-04
   3.58522169e+02   2.04865224e-04
   3.58522658e+02   4.52012959e-04
   3.58523146e+02   7.18215233e-05
   3.58523634e+02  -5.88150637e-04
   3.58524123e+02  -7.26509315e-04
   3.58524611e+02  -2.25808253e-04
   3.58525099e+02   1.88193691e-04
   3.58525587e+02   3.24030785e-04
   3.58526076e+02   4.02729231e-04
   3.58526564e+02   4.84156917e-05
   3.58527052e+02  -2.22015398e-04
   3.58527541e+02  -3.83518956e-04
   3.58528029e+02  -5.86652204e-05
   3.58528517e+02   5.86940558e-04
   3.58529006e+02   3.91079928e-04
   3.58529494e+02   1.25653314e-04
   3.58529982e+02   5.30085061e-04
   3.58530471e+02   5.86653070e-04
   3.58530959e+02   9.25206186e-05
   3.58531447e+02  -1.04825522e-04
   3.58531935e+02  -2.34403371e-04
   3.58532424e+02  -8.21412890e-04
   3.58532912e+02  -8.58622836e-04
   3.58533400e+02  -2.57525564e-04
   3.58533889e+02   5.87139475e-05
   3.58534377e+02   4.80383897e-04
   3.58534865e+02   4.51863394e-04
   3.58535354e+02  -3.00328335e-04
   3.58535842e+02  -3.11783457e-04
   3.58536330e+02   2.94616417e-04
   3.58536819e+02   6.75929885e-04
   3.58537307e+02   5.90358977e-04
   3.58537795e+02  -1.73978799e-06
   3.58538283e+02  -2.71973782e-04
   3.58538772e+02  -7.35616486e-05
   3.58539260e+02   8.22461443e-05
   3.58539748e+02  -4.35047004e-05
   3.58540237e+02  -1.85509678e-04
   3.58540725e+02  -5.36936459e-05
   3.58541213e+02  -2.11466380e-04
   3.58541702e+02  -4.93391359e-04
   3.58542190e+02  -4.88593418e-04
   3.58542678e+02  -4.44824836e-04
   3.58543167e+02  -1.51926637e-04
   3.58543655e+02   1.35288108e-04
   3.58544143e+02   2.48144730e-04
   3.58544632e+02   2.33910032e-04
   3.58545120e+02   1.09811699e-04
   3.58545608e+02  -2.91431497e-04
   3.58546096e+02  -4.73859371e-04
   3.58546585e+02  -1.67351362e-04
   3.58547073e+02   9.62933118e-05
   3.58547561e+02   1.49505911e-04
   3.58548050e+02  -2.39775502e-04
   3.58548538e+02  -6.43001928e-04
   3.58549026e+02  -6.03175024e-04
   3.58549515e+02  -5.99142746e-04
   3.58550003e+02  -2.96818296e-04
   3.58550491e+02   6.72566588e-04
   3.58550980e+02   8.14713945e-04
   3.58551468e+02   2.76643812e-04
   3.58551956e+02   7.41747499e-05
   3.58552444e+02   4.60177725e-05
   3.58552933e+02   1.86503210e-04
   3.58553421e+02   3.79176810e-04
   3.58553909e+02   4.35782858e-04
   3.58554398e+02   7.02940219e-04
   3.58554886e+02   8.11398670e-04
   3.58555374e+02   3.20794847e-04
   3.58555863e+02  -8.95208905e-06
   3.58556351e+02   2.06387587e-04
   3.58556839e+02  -1.30997796e-04
   3.58557328e+02  -8.99378036e-04
   3.58557816e+02  -8.57409730e-04
   3.58558304e+02  -3.34518176e-04
   3.58558792e+02  -3.16199847e-04
   3.58559281e+02  -6.23356100e-05
   3.58559769e+02   3.67211615e-04
   3.58560257e+02   1.70203435e-04
   3.58560746e+02  -1.80252813e-04
   3.58561234e+02  -3.41377250e-04
   3.58561722e+02  -3.02051893e-04
   3.58562211e+02  -7.86185774e-05
   3.58562699e+02   1.58724710e-04
   3.58563187e+02   1.13636321e-04
   3.58563676e+02  -2.50182813e-04
   3.58564164e+02  -3.38899990e-05
   3.58564652e+02   6.54719188e-05
   3.58565140e+02  -1.28271990e-04
   3.58565629e+02  -4.71390056e-04
   3.58566117e+02  -6.60794030e-04
   3.58566605e+02  -5.73866826e-04
   3.58567094e+02  -8.36252220e-05
   3.58567582e+02   1.04670748e-04
   3.58568070e+02  -3.88247223e-04
   3.58568559e+02  -1.01682381e-03
   3.58569047e+02  -9.70647787e-04
   3.58569535e+02   1.25271574e-04
   3.58570024e+02   7.42504955e-04
   3.58570512e+02   5.88412222e-04
   3.58571000e+02   7.22766737e-04
   3.58571488e+02   6.37178076e-04
   3.58571977e+02   3.11271811e-04
   3.58572465e+02   2.30204125e-04
   3.58572953e+02   5.08619181e-04
   3.58573442e+02   5.80177060e-04
   3.58573930e+02   4.36178925e-05
   3.58574418e+02  -1.95784902e-04
   3.58574907e+02   2.45399482e-04
   3.58575395e+02   6.57241617e-04
   3.58575883e+02   1.04323216e-03
   3.58576372e+02   9.83759994e-04
   3.58576860e+02   1.10514477e-04
   3.58577348e+02  -3.26071022e-04
   3.58577836e+02   5.50748991e-05
   3.58578325e+02   8.41706860e-05
   3.58578813e+02  -5.91995427e-04
   3.58579301e+02  -6.33800926e-04
   3.58579790e+02   1.70434854e-04
   3.58580278e+02   3.88650311e-04
   3.58580766e+02  -5.66673516e-05
   3.58581255e+02  -1.85784025e-04
   3.58581743e+02   6.35380457e-06
   3.58582231e+02  -2.67982599e-04
   3.58582720e+02  -9.12985124e-04
   3.58583208e+02  -9.60038626e-04
   3.58583696e+02  -5.75949904e-04
   3.58584185e+02  -2.26615026e-04
   3.58584673e+02   3.12912773e-04
   3.58585161e+02   2.15920503e-04
   3.58585649e+02  -1.68148792e-04
   3.58586138e+02  -1.58131312e-04
   3.58586626e+02  -2.86309340e-04
   3.58587114e+02  -2.70187331e-04
   3.58587603e+02  -2.51694873e-04
   3.58588091e+02  -5.58467815e-04
   3.58588579e+02  -5.34107385e-04
   3.58589068e+02  -4.60225783e-05
   3.58589556e+02   6.79269899e-04
   3.58590044e+02   9.90745379e-04
   3.58590533e+02   5.44296578e-04
   3.58591021e+02   3.66069908e-05
   3.58591509e+02  -8.66166738e-05
   3.58591997e+02   9.45686188e-05
   3.58592486e+02  -3.85683525e-05
   3.58592974e+02  -9.81893390e-05
   3.58593462e+02   2.77510611e-04
   3.58593951e+02   6.14798046e-04
   3.58594439e+02   2.00863011e-04
   3.58594927e+02  -7.75319524e-04
   3.58595416e+02  -6.75588904e-04
   3.58595904e+02  -2.27420096e-05
   3.58596392e+02   1.96234236e-04
   3.58596881e+02   2.37757369e-04
   3.58597369e+02   1.62479162e-04
   3.58597857e+02  -1.83445751e-04
   3.58598345e+02  -3.88996821e-04
   3.58598834e+02   9.10280723e-05
   3.58599322e+02   9.03008273e-04
   3.58599810e+02   8.74002813e-04
   3.58600299e+02  -2.06498080e-05
   3.58600787e+02  -6.16282283e-04
   3.58601275e+02  -2.50604411e-04
   3.58601764e+02   1.95218643e-04
   3.58602252e+02   1.51365195e-04
   3.58602740e+02   4.59566909e-05
   3.58603229e+02   1.15360563e-04
   3.58603717e+02   3.03781853e-04
   3.58604205e+02   1.73826062e-04
   3.58604693e+02   1.48623149e-04
   3.58605182e+02   3.13888158e-04
   3.58605670e+02  -6.75306655e-05
   3.58606158e+02  -3.78116471e-04
   3.58606647e+02  -8.35915853e-05
   3.58607135e+02   1.15215938e-04
   3.58607623e+02   3.96571588e-04
   3.58608112e+02   5.63247886e-04
   3.58608600e+02  -2.64512841e-04
   3.58609088e+02  -6.72219438e-04
   3.58609577e+02  -3.57818004e-04
   3.58610065e+02  -4.68802435e-04
   3.58610553e+02  -6.16429723e-04
   3.58611041e+02  -4.41744458e-04
   3.58611530e+02  -9.56046497e-05
   3.58612018e+02   5.18066983e-04
   3.58612506e+02   8.55009828e-04
   3.58612995e+02   4.69149032e-04
   3.58613483e+02   1.34557820e-04
   3.58613971e+02   3.43366555e-04
   3.58614460e+02   4.23540419e-04
   3.58614948e+02  -3.20593361e-04
   3.58615436e+02  -9.34667769e-04
   3.58615925e+02  -6.26060180e-04
   3.58616413e+02  -3.03977373e-04
   3.58616901e+02  -4.55630186e-04
   3.58617389e+02  -3.57576908e-04
   3.58617878e+02  -1.28814509e-05
   3.58618366e+02   9.97443640e-05
   3.58618854e+02   7.80017144e-05
   3.58619343e+02   6.08880837e-05
   3.58619831e+02  -1.03268383e-06
   3.58620319e+02   3.83022270e-05
   3.58620808e+02   2.72355101e-04
   3.58621296e+02   5.71406563e-04
   3.58621784e+02   4.95801040e-04
   3.58622273e+02   5.01042407e-04
   3.58622761e+02   8.45403527e-04
   3.58623249e+02   9.15225362e-04
   3.58623738e+02   2.90906930e-04
   3.58624226e+02  -1.25214356e-04
   3.58624714e+02  -2.00291572e-04
   3.58625202e+02  -5.28471312e-04
   3.58625691e+02  -4.83996642e-04
   3.58626179e+02  -2.50877405e-04
   3.58626667e+02  -4.25811624e-04
   3.58627156e+02  -3.15742916e-04
   3.58627644e+02   1.42103105e-04
   3.58628132e+02   1.18811564e-04
   3.58628621e+02  -1.78250730e-06
   3.58629109e+02   2.53199687e-04
   3.58629597e+02   1.54826397e-04
   3.58630086e+02  -4.28784784e-04
   3.58630574e+02  -4.44764097e-04
   3.58631062e+02   5.94079120e-06
   3.58631550e+02  -2.73737696e-05
   3.58632039e+02  -1.90614432e-04
   3.58632527e+02  -1.75657871e-04
   3.58633015e+02  -1.38601636e-05
   3.58633504e+02   2.63942966e-05
   3.58633992e+02  -4.13790374e-04
   3.58634480e+02  -3.05541151e-04
   3.58634969e+02   4.09899134e-04
   3.58635457e+02   8.76536767e-04
   3.58635945e+02   7.92928273e-04
   3.58636434e+02   4.11167915e-04
   3.58636922e+02   5.31374768e-04
   3.58637410e+02   8.61268723e-04
   3.58637898e+02   6.47229725e-04
   3.58638387e+02   4.29916719e-04
   3.58638875e+02   3.95671144e-04
   3.58639363e+02   4.29667503e-04
   3.58639852e+02   2.70330172e-04
   3.58640340e+02  -3.11232056e-04
   3.58640828e+02  -3.59793339e-04
   3.58641317e+02  -6.07080474e-05
   3.58641805e+02   4.81616462e-06
   3.58642293e+02   1.53537854e-04
   3.58642782e+02   2.70863733e-04
   3.58643270e+02   2.04026670e-04
   3.58643758e+02   4.88856109e-04
   3.58644246e+02   7.37653812e-04
   3.58644735e+02   1.45236205e-04
   3.58645223e+02  -4.62298194e-04
   3.58645711e+02  -1.55194037e-04
   3.58646200e+02   2.70793043e-05
   3.58646688e+02  -3.20319727e-04
   3.58647176e+02  -6.22960797e-05
   3.58647665e+02   3.01156659e-04
   3.58648153e+02   4.52281311e-05
   3.58648641e+02   2.24313590e-05
   3.58649130e+02   1.74022513e-04
   3.58649618e+02  -2.01028161e-04
   3.58650106e+02  -1.88858772e-04
   3.58650594e+02   4.28472995e-04
   3.58651083e+02   6.71816451e-05
   3.58651571e+02  -4.73877095e-04
   3.58652059e+02  -3.75875941e-04
   3.58652548e+02  -4.10901965e-04
   3.58653036e+02  -5.25313488e-04
   3.58653524e+02  -3.31510790e-04
   3.58654013e+02  -5.99517443e-05
   3.58654501e+02  -2.57449166e-04
   3.58654989e+02  -3.60432314e-04
   3.58655478e+02  -1.18496959e-04
   3.58655966e+02   3.61541170e-05
   3.58656454e+02   3.41020437e-04
   3.58656942e+02   8.07813078e-04
   3.58657431e+02   6.93075766e-04
   3.58657919e+02   6.89698311e-07
   3.58658407e+02  -3.56671721e-04
   3.58658896e+02  -1.70170661e-05
   3.58659384e+02   1.93683562e-04
   3.58659872e+02   3.48247486e-05
   3.58660361e+02  -2.92108220e-04
   3.58660849e+02  -2.89494958e-04
   3.58661337e+02  -5.59633263e-05
   3.58661826e+02  -9.99607364e-05
   3.58662314e+02   3.73707917e-05
   3.58662802e+02   2.94219004e-04
   3.58663291e+02   5.69811615e-04
   3.58663779e+02   7.66337442e-04
   3.58664267e+02   2.83960602e-04
   3.58664755e+02  -2.35469546e-04
   3.58665244e+02  -5.54485363e-04
   3.58665732e+02  -9.39767866e-04
   3.58666220e+02  -4.36982518e-04
   3.58666709e+02   6.13132841e-04
   3.58667197e+02   5.13783540e-04
   3.58667685e+02   1.61827818e-04
   3.58668174e+02   5.10057842e-04
   3.58668662e+02   4.87543643e-04
   3.58669150e+02   1.95825065e-04
   3.58669639e+02  -3.00921354e-04
   3.58670127e+02  -7.02037360e-04
   3.58670615e+02  -3.15024954e-04
   3.58671103e+02   4.15151415e-04
   3.58671592e+02   6.37058751e-04
   3.58672080e+02   7.36322370e-04
   3.58672568e+02   7.18948664e-04
   3.58673057e+02   3.61265382e-04
   3.58673545e+02   3.79957404e-04
   3.58674033e+02   6.42627769e-04
   3.58674522e+02   6.62339735e-04
   3.58675010e+02   7.04072358e-04
   3.58675498e+02   6.48632762e-04
   3.58675987e+02  -1.34343572e-04
   3.58676475e+02  -7.13616610e-04
   3.58676963e+02   1.32985559e-04
   3.58677451e+02   8.50531971e-04
   3.58677940e+02   6.84461324e-04
   3.58678428e+02   3.12870718e-04
   3.58678916e+02  -3.36774829e-04
   3.58679405e+02  -9.42749146e-04
   3.58679893e+02  -9.12236865e-04
   3.58680381e+02  -1.20012919e-04
   3.58680870e+02   3.51431401e-04
   3.58681358e+02   4.98273548e-05
   3.58681846e+02   4.55778136e-05
   3.58682335e+02   2.63772003e-04
   3.58682823e+02   3.54309217e-04
   3.58683311e+02   7.58032897e-04
   3.58683799e+02   8.32385209e-04
   3.58684288e+02   2.03443822e-04
   3.58684776e+02  -3.16078134e-04
   3.58685264e+02  -4.55562753e-04
   3.58685753e+02  -5.81326429e-04
   3.58686241e+02  -5.45951363e-04
   3.58686729e+02  -2.10199389e-04
   3.58687218e+02   2.95636783e-05
   3.58687706e+02   9.06315254e-05
   3.58688194e+02   1.77582260e-05
   3.58688683e+02  -2.78538500e-04
   3.58689171e+02  -5.17602370e-04
   3.58689659e+02  -1.11732399e-04
   3.58690147e+02   1.38093048e-04
   3.58690636e+02  -3.96110408e-04
   3.58691124e+02  -6.19264669e-04
   3.58691612e+02  -4.14853130e-04
   3.58692101e+02  -2.53977360e-05
   3.58692589e+02  -2.09454665e-05
   3.58693077e+02  -4.37089242e-04
   3.58693566e+02  -1.88468912e-04
   3.58694054e+02   2.65537208e-04
   3.58694542e+02  -3.64688094e-05
   3.58695031e+02  -3.04628978e-04
   3.58695519e+02   8.03658054e-07
   3.58696007e+02   6.33789532e-05
   3.58696495e+02  -1.57979841e-04
   3.58696984e+02   8.44545502e-05
   3.58697472e+02   8.61315522e-04
   3.58697960e+02   1.25632912e-03
   3.58698449e+02   7.85882061e-04
   3.58698937e+02   2.53397069e-04
   3.58699425e+02   5.28267294e-04
   3.58699914e+02   9.95026086e-04
   3.58700402e+02   6.98772958e-04
   3.58700890e+02  -1.99551592e-04
   3.58701379e+02  -7.17819901e-04
   3.58701867e+02  -5.66741044e-04
   3.58702355e+02  -2.44071125e-04
   3.58702844e+02  -4.09099848e-05
   3.58703332e+02  -1.24053564e-04
   3.58703820e+02  -2.01501680e-04
   3.58704308e+02  -2.19793961e-04
   3.58704797e+02  -1.71103369e-04
   3.58705285e+02  -1.58214723e-04
   3.58705773e+02  -3.70689580e-04
   3.58706262e+02  -4.49399522e-04
   3.58706750e+02  -4.12731024e-04
   3.58707238e+02  -4.39844560e-04
   3.58707727e+02  -3.57827259e-04
   3.58708215e+02  -5.03275136e-04
   3.58708703e+02  -7.39277049e-04
   3.58709192e+02  -3.19058076e-04
   3.58709680e+02   2.58478045e-04
   3.58710168e+02  -5.79373555e-05
   3.58710656e+02  -8.08523386e-04
   3.58711145e+02  -9.07264650e-04
   3.58711633e+02  -4.84313059e-04
   3.58712121e+02  -1.78007627e-04
   3.58712610e+02  -2.66690273e-04
   3.58713098e+02  -3.74366151e-04
   3.58713586e+02  -3.57935060e-04
   3.58714075e+02  -3.26227484e-04
   3.58714563e+02  -6.58675490e-05
   3.58715051e+02   3.65681743e-04
   3.58715540e+02   1.55753834e-04
   3.58716028e+02  -3.90050234e-04
   3.58716516e+02  -4.10369277e-04
   3.58717004e+02  -6.36243727e-04
   3.58717493e+02  -6.38897647e-04
   3.58717981e+02  -1.94908513e-04
   3.58718469e+02   1.16997238e-04
   3.58718958e+02   3.90984991e-04
   3.58719446e+02   5.97470324e-04
   3.58719934e+02   1.16896495e-04
   3.58720423e+02  -5.24570467e-04
   3.58720911e+02  -5.85569884e-04
   3.58721399e+02  -5.75460086e-04
   3.58721888e+02  -7.19266827e-04
   3.58722376e+02  -7.50392675e-04
   3.58722864e+02  -5.23133378e-04
   3.58723352e+02  -2.22827060e-04
   3.58723841e+02  -2.28538207e-04
   3.58724329e+02  -3.89644760e-04
   3.58724817e+02  -4.99170565e-04
   3.58725306e+02  -3.93815804e-04
   3.58725794e+02  -6.72795519e-04
   3.58726282e+02  -1.02914858e-03
   3.58726771e+02  -9.75767151e-04
   3.58727259e+02  -7.51534535e-04
   3.58727747e+02  -7.94340376e-05
   3.58728236e+02   5.98484534e-04
   3.58728724e+02   5.12000348e-04
   3.58729212e+02  -2.02578143e-04
   3.58729700e+02  -7.87541969e-04
   3.58730189e+02  -3.70741152e-04
   3.58730677e+02   1.91903397e-04
   3.58731165e+02  -3.14045436e-04
   3.58731654e+02  -7.43725861e-04
   3.58732142e+02  -2.37758170e-04
   3.58732630e+02   6.21079409e-04
   3.58733119e+02   1.17660349e-03
   3.58733607e+02   1.19595567e-03
   3.58734095e+02   1.01756898e-03
   3.58734584e+02   1.10204751e-03
   3.58735072e+02   9.48382250e-04
   3.58735560e+02   1.70976899e-04
   3.58736048e+02  -1.85259429e-04
   3.58736537e+02  -6.38941856e-06
   3.58737025e+02   2.35206739e-04
   3.58737513e+02   4.50297637e-04
   3.58738002e+02   1.56498281e-04
   3.58738490e+02  -2.21902214e-04
   3.58738978e+02  -1.64681420e-04
   3.58739467e+02   7.17624571e-05
   3.58739955e+02   9.64288120e-05
   3.58740443e+02   2.54873186e-04
   3.58740932e+02  -3.11237032e-04
   3.58741420e+02  -9.93482419e-04
   3.58741908e+02  -7.97226210e-04
   3.58742397e+02  -3.12536169e-04
   3.58742885e+02   3.42001673e-04
   3.58743373e+02   7.33331719e-04
   3.58743861e+02   8.20605710e-05
   3.58744350e+02  -3.83825129e-04
   3.58744838e+02  -3.01683995e-05
   3.58745326e+02   2.23643670e-04
   3.58745815e+02   4.46491555e-04
   3.58746303e+02   5.46001771e-04
   3.58746791e+02   4.27716353e-04
   3.58747280e+02   2.73886340e-04
   3.58747768e+02   1.06728781e-04
   3.58748256e+02   3.77235447e-05
   3.58748745e+02   1.03834616e-04
   3.58749233e+02   8.95632402e-05
   3.58749721e+02   1.07149215e-04
   3.58750209e+02   9.23465050e-05
   3.58750698e+02   1.95511471e-04
   3.58751186e+02   3.98855336e-04
   3.58751674e+02   5.84135531e-04
   3.58752163e+02   9.95779526e-04
   3.58752651e+02   1.18085195e-03
   3.58753139e+02   7.49384344e-04
   3.58753628e+02   4.68658516e-04
   3.58754116e+02   1.70972591e-04
   3.58754604e+02  -7.01495854e-04
   3.58755093e+02  -1.33383588e-03
   3.58755581e+02  -1.03834085e-03
   3.58756069e+02  -1.75473455e-04
   3.58756557e+02   4.21420846e-04
   3.58757046e+02   4.77502239e-04
   3.58757534e+02   2.78985215e-04
   3.58758022e+02  -2.18089321e-04
   3.58758511e+02  -4.18740994e-04
   3.58758999e+02  -1.79604540e-04
   3.58759487e+02  -1.86303194e-04
   3.58759976e+02  -4.31426859e-04
   3.58760464e+02  -2.96842540e-04
   3.58760952e+02  -1.06357147e-04
   3.58761441e+02  -2.48131837e-04
   3.58761929e+02   1.54272857e-04
   3.58762417e+02   4.83221171e-04
   3.58762905e+02   5.50238707e-04
   3.58763394e+02   1.06257992e-03
   3.58763882e+02   9.07367677e-04
   3.58764370e+02   3.03519104e-04
   3.58764859e+02   3.21458268e-04
   3.58765347e+02   3.94254806e-04
   3.58765835e+02   5.49875665e-04
   3.58766324e+02   7.23810284e-04
   3.58766812e+02   8.44089896e-04
   3.58767300e+02   5.53976919e-04
   3.58767789e+02  -2.22140225e-05
   3.58768277e+02  -6.83993567e-04
   3.58768765e+02  -8.69934098e-04
   3.58769253e+02  -6.70921116e-04
   3.58769742e+02  -8.21548107e-04
   3.58770230e+02  -5.11765887e-04
   3.58770718e+02  -1.50578933e-06
   3.58771207e+02  -1.20135002e-04
   3.58771695e+02  -9.67570959e-05
   3.58772183e+02   1.60072261e-04
   3.58772672e+02   2.28366072e-04
   3.58773160e+02   2.17631750e-04
   3.58773648e+02  -2.56459694e-04
   3.58774137e+02  -8.27862648e-04
   3.58774625e+02  -5.05407632e-04
   3.58775113e+02   1.86862977e-04
   3.58775601e+02   9.40897153e-05
   3.58776090e+02  -4.60899930e-04
   3.58776578e+02  -7.25433638e-04
   3.58777066e+02  -6.18898484e-04
   3.58777555e+02  -5.33912273e-04
   3.58778043e+02  -5.65324735e-04
   3.58778531e+02  -3.80830723e-04
   3.58779020e+02  -2.17397479e-04
   3.58779508e+02   2.25388740e-05
   3.58779996e+02   3.17109254e-04
   3.58780485e+02   3.24967317e-04
   3.58780973e+02   1.64046447e-04
   3.58781461e+02   1.06940839e-04
   3.58781950e+02  -1.89915154e-04
   3.58782438e+02  -9.80683020e-04
   3.58782926e+02  -1.05977070e-03
   3.58783414e+02  -7.43101566e-07
   3.58783903e+02   6.07112073e-04
   3.58784391e+02   3.78658558e-04
   3.58784879e+02  -9.02406537e-05
   3.58785368e+02  -2.52438476e-04
   3.58785856e+02  -4.35922702e-05
   3.58786344e+02  -1.99617789e-04
   3.58786833e+02  -5.80652268e-04
   3.58787321e+02  -3.30465409e-04
   3.58787809e+02  -2.44904368e-04
   3.58788298e+02  -6.64585212e-04
   3.58788786e+02  -5.88086084e-04
   3.58789274e+02  -7.58188980e-05
   3.58789762e+02   2.64931950e-05
   3.58790251e+02   1.26079074e-04
   3.58790739e+02   2.78376829e-05
   3.58791227e+02  -3.88949629e-05
   3.58791716e+02   1.16588228e-04
   3.58792204e+02  -3.53613781e-04
   3.58792692e+02  -1.02872320e-03
   3.58793181e+02  -1.24799134e-03
   3.58793669e+02  -1.08605763e-03
   3.58794157e+02  -8.40955472e-04
   3.58794646e+02  -7.58963870e-04
   3.58795134e+02  -7.66554673e-04
   3.58795622e+02  -6.19382772e-04
   3.58796110e+02   2.02556941e-04
   3.58796599e+02   7.86093995e-04
   3.58797087e+02   2.90466502e-04
   3.58797575e+02  -2.46016163e-04
   3.58798064e+02   3.17811675e-04
   3.58798552e+02   3.25802743e-04
   3.58799040e+02  -9.18056321e-06
   3.58799529e+02   1.14704584e-04
   3.58800017e+02  -4.52578133e-05
   3.58800505e+02  -9.58590128e-04
   3.58800994e+02  -1.26833504e-03
   3.58801482e+02  -7.96696229e-04
   3.58801970e+02  -2.92222394e-04
   3.58802458e+02  -2.91465167e-05
   3.58802947e+02  -2.06351164e-04
   3.58803435e+02  -1.04807504e-03
   3.58803923e+02  -1.48694857e-03
   3.58804412e+02  -9.60467034e-04
   3.58804900e+02   2.44754716e-04
   3.58805388e+02   1.55768520e-03
   3.58805877e+02   1.93296780e-03
   3.58806365e+02   1.29990617e-03
   3.58806853e+02   5.63169247e-04
   3.58807342e+02   1.86619087e-04
   3.58807830e+02  -5.04091906e-04
   3.58808318e+02  -8.26499949e-04
   3.58808806e+02  -5.94998186e-04
   3.58809295e+02  -4.40353411e-04
   3.58809783e+02  -2.46497075e-04
   3.58810271e+02   1.98342721e-04
   3.58810760e+02  -2.13500709e-04
   3.58811248e+02  -9.43027670e-04
   3.58811736e+02  -6.47207780e-04
   3.58812225e+02  -2.97338865e-05
   3.58812713e+02   2.36618798e-04
   3.58813201e+02  -1.75234585e-04
   3.58813690e+02  -5.02395967e-04
   3.58814178e+02  -3.40765313e-04
   3.58814666e+02  -7.55659945e-04
   3.58815154e+02  -1.63550128e-03
   3.58815643e+02  -1.81998347e-03
   3.58816131e+02  -1.19667465e-03
   3.58816619e+02  -8.59153224e-05
   3.58817108e+02   3.13743716e-04
   3.58817596e+02   2.73179554e-04
   3.58818084e+02   5.98581799e-04
   3.58818573e+02   6.67000597e-04
   3.58819061e+02  -1.30054672e-04
   3.58819549e+02  -7.34029396e-04
   3.58820038e+02  -1.36026589e-04
   3.58820526e+02   3.89345601e-04
   3.58821014e+02   4.72966967e-05
   3.58821503e+02   1.82872071e-04
   3.58821991e+02   2.54468090e-04
   3.58822479e+02   3.87311273e-04
   3.58822967e+02   8.77678627e-04
   3.58823456e+02   4.96136025e-04
   3.58823944e+02  -6.30448805e-04
   3.58824432e+02  -1.60896254e-03
   3.58824921e+02  -1.65218720e-03
   3.58825409e+02  -5.72232995e-04
   3.58825897e+02   1.97803616e-04
   3.58826386e+02  -2.27961846e-05
   3.58826874e+02   1.98469774e-04
   3.58827362e+02   1.25744450e-03
   3.58827851e+02   1.80429709e-03
   3.58828339e+02   1.34262012e-03
   3.58828827e+02   9.39751510e-04
   3.58829315e+02   6.65853440e-04
   3.58829804e+02   2.37618180e-04
   3.58830292e+02   2.63286231e-04
   3.58830780e+02   1.37674346e-04
   3.58831269e+02  -3.66101944e-04
   3.58831757e+02  -7.61988165e-04
   3.58832245e+02  -7.29613064e-04
   3.58832734e+02  -3.28486436e-04
   3.58833222e+02   5.25150244e-05
   3.58833710e+02   1.86661608e-04
   3.58834199e+02   1.37496652e-04
   3.58834687e+02   5.42313675e-04
   3.58835175e+02   6.84567203e-04
   3.58835663e+02  -8.32343721e-06
   3.58836152e+02  -3.37363599e-04
   3.58836640e+02  -7.38742237e-04
   3.58837128e+02  -9.39709600e-04
   3.58837617e+02  -4.37120645e-04
   3.58838105e+02   3.11701326e-04
   3.58838593e+02   7.56352150e-04
   3.58839082e+02   5.85763599e-04
   3.58839570e+02   7.44900201e-04
   3.58840058e+02   8.95888894e-04
   3.58840547e+02   6.39514590e-04
   3.58841035e+02   7.20669283e-04
   3.58841523e+02   8.44323076e-04
   3.58842011e+02   1.22502516e-03
   3.58842500e+02   2.00885744e-03
   3.58842988e+02   1.50895270e-03
   3.58843476e+02   7.25684396e-04
   3.58843965e+02   3.90154368e-04
   3.58844453e+02  -4.25747654e-04
   3.58844941e+02  -1.17355445e-03
   3.58845430e+02  -1.01909856e-03
   3.58845918e+02   3.54063144e-04
   3.58846406e+02   1.08761981e-03
   3.58846895e+02   1.87652855e-04
   3.58847383e+02  -4.36928152e-04
   3.58847871e+02   1.47582017e-04
   3.58848359e+02   1.10504567e-03
   3.58848848e+02   1.00804097e-03
   3.58849336e+02   7.45132216e-04
   3.58849824e+02   1.08574238e-03
   3.58850313e+02   1.23002112e-03
   3.58850801e+02   1.00331707e-03
   3.58851289e+02   4.98569687e-04
   3.58851778e+02   2.94643996e-05
   3.58852266e+02   5.21699316e-04
   3.58852754e+02   5.39948989e-04
   3.58853243e+02   3.81874452e-05
   3.58853731e+02   1.15123892e-03
   3.58854219e+02   2.47927289e-03
   3.58854707e+02   1.43351429e-03
   3.58855196e+02   4.06190258e-04
   3.58855684e+02  -4.74134831e-05
   3.58856172e+02  -2.37040913e-05
   3.58856661e+02   4.34065616e-04
   3.58857149e+02  -1.19033630e-05
   3.58857637e+02  -6.43495994e-04
   3.58858126e+02  -5.65179216e-04
   3.58858614e+02   4.58874536e-04
   3.58859102e+02   1.07058568e-03
   3.58859591e+02   2.25176700e-04
   3.58860079e+02  -1.13640376e-03
   3.58860567e+02  -1.35278900e-03
   3.58861056e+02  -6.47156558e-04
   3.58861544e+02  -3.78245517e-04
   3.58862032e+02  -7.72858388e-04
   3.58862520e+02  -8.93481076e-04
   3.58863009e+02   1.52002103e-04
   3.58863497e+02   3.74311843e-04
   3.58863985e+02  -5.94374957e-04
   3.58864474e+02   1.03295497e-04
   3.58864962e+02   5.40853362e-04
   3.58865450e+02  -8.24078626e-04
   3.58865939e+02  -1.28645019e-03
   3.58866427e+02  -9.51859111e-05
   3.58866915e+02   5.98439015e-04
   3.58867404e+02   2.50510697e-04
   3.58867892e+02  -1.82617325e-04
   3.58868380e+02   2.61907262e-04
   3.58868868e+02   3.89228298e-05
   3.58869357e+02  -7.71006744e-04
   3.58869845e+02  -1.54214911e-03
   3.58870333e+02  -1.41665386e-03
   3.58870822e+02   1.43171797e-04
   3.58871310e+02   1.28761400e-03
   3.58871798e+02   7.14177615e-04
   3.58872287e+02   4.58337861e-04
   3.58872775e+02   1.64245931e-03
   3.58873263e+02   8.09309073e-04
   3.58873752e+02   2.32278559e-04
   3.58874240e+02   1.43067411e-03
   3.58874728e+02   1.44431018e-03
   3.58875216e+02   6.11956522e-04
   3.58875705e+02  -3.79372039e-04
   3.58876193e+02  -1.95087545e-04
   3.58876681e+02   1.30886619e-03
   3.58877170e+02   8.29521916e-04
   3.58877658e+02  -2.04240423e-04
   3.58878146e+02  -8.07106320e-04
   3.58878635e+02  -1.64032460e-03
   3.58879123e+02  -1.00633269e-03
   3.58879611e+02  -1.92796389e-04
   3.58880100e+02   7.75433902e-04
   3.58880588e+02   1.84505468e-03
   3.58881076e+02   5.69479656e-04
   3.58881564e+02  -6.51933718e-04
   3.58882053e+02  -1.97293935e-04
   3.58882541e+02   2.10761238e-04
   3.58883029e+02   3.55664466e-04
   3.58883518e+02   6.31996780e-04
   3.58884006e+02   5.94908954e-04
   3.58884494e+02   3.78681492e-04
   3.58884983e+02  -2.09643586e-05
   3.58885471e+02  -1.16616511e-03
   3.58885959e+02  -1.44373788e-03
   3.58886448e+02  -4.30676271e-04
   3.58886936e+02   1.45630969e-04
   3.58887424e+02   4.34731512e-04
   3.58887912e+02   5.17946646e-05
   3.58888401e+02  -1.08677498e-03
   3.58888889e+02  -1.89969107e-03
   3.58889377e+02  -9.81690129e-04
   3.58889866e+02   1.07427221e-03
   3.58890354e+02   8.08583456e-04
   3.58890842e+02  -8.10210360e-04
   3.58891331e+02  -9.05020454e-04
   3.58891819e+02  -4.78868169e-04
   3.58892307e+02  -1.54902184e-04
   3.58892796e+02   1.63497520e-04
   3.58893284e+02  -1.28851898e-04
   3.58893772e+02   6.44907777e-05
   3.58894260e+02   7.74648099e-04
   3.58894749e+02   7.47911923e-04
   3.58895237e+02   3.37793288e-04
   3.58895725e+02   7.98099791e-04
   3.58896214e+02   7.33030727e-04
   3.58896702e+02   6.82578029e-05
   3.58897190e+02   2.47968099e-04
   3.58897679e+02   1.73675144e-04
   3.58898167e+02  -8.78738647e-04
   3.58898655e+02  -1.60566764e-03
   3.58899144e+02  -9.84687824e-04
   3.58899632e+02  -3.19765997e-04
   3.58900120e+02  -1.31835273e-04
   3.58900608e+02   8.88746508e-05
   3.58901097e+02   1.81147232e-04
   3.58901585e+02  -9.71964109e-05
   3.58902073e+02  -5.32443926e-04
   3.58902562e+02  -2.39296234e-04
   3.58903050e+02   1.00375339e-03
   3.58903538e+02   1.63847359e-03
   3.58904027e+02   1.11387810e-03
   3.58904515e+02   1.01591297e-03
   3.58905003e+02   1.48343248e-03
   3.58905492e+02   1.03262451e-03
   3.58905980e+02  -3.87748223e-05
   3.58906468e+02  -2.61684705e-04
   3.58906957e+02   3.08025221e-04
   3.58907445e+02   6.13017124e-04
   3.58907933e+02   5.44668757e-04
   3.58908421e+02   4.63755074e-04
   3.58908910e+02   2.83531321e-04
   3.58909398e+02   1.45490514e-04
   3.58909886e+02  -8.12185317e-05
   3.58910375e+02  -6.75939664e-04
   3.58910863e+02  -5.18880202e-04
   3.58911351e+02   3.08341318e-04
   3.58911840e+02   3.90948204e-04
   3.58912328e+02   7.40116637e-04
   3.58912816e+02   8.73194891e-04
   3.58913305e+02  -1.37853334e-04
   3.58913793e+02  -6.16653066e-04
   3.58914281e+02  -1.15557676e-04
   3.58914769e+02   3.20203399e-04
   3.58915258e+02   5.05968746e-05
   3.58915746e+02  -5.32689854e-04
   3.58916234e+02  -4.44028061e-04
   3.58916723e+02  -1.11610439e-04
   3.58917211e+02  -7.44681674e-05
   3.58917699e+02   4.13264730e-04
   3.58918188e+02   1.06649089e-03
   3.58918676e+02   8.66698043e-04
   3.58919164e+02   8.89478542e-04
   3.58919653e+02   1.34746125e-03
   3.58920141e+02   9.39006801e-04
   3.58920629e+02  -3.49512760e-04
   3.58921117e+02  -1.20935112e-03
   3.58921606e+02  -7.55147543e-04
   3.58922094e+02  -5.64218390e-05
   3.58922582e+02   4.30124812e-04
   3.58923071e+02   1.03685493e-03
   3.58923559e+02   7.83285534e-04
   3.58924047e+02   5.23461640e-05
   3.58924536e+02   5.29529527e-04
   3.58925024e+02   6.86502550e-04
   3.58925512e+02  -1.44345220e-04
   3.58926001e+02  -1.56008668e-04
   3.58926489e+02   1.30631059e-04
   3.58926977e+02   2.68298667e-04
   3.58927465e+02   8.96606187e-04
   3.58927954e+02   6.52752118e-04
   3.58928442e+02  -4.65153717e-04
   3.58928930e+02  -3.44334549e-04
   3.58929419e+02   6.75799383e-04
   3.58929907e+02   4.08168620e-04
   3.58930395e+02  -5.23546129e-04
   3.58930884e+02  -2.83296220e-04
   3.58931372e+02   2.31706843e-04
   3.58931860e+02   4.48959618e-04
   3.58932349e+02   6.87990396e-04
   3.58932837e+02   5.51002740e-04
   3.58933325e+02   2.04387310e-04
   3.58933813e+02   1.60374577e-04
   3.58934302e+02   1.26204133e-04
   3.58934790e+02   1.09310524e-04
   3.58935278e+02   8.75748519e-05
   3.58935767e+02   3.02935718e-04
   3.58936255e+02   6.02694228e-04
   3.58936743e+02   4.06970823e-04
   3.58937232e+02  -7.67497622e-05
   3.58937720e+02  -5.86078269e-04
   3.58938208e+02  -8.36462306e-04
   3.58938697e+02  -7.14648049e-04
   3.58939185e+02  -1.78993127e-04
   3.58939673e+02   6.05652924e-04
   3.58940161e+02   6.91934954e-04
   3.58940650e+02  -3.39673017e-04
   3.58941138e+02  -1.32635818e-03
   3.58941626e+02  -1.19408523e-03
   3.58942115e+02  -7.68987171e-04
   3.58942603e+02  -3.93349444e-04
   3.58943091e+02  -1.47335944e-04
   3.58943580e+02  -1.06520695e-03
   3.58944068e+02  -2.10348936e-03
   3.58944556e+02  -1.06291228e-03
   3.58945045e+02   8.64066125e-04
   3.58945533e+02   1.26631674e-03
   3.58946021e+02   8.72218341e-04
   3.58946510e+02   8.02296097e-04
   3.58946998e+02   7.67428777e-04
   3.58947486e+02   5.51189762e-04
   3.58947974e+02   4.08516353e-04
   3.58948463e+02   6.34326134e-04
   3.58948951e+02   6.80797209e-04
   3.58949439e+02   3.78492987e-04
   3.58949928e+02   3.26920795e-04
   3.58950416e+02   1.29327658e-04
   3.58950904e+02  -2.92555196e-04
   3.58951393e+02  -4.82577074e-04
   3.58951881e+02  -1.34998176e-04
   3.58952369e+02   8.69209034e-05
   3.58952858e+02   3.50873917e-04
   3.58953346e+02   9.91524197e-04
   3.58953834e+02   1.28914276e-03
   3.58954322e+02   7.94003077e-04
   3.58954811e+02   5.79921063e-04
   3.58955299e+02   6.42921543e-04
   3.58955787e+02   9.23315529e-05
   3.58956276e+02  -4.20590979e-04
   3.58956764e+02  -6.52669580e-04
   3.58957252e+02  -3.03537468e-04
   3.58957741e+02   4.97279339e-04
   3.58958229e+02   5.81911707e-04
   3.58958717e+02   1.65985140e-04
   3.58959206e+02  -2.36781882e-04
   3.58959694e+02  -4.86546414e-05
   3.58960182e+02   5.03492309e-04
   3.58960670e+02   1.90966879e-04
   3.58961159e+02  -5.22278424e-04
   3.58961647e+02  -4.55459900e-04
   3.58962135e+02  -1.21239224e-04
   3.58962624e+02   1.40096425e-04
   3.58963112e+02   5.25960815e-04
   3.58963600e+02   4.05494618e-04
   3.58964089e+02   7.60575574e-07
   3.58964577e+02   7.17180024e-04
   3.58965065e+02   1.05700805e-03
   3.58965554e+02  -6.85151326e-06
   3.58966042e+02  -9.23947664e-04
   3.58966530e+02  -1.04324904e-03
   3.58967018e+02  -9.27050889e-04
   3.58967507e+02  -7.59646355e-04
   3.58967995e+02  -6.51808630e-04
   3.58968483e+02  -4.27160063e-04
   3.58968972e+02   1.97441885e-04
   3.58969460e+02   3.59226775e-04
   3.58969948e+02   1.96705296e-04
   3.58970437e+02  -1.58423383e-04
   3.58970925e+02  -7.50124222e-04
   3.58971413e+02  -9.16709309e-04
   3.58971902e+02  -7.56727532e-04
   3.58972390e+02  -7.47328682e-04
   3.58972878e+02  -7.79727823e-04
   3.58973366e+02  -5.62586123e-04
   3.58973855e+02  -1.95949924e-05
   3.58974343e+02   3.89438996e-04
   3.58974831e+02   3.18762963e-04
   3.58975320e+02   1.30178189e-04
   3.58975808e+02  -3.75279284e-04
   3.58976296e+02  -2.23902054e-04
   3.58976785e+02   4.79334441e-04
   3.58977273e+02   2.00068942e-04
   3.58977761e+02  -9.50288377e-05
   3.58978250e+02   3.40881525e-04
   3.58978738e+02   6.01509761e-04
   3.58979226e+02   3.63545521e-04
   3.58979714e+02   2.51738180e-04
   3.58980203e+02   3.90354660e-04
   3.58980691e+02   2.30539692e-04
   3.58981179e+02  -1.85576893e-04
   3.58981668e+02  -1.17192169e-04
   3.58982156e+02   3.99650802e-04
   3.58982644e+02   1.89409751e-04
   3.58983133e+02  -5.96807455e-04
   3.58983621e+02  -7.10608147e-04
   3.58984109e+02  -1.62075507e-04
   3.58984598e+02  -2.11192368e-04
   3.58985086e+02  -1.57314877e-04
   3.58985574e+02   3.06630129e-04
   3.58986063e+02   1.76734990e-04
   3.58986551e+02  -1.37714116e-04
   3.58987039e+02   7.16536670e-05
   3.58987527e+02   2.43913935e-04
   3.58988016e+02  -7.90440117e-06
   3.58988504e+02  -2.41845162e-04
   3.58988992e+02  -2.02278563e-04
   3.58989481e+02  -1.64070894e-04
   3.58989969e+02  -1.95781438e-04
   3.58990457e+02  -3.94672243e-04
   3.58990946e+02  -2.35302054e-04
   3.58991434e+02   1.05400366e-04
   3.58991922e+02   1.33680252e-04
   3.58992411e+02  -2.31626225e-04
   3.58992899e+02  -4.39416268e-04
   3.58993387e+02  -3.86375701e-04
   3.58993875e+02  -8.08697077e-04
   3.58994364e+02  -8.74102989e-04
   3.58994852e+02  -3.02597153e-04
   3.58995340e+02  -1.41224795e-04
   3.58995829e+02   7.10075847e-06
   3.58996317e+02   2.76240491e-04
   3.58996805e+02   2.04382246e-04
   3.58997294e+02  -1.06302687e-04
   3.58997782e+02  -4.29461710e-04
   3.58998270e+02  -7.02164543e-04
   3.58998759e+02  -8.74485006e-04
   3.58999247e+02  -6.92573783e-04
   3.58999735e+02  -4.08391788e-04
   3.59000223e+02   1.78220762e-05
   3.59000712e+02   2.10574493e-04
   3.59001200e+02   3.04290588e-04
   3.59001688e+02   5.15899679e-04
   3.59002177e+02   8.01797287e-05
   3.59002665e+02  -1.63631717e-04
   3.59003153e+02   7.20115029e-04
   3.59003642e+02   6.53673022e-04
   3.59004130e+02  -6.78492419e-04
   3.59004618e+02  -1.18794420e-03
   3.59005107e+02  -4.24093363e-04
   3.59005595e+02   4.01884201e-04
   3.59006083e+02   5.89346804e-04
   3.59006571e+02   8.82869819e-04
   3.59007060e+02   8.27858748e-04
   3.59007548e+02   1.83416385e-04
   3.59008036e+02  -1.02457212e-04
   3.59008525e+02  -1.27246356e-04
   3.59009013e+02  -2.15263397e-04
   3.59009501e+02  -5.54867496e-04
   3.59009990e+02  -4.48542618e-04
   3.59010478e+02   2.81203189e-04
   3.59010966e+02   4.39558848e-04
   3.59011455e+02  -1.20874640e-04
   3.59011943e+02  -3.96233867e-04
   3.59012431e+02  -7.07856088e-04
   3.59012919e+02  -1.20726554e-03
   3.59013408e+02  -1.10739272e-03
   3.59013896e+02  -3.39152903e-04
   3.59014384e+02   3.37490201e-04
   3.59014873e+02   5.44703100e-04
   3.59015361e+02   5.99872554e-04
   3.59015849e+02   4.26992250e-04
   3.59016338e+02   4.88672755e-04
   3.59016826e+02   3.86952452e-04
   3.59017314e+02  -2.14721193e-04
   3.59017803e+02  -2.71153782e-04
   3.59018291e+02   2.19190242e-05
   3.59018779e+02  -1.05486703e-04
   3.59019267e+02  -2.61157955e-04
   3.59019756e+02  -3.05934111e-04
   3.59020244e+02  -5.86372684e-04
   3.59020732e+02  -9.06917732e-04
   3.59021221e+02  -5.52677026e-04
   3.59021709e+02   4.28829226e-04
   3.59022197e+02   9.83889680e-04
   3.59022686e+02   5.13689243e-04
   3.59023174e+02  -4.98890819e-04
   3.59023662e+02  -6.70014822e-04
   3.59024151e+02   2.99769832e-04
   3.59024639e+02   4.99706133e-04
   3.59025127e+02  -3.49963811e-04
   3.59025616e+02  -5.07728779e-04
   3.59026104e+02   1.04238614e-04
   3.59026592e+02   2.78985506e-04
   3.59027080e+02   1.57208124e-04
   3.59027569e+02   3.08406161e-05
   3.59028057e+02   1.19585173e-04
   3.59028545e+02   1.66627098e-04
   3.59029034e+02   1.19084711e-04
   3.59029522e+02  -3.11574753e-04
   3.59030010e+02  -1.09398400e-03
   3.59030499e+02  -9.51039663e-04
   3.59030987e+02  -4.77512978e-04
   3.59031475e+02  -6.94394694e-04
   3.59031964e+02  -4.51216707e-04
   3.59032452e+02   7.57166592e-04
   3.59032940e+02   9.51242866e-04
   3.59033428e+02  -6.31165894e-05
   3.59033917e+02  -3.64400097e-04
   3.59034405e+02   1.80089351e-04
   3.59034893e+02   2.77431100e-04
   3.59035382e+02   1.07443571e-04
   3.59035870e+02   2.28910314e-04
   3.59036358e+02   5.47197473e-04
   3.59036847e+02   5.84340072e-04
   3.59037335e+02  -3.20713152e-05
   3.59037823e+02  -6.67355489e-04
   3.59038312e+02  -6.91326859e-04
   3.59038800e+02  -4.30024811e-04
   3.59039288e+02   1.73880588e-04
   3.59039776e+02   9.51008289e-04
   3.59040265e+02   1.24342856e-03
   3.59040753e+02   1.37982378e-03
   3.59041241e+02   1.38752419e-03
   3.59041730e+02   6.93261041e-04
   3.59042218e+02   5.62152476e-04
   3.59042706e+02   8.37165921e-04
   3.59043195e+02   3.09771422e-04
   3.59043683e+02  -5.89777017e-04
   3.59044171e+02  -1.08958676e-03
   3.59044660e+02  -7.80120725e-04
   3.59045148e+02  -3.48422502e-04
   3.59045636e+02   2.03154836e-04
   3.59046124e+02   6.58680277e-04
   3.59046613e+02   5.58077765e-04
   3.59047101e+02   9.89186810e-05
   3.59047589e+02  -4.91923827e-04
   3.59048078e+02  -4.39483149e-04
   3.59048566e+02   1.67298509e-04
   3.59049054e+02   3.92024580e-04
   3.59049543e+02   8.18496337e-05
   3.59050031e+02   2.11961538e-04
   3.59050519e+02   5.82735869e-04
   3.59051008e+02  -2.27850796e-05
   3.59051496e+02  -7.67909107e-04
   3.59051984e+02  -5.74998616e-04
   3.59052472e+02  -1.73108085e-04
   3.59052961e+02  -1.86115023e-04
   3.59053449e+02  -2.75575178e-04
   3.59053937e+02   2.79075699e-04
   3.59054426e+02   4.53738699e-04
   3.59054914e+02  -3.94403527e-04
   3.59055402e+02  -3.56817152e-04
   3.59055891e+02   1.14622970e-04
   3.59056379e+02  -1.33530528e-04
   3.59056867e+02  -2.45912495e-04
   3.59057356e+02   4.67422447e-04
   3.59057844e+02   7.04561942e-04
   3.59058332e+02  -4.33077308e-04
   3.59058820e+02  -1.00135058e-03
   3.59059309e+02  -4.24266560e-04
   3.59059797e+02   3.69027926e-04
   3.59060285e+02   9.74247640e-04
   3.59060774e+02   7.13336456e-04
   3.59061262e+02   4.00494973e-05
   3.59061750e+02  -6.45732507e-04
   3.59062239e+02  -6.77684089e-04
   3.59062727e+02   2.14690852e-04
   3.59063215e+02   8.29841825e-04
   3.59063704e+02   5.85622271e-04
   3.59064192e+02   8.95895391e-06
   3.59064680e+02  -1.37852930e-05
   3.59065169e+02   2.54880491e-04
   3.59065657e+02   1.61836710e-04
   3.59066145e+02   7.69558101e-05
   3.59066633e+02   2.85406801e-04
   3.59067122e+02   2.01850227e-04
   3.59067610e+02  -4.36228118e-04
   3.59068098e+02  -5.24878968e-04
   3.59068587e+02  -2.36651540e-04
   3.59069075e+02  -1.95676708e-04
   3.59069563e+02  -7.79951806e-05
   3.59070052e+02   6.73583272e-05
   3.59070540e+02   5.06377546e-05
   3.59071028e+02   5.03648735e-05
   3.59071517e+02   9.06297282e-05
   3.59072005e+02   1.77465132e-04
   3.59072493e+02   1.38354633e-04
   3.59072981e+02   3.47818830e-04
   3.59073470e+02   8.31608078e-04
   3.59073958e+02   6.82311889e-04
   3.59074446e+02   2.50963465e-04
   3.59074935e+02  -4.84218663e-06
   3.59075423e+02   2.94779402e-05
   3.59075911e+02   3.98628501e-04
   3.59076400e+02   5.59505890e-04
   3.59076888e+02   4.28388266e-05
   3.59077376e+02  -6.35605131e-04
   3.59077865e+02  -6.54966861e-04
   3.59078353e+02  -1.20777506e-04
   3.59078841e+02   6.50371658e-05
   3.59079329e+02  -3.65140790e-04
   3.59079818e+02  -6.13747980e-04
   3.59080306e+02  -6.08207018e-04
   3.59080794e+02  -3.07114300e-04
   3.59081283e+02   4.99644026e-04
   3.59081771e+02   4.62382479e-04
   3.59082259e+02  -3.16279300e-04
   3.59082748e+02  -6.13535813e-04
   3.59083236e+02  -3.94003320e-04
   3.59083724e+02   5.27902594e-05
   3.59084213e+02   4.27086139e-04
   3.59084701e+02   6.42468978e-04
   3.59085189e+02   6.03729684e-04
   3.59085677e+02   2.79290107e-04
   3.59086166e+02  -3.89534835e-05
   3.59086654e+02   3.95579855e-06
   3.59087142e+02  -5.83108977e-06
   3.59087631e+02  -2.64573697e-04
   3.59088119e+02  -3.26230424e-04
   3.59088607e+02   4.58789982e-05
   3.59089096e+02   1.76880945e-04
   3.59089584e+02   1.29147607e-04
   3.59090072e+02   4.46396763e-04
   3.59090561e+02   3.53679090e-04
   3.59091049e+02   1.21863537e-04
   3.59091537e+02   2.47437216e-04
   3.59092025e+02   2.64700357e-05
   3.59092514e+02  -3.88911809e-04
   3.59093002e+02  -3.25584842e-04
   3.59093490e+02  -3.59298137e-04
   3.59093979e+02  -5.37708635e-04
   3.59094467e+02  -2.66443851e-04
   3.59094955e+02   5.16500324e-04
   3.59095444e+02   1.11554144e-03
   3.59095932e+02   9.87976789e-04
   3.59096420e+02   2.07996869e-04
   3.59096909e+02  -8.48634867e-04
   3.59097397e+02  -1.33991567e-03
   3.59097885e+02  -6.87808439e-04
   3.59098373e+02   1.36935159e-06
   3.59098862e+02   2.76084495e-04
   3.59099350e+02   2.06219149e-04
   3.59099838e+02  -2.23454685e-04
   3.59100327e+02   1.60715608e-05
   3.59100815e+02   4.20527766e-04
   3.59101303e+02   2.01499788e-04
   3.59101792e+02  -7.20077078e-05
   3.59102280e+02   6.93666589e-05
   3.59102768e+02   4.83461947e-04
   3.59103257e+02   4.73330147e-04
   3.59103745e+02   2.61729350e-04
   3.59104233e+02   1.78214814e-05
   3.59104722e+02  -2.63810653e-04
   3.59105210e+02   1.94017557e-04
   3.59105698e+02   6.84204279e-04
   3.59106186e+02   1.62623983e-04
   3.59106675e+02  -4.62066848e-04
   3.59107163e+02   6.60829101e-05
   3.59107651e+02   7.44788849e-04
   3.59108140e+02   5.32272679e-04
   3.59108628e+02   2.74092425e-04
   3.59109116e+02  -3.23138374e-04
   3.59109605e+02  -4.03341430e-04
   3.59110093e+02   2.68603617e-04
   3.59110581e+02  -1.98026755e-04
   3.59111070e+02  -1.15344836e-03
   3.59111558e+02  -1.12728670e-03
   3.59112046e+02  -4.17940406e-04
   3.59112534e+02   1.71007996e-04
   3.59113023e+02   2.56087253e-04
   3.59113511e+02  -1.44906531e-04
   3.59113999e+02  -4.84082091e-04
   3.59114488e+02  -7.10351742e-04
   3.59114976e+02  -4.25458973e-04
   3.59115464e+02   3.41918145e-04
   3.59115953e+02   7.03285972e-04
   3.59116441e+02   8.22296483e-04
   3.59116929e+02   1.21447560e-03
   3.59117418e+02   8.48026946e-04
   3.59117906e+02  -1.66415819e-04
   3.59118394e+02  -3.40781582e-04
   3.59118882e+02   1.16824696e-04
   3.59119371e+02   2.65296781e-04
   3.59119859e+02   1.92614134e-05
   3.59120347e+02  -8.88653303e-05
   3.59120836e+02   1.72765125e-04
   3.59121324e+02  -1.12613895e-06
   3.59121812e+02  -3.04644258e-04
   3.59122301e+02   9.48983325e-06
   3.59122789e+02   2.45980373e-05
   3.59123277e+02  -2.86201568e-04
   3.59123766e+02  -9.88164684e-05
   3.59124254e+02  -1.70180880e-04
   3.59124742e+02  -2.27405370e-04
   3.59125230e+02   4.11399145e-04
   3.59125719e+02   8.52674420e-04
   3.59126207e+02   6.59492449e-04
   3.59126695e+02   3.55557131e-04
   3.59127184e+02   1.34949796e-05
   3.59127672e+02  -6.30236755e-04
   3.59128160e+02  -6.73323520e-04
   3.59128649e+02  -6.03112967e-05
   3.59129137e+02   1.10358822e-04
   3.59129625e+02   1.92809399e-04
   3.59130114e+02   1.21769161e-04
   3.59130602e+02  -5.10715705e-04
   3.59131090e+02  -9.88273649e-04
   3.59131578e+02  -3.59626109e-04
   3.59132067e+02   7.29805091e-04
   3.59132555e+02   8.44075636e-04
   3.59133043e+02   3.25509493e-04
   3.59133532e+02  -3.08632705e-04
   3.59134020e+02  -8.89309624e-04
   3.59134508e+02  -8.32619844e-04
   3.59134997e+02  -2.14531596e-04
   3.59135485e+02   3.74940282e-04
   3.59135973e+02   5.29118755e-04
   3.59136462e+02   4.97809553e-04
   3.59136950e+02   7.97685876e-04
   3.59137438e+02   8.09910998e-04
   3.59137926e+02   3.28769325e-04
   3.59138415e+02   7.64583179e-04
   3.59138903e+02   1.13635114e-03
   3.59139391e+02   1.11150985e-04
   3.59139880e+02  -8.49850243e-04
   3.59140368e+02  -8.20206478e-04
   3.59140856e+02  -1.85024226e-04
   3.59141345e+02  -2.92971490e-05
   3.59141833e+02  -2.24362175e-05
   3.59142321e+02   4.21051082e-04
   3.59142810e+02   5.11241611e-04
   3.59143298e+02  -2.77850722e-06
   3.59143786e+02  -3.25566652e-04
   3.59144275e+02  -6.29304850e-04
   3.59144763e+02  -1.01832440e-03
   3.59145251e+02  -6.99781638e-04
   3.59145739e+02   7.53099885e-05
   3.59146228e+02   6.67049608e-04
   3.59146716e+02   4.24753845e-04
   3.59147204e+02  -2.07570512e-04
   3.59147693e+02  -2.53124250e-04
   3.59148181e+02  -1.59980205e-04
   3.59148669e+02   2.95185542e-04
   3.59149158e+02   5.11311344e-04
   3.59149646e+02   1.79583949e-04
   3.59150134e+02  -9.41631733e-05
   3.59150623e+02  -4.53721761e-04
   3.59151111e+02  -6.73293311e-04
   3.59151599e+02  -7.51517597e-04
   3.59152087e+02  -7.16730021e-04
   3.59152576e+02  -6.65291809e-05
   3.59153064e+02   4.10434644e-04
   3.59153552e+02   5.21589129e-04
   3.59154041e+02   9.28998867e-04
   3.59154529e+02   1.09845970e-03
   3.59155017e+02   9.73157410e-04
   3.59155506e+02   9.14846838e-04
   3.59155994e+02   6.82395301e-04
   3.59156482e+02   2.57246662e-04
   3.59156971e+02  -2.85093483e-05
   3.59157459e+02  -1.14384558e-04
   3.59157947e+02  -2.55313789e-04
   3.59158435e+02  -2.73568236e-04
   3.59158924e+02  -2.42894646e-04
   3.59159412e+02  -2.86307069e-04
   3.59159900e+02  -3.07192415e-04
   3.59160389e+02   1.58544266e-04
   3.59160877e+02   9.64398030e-04
   3.59161365e+02   1.05607521e-03
   3.59161854e+02   5.06971555e-04
   3.59162342e+02   3.41261184e-04
   3.59162830e+02   4.02422855e-04
   3.59163319e+02   2.86977593e-04
   3.59163807e+02   1.52669789e-04
   3.59164295e+02   2.52484897e-04
   3.59164783e+02   3.05960391e-04
   3.59165272e+02   6.54671167e-04
   3.59165760e+02   1.07648235e-03
   3.59166248e+02   7.33120600e-04
   3.59166737e+02   1.42838384e-04
   3.59167225e+02  -2.26394463e-04
   3.59167713e+02  -1.75403053e-04
   3.59168202e+02  -9.64713036e-05
   3.59168690e+02  -3.05205933e-04
   3.59169178e+02  -2.61826382e-04
   3.59169667e+02   2.02630967e-04
   3.59170155e+02   8.40594410e-04
   3.59170643e+02   1.03577774e-03
   3.59171131e+02   5.02304349e-04
   3.59171620e+02  -3.46078850e-05
   3.59172108e+02  -2.74678227e-04
   3.59172596e+02  -3.45471490e-04
   3.59173085e+02   5.93196000e-06
   3.59173573e+02   4.59026400e-04
   3.59174061e+02   6.86088169e-04
   3.59174550e+02   7.00272212e-04
   3.59175038e+02   8.34982784e-04
   3.59175526e+02   8.03620787e-04
   3.59176015e+02  -2.80444183e-05
   3.59176503e+02  -1.02275622e-03
   3.59176991e+02  -1.23709196e-03
   3.59177479e+02  -5.84240712e-04
   3.59177968e+02  -2.22178278e-04
   3.59178456e+02  -7.94678810e-04
   3.59178944e+02  -1.32277852e-03
   3.59179433e+02  -6.59252575e-04
   3.59179921e+02   1.73622146e-04
   3.59180409e+02   1.08054432e-04
   3.59180898e+02  -1.90080900e-04
   3.59181386e+02  -2.12165047e-04
   3.59181874e+02  -8.93903998e-05
   3.59182363e+02   6.04218949e-05
   3.59182851e+02   8.19780835e-05
   3.59183339e+02   2.63689581e-04
   3.59183828e+02   8.43358866e-04
   3.59184316e+02   9.07899812e-04
   3.59184804e+02   6.62642706e-04
   3.59185292e+02   4.36957227e-04
   3.59185781e+02   1.68363869e-04
   3.59186269e+02   1.01472033e-05
   3.59186757e+02  -1.50591412e-04
   3.59187246e+02   8.09754201e-05
   3.59187734e+02   2.11190112e-04
   3.59188222e+02   8.81564192e-05
   3.59188711e+02   1.67968057e-04
   3.59189199e+02  -1.75969777e-04
   3.59189687e+02  -7.04081962e-04
   3.59190176e+02  -9.05523892e-04
   3.59190664e+02  -5.80343185e-04
   3.59191152e+02   2.14511951e-04
   3.59191640e+02   3.29882838e-04
   3.59192129e+02  -3.85865351e-05
   3.59192617e+02  -1.56898212e-04
   3.59193105e+02   3.84583473e-05
   3.59193594e+02  -6.55444237e-05
   3.59194082e+02  -3.55827797e-04
   3.59194570e+02  -1.21081954e-04
   3.59195059e+02   3.63378058e-04
   3.59195547e+02   8.10845231e-04
   3.59196035e+02   1.06833410e-03
   3.59196524e+02   8.98950908e-04
   3.59197012e+02   2.90535798e-04
   3.59197500e+02  -6.08017726e-04
   3.59197988e+02  -9.03723412e-04
   3.59198477e+02  -4.20725526e-04
   3.59198965e+02  -2.15005071e-04
   3.59199453e+02  -2.77767773e-04
   3.59199942e+02  -3.90489768e-05
   3.59200430e+02  -5.22485716e-05
   3.59200918e+02  -1.74568326e-04
   3.59201407e+02  -1.43449011e-04
   3.59201895e+02   4.52183449e-05
   3.59202383e+02   4.02192352e-04
   3.59202872e+02   5.11467399e-04
   3.59203360e+02   7.85871700e-04
   3.59203848e+02   9.22468840e-04
   3.59204336e+02   3.04516085e-04
   3.59204825e+02   1.90680468e-04
   3.59205313e+02   8.33785511e-04
   3.59205801e+02   6.49007910e-04
   3.59206290e+02   3.28105089e-04
   3.59206778e+02   5.77096362e-04
   3.59207266e+02   2.55029066e-04
   3.59207755e+02  -2.84009038e-05
   3.59208243e+02   6.56557560e-04
   3.59208731e+02   2.37099026e-04
   3.59209220e+02  -5.11624326e-04
   3.59209708e+02  -2.56215077e-04
   3.59210196e+02   1.63548859e-04
   3.59210684e+02  -9.40030659e-05
   3.59211173e+02   3.37497727e-06
   3.59211661e+02   1.66904341e-04
   3.59212149e+02   8.48650598e-05
   3.59212638e+02   4.51935484e-04
   3.59213126e+02   2.98050727e-04
   3.59213614e+02  -3.82847007e-04
   3.59214103e+02  -5.94537356e-04
   3.59214591e+02  -2.80819426e-04
   3.59215079e+02   2.28109377e-04
   3.59215568e+02   1.01224643e-04
   3.59216056e+02  -1.96559427e-04
   3.59216544e+02  -2.49061821e-04
   3.59217032e+02  -2.14324798e-04
   3.59217521e+02  -1.46798979e-04
   3.59218009e+02  -1.91728963e-04
   3.59218497e+02  -4.88833139e-05
   3.59218986e+02   9.73543210e-05
   3.59219474e+02   3.16068588e-04
   3.59219962e+02   4.71072097e-04
   3.59220451e+02   2.56341882e-04
   3.59220939e+02   1.94125809e-04
   3.59221427e+02   1.35850816e-04
   3.59221916e+02   1.10499830e-04
   3.59222404e+02   4.72817046e-04
   3.59222892e+02   1.06477132e-03
   3.59223381e+02   1.22715218e-03
   3.59223869e+02   6.48485904e-04
   3.59224357e+02  -2.05253978e-04
   3.59224845e+02  -5.48461394e-04
   3.59225334e+02  -2.69980286e-04
   3.59225822e+02   2.49605189e-04
   3.59226310e+02   1.48541440e-04
   3.59226799e+02  -2.20048372e-04
   3.59227287e+02  -2.12608371e-04
   3.59227775e+02  -1.13499380e-04
   3.59228264e+02  -1.28798143e-04
   3.59228752e+02  -4.77194757e-04
   3.59229240e+02  -6.14502584e-04
   3.59229729e+02  -4.39092139e-04
   3.59230217e+02  -3.55877244e-04
   3.59230705e+02  -6.87380962e-05
   3.59231193e+02   3.44583823e-04
   3.59231682e+02   2.86032242e-04
   3.59232170e+02  -1.09372641e-05
   3.59232658e+02  -2.07478108e-04
   3.59233147e+02   7.65843215e-05
   3.59233635e+02   6.23225584e-04
   3.59234123e+02   4.21903300e-04
   3.59234612e+02  -4.53537505e-05
   3.59235100e+02   2.40320223e-04
   3.59235588e+02   7.42398319e-04
   3.59236077e+02   7.45103171e-04
   3.59236565e+02   7.80861446e-05
   3.59237053e+02   5.36664302e-05
   3.59237541e+02   5.48878859e-04
   3.59238030e+02   4.58449067e-04
   3.59238518e+02   2.30200472e-04
   3.59239006e+02   2.23154057e-04
   3.59239495e+02   5.81427885e-04
   3.59239983e+02   4.48673469e-04
   3.59240471e+02   5.45527873e-05
   3.59240960e+02   1.83931101e-04
   3.59241448e+02   5.02183102e-04
   3.59241936e+02   6.04542205e-04
   3.59242425e+02   2.30529346e-04
   3.59242913e+02  -2.10666112e-04
   3.59243401e+02  -8.09483026e-05
   3.59243889e+02   2.46871408e-04
   3.59244378e+02   2.47919088e-04
   3.59244866e+02   2.86644994e-04
   3.59245354e+02   3.43466701e-04
   3.59245843e+02   2.61904323e-04
   3.59246331e+02   1.35877082e-04
   3.59246819e+02   1.76895759e-04
   3.59247308e+02   2.82598485e-04
   3.59247796e+02   5.21358124e-05
   3.59248284e+02   4.17506089e-06
   3.59248773e+02   5.42897265e-04
   3.59249261e+02   7.94206921e-04
   3.59249749e+02   6.62918086e-04
   3.59250237e+02   5.85195841e-04
   3.59250726e+02  -1.60083891e-05
   3.59251214e+02  -7.82404677e-04
   3.59251702e+02  -9.79454606e-04
   3.59252191e+02  -6.96249888e-04
   3.59252679e+02  -2.62256563e-05
   3.59253167e+02   5.67206822e-04
   3.59253656e+02   5.32201841e-04
   3.59254144e+02   4.93686966e-05
   3.59254632e+02  -1.19886390e-04
   3.59255121e+02  -5.08304511e-04
   3.59255609e+02  -8.73764977e-04
   3.59256097e+02  -3.32619064e-04
   3.59256585e+02   1.60722964e-04
   3.59257074e+02   3.41629377e-04
   3.59257562e+02   3.39847611e-05
   3.59258050e+02  -7.31650158e-04
   3.59258539e+02  -7.38660630e-04
   3.59259027e+02  -1.05661915e-04
   3.59259515e+02  -2.48475670e-04
   3.59260004e+02  -5.33750106e-04
   3.59260492e+02  -3.44486325e-04
   3.59260980e+02  -5.84266672e-04
   3.59261469e+02  -8.57748091e-04
   3.59261957e+02  -4.81844560e-04
   3.59262445e+02  -4.34584363e-04
   3.59262934e+02  -3.32836993e-04
   3.59263422e+02   7.83478201e-04
   3.59263910e+02   1.21610018e-03
   3.59264398e+02   2.54840328e-04
   3.59264887e+02  -1.91870247e-04
   3.59265375e+02   2.83052213e-04
   3.59265863e+02   1.35729322e-04
   3.59266352e+02  -3.84919316e-04
   3.59266840e+02   4.47990926e-04
   3.59267328e+02   7.40728399e-04
   3.59267817e+02   3.99688637e-04
   3.59268305e+02   5.14093554e-04
   3.59268793e+02   7.51964806e-04
   3.59269282e+02   7.49635394e-04
   3.59269770e+02   9.15124605e-04
   3.59270258e+02   7.71526655e-04
   3.59270746e+02   1.60552954e-04
   3.59271235e+02  -2.69073236e-04
   3.59271723e+02  -5.38381224e-04
   3.59272211e+02  -6.70338282e-04
   3.59272700e+02  -3.67939589e-04
   3.59273188e+02   2.64012604e-04
   3.59273676e+02   1.70268846e-04
   3.59274165e+02  -9.49365669e-04
   3.59274653e+02  -1.24647690e-03
   3.59275141e+02  -4.51347500e-04
   3.59275630e+02   2.34272484e-05
   3.59276118e+02   3.38550990e-06
   3.59276606e+02  -4.12681438e-05
   3.59277094e+02  -8.02227951e-05
   3.59277583e+02   1.48520747e-04
   3.59278071e+02   4.80788236e-04
   3.59278559e+02   3.17022903e-04
   3.59279048e+02  -4.99214075e-05
   3.59279536e+02  -1.39542943e-04
   3.59280024e+02  -1.22313737e-04
   3.59280513e+02  -1.68408456e-04
   3.59281001e+02   1.16445961e-04
   3.59281489e+02   3.66002932e-04
   3.59281978e+02   4.90266029e-05
   3.59282466e+02  -2.54590588e-04
   3.59282954e+02  -1.86614881e-04
   3.59283442e+02   5.34233586e-05
   3.59283931e+02   5.82875182e-05
   3.59284419e+02   2.22715589e-05
   3.59284907e+02   1.58882787e-04
   3.59285396e+02   4.17466596e-04
   3.59285884e+02   9.85165825e-04
   3.59286372e+02   8.94205819e-04
   3.59286861e+02   1.80581686e-04
   3.59287349e+02   7.79969923e-05
   3.59287837e+02   3.27489950e-04
   3.59288326e+02   3.69590300e-04
   3.59288814e+02   2.08176440e-04
   3.59289302e+02   4.35526395e-04
   3.59289790e+02   7.71278923e-04
   3.59290279e+02   6.68820285e-04
   3.59290767e+02   2.83620699e-04
   3.59291255e+02   2.97352472e-05
   3.59291744e+02   3.69690009e-04
   3.59292232e+02   6.49875088e-04
   3.59292720e+02   1.26496350e-04
   3.59293209e+02  -3.42143467e-04
   3.59293697e+02  -1.11453664e-04
   3.59294185e+02   7.67268575e-05
   3.59294674e+02   2.12863917e-04
   3.59295162e+02   3.03136447e-04
   3.59295650e+02  -2.71725061e-04
   3.59296138e+02  -6.47194218e-04
   3.59296627e+02  -6.25609886e-04
   3.59297115e+02  -6.57987024e-04
   3.59297603e+02  -5.06331911e-04
   3.59298092e+02  -1.86253383e-04
   3.59298580e+02   1.28690765e-04
   3.59299068e+02   6.42801519e-04
   3.59299557e+02   7.80488132e-04
   3.59300045e+02   3.74941679e-04
   3.59300533e+02   1.76844060e-05
   3.59301022e+02  -1.89516315e-04
   3.59301510e+02  -2.96140875e-04
   3.59301998e+02  -4.70832107e-04
   3.59302487e+02  -1.99827089e-04
   3.59302975e+02   4.26826649e-04
   3.59303463e+02   5.18320012e-04
   3.59303951e+02   4.17190080e-04
   3.59304440e+02   3.05104448e-04
   3.59304928e+02   1.99947099e-05
   3.59305416e+02  -3.22413340e-04
   3.59305905e+02  -5.27280674e-04
   3.59306393e+02  -3.14975681e-04
   3.59306881e+02  -8.89233561e-05
   3.59307370e+02  -2.28428224e-04
   3.59307858e+02  -3.64749489e-04
   3.59308346e+02  -3.25722940e-04
   3.59308835e+02  -1.04925290e-04
   3.59309323e+02   1.57266331e-04
   3.59309811e+02   1.83855445e-05
   3.59310299e+02  -2.45579286e-04
   3.59310788e+02  -1.79930779e-04
   3.59311276e+02  -4.62447439e-04
   3.59311764e+02  -1.03726657e-03
   3.59312253e+02  -6.58925797e-04
   3.59312741e+02  -5.16291911e-05
   3.59313229e+02  -6.22780135e-05
   3.59313718e+02  -1.31147943e-04
   3.59314206e+02  -3.65459726e-07
   3.59314694e+02   3.41642735e-04
   3.59315183e+02   4.49283019e-04
   3.59315671e+02   3.07627022e-04
   3.59316159e+02   6.04064146e-04
   3.59316647e+02   8.91017960e-04
   3.59317136e+02   3.16037651e-04
   3.59317624e+02  -3.57116369e-04
   3.59318112e+02  -3.53718759e-04
   3.59318601e+02   2.38449313e-04
   3.59319089e+02   4.32233035e-04
   3.59319577e+02  -2.15820488e-04
   3.59320066e+02  -5.67535870e-04
   3.59320554e+02  -4.16994211e-04
   3.59321042e+02  -4.58412600e-04
   3.59321531e+02  -4.25034319e-04
   3.59322019e+02  -1.53278845e-04
   3.59322507e+02  -3.08573181e-05
   3.59322995e+02   6.86250423e-05
   3.59323484e+02  -3.64819207e-05
   3.59323972e+02  -3.17402679e-04
   3.59324460e+02  -1.13759073e-04
   3.59324949e+02   1.00136778e-04
   3.59325437e+02  -2.53175676e-04
   3.59325925e+02  -9.23801446e-04
   3.59326414e+02  -3.39246268e-04
   3.59326902e+02   8.01814022e-04
   3.59327390e+02   9.32854367e-04
   3.59327879e+02   3.24016961e-04
   3.59328367e+02  -3.25690547e-04
   3.59328855e+02  -2.61972280e-04
   3.59329343e+02  -7.64860233e-05
   3.59329832e+02  -2.23734591e-04
   3.59330320e+02   8.81048909e-05
   3.59330808e+02   5.69112715e-04
   3.59331297e+02   1.51630593e-04
   3.59331785e+02  -9.06083806e-05
   3.59332273e+02  -4.08541791e-06
   3.59332762e+02  -6.02355576e-04
   3.59333250e+02  -7.99590838e-04
   3.59333738e+02  -1.76791829e-04
   3.59334227e+02   7.90713966e-05
   3.59334715e+02  -1.80171672e-04
   3.59335203e+02  -3.22031701e-04
   3.59335691e+02  -2.12182145e-04
   3.59336180e+02  -4.45492478e-04
   3.59336668e+02  -6.19143189e-04
   3.59337156e+02  -3.10356874e-04
   3.59337645e+02  -2.70117525e-05
   3.59338133e+02   9.61015103e-05
   3.59338621e+02   3.12808115e-05
   3.59339110e+02  -2.65237497e-04
   3.59339598e+02  -3.22928099e-04
   3.59340086e+02  -3.86638771e-04
   3.59340575e+02  -2.92338314e-04
   3.59341063e+02   1.19631310e-04
   3.59341551e+02   2.73929531e-04
   3.59342040e+02   2.74348626e-04
   3.59342528e+02   2.86582072e-04
   3.59343016e+02   1.71687148e-04
   3.59343504e+02   2.04307013e-04
   3.59343993e+02   7.79044058e-05
   3.59344481e+02  -2.03614822e-04
   3.59344969e+02   4.97624342e-06
   3.59345458e+02   4.87183395e-04
   3.59345946e+02   6.57620083e-04
   3.59346434e+02   4.96518100e-04
   3.59346923e+02   4.38319170e-04
   3.59347411e+02   4.59020317e-04
   3.59347899e+02  -6.46656463e-06
   3.59348388e+02  -4.49858169e-04
   3.59348876e+02  -4.65186051e-04
   3.59349364e+02   1.79865456e-05
   3.59349852e+02   2.08096317e-04
   3.59350341e+02   5.27164993e-05
   3.59350829e+02   1.67989361e-04
   3.59351317e+02   1.88523059e-04
   3.59351806e+02  -2.33536466e-05
   3.59352294e+02  -5.33777711e-05
   3.59352782e+02   1.85835364e-04
   3.59353271e+02   5.30200079e-04
   3.59353759e+02   4.78031288e-04
   3.59354247e+02   3.75937707e-05
   3.59354736e+02  -1.38376447e-04
   3.59355224e+02  -1.73739478e-04
   3.59355712e+02  -8.52071214e-04
   3.59356200e+02  -1.21036253e-03
   3.59356689e+02  -6.37495716e-04
   3.59357177e+02  -1.13607959e-04
   3.59357665e+02   1.60770840e-04
   3.59358154e+02   2.03314412e-04
   3.59358642e+02  -2.26583637e-04
   3.59359130e+02  -2.12377505e-04
   3.59359619e+02   2.90498720e-04
   3.59360107e+02   3.39081307e-04
   3.59360595e+02   1.05943494e-04
   3.59361084e+02   3.71485017e-04
   3.59361572e+02   9.78520373e-04
   3.59362060e+02   6.49757858e-04
   3.59362548e+02  -1.61530079e-05
   3.59363037e+02  -1.74451867e-04
   3.59363525e+02  -3.67472298e-04
   3.59364013e+02  -2.66484392e-04
   3.59364502e+02   2.55340710e-04
   3.59364990e+02   4.60178795e-04
   3.59365478e+02   4.04821214e-04
   3.59365967e+02   3.33422911e-04
   3.59366455e+02   1.65921272e-04
   3.59366943e+02   1.21571102e-04
   3.59367432e+02   1.32591638e-04
   3.59367920e+02  -1.06604646e-04
   3.59368408e+02  -2.17584340e-04
   3.59368896e+02   2.21419410e-04
   3.59369385e+02   1.05963554e-03
   3.59369873e+02   1.54624332e-03
   3.59370361e+02   9.16855992e-04
   3.59370850e+02  -9.52278133e-05
   3.59371338e+02  -2.67339259e-04
   3.59371826e+02   3.89187371e-05
   3.59372315e+02  -1.02816857e-05
   3.59372803e+02  -5.03287010e-04
   3.59373291e+02  -8.02263909e-04
   3.59373780e+02  -4.16399853e-04
   3.59374268e+02  -1.59245552e-04
   3.59374756e+02  -2.93106714e-04
   3.59375244e+02  -1.49458516e-04
   3.59375733e+02  -1.46098522e-04
   3.59376221e+02  -4.47647675e-04
   3.59376709e+02  -7.56932772e-04
   3.59377198e+02  -5.37162763e-04
   3.59377686e+02  -1.54306224e-04
   3.59378174e+02   1.20616642e-05
   3.59378663e+02  -8.96125130e-05
   3.59379151e+02  -5.45394956e-04
   3.59379639e+02  -4.86581936e-04
   3.59380128e+02   7.25188193e-06
   3.59380616e+02  -3.56085860e-04
   3.59381104e+02  -1.10886851e-03
   3.59381593e+02  -1.23760838e-03
   3.59382081e+02  -8.78301740e-04
   3.59382569e+02  -3.75124189e-04
   3.59383057e+02  -3.34602846e-05
   3.59383546e+02   3.18971172e-04
   3.59384034e+02   5.36674983e-04
   3.59384522e+02   3.39218037e-04
   3.59385011e+02   2.47897242e-05
   3.59385499e+02  -2.53014732e-04
   3.59385987e+02  -1.75127017e-04
   3.59386476e+02   2.00616400e-04
   3.59386964e+02  -9.67835604e-07
   3.59387452e+02  -9.87637090e-04
   3.59387941e+02  -1.43098598e-03
   3.59388429e+02  -8.45556788e-04
   3.59388917e+02  -4.45044825e-05
   3.59389405e+02   4.03003534e-04
   3.59389894e+02   6.34598546e-04
   3.59390382e+02   8.55745515e-04
   3.59390870e+02   9.06240777e-04
   3.59391359e+02   6.02529384e-04
   3.59391847e+02   2.71729921e-04
   3.59392335e+02   1.29043969e-04
   3.59392824e+02   7.57462694e-05
   3.59393312e+02   2.98709201e-04
   3.59393800e+02   2.23142721e-04
   3.59394289e+02  -1.41089302e-04
   3.59394777e+02   2.27183846e-05
   3.59395265e+02   2.80747801e-04
   3.59395753e+02   2.24054427e-04
   3.59396242e+02  -1.06861546e-04
   3.59396730e+02  -2.73745623e-04
   3.59397218e+02  -1.96217763e-04
   3.59397707e+02  -1.78086630e-04
   3.59398195e+02   2.90702865e-05
   3.59398683e+02   1.99428439e-04
   3.59399172e+02  -1.54644920e-04
   3.59399660e+02  -5.64827758e-04
   3.59400148e+02  -5.22900198e-04
   3.59400637e+02   1.23963793e-04
   3.59401125e+02   8.05633899e-04
   3.59401613e+02   5.62863133e-04
   3.59402101e+02  -1.92449370e-04
   3.59402590e+02  -4.78057365e-04
   3.59403078e+02  -2.03095347e-04
   3.59403566e+02   1.27457446e-04
   3.59404055e+02   4.19854077e-05
   3.59404543e+02  -3.30036673e-05
   3.59405031e+02   1.36066825e-04
   3.59405520e+02  -7.28216983e-05
   3.59406008e+02  -2.17267545e-04
   3.59406496e+02   2.03793330e-04
   3.59406985e+02   6.99829252e-04
   3.59407473e+02   1.08545565e-03
   3.59407961e+02   1.00557669e-03
   3.59408449e+02   5.01573959e-04
   3.59408938e+02   6.68630746e-05
   3.59409426e+02   5.10699647e-05
   3.59409914e+02   1.31180219e-04
   3.59410403e+02   5.88055918e-05
   3.59410891e+02   2.89716292e-04
   3.59411379e+02   1.75598136e-04
   3.59411868e+02  -4.16299619e-04
   3.59412356e+02  -3.54948890e-04
   3.59412844e+02  -1.16421936e-04
   3.59413333e+02   5.41130612e-05
   3.59413821e+02   9.34708369e-05
   3.59414309e+02  -4.19922551e-04
   3.59414797e+02  -8.84210283e-04
   3.59415286e+02  -6.20427541e-04
   3.59415774e+02  -1.17370451e-04
   3.59416262e+02  -5.32789127e-05
   3.59416751e+02  -4.16735158e-04
   3.59417239e+02  -5.39356319e-04
   3.59417727e+02  -3.25246772e-04
   3.59418216e+02  -5.68450254e-04
   3.59418704e+02  -8.69895623e-04
   3.59419192e+02  -6.88541506e-04
   3.59419681e+02  -4.15994873e-04
   3.59420169e+02  -3.62250285e-04
   3.59420657e+02  -2.99055886e-04
   3.59421146e+02   2.28624471e-04
   3.59421634e+02   6.39208185e-04
   3.59422122e+02   7.36430055e-04
   3.59422610e+02   7.35452224e-04
   3.59423099e+02   7.34378002e-04
   3.59423587e+02   8.77573737e-04
   3.59424075e+02   6.28578186e-04
   3.59424564e+02   3.56689270e-05
   3.59425052e+02  -1.86764155e-04
   3.59425540e+02  -2.49868550e-04
   3.59426029e+02  -5.07824530e-04
   3.59426517e+02  -2.73063750e-04
   3.59427005e+02   2.88383744e-04
   3.59427494e+02   5.70352422e-04
   3.59427982e+02   7.55991729e-04
   3.59428470e+02   7.41717289e-04
   3.59428958e+02   4.14209615e-04
   3.59429447e+02   1.33960075e-05
   3.59429935e+02  -5.41332629e-05
   3.59430423e+02   1.77885930e-04
   3.59430912e+02   5.54727740e-04
   3.59431400e+02   6.06186688e-04
   3.59431888e+02   1.90002334e-04
   3.59432377e+02   3.26434587e-04
   3.59432865e+02   4.21244215e-04
   3.59433353e+02   9.16265781e-05
   3.59433842e+02  -2.02229785e-04
   3.59434330e+02  -4.47989180e-04
   3.59434818e+02  -4.96315653e-04
   3.59435306e+02  -6.75294141e-04
   3.59435795e+02  -1.14699174e-03
   3.59436283e+02  -1.16535695e-03
   3.59436771e+02  -5.14144194e-04
   3.59437260e+02   1.60095267e-04
   3.59437748e+02   2.38593042e-04
   3.59438236e+02  -2.23998490e-04
   3.59438725e+02  -4.90735285e-04
   3.59439213e+02  -4.89751634e-04
   3.59439701e+02  -2.51516205e-04
   3.59440190e+02   2.43358154e-04
   3.59440678e+02   4.47635306e-04
   3.59441166e+02   7.54312554e-04
   3.59441654e+02   8.50420096e-04
   3.59442143e+02  -7.01624667e-05
   3.59442631e+02  -1.00248458e-03
   3.59443119e+02  -4.37932380e-04
   3.59443608e+02  -9.09474911e-05
   3.59444096e+02  -2.67930649e-04
   3.59444584e+02  -7.30010157e-04
   3.59445073e+02  -7.42824574e-04
   3.59445561e+02  -2.77994754e-04
   3.59446049e+02   1.20897741e-04
   3.59446538e+02   2.69579992e-04
   3.59447026e+02  -5.23158669e-05
   3.59447514e+02  -2.40595953e-04
   3.59448002e+02   1.04134393e-04
   3.59448491e+02   2.24356394e-04
   3.59448979e+02  -6.29351300e-04
   3.59449467e+02  -1.45864324e-03
   3.59449956e+02  -1.27998507e-03
   3.59450444e+02  -6.50982314e-04
   3.59450932e+02  -3.48482485e-04
   3.59451421e+02  -3.56868521e-04
   3.59451909e+02  -6.89307810e-04
   3.59452397e+02  -4.69654042e-04
   3.59452886e+02   4.75607550e-04
   3.59453374e+02   1.01745373e-03
   3.59453862e+02   8.71979108e-04
   3.59454350e+02   4.85994155e-04
   3.59454839e+02  -4.80329400e-05
   3.59455327e+02  -4.41972632e-04
   3.59455815e+02  -8.83069733e-05
   3.59456304e+02   2.41474379e-04
   3.59456792e+02   5.19709778e-04
   3.59457280e+02   4.92137915e-04
   3.59457769e+02  -1.80591800e-04
   3.59458257e+02  -6.24027511e-04
   3.59458745e+02  -4.84906835e-04
   3.59459234e+02  -2.28776567e-04
   3.59459722e+02  -2.34628649e-04
   3.59460210e+02  -3.13726516e-04
   3.59460699e+02   1.87508369e-04
   3.59461187e+02   3.22372653e-04
   3.59461675e+02  -7.78439498e-05
   3.59462163e+02   2.04179960e-04
   3.59462652e+02   7.02606747e-04
   3.59463140e+02   3.58940539e-04
   3.59463628e+02  -1.72999149e-04
   3.59464117e+02  -2.40072783e-04
   3.59464605e+02  -3.93283881e-05
   3.59465093e+02  -3.40590253e-04
   3.59465582e+02  -5.52133366e-04
   3.59466070e+02  -3.45159962e-04
   3.59466558e+02  -5.21378475e-04
   3.59467047e+02  -6.23803062e-04
   3.59467535e+02  -2.76578532e-04
   3.59468023e+02   2.26696327e-04
   3.59468511e+02   5.23831521e-04
   3.59469000e+02   2.30425765e-04
   3.59469488e+02  -3.47007619e-04
   3.59469976e+02  -4.35063557e-04
   3.59470465e+02  -2.01579693e-04
   3.59470953e+02   2.47447198e-04
   3.59471441e+02   4.73427703e-04
   3.59471930e+02   2.56468338e-04
   3.59472418e+02  -5.39557950e-05
   3.59472906e+02  -4.19202581e-04
   3.59473395e+02  -4.40668169e-04
   3.59473883e+02  -2.04913056e-04
   3.59474371e+02  -1.91926112e-04
   3.59474859e+02   1.26243413e-05
   3.59475348e+02   5.85527378e-05
   3.59475836e+02  -6.87319145e-04
   3.59476324e+02  -5.19525784e-04
   3.59476813e+02   5.96376660e-04
   3.59477301e+02   7.21444667e-04
   3.59477789e+02   2.62302579e-04
   3.59478278e+02   5.11737780e-05
   3.59478766e+02   2.92553304e-04
   3.59479254e+02   6.50462229e-04
   3.59479743e+02   6.63627172e-04
   3.59480231e+02   4.20500932e-04
   3.59480719e+02   3.45228327e-05
   3.59481207e+02  -4.14579088e-04
   3.59481696e+02  -3.49120208e-04
   3.59482184e+02   4.28154774e-04
   3.59482672e+02   6.48813031e-04
   3.59483161e+02   1.56308699e-04
   3.59483649e+02  -1.76870083e-06
   3.59484137e+02  -2.78818246e-04
   3.59484626e+02  -4.58650553e-04
   3.59485114e+02   3.67027751e-05
   3.59485602e+02   6.10047253e-04
   3.59486091e+02   6.65361236e-04
   3.59486579e+02   2.81848508e-04
   3.59487067e+02   5.97831895e-05
   3.59487555e+02   4.99339018e-04
   3.59488044e+02   9.01284569e-04
   3.59488532e+02   5.52901067e-04
   3.59489020e+02   2.39304791e-05
   3.59489509e+02  -1.26571904e-04
   3.59489997e+02   1.09055700e-05
   3.59490485e+02   6.47175068e-04
   3.59490974e+02   1.19158882e-03
   3.59491462e+02   6.92117552e-04
   3.59491950e+02   1.60431548e-04
   3.59492439e+02   1.72803746e-04
   3.59492927e+02  -2.07076271e-04
   3.59493415e+02  -7.02387653e-04
   3.59493903e+02  -3.40168976e-04
   3.59494392e+02   3.19149374e-04
   3.59494880e+02   4.23655059e-04
   3.59495368e+02   3.45413806e-04
   3.59495857e+02   2.01049814e-04
   3.59496345e+02  -4.59061412e-04
   3.59496833e+02  -8.64269794e-04
   3.59497322e+02  -8.13463412e-04
   3.59497810e+02  -9.45118023e-04
   3.59498298e+02  -5.84309455e-04
   3.59498787e+02   2.26703662e-04
   3.59499275e+02   5.74348320e-04
   3.59499763e+02   5.26257791e-04
   3.59500252e+02  -8.31382349e-05
   3.59500740e+02  -7.93508196e-04
   3.59501228e+02  -1.79524315e-04
   3.59501716e+02   7.35089183e-04
   3.59502205e+02   1.27379119e-03
   3.59502693e+02   1.03508588e-03
   3.59503181e+02   6.32385025e-04
   3.59503670e+02   4.66606609e-04
   3.59504158e+02   6.01919368e-04
   3.59504646e+02   8.27764277e-04
   3.59505135e+02   4.37145267e-04
   3.59505623e+02  -1.31671623e-04
   3.59506111e+02   2.21903567e-04
   3.59506600e+02   7.20393553e-04
   3.59507088e+02   6.47881534e-04
   3.59507576e+02   6.42273750e-04
   3.59508064e+02   3.38733371e-04
   3.59508553e+02  -1.53427027e-04
   3.59509041e+02  -1.37801035e-04
   3.59509529e+02  -4.22305922e-04
   3.59510018e+02  -7.05991231e-04
   3.59510506e+02  -5.31676807e-04
   3.59510994e+02  -2.52392638e-04
   3.59511483e+02  -8.02997965e-05
   3.59511971e+02  -2.01032002e-04
   3.59512459e+02  -3.28559196e-04
   3.59512948e+02  -8.10424099e-05
   3.59513436e+02   4.84658172e-04
   3.59513924e+02   4.19309916e-04
   3.59514412e+02  -2.02483643e-04
   3.59514901e+02  -5.16620581e-04
   3.59515389e+02  -2.50409532e-04
   3.59515877e+02  -2.68621116e-05
   3.59516366e+02  -5.55849401e-04
   3.59516854e+02  -1.25764066e-03
   3.59517342e+02  -6.42901985e-04
   3.59517831e+02   5.22399438e-04
   3.59518319e+02   7.46389618e-04
   3.59518807e+02   2.08292884e-04
   3.59519296e+02  -1.60451673e-04
   3.59519784e+02  -3.53145559e-04
   3.59520272e+02  -3.72412818e-04
   3.59520760e+02   4.55813715e-05
   3.59521249e+02   5.87394286e-04
   3.59521737e+02   5.09800389e-04
   3.59522225e+02   4.81297411e-06
   3.59522714e+02  -1.63202712e-04
   3.59523202e+02   2.68956646e-05
   3.59523690e+02   7.60014736e-05
   3.59524179e+02   6.02107939e-05
   3.59524667e+02  -9.76506562e-05
   3.59525155e+02  -8.53628269e-04
   3.59525644e+02  -1.28745125e-03
   3.59526132e+02  -7.42567994e-04
   3.59526620e+02  -3.74230818e-04
   3.59527108e+02  -6.24447304e-04
   3.59527597e+02  -1.01144845e-03
   3.59528085e+02  -8.08110752e-04
   3.59528573e+02   1.06565800e-04
   3.59529062e+02   8.52160621e-04
   3.59529550e+02   1.33825955e-03
   3.59530038e+02   1.35286478e-03
   3.59530527e+02   4.36087663e-04
   3.59531015e+02  -6.75795716e-04
   3.59531503e+02  -6.38706144e-04
   3.59531992e+02   4.56432696e-04
   3.59532480e+02   8.39212444e-04
   3.59532968e+02   1.04651426e-05
   3.59533456e+02  -2.00066323e-04
   3.59533945e+02   1.32455563e-04
   3.59534433e+02   1.43186553e-04
   3.59534921e+02   3.69031739e-04
   3.59535410e+02   6.94875373e-04
   3.59535898e+02   4.77725116e-04
   3.59536386e+02   3.11602314e-04
   3.59536875e+02  -2.74924125e-04
   3.59537363e+02  -7.84107309e-04
   3.59537851e+02  -2.13503881e-04
   3.59538340e+02  -2.81195506e-04
   3.59538828e+02  -9.29234840e-04
   3.59539316e+02  -9.06591828e-04
   3.59539805e+02  -9.69855231e-04
   3.59540293e+02  -1.29629835e-03
   3.59540781e+02  -1.06855307e-03
   3.59541269e+02  -5.76367718e-04
   3.59541758e+02  -7.59596413e-04
   3.59542246e+02  -7.02853431e-04
   3.59542734e+02   3.60078586e-04
   3.59543223e+02   7.87980156e-04
   3.59543711e+02   3.52224015e-04
   3.59544199e+02   2.68288102e-04
   3.59544688e+02   4.76440211e-04
   3.59545176e+02   5.51432371e-04
   3.59545664e+02   4.70074738e-04
   3.59546153e+02   3.99568002e-04
   3.59546641e+02   4.46010090e-04
   3.59547129e+02   7.74517597e-04
   3.59547617e+02   6.78863493e-04
   3.59548106e+02   8.67260605e-05
   3.59548594e+02  -1.24111393e-04
   3.59549082e+02  -1.26689047e-04
   3.59549571e+02  -1.51050954e-05
   3.59550059e+02   1.06018721e-04
   3.59550547e+02   2.35310890e-05
   3.59551036e+02  -2.56751173e-05
   3.59551524e+02  -2.49707809e-04
   3.59552012e+02  -5.05787786e-04
   3.59552501e+02  -6.18421182e-04
   3.59552989e+02  -4.55715781e-04
   3.59553477e+02   6.09376038e-05
   3.59553965e+02   2.76821142e-04
   3.59554454e+02   3.76120806e-05
   3.59554942e+02  -1.75859997e-04
   3.59555430e+02  -2.32094273e-04
   3.59555919e+02  -6.06722351e-05
   3.59556407e+02  -8.03975272e-05
   3.59556895e+02   1.58257928e-04
   3.59557384e+02   4.56538430e-04
   3.59557872e+02   2.55946623e-04
   3.59558360e+02   8.43442976e-05
   3.59558849e+02  -7.24437450e-06
   3.59559337e+02  -1.55221405e-05
   3.59559825e+02   1.21918725e-04
   3.59560313e+02   2.71880272e-04
   3.59560802e+02   2.07538484e-04
   3.59561290e+02  -2.57451262e-04
   3.59561778e+02  -4.77920519e-04
   3.59562267e+02  -1.83927943e-04
   3.59562755e+02  -1.86009071e-04
   3.59563243e+02  -1.31576831e-04
   3.59563732e+02   9.27302171e-05
   3.59564220e+02   1.94466658e-04
   3.59564708e+02   8.92378011e-05
   3.59565197e+02  -1.54755719e-04
   3.59565685e+02   3.49368202e-05
   3.59566173e+02   4.92714171e-04
   3.59566661e+02   6.53002760e-04
   3.59567150e+02   2.02404713e-04
   3.59567638e+02  -3.62141465e-04
   3.59568126e+02  -2.06033554e-04
   3.59568615e+02   1.84002856e-04
   3.59569103e+02   9.35081262e-05
   3.59569591e+02  -3.71919683e-04
   3.59570080e+02  -1.00578496e-03
   3.59570568e+02  -1.26375200e-03
   3.59571056e+02  -1.30109908e-03
   3.59571545e+02  -1.12561556e-03
   3.59572033e+02  -6.24983746e-04
   3.59572521e+02  -3.36615223e-04
   3.59573009e+02  -4.22499361e-05
   3.59573498e+02   1.47990504e-04
   3.59573986e+02   1.78193397e-04
   3.59574474e+02   3.89785673e-05
   3.59574963e+02  -4.59107279e-04
   3.59575451e+02  -4.61272517e-04
   3.59575939e+02   4.63621895e-04
   3.59576428e+02   9.43323015e-04
   3.59576916e+02   2.72638514e-04
   3.59577404e+02  -4.57129572e-05
   3.59577893e+02   6.00033556e-04
   3.59578381e+02   9.66260850e-04
   3.59578869e+02   5.37535409e-04
   3.59579357e+02   1.92995969e-04
   3.59579846e+02   1.61410950e-04
   3.59580334e+02   8.44895330e-05
   3.59580822e+02  -3.07737610e-05
   3.59581311e+02  -2.92714627e-04
   3.59581799e+02  -5.07452467e-04
   3.59582287e+02  -1.98106965e-04
   3.59582776e+02   3.14279518e-04
   3.59583264e+02   3.16990045e-04
   3.59583752e+02  -3.10675678e-05
   3.59584241e+02  -3.02710425e-04
   3.59584729e+02  -2.18932226e-04
   3.59585217e+02   3.75600968e-04
   3.59585706e+02   6.89217297e-04
   3.59586194e+02   5.52333426e-04
   3.59586682e+02   5.48951037e-04
   3.59587170e+02   9.97567666e-04
   3.59587659e+02   7.69429957e-04
   3.59588147e+02  -1.96796726e-04
   3.59588635e+02  -8.09816702e-04
   3.59589124e+02  -5.31003810e-04
   3.59589612e+02   1.03921615e-04
   3.59590100e+02   3.77986144e-04
   3.59590589e+02   5.36486565e-04
   3.59591077e+02   7.16735260e-04
   3.59591565e+02   4.04874998e-04
   3.59592054e+02  -3.07256298e-04
   3.59592542e+02  -6.50246977e-04
   3.59593030e+02  -1.44897102e-04
   3.59593518e+02   5.56631770e-04
   3.59594007e+02   7.96612294e-04
   3.59594495e+02   4.40210599e-04
   3.59594983e+02   2.04305179e-05
   3.59595472e+02  -5.33129205e-04
   3.59595960e+02  -1.19468640e-03
   3.59596448e+02  -7.43215031e-04
   3.59596937e+02  -1.79359922e-04
   3.59597425e+02  -7.03270256e-04
   3.59597913e+02  -8.84435838e-04
   3.59598402e+02   5.34822902e-05
   3.59598890e+02   1.02526019e-03
   3.59599378e+02   7.44597404e-04
   3.59599866e+02  -1.99878166e-04
   3.59600355e+02  -8.31150217e-04
   3.59600843e+02  -9.51415743e-04
   3.59601331e+02  -6.24888518e-04
   3.59601820e+02  -2.41956528e-04
   3.59602308e+02   4.23494785e-04
   3.59602796e+02   7.11837085e-04
   3.59603285e+02   2.18480258e-04
   3.59603773e+02  -2.33783081e-04
   3.59604261e+02  -5.35534986e-04
   3.59604750e+02  -6.16239384e-04
   3.59605238e+02  -1.65275604e-04
   3.59605726e+02   3.87203007e-04
   3.59606214e+02  -2.10199665e-04
   3.59606703e+02  -4.19061194e-04
   3.59607191e+02   5.16937347e-04
   3.59607679e+02   5.35942730e-04
   3.59608168e+02  -3.16537007e-05
   3.59608656e+02   4.21060948e-04
   3.59609144e+02   6.90488960e-04
   3.59609633e+02   2.39534857e-04
   3.59610121e+02  -3.52417701e-04
   3.59610609e+02  -1.10640097e-03
   3.59611098e+02  -1.46169064e-03
   3.59611586e+02  -1.26404094e-03
   3.59612074e+02  -1.13653776e-03
   3.59612562e+02  -9.54050047e-04
   3.59613051e+02  -6.48202724e-04
   3.59613539e+02  -3.47735622e-04
   3.59614027e+02   6.55184776e-05
   3.59614516e+02   5.94867102e-04
   3.59615004e+02   9.75557137e-04
   3.59615492e+02   6.62717153e-04
   3.59615981e+02  -2.31842991e-04
   3.59616469e+02  -4.82896256e-04
   3.59616957e+02  -2.48010387e-04
   3.59617446e+02  -2.72697025e-06
   3.59617934e+02   1.93691536e-04
   3.59618422e+02   5.37902815e-04
   3.59618910e+02   1.00690650e-03
   3.59619399e+02   8.48920550e-04
   3.59619887e+02  -2.91559827e-05
   3.59620375e+02  -5.86644048e-04
   3.59620864e+02  -5.11548831e-04
   3.59621352e+02  -3.44880158e-04
   3.59621840e+02   3.16043297e-04
   3.59622329e+02   6.01223146e-04
   3.59622817e+02  -2.02431911e-04
   3.59623305e+02  -6.39778678e-04
   3.59623794e+02  -7.11767469e-04
   3.59624282e+02  -6.32428040e-04
   3.59624770e+02   9.98678370e-05
   3.59625259e+02   4.71627980e-04
   3.59625747e+02   1.06029212e-04
   3.59626235e+02  -5.50295401e-04
   3.59626723e+02  -1.19863963e-03
   3.59627212e+02  -1.45785906e-03
   3.59627700e+02  -1.08311942e-03
   3.59628188e+02  -2.83116271e-04
   3.59628677e+02   3.72921349e-04
   3.59629165e+02   4.60586394e-04
   3.59629653e+02   3.30480660e-04
   3.59630142e+02  -1.05557432e-04
   3.59630630e+02  -5.26515010e-04
   3.59631118e+02  -5.20514208e-04
   3.59631607e+02  -2.41181886e-04
   3.59632095e+02   1.24417274e-04
   3.59632583e+02  -4.83556905e-05
   3.59633071e+02  -1.68648359e-04
   3.59633560e+02  -4.10763751e-05
   3.59634048e+02   2.18270536e-04
   3.59634536e+02   7.65828823e-04
   3.59635025e+02   7.87778758e-04
   3.59635513e+02   8.26784584e-04
   3.59636001e+02   9.73318063e-04
   3.59636490e+02   6.80850877e-04
   3.59636978e+02  -7.00988021e-05
   3.59637466e+02  -7.33018154e-04
   3.59637955e+02  -8.49275151e-04
   3.59638443e+02  -4.50910680e-04
   3.59638931e+02  -2.19310605e-04
   3.59639419e+02   3.52190749e-04
   3.59639908e+02   9.31907329e-04
   3.59640396e+02   7.59921677e-04
   3.59640884e+02   8.39310058e-04
   3.59641373e+02   7.72544125e-04
   3.59641861e+02   7.24106303e-06
   3.59642349e+02  -7.41804310e-04
   3.59642838e+02  -2.66188581e-04
   3.59643326e+02   6.20704843e-04
   3.59643814e+02   6.40342943e-04
   3.59644303e+02   2.11635954e-04
   3.59644791e+02   2.50745070e-05
   3.59645279e+02   1.76150395e-04
   3.59645767e+02   1.54307170e-04
   3.59646256e+02   1.63622699e-05
   3.59646744e+02  -1.63086719e-04
   3.59647232e+02  -5.00127499e-04
   3.59647721e+02  -3.01122840e-04
   3.59648209e+02   1.13913557e-04
   3.59648697e+02  -1.67733320e-04
   3.59649186e+02  -8.97263235e-04
   3.59649674e+02  -5.92620170e-04
   3.59650162e+02   4.24304832e-04
   3.59650651e+02   1.28098985e-03
   3.59651139e+02   9.00270941e-04
   3.59651627e+02   1.37439769e-04
   3.59652115e+02  -1.43001103e-04
   3.59652604e+02  -3.10701580e-04
   3.59653092e+02  -3.08637827e-04
   3.59653580e+02  -3.49971378e-04
   3.59654069e+02  -3.04600399e-04
   3.59654557e+02  -1.71694177e-04
   3.59655045e+02  -5.99379477e-04
   3.59655534e+02  -5.83077723e-04
   3.59656022e+02   3.12752411e-04
   3.59656510e+02   3.73859046e-04
   3.59656999e+02  -1.73144726e-04
   3.59657487e+02  -1.70332078e-05
   3.59657975e+02   1.88130172e-04
   3.59658463e+02   2.66204763e-04
   3.59658952e+02   3.23968183e-04
   3.59659440e+02   2.76940089e-04
   3.59659928e+02   1.18285017e-04
   3.59660417e+02  -5.44049544e-05
   3.59660905e+02  -4.50780848e-04
   3.59661393e+02  -1.01387128e-03
   3.59661882e+02  -9.21656610e-04
   3.59662370e+02  -4.90900769e-04
   3.59662858e+02   4.73117107e-05
   3.59663347e+02   9.19398211e-04
   3.59663835e+02   1.10417220e-03
   3.59664323e+02   5.48794051e-04
   3.59664812e+02   5.62738802e-04
   3.59665300e+02   1.43677543e-03
   3.59665788e+02   1.47502753e-03
   3.59666276e+02   6.27874979e-04
   3.59666765e+02   1.56966387e-04
   3.59667253e+02  -6.76409109e-05
   3.59667741e+02  -2.88714946e-04
   3.59668230e+02  -3.89251451e-04
   3.59668718e+02  -4.55823058e-04
   3.59669206e+02  -2.96640559e-04
   3.59669695e+02  -9.42451516e-05
   3.59670183e+02  -6.00393068e-05
   3.59670671e+02  -1.51342911e-05
   3.59671160e+02   7.04078702e-04
   3.59671648e+02   6.77914300e-04
   3.59672136e+02  -4.54648311e-04
   3.59672624e+02  -9.77290212e-04
   3.59673113e+02  -8.61082633e-04
   3.59673601e+02  -1.10500515e-03
   3.59674089e+02  -1.07347057e-03
   3.59674578e+02  -7.27681936e-06
   3.59675066e+02   8.98892467e-04
