frequency (GHz), flux (Jy/beam)
   3.45823207e+02   6.13016193e-04
   3.45823695e+02   4.37411712e-04
   3.45824184e+02   2.15189240e-04
   3.45824672e+02   1.11999347e-04
   3.45825160e+02  -1.37185925e-04
   3.45825649e+02  -5.66898998e-05
   3.45826137e+02   1.68124185e-04
   3.45826625e+02   1.24869007e-06
   3.45827114e+02  -2.20599148e-04
   3.45827602e+02  -8.23534501e-05
   3.45828090e+02   1.24006358e-04
   3.45828579e+02   2.59628927e-04
   3.45829067e+02   4.82251606e-04
   3.45829555e+02   9.49047273e-04
   3.45830044e+02   1.30049489e-03
   3.45830532e+02   9.10523522e-04
   3.45831020e+02   9.59013050e-05
   3.45831508e+02  -3.26843787e-04
   3.45831997e+02  -3.07618757e-04
   3.45832485e+02  -2.64729635e-04
   3.45832973e+02  -2.03656367e-04
   3.45833462e+02   1.55650923e-05
   3.45833950e+02   3.12520337e-04
   3.45834438e+02   4.98931622e-04
   3.45834927e+02   2.69730168e-04
   3.45835415e+02   1.44178572e-04
   3.45835903e+02   3.03002569e-04
   3.45836392e+02   1.11569134e-04
   3.45836880e+02  -3.56786593e-04
   3.45837368e+02  -3.34105134e-04
   3.45837856e+02   9.98590622e-05
   3.45838345e+02   3.29804898e-04
   3.45838833e+02   4.33941808e-04
   3.45839321e+02   4.28386556e-04
   3.45839810e+02   8.89992152e-05
   3.45840298e+02  -1.27495514e-04
   3.45840786e+02   2.15029562e-04
   3.45841275e+02   4.42006567e-04
   3.45841763e+02   2.24703559e-04
   3.45842251e+02   2.13462408e-04
   3.45842740e+02   2.51567515e-04
   3.45843228e+02   2.92473414e-04
   3.45843716e+02   5.79169253e-04
   3.45844204e+02   7.30076688e-04
   3.45844693e+02   3.42036394e-04
   3.45845181e+02  -1.90834195e-04
   3.45845669e+02  -4.99435875e-04
   3.45846158e+02  -4.70582163e-04
   3.45846646e+02  -2.61445908e-04
   3.45847134e+02  -6.62558159e-05
   3.45847623e+02   8.44970418e-05
   3.45848111e+02  -1.76726826e-05
   3.45848599e+02  -1.86039924e-05
   3.45849088e+02   2.56289903e-04
   3.45849576e+02   1.78420087e-04
   3.45850064e+02  -7.15223869e-05
   3.45850552e+02  -8.56336774e-05
   3.45851041e+02  -9.63588609e-05
   3.45851529e+02  -7.45595244e-05
   3.45852017e+02   9.95213850e-05
   3.45852506e+02   2.74911203e-04
   3.45852994e+02   1.99967937e-04
   3.45853482e+02  -5.55355655e-05
   3.45853971e+02  -3.26527806e-04
   3.45854459e+02  -4.22128011e-04
   3.45854947e+02  -1.56888098e-04
   3.45855436e+02   2.88336247e-04
   3.45855924e+02   3.53679090e-04
   3.45856412e+02   1.07470602e-04
   3.45856900e+02   9.26520261e-06
   3.45857389e+02  -2.49793375e-04
   3.45857877e+02  -6.44918939e-04
   3.45858365e+02  -7.93135609e-04
   3.45858854e+02  -6.11217809e-04
   3.45859342e+02  -1.33968410e-04
   3.45859830e+02   4.35864276e-05
   3.45860319e+02  -1.50664113e-04
   3.45860807e+02  -1.14687980e-04
   3.45861295e+02   1.24775048e-04
   3.45861784e+02   1.85313766e-04
   3.45862272e+02  -1.06881627e-04
   3.45862760e+02  -3.99246404e-04
   3.45863248e+02  -4.21832112e-04
   3.45863737e+02  -4.17532196e-04
   3.45864225e+02  -2.71564350e-04
   3.45864713e+02  -1.18358519e-04
   3.45865202e+02  -2.12251936e-04
   3.45865690e+02  -3.86612228e-04
   3.45866178e+02  -3.96051124e-04
   3.45866667e+02  -2.26774955e-05
   3.45867155e+02   2.03638585e-04
   3.45867643e+02   6.86855637e-05
   3.45868132e+02  -1.19575787e-04
   3.45868620e+02  -3.61986808e-04
   3.45869108e+02  -5.13789011e-04
   3.45869597e+02  -1.97893169e-04
   3.45870085e+02   2.36049542e-04
   3.45870573e+02   1.68206243e-04
   3.45871061e+02   9.79481047e-05
   3.45871550e+02   1.84961929e-04
   3.45872038e+02   1.65078571e-04
   3.45872526e+02   2.13066261e-04
   3.45873015e+02   3.16223741e-04
   3.45873503e+02   1.97750982e-04
   3.45873991e+02  -3.33590833e-06
   3.45874480e+02   5.53825375e-05
   3.45874968e+02   1.35696711e-04
   3.45875456e+02   2.47991498e-04
   3.45875945e+02   5.26922464e-04
   3.45876433e+02   2.51475110e-04
   3.45876921e+02  -3.92329821e-04
   3.45877409e+02  -4.44808800e-04
   3.45877898e+02  -1.63830598e-04
   3.45878386e+02  -3.70032503e-05
   3.45878874e+02   1.01698010e-04
   3.45879363e+02   2.39983478e-04
   3.45879851e+02  -4.66184429e-05
   3.45880339e+02  -1.34589340e-04
   3.45880828e+02  -1.96683890e-04
   3.45881316e+02  -6.00398271e-05
   3.45881804e+02   4.02645004e-04
   3.45882293e+02   6.55379903e-04
   3.45882781e+02   7.19823758e-04
   3.45883269e+02   3.32094991e-04
   3.45883757e+02  -3.32571537e-04
   3.45884246e+02  -5.16002299e-04
   3.45884734e+02  -3.88121349e-04
   3.45885222e+02  -4.49443265e-04
   3.45885711e+02  -4.90594131e-04
   3.45886199e+02  -3.53337200e-05
   3.45886687e+02   3.75967007e-04
   3.45887176e+02   2.50839774e-04
   3.45887664e+02  -2.98293482e-04
   3.45888152e+02  -4.95021639e-04
   3.45888641e+02   9.47926674e-05
   3.45889129e+02   7.28382263e-04
   3.45889617e+02   9.04612942e-04
   3.45890105e+02   7.58102164e-04
   3.45890594e+02   3.47543741e-04
   3.45891082e+02  -8.71203229e-05
   3.45891570e+02   2.61791953e-04
   3.45892059e+02   8.03544302e-04
   3.45892547e+02   6.12801872e-04
   3.45893035e+02   2.84766837e-04
   3.45893524e+02   1.43139099e-04
   3.45894012e+02   3.76416021e-04
   3.45894500e+02   7.97083136e-04
   3.45894989e+02   7.94932537e-04
   3.45895477e+02   4.79865528e-04
   3.45895965e+02   1.82461619e-04
   3.45896453e+02   7.96416280e-05
   3.45896942e+02   7.51868793e-05
   3.45897430e+02   3.76317403e-05
   3.45897918e+02  -8.99913630e-06
   3.45898407e+02  -1.10937275e-04
   3.45898895e+02  -8.43220187e-05
   3.45899383e+02  -1.70101426e-04
   3.45899872e+02  -4.27274877e-04
   3.45900360e+02  -2.15148873e-04
   3.45900848e+02   2.36245280e-04
   3.45901337e+02   3.02613305e-04
   3.45901825e+02   8.21377398e-05
   3.45902313e+02  -3.54528265e-06
   3.45902801e+02   9.34036943e-05
   3.45903290e+02   2.77804065e-04
   3.45903778e+02   5.96665544e-04
   3.45904266e+02   4.21770441e-04
   3.45904755e+02   2.45250012e-05
   3.45905243e+02   9.93930080e-05
   3.45905731e+02   1.51437212e-04
   3.45906220e+02  -4.65219055e-05
   3.45906708e+02  -4.70019877e-05
   3.45907196e+02   1.91445492e-04
   3.45907685e+02   1.00677782e-04
   3.45908173e+02  -3.33697739e-04
   3.45908661e+02  -3.51937371e-04
   3.45909150e+02  -1.68234677e-04
   3.45909638e+02   4.82979376e-05
   3.45910126e+02   2.55942869e-04
   3.45910614e+02   2.82531546e-04
   3.45911103e+02   1.68551342e-04
   3.45911591e+02   3.22046981e-05
   3.45912079e+02   1.06236490e-04
   3.45912568e+02   4.79848241e-04
   3.45913056e+02   6.81682664e-04
   3.45913544e+02   2.54963670e-04
   3.45914033e+02  -3.00266867e-04
   3.45914521e+02  -6.48208661e-04
   3.45915009e+02  -7.34626781e-04
   3.45915498e+02  -4.76927817e-04
   3.45915986e+02  -2.20977872e-05
   3.45916474e+02   3.07555543e-04
   3.45916962e+02   4.09463421e-04
   3.45917451e+02   4.95598128e-04
   3.45917939e+02   3.21545784e-04
   3.45918427e+02   9.69225221e-05
   3.45918916e+02   1.38588483e-04
   3.45919404e+02   7.94896478e-05
   3.45919892e+02  -7.12699766e-05
   3.45920381e+02  -1.36576957e-04
   3.45920869e+02  -1.91110055e-04
   3.45921357e+02  -4.88734571e-04
   3.45921846e+02  -6.85122970e-04
   3.45922334e+02  -3.74967116e-04
   3.45922822e+02   1.02241589e-04
   3.45923310e+02   3.20508960e-04
   3.45923799e+02   3.17740603e-04
   3.45924287e+02   9.76933661e-05
   3.45924775e+02  -2.55882333e-04
   3.45925264e+02  -3.15971352e-04
   3.45925752e+02  -1.88102291e-04
   3.45926240e+02  -2.01363902e-04
   3.45926729e+02   2.31922897e-07
   3.45927217e+02   5.29068755e-04
   3.45927705e+02   6.17873855e-04
   3.45928194e+02   2.32411432e-04
   3.45928682e+02   5.12795414e-05
   3.45929170e+02   1.25213672e-04
   3.45929658e+02   1.68697923e-04
   3.45930147e+02   8.36323306e-05
   3.45930635e+02  -9.44618441e-05
   3.45931123e+02   1.05002953e-04
   3.45931612e+02   6.16987469e-04
   3.45932100e+02   8.06188909e-04
   3.45932588e+02   7.88775564e-04
   3.45933077e+02   6.01250154e-04
   3.45933565e+02   5.70462689e-05
   3.45934053e+02  -7.28218220e-05
   3.45934542e+02   5.06590412e-04
   3.45935030e+02   9.19104728e-04
   3.45935518e+02   4.81571886e-04
   3.45936006e+02  -6.81288293e-05
   3.45936495e+02   8.27509139e-05
   3.45936983e+02   4.83054348e-04
   3.45937471e+02   7.52934371e-04
   3.45937960e+02   7.71367690e-04
   3.45938448e+02   4.71017294e-04
   3.45938936e+02   3.46150569e-04
   3.45939425e+02   1.15724637e-04
   3.45939913e+02  -3.86664033e-05
   3.45940401e+02   2.38192206e-05
   3.45940890e+02   2.33944040e-04
   3.45941378e+02   2.91024044e-04
   3.45941866e+02   3.04620015e-04
   3.45942354e+02   3.19912739e-04
   3.45942843e+02   1.63722652e-04
   3.45943331e+02   1.03935781e-05
   3.45943819e+02  -4.41012853e-05
   3.45944308e+02  -8.54171376e-05
   3.45944796e+02  -3.54774442e-04
   3.45945284e+02  -3.54275631e-04
   3.45945773e+02  -5.31358892e-05
   3.45946261e+02  -2.68644508e-04
   3.45946749e+02  -8.43921793e-04
   3.45947238e+02  -8.72174744e-04
   3.45947726e+02  -4.19578369e-04
   3.45948214e+02   3.89039487e-05
   3.45948703e+02   3.03503824e-04
   3.45949191e+02   2.76758190e-04
   3.45949679e+02  -1.16743759e-04
   3.45950167e+02  -4.64178360e-04
   3.45950656e+02  -1.76796602e-04
   3.45951144e+02   1.88205813e-04
   3.45951632e+02   2.55266292e-04
   3.45952121e+02   2.27754863e-04
   3.45952609e+02   2.10562575e-04
   3.45953097e+02   2.04516371e-04
   3.45953586e+02   2.78506515e-04
   3.45954074e+02   3.79820995e-04
   3.45954562e+02   8.67081762e-05
   3.45955051e+02  -4.41003969e-04
   3.45955539e+02  -6.63441489e-04
   3.45956027e+02  -4.87577025e-04
   3.45956515e+02  -4.03936749e-04
   3.45957004e+02  -3.81972757e-04
   3.45957492e+02   1.11880268e-04
   3.45957980e+02   5.30563295e-04
   3.45958469e+02   4.29264095e-04
   3.45958957e+02   9.56633157e-05
   3.45959445e+02  -1.72373213e-04
   3.45959934e+02  -1.32244924e-04
   3.45960422e+02  -2.46956060e-05
   3.45960910e+02  -1.96415596e-04
   3.45961399e+02  -1.63724515e-04
   3.45961887e+02   1.92447551e-04
   3.45962375e+02   6.11734809e-04
   3.45962863e+02   5.86536888e-04
   3.45963352e+02  -5.31984142e-07
   3.45963840e+02  -2.99984153e-04
   3.45964328e+02  -3.98897391e-04
   3.45964817e+02  -4.16204595e-04
   3.45965305e+02  -1.05737774e-04
   3.45965793e+02  -3.47521996e-06
   3.45966282e+02  -1.79356663e-04
   3.45966770e+02  -1.85478799e-04
   3.45967258e+02  -1.00812496e-04
   3.45967747e+02  -1.22167374e-04
   3.45968235e+02  -2.44410505e-04
   3.45968723e+02  -1.28707165e-04
   3.45969211e+02   2.13067426e-04
   3.45969700e+02   1.76316724e-04
   3.45970188e+02  -2.57752021e-04
   3.45970676e+02  -4.14714013e-04
   3.45971165e+02  -2.45369854e-04
   3.45971653e+02   4.32599481e-05
   3.45972141e+02   1.96633715e-04
   3.45972630e+02  -4.68546568e-05
   3.45973118e+02  -4.83488751e-04
   3.45973606e+02  -5.59499080e-04
   3.45974095e+02  -1.63666307e-04
   3.45974583e+02   3.33158532e-04
   3.45975071e+02   4.57244198e-04
   3.45975559e+02   2.11909297e-04
   3.45976048e+02  -2.60409365e-06
   3.45976536e+02   7.62656491e-05
   3.45977024e+02   1.70062252e-04
   3.45977513e+02   1.70041618e-04
   3.45978001e+02   8.51968798e-05
   3.45978489e+02  -1.35530703e-04
   3.45978978e+02  -6.15418467e-05
   3.45979466e+02   4.17106610e-04
   3.45979954e+02   4.17718751e-04
   3.45980443e+02   2.11457169e-04
   3.45980931e+02   4.38437273e-04
   3.45981419e+02   4.32345201e-04
   3.45981907e+02  -1.28114234e-05
   3.45982396e+02  -4.06608538e-04
   3.45982884e+02  -6.75874006e-04
   3.45983372e+02  -6.01915817e-04
   3.45983861e+02  -4.35743335e-04
   3.45984349e+02  -4.30581509e-04
   3.45984837e+02  -3.28423252e-04
   3.45985326e+02  -1.14721872e-04
   3.45985814e+02  -2.20927526e-04
   3.45986302e+02  -5.50461526e-04
   3.45986791e+02  -5.18944289e-04
   3.45987279e+02  -1.85892422e-04
   3.45987767e+02  -1.05390885e-04
   3.45988256e+02  -2.47507880e-04
   3.45988744e+02  -3.70664435e-04
   3.45989232e+02  -2.11547580e-04
   3.45989720e+02   1.79390961e-04
   3.45990209e+02   3.51656432e-04
   3.45990697e+02   1.48670311e-04
   3.45991185e+02   8.61901863e-05
   3.45991674e+02   2.72824866e-04
   3.45992162e+02   4.64303623e-04
   3.45992650e+02   6.87137421e-04
   3.45993139e+02   6.17204758e-04
   3.45993627e+02  -1.87989019e-04
   3.45994115e+02  -5.52179699e-04
   3.45994604e+02  -2.99217209e-05
   3.45995092e+02   6.07375114e-05
   3.45995580e+02  -1.61895950e-04
   3.45996068e+02  -7.63350545e-05
   3.45996557e+02  -1.02200713e-04
   3.45997045e+02  -4.55853660e-05
   3.45997533e+02   2.47094635e-04
   3.45998022e+02   1.87787125e-04
   3.45998510e+02  -4.56123380e-04
   3.45998998e+02  -6.99219876e-04
   3.45999487e+02  -3.35553632e-04
   3.45999975e+02  -4.35932488e-05
   3.46000463e+02   1.35234513e-04
   3.46000952e+02   7.64202923e-05
   3.46001440e+02  -1.36369010e-04
   3.46001928e+02  -2.63700756e-04
   3.46002416e+02  -1.04673520e-04
   3.46002905e+02   5.23243099e-04
   3.46003393e+02   9.09036899e-04
   3.46003881e+02   6.43265143e-04
   3.46004370e+02   2.32357968e-04
   3.46004858e+02  -2.45726114e-04
   3.46005346e+02  -7.30057538e-04
   3.46005835e+02  -7.35725567e-04
   3.46006323e+02  -2.38501219e-04
   3.46006811e+02   2.08240177e-04
   3.46007300e+02   1.90788996e-04
   3.46007788e+02  -9.03071850e-05
   3.46008276e+02  -6.27210975e-05
   3.46008764e+02   1.36577451e-04
   3.46009253e+02  -7.80553310e-05
   3.46009741e+02  -6.26532768e-04
   3.46010229e+02  -1.00572081e-03
   3.46010718e+02  -5.88410185e-04
   3.46011206e+02   1.47682411e-04
   3.46011694e+02   1.33383073e-04
   3.46012183e+02  -1.09332497e-04
   3.46012671e+02   2.73843878e-04
   3.46013159e+02   7.52347929e-04
   3.46013648e+02   5.63045964e-04
   3.46014136e+02   7.05942948e-05
   3.46014624e+02  -2.98933126e-04
   3.46015112e+02  -4.46169841e-04
   3.46015601e+02  -1.92005435e-04
   3.46016089e+02   3.95976065e-04
   3.46016577e+02   7.36268586e-04
   3.46017066e+02   5.11676189e-04
   3.46017554e+02   1.96737412e-04
   3.46018042e+02  -1.31107474e-04
   3.46018531e+02  -2.31115802e-04
   3.46019019e+02   1.18711105e-04
   3.46019507e+02   5.17667038e-04
   3.46019996e+02   3.41403123e-04
   3.46020484e+02  -2.56594649e-05
   3.46020972e+02  -1.67598694e-06
   3.46021460e+02   1.65426201e-04
   3.46021949e+02   3.76575801e-04
   3.46022437e+02   5.94460813e-04
   3.46022925e+02   5.33023500e-04
   3.46023414e+02   1.68908155e-04
   3.46023902e+02  -2.95311678e-04
   3.46024390e+02  -7.92957784e-04
   3.46024879e+02  -8.71683354e-04
   3.46025367e+02  -2.43603252e-04
   3.46025855e+02   1.78481772e-04
   3.46026344e+02  -1.85302619e-04
   3.46026832e+02  -4.51751606e-04
   3.46027320e+02  -1.61390242e-04
   3.46027809e+02  -8.88956420e-05
   3.46028297e+02  -2.98570347e-04
   3.46028785e+02  -4.03796439e-04
   3.46029273e+02  -7.91719649e-05
   3.46029762e+02   6.48379442e-04
   3.46030250e+02   7.17324612e-04
   3.46030738e+02   5.49289689e-04
   3.46031227e+02   6.85563311e-04
   3.46031715e+02   4.49333078e-04
   3.46032203e+02   2.45121337e-04
   3.46032692e+02   9.54922216e-05
   3.46033180e+02  -1.52282155e-04
   3.46033668e+02  -1.32297719e-04
   3.46034157e+02  -1.63722842e-04
   3.46034645e+02  -6.29569055e-04
   3.46035133e+02  -1.09296700e-03
   3.46035621e+02  -7.80946633e-04
   3.46036110e+02  -8.25034749e-06
   3.46036598e+02   1.43783953e-04
   3.46037086e+02  -6.64253967e-05
   3.46037575e+02   2.16670232e-05
   3.46038063e+02   1.34303467e-04
   3.46038551e+02   5.93193508e-05
   3.46039040e+02  -4.86138655e-04
   3.46039528e+02  -8.77939048e-04
   3.46040016e+02  -6.24625187e-04
   3.46040505e+02  -3.74579773e-04
   3.46040993e+02  -4.00057790e-04
   3.46041481e+02  -4.14414913e-04
   3.46041969e+02  -3.71917820e-04
   3.46042458e+02  -3.62034007e-05
   3.46042946e+02   2.27416807e-04
   3.46043434e+02  -1.16019684e-04
   3.46043923e+02  -4.45754384e-04
   3.46044411e+02  -4.25941282e-04
   3.46044899e+02  -3.77397897e-04
   3.46045388e+02  -4.13343150e-05
   3.46045876e+02   3.31884017e-04
   3.46046364e+02   2.64809496e-04
   3.46046853e+02   4.94276173e-05
   3.46047341e+02  -8.74291072e-06
   3.46047829e+02  -2.13668391e-05
   3.46048317e+02   2.26656106e-04
   3.46048806e+02   2.00827257e-04
   3.46049294e+02  -3.50727605e-05
   3.46049782e+02   2.38672910e-05
   3.46050271e+02   4.20554803e-04
   3.46050759e+02   1.00265630e-03
   3.46051247e+02   8.20957590e-04
   3.46051736e+02   3.20681393e-05
   3.46052224e+02  -9.53499402e-05
   3.46052712e+02   2.81882269e-04
   3.46053201e+02   2.86591763e-04
   3.46053689e+02   2.00897251e-04
   3.46054177e+02   1.96535577e-04
   3.46054665e+02  -1.00550585e-06
   3.46055154e+02  -1.40159580e-04
   3.46055642e+02   3.24153625e-05
   3.46056130e+02   4.95945642e-05
   3.46056619e+02   1.97363755e-04
   3.46057107e+02   1.16951349e-04
   3.46057595e+02  -2.96593527e-04
   3.46058084e+02  -6.23556436e-04
   3.46058572e+02  -5.72030956e-04
   3.46059060e+02  -1.78062737e-06
   3.46059549e+02   4.98848851e-04
   3.46060037e+02   4.47887287e-04
   3.46060525e+02   1.95592031e-04
   3.46061013e+02  -1.05802192e-05
   3.46061502e+02  -1.94146967e-04
   3.46061990e+02  -2.68571632e-04
   3.46062478e+02  -9.24160704e-05
   3.46062967e+02   2.69755023e-04
   3.46063455e+02   2.88413779e-04
   3.46063943e+02  -3.07481299e-04
   3.46064432e+02  -8.24294519e-04
   3.46064920e+02  -8.20969057e-04
   3.46065408e+02  -5.96626895e-04
   3.46065897e+02  -4.37161129e-04
   3.46066385e+02  -3.77536693e-04
   3.46066873e+02  -3.45660519e-04
   3.46067362e+02  -3.42324842e-04
   3.46067850e+02  -4.84489196e-04
   3.46068338e+02  -6.70290785e-04
   3.46068826e+02  -6.57345227e-04
   3.46069315e+02  -2.84897600e-04
   3.46069803e+02   8.70486037e-05
   3.46070291e+02   3.02283996e-04
   3.46070780e+02   2.03599193e-04
   3.46071268e+02  -3.19837214e-04
   3.46071756e+02  -6.66217820e-04
   3.46072245e+02  -3.17588827e-04
   3.46072733e+02  -1.40452670e-04
   3.46073221e+02  -5.03914780e-04
   3.46073710e+02  -4.69932857e-04
   3.46074198e+02  -2.53708975e-04
   3.46074686e+02  -5.37897649e-05
   3.46075174e+02   4.02803329e-04
   3.46075663e+02   2.60344415e-04
   3.46076151e+02  -5.46057359e-04
   3.46076639e+02  -8.26776784e-04
   3.46077128e+02  -4.91891755e-04
   3.46077616e+02  -2.41042144e-04
   3.46078104e+02  -1.59197749e-04
   3.46078593e+02  -4.89111117e-05
   3.46079081e+02   1.75131237e-04
   3.46079569e+02   3.10456468e-04
   3.46080058e+02   1.97752772e-04
   3.46080546e+02   1.69444465e-04
   3.46081034e+02   3.07631504e-04
   3.46081522e+02   5.06878481e-04
   3.46082011e+02   6.13754673e-04
   3.46082499e+02   3.86537344e-04
   3.46082987e+02   6.82789541e-05
   3.46083476e+02   3.24331813e-05
   3.46083964e+02   1.35332244e-04
   3.46084452e+02  -2.03019037e-04
   3.46084941e+02  -4.10074659e-04
   3.46085429e+02   1.30885324e-04
   3.46085917e+02   3.95797193e-04
   3.46086406e+02  -7.32761328e-05
   3.46086894e+02  -4.02951700e-04
   3.46087382e+02  -2.44896073e-04
   3.46087870e+02  -1.61241813e-04
   3.46088359e+02  -3.12090851e-04
   3.46088847e+02  -4.45309153e-04
   3.46089335e+02  -6.29790127e-04
   3.46089824e+02  -4.59419331e-04
   3.46090312e+02  -5.02051698e-05
   3.46090800e+02   5.12091574e-05
   3.46091289e+02   7.25476566e-05
   3.46091777e+02   6.84403494e-05
   3.46092265e+02  -1.00095458e-04
   3.46092754e+02  -2.55890633e-08
   3.46093242e+02   3.21263011e-04
   3.46093730e+02   3.60259379e-04
   3.46094218e+02   1.47800398e-04
   3.46094707e+02  -8.20557689e-05
   3.46095195e+02  -8.96777783e-05
   3.46095683e+02   2.38673631e-04
   3.46096172e+02   5.66278701e-04
   3.46096660e+02   7.33953202e-04
   3.46097148e+02   4.97199479e-04
   3.46097637e+02   6.22661464e-05
   3.46098125e+02  -5.93796321e-05
   3.46098613e+02  -1.10484063e-04
   3.46099102e+02  -3.05683148e-04
   3.46099590e+02  -3.17668921e-04
   3.46100078e+02  -5.63909562e-05
   3.46100566e+02   8.41188375e-05
   3.46101055e+02  -1.70832223e-04
   3.46101543e+02  -2.65618553e-04
   3.46102031e+02  -1.93099797e-04
   3.46102520e+02  -4.67036443e-05
   3.46103008e+02   3.27044982e-04
   3.46103496e+02   6.22063817e-04
   3.46103985e+02   5.29191806e-04
   3.46104473e+02   4.52780456e-04
   3.46104961e+02   4.02145408e-04
   3.46105450e+02   1.89333936e-04
   3.46105938e+02   6.27997651e-05
   3.46106426e+02  -8.66388291e-05
   3.46106915e+02  -1.31469540e-04
   3.46107403e+02   1.29800992e-05
   3.46107891e+02   3.66430213e-05
   3.46108379e+02  -8.69768919e-05
   3.46108868e+02  -6.00185995e-05
   3.46109356e+02   6.98511940e-07
   3.46109844e+02  -3.23203276e-04
   3.46110333e+02  -6.08417671e-04
   3.46110821e+02  -2.62799003e-04
   3.46111309e+02   3.30622628e-04
   3.46111798e+02   5.12668863e-04
   3.46112286e+02   1.86361765e-04
   3.46112774e+02  -2.07639168e-04
   3.46113263e+02  -1.17174095e-04
   3.46113751e+02  -1.15663015e-05
   3.46114239e+02  -2.59708147e-04
   3.46114727e+02  -3.80793761e-04
   3.46115216e+02  -4.36312868e-04
   3.46115704e+02  -4.07652318e-04
   3.46116192e+02  -6.26758992e-05
   3.46116681e+02   2.46287644e-04
   3.46117169e+02   1.50976819e-04
   3.46117657e+02   7.80967639e-06
   3.46118146e+02   1.41456767e-04
   3.46118634e+02   1.59915056e-04
   3.46119122e+02  -2.71415309e-04
   3.46119611e+02  -4.62949713e-04
   3.46120099e+02  -5.71727796e-05
   3.46120587e+02   9.77059426e-06
   3.46121075e+02  -3.02769709e-04
   3.46121564e+02  -2.59372435e-04
   3.46122052e+02  -2.00730952e-04
   3.46122540e+02  -1.68101848e-04
   3.46123029e+02  -3.26166883e-05
   3.46123517e+02   1.23972859e-06
   3.46124005e+02   1.21541289e-05
   3.46124494e+02   1.47464729e-04
   3.46124982e+02   9.13317490e-05
   3.46125470e+02   4.80409217e-05
   3.46125959e+02   3.49408394e-04
   3.46126447e+02   4.03003098e-04
   3.46126935e+02   4.37629962e-04
   3.46127423e+02   4.83987154e-04
   3.46127912e+02   2.10796163e-04
   3.46128400e+02   1.13976079e-04
   3.46128888e+02   9.03662658e-05
   3.46129377e+02   1.05723979e-04
   3.46129865e+02   2.70688091e-04
   3.46130353e+02   2.67094729e-04
   3.46130842e+02  -3.24004614e-05
   3.46131330e+02  -3.46625457e-04
   3.46131818e+02  -9.89588298e-05
   3.46132307e+02   2.02675626e-04
   3.46132795e+02  -7.21544420e-05
   3.46133283e+02  -3.07896727e-04
   3.46133771e+02  -1.11515474e-04
   3.46134260e+02   1.30950648e-04
   3.46134748e+02   6.81609208e-06
   3.46135236e+02  -2.62318412e-04
   3.46135725e+02  -2.73441867e-04
   3.46136213e+02   4.88629084e-05
   3.46136701e+02   1.76103320e-04
   3.46137190e+02   5.34751343e-05
   3.46137678e+02   1.06239342e-04
   3.46138166e+02   3.31073708e-04
   3.46138655e+02   4.37230105e-04
   3.46139143e+02   3.22162930e-04
   3.46139631e+02   5.27494085e-05
   3.46140119e+02  -2.89987162e-04
   3.46140608e+02  -4.58074122e-04
   3.46141096e+02  -3.82516708e-04
   3.46141584e+02  -1.77143374e-04
   3.46142073e+02   7.42255361e-05
   3.46142561e+02   2.92297307e-04
   3.46143049e+02   3.43165011e-04
   3.46143538e+02   2.33894578e-04
   3.46144026e+02   1.34890433e-04
   3.46144514e+02  -6.62463344e-06
   3.46145003e+02  -1.06091335e-04
   3.46145491e+02   1.34779460e-04
   3.46145979e+02   4.18528361e-04
   3.46146468e+02   2.84446374e-04
   3.46146956e+02   5.81950917e-05
   3.46147444e+02  -2.28010016e-04
   3.46147932e+02  -3.74629395e-04
   3.46148421e+02  -5.04124582e-05
   3.46148909e+02   4.27117891e-04
   3.46149397e+02   5.25305863e-04
   3.46149886e+02   2.80850916e-04
   3.46150374e+02   4.33117675e-04
   3.46150862e+02   5.55975130e-04
   3.46151351e+02   5.51769008e-05
   3.46151839e+02  -3.67120112e-04
   3.46152327e+02  -3.23337561e-04
   3.46152816e+02   7.06447536e-05
   3.46153304e+02   4.76295856e-04
   3.46153792e+02   3.79818259e-04
   3.46154280e+02  -6.03745648e-05
   3.46154769e+02  -1.84532109e-04
   3.46155257e+02   2.22778704e-04
   3.46155745e+02   3.01055057e-04
   3.46156234e+02  -1.58448616e-04
   3.46156722e+02  -5.58984117e-04
   3.46157210e+02  -4.21506586e-04
   3.46157699e+02   2.04705357e-04
   3.46158187e+02   4.36702539e-04
   3.46158675e+02   1.45611964e-04
   3.46159164e+02   9.59136014e-05
   3.46159652e+02   5.82484499e-05
   3.46160140e+02  -7.78940157e-05
   3.46160628e+02   2.37378248e-04
   3.46161117e+02   5.44343668e-04
   3.46161605e+02   3.69414687e-04
   3.46162093e+02  -8.84976034e-05
   3.46162582e+02  -2.34424966e-04
   3.46163070e+02  -2.95736027e-05
   3.46163558e+02   3.21085754e-05
   3.46164047e+02   2.46555965e-06
   3.46164535e+02   1.73295499e-04
   3.46165023e+02   3.88032466e-04
   3.46165512e+02   2.39488785e-04
   3.46166000e+02  -1.63936256e-05
   3.46166488e+02  -8.67095150e-05
   3.46166976e+02  -2.02847878e-04
   3.46167465e+02  -3.26405047e-04
   3.46167953e+02  -1.81222960e-04
   3.46168441e+02   5.84768059e-05
   3.46168930e+02   3.71204602e-04
   3.46169418e+02   6.48992427e-04
   3.46169906e+02   4.80476301e-04
   3.46170395e+02  -4.40747135e-05
   3.46170883e+02  -5.37894026e-04
   3.46171371e+02  -7.94087711e-04
   3.46171860e+02  -5.30734018e-04
   3.46172348e+02   2.55161103e-05
   3.46172836e+02   7.62564305e-05
   3.46173324e+02   1.13996066e-05
   3.46173813e+02  -1.25110178e-04
   3.46174301e+02  -7.46792502e-05
   3.46174789e+02   9.32087933e-05
   3.46175278e+02   3.29058152e-04
   3.46175766e+02   3.87990818e-04
   3.46176254e+02  -6.82450191e-05
   3.46176743e+02  -5.81792614e-04
   3.46177231e+02  -5.84100839e-04
   3.46177719e+02  -2.81995803e-04
   3.46178208e+02  -1.92277839e-05
   3.46178696e+02   1.15354844e-04
   3.46179184e+02  -3.82846292e-06
   3.46179672e+02  -1.31252920e-04
   3.46180161e+02  -3.78735458e-05
   3.46180649e+02   2.44984229e-04
   3.46181137e+02   3.68996552e-04
   3.46181626e+02   7.59894319e-05
   3.46182114e+02  -1.74573317e-04
   3.46182602e+02  -4.91616047e-05
   3.46183091e+02   2.47122778e-04
   3.46183579e+02   3.85672523e-04
   3.46184067e+02   3.73939867e-04
   3.46184556e+02   3.18208535e-04
   3.46185044e+02   3.07754788e-04
   3.46185532e+02   2.14977263e-04
   3.46186021e+02  -1.51759392e-04
   3.46186509e+02  -3.92205868e-04
   3.46186997e+02  -2.34616222e-04
   3.46187485e+02  -2.47517673e-05
   3.46187974e+02   1.63567718e-04
   3.46188462e+02   1.02169877e-04
   3.46188950e+02  -2.66007788e-04
   3.46189439e+02  -9.51358306e-05
   3.46189927e+02   2.76643608e-04
   3.46190415e+02   2.82752881e-04
   3.46190904e+02   4.32103872e-04
   3.46191392e+02   6.27034635e-04
   3.46191880e+02   3.09370953e-04
   3.46192369e+02   2.24981282e-04
   3.46192857e+02   4.01187106e-04
   3.46193345e+02  -6.58808640e-05
   3.46193833e+02  -4.78324713e-04
   3.46194322e+02  -3.71660972e-05
   3.46194810e+02   4.89550643e-04
   3.46195298e+02   4.99610614e-04
   3.46195787e+02   4.05800907e-04
   3.46196275e+02   5.11448714e-04
   3.46196763e+02   6.00598752e-04
   3.46197252e+02   6.37281977e-04
   3.46197740e+02   6.68010209e-04
   3.46198228e+02   4.63115575e-04
   3.46198717e+02   4.73474647e-05
   3.46199205e+02  -3.19225452e-04
   3.46199693e+02  -6.26136432e-04
   3.46200181e+02  -7.59315735e-04
   3.46200670e+02  -7.82257412e-04
   3.46201158e+02  -7.34155590e-04
   3.46201646e+02  -3.81785241e-04
   3.46202135e+02  -3.37763486e-05
   3.46202623e+02   6.78682482e-05
   3.46203111e+02   2.52184138e-04
   3.46203600e+02   4.08413296e-04
   3.46204088e+02   2.07936857e-04
   3.46204576e+02   3.48052476e-04
   3.46205065e+02   6.84149389e-04
   3.46205553e+02   4.12181282e-04
   3.46206041e+02  -1.07733715e-04
   3.46206529e+02  -2.92783458e-04
   3.46207018e+02  -1.53772606e-04
   3.46207506e+02   7.95026208e-05
   3.46207994e+02   2.61756912e-04
   3.46208483e+02   3.98012664e-04
   3.46208971e+02   6.02069369e-04
   3.46209459e+02   3.97134456e-04
   3.46209948e+02  -4.55633672e-05
   3.46210436e+02  -2.58842367e-04
   3.46210924e+02  -3.44762957e-04
   3.46211413e+02  -2.69104639e-04
   3.46211901e+02  -2.71386351e-04
   3.46212389e+02  -4.53945599e-04
   3.46212877e+02  -5.33213955e-04
   3.46213366e+02  -2.56825791e-04
   3.46213854e+02   1.24869985e-04
   3.46214342e+02   3.22705855e-05
   3.46214831e+02  -2.94569491e-05
   3.46215319e+02   3.64953623e-04
   3.46215807e+02   4.66924452e-04
   3.46216296e+02   1.55107293e-04
   3.46216784e+02  -1.18261923e-05
   3.46217272e+02   1.60675088e-04
   3.46217761e+02   5.02269249e-04
   3.46218249e+02   4.70155326e-04
   3.46218737e+02   2.29770201e-04
   3.46219225e+02   2.37903689e-04
   3.46219714e+02   2.45156494e-04
   3.46220202e+02  -5.20635258e-05
   3.46220690e+02  -4.47333878e-04
   3.46221179e+02  -5.23897761e-04
   3.46221667e+02  -1.72280750e-04
   3.46222155e+02  -1.33347612e-05
   3.46222644e+02  -1.51771193e-04
   3.46223132e+02  -2.28736040e-04
   3.46223620e+02  -8.27484109e-05
   3.46224109e+02  -2.93225130e-05
   3.46224597e+02  -1.41084660e-04
   3.46225085e+02  -7.17903094e-05
   3.46225574e+02   4.25293183e-05
   3.46226062e+02   6.48122441e-05
   3.46226550e+02   9.28899753e-05
   3.46227038e+02   1.19425422e-05
   3.46227527e+02   4.93015723e-05
   3.46228015e+02   2.90602649e-04
   3.46228503e+02   2.18273402e-04
   3.46228992e+02   2.04051121e-05
   3.46229480e+02   1.13644579e-04
   3.46229968e+02   3.52573144e-04
   3.46230457e+02   4.80751856e-04
   3.46230945e+02   6.85435589e-05
   3.46231433e+02  -4.51696833e-04
   3.46231922e+02  -4.44965786e-04
   3.46232410e+02  -3.77049204e-04
   3.46232898e+02  -1.10310983e-04
   3.46233386e+02   3.48507194e-04
   3.46233875e+02   5.95068093e-04
   3.46234363e+02   4.64110315e-04
   3.46234851e+02   4.85479570e-04
   3.46235340e+02   4.99563001e-04
   3.46235828e+02   2.58820655e-04
   3.46236316e+02   9.55423457e-05
   3.46236805e+02   1.56053546e-04
   3.46237293e+02   8.63886235e-05
   3.46237781e+02  -4.70739033e-04
   3.46238270e+02  -7.82935647e-04
   3.46238758e+02  -5.64989925e-04
   3.46239246e+02  -4.15476359e-04
   3.46239734e+02  -5.21958631e-04
   3.46240223e+02  -7.77899113e-04
   3.46240711e+02  -9.63085273e-04
   3.46241199e+02  -9.86034167e-04
   3.46241688e+02  -6.88423519e-04
   3.46242176e+02   8.70512740e-05
   3.46242664e+02   6.52515329e-04
   3.46243153e+02   3.71681788e-04
   3.46243641e+02   1.43027974e-05
   3.46244129e+02   1.30621731e-04
   3.46244618e+02   4.74463217e-04
   3.46245106e+02   1.03117689e-03
   3.46245594e+02   1.61353755e-03
   3.46246082e+02   2.14585615e-03
   3.46246571e+02   2.54634512e-03
   3.46247059e+02   2.80323089e-03
   3.46247547e+02   2.44104094e-03
   3.46248036e+02   2.07461347e-03
   3.46248524e+02   1.64059445e-03
   3.46249012e+02   1.05522189e-03
   3.46249501e+02   5.27994416e-04
   3.46249989e+02   1.08859851e-04
   3.46250477e+02  -4.82307572e-04
   3.46250966e+02  -1.01701997e-03
   3.46251454e+02  -1.16826035e-03
   3.46251942e+02  -8.08311161e-04
   3.46252430e+02  -2.50381796e-04
   3.46252919e+02   1.75301775e-05
   3.46253407e+02   1.80713541e-04
   3.46253895e+02   3.38733487e-04
   3.46254384e+02   1.84011195e-04
   3.46254872e+02   1.05271152e-04
   3.46255360e+02   2.05446166e-04
   3.46255849e+02   1.57475079e-04
   3.46256337e+02   3.19242914e-04
   3.46256825e+02   8.92337353e-04
   3.46257314e+02   9.51715338e-04
   3.46257802e+02   4.03588929e-04
   3.46258290e+02  -1.35287191e-05
   3.46258778e+02  -4.52040040e-05
   3.46259267e+02   7.87803947e-05
   3.46259755e+02   2.35151761e-04
   3.46260243e+02  -5.17501794e-05
   3.46260732e+02  -3.49971873e-04
   3.46261220e+02  -1.17393123e-04
   3.46261708e+02  -1.48199295e-04
   3.46262197e+02  -2.09021906e-04
   3.46262685e+02   3.23610497e-04
   3.46263173e+02   5.73506986e-04
   3.46263662e+02   2.64815986e-04
   3.46264150e+02  -6.21253930e-05
   3.46264638e+02  -4.12922120e-04
   3.46265127e+02  -6.16718200e-04
   3.46265615e+02  -4.97697969e-04
   3.46266103e+02  -1.52075881e-04
   3.46266591e+02   1.36335846e-04
   3.46267080e+02   2.59060471e-04
   3.46267568e+02   3.11412208e-04
   3.46268056e+02  -1.16209936e-04
   3.46268545e+02  -2.74820632e-04
   3.46269033e+02   1.76097878e-04
   3.46269521e+02   1.68008090e-04
   3.46270010e+02  -1.47732368e-04
   3.46270498e+02  -4.22255165e-04
   3.46270986e+02  -6.50407397e-04
   3.46271475e+02  -4.99648857e-04
   3.46271963e+02  -6.75596530e-05
   3.46272451e+02   2.96270446e-04
   3.46272939e+02   7.64160723e-05
   3.46273428e+02  -3.56572389e-04
   3.46273916e+02  -3.05869471e-04
   3.46274404e+02  -1.33630267e-04
   3.46274893e+02  -4.17013536e-04
   3.46275381e+02  -4.23071062e-04
   3.46275869e+02   2.32666382e-04
   3.46276358e+02   2.27870958e-04
   3.46276846e+02  -3.52912495e-04
   3.46277334e+02  -5.52805548e-04
   3.46277823e+02  -6.05180394e-04
   3.46278311e+02  -4.86761302e-04
   3.46278799e+02  -2.49550183e-04
   3.46279287e+02  -2.70881370e-04
   3.46279776e+02  -2.68648786e-04
   3.46280264e+02   8.59111897e-05
   3.46280752e+02   1.26331826e-04
   3.46281241e+02  -8.50955112e-05
   3.46281729e+02   1.42395424e-04
   3.46282217e+02   2.78701482e-04
   3.46282706e+02  -6.14096498e-05
   3.46283194e+02  -1.18455449e-04
   3.46283682e+02   2.40278125e-04
   3.46284171e+02   5.16554224e-04
   3.46284659e+02   5.22460439e-04
   3.46285147e+02  -9.55751239e-06
   3.46285635e+02  -4.10442328e-04
   3.46286124e+02  -7.44420031e-05
   3.46286612e+02   3.21853120e-04
   3.46287100e+02   1.36260744e-04
   3.46287589e+02  -1.73660257e-04
   3.46288077e+02  -1.49055064e-04
   3.46288565e+02   3.36642952e-05
   3.46289054e+02  -9.43870182e-05
   3.46289542e+02  -2.86116876e-04
   3.46290030e+02  -1.05094274e-04
   3.46290519e+02  -6.03076660e-05
   3.46291007e+02  -6.31559451e-05
   3.46291495e+02   3.66606750e-04
   3.46291983e+02   6.81806938e-04
   3.46292472e+02   3.74446099e-04
   3.46292960e+02  -1.34652451e-04
   3.46293448e+02  -2.72370235e-04
   3.46293937e+02   4.44073266e-05
   3.46294425e+02   2.34503692e-04
   3.46294913e+02   2.87997915e-04
   3.46295402e+02   1.06367625e-04
   3.46295890e+02  -1.28962216e-04
   3.46296378e+02   7.99697227e-05
   3.46296867e+02   1.69499501e-04
   3.46297355e+02   7.91814164e-05
   3.46297843e+02   2.02886033e-04
   3.46298331e+02   2.31429920e-04
   3.46298820e+02   2.43342176e-04
   3.46299308e+02   2.09802121e-04
   3.46299796e+02   1.05876352e-05
   3.46300285e+02   1.76124988e-04
   3.46300773e+02   4.24048339e-04
   3.46301261e+02   2.93145713e-04
   3.46301750e+02  -1.00838843e-05
   3.46302238e+02  -5.14822779e-04
   3.46302726e+02  -8.61772220e-04
   3.46303215e+02  -5.57998079e-04
   3.46303703e+02  -8.24360177e-05
   3.46304191e+02   8.53585152e-06
   3.46304680e+02  -2.75433296e-04
   3.46305168e+02  -4.71596839e-04
   3.46305656e+02  -6.84700281e-05
   3.46306144e+02   3.45145672e-04
   3.46306633e+02   1.35358714e-04
   3.46307121e+02  -1.33904919e-04
   3.46307609e+02   3.86285719e-05
   3.46308098e+02   3.39321123e-04
   3.46308586e+02   4.13308066e-04
   3.46309074e+02   4.51119937e-04
   3.46309563e+02   5.42155816e-04
   3.46310051e+02   2.77771731e-04
   3.46310539e+02  -3.07677954e-04
   3.46311028e+02  -4.67904698e-04
   3.46311516e+02  -3.14407400e-04
   3.46312004e+02  -3.42887011e-04
   3.46312492e+02  -4.91216080e-04
   3.46312981e+02  -4.70570492e-04
   3.46313469e+02  -2.96045502e-04
   3.46313957e+02  -1.18739663e-04
   3.46314446e+02  -8.53930833e-05
   3.46314934e+02  -3.63278377e-05
   3.46315422e+02   3.06730362e-04
   3.46315911e+02   3.46570421e-04
   3.46316399e+02   6.17332189e-05
   3.46316887e+02   4.02392834e-05
   3.46317376e+02  -1.25186096e-04
   3.46317864e+02  -3.09805968e-04
   3.46318352e+02   1.66107129e-05
   3.46318840e+02   1.11584588e-04
   3.46319329e+02   7.67185047e-05
   3.46319817e+02   4.39178752e-04
   3.46320305e+02   6.57993834e-04
   3.46320794e+02   5.36096166e-04
   3.46321282e+02  -4.84687007e-05
   3.46321770e+02  -2.30252568e-04
   3.46322259e+02   1.23842314e-04
   3.46322747e+02  -1.01831334e-04
   3.46323235e+02  -3.31210700e-04
   3.46323724e+02  -1.16996089e-04
   3.46324212e+02  -1.33699577e-04
   3.46324700e+02  -3.17861326e-04
   3.46325188e+02  -4.56265698e-04
   3.46325677e+02  -4.41209122e-04
   3.46326165e+02  -4.21942153e-04
   3.46326653e+02  -4.17415809e-04
   3.46327142e+02  -4.05470346e-04
   3.46327630e+02  -5.83505665e-04
   3.46328118e+02  -3.82792408e-04
   3.46328607e+02   2.79668340e-04
   3.46329095e+02   3.96813615e-04
   3.46329583e+02  -5.39491812e-05
   3.46330072e+02  -8.31391662e-05
   3.46330560e+02   3.22945620e-04
   3.46331048e+02   6.40509941e-04
   3.46331536e+02   6.87001680e-04
   3.46332025e+02   2.91177275e-04
   3.46332513e+02  -6.83446779e-05
   3.46333001e+02   1.16091665e-04
   3.46333490e+02   3.20185878e-04
   3.46333978e+02   3.18344508e-04
   3.46334466e+02   3.18756589e-04
   3.46334955e+02   1.52437133e-04
   3.46335443e+02  -8.93442848e-05
   3.46335931e+02  -1.90947001e-04
   3.46336420e+02  -1.77534719e-04
   3.46336908e+02  -1.81108480e-04
   3.46337396e+02  -1.01840633e-04
   3.46337884e+02   2.23135125e-04
   3.46338373e+02   2.89093005e-04
   3.46338861e+02  -3.26702393e-05
   3.46339349e+02  -6.39560749e-05
   3.46339838e+02  -2.06901768e-05
   3.46340326e+02  -2.09064165e-04
   3.46340814e+02  -2.06027791e-04
   3.46341303e+02  -1.57470582e-04
   3.46341791e+02  -2.48514814e-04
   3.46342279e+02  -1.13946960e-04
   3.46342768e+02   2.17155190e-04
   3.46343256e+02   1.89045808e-04
   3.46343744e+02  -2.49970268e-04
   3.46344232e+02  -3.12683143e-04
   3.46344721e+02   1.49901243e-04
   3.46345209e+02   5.69985888e-04
   3.46345697e+02   4.77130729e-04
   3.46346186e+02  -7.86961537e-05
   3.46346674e+02  -2.75340833e-04
   3.46347162e+02  -1.90321109e-04
   3.46347651e+02  -3.49801034e-04
   3.46348139e+02  -3.57577112e-04
   3.46348627e+02  -3.44400833e-05
   3.46349116e+02   2.12857631e-04
   3.46349604e+02   1.69599691e-04
   3.46350092e+02  -8.41916117e-05
   3.46350581e+02  -3.79097299e-04
   3.46351069e+02  -2.14262051e-04
   3.46351557e+02  -1.05896353e-04
   3.46352045e+02  -2.75453131e-05
   3.46352534e+02   1.86305304e-04
   3.46353022e+02  -9.14626435e-05
   3.46353510e+02  -4.42301622e-04
   3.46353999e+02  -1.68928862e-04
   3.46354487e+02   1.17632357e-04
   3.46354975e+02   1.31986293e-04
   3.46355464e+02   9.85403458e-05
   3.46355952e+02   2.03046584e-04
   3.46356440e+02   3.18046164e-04
   3.46356929e+02  -6.54339237e-05
   3.46357417e+02  -4.51778702e-04
   3.46357905e+02  -2.44598021e-04
   3.46358393e+02  -2.09507489e-05
   3.46358882e+02   6.97581854e-05
   3.46359370e+02   1.29043488e-04
   3.46359858e+02  -5.67142743e-05
   3.46360347e+02  -2.29279773e-04
   3.46360835e+02  -3.02062603e-04
   3.46361323e+02  -4.95312037e-04
   3.46361812e+02  -3.56613804e-04
   3.46362300e+02   2.50025623e-04
   3.46362788e+02   6.61483442e-04
   3.46363277e+02   6.19773346e-04
   3.46363765e+02   4.42409480e-04
   3.46364253e+02   3.36741854e-04
   3.46364741e+02   4.67837126e-05
   3.46365230e+02  -2.81114655e-04
   3.46365718e+02  -3.77060845e-04
   3.46366206e+02  -2.29097481e-04
   3.46366695e+02   3.09400755e-04
   3.46367183e+02   5.73249359e-04
   3.46367671e+02   3.21709726e-04
   3.46368160e+02  -1.92636231e-04
   3.46368648e+02  -4.01568541e-04
   3.46369136e+02  -7.64313372e-05
   3.46369625e+02   9.67151063e-05
   3.46370113e+02   4.87487778e-05
   3.46370601e+02  -5.97603139e-05
   3.46371089e+02  -1.33707872e-04
   3.46371578e+02  -7.45815341e-05
   3.46372066e+02   8.14059149e-06
   3.46372554e+02   4.29441920e-04
   3.46373043e+02   9.02996981e-04
   3.46373531e+02   1.02906092e-03
   3.46374019e+02   8.96574813e-04
   3.46374508e+02   5.49274555e-04
   3.46374996e+02   4.04398888e-04
   3.46375484e+02   4.63415316e-04
   3.46375973e+02   1.55611429e-04
   3.46376461e+02  -1.91151281e-04
   3.46376949e+02  -1.83868542e-04
   3.46377437e+02   9.55227151e-05
   3.46377926e+02   4.09816334e-04
   3.46378414e+02   4.85887052e-04
   3.46378902e+02   1.92981170e-04
   3.46379391e+02  -3.59783560e-04
   3.46379879e+02  -6.11858210e-04
   3.46380367e+02  -4.60636860e-04
   3.46380856e+02  -5.23599854e-04
   3.46381344e+02  -5.22072602e-04
   3.46381832e+02  -1.34420232e-04
   3.46382321e+02  -5.45483308e-05
   3.46382809e+02  -2.60750705e-04
   3.46383297e+02  -1.22591169e-04
   3.46383785e+02   1.79918381e-04
   3.46384274e+02   3.01686814e-04
   3.46384762e+02   4.34484973e-05
   3.46385250e+02  -3.41478270e-04
   3.46385739e+02  -2.60992034e-04
   3.46386227e+02   4.92955078e-05
   3.46386715e+02   2.17964771e-05
   3.46387204e+02  -3.06581962e-04
   3.46387692e+02  -5.30393270e-04
   3.46388180e+02  -4.54685476e-04
   3.46388669e+02  -2.81943649e-04
   3.46389157e+02  -2.70781515e-04
   3.46389645e+02  -2.30937905e-04
   3.46390134e+02  -2.53801059e-04
   3.46390622e+02  -1.12364396e-04
   3.46391110e+02   1.57694783e-04
   3.46391598e+02   1.03566512e-04
   3.46392087e+02   8.82293753e-05
   3.46392575e+02   1.53790446e-04
   3.46393063e+02  -3.97483636e-05
   3.46393552e+02   9.88998909e-06
   3.46394040e+02   2.81051092e-04
   3.46394528e+02   1.16064417e-04
   3.46395017e+02  -2.09213627e-04
   3.46395505e+02  -3.50991962e-04
   3.46395993e+02  -2.67683063e-04
   3.46396482e+02  -1.26471481e-04
   3.46396970e+02  -1.63479141e-04
   3.46397458e+02  -1.42122983e-04
   3.46397946e+02   6.30682553e-05
   3.46398435e+02   9.14837947e-05
   3.46398923e+02   1.35389237e-05
   3.46399411e+02   2.94207945e-04
   3.46399900e+02   3.99796874e-04
   3.46400388e+02   1.44299018e-04
   3.46400876e+02   1.92129592e-04
   3.46401365e+02   2.59140215e-04
   3.46401853e+02   4.87019533e-05
   3.46402341e+02  -2.42398004e-04
   3.46402830e+02  -3.89518565e-04
   3.46403318e+02  -3.86575557e-04
   3.46403806e+02  -1.17013064e-04
   3.46404294e+02   1.48716921e-04
   3.46404783e+02  -7.34548375e-05
   3.46405271e+02  -3.23090295e-04
   3.46405759e+02  -2.24666495e-04
   3.46406248e+02  -2.16079534e-05
   3.46406736e+02   1.63523742e-04
   3.46407224e+02   3.78825280e-05
   3.46407713e+02  -8.91554373e-06
   3.46408201e+02  -4.61937088e-05
   3.46408689e+02  -1.20959041e-04
   3.46409178e+02  -1.22273312e-04
   3.46409666e+02   1.01040553e-06
   3.46410154e+02  -4.89570630e-05
   3.46410642e+02  -1.87793717e-04
   3.46411131e+02  -1.62078286e-04
   3.46411619e+02  -1.38226882e-04
   3.46412107e+02   7.72541807e-06
   3.46412596e+02   1.72428743e-04
   3.46413084e+02  -1.47655242e-04
   3.46413572e+02  -4.39373049e-04
   3.46414061e+02  -4.74106229e-04
   3.46414549e+02  -5.54360740e-04
   3.46415037e+02  -1.12027235e-04
   3.46415526e+02   6.27413450e-04
   3.46416014e+02   7.84769480e-04
   3.46416502e+02   7.48176652e-04
   3.46416990e+02   6.52555667e-04
   3.46417479e+02   2.92826415e-04
   3.46417967e+02   8.87573988e-05
   3.46418455e+02   7.54691719e-05
   3.46418944e+02   1.26523373e-04
   3.46419432e+02   1.57979986e-04
   3.46419920e+02   5.57557469e-05
   3.46420409e+02   2.60740635e-04
   3.46420897e+02   6.96844130e-04
   3.46421385e+02   4.33331617e-04
   3.46421874e+02   1.02144673e-04
   3.46422362e+02   2.82557652e-04
   3.46422850e+02   8.49756980e-05
   3.46423338e+02  -1.64199853e-04
   3.46423827e+02   4.31885164e-05
   3.46424315e+02   1.64080237e-04
   3.46424803e+02   1.67206410e-04
   3.46425292e+02   3.02144090e-05
   3.46425780e+02  -1.24163736e-04
   3.46426268e+02  -7.59260656e-05
   3.46426757e+02  -9.62349586e-05
   3.46427245e+02  -4.80401031e-05
   3.46427733e+02   7.95410888e-05
   3.46428222e+02   6.88894143e-05
   3.46428710e+02  -5.91699827e-05
   3.46429198e+02  -3.00774467e-04
   3.46429687e+02  -3.38390702e-04
   3.46430175e+02  -1.13081056e-04
   3.46430663e+02  -5.03478768e-05
   3.46431151e+02  -4.49454383e-04
   3.46431640e+02  -8.86005524e-04
   3.46432128e+02  -9.73464281e-04
   3.46432616e+02  -8.41971836e-04
   3.46433105e+02  -7.39878276e-04
   3.46433593e+02  -6.40012498e-04
   3.46434081e+02  -3.84777522e-04
   3.46434570e+02  -2.63929451e-05
   3.46435058e+02   2.89608841e-04
   3.46435546e+02   4.23884136e-04
   3.46436035e+02   3.49237816e-04
   3.46436523e+02   2.15638458e-04
   3.46437011e+02  -3.80339043e-05
   3.46437499e+02  -1.65382968e-04
   3.46437988e+02   7.76069573e-05
   3.46438476e+02   1.43072815e-04
   3.46438964e+02  -5.91486933e-05
   3.46439453e+02  -8.46266485e-05
   3.46439941e+02  -1.14134826e-04
   3.46440429e+02  -2.94163445e-04
   3.46440918e+02  -5.52718586e-04
   3.46441406e+02  -8.05485062e-04
   3.46441894e+02  -7.53451081e-04
   3.46442383e+02  -4.12520865e-04
   3.46442871e+02  -3.51429917e-04
   3.46443359e+02  -8.02323106e-04
   3.46443847e+02  -9.08673217e-04
   3.46444336e+02  -4.05789528e-04
   3.46444824e+02  -3.78332043e-04
   3.46445312e+02  -4.87742916e-04
   3.46445801e+02   1.41777957e-04
   3.46446289e+02   5.39035012e-04
   3.46446777e+02   1.93613538e-04
   3.46447266e+02  -2.33486251e-04
   3.46447754e+02  -2.71037046e-04
   3.46448242e+02  -2.27497367e-05
   3.46448731e+02   6.02460568e-05
   3.46449219e+02  -1.31174907e-04
   3.46449707e+02  -3.13132303e-04
   3.46450195e+02  -2.70275312e-04
   3.46450684e+02   1.14943738e-04
   3.46451172e+02   7.48151680e-04
   3.46451660e+02   9.86150349e-04
   3.46452149e+02   4.70104278e-04
   3.46452637e+02  -8.77316124e-05
   3.46453125e+02  -2.80105160e-04
   3.46453614e+02  -8.18580156e-05
   3.46454102e+02   3.20765685e-04
   3.46454590e+02   3.92020564e-04
   3.46455079e+02   1.85904748e-04
   3.46455567e+02  -2.80534237e-04
   3.46456055e+02  -7.58260197e-04
   3.46456543e+02  -4.53075540e-04
   3.46457032e+02   1.01659040e-04
   3.46457520e+02   3.94352101e-04
   3.46458008e+02   7.21411721e-04
   3.46458497e+02   7.01335201e-04
   3.46458985e+02   2.31963233e-04
   3.46459473e+02  -6.81869205e-05
   3.46459962e+02  -1.32939924e-04
   3.46460450e+02  -7.34663772e-05
   3.46460938e+02  -1.77301496e-04
   3.46461427e+02  -3.91447131e-04
   3.46461915e+02  -2.22306131e-04
   3.46462403e+02   4.54435140e-05
   3.46462891e+02  -2.87581875e-04
   3.46463380e+02  -6.02796907e-04
   3.46463868e+02  -3.48075322e-04
   3.46464356e+02  -3.09469215e-05
   3.46464845e+02  -2.43476359e-04
   3.46465333e+02  -5.04597905e-04
   3.46465821e+02  -1.48717678e-04
   3.46466310e+02   3.35448043e-04
   3.46466798e+02   5.56081242e-04
   3.46467286e+02   2.74649326e-04
   3.46467775e+02  -9.31695540e-05
   3.46468263e+02  -1.89264232e-04
   3.46468751e+02  -6.36427358e-05
   3.46469240e+02  -2.03553591e-05
   3.46469728e+02  -2.22477811e-05
   3.46470216e+02   2.36706706e-04
   3.46470704e+02   6.19213853e-04
   3.46471193e+02   4.99154965e-04
   3.46471681e+02   3.59038313e-05
   3.46472169e+02  -1.34268485e-04
   3.46472658e+02   1.50153937e-05
   3.46473146e+02   2.07674690e-04
   3.46473634e+02  -2.04115095e-05
   3.46474123e+02  -4.74958273e-04
   3.46474611e+02  -5.07412362e-04
   3.46475099e+02  -2.17520661e-04
   3.46475588e+02  -5.59445507e-05
   3.46476076e+02   9.77301461e-05
   3.46476564e+02   2.83111061e-04
   3.46477052e+02   4.53475310e-04
   3.46477541e+02   5.64708200e-04
   3.46478029e+02   4.17106552e-04
   3.46478517e+02   1.87472033e-04
   3.46479006e+02   4.06180952e-05
   3.46479494e+02   1.11227055e-05
   3.46479982e+02   7.05035709e-05
   3.46480471e+02  -1.30877845e-04
   3.46480959e+02  -3.07972397e-04
   3.46481447e+02  -2.43490256e-04
   3.46481936e+02  -3.93679948e-04
   3.46482424e+02  -2.81668239e-04
   3.46482912e+02   2.99762847e-04
   3.46483400e+02   3.75232397e-04
   3.46483889e+02   1.05586674e-04
   3.46484377e+02   3.40260740e-04
   3.46484865e+02   4.95953194e-04
   3.46485354e+02   3.71541188e-04
   3.46485842e+02   4.94080479e-04
   3.46486330e+02   4.98231442e-04
   3.46486819e+02   3.17267928e-04
   3.46487307e+02   3.23913060e-04
   3.46487795e+02   3.50625021e-04
   3.46488284e+02   2.53514299e-04
   3.46488772e+02   4.37764502e-05
   3.46489260e+02  -2.12481478e-04
   3.46489748e+02  -2.90885888e-04
   3.46490237e+02  -3.62101826e-04
   3.46490725e+02  -4.92816267e-04
   3.46491213e+02  -4.44081146e-04
   3.46491702e+02  -3.55703145e-04
   3.46492190e+02  -3.45393521e-04
   3.46492678e+02  -2.73770595e-04
   3.46493167e+02  -5.13612304e-06
   3.46493655e+02   1.77304726e-04
   3.46494143e+02   1.17777658e-04
   3.46494632e+02   8.97920254e-05
   3.46495120e+02  -2.26405864e-05
   3.46495608e+02  -5.49805955e-05
   3.46496096e+02   2.94297047e-06
   3.46496585e+02  -1.10823275e-04
   3.46497073e+02  -4.43244586e-04
   3.46497561e+02  -5.55217499e-04
   3.46498050e+02  -2.31641432e-04
   3.46498538e+02   1.83520926e-04
   3.46499026e+02   4.51732427e-04
   3.46499515e+02   3.14606004e-04
   3.46500003e+02   1.00643250e-04
   3.46500491e+02   6.26189558e-06
   3.46500980e+02  -1.07441148e-04
   3.46501468e+02  -5.52048477e-05
   3.46501956e+02   8.62330198e-05
   3.46502444e+02   1.10945450e-06
   3.46502933e+02  -2.49170640e-04
   3.46503421e+02  -1.88147853e-04
   3.46503909e+02  -1.90189414e-04
   3.46504398e+02  -5.83741174e-04
   3.46504886e+02  -7.57859380e-04
   3.46505374e+02  -3.89884575e-04
   3.46505863e+02  -7.94514781e-05
   3.46506351e+02  -1.01609403e-05
   3.46506839e+02   1.77989743e-04
   3.46507328e+02   1.23879086e-04
   3.46507816e+02  -1.41229597e-04
   3.46508304e+02   1.34208485e-05
   3.46508793e+02   7.77413370e-05
   3.46509281e+02  -2.65262934e-04
   3.46509769e+02  -3.62241757e-04
   3.46510257e+02  -1.23448350e-04
   3.46510746e+02   2.59231398e-04
   3.46511234e+02   3.57152021e-04
   3.46511722e+02   3.75026275e-06
   3.46512211e+02  -2.77386222e-04
   3.46512699e+02  -3.11430369e-04
   3.46513187e+02  -2.34572377e-04
   3.46513676e+02  -1.91322863e-04
   3.46514164e+02  -2.08557685e-04
   3.46514652e+02  -2.64417613e-04
   3.46515141e+02  -2.79314612e-04
   3.46515629e+02  -7.65803561e-05
   3.46516117e+02  -4.18589261e-05
   3.46516605e+02  -1.47139406e-04
   3.46517094e+02   1.89659119e-07
   3.46517582e+02  -8.50178621e-05
   3.46518070e+02  -3.55117605e-04
   3.46518559e+02  -3.79659206e-04
   3.46519047e+02  -2.91550125e-04
   3.46519535e+02  -1.33762514e-04
   3.46520024e+02  -1.75049790e-04
   3.46520512e+02  -4.95567394e-04
   3.46521000e+02  -5.03869844e-04
   3.46521489e+02  -1.21098310e-04
   3.46521977e+02   3.06361559e-04
   3.46522465e+02   2.71508965e-04
   3.46522953e+02  -2.06528766e-05
   3.46523442e+02   1.58276947e-04
   3.46523930e+02   3.05871828e-04
   3.46524418e+02  -1.45256025e-04
   3.46524907e+02  -2.72198638e-04
   3.46525395e+02  -1.43945959e-04
   3.46525883e+02   2.16009703e-05
   3.46526372e+02   4.59766079e-06
   3.46526860e+02  -1.04100283e-04
   3.46527348e+02  -2.50852201e-04
   3.46527837e+02  -3.21621745e-04
   3.46528325e+02   5.45762814e-05
   3.46528813e+02   2.97124119e-04
   3.46529301e+02   1.00663412e-04
   3.46529790e+02   3.43344400e-05
   3.46530278e+02   3.10641510e-04
   3.46530766e+02   5.33011917e-04
   3.46531255e+02   2.44063238e-04
   3.46531743e+02  -1.94097665e-04
   3.46532231e+02  -1.26193598e-04
   3.46532720e+02   2.65766343e-04
   3.46533208e+02   4.99470509e-04
   3.46533696e+02   3.28047056e-04
   3.46534185e+02   2.06227094e-04
   3.46534673e+02   1.82889242e-04
   3.46535161e+02   3.86176816e-06
   3.46535649e+02   4.89698468e-05
   3.46536138e+02  -1.61471307e-05
   3.46536626e+02  -1.85448996e-04
   3.46537114e+02  -9.26262292e-05
   3.46537603e+02  -2.68683332e-04
   3.46538091e+02  -3.63798434e-04
   3.46538579e+02   3.20781372e-04
   3.46539068e+02   5.56446845e-04
   3.46539556e+02   5.07316290e-05
   3.46540044e+02  -1.82971155e-04
   3.46540533e+02  -9.27217552e-05
   3.46541021e+02   1.72248459e-04
   3.46541509e+02   1.03945764e-04
   3.46541997e+02  -1.98108391e-04
   3.46542486e+02  -1.83624987e-04
   3.46542974e+02   1.22628967e-06
   3.46543462e+02   3.05798516e-04
   3.46543951e+02   5.86809299e-04
   3.46544439e+02   5.55302366e-04
   3.46544927e+02   3.50217684e-04
   3.46545416e+02   1.26310377e-04
   3.46545904e+02  -8.71218654e-05
   3.46546392e+02  -3.50767892e-04
   3.46546881e+02  -3.77103512e-04
   3.46547369e+02  -6.41699953e-05
   3.46547857e+02   1.84319681e-04
   3.46548346e+02   2.38399560e-04
   3.46548834e+02   4.31178079e-04
   3.46549322e+02   7.76755100e-04
   3.46549810e+02   7.74911314e-04
   3.46550299e+02   2.61373352e-04
   3.46550787e+02  -1.09947367e-04
   3.46551275e+02  -1.33993410e-04
   3.46551764e+02  -1.91772502e-04
   3.46552252e+02  -3.27754242e-04
   3.46552740e+02  -2.46215379e-04
   3.46553229e+02   1.24097016e-04
   3.46553717e+02   3.32818629e-04
   3.46554205e+02   2.16468659e-04
   3.46554694e+02   1.19120436e-04
   3.46555182e+02   8.18493500e-05
   3.46555670e+02   6.55128906e-06
   3.46556158e+02  -2.38915120e-04
   3.46556647e+02  -3.09547206e-04
   3.46557135e+02   9.98285541e-05
   3.46557623e+02   3.56504956e-04
   3.46558112e+02   3.74544295e-04
   3.46558600e+02   4.07541549e-04
   3.46559088e+02   1.61777905e-04
   3.46559577e+02  -1.64225756e-04
   3.46560065e+02  -1.53732748e-04
   3.46560553e+02  -1.35300710e-04
   3.46561042e+02  -3.24925088e-04
   3.46561530e+02  -1.76711939e-04
   3.46562018e+02   2.26736622e-04
   3.46562506e+02   2.53778184e-04
   3.46562995e+02  -1.55399859e-04
   3.46563483e+02  -4.93089901e-04
   3.46563971e+02  -2.97737424e-04
   3.46564460e+02  -3.92708425e-05
   3.46564948e+02  -1.14528106e-04
   3.46565436e+02  -8.91934760e-05
   3.46565925e+02   7.08350126e-05
   3.46566413e+02   5.09225138e-05
   3.46566901e+02  -1.71150441e-05
   3.46567390e+02   1.48104707e-04
   3.46567878e+02   2.53644190e-04
   3.46568366e+02   1.46975799e-04
   3.46568854e+02   2.17491630e-04
   3.46569343e+02   2.38688066e-04
   3.46569831e+02  -4.91448509e-06
   3.46570319e+02  -1.31119712e-04
   3.46570808e+02  -3.92211776e-04
   3.46571296e+02  -6.20362000e-04
   3.46571784e+02  -1.36415896e-04
   3.46572273e+02   5.78350853e-04
   3.46572761e+02   3.60682869e-04
   3.46573249e+02  -1.96855908e-04
   3.46573738e+02  -1.53255198e-04
   3.46574226e+02   2.17459805e-04
   3.46574714e+02   5.15710621e-04
   3.46575202e+02   7.63451855e-04
   3.46575691e+02   9.16360819e-04
   3.46576179e+02   9.50078713e-04
   3.46576667e+02   9.49539302e-04
   3.46577156e+02   5.55359817e-04
   3.46577644e+02  -2.55984371e-04
   3.46578132e+02  -3.20453371e-04
   3.46578621e+02   2.19424488e-04
   3.46579109e+02   5.13185631e-04
   3.46579597e+02   5.71243174e-04
   3.46580086e+02   3.32221447e-04
   3.46580574e+02   2.77024432e-04
   3.46581062e+02   6.03109773e-04
   3.46581550e+02   4.08062304e-04
   3.46582039e+02  -1.94558001e-04
   3.46582527e+02  -3.76113312e-04
   3.46583015e+02   7.15900387e-05
   3.46583504e+02   9.88563188e-05
   3.46583992e+02   3.10501055e-05
   3.46584480e+02   3.36232961e-06
   3.46584969e+02  -1.96132794e-04
   3.46585457e+02  -7.00419623e-05
   3.46585945e+02   1.38509567e-04
   3.46586434e+02  -1.13346878e-05
   3.46586922e+02  -1.56719179e-04
   3.46587410e+02   4.90432330e-06
   3.46587899e+02   2.81064422e-04
   3.46588387e+02   4.10711888e-04
   3.46588875e+02   3.27870366e-04
   3.46589363e+02   1.06239619e-04
   3.46589852e+02   4.67252466e-05
   3.46590340e+02   1.63255158e-04
   3.46590828e+02   1.92910564e-04
   3.46591317e+02   6.95675044e-05
   3.46591805e+02  -9.67016895e-05
   3.46592293e+02   3.73934527e-05
   3.46592782e+02   3.59873724e-04
   3.46593270e+02   4.49704414e-04
   3.46593758e+02   1.71093619e-04
   3.46594247e+02  -2.48284719e-04
   3.46594735e+02  -2.56874366e-04
   3.46595223e+02  -7.59166869e-05
   3.46595711e+02   3.80710590e-05
   3.46596200e+02   2.91221950e-04
   3.46596688e+02   5.39386761e-04
   3.46597176e+02   5.50230849e-04
   3.46597665e+02   1.99268863e-04
   3.46598153e+02  -9.09779919e-05
   3.46598641e+02   5.41339978e-05
   3.46599130e+02  -9.10173549e-05
   3.46599618e+02  -3.42985848e-04
   3.46600106e+02  -9.14753982e-05
   3.46600595e+02  -1.00614961e-05
   3.46601083e+02  -9.69251487e-05
   3.46601571e+02  -8.83562279e-06
   3.46602059e+02  -5.79424523e-05
   3.46602548e+02  -1.84411518e-04
   3.46603036e+02  -1.01894133e-04
   3.46603524e+02  -5.36744228e-05
   3.46604013e+02   1.56681326e-05
   3.46604501e+02   1.44794350e-04
   3.46604989e+02  -2.75050079e-05
   3.46605478e+02  -1.83637720e-04
   3.46605966e+02   1.41608107e-05
   3.46606454e+02   1.82406613e-04
   3.46606943e+02   7.95107044e-05
   3.46607431e+02  -3.03800134e-05
   3.46607919e+02  -5.50137302e-05
   3.46608407e+02  -9.26825014e-05
   3.46608896e+02  -2.06828525e-04
   3.46609384e+02  -1.96026394e-05
   3.46609872e+02   1.88172256e-04
   3.46610361e+02   7.37607916e-05
   3.46610849e+02  -2.54668499e-04
   3.46611337e+02  -4.86158417e-04
   3.46611826e+02   1.56176684e-05
   3.46612314e+02   5.51748206e-04
   3.46612802e+02   1.48949286e-04
   3.46613291e+02  -5.00553346e-04
   3.46613779e+02  -4.17929987e-04
   3.46614267e+02  -8.30877980e-06
   3.46614755e+02   8.99054503e-05
   3.46615244e+02  -6.22304142e-05
   3.46615732e+02  -3.13678174e-04
   3.46616220e+02  -4.93914937e-04
   3.46616709e+02  -5.62056957e-04
   3.46617197e+02  -3.22930486e-04
   3.46617685e+02   1.90039646e-05
   3.46618174e+02   1.02982187e-04
   3.46618662e+02  -3.95111747e-05
   3.46619150e+02  -1.71378939e-04
   3.46619639e+02  -9.16206991e-05
   3.46620127e+02   1.77939772e-04
   3.46620615e+02   1.96886613e-04
   3.46621103e+02   1.27252832e-04
   3.46621592e+02   1.23968930e-04
   3.46622080e+02   2.59550143e-04
   3.46622568e+02   7.08833686e-04
   3.46623057e+02   8.19892681e-04
   3.46623545e+02   3.06686910e-04
   3.46624033e+02  -1.24286293e-04
   3.46624522e+02  -2.70395336e-04
   3.46625010e+02  -2.70533026e-04
   3.46625498e+02  -1.60205847e-04
   3.46625987e+02   2.68246058e-05
   3.46626475e+02   4.19967691e-05
   3.46626963e+02  -1.26005558e-04
   3.46627452e+02   6.79025470e-06
   3.46627940e+02   2.99988693e-04
   3.46628428e+02   5.03690448e-04
   3.46628916e+02   5.48092648e-04
   3.46629405e+02   3.90024652e-04
   3.46629893e+02   3.17647675e-04
   3.46630381e+02   8.10296187e-05
   3.46630870e+02  -1.25240927e-04
   3.46631358e+02   1.85028432e-04
   3.46631846e+02   4.78154776e-04
   3.46632335e+02   2.35075233e-04
   3.46632823e+02   1.23920443e-04
   3.46633311e+02   2.56949250e-04
   3.46633800e+02   6.76419586e-05
   3.46634288e+02  -3.54622520e-04
   3.46634776e+02  -5.51028759e-04
   3.46635264e+02  -4.72311367e-04
   3.46635753e+02  -1.81810174e-04
   3.46636241e+02   3.56462369e-05
   3.46636729e+02   4.51051928e-05
   3.46637218e+02  -5.29765166e-05
   3.46637706e+02  -1.40090764e-04
   3.46638194e+02  -1.78124028e-04
   3.46638683e+02  -3.07786977e-04
   3.46639171e+02  -5.86033217e-04
   3.46639659e+02  -4.57567337e-04
   3.46640148e+02   6.93985494e-05
   3.46640636e+02   4.07060230e-04
   3.46641124e+02   4.77399823e-04
   3.46641612e+02   1.54045156e-05
   3.46642101e+02  -2.62329617e-04
   3.46642589e+02  -2.58684711e-04
   3.46643077e+02  -3.19562329e-04
   3.46643566e+02  -3.77900695e-04
   3.46644054e+02  -1.37046023e-04
   3.46644542e+02  -1.66261918e-04
   3.46645031e+02  -3.62308376e-04
   3.46645519e+02  -4.29245614e-04
   3.46646007e+02  -3.52572795e-04
   3.46646496e+02   1.17760337e-05
   3.46646984e+02   3.33180142e-05
   3.46647472e+02  -3.08636110e-04
   3.46647960e+02  -3.98164178e-04
   3.46648449e+02  -3.06904665e-04
   3.46648937e+02  -2.38289242e-04
   3.46649425e+02  -2.08757789e-04
   3.46649914e+02  -1.52383553e-04
   3.46650402e+02  -1.77294234e-04
   3.46650890e+02  -3.04962159e-04
   3.46651379e+02  -4.81644471e-04
   3.46651867e+02  -4.73359250e-04
   3.46652355e+02  -6.44111889e-04
   3.46652844e+02  -9.11831507e-04
   3.46653332e+02  -4.84709017e-04
   3.46653820e+02  -1.81729938e-05
   3.46654308e+02  -1.07830274e-04
   3.46654797e+02  -1.62641649e-04
   3.46655285e+02   7.38336610e-07
   3.46655773e+02   1.14063318e-04
   3.46656262e+02   2.32878869e-04
   3.46656750e+02   3.10067611e-04
   3.46657238e+02   1.57376591e-04
   3.46657727e+02  -5.83152223e-06
   3.46658215e+02   7.96358145e-05
   3.46658703e+02   1.48546722e-04
   3.46659192e+02  -8.10183992e-05
   3.46659680e+02  -3.58297082e-04
   3.46660168e+02  -4.55056375e-04
   3.46660656e+02  -7.48729799e-05
   3.46661145e+02   5.26771822e-04
   3.46661633e+02   7.44241581e-04
   3.46662121e+02   4.87844838e-04
   3.46662610e+02   1.29221939e-04
   3.46663098e+02   1.00362427e-04
   3.46663586e+02   1.08406668e-04
   3.46664075e+02  -2.06260767e-04
   3.46664563e+02  -2.06351659e-04
   3.46665051e+02  -5.88870498e-05
   3.46665540e+02  -1.31518507e-04
   3.46666028e+02  -1.37745606e-04
   3.46666516e+02  -7.46550286e-05
   3.46667005e+02  -1.19814404e-05
   3.46667493e+02   2.07446559e-04
   3.46667981e+02   5.52360434e-04
   3.46668469e+02   6.12762698e-04
   3.46668958e+02   2.13121311e-04
   3.46669446e+02  -3.54122050e-04
   3.46669934e+02  -4.64273908e-04
   3.46670423e+02  -2.33606421e-04
   3.46670911e+02  -2.31344864e-04
   3.46671399e+02  -1.40874661e-04
   3.46671888e+02   1.68813451e-04
   3.46672376e+02   2.07522477e-04
   3.46672864e+02   7.64507495e-05
   3.46673353e+02   7.53971181e-05
   3.46673841e+02   3.86010579e-05
   3.46674329e+02  -1.75752604e-04
   3.46674817e+02  -2.90544122e-04
   3.46675306e+02  -2.60308676e-04
   3.46675794e+02  -4.13577596e-04
   3.46676282e+02  -4.48624807e-04
   3.46676771e+02  -3.89757799e-04
   3.46677259e+02  -6.76463998e-04
   3.46677747e+02  -4.70864528e-04
   3.46678236e+02   3.83359089e-04
   3.46678724e+02   9.52560222e-04
   3.46679212e+02   8.28094431e-04
   3.46679701e+02   3.09080875e-04
   3.46680189e+02  -2.39279034e-04
   3.46680677e+02  -4.41537733e-04
   3.46681165e+02  -9.01809181e-05
   3.46681654e+02  -1.23839854e-05
   3.46682142e+02  -3.81257734e-04
   3.46682630e+02  -2.97207938e-04
   3.46683119e+02   1.58009978e-04
   3.46683607e+02   5.25465060e-04
   3.46684095e+02   3.66362598e-04
   3.46684584e+02  -1.69592895e-04
   3.46685072e+02  -5.73220197e-04
   3.46685560e+02  -6.30209630e-04
   3.46686049e+02  -2.48073280e-04
   3.46686537e+02   3.62091960e-04
   3.46687025e+02   6.21083367e-04
   3.46687513e+02   5.81655942e-04
   3.46688002e+02   4.55203874e-04
   3.46688490e+02   1.80869538e-04
   3.46688978e+02   2.94659753e-06
   3.46689467e+02  -1.29406675e-04
   3.46689955e+02  -3.39665770e-04
   3.46690443e+02  -2.74071906e-04
   3.46690932e+02   3.38055688e-05
   3.46691420e+02   5.67831194e-05
   3.46691908e+02   1.30552769e-04
   3.46692397e+02   5.24109812e-04
   3.46692885e+02   6.96376839e-04
   3.46693373e+02   5.04687894e-04
   3.46693861e+02   1.23577629e-04
   3.46694350e+02  -7.07253494e-05
   3.46694838e+02  -4.64771183e-05
   3.46695326e+02   5.97600083e-05
   3.46695815e+02   3.01630673e-04
   3.46696303e+02   1.58916228e-04
   3.46696791e+02  -3.91219248e-04
   3.46697280e+02  -6.43451931e-04
   3.46697768e+02  -5.12946746e-04
   3.46698256e+02  -3.84213403e-04
   3.46698745e+02  -4.19097574e-04
   3.46699233e+02  -2.37031170e-04
   3.46699721e+02   6.28351336e-05
   3.46700209e+02   8.64839094e-05
   3.46700698e+02  -5.55136648e-06
   3.46701186e+02  -1.33430527e-04
   3.46701674e+02   3.24761845e-06
   3.46702163e+02   2.45181116e-04
   3.46702651e+02   1.77065653e-04
   3.46703139e+02   1.77384300e-05
   3.46703628e+02  -1.13534457e-04
   3.46704116e+02  -4.08008345e-04
   3.46704604e+02  -5.27485623e-04
   3.46705093e+02  -2.83209956e-04
   3.46705581e+02  -8.65846523e-05
   3.46706069e+02  -2.47895950e-04
   3.46706558e+02  -3.67040746e-04
   3.46707046e+02  -6.49360227e-05
   3.46707534e+02   2.98925006e-04
   3.46708022e+02   4.21226141e-04
   3.46708511e+02   2.44291354e-04
   3.46708999e+02  -6.43692256e-05
   3.46709487e+02  -2.08973841e-04
   3.46709976e+02  -5.56330255e-04
   3.46710464e+02  -8.48930562e-04
   3.46710952e+02  -4.49371204e-04
   3.46711441e+02   6.80738303e-05
   3.46711929e+02   1.35708120e-04
   3.46712417e+02   2.32129329e-04
   3.46712906e+02   8.97122882e-05
   3.46713394e+02  -4.57289221e-04
   3.46713882e+02  -4.89816302e-04
   3.46714370e+02  -2.40800640e-04
   3.46714859e+02  -7.16854556e-05
   3.46715347e+02   2.32593520e-04
   3.46715835e+02   6.14837569e-04
   3.46716324e+02   7.11299595e-04
   3.46716812e+02   5.43981791e-04
   3.46717300e+02   4.99128597e-04
   3.46717789e+02   4.80483315e-04
   3.46718277e+02   4.42666613e-04
   3.46718765e+02   6.11845287e-04
   3.46719254e+02   8.52668891e-04
   3.46719742e+02   8.40281253e-04
   3.46720230e+02   3.22145817e-04
   3.46720718e+02  -2.78118794e-04
   3.46721207e+02   1.63874174e-05
   3.46721695e+02   4.70857165e-04
   3.46722183e+02   2.99695297e-04
   3.46722672e+02  -1.55036287e-05
   3.46723160e+02  -2.14608546e-04
   3.46723648e+02  -1.68011698e-04
   3.46724137e+02   2.71195277e-05
   3.46724625e+02  -5.97781145e-05
   3.46725113e+02  -2.50533718e-04
   3.46725602e+02  -7.49413593e-05
   3.46726090e+02  -4.05720930e-05
   3.46726578e+02  -2.89750809e-04
   3.46727066e+02  -2.21270850e-04
   3.46727555e+02  -7.97881148e-05
   3.46728043e+02  -1.98364505e-05
   3.46728531e+02   5.69311196e-05
   3.46729020e+02  -1.33216643e-04
   3.46729508e+02  -3.11530370e-04
   3.46729996e+02   7.43539886e-06
   3.46730485e+02   5.38592052e-04
   3.46730973e+02   5.64550166e-04
   3.46731461e+02   1.86392026e-05
   3.46731950e+02  -4.51667467e-04
   3.46732438e+02  -3.22447799e-04
   3.46732926e+02   6.82639711e-06
   3.46733414e+02   6.61125159e-05
   3.46733903e+02   4.07653046e-04
   3.46734391e+02   7.35960377e-04
   3.46734879e+02   5.85948525e-04
   3.46735368e+02   4.13069414e-04
   3.46735856e+02   3.76842945e-04
   3.46736344e+02   3.79863312e-04
   3.46736833e+02   1.58292642e-05
   3.46737321e+02  -3.93263850e-04
   3.46737809e+02  -1.31111490e-04
   3.46738298e+02   2.98667350e-04
   3.46738786e+02   3.55712342e-04
   3.46739274e+02   1.46955223e-04
   3.46739762e+02  -1.95954672e-05
   3.46740251e+02  -1.25497085e-04
   3.46740739e+02  -8.16659303e-05
   3.46741227e+02   6.51411247e-05
   3.46741716e+02   2.33712271e-04
   3.46742204e+02   3.94843286e-04
   3.46742692e+02   6.47269830e-04
   3.46743181e+02   1.01411843e-03
   3.46743669e+02   9.19872487e-04
   3.46744157e+02   4.72457730e-04
   3.46744646e+02   3.38603219e-04
   3.46745134e+02   1.21216537e-04
   3.46745622e+02  -6.01493375e-05
   3.46746111e+02   5.22131522e-05
   3.46746599e+02  -1.60336014e-04
   3.46747087e+02  -4.55724628e-04
   3.46747575e+02  -2.25995042e-04
   3.46748064e+02   1.10924215e-04
   3.46748552e+02   2.43516752e-06
   3.46749040e+02  -9.15853598e-05
   3.46749529e+02  -2.81339999e-05
   3.46750017e+02   1.62282624e-04
   3.46750505e+02   2.48346711e-04
   3.46750994e+02   7.75374137e-05
   3.46751482e+02   6.39381251e-05
   3.46751970e+02   1.59098388e-04
   3.46752459e+02   1.61621319e-05
   3.46752947e+02  -5.61127381e-05
   3.46753435e+02   1.72228989e-04
   3.46753923e+02   1.69008650e-04
   3.46754412e+02   8.73802273e-05
   3.46754900e+02   1.26252839e-04
   3.46755388e+02   8.56091428e-05
   3.46755877e+02  -7.56471127e-05
   3.46756365e+02   4.78957809e-05
   3.46756853e+02   2.07661011e-04
   3.46757342e+02   9.40331347e-07
   3.46757830e+02  -1.23358230e-04
   3.46758318e+02  -1.24242011e-04
   3.46758807e+02   6.33690215e-05
   3.46759295e+02  -2.76799492e-05
   3.46759783e+02   2.08713536e-04
   3.46760271e+02   2.77341867e-04
   3.46760760e+02   1.68020168e-04
   3.46761248e+02   1.57844974e-04
   3.46761736e+02   7.15586575e-05
   3.46762225e+02   2.35795633e-05
   3.46762713e+02  -2.52643099e-06
   3.46763201e+02   5.45562907e-05
   3.46763690e+02   1.80396746e-04
   3.46764178e+02  -1.48838226e-04
   3.46764666e+02  -5.18534100e-04
   3.46765155e+02  -2.86365917e-04
   3.46765643e+02   6.41804800e-05
   3.46766131e+02   8.80325533e-05
   3.46766619e+02  -4.52544373e-05
   3.46767108e+02  -1.38334770e-04
   3.46767596e+02  -2.68967677e-04
   3.46768084e+02  -2.34246385e-04
   3.46768573e+02   5.52724305e-05
   3.46769061e+02   1.57959599e-04
   3.46769549e+02   8.34862440e-05
   3.46770038e+02  -2.04805518e-04
   3.46770526e+02  -4.95982589e-04
   3.46771014e+02  -3.98751959e-04
   3.46771503e+02  -1.76055346e-05
   3.46771991e+02   2.98848929e-04
   3.46772479e+02   2.40839930e-04
   3.46772967e+02   3.63629406e-05
   3.46773456e+02  -5.00386996e-05
   3.46773944e+02   1.54177542e-04
   3.46774432e+02   3.82448401e-04
   3.46774921e+02   2.79823114e-04
   3.46775409e+02   2.85174669e-04
   3.46775897e+02   2.35072730e-04
   3.46776386e+02  -7.10221866e-05
   3.46776874e+02  -3.22379987e-04
   3.46777362e+02  -3.99568584e-04
   3.46777851e+02  -2.68927863e-04
   3.46778339e+02  -6.63554747e-05
   3.46778827e+02  -7.91848288e-06
   3.46779315e+02   3.22516935e-05
   3.46779804e+02  -1.33441528e-04
   3.46780292e+02  -2.94637284e-04
   3.46780780e+02  -2.34282081e-04
   3.46781269e+02  -1.92466803e-04
   3.46781757e+02  -1.79721814e-04
   3.46782245e+02  -7.68731334e-05
   3.46782734e+02  -8.98322251e-05
   3.46783222e+02  -2.67290714e-04
   3.46783710e+02  -1.20321325e-04
   3.46784199e+02   3.54178512e-04
   3.46784687e+02   3.86725122e-04
   3.46785175e+02  -1.74126268e-04
   3.46785664e+02  -4.81886964e-04
   3.46786152e+02  -1.81829353e-04
   3.46786640e+02  -1.76651258e-04
   3.46787128e+02  -3.24616616e-04
   3.46787617e+02  -6.93403781e-05
   3.46788105e+02   3.77179749e-05
   3.46788593e+02   1.63930832e-04
   3.46789082e+02   4.67347330e-04
   3.46789570e+02   6.40370825e-04
   3.46790058e+02   3.77736753e-04
   3.46790547e+02  -1.66905782e-04
   3.46791035e+02  -6.01896259e-04
   3.46791523e+02  -6.92690606e-04
   3.46792012e+02  -2.31833081e-04
   3.46792500e+02  -1.14703982e-06
   3.46792988e+02  -3.03200592e-04
   3.46793476e+02  -2.24780233e-04
   3.46793965e+02   1.29507258e-04
   3.46794453e+02  -3.59923251e-05
   3.46794941e+02  -2.66859628e-04
   3.46795430e+02  -2.35111875e-04
   3.46795918e+02  -4.81357383e-05
   3.46796406e+02   3.42326821e-04
   3.46796895e+02   2.66590301e-04
   3.46797383e+02  -7.39240641e-05
   3.46797871e+02   9.37842924e-06
   3.46798360e+02   3.69291301e-05
   3.46798848e+02   4.65210032e-05
   3.46799336e+02   1.35596792e-05
   3.46799824e+02  -4.18734591e-04
   3.46800313e+02  -3.59522353e-04
   3.46800801e+02   9.48779270e-05
   3.46801289e+02   4.08842257e-04
   3.46801778e+02   5.18392306e-04
   3.46802266e+02   1.99932168e-04
   3.46802754e+02  -1.99888644e-04
   3.46803243e+02  -3.21552681e-04
   3.46803731e+02   3.87530454e-05
   3.46804219e+02   4.60522278e-04
   3.46804708e+02   3.53336567e-04
   3.46805196e+02   2.77630112e-04
   3.46805684e+02   2.92303099e-04
   3.46806172e+02  -1.04089289e-04
   3.46806661e+02  -1.93618005e-04
   3.46807149e+02  -7.36646689e-05
   3.46807637e+02  -1.77025926e-04
   3.46808126e+02  -1.70255735e-04
   3.46808614e+02  -3.56085438e-05
   3.46809102e+02  -1.28990680e-04
   3.46809591e+02  -7.56281661e-05
   3.46810079e+02   2.83756963e-04
   3.46810567e+02   3.99277749e-04
   3.46811056e+02   1.53469111e-04
   3.46811544e+02  -1.77889509e-04
   3.46812032e+02  -2.67707044e-04
   3.46812520e+02  -1.13566130e-04
   3.46813009e+02  -6.41083204e-07
   3.46813497e+02  -1.14090008e-05
   3.46813985e+02   2.11810475e-05
   3.46814474e+02   3.78584897e-04
   3.46814962e+02   3.94840288e-04
   3.46815450e+02  -1.88098289e-04
   3.46815939e+02  -3.87013977e-04
   3.46816427e+02  -4.05626488e-05
   3.46816915e+02   1.96893016e-04
   3.46817404e+02  -3.87308304e-04
   3.46817892e+02  -7.54665234e-04
   3.46818380e+02  -6.67724351e-04
   3.46818868e+02  -3.19872663e-04
   3.46819357e+02  -1.21754438e-05
   3.46819845e+02   4.51773121e-05
   3.46820333e+02   2.13891763e-05
   3.46820822e+02   9.51734619e-05
   3.46821310e+02   3.71960341e-05
   3.46821798e+02  -1.07523294e-04
   3.46822287e+02  -3.15961515e-04
   3.46822775e+02  -4.68009064e-04
   3.46823263e+02  -3.08664428e-04
   3.46823752e+02  -1.69424340e-04
   3.46824240e+02  -1.52318287e-04
   3.46824728e+02  -1.85045792e-04
   3.46825217e+02  -3.27439368e-04
   3.46825705e+02  -4.92228952e-04
   3.46826193e+02  -3.63615720e-04
   3.46826681e+02  -1.85977755e-04
   3.46827170e+02  -3.46080895e-04
   3.46827658e+02  -2.67730124e-04
   3.46828146e+02  -6.69320507e-05
   3.46828635e+02  -1.06734973e-04
   3.46829123e+02  -7.21268370e-05
   3.46829611e+02  -1.00445344e-04
   3.46830100e+02  -1.94020889e-04
   3.46830588e+02   1.11548143e-05
   3.46831076e+02   1.13987888e-04
   3.46831565e+02  -9.92789137e-06
   3.46832053e+02   2.40763984e-04
   3.46832541e+02   3.70400143e-04
   3.46833029e+02   6.55143867e-06
   3.46833518e+02  -4.38715942e-05
   3.46834006e+02   2.03372183e-04
   3.46834494e+02   1.50335647e-04
   3.46834983e+02  -4.14824863e-05
   3.46835471e+02  -1.12867732e-04
   3.46835959e+02  -2.09562611e-04
   3.46836448e+02  -1.61978911e-04
   3.46836936e+02   8.41071524e-05
   3.46837424e+02   9.26922439e-05
   3.46837913e+02  -5.17388980e-05
   3.46838401e+02   8.59232241e-05
   3.46838889e+02   1.22046120e-04
   3.46839377e+02   3.60260237e-05
   3.46839866e+02   3.09183495e-04
   3.46840354e+02   1.44069912e-04
   3.46840842e+02  -3.22186796e-04
   3.46841331e+02  -1.59231728e-04
   3.46841819e+02   2.78769876e-04
   3.46842307e+02   4.98754671e-04
   3.46842796e+02   4.35375463e-04
   3.46843284e+02   3.40416998e-04
   3.46843772e+02   1.73249893e-04
   3.46844261e+02  -3.63106046e-05
   3.46844749e+02   1.85109471e-04
   3.46845237e+02   4.41030046e-04
   3.46845725e+02   2.02061728e-05
   3.46846214e+02  -5.96507394e-04
   3.46846702e+02  -4.36577946e-04
   3.46847190e+02   1.78542759e-05
   3.46847679e+02   1.73235661e-04
   3.46848167e+02   1.94405962e-04
   3.46848655e+02  -3.45464621e-04
   3.46849144e+02  -1.02894858e-03
   3.46849632e+02  -9.20931692e-04
   3.46850120e+02  -2.67615309e-04
   3.46850609e+02   8.75155529e-05
   3.46851097e+02  -1.81683776e-04
   3.46851585e+02  -5.50497964e-04
   3.46852073e+02  -6.04939007e-04
   3.46852562e+02  -1.63764227e-04
   3.46853050e+02   1.28403539e-04
   3.46853538e+02   7.28409141e-05
   3.46854027e+02   1.27532505e-04
   3.46854515e+02   3.22904925e-05
   3.46855003e+02  -1.41657845e-04
   3.46855492e+02   7.91554776e-05
   3.46855980e+02   3.25789966e-04
   3.46856468e+02   4.02850565e-04
   3.46856957e+02   4.86008445e-04
   3.46857445e+02   6.40951446e-04
   3.46857933e+02   6.67425571e-04
   3.46858421e+02   4.11800458e-04
   3.46858910e+02  -9.23471725e-06
   3.46859398e+02  -2.11143575e-04
   3.46859886e+02  -2.73832527e-04
   3.46860375e+02  -2.86214723e-04
   3.46860863e+02  -1.03627834e-04
   3.46861351e+02   1.10399473e-04
   3.46861840e+02   1.44841368e-04
   3.46862328e+02   1.27397012e-04
   3.46862816e+02   2.53041508e-05
   3.46863305e+02  -1.11003239e-04
   3.46863793e+02   1.44027741e-04
   3.46864281e+02   3.67785629e-04
   3.46864770e+02   1.87692509e-04
   3.46865258e+02  -1.46238453e-04
   3.46865746e+02  -3.41640378e-04
   3.46866234e+02  -3.68262117e-04
   3.46866723e+02  -3.74236173e-04
   3.46867211e+02  -4.63933509e-04
   3.46867699e+02  -5.75415324e-04
   3.46868188e+02  -6.26757101e-04
   3.46868676e+02  -7.19730742e-04
   3.46869164e+02  -6.44615968e-04
   3.46869653e+02  -5.21910610e-04
   3.46870141e+02  -5.85805101e-04
   3.46870629e+02  -4.98195528e-04
   3.46871118e+02  -3.54486081e-04
   3.46871606e+02  -8.59694192e-05
   3.46872094e+02   4.05882223e-04
   3.46872582e+02   4.13667207e-04
   3.46873071e+02  -4.72882057e-05
   3.46873559e+02   2.26955272e-05
   3.46874047e+02   5.04117867e-04
   3.46874536e+02   8.05917138e-04
   3.46875024e+02   7.33619439e-04
   3.46875512e+02   3.67268454e-04
   3.46876001e+02  -1.89161801e-04
   3.46876489e+02  -4.23431862e-04
   3.46876977e+02  -1.58813506e-04
   3.46877466e+02   2.74377700e-04
   3.46877954e+02   1.95026587e-04
   3.46878442e+02  -6.79683126e-06
   3.46878930e+02   2.58643297e-04
   3.46879419e+02   2.16271714e-04
   3.46879907e+02  -2.11537234e-04
   3.46880395e+02  -4.36629780e-04
   3.46880884e+02  -5.06078009e-04
   3.46881372e+02  -4.51073633e-04
   3.46881860e+02  -2.27873330e-04
   3.46882349e+02  -4.57179340e-05
   3.46882837e+02   1.33751790e-04
   3.46883325e+02   2.77037674e-04
   3.46883814e+02   6.78864089e-05
   3.46884302e+02   7.39136667e-05
   3.46884790e+02   2.84736947e-04
   3.46885278e+02  -3.06488328e-05
   3.46885767e+02  -3.38005630e-04
   3.46886255e+02  -1.01780155e-04
   3.46886743e+02   2.09965001e-04
   3.46887232e+02   2.34483698e-04
   3.46887720e+02   1.19224016e-04
   3.46888208e+02   4.05230749e-05
   3.46888697e+02  -7.64456636e-05
   3.46889185e+02  -1.62610348e-04
   3.46889673e+02  -4.53735956e-05
   3.46890162e+02   4.55037880e-05
   3.46890650e+02  -4.13029018e-04
   3.46891138e+02  -8.58529471e-04
   3.46891626e+02  -8.03456467e-04
   3.46892115e+02  -5.88154886e-04
   3.46892603e+02  -1.45575832e-04
   3.46893091e+02   3.67547647e-04
   3.46893580e+02   2.83818954e-04
   3.46894068e+02  -7.14518901e-05
   3.46894556e+02   1.47346960e-04
   3.46895045e+02   3.71979753e-04
   3.46895533e+02   4.64810910e-05
   3.46896021e+02  -7.65533841e-05
   3.46896510e+02  -4.47856255e-05
   3.46896998e+02  -7.48679740e-05
   3.46897486e+02  -8.20532950e-05
   3.46897974e+02  -3.09848911e-05
   3.46898463e+02   1.46927137e-04
   3.46898951e+02   2.12270766e-04
   3.46899439e+02   1.87449696e-04
   3.46899928e+02   4.81421084e-05
   3.46900416e+02   2.89954596e-06
   3.46900904e+02   1.89047219e-04
   3.46901393e+02   2.54944345e-04
   3.46901881e+02   1.19136181e-04
   3.46902369e+02  -1.85031677e-04
   3.46902858e+02  -3.28637543e-04
   3.46903346e+02  -2.44829862e-04
   3.46903834e+02  -2.39059693e-04
   3.46904323e+02  -1.35343289e-04
   3.46904811e+02   1.91622355e-04
   3.46905299e+02   5.47574833e-04
   3.46905787e+02   6.66791515e-04
   3.46906276e+02   4.59055882e-04
   3.46906764e+02   5.65381088e-05
   3.46907252e+02  -2.69964075e-04
   3.46907741e+02  -2.36798107e-04
   3.46908229e+02   1.66791608e-04
   3.46908717e+02   5.15111955e-04
   3.46909206e+02   2.72433361e-04
   3.46909694e+02  -1.79162656e-04
   3.46910182e+02  -1.75101886e-05
   3.46910671e+02   1.71282634e-04
   3.46911159e+02   1.24753831e-04
   3.46911647e+02  -2.62095506e-04
   3.46912135e+02  -8.84911802e-04
   3.46912624e+02  -7.07393512e-04
   3.46913112e+02   3.03168999e-05
   3.46913600e+02   1.18100921e-04
   3.46914089e+02  -1.87266545e-04
   3.46914577e+02  -7.85571028e-05
   3.46915065e+02   5.21222719e-05
   3.46915554e+02   7.23563862e-05
   3.46916042e+02   2.22041999e-04
   3.46916530e+02   4.22643556e-04
   3.46917019e+02   4.50135674e-04
   3.46917507e+02   1.89873695e-04
   3.46917995e+02   2.90746102e-04
   3.46918483e+02   4.86319914e-04
   3.46918972e+02   3.84668994e-04
   3.46919460e+02   3.73772840e-04
   3.46919948e+02   7.07050131e-05
   3.46920437e+02  -4.00783727e-04
   3.46920925e+02  -2.80960259e-04
   3.46921413e+02   1.16170319e-04
   3.46921902e+02   2.51065911e-04
   3.46922390e+02   2.30613194e-04
   3.46922878e+02   2.52653030e-04
   3.46923367e+02   4.14798327e-04
   3.46923855e+02   5.89200878e-04
   3.46924343e+02   2.80201959e-04
   3.46924831e+02  -2.32602979e-04
   3.46925320e+02  -5.34226238e-05
   3.46925808e+02   2.46643700e-04
   3.46926296e+02   1.59979289e-04
   3.46926785e+02   1.71864722e-05
   3.46927273e+02  -6.03028275e-05
   3.46927761e+02   4.73799482e-05
   3.46928250e+02  -5.38032800e-05
   3.46928738e+02  -4.89064958e-04
   3.46929226e+02  -4.94589272e-04
   3.46929715e+02  -1.66511614e-04
   3.46930203e+02  -1.72692336e-04
   3.46930691e+02  -4.29039559e-04
   3.46931179e+02  -5.57388237e-04
   3.46931668e+02  -2.31261292e-04
   3.46932156e+02   2.58523942e-04
   3.46932644e+02   3.99759010e-04
   3.46933133e+02   2.41250906e-04
   3.46933621e+02   1.35416394e-05
   3.46934109e+02  -7.10140557e-06
   3.46934598e+02  -7.38612216e-05
   3.46935086e+02  -7.55130095e-05
   3.46935574e+02   1.67950275e-04
   3.46936063e+02   2.22281800e-04
   3.46936551e+02  -8.37382031e-05
   3.46937039e+02  -2.79105268e-04
   3.46937527e+02   8.62116576e-05
   3.46938016e+02   4.61762917e-04
   3.46938504e+02   4.96000051e-04
   3.46938992e+02   2.44750554e-04
   3.46939481e+02  -1.08587446e-04
   3.46939969e+02  -2.90533528e-04
   3.46940457e+02  -3.29644099e-04
   3.46940946e+02  -2.56341213e-04
   3.46941434e+02  -5.83383880e-05
   3.46941922e+02   1.52587949e-04
   3.46942411e+02   2.22506933e-04
   3.46942899e+02   1.79667593e-04
   3.46943387e+02  -8.49486314e-05
   3.46943876e+02  -3.12441902e-04
   3.46944364e+02  -3.08234448e-04
   3.46944852e+02  -1.83690674e-04
   3.46945340e+02   1.89835890e-04
   3.46945829e+02   4.01490455e-04
   3.46946317e+02   5.05465257e-04
   3.46946805e+02   5.72952151e-04
   3.46947294e+02   1.35428621e-04
   3.46947782e+02  -4.58510680e-04
   3.46948270e+02  -6.68549270e-04
   3.46948759e+02  -4.36920061e-04
   3.46949247e+02  -1.50138030e-05
   3.46949735e+02   2.70888686e-05
   3.46950224e+02  -6.05866408e-05
   3.46950712e+02  -2.73376092e-04
   3.46951200e+02  -5.60785702e-04
   3.46951688e+02  -5.85070287e-04
   3.46952177e+02  -3.30371025e-04
   3.46952665e+02   7.80609626e-05
   3.46953153e+02   6.99139840e-04
   3.46953642e+02   1.26562407e-03
   3.46954130e+02   1.17635855e-03
   3.46954618e+02   9.44129017e-04
   3.46955107e+02   8.69472860e-04
   3.46955595e+02   4.24638827e-04
   3.46956083e+02  -1.43410944e-04
   3.46956572e+02  -2.89809861e-04
   3.46957060e+02  -5.65892515e-05
   3.46957548e+02   5.86445276e-05
   3.46958036e+02  -1.45319555e-05
   3.46958525e+02  -1.86880527e-04
   3.46959013e+02  -2.07439312e-04
   3.46959501e+02   1.40289136e-04
   3.46959990e+02   3.25830857e-04
   3.46960478e+02   1.65332982e-04
   3.46960966e+02  -1.87681126e-05
   3.46961455e+02  -4.43877740e-04
   3.46961943e+02  -8.05083080e-04
   3.46962431e+02  -2.44839001e-04
   3.46962920e+02   5.70534263e-04
   3.46963408e+02   5.11189515e-04
   3.46963896e+02  -8.71719021e-05
   3.46964384e+02  -2.16294997e-04
   3.46964873e+02   1.84615114e-04
   3.46965361e+02   2.46574084e-04
   3.46965849e+02   1.06296953e-04
   3.46966338e+02   1.21966070e-04
   3.46966826e+02   4.01062971e-05
   3.46967314e+02  -1.79150535e-04
   3.46967803e+02  -3.46589426e-04
   3.46968291e+02  -8.33781669e-05
   3.46968779e+02   9.44987914e-05
   3.46969268e+02  -6.19616694e-05
   3.46969756e+02  -3.90938112e-05
   3.46970244e+02   2.16520668e-04
   3.46970732e+02   2.83508154e-04
   3.46971221e+02   2.25538184e-04
   3.46971709e+02   2.84532027e-04
   3.46972197e+02   5.75250830e-04
   3.46972686e+02   7.50680279e-04
   3.46973174e+02   4.52431355e-04
   3.46973662e+02   2.33774947e-04
   3.46974151e+02   2.82875350e-04
   3.46974639e+02   3.70237394e-05
   3.46975127e+02  -1.64189347e-04
   3.46975616e+02  -2.94367783e-05
   3.46976104e+02   3.73723628e-06
   3.46976592e+02   1.68987845e-05
   3.46977080e+02   2.14431930e-04
   3.46977569e+02   3.81145801e-04
   3.46978057e+02   2.60334986e-04
   3.46978545e+02   2.59002671e-04
   3.46979034e+02   3.16362595e-04
   3.46979522e+02   2.30617996e-04
   3.46980010e+02   2.55616265e-04
   3.46980499e+02   2.27602039e-04
   3.46980987e+02   4.77281210e-05
   3.46981475e+02   1.32893940e-04
   3.46981964e+02   3.67140397e-04
   3.46982452e+02   2.60831759e-04
   3.46982940e+02   2.59541903e-05
   3.46983428e+02  -8.00701237e-05
   3.46983917e+02  -1.30126282e-04
   3.46984405e+02  -1.20349127e-04
   3.46984893e+02  -2.92506593e-04
   3.46985382e+02  -5.45003102e-04
   3.46985870e+02  -4.56447335e-04
   3.46986358e+02  -1.68463812e-04
   3.46986847e+02   2.72427715e-04
   3.46987335e+02   5.99401421e-04
   3.46987823e+02   4.59636532e-04
   3.46988312e+02  -2.67187970e-05
   3.46988800e+02  -3.46134679e-04
   3.46989288e+02  -1.24362821e-04
   3.46989777e+02  -7.91074053e-05
   3.46990265e+02  -3.91278765e-04
   3.46990753e+02  -3.64693464e-04
   3.46991241e+02  -1.00462872e-04
   3.46991730e+02  -6.35152392e-05
   3.46992218e+02  -9.68000168e-05
   3.46992706e+02   5.97705503e-06
   3.46993195e+02  -2.24765230e-04
   3.46993683e+02  -3.31301650e-04
   3.46994171e+02  -3.07667651e-04
   3.46994660e+02  -8.25144380e-05
   3.46995148e+02   1.87644880e-04
   3.46995636e+02   9.67340820e-05
   3.46996125e+02  -3.08281131e-04
   3.46996613e+02  -4.34808375e-04
   3.46997101e+02  -3.70014721e-04
   3.46997589e+02  -3.14444100e-04
   3.46998078e+02  -2.70269549e-04
   3.46998566e+02  -2.78506574e-04
   3.46999054e+02  -2.23044364e-04
   3.46999543e+02   4.47724196e-05
   3.47000031e+02   5.13108447e-04
   3.47000519e+02   1.02175854e-03
   3.47001008e+02   1.01318397e-03
   3.47001496e+02   5.07319986e-04
   3.47001984e+02   3.11567768e-04
   3.47002473e+02   3.12559365e-04
   3.47002961e+02   5.25046198e-04
   3.47003449e+02   8.58381100e-04
   3.47003937e+02   7.10521126e-04
   3.47004426e+02   3.27995949e-04
   3.47004914e+02  -1.55270667e-04
   3.47005402e+02  -5.96406753e-04
   3.47005891e+02  -5.95579040e-04
   3.47006379e+02  -2.54913990e-04
   3.47006867e+02   1.65440360e-04
   3.47007356e+02   4.02363512e-04
   3.47007844e+02   2.28534613e-04
   3.47008332e+02  -1.13883289e-04
   3.47008821e+02  -4.60612428e-05
   3.47009309e+02   7.73248175e-05
   3.47009797e+02   1.78104237e-05
   3.47010285e+02   2.23571027e-04
   3.47010774e+02   1.91233034e-04
   3.47011262e+02  -3.46893736e-04
   3.47011750e+02  -8.62866524e-04
   3.47012239e+02  -6.61787519e-04
   3.47012727e+02   8.72861492e-05
   3.47013215e+02   3.27168556e-04
   3.47013704e+02   1.33898910e-04
   3.47014192e+02  -1.46516846e-04
   3.47014680e+02  -1.73717795e-04
   3.47015169e+02   1.48599778e-04
   3.47015657e+02   1.74847402e-04
   3.47016145e+02   3.30383882e-05
   3.47016633e+02   4.10711073e-05
   3.47017122e+02   1.58782350e-04
   3.47017610e+02   4.12796828e-04
   3.47018098e+02   5.17939217e-04
   3.47018587e+02   5.24294621e-04
   3.47019075e+02   2.54876853e-04
   3.47019563e+02  -7.40343676e-05
   3.47020052e+02   1.44807695e-04
   3.47020540e+02   4.32663132e-04
   3.47021028e+02   3.71581496e-04
   3.47021517e+02   3.21942905e-04
   3.47022005e+02   2.25908341e-04
   3.47022493e+02   2.64165956e-05
   3.47022981e+02   9.73503847e-05
   3.47023470e+02   2.62315094e-04
   3.47023958e+02   1.50906344e-04
   3.47024446e+02  -1.00987789e-04
   3.47024935e+02   4.08541928e-06
   3.47025423e+02   6.48728674e-05
   3.47025911e+02  -3.62443592e-04
   3.47026400e+02  -6.33094634e-04
   3.47026888e+02  -4.95319022e-04
   3.47027376e+02  -1.90706007e-04
   3.47027865e+02  -4.34458489e-05
   3.47028353e+02  -2.22343835e-04
   3.47028841e+02  -2.07323232e-04
   3.47029330e+02   9.75943931e-06
   3.47029818e+02  -4.58476934e-05
   3.47030306e+02   6.49820795e-05
   3.47030794e+02   4.42146469e-04
   3.47031283e+02   5.26126532e-04
   3.47031771e+02   2.21286376e-04
   3.47032259e+02  -1.20184064e-04
   3.47032748e+02  -2.76086561e-04
   3.47033236e+02  -7.63455464e-05
   3.47033724e+02   9.70282708e-05
   3.47034213e+02   7.32054395e-05
   3.47034701e+02   1.10709712e-04
   3.47035189e+02   2.51994759e-04
   3.47035678e+02   2.58651242e-04
   3.47036166e+02  -8.06605967e-05
   3.47036654e+02  -4.95650922e-04
   3.47037142e+02  -5.92774421e-04
   3.47037631e+02  -3.07431328e-04
   3.47038119e+02   1.02494472e-04
   3.47038607e+02   2.76168750e-04
   3.47039096e+02   1.71666790e-04
   3.47039584e+02   7.59798638e-07
   3.47040072e+02   9.77466243e-06
   3.47040561e+02   2.94041150e-04
   3.47041049e+02   2.04052849e-04
   3.47041537e+02   1.45449958e-04
   3.47042026e+02   3.12466029e-04
   3.47042514e+02   9.32915791e-05
   3.47043002e+02   2.53237940e-05
   3.47043490e+02   4.54862929e-05
   3.47043979e+02  -2.63096910e-04
   3.47044467e+02  -4.11564746e-04
   3.47044955e+02  -1.35060734e-04
   3.47045444e+02   1.73832639e-04
   3.47045932e+02   2.14816682e-04
   3.47046420e+02   2.05266115e-04
   3.47046909e+02   2.69403739e-04
   3.47047397e+02   1.28254294e-04
   3.47047885e+02   5.23367380e-05
   3.47048374e+02   3.78382421e-04
   3.47048862e+02   4.33143257e-04
   3.47049350e+02  -2.18203459e-05
   3.47049838e+02  -3.47742607e-05
   3.47050327e+02   3.84551182e-04
   3.47050815e+02   5.30541991e-04
   3.47051303e+02   4.40269592e-04
   3.47051792e+02   1.69969848e-04
   3.47052280e+02  -3.02923669e-04
   3.47052768e+02  -5.24984789e-04
   3.47053257e+02  -5.91115677e-04
   3.47053745e+02  -4.83387295e-04
   3.47054233e+02  -2.84046138e-04
   3.47054722e+02  -3.85776599e-04
   3.47055210e+02   6.46445842e-05
   3.47055698e+02   8.40468274e-04
   3.47056186e+02   8.19243549e-04
   3.47056675e+02   3.58072255e-04
   3.47057163e+02  -4.15464419e-05
   3.47057651e+02  -3.69721471e-04
   3.47058140e+02  -3.95037816e-04
   3.47058628e+02  -2.51608260e-04
   3.47059116e+02  -4.77318128e-04
   3.47059605e+02  -6.02092128e-04
   3.47060093e+02  -3.44626198e-04
   3.47060581e+02  -3.29292845e-04
   3.47061070e+02  -2.06727826e-04
   3.47061558e+02  -1.05418010e-04
   3.47062046e+02  -4.78098431e-04
   3.47062534e+02  -6.42251631e-04
   3.47063023e+02  -2.48794910e-04
   3.47063511e+02   7.19934105e-05
   3.47063999e+02   6.15118406e-05
   3.47064488e+02   1.90381266e-04
   3.47064976e+02   2.98267987e-04
   3.47065464e+02   1.86785634e-04
   3.47065953e+02   2.17847308e-04
   3.47066441e+02   2.63766357e-04
   3.47066929e+02   1.20413242e-05
   3.47067418e+02  -2.53376173e-04
   3.47067906e+02  -2.02576644e-04
   3.47068394e+02   3.44530163e-05
   3.47068883e+02   1.32421832e-04
   3.47069371e+02  -8.49864518e-05
   3.47069859e+02  -1.26401676e-04
   3.47070347e+02   1.80332427e-04
   3.47070836e+02   1.84514414e-04
   3.47071324e+02   1.59005489e-04
   3.47071812e+02   5.38820925e-04
   3.47072301e+02   7.13755493e-04
   3.47072789e+02   3.59517551e-04
   3.47073277e+02  -5.37893029e-05
   3.47073766e+02  -1.52806751e-05
   3.47074254e+02   2.18417714e-04
   3.47074742e+02   7.64200522e-05
   3.47075231e+02  -1.80232426e-04
   3.47075719e+02  -3.34444136e-04
   3.47076207e+02  -4.60343028e-04
   3.47076695e+02  -2.66868417e-04
   3.47077184e+02   3.05317326e-06
   3.47077672e+02   4.01305333e-05
   3.47078160e+02   8.90852898e-05
   3.47078649e+02   1.09275323e-04
   3.47079137e+02   4.50255975e-05
   3.47079625e+02   2.94991878e-05
   3.47080114e+02  -6.92538015e-05
   3.47080602e+02  -3.14606848e-04
   3.47081090e+02  -1.79343027e-04
   3.47081579e+02   1.21536905e-04
   3.47082067e+02   1.48478812e-05
   3.47082555e+02  -1.89906605e-05
   3.47083043e+02   2.96673155e-04
   3.47083532e+02   2.11920473e-04
   3.47084020e+02  -1.46093313e-04
   3.47084508e+02  -7.06261126e-05
   3.47084997e+02   1.20274068e-04
   3.47085485e+02   3.35353325e-05
   3.47085973e+02  -3.99714889e-04
   3.47086462e+02  -6.65224157e-04
   3.47086950e+02  -4.65487072e-04
   3.47087438e+02  -1.27712454e-04
   3.47087927e+02   4.55375237e-04
   3.47088415e+02   7.47951737e-04
   3.47088903e+02   3.01431428e-04
   3.47089391e+02   2.22147228e-05
   3.47089880e+02   1.63763107e-04
   3.47090368e+02   3.75806063e-04
   3.47090856e+02   1.34758375e-04
   3.47091345e+02  -1.59580217e-04
   3.47091833e+02  -1.28491301e-04
   3.47092321e+02  -2.81661778e-04
   3.47092810e+02  -2.65918905e-04
   3.47093298e+02  -1.85493136e-05
   3.47093786e+02  -2.07334288e-05
   3.47094275e+02  -1.55478599e-04
   3.47094763e+02  -2.53136590e-04
   3.47095251e+02  -2.54525803e-04
   3.47095739e+02  -2.58329528e-04
   3.47096228e+02  -7.50969339e-05
   3.47096716e+02   5.07262339e-05
   3.47097204e+02  -2.01366682e-04
   3.47097693e+02  -3.63254570e-04
   3.47098181e+02  -4.44703444e-04
   3.47098669e+02  -2.97424674e-04
   3.47099158e+02   1.63688994e-04
   3.47099646e+02   2.20712885e-04
   3.47100134e+02  -2.77154788e-04
   3.47100623e+02  -5.04589407e-04
   3.47101111e+02  -3.26867070e-04
   3.47101599e+02  -2.54571933e-04
   3.47102087e+02  -2.84748909e-04
   3.47102576e+02  -1.76935500e-04
   3.47103064e+02  -1.55627349e-04
   3.47103552e+02  -4.98302456e-04
   3.47104041e+02  -6.29545422e-04
   3.47104529e+02  -3.16955906e-04
   3.47105017e+02  -2.40531415e-04
   3.47105506e+02  -2.27916971e-04
   3.47105994e+02   4.33944842e-05
   3.47106482e+02   3.51527182e-04
   3.47106971e+02   4.11111512e-04
   3.47107459e+02   1.25138642e-04
   3.47107947e+02  -4.83505828e-05
   3.47108436e+02  -6.07078509e-05
   3.47108924e+02  -2.45696720e-04
   3.47109412e+02  -4.59485396e-04
   3.47109900e+02  -4.65592893e-04
   3.47110389e+02  -5.39910579e-05
   3.47110877e+02   1.94542972e-05
   3.47111365e+02   1.49393542e-04
   3.47111854e+02   3.03216570e-04
   3.47112342e+02   2.13468767e-04
   3.47112830e+02  -2.01291477e-04
   3.47113319e+02  -7.31235137e-04
   3.47113807e+02  -5.58838190e-04
   3.47114295e+02  -9.97540628e-05
   3.47114784e+02  -1.15393690e-04
   3.47115272e+02  -1.39549797e-04
   3.47115760e+02  -3.64838168e-04
   3.47116248e+02  -3.54916207e-04
   3.47116737e+02   2.45427684e-04
   3.47117225e+02   3.82443715e-04
   3.47117713e+02   8.58135390e-05
   3.47118202e+02  -4.52152999e-05
   3.47118690e+02  -7.70745901e-05
   3.47119178e+02   1.08839711e-04
   3.47119667e+02   1.69774750e-04
   3.47120155e+02  -6.98732983e-05
   3.47120643e+02  -2.77099298e-05
   3.47121132e+02   1.38107804e-04
   3.47121620e+02   5.16845887e-07
   3.47122108e+02  -3.32275522e-04
   3.47122596e+02  -1.53944886e-04
   3.47123085e+02   3.62757506e-04
   3.47123573e+02   5.50069381e-04
   3.47124061e+02   8.30232573e-04
   3.47124550e+02   8.19803565e-04
   3.47125038e+02   3.06753027e-05
   3.47125526e+02  -1.57491377e-04
   3.47126015e+02   3.60182952e-04
   3.47126503e+02   2.56576779e-04
   3.47126991e+02  -6.45552927e-06
   3.47127480e+02   6.29958304e-05
   3.47127968e+02   1.00489262e-04
   3.47128456e+02   2.17179375e-04
   3.47128944e+02   2.89040589e-04
   3.47129433e+02   5.62255562e-04
   3.47129921e+02   9.59610508e-04
   3.47130409e+02   7.59939256e-04
   3.47130898e+02   9.64497012e-05
   3.47131386e+02  -2.43309099e-04
   3.47131874e+02  -8.02043214e-05
   3.47132363e+02   2.48867364e-05
   3.47132851e+02   1.04245417e-04
   3.47133339e+02   3.03684283e-05
   3.47133828e+02  -1.49945990e-05
   3.47134316e+02   7.30975153e-05
   3.47134804e+02  -1.18611169e-04
   3.47135292e+02  -2.77388433e-04
   3.47135781e+02  -1.37025811e-04
   3.47136269e+02   3.62213177e-05
   3.47136757e+02   5.48457647e-05
   3.47137246e+02   1.56542461e-04
   3.47137734e+02   4.55638568e-04
   3.47138222e+02   5.52755431e-04
   3.47138711e+02   9.23914195e-05
   3.47139199e+02  -1.84431905e-04
   3.47139687e+02   1.06262254e-04
   3.47140176e+02   1.15739989e-04
   3.47140664e+02  -7.14938433e-05
   3.47141152e+02  -5.15248976e-05
   3.47141640e+02  -8.69484866e-05
   3.47142129e+02  -1.65043850e-04
   3.47142617e+02  -6.88086002e-05
   3.47143105e+02   6.77726202e-05
   3.47143594e+02   3.98718112e-04
   3.47144082e+02   5.38561027e-04
   3.47144570e+02   2.56599102e-04
   3.47145059e+02   1.50984197e-04
   3.47145547e+02   4.23295045e-04
   3.47146035e+02   6.32324431e-04
   3.47146524e+02   3.10180360e-04
   3.47147012e+02  -1.72148691e-04
   3.47147500e+02  -3.22646520e-04
   3.47147989e+02  -2.40770692e-04
   3.47148477e+02  -2.72355974e-04
   3.47148965e+02  -4.13264643e-04
   3.47149453e+02  -5.29780460e-04
   3.47149942e+02  -3.83352512e-04
   3.47150430e+02   1.69873238e-05
   3.47150918e+02   2.17489360e-04
   3.47151407e+02  -1.99181886e-04
   3.47151895e+02  -4.52976616e-04
   3.47152383e+02  -3.27092275e-04
   3.47152872e+02  -4.62751079e-04
   3.47153360e+02  -5.14165557e-04
   3.47153848e+02  -5.99173887e-04
   3.47154337e+02  -7.51023705e-04
   3.47154825e+02  -4.09171829e-04
   3.47155313e+02   2.82741566e-05
   3.47155801e+02   3.42395157e-04
   3.47156290e+02   5.25432231e-04
   3.47156778e+02   5.26841381e-04
   3.47157266e+02   3.52611823e-04
   3.47157755e+02   2.16914905e-05
   3.47158243e+02  -2.01467337e-04
   3.47158731e+02  -2.07801539e-04
   3.47159220e+02  -1.58749579e-04
   3.47159708e+02   2.03194868e-04
   3.47160196e+02   5.95227932e-04
   3.47160685e+02   3.96186544e-04
   3.47161173e+02   4.36568880e-05
   3.47161661e+02  -1.99453556e-04
   3.47162149e+02  -4.49939369e-04
   3.47162638e+02  -5.65095630e-04
   3.47163126e+02  -5.91287913e-04
   3.47163614e+02  -4.41093929e-04
   3.47164103e+02  -2.09853621e-04
   3.47164591e+02  -2.02272840e-05
   3.47165079e+02   1.27105042e-04
   3.47165568e+02   1.25184215e-05
   3.47166056e+02  -5.58402644e-05
   3.47166544e+02   6.06283756e-05
   3.47167033e+02   3.51617455e-05
   3.47167521e+02   8.99428851e-05
   3.47168009e+02   2.49869161e-04
   3.47168497e+02   2.72331585e-04
   3.47168986e+02  -1.79568306e-05
   3.47169474e+02  -3.14555655e-05
   3.47169962e+02   3.41476349e-04
   3.47170451e+02   4.92930936e-04
   3.47170939e+02   3.45214561e-04
   3.47171427e+02   3.00098036e-04
   3.47171916e+02   1.91040002e-04
   3.47172404e+02  -6.73005779e-05
   3.47172892e+02  -3.00423970e-04
   3.47173381e+02  -5.40930196e-04
   3.47173869e+02  -4.41975892e-04
   3.47174357e+02   7.71086779e-05
   3.47174845e+02   4.00503341e-04
   3.47175334e+02   2.98378844e-04
   3.47175822e+02   2.61296693e-04
   3.47176310e+02   3.40912782e-04
   3.47176799e+02   3.84018087e-04
   3.47177287e+02   5.67451527e-04
   3.47177775e+02   4.89472761e-04
   3.47178264e+02   2.78283114e-04
   3.47178752e+02   3.36383557e-04
   3.47179240e+02   3.37240635e-04
   3.47179729e+02   1.80408224e-05
   3.47180217e+02  -4.79882699e-04
   3.47180705e+02  -5.39606612e-04
   3.47181193e+02   3.05791109e-05
   3.47181682e+02   4.62859054e-04
   3.47182170e+02   4.39601456e-04
   3.47182658e+02   3.87061446e-04
   3.47183147e+02   2.63336464e-04
   3.47183635e+02  -1.19160075e-06
   3.47184123e+02  -1.45523591e-04
   3.47184612e+02   6.79254372e-05
   3.47185100e+02   3.43711086e-04
   3.47185588e+02   2.74080143e-04
   3.47186077e+02  -1.98374278e-06
   3.47186565e+02  -1.92565349e-04
   3.47187053e+02   1.25058898e-04
   3.47187542e+02   5.14760963e-04
   3.47188030e+02   3.46904708e-04
   3.47188518e+02  -6.56294360e-05
   3.47189006e+02  -1.21298734e-04
   3.47189495e+02   3.65908956e-04
   3.47189983e+02   6.46873261e-04
   3.47190471e+02   4.19132732e-04
   3.47190960e+02   1.65777572e-04
   3.47191448e+02   7.02899779e-05
   3.47191936e+02  -1.80001371e-05
   3.47192425e+02   2.02484789e-05
   3.47192913e+02   1.64852099e-04
   3.47193401e+02   4.73745276e-05
   3.47193890e+02  -2.82846537e-04
   3.47194378e+02  -2.41662085e-04
   3.47194866e+02   9.25577042e-05
   3.47195354e+02   4.22323996e-04
   3.47195843e+02   8.05223244e-04
   3.47196331e+02   8.91224539e-04
   3.47196819e+02   6.40980201e-04
   3.47197308e+02   4.25413833e-04
   3.47197796e+02   2.61389243e-04
   3.47198284e+02   2.18487712e-05
   3.47198773e+02  -1.14486109e-04
   3.47199261e+02  -6.20956998e-05
   3.47199749e+02  -8.88271825e-06
   3.47200238e+02   1.33071890e-05
   3.47200726e+02  -3.94552717e-06
   3.47201214e+02  -7.77538080e-05
   3.47201702e+02  -1.48873689e-04
   3.47202191e+02  -1.61109652e-04
   3.47202679e+02   1.79831368e-05
   3.47203167e+02   1.38276679e-04
   3.47203656e+02   6.71794987e-05
   3.47204144e+02   1.74669141e-04
   3.47204632e+02   1.23918260e-04
   3.47205121e+02  -2.57181062e-04
   3.47205609e+02  -3.15237790e-04
   3.47206097e+02  -2.36484964e-04
   3.47206586e+02  -1.42388541e-04
   3.47207074e+02  -8.50273864e-06
   3.47207562e+02  -2.48541823e-04
   3.47208050e+02  -4.28289553e-04
   3.47208539e+02  -3.21435917e-04
   3.47209027e+02  -4.27684747e-04
   3.47209515e+02  -4.29223815e-04
   3.47210004e+02  -2.44938303e-04
   3.47210492e+02  -3.54822987e-04
   3.47210980e+02  -4.34649468e-04
   3.47211469e+02  -1.89199509e-05
   3.47211957e+02   4.72403102e-04
   3.47212445e+02   3.50735529e-04
   3.47212934e+02  -7.78779067e-05
   3.47213422e+02  -1.15995957e-04
   3.47213910e+02   7.40752148e-05
   3.47214398e+02  -4.00232857e-05
   3.47214887e+02  -1.88563747e-04
   3.47215375e+02  -1.94551947e-04
   3.47215863e+02  -2.88781885e-04
   3.47216352e+02  -3.66700784e-04
   3.47216840e+02  -3.79999838e-04
   3.47217328e+02  -4.84467077e-04
   3.47217817e+02  -4.57810587e-04
   3.47218305e+02  -2.20928225e-04
   3.47218793e+02   1.90151859e-05
   3.47219282e+02   1.14640774e-04
   3.47219770e+02   1.28516782e-04
   3.47220258e+02   7.30337488e-05
   3.47220746e+02   1.27586361e-04
   3.47221235e+02   8.03933508e-05
   3.47221723e+02  -2.27211407e-04
   3.47222211e+02  -1.34437447e-04
   3.47222700e+02  -9.63975326e-05
   3.47223188e+02  -2.70275603e-04
   3.47223676e+02  -1.20880431e-04
   3.47224165e+02  -1.07707448e-04
   3.47224653e+02  -3.81054968e-04
   3.47225141e+02  -4.05943836e-04
   3.47225630e+02  -3.46803776e-04
   3.47226118e+02  -1.20872959e-04
   3.47226606e+02   3.79852368e-04
   3.47227095e+02   4.99271380e-04
   3.47227583e+02   1.81772979e-04
   3.47228071e+02  -1.04278729e-06
   3.47228559e+02  -3.43380583e-04
   3.47229048e+02  -6.54845440e-04
   3.47229536e+02  -9.84004815e-04
   3.47230024e+02  -1.29217235e-03
   3.47230513e+02  -1.13516953e-03
   3.47231001e+02  -5.24399802e-04
   3.47231489e+02  -3.47060763e-04
   3.47231978e+02  -4.53316985e-04
   3.47232466e+02  -2.54022481e-04
   3.47232954e+02   2.68962685e-05
   3.47233443e+02   2.60100758e-04
   3.47233931e+02   3.24408116e-04
   3.47234419e+02   2.65694922e-04
   3.47234907e+02  -1.50030872e-04
   3.47235396e+02  -6.33797725e-04
   3.47235884e+02  -4.64434299e-04
   3.47236372e+02   7.33966203e-07
   3.47236861e+02   2.85273854e-04
   3.47237349e+02   3.47438705e-04
   3.47237837e+02   1.04621329e-04
   3.47238326e+02   9.09099799e-06
   3.47238814e+02  -1.17222757e-04
   3.47239302e+02  -5.25201322e-04
   3.47239791e+02  -6.40662794e-04
   3.47240279e+02  -4.47885890e-04
   3.47240767e+02  -1.32231406e-04
   3.47241255e+02  -9.64703941e-05
   3.47241744e+02  -4.47406142e-04
   3.47242232e+02  -5.55276114e-04
   3.47242720e+02  -4.06942272e-04
   3.47243209e+02  -4.63263015e-04
   3.47243697e+02  -4.02289297e-04
   3.47244185e+02  -2.93820358e-05
   3.47244674e+02   5.74430414e-05
   3.47245162e+02   4.77063586e-05
   3.47245650e+02   3.39876773e-04
   3.47246139e+02   4.09426750e-04
   3.47246627e+02   3.38881247e-04
   3.47247115e+02   3.00418586e-04
   3.47247603e+02   2.25507945e-04
   3.47248092e+02   1.33342619e-04
   3.47248580e+02   3.01998243e-05
   3.47249068e+02  -1.94084991e-04
   3.47249557e+02  -2.21850423e-04
   3.47250045e+02   1.42816745e-04
   3.47250533e+02   1.36821167e-04
   3.47251022e+02  -1.86103644e-04
   3.47251510e+02  -3.23243788e-04
   3.47251998e+02  -1.91034793e-04
   3.47252487e+02   1.53057888e-04
   3.47252975e+02   2.95433769e-04
   3.47253463e+02   2.39302957e-04
   3.47253951e+02   2.66643707e-04
   3.47254440e+02  -6.42612940e-05
   3.47254928e+02  -4.97013621e-04
   3.47255416e+02  -4.86737932e-04
   3.47255905e+02  -5.26847376e-04
   3.47256393e+02  -6.61896716e-04
   3.47256881e+02  -6.44310727e-04
   3.47257370e+02  -7.80558272e-04
   3.47257858e+02  -6.69002009e-04
   3.47258346e+02  -5.37778891e-04
   3.47258835e+02  -7.46611913e-04
   3.47259323e+02  -4.54084395e-04
   3.47259811e+02  -4.98383597e-05
   3.47260299e+02  -4.03941027e-04
   3.47260788e+02  -6.98833843e-04
   3.47261276e+02  -3.00283398e-04
   3.47261764e+02   1.21983001e-04
   3.47262253e+02   2.12134109e-04
   3.47262741e+02   1.32218600e-04
   3.47263229e+02  -5.43861570e-05
   3.47263718e+02  -2.27489345e-05
   3.47264206e+02   1.52370694e-05
   3.47264694e+02  -1.20314307e-05
   3.47265183e+02   1.46314123e-04
   3.47265671e+02   4.66400583e-04
   3.47266159e+02   6.52539311e-04
   3.47266648e+02   4.62551368e-04
   3.47267136e+02   2.20567512e-04
   3.47267624e+02   3.54513671e-04
   3.47268112e+02   3.28766764e-04
   3.47268601e+02  -2.64758943e-04
   3.47269089e+02  -2.64854549e-04
   3.47269577e+02  -2.88691172e-06
   3.47270066e+02  -1.34519185e-04
   3.47270554e+02   9.67537417e-05
   3.47271042e+02   3.82746512e-04
   3.47271531e+02   2.73171463e-04
   3.47272019e+02   2.42978829e-04
   3.47272507e+02   1.22736034e-04
   3.47272996e+02   2.85650385e-05
   3.47273484e+02   2.79603468e-04
   3.47273972e+02   3.92886694e-04
   3.47274460e+02   1.48042614e-04
   3.47274949e+02  -2.26356700e-04
   3.47275437e+02  -4.59321600e-05
   3.47275925e+02   1.26160245e-04
   3.47276414e+02  -1.43305631e-04
   3.47276902e+02  -1.87813566e-04
   3.47277390e+02   2.27075452e-05
   3.47277879e+02   1.44061400e-04
   3.47278367e+02   2.21549737e-04
   3.47278855e+02   2.15788416e-04
   3.47279344e+02   1.43379293e-04
   3.47279832e+02  -2.66981042e-05
   3.47280320e+02  -2.63301248e-04
   3.47280808e+02  -5.07660327e-04
   3.47281297e+02  -5.30694844e-04
   3.47281785e+02  -3.45840963e-04
   3.47282273e+02  -4.11024783e-04
   3.47282762e+02  -4.58322756e-04
   3.47283250e+02  -1.31133405e-04
   3.47283738e+02   3.18488514e-04
   3.47284227e+02   6.55694574e-04
   3.47284715e+02   4.50905151e-04
   3.47285203e+02  -2.20204049e-04
   3.47285692e+02  -6.41721999e-04
   3.47286180e+02  -6.55174372e-05
   3.47286668e+02   1.66487123e-04
   3.47287156e+02   1.75667461e-04
   3.47287645e+02   2.08378900e-04
   3.47288133e+02   4.33969079e-04
   3.47288621e+02   8.57364736e-04
   3.47289110e+02   6.36258512e-04
   3.47289598e+02   1.21061719e-04
   3.47290086e+02   5.85974267e-05
   3.47290575e+02   1.47987215e-04
   3.47291063e+02   2.13906169e-04
   3.47291551e+02   3.33535718e-04
   3.47292040e+02   2.66629504e-04
   3.47292528e+02  -2.34100502e-04
   3.47293016e+02  -5.61407476e-04
   3.47293504e+02  -3.54269490e-04
   3.47293993e+02  -5.53307618e-05
   3.47294481e+02   2.17230670e-04
   3.47294969e+02   3.91252135e-04
   3.47295458e+02   2.88144744e-04
   3.47295946e+02   4.42652236e-05
   3.47296434e+02  -1.25721795e-04
   3.47296923e+02   1.50488704e-04
   3.47297411e+02   4.66072321e-04
   3.47297899e+02   3.24596942e-04
   3.47298388e+02  -1.17377840e-05
   3.47298876e+02  -1.73196968e-04
   3.47299364e+02   7.80440751e-05
   3.47299852e+02   3.15338344e-04
   3.47300341e+02   3.09013412e-04
   3.47300829e+02   3.61709303e-04
   3.47301317e+02   2.46335665e-04
   3.47301806e+02  -9.52234041e-05
   3.47302294e+02  -2.51895017e-05
   3.47302782e+02   1.51204105e-04
   3.47303271e+02   1.43610217e-04
   3.47303759e+02   4.07296669e-04
   3.47304247e+02   6.07812079e-04
   3.47304736e+02   1.79498398e-04
   3.47305224e+02  -1.58025476e-04
   3.47305712e+02  -1.33293201e-04
   3.47306201e+02   6.18919366e-05
   3.47306689e+02   3.33391479e-04
   3.47307177e+02   2.95579142e-04
   3.47307665e+02  -2.35006562e-04
   3.47308154e+02  -7.78298243e-04
   3.47308642e+02  -7.67786172e-04
   3.47309130e+02  -8.38039123e-05
   3.47309619e+02   3.29953531e-04
   3.47310107e+02   1.88029095e-04
   3.47310595e+02  -3.44966861e-06
   3.47311084e+02   1.15333816e-04
   3.47311572e+02   3.33294069e-04
   3.47312060e+02   3.13023949e-04
   3.47312549e+02   7.39600437e-05
   3.47313037e+02  -2.05379649e-04
   3.47313525e+02  -2.58594722e-04
   3.47314013e+02  -1.64352285e-04
   3.47314502e+02  -2.72834732e-04
   3.47314990e+02  -3.66641878e-04
   3.47315478e+02  -4.29791253e-04
   3.47315967e+02  -2.86005001e-04
   3.47316455e+02  -1.96090681e-04
   3.47316943e+02  -4.43994504e-04
   3.47317432e+02  -7.08720123e-04
   3.47317920e+02  -5.69886644e-04
   3.47318408e+02  -2.44768307e-04
   3.47318897e+02  -2.33082668e-04
   3.47319385e+02   4.58746108e-05
   3.47319873e+02   7.42491800e-04
   3.47320361e+02   7.53945147e-04
   3.47320850e+02  -9.75035291e-05
   3.47321338e+02  -6.13664626e-04
   3.47321826e+02  -3.34643963e-04
   3.47322315e+02  -6.87686916e-05
   3.47322803e+02  -3.72084207e-04
   3.47323291e+02  -7.70275830e-04
   3.47323780e+02  -5.45494375e-04
   3.47324268e+02  -3.65115993e-04
   3.47324756e+02  -2.48390075e-04
   3.47325245e+02  -1.28382662e-05
   3.47325733e+02   1.73887194e-04
   3.47326221e+02   4.65924531e-04
   3.47326709e+02   6.71965128e-04
   3.47327198e+02   4.27442166e-04
   3.47327686e+02   6.10675706e-05
   3.47328174e+02   1.57283837e-04
   3.47328663e+02   8.29256460e-05
   3.47329151e+02  -3.95300798e-04
   3.47329639e+02  -6.95988536e-04
   3.47330128e+02  -7.44417892e-04
   3.47330616e+02  -5.88449417e-04
   3.47331104e+02  -2.66161514e-04
   3.47331593e+02  -4.33114906e-07
   3.47332081e+02  -1.58754556e-04
   3.47332569e+02  -2.90805823e-04
   3.47333057e+02   1.40130687e-05
   3.47333546e+02   7.58506139e-05
   3.47334034e+02  -1.73294931e-04
   3.47334522e+02  -2.24988908e-04
   3.47335011e+02  -1.17011390e-04
   3.47335499e+02  -1.57160859e-04
   3.47335987e+02  -4.14409587e-04
   3.47336476e+02  -1.11235895e-04
   3.47336964e+02   4.87571233e-04
   3.47337452e+02   5.74007747e-04
   3.47337941e+02   3.77093937e-04
   3.47338429e+02   2.46953568e-04
   3.47338917e+02   1.18042801e-04
   3.47339405e+02  -1.74741595e-04
   3.47339894e+02  -3.22611333e-04
   3.47340382e+02  -4.44176658e-05
   3.47340870e+02  -1.28779602e-05
   3.47341359e+02  -1.23680380e-04
   3.47341847e+02   2.15260676e-04
   3.47342335e+02   3.28039721e-04
   3.47342824e+02  -1.59827701e-04
   3.47343312e+02  -3.32846452e-04
   3.47343800e+02  -6.85899795e-05
   3.47344289e+02   3.79636076e-05
   3.47344777e+02   1.56168608e-05
   3.47345265e+02  -1.59931718e-04
   3.47345754e+02  -3.09640920e-04
   3.47346242e+02  -5.89677307e-04
   3.47346730e+02  -6.38525817e-04
   3.47347218e+02  -2.31047597e-04
   3.47347707e+02   4.27792438e-05
   3.47348195e+02  -1.14996728e-04
   3.47348683e+02  -1.38716176e-04
   3.47349172e+02   2.66489777e-04
   3.47349660e+02   3.75621661e-04
   3.47350148e+02   1.77837210e-04
   3.47350637e+02   2.63027832e-05
   3.47351125e+02  -3.39038495e-04
   3.47351613e+02  -5.10801037e-04
   3.47352102e+02  -1.37529409e-04
   3.47352590e+02   2.80303968e-04
   3.47353078e+02   4.58468305e-04
   3.47353566e+02   2.95961392e-04
   3.47354055e+02  -6.86497515e-05
   3.47354543e+02  -1.51869346e-04
   3.47355031e+02   3.73203839e-05
   3.47355520e+02   2.57929001e-04
   3.47356008e+02   4.24435741e-04
   3.47356496e+02   1.79396433e-04
   3.47356985e+02  -1.31581473e-04
   3.47357473e+02  -2.30978680e-04
   3.47357961e+02  -4.35329974e-04
   3.47358450e+02  -2.66482268e-04
   3.47358938e+02   1.42080986e-04
   3.47359426e+02   2.67903612e-04
   3.47359914e+02   2.48864380e-04
   3.47360403e+02   1.00440964e-04
   3.47360891e+02   8.54336540e-05
   3.47361379e+02   2.87528586e-04
   3.47361868e+02   3.50805465e-04
   3.47362356e+02   5.36519045e-04
   3.47362844e+02   6.48845918e-04
   3.47363333e+02   4.49781626e-04
   3.47363821e+02   2.99748121e-04
   3.47364309e+02   1.90914070e-04
   3.47364798e+02   1.77244641e-04
   3.47365286e+02   3.21790169e-04
   3.47365774e+02   2.38828856e-04
   3.47366262e+02   1.40382777e-04
   3.47366751e+02   2.04066338e-04
   3.47367239e+02   4.01024066e-04
   3.47367727e+02   5.39381290e-04
   3.47368216e+02   3.22021282e-04
   3.47368704e+02  -1.91464551e-05
   3.47369192e+02  -1.01997968e-04
   3.47369681e+02   3.78234545e-05
   3.47370169e+02   4.06563013e-05
   3.47370657e+02   1.03695260e-04
   3.47371146e+02   1.98570415e-04
   3.47371634e+02   1.91587096e-04
   3.47372122e+02   2.72196834e-04
   3.47372610e+02   2.79692147e-04
   3.47373099e+02   3.07574082e-04
   3.47373587e+02   3.08088755e-04
   3.47374075e+02   1.64511566e-05
   3.47374564e+02  -4.02322214e-04
   3.47375052e+02  -6.02974731e-04
   3.47375540e+02  -3.42830637e-04
   3.47376029e+02  -1.97733316e-05
   3.47376517e+02   1.44992024e-04
   3.47377005e+02   1.50432970e-04
   3.47377494e+02   3.61287166e-05
   3.47377982e+02   2.40108988e-04
   3.47378470e+02   2.03012358e-04
   3.47378958e+02   2.90368298e-05
   3.47379447e+02   1.78914604e-04
   3.47379935e+02   2.50134966e-04
   3.47380423e+02   3.59839440e-04
   3.47380912e+02   3.72985320e-04
   3.47381400e+02   2.26919903e-04
   3.47381888e+02   2.77017971e-04
   3.47382377e+02   4.92386229e-04
   3.47382865e+02   5.17416978e-04
   3.47383353e+02   2.34322797e-04
   3.47383842e+02   5.09841411e-05
   3.47384330e+02  -8.01413698e-05
   3.47384818e+02  -9.33729825e-05
   3.47385307e+02   3.21550586e-04
   3.47385795e+02   5.44306298e-04
   3.47386283e+02   3.77253920e-04
   3.47386771e+02   3.12195247e-04
   3.47387260e+02   3.54538875e-04
   3.47387748e+02   2.01689327e-04
   3.47388236e+02  -3.60042977e-05
   3.47388725e+02   1.69365652e-04
   3.47389213e+02   3.54382297e-04
   3.47389701e+02   2.08504483e-04
   3.47390190e+02  -4.66492020e-05
   3.47390678e+02  -4.58340131e-04
   3.47391166e+02  -3.76278738e-04
   3.47391655e+02   1.47088242e-04
   3.47392143e+02  -3.39395774e-05
   3.47392631e+02  -5.12624858e-04
   3.47393119e+02  -4.39964526e-04
   3.47393608e+02  -1.43597747e-04
   3.47394096e+02   3.32606360e-05
   3.47394584e+02  -2.59479784e-05
   3.47395073e+02  -5.37864544e-05
   3.47395561e+02  -4.16512994e-05
   3.47396049e+02   1.37524676e-05
   3.47396538e+02   3.62026840e-05
   3.47397026e+02  -1.16653209e-04
   3.47397514e+02  -1.37963681e-04
   3.47398003e+02  -1.05921557e-04
   3.47398491e+02  -2.24821692e-04
   3.47398979e+02  -2.73741287e-04
   3.47399467e+02  -2.40136025e-04
   3.47399956e+02  -2.63229886e-05
   3.47400444e+02   1.82619551e-04
   3.47400932e+02   1.48989420e-04
   3.47401421e+02   2.64736795e-04
   3.47401909e+02   3.35872493e-04
   3.47402397e+02   1.71066567e-04
   3.47402886e+02   1.39935539e-04
   3.47403374e+02   5.77992294e-04
   3.47403862e+02   5.13700244e-04
   3.47404351e+02   2.96346145e-04
   3.47404839e+02   2.23206021e-04
   3.47405327e+02  -2.51661026e-04
   3.47405815e+02  -5.17210690e-04
   3.47406304e+02  -2.06108016e-04
   3.47406792e+02  -1.01500882e-04
   3.47407280e+02  -2.21929397e-04
   3.47407769e+02   1.82885386e-04
   3.47408257e+02   6.25363784e-04
   3.47408745e+02   4.51475440e-04
   3.47409234e+02   2.06773402e-04
   3.47409722e+02   6.50887669e-05
   3.47410210e+02   4.07823609e-06
   3.47410699e+02  -2.80958484e-05
   3.47411187e+02  -1.01199963e-04
   3.47411675e+02   1.32522619e-04
   3.47412163e+02   4.55493428e-04
   3.47412652e+02   2.74073886e-04
   3.47413140e+02  -3.61454848e-04
   3.47413628e+02  -3.54681019e-04
   3.47414117e+02   2.49426259e-04
   3.47414605e+02   4.47830622e-04
   3.47415093e+02   5.43378526e-04
   3.47415582e+02   6.50413684e-04
   3.47416070e+02   3.69565212e-04
   3.47416558e+02  -2.50174726e-05
   3.47417047e+02  -7.47937738e-05
   3.47417535e+02   1.27628562e-04
   3.47418023e+02   1.97221176e-04
   3.47418511e+02   1.15255294e-04
   3.47419000e+02  -1.67274175e-05
   3.47419488e+02  -1.03026723e-04
   3.47419976e+02  -6.96311254e-05
   3.47420465e+02  -2.82603378e-05
   3.47420953e+02   2.05110191e-04
   3.47421441e+02   5.47552656e-04
   3.47421930e+02   6.04886038e-04
   3.47422418e+02   4.91062936e-04
   3.47422906e+02   4.78057365e-04
   3.47423395e+02   4.93763888e-04
   3.47423883e+02   5.09657257e-04
   3.47424371e+02   1.02278813e-04
   3.47424860e+02  -3.18601553e-04
   3.47425348e+02   3.84824052e-05
   3.47425836e+02   3.89969442e-04
   3.47426324e+02   2.18144720e-04
   3.47426813e+02  -5.44949544e-05
   3.47427301e+02  -4.64395067e-04
   3.47427789e+02  -5.99307125e-04
   3.47428278e+02  -2.42627084e-05
   3.47428766e+02   4.99059155e-04
   3.47429254e+02   4.03459620e-04
   3.47429743e+02   8.35587052e-05
   3.47430231e+02  -6.82934042e-05
   3.47430719e+02  -4.55065810e-06
   3.47431208e+02   1.95318018e-04
   3.47431696e+02   7.57097441e-05
   3.47432184e+02  -1.97513626e-04
   3.47432672e+02   1.60575564e-05
   3.47433161e+02   4.65075223e-04
   3.47433649e+02   6.52851770e-04
   3.47434137e+02   4.80596413e-04
   3.47434626e+02   1.31875335e-04
   3.47435114e+02  -4.24252676e-06
   3.47435602e+02   9.42010156e-05
   3.47436091e+02  -8.99396546e-05
   3.47436579e+02  -5.88124312e-05
   3.47437067e+02   1.23389938e-04
   3.47437556e+02  -1.34023867e-04
   3.47438044e+02  -3.08388146e-04
   3.47438532e+02  -1.86376070e-04
   3.47439020e+02  -5.42900707e-05
   3.47439509e+02   6.29575734e-05
   3.47439997e+02   3.55206634e-04
   3.47440485e+02   3.35326244e-04
   3.47440974e+02  -1.39490687e-04
   3.47441462e+02   1.02295144e-05
   3.47441950e+02   7.08835432e-04
   3.47442439e+02   7.30551546e-04
   3.47442927e+02   3.34947312e-04
   3.47443415e+02   8.41251822e-05
   3.47443904e+02  -5.75463237e-05
   3.47444392e+02  -1.31108696e-04
   3.47444880e+02  -1.65502588e-05
   3.47445368e+02   3.77936340e-05
   3.47445857e+02  -8.51853110e-05
   3.47446345e+02  -4.73606087e-05
   3.47446833e+02  -4.02146907e-05
   3.47447322e+02  -2.41852922e-05
   3.47447810e+02  -3.10634314e-05
   3.47448298e+02  -5.38028427e-04
   3.47448787e+02  -8.23108130e-04
   3.47449275e+02  -5.86620881e-04
   3.47449763e+02  -3.47990252e-04
   3.47450252e+02  -1.11241607e-04
   3.47450740e+02   5.34504807e-06
   3.47451228e+02   5.51153353e-05
   3.47451716e+02   2.69096636e-04
   3.47452205e+02   4.28072439e-04
   3.47452693e+02   2.53894686e-04
   3.47453181e+02   9.24454289e-05
   3.47453670e+02  -6.63846513e-05
   3.47454158e+02  -2.58348213e-04
   3.47454646e+02  -2.94507045e-04
   3.47455135e+02  -1.48425970e-04
   3.47455623e+02  -9.69422763e-05
   3.47456111e+02  -2.26401971e-04
   3.47456600e+02  -1.50870183e-04
   3.47457088e+02  -3.52542484e-05
   3.47457576e+02  -2.92141049e-04
   3.47458064e+02  -5.12208615e-04
   3.47458553e+02  -3.70866648e-04
   3.47459041e+02  -1.59971547e-04
   3.47459529e+02   3.99407727e-05
   3.47460018e+02   1.83345212e-04
   3.47460506e+02   2.09411985e-04
   3.47460994e+02   1.36654591e-04
   3.47461483e+02   1.49331812e-04
   3.47461971e+02  -3.43558131e-05
   3.47462459e+02  -1.82726464e-04
   3.47462948e+02  -1.15595234e-04
   3.47463436e+02  -4.03541868e-04
   3.47463924e+02  -5.77109342e-04
   3.47464413e+02  -6.06419228e-04
   3.47464901e+02  -4.93994157e-04
   3.47465389e+02   1.40094213e-04
   3.47465877e+02   4.23741178e-04
   3.47466366e+02   1.59142553e-04
   3.47466854e+02   1.00758352e-05
   3.47467342e+02  -1.49642045e-04
   3.47467831e+02  -1.18104232e-04
   3.47468319e+02   2.94317742e-05
   3.47468807e+02  -1.93149288e-04
   3.47469296e+02  -5.35646745e-04
   3.47469784e+02  -7.05069979e-04
   3.47470272e+02  -5.87581890e-04
   3.47470761e+02  -1.93025000e-04
   3.47471249e+02   2.35038679e-04
   3.47471737e+02   4.32687812e-04
   3.47472225e+02   2.47336196e-04
   3.47472714e+02   2.78970227e-04
   3.47473202e+02   6.08914357e-04
   3.47473690e+02   6.77574193e-04
   3.47474179e+02   5.41615242e-04
   3.47474667e+02  -1.32949424e-06
   3.47475155e+02  -8.24586023e-04
   3.47475644e+02  -1.12235406e-03
   3.47476132e+02  -7.28256127e-04
   3.47476620e+02  -2.30342906e-04
   3.47477109e+02  -9.73333517e-05
   3.47477597e+02  -2.04235082e-04
   3.47478085e+02  -2.03406758e-04
   3.47478573e+02   1.79399824e-04
   3.47479062e+02   4.33967798e-04
   3.47479550e+02   2.78511783e-04
   3.47480038e+02   1.11247406e-04
   3.47480527e+02  -1.96713081e-04
   3.47481015e+02  -4.89103084e-04
   3.47481503e+02  -3.29959439e-04
   3.47481992e+02   8.47234624e-05
   3.47482480e+02   1.59986725e-04
   3.47482968e+02  -2.33837505e-04
   3.47483457e+02  -4.12336871e-04
   3.47483945e+02  -2.58896354e-04
   3.47484433e+02  -2.81912187e-04
   3.47484921e+02  -4.66491329e-04
   3.47485410e+02  -4.96948836e-04
   3.47485898e+02  -3.67024841e-05
   3.47486386e+02   6.07752299e-04
   3.47486875e+02   4.56453738e-04
   3.47487363e+02  -2.18012035e-04
   3.47487851e+02  -2.45424802e-04
   3.47488340e+02  -2.70067558e-05
   3.47488828e+02  -1.47000072e-04
   3.47489316e+02  -3.31470568e-04
   3.47489805e+02  -3.68418725e-04
   3.47490293e+02  -3.88980290e-04
   3.47490781e+02  -4.76453337e-04
   3.47491269e+02  -3.04961082e-04
   3.47491758e+02  -1.22481710e-04
   3.47492246e+02   1.36230447e-04
   3.47492734e+02   3.71383852e-04
   3.47493223e+02   2.09511025e-04
   3.47493711e+02  -1.23064747e-04
   3.47494199e+02  -3.42840678e-04
   3.47494688e+02  -1.37496070e-04
   3.47495176e+02   3.73160496e-04
   3.47495664e+02   5.45134593e-04
   3.47496153e+02   3.30496230e-04
   3.47496641e+02   1.36428833e-04
   3.47497129e+02   9.08704096e-05
   3.47497617e+02   1.49190339e-04
   3.47498106e+02   7.10269669e-05
   3.47498594e+02  -3.60274644e-05
   3.47499082e+02   1.58467446e-04
   3.47499571e+02   2.30200560e-04
   3.47500059e+02   1.63243622e-05
   3.47500547e+02  -1.35813898e-04
   3.47501036e+02  -3.06614274e-05
   3.47501524e+02   2.18795773e-04
   3.47502012e+02   3.32573458e-04
   3.47502501e+02   5.20486326e-04
   3.47502989e+02   7.25987717e-04
   3.47503477e+02   4.04727325e-04
   3.47503966e+02   4.49610889e-05
   3.47504454e+02  -1.42487115e-04
   3.47504942e+02  -5.10697311e-04
   3.47505430e+02  -7.38023373e-04
   3.47505919e+02  -5.13822422e-04
   3.47506407e+02  -9.65749641e-05
   3.47506895e+02  -8.72822638e-05
   3.47507384e+02  -2.71669851e-04
   3.47507872e+02   8.96180572e-05
   3.47508360e+02   5.28238364e-04
   3.47508849e+02   6.18445105e-04
   3.47509337e+02   5.62144793e-04
   3.47509825e+02   1.98186433e-04
   3.47510314e+02  -2.58143380e-04
   3.47510802e+02  -3.55116237e-04
   3.47511290e+02  -1.11045054e-04
   3.47511778e+02   2.11333463e-04
   3.47512267e+02   4.62647557e-04
   3.47512755e+02   6.27084286e-04
   3.47513243e+02   3.29152012e-04
   3.47513732e+02   2.32190268e-05
   3.47514220e+02   1.78341026e-04
   3.47514708e+02   3.33875447e-04
   3.47515197e+02   5.41288115e-04
   3.47515685e+02   6.42938248e-04
   3.47516173e+02   3.41369130e-04
   3.47516662e+02   1.62607495e-04
   3.47517150e+02   5.46420779e-05
   3.47517638e+02  -1.76162634e-04
   3.47518126e+02  -1.37412644e-04
   3.47518615e+02  -3.45134358e-05
   3.47519103e+02  -2.26445513e-06
   3.47519591e+02   9.08061775e-05
   3.47520080e+02  -9.57290249e-05
   3.47520568e+02  -5.95314559e-05
   3.47521056e+02   1.45726794e-04
   3.47521545e+02   1.72441520e-04
   3.47522033e+02   3.85593230e-05
   3.47522521e+02   1.47244849e-04
   3.47523010e+02   4.19657037e-04
   3.47523498e+02   3.03941721e-04
   3.47523986e+02   1.72460641e-04
   3.47524474e+02   3.33891890e-04
   3.47524963e+02   2.78126099e-04
   3.47525451e+02  -1.35257607e-04
   3.47525939e+02  -4.63927805e-04
   3.47526428e+02  -5.12926432e-04
   3.47526916e+02  -2.90874770e-04
   3.47527404e+02   2.76827137e-04
   3.47527893e+02   6.23656786e-04
   3.47528381e+02   3.78528988e-04
   3.47528869e+02   8.74048783e-06
   3.47529358e+02  -1.74107961e-04
   3.47529846e+02  -1.14668783e-05
   3.47530334e+02  -5.02335897e-05
   3.47530822e+02  -4.30612796e-04
   3.47531311e+02  -4.79836919e-04
   3.47531799e+02  -1.59413583e-04
   3.47532287e+02   1.72381566e-04
   3.47532776e+02   1.48342529e-04
   3.47533264e+02  -1.09857370e-04
   3.47533752e+02  -1.18682503e-04
   3.47534241e+02   1.52472101e-04
   3.47534729e+02   5.11888473e-04
   3.47535217e+02   7.01290381e-04
   3.47535706e+02   5.79427229e-04
   3.47536194e+02   5.30605204e-04
   3.47536682e+02   6.25579793e-04
   3.47537170e+02   5.60506014e-04
   3.47537659e+02   3.16714577e-04
   3.47538147e+02   1.15050359e-04
   3.47538635e+02   7.71053164e-05
   3.47539124e+02   2.38266002e-04
   3.47539612e+02   2.88822775e-04
   3.47540100e+02   2.89754767e-04
   3.47540589e+02   1.28922184e-04
   3.47541077e+02  -2.67550553e-04
   3.47541565e+02  -3.00390908e-04
   3.47542054e+02  -1.28021507e-04
   3.47542542e+02  -1.95643370e-04
   3.47543030e+02  -1.29110951e-04
   3.47543519e+02  -1.20274481e-05
   3.47544007e+02  -8.39719087e-06
   3.47544495e+02  -1.09812616e-04
   3.47544983e+02  -1.08155931e-04
   3.47545472e+02  -5.99153100e-05
   3.47545960e+02   2.55961568e-05
   3.47546448e+02   4.18971504e-05
   3.47546937e+02   4.99572852e-05
   3.47547425e+02   2.72074016e-04
   3.47547913e+02   2.07445119e-04
   3.47548402e+02  -2.29348560e-04
   3.47548890e+02  -2.29261379e-04
   3.47549378e+02   2.09142061e-04
   3.47549867e+02   3.07212613e-04
   3.47550355e+02  -5.07424265e-05
   3.47550843e+02  -2.59041553e-04
   3.47551331e+02  -4.40004107e-04
   3.47551820e+02  -6.86435320e-04
   3.47552308e+02  -4.04016697e-04
   3.47552796e+02   1.20459525e-04
   3.47553285e+02   7.02485268e-05
   3.47553773e+02  -1.11788235e-04
   3.47554261e+02   2.20662347e-04
   3.47554750e+02   4.90265840e-04
   3.47555238e+02   4.87857906e-04
   3.47555726e+02   4.41828510e-04
   3.47556215e+02   3.54720163e-04
   3.47556703e+02   2.27868310e-04
   3.47557191e+02  -2.53630642e-05
   3.47557679e+02  -2.11201055e-04
   3.47558168e+02  -6.32029842e-05
   3.47558656e+02  -2.08300000e-04
   3.47559144e+02  -6.31516275e-04
   3.47559633e+02  -6.11445226e-04
   3.47560121e+02  -3.82700149e-04
   3.47560609e+02  -7.24639394e-05
   3.47561098e+02   1.84297882e-04
   3.47561586e+02  -3.33285279e-04
   3.47562074e+02  -6.35360891e-04
   3.47562563e+02  -2.85931572e-04
   3.47563051e+02  -1.23271557e-05
   3.47563539e+02   9.51906331e-05
   3.47564027e+02  -1.61683900e-04
   3.47564516e+02  -3.43175023e-04
   3.47565004e+02  -1.51344022e-04
   3.47565492e+02  -2.57359807e-05
   3.47565981e+02   5.70869051e-05
   3.47566469e+02   1.09176472e-04
   3.47566957e+02  -1.38894873e-04
   3.47567446e+02  -5.39933681e-04
   3.47567934e+02  -3.43069754e-04
   3.47568422e+02   1.80103511e-04
   3.47568911e+02   3.23987151e-05
   3.47569399e+02  -3.10555712e-04
   3.47569887e+02  -1.25984108e-04
   3.47570375e+02   3.77678443e-05
   3.47570864e+02  -3.66713357e-05
   3.47571352e+02   2.83773679e-05
   3.47571840e+02   9.48061934e-05
   3.47572329e+02  -8.40924258e-05
   3.47572817e+02   2.56984320e-04
   3.47573305e+02   1.17873296e-03
   3.47573794e+02   1.19505613e-03
   3.47574282e+02   5.97561826e-04
   3.47574770e+02   4.13593167e-04
   3.47575259e+02   1.41621917e-04
   3.47575747e+02  -1.89954706e-04
   3.47576235e+02  -6.77896605e-05
   3.47576723e+02  -9.68663880e-05
   3.47577212e+02  -3.08713876e-04
   3.47577700e+02  -2.67864642e-04
   3.47578188e+02  -7.78334943e-05
   3.47578677e+02   2.73936275e-05
   3.47579165e+02   1.54628840e-04
   3.47579653e+02   6.16697653e-05
   3.47580142e+02  -2.35130050e-04
   3.47580630e+02  -4.23648089e-06
   3.47581118e+02   3.80611978e-04
   3.47581607e+02   3.89179448e-04
   3.47582095e+02  -1.53719622e-04
   3.47582583e+02  -9.88479005e-04
   3.47583072e+02  -9.97845549e-04
   3.47583560e+02  -3.25016706e-04
   3.47584048e+02   7.72343119e-05
   3.47584536e+02   6.08867922e-05
   3.47585025e+02   3.81885511e-05
   3.47585513e+02   1.29559237e-04
   3.47586001e+02   1.06799613e-04
   3.47586490e+02   1.25628387e-04
   3.47586978e+02   1.35155060e-04
   3.47587466e+02   7.59014802e-05
   3.47587955e+02   8.02373688e-05
   3.47588443e+02   1.44080099e-04
   3.47588931e+02   3.27918096e-04
   3.47589420e+02   5.99824183e-04
   3.47589908e+02   6.42127474e-04
   3.47590396e+02   2.14453888e-04
   3.47590884e+02  -2.77293060e-04
   3.47591373e+02  -4.84027521e-04
   3.47591861e+02  -2.84859183e-04
   3.47592349e+02  -5.06032957e-05
   3.47592838e+02  -3.03144538e-04
   3.47593326e+02  -7.20862299e-04
   3.47593814e+02  -5.32550737e-04
   3.47594303e+02  -1.11222573e-04
   3.47594791e+02   3.92429938e-05
   3.47595279e+02   5.00173701e-05
   3.47595768e+02   4.78967922e-05
   3.47596256e+02   1.68064536e-04
   3.47596744e+02   4.10242879e-04
   3.47597232e+02   3.50909104e-04
   3.47597721e+02  -1.03079634e-04
   3.47598209e+02  -2.44660594e-04
   3.47598697e+02   1.37233525e-04
   3.47599186e+02   8.31377547e-05
   3.47599674e+02  -4.59775474e-04
   3.47600162e+02  -6.46878674e-04
   3.47600651e+02  -4.23213758e-04
   3.47601139e+02  -2.33332612e-04
   3.47601627e+02   1.21854282e-05
   3.47602116e+02   1.87085418e-04
   3.47602604e+02   1.79770723e-05
   3.47603092e+02  -1.19548829e-04
   3.47603580e+02  -2.77107756e-04
   3.47604069e+02  -3.38217389e-04
   3.47604557e+02  -2.09182908e-04
   3.47605045e+02  -8.57096384e-05
   3.47605534e+02   8.95091580e-05
   3.47606022e+02   1.48964391e-04
   3.47606510e+02  -8.94569239e-05
   3.47606999e+02  -3.84427782e-04
   3.47607487e+02  -3.20574327e-04
   3.47607975e+02  -4.90135862e-04
   3.47608464e+02  -7.52259919e-04
   3.47608952e+02  -3.23884859e-04
   3.47609440e+02   1.94623382e-04
   3.47609928e+02   4.12110239e-04
   3.47610417e+02   4.69472958e-04
   3.47610905e+02   8.74161560e-05
   3.47611393e+02  -2.37948174e-04
   3.47611882e+02   5.69540971e-05
   3.47612370e+02   3.14584642e-04
   3.47612858e+02   1.29876847e-04
   3.47613347e+02   2.17635225e-05
   3.47613835e+02   8.89992371e-05
   3.47614323e+02   1.80490300e-04
   3.47614812e+02   4.16728726e-04
   3.47615300e+02   5.70514647e-04
   3.47615788e+02   3.53908486e-04
   3.47616276e+02  -3.55873963e-05
   3.47616765e+02  -2.52468424e-04
   3.47617253e+02  -3.72773677e-04
   3.47617741e+02  -2.91643635e-04
   3.47618230e+02  -1.58722905e-04
   3.47618718e+02  -6.89828594e-05
   3.47619206e+02   9.86856467e-05
   3.47619695e+02   3.32196832e-05
   3.47620183e+02  -4.36846458e-04
   3.47620671e+02  -2.82214343e-04
   3.47621160e+02   3.69190617e-04
   3.47621648e+02   4.04029968e-04
   3.47622136e+02   5.79381231e-05
   3.47622625e+02  -2.62672635e-04
   3.47623113e+02  -6.40285667e-04
   3.47623601e+02  -1.04690541e-03
   3.47624089e+02  -1.07049441e-03
   3.47624578e+02  -5.85821574e-04
   3.47625066e+02   6.43916646e-05
   3.47625554e+02   5.12967061e-04
   3.47626043e+02   4.09088534e-04
   3.47626531e+02   1.47929779e-04
   3.47627019e+02   7.19835516e-05
   3.47627508e+02   1.54507143e-04
   3.47627996e+02   4.53390530e-04
   3.47628484e+02   4.84993681e-04
   3.47628973e+02   2.96095706e-04
   3.47629461e+02   2.43608112e-04
   3.47629949e+02   2.71577446e-04
   3.47630437e+02   3.99762881e-04
   3.47630926e+02   3.53855256e-04
   3.47631414e+02   2.77995605e-05
   3.47631902e+02  -1.92611751e-05
   3.47632391e+02   1.04987361e-04
   3.47632879e+02   2.45495641e-04
   3.47633367e+02   2.25402080e-04
   3.47633856e+02  -9.33866704e-06
   3.47634344e+02   3.05418725e-05
   3.47634832e+02   2.04363168e-04
   3.47635321e+02   2.87808274e-04
   3.47635809e+02   4.70375351e-04
   3.47636297e+02   4.78458387e-04
   3.47636785e+02   2.08449637e-04
   3.47637274e+02   2.58597402e-06
   3.47637762e+02  -3.67760455e-04
   3.47638250e+02  -6.45233027e-04
   3.47638739e+02  -4.25303966e-04
   3.47639227e+02   2.12910727e-05
   3.47639715e+02   3.64354382e-05
   3.47640204e+02  -1.64098965e-04
   3.47640692e+02   3.10085557e-06
   3.47641180e+02   3.60984617e-04
   3.47641669e+02   5.36668929e-04
   3.47642157e+02   7.30630418e-04
   3.47642645e+02   6.32089330e-04
   3.47643133e+02   9.78281678e-05
   3.47643622e+02  -4.33156747e-05
   3.47644110e+02   1.98454421e-04
   3.47644598e+02   2.46014853e-04
   3.47645087e+02  -1.38662042e-04
   3.47645575e+02  -4.67462640e-04
   3.47646063e+02  -4.37564973e-04
   3.47646552e+02  -2.71534082e-04
   3.47647040e+02   4.84632255e-05
   3.47647528e+02   3.78890021e-04
   3.47648017e+02   4.32967441e-04
   3.47648505e+02   2.51389603e-04
   3.47648993e+02   2.34599953e-04
   3.47649481e+02   3.61655490e-04
   3.47649970e+02   1.21060235e-04
   3.47650458e+02  -1.05549909e-04
   3.47650946e+02  -3.40912047e-05
   3.47651435e+02   5.79404623e-05
   3.47651923e+02   1.36406379e-04
   3.47652411e+02   3.31712945e-04
   3.47652900e+02   6.20389415e-04
   3.47653388e+02   3.64960957e-04
   3.47653876e+02  -3.19565152e-04
   3.47654365e+02  -5.67729294e-04
   3.47654853e+02  -4.34071524e-04
   3.47655341e+02  -3.45412263e-04
   3.47655829e+02  -3.07949464e-04
   3.47656318e+02  -1.35801456e-04
   3.47656806e+02   2.81310524e-04
   3.47657294e+02   5.28451288e-04
   3.47657783e+02   4.99451009e-04
   3.47658271e+02   2.77202518e-04
   3.47658759e+02  -4.03463382e-05
   3.47659248e+02  -4.42315737e-04
   3.47659736e+02  -6.84455445e-04
   3.47660224e+02  -4.28313215e-04
   3.47660713e+02  -1.88505092e-05
   3.47661201e+02   1.83677213e-04
   3.47661689e+02   1.16900759e-04
   3.47662177e+02  -2.63788505e-04
   3.47662666e+02  -2.03039948e-04
   3.47663154e+02   3.01311840e-04
   3.47663642e+02   3.24812514e-04
   3.47664131e+02   7.28795794e-06
   3.47664619e+02  -3.18440318e-04
   3.47665107e+02  -6.33242715e-04
   3.47665596e+02  -7.20485288e-04
   3.47666084e+02  -6.76232332e-04
   3.47666572e+02  -5.81646920e-04
   3.47667061e+02  -1.92965672e-04
   3.47667549e+02   2.22522765e-04
   3.47668037e+02   2.14952524e-04
   3.47668526e+02  -8.42103691e-06
   3.47669014e+02  -4.33621972e-05
   3.47669502e+02   6.09824419e-05
   3.47669990e+02   7.27664519e-05
   3.47670479e+02   3.09145798e-05
   3.47670967e+02   2.48821685e-04
   3.47671455e+02   5.20710077e-04
   3.47671944e+02   4.06977895e-04
   3.47672432e+02   1.35849536e-04
   3.47672920e+02   1.88634149e-04
   3.47673409e+02   5.42479393e-04
   3.47673897e+02   6.90382672e-04
   3.47674385e+02   5.43934118e-04
   3.47674874e+02   3.49294365e-04
   3.47675362e+02   6.60243095e-05
   3.47675850e+02  -1.74593748e-04
   3.47676338e+02  -1.66067257e-04
   3.47676827e+02  -6.65026091e-05
   3.47677315e+02   4.14867500e-05
   3.47677803e+02   2.27113909e-04
   3.47678292e+02   3.10421630e-04
   3.47678780e+02   3.80163081e-04
   3.47679268e+02   5.77591069e-04
   3.47679757e+02   2.79255735e-04
   3.47680245e+02  -3.92668298e-04
   3.47680733e+02  -5.12067403e-04
   3.47681222e+02  -7.92126229e-05
   3.47681710e+02  -1.04486557e-04
   3.47682198e+02  -3.38979589e-04
   3.47682686e+02   4.02265812e-08
   3.47683175e+02   3.19468207e-04
   3.47683663e+02   2.91824137e-04
   3.47684151e+02  -3.83572151e-05
   3.47684640e+02  -4.45041049e-04
   3.47685128e+02  -5.08616446e-04
   3.47685616e+02  -3.86696716e-04
   3.47686105e+02  -2.55119026e-04
   3.47686593e+02  -2.72956622e-05
   3.47687081e+02   2.98785362e-05
   3.47687570e+02   1.83070879e-04
   3.47688058e+02   7.91775528e-05
   3.47688546e+02  -3.82955855e-04
   3.47689034e+02  -1.98042791e-04
   3.47689523e+02   1.72443964e-04
   3.47690011e+02   4.77692338e-05
   3.47690499e+02  -2.25705051e-04
   3.47690988e+02  -3.26742360e-04
   3.47691476e+02   1.62235505e-04
   3.47691964e+02   4.62027296e-04
   3.47692453e+02   1.94388616e-04
   3.47692941e+02  -9.93162030e-05
   3.47693429e+02  -3.69985675e-04
   3.47693918e+02  -2.63005495e-04
   3.47694406e+02  -6.84821425e-05
   3.47694894e+02  -2.22955277e-04
