frequency (GHz), flux (Jy/beam)
   3.57925642e+02   7.36156246e-04
   3.57926131e+02  -4.85398370e-04
   3.57926619e+02  -5.03348769e-04
   3.57927107e+02   7.27070379e-04
   3.57927595e+02  -1.88520862e-04
   3.57928084e+02  -9.15023265e-04
   3.57928572e+02   1.02567734e-04
   3.57929060e+02   1.10618217e-04
   3.57929548e+02   5.91986638e-04
   3.57930037e+02   2.56573875e-03
   3.57930525e+02   3.16978781e-03
   3.57931013e+02   2.11767317e-03
   3.57931502e+02   6.27531030e-04
   3.57931990e+02  -9.01026826e-04
   3.57932478e+02  -9.95425973e-04
   3.57932966e+02  -1.61289936e-04
   3.57933455e+02  -1.09525677e-03
   3.57933943e+02  -3.26596457e-03
   3.57934431e+02  -4.40018345e-03
   3.57934920e+02  -4.41020168e-03
   3.57935408e+02  -3.26889427e-03
   3.57935896e+02  -1.84399565e-03
   3.57936384e+02  -1.52237422e-03
   3.57936873e+02  -1.28752098e-03
   3.57937361e+02  -5.43430870e-05
   3.57937849e+02   1.36426871e-03
   3.57938338e+02   9.44770232e-04
   3.57938826e+02  -6.54453179e-04
   3.57939314e+02  -7.07872154e-04
   3.57939802e+02   2.24792253e-04
   3.57940291e+02   5.07556251e-04
   3.57940779e+02  -1.66496684e-04
   3.57941267e+02  -8.16532294e-04
   3.57941755e+02  -1.01369154e-03
   3.57942244e+02  -1.76047813e-03
   3.57942732e+02  -2.53311079e-03
   3.57943220e+02  -2.64285109e-03
   3.57943709e+02  -3.01630562e-03
   3.57944197e+02  -2.47616437e-03
   3.57944685e+02  -2.88318435e-04
   3.57945173e+02   9.20093153e-04
   3.57945662e+02  -8.48312120e-05
   3.57946150e+02  -5.39079367e-04
   3.57946638e+02   1.71747495e-04
   3.57947127e+02   3.56030243e-04
   3.57947615e+02   1.50044900e-04
   3.57948103e+02  -2.74574413e-04
   3.57948591e+02  -9.45733220e-04
   3.57949080e+02  -1.52302033e-03
   3.57949568e+02  -1.00156118e-03
   3.57950056e+02  -1.10829773e-04
   3.57950544e+02  -5.98408573e-04
   3.57951033e+02  -1.09747448e-03
   3.57951521e+02  -1.00735320e-04
   3.57952009e+02   1.29243836e-03
   3.57952498e+02   1.47086359e-03
   3.57952986e+02   1.04687701e-03
   3.57953474e+02   2.51605496e-04
   3.57953962e+02  -1.68123865e-03
   3.57954451e+02  -2.85819662e-03
   3.57954939e+02  -3.16390581e-03
   3.57955427e+02  -3.04212631e-03
   3.57955916e+02  -1.07753067e-03
   3.57956404e+02   4.59758594e-04
   3.57956892e+02   1.40174641e-04
   3.57957380e+02   4.03890357e-04
   3.57957869e+02   1.56880158e-03
   3.57958357e+02   1.99572835e-03
   3.57958845e+02   9.25140164e-04
   3.57959334e+02  -3.20630817e-04
   3.57959822e+02  -6.15030644e-04
   3.57960310e+02  -9.03584005e-04
   3.57960798e+02  -6.15844503e-04
   3.57961287e+02   1.58382242e-03
   3.57961775e+02   2.10720347e-03
   3.57962263e+02   3.87051026e-04
   3.57962751e+02   1.46344057e-04
   3.57963240e+02   4.51350963e-04
   3.57963728e+02  -1.99940187e-04
   3.57964216e+02  -8.27921904e-04
   3.57964705e+02  -1.26850244e-03
   3.57965193e+02  -1.08929526e-03
   3.57965681e+02   8.71760858e-05
   3.57966169e+02   1.45476940e-03
   3.57966658e+02   1.69398380e-03
   3.57967146e+02   1.00572081e-03
   3.57967634e+02   1.51915150e-03
   3.57968123e+02   2.52836663e-03
   3.57968611e+02   2.30141333e-03
   3.57969099e+02   2.50100158e-03
   3.57969587e+02   2.18197959e-03
   3.57970076e+02  -1.69136547e-04
   3.57970564e+02  -1.88117835e-03
   3.57971052e+02  -2.27463082e-03
   3.57971540e+02  -2.17569340e-03
   3.57972029e+02  -9.51677153e-04
   3.57972517e+02   8.77811864e-04
   3.57973005e+02   1.30455790e-03
   3.57973494e+02   3.46975721e-04
   3.57973982e+02  -1.37119321e-04
   3.57974470e+02   1.27901731e-04
   3.57974958e+02   8.78060964e-05
   3.57975447e+02  -8.64451635e-04
   3.57975935e+02  -1.84303219e-03
   3.57976423e+02  -2.10779207e-03
   3.57976912e+02  -1.49816321e-03
   3.57977400e+02  -2.02496449e-04
   3.57977888e+02   4.72264044e-04
   3.57978376e+02   4.78753529e-04
   3.57978865e+02   8.61416513e-04
   3.57979353e+02   8.83651199e-04
   3.57979841e+02   3.01551830e-04
   3.57980330e+02   1.12744819e-04
   3.57980818e+02  -6.05222413e-05
   3.57981306e+02  -9.33437666e-04
   3.57981794e+02  -1.63173489e-03
   3.57982283e+02  -1.41552836e-03
   3.57982771e+02  -6.54197240e-04
   3.57983259e+02  -6.08176088e-05
   3.57983747e+02   4.19473858e-04
   3.57984236e+02   3.59326194e-04
   3.57984724e+02  -9.27643734e-04
   3.57985212e+02  -1.22811378e-03
   3.57985701e+02   2.17429028e-04
   3.57986189e+02   9.66302527e-04
   3.57986677e+02  -2.16682049e-04
   3.57987165e+02  -1.67694734e-03
   3.57987654e+02  -1.38795562e-03
   3.57988142e+02   1.07569795e-03
   3.57988630e+02   2.80269561e-03
   3.57989119e+02   1.86939025e-03
   3.57989607e+02   7.70048879e-04
   3.57990095e+02   1.06832571e-03
   3.57990583e+02   1.42971613e-03
   3.57991072e+02   8.54135782e-04
   3.57991560e+02  -6.62495557e-04
   3.57992048e+02  -2.14487733e-03
   3.57992536e+02  -1.70567376e-03
   3.57993025e+02  -2.49754172e-04
   3.57993513e+02   6.65260013e-04
   3.57994001e+02   7.18722818e-04
   3.57994490e+02   3.19521350e-04
   3.57994978e+02   5.68971154e-04
   3.57995466e+02   1.09200575e-03
   3.57995954e+02   8.48957396e-04
   3.57996443e+02   2.44106530e-04
   3.57996931e+02   1.89728344e-05
   3.57997419e+02   5.53269114e-04
   3.57997908e+02   1.18460460e-03
   3.57998396e+02   8.73367302e-04
   3.57998884e+02  -2.74345686e-04
   3.57999372e+02  -5.08335535e-04
   3.57999861e+02  -5.47014934e-04
   3.58000349e+02  -1.46223605e-03
   3.58000837e+02  -1.27766398e-03
   3.58001326e+02  -3.01645079e-04
   3.58001814e+02  -1.36906630e-04
   3.58002302e+02   4.21579782e-04
   3.58002790e+02   9.84076527e-04
   3.58003279e+02  -7.75419583e-04
   3.58003767e+02  -3.00722918e-03
   3.58004255e+02  -3.32372217e-03
   3.58004743e+02  -2.94231158e-03
   3.58005232e+02  -2.48302403e-03
   3.58005720e+02  -2.34206417e-03
   3.58006208e+02  -2.42564594e-03
   3.58006697e+02  -1.50289200e-03
   3.58007185e+02   4.58882801e-04
   3.58007673e+02   1.63566682e-03
   3.58008161e+02   6.55970944e-04
   3.58008650e+02  -7.24336365e-04
   3.58009138e+02  -1.83289794e-05
   3.58009626e+02   7.88611011e-04
   3.58010115e+02  -1.14778639e-04
   3.58010603e+02  -7.08461739e-04
   3.58011091e+02  -9.05770401e-04
   3.58011579e+02  -1.83277694e-03
   3.58012068e+02  -2.44700094e-03
   3.58012556e+02  -1.95484981e-03
   3.58013044e+02  -3.99084500e-04
   3.58013532e+02   9.35963762e-04
   3.58014021e+02   8.94723227e-04
   3.58014509e+02   4.09217173e-04
   3.58014997e+02  -3.64998181e-04
   3.58015486e+02  -1.15548505e-03
   3.58015974e+02   1.35169699e-04
   3.58016462e+02   2.46090977e-03
   3.58016950e+02   2.34106183e-03
   3.58017439e+02   4.21168050e-04
   3.58017927e+02   5.48576762e-04
   3.58018415e+02   1.39916304e-03
   3.58018904e+02   6.11454074e-04
   3.58019392e+02   5.78428328e-04
   3.58019880e+02   1.28251617e-03
   3.58020368e+02   1.31787418e-03
   3.58020857e+02   1.36669725e-03
   3.58021345e+02   1.30784814e-03
   3.58021833e+02   1.22372794e-03
   3.58022322e+02   1.18515652e-03
   3.58022810e+02   5.05167700e-04
   3.58023298e+02  -9.26959678e-04
   3.58023786e+02  -2.34754896e-03
   3.58024275e+02  -2.60666269e-03
   3.58024763e+02  -1.74242968e-03
   3.58025251e+02  -6.53066236e-05
   3.58025739e+02   8.52389727e-04
   3.58026228e+02   3.28958122e-04
   3.58026716e+02   1.37245064e-04
   3.58027204e+02   2.96247774e-04
   3.58027693e+02   2.45431380e-04
   3.58028181e+02   6.14626158e-04
   3.58028669e+02   1.87010702e-03
   3.58029157e+02   3.12144705e-03
   3.58029646e+02   2.91083124e-03
   3.58030134e+02   8.60018539e-04
   3.58030622e+02  -1.44099805e-03
   3.58031111e+02  -1.41431228e-03
   3.58031599e+02   1.26005587e-04
   3.58032087e+02   1.04416197e-03
   3.58032575e+02   2.00999748e-05
   3.58033064e+02  -1.78008201e-03
   3.58033552e+02  -1.17763516e-03
   3.58034040e+02   9.30881070e-04
   3.58034528e+02   1.36547198e-03
   3.58035017e+02  -2.72522389e-04
   3.58035505e+02  -1.89607602e-03
   3.58035993e+02  -2.89924280e-03
   3.58036482e+02  -3.19380430e-03
   3.58036970e+02  -2.43704976e-03
   3.58037458e+02  -1.60383026e-03
   3.58037946e+02  -8.51102581e-04
   3.58038435e+02   8.83648347e-04
   3.58038923e+02   2.27932795e-03
   3.58039411e+02   1.70339493e-03
   3.58039900e+02   5.21803566e-04
   3.58040388e+02   6.91062654e-04
   3.58040876e+02   1.79500994e-03
   3.58041364e+02   1.77054002e-03
   3.58041853e+02   2.63068173e-03
   3.58042341e+02   3.71154700e-03
   3.58042829e+02   3.79909878e-03
   3.58043318e+02   3.22471396e-03
   3.58043806e+02   2.69000721e-03
   3.58044294e+02   1.44523138e-03
   3.58044782e+02   2.69488257e-04
   3.58045271e+02   2.96543672e-04
   3.58045759e+02  -2.14588130e-04
   3.58046247e+02  -1.64603349e-03
   3.58046735e+02  -3.00048478e-03
   3.58047224e+02  -3.32766143e-03
   3.58047712e+02  -1.68037321e-03
   3.58048200e+02  -4.38040515e-05
   3.58048689e+02  -3.99865909e-04
   3.58049177e+02  -1.03881431e-03
   3.58049665e+02  -3.93318420e-04
   3.58050153e+02   6.65873406e-04
   3.58050642e+02   8.55986495e-04
   3.58051130e+02   5.96592785e-04
   3.58051618e+02   3.61282378e-04
   3.58052107e+02  -3.38719692e-04
   3.58052595e+02  -1.59407267e-03
   3.58053083e+02  -2.72255554e-03
   3.58053571e+02  -2.75767781e-03
   3.58054060e+02  -2.01652339e-03
   3.58054548e+02  -1.53223495e-03
   3.58055036e+02  -1.11236027e-03
   3.58055524e+02  -4.24593920e-04
   3.58056013e+02   1.36652088e-04
   3.58056501e+02  -1.42633638e-04
   3.58056989e+02  -8.70076125e-04
   3.58057478e+02  -1.93511217e-03
   3.58057966e+02  -2.64278031e-03
   3.58058454e+02  -1.58524327e-03
   3.58058942e+02   5.72340563e-04
   3.58059431e+02   1.87881605e-03
   3.58059919e+02   1.13664242e-03
   3.58060407e+02  -1.19641726e-03
   3.58060896e+02  -3.19538987e-03
   3.58061384e+02  -2.87890201e-03
   3.58061872e+02  -3.62928433e-04
   3.58062360e+02   1.96608948e-03
   3.58062849e+02   3.27523542e-03
   3.58063337e+02   2.49910960e-03
   3.58063825e+02  -2.60121567e-04
   3.58064314e+02  -1.67963689e-03
   3.58064802e+02  -1.61102670e-03
   3.58065290e+02  -1.11656473e-03
   3.58065778e+02  -3.84684914e-04
   3.58066267e+02  -2.09650039e-04
   3.58066755e+02   1.17490425e-04
   3.58067243e+02   5.35641448e-04
   3.58067731e+02  -2.56427069e-04
   3.58068220e+02  -1.44637900e-03
   3.58068708e+02  -1.57636229e-03
   3.58069196e+02  -5.92454744e-04
   3.58069685e+02   3.95466122e-05
   3.58070173e+02  -9.93634225e-04
   3.58070661e+02  -1.59726653e-03
   3.58071149e+02  -6.49882306e-04
   3.58071638e+02  -4.89772588e-04
   3.58072126e+02  -1.78213674e-03
   3.58072614e+02  -2.58071907e-03
   3.58073103e+02  -1.67665887e-03
   3.58073591e+02   4.84627439e-04
   3.58074079e+02   2.22242670e-03
   3.58074567e+02   1.49701349e-03
   3.58075056e+02  -6.68104214e-04
   3.58075544e+02  -1.00729754e-03
   3.58076032e+02  -1.60735814e-04
   3.58076520e+02  -1.61624092e-04
   3.58077009e+02  -1.08571214e-04
   3.58077497e+02   5.58737956e-04
   3.58077985e+02   8.75483849e-04
   3.58078474e+02   6.45147869e-04
   3.58078962e+02  -3.85711115e-04
   3.58079450e+02  -1.38117361e-03
   3.58079938e+02  -6.22514868e-04
   3.58080427e+02   2.26431148e-04
   3.58080915e+02  -3.85267376e-05
   3.58081403e+02  -5.95105637e-04
   3.58081892e+02  -1.65019045e-03
   3.58082380e+02  -2.20285379e-03
   3.58082868e+02  -1.89959828e-03
   3.58083356e+02  -8.65136797e-04
   3.58083845e+02   1.11759442e-03
   3.58084333e+02   1.74667116e-03
   3.58084821e+02   3.40163358e-04
   3.58085310e+02  -9.34267242e-04
   3.58085798e+02  -1.18897308e-03
   3.58086286e+02  -8.88601644e-04
   3.58086774e+02  -1.48977502e-03
   3.58087263e+02  -2.64361571e-03
   3.58087751e+02  -2.14844616e-03
   3.58088239e+02  -1.08334913e-04
   3.58088727e+02   8.99006205e-04
   3.58089216e+02   1.80075658e-04
   3.58089704e+02   1.10619015e-03
   3.58090192e+02   3.72751500e-03
   3.58090681e+02   3.27833183e-03
   3.58091169e+02   1.57334973e-04
   3.58091657e+02  -1.49692502e-03
   3.58092145e+02  -9.71720729e-04
   3.58092634e+02   7.98646579e-05
   3.58093122e+02   1.04024645e-03
   3.58093610e+02   8.01345159e-04
   3.58094099e+02  -4.88605292e-04
   3.58094587e+02  -1.22182036e-03
   3.58095075e+02  -1.15391717e-03
   3.58095563e+02  -1.02226005e-03
   3.58096052e+02  -1.45292620e-03
   3.58096540e+02  -1.07693265e-03
   3.58097028e+02  -4.84610937e-05
   3.58097516e+02   7.80211121e-04
   3.58098005e+02   1.51927082e-03
   3.58098493e+02   2.07554409e-03
   3.58098981e+02   3.08053009e-03
   3.58099470e+02   3.03518889e-03
   3.58099958e+02   2.30917544e-03
   3.58100446e+02   1.24950381e-03
   3.58100934e+02   8.04213574e-04
   3.58101423e+02   7.15251430e-04
   3.58101911e+02  -2.30858685e-04
   3.58102399e+02  -3.65545275e-04
   3.58102888e+02   6.61242404e-04
   3.58103376e+02  -1.61261894e-04
   3.58103864e+02  -1.53080653e-03
   3.58104352e+02  -1.13126507e-03
   3.58104841e+02  -6.46825996e-04
   3.58105329e+02  -1.04710157e-03
   3.58105817e+02  -1.61894609e-03
   3.58106306e+02  -2.26399815e-03
   3.58106794e+02  -1.50769914e-03
   3.58107282e+02   5.27126191e-04
   3.58107770e+02   8.27242970e-04
   3.58108259e+02  -5.25396084e-04
   3.58108747e+02  -1.20252150e-03
   3.58109235e+02  -1.26291311e-03
   3.58109723e+02  -5.23246883e-04
   3.58110212e+02   1.78032543e-03
   3.58110700e+02   3.44968447e-03
   3.58111188e+02   2.17704521e-03
   3.58111677e+02   5.24446717e-04
   3.58112165e+02   7.36854563e-04
   3.58112653e+02   7.37353228e-04
   3.58113141e+02   1.40540570e-03
   3.58113630e+02   3.66658461e-03
   3.58114118e+02   3.84788145e-03
   3.58114606e+02   1.60762318e-03
   3.58115095e+02   5.25036186e-04
   3.58115583e+02   6.13498269e-04
   3.58116071e+02  -2.45104136e-04
   3.58116559e+02  -1.29223219e-03
   3.58117048e+02  -1.15165091e-03
   3.58117536e+02  -1.12567458e-03
   3.58118024e+02  -1.39416184e-03
   3.58118512e+02  -8.95060715e-04
   3.58119001e+02  -1.82012748e-03
   3.58119489e+02  -3.46479798e-03
   3.58119977e+02  -3.20583815e-03
   3.58120466e+02  -2.00775452e-03
   3.58120954e+02  -1.06280460e-03
   3.58121442e+02  -7.48958031e-04
   3.58121930e+02  -5.50372701e-04
   3.58122419e+02   1.35715818e-04
   3.58122907e+02   1.54234469e-03
   3.58123395e+02   2.17533787e-03
   3.58123884e+02   1.85704767e-03
   3.58124372e+02   1.47310935e-03
   3.58124860e+02   6.80612749e-04
   3.58125348e+02  -3.92332877e-04
   3.58125837e+02  -2.19007823e-04
   3.58126325e+02   1.13505521e-03
   3.58126813e+02   1.71793462e-03
   3.58127302e+02   1.70391647e-03
   3.58127790e+02   1.29143673e-03
   3.58128278e+02   4.41336015e-04
   3.58128766e+02   1.07715045e-04
   3.58129255e+02  -3.42277286e-04
   3.58129743e+02  -8.16542422e-04
   3.58130231e+02  -2.53140333e-05
   3.58130719e+02   1.02782615e-04
   3.58131208e+02  -1.11348566e-03
   3.58131696e+02  -1.19450933e-03
   3.58132184e+02  -6.39040227e-05
   3.58132673e+02   8.92714306e-04
   3.58133161e+02   1.98248075e-03
   3.58133649e+02   2.46923068e-03
   3.58134137e+02   1.55131356e-03
   3.58134626e+02   9.49633773e-04
   3.58135114e+02   1.63622969e-03
   3.58135602e+02   1.95197505e-03
   3.58136091e+02   6.84895494e-04
   3.58136579e+02  -1.42812333e-03
   3.58137067e+02  -2.39736959e-03
   3.58137555e+02  -1.14823470e-03
   3.58138044e+02  -2.21398222e-05
   3.58138532e+02   3.73080577e-04
   3.58139020e+02   1.18859112e-03
   3.58139508e+02   1.19537208e-03
   3.58139997e+02   8.91636824e-04
   3.58140485e+02   1.30081826e-04
   3.58140973e+02  -1.26440276e-03
   3.58141462e+02  -1.34042895e-03
   3.58141950e+02  -8.63163790e-04
   3.58142438e+02  -1.04800065e-03
   3.58142926e+02  -1.68426894e-03
   3.58143415e+02  -2.85343477e-03
   3.58143903e+02  -3.76514299e-03
   3.58144391e+02  -3.59506230e-03
   3.58144880e+02  -2.58304807e-03
   3.58145368e+02  -1.36577839e-03
   3.58145856e+02  -1.02607533e-03
   3.58146344e+02  -1.61748182e-03
   3.58146833e+02  -1.14161242e-03
   3.58147321e+02   1.98727270e-04
   3.58147809e+02   5.39880202e-05
   3.58148298e+02   6.61114609e-05
   3.58148786e+02   1.30991964e-03
   3.58149274e+02   1.51834299e-03
   3.58149762e+02   2.10809769e-04
   3.58150251e+02  -7.90170219e-04
   3.58150739e+02  -6.58795936e-04
   3.58151227e+02   1.82404459e-04
   3.58151715e+02   6.41400169e-04
   3.58152204e+02   9.24523047e-04
   3.58152692e+02   2.25067372e-03
   3.58153180e+02   2.56027910e-03
   3.58153669e+02   9.72375332e-04
   3.58154157e+02   6.99182274e-05
   3.58154645e+02   2.24070609e-04
   3.58155133e+02   1.18069863e-03
   3.58155622e+02   2.30991677e-03
   3.58156110e+02   1.96234556e-03
   3.58156598e+02  -2.10642364e-04
   3.58157087e+02  -1.75580103e-03
   3.58157575e+02  -1.89168798e-03
   3.58158063e+02  -3.00763687e-03
   3.58158551e+02  -3.01580271e-03
   3.58159040e+02  -6.28916547e-04
   3.58159528e+02  -2.39528788e-04
   3.58160016e+02  -1.29351940e-03
   3.58160504e+02   3.29153350e-04
   3.58160993e+02   2.43821135e-03
   3.58161481e+02   1.54347485e-03
   3.58161969e+02   7.66086101e-04
   3.58162458e+02   2.85800896e-03
   3.58162946e+02   3.78255709e-03
   3.58163434e+02   2.44937744e-03
   3.58163922e+02   1.52580475e-03
   3.58164411e+02   5.36286738e-04
   3.58164899e+02  -3.67889617e-04
   3.58165387e+02  -7.19512929e-04
   3.58165876e+02  -8.41105299e-04
   3.58166364e+02  -5.84419293e-04
   3.58166852e+02  -3.13179364e-04
   3.58167340e+02   8.66703413e-05
   3.58167829e+02  -1.57733048e-05
   3.58168317e+02   3.51518131e-04
   3.58168805e+02   1.65387359e-03
   3.58169294e+02   1.28222292e-03
   3.58169782e+02  -5.02253417e-04
   3.58170270e+02  -8.27583484e-04
   3.58170758e+02  -2.24098796e-04
   3.58171247e+02   4.68621583e-04
   3.58171735e+02   9.95724578e-04
   3.58172223e+02   7.43407523e-04
   3.58172711e+02   4.93411906e-04
   3.58173200e+02   1.30387419e-03
   3.58173688e+02   2.15764833e-03
   3.58174176e+02   2.13275594e-03
   3.58174665e+02   1.27700646e-03
   3.58175153e+02  -2.10063558e-06
   3.58175641e+02  -8.67786119e-04
   3.58176129e+02  -9.90239321e-04
   3.58176618e+02  -1.69801919e-04
   3.58177106e+02   1.12580671e-03
   3.58177594e+02   1.27808808e-03
   3.58178083e+02   4.17928939e-04
   3.58178571e+02  -2.68907257e-04
   3.58179059e+02  -3.71111440e-04
   3.58179547e+02   6.23559114e-04
   3.58180036e+02   1.93030143e-03
   3.58180524e+02   1.75967731e-03
   3.58181012e+02   1.83946700e-04
   3.58181500e+02  -5.56978164e-04
   3.58181989e+02  -1.96044522e-04
   3.58182477e+02  -1.06220847e-04
   3.58182965e+02  -4.33494628e-04
   3.58183454e+02  -5.48164069e-04
   3.58183942e+02  -2.30620499e-04
   3.58184430e+02   8.75091995e-04
   3.58184918e+02   1.29154336e-03
   3.58185407e+02   1.04695828e-05
   3.58185895e+02  -1.40266621e-03
   3.58186383e+02  -8.05225689e-04
   3.58186872e+02   3.54941440e-04
   3.58187360e+02   5.70241536e-04
   3.58187848e+02   1.18683476e-03
   3.58188336e+02   1.87744969e-03
   3.58188825e+02   2.21004686e-03
   3.58189313e+02   1.38411915e-03
   3.58189801e+02  -2.05162374e-04
   3.58190290e+02  -5.06002107e-04
   3.58190778e+02  -2.50515150e-04
   3.58191266e+02  -4.92207881e-04
   3.58191754e+02  -4.85773780e-04
   3.58192243e+02  -3.36172670e-04
   3.58192731e+02   1.42714023e-04
   3.58193219e+02   3.69566609e-04
   3.58193707e+02   1.25143983e-04
   3.58194196e+02   6.51579685e-05
   3.58194684e+02   1.47868996e-04
   3.58195172e+02  -6.24370179e-04
   3.58195661e+02  -1.06123113e-03
   3.58196149e+02   4.58209579e-05
   3.58196637e+02   1.60787860e-03
   3.58197125e+02   1.70563173e-03
   3.58197614e+02   4.81542666e-04
   3.58198102e+02  -2.95644004e-05
   3.58198590e+02   6.56721822e-04
   3.58199079e+02   1.01510587e-03
   3.58199567e+02  -1.07003696e-04
   3.58200055e+02  -5.22703340e-04
   3.58200543e+02   6.91218767e-04
   3.58201032e+02   1.22319465e-03
   3.58201520e+02   1.89481769e-03
   3.58202008e+02   4.25343262e-03
   3.58202496e+02   4.90544830e-03
   3.58202985e+02   3.12592881e-03
   3.58203473e+02   8.57903913e-04
   3.58203961e+02   8.07564065e-05
   3.58204450e+02   4.28422471e-04
   3.58204938e+02  -5.05176431e-05
   3.58205426e+02  -3.39366554e-04
   3.58205914e+02  -6.68360677e-04
   3.58206403e+02  -1.70703616e-03
   3.58206891e+02  -1.90651882e-03
   3.58207379e+02  -1.76913326e-03
   3.58207868e+02  -2.37249723e-03
   3.58208356e+02  -2.04475736e-03
   3.58208844e+02  -2.87589569e-06
   3.58209332e+02   1.74898352e-03
   3.58209821e+02   1.99244078e-03
   3.58210309e+02   8.20457004e-04
   3.58210797e+02   2.08643061e-04
   3.58211286e+02   1.04036194e-03
   3.58211774e+02   1.71159965e-03
   3.58212262e+02   2.26426288e-03
   3.58212750e+02   2.02215859e-03
   3.58213239e+02   7.75892753e-04
   3.58213727e+02   7.39505747e-04
   3.58214215e+02   1.11034815e-03
   3.58214703e+02   5.64102025e-04
   3.58215192e+02  -7.50287611e-04
   3.58215680e+02  -1.12189783e-03
   3.58216168e+02   5.70083968e-04
   3.58216657e+02   1.45021605e-03
   3.58217145e+02   8.71629454e-04
   3.58217633e+02   1.98263186e-03
   3.58218121e+02   3.31572397e-03
   3.58218610e+02   2.58455845e-03
   3.58219098e+02   2.18717684e-03
   3.58219586e+02   2.76612863e-03
   3.58220075e+02   1.22411805e-03
   3.58220563e+02  -1.41649542e-03
   3.58221051e+02  -2.09888117e-03
   3.58221539e+02  -1.35208527e-03
   3.58222028e+02  -1.03856239e-03
   3.58222516e+02  -1.31047738e-03
   3.58223004e+02  -8.71288416e-04
   3.58223492e+02   3.46914720e-04
   3.58223981e+02  -2.42991315e-04
   3.58224469e+02  -1.58019096e-03
   3.58224957e+02  -8.32206453e-04
   3.58225446e+02  -3.70144204e-04
   3.58225934e+02  -9.26868117e-04
   3.58226422e+02   8.47579562e-04
   3.58226910e+02   3.79109266e-03
   3.58227399e+02   3.79353063e-03
   3.58227887e+02   1.21665362e-03
   3.58228375e+02  -9.15627970e-05
   3.58228864e+02   2.94743717e-04
   3.58229352e+02   1.35979417e-03
   3.58229840e+02   3.52912699e-03
   3.58230328e+02   3.49935959e-03
   3.58230817e+02  -6.11726791e-05
   3.58231305e+02  -2.26735161e-03
   3.58231793e+02  -1.39073480e-03
   3.58232282e+02   1.28708873e-03
   3.58232770e+02   3.87710612e-03
   3.58233258e+02   3.88200488e-03
   3.58233746e+02   2.38170149e-03
   3.58234235e+02   9.44180589e-04
   3.58234723e+02   8.09309189e-04
   3.58235211e+02   1.94267696e-03
   3.58235699e+02   2.49583647e-03
   3.58236188e+02   1.35357375e-03
   3.58236676e+02   3.00055428e-04
   3.58237164e+02   5.45153802e-04
   3.58237653e+02  -1.13539179e-04
   3.58238141e+02  -1.36843009e-03
   3.58238629e+02  -5.67715324e-04
   3.58239117e+02   1.87064707e-03
   3.58239606e+02   2.16626748e-03
   3.58240094e+02  -4.32932196e-04
   3.58240582e+02  -2.48842547e-03
   3.58241071e+02  -3.02986451e-03
   3.58241559e+02  -3.03735561e-03
   3.58242047e+02  -2.51506618e-03
   3.58242535e+02  -2.83763744e-03
   3.58243024e+02  -3.64686898e-03
   3.58243512e+02  -1.46626111e-03
   3.58244000e+02   1.94455939e-03
   3.58244488e+02   1.73710450e-03
   3.58244977e+02   5.01592585e-04
   3.58245465e+02   5.77202823e-04
   3.58245953e+02   7.77635491e-04
   3.58246442e+02   1.08913484e-03
   3.58246930e+02   8.36733670e-04
   3.58247418e+02   6.05549896e-04
   3.58247906e+02   1.47192227e-03
   3.58248395e+02   2.07191473e-03
   3.58248883e+02   7.40664254e-04
   3.58249371e+02  -7.77364941e-04
   3.58249860e+02  -1.80821458e-03
   3.58250348e+02  -2.53504375e-03
   3.58250836e+02  -2.02866667e-03
   3.58251324e+02  -5.24164760e-04
   3.58251813e+02   1.79485383e-03
   3.58252301e+02   2.76125711e-03
   3.58252789e+02   1.37342617e-03
   3.58253278e+02   2.40871901e-04
   3.58253766e+02   3.49000416e-04
   3.58254254e+02   1.06429763e-03
   3.58254742e+02   1.45918049e-03
   3.58255231e+02   1.24018022e-03
   3.58255719e+02   1.52124185e-03
   3.58256207e+02   1.62999064e-03
   3.58256695e+02   8.22240894e-04
   3.58257184e+02   3.61375656e-04
   3.58257672e+02   5.35565487e-04
   3.58258160e+02   9.20437626e-04
   3.58258649e+02   1.09168910e-03
   3.58259137e+02   6.95604773e-04
   3.58259625e+02  -6.89344888e-05
   3.58260113e+02  -5.32464066e-04
   3.58260602e+02   1.07677421e-04
   3.58261090e+02   8.62274610e-04
   3.58261578e+02   5.30365738e-04
   3.58262067e+02   1.66579455e-04
   3.58262555e+02   4.28648869e-04
   3.58263043e+02   1.68879953e-04
   3.58263531e+02   3.71811300e-04
   3.58264020e+02   1.41310506e-03
   3.58264508e+02   1.17630337e-03
   3.58264996e+02   1.64068362e-04
   3.58265484e+02   1.67407357e-04
   3.58265973e+02   1.37219904e-04
   3.58266461e+02  -2.52141384e-04
   3.58266949e+02  -1.40107382e-04
   3.58267438e+02   1.36450893e-04
   3.58267926e+02  -6.41200575e-04
   3.58268414e+02  -1.93879637e-03
   3.58268902e+02  -1.88684219e-03
   3.58269391e+02  -6.58154720e-04
   3.58269879e+02   1.54197181e-03
   3.58270367e+02   2.47010053e-03
   3.58270856e+02   3.32223310e-04
   3.58271344e+02  -1.30261423e-03
   3.58271832e+02  -8.21391412e-04
   3.58272320e+02   1.62105018e-04
   3.58272809e+02   6.53245952e-04
   3.58273297e+02   1.06224639e-03
   3.58273785e+02   1.65808550e-03
   3.58274274e+02   1.05234352e-03
   3.58274762e+02   2.99763087e-05
   3.58275250e+02  -7.03268277e-04
   3.58275738e+02  -1.03257480e-03
   3.58276227e+02  -1.11443654e-03
   3.58276715e+02  -1.76811719e-03
   3.58277203e+02  -2.09837756e-03
   3.58277691e+02  -1.69567391e-03
   3.58278180e+02  -1.51615171e-03
   3.58278668e+02  -1.24485011e-03
   3.58279156e+02   2.27548211e-04
   3.58279645e+02   1.21662545e-03
   3.58280133e+02   3.45201057e-04
   3.58280621e+02  -5.97957463e-04
   3.58281109e+02  -7.95017811e-04
   3.58281598e+02  -5.67536976e-04
   3.58282086e+02   2.45171890e-04
   3.58282574e+02   1.11727673e-03
   3.58283063e+02   1.25780795e-03
   3.58283551e+02   8.10714380e-04
   3.58284039e+02  -1.35678594e-04
   3.58284527e+02  -1.26043498e-03
   3.58285016e+02  -1.44058012e-03
   3.58285504e+02  -1.27442786e-03
   3.58285992e+02  -1.41445315e-03
   3.58286480e+02  -7.34091969e-04
   3.58286969e+02   3.39634425e-04
   3.58287457e+02   3.88125423e-04
   3.58287945e+02  -2.63949827e-04
   3.58288434e+02  -9.97888041e-04
   3.58288922e+02  -9.86489118e-04
   3.58289410e+02   7.74776738e-04
   3.58289898e+02   1.81247678e-03
   3.58290387e+02  -1.66883619e-04
   3.58290875e+02  -1.89740944e-03
   3.58291363e+02  -1.53636083e-03
   3.58291852e+02  -1.57847931e-03
   3.58292340e+02  -2.62327841e-03
   3.58292828e+02  -2.85128737e-03
   3.58293316e+02  -2.29541515e-03
   3.58293805e+02  -2.05228943e-03
   3.58294293e+02  -1.59075495e-03
   3.58294781e+02   1.18825308e-04
   3.58295270e+02   1.21408619e-03
   3.58295758e+02   6.15857309e-04
   3.58296246e+02   5.89149189e-04
   3.58296734e+02   6.31181058e-04
   3.58297223e+02  -2.04867290e-04
   3.58297711e+02  -1.46126503e-03
   3.58298199e+02  -2.28105835e-03
   3.58298687e+02  -1.44318666e-03
   3.58299176e+02  -4.02609498e-04
   3.58299664e+02  -9.56464792e-04
   3.58300152e+02  -1.72869302e-03
   3.58300641e+02  -8.02093302e-04
   3.58301129e+02   1.13321876e-03
   3.58301617e+02   1.91304111e-03
   3.58302105e+02   1.39922893e-03
   3.58302594e+02   2.45627103e-04
   3.58303082e+02  -2.60157423e-04
   3.58303570e+02   1.28316099e-03
   3.58304059e+02   3.16640269e-03
   3.58304547e+02   2.99507473e-03
   3.58305035e+02   1.54315203e-03
   3.58305523e+02   3.72120907e-04
   3.58306012e+02   4.47302045e-05
   3.58306500e+02   1.00200367e-03
   3.58306988e+02   2.07482162e-03
   3.58307476e+02   2.27928464e-03
   3.58307965e+02   2.23964173e-03
   3.58308453e+02   2.34805048e-03
   3.58308941e+02   1.07515976e-03
   3.58309430e+02  -1.44654559e-03
   3.58309918e+02  -2.44631851e-03
   3.58310406e+02  -1.60377880e-03
   3.58310894e+02  -5.42068505e-04
   3.58311383e+02   1.11477442e-04
   3.58311871e+02   6.21938889e-05
   3.58312359e+02  -4.20757191e-04
   3.58312848e+02  -5.94126643e-04
   3.58313336e+02  -2.32757520e-04
   3.58313824e+02   4.34214337e-04
   3.58314312e+02   1.03168678e-03
   3.58314801e+02   1.52160600e-03
   3.58315289e+02   1.91427383e-03
   3.58315777e+02   1.10279222e-03
   3.58316266e+02  -1.38589297e-04
   3.58316754e+02  -5.48492011e-04
   3.58317242e+02  -7.92374849e-05
   3.58317730e+02   8.23869021e-04
   3.58318219e+02   7.72656815e-04
   3.58318707e+02  -3.29797389e-04
   3.58319195e+02  -1.11484341e-03
   3.58319683e+02  -1.14719674e-03
   3.58320172e+02  -4.42623190e-04
   3.58320660e+02   3.03464301e-04
   3.58321148e+02  -1.56524402e-04
   3.58321637e+02  -1.60999922e-03
   3.58322125e+02  -1.36433565e-03
   3.58322613e+02   1.08281721e-03
   3.58323101e+02   2.68020784e-03
   3.58323590e+02   1.89136516e-03
   3.58324078e+02   1.21662364e-04
   3.58324566e+02  -1.27174740e-03
   3.58325055e+02  -4.91794199e-04
   3.58325543e+02   1.48289476e-03
   3.58326031e+02   2.02530576e-03
   3.58326519e+02   1.05918024e-03
   3.58327008e+02   2.36734704e-04
   3.58327496e+02   5.98140585e-04
   3.58327984e+02   8.54049344e-04
   3.58328472e+02  -9.21515220e-09
   3.58328961e+02  -4.70898434e-04
   3.58329449e+02   1.34406131e-04
   3.58329937e+02   3.41947976e-04
   3.58330426e+02  -2.62394373e-04
   3.58330914e+02  -1.10302048e-04
   3.58331402e+02   9.87771549e-04
   3.58331890e+02   1.04695337e-03
   3.58332379e+02   4.44017991e-04
   3.58332867e+02   1.10394740e-03
   3.58333355e+02   2.26865639e-03
   3.58333844e+02   2.21247924e-03
   3.58334332e+02   2.06805300e-03
   3.58334820e+02   1.41547469e-03
   3.58335308e+02   1.00186060e-03
   3.58335797e+02   1.26064662e-03
   3.58336285e+02   1.60744239e-03
   3.58336773e+02   6.52228424e-04
   3.58337262e+02  -1.73195940e-03
   3.58337750e+02  -2.50295945e-03
   3.58338238e+02  -1.16520748e-03
   3.58338726e+02  -7.79397262e-04
   3.58339215e+02  -1.80688570e-03
   3.58339703e+02  -2.95223179e-03
   3.58340191e+02  -2.67732935e-03
   3.58340679e+02  -8.07857577e-05
   3.58341168e+02   2.08092993e-03
   3.58341656e+02   2.02029548e-03
   3.58342144e+02   1.45020732e-03
   3.58342633e+02   1.46519789e-03
   3.58343121e+02   1.46394002e-03
   3.58343609e+02   3.04157147e-04
   3.58344097e+02  -5.62192989e-04
   3.58344586e+02  -6.98449512e-05
   3.58345074e+02  -5.79777232e-04
   3.58345562e+02  -1.78873807e-03
   3.58346051e+02  -1.51465472e-03
   3.58346539e+02   1.98045382e-04
   3.58347027e+02   8.57886800e-04
   3.58347515e+02  -6.26330089e-04
   3.58348004e+02  -2.14315928e-03
   3.58348492e+02  -2.78388429e-03
   3.58348980e+02  -2.46447045e-03
   3.58349468e+02  -1.44531787e-03
   3.58349957e+02  -4.23082587e-04
   3.58350445e+02  -7.05853105e-04
   3.58350933e+02  -1.74385600e-03
   3.58351422e+02  -1.18697085e-03
   3.58351910e+02  -6.75093965e-04
   3.58352398e+02  -1.15872163e-03
   3.58352886e+02  -1.65408372e-03
   3.58353375e+02  -2.04290147e-03
   3.58353863e+02  -1.41357910e-03
   3.58354351e+02  -7.05584709e-04
   3.58354840e+02  -1.02948956e-03
   3.58355328e+02  -5.75650425e-04
   3.58355816e+02   1.15699880e-03
   3.58356304e+02   1.89752714e-03
   3.58356793e+02   8.35058570e-04
   3.58357281e+02  -9.11716372e-04
   3.58357769e+02  -2.09518406e-03
   3.58358258e+02  -1.96015765e-03
   3.58358746e+02  -1.60447368e-03
   3.58359234e+02  -1.19596592e-03
   3.58359722e+02   4.32681700e-04
   3.58360211e+02   1.31138542e-03
   3.58360699e+02  -1.29109001e-04
   3.58361187e+02  -1.20482757e-03
   3.58361675e+02  -9.56388656e-04
   3.58362164e+02  -7.17363961e-04
   3.58362652e+02  -1.27762603e-03
   3.58363140e+02  -2.04699277e-03
   3.58363629e+02  -1.39586197e-03
   3.58364117e+02   3.63767722e-05
   3.58364605e+02   9.08860820e-04
   3.58365093e+02   1.25119451e-03
   3.58365582e+02   1.77854905e-04
   3.58366070e+02  -1.84886670e-03
   3.58366558e+02  -2.47022463e-03
   3.58367047e+02  -1.36084319e-03
   3.58367535e+02  -4.42654040e-04
   3.58368023e+02  -8.30646663e-04
   3.58368511e+02  -8.58585350e-04
   3.58369000e+02  -2.21653667e-04
   3.58369488e+02  -5.64571936e-04
   3.58369976e+02  -1.45068031e-03
   3.58370464e+02  -1.06895261e-03
   3.58370953e+02  -1.46375751e-04
   3.58371441e+02   1.21411642e-04
   3.58371929e+02   7.30734842e-04
   3.58372418e+02   1.12904538e-03
   3.58372906e+02  -7.82730422e-05
   3.58373394e+02  -1.16846000e-03
   3.58373882e+02  -1.00160623e-03
   3.58374371e+02  -2.23172654e-04
   3.58374859e+02   6.17550046e-04
   3.58375347e+02   1.82734526e-04
   3.58375836e+02  -9.95901064e-04
   3.58376324e+02  -7.66797340e-04
   3.58376812e+02   3.49603652e-04
   3.58377300e+02   8.88831157e-04
   3.58377789e+02   9.86255007e-04
   3.58378277e+02   8.21227033e-04
   3.58378765e+02   2.18145738e-04
   3.58379254e+02  -3.03609617e-04
   3.58379742e+02  -8.89031624e-04
   3.58380230e+02  -1.87867205e-03
   3.58380718e+02  -1.95667590e-03
   3.58381207e+02  -1.06355944e-03
   3.58381695e+02  -1.67860751e-04
   3.58382183e+02   3.65955377e-04
   3.58382671e+02   2.87985604e-04
   3.58383160e+02   2.57673208e-04
   3.58383648e+02   1.11815683e-03
   3.58384136e+02   6.49818219e-04
   3.58384625e+02  -1.59711158e-03
   3.58385113e+02  -2.28269794e-03
   3.58385601e+02  -1.66830083e-03
   3.58386089e+02  -1.31110905e-03
   3.58386578e+02  -1.39219640e-03
   3.58387066e+02  -8.44669295e-04
   3.58387554e+02   8.05875810e-04
   3.58388043e+02   1.09490508e-03
   3.58388531e+02   9.57799610e-04
   3.58389019e+02   1.47408887e-03
   3.58389507e+02   2.74063874e-04
   3.58389996e+02  -1.93378900e-03
   3.58390484e+02  -2.48558423e-03
   3.58390972e+02  -2.05941801e-03
   3.58391460e+02  -1.61937613e-03
   3.58391949e+02  -6.40933751e-04
   3.58392437e+02  -4.44337493e-05
   3.58392925e+02  -3.13840981e-04
   3.58393414e+02  -5.29308280e-04
   3.58393902e+02  -1.24025543e-03
   3.58394390e+02  -1.82661845e-03
   3.58394878e+02  -3.09566298e-04
   3.58395367e+02   1.45299686e-03
   3.58395855e+02   1.71202119e-03
   3.58396343e+02   1.11569534e-03
   3.58396832e+02  -1.65621503e-04
   3.58397320e+02  -5.88251103e-04
   3.58397808e+02  -1.65698424e-04
   3.58398296e+02  -1.93900778e-04
   3.58398785e+02  -8.19999186e-05
   3.58399273e+02   7.56839348e-04
   3.58399761e+02   1.61663489e-03
   3.58400250e+02   2.22364091e-03
   3.58400738e+02   2.99352570e-03
   3.58401226e+02   3.23669123e-03
   3.58401714e+02   2.51483428e-03
   3.58402203e+02   1.49857532e-03
   3.58402691e+02   2.57295411e-04
   3.58403179e+02  -1.28878141e-03
   3.58403667e+02  -2.01147189e-03
   3.58404156e+02  -1.67249539e-03
   3.58404644e+02  -6.99549040e-04
   3.58405132e+02   8.97904276e-04
   3.58405621e+02   1.57282350e-03
   3.58406109e+02   4.04767750e-04
   3.58406597e+02   3.63102939e-04
   3.58407085e+02   2.95708515e-03
   3.58407574e+02   4.27661929e-03
   3.58408062e+02   2.10193731e-03
   3.58408550e+02   2.63977970e-04
   3.58409039e+02   7.73633481e-04
   3.58409527e+02   2.24886625e-03
   3.58410015e+02   3.59277776e-03
   3.58410503e+02   3.88483331e-03
   3.58410992e+02   3.16095329e-03
   3.58411480e+02   1.72766938e-03
   3.58411968e+02   8.33463739e-04
   3.58412456e+02   1.06950465e-03
   3.58412945e+02   3.46971530e-04
   3.58413433e+02  -1.46206026e-03
   3.58413921e+02  -2.11044215e-03
   3.58414410e+02  -9.34012642e-04
   3.58414898e+02  -1.46784805e-04
   3.58415386e+02  -1.56643614e-03
   3.58415874e+02  -2.25247559e-03
   3.58416363e+02  -6.23482338e-04
   3.58416851e+02   1.00489450e-03
   3.58417339e+02   1.54019624e-03
   3.58417828e+02   1.17759942e-03
   3.58418316e+02   4.86494508e-04
   3.58418804e+02   2.19178357e-04
   3.58419292e+02   1.41421508e-04
   3.58419781e+02  -1.45798753e-04
   3.58420269e+02  -5.81855595e-04
   3.58420757e+02  -1.24007696e-03
   3.58421246e+02  -1.26474688e-03
   3.58421734e+02  -3.46858142e-05
   3.58422222e+02   1.31637207e-03
   3.58422710e+02   1.00999314e-03
   3.58423199e+02  -1.55862654e-04
   3.58423687e+02   3.85278778e-04
   3.58424175e+02   1.68598373e-03
   3.58424663e+02   8.40069086e-04
   3.58425152e+02  -9.90711618e-04
   3.58425640e+02  -1.55198725e-03
   3.58426128e+02  -1.52786984e-03
   3.58426617e+02  -1.68504880e-03
   3.58427105e+02  -1.29721896e-03
   3.58427593e+02  -5.57963969e-04
   3.58428081e+02  -9.90357948e-04
   3.58428570e+02  -2.54347501e-03
   3.58429058e+02  -2.30646925e-03
   3.58429546e+02  -4.31883818e-04
   3.58430035e+02   4.92349151e-04
   3.58430523e+02   5.23289142e-04
   3.58431011e+02   1.46833496e-04
   3.58431499e+02  -1.15993767e-04
   3.58431988e+02   3.49885697e-04
   3.58432476e+02   1.82140223e-03
   3.58432964e+02   2.64172605e-03
   3.58433452e+02   1.87331974e-03
   3.58433941e+02   1.14506169e-03
   3.58434429e+02   4.28086700e-04
   3.58434917e+02  -3.82608647e-04
   3.58435406e+02   2.05136676e-05
   3.58435894e+02   1.00998464e-03
   3.58436382e+02   5.89123112e-04
   3.58436870e+02  -8.27905547e-04
   3.58437359e+02  -1.19080325e-03
   3.58437847e+02  -2.90965778e-04
   3.58438335e+02   3.36579746e-04
   3.58438824e+02   6.07438502e-04
   3.58439312e+02   9.87161999e-04
   3.58439800e+02   6.94018207e-04
   3.58440288e+02  -4.17474483e-04
   3.58440777e+02  -1.80811854e-03
   3.58441265e+02  -1.96701731e-03
   3.58441753e+02  -7.63052667e-04
   3.58442242e+02  -1.20567437e-03
   3.58442730e+02  -2.35911529e-03
   3.58443218e+02  -1.14685518e-03
   3.58443706e+02   2.17023509e-04
   3.58444195e+02  -6.25424495e-04
   3.58444683e+02  -2.07598368e-03
   3.58445171e+02  -2.23694346e-03
   3.58445659e+02  -6.73363742e-04
   3.58446148e+02   5.46421448e-04
   3.58446636e+02  -2.48300086e-04
   3.58447124e+02  -1.69729092e-03
   3.58447613e+02  -1.81252742e-03
   3.58448101e+02  -6.52081799e-04
   3.58448589e+02   8.22256770e-05
   3.58449077e+02   9.99384283e-05
   3.58449566e+02  -2.64220871e-04
   3.58450054e+02  -1.09281996e-03
   3.58450542e+02  -1.86313025e-03
   3.58451031e+02  -1.55751000e-03
   3.58451519e+02  -1.38511288e-03
   3.58452007e+02  -2.35801563e-03
   3.58452495e+02  -1.46349880e-03
   3.58452984e+02   6.39477570e-04
   3.58453472e+02   1.58145104e-03
   3.58453960e+02   1.89911819e-03
   3.58454448e+02   1.69520744e-03
   3.58454937e+02   6.98545657e-04
   3.58455425e+02  -2.66266317e-04
   3.58455913e+02  -8.27288313e-04
   3.58456402e+02  -2.21119175e-04
   3.58456890e+02   1.57757732e-03
   3.58457378e+02   2.56233709e-03
   3.58457866e+02   2.63373042e-03
   3.58458355e+02   2.38821493e-03
   3.58458843e+02   1.35232753e-03
   3.58459331e+02   3.58776684e-04
   3.58459820e+02   1.14116760e-04
   3.58460308e+02  -1.54585694e-04
   3.58460796e+02  -7.87168043e-04
   3.58461284e+02  -1.06939441e-03
   3.58461773e+02  -5.70041069e-04
   3.58462261e+02  -7.35791284e-04
   3.58462749e+02  -2.12868466e-03
   3.58463238e+02  -3.17459344e-03
   3.58463726e+02  -3.52084218e-03
   3.58464214e+02  -2.71474198e-03
   3.58464702e+02  -1.24752347e-03
   3.58465191e+02  -1.28350058e-03
   3.58465679e+02  -1.92694471e-03
   3.58466167e+02  -1.43281324e-03
   3.58466655e+02  -9.25334345e-04
   3.58467144e+02  -7.24188692e-04
   3.58467632e+02   4.68938437e-04
   3.58468120e+02   1.73440273e-03
   3.58468609e+02   3.69205140e-04
   3.58469097e+02  -1.63183350e-03
   3.58469585e+02  -1.24432694e-03
   3.58470073e+02  -6.73209841e-04
   3.58470562e+02  -1.66447309e-03
   3.58471050e+02  -3.09952698e-03
   3.58471538e+02  -3.13306227e-03
   3.58472027e+02  -1.24110107e-03
   3.58472515e+02   1.28263317e-03
   3.58473003e+02   3.08350637e-03
   3.58473491e+02   3.29109514e-03
   3.58473980e+02   1.57508533e-03
   3.58474468e+02  -5.15605905e-04
   3.58474956e+02  -1.70276267e-04
   3.58475444e+02   1.45843893e-03
   3.58475933e+02   1.73629960e-03
   3.58476421e+02   1.28200708e-03
   3.58476909e+02   1.25405146e-03
   3.58477398e+02   8.47226940e-04
   3.58477886e+02   4.00494668e-04
   3.58478374e+02   7.48439867e-04
   3.58478862e+02   1.09753317e-04
   3.58479351e+02  -1.01910357e-03
   3.58479839e+02   2.31122740e-05
   3.58480327e+02   6.50792907e-04
   3.58480816e+02  -4.05151251e-04
   3.58481304e+02  -5.65562979e-04
   3.58481792e+02  -7.82066709e-05
   3.58482280e+02   8.43684888e-04
   3.58482769e+02   2.26674415e-03
   3.58483257e+02   1.98714668e-03
   3.58483745e+02   5.41047077e-04
   3.58484234e+02   4.71409439e-04
   3.58484722e+02   1.30180491e-03
   3.58485210e+02   1.28773390e-03
   3.58485698e+02   7.27549894e-04
   3.58486187e+02   9.05554101e-04
   3.58486675e+02   1.26223045e-03
   3.58487163e+02   6.65245752e-04
   3.58487651e+02   7.79687602e-04
   3.58488140e+02   2.21414864e-03
   3.58488628e+02   3.38059501e-03
   3.58489116e+02   2.98802275e-03
   3.58489605e+02   6.60446938e-04
   3.58490093e+02  -9.14977980e-04
   3.58490581e+02  -6.87293767e-04
   3.58491069e+02  -5.32535370e-04
   3.58491558e+02   1.19957222e-04
   3.58492046e+02   9.76455456e-04
   3.58492534e+02   5.64760703e-04
   3.58493023e+02   7.36432557e-04
   3.58493511e+02   1.80987106e-03
   3.58493999e+02   1.52270554e-03
   3.58494487e+02   7.89548212e-04
   3.58494976e+02   8.28112708e-04
   3.58495464e+02   2.94940517e-04
   3.58495952e+02  -1.24732894e-03
   3.58496440e+02  -1.43747451e-03
   3.58496929e+02  -3.60257691e-04
   3.58497417e+02  -2.00086157e-04
   3.58497905e+02  -1.35827489e-04
   3.58498394e+02   1.02078222e-04
   3.58498882e+02   1.74344226e-04
   3.58499370e+02   5.73851925e-04
   3.58499858e+02   3.20770836e-04
   3.58500347e+02  -5.49304241e-05
   3.58500835e+02   1.93533240e-04
   3.58501323e+02  -4.45857178e-04
   3.58501812e+02  -1.81797403e-03
   3.58502300e+02  -2.03649467e-03
   3.58502788e+02  -1.52383687e-03
   3.58503276e+02  -8.31059297e-04
   3.58503765e+02   7.38944625e-04
   3.58504253e+02   2.21984787e-03
   3.58504741e+02   2.44431896e-03
   3.58505230e+02   1.91866048e-03
   3.58505718e+02   1.76383904e-03
   3.58506206e+02   1.45261537e-03
   3.58506694e+02  -3.64405787e-05
   3.58507183e+02  -4.30755434e-04
   3.58507671e+02   1.21830567e-03
   3.58508159e+02   2.18259264e-03
   3.58508647e+02   1.66514586e-03
   3.58509136e+02   6.59418816e-04
   3.58509624e+02  -1.44875463e-04
   3.58510112e+02   6.22320222e-04
   3.58510601e+02   2.00430071e-03
   3.58511089e+02   1.73820998e-03
   3.58511577e+02  -2.46073614e-04
   3.58512065e+02  -1.68331550e-03
   3.58512554e+02  -2.16392474e-03
   3.58513042e+02  -1.74572482e-03
   3.58513530e+02  -7.73252978e-04
   3.58514019e+02  -2.40562556e-04
   3.58514507e+02   2.48345401e-04
   3.58514995e+02   1.31523050e-03
   3.58515483e+02   2.00853799e-03
   3.58515972e+02   2.69293529e-03
   3.58516460e+02   4.31707455e-03
   3.58516948e+02   4.32266435e-03
   3.58517436e+02   2.10544746e-03
   3.58517925e+02   1.22683612e-03
   3.58518413e+02   1.93623616e-03
   3.58518901e+02   1.75418984e-03
   3.58519390e+02   3.42401298e-04
   3.58519878e+02  -9.14973440e-04
   3.58520366e+02  -1.41090271e-03
   3.58520854e+02  -6.49104535e-04
   3.58521343e+02   8.86215537e-04
   3.58521831e+02   1.33968238e-03
   3.58522319e+02   6.14017245e-06
   3.58522808e+02  -2.08738423e-03
   3.58523296e+02  -3.58314998e-03
   3.58523784e+02  -3.13433679e-03
   3.58524272e+02  -1.76461064e-03
   3.58524761e+02  -1.07860495e-03
   3.58525249e+02  -7.82958639e-04
   3.58525737e+02  -1.15864631e-03
   3.58526226e+02  -1.67877052e-03
   3.58526714e+02  -1.39227975e-03
   3.58527202e+02  -1.33307441e-03
   3.58527690e+02  -1.72392861e-03
   3.58528179e+02  -1.34783774e-03
   3.58528667e+02  -1.92562424e-04
   3.58529155e+02  -1.91972897e-04
   3.58529643e+02  -1.24708877e-03
   3.58530132e+02  -1.12067745e-03
   3.58530620e+02  -5.72510355e-04
   3.58531108e+02  -2.97503051e-04
   3.58531597e+02   2.90062279e-04
   3.58532085e+02   4.29282431e-04
   3.58532573e+02   6.92548405e-04
   3.58533061e+02   8.33563798e-04
   3.58533550e+02  -9.52224436e-05
   3.58534038e+02  -7.86196091e-04
   3.58534526e+02  -7.09371307e-05
   3.58535015e+02   9.85507970e-04
   3.58535503e+02   1.11123186e-03
   3.58535991e+02   1.12630788e-03
   3.58536479e+02   1.79836666e-03
   3.58536968e+02   1.94010837e-03
   3.58537456e+02   1.42777525e-03
   3.58537944e+02   7.88252742e-04
   3.58538432e+02  -1.03389757e-04
   3.58538921e+02  -4.18276642e-04
   3.58539409e+02   3.72004026e-04
   3.58539897e+02   7.70692714e-04
   3.58540386e+02  -4.96132998e-04
   3.58540874e+02  -1.96386361e-03
   3.58541362e+02  -1.73305126e-03
   3.58541850e+02  -6.09161616e-05
   3.58542339e+02   7.14653055e-04
   3.58542827e+02   3.38586426e-04
   3.58543315e+02  -1.02771715e-04
   3.58543804e+02  -7.12245674e-05
   3.58544292e+02   9.71358095e-04
   3.58544780e+02   1.99866924e-03
   3.58545268e+02   1.91516336e-03
   3.58545757e+02   9.53575247e-04
   3.58546245e+02  -3.22938344e-04
   3.58546733e+02  -5.35671250e-04
   3.58547222e+02   1.06970983e-04
   3.58547710e+02   7.83481228e-05
   3.58548198e+02  -5.99370105e-06
   3.58548686e+02   9.14716860e-04
   3.58549175e+02   2.46380619e-03
   3.58549663e+02   3.39119229e-03
   3.58550151e+02   2.52479641e-03
   3.58550639e+02   5.05337317e-04
   3.58551128e+02  -6.65371073e-04
   3.58551616e+02   3.54281423e-04
   3.58552104e+02   1.53215253e-03
   3.58552593e+02   1.25670480e-03
   3.58553081e+02   7.60580471e-04
   3.58553569e+02   2.96148617e-04
   3.58554057e+02   8.58780622e-05
   3.58554546e+02   2.06717101e-04
   3.58555034e+02  -2.15354885e-04
   3.58555522e+02  -1.33557408e-03
   3.58556011e+02  -1.41252577e-03
   3.58556499e+02   6.71961243e-05
   3.58556987e+02   1.22668676e-03
   3.58557475e+02   1.62165554e-03
   3.58557964e+02   1.17671501e-03
   3.58558452e+02   4.75660054e-05
   3.58558940e+02  -4.51851927e-04
   3.58559428e+02  -7.63475953e-04
   3.58559917e+02  -1.59031001e-03
   3.58560405e+02  -1.74175308e-03
   3.58560893e+02  -6.43895939e-04
   3.58561382e+02   3.44902044e-04
   3.58561870e+02  -1.53125118e-04
   3.58562358e+02  -5.80760767e-04
   3.58562846e+02   6.39790087e-04
   3.58563335e+02   1.47342146e-03
   3.58563823e+02   1.16248766e-03
   3.58564311e+02   1.68465287e-03
   3.58564800e+02   2.76435888e-03
   3.58565288e+02   3.00709857e-03
   3.58565776e+02   2.08479445e-03
   3.58566264e+02   5.58402971e-04
   3.58566753e+02  -1.73950772e-04
   3.58567241e+02  -2.05549395e-06
   3.58567729e+02   7.84155040e-04
   3.58568218e+02   7.81269046e-05
   3.58568706e+02  -5.29525627e-04
   3.58569194e+02  -1.06211030e-03
   3.58569682e+02  -2.03827908e-03
   3.58570171e+02  -1.60870922e-03
   3.58570659e+02   7.82821968e-04
   3.58571147e+02   2.40082829e-03
   3.58571635e+02   1.16802880e-03
   3.58572124e+02  -3.12927965e-04
   3.58572612e+02   4.03284444e-04
   3.58573100e+02   8.69398122e-04
   3.58573589e+02  -9.22678271e-04
   3.58574077e+02  -2.68491451e-03
   3.58574565e+02  -2.03903625e-03
   3.58575053e+02  -1.81081032e-05
   3.58575542e+02   7.00371049e-04
   3.58576030e+02  -1.10109185e-03
   3.58576518e+02  -3.34394397e-03
   3.58577007e+02  -3.66686354e-03
   3.58577495e+02  -3.11187888e-03
   3.58577983e+02  -3.32703232e-03
   3.58578471e+02  -3.35733220e-03
   3.58578960e+02  -1.89492712e-03
   3.58579448e+02  -5.57743897e-06
   3.58579936e+02   6.20930048e-04
   3.58580424e+02   5.01562376e-04
   3.58580913e+02   1.15229806e-03
   3.58581401e+02   1.95339741e-03
   3.58581889e+02   9.05233959e-04
   3.58582378e+02  -7.70862971e-04
   3.58582866e+02  -8.39419139e-04
   3.58583354e+02   5.93970355e-04
   3.58583842e+02   2.16385955e-03
   3.58584331e+02   1.89017248e-03
   3.58584819e+02   4.75969209e-05
   3.58585307e+02  -5.55404054e-04
   3.58585796e+02   2.83242145e-04
   3.58586284e+02   9.08091461e-05
   3.58586772e+02  -3.77436780e-04
   3.58587260e+02   6.66863576e-04
   3.58587749e+02   1.09543069e-03
   3.58588237e+02   3.62331833e-04
   3.58588725e+02   8.80243955e-04
   3.58589214e+02   1.77538698e-03
   3.58589702e+02   3.79228819e-04
   3.58590190e+02  -1.34157948e-03
   3.58590678e+02  -9.59383498e-04
   3.58591167e+02   2.26499062e-04
   3.58591655e+02  -2.50840792e-04
   3.58592143e+02  -1.64792733e-03
   3.58592631e+02  -2.25391216e-03
   3.58593120e+02  -2.27037934e-03
   3.58593608e+02  -1.11455296e-03
   3.58594096e+02   7.10194348e-04
   3.58594585e+02   1.36912812e-03
   3.58595073e+02   1.16133050e-03
   3.58595561e+02   8.91406729e-04
   3.58596049e+02   7.44824938e-04
   3.58596538e+02   1.71181629e-03
   3.58597026e+02   3.12415138e-03
   3.58597514e+02   2.46653939e-03
   3.58598003e+02   6.88645174e-04
   3.58598491e+02  -8.42100635e-05
   3.58598979e+02   1.72091604e-04
   3.58599467e+02  -5.75348204e-05
   3.58599956e+02  -1.30205613e-03
   3.58600444e+02  -1.09394465e-03
   3.58600932e+02   7.99258181e-04
   3.58601420e+02   1.77815626e-03
   3.58601909e+02   8.84569425e-04
   3.58602397e+02  -7.72403611e-04
   3.58602885e+02  -1.97371398e-03
   3.58603374e+02  -2.39842548e-03
   3.58603862e+02  -2.06670375e-03
   3.58604350e+02  -1.41561101e-03
   3.58604838e+02  -1.33301597e-03
   3.58605327e+02  -1.63469836e-03
   3.58605815e+02  -1.29992526e-03
   3.58606303e+02  -4.29431442e-04
   3.58606792e+02   1.51722241e-04
   3.58607280e+02   4.75407694e-04
   3.58607768e+02   1.02302339e-03
   3.58608256e+02   1.31520268e-03
   3.58608745e+02   4.51999404e-05
   3.58609233e+02  -1.20003661e-03
   3.58609721e+02  -4.98171721e-04
   3.58610210e+02  -3.56558303e-04
   3.58610698e+02  -1.22494833e-03
   3.58611186e+02  -7.84315635e-04
   3.58611674e+02  -7.75959343e-05
   3.58612163e+02  -1.23884398e-04
   3.58612651e+02  -9.85344304e-05
   3.58613139e+02   1.30335800e-04
   3.58613627e+02   6.43089530e-04
   3.58614116e+02   9.25285742e-04
   3.58614604e+02   6.94162212e-04
   3.58615092e+02   3.18354840e-04
   3.58615581e+02  -1.00526646e-04
   3.58616069e+02  -1.83372045e-04
   3.58616557e+02  -5.22775517e-04
   3.58617045e+02  -5.52310841e-04
   3.58617534e+02  -1.71368330e-04
   3.58618022e+02  -1.91299987e-04
   3.58618510e+02   9.02678657e-05
   3.58618999e+02   2.87884497e-04
   3.58619487e+02  -2.96606857e-04
   3.58619975e+02  -1.33241445e-03
   3.58620463e+02  -2.67904182e-03
   3.58620952e+02  -3.38151748e-03
   3.58621440e+02  -2.06782017e-03
   3.58621928e+02  -2.05271179e-04
   3.58622416e+02   5.07961377e-04
   3.58622905e+02   5.64974209e-04
   3.58623393e+02  -3.27268703e-04
   3.58623881e+02  -8.48712341e-04
   3.58624370e+02   1.36879389e-03
   3.58624858e+02   2.99100182e-03
   3.58625346e+02   1.67549390e-03
   3.58625834e+02   5.30560385e-04
   3.58626323e+02  -3.51742492e-04
   3.58626811e+02  -8.43610149e-04
   3.58627299e+02  -3.36435070e-04
   3.58627788e+02   1.68047278e-04
   3.58628276e+02  -6.27010813e-05
   3.58628764e+02   2.66695628e-04
   3.58629252e+02   1.68800645e-03
   3.58629741e+02   2.36881338e-03
   3.58630229e+02   2.05867784e-03
   3.58630717e+02   7.65718869e-04
   3.58631206e+02  -1.11676415e-03
   3.58631694e+02  -1.46951724e-03
   3.58632182e+02  -1.12029469e-04
   3.58632670e+02   4.89086320e-04
   3.58633159e+02  -1.82723132e-04
   3.58633647e+02   1.39342446e-04
   3.58634135e+02   1.21096207e-03
   3.58634623e+02   7.16127863e-04
   3.58635112e+02   3.01764027e-04
   3.58635600e+02   1.51908421e-03
   3.58636088e+02   2.27883668e-03
   3.58636577e+02   1.76592788e-03
   3.58637065e+02   2.64592119e-04
   3.58637553e+02  -2.18959656e-04
   3.58638041e+02   1.54389348e-03
   3.58638530e+02   2.43206951e-03
   3.58639018e+02   1.30489713e-03
   3.58639506e+02   6.58038363e-04
   3.58639995e+02   9.42566025e-04
   3.58640483e+02   5.00905269e-04
   3.58640971e+02  -5.84751077e-04
   3.58641459e+02  -1.10871776e-03
   3.58641948e+02   2.22436749e-04
   3.58642436e+02   1.65720307e-03
   3.58642924e+02   9.48952511e-04
   3.58643412e+02  -1.33033172e-05
   3.58643901e+02  -1.03082217e-03
   3.58644389e+02  -2.05734465e-03
   3.58644877e+02  -7.63207092e-04
   3.58645366e+02   1.62237254e-03
   3.58645854e+02   3.27753904e-03
   3.58646342e+02   2.50219251e-03
   3.58646830e+02  -9.18380334e-04
   3.58647319e+02  -3.41529446e-03
   3.58647807e+02  -3.10708629e-03
   3.58648295e+02  -9.11025563e-04
   3.58648784e+02   1.31304981e-03
   3.58649272e+02   1.50646479e-03
   3.58649760e+02   4.89172293e-04
   3.58650248e+02   5.79957210e-04
   3.58650737e+02   1.14960154e-03
   3.58651225e+02   8.08458601e-04
   3.58651713e+02   6.35886623e-04
   3.58652202e+02   5.51596750e-04
   3.58652690e+02   2.42188817e-05
   3.58653178e+02  -2.93052028e-04
   3.58653666e+02  -8.59644322e-04
   3.58654155e+02  -4.13862901e-04
   3.58654643e+02   1.68323156e-03
   3.58655131e+02   2.34710565e-03
   3.58655619e+02   1.03163964e-03
   3.58656108e+02   3.06419417e-04
   3.58656596e+02  -3.82882688e-04
   3.58657084e+02  -1.65096170e-03
   3.58657573e+02  -1.67408306e-03
   3.58658061e+02  -5.82754845e-04
   3.58658549e+02   3.41205508e-04
   3.58659037e+02   1.37541094e-04
   3.58659526e+02  -1.03945029e-03
   3.58660014e+02  -1.90217188e-03
   3.58660502e+02  -2.46208371e-03
   3.58660991e+02  -2.54258025e-03
   3.58661479e+02  -1.71814393e-03
   3.58661967e+02  -6.52782561e-04
   3.58662455e+02  -4.15166287e-04
   3.58662944e+02  -1.49238412e-03
   3.58663432e+02  -1.96928275e-03
   3.58663920e+02  -6.18083519e-04
   3.58664408e+02   1.74499687e-03
   3.58664897e+02   3.14557808e-03
   3.58665385e+02   2.67900643e-03
   3.58665873e+02   7.05020968e-04
   3.58666362e+02  -1.87800603e-03
   3.58666850e+02  -3.91672133e-03
   3.58667338e+02  -4.29800712e-03
   3.58667826e+02  -3.45497276e-03
   3.58668315e+02  -2.56199390e-03
   3.58668803e+02  -1.76519249e-03
   3.58669291e+02  -1.98316132e-03
   3.58669780e+02  -2.52161943e-03
   3.58670268e+02  -2.11019581e-03
   3.58670756e+02  -2.17843382e-03
   3.58671244e+02  -2.31696642e-03
   3.58671733e+02  -1.20520312e-03
   3.58672221e+02  -1.04413333e-03
   3.58672709e+02  -1.23359042e-03
   3.58673198e+02   7.01390745e-05
   3.58673686e+02   1.49847136e-03
   3.58674174e+02   1.52630697e-03
   3.58674662e+02   1.15262612e-03
   3.58675151e+02   1.69110415e-03
   3.58675639e+02   2.06938712e-03
   3.58676127e+02   9.17131489e-04
   3.58676615e+02  -1.44876144e-03
   3.58677104e+02  -2.76219682e-03
   3.58677592e+02  -2.66477745e-03
   3.58678080e+02  -2.29905406e-03
   3.58678569e+02  -2.76955171e-03
   3.58679057e+02  -3.44077684e-03
   3.58679545e+02  -2.76784622e-03
   3.58680033e+02  -1.61059899e-03
   3.58680522e+02  -1.72772037e-03
   3.58681010e+02  -2.30526831e-03
   3.58681498e+02  -1.79819891e-03
   3.58681987e+02  -1.42379641e-03
   3.58682475e+02  -1.41052296e-03
   3.58682963e+02  -1.06609648e-03
   3.58683451e+02  -9.43290768e-04
   3.58683940e+02  -4.64599580e-04
   3.58684428e+02   4.13277943e-04
   3.58684916e+02   1.39307743e-03
   3.58685404e+02   2.20127590e-03
   3.58685893e+02   2.55339965e-03
   3.58686381e+02   1.36812520e-03
   3.58686869e+02   7.57181086e-04
   3.58687358e+02   6.91011024e-04
   3.58687846e+02  -3.66337190e-04
   3.58688334e+02  -1.01719867e-03
   3.58688822e+02  -1.51983695e-03
   3.58689311e+02  -2.47009401e-03
   3.58689799e+02  -2.00052559e-03
   3.58690287e+02  -1.42186170e-03
   3.58690776e+02  -2.86459597e-03
   3.58691264e+02  -3.95039888e-03
   3.58691752e+02  -2.59954878e-03
   3.58692240e+02  -1.78515166e-03
   3.58692729e+02  -2.19346443e-03
   3.58693217e+02  -1.30382448e-03
   3.58693705e+02  -1.86776888e-04
   3.58694194e+02  -6.50636386e-04
   3.58694682e+02  -7.24796555e-04
   3.58695170e+02  -1.61882635e-04
   3.58695658e+02  -3.48077228e-05
   3.58696147e+02   2.81509681e-04
   3.58696635e+02   2.13049236e-04
   3.58697123e+02   4.41542477e-04
   3.58697611e+02   2.35971669e-03
   3.58698100e+02   3.88501189e-03
   3.58698588e+02   3.62962857e-03
   3.58699076e+02   1.65861612e-03
   3.58699565e+02  -1.64575991e-03
   3.58700053e+02  -2.99747079e-03
   3.58700541e+02  -8.65447451e-04
   3.58701029e+02   1.94417965e-03
   3.58701518e+02   3.14075872e-03
   3.58702006e+02   2.32278905e-03
   3.58702494e+02   1.43478136e-03
   3.58702983e+02   1.58345664e-03
   3.58703471e+02   1.47658715e-03
   3.58703959e+02  -2.54698854e-04
   3.58704447e+02  -2.48059048e-03
   3.58704936e+02  -2.27604317e-03
   3.58705424e+02  -1.19274715e-04
   3.58705912e+02   6.99889089e-04
   3.58706400e+02  -1.12569705e-03
   3.58706889e+02  -3.26486840e-03
   3.58707377e+02  -2.85062217e-03
   3.58707865e+02  -8.71538825e-04
   3.58708354e+02   3.70732916e-04
   3.58708842e+02   3.34107550e-04
   3.58709330e+02  -1.95166416e-04
   3.58709818e+02  -2.36211432e-04
   3.58710307e+02  -1.63215096e-04
   3.58710795e+02  -6.01163702e-05
   3.58711283e+02   8.89759860e-04
   3.58711772e+02   2.25356873e-03
   3.58712260e+02   3.10541852e-03
   3.58712748e+02   2.59040552e-03
   3.58713236e+02   7.99901201e-04
   3.58713725e+02  -9.72106864e-05
   3.58714213e+02  -2.23189229e-04
   3.58714701e+02  -1.34498510e-03
   3.58715190e+02  -3.26076732e-03
   3.58715678e+02  -4.52851504e-03
   3.58716166e+02  -4.60618176e-03
   3.58716654e+02  -3.60179646e-03
   3.58717143e+02  -1.35804398e-03
   3.58717631e+02   4.05299274e-04
   3.58718119e+02   8.25101917e-04
   3.58718607e+02   1.37830549e-03
   3.58719096e+02   1.44803454e-03
   3.58719584e+02   3.38870195e-05
   3.58720072e+02  -1.12225383e-03
   3.58720561e+02  -1.33778644e-03
   3.58721049e+02  -2.85953865e-04
   3.58721537e+02   2.15694099e-03
   3.58722025e+02   2.67147273e-03
   3.58722514e+02   1.43187400e-03
   3.58723002e+02   1.55353849e-03
   3.58723490e+02   1.50368933e-03
   3.58723979e+02   1.13822739e-06
   3.58724467e+02  -1.99819653e-04
   3.58724955e+02   1.20413280e-03
   3.58725443e+02   2.04043509e-03
   3.58725932e+02   2.32991413e-03
   3.58726420e+02   2.36712047e-03
   3.58726908e+02   1.45982672e-03
   3.58727396e+02   5.09443867e-04
   3.58727885e+02  -2.08731275e-04
   3.58728373e+02  -1.66878628e-03
   3.58728861e+02  -2.65171449e-03
   3.58729350e+02  -1.09852746e-03
   3.58729838e+02   8.48982949e-04
   3.58730326e+02   1.47565515e-04
   3.58730814e+02  -9.80386743e-04
   3.58731303e+02  -6.86602376e-04
   3.58731791e+02  -8.92930766e-05
   3.58732279e+02  -1.44102800e-04
   3.58732768e+02  -1.01582438e-03
   3.58733256e+02  -1.31143467e-03
   3.58733744e+02  -6.95633877e-04
   3.58734232e+02  -2.42797047e-04
   3.58734721e+02  -2.74119811e-04
   3.58735209e+02  -9.26699315e-04
   3.58735697e+02  -2.08725175e-03
   3.58736186e+02  -2.99836672e-03
   3.58736674e+02  -2.87853321e-03
   3.58737162e+02  -1.86050823e-03
   3.58737650e+02  -3.45916982e-04
   3.58738139e+02   1.49939035e-03
   3.58738627e+02   3.13179428e-03
   3.58739115e+02   3.34410160e-03
   3.58739603e+02   2.55668396e-03
   3.58740092e+02   1.78027840e-03
   3.58740580e+02   1.32755539e-03
   3.58741068e+02   1.86826277e-03
   3.58741557e+02   2.19494198e-03
   3.58742045e+02   1.36045099e-03
   3.58742533e+02   2.24027681e-04
   3.58743021e+02   4.03745944e-04
   3.58743510e+02   1.87581533e-03
   3.58743998e+02   2.42410786e-03
   3.58744486e+02   1.02448615e-03
   3.58744975e+02   5.01855742e-04
   3.58745463e+02   1.22443761e-03
   3.58745951e+02   1.66904274e-03
   3.58746439e+02   1.24530576e-03
   3.58746928e+02   3.10110307e-04
   3.58747416e+02  -1.20014255e-03
   3.58747904e+02  -1.95308356e-03
   3.58748392e+02  -1.21740613e-03
   3.58748881e+02  -7.75598281e-04
   3.58749369e+02  -8.51581746e-04
   3.58749857e+02  -2.76975072e-04
   3.58750346e+02  -7.50946419e-05
   3.58750834e+02   5.23483322e-04
   3.58751322e+02   2.41294340e-03
   3.58751810e+02   2.87176855e-03
   3.58752299e+02   1.12287654e-03
   3.58752787e+02  -6.82291866e-04
   3.58753275e+02  -1.07586361e-03
   3.58753764e+02  -9.37399454e-04
   3.58754252e+02  -1.44292146e-03
   3.58754740e+02  -9.00239625e-04
   3.58755228e+02  -1.65867707e-04
   3.58755717e+02  -3.60007252e-04
   3.58756205e+02  -1.32500893e-04
   3.58756693e+02  -3.42691928e-04
   3.58757182e+02  -1.19716325e-03
   3.58757670e+02  -1.10740203e-03
   3.58758158e+02   1.46983031e-04
   3.58758646e+02   1.19635812e-03
   3.58759135e+02   1.10843312e-03
   3.58759623e+02   4.71597567e-04
   3.58760111e+02  -2.68489181e-04
   3.58760599e+02  -4.32760629e-04
   3.58761088e+02   2.63168360e-04
   3.58761576e+02   9.95937735e-04
   3.58762064e+02   9.42884944e-04
   3.58762553e+02   7.51922606e-04
   3.58763041e+02   9.75159754e-04
   3.58763529e+02   3.03144989e-05
   3.58764017e+02  -1.05079217e-03
   3.58764506e+02  -8.93965887e-04
   3.58764994e+02  -8.42992682e-04
   3.58765482e+02  -8.90956610e-04
   3.58765971e+02  -3.55958327e-04
   3.58766459e+02   3.63455736e-04
   3.58766947e+02  -5.24043426e-05
   3.58767435e+02  -1.11575855e-03
   3.58767924e+02  -9.49924230e-04
   3.58768412e+02  -1.56597016e-04
   3.58768900e+02  -7.66130615e-05
   3.58769388e+02  -1.32698554e-03
   3.58769877e+02  -2.10953737e-03
   3.58770365e+02  -6.98754971e-04
   3.58770853e+02   5.75010781e-04
   3.58771342e+02   7.09364656e-04
   3.58771830e+02   6.02834683e-04
   3.58772318e+02  -6.78140088e-04
   3.58772806e+02  -2.33495142e-03
   3.58773295e+02  -1.98894879e-03
   3.58773783e+02  -7.28673534e-04
   3.58774271e+02  -6.62520237e-04
   3.58774760e+02  -1.34367857e-03
   3.58775248e+02  -1.12853781e-03
   3.58775736e+02   1.41400247e-04
   3.58776224e+02   2.97309045e-04
   3.58776713e+02  -5.41356800e-04
   3.58777201e+02   2.65767681e-04
   3.58777689e+02   4.60764597e-04
   3.58778178e+02  -1.37042091e-03
   3.58778666e+02  -2.58107134e-03
   3.58779154e+02  -2.71159387e-03
   3.58779642e+02  -2.44642817e-03
   3.58780131e+02  -1.90030376e-03
   3.58780619e+02  -1.28929142e-03
   3.58781107e+02  -1.54995336e-03
   3.58781595e+02  -2.18167319e-03
   3.58782084e+02  -1.25390501e-03
   3.58782572e+02   9.35387681e-04
   3.58783060e+02   1.14883075e-03
   3.58783549e+02  -4.96548309e-04
   3.58784037e+02  -3.04746092e-04
   3.58784525e+02   1.70404871e-03
   3.58785013e+02   2.73328600e-03
   3.58785502e+02   1.57642085e-03
   3.58785990e+02  -8.03095929e-04
   3.58786478e+02  -2.70437356e-03
   3.58786967e+02  -2.69650808e-03
   3.58787455e+02  -1.38422044e-03
   3.58787943e+02  -9.35427030e-04
   3.58788431e+02  -4.47120110e-04
   3.58788920e+02   4.50431544e-04
   3.58789408e+02  -2.85675371e-04
   3.58789896e+02  -1.76146021e-03
   3.58790384e+02  -1.41435862e-03
   3.58790873e+02  -2.30220932e-04
   3.58791361e+02  -2.02725187e-05
   3.58791849e+02  -8.66331684e-04
   3.58792338e+02  -1.31553819e-03
   3.58792826e+02   3.90553381e-04
   3.58793314e+02   1.95683399e-03
   3.58793802e+02   1.36588904e-04
   3.58794291e+02  -1.69610803e-03
   3.58794779e+02  -1.52930559e-03
   3.58795267e+02  -6.43485691e-04
   3.58795756e+02   1.25565217e-03
   3.58796244e+02   1.53958052e-03
   3.58796732e+02  -6.29794840e-06
   3.58797220e+02   4.08716180e-04
   3.58797709e+02   1.00139377e-03
   3.58798197e+02  -2.46427546e-04
   3.58798685e+02  -1.57870504e-03
   3.58799174e+02  -2.00801343e-03
   3.58799662e+02  -1.52190181e-03
   3.58800150e+02  -6.45239023e-04
   3.58800638e+02   2.01978866e-04
   3.58801127e+02  -1.62444092e-04
   3.58801615e+02  -2.45540892e-03
   3.58802103e+02  -3.94660234e-03
   3.58802591e+02  -2.72667455e-03
   3.58803080e+02   3.01115942e-04
   3.58803568e+02   2.95790564e-03
   3.58804056e+02   4.41322522e-03
   3.58804545e+02   2.83052307e-03
   3.58805033e+02  -6.04331959e-04
   3.58805521e+02  -1.29853992e-03
   3.58806009e+02  -1.21179689e-03
   3.58806498e+02  -2.40265275e-03
   3.58806986e+02  -1.84526551e-03
   3.58807474e+02  -1.33601090e-04
   3.58807963e+02   2.35210900e-04
   3.58808451e+02  -6.94388582e-04
   3.58808939e+02  -1.34993088e-03
   3.58809427e+02  -1.08374923e-03
   3.58809916e+02   1.18542940e-03
   3.58810404e+02   4.15282371e-03
   3.58810892e+02   3.60699720e-03
   3.58811380e+02   2.30703992e-03
   3.58811869e+02   3.93328629e-03
   3.58812357e+02   4.02684137e-03
   3.58812845e+02   2.31401436e-03
   3.58813334e+02   1.07241434e-03
   3.58813822e+02   1.33655631e-05
   3.58814310e+02  -3.28249334e-05
   3.58814798e+02  -6.93042355e-04
   3.58815287e+02  -2.44784891e-03
   3.58815775e+02  -2.66575813e-03
   3.58816263e+02  -1.32413663e-03
   3.58816752e+02   2.69737764e-04
   3.58817240e+02   5.39462024e-04
   3.58817728e+02  -1.20107015e-03
   3.58818216e+02  -2.76955240e-03
   3.58818705e+02  -2.55174725e-03
   3.58819193e+02  -1.23523851e-03
   3.58819681e+02   7.38712610e-04
   3.58820170e+02   1.86792808e-03
   3.58820658e+02   1.19476113e-03
   3.58821146e+02   1.07152620e-03
   3.58821634e+02   8.96705780e-04
   3.58822123e+02  -4.25616454e-04
   3.58822611e+02  -1.02673075e-03
   3.58823099e+02  -4.03168844e-04
   3.58823587e+02  -1.06007187e-03
   3.58824076e+02  -2.63344147e-03
   3.58824564e+02  -1.63484958e-03
   3.58825052e+02   1.26844761e-03
   3.58825541e+02   2.29339441e-03
   3.58826029e+02   1.86378893e-03
   3.58826517e+02   1.60614063e-03
   3.58827005e+02  -4.05131083e-04
   3.58827494e+02  -3.00978054e-03
   3.58827982e+02  -2.63253623e-03
   3.58828470e+02  -1.17918022e-03
   3.58828959e+02  -5.85470290e-04
   3.58829447e+02   1.57128985e-03
   3.58829935e+02   2.78270035e-03
   3.58830423e+02   5.32246253e-04
   3.58830912e+02  -1.08378753e-03
   3.58831400e+02  -1.57693739e-03
   3.58831888e+02  -1.70521799e-03
   3.58832376e+02  -1.88246602e-04
   3.58832865e+02   2.02215323e-03
   3.58833353e+02   2.94166384e-03
   3.58833841e+02   1.15912885e-03
   3.58834330e+02  -1.39517698e-03
   3.58834818e+02  -2.09814729e-03
   3.58835306e+02  -8.37695843e-04
   3.58835794e+02   8.84515990e-04
   3.58836283e+02   1.50853803e-03
   3.58836771e+02   1.88072072e-03
   3.58837259e+02   2.44004815e-03
   3.58837748e+02   1.93192740e-03
   3.58838236e+02   1.21317816e-03
   3.58838724e+02   8.20073765e-04
   3.58839212e+02   1.58209214e-03
   3.58839701e+02   3.45651619e-03
   3.58840189e+02   3.32338014e-03
   3.58840677e+02   1.05936395e-03
   3.58841166e+02   8.46667972e-04
   3.58841654e+02   1.28360442e-03
   3.58842142e+02  -1.32420182e-03
   3.58842630e+02  -3.59331304e-03
   3.58843119e+02  -2.71038315e-03
   3.58843607e+02  -4.80924384e-04
   3.58844095e+02   4.86654957e-04
   3.58844583e+02  -8.91528034e-04
   3.58845072e+02  -3.66901688e-04
   3.58845560e+02   2.00177799e-03
   3.58846048e+02   2.25235615e-03
   3.58846537e+02   2.14413437e-03
   3.58847025e+02   2.64771353e-03
   3.58847513e+02   2.20453902e-03
   3.58848001e+02   2.66965944e-03
   3.58848490e+02   3.71404388e-03
   3.58848978e+02   3.21294041e-03
   3.58849466e+02   1.96618517e-03
   3.58849955e+02   1.52466667e-03
   3.58850443e+02   1.71354937e-03
   3.58850931e+02   6.53095776e-04
   3.58851419e+02  -3.65670235e-03
   3.58851908e+02  -8.00087210e-03
   3.58852396e+02  -7.91890174e-03
   3.58852884e+02  -4.36958671e-03
   3.58853372e+02  -1.96596514e-03
   3.58853861e+02  -9.26582201e-04
   3.58854349e+02   7.47601676e-04
   3.58854837e+02   2.15170090e-03
   3.58855326e+02   2.23255600e-03
   3.58855814e+02   1.65254204e-03
   3.58856302e+02   3.35316232e-04
   3.58856790e+02   3.16522957e-04
   3.58857279e+02   1.41995249e-03
   3.58857767e+02   2.88274081e-04
   3.58858255e+02  -2.06001964e-03
   3.58858744e+02  -8.57760024e-04
   3.58859232e+02   2.85545527e-03
   3.58859720e+02   4.13910486e-03
   3.58860208e+02   1.62905862e-03
   3.58860697e+02  -9.48149886e-04
   3.58861185e+02  -6.50118280e-04
   3.58861673e+02   8.11291102e-04
   3.58862162e+02   3.09817540e-03
   3.58862650e+02   5.06724883e-03
   3.58863138e+02   3.52558750e-03
   3.58863626e+02   3.60547187e-04
   3.58864115e+02  -8.98438331e-04
   3.58864603e+02   1.10988936e-03
   3.58865091e+02   3.45155131e-03
   3.58865579e+02   4.39153519e-03
   3.58866068e+02   3.85837536e-03
   3.58866556e+02   2.61234096e-03
   3.58867044e+02   2.13131410e-04
   3.58867533e+02  -3.24638700e-03
   3.58868021e+02  -4.05599549e-03
   3.58868509e+02  -3.15240026e-03
   3.58868997e+02  -2.49239244e-03
   3.58869486e+02  -1.89877523e-04
   3.58869974e+02   2.16750707e-03
   3.58870462e+02   3.80419689e-04
   3.58870951e+02  -3.27916117e-03
   3.58871439e+02  -2.68311589e-03
   3.58871927e+02  -1.25939469e-03
   3.58872415e+02  -4.64031380e-03
   3.58872904e+02  -6.22968236e-03
   3.58873392e+02  -3.29983770e-03
   3.58873880e+02  -2.25732522e-03
   3.58874368e+02  -4.45172796e-03
   3.58874857e+02  -3.34739964e-03
   3.58875345e+02   2.07479298e-03
   3.58875833e+02   3.01372446e-03
   3.58876322e+02  -1.67009572e-03
   3.58876810e+02  -2.30827718e-03
   3.58877298e+02  -5.38031338e-04
   3.58877786e+02  -2.99101998e-03
   3.58878275e+02  -5.35338465e-03
   3.58878763e+02  -3.61869577e-03
   3.58879251e+02   5.29559504e-04
   3.58879740e+02   3.10278311e-03
   3.58880228e+02   1.14461826e-03
   3.58880716e+02  -1.69239449e-03
   3.58881204e+02   5.28877252e-04
   3.58881693e+02   3.40076047e-03
   3.58882181e+02   1.93136034e-03
   3.58882669e+02   1.15991104e-03
   3.58883158e+02   5.65946044e-04
   3.58883646e+02  -2.67317612e-03
   3.58884134e+02  -3.95453162e-03
   3.58884622e+02  -1.30733382e-03
   3.58885111e+02   3.02841398e-03
   3.58885599e+02   4.54324018e-03
   3.58886087e+02   1.26115116e-03
   3.58886575e+02  -2.22503813e-03
   3.58887064e+02  -4.45620390e-03
   3.58887552e+02  -5.67753427e-03
   3.58888040e+02  -3.90048767e-03
   3.58888529e+02  -2.40772218e-03
   3.58889017e+02  -2.55556707e-03
   3.58889505e+02  -3.43217677e-03
   3.58889993e+02  -4.38283850e-03
   3.58890482e+02  -4.73685144e-03
   3.58890970e+02  -5.96872764e-03
   3.58891458e+02  -6.80433353e-03
   3.58891947e+02  -6.04876783e-03
   3.58892435e+02  -3.49027594e-03
   3.58892923e+02   4.25948674e-04
   3.58893411e+02   4.96687414e-03
   3.58893900e+02   7.83159304e-03
   3.58894388e+02   6.65156310e-03
   3.58894876e+02   3.71285458e-03
   3.58895364e+02   1.29912735e-03
   3.58895853e+02   5.55825187e-04
   3.58896341e+02   6.98930118e-04
   3.58896829e+02   2.80779477e-06
   3.58897318e+02  -3.29724338e-04
   3.58897806e+02   6.34743541e-04
   3.58898294e+02   3.39584681e-03
   3.58898782e+02   6.98337145e-03
   3.58899271e+02   6.43727090e-03
   3.58899759e+02   3.71491024e-03
   3.58900247e+02   2.99591268e-03
   3.58900736e+02   1.60238845e-03
   3.58901224e+02   2.05957185e-04
   3.58901712e+02   1.35070272e-03
   3.58902200e+02   1.39331562e-03
   3.58902689e+02  -1.07791414e-03
   3.58903177e+02  -1.22004340e-03
   3.58903665e+02   1.80968863e-03
   3.58904154e+02   3.11356504e-03
   3.58904642e+02   1.78962026e-03
   3.58905130e+02   1.11701060e-03
   3.58905618e+02   3.02306283e-03
   3.58906107e+02   5.82166761e-03
   3.58906595e+02   5.15161734e-03
   3.58907083e+02   1.70995796e-03
   3.58907571e+02   1.15646666e-03
   3.58908060e+02   2.76207877e-03
   3.58908548e+02   2.52892962e-03
   3.58909036e+02   2.14721798e-03
   3.58909525e+02   1.11074920e-03
   3.58910013e+02  -1.58547889e-03
   3.58910501e+02  -1.70328876e-03
   3.58910989e+02  -1.91254571e-06
   3.58911478e+02  -1.10795512e-03
   3.58911966e+02  -3.23861325e-03
   3.58912454e+02  -3.33264330e-03
   3.58912943e+02  -2.21789372e-03
   3.58913431e+02  -3.68256704e-04
   3.58913919e+02   1.44161936e-03
   3.58914407e+02   2.04520486e-03
   3.58914896e+02   1.57583586e-03
   3.58915384e+02   1.19153003e-03
   3.58915872e+02   1.13098708e-03
   3.58916360e+02  -1.58992843e-04
   3.58916849e+02  -2.02696910e-03
   3.58917337e+02  -7.18048832e-04
   3.58917825e+02   5.94672747e-04
   3.58918314e+02  -1.52215373e-03
   3.58918802e+02  -3.11422511e-03
   3.58919290e+02  -2.18719151e-03
   3.58919778e+02  -1.35559251e-03
   3.58920267e+02  -1.01444905e-03
   3.58920755e+02  -1.02599419e-03
   3.58921243e+02  -1.04699109e-03
   3.58921732e+02  -9.86169209e-04
   3.58922220e+02  -4.53191096e-05
   3.58922708e+02   8.57324747e-04
   3.58923196e+02  -2.15926426e-04
   3.58923685e+02  -8.14754283e-04
   3.58924173e+02   3.79071455e-04
   3.58924661e+02   1.18922244e-03
   3.58925150e+02   1.64795702e-03
   3.58925638e+02   1.23790617e-03
   3.58926126e+02  -7.86567747e-04
   3.58926614e+02  -2.51196208e-03
   3.58927103e+02  -2.52283690e-03
   3.58927591e+02  -2.19756330e-04
   3.58928079e+02   2.54895189e-03
   3.58928567e+02   2.77278875e-03
   3.58929056e+02   1.66355527e-03
   3.58929544e+02   1.63237168e-03
   3.58930032e+02   1.40152895e-03
   3.58930521e+02   3.87545879e-04
   3.58931009e+02  -8.76648468e-04
   3.58931497e+02  -2.45276955e-03
   3.58931985e+02  -2.96302419e-03
   3.58932474e+02  -1.92404806e-03
   3.58932962e+02  -1.11351348e-03
   3.58933450e+02  -1.88320305e-03
   3.58933939e+02  -2.87114759e-03
   3.58934427e+02  -1.98108330e-03
   3.58934915e+02  -5.58604312e-04
   3.58935403e+02  -2.17692432e-04
   3.58935892e+02   8.96983329e-05
   3.58936380e+02   1.06019829e-03
   3.58936868e+02   2.41422560e-03
   3.58937356e+02   2.08859658e-03
   3.58937845e+02  -4.82297823e-04
   3.58938333e+02  -1.59402506e-03
   3.58938821e+02  -1.88411027e-03
   3.58939310e+02  -2.83728982e-03
   3.58939798e+02  -2.24931608e-03
   3.58940286e+02  -8.61282111e-04
   3.58940774e+02  -1.32575934e-03
   3.58941263e+02  -2.96809454e-03
   3.58941751e+02  -1.18419237e-03
   3.58942239e+02   3.37347155e-03
   3.58942728e+02   3.66194942e-03
   3.58943216e+02   9.00889980e-04
   3.58943704e+02  -4.82732459e-04
   3.58944192e+02  -1.54275133e-03
   3.58944681e+02  -2.00763182e-03
   3.58945169e+02  -1.53660588e-03
   3.58945657e+02  -1.30380489e-04
   3.58946146e+02   1.55510008e-03
   3.58946634e+02   1.84948475e-03
   3.58947122e+02   2.69287266e-03
   3.58947610e+02   4.28061606e-03
   3.58948099e+02   3.69799067e-03
   3.58948587e+02   1.62098301e-03
   3.58949075e+02   7.52212829e-04
   3.58949563e+02   1.53086788e-04
   3.58950052e+02  -7.32053653e-04
   3.58950540e+02  -7.38456787e-04
   3.58951028e+02  -1.58864737e-03
   3.58951517e+02  -2.51023867e-03
   3.58952005e+02  -1.35431241e-03
   3.58952493e+02   6.32456096e-04
   3.58952981e+02   1.74870959e-03
   3.58953470e+02   1.35471125e-03
   3.58953958e+02  -1.73330089e-04
   3.58954446e+02  -3.81920749e-04
   3.58954935e+02   1.53839518e-03
   3.58955423e+02   2.05893535e-03
   3.58955911e+02   7.02226243e-04
   3.58956399e+02   6.50173577e-04
   3.58956888e+02   8.05817544e-05
   3.58957376e+02  -2.34207767e-03
   3.58957864e+02  -3.22361547e-03
   3.58958352e+02  -1.36480841e-03
   3.58958841e+02   6.14198623e-04
   3.58959329e+02   3.65046930e-04
   3.58959817e+02  -1.33011874e-03
   3.58960306e+02  -1.64966204e-03
   3.58960794e+02  -4.63638862e-05
   3.58961282e+02   6.95878407e-04
   3.58961770e+02  -2.11909108e-04
   3.58962259e+02  -4.93536994e-04
   3.58962747e+02   3.60796723e-04
   3.58963235e+02   1.12398982e-03
   3.58963724e+02   1.13118207e-03
   3.58964212e+02   1.63357647e-03
   3.58964700e+02   3.20426072e-03
   3.58965188e+02   3.61692091e-03
   3.58965677e+02   2.09472608e-03
   3.58966165e+02  -1.23389473e-03
   3.58966653e+02  -4.31661401e-03
   3.58967142e+02  -4.56672534e-03
   3.58967630e+02  -3.11363768e-03
   3.58968118e+02  -2.22272612e-03
   3.58968606e+02  -1.27217139e-03
   3.58969095e+02  -2.90504569e-04
   3.58969583e+02  -9.40967366e-05
   3.58970071e+02   2.96358572e-04
   3.58970559e+02   1.18897832e-03
   3.58971048e+02   1.03672442e-03
   3.58971536e+02   1.25084771e-04
   3.58972024e+02  -2.01345712e-04
   3.58972513e+02  -1.65255414e-03
   3.58973001e+02  -3.11448728e-03
   3.58973489e+02  -1.69105339e-03
   3.58973977e+02  -4.48008534e-04
   3.58974466e+02  -8.91997013e-04
   3.58974954e+02  -2.17663197e-04
   3.58975442e+02   1.03565934e-03
   3.58975931e+02   9.93061345e-04
   3.58976419e+02   3.61174694e-04
   3.58976907e+02  -4.93833912e-04
   3.58977395e+02  -1.38374674e-03
   3.58977884e+02  -2.75689323e-04
   3.58978372e+02   1.15865411e-03
   3.58978860e+02   9.15277400e-04
   3.58979348e+02   8.26127944e-05
   3.58979837e+02  -1.57478557e-04
   3.58980325e+02   1.57614253e-04
   3.58980813e+02  -2.96616461e-04
   3.58981302e+02  -1.34311023e-03
   3.58981790e+02  -7.66334415e-04
   3.58982278e+02   1.18257443e-03
   3.58982766e+02   2.15105130e-03
   3.58983255e+02   1.68130884e-03
   3.58983743e+02   1.45242119e-03
   3.58984231e+02   1.28001533e-03
   3.58984720e+02  -4.31674038e-04
   3.58985208e+02  -1.72553910e-03
   3.58985696e+02  -5.91185817e-04
   3.58986184e+02   6.69719360e-04
   3.58986673e+02  -5.02257244e-05
   3.58987161e+02   2.89901916e-04
   3.58987649e+02   2.06135539e-03
   3.58988138e+02   1.52137596e-03
   3.58988626e+02  -4.31869004e-04
   3.58989114e+02  -8.70932417e-04
   3.58989602e+02  -1.06369972e-03
   3.58990091e+02  -1.19739922e-03
   3.58990579e+02   1.57866394e-04
   3.58991067e+02   2.18198379e-03
   3.58991555e+02   2.65599205e-03
   3.58992044e+02   1.40929362e-03
   3.58992532e+02   4.12168214e-04
   3.58993020e+02   2.44350114e-04
   3.58993509e+02   1.49950152e-04
   3.58993997e+02  -4.35622613e-04
   3.58994485e+02  -9.04865272e-04
   3.58994973e+02  -5.67612937e-04
   3.58995462e+02  -2.43248694e-04
   3.58995950e+02  -5.07320045e-04
   3.58996438e+02  -6.83054270e-04
   3.58996927e+02  -6.45312015e-04
   3.58997415e+02  -3.79363075e-04
   3.58997903e+02  -3.45379121e-05
   3.58998391e+02  -1.59964737e-04
   3.58998880e+02  -4.36397706e-04
   3.58999368e+02  -8.53482576e-04
   3.58999856e+02  -1.36963534e-03
   3.59000345e+02  -1.31402211e-03
   3.59000833e+02   6.11507348e-05
   3.59001321e+02   1.91348256e-03
   3.59001809e+02   1.21007184e-03
   3.59002298e+02  -6.52563758e-04
   3.59002786e+02  -2.99536216e-04
   3.59003274e+02   1.08622818e-03
   3.59003762e+02   1.73590588e-03
   3.59004251e+02   1.53109059e-03
   3.59004739e+02   7.58649956e-04
   3.59005227e+02   7.09357904e-04
   3.59005716e+02   1.11870363e-03
   3.59006204e+02   6.44521962e-04
   3.59006692e+02   2.15225373e-04
   3.59007180e+02  -3.43574036e-04
   3.59007669e+02  -1.84059469e-03
   3.59008157e+02  -1.89444679e-03
   3.59008645e+02   2.85818562e-04
   3.59009134e+02   1.85940450e-03
   3.59009622e+02   2.01735995e-03
   3.59010110e+02   1.93206384e-03
   3.59010598e+02   1.54520571e-03
   3.59011087e+02   1.51035690e-03
   3.59011575e+02   1.24869228e-03
   3.59012063e+02  -5.70451200e-04
   3.59012551e+02  -1.34072336e-03
   3.59013040e+02  -1.06350367e-03
   3.59013528e+02  -1.85611448e-03
   3.59014016e+02  -2.63581937e-03
   3.59014505e+02  -1.67027523e-03
   3.59014993e+02   6.77508302e-04
   3.59015481e+02   1.73538981e-03
   3.59015969e+02   4.55090514e-04
   3.59016458e+02  -1.52422639e-04
   3.59016946e+02   1.69134431e-03
   3.59017434e+02   3.04663088e-03
   3.59017923e+02   2.74025486e-03
   3.59018411e+02   2.16921070e-03
   3.59018899e+02   1.98958063e-04
   3.59019387e+02  -2.67545669e-03
   3.59019876e+02  -3.42961401e-03
   3.59020364e+02  -1.23101391e-03
   3.59020852e+02   1.68822776e-03
   3.59021341e+02   3.06932558e-03
   3.59021829e+02   2.54767528e-03
   3.59022317e+02   1.20517518e-03
   3.59022805e+02   8.15398060e-04
   3.59023294e+02   1.36903394e-03
   3.59023782e+02   1.54757372e-03
   3.59024270e+02   7.75487162e-04
   3.59024758e+02   3.11780168e-04
   3.59025247e+02   8.86025897e-04
   3.59025735e+02   1.12469180e-03
   3.59026223e+02   6.51913346e-04
   3.59026712e+02   4.40480188e-04
   3.59027200e+02   8.96464044e-04
   3.59027688e+02   1.34609872e-03
   3.59028176e+02   1.06463511e-03
   3.59028665e+02   5.77322557e-04
   3.59029153e+02   7.16477080e-05
   3.59029641e+02  -2.01397343e-04
   3.59030130e+02   2.10813800e-04
   3.59030618e+02   2.66786461e-04
   3.59031106e+02   4.52077889e-04
   3.59031594e+02   1.04919553e-03
   3.59032083e+02   1.09705463e-04
   3.59032571e+02  -1.94434135e-04
   3.59033059e+02   1.68711098e-03
   3.59033547e+02   2.41360068e-03
   3.59034036e+02   1.07756513e-03
   3.59034524e+02   6.28535927e-04
   3.59035012e+02   1.31150312e-03
   3.59035501e+02   7.41610929e-05
   3.59035989e+02  -1.92918174e-03
   3.59036477e+02  -1.63583737e-03
   3.59036965e+02   2.18829038e-04
   3.59037454e+02   1.07617641e-03
   3.59037942e+02  -3.90501315e-04
   3.59038430e+02  -2.06426787e-03
   3.59038919e+02  -3.24173877e-03
   3.59039407e+02  -3.85945756e-03
   3.59039895e+02  -2.72282283e-03
   3.59040383e+02   9.18592377e-06
   3.59040872e+02   1.63916871e-03
   3.59041360e+02   1.76411541e-03
   3.59041848e+02   3.10390233e-03
   3.59042337e+02   4.28732205e-03
   3.59042825e+02   2.49606208e-03
   3.59043313e+02   8.47008952e-04
   3.59043801e+02   1.54239289e-03
   3.59044290e+02   9.04810557e-04
   3.59044778e+02  -9.26259730e-04
   3.59045266e+02  -1.13651935e-04
   3.59045754e+02   1.85660750e-03
   3.59046243e+02   1.42687850e-03
   3.59046731e+02  -7.63478864e-04
   3.59047219e+02  -9.77358432e-04
   3.59047708e+02   8.74010206e-04
   3.59048196e+02   1.43889815e-03
   3.59048684e+02   8.60245258e-04
   3.59049172e+02   4.17763455e-04
   3.59049661e+02   8.43169182e-05
   3.59050149e+02   1.32452475e-03
   3.59050637e+02   2.82772072e-03
   3.59051126e+02   1.76580925e-03
   3.59051614e+02  -6.91467576e-05
   3.59052102e+02  -4.81923344e-04
   3.59052590e+02   2.96349841e-04
   3.59053079e+02   7.29283027e-04
   3.59053567e+02   1.77397917e-03
   3.59054055e+02   4.64468542e-03
   3.59054543e+02   5.43218385e-03
   3.59055032e+02   2.37581017e-03
   3.59055520e+02   1.19009565e-04
   3.59056008e+02   2.61111156e-04
   3.59056497e+02  -3.38231068e-04
   3.59056985e+02  -2.00406415e-03
   3.59057473e+02  -2.76204129e-03
   3.59057961e+02  -2.91722571e-03
   3.59058450e+02  -2.20706360e-03
   3.59058938e+02  -7.02566118e-04
   3.59059426e+02   6.57537703e-06
   3.59059915e+02   1.38051633e-04
   3.59060403e+02  -5.98858984e-04
   3.59060891e+02  -1.78135070e-03
   3.59061379e+02  -1.94159080e-03
   3.59061868e+02  -1.66690967e-03
   3.59062356e+02  -4.78742673e-04
   3.59062844e+02   1.50890159e-03
   3.59063333e+02   2.69335206e-03
   3.59063821e+02   2.27463827e-03
   3.59064309e+02   3.09305964e-04
   3.59064797e+02  -1.04443822e-03
   3.59065286e+02  -9.12999792e-04
   3.59065774e+02  -4.12618712e-04
   3.59066262e+02   1.90369959e-04
   3.59066750e+02  -3.08871677e-05
   3.59067239e+02  -1.00279693e-03
   3.59067727e+02  -6.26119960e-04
   3.59068215e+02   1.31659315e-03
   3.59068704e+02   2.51026126e-03
   3.59069192e+02   2.45717028e-03
   3.59069680e+02   1.61869195e-03
   3.59070168e+02   2.02130177e-04
   3.59070657e+02  -1.09451625e-03
   3.59071145e+02  -1.54182105e-03
   3.59071633e+02  -3.75163887e-04
   3.59072122e+02   6.46099041e-04
   3.59072610e+02  -3.66088410e-04
   3.59073098e+02  -1.39774405e-03
   3.59073586e+02  -3.88060842e-04
   3.59074075e+02   1.64177769e-03
   3.59074563e+02   2.91137863e-03
   3.59075051e+02   2.81495857e-03
   3.59075539e+02   1.29808905e-03
   3.59076028e+02  -3.98370583e-04
   3.59076516e+02  -9.41849314e-04
   3.59077004e+02  -6.69527799e-04
   3.59077493e+02  -3.56051052e-04
   3.59077981e+02  -2.92359357e-04
   3.59078469e+02   1.64601122e-04
   3.59078957e+02   1.04118045e-03
   3.59079446e+02   1.43503724e-03
   3.59079934e+02   7.54123379e-04
   3.59080422e+02  -5.25177107e-04
   3.59080911e+02  -1.52823422e-03
   3.59081399e+02  -1.27272320e-03
   3.59081887e+02  -4.09438770e-04
   3.59082375e+02  -1.55381349e-04
   3.59082864e+02  -4.77973772e-05
   3.59083352e+02   4.56045876e-04
   3.59083840e+02   1.11647847e-03
   3.59084329e+02   6.44481101e-04
   3.59084817e+02  -3.52501374e-04
   3.59085305e+02  -6.23128901e-04
   3.59085793e+02  -7.81505369e-04
   3.59086282e+02  -2.18977540e-04
   3.59086770e+02   2.73168916e-05
   3.59087258e+02  -1.06774119e-03
   3.59087746e+02  -1.67372031e-03
   3.59088235e+02  -8.36975116e-04
   3.59088723e+02   7.09647662e-04
   3.59089211e+02   1.58038863e-03
   3.59089700e+02   1.32932188e-03
   3.59090188e+02   6.72141439e-04
   3.59090676e+02  -4.61867712e-05
   3.59091164e+02  -8.83738918e-04
   3.59091653e+02  -2.26815837e-03
   3.59092141e+02  -3.86619940e-03
   3.59092629e+02  -3.15705477e-03
   3.59093118e+02  -1.75365771e-04
   3.59093606e+02   2.08411785e-03
   3.59094094e+02   2.49848678e-03
   3.59094582e+02   1.77257275e-03
   3.59095071e+02   1.01334590e-03
   3.59095559e+02   2.30007921e-04
   3.59096047e+02   2.83467147e-04
   3.59096535e+02   1.10951962e-03
   3.59097024e+02   5.24048926e-04
   3.59097512e+02  -8.08929501e-04
   3.59098000e+02  -1.10856851e-03
   3.59098489e+02  -1.31931389e-03
   3.59098977e+02  -1.74287218e-03
   3.59099465e+02  -4.44604404e-04
   3.59099953e+02   1.66824914e-03
   3.59100442e+02   1.45817990e-03
   3.59100930e+02  -6.94308430e-04
   3.59101418e+02  -1.30158244e-03
   3.59101907e+02  -4.50871245e-04
   3.59102395e+02  -6.87149120e-04
   3.59102883e+02  -8.82911030e-04
   3.59103371e+02   8.22666450e-04
   3.59103860e+02   1.29022193e-03
   3.59104348e+02  -9.95474518e-04
   3.59104836e+02  -2.50781816e-03
   3.59105325e+02  -1.92716590e-03
   3.59105813e+02  -1.16830016e-03
   3.59106301e+02  -1.42125413e-03
   3.59106789e+02  -1.44380704e-03
   3.59107278e+02   2.42364506e-04
   3.59107766e+02   2.13035638e-03
   3.59108254e+02   2.30933935e-03
   3.59108742e+02   1.54470664e-03
   3.59109231e+02   8.71005177e-04
   3.59109719e+02   1.57571514e-03
   3.59110207e+02   2.84088845e-03
   3.59110696e+02   2.21211370e-03
   3.59111184e+02   4.31213935e-04
   3.59111672e+02  -7.59658171e-04
   3.59112160e+02  -1.21528166e-03
   3.59112649e+02  -9.70799709e-04
   3.59113137e+02  -8.83537869e-04
   3.59113625e+02  -1.75273209e-03
   3.59114114e+02  -2.50029028e-03
   3.59114602e+02  -2.42627040e-03
   3.59115090e+02  -1.76307536e-03
   3.59115578e+02  -1.34419091e-03
   3.59116067e+02  -1.36220816e-03
   3.59116555e+02  -9.55027761e-04
   3.59117043e+02   1.66128928e-04
   3.59117531e+02   1.82851811e-03
   3.59118020e+02   2.85291951e-03
   3.59118508e+02   2.34039756e-03
   3.59118996e+02   1.13898423e-03
   3.59119485e+02   2.70364311e-04
   3.59119973e+02  -4.44021243e-05
   3.59120461e+02   6.16372854e-04
   3.59120949e+02   2.06964836e-03
   3.59121438e+02   2.94150645e-03
   3.59121926e+02   2.37314822e-03
   3.59122414e+02   7.14582216e-04
   3.59122903e+02  -3.83599225e-04
   3.59123391e+02   4.70841478e-04
   3.59123879e+02   1.46196282e-03
   3.59124367e+02   3.03062494e-04
   3.59124856e+02  -1.04552996e-03
   3.59125344e+02  -1.12670306e-04
   3.59125832e+02   9.65386513e-04
   3.59126321e+02   5.47443342e-04
   3.59126809e+02   2.30010322e-04
   3.59127297e+02  -6.42550644e-04
   3.59127785e+02  -1.50171039e-03
   3.59128274e+02  -5.13539766e-04
   3.59128762e+02   6.63910585e-04
   3.59129250e+02   6.47397072e-04
   3.59129738e+02   3.29704490e-04
   3.59130227e+02   6.22883672e-04
   3.59130715e+02   1.57093641e-03
   3.59131203e+02   1.80593971e-03
   3.59131692e+02   4.97217756e-04
   3.59132180e+02  -2.88012292e-04
   3.59132668e+02  -4.83581913e-04
   3.59133156e+02  -1.77196274e-03
   3.59133645e+02  -2.06797384e-03
   3.59134133e+02  -6.18543883e-04
   3.59134621e+02  -6.97494776e-04
   3.59135110e+02  -9.74621973e-04
   3.59135598e+02   6.99407519e-06
   3.59136086e+02   4.95068780e-05
   3.59136574e+02  -1.08831278e-04
   3.59137063e+02   3.81878723e-04
   3.59137551e+02   9.10408504e-04
   3.59138039e+02   2.96761864e-04
   3.59138527e+02  -1.03275024e-03
   3.59139016e+02  -6.72531372e-04
   3.59139504e+02   5.69565338e-04
   3.59139992e+02   1.85364581e-04
   3.59140481e+02  -1.40601676e-03
   3.59140969e+02  -1.61820673e-03
   3.59141457e+02  -1.05840154e-03
   3.59141945e+02  -1.48694171e-03
   3.59142434e+02  -1.75205036e-03
   3.59142922e+02  -1.29357493e-03
   3.59143410e+02  -4.02639067e-04
   3.59143899e+02   3.43714819e-05
   3.59144387e+02  -9.57506360e-04
   3.59144875e+02  -2.33577145e-03
   3.59145363e+02  -2.87290313e-03
   3.59145852e+02  -2.41046795e-03
   3.59146340e+02  -1.45589269e-03
   3.59146828e+02  -1.62268791e-03
   3.59147317e+02  -2.36995053e-03
   3.59147805e+02  -1.30205904e-03
   3.59148293e+02   6.60815916e-04
   3.59148781e+02   9.69800807e-04
   3.59149270e+02  -6.95458264e-04
   3.59149758e+02  -2.01696716e-03
   3.59150246e+02  -1.37431652e-03
   3.59150734e+02  -1.35064969e-04
   3.59151223e+02  -2.90630880e-04
   3.59151711e+02  -1.18270156e-03
   3.59152199e+02  -1.98825356e-03
   3.59152688e+02  -2.70138821e-03
   3.59153176e+02  -1.99420098e-03
   3.59153664e+02  -1.13318791e-03
   3.59154152e+02  -1.98758347e-03
   3.59154641e+02  -2.05335720e-03
   3.59155129e+02   1.61924618e-04
   3.59155617e+02   7.91923725e-04
   3.59156106e+02  -1.15948485e-03
   3.59156594e+02  -2.00053840e-03
   3.59157082e+02  -8.86174268e-04
   3.59157570e+02   1.82358694e-04
   3.59158059e+02   9.14704928e-04
   3.59158547e+02   2.89031945e-04
   3.59159035e+02  -1.10994093e-03
   3.59159523e+02  -2.90202355e-04
   3.59160012e+02   1.64078397e-03
   3.59160500e+02   1.38992502e-03
   3.59160988e+02  -5.94836078e-04
   3.59161477e+02  -1.87402789e-03
   3.59161965e+02  -2.45898170e-03
   3.59162453e+02  -3.13368696e-03
   3.59162941e+02  -2.81750760e-03
   3.59163430e+02  -1.43956824e-03
   3.59163918e+02  -3.24296823e-04
   3.59164406e+02   3.75942123e-04
   3.59164895e+02   2.01856470e-04
   3.59165383e+02  -8.66423012e-04
   3.59165871e+02  -9.27585759e-04
   3.59166359e+02   4.72269166e-04
   3.59166848e+02   1.49220845e-03
   3.59167336e+02   1.65063329e-03
   3.59167824e+02   1.05995254e-03
   3.59168313e+02   2.92551733e-04
   3.59168801e+02   9.33919044e-04
   3.59169289e+02   1.81661197e-03
   3.59169777e+02   1.64057664e-03
   3.59170266e+02   5.39724482e-04
   3.59170754e+02  -1.98149370e-04
   3.59171242e+02   1.23511627e-03
   3.59171730e+02   3.00847273e-03
   3.59172219e+02   2.72231339e-03
   3.59172707e+02   1.58024579e-03
   3.59173195e+02   1.31352525e-03
   3.59173684e+02   1.00024289e-03
   3.59174172e+02   1.41472541e-04
   3.59174660e+02   4.17632109e-04
   3.59175148e+02   1.69869862e-03
   3.59175637e+02   2.24207668e-03
   3.59176125e+02   2.35063233e-03
   3.59176613e+02   1.76759262e-03
   3.59177102e+02   4.28161671e-04
   3.59177590e+02  -6.74169205e-05
   3.59178078e+02  -3.18937964e-04
   3.59178566e+02  -1.08672085e-03
   3.59179055e+02  -1.20798696e-03
   3.59179543e+02  -2.91445438e-04
   3.59180031e+02   6.39554753e-04
   3.59180519e+02   8.69693700e-04
   3.59181008e+02   8.42343026e-04
   3.59181496e+02   5.73769968e-04
   3.59181984e+02  -1.92587013e-05
   3.59182473e+02  -2.82849098e-04
   3.59182961e+02   6.78353012e-04
   3.59183449e+02   1.98491639e-03
   3.59183937e+02   2.96522770e-03
   3.59184426e+02   3.11307167e-03
   3.59184914e+02   2.03005294e-03
   3.59185402e+02   6.34721888e-04
   3.59185891e+02  -4.60423355e-04
   3.59186379e+02  -3.72975221e-04
   3.59186867e+02   1.04825280e-03
   3.59187355e+02   2.31018756e-03
   3.59187844e+02   2.26780516e-03
   3.59188332e+02   9.44082567e-04
   3.59188820e+02  -2.38988854e-04
   3.59189309e+02  -3.98193690e-04
   3.59189797e+02  -5.94131066e-04
   3.59190285e+02  -8.15393927e-04
   3.59190773e+02  -6.89698150e-04
   3.59191262e+02  -5.07507299e-04
   3.59191750e+02  -1.97457673e-04
   3.59192238e+02   2.23318439e-05
   3.59192726e+02   8.11008562e-04
   3.59193215e+02   1.63946312e-03
   3.59193703e+02   8.16472399e-04
   3.59194191e+02  -8.81153683e-05
   3.59194680e+02   1.06773587e-04
   3.59195168e+02  -5.39065732e-05
   3.59195656e+02  -3.08461080e-04
   3.59196144e+02   7.70149054e-05
   3.59196633e+02   9.01193591e-04
   3.59197121e+02   1.43789104e-03
   3.59197609e+02   6.31047529e-04
   3.59198098e+02  -6.57473807e-04
   3.59198586e+02  -5.69240772e-04
   3.59199074e+02   8.10901169e-04
   3.59199562e+02   1.95880770e-03
   3.59200051e+02   2.80180876e-03
   3.59200539e+02   3.85214924e-03
   3.59201027e+02   3.81793594e-03
   3.59201515e+02   2.00313912e-03
   3.59202004e+02   2.21014838e-04
   3.59202492e+02  -6.80991041e-04
   3.59202980e+02  -9.14219476e-04
   3.59203469e+02  -5.30791527e-04
   3.59203957e+02   2.23587649e-05
   3.59204445e+02   5.84514113e-04
   3.59204933e+02   1.43755868e-03
   3.59205422e+02   1.58965052e-03
   3.59205910e+02   1.67268372e-04
   3.59206398e+02  -9.25866654e-04
   3.59206887e+02   1.45399426e-05
   3.59207375e+02   9.35442105e-04
   3.59207863e+02   6.26282235e-06
   3.59208351e+02  -1.55837450e-03
   3.59208840e+02  -1.61890185e-03
   3.59209328e+02   6.16278150e-04
   3.59209816e+02   2.60134158e-03
   3.59210305e+02   2.03382387e-03
   3.59210793e+02   1.09151544e-04
   3.59211281e+02  -9.45132051e-04
   3.59211769e+02  -5.15207532e-04
   3.59212258e+02  -1.47942628e-04
   3.59212746e+02  -1.00927509e-03
   3.59213234e+02  -1.93124649e-03
   3.59213722e+02  -5.88644994e-04
   3.59214211e+02   9.10089933e-04
   3.59214699e+02  -9.54458839e-04
   3.59215187e+02  -3.42880213e-03
   3.59215676e+02  -2.95152073e-03
   3.59216164e+02  -1.34762016e-03
   3.59216652e+02  -8.51829711e-04
   3.59217140e+02  -8.91509233e-04
   3.59217629e+02   3.10210417e-05
   3.59218117e+02   7.56231137e-04
   3.59218605e+02   2.50694633e-04
   3.59219094e+02   3.87619919e-04
   3.59219582e+02   1.93954667e-03
   3.59220070e+02   3.47273448e-03
   3.59220558e+02   2.97957403e-03
   3.59221047e+02   8.31145560e-04
   3.59221535e+02  -6.02878164e-04
   3.59222023e+02  -3.42050131e-04
   3.59222511e+02   5.25536307e-04
   3.59223000e+02   2.98160041e-04
   3.59223488e+02  -1.49501476e-03
   3.59223976e+02  -2.98118033e-03
   3.59224465e+02  -2.25718948e-03
   3.59224953e+02  -9.56411823e-04
   3.59225441e+02   2.51277670e-04
   3.59225929e+02   7.66412646e-04
   3.59226418e+02  -3.89112829e-05
   3.59226906e+02   3.73172748e-04
   3.59227394e+02   1.34479068e-03
   3.59227883e+02   2.68795673e-04
   3.59228371e+02  -1.39300199e-03
   3.59228859e+02  -1.10382563e-03
   3.59229347e+02   6.00693631e-04
   3.59229836e+02   1.42916827e-03
   3.59230324e+02   1.25610619e-03
   3.59230812e+02   1.35834119e-03
   3.59231301e+02   1.33866223e-03
   3.59231789e+02   7.51451007e-04
   3.59232277e+02   4.88250284e-04
   3.59232765e+02   1.11088401e-03
   3.59233254e+02   1.76988903e-03
   3.59233742e+02   9.70212976e-04
   3.59234230e+02  -3.99327437e-05
   3.59234718e+02   1.81738869e-04
   3.59235207e+02   5.55557199e-04
   3.59235695e+02   1.16263854e-03
   3.59236183e+02   1.99182564e-03
   3.59236672e+02   1.39485823e-03
   3.59237160e+02   4.61556774e-05
   3.59237648e+02   9.74228533e-05
   3.59238136e+02   1.21656375e-03
   3.59238625e+02   1.81787764e-03
   3.59239113e+02   1.46887451e-03
   3.59239601e+02   4.71115549e-04
   3.59240090e+02  -8.79256113e-04
   3.59240578e+02  -1.42876641e-03
   3.59241066e+02  -3.63186031e-04
   3.59241554e+02   1.24705944e-03
   3.59242043e+02   1.76573312e-03
   3.59242531e+02   1.52219564e-03
   3.59243019e+02   7.76752073e-04
   3.59243507e+02  -8.57852865e-04
   3.59243996e+02  -1.79056148e-03
   3.59244484e+02  -1.47776597e-03
   3.59244972e+02  -8.65587732e-04
   3.59245461e+02   9.79754768e-05
   3.59245949e+02   5.93514764e-04
   3.59246437e+02   5.06849610e-04
   3.59246925e+02   6.58613048e-04
   3.59247414e+02   1.48034072e-03
   3.59247902e+02   3.21704405e-03
   3.59248390e+02   3.72488284e-03
   3.59248879e+02   2.77723721e-03
   3.59249367e+02   2.43616267e-03
   3.59249855e+02   2.15616869e-03
   3.59250343e+02   1.35754305e-03
   3.59250832e+02   2.97301187e-04
   3.59251320e+02  -3.81583697e-04
   3.59251808e+02  -3.55879320e-06
   3.59252297e+02  -1.93963613e-04
   3.59252785e+02  -1.16650306e-03
   3.59253273e+02  -1.12920732e-03
   3.59253761e+02  -4.51222411e-04
   3.59254250e+02  -6.50262344e-04
   3.59254738e+02  -1.80263992e-03
   3.59255226e+02  -1.91845698e-03
   3.59255714e+02  -7.31035019e-04
   3.59256203e+02  -6.79589808e-04
   3.59256691e+02  -9.22933104e-04
   3.59257179e+02   2.75814993e-04
   3.59257668e+02   6.91030640e-04
   3.59258156e+02   3.06174661e-05
   3.59258644e+02   3.96331510e-04
   3.59259132e+02   7.90567428e-04
   3.59259621e+02   7.38635499e-05
   3.59260109e+02  -4.27785417e-04
   3.59260597e+02  -3.25304252e-04
   3.59261086e+02  -6.67706016e-04
   3.59261574e+02  -1.90061843e-03
   3.59262062e+02  -2.37255404e-03
   3.59262550e+02  -1.81985251e-03
   3.59263039e+02  -1.81222463e-03
   3.59263527e+02  -1.41617632e-03
   3.59264015e+02  -4.58666065e-04
   3.59264503e+02  -3.06826725e-04
   3.59264992e+02  -5.41727175e-04
   3.59265480e+02   7.14782436e-05
   3.59265968e+02   6.04291155e-04
   3.59266457e+02   5.81233995e-04
   3.59266945e+02   1.69793505e-03
   3.59267433e+02   2.31789332e-03
   3.59267921e+02   7.74159504e-04
   3.59268410e+02   3.83347535e-04
   3.59268898e+02   9.50054557e-04
   3.59269386e+02   6.91113237e-04
   3.59269875e+02   8.89454444e-04
   3.59270363e+02   1.07189512e-03
   3.59270851e+02   1.90824081e-04
   3.59271339e+02  -1.28003280e-03
   3.59271828e+02  -2.11562286e-03
   3.59272316e+02  -2.63844221e-03
   3.59272804e+02  -1.84064987e-03
   3.59273293e+02   5.41816931e-04
   3.59273781e+02   2.09888932e-03
   3.59274269e+02   1.10453053e-03
   3.59274757e+02  -1.11515378e-03
   3.59275246e+02  -2.45338306e-03
   3.59275734e+02  -1.73790322e-03
   3.59276222e+02   2.42307564e-04
   3.59276710e+02   2.35008207e-04
   3.59277199e+02  -1.48847001e-03
   3.59277687e+02  -1.99821289e-03
   3.59278175e+02  -1.88578991e-03
   3.59278664e+02  -1.92582898e-03
   3.59279152e+02  -1.47559296e-03
   3.59279640e+02  -1.28785404e-03
   3.59280128e+02  -1.51471712e-03
   3.59280617e+02  -9.32248193e-04
   3.59281105e+02   1.43890589e-04
   3.59281593e+02   1.09000457e-03
   3.59282082e+02   1.93234195e-03
   3.59282570e+02   2.06578290e-03
   3.59283058e+02   2.06998643e-03
   3.59283546e+02   2.68996693e-03
   3.59284035e+02   1.95662840e-03
   3.59284523e+02  -6.34080963e-04
   3.59285011e+02  -1.45149929e-03
   3.59285499e+02  -2.82869063e-04
   3.59285988e+02  -4.59076138e-04
   3.59286476e+02  -2.05328851e-03
   3.59286964e+02  -3.16334050e-03
   3.59287453e+02  -2.48897867e-03
   3.59287941e+02  -5.84102818e-04
   3.59288429e+02   5.33534330e-05
   3.59288917e+02  -3.01389315e-04
   3.59289406e+02   7.10079767e-05
   3.59289894e+02   4.74597182e-04
   3.59290382e+02   7.81780342e-04
   3.59290871e+02   1.02081907e-03
   3.59291359e+02   7.39021518e-04
   3.59291847e+02   4.69382183e-04
   3.59292335e+02   8.91182281e-04
   3.59292824e+02   1.34926126e-03
   3.59293312e+02   1.25314400e-03
   3.59293800e+02   1.11271371e-03
   3.59294289e+02   1.40614365e-03
   3.59294777e+02   1.80297950e-03
   3.59295265e+02   2.03331350e-03
   3.59295753e+02   1.96310994e-03
   3.59296242e+02   1.22607895e-03
   3.59296730e+02   1.91392246e-04
   3.59297218e+02  -3.89732944e-04
   3.59297706e+02  -5.36877604e-04
   3.59298195e+02  -7.95465545e-04
   3.59298683e+02  -6.30562659e-04
   3.59299171e+02  -8.17048596e-04
   3.59299660e+02  -2.53870897e-03
   3.59300148e+02  -3.43293627e-03
   3.59300636e+02  -2.80652591e-03
   3.59301124e+02  -2.33466760e-03
   3.59301613e+02  -1.20232871e-03
   3.59302101e+02   7.31376291e-04
   3.59302589e+02   1.57308718e-03
   3.59303078e+02   1.30098721e-03
   3.59303566e+02   5.60740998e-04
   3.59304054e+02  -8.37817439e-04
   3.59304542e+02  -2.11376254e-03
   3.59305031e+02  -2.23686476e-03
   3.59305519e+02  -1.41918985e-03
   3.59306007e+02  -1.94771012e-04
   3.59306495e+02   6.24615874e-04
   3.59306984e+02   8.82986758e-04
   3.59307472e+02   7.36975635e-04
   3.59307960e+02   7.80303555e-04
   3.59308449e+02   1.71172235e-03
   3.59308937e+02   1.61578879e-03
   3.59309425e+02   6.31768024e-04
   3.59309913e+02   8.97154910e-04
   3.59310402e+02   1.14625716e-03
   3.59310890e+02  -3.81915772e-04
   3.59311378e+02  -2.51839333e-03
   3.59311867e+02  -2.09652213e-03
   3.59312355e+02  -7.01506588e-06
   3.59312843e+02   1.01379503e-03
   3.59313331e+02   1.07759167e-03
   3.59313820e+02   5.97740524e-04
   3.59314308e+02   1.29670851e-04
   3.59314796e+02  -3.28076894e-05
   3.59315285e+02  -4.34205314e-04
   3.59315773e+02  -1.14976603e-03
   3.59316261e+02  -1.03032566e-03
   3.59316749e+02   4.43332887e-04
   3.59317238e+02   1.30481727e-03
   3.59317726e+02  -5.52138408e-05
   3.59318214e+02  -1.63502921e-03
   3.59318702e+02  -1.74128439e-03
   3.59319191e+02  -1.38547854e-03
   3.59319679e+02  -1.33418816e-03
   3.59320167e+02  -1.08223676e-03
   3.59320656e+02   7.97416724e-05
   3.59321144e+02   7.04782782e-04
   3.59321632e+02  -3.31157440e-04
   3.59322120e+02  -9.70083522e-04
   3.59322609e+02  -5.10626356e-04
   3.59323097e+02   3.86132248e-04
   3.59323585e+02   1.26968697e-03
   3.59324074e+02   4.85326455e-04
   3.59324562e+02  -1.28917722e-03
   3.59325050e+02  -1.47739134e-03
   3.59325538e+02  -4.67357488e-04
   3.59326027e+02   9.05647059e-04
   3.59326515e+02   1.47263438e-03
   3.59327003e+02   3.10935575e-04
   3.59327491e+02  -7.14167254e-04
   3.59327980e+02  -4.89520142e-04
   3.59328468e+02  -5.80297434e-04
   3.59328956e+02  -8.07595905e-04
   3.59329445e+02  -6.47880312e-04
   3.59329933e+02  -2.36531356e-04
   3.59330421e+02  -2.59143446e-04
   3.59330909e+02  -4.23793826e-04
   3.59331398e+02  -4.94668784e-04
   3.59331886e+02  -7.18713622e-04
   3.59332374e+02  -1.22134958e-03
   3.59332863e+02  -1.76468119e-03
   3.59333351e+02  -1.44480192e-03
   3.59333839e+02  -8.46314069e-04
   3.59334327e+02  -1.42324867e-03
   3.59334816e+02  -2.70865392e-03
   3.59335304e+02  -3.21573275e-03
   3.59335792e+02  -2.19597132e-03
   3.59336281e+02  -1.01878738e-03
   3.59336769e+02  -7.17642077e-04
   3.59337257e+02  -5.56395447e-04
   3.59337745e+02   1.27314474e-04
   3.59338234e+02   9.87984589e-04
   3.59338722e+02   1.01088046e-03
   3.59339210e+02   2.33097715e-04
   3.59339698e+02  -5.32763661e-04
   3.59340187e+02  -8.85355636e-04
   3.59340675e+02  -8.54991376e-04
   3.59341163e+02  -6.06251182e-04
   3.59341652e+02  -4.64856683e-04
   3.59342140e+02  -1.11288519e-03
   3.59342628e+02  -1.60930934e-03
   3.59343116e+02  -4.70898580e-04
   3.59343605e+02   7.77556794e-04
   3.59344093e+02   5.90894022e-04
   3.59344581e+02   4.28264408e-04
   3.59345070e+02   1.00725319e-03
   3.59345558e+02   1.92702643e-03
   3.59346046e+02   2.82198447e-03
   3.59346534e+02   3.14012938e-03
   3.59347023e+02   2.72107520e-03
   3.59347511e+02   2.14948156e-03
   3.59347999e+02   1.29684294e-03
   3.59348487e+02   2.50068872e-04
   3.59348976e+02   7.72497209e-04
   3.59349464e+02   2.06726976e-03
   3.59349952e+02   1.30781275e-03
   3.59350441e+02  -5.00893802e-04
   3.59350929e+02  -1.82920881e-03
   3.59351417e+02  -1.93756993e-03
   3.59351905e+02  -1.15884480e-03
   3.59352394e+02  -4.21496166e-04
   3.59352882e+02  -3.40001425e-05
   3.59353370e+02  -5.35841973e-04
   3.59353859e+02  -1.00028026e-03
   3.59354347e+02  -3.31881456e-04
   3.59354835e+02   6.27577014e-04
   3.59355323e+02   7.87215191e-04
   3.59355812e+02  -2.01134957e-04
   3.59356300e+02  -1.80160825e-03
   3.59356788e+02  -2.50514480e-03
   3.59357277e+02  -1.68026262e-03
   3.59357765e+02  -7.13037909e-04
   3.59358253e+02  -5.58610831e-04
   3.59358741e+02  -4.10794630e-04
   3.59359230e+02   3.94645263e-04
   3.59359718e+02   1.49282301e-03
   3.59360206e+02   1.17779465e-03
   3.59360694e+02  -1.32267084e-03
   3.59361183e+02  -2.97409575e-03
   3.59361671e+02  -2.76535028e-03
   3.59362159e+02  -2.12830841e-03
   3.59362648e+02  -1.20114710e-03
   3.59363136e+02  -5.25129319e-04
   3.59363624e+02  -4.24542552e-04
   3.59364112e+02  -9.72902344e-04
   3.59364601e+02  -1.25437032e-03
   3.59365089e+02  -7.88575795e-04
   3.59365577e+02  -9.22835898e-04
   3.59366066e+02  -1.03490450e-03
   3.59366554e+02  -9.78260068e-04
   3.59367042e+02  -1.72639580e-03
   3.59367530e+02  -2.40100943e-03
   3.59368019e+02  -2.24322104e-03
   3.59368507e+02  -1.01256953e-03
   3.59368995e+02   5.62882808e-04
   3.59369483e+02   1.55675877e-03
   3.59369972e+02   1.86309789e-03
   3.59370460e+02   1.40906218e-03
   3.59370948e+02   3.92046961e-04
   3.59371437e+02  -7.14860042e-04
   3.59371925e+02  -1.11210253e-03
   3.59372413e+02  -8.53178964e-04
   3.59372901e+02  -1.40417513e-04
   3.59373390e+02   5.50579221e-04
   3.59373878e+02   6.34225202e-04
   3.59374366e+02   1.26473990e-03
   3.59374855e+02   1.78710464e-03
   3.59375343e+02   8.81702756e-04
   3.59375831e+02  -1.86034267e-05
   3.59376319e+02   1.12580415e-03
   3.59376808e+02   3.28409951e-03
   3.59377296e+02   3.82200815e-03
   3.59377784e+02   2.64336192e-03
   3.59378273e+02   9.54728224e-04
   3.59378761e+02   3.61060025e-04
   3.59379249e+02   8.87114438e-04
   3.59379737e+02   5.26726290e-05
   3.59380226e+02  -2.07920768e-03
   3.59380714e+02  -1.99197698e-03
   3.59381202e+02  -2.44334689e-04
   3.59381690e+02  -1.62265002e-04
   3.59382179e+02  -8.94420955e-04
   3.59382667e+02  -6.37987512e-04
   3.59383155e+02  -1.22803589e-03
   3.59383644e+02  -3.02127702e-03
   3.59384132e+02  -2.72143655e-03
   3.59384620e+02  -3.28398775e-04
   3.59385108e+02   1.31646066e-03
   3.59385597e+02   1.65629981e-03
   3.59386085e+02   1.86012965e-03
   3.59386573e+02   2.02027382e-03
   3.59387062e+02   1.38756156e-03
   3.59387550e+02   1.08833337e-04
   3.59388038e+02  -7.65042438e-04
   3.59388526e+02  -1.63721546e-04
   3.59389015e+02   8.53878795e-04
   3.59389503e+02   8.60498054e-04
   3.59389991e+02  -4.38625924e-04
   3.59390479e+02  -3.57152254e-04
   3.59390968e+02   1.54121150e-03
   3.59391456e+02   2.44254107e-03
   3.59391944e+02   1.80669653e-03
   3.59392433e+02   6.55104304e-05
   3.59392921e+02  -1.44398131e-03
   3.59393409e+02  -9.73454036e-04
   3.59393897e+02   7.46493286e-04
   3.59394386e+02   2.41326401e-03
   3.59394874e+02   3.13673308e-03
   3.59395362e+02   2.30032159e-03
   3.59395851e+02   8.97000282e-05
   3.59396339e+02  -2.49289325e-03
   3.59396827e+02  -2.98865093e-03
   3.59397315e+02  -1.43287110e-03
   3.59397804e+02  -6.79459772e-04
   3.59398292e+02  -1.36363460e-03
   3.59398780e+02  -2.25989218e-03
   3.59399269e+02  -2.66521494e-03
   3.59399757e+02  -2.93741352e-03
   3.59400245e+02  -1.14715262e-03
   3.59400733e+02   2.03310256e-03
   3.59401222e+02   2.31253961e-03
   3.59401710e+02   1.30315789e-03
   3.59402198e+02   1.48369698e-03
   3.59402686e+02   8.25929979e-04
   3.59403175e+02  -1.18005241e-03
   3.59403663e+02  -2.70314422e-03
   3.59404151e+02  -3.01131001e-03
   3.59404640e+02  -2.03770516e-03
   3.59405128e+02  -1.70246683e-04
   3.59405616e+02   8.43303686e-04
   3.59406104e+02   1.89468083e-05
   3.59406593e+02  -1.57494296e-03
   3.59407081e+02  -1.96394208e-03
   3.59407569e+02  -1.00313511e-03
   3.59408058e+02  -5.87354589e-04
   3.59408546e+02  -9.98615171e-04
   3.59409034e+02  -5.23517840e-04
   3.59409522e+02   7.45673140e-04
   3.59410011e+02   4.63610952e-04
   3.59410499e+02  -7.00889272e-04
   3.59410987e+02  -5.71261917e-04
   3.59411475e+02  -1.45604645e-04
   3.59411964e+02  -3.88644170e-04
   3.59412452e+02  -7.24739511e-04
   3.59412940e+02   4.00028453e-04
   3.59413429e+02   2.23304518e-03
   3.59413917e+02   2.26947106e-03
   3.59414405e+02   1.04009325e-03
   3.59414893e+02  -4.92587802e-04
   3.59415382e+02  -1.34231045e-03
   3.59415870e+02  -6.10053772e-04
   3.59416358e+02   9.22120293e-04
   3.59416847e+02   2.00437033e-03
   3.59417335e+02   1.48543424e-03
   3.59417823e+02  -1.82463613e-04
   3.59418311e+02  -6.84121333e-04
   3.59418800e+02  -2.55607592e-04
   3.59419288e+02  -1.53248533e-04
   3.59419776e+02  -1.52913170e-04
   3.59420265e+02  -1.18751498e-03
   3.59420753e+02  -2.70496425e-03
   3.59421241e+02  -2.45025638e-03
   3.59421729e+02  -1.34495203e-03
   3.59422218e+02  -1.28261687e-03
   3.59422706e+02  -1.55395945e-03
   3.59423194e+02  -6.57359720e-04
   3.59423682e+02   9.19757062e-04
   3.59424171e+02   1.63158460e-03
   3.59424659e+02   1.18860276e-03
   3.59425147e+02   6.37896068e-04
   3.59425636e+02   6.39367063e-05
   3.59426124e+02  -8.12353042e-04
   3.59426612e+02  -7.00634148e-04
   3.59427100e+02  -1.32895904e-04
   3.59427589e+02  -2.16889443e-04
   3.59428077e+02  -4.06854320e-04
   3.59428565e+02  -5.53805556e-04
   3.59429054e+02  -5.86707785e-04
   3.59429542e+02  -7.12079636e-04
   3.59430030e+02  -1.10664486e-03
   3.59430518e+02  -1.06969394e-03
   3.59431007e+02  -8.54853715e-04
   3.59431495e+02  -8.46566982e-04
   3.59431983e+02  -1.39447788e-04
   3.59432471e+02   7.15283895e-05
   3.59432960e+02  -1.95189277e-04
   3.59433448e+02   9.34920507e-04
   3.59433936e+02   1.30380108e-03
   3.59434425e+02  -3.53426178e-04
   3.59434913e+02  -8.43551592e-04
   3.59435401e+02   7.12301815e-04
   3.59435889e+02   2.25019408e-03
   3.59436378e+02   2.75588105e-03
   3.59436866e+02   2.40417034e-03
   3.59437354e+02   1.76132668e-03
   3.59437843e+02   5.39176981e-04
   3.59438331e+02  -5.76169405e-04
   3.59438819e+02   2.60853849e-04
   3.59439307e+02   1.92337343e-03
   3.59439796e+02   2.07062461e-03
   3.59440284e+02   1.82322541e-03
   3.59440772e+02   2.21814727e-03
   3.59441261e+02   2.18728278e-03
   3.59441749e+02   1.43143395e-03
   3.59442237e+02  -2.03717893e-04
   3.59442725e+02  -1.84017362e-03
   3.59443214e+02  -2.16604234e-03
   3.59443702e+02  -2.17991695e-03
   3.59444190e+02  -2.04322906e-03
   3.59444678e+02  -8.74274818e-04
   3.59445167e+02  -2.64774542e-04
   3.59445655e+02  -1.51282793e-03
   3.59446143e+02  -2.70845788e-03
   3.59446632e+02  -1.82170654e-03
   3.59447120e+02   1.02493749e-03
   3.59447608e+02   2.90242629e-03
   3.59448096e+02   1.33563322e-03
   3.59448585e+02  -8.30707373e-04
   3.59449073e+02  -1.10326079e-03
   3.59449561e+02  -2.11574923e-04
   3.59450050e+02   2.50682846e-04
   3.59450538e+02  -3.09648865e-04
   3.59451026e+02  -1.56351412e-03
   3.59451514e+02  -2.90124095e-03
   3.59452003e+02  -3.96025926e-03
   3.59452491e+02  -3.90417641e-03
   3.59452979e+02  -2.63452833e-03
   3.59453467e+02  -1.24437141e-03
   3.59453956e+02   3.01626151e-05
   3.59454444e+02   3.87853943e-04
   3.59454932e+02  -1.00694771e-03
   3.59455421e+02  -1.79740123e-03
   3.59455909e+02  -4.68907296e-04
   3.59456397e+02   1.05287298e-03
   3.59456885e+02   9.37162607e-04
   3.59457374e+02   1.92953012e-04
   3.59457862e+02  -4.00382778e-05
   3.59458350e+02   4.39065880e-05
   3.59458839e+02   4.93719766e-04
   3.59459327e+02   1.25476241e-03
   3.59459815e+02   1.31551363e-03
   3.59460303e+02   7.58715556e-04
   3.59460792e+02   1.13930472e-03
   3.59461280e+02   1.96184753e-03
   3.59461768e+02   2.00718152e-03
   3.59462257e+02   1.30551669e-03
   3.59462745e+02  -8.77169441e-05
   3.59463233e+02  -1.96052110e-03
   3.59463721e+02  -3.41212214e-03
   3.59464210e+02  -3.30284354e-03
   3.59464698e+02  -1.94254541e-03
   3.59465186e+02  -7.15262664e-04
   3.59465674e+02  -7.95219559e-04
   3.59466163e+02  -1.82245055e-03
   3.59466651e+02  -2.49950192e-03
   3.59467139e+02  -2.12683599e-03
   3.59467628e+02  -1.64474919e-03
   3.59468116e+02  -1.11911271e-03
   3.59468604e+02  -2.52341502e-04
   3.59469092e+02   7.07258732e-05
   3.59469581e+02   9.81408055e-04
   3.59470069e+02   2.40472495e-03
   3.59470557e+02   2.44548451e-03
   3.59471046e+02   1.32876285e-03
   3.59471534e+02   3.83730396e-04
   3.59472022e+02  -5.24458359e-04
   3.59472510e+02  -1.53474614e-03
   3.59472999e+02  -1.46888627e-03
   3.59473487e+02  -6.73970731e-04
   3.59473975e+02  -1.36053551e-03
   3.59474463e+02  -2.73535191e-03
   3.59474952e+02  -1.93653919e-03
   3.59475440e+02  -1.76792586e-04
   3.59475928e+02   2.67736978e-05
   3.59476417e+02   6.60079822e-04
   3.59476905e+02   1.84475956e-03
   3.59477393e+02   1.57818710e-03
   3.59477881e+02   2.01155385e-03
   3.59478370e+02   3.74252163e-03
   3.59478858e+02   3.87994107e-03
   3.59479346e+02   2.50922656e-03
   3.59479835e+02   1.19297951e-03
   3.59480323e+02   4.00524732e-04
   3.59480811e+02   2.10362879e-04
   3.59481299e+02   2.56706873e-04
   3.59481788e+02   3.11570679e-04
   3.59482276e+02   6.44264219e-05
   3.59482764e+02  -8.14703759e-04
   3.59483253e+02  -2.32058926e-03
   3.59483741e+02  -2.76721129e-03
   3.59484229e+02  -1.74538465e-03
   3.59484717e+02  -7.06531166e-04
   3.59485206e+02  -2.61570152e-04
   3.59485694e+02   2.11134175e-04
   3.59486182e+02   1.07333006e-03
   3.59486670e+02   6.86431071e-04
   3.59487159e+02  -7.11054076e-04
   3.59487647e+02  -1.01020199e-03
   3.59488135e+02  -1.14422676e-03
   3.59488624e+02  -1.33369770e-03
   3.59489112e+02   1.64802725e-04
   3.59489600e+02   1.81194511e-03
   3.59490088e+02   1.23041763e-03
   3.59490577e+02   9.15534474e-05
   3.59491065e+02   8.77872590e-05
   3.59491553e+02   7.20314449e-04
   3.59492042e+02   1.66226388e-03
   3.59492530e+02   2.09387182e-03
   3.59493018e+02   1.54843414e-03
   3.59493506e+02   1.33719703e-03
   3.59493995e+02   1.72798254e-03
   3.59494483e+02   1.34895300e-03
   3.59494971e+02   4.60240815e-04
   3.59495459e+02   2.86351395e-04
   3.59495948e+02   5.46825584e-04
   3.59496436e+02   5.57227409e-04
   3.59496924e+02   2.94989179e-04
   3.59497413e+02   3.34588316e-04
   3.59497901e+02   4.20621975e-04
   3.59498389e+02   5.90290932e-04
   3.59498877e+02   1.31369231e-03
   3.59499366e+02   1.79715385e-03
   3.59499854e+02   1.40008517e-03
   3.59500342e+02   9.89218359e-04
   3.59500831e+02   1.47037499e-03
   3.59501319e+02   2.72925245e-03
   3.59501807e+02   3.95012507e-03
   3.59502295e+02   3.15704709e-03
   3.59502784e+02   5.68833959e-04
   3.59503272e+02  -1.29974168e-03
   3.59503760e+02  -2.25668564e-03
   3.59504249e+02  -2.85268761e-03
   3.59504737e+02  -2.85499683e-03
   3.59505225e+02  -1.99804478e-03
   3.59505713e+02  -1.33816758e-03
   3.59506202e+02  -1.24353578e-03
   3.59506690e+02  -1.71366322e-03
   3.59507178e+02  -9.71121597e-04
   3.59507666e+02   4.79100709e-04
   3.59508155e+02   6.99551660e-04
   3.59508643e+02   6.07831054e-04
   3.59509131e+02   1.14537112e-03
   3.59509620e+02   6.63985847e-04
   3.59510108e+02  -8.58256884e-04
   3.59510596e+02  -1.07662554e-03
   3.59511084e+02  -1.48505205e-04
   3.59511573e+02  -7.54076027e-05
   3.59512061e+02  -1.86236211e-05
   3.59512549e+02   1.44160155e-03
   3.59513038e+02   2.60719541e-03
   3.59513526e+02   1.41984376e-03
   3.59514014e+02  -2.70773744e-04
   3.59514502e+02  -4.60209703e-04
   3.59514991e+02  -6.45137217e-04
   3.59515479e+02  -2.16052146e-03
   3.59515967e+02  -4.73006209e-03
   3.59516455e+02  -5.02462592e-03
   3.59516944e+02  -2.74593476e-03
   3.59517432e+02  -9.35001590e-04
   3.59517920e+02   3.49084585e-04
   3.59518409e+02   9.02196800e-04
   3.59518897e+02  -9.68898821e-04
   3.59519385e+02  -3.48536903e-03
   3.59519873e+02  -2.85519031e-03
   3.59520362e+02  -2.00875205e-04
   3.59520850e+02   1.38355524e-03
   3.59521338e+02   1.48995465e-03
   3.59521827e+02   4.62869793e-04
   3.59522315e+02  -4.85975441e-04
   3.59522803e+02  -7.31498061e-04
   3.59523291e+02  -1.01761136e-03
   3.59523780e+02  -6.73274859e-04
   3.59524268e+02  -3.01133899e-04
   3.59524756e+02  -1.12807821e-03
   3.59525245e+02  -1.18031807e-03
   3.59525733e+02   2.87580013e-04
   3.59526221e+02   9.82894911e-04
   3.59526709e+02  -1.29451670e-04
   3.59527198e+02  -1.74945768e-03
   3.59527686e+02  -1.93462241e-03
   3.59528174e+02   1.46534017e-04
   3.59528662e+02   2.20244005e-03
   3.59529151e+02   1.81883841e-03
   3.59529639e+02   4.22549638e-05
   3.59530127e+02  -1.00602512e-03
   3.59530616e+02  -2.05697856e-04
   3.59531104e+02   9.67838743e-04
   3.59531592e+02   7.75063643e-04
   3.59532080e+02   5.57859777e-04
   3.59532569e+02   1.47515675e-05
   3.59533057e+02  -1.21507293e-03
   3.59533545e+02  -9.48705652e-04
   3.59534034e+02  -5.87424984e-05
   3.59534522e+02  -1.78370956e-05
   3.59535010e+02  -1.03232072e-04
   3.59535498e+02  -2.18441230e-04
   3.59535987e+02  -5.95461635e-04
   3.59536475e+02  -1.03859231e-03
   3.59536963e+02  -8.99033912e-04
   3.59537451e+02   1.82968273e-04
   3.59537940e+02   1.45949330e-03
   3.59538428e+02   2.33481126e-03
   3.59538916e+02   2.39330460e-03
   3.59539405e+02   1.16764067e-03
   3.59539893e+02  -4.77863709e-04
   3.59540381e+02  -1.28648337e-03
   3.59540869e+02  -7.90618535e-04
   3.59541358e+02   3.16333695e-04
   3.59541846e+02   1.24447921e-03
   3.59542334e+02   1.89797941e-03
   3.59542823e+02   1.84996892e-03
   3.59543311e+02   5.89341333e-04
   3.59543799e+02  -7.35230860e-04
   3.59544287e+02  -1.01103878e-03
   3.59544776e+02  -8.76090256e-04
   3.59545264e+02  -1.87709171e-03
   3.59545752e+02  -3.35589703e-03
   3.59546241e+02  -2.85380473e-03
   3.59546729e+02  -1.73826120e-03
   3.59547217e+02  -1.83631410e-03
   3.59547705e+02  -1.92183442e-03
   3.59548194e+02  -1.42218894e-03
   3.59548682e+02  -7.08506443e-04
   3.59549170e+02  -3.34249169e-04
   3.59549658e+02  -6.03912224e-04
   3.59550147e+02  -7.51812709e-04
   3.59550635e+02  -9.98483956e-05
   3.59551123e+02   6.61038648e-05
   3.59551612e+02  -2.20399175e-04
   3.59552100e+02  -1.62817072e-04
   3.59552588e+02  -4.35102702e-04
   3.59553076e+02  -3.91941256e-04
   3.59553565e+02   8.06260738e-04
   3.59554053e+02   2.13258318e-03
   3.59554541e+02   1.93605735e-03
   3.59555030e+02   3.04032321e-04
   3.59555518e+02  -1.13880052e-03
   3.59556006e+02  -2.06678081e-03
   3.59556494e+02  -1.94234366e-03
   3.59556983e+02  -1.05180239e-04
   3.59557471e+02   1.77108240e-03
   3.59557959e+02   1.70477119e-03
   3.59558447e+02   2.94220110e-04
   3.59558936e+02  -9.91330249e-04
   3.59559424e+02  -1.08143513e-03
   3.59559912e+02  -2.56828207e-04
   3.59560401e+02   7.91848404e-04
   3.59560889e+02   1.48348534e-03
   3.59561377e+02   1.32462627e-03
   3.59561865e+02   7.85398297e-04
   3.59562354e+02   1.78999355e-04
   3.59562842e+02  -3.79001984e-04
   3.59563330e+02   6.38700207e-04
   3.59563819e+02   2.34265253e-03
   3.59564307e+02   1.43993739e-03
   3.59564795e+02  -3.41254099e-06
   3.59565283e+02  -1.69115490e-04
   3.59565772e+02   2.38573295e-04
   3.59566260e+02   8.72456294e-04
   3.59566748e+02   4.74948785e-04
   3.59567237e+02   1.09276276e-04
   3.59567725e+02   1.08907372e-03
   3.59568213e+02   1.51892600e-03
   3.59568701e+02   1.02244073e-03
   3.59569190e+02   8.08335200e-04
   3.59569678e+02   7.38910167e-05
   3.59570166e+02  -7.89032434e-04
   3.59570654e+02  -8.95492441e-04
   3.59571143e+02  -1.43110938e-03
   3.59571631e+02  -1.25770166e-03
   3.59572119e+02   4.43472061e-04
   3.59572608e+02   1.88318477e-03
   3.59573096e+02   2.44922307e-03
   3.59573584e+02   2.43419828e-03
   3.59574072e+02   2.26311432e-03
   3.59574561e+02   1.86014944e-03
   3.59575049e+02   7.30851956e-04
   3.59575537e+02   3.55605851e-04
   3.59576026e+02   1.26484374e-03
   3.59576514e+02   2.20558210e-03
   3.59577002e+02   2.74183811e-03
   3.59577490e+02   2.02855631e-03
   3.59577979e+02   1.96763562e-04
   3.59578467e+02  -7.76096771e-04
   3.59578955e+02  -5.25861513e-04
   3.59579443e+02  -1.21736966e-05
   3.59579932e+02  -1.85418230e-05
   3.59580420e+02  -2.59327033e-04
   3.59580908e+02   1.17571471e-05
   3.59581397e+02   5.76139777e-04
   3.59581885e+02  -2.57010164e-04
   3.59582373e+02  -1.63723098e-03
   3.59582861e+02  -7.02897843e-04
   3.59583350e+02   1.48142700e-03
   3.59583838e+02   9.69609770e-04
   3.59584326e+02  -1.35544210e-03
   3.59584815e+02  -1.73130375e-03
   3.59585303e+02  -9.39808495e-04
   3.59585791e+02  -3.44759785e-04
   3.59586279e+02   6.99733268e-04
   3.59586768e+02   1.36669632e-03
   3.59587256e+02   8.71738826e-04
   3.59587744e+02   1.38906908e-05
   3.59588233e+02  -5.97076199e-04
   3.59588721e+02  -7.07537809e-04
   3.59589209e+02  -1.03839950e-04
   3.59589697e+02   5.45747520e-04
   3.59590186e+02  -3.04394071e-05
   3.59590674e+02  -1.28834904e-03
   3.59591162e+02  -1.60668034e-03
   3.59591650e+02  -1.53213425e-03
   3.59592139e+02  -1.35251007e-03
   3.59592627e+02  -3.47999361e-04
   3.59593115e+02   6.52157294e-04
   3.59593604e+02   8.43376678e-04
   3.59594092e+02   1.07118169e-04
   3.59594580e+02  -5.72244287e-04
   3.59595068e+02  -3.15893412e-04
   3.59595557e+02   7.51948741e-04
   3.59596045e+02   1.03015930e-03
   3.59596533e+02  -2.89098301e-04
   3.59597022e+02  -1.07027101e-03
   3.59597510e+02  -2.52866128e-04
   3.59597998e+02   1.44066526e-05
   3.59598486e+02  -1.71158952e-03
   3.59598975e+02  -3.75427934e-03
   3.59599463e+02  -4.28994140e-03
   3.59599951e+02  -3.31832631e-03
   3.59600439e+02  -1.45335891e-03
   3.59600928e+02   6.41984225e-04
   3.59601416e+02   8.25003721e-04
   3.59601904e+02  -4.09954606e-04
   3.59602393e+02  -1.47467683e-04
   3.59602881e+02   9.26720386e-04
   3.59603369e+02   8.04844021e-04
   3.59603857e+02   1.32178771e-04
   3.59604346e+02  -5.16139262e-04
   3.59604834e+02  -9.99429845e-04
   3.59605322e+02  -1.40364550e-03
   3.59605811e+02  -6.95311348e-04
   3.59606299e+02   1.16160524e-03
   3.59606787e+02   1.51982822e-03
   3.59607275e+02   8.58217361e-04
   3.59607764e+02  -5.27018623e-04
   3.59608252e+02  -3.74252093e-03
   3.59608740e+02  -6.01713173e-03
   3.59609229e+02  -4.35674749e-03
   3.59609717e+02  -7.64326542e-04
   3.59610205e+02   6.93684502e-04
   3.59610693e+02  -1.76915157e-04
   3.59611182e+02  -5.18047600e-04
   3.59611670e+02   2.61507579e-04
   3.59612158e+02   1.35116256e-03
   3.59612646e+02   2.39385734e-03
   3.59613135e+02   2.16679485e-03
   3.59613623e+02   6.87947439e-04
   3.59614111e+02   5.63337002e-04
   3.59614600e+02   1.78264535e-03
   3.59615088e+02   1.17040670e-03
   3.59615576e+02  -4.13011643e-04
   3.59616064e+02  -4.88672464e-04
   3.59616553e+02  -4.63813980e-04
   3.59617041e+02  -6.98158867e-04
   3.59617529e+02  -1.11134403e-04
   3.59618018e+02   7.82753632e-04
   3.59618506e+02   1.16294925e-03
   3.59618994e+02  -1.18528937e-04
   3.59619482e+02  -1.37649907e-03
   3.59619971e+02  -1.29598984e-03
   3.59620459e+02  -1.01686048e-03
   3.59620947e+02  -6.68266497e-04
   3.59621435e+02  -5.69948694e-04
   3.59621924e+02  -8.09667748e-04
   3.59622412e+02  -1.67251821e-03
   3.59622900e+02  -2.98704719e-03
   3.59623389e+02  -3.24369245e-03
   3.59623877e+02  -1.01851311e-03
   3.59624365e+02   9.45672451e-04
   3.59624853e+02  -5.64275542e-04
   3.59625342e+02  -3.54134571e-03
   3.59625830e+02  -3.15993745e-03
   3.59626318e+02   2.98676459e-04
   3.59626807e+02   2.54911836e-03
   3.59627295e+02   2.91234558e-03
   3.59627783e+02   1.93763140e-03
   3.59628271e+02  -2.75141851e-04
   3.59628760e+02  -1.47256115e-03
   3.59629248e+02   5.65066934e-04
   3.59629736e+02   3.05269356e-03
   3.59630225e+02   3.59657849e-03
   3.59630713e+02   3.64038255e-03
   3.59631201e+02   2.14903709e-03
   3.59631689e+02  -1.06137583e-03
   3.59632178e+02  -1.48256018e-03
   3.59632666e+02   8.68747476e-04
   3.59633154e+02   1.97596825e-03
   3.59633642e+02   2.05098954e-03
   3.59634131e+02   1.45445380e-03
   3.59634619e+02  -6.65265485e-04
   3.59635107e+02  -2.17558537e-03
   3.59635596e+02  -1.75912608e-03
   3.59636084e+02  -1.48300745e-03
   3.59636572e+02  -2.78828968e-03
   3.59637060e+02  -3.53827933e-03
   3.59637549e+02  -2.60279514e-03
   3.59638037e+02  -1.45171711e-04
   3.59638525e+02   2.62859697e-03
   3.59639014e+02   1.92650908e-03
   3.59639502e+02  -1.76324358e-03
   3.59639990e+02  -4.17870702e-03
   3.59640478e+02  -3.58256465e-03
   3.59640967e+02  -1.43230869e-03
   3.59641455e+02   8.25661933e-04
   3.59641943e+02   2.27856403e-03
   3.59642431e+02   2.41049356e-03
   3.59642920e+02   1.33526511e-03
   3.59643408e+02   3.76175129e-04
   3.59643896e+02   4.83133597e-04
   3.59644385e+02   5.77267085e-04
   3.59644873e+02   1.68908664e-04
   3.59645361e+02   1.00435840e-03
   3.59645849e+02   2.24449602e-03
   3.59646338e+02   1.75316294e-03
   3.59646826e+02   1.10952964e-03
   3.59647314e+02   1.51823298e-03
   3.59647803e+02   3.99712502e-04
   3.59648291e+02  -1.68004562e-03
   3.59648779e+02  -1.84829638e-03
   3.59649267e+02  -3.08607850e-04
   3.59649756e+02   5.51497971e-04
   3.59650244e+02  -2.91071017e-04
   3.59650732e+02  -9.72119858e-04
   3.59651221e+02  -1.31063920e-03
   3.59651709e+02  -2.61432095e-03
   3.59652197e+02  -3.35603557e-03
   3.59652685e+02  -2.41397717e-03
   3.59653174e+02  -1.52798439e-03
   3.59653662e+02  -2.19010236e-03
   3.59654150e+02  -2.86959368e-03
   3.59654638e+02  -2.81817722e-03
   3.59655127e+02  -2.32677674e-03
   3.59655615e+02  -6.70024019e-04
   3.59656103e+02   1.42505323e-03
   3.59656592e+02   1.65598223e-03
   3.59657080e+02  -4.06609615e-04
   3.59657568e+02  -3.22058774e-03
   3.59658056e+02  -4.75867325e-03
   3.59658545e+02  -4.23491187e-03
   3.59659033e+02  -2.58632516e-03
   3.59659521e+02  -1.17502967e-03
   3.59660010e+02   1.95465953e-04
   3.59660498e+02   1.87787926e-03
   3.59660986e+02   2.12885439e-03
   3.59661474e+02   9.95768467e-04
   3.59661963e+02   5.78690961e-04
   3.59662451e+02   5.81857748e-04
   3.59662939e+02   9.40752449e-04
   3.59663427e+02   2.29282025e-03
   3.59663916e+02   2.51416140e-03
   3.59664404e+02   1.25114876e-03
   3.59664892e+02   5.24930365e-04
   3.59665381e+02  -1.45793916e-03
   3.59665869e+02  -4.14062897e-03
   3.59666357e+02  -4.80987877e-03
   3.59666845e+02  -3.91486473e-03
   3.59667334e+02  -2.18779640e-03
   3.59667822e+02  -9.01358027e-04
   3.59668310e+02  -1.95461116e-03
   3.59668799e+02  -2.42876937e-03
   3.59669287e+02  -3.69758811e-04
   3.59669775e+02   6.76648051e-04
   3.59670263e+02  -7.11179920e-04
   3.59670752e+02  -2.74151517e-03
   3.59671240e+02  -2.59829639e-03
   3.59671728e+02   2.33618135e-04
   3.59672217e+02   2.30495329e-03
   3.59672705e+02   1.42971391e-03
   3.59673193e+02  -2.06958270e-03
   3.59673681e+02  -4.74331249e-03
   3.59674170e+02  -4.11278289e-03
   3.59674658e+02  -2.28756620e-03
   3.59675146e+02  -1.55824283e-03
   3.59675634e+02  -3.47037945e-04
   3.59676123e+02   1.32613804e-03
   3.59676611e+02   1.04753021e-03
   3.59677099e+02  -1.33564768e-04
   3.59677588e+02  -1.06477004e-03
   3.59678076e+02  -2.12343293e-03
   3.59678564e+02  -4.52736625e-04
   3.59679052e+02   3.61647876e-03
   3.59679541e+02   5.19881770e-03
   3.59680029e+02   3.90421855e-03
   3.59680517e+02   1.18393253e-03
   3.59681006e+02  -1.84195489e-03
   3.59681494e+02  -2.99425889e-03
   3.59681982e+02  -2.09049229e-03
   3.59682470e+02   7.28902291e-04
   3.59682959e+02   3.76889436e-03
   3.59683447e+02   4.87644784e-03
   3.59683935e+02   4.33979696e-03
   3.59684423e+02   1.57522550e-03
   3.59684912e+02  -1.21676538e-03
   3.59685400e+02  -4.86828358e-04
   3.59685888e+02   1.31888047e-03
   3.59686377e+02   9.66935768e-04
   3.59686865e+02   3.00592365e-04
   3.59687353e+02   4.36133647e-04
   3.59687841e+02   5.18990040e-04
   3.59688330e+02   8.19413224e-04
   3.59688818e+02   1.85794977e-03
   3.59689306e+02   2.55846721e-03
   3.59689795e+02   1.69882260e-03
   3.59690283e+02   2.37480141e-04
   3.59690771e+02  -1.20253512e-03
   3.59691259e+02  -1.84498297e-03
   3.59691748e+02  -8.23588693e-04
   3.59692236e+02   9.25095344e-04
   3.59692724e+02   1.78824901e-03
   3.59693213e+02  -7.64262077e-05
   3.59693701e+02  -2.43266649e-03
   3.59694189e+02  -2.51414557e-03
   3.59694677e+02  -1.87813165e-03
   3.59695166e+02  -2.42829835e-03
   3.59695654e+02  -3.42145725e-03
   3.59696142e+02  -3.79949762e-03
   3.59696630e+02  -2.72877351e-03
   3.59697119e+02  -4.61515447e-04
   3.59697607e+02   1.36457256e-03
   3.59698095e+02   2.21790420e-03
   3.59698584e+02   2.65109516e-03
   3.59699072e+02   1.88507792e-03
   3.59699560e+02  -3.78447148e-04
   3.59700048e+02  -2.58438778e-03
   3.59700537e+02  -2.78497743e-03
   3.59701025e+02  -1.08400185e-03
   3.59701513e+02   8.03819916e-04
   3.59702002e+02   6.64221880e-04
   3.59702490e+02  -1.33181259e-03
   3.59702978e+02  -1.43521733e-03
   3.59703466e+02   1.26024347e-03
   3.59703955e+02   3.61207291e-03
   3.59704443e+02   3.28970957e-03
   3.59704931e+02   1.04903418e-03
   3.59705419e+02   3.24257155e-04
   3.59705908e+02   1.38040807e-03
   3.59706396e+02   2.00617732e-03
   3.59706884e+02   1.43543654e-03
   3.59707373e+02   6.70254347e-04
   3.59707861e+02   3.27814632e-04
   3.59708349e+02   6.60448277e-04
   3.59708837e+02   8.50381854e-04
   3.59709326e+02  -3.48464790e-04
   3.59709814e+02  -1.42174354e-03
   3.59710302e+02  -8.19179695e-04
   3.59710791e+02   2.93185385e-05
   3.59711279e+02  -5.69678959e-04
   3.59711767e+02  -2.13621720e-03
   3.59712255e+02  -2.78838584e-03
   3.59712744e+02  -2.29554763e-03
   3.59713232e+02  -1.19283271e-03
   3.59713720e+02  -4.79334703e-04
   3.59714209e+02  -1.32008246e-03
   3.59714697e+02  -3.23656783e-03
   3.59715185e+02  -2.97868322e-03
   3.59715673e+02   6.70673675e-04
   3.59716162e+02   3.41920229e-03
   3.59716650e+02   2.80153309e-03
   3.59717138e+02   1.21451833e-03
   3.59717626e+02  -8.77098500e-07
   3.59718115e+02  -1.48943334e-03
   3.59718603e+02  -1.50748028e-03
   3.59719091e+02  -1.76585134e-04
   3.59719580e+02   7.69452134e-04
   3.59720068e+02   1.21916167e-03
   3.59720556e+02   7.71101099e-04
   3.59721044e+02  -7.62774842e-04
   3.59721533e+02  -1.20892469e-03
   3.59722021e+02   3.00791056e-04
   3.59722509e+02   3.07764596e-04
   3.59722998e+02  -2.26450479e-03
   3.59723486e+02  -3.63935274e-03
   3.59723974e+02  -1.96256489e-03
   3.59724462e+02   7.86383134e-06
   3.59724951e+02   3.47674941e-04
   3.59725439e+02   2.11626437e-04
   3.59725927e+02  -1.13781818e-04
   3.59726415e+02  -4.68123850e-04
   3.59726904e+02  -5.18820772e-04
   3.59727392e+02  -1.19199639e-03
   3.59727880e+02  -2.60130712e-03
   3.59728369e+02  -3.03662266e-03
   3.59728857e+02  -2.43258290e-03
   3.59729345e+02  -9.19450249e-04
   3.59729833e+02   1.35130400e-03
   3.59730322e+02   2.02400889e-03
   3.59730810e+02  -7.10375753e-05
   3.59731298e+02  -2.24991119e-03
   3.59731787e+02  -2.19398923e-03
   3.59732275e+02  -1.17918872e-03
   3.59732763e+02  -6.63512561e-04
   3.59733251e+02  -4.91254577e-05
   3.59733740e+02   7.19594827e-04
   3.59734228e+02   8.01800459e-04
   3.59734716e+02   1.07054459e-03
   3.59735205e+02   2.00783834e-03
   3.59735693e+02   1.82457920e-03
   3.59736181e+02   5.39513945e-04
   3.59736669e+02   2.48695258e-04
   3.59737158e+02   1.80530816e-03
   3.59737646e+02   2.67120497e-03
   3.59738134e+02   1.06961734e-03
   3.59738622e+02   8.76936610e-05
   3.59739111e+02   1.89901085e-03
   3.59739599e+02   3.88606335e-03
   3.59740087e+02   2.26602820e-03
   3.59740576e+02  -1.72066269e-03
   3.59741064e+02  -3.52376187e-03
   3.59741552e+02  -1.84253859e-03
   3.59742040e+02  -4.76895657e-04
   3.59742529e+02  -1.32767332e-03
   3.59743017e+02  -2.09447602e-03
   3.59743505e+02  -1.22023188e-03
   3.59743994e+02  -1.67465027e-04
   3.59744482e+02   8.07220422e-05
   3.59744970e+02   6.10309304e-04
   3.59745458e+02   1.47690473e-03
   3.59745947e+02   1.94095052e-03
   3.59746435e+02   1.66866311e-03
   3.59746923e+02   1.65762927e-03
   3.59747411e+02   2.61879456e-03
   3.59747900e+02   2.72995350e-03
   3.59748388e+02   1.54025317e-03
   3.59748876e+02   7.59296003e-04
   3.59749365e+02  -4.28357016e-04
   3.59749853e+02  -1.86616473e-03
   3.59750341e+02  -1.39745604e-03
   3.59750829e+02   2.60767483e-05
   3.59751318e+02   1.12064672e-03
   3.59751806e+02   1.64504512e-03
   3.59752294e+02   1.63806940e-03
   3.59752783e+02   1.66366296e-03
   3.59753271e+02   2.03278777e-03
   3.59753759e+02   2.07718066e-03
   3.59754247e+02   1.13183993e-03
   3.59754736e+02   8.21031281e-04
   3.59755224e+02   1.48995908e-03
   3.59755712e+02   1.30407640e-03
   3.59756201e+02   2.00716080e-04
   3.59756689e+02  -1.01099002e-04
   3.59757177e+02   1.55020738e-03
   3.59757665e+02   3.18558677e-03
   3.59758154e+02   2.57658283e-03
   3.59758642e+02   6.68525288e-04
   3.59759130e+02  -3.98701639e-04
   3.59759618e+02  -4.78429225e-04
   3.59760107e+02  -3.84137616e-04
   3.59760595e+02  -3.47257621e-04
   3.59761083e+02   4.02694059e-05
   3.59761572e+02   3.55542434e-04
   3.59762060e+02  -5.39825880e-04
   3.59762548e+02  -1.44426432e-03
   3.59763036e+02  -1.66162988e-03
   3.59763525e+02  -1.67884398e-03
   3.59764013e+02  -9.86960484e-04
   3.59764501e+02  -1.81377167e-04
   3.59764990e+02   1.58520343e-04
   3.59765478e+02   3.44742693e-05
   3.59765966e+02  -1.18427619e-03
   3.59766454e+02  -1.75908487e-03
   3.59766943e+02   6.91926907e-05
   3.59767431e+02   1.31401396e-03
   3.59767919e+02  -6.01720167e-05
   3.59768407e+02  -1.29511626e-03
   3.59768896e+02  -3.48763249e-04
   3.59769384e+02   9.51212307e-04
   3.59769872e+02   8.68845207e-04
   3.59770361e+02   1.95361034e-04
   3.59770849e+02   8.62177636e-04
   3.59771337e+02   2.07367097e-03
   3.59771825e+02   1.34476356e-03
   3.59772314e+02  -6.30136288e-04
   3.59772802e+02  -1.92235748e-03
   3.59773290e+02  -2.07473268e-03
   3.59773779e+02  -1.47022808e-03
   3.59774267e+02  -9.15067270e-04
   3.59774755e+02  -3.14910867e-04
   3.59775243e+02   7.55192421e-04
   3.59775732e+02   1.61966018e-03
   3.59776220e+02   1.20510871e-03
   3.59776708e+02   6.70517446e-04
   3.59777197e+02   9.67091008e-04
   3.59777685e+02   1.17255305e-03
   3.59778173e+02   3.47493216e-04
   3.59778661e+02  -1.17682887e-03
   3.59779150e+02  -2.09254771e-03
   3.59779638e+02  -1.44644978e-03
   3.59780126e+02  -1.05601930e-05
   3.59780614e+02  -5.87822660e-06
   3.59781103e+02  -1.49439659e-03
   3.59781591e+02  -1.06321706e-03
   3.59782079e+02   5.47432690e-04
   3.59782568e+02   5.98970742e-04
   3.59783056e+02   5.27947326e-04
   3.59783544e+02   7.62754004e-04
   3.59784032e+02   8.20545305e-04
   3.59784521e+02   1.97958900e-03
   3.59785009e+02   2.76568742e-03
   3.59785497e+02   1.10692380e-03
   3.59785986e+02  -7.70560018e-06
   3.59786474e+02   6.62175880e-04
   3.59786962e+02   8.53771708e-05
   3.59787450e+02  -2.26751505e-03
   3.59787939e+02  -4.08801902e-03
   3.59788427e+02  -3.13137402e-03
   3.59788915e+02  -4.43826691e-04
   3.59789403e+02   5.17874840e-04
   3.59789892e+02   1.55586371e-04
   3.59790380e+02   1.56178969e-04
   3.59790868e+02  -8.52730474e-04
   3.59791357e+02  -1.51802786e-03
   3.59791845e+02  -1.94834749e-04
   3.59792333e+02   1.51360501e-03
   3.59792821e+02   1.92123617e-03
   3.59793310e+02   7.63474673e-04
   3.59793798e+02   3.30884475e-04
   3.59794286e+02   1.48656568e-03
   3.59794775e+02   2.26970483e-03
   3.59795263e+02   1.45818223e-03
   3.59795751e+02   6.45666660e-05
   3.59796239e+02  -5.88263501e-04
   3.59796728e+02  -3.77997349e-04
   3.59797216e+02   2.02559968e-05
