frequency (GHz), flux (Jy/beam)
   3.57803379e+02  -6.67936692e-04
   3.57803867e+02  -5.79763146e-04
   3.57804356e+02  -1.90593317e-04
   3.57804844e+02   2.32031001e-04
   3.57805332e+02  -4.96478060e-05
   3.57805821e+02   1.16447554e-05
   3.57806309e+02   7.00057426e-04
   3.57806797e+02   7.96061184e-04
   3.57807285e+02   5.28395103e-05
   3.57807774e+02  -5.14471962e-04
   3.57808262e+02  -3.61908285e-04
   3.57808750e+02   1.82749412e-04
   3.57809239e+02   4.77189868e-04
   3.57809727e+02   2.32146158e-05
   3.57810215e+02  -4.81562631e-04
   3.57810704e+02  -3.98488715e-04
   3.57811192e+02  -4.42051038e-04
   3.57811680e+02  -7.03913916e-04
   3.57812169e+02  -5.34491439e-04
   3.57812657e+02  -1.14307040e-04
   3.57813145e+02  -2.05363158e-05
   3.57813633e+02  -1.12861468e-04
   3.57814122e+02  -5.62833040e-04
   3.57814610e+02  -1.05631456e-03
   3.57815098e+02  -9.36454046e-04
   3.57815587e+02  -5.78147010e-04
   3.57816075e+02   1.22107813e-04
   3.57816563e+02   6.01591659e-04
   3.57817052e+02   3.63482512e-04
   3.57817540e+02  -5.44936265e-05
   3.57818028e+02  -2.71608500e-04
   3.57818517e+02  -1.90273553e-04
   3.57819005e+02   7.05875209e-05
   3.57819493e+02   7.67926613e-05
   3.57819981e+02   1.99820774e-04
   3.57820470e+02   6.38377853e-04
   3.57820958e+02   5.36774343e-04
   3.57821446e+02   1.60791504e-04
   3.57821935e+02   1.33774272e-04
   3.57822423e+02   2.31479804e-04
   3.57822911e+02   2.31905404e-04
   3.57823400e+02  -3.71180286e-05
   3.57823888e+02  -3.35863588e-04
   3.57824376e+02  -1.59758478e-04
   3.57824865e+02   1.17564370e-04
   3.57825353e+02   6.84381812e-05
   3.57825841e+02  -2.97926832e-04
   3.57826330e+02  -6.92624890e-04
   3.57826818e+02  -6.40098762e-04
   3.57827306e+02  -1.33285721e-04
   3.57827794e+02   5.68601245e-04
   3.57828283e+02   4.44896199e-04
   3.57828771e+02  -5.56864776e-04
   3.57829259e+02  -8.64056812e-04
   3.57829748e+02  -3.36202822e-04
   3.57830236e+02  -1.17361342e-05
   3.57830724e+02   3.14951962e-04
   3.57831213e+02   8.00511625e-04
   3.57831701e+02   9.02244530e-04
   3.57832189e+02   4.39145195e-04
   3.57832678e+02  -1.16162526e-04
   3.57833166e+02  -1.90513136e-04
   3.57833654e+02  -2.83388683e-04
   3.57834142e+02  -4.02492151e-04
   3.57834631e+02   7.75572480e-05
   3.57835119e+02   6.35618810e-04
   3.57835607e+02   6.03290682e-04
   3.57836096e+02   6.52601739e-05
   3.57836584e+02  -5.38472435e-04
   3.57837072e+02  -8.92073032e-04
   3.57837561e+02  -5.74031030e-04
   3.57838049e+02   9.23342304e-05
   3.57838537e+02   5.89268784e-05
   3.57839026e+02  -1.84831806e-04
   3.57839514e+02   1.70129264e-04
   3.57840002e+02   6.61269180e-04
   3.57840490e+02   7.00851262e-04
   3.57840979e+02   2.32864768e-04
   3.57841467e+02  -3.10159288e-04
   3.57841955e+02  -3.99969256e-04
   3.57842444e+02  -5.00578899e-04
   3.57842932e+02  -6.35349657e-04
   3.57843420e+02  -5.36906358e-04
   3.57843909e+02  -5.64085087e-04
   3.57844397e+02  -8.55971128e-04
   3.57844885e+02  -1.03398471e-03
   3.57845374e+02  -5.01211383e-04
   3.57845862e+02   2.44116149e-04
   3.57846350e+02   1.44887526e-04
   3.57846838e+02  -1.23654085e-04
   3.57847327e+02   2.61479785e-04
   3.57847815e+02   5.90379816e-04
   3.57848303e+02   6.22925640e-04
   3.57848792e+02   5.07201999e-04
   3.57849280e+02  -4.88651895e-05
   3.57849768e+02  -6.48677815e-04
   3.57850257e+02  -6.14635821e-04
   3.57850745e+02  -4.22771613e-04
   3.57851233e+02  -2.99582578e-04
   3.57851722e+02   1.03007893e-04
   3.57852210e+02   3.93174094e-04
   3.57852698e+02   3.06390051e-04
   3.57853186e+02   1.49940170e-04
   3.57853675e+02   9.16519912e-06
   3.57854163e+02  -2.35892541e-04
   3.57854651e+02  -4.35675116e-04
   3.57855140e+02  -3.23048764e-04
   3.57855628e+02   5.26467993e-05
   3.57856116e+02   1.65792429e-04
   3.57856605e+02  -1.43794983e-04
   3.57857093e+02  -3.89084191e-04
   3.57857581e+02  -3.51300085e-04
   3.57858070e+02  -1.03275606e-05
   3.57858558e+02   3.07730399e-04
   3.57859046e+02   1.19133256e-04
   3.57859534e+02  -3.66229186e-04
   3.57860023e+02  -4.57195827e-04
   3.57860511e+02  -2.05089207e-04
   3.57860999e+02  -6.17957732e-04
   3.57861488e+02  -7.08578969e-04
   3.57861976e+02  -4.86403005e-04
   3.57862464e+02  -1.77633876e-04
   3.57862953e+02   7.18343726e-05
   3.57863441e+02   3.39572027e-04
   3.57863929e+02   4.89422353e-04
   3.57864418e+02   4.20543336e-04
   3.57864906e+02   6.73632076e-06
   3.57865394e+02  -5.12016937e-04
   3.57865883e+02  -5.48448530e-04
   3.57866371e+02  -2.28996199e-04
   3.57866859e+02  -1.11309251e-04
   3.57867347e+02  -1.62991171e-04
   3.57867836e+02  -7.94909647e-05
   3.57868324e+02   1.82154804e-06
   3.57868812e+02   2.71912522e-05
   3.57869301e+02   9.70662004e-05
   3.57869789e+02   2.82208603e-05
   3.57870277e+02   6.82441678e-05
   3.57870766e+02   1.63167686e-04
   3.57871254e+02  -1.87155485e-04
   3.57871742e+02  -3.37481033e-04
   3.57872231e+02   1.21425488e-04
   3.57872719e+02   5.32640843e-04
   3.57873207e+02   6.27855828e-04
   3.57873695e+02   2.84174428e-04
   3.57874184e+02  -2.35553845e-04
   3.57874672e+02  -2.51752528e-04
   3.57875160e+02  -5.60363651e-06
   3.57875649e+02  -1.91917006e-05
   3.57876137e+02  -1.36714356e-04
   3.57876625e+02  -2.32607184e-04
   3.57877114e+02  -1.80444331e-04
   3.57877602e+02  -6.19936400e-05
   3.57878090e+02  -5.39113207e-05
   3.57878579e+02  -2.08718862e-04
   3.57879067e+02  -1.75164067e-04
   3.57879555e+02   3.98531614e-04
   3.57880043e+02   7.05442450e-04
   3.57880532e+02   3.09782976e-04
   3.57881020e+02   1.53497123e-04
   3.57881508e+02   3.34812270e-04
   3.57881997e+02   3.42443644e-04
   3.57882485e+02   4.58805123e-04
   3.57882973e+02   5.43713104e-04
   3.57883462e+02   5.38910062e-05
   3.57883950e+02  -7.36178365e-04
   3.57884438e+02  -8.41175439e-04
   3.57884927e+02  -3.58643010e-04
   3.57885415e+02  -3.01064370e-04
   3.57885903e+02  -4.27633204e-04
   3.57886391e+02  -2.32929131e-04
   3.57886880e+02  -4.48016544e-05
   3.57887368e+02   2.74018912e-05
   3.57887856e+02   4.58547205e-04
   3.57888345e+02   8.00538983e-04
   3.57888833e+02   7.38085248e-04
   3.57889321e+02   7.93686835e-04
   3.57889810e+02   6.75797928e-04
   3.57890298e+02   4.55298607e-04
   3.57890786e+02   2.29257246e-04
   3.57891275e+02   1.91855561e-05
   3.57891763e+02  -1.89855738e-04
   3.57892251e+02  -4.62383876e-04
   3.57892739e+02  -3.52953037e-04
   3.57893228e+02  -4.17372175e-05
   3.57893716e+02  -5.35824292e-05
   3.57894204e+02   5.09164747e-05
   3.57894693e+02   2.68162781e-04
   3.57895181e+02   1.61164950e-04
   3.57895669e+02   9.29110593e-06
   3.57896158e+02  -9.15620985e-05
   3.57896646e+02  -1.50242879e-04
   3.57897134e+02  -7.86625460e-05
   3.57897623e+02   4.73342079e-05
   3.57898111e+02   7.44881909e-05
   3.57898599e+02  -2.09573263e-05
   3.57899087e+02   9.17710131e-05
   3.57899576e+02   4.73224994e-04
   3.57900064e+02   4.20393451e-04
   3.57900552e+02  -2.65472539e-04
   3.57901041e+02  -6.20609906e-04
   3.57901529e+02  -2.04431126e-04
   3.57902017e+02   3.58266581e-04
   3.57902506e+02   4.58186085e-04
   3.57902994e+02   2.41179023e-05
   3.57903482e+02  -6.33503543e-04
   3.57903971e+02  -8.74454912e-04
   3.57904459e+02  -2.49546079e-04
   3.57904947e+02   6.09567098e-04
   3.57905436e+02   9.08779621e-04
   3.57905924e+02   4.91892046e-04
   3.57906412e+02  -1.34208414e-04
   3.57906900e+02  -3.72665381e-04
   3.57907389e+02  -4.87660800e-05
   3.57907877e+02   3.07994313e-04
   3.57908365e+02   2.46669690e-04
   3.57908854e+02   2.03837935e-05
   3.57909342e+02  -3.08146555e-05
   3.57909830e+02   1.41835944e-05
   3.57910319e+02   5.88936382e-05
   3.57910807e+02   3.51265131e-04
   3.57911295e+02   3.55321215e-04
   3.57911784e+02  -3.95208190e-05
   3.57912272e+02  -1.77297887e-04
   3.57912760e+02  -1.24171769e-04
   3.57913248e+02  -7.42968696e-05
   3.57913737e+02   1.31924011e-04
   3.57914225e+02   5.32330305e-04
   3.57914713e+02   7.27314851e-04
   3.57915202e+02   5.62194677e-04
   3.57915690e+02   1.69713501e-04
   3.57916178e+02  -3.79941339e-04
   3.57916667e+02  -6.17318030e-04
   3.57917155e+02  -2.69709388e-04
   3.57917643e+02  -3.58716818e-04
   3.57918132e+02  -9.32067807e-04
   3.57918620e+02  -7.70582992e-04
   3.57919108e+02  -2.73794314e-04
   3.57919596e+02  -6.76872587e-05
   3.57920085e+02   9.04950502e-05
   3.57920573e+02   3.53053416e-04
   3.57921061e+02   6.40978687e-04
   3.57921550e+02   8.64894246e-04
   3.57922038e+02   8.07181874e-04
   3.57922526e+02   7.30989093e-04
   3.57923015e+02   8.26644828e-04
   3.57923503e+02   5.05042786e-04
   3.57923991e+02   1.20097175e-04
   3.57924480e+02   3.31120653e-04
   3.57924968e+02   3.30864423e-04
   3.57925456e+02  -7.91858110e-05
   3.57925944e+02  -1.34467438e-04
   3.57926433e+02   2.30295354e-05
   3.57926921e+02   9.53104609e-05
   3.57927409e+02   8.61013541e-05
   3.57927898e+02  -3.81943792e-05
   3.57928386e+02   1.07270811e-04
   3.57928874e+02   4.68907354e-04
   3.57929363e+02   5.38396358e-04
   3.57929851e+02   2.22021146e-04
   3.57930339e+02  -4.99278889e-04
   3.57930828e+02  -9.72162932e-04
   3.57931316e+02  -8.12449900e-04
   3.57931804e+02  -2.07743476e-04
   3.57932292e+02   3.68958892e-04
   3.57932781e+02   4.13567206e-04
   3.57933269e+02   1.74830027e-04
   3.57933757e+02   7.61632255e-05
   3.57934246e+02   3.84559360e-04
   3.57934734e+02   7.21413002e-04
   3.57935222e+02   9.22364183e-04
   3.57935711e+02   8.14580009e-04
   3.57936199e+02  -2.52998816e-05
   3.57936687e+02  -7.00748700e-04
   3.57937176e+02  -4.26032522e-04
   3.57937664e+02  -1.38204239e-04
   3.57938152e+02   2.58460568e-05
   3.57938640e+02   3.13219236e-04
   3.57939129e+02   8.88890136e-05
   3.57939617e+02  -3.64106527e-04
   3.57940105e+02  -4.47635888e-04
   3.57940594e+02  -3.92568938e-04
   3.57941082e+02  -3.57657293e-04
   3.57941570e+02  -7.32275803e-05
   3.57942059e+02   4.36432339e-04
   3.57942547e+02   7.41418393e-04
   3.57943035e+02   5.82922192e-04
   3.57943524e+02   8.76968188e-05
   3.57944012e+02  -3.52455274e-04
   3.57944500e+02  -5.63388166e-04
   3.57944989e+02  -4.99678485e-04
   3.57945477e+02   1.62254422e-04
   3.57945965e+02   7.05327897e-04
   3.57946453e+02   5.30259509e-04
   3.57946942e+02   3.74523195e-04
   3.57947430e+02   4.06860840e-04
   3.57947918e+02   3.89864232e-04
   3.57948407e+02   7.34866335e-05
   3.57948895e+02  -4.76190093e-04
   3.57949383e+02  -6.14054559e-04
   3.57949872e+02  -3.75449483e-04
   3.57950360e+02  -1.99623290e-04
   3.57950848e+02  -9.75072835e-05
   3.57951337e+02   6.94695846e-05
   3.57951825e+02   1.58379480e-04
   3.57952313e+02  -1.39676195e-04
   3.57952801e+02  -6.52988558e-04
   3.57953290e+02  -8.37182335e-04
   3.57953778e+02  -6.23471860e-04
   3.57954266e+02  -2.60986126e-04
   3.57954755e+02  -5.84710433e-05
   3.57955243e+02  -9.21662013e-06
   3.57955731e+02  -3.19516315e-04
   3.57956220e+02  -9.93242720e-04
   3.57956708e+02  -9.77913965e-04
   3.57957196e+02  -3.11746815e-04
   3.57957685e+02  -1.61788048e-04
   3.57958173e+02  -5.48059470e-04
   3.57958661e+02  -1.01305882e-03
   3.57959149e+02  -1.07154204e-03
   3.57959638e+02  -3.55341443e-04
   3.57960126e+02   4.55770380e-04
   3.57960614e+02   4.52423614e-04
   3.57961103e+02  -1.09892157e-04
   3.57961591e+02  -6.46606961e-04
   3.57962079e+02  -8.87675269e-04
   3.57962568e+02  -7.47478858e-04
   3.57963056e+02  -5.60343848e-04
   3.57963544e+02  -7.27975159e-04
   3.57964033e+02  -5.68354211e-04
   3.57964521e+02   1.12323811e-04
   3.57965009e+02   4.63242613e-04
   3.57965497e+02   2.14245389e-04
   3.57965986e+02  -1.53857516e-04
   3.57966474e+02  -1.79944211e-04
   3.57966962e+02   2.99743642e-05
   3.57967451e+02   2.50075682e-04
   3.57967939e+02   4.25312668e-04
   3.57968427e+02   1.25512524e-04
   3.57968916e+02  -5.62253641e-04
   3.57969404e+02  -5.71946963e-04
   3.57969892e+02   1.38661426e-05
   3.57970381e+02   3.14889476e-04
   3.57970869e+02   3.16793798e-04
   3.57971357e+02   5.99051709e-04
   3.57971845e+02   9.72727081e-04
   3.57972334e+02   6.07281399e-04
   3.57972822e+02   2.94714177e-04
   3.57973310e+02   6.56313205e-04
   3.57973799e+02   9.27327492e-04
   3.57974287e+02   7.00685312e-04
   3.57974775e+02   1.84922101e-04
   3.57975264e+02  -1.75943249e-04
   3.57975752e+02  -2.52721475e-05
   3.57976240e+02   1.00365241e-05
   3.57976729e+02  -2.27403943e-04
   3.57977217e+02   4.34862523e-05
   3.57977705e+02   6.90944667e-04
   3.57978193e+02   3.03834415e-04
   3.57978682e+02   5.64307084e-05
   3.57979170e+02   4.16689407e-04
   3.57979658e+02   4.33774374e-04
   3.57980147e+02   8.21949434e-05
   3.57980635e+02   2.45339383e-04
   3.57981123e+02   6.07217662e-04
   3.57981612e+02   5.73554717e-04
   3.57982100e+02   3.96025833e-04
   3.57982588e+02   4.03131300e-04
   3.57983077e+02   5.52387559e-04
   3.57983565e+02   5.59361477e-04
   3.57984053e+02   9.05823472e-05
   3.57984542e+02  -6.32448180e-04
   3.57985030e+02  -1.01151958e-03
   3.57985518e+02  -5.79429849e-04
   3.57986006e+02   3.42571293e-05
   3.57986495e+02   1.48438849e-04
   3.57986983e+02   4.57544011e-05
   3.57987471e+02  -7.99825793e-05
   3.57987960e+02  -2.06021417e-04
   3.57988448e+02  -3.55571887e-04
   3.57988936e+02  -3.07147915e-04
   3.57989425e+02   7.10021936e-07
   3.57989913e+02   2.00037844e-04
   3.57990401e+02   1.34573522e-04
   3.57990890e+02   1.10264271e-04
   3.57991378e+02   1.15844763e-04
   3.57991866e+02   4.15978175e-05
   3.57992354e+02   2.90600263e-04
   3.57992843e+02   6.56526536e-04
   3.57993331e+02   6.16696489e-04
   3.57993819e+02   4.10909648e-04
   3.57994308e+02   5.57327876e-04
   3.57994796e+02   4.83673502e-04
   3.57995284e+02   9.79691249e-05
   3.57995773e+02  -6.76775962e-05
   3.57996261e+02  -3.64406478e-05
   3.57996749e+02   8.52945886e-05
   3.57997238e+02   7.67786987e-05
   3.57997726e+02   2.57126492e-04
   3.57998214e+02   8.20966787e-04
   3.57998702e+02   1.01562298e-03
   3.57999191e+02   5.98268001e-04
   3.57999679e+02   2.58485932e-04
   3.58000167e+02   1.19609344e-04
   3.58000656e+02   2.06044671e-04
   3.58001144e+02   4.97633766e-04
   3.58001632e+02   2.60718487e-04
   3.58002121e+02  -4.00324207e-04
   3.58002609e+02  -3.84451676e-04
   3.58003097e+02   2.83743982e-04
   3.58003586e+02   6.77649863e-04
   3.58004074e+02   6.24899403e-04
   3.58004562e+02   4.23398946e-04
   3.58005050e+02  -2.44599287e-05
   3.58005539e+02  -3.86799074e-04
   3.58006027e+02  -3.25356523e-04
   3.58006515e+02  -4.91864157e-05
   3.58007004e+02   3.10138887e-04
   3.58007492e+02   3.59262282e-04
   3.58007980e+02  -1.42212797e-04
   3.58008469e+02  -4.92231979e-04
   3.58008957e+02  -4.77691530e-04
   3.58009445e+02  -4.01751517e-04
   3.58009934e+02  -4.13273578e-04
   3.58010422e+02  -4.31834167e-04
   3.58010910e+02  -2.90717959e-04
   3.58011398e+02  -7.03314654e-05
   3.58011887e+02  -1.51001601e-04
   3.58012375e+02  -1.33174210e-04
   3.58012863e+02   1.88154983e-04
   3.58013352e+02   4.69486113e-04
   3.58013840e+02   7.37164810e-04
   3.58014328e+02   8.18053319e-04
   3.58014817e+02   5.91883552e-04
   3.58015305e+02   2.51784368e-04
   3.58015793e+02  -3.34256969e-04
   3.58016282e+02  -7.50521023e-04
   3.58016770e+02  -6.53248164e-04
   3.58017258e+02  -2.49359815e-04
   3.58017746e+02   2.16782209e-04
   3.58018235e+02   3.43691529e-04
   3.58018723e+02   1.93482221e-04
   3.58019211e+02   3.59006895e-04
   3.58019700e+02   6.09249400e-04
   3.58020188e+02   4.25847771e-04
   3.58020676e+02  -1.50485930e-05
   3.58021165e+02  -4.00569610e-04
   3.58021653e+02  -3.25213157e-04
   3.58022141e+02  -1.26432897e-05
   3.58022630e+02  -4.00981116e-05
   3.58023118e+02  -3.19679006e-04
   3.58023606e+02  -5.68635878e-04
   3.58024095e+02  -5.82094188e-04
   3.58024583e+02  -2.74040067e-04
   3.58025071e+02   9.23298794e-05
   3.58025559e+02   2.33354018e-04
   3.58026048e+02   2.44088849e-04
   3.58026536e+02   2.39263405e-04
   3.58027024e+02   6.74900293e-05
   3.58027513e+02   2.60022694e-06
   3.58028001e+02   4.53432476e-05
   3.58028489e+02   9.71437039e-05
   3.58028978e+02   5.18272682e-05
   3.58029466e+02  -2.67634241e-05
   3.58029954e+02   7.06230421e-05
   3.58030443e+02   3.23309869e-05
   3.58030931e+02   3.25352667e-05
   3.58031419e+02   2.20320071e-04
   3.58031907e+02   3.12780525e-04
   3.58032396e+02   1.06981046e-04
   3.58032884e+02  -1.97477537e-04
   3.58033372e+02  -3.19927960e-04
   3.58033861e+02  -4.18144453e-04
   3.58034349e+02  -2.71528086e-04
   3.58034837e+02  -1.72946762e-04
   3.58035326e+02  -3.38063779e-04
   3.58035814e+02  -2.39806497e-04
   3.58036302e+02  -5.52817510e-05
   3.58036791e+02  -3.52801697e-04
   3.58037279e+02  -3.86053231e-04
   3.58037767e+02   1.12285750e-04
   3.58038255e+02   3.99865035e-04
   3.58038744e+02   1.78426635e-04
   3.58039232e+02   2.22496001e-05
   3.58039720e+02   1.81005744e-04
   3.58040209e+02   5.11046965e-04
   3.58040697e+02   8.72788776e-04
   3.58041185e+02   9.42511775e-04
   3.58041674e+02   6.24586304e-04
   3.58042162e+02   2.72681820e-04
   3.58042650e+02  -2.23289953e-05
   3.58043139e+02  -2.41337722e-04
   3.58043627e+02  -1.13576978e-04
   3.58044115e+02   1.55585964e-04
   3.58044603e+02   2.99928768e-04
   3.58045092e+02   4.79702692e-04
   3.58045580e+02   1.92554944e-04
   3.58046068e+02  -3.66804394e-04
   3.58046557e+02  -2.74583057e-04
   3.58047045e+02  -2.38342127e-05
   3.58047533e+02   1.19331053e-04
   3.58048022e+02   2.55401159e-04
   3.58048510e+02  -7.33301567e-05
   3.58048998e+02  -4.65001358e-04
   3.58049487e+02  -4.34329821e-04
   3.58049975e+02  -1.28843458e-04
   3.58050463e+02   2.06561861e-04
   3.58050951e+02   2.02530151e-04
   3.58051440e+02  -1.88928956e-04
   3.58051928e+02  -4.38026240e-04
   3.58052416e+02  -5.88597613e-04
   3.58052905e+02  -8.71998374e-04
   3.58053393e+02  -9.43732332e-04
   3.58053881e+02  -6.21940999e-04
   3.58054370e+02  -2.62104819e-04
   3.58054858e+02  -7.55567999e-06
   3.58055346e+02   3.22647065e-05
   3.58055835e+02  -3.66505905e-04
   3.58056323e+02  -7.33714318e-04
   3.58056811e+02  -6.42877596e-04
   3.58057299e+02  -1.26882078e-04
   3.58057788e+02   5.53401769e-04
   3.58058276e+02   4.27805557e-04
   3.58058764e+02  -4.16103838e-04
   3.58059253e+02  -4.99244547e-04
   3.58059741e+02   4.38784300e-05
   3.58060229e+02   3.10793403e-04
   3.58060718e+02  -6.76464379e-06
   3.58061206e+02  -5.09408826e-04
   3.58061694e+02  -2.56997795e-04
   3.58062183e+02   2.42835580e-04
   3.58062671e+02   1.37360941e-04
   3.58063159e+02   2.70339410e-06
   3.58063648e+02  -9.68144959e-05
   3.58064136e+02  -4.59449366e-04
   3.58064624e+02  -6.91641995e-04
   3.58065112e+02  -6.37185294e-04
   3.58065601e+02  -1.75875146e-04
   3.58066089e+02   3.22977517e-04
   3.58066577e+02   1.61777512e-04
   3.58067066e+02  -3.52628831e-06
   3.58067554e+02   5.47869713e-05
   3.58068042e+02   2.83974427e-04
   3.58068531e+02   6.50497968e-04
   3.58069019e+02   7.83730124e-04
   3.58069507e+02   6.84584607e-04
   3.58069996e+02   1.96007095e-04
   3.58070484e+02  -3.64258623e-04
   3.58070972e+02  -2.72525125e-04
   3.58071460e+02   1.49349007e-05
   3.58071949e+02  -8.45010163e-06
   3.58072437e+02  -2.42623282e-04
   3.58072925e+02  -2.00715062e-04
   3.58073414e+02  -5.98386578e-05
   3.58073902e+02  -1.56973128e-05
   3.58074390e+02   1.88961043e-04
   3.58074879e+02   5.84370689e-04
   3.58075367e+02   6.82453101e-04
   3.58075855e+02   2.31740429e-04
   3.58076344e+02  -2.38957291e-04
   3.58076832e+02  -2.23711264e-04
   3.58077320e+02  -7.50374020e-05
   3.58077808e+02  -9.42246625e-05
   3.58078297e+02  -1.90884442e-04
   3.58078785e+02  -4.84051328e-04
   3.58079273e+02  -5.83043380e-04
   3.58079762e+02  -1.58688781e-04
   3.58080250e+02   3.74572410e-04
   3.58080738e+02   4.66158323e-04
   3.58081227e+02   2.45240080e-04
   3.58081715e+02   3.17247468e-04
   3.58082203e+02   4.21858655e-04
   3.58082692e+02   4.44555335e-04
   3.58083180e+02   5.10025769e-04
   3.58083668e+02   3.94700095e-04
   3.58084156e+02   3.27456830e-04
   3.58084645e+02   4.29243897e-04
   3.58085133e+02   6.13730343e-04
   3.58085621e+02   8.67824710e-04
   3.58086110e+02   6.55957730e-04
   3.58086598e+02   4.92630526e-04
   3.58087086e+02   8.47132469e-04
   3.58087575e+02   8.57365725e-04
   3.58088063e+02   2.94664060e-04
   3.58088551e+02  -2.62864400e-04
   3.58089040e+02  -1.48593172e-04
   3.58089528e+02   4.06716514e-04
   3.58090016e+02   5.73932659e-04
   3.58090504e+02   5.70189033e-04
   3.58090993e+02   7.51234009e-04
   3.58091481e+02   7.59073475e-04
   3.58091969e+02   6.22082560e-04
   3.58092458e+02   5.88038180e-04
   3.58092946e+02   2.77955900e-04
   3.58093434e+02  -4.10699955e-04
   3.58093923e+02  -8.03533709e-04
   3.58094411e+02  -7.63131597e-04
   3.58094899e+02  -5.70789678e-04
   3.58095388e+02   3.01747583e-04
   3.58095876e+02   4.39880299e-04
   3.58096364e+02   3.54387623e-04
   3.58096852e+02   5.70361910e-04
   3.58097341e+02   5.50526660e-04
   3.58097829e+02   2.96682963e-04
   3.58098317e+02   9.66247826e-05
   3.58098806e+02  -1.00176374e-04
   3.58099294e+02  -3.80377140e-04
   3.58099782e+02  -4.19252174e-04
   3.58100271e+02  -1.69781604e-04
   3.58100759e+02  -7.13678091e-05
   3.58101247e+02  -2.04377735e-04
   3.58101736e+02  -3.20759689e-04
   3.58102224e+02  -3.66795313e-04
   3.58102712e+02  -6.21367304e-04
   3.58103201e+02  -6.55822980e-04
   3.58103689e+02  -3.84086925e-05
   3.58104177e+02   4.24442696e-04
   3.58104665e+02   3.08541377e-04
   3.58105154e+02   1.78960443e-04
   3.58105642e+02   1.00804107e-04
   3.58106130e+02   3.28656723e-04
   3.58106619e+02   8.36123945e-04
   3.58107107e+02   9.71557689e-04
   3.58107595e+02   6.87308668e-04
   3.58108084e+02   2.43646675e-04
   3.58108572e+02   4.16551447e-05
   3.58109060e+02   7.10196837e-05
   3.58109549e+02   5.46186275e-05
   3.58110037e+02   1.68984305e-04
   3.58110525e+02  -2.21016162e-04
   3.58111013e+02  -8.84385663e-04
   3.58111502e+02  -9.90635250e-04
   3.58111990e+02  -8.00121925e-04
   3.58112478e+02  -8.00120353e-04
   3.58112967e+02  -7.12337613e-04
   3.58113455e+02  -3.01840802e-04
   3.58113943e+02  -3.34546261e-04
   3.58114432e+02  -7.79032533e-04
   3.58114920e+02  -1.03227654e-03
   3.58115408e+02  -6.63561455e-04
   3.58115897e+02  -1.13771974e-04
   3.58116385e+02  -3.16603866e-04
   3.58116873e+02  -3.78912955e-04
   3.58117361e+02  -6.02789078e-05
   3.58117850e+02   2.42733600e-04
   3.58118338e+02   4.56042559e-04
   3.58118826e+02   3.29866132e-04
   3.58119315e+02   1.85154768e-05
   3.58119803e+02  -1.97627582e-04
   3.58120291e+02   2.95830687e-04
   3.58120780e+02   6.19768107e-04
   3.58121268e+02   1.32515997e-04
   3.58121756e+02  -4.93654166e-04
   3.58122245e+02  -4.71050356e-04
   3.58122733e+02  -2.88478885e-04
   3.58123221e+02  -2.11176535e-04
   3.58123709e+02   9.15601995e-05
   3.58124198e+02   7.21599426e-05
   3.58124686e+02  -4.02313803e-04
   3.58125174e+02  -8.25290801e-04
   3.58125663e+02  -7.47523736e-04
   3.58126151e+02  -1.11363996e-04
   3.58126639e+02   4.77249618e-04
   3.58127128e+02   1.90463135e-04
   3.58127616e+02  -3.37368285e-04
   3.58128104e+02  -6.12762291e-04
   3.58128593e+02  -7.22375989e-04
   3.58129081e+02  -6.38099271e-04
   3.58129569e+02  -3.60866950e-04
   3.58130057e+02  -2.83272675e-04
   3.58130546e+02  -2.64503993e-04
   3.58131034e+02  -1.23197560e-05
   3.58131522e+02  -1.69841267e-04
   3.58132011e+02  -8.37756670e-04
   3.58132499e+02  -8.65688024e-04
   3.58132987e+02  -1.11646776e-04
   3.58133476e+02   6.84287632e-04
   3.58133964e+02   8.83714354e-04
   3.58134452e+02   1.39408294e-04
   3.58134941e+02  -2.70216929e-04
   3.58135429e+02   1.18655218e-04
   3.58135917e+02  -1.84332330e-05
   3.58136405e+02  -3.61231680e-04
   3.58136894e+02  -2.92295095e-04
   3.58137382e+02  -1.26263694e-04
   3.58137870e+02  -1.46633654e-04
   3.58138359e+02  -1.72949964e-04
   3.58138847e+02   1.09432338e-04
   3.58139335e+02   5.06743381e-04
   3.58139824e+02   2.24634787e-04
   3.58140312e+02  -2.17715598e-04
   3.58140800e+02   2.44560273e-04
   3.58141289e+02   7.81062583e-04
   3.58141777e+02   7.23411329e-04
   3.58142265e+02   5.32839214e-04
   3.58142754e+02   2.88420764e-04
   3.58143242e+02  -1.17238451e-05
   3.58143730e+02  -8.96894562e-05
   3.58144218e+02  -2.54074203e-05
   3.58144707e+02   5.81093518e-05
   3.58145195e+02   3.86847860e-05
   3.58145683e+02   3.64783482e-05
   3.58146172e+02  -1.69362742e-04
   3.58146660e+02  -6.19581609e-04
   3.58147148e+02  -6.86202955e-04
   3.58147637e+02  -3.70390801e-04
   3.58148125e+02  -1.85591591e-04
   3.58148613e+02  -2.18828631e-04
   3.58149102e+02   3.37986094e-05
   3.58149590e+02   5.83298970e-04
   3.58150078e+02   4.51715401e-04
   3.58150566e+02  -3.14180252e-05
   3.58151055e+02   9.80152618e-05
   3.58151543e+02   5.24734205e-04
   3.58152031e+02   4.77896683e-04
   3.58152520e+02   3.84477491e-04
   3.58153008e+02   4.75521898e-04
   3.58153496e+02   2.67300256e-05
   3.58153985e+02  -4.30378306e-04
   3.58154473e+02  -6.18316000e-04
   3.58154961e+02  -3.23153683e-04
   3.58155450e+02   3.19898856e-04
   3.58155938e+02   9.46107670e-04
   3.58156426e+02   9.03724052e-04
   3.58156914e+02   4.71510546e-04
   3.58157403e+02   3.59624479e-04
   3.58157891e+02   1.22414494e-04
   3.58158379e+02  -2.08029989e-04
   3.58158868e+02   2.77591636e-04
   3.58159356e+02   9.27736284e-04
   3.58159844e+02   9.23120591e-04
   3.58160333e+02   6.61052822e-04
   3.58160821e+02   5.22546994e-04
   3.58161309e+02   7.96024047e-04
   3.58161798e+02   9.45569365e-04
   3.58162286e+02   5.86407201e-04
   3.58162774e+02   4.57914197e-04
   3.58163262e+02   2.29326120e-04
   3.58163751e+02  -4.29724081e-04
   3.58164239e+02  -5.64567279e-04
   3.58164727e+02  -5.59018401e-04
   3.58165216e+02  -6.29622780e-04
   3.58165704e+02  -4.40514814e-05
   3.58166192e+02   2.51885154e-04
   3.58166681e+02  -1.16713731e-04
   3.58167169e+02  -1.43619152e-04
   3.58167657e+02  -1.93513348e-04
   3.58168146e+02  -3.59216676e-04
   3.58168634e+02  -3.70836555e-04
   3.58169122e+02  -4.95610584e-04
   3.58169610e+02  -4.98727255e-04
   3.58170099e+02  -4.94329259e-04
   3.58170587e+02  -4.33523499e-04
   3.58171075e+02  -2.30078498e-04
   3.58171564e+02  -1.32682442e-04
   3.58172052e+02   1.79096547e-04
   3.58172540e+02   2.53552309e-04
   3.58173029e+02  -5.80669148e-05
   3.58173517e+02  -5.88919538e-05
   3.58174005e+02   5.87330505e-05
   3.58174494e+02   4.04890365e-04
   3.58174982e+02   9.01046442e-04
   3.58175470e+02   1.05809199e-03
   3.58175958e+02   9.91224893e-04
   3.58176447e+02   9.27100948e-04
   3.58176935e+02   9.87133477e-04
   3.58177423e+02   9.40238009e-04
   3.58177912e+02   7.15054164e-04
   3.58178400e+02   5.07938385e-04
   3.58178888e+02   3.04134301e-04
   3.58179377e+02  -4.81313418e-06
   3.58179865e+02  -1.44722115e-04
   3.58180353e+02  -2.33295650e-04
   3.58180842e+02  -2.38057619e-04
   3.58181330e+02   1.67014237e-04
   3.58181818e+02   3.70689348e-04
   3.58182307e+02   1.20408658e-04
   3.58182795e+02  -1.17124910e-04
   3.58183283e+02   3.34877928e-04
   3.58183771e+02   7.95757805e-04
   3.58184260e+02   5.53987396e-04
   3.58184748e+02   1.88660342e-04
   3.58185236e+02  -2.37708649e-04
   3.58185725e+02  -5.94651792e-04
   3.58186213e+02  -5.10951097e-04
   3.58186701e+02  -5.77552826e-04
   3.58187190e+02  -7.11990346e-04
   3.58187678e+02  -6.09077280e-04
   3.58188166e+02  -2.33408718e-04
   3.58188655e+02   5.89472300e-04
   3.58189143e+02   8.12675105e-04
   3.58189631e+02   3.06067202e-04
   3.58190119e+02   2.55634572e-04
   3.58190608e+02   4.05180006e-04
   3.58191096e+02   3.41398845e-04
   3.58191584e+02   4.30928805e-04
   3.58192073e+02   9.31745977e-04
   3.58192561e+02   9.70142544e-04
   3.58193049e+02   2.25370124e-04
   3.58193538e+02  -2.11063714e-04
   3.58194026e+02  -4.40229953e-04
   3.58194514e+02  -8.78214778e-04
   3.58195003e+02  -7.72676489e-04
   3.58195491e+02  -1.26725616e-04
   3.58195979e+02   3.47213354e-04
   3.58196467e+02   3.30956798e-04
   3.58196956e+02   2.84554088e-04
   3.58197444e+02   6.29356829e-04
   3.58197932e+02   8.27698153e-04
   3.58198421e+02   6.56381191e-04
   3.58198909e+02   3.38331884e-04
   3.58199397e+02   2.26767239e-04
   3.58199886e+02   4.71535634e-04
   3.58200374e+02   6.46586064e-04
   3.58200862e+02   6.89348846e-04
   3.58201351e+02   3.50613933e-04
   3.58201839e+02  -3.82149941e-04
   3.58202327e+02  -8.10382015e-04
   3.58202815e+02  -7.71527877e-04
   3.58203304e+02  -4.81564610e-04
   3.58203792e+02  -2.30474805e-04
   3.58204280e+02  -2.49087083e-04
   3.58204769e+02  -5.30897087e-05
   3.58205257e+02   2.00887400e-04
   3.58205745e+02   1.81939758e-04
   3.58206234e+02   1.52511537e-04
   3.58206722e+02   7.83446230e-05
   3.58207210e+02  -6.75852862e-05
   3.58207699e+02   4.27691302e-05
   3.58208187e+02   3.66535067e-04
   3.58208675e+02   7.47994229e-04
   3.58209163e+02   9.71511414e-04
   3.58209652e+02   8.90951313e-04
   3.58210140e+02   6.75571791e-04
   3.58210628e+02   4.09838511e-04
   3.58211117e+02   2.83703721e-05
   3.58211605e+02  -6.18242630e-05
   3.58212093e+02   4.23619524e-04
   3.58212582e+02   1.14529830e-04
   3.58213070e+02  -4.67373786e-04
   3.58213558e+02  -4.48893232e-04
   3.58214047e+02  -4.33294073e-04
   3.58214535e+02  -4.41949058e-04
   3.58215023e+02  -4.10455366e-04
   3.58215511e+02  -4.38779862e-05
   3.58216000e+02   5.62532805e-04
   3.58216488e+02   9.20898223e-04
   3.58216976e+02   1.03373663e-03
   3.58217465e+02   9.13789903e-04
   3.58217953e+02   9.82979080e-04
   3.58218441e+02   9.90953180e-04
   3.58218930e+02   3.00793035e-04
   3.58219418e+02  -2.24546355e-04
   3.58219906e+02   1.81592870e-04
   3.58220395e+02   8.37837870e-04
   3.58220883e+02   6.45344146e-04
   3.58221371e+02   3.50685674e-04
   3.58221860e+02   3.79897363e-04
   3.58222348e+02   5.49852499e-04
   3.58222836e+02   7.33889057e-04
   3.58223324e+02   6.53839670e-04
   3.58223813e+02   3.38695565e-04
   3.58224301e+02  -1.10130866e-04
   3.58224789e+02  -6.47411216e-05
   3.58225278e+02   5.67861658e-04
   3.58225766e+02   7.87189987e-04
   3.58226254e+02   4.99491463e-04
   3.58226743e+02   2.85143142e-05
   3.58227231e+02   2.48926444e-05
   3.58227719e+02   4.61058895e-04
   3.58228208e+02   7.07766449e-04
   3.58228696e+02   6.63092069e-04
   3.58229184e+02   4.37900337e-04
   3.58229672e+02   3.73184012e-05
   3.58230161e+02  -3.54866730e-04
   3.58230649e+02  -3.87202745e-04
   3.58231137e+02  -5.23543917e-04
   3.58231626e+02  -3.26554757e-04
   3.58232114e+02   2.59813765e-04
   3.58232602e+02   3.62272374e-04
   3.58233091e+02   2.11880382e-04
   3.58233579e+02   1.68978295e-04
   3.58234067e+02   1.07582171e-04
   3.58234556e+02   4.21039404e-05
   3.58235044e+02   3.47449473e-04
   3.58235532e+02   1.01101701e-03
   3.58236020e+02   1.05450337e-03
   3.58236509e+02   8.09870369e-04
   3.58236997e+02   7.99258298e-04
   3.58237485e+02   3.76342185e-04
   3.58237974e+02   3.85614076e-05
   3.58238462e+02   3.31459276e-04
   3.58238950e+02   3.91150708e-04
   3.58239439e+02  -3.64276675e-05
   3.58239927e+02  -4.46237653e-04
   3.58240415e+02  -7.09622283e-04
   3.58240904e+02  -8.49309901e-04
   3.58241392e+02  -4.10109642e-04
   3.58241880e+02   2.58913875e-04
   3.58242368e+02   7.47716462e-04
   3.58242857e+02   9.26613691e-04
   3.58243345e+02   8.40394467e-04
   3.58243833e+02   5.30376215e-04
   3.58244322e+02   1.13181814e-04
   3.58244810e+02   1.34069469e-05
   3.58245298e+02  -6.97808937e-05
   3.58245787e+02  -2.94188503e-04
   3.58246275e+02  -4.12575289e-04
   3.58246763e+02  -5.47937118e-04
   3.58247252e+02  -6.19054481e-04
   3.58247740e+02  -1.96782712e-05
   3.58248228e+02   5.35996282e-04
   3.58248716e+02   4.23503632e-04
   3.58249205e+02   1.31711873e-04
   3.58249693e+02   1.09720495e-04
   3.58250181e+02   1.11397771e-04
   3.58250670e+02  -9.10170274e-05
   3.58251158e+02  -1.12800379e-04
   3.58251646e+02  -2.55723047e-04
   3.58252135e+02  -2.75110418e-04
   3.58252623e+02   1.53925066e-04
   3.58253111e+02   2.02935393e-04
   3.58253600e+02  -4.77967085e-04
   3.58254088e+02  -7.50594772e-04
   3.58254576e+02  -5.18453089e-05
   3.58255064e+02   4.44545905e-04
   3.58255553e+02   4.13911912e-04
   3.58256041e+02   3.45061562e-04
   3.58256529e+02   4.05138388e-04
   3.58257018e+02   7.20850134e-04
   3.58257506e+02   5.71953598e-04
   3.58257994e+02  -6.82901646e-06
   3.58258483e+02   1.16008769e-05
   3.58258971e+02   1.55542570e-04
   3.58259459e+02  -1.83676384e-04
   3.58259948e+02  -2.16597356e-04
   3.58260436e+02   2.42571277e-05
   3.58260924e+02   9.73744827e-05
   3.58261412e+02  -1.48629961e-05
   3.58261901e+02  -2.12511542e-04
   3.58262389e+02   1.47252313e-05
   3.58262877e+02   3.69936228e-04
   3.58263366e+02   4.28534375e-04
   3.58263854e+02   7.29340012e-04
   3.58264342e+02   1.18660287e-03
   3.58264831e+02   1.08527695e-03
   3.58265319e+02   5.67202398e-04
   3.58265807e+02   2.30106351e-04
   3.58266296e+02   1.83470140e-04
   3.58266784e+02   2.58346845e-04
   3.58267272e+02   4.80974122e-04
   3.58267761e+02   6.24321925e-04
   3.58268249e+02   4.98150592e-04
   3.58268737e+02   4.20045864e-04
   3.58269225e+02   1.50083026e-04
   3.58269714e+02  -1.57011178e-04
   3.58270202e+02  -1.39583848e-04
   3.58270690e+02  -1.14668888e-04
   3.58271179e+02  -1.67283943e-04
   3.58271667e+02  -2.52003520e-04
   3.58272155e+02   7.97999455e-05
   3.58272644e+02   5.37191285e-04
   3.58273132e+02   8.65477719e-04
   3.58273620e+02   4.28142579e-04
   3.58274109e+02  -2.75754806e-04
   3.58274597e+02  -4.96746448e-04
   3.58275085e+02  -5.45110262e-04
   3.58275573e+02  -3.95454088e-04
   3.58276062e+02  -8.23929950e-05
   3.58276550e+02   5.24171955e-05
   3.58277038e+02   8.63241221e-05
   3.58277527e+02   1.36346280e-04
   3.58278015e+02  -5.88255643e-05
   3.58278503e+02  -1.37395415e-04
   3.58278992e+02   1.45085243e-04
   3.58279480e+02   5.20278525e-04
   3.58279968e+02   6.73146627e-04
   3.58280457e+02   4.37249721e-04
   3.58280945e+02   2.10513506e-04
   3.58281433e+02   3.61558741e-05
   3.58281921e+02  -2.49332807e-04
   3.58282410e+02  -2.40925321e-04
   3.58282898e+02  -1.48587365e-04
   3.58283386e+02  -4.25828504e-04
   3.58283875e+02  -6.51006063e-04
   3.58284363e+02  -6.44962129e-04
   3.58284851e+02  -7.02429621e-04
   3.58285340e+02  -8.94650409e-04
   3.58285828e+02  -1.17410941e-03
   3.58286316e+02  -9.28554800e-04
   3.58286805e+02  -1.84013566e-04
   3.58287293e+02   3.26898182e-04
   3.58287781e+02  -4.17403353e-05
   3.58288269e+02  -9.50183778e-04
   3.58288758e+02  -1.17222464e-03
   3.58289246e+02  -5.00725408e-04
   3.58289734e+02   2.99396983e-04
   3.58290223e+02   5.58107800e-04
   3.58290711e+02   6.41647843e-04
   3.58291199e+02   9.14790144e-04
   3.58291688e+02   6.90593850e-04
   3.58292176e+02   4.67126461e-04
   3.58292664e+02   3.63886938e-04
   3.58293153e+02  -7.70140687e-05
   3.58293641e+02  -8.90283627e-05
   3.58294129e+02   2.32936276e-04
   3.58294617e+02   2.46679527e-04
   3.58295106e+02  -9.97305106e-05
   3.58295594e+02  -4.49217448e-04
   3.58296082e+02  -4.37983719e-04
   3.58296571e+02  -4.75879555e-04
   3.58297059e+02  -4.60864365e-04
   3.58297547e+02   1.80548068e-05
   3.58298036e+02   4.34511952e-04
   3.58298524e+02   5.07231394e-04
   3.58299012e+02   3.71454225e-04
   3.58299501e+02  -1.07693941e-05
   3.58299989e+02  -1.29705149e-04
   3.58300477e+02   1.47464438e-04
   3.58300965e+02   2.03636751e-04
   3.58301454e+02   6.21648214e-04
   3.58301942e+02   1.21756154e-03
   3.58302430e+02   1.10988331e-03
   3.58302919e+02   7.51967600e-04
   3.58303407e+02   3.29845061e-04
   3.58303895e+02  -6.21547370e-05
   3.58304384e+02  -1.44297883e-04
   3.58304872e+02  -3.71754344e-04
   3.58305360e+02  -6.58402336e-04
   3.58305849e+02  -6.05297915e-04
   3.58306337e+02  -4.79656475e-04
   3.58306825e+02  -4.29146836e-04
   3.58307314e+02  -3.11517448e-04
   3.58307802e+02  -1.19782664e-04
   3.58308290e+02   2.41345129e-04
   3.58308778e+02   7.42264849e-04
   3.58309267e+02   1.18402182e-03
   3.58309755e+02   1.43708335e-03
   3.58310243e+02   8.66562943e-04
   3.58310732e+02  -5.68986661e-06
   3.58311220e+02  -2.32331586e-05
   3.58311708e+02  -2.79728647e-05
   3.58312197e+02  -4.21072938e-04
   3.58312685e+02  -4.42701392e-04
   3.58313173e+02  -3.05322465e-04
   3.58313662e+02  -2.12802639e-04
   3.58314150e+02   1.06727355e-04
   3.58314638e+02   3.12706834e-04
   3.58315126e+02   2.10052705e-04
   3.58315615e+02  -7.45876287e-06
   3.58316103e+02  -2.51751597e-04
   3.58316591e+02  -2.34625273e-04
   3.58317080e+02  -2.40718888e-04
   3.58317568e+02  -1.65227146e-04
   3.58318056e+02  -5.49682154e-05
   3.58318545e+02   8.99117877e-05
   3.58319033e+02   4.86407836e-04
   3.58319521e+02   3.06984439e-04
   3.58320010e+02  -2.97763996e-04
   3.58320498e+02  -3.77498887e-04
   3.58320986e+02  -2.13370717e-04
   3.58321474e+02  -1.39853029e-04
   3.58321963e+02   4.44384823e-05
   3.58322451e+02  -1.69350984e-04
   3.58322939e+02  -5.62037283e-04
   3.58323428e+02  -4.30616696e-04
   3.58323916e+02  -2.46383133e-04
   3.58324404e+02   1.27143663e-04
   3.58324893e+02   4.55204485e-04
   3.58325381e+02   6.68603985e-04
   3.58325869e+02   1.17431884e-03
   3.58326358e+02   8.71168042e-04
   3.58326846e+02   1.95461937e-04
   3.58327334e+02  -1.16013929e-04
   3.58327822e+02  -6.04225555e-04
   3.58328311e+02  -4.51169559e-04
   3.58328799e+02   1.62904398e-04
   3.58329287e+02  -1.24722737e-05
   3.58329776e+02  -2.08821584e-04
   3.58330264e+02  -2.12759143e-04
   3.58330752e+02   5.12233055e-05
   3.58331241e+02   5.78302133e-04
   3.58331729e+02   6.56623102e-04
   3.58332217e+02  -1.06934618e-04
   3.58332706e+02  -3.96825140e-04
   3.58333194e+02  -1.84115197e-04
   3.58333682e+02  -8.84119654e-05
   3.58334170e+02   2.05493765e-04
   3.58334659e+02   1.07642081e-04
   3.58335147e+02  -2.32772014e-04
   3.58335635e+02   3.18298044e-05
   3.58336124e+02   1.67385064e-04
   3.58336612e+02  -8.93614415e-05
   3.58337100e+02   7.52082997e-05
   3.58337589e+02   5.04861004e-04
   3.58338077e+02   4.51879576e-04
   3.58338565e+02   1.70611587e-04
   3.58339054e+02   7.99351474e-05
   3.58339542e+02  -9.05890265e-05
   3.58340030e+02   1.34171365e-04
   3.58340518e+02   7.80664093e-04
   3.58341007e+02   8.74237041e-04
   3.58341495e+02   3.82358121e-04
   3.58341983e+02  -2.27136970e-05
   3.58342472e+02  -3.27173329e-04
   3.58342960e+02  -3.02823784e-04
   3.58343448e+02   1.26175320e-04
   3.58343937e+02   3.49495385e-04
   3.58344425e+02   4.58701215e-05
   3.58344913e+02  -5.33099577e-04
   3.58345402e+02  -7.03300699e-04
   3.58345890e+02  -3.68183741e-04
   3.58346378e+02  -2.96335464e-04
   3.58346867e+02  -4.30924614e-04
   3.58347355e+02  -6.44605490e-04
   3.58347843e+02  -1.02069846e-03
   3.58348331e+02  -1.11675507e-03
   3.58348820e+02  -6.41717168e-04
   3.58349308e+02  -1.35527036e-04
   3.58349796e+02   1.58874493e-04
   3.58350285e+02   3.78406461e-04
   3.58350773e+02   4.60606330e-04
   3.58351261e+02   3.55142081e-04
   3.58351750e+02   3.18311999e-04
   3.58352238e+02   4.28176078e-04
   3.58352726e+02   2.15662585e-04
   3.58353215e+02   5.57432977e-05
   3.58353703e+02   2.25542055e-04
   3.58354191e+02  -1.56795693e-04
   3.58354679e+02  -8.36588268e-04
   3.58355168e+02  -4.64551034e-04
   3.58355656e+02   1.55892907e-04
   3.58356144e+02  -9.68117238e-05
   3.58356633e+02  -4.33663809e-04
   3.58357121e+02  -1.02515034e-04
   3.58357609e+02   3.53849289e-04
   3.58358098e+02   3.00344778e-04
   3.58358586e+02   3.01459571e-04
   3.58359074e+02  -8.34482562e-05
   3.58359563e+02  -6.96061179e-04
   3.58360051e+02  -3.29381408e-04
   3.58360539e+02   1.48447711e-04
   3.58361027e+02  -5.39646135e-05
   3.58361516e+02  -3.95577808e-05
   3.58362004e+02   1.39248295e-04
   3.58362492e+02  -2.63529801e-05
   3.58362981e+02  -1.58346666e-04
   3.58363469e+02   4.15170740e-04
   3.58363957e+02   1.28359289e-03
   3.58364446e+02   1.01608259e-03
   3.58364934e+02  -9.99903059e-05
   3.58365422e+02  -5.94164419e-04
   3.58365911e+02  -5.72271005e-04
   3.58366399e+02  -3.90454719e-04
   3.58366887e+02   2.68550357e-04
   3.58367375e+02   4.90078412e-04
   3.58367864e+02   2.85756279e-04
   3.58368352e+02   3.70269299e-05
   3.58368840e+02   1.18123768e-04
   3.58369329e+02   4.45059442e-04
   3.58369817e+02   1.08171174e-04
   3.58370305e+02  -4.52424982e-04
   3.58370794e+02  -9.17683064e-04
   3.58371282e+02  -1.38283079e-03
   3.58371770e+02  -1.34340709e-03
   3.58372259e+02  -8.40624620e-04
   3.58372747e+02  -4.28783766e-04
   3.58373235e+02  -3.52724805e-04
   3.58373723e+02  -3.95605370e-04
   3.58374212e+02  -5.56066574e-04
   3.58374700e+02  -5.43403439e-04
   3.58375188e+02  -1.71108677e-05
   3.58375677e+02   3.30621609e-04
   3.58376165e+02   2.43517803e-04
   3.58376653e+02   1.46500839e-04
   3.58377142e+02   1.02087950e-04
   3.58377630e+02   1.05319530e-04
   3.58378118e+02   5.68520118e-05
   3.58378607e+02  -5.69740332e-05
   3.58379095e+02   9.22417021e-05
   3.58379583e+02   2.53528415e-04
   3.58380071e+02   4.57990391e-05
   3.58380560e+02  -4.01983620e-04
   3.58381048e+02  -6.41972758e-04
   3.58381536e+02  -1.95908360e-04
   3.58382025e+02   3.76219425e-04
   3.58382513e+02   1.13642316e-04
   3.58383001e+02  -5.30840305e-04
   3.58383490e+02  -4.97453322e-04
   3.58383978e+02  -3.72606097e-04
   3.58384466e+02  -2.85593967e-04
   3.58384955e+02   2.17969835e-04
   3.58385443e+02   3.22769192e-04
   3.58385931e+02  -3.47270252e-04
   3.58386420e+02  -7.45146070e-04
   3.58386908e+02  -2.28542296e-04
   3.58387396e+02   2.24402989e-04
   3.58387884e+02  -3.11946875e-04
   3.58388373e+02  -7.49082712e-04
   3.58388861e+02  -8.00098176e-04
   3.58389349e+02  -4.43193450e-04
   3.58389838e+02  -9.52530827e-05
   3.58390326e+02   1.22458287e-05
   3.58390814e+02  -1.27281790e-04
   3.58391303e+02  -2.05727527e-04
   3.58391791e+02  -3.08121147e-04
   3.58392279e+02  -4.23498888e-04
   3.58392768e+02   1.57871065e-04
   3.58393256e+02   4.83793207e-04
   3.58393744e+02   5.17967637e-05
   3.58394232e+02   1.01765108e-04
   3.58394721e+02   3.19071289e-04
   3.58395209e+02   6.62202292e-05
   3.58395697e+02   2.01619041e-04
   3.58396186e+02   5.65673050e-04
   3.58396674e+02   1.74851331e-04
   3.58397162e+02  -4.35906812e-04
   3.58397651e+02  -5.57038991e-04
   3.58398139e+02  -2.76783278e-04
   3.58398627e+02   2.15270520e-05
   3.58399116e+02   1.67734019e-04
   3.58399604e+02   1.32840432e-04
   3.58400092e+02  -4.75183595e-04
   3.58400580e+02  -1.02351140e-03
   3.58401069e+02  -5.43593313e-04
   3.58401557e+02   3.86305464e-06
   3.58402045e+02  -1.71286723e-04
   3.58402534e+02  -2.66148825e-04
   3.58403022e+02  -3.07056762e-04
   3.58403510e+02  -5.67868992e-04
   3.58403999e+02  -6.63720886e-04
   3.58404487e+02  -7.30048632e-04
   3.58404975e+02  -5.60890592e-04
   3.58405464e+02  -2.82100460e-04
   3.58405952e+02  -5.00374648e-04
   3.58406440e+02  -7.07697065e-04
   3.58406928e+02  -7.49423343e-04
   3.58407417e+02  -6.17141952e-04
   3.58407905e+02  -1.66858212e-04
   3.58408393e+02  -1.92703392e-05
   3.58408882e+02  -5.72135214e-05
   3.58409370e+02  -6.14401579e-05
   3.58409858e+02  -2.39258719e-04
   3.58410347e+02  -1.09467917e-04
   3.58410835e+02  -6.07346701e-05
   3.58411323e+02   7.56930458e-05
   3.58411812e+02   6.40817103e-04
   3.58412300e+02   9.75491479e-04
   3.58412788e+02   8.87453672e-04
   3.58413276e+02   4.20492986e-04
   3.58413765e+02  -2.48902797e-04
   3.58414253e+02  -5.70723496e-04
   3.58414741e+02  -4.83659358e-04
   3.58415230e+02  -4.88464953e-04
   3.58415718e+02  -7.81340350e-04
   3.58416206e+02  -6.09031238e-04
   3.58416695e+02   4.74088265e-05
   3.58417183e+02   3.87019361e-04
   3.58417671e+02   2.81228888e-04
   3.58418160e+02   1.97738569e-04
   3.58418648e+02   2.24881296e-04
   3.58419136e+02   1.73121312e-04
   3.58419624e+02   2.26227239e-05
   3.58420113e+02   8.54751706e-05
   3.58420601e+02   2.86221446e-04
   3.58421089e+02   1.66461206e-04
   3.58421578e+02  -1.14059032e-04
   3.58422066e+02  -3.32553143e-04
   3.58422554e+02  -1.59752322e-04
   3.58423043e+02   3.72692826e-04
   3.58423531e+02   6.04283472e-04
   3.58424019e+02   2.96875718e-04
   3.58424508e+02   1.84036850e-04
   3.58424996e+02   4.97141795e-04
   3.58425484e+02   3.43867694e-04
   3.58425973e+02  -3.52917414e-05
   3.58426461e+02  -5.19691057e-05
   3.58426949e+02  -9.25502463e-05
   3.58427437e+02  -3.09087773e-04
   3.58427926e+02  -6.04800240e-04
   3.58428414e+02  -4.79054288e-04
   3.58428902e+02   1.47481778e-05
   3.58429391e+02  -6.89985536e-05
   3.58429879e+02  -3.01426597e-04
   3.58430367e+02   4.64951991e-05
   3.58430856e+02   3.95973446e-04
   3.58431344e+02   1.82264659e-04
   3.58431832e+02  -1.54730704e-04
   3.58432321e+02   1.28444604e-04
   3.58432809e+02   5.86068083e-04
   3.58433297e+02   3.05352878e-04
   3.58433785e+02  -1.49842046e-04
   3.58434274e+02  -9.26540815e-05
   3.58434762e+02   6.17147234e-05
   3.58435250e+02   8.43155340e-06
   3.58435739e+02   1.38422358e-04
   3.58436227e+02   3.96215823e-04
   3.58436715e+02   4.11721907e-04
   3.58437204e+02   1.11734698e-04
   3.58437692e+02  -1.26321102e-04
   3.58438180e+02  -6.12606163e-05
   3.58438669e+02   6.78505603e-05
   3.58439157e+02   2.20922637e-04
   3.58439645e+02   3.14528501e-04
   3.58440133e+02   4.27873834e-04
   3.58440622e+02   6.39700913e-04
   3.58441110e+02   4.98777197e-04
   3.58441598e+02  -7.72023195e-05
   3.58442087e+02  -3.60487698e-04
   3.58442575e+02  -4.96311695e-04
   3.58443063e+02  -8.27900192e-04
   3.58443552e+02  -5.42138703e-04
   3.58444040e+02  -3.86984939e-05
   3.58444528e+02  -9.98482501e-05
   3.58445017e+02  -8.93332399e-05
   3.58445505e+02   1.13833092e-04
   3.58445993e+02   1.94158725e-04
   3.58446481e+02   3.24524735e-04
   3.58446970e+02   1.66883110e-04
   3.58447458e+02  -1.74081913e-04
   3.58447946e+02   1.24894243e-04
   3.58448435e+02   4.72900661e-04
   3.58448923e+02   1.29163178e-04
   3.58449411e+02  -3.17671162e-04
   3.58449900e+02  -3.58453137e-04
   3.58450388e+02  -2.70074088e-04
   3.58450876e+02  -2.52703816e-04
   3.58451365e+02  -2.30776659e-05
   3.58451853e+02  -2.15427572e-04
   3.58452341e+02  -5.21040056e-04
   3.58452829e+02  -1.83998593e-04
   3.58453318e+02   1.05187675e-04
   3.58453806e+02   7.94328662e-06
   3.58454294e+02  -3.84356623e-04
   3.58454783e+02  -7.79516937e-04
   3.58455271e+02  -6.60155260e-04
   3.58455759e+02  -3.07989889e-04
   3.58456248e+02  -2.60382018e-04
   3.58456736e+02  -5.31459402e-04
   3.58457224e+02  -8.53945792e-04
   3.58457713e+02  -7.69210863e-04
   3.58458201e+02  -4.16599185e-04
   3.58458689e+02  -2.38363773e-05
   3.58459177e+02   2.99242325e-04
   3.58459666e+02   1.64716461e-04
   3.58460154e+02  -4.49963627e-05
   3.58460642e+02   2.76997398e-05
   3.58461131e+02  -3.12158750e-06
   3.58461619e+02  -9.72690250e-05
   3.58462107e+02  -1.45498969e-04
   3.58462596e+02  -2.74039601e-04
   3.58463084e+02  -4.31962369e-04
   3.58463572e+02  -3.89838329e-04
   3.58464061e+02  -1.64309735e-04
   3.58464549e+02   3.13095807e-05
   3.58465037e+02   1.41020559e-04
   3.58465526e+02   1.16694595e-04
   3.58466014e+02  -1.73806897e-04
   3.58466502e+02  -5.95610123e-04
   3.58466990e+02  -3.68841575e-04
   3.58467479e+02  -1.29862412e-04
   3.58467967e+02  -4.32188623e-04
   3.58468455e+02  -3.21178290e-04
   3.58468944e+02   2.56584113e-04
   3.58469432e+02   1.22646481e-04
   3.58469920e+02  -6.01044274e-04
   3.58470409e+02  -8.63716705e-04
   3.58470897e+02  -5.26885211e-04
   3.58471385e+02   2.69227894e-04
   3.58471874e+02   7.46525649e-04
   3.58472362e+02   1.32745772e-04
   3.58472850e+02  -3.21413827e-04
   3.58473338e+02   2.01779229e-04
   3.58473827e+02   2.24646050e-04
   3.58474315e+02  -3.08908668e-04
   3.58474803e+02  -2.83132133e-04
   3.58475292e+02  -2.11334293e-04
   3.58475780e+02  -7.00721357e-05
   3.58476268e+02   1.88387290e-04
   3.58476757e+02   1.95604935e-05
   3.58477245e+02   4.89496451e-05
   3.58477733e+02   3.59635393e-04
   3.58478222e+02   3.98850912e-04
   3.58478710e+02   3.50394082e-04
   3.58479198e+02   2.68631877e-04
   3.58479686e+02   8.46040712e-05
   3.58480175e+02   1.32853791e-04
   3.58480663e+02   5.03421994e-04
   3.58481151e+02   9.70134628e-04
   3.58481640e+02   9.59879952e-04
   3.58482128e+02   2.54820246e-04
   3.58482616e+02  -2.04491880e-04
   3.58483105e+02   1.68527367e-06
   3.58483593e+02   3.71302449e-05
   3.58484081e+02  -1.86318677e-04
   3.58484570e+02  -2.12763014e-04
   3.58485058e+02   2.38988825e-04
   3.58485546e+02   8.65724811e-04
   3.58486034e+02   1.10849144e-03
   3.58486523e+02   8.84775247e-04
   3.58487011e+02   5.78237290e-04
   3.58487499e+02   3.33661097e-04
   3.58487988e+02  -1.82770324e-04
   3.58488476e+02  -6.11891155e-04
   3.58488964e+02  -2.99006759e-04
   3.58489453e+02   9.96961899e-05
   3.58489941e+02  -4.26353035e-05
   3.58490429e+02  -5.37383778e-04
   3.58490918e+02  -8.69632233e-04
   3.58491406e+02  -7.19544943e-04
   3.58491894e+02  -9.70237452e-05
   3.58492382e+02   5.36310021e-04
   3.58492871e+02   7.14031397e-04
   3.58493359e+02   4.82773379e-04
   3.58493847e+02  -5.56547529e-05
   3.58494336e+02  -6.78864832e-04
   3.58494824e+02  -7.00239791e-04
   3.58495312e+02  -1.33478999e-04
   3.58495801e+02   5.51743142e-05
   3.58496289e+02  -2.71444937e-04
   3.58496777e+02  -3.92747781e-04
   3.58497266e+02  -2.88703159e-04
   3.58497754e+02  -1.54764930e-04
   3.58498242e+02  -6.53111638e-05
   3.58498730e+02  -3.40694300e-04
   3.58499219e+02  -2.98835570e-04
   3.58499707e+02   5.81027925e-05
   3.58500195e+02   2.20937945e-04
   3.58500684e+02   2.20754897e-04
   3.58501172e+02  -6.24239256e-05
   3.58501660e+02  -4.23542078e-04
   3.58502149e+02  -6.88438129e-04
   3.58502637e+02  -5.61877561e-04
   3.58503125e+02  -3.19279090e-04
   3.58503614e+02  -5.24743693e-04
   3.58504102e+02  -6.18000166e-04
   3.58504590e+02  -5.73978643e-04
   3.58505079e+02  -8.34421779e-04
   3.58505567e+02  -7.93499814e-04
   3.58506055e+02  -7.94782536e-04
   3.58506543e+02  -8.05628370e-04
   3.58507032e+02  -7.73366657e-04
   3.58507520e+02  -7.07703526e-04
   3.58508008e+02  -2.51686579e-04
   3.58508497e+02   3.36205238e-04
   3.58508985e+02   4.38371469e-04
   3.58509473e+02   1.65152684e-04
   3.58509962e+02  -2.95031496e-05
   3.58510450e+02   5.49720935e-05
   3.58510938e+02  -2.46373893e-05
   3.58511427e+02   7.19762538e-05
   3.58511915e+02   4.35132766e-04
   3.58512403e+02   6.18307386e-05
   3.58512891e+02  -4.56848356e-04
   3.58513380e+02  -2.16957545e-04
   3.58513868e+02  -3.51680683e-05
   3.58514356e+02   2.11526149e-05
   3.58514845e+02   7.82209041e-04
   3.58515333e+02   1.16848422e-03
   3.58515821e+02   7.90841004e-04
   3.58516310e+02   7.89677317e-04
   3.58516798e+02   7.27945298e-04
   3.58517286e+02   3.33911776e-05
   3.58517775e+02  -3.38506070e-04
   3.58518263e+02  -7.68185564e-05
   3.58518751e+02   2.00261216e-04
   3.58519239e+02   3.93726077e-04
   3.58519728e+02   3.69224232e-04
   3.58520216e+02   3.47765192e-04
   3.58520704e+02   2.12375162e-04
   3.58521193e+02  -1.00155667e-04
   3.58521681e+02  -8.46887633e-05
   3.58522169e+02   2.78788095e-04
   3.58522658e+02   1.99723028e-04
   3.58523146e+02  -4.71585110e-04
   3.58523634e+02  -7.50866951e-04
   3.58524123e+02  -3.68480687e-04
   3.58524611e+02   2.08477999e-04
   3.58525099e+02   8.52363475e-04
   3.58525587e+02   1.25722075e-03
   3.58526076e+02   1.09576376e-03
   3.58526564e+02   5.32587932e-04
   3.58527052e+02  -1.96461580e-04
   3.58527541e+02  -5.23998926e-04
   3.58528029e+02  -1.23293110e-04
   3.58528517e+02   5.36086562e-04
   3.58529006e+02   6.28722715e-04
   3.58529494e+02  -6.09187482e-05
   3.58529982e+02  -5.32685255e-04
   3.58530471e+02  -1.29998589e-04
   3.58530959e+02   5.93380071e-04
   3.58531447e+02   9.61888814e-04
   3.58531935e+02   9.28370340e-04
   3.58532424e+02   5.54289261e-04
   3.58532912e+02  -2.25042211e-04
   3.58533400e+02  -8.95309728e-04
   3.58533889e+02  -1.11549802e-03
   3.58534377e+02  -5.14799205e-04
   3.58534865e+02   4.01626341e-04
   3.58535354e+02   4.48042410e-04
   3.58535842e+02  -1.75030873e-05
   3.58536330e+02  -1.21652309e-04
   3.58536819e+02  -2.25454351e-04
   3.58537307e+02  -6.64529100e-04
   3.58537795e+02  -8.73867481e-04
   3.58538283e+02  -6.87108957e-04
   3.58538772e+02  -5.83428948e-04
   3.58539260e+02  -2.58673594e-04
   3.58539748e+02   3.53818294e-04
   3.58540237e+02   6.31551840e-04
   3.58540725e+02   4.06153296e-04
   3.58541213e+02  -9.53955969e-05
   3.58541702e+02  -5.16186527e-04
   3.58542190e+02  -4.30782646e-04
   3.58542678e+02  -2.65261799e-04
   3.58543167e+02  -3.13029217e-04
   3.58543655e+02  -8.95355261e-05
   3.58544143e+02   3.55295546e-04
   3.58544632e+02   3.79532663e-04
   3.58545120e+02   1.28892119e-04
   3.58545608e+02   1.32993091e-05
   3.58546096e+02   2.78414751e-04
   3.58546585e+02   6.56426360e-04
   3.58547073e+02   5.69682568e-04
   3.58547561e+02   1.96183682e-04
   3.58548050e+02  -1.00676280e-05
   3.58548538e+02   6.62476596e-05
   3.58549026e+02   3.87631706e-04
   3.58549515e+02   5.83128014e-04
   3.58550003e+02   2.65634939e-04
   3.58550491e+02  -1.57789516e-04
   3.58550980e+02  -2.21866547e-04
   3.58551468e+02   5.40956717e-05
   3.58551956e+02   4.51548083e-04
   3.58552444e+02   3.79121018e-04
   3.58552933e+02  -1.77679613e-04
   3.58553421e+02  -3.54281074e-04
   3.58553909e+02  -4.31146793e-04
   3.58554398e+02  -4.78817063e-04
   3.58554886e+02  -5.00403927e-04
   3.58555374e+02  -9.62334336e-04
   3.58555863e+02  -1.59231259e-03
   3.58556351e+02  -1.64151704e-03
   3.58556839e+02  -1.01835653e-03
   3.58557328e+02  -6.02702086e-04
   3.58557816e+02  -5.99631283e-04
   3.58558304e+02  -4.92543739e-04
   3.58558792e+02   4.49225763e-06
   3.58559281e+02   6.04004192e-04
   3.58559769e+02   2.90434924e-04
   3.58560257e+02  -4.60415933e-04
   3.58560746e+02  -4.59064875e-04
   3.58561234e+02  -3.69486515e-05
   3.58561722e+02   6.91658133e-05
   3.58562211e+02   5.75799022e-05
   3.58562699e+02  -8.30317222e-05
   3.58563187e+02  -1.21718949e-04
   3.58563676e+02   6.35962817e-04
   3.58564164e+02   7.76087109e-04
   3.58564652e+02   8.31360288e-04
   3.58565140e+02   5.12841449e-04
   3.58565629e+02  -6.19820275e-05
   3.58566117e+02  -5.39913832e-04
   3.58566605e+02  -3.07994836e-04
   3.58567094e+02   3.94964416e-04
   3.58567582e+02   5.12204424e-04
   3.58568070e+02   2.52494821e-04
   3.58568559e+02   1.24112368e-04
   3.58569047e+02   9.13418917e-05
   3.58569535e+02   3.89025226e-04
   3.58570024e+02   5.48140437e-04
   3.58570512e+02   9.61358965e-05
   3.58571000e+02  -5.03747608e-04
   3.58571488e+02  -3.56996461e-04
   3.58571977e+02   1.53241912e-04
   3.58572465e+02  -2.52485537e-04
   3.58572953e+02  -1.08845148e-03
   3.58573442e+02  -1.00118644e-03
   3.58573930e+02   4.47398488e-05
   3.58574418e+02   7.37394672e-04
   3.58574907e+02   4.64550161e-04
   3.58575395e+02   6.61555605e-05
   3.58575883e+02  -1.37712181e-04
   3.58576372e+02   1.38460746e-04
   3.58576860e+02   6.02934626e-04
   3.58577348e+02   4.38122544e-04
   3.58577836e+02   2.09118385e-04
   3.58578325e+02   1.04620522e-04
   3.58578813e+02  -1.78035378e-04
   3.58579301e+02  -2.97625695e-04
   3.58579790e+02  -5.16335305e-04
   3.58580278e+02  -9.73610091e-04
   3.58580766e+02  -1.01154228e-03
   3.58581255e+02  -4.81226161e-04
   3.58581743e+02   1.33889713e-04
   3.58582231e+02   7.26054423e-05
   3.58582720e+02  -2.47211719e-04
   3.58583208e+02  -1.24034035e-04
   3.58583696e+02  -2.27204786e-04
   3.58584185e+02  -5.04777592e-04
   3.58584673e+02  -2.20143163e-04
   3.58585161e+02   2.57973043e-05
   3.58585649e+02  -4.53269022e-05
   3.58586138e+02  -3.76673677e-04
   3.58586626e+02  -7.11993081e-04
   3.58587114e+02  -2.60077068e-04
   3.58587603e+02   4.93578089e-04
   3.58588091e+02   1.84675693e-04
   3.58588579e+02  -6.14513119e-04
   3.58589068e+02  -8.59304797e-04
   3.58589556e+02  -6.25478162e-04
   3.58590044e+02  -6.44858374e-05
   3.58590533e+02   3.78188619e-04
   3.58591021e+02   4.77252994e-04
   3.58591509e+02   5.56673214e-04
   3.58591997e+02   5.61514287e-04
   3.58592486e+02   2.58340035e-04
   3.58592974e+02   1.09084685e-04
   3.58593462e+02   4.38201037e-04
   3.58593951e+02   9.88328713e-04
   3.58594439e+02   9.64409730e-04
   3.58594927e+02   5.30595717e-04
   3.58595416e+02   2.77267158e-04
   3.58595904e+02   5.52706013e-04
   3.58596392e+02   8.88632552e-04
   3.58596881e+02   4.40124859e-04
   3.58597369e+02  -4.40693810e-04
   3.58597857e+02  -7.79195281e-04
   3.58598345e+02  -5.56414248e-04
   3.58598834e+02  -5.90188720e-04
   3.58599322e+02  -6.06703979e-04
   3.58599810e+02  -2.73175276e-04
   3.58600299e+02  -3.18219274e-04
   3.58600787e+02  -5.15226682e-04
   3.58601275e+02  -1.69634746e-04
   3.58601764e+02  -1.58431430e-04
   3.58602252e+02  -6.80046971e-04
   3.58602740e+02  -6.53311203e-04
   3.58603229e+02  -3.12678923e-04
   3.58603717e+02  -2.17856446e-04
   3.58604205e+02  -8.26125688e-05
   3.58604693e+02   1.74324043e-04
   3.58605182e+02   2.98259314e-04
   3.58605670e+02   9.03100517e-05
   3.58606158e+02  -1.90064748e-04
   3.58606647e+02  -3.01275082e-04
   3.58607135e+02  -1.98734597e-05
   3.58607623e+02   5.55360930e-05
   3.58608112e+02  -4.75782581e-04
   3.58608600e+02  -6.55245676e-04
   3.58609088e+02   2.83555473e-05
   3.58609577e+02   7.43515615e-04
   3.58610065e+02   7.97306420e-04
   3.58610553e+02   7.94844353e-04
   3.58611041e+02   7.67561316e-04
   3.58611530e+02   4.92758525e-04
   3.58612018e+02   3.70834954e-04
   3.58612506e+02   4.46763952e-05
   3.58612995e+02  -4.71878768e-04
   3.58613483e+02  -6.62733044e-04
   3.58613971e+02  -4.72741784e-04
   3.58614460e+02  -1.96506197e-04
   3.58614948e+02  -1.17830125e-04
   3.58615436e+02  -4.41238699e-05
   3.58615925e+02   4.60151176e-04
   3.58616413e+02   8.44945491e-04
   3.58616901e+02   3.02920642e-04
   3.58617389e+02  -3.00791668e-04
   3.58617878e+02  -2.10268612e-04
   3.58618366e+02   2.22303366e-04
   3.58618854e+02   7.34902918e-04
   3.58619343e+02   6.02555228e-04
   3.58619831e+02  -8.61710505e-05
   3.58620319e+02  -4.20907745e-04
   3.58620808e+02  -1.80717980e-04
   3.58621296e+02   3.35605524e-04
   3.58621784e+02   3.44081316e-04
   3.58622273e+02  -2.72315781e-04
   3.58622761e+02  -2.18489469e-04
   3.58623249e+02  -2.93592148e-05
   3.58623738e+02  -2.95312959e-04
   3.58624226e+02  -7.18670723e-04
   3.58624714e+02  -6.41411636e-04
   3.58625202e+02   4.76424020e-06
   3.58625691e+02   4.07914631e-04
   3.58626179e+02   3.62296880e-04
   3.58626667e+02   2.66930554e-04
   3.58627156e+02   2.93130928e-04
   3.58627644e+02   2.79489352e-04
   3.58628132e+02   4.23603451e-05
   3.58628621e+02  -2.95229751e-04
   3.58629109e+02  -4.87841200e-04
   3.58629597e+02  -3.38930287e-04
   3.58630086e+02  -1.19431192e-04
   3.58630574e+02  -3.64871754e-04
   3.58631062e+02  -6.21822430e-04
   3.58631550e+02  -3.06045287e-04
   3.58632039e+02  -1.52505105e-04
   3.58632527e+02  -5.61396009e-05
   3.58633015e+02   3.89585301e-04
   3.58633504e+02   3.87317239e-04
   3.58633992e+02   2.65481649e-04
   3.58634480e+02   3.45033826e-04
   3.58634969e+02   3.24126129e-04
   3.58635457e+02   6.51088310e-04
   3.58635945e+02   8.54747719e-04
   3.58636434e+02   6.81926671e-04
   3.58636922e+02   5.64747490e-04
   3.58637410e+02   3.66076769e-04
   3.58637898e+02   1.25191291e-05
   3.58638387e+02  -9.05175111e-05
   3.58638875e+02   1.77464521e-04
   3.58639363e+02   4.21408797e-04
   3.58639852e+02   7.56686379e-04
   3.58640340e+02   8.84884445e-04
   3.58640828e+02   6.78984099e-04
   3.58641317e+02   3.88068584e-04
   3.58641805e+02   1.66878206e-04
   3.58642293e+02   2.80721084e-04
   3.58642782e+02   4.39083757e-04
   3.58643270e+02   1.81967174e-04
   3.58643758e+02   2.22777409e-04
   3.58644246e+02   6.15065626e-04
   3.58644735e+02   9.23482876e-04
   3.58645223e+02   1.28711236e-03
   3.58645711e+02   1.31919538e-03
   3.58646200e+02   8.58917192e-04
   3.58646688e+02   1.67111721e-04
   3.58647176e+02  -1.43245867e-04
   3.58647665e+02   2.70638586e-04
   3.58648153e+02   6.97744195e-04
   3.58648641e+02   3.44559929e-04
   3.58649130e+02  -1.31163120e-04
   3.58649618e+02  -1.23920589e-04
   3.58650106e+02  -3.68723995e-05
   3.58650594e+02  -1.41708500e-04
   3.58651083e+02  -2.56306928e-04
   3.58651571e+02  -1.91174113e-04
   3.58652059e+02   1.23455669e-04
   3.58652548e+02   5.21674810e-04
   3.58653036e+02   6.40474260e-04
   3.58653524e+02   2.60107307e-04
   3.58654013e+02  -2.59355846e-04
   3.58654501e+02  -6.21354440e-04
   3.58654989e+02  -4.74897824e-04
   3.58655478e+02  -9.76688170e-05
   3.58655966e+02  -3.79521007e-05
   3.58656454e+02  -4.21143632e-04
   3.58656942e+02  -5.80833585e-04
   3.58657431e+02  -2.58998276e-04
   3.58657919e+02   1.56922251e-04
   3.58658407e+02   1.59832751e-04
   3.58658896e+02  -5.40830952e-05
   3.58659384e+02   1.51077747e-05
   3.58659872e+02  -1.27138512e-04
   3.58660361e+02  -4.28152445e-04
   3.58660849e+02  -5.13734471e-04
   3.58661337e+02  -2.48135329e-04
   3.58661826e+02   1.13322276e-04
   3.58662314e+02   2.50247278e-04
   3.58662802e+02   3.68397945e-04
   3.58663291e+02   6.43088570e-05
   3.58663779e+02  -1.82810239e-04
   3.58664267e+02   4.10812325e-04
   3.58664755e+02   3.04701563e-04
   3.58665244e+02  -5.82221895e-04
   3.58665732e+02  -8.69290903e-04
   3.58666220e+02  -4.34222660e-04
   3.58666709e+02  -1.49004394e-04
   3.58667197e+02  -5.67717303e-04
   3.58667685e+02  -7.52820401e-04
   3.58668174e+02  -2.48825178e-04
   3.58668662e+02  -2.61562200e-05
   3.58669150e+02  -2.35925036e-04
   3.58669639e+02   1.21704819e-04
   3.58670127e+02   6.64330611e-04
   3.58670615e+02   5.01542003e-04
   3.58671103e+02   1.70057043e-04
   3.58671592e+02   3.18173581e-04
   3.58672080e+02   5.11823862e-04
   3.58672568e+02   3.77191172e-04
   3.58673057e+02  -4.66245292e-05
   3.58673545e+02  -4.07386280e-04
   3.58674033e+02  -2.81618035e-04
   3.58674522e+02  -3.31429968e-04
   3.58675010e+02  -7.45286001e-04
   3.58675498e+02  -4.75080044e-04
   3.58675987e+02   1.78964663e-04
   3.58676475e+02   2.47204414e-04
   3.58676963e+02  -2.57426582e-04
   3.58677451e+02  -3.24069842e-04
   3.58677940e+02   2.54041166e-04
   3.58678428e+02   4.76542249e-04
   3.58678916e+02   5.95773570e-04
   3.58679405e+02   1.00827834e-03
   3.58679893e+02   1.09540252e-03
   3.58680381e+02   4.41462005e-04
   3.58680870e+02  -4.33941343e-04
   3.58681358e+02  -6.18592603e-05
   3.58681846e+02   1.09894772e-03
   3.58682335e+02   1.82546908e-03
   3.58682823e+02   1.85006217e-03
   3.58683311e+02   1.17930234e-03
   3.58683799e+02   1.70584957e-04
   3.58684288e+02  -1.39366806e-04
   3.58684776e+02   2.98764789e-04
   3.58685264e+02   3.90852627e-04
   3.58685753e+02   3.61710205e-04
   3.58686241e+02   6.56861346e-04
   3.58686729e+02   6.67544315e-04
   3.58687218e+02   1.10844026e-04
   3.58687706e+02  -3.97084106e-04
   3.58688194e+02  -4.35813563e-04
   3.58688683e+02  -4.84770833e-04
   3.58689171e+02  -6.65898609e-04
   3.58689659e+02  -5.78556443e-04
   3.58690147e+02  -2.52802653e-04
   3.58690636e+02   1.56962458e-04
   3.58691124e+02   3.42854968e-04
   3.58691612e+02   4.39046853e-04
   3.58692101e+02   9.28479014e-04
   3.58692589e+02   9.97962547e-04
   3.58693077e+02   2.93953024e-04
   3.58693566e+02  -1.06011801e-04
   3.58694054e+02  -1.48388295e-04
   3.58694542e+02  -2.14665837e-04
   3.58695031e+02  -1.30748813e-04
   3.58695519e+02   2.37162341e-04
   3.58696007e+02   1.92295221e-04
   3.58696495e+02  -4.98698093e-04
   3.58696984e+02  -5.86807320e-04
   3.58697472e+02  -3.80897720e-04
   3.58697960e+02  -4.01630823e-04
   3.58698449e+02  -1.33563169e-08
   3.58698937e+02   4.84126540e-05
   3.58699425e+02  -4.29738575e-04
   3.58699914e+02  -6.74429873e-04
   3.58700402e+02  -4.08501131e-04
   3.58700890e+02  -1.13266746e-04
   3.58701379e+02  -1.04927014e-04
   3.58701867e+02  -4.92351537e-05
   3.58702355e+02   1.21376426e-04
   3.58702844e+02   4.15277871e-04
   3.58703332e+02   1.79426657e-04
   3.58703820e+02  -3.19029175e-04
   3.58704308e+02  -3.90639725e-05
   3.58704797e+02   4.88479272e-04
   3.58705285e+02   4.53684799e-04
   3.58705773e+02   1.22306737e-04
   3.58706262e+02  -1.90589795e-04
   3.58706750e+02  -3.90432397e-04
   3.58707238e+02  -5.23556046e-05
   3.58707727e+02   4.21591772e-04
   3.58708215e+02   2.33304934e-04
   3.58708703e+02  -2.97539955e-04
   3.58709192e+02  -2.88442010e-04
   3.58709680e+02  -1.74655812e-04
   3.58710168e+02   1.80841569e-04
   3.58710656e+02   5.77781349e-04
   3.58711145e+02   7.34868590e-05
   3.58711633e+02  -8.77912607e-05
   3.58712121e+02   7.66241457e-04
   3.58712610e+02   9.68616165e-04
   3.58713098e+02   2.95211707e-04
   3.58713586e+02  -1.57605289e-04
   3.58714075e+02  -3.48217931e-04
   3.58714563e+02  -3.37166915e-04
   3.58715051e+02  -4.66206911e-05
   3.58715540e+02   1.82475313e-04
   3.58716028e+02   4.36517526e-04
   3.58716516e+02   8.35317012e-04
   3.58717004e+02   9.61044570e-04
   3.58717493e+02   6.36120152e-04
   3.58717981e+02   2.28314369e-04
   3.58718469e+02   2.11697057e-04
   3.58718958e+02   1.54109031e-04
   3.58719446e+02   6.90720917e-05
   3.58719934e+02   2.91750293e-05
   3.58720423e+02  -5.29058045e-04
   3.58720911e+02  -1.04406860e-03
   3.58721399e+02  -7.26808561e-04
   3.58721888e+02   1.60019117e-04
   3.58722376e+02   6.75038144e-04
   3.58722864e+02   4.89360827e-04
   3.58723352e+02   2.31424056e-04
   3.58723841e+02   3.86983214e-04
   3.58724329e+02   3.30145063e-04
   3.58724817e+02  -1.08985972e-04
   3.58725306e+02  -2.24501709e-04
   3.58725794e+02   1.09703960e-05
   3.58726282e+02   1.91367202e-04
   3.58726771e+02   2.72964302e-04
   3.58727259e+02   3.87276697e-04
   3.58727747e+02  -6.33312811e-05
   3.58728236e+02  -7.78035086e-04
   3.58728724e+02  -7.07564934e-04
   3.58729212e+02  -6.94894523e-04
   3.58729700e+02  -9.80698038e-04
   3.58730189e+02  -7.90399034e-04
   3.58730677e+02  -5.66226256e-04
   3.58731165e+02  -6.53374009e-04
   3.58731654e+02  -7.88503734e-04
   3.58732142e+02  -4.43282916e-04
   3.58732630e+02  -9.99159456e-05
   3.58733119e+02  -1.19657481e-04
   3.58733607e+02  -2.01418385e-04
   3.58734095e+02  -5.20875692e-05
   3.58734584e+02   4.20972006e-04
   3.58735072e+02   7.39797484e-04
   3.58735560e+02   7.16788869e-04
   3.58736048e+02   3.29651783e-04
   3.58736537e+02   9.08396396e-05
   3.58737025e+02   4.25941835e-06
   3.58737513e+02  -5.17488690e-04
   3.58738002e+02  -8.64016358e-04
   3.58738490e+02  -6.16540550e-04
   3.58738978e+02  -6.05006993e-04
   3.58739467e+02  -6.93784968e-04
   3.58739955e+02  -7.19263568e-04
   3.58740443e+02  -8.49108736e-04
   3.58740932e+02  -9.48062341e-04
   3.58741420e+02  -4.43741301e-04
   3.58741908e+02   7.44353223e-04
   3.58742397e+02   1.27518678e-03
   3.58742885e+02   5.54791128e-04
   3.58743373e+02  -3.14978854e-04
   3.58743861e+02  -4.59075207e-04
   3.58744350e+02  -2.76940380e-04
   3.58744838e+02  -4.13933507e-04
   3.58745326e+02  -2.09505626e-04
   3.58745815e+02   4.17653209e-04
   3.58746303e+02   5.09468024e-04
   3.58746791e+02   4.23962279e-04
   3.58747280e+02   5.95090911e-04
   3.58747768e+02   5.84924710e-04
   3.58748256e+02   1.67326245e-04
   3.58748745e+02  -2.27761739e-05
   3.58749233e+02   9.23166008e-05
   3.58749721e+02  -9.44947678e-05
   3.58750209e+02  -4.84868593e-04
   3.58750698e+02  -9.97136929e-04
   3.58751186e+02  -1.23272522e-03
   3.58751674e+02  -5.72394114e-04
   3.58752163e+02  -1.22725614e-04
   3.58752651e+02  -1.63316785e-04
   3.58753139e+02   2.02168638e-04
   3.58753628e+02   8.51587160e-04
   3.58754116e+02   8.35824059e-04
   3.58754604e+02   1.97752411e-06
   3.58755093e+02  -6.80244062e-04
   3.58755581e+02  -8.29210680e-04
   3.58756069e+02  -5.61486755e-04
   3.58756557e+02  -1.34413043e-04
   3.58757046e+02  -7.99337358e-05
   3.58757534e+02  -6.39172067e-05
   3.58758022e+02   1.30882312e-04
   3.58758511e+02   1.57908362e-05
   3.58758999e+02  -1.72741187e-04
   3.58759487e+02  -1.01659083e-04
   3.58759976e+02   6.34068201e-05
   3.58760464e+02   1.51051194e-04
   3.58760952e+02   1.25482751e-04
   3.58761441e+02   4.06531588e-04
   3.58761929e+02   8.17740511e-04
   3.58762417e+02   7.87567114e-04
   3.58762905e+02   2.02056821e-04
   3.58763394e+02  -3.61404964e-04
   3.58763882e+02  -5.18647954e-04
   3.58764370e+02  -3.90928268e-04
   3.58764859e+02  -6.03818953e-05
   3.58765347e+02   3.84282932e-04
   3.58765835e+02   3.60374543e-04
   3.58766324e+02  -4.09981621e-05
   3.58766812e+02  -4.65073477e-04
   3.58767300e+02  -6.41725259e-04
   3.58767789e+02  -2.18347355e-04
   3.58768277e+02   1.77982642e-04
   3.58768765e+02  -8.25341049e-05
   3.58769253e+02  -5.05937845e-04
   3.58769742e+02  -7.50731386e-04
   3.58770230e+02  -9.19798447e-04
   3.58770718e+02  -4.28653148e-04
   3.58771207e+02  -1.43506895e-05
   3.58771695e+02  -9.40786776e-05
   3.58772183e+02   9.50666217e-05
   3.58772672e+02   6.35010714e-04
   3.58773160e+02   1.22696138e-03
   3.58773648e+02   1.47217384e-03
   3.58774137e+02   1.26234081e-03
   3.58774625e+02   1.10001408e-03
   3.58775113e+02   9.75806674e-04
   3.58775601e+02   4.06563136e-04
   3.58776090e+02  -1.76650181e-04
   3.58776578e+02   7.35242138e-05
   3.58777066e+02   1.45851955e-04
   3.58777555e+02  -6.36779645e-04
   3.58778043e+02  -1.01245812e-03
   3.58778531e+02  -2.94598489e-04
   3.58779020e+02   7.81960320e-04
   3.58779508e+02   8.86549708e-04
   3.58779996e+02   2.44093844e-05
   3.58780485e+02  -7.76857603e-04
   3.58780973e+02  -1.23876228e-03
   3.58781461e+02  -8.17520835e-04
   3.58781950e+02   8.23108130e-05
   3.58782438e+02   2.84435053e-04
   3.58782926e+02   2.12205719e-04
   3.58783414e+02   7.46290199e-04
   3.58783903e+02   1.32192206e-03
   3.58784391e+02   1.00241450e-03
   3.58784879e+02   6.59416430e-04
   3.58785368e+02   8.70308373e-04
   3.58785856e+02   8.00022390e-04
   3.58786344e+02   3.68345995e-04
   3.58786833e+02  -2.33755745e-05
   3.58787321e+02  -2.84926529e-04
   3.58787809e+02   6.65958432e-05
   3.58788298e+02   2.85848102e-04
   3.58788786e+02  -9.24920605e-05
   3.58789274e+02  -3.50312243e-04
   3.58789762e+02  -7.34210073e-04
   3.58790251e+02  -7.89553334e-04
   3.58790739e+02  -2.65521114e-04
   3.58791227e+02  -5.86523856e-06
   3.58791716e+02  -2.06252764e-04
   3.58792204e+02  -2.76630512e-04
   3.58792692e+02   3.60809063e-04
   3.58793181e+02   7.53831118e-04
   3.58793669e+02   5.23189956e-04
   3.58794157e+02   5.45636460e-04
   3.58794646e+02   3.42108135e-04
   3.58795134e+02  -4.43852514e-05
   3.58795622e+02  -1.43074896e-04
   3.58796110e+02  -4.59814095e-04
   3.58796599e+02  -3.63391591e-04
   3.58797087e+02   4.46435850e-04
   3.58797575e+02   5.43547329e-04
   3.58798064e+02   1.20741810e-04
   3.58798552e+02   7.44170218e-04
   3.58799040e+02   1.33162749e-03
   3.58799529e+02   7.52975931e-04
   3.58800017e+02  -5.42041962e-04
   3.58800505e+02  -6.37682213e-04
   3.58800994e+02   3.85209160e-06
   3.58801482e+02   3.86883388e-04
   3.58801970e+02   5.36817708e-04
   3.58802458e+02   2.43535978e-04
   3.58802947e+02   1.09892026e-04
   3.58803435e+02   1.06786458e-04
   3.58803923e+02  -1.24263577e-04
   3.58804412e+02  -3.00523039e-04
   3.58804900e+02  -3.10053962e-04
   3.58805388e+02  -1.96643028e-04
   3.58805877e+02  -1.77461668e-04
   3.58806365e+02  -2.41711954e-04
   3.58806853e+02  -2.00653958e-04
   3.58807342e+02   1.16740463e-04
   3.58807830e+02   2.82048393e-04
   3.58808318e+02  -4.23009333e-04
   3.58808806e+02  -1.19006389e-03
   3.58809295e+02  -8.28489778e-04
   3.58809783e+02  -4.78419315e-05
   3.58810271e+02   4.44083162e-05
   3.58810760e+02  -4.75711538e-04
   3.58811248e+02  -6.98276155e-04
   3.58811736e+02  -1.55164307e-04
   3.58812225e+02   4.22027195e-04
   3.58812713e+02   2.13978972e-04
   3.58813201e+02  -2.92946293e-04
   3.58813690e+02  -5.34677994e-04
   3.58814178e+02  -7.22956320e-04
   3.58814666e+02  -9.84473620e-04
   3.58815154e+02  -1.28477078e-03
   3.58815643e+02  -9.70081193e-04
   3.58816131e+02  -2.75711063e-04
   3.58816619e+02   9.36404904e-05
   3.58817108e+02  -7.11120811e-05
   3.58817596e+02   1.27953710e-04
   3.58818084e+02   5.81286149e-04
   3.58818573e+02   1.94026536e-04
   3.58819061e+02  -5.72936435e-04
   3.58819549e+02  -7.05161248e-04
   3.58820038e+02   7.37389128e-05
   3.58820526e+02   1.11610827e-03
   3.58821014e+02   1.27741112e-03
   3.58821503e+02   9.25845641e-04
   3.58821991e+02   7.86803197e-04
   3.58822479e+02   6.49326947e-04
   3.58822967e+02   4.06485342e-04
   3.58823456e+02   2.94453639e-04
   3.58823944e+02  -2.90800934e-04
   3.58824432e+02  -6.58154895e-04
   3.58824921e+02  -4.45223377e-05
   3.58825409e+02   1.18551900e-04
   3.58825897e+02  -6.93462498e-04
   3.58826386e+02  -1.70875492e-03
   3.58826874e+02  -1.54522993e-03
   3.58827362e+02  -4.61338554e-04
   3.58827851e+02   4.76316163e-05
   3.58828339e+02   2.18073968e-04
   3.58828827e+02   3.03441368e-04
   3.58829315e+02   5.68948344e-05
   3.58829804e+02  -1.58421652e-04
   3.58830292e+02  -1.73855558e-04
   3.58830780e+02   3.93204173e-05
   3.58831269e+02   5.65173686e-04
   3.58831757e+02   1.07348629e-03
   3.58832245e+02   8.30124947e-04
   3.58832734e+02   4.00257530e-04
   3.58833222e+02   8.90068943e-04
   3.58833710e+02   1.08379789e-03
   3.58834199e+02   3.10681178e-04
   3.58834687e+02   3.27862304e-04
   3.58835175e+02   1.27522985e-03
   3.58835663e+02   1.25898409e-03
   3.58836152e+02   7.73740685e-05
   3.58836640e+02  -3.99765268e-04
   3.58837128e+02   2.68949312e-04
   3.58837617e+02   7.75010034e-04
   3.58838105e+02   1.01751601e-03
   3.58838593e+02   1.03749672e-03
   3.58839082e+02   5.44145470e-04
   3.58839570e+02  -2.51220536e-05
   3.58840058e+02  -2.63174472e-04
   3.58840547e+02  -3.42146493e-04
   3.58841035e+02  -3.18090082e-04
   3.58841523e+02  -6.30868715e-04
   3.58842011e+02  -6.77416392e-04
   3.58842500e+02  -1.00366306e-04
   3.58842988e+02   4.06832027e-04
   3.58843476e+02   5.51511708e-04
   3.58843965e+02   5.33111335e-04
   3.58844453e+02   5.04430442e-04
   3.58844941e+02  -2.71688943e-04
   3.58845430e+02  -9.77229443e-04
   3.58845918e+02  -6.99139375e-04
   3.58846406e+02  -8.24189163e-04
   3.58846895e+02  -1.53133483e-03
   3.58847383e+02  -1.71631563e-03
   3.58847871e+02  -4.08081862e-04
   3.58848359e+02   1.34207751e-03
   3.58848848e+02   1.61325117e-03
   3.58849336e+02   5.27091906e-04
   3.58849824e+02  -4.54419147e-04
   3.58850313e+02  -6.65246684e-04
   3.58850801e+02  -1.01759844e-03
   3.58851289e+02  -1.64452964e-03
   3.58851778e+02  -1.40807999e-03
   3.58852266e+02  -9.04897170e-04
   3.58852754e+02  -6.82643964e-04
   3.58853243e+02  -1.80557501e-04
   3.58853731e+02   4.80896560e-04
   3.58854219e+02   1.66851416e-04
   3.58854707e+02   6.23049054e-05
   3.58855196e+02   7.95182772e-04
   3.58855684e+02   1.14151998e-03
   3.58856172e+02   1.16525649e-03
   3.58856661e+02   2.95585487e-04
   3.58857149e+02  -1.48161873e-03
   3.58857637e+02  -2.23185774e-03
   3.58858126e+02  -1.24024448e-03
   3.58858614e+02  -4.43076220e-04
   3.58859102e+02  -6.82047685e-04
   3.58859591e+02  -8.55510647e-04
   3.58860079e+02  -6.30153168e-04
   3.58860567e+02  -7.43451645e-04
   3.58861056e+02  -7.92630890e-04
   3.58861544e+02  -2.28061879e-04
   3.58862032e+02   8.16093234e-04
   3.58862520e+02   5.68246527e-04
   3.58863009e+02  -1.18703116e-03
   3.58863497e+02  -1.69273419e-03
   3.58863985e+02  -5.89163392e-04
   3.58864474e+02  -4.20564786e-04
   3.58864962e+02  -1.19012060e-04
   3.58865450e+02   7.63666409e-04
   3.58865939e+02   4.41482582e-04
   3.58866427e+02  -4.90036153e-04
   3.58866915e+02  -1.17674517e-06
   3.58867404e+02   9.66157764e-04
   3.58867892e+02   1.39632775e-03
   3.58868380e+02   7.54871173e-04
   3.58868868e+02   3.52612056e-04
   3.58869357e+02   2.80150853e-04
   3.58869845e+02  -3.97077703e-04
   3.58870333e+02  -1.10877430e-04
   3.58870822e+02   1.01006730e-03
   3.58871310e+02   9.26895300e-04
   3.58871798e+02   7.61085539e-04
   3.58872287e+02   4.54544206e-04
   3.58872775e+02  -1.40696953e-04
   3.58873263e+02   3.38818150e-04
   3.58873752e+02   1.90275849e-03
   3.58874240e+02   1.86987035e-03
   3.58874728e+02  -2.84022331e-04
   3.58875216e+02  -1.85910100e-03
   3.58875705e+02  -1.69460592e-03
   3.58876193e+02  -7.77890265e-04
   3.58876681e+02  -2.74323364e-04
   3.58877170e+02  -9.68338209e-05
   3.58877658e+02   1.58017807e-04
   3.58878146e+02   4.68386570e-05
   3.58878635e+02  -6.51079929e-04
   3.58879123e+02  -1.60732097e-03
   3.58879611e+02  -2.45745038e-03
   3.58880100e+02  -1.65225402e-03
   3.58880588e+02   2.97911441e-07
   3.58881076e+02   4.45453246e-04
   3.58881564e+02  -5.48891585e-05
   3.58882053e+02  -4.01662226e-04
   3.58882541e+02  -2.37740052e-04
   3.58883029e+02   9.15169832e-04
   3.58883518e+02   1.77322014e-03
   3.58884006e+02  -1.40826145e-04
   3.58884494e+02  -2.17937212e-03
   3.58884983e+02  -1.81489030e-03
   3.58885471e+02   1.56711263e-04
   3.58885959e+02   1.37172546e-03
   3.58886448e+02   8.50596058e-04
   3.58886936e+02   6.56763586e-05
   3.58887424e+02   3.44144326e-04
   3.58887912e+02   1.07031001e-03
   3.58888401e+02   1.55793899e-03
   3.58888889e+02   1.68118230e-03
   3.58889377e+02   1.29211822e-03
   3.58889866e+02   5.88636962e-04
   3.58890354e+02  -8.38509121e-04
   3.58890842e+02  -2.02551810e-03
   3.58891331e+02  -1.40300475e-03
   3.58891819e+02  -1.87669473e-04
   3.58892307e+02   5.12916129e-04
   3.58892796e+02   1.27682916e-03
   3.58893284e+02   2.15169787e-03
   3.58893772e+02   1.69953099e-03
   3.58894260e+02   6.49542431e-04
   3.58894749e+02   4.16656752e-04
   3.58895237e+02   8.89146817e-04
   3.58895725e+02   8.27497395e-04
   3.58896214e+02   5.45916439e-04
   3.58896702e+02   9.90782166e-04
   3.58897190e+02   1.41781697e-03
   3.58897679e+02   1.07061397e-03
   3.58898167e+02   8.29643977e-04
   3.58898655e+02   8.49076489e-04
   3.58899144e+02   5.25653246e-04
   3.58899632e+02   2.45614152e-04
   3.58900120e+02   1.51133485e-04
   3.58900608e+02  -3.83941719e-04
   3.58901097e+02  -6.73124683e-04
   3.58901585e+02   8.22220827e-05
   3.58902073e+02   8.52969708e-04
   3.58902562e+02   1.03589415e-03
   3.58903050e+02   1.19312701e-03
   3.58903538e+02   1.02713541e-03
   3.58904027e+02   3.90417466e-04
   3.58904515e+02   4.20004391e-04
   3.58905003e+02   7.50834413e-04
   3.58905492e+02   4.36969654e-04
   3.58905980e+02  -8.35511819e-05
   3.58906468e+02  -3.91394686e-04
   3.58906957e+02  -7.04149716e-04
   3.58907445e+02  -8.84284091e-04
   3.58907933e+02  -8.98808183e-04
   3.58908421e+02  -4.93623840e-04
   3.58908910e+02   6.32081064e-04
   3.58909398e+02   1.13986968e-03
   3.58909886e+02   4.55551897e-04
   3.58910375e+02   1.54375557e-05
   3.58910863e+02  -4.97256173e-04
   3.58911351e+02  -1.27776084e-03
   3.58911840e+02  -1.52231590e-03
   3.58912328e+02  -1.85463927e-03
   3.58912816e+02  -2.17976328e-03
   3.58913305e+02  -1.93417468e-03
   3.58913793e+02  -1.52842363e-03
   3.58914281e+02  -7.25465070e-04
   3.58914769e+02  -3.29707254e-04
   3.58915258e+02  -5.21097216e-04
   3.58915746e+02  -1.68636776e-04
   3.58916234e+02   3.58166290e-04
   3.58916723e+02   4.54211375e-04
   3.58917211e+02  -8.90363390e-06
   3.58917699e+02  -5.80829801e-04
   3.58918188e+02  -3.62882885e-04
   3.58918676e+02   4.37762392e-05
   3.58919164e+02   1.62973185e-04
   3.58919653e+02   6.46585133e-04
   3.58920141e+02   1.06246339e-03
   3.58920629e+02   4.88063088e-04
   3.58921117e+02  -3.28365830e-04
   3.58921606e+02  -3.30421084e-04
   3.58922094e+02   1.85760495e-04
   3.58922582e+02   7.51815096e-04
   3.58923071e+02   9.81700607e-04
   3.58923559e+02   9.58875404e-04
   3.58924047e+02   1.02673285e-03
   3.58924536e+02   9.92882648e-04
   3.58925024e+02   6.28111186e-04
   3.58925512e+02  -8.88690774e-05
   3.58926001e+02  -1.77620212e-04
   3.58926489e+02   3.91939131e-04
   3.58926977e+02   6.35235570e-04
   3.58927465e+02   9.88940010e-04
   3.58927954e+02   9.55874857e-04
   3.58928442e+02   3.15272518e-05
   3.58928930e+02  -2.59132910e-04
   3.58929419e+02   1.30070664e-04
   3.58929907e+02   2.98093772e-04
   3.58930395e+02  -5.76717139e-05
   3.58930884e+02  -5.46631112e-04
   3.58931372e+02  -2.81245710e-04
   3.58931860e+02   1.96406094e-04
   3.58932349e+02   2.82067369e-04
   3.58932837e+02   1.18085823e-04
   3.58933325e+02  -6.80321100e-05
   3.58933813e+02   3.26562789e-04
   3.58934302e+02   4.49461630e-04
   3.58934790e+02  -1.77045193e-04
   3.58935278e+02  -6.54315518e-04
   3.58935767e+02  -7.77168432e-04
   3.58936255e+02  -6.77241944e-04
   3.58936743e+02  -2.99238833e-04
   3.58937232e+02   2.07576726e-04
   3.58937720e+02   4.41211218e-04
   3.58938208e+02   2.97293329e-04
   3.58938697e+02  -3.72638278e-05
   3.58939185e+02  -4.10072214e-04
   3.58939673e+02  -7.72999600e-04
   3.58940161e+02  -9.34217300e-04
   3.58940650e+02  -6.97033538e-04
   3.58941138e+02  -3.00284068e-04
   3.58941626e+02  -4.70009472e-05
   3.58942115e+02  -2.06838289e-04
   3.58942603e+02  -4.17964067e-04
   3.58943091e+02  -2.92921031e-04
   3.58943580e+02  -1.84863035e-04
   3.58944068e+02  -5.21239534e-04
   3.58944556e+02  -1.18157722e-03
   3.58945045e+02  -1.17288530e-03
   3.58945533e+02  -8.45365168e-04
   3.58946021e+02  -8.44599039e-04
   3.58946510e+02  -3.83945851e-04
   3.58946998e+02   3.33619217e-04
   3.58947486e+02   7.39459123e-04
   3.58947974e+02   3.97978351e-04
   3.58948463e+02  -1.37937881e-04
   3.58948951e+02  -1.05943473e-04
   3.58949439e+02  -8.39986678e-05
   3.58949928e+02  -3.01335589e-04
   3.58950416e+02  -8.81204542e-05
   3.58950904e+02   9.32994444e-05
   3.58951393e+02  -1.12306509e-04
   3.58951881e+02  -3.74445517e-04
   3.58952369e+02  -2.96358921e-04
   3.58952858e+02   4.40624644e-05
   3.58953346e+02   2.13092586e-04
   3.58953834e+02   1.77836773e-04
   3.58954322e+02  -6.82865939e-05
   3.58954811e+02  -1.92095278e-04
   3.58955299e+02   2.83907197e-04
   3.58955787e+02   7.69537699e-04
   3.58956276e+02   3.41242063e-04
   3.58956764e+02  -5.59849199e-04
   3.58957252e+02  -5.44708688e-04
   3.58957741e+02  -8.73692043e-05
   3.58958229e+02   2.73039714e-05
   3.58958717e+02   2.58764805e-04
   3.58959206e+02   4.16297349e-04
   3.58959694e+02   2.92442535e-04
   3.58960182e+02   6.74269395e-04
   3.58960670e+02   1.15699449e-03
   3.58961159e+02   8.52165278e-04
   3.58961647e+02   2.48099270e-04
   3.58962135e+02  -6.91130816e-04
   3.58962624e+02  -1.41940929e-03
   3.58963112e+02  -7.75391702e-04
   3.58963600e+02   2.50373123e-05
   3.58964089e+02   2.45248899e-04
   3.58964577e+02   1.47081199e-04
   3.58965065e+02  -3.34958691e-04
   3.58965554e+02  -3.77483084e-04
   3.58966042e+02  -3.79614328e-04
   3.58966530e+02  -9.53090203e-04
   3.58967018e+02  -1.27775548e-03
   3.58967507e+02  -1.13449676e-03
   3.58967995e+02  -4.19623218e-04
   3.58968483e+02  -6.31971780e-05
   3.58968972e+02  -7.00560166e-04
   3.58969460e+02  -8.41645582e-04
   3.58969948e+02  -5.56674604e-06
   3.58970437e+02   5.39045839e-04
   3.58970925e+02   4.68841492e-04
   3.58971413e+02   7.11148547e-04
   3.58971902e+02   1.16487895e-03
   3.58972390e+02   8.96246987e-04
   3.58972878e+02   4.27672669e-04
   3.58973366e+02   2.93591467e-04
   3.58973855e+02   3.78821744e-04
   3.58974343e+02   8.35815386e-04
   3.58974831e+02   1.02279324e-03
   3.58975320e+02   5.73806872e-04
   3.58975808e+02  -1.24576414e-04
   3.58976296e+02  -6.23213185e-04
   3.58976785e+02  -5.18286601e-04
   3.58977273e+02  -6.16652585e-07
   3.58977761e+02  -9.66312000e-05
   3.58978250e+02  -4.10698558e-04
   3.58978738e+02  -2.30732214e-04
   3.58979226e+02   2.58512271e-04
   3.58979714e+02   3.60906735e-04
   3.58980203e+02  -6.30723152e-05
   3.58980691e+02  -4.70964187e-05
   3.58981179e+02   3.01666587e-04
   3.58981668e+02  -1.01572492e-04
   3.58982156e+02  -9.72573180e-04
   3.58982644e+02  -7.23429082e-04
   3.58983133e+02   2.80775512e-05
   3.58983621e+02  -2.38095658e-04
   3.58984109e+02  -9.67575586e-04
   3.58984598e+02  -1.28416473e-03
   3.58985086e+02  -1.00823224e-03
   3.58985574e+02  -5.12359606e-04
   3.58986063e+02  -1.80928182e-04
   3.58986551e+02   1.20187047e-04
   3.58987039e+02   2.78739404e-04
   3.58987527e+02   3.45614069e-04
   3.58988016e+02   1.44671591e-04
   3.58988504e+02  -3.49674054e-04
   3.58988992e+02  -2.79084139e-04
   3.58989481e+02   1.15864823e-04
   3.58989969e+02   2.79627129e-04
   3.58990457e+02   6.83584949e-05
   3.58990946e+02  -2.73289130e-04
   3.58991434e+02   1.54889160e-04
   3.58991922e+02   6.79399003e-04
   3.58992411e+02   4.78981703e-04
   3.58992899e+02   4.77977272e-04
   3.58993387e+02   5.84396883e-04
   3.58993875e+02   4.64173499e-04
   3.58994364e+02   4.76126646e-04
   3.58994852e+02   1.94683962e-04
   3.58995340e+02  -4.14016395e-04
   3.58995829e+02  -4.53840679e-04
   3.58996317e+02  -2.05968972e-04
   3.58996805e+02  -4.63424221e-04
   3.58997294e+02  -7.07337633e-04
   3.58997782e+02  -5.41242072e-04
   3.58998270e+02  -9.35983699e-05
   3.58998759e+02   2.54047802e-04
   3.58999247e+02   3.01095861e-04
   3.58999735e+02   1.69202263e-04
   3.59000223e+02  -2.33665807e-04
   3.59000712e+02  -7.28743151e-04
   3.59001200e+02  -4.26640559e-04
   3.59001688e+02   6.30150680e-05
   3.59002177e+02  -1.77418231e-04
   3.59002665e+02  -5.25696902e-04
   3.59003153e+02  -5.21402049e-04
   3.59003642e+02  -5.18798421e-04
   3.59004130e+02  -3.32289899e-04
   3.59004618e+02   4.09261593e-05
   3.59005107e+02   3.16080201e-04
   3.59005595e+02   6.51914161e-04
   3.59006083e+02   6.65206520e-04
   3.59006571e+02   5.61629073e-04
   3.59007060e+02   7.47881830e-04
   3.59007548e+02   6.93163369e-04
   3.59008036e+02   3.24549095e-04
   3.59008525e+02   1.66495709e-04
   3.59009013e+02   2.09278107e-04
   3.59009501e+02   2.64597475e-05
   3.59009990e+02  -1.32928704e-04
   3.59010478e+02   1.50702283e-04
   3.59010966e+02   3.96693562e-04
   3.59011455e+02   5.55389444e-04
   3.59011943e+02   4.55780217e-04
   3.59012431e+02   1.10106768e-04
   3.59012919e+02   1.05002691e-05
   3.59013408e+02   1.83982818e-04
   3.59013896e+02   3.48941801e-04
   3.59014384e+02   3.75838223e-04
   3.59014873e+02   3.82859580e-04
   3.59015361e+02   4.61213058e-04
   3.59015849e+02   4.60983458e-04
   3.59016338e+02   4.55297355e-04
   3.59016826e+02   5.81064611e-04
   3.59017314e+02   4.49061248e-04
   3.59017803e+02   2.06186785e-04
   3.59018291e+02   5.62790257e-04
   3.59018779e+02   8.21439782e-04
   3.59019267e+02   2.11829582e-04
   3.59019756e+02  -3.67999688e-04
   3.59020244e+02  -3.30877316e-04
   3.59020732e+02   3.87411710e-05
   3.59021221e+02   3.37316655e-04
   3.59021709e+02   2.26256507e-05
   3.59022197e+02  -1.24878163e-04
   3.59022686e+02   4.29186621e-04
   3.59023174e+02   8.82092281e-04
   3.59023662e+02   8.83738219e-04
   3.59024151e+02   6.25436718e-04
   3.59024639e+02   2.05447039e-04
   3.59025127e+02  -3.78113531e-04
   3.59025616e+02  -9.15171229e-04
   3.59026104e+02  -8.99812730e-04
   3.59026592e+02  -8.29086202e-05
   3.59027080e+02   3.70782363e-04
   3.59027569e+02   2.55775085e-04
   3.59028057e+02   1.52308057e-04
   3.59028545e+02  -5.01195434e-04
   3.59029034e+02  -1.06611603e-03
   3.59029522e+02  -8.47944757e-04
   3.59030010e+02  -6.49687718e-04
   3.59030499e+02  -5.66848728e-04
   3.59030987e+02  -4.42629738e-04
   3.59031475e+02   3.17339145e-05
   3.59031964e+02   8.50576791e-04
   3.59032452e+02   8.98324419e-04
   3.59032940e+02  -9.71086774e-05
   3.59033428e+02  -5.62235888e-04
   3.59033917e+02  -6.44374173e-04
   3.59034405e+02  -7.95129046e-04
   3.59034893e+02  -4.20413824e-04
   3.59035382e+02   4.61337302e-04
   3.59035870e+02   6.60692342e-04
   3.59036358e+02   2.81709308e-05
   3.59036847e+02  -5.34142309e-04
   3.59037335e+02  -3.78902623e-04
   3.59037823e+02   3.70638008e-04
   3.59038312e+02   6.53832976e-04
   3.59038800e+02   3.50008952e-04
   3.59039288e+02   2.49903242e-04
   3.59039776e+02   2.03634612e-04
   3.59040265e+02  -3.23021341e-05
   3.59040753e+02  -4.55846603e-05
   3.59041241e+02   2.23035982e-04
   3.59041730e+02   1.56308073e-04
   3.59042218e+02  -2.65705239e-05
   3.59042706e+02   1.43678742e-04
   3.59043195e+02   5.64443646e-04
   3.59043683e+02   6.72681839e-04
   3.59044171e+02   3.21722764e-04
   3.59044660e+02  -2.80582201e-04
   3.59045148e+02  -7.01623561e-04
   3.59045636e+02  -3.83018050e-04
   3.59046124e+02  -3.28804235e-05
   3.59046613e+02  -1.83066382e-04
   3.59047101e+02  -2.36935419e-04
   3.59047589e+02  -1.97364629e-04
   3.59048078e+02  -5.05142089e-05
   3.59048566e+02  -1.90930441e-04
   3.59049054e+02  -6.71384856e-04
   3.59049543e+02  -5.38918597e-04
   3.59050031e+02   2.30169360e-04
   3.59050519e+02   4.40253498e-04
   3.59051008e+02   4.29323991e-05
   3.59051496e+02  -9.22023028e-05
   3.59051984e+02   2.84571055e-04
   3.59052472e+02   5.06718294e-04
   3.59052961e+02   7.99252120e-06
   3.59053449e+02  -4.40977921e-04
   3.59053937e+02  -8.03388655e-04
   3.59054426e+02  -1.17552211e-03
   3.59054914e+02  -1.16772938e-03
   3.59055402e+02  -9.21363826e-04
   3.59055891e+02  -4.45227401e-04
   3.59056379e+02   9.51378461e-05
   3.59056867e+02   1.94677748e-04
   3.59057356e+02   2.76844894e-05
   3.59057844e+02  -1.12866517e-04
   3.59058332e+02  -1.87414509e-04
   3.59058820e+02  -3.49003793e-04
   3.59059309e+02  -5.86296606e-04
   3.59059797e+02  -6.26026769e-04
   3.59060285e+02  -4.71764390e-04
   3.59060774e+02  -1.62990400e-04
   3.59061262e+02   2.60346642e-05
   3.59061750e+02  -4.77161608e-04
   3.59062239e+02  -8.53449106e-04
   3.59062727e+02   1.64499920e-06
   3.59063215e+02   9.10123461e-04
   3.59063704e+02   4.15877992e-04
   3.59064192e+02  -3.74238007e-05
   3.59064680e+02   4.04429557e-05
   3.59065169e+02  -1.92758773e-04
   3.59065657e+02  -4.56030946e-04
   3.59066145e+02  -1.75228924e-04
   3.59066633e+02   5.07207762e-04
   3.59067122e+02   7.32629094e-04
   3.59067610e+02   7.70336716e-04
   3.59068098e+02   6.26657973e-04
   3.59068587e+02  -5.56845662e-05
   3.59069075e+02  -1.96421664e-04
   3.59069563e+02   3.04303867e-05
   3.59070052e+02   8.16457396e-05
   3.59070540e+02   2.33160186e-04
   3.59071028e+02   6.25222048e-04
   3.59071517e+02   7.81590643e-04
   3.59072005e+02   5.21855312e-04
   3.59072493e+02   3.73951741e-04
   3.59072981e+02   1.20463170e-04
   3.59073470e+02  -8.56282495e-05
   3.59073958e+02   1.02152146e-04
   3.59074446e+02  -1.10017012e-04
   3.59074935e+02  -6.85412437e-04
   3.59075423e+02  -6.16060628e-04
   3.59075911e+02   2.09253150e-04
   3.59076400e+02   5.53732039e-04
   3.59076888e+02  -7.08061998e-05
   3.59077376e+02  -7.19782081e-04
   3.59077865e+02  -7.97393790e-04
   3.59078353e+02  -7.19617587e-04
   3.59078841e+02  -3.03911307e-04
   3.59079329e+02   4.32554865e-04
   3.59079818e+02   8.23296257e-04
   3.59080306e+02   6.81059551e-04
   3.59080794e+02   3.57019890e-04
   3.59081283e+02  -1.25011429e-05
   3.59081771e+02  -2.53393664e-04
   3.59082259e+02  -1.52686858e-04
   3.59082748e+02  -9.32759140e-05
   3.59083236e+02  -2.24307048e-04
   3.59083724e+02  -6.69926230e-04
   3.59084213e+02  -9.01026477e-04
   3.59084701e+02  -6.36295124e-04
   3.59085189e+02  -6.36123004e-04
   3.59085677e+02  -9.70635505e-04
   3.59086166e+02  -1.03563024e-03
   3.59086654e+02  -1.02301652e-03
   3.59087142e+02  -9.54814197e-04
   3.59087631e+02  -5.31204685e-04
   3.59088119e+02  -3.19114915e-04
   3.59088607e+02  -3.29851289e-04
   3.59089096e+02  -4.09121771e-04
   3.59089584e+02  -5.68202639e-04
   3.59090072e+02  -9.51217298e-05
   3.59090561e+02   3.65831045e-04
   3.59091049e+02  -4.00036486e-04
   3.59091537e+02  -1.07145868e-03
   3.59092025e+02  -1.31913577e-03
   3.59092514e+02  -1.48348010e-03
   3.59093002e+02  -1.23895286e-03
   3.59093490e+02  -5.92067081e-04
   3.59093979e+02  -4.25824073e-05
   3.59094467e+02   3.80903875e-05
   3.59094955e+02   8.50127617e-05
   3.59095444e+02  -9.92640780e-05
   3.59095932e+02  -5.82835171e-04
   3.59096420e+02  -5.80268330e-04
   3.59096909e+02   1.08685024e-04
   3.59097397e+02   7.09483342e-04
   3.59097885e+02   5.70064643e-04
   3.59098373e+02   1.79801646e-04
   3.59098862e+02   1.48532170e-04
   3.59099350e+02   1.87367288e-04
   3.59099838e+02  -1.82626696e-04
   3.59100327e+02  -5.82279754e-04
   3.59100815e+02  -5.03236370e-04
   3.59101303e+02  -9.38333687e-05
   3.59101792e+02   1.25033068e-04
   3.59102280e+02  -1.19258693e-05
   3.59102768e+02  -4.97469213e-04
   3.59103257e+02  -6.96388306e-04
   3.59103745e+02   1.77708702e-04
   3.59104233e+02   6.69963483e-04
   3.59104722e+02   1.42417548e-05
   3.59105210e+02  -3.15525773e-04
   3.59105698e+02   1.12190857e-04
   3.59106186e+02   6.12171367e-04
   3.59106675e+02   7.31664943e-04
   3.59107163e+02   5.98486629e-04
   3.59107651e+02   5.66666364e-04
   3.59108140e+02   3.12087766e-04
   3.59108628e+02  -2.64649017e-04
   3.59109116e+02  -5.16670523e-04
   3.59109605e+02  -2.67890864e-04
   3.59110093e+02  -1.11989910e-04
   3.59110581e+02  -2.35990316e-04
   3.59111070e+02  -1.08872686e-04
   3.59111558e+02   3.36197874e-04
   3.59112046e+02   2.87745148e-04
   3.59112534e+02   1.65280580e-05
   3.59113023e+02   2.14221902e-04
   3.59113511e+02   6.23730011e-04
   3.59113999e+02   6.84348808e-04
   3.59114488e+02   4.99553513e-04
   3.59114976e+02   3.49131791e-04
   3.59115464e+02   1.31468958e-04
   3.59115953e+02  -2.25704774e-04
   3.59116441e+02  -2.18940797e-04
   3.59116929e+02   3.50544578e-04
   3.59117418e+02   3.95359035e-04
   3.59117906e+02  -6.48859277e-05
   3.59118394e+02  -1.86465513e-05
   3.59118882e+02  -8.06883763e-05
   3.59119371e+02  -1.14144699e-04
   3.59119859e+02   1.02011400e-04
   3.59120347e+02  -1.46207793e-04
   3.59120836e+02  -2.71499564e-04
   3.59121324e+02   2.42966689e-05
   3.59121812e+02  -7.74254222e-05
   3.59122301e+02  -2.75917584e-04
   3.59122789e+02  -2.35932297e-04
   3.59123277e+02  -6.02889158e-05
   3.59123766e+02   6.46750195e-05
   3.59124254e+02  -1.06784093e-04
   3.59124742e+02  -4.39180818e-04
   3.59125230e+02  -9.54748422e-04
   3.59125719e+02  -1.20017480e-03
   3.59126207e+02  -6.19591738e-04
   3.59126695e+02  -1.15903618e-04
   3.59127184e+02  -2.43830771e-04
   3.59127672e+02  -4.31682536e-04
   3.59128160e+02  -4.12795722e-04
   3.59128649e+02  -2.44026756e-04
   3.59129137e+02  -3.13908298e-04
   3.59129625e+02  -4.12106456e-04
   3.59130114e+02  -3.05523339e-04
   3.59130602e+02  -1.01768863e-04
   3.59131090e+02   2.32154402e-04
   3.59131578e+02   4.03405924e-04
   3.59132067e+02   1.50338077e-04
   3.59132555e+02  -2.59723223e-04
   3.59133043e+02  -4.29488282e-04
   3.59133532e+02  -1.11617817e-04
   3.59134020e+02   3.28098104e-04
   3.59134508e+02   3.11756536e-04
   3.59134997e+02  -3.04827245e-06
   3.59135485e+02  -1.80025076e-04
   3.59135973e+02  -4.12897323e-04
   3.59136462e+02  -1.42183999e-04
   3.59136950e+02   5.12366067e-04
   3.59137438e+02   3.74389056e-04
   3.59137926e+02   2.76813716e-05
   3.59138415e+02  -1.74898141e-05
   3.59138903e+02  -1.34664617e-04
   3.59139391e+02  -5.41727022e-05
   3.59139880e+02   4.70604165e-04
   3.59140368e+02   7.45343335e-04
   3.59140856e+02   6.93943759e-04
   3.59141345e+02   5.56139858e-04
   3.59141833e+02   1.07031454e-04
   3.59142321e+02  -4.32635250e-04
   3.59142810e+02  -3.41961975e-04
   3.59143298e+02  -4.73842083e-05
   3.59143786e+02   7.35034046e-05
   3.59144275e+02   3.79221368e-04
   3.59144763e+02   1.26138999e-04
   3.59145251e+02  -6.18924852e-04
   3.59145739e+02  -4.72866872e-04
   3.59146228e+02   1.21238561e-04
   3.59146716e+02  -1.13480761e-04
   3.59147204e+02  -1.05772296e-03
   3.59147693e+02  -1.26683409e-03
   3.59148181e+02  -8.02940922e-04
   3.59148669e+02  -6.62554638e-04
   3.59149158e+02  -4.46647202e-04
   3.59149646e+02   4.28773230e-04
   3.59150134e+02   2.97109014e-04
   3.59150623e+02  -3.25001951e-04
   3.59151111e+02  -7.78673042e-04
   3.59151599e+02  -6.32115465e-04
   3.59152087e+02  -3.15891957e-04
   3.59152576e+02   1.11180147e-04
   3.59153064e+02   3.51742463e-04
   3.59153552e+02   3.26852256e-04
   3.59154041e+02   3.85596359e-04
   3.59154529e+02   4.41675278e-04
   3.59155017e+02   2.38030072e-04
   3.59155506e+02  -6.13708224e-04
   3.59155994e+02  -1.17625738e-03
   3.59156482e+02  -8.07015749e-04
   3.59156971e+02  -3.05214227e-04
   3.59157459e+02  -4.36208706e-04
   3.59157947e+02  -8.25832307e-04
   3.59158435e+02  -7.21927150e-04
   3.59158924e+02  -1.19722397e-04
   3.59159412e+02   2.73938844e-04
   3.59159900e+02   3.03520967e-04
   3.59160389e+02   2.94943165e-04
   3.59160877e+02   4.78281465e-04
   3.59161365e+02   8.32004414e-04
   3.59161854e+02   9.51170572e-04
   3.59162342e+02   2.69755983e-04
   3.59162830e+02  -5.24106144e-04
   3.59163319e+02  -7.17263203e-04
   3.59163807e+02  -5.44271606e-04
   3.59164295e+02  -1.86497928e-04
   3.59164783e+02   1.93868866e-04
   3.59165272e+02   1.88679842e-04
   3.59165760e+02   9.28113877e-05
   3.59166248e+02   3.01476772e-04
   3.59166737e+02   3.65929649e-04
   3.59167225e+02   2.17276945e-04
   3.59167713e+02   2.63664406e-04
   3.59168202e+02   4.37833485e-04
   3.59168690e+02   5.92139084e-04
   3.59169178e+02   6.69453351e-04
   3.59169667e+02   4.67240839e-04
   3.59170155e+02  -1.10294481e-04
   3.59170643e+02  -3.60872655e-04
   3.59171131e+02  -1.53679735e-04
   3.59171620e+02  -7.25553618e-05
   3.59172108e+02  -1.58285693e-04
   3.59172596e+02  -3.77040531e-04
   3.59173085e+02  -6.95234863e-04
   3.59173573e+02  -8.05506192e-04
   3.59174061e+02  -4.69294522e-04
   3.59174550e+02   2.19087713e-04
   3.59175038e+02   8.99541657e-04
   3.59175526e+02   1.13104633e-03
   3.59176015e+02   9.27416957e-04
   3.59176503e+02   6.11058611e-04
   3.59176991e+02   1.18992088e-04
   3.59177479e+02  -6.03498665e-05
   3.59177968e+02   2.41778936e-04
   3.59178456e+02   3.89883178e-04
   3.59178944e+02   3.38635466e-04
   3.59179433e+02   5.95606689e-04
   3.59179921e+02   4.08258667e-04
   3.59180409e+02  -1.82941672e-04
   3.59180898e+02  -6.64540930e-05
   3.59181386e+02   2.97589897e-04
   3.59181874e+02  -2.34023119e-05
   3.59182363e+02  -5.07058983e-04
   3.59182851e+02  -2.36374763e-04
   3.59183339e+02  -1.19342672e-04
   3.59183828e+02  -2.51834863e-04
   3.59184316e+02   2.26136413e-04
   3.59184804e+02   8.69363430e-04
   3.59185292e+02   7.41631025e-04
   3.59185781e+02   3.78563098e-04
   3.59186269e+02   5.78596490e-04
   3.59186757e+02   5.93130477e-04
   3.59187246e+02   1.92680542e-04
   3.59187734e+02  -2.09724196e-04
   3.59188222e+02  -3.63581086e-04
   3.59188711e+02   2.33144656e-05
   3.59189199e+02   4.14608570e-04
   3.59189687e+02   3.71502567e-04
   3.59190176e+02   3.01157765e-04
   3.59190664e+02   1.63317061e-04
   3.59191152e+02   2.72093195e-04
   3.59191640e+02   5.26303600e-04
   3.59192129e+02   5.72156976e-04
   3.59192617e+02   3.08419490e-04
   3.59193105e+02   1.08329928e-04
   3.59193594e+02  -3.30363000e-05
   3.59194082e+02  -1.67810926e-04
   3.59194570e+02  -3.38847371e-04
   3.59195059e+02  -7.50530686e-04
   3.59195547e+02  -8.68111965e-04
   3.59196035e+02  -3.55991186e-04
   3.59196524e+02   1.74103916e-04
   3.59197012e+02   2.57665582e-04
   3.59197500e+02   2.83681089e-04
   3.59197988e+02   1.90851628e-04
   3.59198477e+02  -1.44531266e-04
   3.59198965e+02  -1.80068717e-04
   3.59199453e+02   1.18133212e-05
   3.59199942e+02  -5.85190792e-05
   3.59200430e+02  -3.41334031e-04
   3.59200918e+02  -3.50899645e-04
   3.59201407e+02  -2.38172608e-04
   3.59201895e+02  -2.37622939e-04
   3.59202383e+02  -1.02369406e-04
   3.59202872e+02  -5.84463851e-05
   3.59203360e+02  -5.18126413e-04
   3.59203848e+02  -1.01397326e-03
   3.59204336e+02  -8.06389900e-04
   3.59204825e+02  -2.78274645e-04
   3.59205313e+02  -1.85579975e-05
   3.59205801e+02  -4.83638578e-05
   3.59206290e+02  -2.18067157e-06
   3.59206778e+02   2.03637523e-04
   3.59207266e+02   4.64382436e-04
   3.59207755e+02   5.40317269e-04
   3.59208243e+02  -4.66931033e-06
   3.59208731e+02  -3.85378313e-04
   3.59209220e+02  -5.62784204e-04
   3.59209708e+02  -3.07275972e-04
   3.59210196e+02   2.89436342e-04
   3.59210684e+02   6.69082103e-04
   3.59211173e+02  -4.96185464e-07
   3.59211661e+02  -8.81696411e-04
   3.59212149e+02  -5.98320097e-04
   3.59212638e+02  -2.15766224e-04
   3.59213126e+02  -6.42150640e-04
   3.59213614e+02  -8.89897754e-04
   3.59214103e+02  -5.26730262e-04
   3.59214591e+02  -4.52684355e-04
   3.59215079e+02  -7.80803210e-04
   3.59215568e+02  -5.29722718e-04
   3.59216056e+02   1.33898167e-04
   3.59216544e+02   2.43515751e-04
   3.59217032e+02  -6.28318303e-05
   3.59217521e+02  -2.68181495e-04
   3.59218009e+02  -2.51393067e-04
   3.59218497e+02  -7.62801355e-05
   3.59218986e+02   1.75388501e-04
   3.59219474e+02   1.61214746e-04
   3.59219962e+02  -9.37920868e-06
   3.59220451e+02   1.22774472e-05
   3.59220939e+02  -2.42870465e-05
   3.59221427e+02  -2.37934917e-04
   3.59221916e+02  -1.92648004e-04
   3.59222404e+02   1.88278049e-04
   3.59222892e+02   5.51111822e-04
   3.59223381e+02   1.15984958e-03
   3.59223869e+02   1.41472288e-03
   3.59224357e+02   9.23176296e-04
   3.59224845e+02   3.94648785e-04
   3.59225334e+02  -1.17092395e-05
   3.59225822e+02  -4.78489732e-04
   3.59226310e+02  -9.15193057e-04
   3.59226799e+02  -8.32059479e-04
   3.59227287e+02   1.59310785e-05
   3.59227775e+02   5.58676315e-04
   3.59228264e+02   1.27330655e-04
   3.59228752e+02  -4.59787349e-04
   3.59229240e+02  -5.39534260e-04
   3.59229729e+02  -5.13840350e-04
   3.59230217e+02  -6.50881091e-04
   3.59230705e+02  -7.07792642e-05
   3.59231193e+02   7.39902724e-04
   3.59231682e+02   6.41830906e-04
   3.59232170e+02   1.01209720e-04
   3.59232658e+02  -4.12892172e-04
   3.59233147e+02  -6.23545318e-04
   3.59233635e+02  -4.59085626e-04
   3.59234123e+02   1.56917158e-04
   3.59234612e+02   3.82981234e-04
   3.59235100e+02  -4.49498766e-04
   3.59235588e+02  -1.04114250e-03
   3.59236077e+02  -9.49647394e-04
   3.59236565e+02  -8.50589771e-04
   3.59237053e+02  -2.52423342e-04
   3.59237541e+02   4.09930683e-04
   3.59238030e+02   4.20122902e-04
   3.59238518e+02   3.90556612e-04
   3.59239006e+02   3.04609307e-06
   3.59239495e+02  -4.37923882e-04
   3.59239983e+02   6.01514439e-05
   3.59240471e+02   5.68220392e-04
   3.59240960e+02   6.32960349e-04
   3.59241448e+02   6.56288117e-04
   3.59241936e+02   2.88839859e-04
   3.59242425e+02   8.18410263e-05
   3.59242913e+02   1.53830886e-04
   3.59243401e+02  -3.52033385e-05
   3.59243889e+02  -1.23195321e-04
   3.59244378e+02   2.83237896e-04
   3.59244866e+02   2.68731848e-04
   3.59245354e+02  -4.18350246e-04
   3.59245843e+02  -7.37125752e-04
   3.59246331e+02  -5.18792134e-04
   3.59246819e+02  -2.31732192e-04
   3.59247308e+02  -6.35423567e-05
   3.59247796e+02  -2.01889285e-04
   3.59248284e+02  -3.01110034e-04
   3.59248773e+02  -9.60345569e-05
   3.59249261e+02  -1.10870729e-04
   3.59249749e+02  -4.97953442e-04
   3.59250237e+02  -4.05394851e-04
   3.59250726e+02   8.45120376e-05
   3.59251214e+02  -8.90823503e-05
   3.59251702e+02  -1.99870832e-04
   3.59252191e+02   9.46330474e-05
   3.59252679e+02   5.25011419e-05
   3.59253167e+02  -4.78866168e-05
   3.59253656e+02   1.24358048e-04
   3.59254144e+02   1.43823738e-04
   3.59254632e+02  -3.50415678e-04
   3.59255121e+02  -1.05321419e-03
   3.59255609e+02  -1.10889075e-03
   3.59256097e+02  -3.91247042e-04
   3.59256585e+02  -4.36543451e-06
   3.59257074e+02  -2.09897335e-05
   3.59257562e+02  -1.36803246e-05
   3.59258050e+02   2.04183802e-04
   3.59258539e+02   8.25729454e-04
   3.59259027e+02   1.04674348e-03
   3.59259515e+02   4.73132357e-04
   3.59260004e+02   3.25746805e-04
   3.59260492e+02   6.49110007e-04
   3.59260980e+02   4.82968549e-04
   3.59261469e+02   1.29589855e-04
   3.59261957e+02   3.49434093e-04
   3.59262445e+02   6.53223018e-04
   3.59262934e+02   2.02394192e-04
   3.59263422e+02  -7.14604626e-04
   3.59263910e+02  -1.24031748e-03
   3.59264398e+02  -9.02775791e-04
   3.59264887e+02   2.64060538e-04
   3.59265375e+02   1.01008185e-03
   3.59265863e+02   3.66839755e-04
   3.59266352e+02  -5.72500576e-04
   3.59266840e+02  -6.88585453e-04
   3.59267328e+02  -2.14800602e-04
   3.59267817e+02   1.41413286e-04
   3.59268305e+02   1.90094157e-04
   3.59268793e+02   8.52457961e-05
   3.59269282e+02  -9.20799794e-05
   3.59269770e+02  -5.61093912e-04
   3.59270258e+02  -9.50051413e-04
   3.59270746e+02  -7.08602427e-04
   3.59271235e+02  -3.64878826e-04
   3.59271723e+02  -3.48483969e-04
   3.59272211e+02  -8.51493751e-05
   3.59272700e+02   3.91306763e-04
   3.59273188e+02   3.85479594e-04
   3.59273676e+02   7.48964158e-05
   3.59274165e+02  -5.26218646e-05
   3.59274653e+02   1.25457707e-04
   3.59275141e+02   2.16622138e-04
   3.59275630e+02  -1.92557545e-05
   3.59276118e+02   2.84044127e-05
   3.59276606e+02  -1.85091744e-06
   3.59277094e+02  -1.86424921e-04
   3.59277583e+02  -1.04532759e-04
   3.59278071e+02   9.52076243e-06
   3.59278559e+02   1.03542814e-04
   3.59279048e+02   1.63747856e-04
   3.59279536e+02   3.13027376e-05
   3.59280024e+02  -2.58309650e-04
   3.59280513e+02  -2.14188094e-05
   3.59281001e+02   4.03550192e-04
   3.59281489e+02   1.55105357e-04
   3.59281978e+02  -5.88660070e-04
   3.59282466e+02  -1.03589578e-03
   3.59282954e+02  -7.74603628e-04
   3.59283442e+02  -2.69321376e-04
   3.59283931e+02   1.80510266e-04
   3.59284419e+02   4.79380571e-04
   3.59284907e+02   3.21594620e-04
   3.59285396e+02   8.97518257e-05
   3.59285884e+02  -2.21774360e-04
   3.59286372e+02  -5.69205848e-04
   3.59286861e+02  -5.17330191e-04
   3.59287349e+02  -2.64914037e-04
   3.59287837e+02  -1.99703267e-04
   3.59288326e+02  -2.07614663e-04
   3.59288814e+02   3.37445526e-04
   3.59289302e+02   8.03470961e-04
   3.59289790e+02   4.71912062e-04
   3.59290279e+02   3.53656069e-04
   3.59290767e+02   4.58819966e-04
   3.59291255e+02   5.29551507e-05
   3.59291744e+02  -3.60378617e-04
   3.59292232e+02  -2.26559321e-04
   3.59292720e+02   1.40065004e-05
   3.59293209e+02  -8.35502360e-05
   3.59293697e+02  -2.07812263e-04
   3.59294185e+02  -1.92638370e-04
   3.59294674e+02  -3.32475029e-04
   3.59295162e+02  -3.02546337e-04
   3.59295650e+02  -1.17567855e-04
   3.59296138e+02  -5.82358625e-05
   3.59296627e+02   1.85166020e-04
   3.59297115e+02   2.51230696e-04
   3.59297603e+02   1.29402979e-04
   3.59298092e+02  -7.27910447e-05
   3.59298580e+02  -1.44646283e-05
   3.59299068e+02   1.23612117e-04
   3.59299557e+02  -1.80086630e-04
   3.59300045e+02  -3.92979709e-04
   3.59300533e+02  -3.51201947e-04
   3.59301022e+02   1.10651650e-04
   3.59301510e+02   7.27625447e-04
   3.59301998e+02   8.41084227e-04
   3.59302487e+02   7.21396471e-04
   3.59302975e+02   6.29002228e-04
   3.59303463e+02   6.03797787e-04
   3.59303951e+02   7.74808403e-04
   3.59304440e+02   6.13624463e-04
   3.59304928e+02  -1.45667655e-04
   3.59305416e+02  -5.79186424e-04
   3.59305905e+02  -2.09383230e-04
   3.59306393e+02   4.55929694e-04
   3.59306881e+02   7.59280520e-04
   3.59307370e+02   5.55903127e-04
   3.59307858e+02   4.23283491e-04
   3.59308346e+02   2.90224270e-04
   3.59308835e+02   3.40634404e-04
   3.59309323e+02   4.40402859e-04
   3.59309811e+02  -2.45502451e-04
   3.59310299e+02  -7.31718785e-04
   3.59310788e+02  -2.49479141e-04
   3.59311276e+02   9.50412432e-05
   3.59311764e+02  -3.11114454e-05
   3.59312253e+02   1.32575326e-04
   3.59312741e+02   3.67890781e-04
   3.59313229e+02   1.61155447e-04
   3.59313718e+02  -9.26906432e-05
   3.59314206e+02   1.03075217e-04
   3.59314694e+02   3.53392243e-04
   3.59315183e+02   2.09624253e-04
   3.59315671e+02  -1.77582609e-04
   3.59316159e+02  -3.73508286e-04
   3.59316647e+02  -6.69353525e-04
   3.59317136e+02  -7.09829037e-04
   3.59317624e+02  -3.12230375e-04
   3.59318112e+02   5.55222869e-05
   3.59318601e+02   2.04985918e-04
   3.59319089e+02   4.75006178e-04
   3.59319577e+02   6.42614847e-04
   3.59320066e+02   7.33540975e-04
   3.59320554e+02   9.31550108e-04
   3.59321042e+02   1.11237634e-03
   3.59321531e+02   1.42495357e-03
   3.59322019e+02   1.37547462e-03
   3.59322507e+02   5.74757461e-04
   3.59322995e+02  -1.33311580e-04
   3.59323484e+02  -2.86678027e-04
   3.59323972e+02  -1.80994932e-04
   3.59324460e+02  -1.47216284e-04
   3.59324949e+02  -1.74762870e-04
   3.59325437e+02  -1.28987071e-04
   3.59325925e+02   4.86378958e-05
   3.59326414e+02  -5.41339687e-05
   3.59326902e+02  -1.42256336e-04
   3.59327390e+02  -2.89501069e-04
   3.59327879e+02  -1.61019227e-04
   3.59328367e+02   1.76765832e-06
   3.59328855e+02   5.74535952e-05
   3.59329343e+02   1.48367311e-04
   3.59329832e+02   8.90006049e-05
   3.59330320e+02  -1.17232421e-05
   3.59330808e+02  -2.76584062e-04
   3.59331297e+02  -5.40620938e-04
   3.59331785e+02  -2.48255528e-04
   3.59332273e+02   3.11953454e-06
   3.59332762e+02  -1.58615643e-04
   3.59333250e+02  -2.87994102e-04
   3.59333738e+02  -2.44380324e-04
   3.59334227e+02  -2.80521403e-04
   3.59334715e+02  -4.32129804e-04
   3.59335203e+02  -2.45942618e-04
   3.59335691e+02   4.95816872e-04
   3.59336180e+02   8.07078672e-04
   3.59336668e+02   3.97518364e-04
   3.59337156e+02  -1.52628738e-04
   3.59337645e+02  -6.25937071e-04
   3.59338133e+02  -5.60620101e-04
   3.59338621e+02   6.40226517e-06
   3.59339110e+02   2.62167421e-04
   3.59339598e+02  -1.54176989e-04
   3.59340086e+02  -6.05421665e-04
   3.59340575e+02  -8.70805874e-04
   3.59341063e+02  -8.43459682e-04
   3.59341551e+02  -4.11929825e-04
   3.59342040e+02  -2.89821503e-04
   3.59342528e+02  -3.73231131e-04
   3.59343016e+02  -8.95331596e-06
   3.59343504e+02   2.98783998e-04
   3.59343993e+02   5.32266044e-04
   3.59344481e+02   8.21071560e-04
   3.59344969e+02   7.58458860e-04
   3.59345458e+02   4.41362179e-04
   3.59345946e+02   2.77629762e-04
   3.59346434e+02   4.96482477e-04
   3.59346923e+02   5.79938060e-04
   3.59347411e+02   3.96296906e-04
   3.59347899e+02   1.21282501e-04
   3.59348388e+02  -1.70909218e-04
   3.59348876e+02  -2.02162788e-04
   3.59349364e+02   4.53971079e-05
   3.59349852e+02   4.17805131e-04
   3.59350341e+02   6.30480587e-04
   3.59350829e+02   3.42816580e-04
   3.59351317e+02  -2.45991159e-05
   3.59351806e+02   1.30032422e-04
   3.59352294e+02   4.96276189e-04
   3.59352782e+02   7.04919046e-04
   3.59353271e+02   7.72617059e-04
   3.59353759e+02   5.94436075e-04
   3.59354247e+02   8.31740763e-05
   3.59354736e+02  -3.65253160e-04
   3.59355224e+02  -4.13146219e-04
   3.59355712e+02   2.92407312e-05
   3.59356200e+02   4.94053820e-04
   3.59356689e+02   7.40599120e-04
   3.59357177e+02   8.59031745e-04
   3.59357665e+02   4.05370258e-04
   3.59358154e+02  -3.19774612e-04
   3.59358642e+02  -5.79202431e-04
   3.59359130e+02  -2.99190870e-04
   3.59359619e+02   1.52758454e-04
   3.59360107e+02   2.28069461e-04
   3.59360595e+02  -1.38252057e-04
   3.59361084e+02  -2.71972531e-04
   3.59361572e+02  -1.55435220e-04
   3.59362060e+02  -1.40452306e-04
   3.59362548e+02   1.86884456e-04
   3.59363037e+02   6.56321004e-04
   3.59363525e+02   6.44716434e-04
   3.59364013e+02   3.89820198e-04
   3.59364502e+02  -1.06389329e-04
   3.59364990e+02  -6.07985712e-04
   3.59365478e+02  -6.66258100e-04
   3.59365967e+02  -9.44329659e-04
   3.59366455e+02  -1.20751874e-03
   3.59366943e+02  -1.54218730e-03
   3.59367432e+02  -1.72313699e-03
   3.59367920e+02  -9.37218196e-04
   3.59368408e+02   1.30138258e-04
   3.59368896e+02   4.70859522e-04
   3.59369385e+02   3.28673515e-04
   3.59369873e+02   1.44898033e-04
   3.59370361e+02  -2.18194866e-04
   3.59370850e+02  -5.11255814e-04
   3.59371338e+02  -1.02794984e-04
   3.59371826e+02   4.91222541e-04
   3.59372315e+02   7.07637169e-04
   3.59372803e+02   2.14572909e-04
   3.59373291e+02  -5.45986695e-04
   3.59373780e+02  -6.39397535e-04
   3.59374268e+02  -1.66379919e-04
   3.59374756e+02   2.79278232e-04
   3.59375244e+02   3.37416073e-04
   3.59375733e+02   4.44853140e-05
   3.59376221e+02  -3.88425222e-04
   3.59376709e+02  -5.69586235e-04
   3.59377198e+02  -4.26230516e-04
   3.59377686e+02  -6.48892950e-04
   3.59378174e+02  -8.45573901e-04
   3.59378663e+02  -6.06937450e-04
   3.59379151e+02  -5.18190500e-04
   3.59379639e+02  -3.57671641e-04
   3.59380128e+02  -6.70304144e-05
   3.59380616e+02   5.92329452e-05
   3.59381104e+02   9.82278289e-05
   3.59381593e+02  -1.75558289e-05
   3.59382081e+02  -3.85963795e-04
   3.59382569e+02  -1.48570936e-04
   3.59383057e+02   7.13415735e-04
   3.59383546e+02   8.07242643e-04
   3.59384034e+02   2.12125844e-04
   3.59384522e+02  -3.29771254e-04
   3.59385011e+02  -6.27157046e-04
   3.59385499e+02  -6.29625458e-04
   3.59385987e+02  -4.03260347e-04
   3.59386476e+02  -2.74840742e-04
   3.59386964e+02  -2.25842348e-04
   3.59387452e+02   1.01829341e-04
   3.59387941e+02   6.81712874e-04
   3.59388429e+02   8.00916867e-04
   3.59388917e+02   5.00950322e-04
   3.59389405e+02   4.04031627e-04
   3.59389894e+02   5.38349304e-05
   3.59390382e+02  -2.22577073e-04
   3.59390870e+02  -1.08734952e-04
   3.59391359e+02  -3.05133581e-04
   3.59391847e+02  -6.58765202e-04
   3.59392335e+02  -4.59847681e-04
   3.59392824e+02   4.42031014e-05
   3.59393312e+02   3.59994476e-04
   3.59393800e+02   6.23682106e-04
   3.59394289e+02   8.54153768e-04
   3.59394777e+02   4.81052994e-04
   3.59395265e+02  -3.63209343e-04
   3.59395753e+02  -1.00516237e-03
   3.59396242e+02  -1.02053699e-03
   3.59396730e+02  -2.79363827e-04
   3.59397218e+02   1.16053896e-04
   3.59397707e+02  -4.03639482e-04
   3.59398195e+02  -7.64389639e-04
   3.59398683e+02  -4.73169435e-04
   3.59399172e+02   8.30040517e-05
   3.59399660e+02   5.36364911e-04
   3.59400148e+02   8.29733559e-04
   3.59400637e+02   6.35972305e-04
   3.59401125e+02  -6.47610577e-05
   3.59401613e+02  -4.73003776e-04
   3.59402101e+02  -1.42270394e-04
   3.59402590e+02   5.90088079e-04
   3.59403078e+02   1.00113405e-03
   3.59403566e+02   6.79819030e-04
   3.59404055e+02   1.63873774e-04
   3.59404543e+02   7.82624411e-05
   3.59405031e+02   1.31478824e-04
   3.59405520e+02   2.75682221e-04
   3.59406008e+02   4.83740063e-04
   3.59406496e+02   2.84263777e-04
   3.59406985e+02  -1.54071487e-04
   3.59407473e+02  -4.84188495e-04
   3.59407961e+02  -6.57369848e-04
   3.59408449e+02  -3.44942440e-04
   3.59408938e+02   5.68209973e-04
   3.59409426e+02   1.02805684e-03
   3.59409914e+02   7.71962630e-04
   3.59410403e+02   3.61918384e-04
   3.59410891e+02   4.38625662e-04
   3.59411379e+02   7.78464600e-04
   3.59411868e+02   3.85169522e-04
   3.59412356e+02  -6.77619028e-05
   3.59412844e+02  -1.99114875e-04
   3.59413333e+02  -6.95460767e-04
   3.59413821e+02  -9.80789657e-04
   3.59414309e+02  -6.74834824e-04
   3.59414797e+02  -3.00563144e-04
   3.59415286e+02  -4.23569145e-05
   3.59415774e+02   1.90224018e-04
   3.59416262e+02   2.16538421e-04
   3.59416751e+02  -5.71263372e-05
   3.59417239e+02  -6.00257539e-04
   3.59417727e+02  -8.07967735e-04
   3.59418216e+02  -2.87325762e-04
   3.59418704e+02   3.51345225e-04
   3.59419192e+02   4.50445805e-04
   3.59419681e+02   3.29413539e-04
   3.59420169e+02   5.74168458e-04
   3.59420657e+02   6.44999207e-04
   3.59421146e+02   3.61153885e-04
   3.59421634e+02   9.91373090e-05
   3.59422122e+02   3.86203901e-05
   3.59422610e+02   4.52110326e-05
   3.59423099e+02   2.55542371e-04
   3.59423587e+02   5.85950795e-04
   3.59424075e+02   2.97756749e-04
   3.59424564e+02   6.07840557e-05
   3.59425052e+02   4.02212521e-04
   3.59425540e+02   1.95797766e-04
   3.59426029e+02   1.62001634e-05
   3.59426517e+02   5.89260948e-04
   3.59427005e+02   7.45567842e-04
   3.59427494e+02   1.81905139e-04
   3.59427982e+02  -3.70271446e-04
   3.59428470e+02  -2.49731995e-04
   3.59428958e+02   5.48898883e-04
   3.59429447e+02   8.35544372e-04
   3.59429935e+02   1.62262193e-04
   3.59430423e+02  -4.09058412e-04
   3.59430912e+02  -2.99956417e-04
   3.59431400e+02  -2.12208630e-04
   3.59431888e+02  -2.47320510e-04
   3.59432377e+02  -2.96621205e-04
   3.59432865e+02  -4.10475157e-04
   3.59433353e+02  -2.23049094e-04
   3.59433842e+02   7.77809182e-05
   3.59434330e+02   2.18965302e-04
   3.59434818e+02   2.60960020e-04
   3.59435306e+02   1.19745091e-05
   3.59435795e+02  -6.44084997e-04
   3.59436283e+02  -1.11738185e-03
   3.59436771e+02  -8.15736013e-04
   3.59437260e+02  -5.71188051e-04
   3.59437748e+02  -6.22402818e-04
   3.59438236e+02  -4.27592109e-04
   3.59438725e+02  -3.56798264e-04
   3.59439213e+02  -6.75112475e-04
   3.59439701e+02  -9.45468375e-04
   3.59440190e+02  -9.05190827e-04
   3.59440678e+02  -2.30105041e-04
   3.59441166e+02   7.08006148e-04
   3.59441654e+02   7.27136270e-04
   3.59442143e+02   1.44937905e-04
   3.59442631e+02  -5.21724578e-05
   3.59443119e+02   1.49805855e-04
   3.59443608e+02  -6.98792282e-05
   3.59444096e+02  -2.34894222e-04
   3.59444584e+02  -2.12384737e-04
   3.59445073e+02  -3.34868877e-04
   3.59445561e+02  -1.76773188e-04
   3.59446049e+02   6.07012189e-04
   3.59446538e+02   9.71837260e-04
   3.59447026e+02   4.24939179e-04
   3.59447514e+02  -1.71114425e-05
   3.59448002e+02   1.53059053e-04
   3.59448491e+02   7.66242738e-04
   3.59448979e+02   8.26000993e-04
   3.59449467e+02  -2.00824306e-05
   3.59449956e+02  -5.36498148e-04
   3.59450444e+02  -1.66110593e-04
   3.59450932e+02  -8.43582602e-05
   3.59451421e+02  -4.77322086e-04
   3.59451909e+02  -3.93549679e-04
   3.59452397e+02  -5.63560534e-05
   3.59452886e+02   1.33626672e-04
   3.59453374e+02   1.61922988e-04
   3.59453862e+02   4.03677986e-05
   3.59454350e+02  -1.04228220e-05
   3.59454839e+02   7.30486718e-05
   3.59455327e+02   3.68629262e-04
   3.59455815e+02   7.78812449e-04
   3.59456304e+02   5.10481594e-04
   3.59456792e+02  -1.32705361e-04
   3.59457280e+02  -1.46051796e-04
   3.59457769e+02   2.32238977e-04
   3.59458257e+02   3.45066306e-04
   3.59458745e+02   2.50762445e-04
   3.59459234e+02   1.89848986e-04
   3.59459722e+02   3.63301835e-04
   3.59460210e+02   5.83666493e-04
   3.59460699e+02   3.78166675e-04
   3.59461187e+02  -2.72644276e-04
   3.59461675e+02  -5.31901256e-04
   3.59462163e+02  -2.96374841e-04
   3.59462652e+02  -3.12839227e-04
   3.59463140e+02  -4.34752350e-04
   3.59463628e+02  -2.18360699e-04
   3.59464117e+02  -1.90176157e-04
   3.59464605e+02  -3.93628143e-04
   3.59465093e+02  -5.98842860e-04
   3.59465582e+02  -7.97120447e-04
   3.59466070e+02  -9.22354579e-04
   3.59466558e+02  -8.48566939e-04
   3.59467047e+02  -5.86967100e-04
   3.59467535e+02  -3.10788600e-04
   3.59468023e+02  -1.96205729e-04
   3.59468511e+02  -4.44407953e-04
   3.59469000e+02  -5.77702245e-04
   3.59469488e+02  -8.89914518e-05
   3.59469976e+02   5.09344449e-04
   3.59470465e+02   8.84617039e-04
   3.59470953e+02   7.21266551e-04
   3.59471441e+02   3.54795397e-04
   3.59471930e+02   1.86585239e-04
   3.59472418e+02   2.64970557e-04
   3.59472906e+02   3.58067395e-04
   3.59473395e+02   3.43755528e-05
   3.59473883e+02  -3.63086088e-04
   3.59474371e+02  -7.62094496e-05
   3.59474859e+02   1.46538834e-04
   3.59475348e+02  -3.30674491e-04
   3.59475836e+02  -8.01870949e-04
   3.59476324e+02  -9.57246637e-04
   3.59476813e+02  -3.50272254e-04
   3.59477301e+02   7.09565938e-04
   3.59477789e+02   1.13081082e-03
   3.59478278e+02   6.76611729e-04
   3.59478766e+02   9.02987449e-05
   3.59479254e+02   1.09916924e-04
   3.59479743e+02   5.09014935e-04
   3.59480231e+02   5.08230063e-04
   3.59480719e+02   1.24133774e-04
   3.59481207e+02   3.10933450e-04
   3.59481696e+02   9.54376650e-04
   3.59482184e+02   7.38706207e-04
   3.59482672e+02   4.34742142e-05
   3.59483161e+02  -4.98194058e-05
   3.59483649e+02   1.45943704e-04
   3.59484137e+02   6.42314626e-05
   3.59484626e+02   9.54623974e-05
   3.59485114e+02   1.85233890e-04
   3.59485602e+02   9.18527803e-05
   3.59486091e+02   9.34082491e-05
   3.59486579e+02  -4.14535170e-04
   3.59487067e+02  -1.16317370e-03
   3.59487555e+02  -8.67803057e-04
   3.59488044e+02   1.15877301e-04
   3.59488532e+02   6.40739396e-04
   3.59489020e+02   5.90638549e-04
   3.59489509e+02   4.11411020e-04
   3.59489997e+02   8.95990815e-05
   3.59490485e+02  -6.20774052e-04
   3.59490974e+02  -9.83364182e-04
   3.59491462e+02  -4.66414873e-04
   3.59491950e+02   3.91263093e-05
   3.59492439e+02   1.84593009e-04
   3.59492927e+02   3.36200552e-04
   3.59493415e+02   1.58084760e-04
   3.59493903e+02  -7.10204549e-05
   3.59494392e+02   5.95371785e-05
   3.59494880e+02   3.77921882e-04
   3.59495368e+02   6.84465980e-04
   3.59495857e+02   7.85804994e-04
   3.59496345e+02   5.73213561e-04
   3.59496833e+02   2.97219318e-04
   3.59497322e+02   2.50166864e-04
   3.59497810e+02   3.02243920e-04
   3.59498298e+02   3.28887283e-04
   3.59498787e+02   3.29952920e-04
   3.59499275e+02   3.55618977e-05
   3.59499763e+02  -3.81100021e-04
   3.59500252e+02  -2.53215461e-04
   3.59500740e+02   6.39303325e-05
   3.59501228e+02   1.57278482e-04
   3.59501716e+02   2.53092818e-04
   3.59502205e+02   5.51171484e-04
   3.59502693e+02   4.67975886e-04
   3.59503181e+02  -9.58338774e-07
   3.59503670e+02  -1.29591543e-04
   3.59504158e+02   1.07695443e-04
   3.59504646e+02  -2.09214078e-04
   3.59505135e+02  -8.44555791e-04
   3.59505623e+02  -8.70975957e-04
   3.59506111e+02  -2.95034464e-04
   3.59506600e+02   2.76290695e-04
   3.59507088e+02   3.16784484e-04
   3.59507576e+02   2.44269577e-05
   3.59508064e+02   2.73985224e-05
   3.59508553e+02   2.10216225e-04
   3.59509041e+02   5.77425351e-04
   3.59509529e+02   9.89684951e-04
   3.59510018e+02   8.14208062e-04
   3.59510506e+02   2.33360639e-04
   3.59510994e+02   1.50016611e-04
   3.59511483e+02   5.00402239e-04
   3.59511971e+02   1.97805581e-04
   3.59512459e+02  -4.89140162e-04
   3.59512948e+02  -7.11153378e-04
   3.59513436e+02  -5.52796118e-04
   3.59513924e+02  -4.36220871e-05
   3.59514412e+02   4.77160938e-04
   3.59514901e+02   3.60077625e-04
   3.59515389e+02  -1.69749110e-04
   3.59515877e+02  -5.58583357e-04
   3.59516366e+02  -4.97918285e-04
   3.59516854e+02  -3.04527697e-04
   3.59517342e+02  -1.55350994e-04
   3.59517831e+02  -1.04680679e-04
   3.59518319e+02  -3.74004681e-04
   3.59518807e+02  -2.44483264e-04
   3.59519296e+02   5.86710055e-04
   3.59519784e+02   6.93754700e-04
   3.59520272e+02   1.65020974e-04
   3.59520760e+02  -9.72309790e-05
   3.59521249e+02  -2.11869119e-05
   3.59521737e+02   3.12333686e-05
   3.59522225e+02  -1.92072213e-04
   3.59522714e+02  -1.49854559e-05
   3.59523202e+02   5.37028071e-04
   3.59523690e+02   4.68979968e-04
   3.59524179e+02   1.15596820e-04
   3.59524667e+02  -1.29322420e-04
   3.59525155e+02  -3.39796388e-04
   3.59525644e+02   7.25532955e-05
   3.59526132e+02   1.22143235e-03
   3.59526620e+02   1.70842791e-03
   3.59527108e+02   9.32972820e-04
   3.59527597e+02  -1.90073653e-04
   3.59528085e+02  -8.24208255e-04
   3.59528573e+02  -1.03815040e-03
   3.59529062e+02  -1.18222914e-03
   3.59529550e+02  -9.85654653e-04
   3.59530038e+02  -6.80658151e-04
   3.59530527e+02  -2.30170888e-04
   3.59531015e+02   8.39582528e-04
   3.59531503e+02   1.52469566e-03
   3.59531992e+02   1.30708213e-03
   3.59532480e+02   8.21289490e-04
   3.59532968e+02   4.09170723e-04
   3.59533456e+02   2.10435246e-04
   3.59533945e+02   2.32934501e-04
   3.59534433e+02   1.20490193e-04
   3.59534921e+02  -4.10125183e-04
   3.59535410e+02  -7.08667736e-04
   3.59535898e+02  -7.42327073e-04
   3.59536386e+02  -6.18170947e-04
   3.59536875e+02  -1.28434913e-04
   3.59537363e+02   1.59593110e-04
   3.59537851e+02  -1.79436945e-04
   3.59538340e+02  -4.85032331e-04
   3.59538828e+02  -3.41474544e-04
   3.59539316e+02  -4.55342844e-04
   3.59539805e+02  -6.66363048e-04
   3.59540293e+02  -4.64464480e-04
   3.59540781e+02  -4.03101236e-04
   3.59541269e+02  -7.66225159e-04
   3.59541758e+02  -7.80372531e-04
   3.59542246e+02  -3.81163292e-04
   3.59542734e+02   2.95867183e-04
   3.59543223e+02   9.59073193e-04
   3.59543711e+02   7.75342458e-04
   3.59544199e+02  -6.46665227e-04
   3.59544688e+02  -1.33161386e-03
   3.59545176e+02  -3.07114940e-04
   3.59545664e+02  -1.06506986e-05
   3.59546153e+02  -5.68773539e-04
   3.59546641e+02  -5.53464270e-05
   3.59547129e+02   2.81697750e-04
   3.59547617e+02  -2.54148326e-04
   3.59548106e+02  -4.59379167e-04
   3.59548594e+02  -6.09361341e-05
   3.59549082e+02   2.48406141e-04
   3.59549571e+02   1.94509485e-04
   3.59550059e+02  -2.22213712e-04
   3.59550547e+02  -2.70438264e-04
   3.59551036e+02   5.25050273e-04
   3.59551524e+02   1.18264905e-03
   3.59552012e+02   9.91745503e-04
   3.59552501e+02   4.50157939e-04
   3.59552989e+02  -3.25019966e-04
   3.59553477e+02  -7.84711272e-04
   3.59553965e+02  -8.43943562e-04
   3.59554454e+02  -7.70337938e-04
   3.59554942e+02  -3.36829311e-04
   3.59555430e+02   4.16891162e-05
   3.59555919e+02   3.07205773e-05
   3.59556407e+02  -3.05291069e-05
   3.59556895e+02   5.55534243e-05
   3.59557384e+02   4.13212168e-04
   3.59557872e+02   7.00839679e-04
   3.59558360e+02   7.56125257e-04
   3.59558849e+02   7.62378040e-04
   3.59559337e+02   6.65096391e-04
   3.59559825e+02  -1.22054786e-04
   3.59560313e+02  -6.49106689e-04
   3.59560802e+02  -6.64957392e-04
   3.59561290e+02  -4.16872528e-04
   3.59561778e+02  -8.47996635e-05
   3.59562267e+02   5.86024660e-04
   3.59562755e+02   1.19794009e-03
   3.59563243e+02   1.30323577e-03
   3.59563732e+02   8.85175541e-04
   3.59564220e+02   1.91330153e-04
   3.59564708e+02  -2.32049351e-05
   3.59565197e+02   6.70661684e-04
   3.59565685e+02   1.07396487e-03
   3.59566173e+02   2.85464484e-04
   3.59566661e+02  -6.34858210e-04
   3.59567150e+02  -5.41263900e-04
   3.59567638e+02   1.30349916e-04
   3.59568126e+02   7.19944830e-04
   3.59568615e+02   8.72778706e-04
   3.59569103e+02   5.93687757e-04
   3.59569591e+02   2.30939884e-04
   3.59570080e+02   1.75780558e-04
   3.59570568e+02   6.80347512e-05
   3.59571056e+02  -3.20486928e-04
   3.59571545e+02  -6.22682739e-04
   3.59572033e+02  -5.61105146e-04
   3.59572521e+02  -2.25672324e-04
   3.59573009e+02  -2.83959147e-04
   3.59573498e+02  -7.16727460e-04
   3.59573986e+02  -4.16320196e-04
   3.59574474e+02   1.58914874e-04
   3.59574963e+02   3.84655461e-04
   3.59575451e+02   8.18486151e-04
   3.59575939e+02   8.06899741e-04
   3.59576428e+02   2.17825102e-04
   3.59576916e+02  -1.24725178e-04
   3.59577404e+02  -3.98274657e-04
   3.59577893e+02  -1.07942527e-04
   3.59578381e+02   4.59731964e-04
   3.59578869e+02   1.50035514e-04
   3.59579357e+02  -7.56760710e-04
   3.59579846e+02  -1.07936875e-03
   3.59580334e+02  -7.77126523e-04
   3.59580822e+02  -4.29641717e-04
   3.59581311e+02  -3.18192091e-04
   3.59581799e+02  -1.60935975e-04
   3.59582287e+02   1.06120797e-05
   3.59582776e+02   9.93904687e-05
   3.59583264e+02   2.24062169e-05
   3.59583752e+02  -1.82099291e-04
   3.59584241e+02  -1.52993976e-04
   3.59584729e+02   2.83854988e-05
   3.59585217e+02   1.46883380e-04
   3.59585706e+02   2.48849363e-04
   3.59586194e+02   3.46034882e-04
   3.59586682e+02   6.32679323e-04
   3.59587170e+02   8.24741554e-04
   3.59587659e+02   5.52828482e-04
   3.59588147e+02   5.95625679e-05
   3.59588635e+02  -2.45006668e-04
   3.59589124e+02  -5.00854745e-04
   3.59589612e+02  -6.29054091e-04
   3.59590100e+02  -2.83329195e-04
   3.59590589e+02   2.30331832e-04
   3.59591077e+02   3.73738614e-04
   3.59591565e+02   1.96049907e-04
   3.59592054e+02   4.23263918e-05
   3.59592542e+02  -8.71149023e-05
   3.59593030e+02  -1.81527328e-04
   3.59593518e+02  -2.28112389e-04
   3.59594007e+02  -2.15114196e-04
   3.59594495e+02   1.11104418e-04
   3.59594983e+02   1.60512951e-04
   3.59595472e+02  -1.40010030e-04
   3.59595960e+02   1.20857381e-04
   3.59596448e+02   6.05127309e-04
   3.59596937e+02   3.62633815e-04
   3.59597425e+02  -1.55944035e-05
   3.59597913e+02  -2.70988949e-05
   3.59598402e+02  -1.70817875e-05
   3.59598890e+02  -2.88327399e-04
   3.59599378e+02  -7.51480169e-04
   3.59599866e+02  -5.95902558e-04
   3.59600355e+02  -1.03994440e-04
   3.59600843e+02  -3.59446654e-04
   3.59601331e+02  -7.36748276e-04
   3.59601820e+02  -3.38609650e-04
   3.59602308e+02  -1.34612983e-05
   3.59602796e+02  -3.06108239e-04
   3.59603285e+02  -6.77404576e-04
   3.59603773e+02  -3.96235962e-04
   3.59604261e+02   8.36968029e-05
   3.59604750e+02  -1.15443574e-04
   3.59605238e+02  -3.88689281e-04
   3.59605726e+02  -2.00501541e-04
   3.59606214e+02   3.50512164e-05
   3.59606703e+02   4.96797904e-04
   3.59607191e+02   7.19693839e-04
   3.59607679e+02   1.85658224e-04
   3.59608168e+02  -2.60355388e-04
   3.59608656e+02  -2.58187589e-04
   3.59609144e+02  -1.97071160e-04
   3.59609633e+02  -2.95704405e-04
   3.59610121e+02  -2.33160376e-04
   3.59610609e+02   1.83613796e-04
   3.59611098e+02   8.30632402e-04
   3.59611586e+02   1.21176837e-03
   3.59612074e+02   1.49822759e-03
   3.59612562e+02   1.70479971e-03
   3.59613051e+02   1.34481105e-03
   3.59613539e+02   7.27956824e-04
   3.59614027e+02   1.87696613e-04
   3.59614516e+02  -2.19114329e-04
   3.59615004e+02  -1.28631118e-05
   3.59615492e+02   2.07108416e-04
   3.59615981e+02  -2.24894451e-04
   3.59616469e+02  -3.16968362e-04
   3.59616957e+02  -5.18050292e-05
   3.59617446e+02   4.23484562e-05
   3.59617934e+02  -1.44749967e-04
   3.59618422e+02  -6.71373127e-05
   3.59618910e+02   3.06229573e-04
   3.59619399e+02   2.60881730e-04
   3.59619887e+02  -2.80330976e-04
   3.59620375e+02  -7.02456047e-04
   3.59620864e+02  -6.21412240e-04
   3.59621352e+02  -3.06871836e-04
   3.59621840e+02  -1.35134178e-04
   3.59622329e+02  -5.89302392e-04
   3.59622817e+02  -1.02413353e-03
   3.59623305e+02  -8.29101657e-04
   3.59623794e+02  -5.59752109e-04
   3.59624282e+02  -1.91594721e-04
   3.59624770e+02   2.83345405e-04
   3.59625259e+02   4.41801792e-04
   3.59625747e+02   9.94962684e-05
   3.59626235e+02  -7.16410141e-05
   3.59626723e+02   2.55331281e-04
   3.59627212e+02   5.58846921e-04
   3.59627700e+02   2.67087773e-04
   3.59628188e+02  -3.08012735e-04
   3.59628677e+02  -3.68572859e-04
   3.59629165e+02  -5.79406158e-04
   3.59629653e+02  -8.93180608e-04
   3.59630142e+02  -7.59401999e-04
   3.59630630e+02  -4.19154851e-04
   3.59631118e+02  -4.00444784e-04
   3.59631607e+02  -2.65060429e-04
   3.59632095e+02   1.22320052e-04
   3.59632583e+02  -5.58691609e-05
   3.59633071e+02  -1.64881003e-05
   3.59633560e+02   4.77913767e-04
   3.59634048e+02   2.74683145e-04
   3.59634536e+02  -6.34482189e-04
   3.59635025e+02  -9.84867569e-04
   3.59635513e+02  -7.03902042e-04
   3.59636001e+02  -5.13246690e-04
   3.59636490e+02  -2.66355084e-04
   3.59636978e+02   1.48331586e-04
   3.59637466e+02   2.16035594e-04
   3.59637955e+02   6.44047614e-05
   3.59638443e+02   2.18325978e-04
   3.59638931e+02   2.03787073e-04
   3.59639419e+02   2.14055661e-04
   3.59639908e+02   7.10344990e-04
   3.59640396e+02   7.20894313e-04
   3.59640884e+02   1.11301350e-04
   3.59641373e+02   1.07852116e-04
   3.59641861e+02   3.34649259e-04
   3.59642349e+02   1.95529472e-04
   3.59642838e+02  -1.72874854e-06
   3.59643326e+02  -1.58280513e-04
   3.59643814e+02  -3.27947520e-04
   3.59644303e+02  -5.87202085e-04
   3.59644791e+02  -5.39961155e-04
   3.59645279e+02  -1.16650910e-04
   3.59645767e+02   4.65015735e-04
   3.59646256e+02   9.13028605e-04
   3.59646744e+02   6.84898521e-04
   3.59647232e+02  -6.40084836e-05
   3.59647721e+02  -2.50600016e-04
   3.59648209e+02   4.20119730e-04
   3.59648697e+02   3.15583107e-04
   3.59649186e+02  -2.02081603e-04
   3.59649674e+02   1.82196411e-04
   3.59650162e+02   2.38839144e-04
   3.59650651e+02  -6.66199718e-04
   3.59651139e+02  -8.39441724e-04
   3.59651627e+02  -7.84910953e-05
   3.59652115e+02   1.83684140e-04
   3.59652604e+02   2.22131166e-05
   3.59653092e+02  -2.09011443e-04
   3.59653580e+02  -9.65609390e-04
   3.59654069e+02  -1.43683713e-03
   3.59654557e+02  -7.65596575e-04
   3.59655045e+02   3.35385528e-04
   3.59655534e+02   8.32188234e-04
   3.59656022e+02   9.19097685e-04
   3.59656510e+02   7.50151637e-04
   3.59656999e+02   5.93155783e-05
   3.59657487e+02  -8.63403329e-05
   3.59657975e+02   1.99274233e-04
   3.59658463e+02   2.30637452e-04
   3.59658952e+02   4.40630363e-04
   3.59659440e+02  -2.98621861e-04
   3.59659928e+02  -1.79819041e-03
   3.59660417e+02  -1.75754703e-03
   3.59660905e+02  -5.81323111e-04
   3.59661393e+02   2.16553759e-04
   3.59661882e+02   3.72820854e-04
   3.59662370e+02   1.40023776e-05
   3.59662858e+02  -9.75617950e-05
   3.59663347e+02   6.18585473e-05
   3.59663835e+02  -3.57862009e-04
   3.59664323e+02  -6.35057630e-04
   3.59664812e+02  -1.43190555e-04
   3.59665300e+02   2.15555294e-04
   3.59665788e+02  -4.01397876e-04
   3.59666276e+02  -9.18363628e-04
   3.59666765e+02  -4.80898743e-04
   3.59667253e+02   1.57136761e-04
   3.59667741e+02   1.37639930e-04
   3.59668230e+02   2.89327174e-04
   3.59668718e+02   1.00807578e-03
   3.59669206e+02   9.73709917e-04
   3.59669695e+02   2.64243106e-04
   3.59670183e+02  -2.20400587e-04
   3.59670671e+02  -2.79250205e-04
   3.59671160e+02  -2.05889082e-04
   3.59671648e+02  -3.92568414e-04
   3.59672136e+02  -3.33486008e-04
   3.59672624e+02   2.42809081e-04
   3.59673113e+02   2.91879696e-04
   3.59673601e+02   1.07337037e-04
   3.59674089e+02   1.63122968e-04
   3.59674578e+02  -2.42728478e-04
   3.59675066e+02   7.68829268e-05
