frequency (GHz), flux (Jy/beam)
   3.45823207e+02  -5.53697813e-04
   3.45823695e+02  -9.03681303e-06
   3.45824184e+02   1.59241128e-04
   3.45824672e+02   1.37996176e-04
   3.45825160e+02   1.33151389e-05
   3.45825649e+02  -4.03817648e-05
   3.45826137e+02   2.04946351e-04
   3.45826625e+02   3.99064418e-04
   3.45827114e+02   3.84956860e-04
   3.45827602e+02   3.98103846e-04
   3.45828090e+02   3.31626827e-04
   3.45828579e+02   2.96601240e-04
   3.45829067e+02   3.54845281e-04
   3.45829555e+02   2.06249315e-04
   3.45830044e+02  -1.07675369e-04
   3.45830532e+02  -2.25490570e-04
   3.45831020e+02   4.34763679e-05
   3.45831508e+02   1.82167671e-04
   3.45831997e+02  -4.89053309e-05
   3.45832485e+02  -1.75314490e-04
   3.45832973e+02  -4.54616616e-04
   3.45833462e+02  -7.50114210e-04
   3.45833950e+02  -4.73947875e-04
   3.45834438e+02  -6.31699513e-05
   3.45834927e+02   1.74312823e-04
   3.45835415e+02   4.85993747e-04
   3.45835903e+02   4.15331655e-04
   3.45836392e+02   1.17603406e-04
   3.45836880e+02   3.53071111e-04
   3.45837368e+02   4.90646751e-04
   3.45837856e+02  -6.99397276e-07
   3.45838345e+02  -3.14872479e-04
   3.45838833e+02   7.49639075e-05
   3.45839321e+02   4.14827256e-04
   3.45839810e+02   1.90024919e-04
   3.45840298e+02  -3.29776481e-06
   3.45840786e+02   1.52093431e-04
   3.45841275e+02   1.56771930e-04
   3.45841763e+02   2.73485872e-04
   3.45842251e+02   2.96355865e-04
   3.45842740e+02  -8.68894915e-07
   3.45843228e+02  -1.52801120e-04
   3.45843716e+02  -3.10367206e-04
   3.45844204e+02  -5.76147228e-04
   3.45844693e+02  -8.72283534e-04
   3.45845181e+02  -8.18391098e-04
   3.45845669e+02  -2.28696270e-04
   3.45846158e+02   1.07383321e-05
   3.45846646e+02  -4.12611349e-04
   3.45847134e+02  -4.98647161e-04
   3.45847623e+02  -1.98587499e-04
   3.45848111e+02  -3.14394740e-04
   3.45848599e+02  -5.20701287e-04
   3.45849088e+02  -2.59149965e-04
   3.45849576e+02  -1.30653905e-04
   3.45850064e+02  -1.45350452e-04
   3.45850552e+02   1.06690160e-04
   3.45851041e+02   2.76439212e-04
   3.45851529e+02   2.95934995e-04
   3.45852017e+02   2.02907933e-04
   3.45852506e+02  -2.43306218e-04
   3.45852994e+02  -4.59688890e-04
   3.45853482e+02  -7.95727246e-05
   3.45853971e+02  -5.54416874e-05
   3.45854459e+02  -8.39724526e-05
   3.45854947e+02   1.45183643e-04
   3.45855436e+02   7.51486641e-06
   3.45855924e+02  -1.92926789e-04
   3.45856412e+02  -3.74812662e-04
   3.45856900e+02  -3.47350695e-04
   3.45857389e+02  -1.95764529e-04
   3.45857877e+02  -5.00066089e-04
   3.45858365e+02  -5.13910840e-04
   3.45858854e+02   9.06354180e-05
   3.45859342e+02   3.16622230e-04
   3.45859830e+02   2.96574202e-04
   3.45860319e+02   3.47743131e-04
   3.45860807e+02   4.52138513e-04
   3.45861295e+02   3.54330405e-04
   3.45861784e+02  -3.10623378e-04
   3.45862272e+02  -3.31054587e-04
   3.45862760e+02   3.27886344e-04
   3.45863248e+02   2.80134263e-04
   3.45863737e+02   9.36900033e-05
   3.45864225e+02   5.39166213e-04
   3.45864713e+02   8.40684923e-04
   3.45865202e+02   5.59616310e-04
   3.45865690e+02   4.29508829e-04
   3.45866178e+02   5.29281620e-04
   3.45866667e+02   4.07223706e-04
   3.45867155e+02   4.62548160e-05
   3.45867643e+02  -3.41957028e-04
   3.45868132e+02  -2.48658413e-04
   3.45868620e+02   1.59798044e-04
   3.45869108e+02   2.60395376e-04
   3.45869597e+02   9.40135869e-05
   3.45870085e+02   1.80138784e-04
   3.45870573e+02   3.78495490e-04
   3.45871061e+02   4.33340523e-04
   3.45871550e+02   3.89433990e-04
   3.45872038e+02   1.83819153e-04
   3.45872526e+02  -3.52818402e-04
   3.45873015e+02  -8.12406535e-04
   3.45873503e+02  -6.66207867e-04
   3.45873991e+02  -7.97975008e-05
   3.45874480e+02   2.90509372e-04
   3.45874968e+02   2.79479398e-04
   3.45875456e+02   1.02276710e-04
   3.45875945e+02   8.24859453e-05
   3.45876433e+02   2.06682773e-04
   3.45876921e+02   2.24965668e-04
   3.45877409e+02   4.35393042e-04
   3.45877898e+02   8.48925323e-04
   3.45878386e+02   9.41398263e-04
   3.45878874e+02   8.00772163e-04
   3.45879363e+02   4.11042012e-04
   3.45879851e+02   6.29278220e-05
   3.45880339e+02   5.62866535e-06
   3.45880828e+02  -2.14535612e-04
   3.45881316e+02  -5.82308334e-04
   3.45881804e+02  -6.25694636e-04
   3.45882293e+02  -2.32251725e-04
   3.45882781e+02   4.42417106e-04
   3.45883269e+02   4.33750218e-04
   3.45883757e+02  -6.25028207e-08
   3.45884246e+02   3.00174986e-04
   3.45884734e+02   5.47457312e-04
   3.45885222e+02  -9.98840187e-06
   3.45885711e+02  -7.19701638e-04
   3.45886199e+02  -5.77634433e-04
   3.45886687e+02   1.17139374e-04
   3.45887176e+02   1.23108126e-04
   3.45887664e+02  -4.57921386e-04
   3.45888152e+02  -8.68386880e-04
   3.45888641e+02  -1.01682229e-03
   3.45889129e+02  -7.66187441e-04
   3.45889617e+02  -3.63850209e-04
   3.45890105e+02  -9.56531221e-06
   3.45890594e+02   2.12997780e-04
   3.45891082e+02   8.28915363e-05
   3.45891570e+02   2.55632127e-04
   3.45892059e+02   3.60603881e-04
   3.45892547e+02  -1.56016831e-04
   3.45893035e+02  -5.18761284e-04
   3.45893524e+02  -5.12351864e-04
   3.45894012e+02  -1.16743555e-04
   3.45894500e+02   4.43682657e-04
   3.45894989e+02   6.26270834e-04
   3.45895477e+02   1.82551405e-04
   3.45895965e+02  -2.43956412e-04
   3.45896453e+02  -1.86354209e-05
   3.45896942e+02   1.19971955e-04
   3.45897430e+02  -3.70472670e-04
   3.45897918e+02  -6.77808712e-04
   3.45898407e+02  -4.81524097e-04
   3.45898895e+02   1.96155597e-05
   3.45899383e+02   3.48443747e-04
   3.45899872e+02   3.56945064e-04
   3.45900360e+02   5.06725395e-04
   3.45900848e+02   8.42566718e-04
   3.45901337e+02   9.65525222e-04
   3.45901825e+02   8.59924708e-04
   3.45902313e+02   6.79548481e-04
   3.45902801e+02   2.70529476e-04
   3.45903290e+02  -1.03434832e-04
   3.45903778e+02  -3.20129388e-04
   3.45904266e+02  -2.68997013e-04
   3.45904755e+02  -2.43636634e-04
   3.45905243e+02  -1.21997131e-04
   3.45905731e+02   2.46760639e-04
   3.45906220e+02   4.29836946e-05
   3.45906708e+02  -5.74983074e-04
   3.45907196e+02  -2.71283003e-04
   3.45907685e+02   3.48182191e-04
   3.45908173e+02   2.54149709e-05
   3.45908661e+02  -6.51756010e-04
   3.45909150e+02  -7.03387312e-04
   3.45909638e+02   6.28196649e-05
   3.45910126e+02   7.17595860e-04
   3.45910614e+02   5.62339206e-04
   3.45911103e+02   2.11917009e-04
   3.45911591e+02   3.06561444e-04
   3.45912079e+02   5.20839472e-04
   3.45912568e+02   6.68473542e-04
   3.45913056e+02   4.96694876e-04
   3.45913544e+02   1.35018650e-04
   3.45914033e+02   1.50048363e-04
   3.45914521e+02   2.14726737e-04
   3.45915009e+02  -1.43627040e-04
   3.45915498e+02  -7.39646377e-04
   3.45915986e+02  -8.82076798e-04
   3.45916474e+02  -2.09384612e-04
   3.45916962e+02   3.25018889e-04
   3.45917451e+02   2.30991373e-05
   3.45917939e+02  -1.48154912e-04
   3.45918427e+02   1.31175620e-04
   3.45918916e+02   3.28326074e-04
   3.45919404e+02   2.51192163e-04
   3.45919892e+02  -7.49556420e-05
   3.45920381e+02  -1.58289680e-04
   3.45920869e+02   1.56079142e-04
   3.45921357e+02   1.92777166e-04
   3.45921846e+02  -1.49871266e-04
   3.45922334e+02  -1.60730240e-04
   3.45922822e+02   1.04671068e-04
   3.45923310e+02   1.12359325e-04
   3.45923799e+02   1.13611619e-04
   3.45924287e+02   4.39349860e-05
   3.45924775e+02  -2.62293848e-04
   3.45925264e+02  -1.84489254e-04
   3.45925752e+02   1.97636342e-04
   3.45926240e+02   1.66367230e-04
   3.45926729e+02   7.88737889e-05
   3.45927217e+02   8.99043371e-05
   3.45927705e+02   1.37223891e-04
   3.45928194e+02   2.48055640e-05
   3.45928682e+02  -2.03259144e-04
   3.45929170e+02  -9.76055817e-05
   3.45929658e+02   3.21675943e-05
   3.45930147e+02   2.97304126e-04
   3.45930635e+02   3.65591724e-04
   3.45931123e+02  -1.93561922e-04
   3.45931612e+02  -5.66661358e-04
   3.45932100e+02  -2.31423503e-04
   3.45932588e+02   2.89229265e-05
   3.45933077e+02   6.70526424e-05
   3.45933565e+02   2.24745410e-04
   3.45934053e+02   1.29948166e-04
   3.45934542e+02  -3.54904623e-04
   3.45935030e+02  -3.99382989e-04
   3.45935518e+02  -4.32612025e-04
   3.45936006e+02  -8.49262695e-04
   3.45936495e+02  -9.02948668e-04
   3.45936983e+02  -7.00633027e-05
   3.45937471e+02   6.77507254e-04
   3.45937960e+02   4.44290403e-04
   3.45938448e+02   1.27968495e-04
   3.45938936e+02  -3.90167879e-05
   3.45939425e+02  -1.77560723e-05
   3.45939913e+02   4.43644938e-04
   3.45940401e+02   6.06319925e-04
   3.45940890e+02   5.01668372e-04
   3.45941378e+02   3.72523762e-04
   3.45941866e+02   6.64500621e-05
   3.45942354e+02  -3.23146414e-05
   3.45942843e+02  -2.30978094e-05
   3.45943331e+02  -1.80558665e-04
   3.45943819e+02  -2.00888302e-04
   3.45944308e+02   4.44654906e-05
   3.45944796e+02   9.52756891e-05
   3.45945284e+02   1.30808199e-04
   3.45945773e+02   9.86251835e-05
   3.45946261e+02   1.10471345e-04
   3.45946749e+02   2.74796301e-04
   3.45947238e+02   2.28603603e-04
   3.45947726e+02   1.56122667e-04
   3.45948214e+02   1.40302931e-04
   3.45948703e+02  -3.91962531e-05
   3.45949191e+02  -1.08423803e-04
   3.45949679e+02  -1.87204583e-04
   3.45950167e+02  -6.01328356e-05
   3.45950656e+02   4.80820163e-05
   3.45951144e+02  -6.58290446e-05
   3.45951632e+02  -5.32774975e-05
   3.45952121e+02   9.25276254e-05
   3.45952609e+02  -4.86873905e-05
   3.45953097e+02  -1.67631020e-04
   3.45953586e+02  -9.64625360e-05
   3.45954074e+02  -3.01187072e-04
   3.45954562e+02  -1.25583727e-04
   3.45955051e+02   3.98899429e-04
   3.45955539e+02   5.43954491e-04
   3.45956027e+02   3.38659214e-04
   3.45956515e+02  -2.99249168e-05
   3.45957004e+02  -3.58179750e-05
   3.45957492e+02   1.68385028e-04
   3.45957980e+02   1.08450768e-04
   3.45958469e+02   5.70664924e-05
   3.45958957e+02   1.28376894e-04
   3.45959445e+02   1.85465105e-04
   3.45959934e+02   4.72508196e-04
   3.45960422e+02   6.31401839e-04
   3.45960910e+02   3.91353329e-04
   3.45961399e+02   1.60155760e-04
   3.45961887e+02   6.37252670e-05
   3.45962375e+02  -9.28011577e-05
   3.45962863e+02   7.60187104e-05
   3.45963352e+02   9.32045950e-05
   3.45963840e+02  -1.59603980e-04
   3.45964328e+02  -2.14028260e-04
   3.45964817e+02  -3.36823345e-04
   3.45965305e+02  -4.35855036e-04
   3.45965793e+02  -2.82768509e-04
   3.45966282e+02   2.48309807e-04
   3.45966770e+02   6.89508219e-04
   3.45967258e+02   6.72697206e-04
   3.45967747e+02   3.47583118e-04
   3.45968235e+02  -9.04446642e-06
   3.45968723e+02  -7.61410047e-05
   3.45969211e+02  -7.18520168e-05
   3.45969700e+02  -1.42302801e-04
   3.45970188e+02  -1.42543868e-04
   3.45970676e+02  -2.60255765e-04
   3.45971165e+02  -1.38968753e-04
   3.45971653e+02   1.62540073e-05
   3.45972141e+02   5.92843680e-05
   3.45972630e+02   8.65941693e-05
   3.45973118e+02  -2.19476482e-04
   3.45973606e+02  -3.20789259e-04
   3.45974095e+02  -1.29303065e-04
   3.45974583e+02   1.99981823e-05
   3.45975071e+02   5.08548328e-05
   3.45975559e+02  -1.43304860e-04
   3.45976048e+02  -1.57649571e-04
   3.45976536e+02  -7.64647339e-05
   3.45977024e+02  -7.98912733e-05
   3.45977513e+02   4.44172692e-05
   3.45978001e+02  -1.91155800e-06
   3.45978489e+02  -6.72526439e-05
   3.45978978e+02  -1.97992413e-04
   3.45979466e+02  -2.43229268e-04
   3.45979954e+02   2.84694950e-04
   3.45980443e+02   8.83711095e-04
   3.45980931e+02   9.07306210e-04
   3.45981419e+02   3.20898951e-04
   3.45981907e+02  -2.10035905e-05
   3.45982396e+02   2.62754125e-04
   3.45982884e+02   5.30275574e-04
   3.45983372e+02   5.28641103e-04
   3.45983861e+02   5.34025079e-04
   3.45984349e+02   5.55790204e-04
   3.45984837e+02   1.09192202e-04
   3.45985326e+02  -3.15888377e-04
   3.45985814e+02  -3.27068010e-05
   3.45986302e+02   3.83655133e-04
   3.45986791e+02   3.08309012e-04
   3.45987279e+02   1.08492175e-04
   3.45987767e+02   2.33194034e-04
   3.45988256e+02   1.99063652e-04
   3.45988744e+02  -8.57538325e-05
   3.45989232e+02  -2.82761583e-04
   3.45989720e+02  -4.53347573e-04
   3.45990209e+02  -5.09927573e-04
   3.45990697e+02  -1.72009404e-05
   3.45991185e+02   6.25949353e-04
   3.45991674e+02   6.49367983e-04
   3.45992162e+02   1.28865315e-04
   3.45992650e+02  -5.33472456e-04
   3.45993139e+02  -6.94629620e-04
   3.45993627e+02  -5.70148462e-04
   3.45994115e+02  -7.17628165e-04
   3.45994604e+02  -3.54516873e-04
   3.45995092e+02   1.07135966e-04
   3.45995580e+02   2.09140053e-05
   3.45996068e+02   1.27202744e-04
   3.45996557e+02   5.56103578e-06
   3.45997045e+02  -3.29754432e-04
   3.45997533e+02  -2.77187137e-05
   3.45998022e+02   4.02740552e-04
   3.45998510e+02   4.53792600e-04
   3.45998998e+02   2.31718819e-04
   3.45999487e+02  -2.13346750e-04
   3.45999975e+02  -4.08567663e-04
   3.46000463e+02  -3.15938494e-04
   3.46000952e+02  -3.81486374e-04
   3.46001440e+02  -2.41555041e-04
   3.46001928e+02  -5.57508683e-05
   3.46002416e+02  -1.75126319e-04
   3.46002905e+02  -1.93174055e-04
   3.46003393e+02  -1.11744994e-04
   3.46003881e+02   1.28731190e-04
   3.46004370e+02   1.92825886e-04
   3.46004858e+02  -3.09096904e-05
   3.46005346e+02  -9.10531380e-05
   3.46005835e+02   3.43741092e-04
   3.46006323e+02   6.10006857e-04
   3.46006811e+02   2.24811563e-04
   3.46007300e+02  -1.01227633e-05
   3.46007788e+02  -5.63673311e-05
   3.46008276e+02  -8.58803396e-05
   3.46008764e+02   3.01124528e-04
   3.46009253e+02   2.13837353e-04
   3.46009741e+02  -5.53858350e-04
   3.46010229e+02  -7.10594875e-04
   3.46010718e+02  -3.57503654e-04
   3.46011206e+02  -3.20846775e-05
   3.46011694e+02   2.71879573e-04
   3.46012183e+02   7.34641726e-05
   3.46012671e+02  -4.42567252e-04
   3.46013159e+02  -2.54198356e-04
   3.46013648e+02   3.31038202e-04
   3.46014136e+02   3.73248273e-04
   3.46014624e+02   4.70964646e-04
   3.46015112e+02   8.50382552e-04
   3.46015601e+02   6.72963215e-04
   3.46016089e+02   1.86224759e-04
   3.46016577e+02  -2.40370908e-04
   3.46017066e+02  -3.97286232e-04
   3.46017554e+02  -3.31270945e-04
   3.46018042e+02  -4.65973484e-04
   3.46018531e+02  -4.23324760e-04
   3.46019019e+02   1.91096096e-05
   3.46019507e+02   5.30955032e-04
   3.46019996e+02   1.18201808e-03
   3.46020484e+02   1.03077386e-03
   3.46020972e+02   3.55125871e-04
   3.46021460e+02   1.43993704e-04
   3.46021949e+02   9.18231526e-05
   3.46022437e+02   4.13586304e-06
   3.46022925e+02  -2.80116539e-04
   3.46023414e+02  -3.95687326e-04
   3.46023902e+02  -1.08342756e-04
   3.46024390e+02  -8.07071483e-05
   3.46024879e+02  -2.17272434e-04
   3.46025367e+02  -4.31488064e-04
   3.46025855e+02  -6.06271904e-04
   3.46026344e+02  -1.51584405e-04
   3.46026832e+02   4.27559280e-04
   3.46027320e+02   4.80563700e-04
   3.46027809e+02  -2.23500156e-05
   3.46028297e+02  -5.90207870e-04
   3.46028785e+02  -6.17955753e-04
   3.46029273e+02  -4.06689709e-04
   3.46029762e+02  -1.32855566e-04
   3.46030250e+02   1.94425287e-04
   3.46030738e+02   3.57597950e-04
   3.46031227e+02   3.65332875e-04
   3.46031715e+02   5.26563963e-04
   3.46032203e+02   4.40712232e-04
   3.46032692e+02   1.47625988e-05
   3.46033180e+02   7.54179273e-05
   3.46033668e+02   4.15112852e-04
   3.46034157e+02   3.88160814e-04
   3.46034645e+02  -5.14097446e-05
   3.46035133e+02  -3.07748705e-04
   3.46035621e+02  -1.06606851e-04
   3.46036110e+02   1.25142134e-04
   3.46036598e+02   6.43786916e-06
   3.46037086e+02  -2.00332361e-04
   3.46037575e+02  -2.79975880e-04
   3.46038063e+02  -6.56662101e-04
   3.46038551e+02  -8.82619759e-04
   3.46039040e+02  -3.55016353e-04
   3.46039528e+02   3.40332364e-04
   3.46040016e+02   2.75847793e-04
   3.46040505e+02  -1.92903044e-05
   3.46040993e+02   2.75809056e-04
   3.46041481e+02   4.58293012e-04
   3.46041969e+02   8.19312409e-05
   3.46042458e+02  -3.02054570e-04
   3.46042946e+02  -2.28886609e-04
   3.46043434e+02   4.68856160e-05
   3.46043923e+02   6.54630931e-05
   3.46044411e+02   4.58601680e-05
   3.46044899e+02   4.06575506e-04
   3.46045388e+02   4.56114823e-04
   3.46045876e+02  -7.98973124e-05
   3.46046364e+02  -2.92686542e-04
   3.46046853e+02   6.61853555e-05
   3.46047341e+02   1.08846456e-04
   3.46047829e+02  -3.26828886e-04
   3.46048317e+02  -3.70565365e-04
   3.46048806e+02  -1.96763343e-04
   3.46049294e+02  -3.62032559e-04
   3.46049782e+02  -3.26949026e-04
   3.46050271e+02  -1.87266574e-04
   3.46050759e+02  -2.66558171e-04
   3.46051247e+02  -3.26355454e-04
   3.46051736e+02  -8.46489565e-05
   3.46052224e+02   5.84543996e-05
   3.46052712e+02  -1.75907466e-04
   3.46053201e+02  -1.61307093e-04
   3.46053689e+02   1.13995584e-05
   3.46054177e+02  -2.83657108e-04
   3.46054665e+02  -2.27278404e-04
   3.46055154e+02   3.87527834e-04
   3.46055642e+02   3.76306038e-04
   3.46056130e+02   5.57530439e-04
   3.46056619e+02   5.18932589e-04
   3.46057107e+02   2.46947282e-04
   3.46057595e+02  -2.06312849e-04
   3.46058084e+02  -3.33894830e-04
   3.46058572e+02  -3.93640257e-05
   3.46059060e+02  -1.91499465e-04
   3.46059549e+02  -6.15481054e-04
   3.46060037e+02  -6.10415591e-04
   3.46060525e+02  -4.79549228e-04
   3.46061013e+02  -6.42322702e-04
   3.46061502e+02  -1.00099547e-04
   3.46061990e+02   8.42296809e-04
   3.46062478e+02   6.44588901e-04
   3.46062967e+02   1.14306211e-04
   3.46063455e+02   1.49065803e-04
   3.46063943e+02   1.56668946e-04
   3.46064432e+02  -8.35104947e-05
   3.46064920e+02  -3.90734232e-04
   3.46065408e+02  -1.83492215e-04
   3.46065897e+02   3.92284361e-04
   3.46066385e+02   5.82751411e-04
   3.46066873e+02   2.88373180e-04
   3.46067362e+02  -1.59824209e-04
   3.46067850e+02   2.04998214e-04
   3.46068338e+02   6.57433702e-04
   3.46068826e+02   2.39795030e-04
   3.46069315e+02  -2.85447692e-04
   3.46069803e+02  -3.91262613e-04
   3.46070291e+02  -2.03387128e-04
   3.46070780e+02   6.47647539e-05
   3.46071268e+02   1.18577416e-04
   3.46071756e+02   1.16376425e-04
   3.46072245e+02  -5.48085263e-05
   3.46072733e+02  -3.04710353e-04
   3.46073221e+02   1.27205582e-04
   3.46073710e+02   1.12662587e-04
   3.46074198e+02  -3.74580559e-04
   3.46074686e+02  -2.88976356e-04
   3.46075174e+02   2.08678716e-06
   3.46075663e+02   2.22246701e-04
   3.46076151e+02   2.32815597e-04
   3.46076639e+02  -1.52896944e-04
   3.46077128e+02  -3.52472591e-04
   3.46077616e+02  -1.42887176e-04
   3.46078104e+02  -4.18301788e-05
   3.46078593e+02  -1.94865555e-04
   3.46079081e+02  -1.64623139e-04
   3.46079569e+02   2.64771865e-04
   3.46080058e+02   4.61650081e-04
   3.46080546e+02  -2.49264820e-04
   3.46081034e+02  -6.74961950e-04
   3.46081522e+02  -3.77520890e-04
   3.46082011e+02  -8.55142425e-05
   3.46082499e+02   9.67735759e-05
   3.46082987e+02   1.06630512e-04
   3.46083476e+02   4.88264814e-05
   3.46083964e+02  -9.73572241e-05
   3.46084452e+02  -3.50964518e-04
   3.46084941e+02  -1.82356802e-04
   3.46085429e+02   1.06713822e-04
   3.46085917e+02   2.67851894e-04
   3.46086406e+02   2.48856581e-04
   3.46086894e+02   5.41219815e-05
   3.46087382e+02   5.80419619e-05
   3.46087870e+02   1.65745820e-04
   3.46088359e+02   6.06601498e-05
   3.46088847e+02  -2.25428284e-05
   3.46089335e+02   1.36672243e-04
   3.46089824e+02  -2.38160828e-06
   3.46090312e+02  -2.95745529e-04
   3.46090800e+02  -5.86075592e-04
   3.46091289e+02  -8.19413806e-04
   3.46091777e+02  -5.16701723e-04
   3.46092265e+02   4.10259527e-04
   3.46092754e+02   1.02238124e-03
   3.46093242e+02   5.15690539e-04
   3.46093730e+02  -6.63005703e-05
   3.46094218e+02  -6.35126999e-05
   3.46094707e+02  -6.98308577e-05
   3.46095195e+02  -4.01385842e-05
   3.46095683e+02   1.36382121e-04
   3.46096172e+02   3.56582663e-04
   3.46096660e+02   4.42803517e-04
   3.46097148e+02   3.53181706e-04
   3.46097637e+02   2.91950360e-04
   3.46098125e+02   1.22237616e-04
   3.46098613e+02  -6.50873699e-04
   3.46099102e+02  -9.55707335e-04
   3.46099590e+02  -6.90244415e-05
   3.46100078e+02   7.07964762e-04
   3.46100566e+02   4.35573747e-04
   3.46101055e+02  -1.59644769e-04
   3.46101543e+02  -6.99308976e-06
   3.46102031e+02   1.84535500e-04
   3.46102520e+02  -6.60832575e-06
   3.46103008e+02  -1.93918459e-04
   3.46103496e+02  -3.76605225e-04
   3.46103985e+02  -4.80857707e-04
   3.46104473e+02  -2.44352093e-04
   3.46104961e+02  -2.04372889e-04
   3.46105450e+02  -2.26012271e-04
   3.46105938e+02   5.57636267e-05
   3.46106426e+02  -2.57975684e-04
   3.46106915e+02  -5.45148738e-04
   3.46107403e+02  -1.92388674e-04
   3.46107891e+02  -1.05056977e-04
   3.46108379e+02  -3.12248245e-04
   3.46108868e+02  -1.60593263e-04
   3.46109356e+02   3.58212885e-04
   3.46109844e+02   7.21694436e-04
   3.46110333e+02   7.96654611e-04
   3.46110821e+02   4.27786057e-04
   3.46111309e+02  -5.56239160e-04
   3.46111798e+02  -1.07507466e-03
   3.46112286e+02  -3.64901003e-04
   3.46112774e+02   3.25640780e-04
   3.46113263e+02   1.36093993e-04
   3.46113751e+02  -1.89468265e-04
   3.46114239e+02  -1.75680776e-04
   3.46114727e+02  -1.13595292e-04
   3.46115216e+02  -2.54524522e-04
   3.46115704e+02  -4.94960230e-04
   3.46116192e+02  -3.64678330e-04
   3.46116681e+02   2.74267404e-05
   3.46117169e+02  -1.28129786e-05
   3.46117657e+02  -1.60052630e-04
   3.46118146e+02  -7.76747038e-05
   3.46118634e+02   1.11851732e-04
   3.46119122e+02   3.91000009e-04
   3.46119611e+02   2.14032392e-04
   3.46120099e+02  -2.11509207e-04
   3.46120587e+02  -8.40230496e-05
   3.46121075e+02   3.15191282e-04
   3.46121564e+02   2.04169977e-04
   3.46122052e+02  -2.29249141e-04
   3.46122540e+02  -3.77222255e-04
   3.46123029e+02  -3.82857543e-04
   3.46123517e+02  -4.26865066e-04
   3.46124005e+02  -2.13805426e-04
   3.46124494e+02   1.28870422e-04
   3.46124982e+02   1.75149835e-04
   3.46125470e+02   1.43332640e-04
   3.46125959e+02   8.63685564e-05
   3.46126447e+02   4.44773497e-04
   3.46126935e+02   6.68938563e-04
   3.46127423e+02   3.13256169e-04
   3.46127912e+02   2.22013055e-04
   3.46128400e+02   3.67415108e-04
   3.46128888e+02   1.48750623e-04
   3.46129377e+02  -3.06062691e-04
   3.46129865e+02  -4.24850936e-04
   3.46130353e+02   5.12553452e-05
   3.46130842e+02   5.39051369e-04
   3.46131330e+02   5.43607457e-04
   3.46131818e+02   2.05750577e-04
   3.46132307e+02   8.63041641e-05
   3.46132795e+02   2.67813797e-04
   3.46133283e+02   4.88301506e-04
   3.46133771e+02   4.10637294e-04
   3.46134260e+02   2.94097641e-04
   3.46134748e+02   4.68067912e-04
   3.46135236e+02   4.37501585e-04
   3.46135725e+02   8.47062765e-05
   3.46136213e+02   4.53185821e-05
   3.46136701e+02   1.02077975e-04
   3.46137190e+02   6.16442485e-05
   3.46137678e+02  -1.55865142e-04
   3.46138166e+02  -1.72932880e-04
   3.46138655e+02   1.91519903e-05
   3.46139143e+02   7.07095242e-05
   3.46139631e+02  -4.31663429e-05
   3.46140119e+02  -9.99607728e-05
   3.46140608e+02   9.71289264e-05
   3.46141096e+02   1.53031651e-04
   3.46141584e+02  -1.79219031e-04
   3.46142073e+02  -3.69125104e-04
   3.46142561e+02  -2.89666670e-04
   3.46143049e+02  -9.19659287e-05
   3.46143538e+02  -2.04014839e-04
   3.46144026e+02  -6.16714882e-04
   3.46144514e+02  -3.81124235e-04
   3.46145003e+02   5.47626478e-05
   3.46145491e+02   4.95578861e-05
   3.46145979e+02  -2.04939915e-05
   3.46146468e+02  -6.87938445e-05
   3.46146956e+02   6.73989052e-05
   3.46147444e+02   1.99978007e-04
   3.46147932e+02  -1.27375600e-07
   3.46148421e+02  -2.58210144e-04
   3.46148909e+02  -3.90067464e-04
   3.46149397e+02  -5.12610655e-04
   3.46149886e+02  -4.22258512e-04
   3.46150374e+02  -3.39834020e-04
   3.46150862e+02  -6.22594147e-04
   3.46151351e+02  -8.20232788e-04
   3.46151839e+02  -4.99526795e-04
   3.46152327e+02   8.89043513e-05
   3.46152816e+02   1.53002009e-04
   3.46153304e+02  -1.73044609e-04
   3.46153792e+02  -9.68201202e-05
   3.46154280e+02   9.27450892e-05
   3.46154769e+02  -1.52301382e-05
   3.46155257e+02  -1.16849238e-04
   3.46155745e+02  -4.56413763e-05
   3.46156234e+02   9.71765112e-05
   3.46156722e+02   1.75839028e-04
   3.46157210e+02   2.80670210e-04
   3.46157699e+02   4.96841967e-04
   3.46158187e+02   4.96092427e-04
   3.46158675e+02   6.65305270e-05
   3.46159164e+02  -4.25897597e-04
   3.46159652e+02  -5.56743180e-04
   3.46160140e+02  -6.12773583e-04
   3.46160628e+02  -5.67692565e-04
   3.46161117e+02  -1.28564003e-04
   3.46161605e+02   9.70158071e-05
   3.46162093e+02   6.57132841e-05
   3.46162582e+02   1.88689912e-04
   3.46163070e+02   3.12810240e-04
   3.46163558e+02   1.31453518e-04
   3.46164047e+02  -4.09009772e-06
   3.46164535e+02   2.43995295e-04
   3.46165023e+02   3.48198926e-04
   3.46165512e+02   2.61378475e-04
   3.46166000e+02   3.30099574e-04
   3.46166488e+02   3.74647148e-04
   3.46166976e+02   6.33302319e-04
   3.46167465e+02   7.72028638e-04
   3.46167953e+02   1.28322092e-04
   3.46168441e+02  -5.83411369e-04
   3.46168930e+02  -4.07825893e-04
   3.46169418e+02   1.53373257e-04
   3.46169906e+02   3.26580834e-04
   3.46170395e+02   4.47427446e-05
   3.46170883e+02   1.91280997e-05
   3.46171371e+02   1.47077517e-04
   3.46171860e+02   2.81810480e-05
   3.46172348e+02  -1.52183944e-04
   3.46172836e+02  -2.34579042e-04
   3.46173324e+02  -2.04763710e-04
   3.46173813e+02  -3.58018617e-04
   3.46174301e+02  -6.37280289e-04
   3.46174789e+02  -6.39702892e-04
   3.46175278e+02  -3.83518316e-04
   3.46175766e+02  -1.63333694e-04
   3.46176254e+02   7.61071278e-05
   3.46176743e+02   1.63595250e-04
   3.46177231e+02  -1.91344239e-04
   3.46177719e+02  -3.25461035e-04
   3.46178208e+02   9.20334933e-05
   3.46178696e+02   2.89829157e-04
   3.46179184e+02   1.28146028e-04
   3.46179672e+02  -4.16196854e-05
   3.46180161e+02  -1.36970093e-05
   3.46180649e+02   2.75893894e-04
   3.46181137e+02   3.00667511e-04
   3.46181626e+02   1.79991242e-04
   3.46182114e+02   1.83109849e-04
   3.46182602e+02   8.76646081e-05
   3.46183091e+02  -2.65397939e-05
   3.46183579e+02   1.92312626e-04
   3.46184067e+02   2.19515263e-04
   3.46184556e+02   9.67484375e-05
   3.46185044e+02  -1.06462103e-05
   3.46185532e+02  -1.61302843e-04
   3.46186021e+02  -1.47550585e-04
   3.46186509e+02  -8.48055133e-05
   3.46186997e+02  -1.67915510e-04
   3.46187485e+02   1.77196955e-04
   3.46187974e+02   7.62631244e-04
   3.46188462e+02   8.18368688e-04
   3.46188950e+02   5.28253091e-04
   3.46189439e+02   3.62384948e-04
   3.46189927e+02   2.17426030e-04
   3.46190415e+02  -2.44605588e-04
   3.46190904e+02  -6.26299821e-04
   3.46191392e+02  -3.84506129e-04
   3.46191880e+02  -3.72485592e-05
   3.46192369e+02  -7.56586633e-06
   3.46192857e+02  -1.60451193e-04
   3.46193345e+02  -2.77766347e-04
   3.46193833e+02   3.31303090e-05
   3.46194322e+02   8.20598725e-05
   3.46194810e+02  -3.97499913e-04
   3.46195298e+02  -3.00038955e-04
   3.46195787e+02   1.13646995e-04
   3.46196275e+02   1.20743520e-04
   3.46196763e+02   6.51592054e-05
   3.46197252e+02   2.18575660e-04
   3.46197740e+02   7.02912454e-04
   3.46198228e+02   1.10097858e-03
   3.46198717e+02   8.90330819e-04
   3.46199205e+02   4.06438863e-04
   3.46199693e+02   1.78942340e-04
   3.46200181e+02   1.58002396e-04
   3.46200670e+02   1.85381854e-04
   3.46201158e+02   5.20010462e-06
   3.46201646e+02  -2.95990525e-04
   3.46202135e+02  -4.09397297e-04
   3.46202623e+02  -4.36162110e-04
   3.46203111e+02  -2.46554206e-04
   3.46203600e+02   2.22472983e-04
   3.46204088e+02   3.12669523e-04
   3.46204576e+02   1.85349068e-04
   3.46205065e+02   8.70247677e-05
   3.46205553e+02   1.05169871e-04
   3.46206041e+02   4.53138782e-05
   3.46206529e+02  -1.16382820e-04
   3.46207018e+02  -1.22392434e-04
   3.46207506e+02  -1.91807878e-04
   3.46207994e+02  -9.30619863e-05
   3.46208483e+02   1.25674822e-04
   3.46208971e+02  -1.77962705e-04
   3.46209459e+02  -4.53613757e-04
   3.46209948e+02  -3.13485391e-04
   3.46210436e+02  -1.55663889e-04
   3.46210924e+02  -3.45304652e-05
   3.46211413e+02   3.41585428e-06
   3.46211901e+02  -1.24933445e-04
   3.46212389e+02   6.97051655e-05
   3.46212877e+02   4.00523539e-04
   3.46213366e+02   1.00235011e-04
   3.46213854e+02  -3.34353914e-04
   3.46214342e+02  -1.80164148e-04
   3.46214831e+02  -2.94933270e-05
   3.46215319e+02  -1.79824114e-04
   3.46215807e+02  -2.76589533e-04
   3.46216296e+02  -1.30727945e-04
   3.46216784e+02   2.31563186e-04
   3.46217272e+02   6.39517035e-04
   3.46217761e+02   5.23121387e-04
   3.46218249e+02   5.80625237e-05
   3.46218737e+02   5.50911354e-05
   3.46219225e+02   1.15538103e-04
   3.46219714e+02  -7.82109200e-05
   3.46220202e+02   2.79903315e-06
   3.46220690e+02   2.38168112e-04
   3.46221179e+02   5.24182688e-04
   3.46221667e+02   4.73312422e-04
   3.46222155e+02   3.66525230e-04
   3.46222644e+02   3.31112620e-04
   3.46223132e+02   1.86438672e-04
   3.46223620e+02   3.06590482e-05
   3.46224109e+02  -3.15115722e-05
   3.46224597e+02  -7.54799112e-05
   3.46225085e+02  -8.38055566e-05
   3.46225574e+02   2.25980388e-04
   3.46226062e+02   1.98174370e-04
   3.46226550e+02  -1.79804789e-04
   3.46227038e+02  -3.15900805e-04
   3.46227527e+02  -2.32622144e-04
   3.46228015e+02  -4.10584689e-05
   3.46228503e+02   3.43968393e-04
   3.46228992e+02   7.39703595e-04
   3.46229480e+02   6.45523716e-04
   3.46229968e+02  -5.59521231e-06
   3.46230457e+02  -8.01281480e-04
   3.46230945e+02  -6.64423744e-04
   3.46231433e+02   3.04261281e-04
   3.46231922e+02   6.87784341e-04
   3.46232410e+02   3.32313444e-04
   3.46232898e+02  -3.37362551e-04
   3.46233386e+02  -5.38954802e-04
   3.46233875e+02  -4.98523994e-04
   3.46234363e+02  -2.86962051e-04
   3.46234851e+02   1.58369192e-04
   3.46235340e+02   6.27937901e-04
   3.46235828e+02   7.67499674e-04
   3.46236316e+02   3.30397044e-04
   3.46236805e+02  -2.62305803e-05
   3.46237293e+02  -2.25491094e-04
   3.46237781e+02  -2.25417229e-04
   3.46238270e+02   2.12727846e-05
   3.46238758e+02   2.51684523e-05
   3.46239246e+02  -1.32296496e-04
   3.46239734e+02  -3.12890712e-04
   3.46240223e+02  -3.05695925e-04
   3.46240711e+02   5.77360224e-05
   3.46241199e+02   4.92174004e-05
   3.46241688e+02  -8.33136437e-05
   3.46242176e+02   7.20948010e-05
   3.46242664e+02   2.29202677e-04
   3.46243153e+02   1.87811995e-04
   3.46243641e+02  -1.02652899e-04
   3.46244129e+02  -2.00195529e-04
   3.46244618e+02  -1.58010211e-04
   3.46245106e+02  -4.68649523e-04
   3.46245594e+02  -3.60916049e-04
   3.46246082e+02   6.84147089e-05
   3.46246571e+02  -3.53246796e-05
   3.46247059e+02  -2.38246444e-04
   3.46247547e+02  -2.65598719e-05
   3.46248036e+02   1.47942614e-04
   3.46248524e+02  -1.21455792e-04
   3.46249012e+02  -3.30727955e-04
   3.46249501e+02  -1.91363099e-04
   3.46249989e+02  -2.21642676e-05
   3.46250477e+02  -3.16523860e-04
   3.46250966e+02  -2.86986586e-04
   3.46251454e+02   2.04659431e-04
   3.46251942e+02   4.02896898e-04
   3.46252430e+02   1.29503736e-04
   3.46252919e+02  -2.63312279e-04
   3.46253407e+02  -4.18829120e-04
   3.46253895e+02  -8.70016011e-05
   3.46254384e+02   2.88355426e-04
   3.46254872e+02   1.26292711e-04
   3.46255360e+02  -4.91761093e-05
   3.46255849e+02   1.21278659e-04
   3.46256337e+02  -3.43534601e-04
   3.46256825e+02  -5.78907493e-04
   3.46257314e+02  -2.52328377e-04
   3.46257802e+02  -3.83898616e-04
   3.46258290e+02  -6.34588767e-04
   3.46258778e+02  -5.83692396e-04
   3.46259267e+02  -5.40511566e-04
   3.46259755e+02  -5.58237487e-04
   3.46260243e+02  -1.36335264e-04
   3.46260732e+02   1.43991812e-04
   3.46261220e+02   1.45885933e-04
   3.46261708e+02   2.78296618e-04
   3.46262197e+02   4.13744070e-04
   3.46262685e+02   3.90884728e-04
   3.46263173e+02   1.31839508e-04
   3.46263662e+02  -3.50993534e-04
   3.46264150e+02  -6.06187677e-04
   3.46264638e+02  -3.97535972e-04
   3.46265127e+02   1.13829949e-04
   3.46265615e+02   4.41500248e-04
   3.46266103e+02   3.92189162e-04
   3.46266591e+02   2.45221629e-04
   3.46267080e+02   4.26783343e-04
   3.46267568e+02   6.57210650e-04
   3.46268056e+02   2.87838164e-04
   3.46268545e+02  -2.83806643e-04
   3.46269033e+02  -5.32273902e-04
   3.46269521e+02  -4.62244614e-04
   3.46270010e+02  -3.65629239e-04
   3.46270498e+02  -3.27499671e-04
   3.46270986e+02  -3.57578429e-05
   3.46271475e+02   2.46390176e-04
   3.46271963e+02   3.72100563e-04
   3.46272451e+02   4.28593747e-04
   3.46272939e+02   1.62663040e-04
   3.46273428e+02  -3.79948237e-04
   3.46273916e+02  -5.95646736e-04
   3.46274404e+02  -4.31721273e-04
   3.46274893e+02  -1.23715494e-04
   3.46275381e+02   6.55221738e-05
   3.46275869e+02   2.45104166e-04
   3.46276358e+02   2.12830186e-04
   3.46276846e+02  -3.37601581e-04
   3.46277334e+02  -3.93654191e-04
   3.46277823e+02   1.12111724e-04
   3.46278311e+02   2.04729789e-04
   3.46278799e+02   9.95756636e-06
   3.46279287e+02   1.21588739e-04
   3.46279776e+02   3.84185259e-04
   3.46280264e+02   2.90225347e-04
   3.46280752e+02   1.33900045e-04
   3.46281241e+02   3.08142859e-04
   3.46281729e+02   5.39990724e-04
   3.46282217e+02   6.63495332e-04
   3.46282706e+02   4.92137973e-04
   3.46283194e+02  -7.02738034e-05
   3.46283682e+02  -6.16567209e-04
   3.46284171e+02  -8.59292399e-04
   3.46284659e+02  -7.78031710e-04
   3.46285147e+02  -2.98668660e-04
   3.46285635e+02   2.62397371e-04
   3.46286124e+02   5.17837703e-04
   3.46286612e+02   5.94207493e-04
   3.46287100e+02   5.42248425e-04
   3.46287589e+02   1.71118561e-04
   3.46288077e+02  -1.53962828e-04
   3.46288565e+02  -4.09652450e-04
   3.46289054e+02  -5.42425551e-04
   3.46289542e+02  -2.95496575e-04
   3.46290030e+02   5.87937655e-04
   3.46290519e+02   5.62094268e-04
   3.46291007e+02   2.23671392e-04
   3.46291495e+02   2.21902286e-04
   3.46291983e+02   2.78321124e-04
   3.46292472e+02  -9.30738897e-05
   3.46292960e+02  -4.32675093e-04
   3.46293448e+02  -1.37443421e-04
   3.46293937e+02   3.31403251e-04
   3.46294425e+02   4.06181614e-04
   3.46294913e+02   3.96164949e-04
   3.46295402e+02   2.39249348e-04
   3.46295890e+02  -3.89830151e-04
   3.46296378e+02  -7.67101301e-04
   3.46296867e+02  -4.33553942e-04
   3.46297355e+02  -1.37517185e-04
   3.46297843e+02  -8.90502270e-05
   3.46298331e+02   3.25835310e-04
   3.46298820e+02   5.62250032e-04
   3.46299308e+02   2.06723562e-05
   3.46299796e+02  -2.50749494e-04
   3.46300285e+02  -5.76307048e-06
   3.46300773e+02   2.55095423e-04
   3.46301261e+02   2.41496149e-04
   3.46301750e+02   4.69856677e-05
   3.46302238e+02   2.61993730e-04
   3.46302726e+02   4.00877645e-04
   3.46303215e+02   9.76775209e-06
   3.46303703e+02  -2.96620710e-04
   3.46304191e+02  -2.74222490e-04
   3.46304680e+02  -2.22081508e-04
   3.46305168e+02  -1.00981575e-04
   3.46305656e+02   1.37747382e-04
   3.46306144e+02   1.45187994e-04
   3.46306633e+02  -2.53394683e-04
   3.46307121e+02  -6.63111685e-04
   3.46307609e+02  -6.78633456e-04
   3.46308098e+02  -5.05088712e-04
   3.46308586e+02  -1.76224756e-04
   3.46309074e+02   7.25606660e-05
   3.46309563e+02  -1.46586404e-04
   3.46310051e+02  -2.27988450e-04
   3.46310539e+02  -1.41869285e-04
   3.46311028e+02  -1.27685504e-04
   3.46311516e+02  -7.57972157e-05
   3.46312004e+02  -1.95391200e-04
   3.46312492e+02  -3.77846038e-04
   3.46312981e+02  -1.53246321e-04
   3.46313469e+02   1.41031041e-05
   3.46313957e+02  -1.24598679e-04
   3.46314446e+02  -2.62281828e-04
   3.46314934e+02  -4.02110221e-04
   3.46315422e+02  -2.75787927e-04
   3.46315911e+02  -6.35680044e-05
   3.46316399e+02  -9.84105063e-05
   3.46316887e+02  -2.22462753e-04
   3.46317376e+02  -1.87396887e-04
   3.46317864e+02   2.14215281e-04
   3.46318352e+02   3.80149198e-04
   3.46318840e+02   1.15370865e-04
   3.46319329e+02  -1.83570446e-04
   3.46319817e+02  -4.18427051e-04
   3.46320305e+02  -5.06321492e-04
   3.46320794e+02  -2.90090160e-04
   3.46321282e+02  -8.68972129e-05
   3.46321770e+02  -2.44155322e-04
   3.46322259e+02  -3.32817377e-04
   3.46322747e+02  -2.31802624e-04
   3.46323235e+02  -2.41498943e-04
   3.46323724e+02  -1.09333203e-04
   3.46324212e+02   9.51252950e-05
   3.46324700e+02   2.37435761e-05
   3.46325188e+02  -5.60044646e-05
   3.46325677e+02   1.91976767e-04
   3.46326165e+02   2.71933794e-04
   3.46326653e+02   3.64525476e-05
   3.46327142e+02  -1.20585129e-04
   3.46327630e+02  -1.73396940e-04
   3.46328118e+02   1.37082006e-05
   3.46328607e+02   4.29679407e-04
   3.46329095e+02   5.07883902e-04
   3.46329583e+02   3.19830899e-04
   3.46330072e+02   1.33829308e-04
   3.46330560e+02   3.78154597e-04
   3.46331048e+02   4.52135893e-04
   3.46331536e+02  -2.14412095e-04
   3.46332025e+02  -4.50584688e-04
   3.46332513e+02  -1.78993243e-04
   3.46333001e+02  -8.92263779e-05
   3.46333490e+02  -3.64270527e-04
   3.46333978e+02  -5.93206263e-04
   3.46334466e+02  -3.03650653e-04
   3.46334955e+02  -2.00960843e-04
   3.46335443e+02  -3.99619777e-04
   3.46335931e+02  -4.45809244e-04
   3.46336420e+02  -1.70316271e-04
   3.46336908e+02   1.50203108e-04
   3.46337396e+02   4.50820924e-04
   3.46337884e+02   6.36414334e-04
   3.46338373e+02   2.43950344e-04
   3.46338861e+02   2.47981719e-04
   3.46339349e+02   5.91380405e-04
   3.46339838e+02   4.18793032e-04
   3.46340326e+02   6.45013875e-04
   3.46340814e+02   7.92584557e-04
   3.46341303e+02   1.13717666e-04
   3.46341791e+02  -1.99969028e-04
   3.46342279e+02  -4.05880055e-05
   3.46342768e+02  -1.44711477e-04
   3.46343256e+02  -2.70203745e-05
   3.46343744e+02   4.14034846e-04
   3.46344232e+02   3.62045335e-04
   3.46344721e+02  -2.34916370e-04
   3.46345209e+02  -3.95438459e-04
   3.46345697e+02  -3.33711068e-04
   3.46346186e+02  -5.34171821e-04
   3.46346674e+02  -2.43786388e-04
   3.46347162e+02   1.07626111e-04
   3.46347651e+02   1.60037380e-04
   3.46348139e+02   3.39438353e-04
   3.46348627e+02   4.12141962e-04
   3.46349116e+02   6.16482110e-04
   3.46349604e+02   7.01397483e-04
   3.46350092e+02   7.25749764e-04
   3.46350581e+02   5.83096873e-04
   3.46351069e+02   3.06369504e-04
   3.46351557e+02  -4.04397288e-05
   3.46352045e+02  -1.65086400e-04
   3.46352534e+02  -8.79665185e-06
   3.46353022e+02   7.46817095e-05
   3.46353510e+02   8.17970285e-05
   3.46353999e+02  -7.77901732e-06
   3.46354487e+02  -4.45626210e-04
   3.46354975e+02  -7.83603813e-04
   3.46355464e+02  -5.16950327e-04
   3.46355952e+02   2.63913444e-05
   3.46356440e+02  -1.75549372e-04
   3.46356929e+02  -6.44977554e-04
   3.46357417e+02  -2.98262894e-04
   3.46357905e+02   1.96120949e-04
   3.46358393e+02   2.71277124e-04
   3.46358882e+02   2.44797062e-04
   3.46359370e+02   1.19014556e-04
   3.46359858e+02   1.59156734e-05
   3.46360347e+02  -1.01282225e-04
   3.46360835e+02   2.44815401e-05
   3.46361323e+02   2.20883943e-04
   3.46361812e+02   1.87783691e-04
   3.46362300e+02   2.04076365e-04
   3.46362788e+02   3.12137068e-04
   3.46363277e+02   3.58661520e-04
   3.46363765e+02   2.87690462e-04
   3.46364253e+02   1.86557241e-04
   3.46364741e+02  -2.64016213e-04
   3.46365230e+02  -7.64930621e-04
   3.46365718e+02  -5.40862209e-04
   3.46366206e+02  -2.56094499e-04
   3.46366695e+02  -3.57553217e-04
   3.46367183e+02  -4.77595284e-04
   3.46367671e+02  -2.82971887e-04
   3.46368160e+02  -3.49566544e-04
   3.46368648e+02  -7.08115287e-04
   3.46369136e+02  -3.32091557e-04
   3.46369625e+02   1.38344185e-05
   3.46370113e+02  -1.15263530e-04
   3.46370601e+02  -3.20397339e-05
   3.46371089e+02   9.44952408e-05
   3.46371578e+02   1.30626402e-04
   3.46372066e+02   1.57402189e-06
   3.46372554e+02  -1.79343173e-04
   3.46373043e+02  -8.55621183e-05
   3.46373531e+02  -5.46642550e-05
   3.46374019e+02  -1.59426330e-04
   3.46374508e+02  -1.14514638e-04
   3.46374996e+02   1.68868462e-06
   3.46375484e+02   1.47557977e-04
   3.46375973e+02   9.93591966e-05
   3.46376461e+02  -3.43668944e-04
   3.46376949e+02  -7.13974994e-04
   3.46377437e+02  -5.54036931e-04
   3.46377926e+02  -2.85115530e-04
   3.46378414e+02  -2.89748539e-04
   3.46378902e+02  -4.49302956e-04
   3.46379391e+02  -2.47610558e-04
   3.46379879e+02  -2.76125720e-05
   3.46380367e+02  -3.43258143e-05
   3.46380856e+02   1.76941190e-04
   3.46381344e+02   1.71094041e-04
   3.46381832e+02  -1.71038773e-04
   3.46382321e+02  -1.03531631e-04
   3.46382809e+02   8.11987338e-05
   3.46383297e+02  -8.71163320e-06
   3.46383785e+02  -1.27782434e-04
   3.46384274e+02  -5.05782373e-04
   3.46384762e+02  -6.84404222e-04
   3.46385250e+02  -2.98253552e-04
   3.46385739e+02  -4.34449408e-04
   3.46386227e+02  -6.27771427e-04
   3.46386715e+02  -2.22915041e-04
   3.46387204e+02  -2.13526823e-06
   3.46387692e+02   1.02494552e-04
   3.46388180e+02  -5.11591224e-06
   3.46388669e+02  -2.18483998e-04
   3.46389157e+02  -3.24618995e-05
   3.46389645e+02  -1.17920463e-04
   3.46390134e+02  -2.91652570e-04
   3.46390622e+02   2.30424721e-05
   3.46391110e+02   3.13419208e-04
   3.46391598e+02   1.86371894e-04
   3.46392087e+02  -2.32731127e-05
   3.46392575e+02  -2.74003280e-04
   3.46393063e+02  -6.43895648e-04
   3.46393552e+02  -5.45506075e-04
   3.46394040e+02  -2.85028364e-05
   3.46394528e+02  -3.53924661e-05
   3.46395017e+02  -4.75367327e-04
   3.46395505e+02  -8.06262542e-04
   3.46395993e+02  -7.53260043e-04
   3.46396482e+02  -2.56759493e-04
   3.46396970e+02  -1.27781750e-04
   3.46397458e+02  -2.98749976e-04
   3.46397946e+02  -8.96937054e-05
   3.46398435e+02  -8.54294703e-05
   3.46398923e+02  -1.70360829e-04
   3.46399411e+02   1.03431128e-04
   3.46399900e+02   1.07627406e-04
   3.46400388e+02   4.53780012e-05
   3.46400876e+02   7.99313930e-05
   3.46401365e+02  -5.55848128e-05
   3.46401853e+02  -2.45864794e-04
   3.46402341e+02  -4.36191971e-04
   3.46402830e+02  -1.74628134e-04
   3.46403318e+02   2.50709796e-04
   3.46403806e+02   2.60549248e-04
   3.46404294e+02  -4.77414324e-05
   3.46404783e+02   1.09135271e-05
   3.46405271e+02   2.43502553e-04
   3.46405759e+02   6.43615131e-05
   3.46406248e+02  -7.19998279e-05
   3.46406736e+02  -1.24389437e-04
   3.46407224e+02  -2.22704024e-04
   3.46407713e+02   7.40438481e-05
   3.46408201e+02   1.82974225e-04
   3.46408689e+02  -1.44089528e-04
   3.46409178e+02  -2.07216624e-04
   3.46409666e+02  -7.48672755e-05
   3.46410154e+02  -2.50782497e-04
   3.46410642e+02  -1.88861857e-04
   3.46411131e+02   8.48384370e-05
   3.46411619e+02  -1.78485017e-04
   3.46412107e+02  -7.52478605e-04
   3.46412596e+02  -8.64779984e-04
   3.46413084e+02  -3.47672001e-04
   3.46413572e+02   2.53650534e-04
   3.46414061e+02   2.27491502e-04
   3.46414549e+02   1.72488028e-04
   3.46415037e+02   3.87337350e-04
   3.46415526e+02   2.88734038e-04
   3.46416014e+02  -7.54209032e-05
   3.46416502e+02  -3.32113530e-04
   3.46416990e+02  -1.26741463e-04
   3.46417479e+02   2.35298619e-04
   3.46417967e+02   2.02990050e-04
   3.46418455e+02  -1.94058259e-04
   3.46418944e+02  -5.61176159e-04
   3.46419432e+02  -5.65147377e-04
   3.46419920e+02  -3.86689673e-04
   3.46420409e+02  -6.40857979e-05
   3.46420897e+02   2.29762969e-04
   3.46421385e+02   5.44944342e-05
   3.46421874e+02  -4.46886588e-05
   3.46422362e+02  -4.99508424e-05
   3.46422850e+02  -5.59152031e-05
   3.46423338e+02   5.25484866e-05
   3.46423827e+02  -1.35676397e-04
   3.46424315e+02  -1.71998894e-04
   3.46424803e+02   1.20704673e-04
   3.46425292e+02   1.30162487e-04
   3.46425780e+02   1.16723342e-04
   3.46426268e+02   1.43270387e-04
   3.46426757e+02  -1.14299204e-04
   3.46427245e+02  -3.51983064e-04
   3.46427733e+02  -3.79489269e-04
   3.46428222e+02  -1.93086613e-04
   3.46428710e+02   2.00598588e-04
   3.46429198e+02   2.12472951e-04
   3.46429687e+02  -8.52116791e-05
   3.46430175e+02  -6.75921765e-05
   3.46430663e+02   2.22971779e-04
   3.46431151e+02   4.50123654e-04
   3.46431640e+02   3.03213863e-04
   3.46432128e+02  -4.05136889e-05
   3.46432616e+02  -1.13632290e-04
   3.46433105e+02   7.72566855e-05
   3.46433593e+02   3.32947558e-04
   3.46434081e+02   5.36087609e-04
   3.46434570e+02   5.28496399e-04
   3.46435058e+02   2.76450039e-04
   3.46435546e+02   1.48428648e-04
   3.46436035e+02   2.94150348e-04
   3.46436523e+02   2.25486510e-04
   3.46437011e+02  -1.15166382e-04
   3.46437499e+02  -6.83852777e-05
   3.46437988e+02   4.19417192e-04
   3.46438476e+02   4.36110247e-04
   3.46438964e+02  -1.41070661e-04
   3.46439453e+02  -4.97064961e-04
   3.46439941e+02  -1.70462241e-04
   3.46440429e+02  -3.92268385e-06
   3.46440918e+02  -5.23408351e-04
   3.46441406e+02  -7.32986256e-04
   3.46441894e+02  -4.38115938e-04
   3.46442383e+02   7.07265485e-07
   3.46442871e+02   4.63081436e-04
   3.46443359e+02   6.60420628e-04
   3.46443847e+02   6.88756001e-04
   3.46444336e+02   6.49541675e-04
   3.46444824e+02   4.95792425e-04
   3.46445312e+02   5.90708922e-04
   3.46445801e+02   6.35326258e-04
   3.46446289e+02   1.56468523e-05
   3.46446777e+02  -5.29466022e-04
   3.46447266e+02  -2.81383254e-04
   3.46447754e+02   1.24159473e-04
   3.46448242e+02   1.81242300e-04
   3.46448731e+02   1.23647085e-04
   3.46449219e+02   1.41694400e-04
   3.46449707e+02   1.57845658e-04
   3.46450195e+02   8.09935882e-05
   3.46450684e+02   1.87797414e-04
   3.46451172e+02   6.57760247e-04
   3.46451660e+02   7.63605989e-04
   3.46452149e+02   5.32802951e-04
   3.46452637e+02   5.34217397e-04
   3.46453125e+02   5.29401586e-04
   3.46453614e+02   5.43360773e-04
   3.46454102e+02   2.70184100e-04
   3.46454590e+02  -2.00886760e-04
   3.46455079e+02  -1.09172048e-04
   3.46455567e+02   2.82116845e-04
   3.46456055e+02   1.57757881e-04
   3.46456543e+02  -1.09801971e-04
   3.46457032e+02   1.62895162e-06
   3.46457520e+02   4.76367313e-05
   3.46458008e+02   1.87597951e-04
   3.46458497e+02   5.70736651e-04
   3.46458985e+02   5.02540846e-04
   3.46459473e+02  -4.91419341e-05
   3.46459962e+02  -3.85490392e-04
   3.46460450e+02  -2.57289852e-04
   3.46460938e+02  -1.67464514e-05
   3.46461427e+02   7.04464182e-05
   3.46461915e+02   1.42874516e-04
   3.46462403e+02  -1.85975325e-04
   3.46462891e+02  -8.32513266e-04
   3.46463380e+02  -5.97814971e-04
   3.46463868e+02   6.10520947e-05
   3.46464356e+02   2.29085083e-04
   3.46464845e+02   2.17977096e-04
   3.46465333e+02   3.40341910e-04
   3.46465821e+02   4.27903178e-05
   3.46466310e+02  -7.97267494e-05
   3.46466798e+02   3.05145251e-04
   3.46467286e+02   5.63809182e-04
   3.46467775e+02   3.66222404e-04
   3.46468263e+02   3.44453256e-05
   3.46468751e+02  -3.79025558e-04
   3.46469240e+02  -4.33015928e-04
   3.46469728e+02  -2.70268501e-04
   3.46470216e+02  -3.54346499e-04
   3.46470704e+02  -5.28989127e-04
   3.46471193e+02  -4.53345594e-04
   3.46471681e+02  -9.21568644e-05
   3.46472169e+02  -1.52540970e-05
   3.46472658e+02  -2.55302031e-04
   3.46473146e+02  -4.41833778e-04
   3.46473634e+02  -3.44662199e-04
   3.46474123e+02   3.77084507e-06
   3.46474611e+02   8.05321688e-05
   3.46475099e+02  -5.98252955e-05
   3.46475588e+02   1.72132102e-04
   3.46476076e+02   2.87540664e-04
   3.46476564e+02   2.29628931e-04
   3.46477052e+02   2.67534720e-04
   3.46477541e+02  -4.71269304e-05
   3.46478029e+02  -1.71060965e-04
   3.46478517e+02   1.66721475e-05
   3.46479006e+02   1.91969419e-04
   3.46479494e+02   3.92877439e-04
   3.46479982e+02   1.43250974e-04
   3.46480471e+02  -1.44107675e-04
   3.46480959e+02  -4.24025529e-05
   3.46481447e+02  -3.16511345e-04
   3.46481936e+02  -5.33457263e-04
   3.46482424e+02  -1.50489059e-05
   3.46482912e+02   4.59700648e-04
   3.46483400e+02   3.84272746e-04
   3.46483889e+02   1.67047023e-04
   3.46484377e+02   1.67238162e-04
   3.46484865e+02   4.20570257e-04
   3.46485354e+02   4.43816214e-04
   3.46485842e+02  -5.60290500e-05
   3.46486330e+02  -1.43341706e-04
   3.46486819e+02   2.23100738e-04
   3.46487307e+02   2.69311568e-04
   3.46487795e+02   9.16753124e-05
   3.46488284e+02   3.24421271e-05
   3.46488772e+02   7.45470315e-05
   3.46489260e+02   8.61172248e-06
   3.46489748e+02  -2.25993954e-05
   3.46490237e+02   2.74322392e-05
   3.46490725e+02  -5.17778753e-05
   3.46491213e+02  -8.62874585e-05
   3.46491702e+02  -4.80314375e-05
   3.46492190e+02  -2.66091101e-05
   3.46492678e+02  -4.32993802e-05
   3.46493167e+02  -1.55970891e-04
   3.46493655e+02  -1.00960475e-04
   3.46494143e+02   1.44866353e-04
   3.46494632e+02   8.91335803e-05
   3.46495120e+02   1.11339286e-04
   3.46495608e+02   1.92200125e-04
   3.46496096e+02  -1.08363674e-04
   3.46496585e+02  -3.17833823e-04
   3.46497073e+02  -2.45116360e-04
   3.46497561e+02   1.13819522e-04
   3.46498050e+02   6.60099380e-04
   3.46498538e+02   1.14408019e-03
   3.46499026e+02   9.97910276e-04
   3.46499515e+02   3.20079213e-04
   3.46500003e+02  -1.11175963e-04
   3.46500491e+02  -1.40393997e-04
   3.46500980e+02   9.97122406e-05
   3.46501468e+02   2.43122849e-04
   3.46501956e+02  -1.71571392e-05
   3.46502444e+02  -3.29374481e-04
   3.46502933e+02  -2.03658492e-04
   3.46503421e+02   1.30566317e-04
   3.46503909e+02   2.96979008e-04
   3.46504398e+02   4.44042991e-04
   3.46504886e+02   4.68254002e-04
   3.46505374e+02  -3.38538621e-06
   3.46505863e+02  -1.98057212e-04
   3.46506351e+02   1.68002705e-04
   3.46506839e+02   3.91048641e-04
   3.46507328e+02   2.52218655e-04
   3.46507816e+02   6.37276462e-05
   3.46508304e+02   4.05687635e-04
   3.46508793e+02   4.60879295e-04
   3.46509281e+02  -1.82779058e-05
   3.46509769e+02  -1.01847363e-04
   3.46510257e+02  -1.01168065e-04
   3.46510746e+02  -1.75806315e-04
   3.46511234e+02   4.19048774e-05
   3.46511722e+02   2.21109469e-04
   3.46512211e+02  -7.42403208e-05
   3.46512699e+02  -2.49721663e-04
   3.46513187e+02   1.85719065e-04
   3.46513676e+02   2.91933829e-04
   3.46514164e+02  -1.79437164e-04
   3.46514652e+02  -2.31573751e-04
   3.46515141e+02  -6.38586425e-05
   3.46515629e+02  -2.61727808e-04
   3.46516117e+02  -1.66518454e-04
   3.46516605e+02  -2.98065243e-06
   3.46517094e+02   1.22267942e-04
   3.46517582e+02   2.13131803e-04
   3.46518070e+02  -1.18801108e-04
   3.46518559e+02  -4.24637954e-04
   3.46519047e+02  -2.89721065e-04
   3.46519535e+02  -1.06237050e-04
   3.46520024e+02  -4.25464968e-04
   3.46520512e+02  -6.16424310e-04
   3.46521000e+02  -1.17437172e-04
   3.46521489e+02   2.31619866e-04
   3.46521977e+02  -1.07644024e-04
   3.46522465e+02  -2.54843413e-04
   3.46522953e+02   1.44966369e-04
   3.46523442e+02   1.45969345e-04
   3.46523930e+02  -5.08682751e-05
   3.46524418e+02   3.73429182e-04
   3.46524907e+02   3.58118035e-04
   3.46525395e+02  -1.32408546e-04
   3.46525883e+02  -2.44413706e-04
   3.46526372e+02   1.66930986e-04
   3.46526860e+02   5.13236853e-04
   3.46527348e+02   6.71399524e-04
   3.46527837e+02   8.14870757e-04
   3.46528325e+02   6.46246306e-04
   3.46528813e+02   1.69673091e-04
   3.46529301e+02  -2.22583374e-04
   3.46529790e+02  -8.65652692e-05
   3.46530278e+02   4.50596446e-04
   3.46530766e+02   4.80802089e-04
   3.46531255e+02   1.65798599e-04
   3.46531743e+02   2.56362691e-04
   3.46532231e+02   4.89249709e-04
   3.46532720e+02   5.46367446e-05
   3.46533208e+02  -1.95301909e-04
   3.46533696e+02   2.53953447e-04
   3.46534185e+02   6.87599531e-05
   3.46534673e+02  -4.65089193e-04
   3.46535161e+02  -4.36176430e-04
   3.46535649e+02  -1.65469319e-04
   3.46536138e+02  -3.62388309e-05
   3.46536626e+02   9.81683625e-05
   3.46537114e+02   1.82735195e-04
   3.46537603e+02  -3.43732027e-05
   3.46538091e+02  -3.85837979e-04
   3.46538579e+02  -5.04433527e-04
   3.46539068e+02  -2.54853687e-04
   3.46539556e+02   6.27397530e-05
   3.46540044e+02   1.85342054e-04
   3.46540533e+02   4.48178442e-04
   3.46541021e+02   5.75383019e-04
   3.46541509e+02   2.91701319e-04
   3.46541997e+02   1.12676998e-05
   3.46542486e+02  -3.72404669e-04
   3.46542974e+02  -5.59642329e-04
   3.46543462e+02  -1.22828889e-04
   3.46543951e+02   3.42577609e-04
   3.46544439e+02   4.47608501e-04
   3.46544927e+02   3.25288362e-04
   3.46545416e+02   1.33262482e-04
   3.46545904e+02   7.24006968e-05
   3.46546392e+02   1.80263334e-04
   3.46546881e+02   3.05636320e-04
   3.46547369e+02   3.24859895e-04
   3.46547857e+02   1.92145148e-04
   3.46548346e+02   2.54766463e-04
   3.46548834e+02   4.53136890e-04
   3.46549322e+02   1.04276160e-05
   3.46549810e+02  -3.99131008e-04
   3.46550299e+02  -1.93090105e-04
   3.46550787e+02   7.63750941e-05
   3.46551275e+02   1.15521420e-04
   3.46551764e+02   1.07718173e-04
   3.46552252e+02   2.01721938e-04
   3.46552740e+02  -1.47015948e-04
   3.46553229e+02  -3.83573148e-04
   3.46553717e+02   2.50735728e-04
   3.46554205e+02   4.18816489e-04
   3.46554694e+02  -2.06490033e-04
   3.46555182e+02  -4.97217581e-04
   3.46555670e+02  -1.95509347e-04
   3.46556158e+02   2.48881261e-04
   3.46556647e+02   4.25096805e-04
   3.46557135e+02   3.09647527e-04
   3.46557623e+02   1.71713211e-04
   3.46558112e+02   4.06752843e-05
   3.46558600e+02   4.31460961e-07
   3.46559088e+02  -1.59241696e-04
   3.46559577e+02  -1.07041764e-04
   3.46560065e+02   2.07839606e-04
   3.46560553e+02   1.79971030e-04
   3.46561042e+02   1.93822474e-04
   3.46561530e+02   5.30838559e-04
   3.46562018e+02   4.30181157e-04
   3.46562506e+02   1.74436995e-04
   3.46562995e+02   2.86952534e-04
   3.46563483e+02   3.67534987e-04
   3.46563971e+02   8.97816717e-05
   3.46564460e+02  -2.99046485e-04
   3.46564948e+02  -4.42555291e-04
   3.46565436e+02  -2.45658390e-04
   3.46565925e+02  -3.17780039e-04
   3.46566413e+02  -3.27262969e-04
   3.46566901e+02   2.54527549e-04
   3.46567390e+02   3.45924520e-04
   3.46567878e+02  -1.31938184e-04
   3.46568366e+02  -1.92765991e-04
   3.46568854e+02  -2.82297464e-04
   3.46569343e+02  -4.49582207e-04
   3.46569831e+02  -2.04564712e-04
   3.46570319e+02   4.45197984e-05
   3.46570808e+02   1.36247312e-04
   3.46571296e+02   4.41485572e-05
   3.46571784e+02   1.58609109e-05
   3.46572273e+02   4.21873294e-04
   3.46572761e+02   3.90948204e-04
   3.46573249e+02  -1.16383853e-04
   3.46573738e+02  -2.79459753e-04
   3.46574226e+02  -2.81491346e-04
   3.46574714e+02  -2.57099775e-04
   3.46575202e+02  -3.34729149e-04
   3.46575691e+02  -3.18568200e-04
   3.46576179e+02   1.01157777e-04
   3.46576667e+02   2.28717574e-04
   3.46577156e+02  -2.00998838e-05
   3.46577644e+02   3.85193780e-05
   3.46578132e+02   2.41005779e-04
   3.46578621e+02   2.99555715e-04
   3.46579109e+02  -7.08594889e-05
   3.46579597e+02  -3.31310963e-04
   3.46580086e+02  -1.38485802e-05
   3.46580574e+02   3.82752856e-04
   3.46581062e+02   3.70554772e-04
   3.46581550e+02   3.04390887e-05
   3.46582039e+02  -1.04633575e-04
   3.46582527e+02   1.21095574e-04
   3.46583015e+02   5.22577211e-05
   3.46583504e+02  -1.92763226e-04
   3.46583992e+02  -2.40694630e-04
   3.46584480e+02   2.63254973e-04
   3.46584969e+02   7.79624737e-04
   3.46585457e+02   3.96147108e-04
   3.46585945e+02  -2.95178761e-04
   3.46586434e+02  -2.43527029e-04
   3.46586922e+02   2.61810725e-04
   3.46587410e+02   4.80894523e-04
   3.46587899e+02   5.37055195e-04
   3.46588387e+02   4.70660481e-04
   3.46588875e+02   1.13560702e-04
   3.46589363e+02  -2.78050196e-04
   3.46589852e+02  -2.95750826e-04
   3.46590340e+02   1.90731793e-04
   3.46590828e+02   1.60185315e-04
   3.46591317e+02  -2.97062710e-04
   3.46591805e+02  -1.30570465e-04
   3.46592293e+02   2.69703014e-04
   3.46592782e+02   3.53805575e-04
   3.46593270e+02   3.56215402e-04
   3.46593758e+02   1.35181617e-04
   3.46594247e+02  -2.87267234e-04
   3.46594735e+02  -1.30764718e-04
   3.46595223e+02   2.04458935e-04
   3.46595711e+02   2.35615473e-04
   3.46596200e+02   4.39270138e-04
   3.46596688e+02   5.39701025e-04
   3.46597176e+02   4.25063132e-04
   3.46597665e+02   3.14033125e-04
   3.46598153e+02  -2.10839771e-05
   3.46598641e+02  -2.07894162e-04
   3.46599130e+02   1.79622555e-04
   3.46599618e+02   6.75864285e-04
   3.46600106e+02   6.12044416e-04
   3.46600595e+02  -2.89244254e-05
   3.46601083e+02  -5.67776617e-04
   3.46601571e+02  -8.38821579e-04
   3.46602059e+02  -8.28986114e-04
   3.46602548e+02  -5.81820263e-04
   3.46603036e+02  -3.69737652e-04
   3.46603524e+02  -2.88241048e-04
   3.46604013e+02  -2.95874081e-04
   3.46604501e+02  -1.21743629e-04
   3.46604989e+02  -1.37022414e-06
   3.46605478e+02  -5.24754978e-05
   3.46605966e+02  -1.96266003e-04
   3.46606454e+02  -3.95873969e-04
   3.46606943e+02  -4.17140167e-04
   3.46607431e+02  -3.24744724e-05
   3.46607919e+02   6.18668040e-04
   3.46608407e+02   5.44276554e-04
   3.46608896e+02  -1.09898196e-04
   3.46609384e+02  -1.89005339e-04
   3.46609872e+02  -9.92040877e-05
   3.46610361e+02  -1.74068278e-04
   3.46610849e+02   6.39161881e-05
   3.46611337e+02   3.61816579e-04
   3.46611826e+02   2.55230443e-05
   3.46612314e+02  -3.08060116e-04
   3.46612802e+02  -3.07522947e-04
   3.46613291e+02  -3.90535221e-04
   3.46613779e+02  -2.42219277e-04
   3.46614267e+02  -4.71709282e-05
   3.46614755e+02  -1.77671882e-05
   3.46615244e+02   2.35260836e-06
   3.46615732e+02  -6.25056346e-05
   3.46616220e+02   7.11586399e-05
   3.46616709e+02   3.57487239e-04
   3.46617197e+02  -3.64740335e-05
   3.46617685e+02  -5.00961847e-04
   3.46618174e+02  -3.19037470e-04
   3.46618662e+02  -1.62962373e-04
   3.46619150e+02  -1.72595508e-04
   3.46619639e+02  -2.90099451e-05
   3.46620127e+02   3.13386081e-05
   3.46620615e+02   5.03145820e-05
   3.46621103e+02   1.59129879e-04
   3.46621592e+02   4.65355086e-04
   3.46622080e+02   5.23073890e-04
   3.46622568e+02   8.76829217e-05
   3.46623057e+02  -2.40340014e-04
   3.46623545e+02  -3.13290540e-04
   3.46624033e+02  -2.34576102e-04
   3.46624522e+02  -1.92405350e-05
   3.46625010e+02   6.34947719e-05
   3.46625498e+02   9.75024977e-06
   3.46625987e+02   5.14156927e-05
   3.46626475e+02  -1.46350329e-04
   3.46626963e+02  -5.64400572e-04
   3.46627452e+02  -5.44618815e-04
   3.46627940e+02  -4.22543701e-04
   3.46628428e+02  -3.26681969e-04
   3.46628916e+02  -8.69474679e-05
   3.46629405e+02   1.98770271e-04
   3.46629893e+02   1.75323483e-04
   3.46630381e+02   1.34260845e-04
   3.46630870e+02  -9.21853643e-06
   3.46631358e+02  -2.17339824e-04
   3.46631846e+02  -6.66538544e-05
   3.46632335e+02   7.60798794e-05
   3.46632823e+02  -7.93088402e-05
   3.46633311e+02  -5.86297887e-04
   3.46633800e+02  -9.65491112e-04
   3.46634288e+02  -7.35748443e-04
   3.46634776e+02  -2.90084630e-04
   3.46635264e+02  -1.27487205e-04
   3.46635753e+02  -2.77066807e-04
   3.46636241e+02  -2.14565764e-04
   3.46636729e+02   7.83817159e-05
   3.46637218e+02   9.30403621e-05
   3.46637706e+02  -2.91633158e-04
   3.46638194e+02  -5.33959595e-04
   3.46638683e+02  -2.79620464e-04
   3.46639171e+02   2.23213923e-04
   3.46639659e+02   4.42530814e-04
   3.46640148e+02   2.67071999e-04
   3.46640636e+02   3.49730726e-05
   3.46641124e+02  -1.93588494e-04
   3.46641612e+02  -8.44350288e-05
   3.46642101e+02  -2.76575709e-04
   3.46642589e+02  -5.76882914e-04
   3.46643077e+02  -5.88650582e-04
   3.46643566e+02  -5.03391202e-04
   3.46644054e+02  -2.74920458e-04
   3.46644542e+02  -1.46936552e-04
   3.46645031e+02  -2.40522830e-04
   3.46645519e+02  -1.35687529e-04
   3.46646007e+02  -1.45965154e-04
   3.46646496e+02  -6.22158113e-04
   3.46646984e+02  -7.22100143e-04
   3.46647472e+02  -4.12178022e-04
   3.46647960e+02  -3.39817430e-04
   3.46648449e+02  -2.83280679e-04
   3.46648937e+02  -6.12204167e-05
   3.46649425e+02  -3.96288815e-05
   3.46649914e+02  -2.33358602e-04
   3.46650402e+02  -2.79760188e-05
   3.46650890e+02   3.74120718e-04
   3.46651379e+02   1.82038464e-04
   3.46651867e+02  -2.01931267e-04
   3.46652355e+02  -1.04991501e-04
   3.46652844e+02   2.46898911e-04
   3.46653332e+02   1.67085134e-04
   3.46653820e+02   4.09569475e-05
   3.46654308e+02   2.40800349e-04
   3.46654797e+02  -5.92079268e-05
   3.46655285e+02  -5.96926839e-04
   3.46655773e+02  -5.99127728e-04
   3.46656262e+02  -1.06362670e-04
   3.46656750e+02   7.21124161e-05
   3.46657238e+02  -1.66447964e-04
   3.46657727e+02  -2.09535676e-04
   3.46658215e+02  -8.66193586e-05
   3.46658703e+02   1.95418383e-04
   3.46659192e+02   2.85598246e-04
   3.46659680e+02   8.22120710e-05
   3.46660168e+02  -3.11876531e-04
   3.46660656e+02  -6.12039294e-04
   3.46661145e+02  -4.07705025e-04
   3.46661633e+02   1.96488167e-04
   3.46662121e+02   6.27799949e-04
   3.46662610e+02   1.67192411e-04
   3.46663098e+02  -4.06714040e-04
   3.46663586e+02  -1.38988224e-04
   3.46664075e+02   3.08467919e-04
   3.46664563e+02   1.89521670e-04
   3.46665051e+02  -1.65949736e-04
   3.46665540e+02  -3.76484131e-05
   3.46666028e+02   1.60153577e-04
   3.46666516e+02   4.10886605e-05
   3.46667005e+02   1.52712062e-04
   3.46667493e+02   2.54702929e-04
   3.46667981e+02   9.08088841e-05
   3.46668469e+02  -2.45312869e-04
   3.46668958e+02  -2.95956590e-04
   3.46669446e+02   1.37098919e-04
   3.46669934e+02   2.80460285e-04
   3.46670423e+02   7.96299573e-05
   3.46670911e+02   1.41857236e-04
   3.46671399e+02   3.98203323e-04
   3.46671888e+02   2.98493367e-04
   3.46672376e+02  -7.17544608e-05
   3.46672864e+02  -3.35993798e-04
   3.46673353e+02  -1.39450553e-04
   3.46673841e+02   2.80693464e-04
   3.46674329e+02   1.70861822e-04
   3.46674817e+02  -2.12501051e-04
   3.46675306e+02  -1.48597144e-04
   3.46675794e+02   9.73380738e-05
   3.46676282e+02   1.07490232e-04
   3.46676771e+02   4.09518580e-05
   3.46677259e+02   1.13235001e-05
   3.46677747e+02  -3.22121923e-05
   3.46678236e+02  -3.02340668e-05
   3.46678724e+02   2.22791641e-04
   3.46679212e+02   3.97294381e-04
   3.46679701e+02   4.44803649e-04
   3.46680189e+02   6.15282857e-04
   3.46680677e+02   6.76994561e-04
   3.46681165e+02   2.75073398e-04
   3.46681654e+02   4.15428258e-05
   3.46682142e+02   2.46549869e-04
   3.46682630e+02   2.34504390e-04
   3.46683119e+02  -2.15727305e-05
   3.46683607e+02  -3.60703925e-05
   3.46684095e+02   4.14003385e-04
   3.46684584e+02   8.70378106e-04
   3.46685072e+02   7.01364654e-04
   3.46685560e+02   1.69540159e-04
   3.46686049e+02  -9.45433203e-05
   3.46686537e+02  -1.78442235e-04
   3.46687025e+02  -2.95446342e-04
   3.46687513e+02  -5.01995615e-04
   3.46688002e+02  -5.56298764e-04
   3.46688490e+02  -2.20957052e-04
   3.46688978e+02  -1.53831425e-04
   3.46689467e+02  -4.81933123e-04
   3.46689955e+02  -3.47803696e-04
   3.46690443e+02   2.30837730e-04
   3.46690932e+02   5.55107428e-04
   3.46691420e+02   5.45664050e-04
   3.46691908e+02   3.18377628e-04
   3.46692397e+02  -3.19370265e-05
   3.46692885e+02  -3.99125071e-04
   3.46693373e+02  -4.54301364e-04
   3.46693861e+02   1.33193331e-04
   3.46694350e+02   7.35347334e-04
   3.46694838e+02   4.32249974e-04
   3.46695326e+02  -3.11725336e-04
   3.46695815e+02  -4.61074524e-04
   3.46696303e+02  -4.23747348e-04
   3.46696791e+02  -5.02765528e-04
   3.46697280e+02  -3.60237536e-05
   3.46697768e+02   7.33918976e-04
   3.46698256e+02   8.02582537e-04
   3.46698745e+02   2.67784897e-04
   3.46699233e+02  -6.68682333e-05
   3.46699721e+02   2.18752066e-05
   3.46700209e+02   2.63840950e-04
   3.46700698e+02   2.52374361e-04
   3.46701186e+02  -7.38769522e-05
   3.46701674e+02  -3.34371696e-04
   3.46702163e+02  -2.49316654e-04
   3.46702651e+02  -3.70577050e-06
   3.46703139e+02  -9.99908661e-05
   3.46703628e+02  -1.64117155e-04
   3.46704116e+02  -4.96741341e-05
   3.46704604e+02  -6.19297352e-05
   3.46705093e+02  -1.95318149e-04
   3.46705581e+02  -4.29371285e-04
   3.46706069e+02  -5.04290510e-04
   3.46706558e+02  -3.91225272e-04
   3.46707046e+02  -5.62185771e-04
   3.46707534e+02  -5.28866309e-04
   3.46708022e+02  -1.54463531e-04
   3.46708511e+02  -1.35919778e-04
   3.46708999e+02  -5.37149390e-05
   3.46709487e+02   1.05216146e-04
   3.46709976e+02   1.48329404e-04
   3.46710464e+02   1.89083177e-04
   3.46710952e+02  -1.80663792e-05
   3.46711441e+02  -4.21612822e-06
   3.46711929e+02   4.85396275e-04
   3.46712417e+02   7.81080802e-04
   3.46712906e+02   5.88449126e-04
   3.46713394e+02   3.11146170e-04
   3.46713882e+02   1.72654472e-04
   3.46714370e+02   2.66925636e-04
   3.46714859e+02   3.27170361e-04
   3.46715347e+02   3.34780925e-04
   3.46715835e+02   4.59636532e-04
   3.46716324e+02   3.32351075e-04
   3.46716812e+02   1.33856214e-04
   3.46717300e+02   4.81909738e-05
   3.46717789e+02   2.44367373e-04
   3.46718277e+02   3.43081279e-04
   3.46718765e+02  -5.73926591e-05
   3.46719254e+02  -3.65591346e-04
   3.46719742e+02  -2.11579900e-04
   3.46720230e+02  -1.45578961e-04
   3.46720718e+02  -2.33196799e-04
   3.46721207e+02  -1.42777499e-04
   3.46721695e+02  -2.43993549e-04
   3.46722183e+02  -8.06246026e-05
   3.46722672e+02   2.51826568e-04
   3.46723160e+02   3.01395397e-04
   3.46723648e+02   3.69381305e-04
   3.46724137e+02   1.54300666e-04
   3.46724625e+02  -3.72948707e-04
   3.46725113e+02  -8.31281592e-04
   3.46725602e+02  -8.89671675e-04
   3.46726090e+02  -4.53813496e-04
   3.46726578e+02  -7.01324170e-05
   3.46727066e+02  -3.07538176e-05
   3.46727555e+02  -3.17983322e-05
   3.46728043e+02   7.51733460e-05
   3.46728531e+02   2.96496117e-04
   3.46729020e+02   2.77552201e-04
   3.46729508e+02  -6.80043886e-05
   3.46729996e+02  -3.25130124e-04
   3.46730485e+02  -2.31497077e-04
   3.46730973e+02   2.26366319e-05
   3.46731461e+02   1.66878948e-04
   3.46731950e+02   3.63334693e-04
   3.46732438e+02   2.79201719e-04
   3.46732926e+02  -2.54854294e-05
   3.46733414e+02   7.06212086e-05
   3.46733903e+02   6.32233860e-05
   3.46734391e+02  -4.27334802e-04
   3.46734879e+02  -7.64856406e-04
   3.46735368e+02  -5.57104591e-04
   3.46735856e+02  -2.72324163e-04
   3.46736344e+02  -1.22123107e-04
   3.46736833e+02   8.31303259e-05
   3.46737321e+02  -1.46420434e-05
   3.46737809e+02  -2.24069459e-04
   3.46738298e+02  -3.30906390e-04
   3.46738786e+02  -7.03006575e-04
   3.46739274e+02  -4.84831573e-04
   3.46739762e+02   1.79590454e-04
   3.46740251e+02   2.72121513e-04
   3.46740739e+02  -6.52719200e-06
   3.46741227e+02  -3.32418742e-04
   3.46741716e+02  -2.45371135e-04
   3.46742204e+02   2.59841676e-04
   3.46742692e+02   3.26219713e-04
   3.46743181e+02   3.84225568e-04
   3.46743669e+02   5.59290522e-04
   3.46744157e+02   4.38652613e-04
   3.46744646e+02   8.26728865e-05
   3.46745134e+02  -2.06313867e-04
   3.46745622e+02  -9.11723255e-05
   3.46746111e+02  -2.36611777e-05
   3.46746599e+02  -8.20663918e-05
   3.46747087e+02  -1.09302840e-04
   3.46747575e+02  -1.94812907e-04
   3.46748064e+02  -3.22700333e-04
   3.46748552e+02  -2.59994704e-04
   3.46749040e+02  -5.78399704e-05
   3.46749529e+02  -6.53558091e-05
   3.46750017e+02  -7.62396885e-05
   3.46750505e+02  -1.43128700e-05
   3.46750994e+02  -9.43752893e-05
   3.46751482e+02  -9.82984930e-05
   3.46751970e+02   7.52861306e-05
   3.46752459e+02   2.08225669e-04
   3.46752947e+02  -1.94651002e-04
   3.46753435e+02  -5.72397897e-04
   3.46753923e+02  -5.48472104e-04
   3.46754412e+02  -5.21002337e-04
   3.46754900e+02  -5.45054267e-04
   3.46755388e+02  -4.43653582e-04
   3.46755877e+02  -9.05024572e-05
   3.46756365e+02  -9.32068633e-06
   3.46756853e+02  -2.36125139e-04
   3.46757342e+02  -5.30428188e-05
   3.46757830e+02   1.56249924e-04
   3.46758318e+02  -8.08063924e-05
   3.46758807e+02   1.65464968e-04
   3.46759295e+02   5.72313555e-04
   3.46759783e+02   4.43702651e-04
   3.46760271e+02   2.21673559e-04
   3.46760760e+02   1.44848382e-04
   3.46761248e+02  -3.47016088e-04
   3.46761736e+02  -7.46195845e-04
   3.46762225e+02  -5.40577690e-04
   3.46762713e+02  -2.55438557e-04
   3.46763201e+02   6.19101847e-05
   3.46763690e+02   5.32721751e-04
   3.46764178e+02   6.94421644e-04
   3.46764666e+02   2.54833518e-04
   3.46765155e+02  -2.39262139e-04
   3.46765643e+02  -3.44172295e-04
   3.46766131e+02  -5.48711221e-04
   3.46766619e+02  -7.91155035e-04
   3.46767108e+02  -4.93777508e-04
   3.46767596e+02  -2.13307776e-05
   3.46768084e+02   2.96744274e-05
   3.46768573e+02  -7.87809986e-05
   3.46769061e+02  -1.86332603e-04
   3.46769549e+02  -1.85214172e-04
   3.46770038e+02  -3.81685895e-05
   3.46770526e+02  -7.22640179e-05
   3.46771014e+02   5.15384309e-05
   3.46771503e+02   3.77144635e-04
   3.46771991e+02   6.90315850e-04
   3.46772479e+02   8.37574655e-04
   3.46772967e+02   7.16452370e-04
   3.46773456e+02   3.51487572e-04
   3.46773944e+02   3.68836685e-04
   3.46774432e+02   6.04303787e-04
   3.46774921e+02   1.79515162e-04
   3.46775409e+02  -6.43740699e-04
   3.46775897e+02  -8.06782860e-04
   3.46776386e+02  -2.05343385e-04
   3.46776874e+02   1.60277323e-05
   3.46777362e+02  -5.45718140e-05
   3.46777851e+02   1.75719819e-04
   3.46778339e+02   1.28465690e-04
   3.46778827e+02   4.20133729e-05
   3.46779315e+02   3.01379245e-04
   3.46779804e+02   3.58356599e-04
   3.46780292e+02  -8.33664744e-05
   3.46780780e+02  -1.85875513e-04
   3.46781269e+02   1.08743865e-04
   3.46781757e+02   1.24838494e-04
   3.46782245e+02  -7.57824528e-05
   3.46782734e+02  -1.33532711e-04
   3.46783222e+02  -1.14838775e-04
   3.46783710e+02  -1.69618761e-05
   3.46784199e+02   2.21986382e-04
   3.46784687e+02  -4.90398597e-05
   3.46785175e+02  -4.34884510e-04
   3.46785664e+02   3.07148766e-05
   3.46786152e+02   5.31818834e-04
   3.46786640e+02   3.08441959e-04
   3.46787128e+02   8.61028311e-05
   3.46787617e+02  -7.95056912e-05
   3.46788105e+02  -2.38274326e-04
   3.46788593e+02  -1.15600036e-04
   3.46789082e+02   1.48649837e-04
   3.46789570e+02   6.20500068e-04
   3.46790058e+02   8.51143093e-04
   3.46790547e+02   3.84402549e-04
   3.46791035e+02  -7.66764879e-06
   3.46791523e+02  -7.55772926e-05
   3.46792012e+02  -1.79819050e-04
   3.46792500e+02  -2.40775757e-04
   3.46792988e+02  -3.23870627e-04
   3.46793476e+02  -5.00325987e-04
   3.46793965e+02  -2.90421071e-04
   3.46794453e+02   4.52027671e-05
   3.46794941e+02   1.06358912e-05
   3.46795430e+02   1.58494164e-04
   3.46795918e+02   4.29926440e-04
   3.46796406e+02   1.87820857e-04
   3.46796895e+02  -1.33508482e-04
   3.46797383e+02  -2.97985680e-04
   3.46797871e+02  -1.85165627e-04
   3.46798360e+02  -1.58108523e-05
   3.46798848e+02  -8.81721280e-06
   3.46799336e+02   6.74022376e-05
   3.46799824e+02   2.11412276e-04
   3.46800313e+02   5.74742851e-04
   3.46800801e+02   7.17217394e-04
   3.46801289e+02   4.53768182e-04
   3.46801778e+02   3.27748712e-04
   3.46802266e+02  -2.48671131e-06
   3.46802754e+02  -3.00126558e-04
   3.46803243e+02  -2.93000267e-05
   3.46803731e+02   2.37100190e-04
   3.46804219e+02  -9.15546043e-05
   3.46804708e+02  -2.97527702e-04
   3.46805196e+02  -2.38556284e-04
   3.46805684e+02  -2.22649411e-04
   3.46806172e+02   9.12476662e-06
   3.46806661e+02   3.65308922e-04
   3.46807149e+02   6.16317731e-04
   3.46807637e+02   4.78604721e-04
   3.46808126e+02   1.63382952e-04
   3.46808614e+02   1.24492772e-05
   3.46809102e+02  -2.10449449e-04
   3.46809591e+02  -2.66609510e-04
   3.46810079e+02  -3.13069439e-04
   3.46810567e+02  -3.27127898e-04
   3.46811056e+02  -1.07743850e-04
   3.46811544e+02  -9.76606098e-05
   3.46812032e+02   8.80836160e-05
   3.46812520e+02   1.30244181e-04
   3.46813009e+02  -4.27019695e-04
   3.46813497e+02  -7.51922606e-04
   3.46813985e+02  -5.94574667e-04
   3.46814474e+02  -3.93598544e-04
   3.46814962e+02  -2.06611527e-04
   3.46815450e+02  -1.39767144e-04
   3.46815939e+02  -1.98061316e-04
   3.46816427e+02  -1.44968159e-04
   3.46816915e+02  -7.87772660e-05
   3.46817404e+02  -3.90093570e-04
   3.46817892e+02  -4.04816034e-04
   3.46818380e+02  -2.18252550e-04
   3.46818868e+02   5.98301995e-06
   3.46819357e+02   9.26503344e-06
   3.46819845e+02   1.33979076e-04
   3.46820333e+02   3.19939805e-04
   3.46820822e+02   3.73669136e-05
   3.46821310e+02  -2.62956513e-04
   3.46821798e+02  -3.98490192e-05
   3.46822287e+02   3.81302205e-04
   3.46822775e+02   3.22373962e-04
   3.46823263e+02  -1.07931293e-04
   3.46823752e+02  -3.22235981e-04
   3.46824240e+02  -2.33738552e-04
   3.46824728e+02  -2.27037672e-04
   3.46825217e+02  -5.61241352e-04
   3.46825705e+02  -9.39504534e-04
   3.46826193e+02  -7.36035465e-04
   3.46826681e+02  -3.22364882e-04
   3.46827170e+02  -2.33040657e-04
   3.46827658e+02   4.14971582e-05
   3.46828146e+02   3.13175813e-04
   3.46828635e+02   2.49875484e-05
   3.46829123e+02  -2.67108058e-04
   3.46829611e+02  -3.91647627e-04
   3.46830100e+02  -3.94345261e-04
   3.46830588e+02   9.51083202e-05
   3.46831076e+02   4.95427987e-04
   3.46831565e+02   3.73863499e-04
   3.46832053e+02   3.62723563e-06
   3.46832541e+02  -1.79165465e-04
   3.46833029e+02  -5.49744582e-05
   3.46833518e+02   3.71595292e-04
   3.46834006e+02   5.41504240e-04
   3.46834494e+02  -3.73792245e-05
   3.46834983e+02  -5.73598722e-04
   3.46835471e+02  -6.83300023e-04
   3.46835959e+02  -3.00684362e-04
   3.46836448e+02   1.22466576e-04
   3.46836936e+02   1.91890322e-05
   3.46837424e+02  -1.03502141e-04
   3.46837913e+02   4.83726808e-07
   3.46838401e+02   2.31087339e-04
   3.46838889e+02   3.52110452e-04
   3.46839377e+02   6.21973304e-05
   3.46839866e+02  -2.08059733e-04
   3.46840354e+02  -3.37812846e-04
   3.46840842e+02  -2.76795938e-04
   3.46841331e+02   1.19961733e-05
   3.46841819e+02   1.92959371e-04
   3.46842307e+02   2.06563709e-04
   3.46842796e+02   3.44281405e-04
   3.46843284e+02   4.44806094e-04
   3.46843772e+02   2.52141326e-04
   3.46844261e+02   1.43425777e-05
   3.46844749e+02   2.01774106e-04
   3.46845237e+02   3.13472730e-04
   3.46845725e+02   3.47860332e-04
   3.46846214e+02   3.77001939e-04
   3.46846702e+02   1.74764646e-04
   3.46847190e+02  -5.75056474e-05
   3.46847679e+02   1.48251056e-04
   3.46848167e+02   2.62446294e-04
   3.46848655e+02  -1.23083460e-04
   3.46849144e+02  -1.66859318e-04
   3.46849632e+02   1.83879572e-04
   3.46850120e+02   2.45527917e-04
   3.46850609e+02   1.38916104e-04
   3.46851097e+02   2.29013676e-04
   3.46851585e+02   2.75666418e-04
   3.46852073e+02  -1.89449975e-06
   3.46852562e+02  -2.08966216e-04
   3.46853050e+02  -3.97352240e-04
   3.46853538e+02  -4.35835536e-04
   3.46854027e+02  -2.12514162e-04
   3.46854515e+02  -2.28607518e-04
   3.46855003e+02  -1.51292872e-04
   3.46855492e+02   4.84591192e-06
   3.46855980e+02   1.54298439e-04
   3.46856468e+02  -6.00083658e-05
   3.46856957e+02  -6.28390932e-04
   3.46857445e+02  -4.93364816e-04
   3.46857933e+02   4.79524315e-05
   3.46858421e+02   4.47874685e-04
   3.46858910e+02   4.54121124e-04
   3.46859398e+02   2.29752273e-04
   3.46859886e+02   2.11328792e-04
   3.46860375e+02   3.51141149e-04
   3.46860863e+02   7.88732315e-04
   3.46861351e+02   9.34042095e-04
   3.46861840e+02   1.63413846e-04
   3.46862328e+02  -4.50771651e-04
   3.46862816e+02  -2.82337074e-04
   3.46863305e+02   1.41864133e-04
   3.46863793e+02   2.48921657e-04
   3.46864281e+02   1.48728446e-04
   3.46864770e+02   3.62108512e-05
   3.46865258e+02  -2.67522119e-04
   3.46865746e+02  -4.39755357e-04
   3.46866234e+02  -1.89487633e-04
   3.46866723e+02  -8.53185775e-05
   3.46867211e+02  -2.16781526e-04
   3.46867699e+02  -2.92760687e-05
   3.46868188e+02   3.15116427e-04
   3.46868676e+02   4.61614050e-04
   3.46869164e+02   4.68606828e-04
   3.46869653e+02   3.95214942e-04
   3.46870141e+02   3.61346436e-04
   3.46870629e+02   3.92545655e-04
   3.46871118e+02   2.81724788e-04
   3.46871606e+02   4.12498048e-05
   3.46872094e+02  -1.62444863e-04
   3.46872582e+02  -3.44941916e-04
   3.46873071e+02  -5.16709057e-04
   3.46873559e+02  -6.42419094e-04
   3.46874047e+02  -6.92168833e-04
   3.46874536e+02  -4.70325351e-04
   3.46875024e+02  -1.83402633e-04
   3.46875512e+02   5.15483625e-05
   3.46876001e+02   5.39670989e-04
   3.46876489e+02   7.47587415e-04
   3.46876977e+02   3.94648494e-04
   3.46877466e+02   4.69152947e-05
   3.46877954e+02   4.25745064e-04
   3.46878442e+02   5.85652713e-04
   3.46878930e+02   8.61543595e-05
   3.46879419e+02  -4.10619046e-04
   3.46879907e+02  -5.80950698e-04
   3.46880395e+02  -2.93276535e-04
   3.46880884e+02  -1.59688570e-04
   3.46881372e+02  -4.63713717e-04
   3.46881860e+02  -4.04243066e-04
   3.46882349e+02  -1.30257991e-04
   3.46882837e+02  -3.27159505e-05
   3.46883325e+02   3.20090912e-05
   3.46883814e+02  -1.49718355e-04
   3.46884302e+02  -2.75587023e-04
   3.46884790e+02  -1.75817622e-04
   3.46885278e+02  -8.13991792e-05
   3.46885767e+02   6.35574979e-05
   3.46886255e+02  -2.95369275e-04
   3.46886743e+02  -6.31239614e-04
   3.46887232e+02  -4.61976015e-04
   3.46887720e+02  -3.83165840e-04
   3.46888208e+02   1.64383016e-06
   3.46888697e+02   5.09428966e-04
   3.46889185e+02   2.76049657e-04
   3.46889673e+02  -8.91981981e-05
   3.46890162e+02  -2.92987661e-05
   3.46890650e+02   1.62859709e-04
   3.46891138e+02   1.22029043e-04
   3.46891626e+02  -1.96762539e-05
   3.46892115e+02  -6.67033237e-05
   3.46892603e+02  -2.47002143e-04
   3.46893091e+02  -3.06998118e-04
   3.46893580e+02  -4.21070763e-05
   3.46894068e+02   2.11976687e-04
   3.46894556e+02   3.07432492e-04
   3.46895045e+02   2.41087648e-04
   3.46895533e+02   3.89547786e-05
   3.46896021e+02   9.24015185e-05
   3.46896510e+02   4.56202601e-04
   3.46896998e+02   3.06802307e-04
   3.46897486e+02  -1.05845989e-04
   3.46897974e+02  -1.69088729e-04
   3.46898463e+02  -3.73144168e-04
   3.46898951e+02  -5.20176953e-04
   3.46899439e+02  -9.80206241e-05
   3.46899928e+02   1.96307767e-04
   3.46900416e+02  -3.40004772e-05
   3.46900904e+02  -3.09917406e-04
   3.46901393e+02  -5.64889124e-05
   3.46901881e+02   1.80276838e-04
   3.46902369e+02   6.48794958e-05
   3.46902858e+02  -1.92694730e-04
   3.46903346e+02  -3.42643616e-04
   3.46903834e+02  -2.09034057e-04
   3.46904323e+02  -1.93322005e-04
   3.46904811e+02  -8.50350843e-05
   3.46905299e+02   3.08480725e-04
   3.46905787e+02   3.82797036e-04
   3.46906276e+02   2.60078581e-04
   3.46906764e+02  -2.71621921e-05
   3.46907252e+02  -2.02096067e-04
   3.46907741e+02  -5.42789167e-05
   3.46908229e+02  -2.36036285e-04
   3.46908717e+02  -2.80375039e-04
   3.46909206e+02  -1.00837300e-04
   3.46909694e+02  -3.66985216e-04
   3.46910182e+02  -4.98180860e-04
   3.46910671e+02  -3.18441045e-04
   3.46911159e+02  -2.26155855e-04
   3.46911647e+02  -2.73343932e-04
   3.46912135e+02  -3.10172851e-04
   3.46912624e+02  -1.90564009e-04
   3.46913112e+02   4.58703798e-05
   3.46913600e+02   2.67779978e-04
   3.46914089e+02   3.78167955e-04
   3.46914577e+02   3.10847041e-04
   3.46915065e+02  -8.68043116e-06
   3.46915554e+02  -3.04160785e-04
   3.46916042e+02  -1.90149076e-04
   3.46916530e+02  -1.97746427e-04
   3.46917019e+02  -1.07418433e-04
   3.46917507e+02   3.03585344e-04
   3.46917995e+02   3.55520984e-04
   3.46918483e+02  -3.57079603e-06
   3.46918972e+02  -3.79874895e-04
   3.46919460e+02  -2.14682805e-04
   3.46919948e+02   2.70687422e-04
   3.46920437e+02   5.29487326e-04
   3.46920925e+02   3.84197920e-04
   3.46921413e+02   7.14565394e-05
   3.46921902e+02   4.20321194e-05
   3.46922390e+02   1.14031036e-05
   3.46922878e+02  -3.84264538e-04
   3.46923367e+02  -8.04944139e-04
   3.46923855e+02  -6.89720560e-04
   3.46924343e+02   4.77790418e-05
   3.46924831e+02   4.88756225e-04
   3.46925320e+02   2.22985225e-04
   3.46925808e+02  -1.12747453e-04
   3.46926296e+02  -2.78822699e-05
   3.46926785e+02  -7.31159162e-05
   3.46927273e+02  -2.73061334e-04
   3.46927761e+02  -5.05739081e-06
   3.46928250e+02   4.95714849e-05
   3.46928738e+02  -3.30309034e-04
   3.46929226e+02  -4.34630958e-04
   3.46929715e+02  -2.21429669e-04
   3.46930203e+02   8.43627568e-05
   3.46930691e+02   2.86937720e-04
   3.46931179e+02   7.02047109e-05
   3.46931668e+02  -6.20261126e-05
   3.46932156e+02   3.12131233e-05
   3.46932644e+02  -3.25208995e-04
   3.46933133e+02  -7.79807451e-04
   3.46933621e+02  -7.79607217e-04
   3.46934109e+02  -6.33061398e-04
   3.46934598e+02  -2.12409563e-04
   3.46935086e+02  -3.35895777e-04
   3.46935574e+02  -1.65869249e-04
   3.46936063e+02  -5.08050180e-05
   3.46936551e+02  -9.65920044e-05
   3.46937039e+02   1.39607757e-04
   3.46937527e+02   2.69036362e-04
   3.46938016e+02   4.10052278e-04
   3.46938504e+02   3.42090469e-04
   3.46938992e+02  -6.52196468e-05
   3.46939481e+02  -2.52182101e-04
   3.46939969e+02  -4.49032785e-04
   3.46940457e+02  -4.19622811e-04
   3.46940946e+02   9.39553938e-05
   3.46941434e+02   3.17664846e-04
   3.46941922e+02   2.07389952e-04
   3.46942411e+02   2.60953937e-04
   3.46942899e+02   1.47231141e-04
   3.46943387e+02   7.47440617e-06
   3.46943876e+02   5.57238527e-05
   3.46944364e+02   2.50094221e-04
   3.46944852e+02   5.04920841e-04
   3.46945340e+02   3.94812523e-04
   3.46945829e+02  -3.36944249e-05
   3.46946317e+02  -1.59638308e-04
   3.46946805e+02  -1.98362701e-04
   3.46947294e+02  -3.65767366e-04
   3.46947782e+02  -4.16317256e-04
   3.46948270e+02  -4.87509329e-04
   3.46948759e+02  -2.96415819e-04
   3.46949247e+02  -1.96055771e-04
   3.46949735e+02  -7.25075137e-04
   3.46950224e+02  -1.07214518e-03
   3.46950712e+02  -6.61153113e-04
   3.46951200e+02  -9.48950692e-05
   3.46951688e+02   1.33592563e-04
   3.46952177e+02   4.16021707e-04
   3.46952665e+02   4.15172661e-04
   3.46953153e+02   1.25750783e-04
   3.46953642e+02   1.45439190e-04
   3.46954130e+02   1.53860063e-04
   3.46954618e+02   1.88850336e-05
   3.46955107e+02   1.52668785e-04
   3.46955595e+02   4.35304013e-04
   3.46956083e+02   6.46726112e-04
   3.46956572e+02   6.63620245e-04
   3.46957060e+02   5.45561954e-04
   3.46957548e+02   2.71078170e-04
   3.46958036e+02   2.68725889e-05
   3.46958525e+02  -1.05743617e-04
   3.46959013e+02  -3.02978588e-04
   3.46959501e+02  -3.58180085e-04
   3.46959990e+02  -2.70907127e-04
   3.46960478e+02  -3.74181371e-04
   3.46960966e+02  -4.86476987e-04
   3.46961455e+02  -2.14218337e-04
   3.46961943e+02   3.30091047e-04
   3.46962431e+02   5.92762080e-04
   3.46962920e+02   4.17351082e-04
   3.46963408e+02   2.40045538e-05
   3.46963896e+02  -3.11637123e-04
   3.46964384e+02  -3.86853062e-04
   3.46964873e+02  -4.46072314e-04
   3.46965361e+02  -2.87136791e-04
   3.46965849e+02  -1.20147932e-04
   3.46966338e+02  -2.64177303e-04
   3.46966826e+02  -3.78402503e-04
   3.46967314e+02  -3.97612079e-04
   3.46967803e+02  -2.49692035e-04
   3.46968291e+02  -1.62538399e-05
   3.46968779e+02  -1.09133674e-04
   3.46969268e+02  -5.47381234e-04
   3.46969756e+02  -7.45465921e-04
   3.46970244e+02  -5.69136231e-04
   3.46970732e+02  -4.58784576e-04
   3.46971221e+02  -2.18071946e-04
   3.46971709e+02  -2.29943835e-04
   3.46972197e+02  -5.78632054e-04
   3.46972686e+02  -6.51351118e-04
   3.46973174e+02  -4.08568507e-04
   3.46973662e+02  -8.13184452e-05
   3.46974151e+02  -1.60417374e-04
   3.46974639e+02  -4.28877858e-04
   3.46975127e+02  -4.10920504e-04
   3.46975616e+02  -4.37451148e-04
   3.46976104e+02  -6.20358041e-04
   3.46976592e+02  -3.84649873e-04
   3.46977080e+02   2.56289728e-04
   3.46977569e+02   6.10881485e-04
   3.46978057e+02   6.13723067e-04
   3.46978545e+02   5.85587462e-04
   3.46979034e+02   4.11574059e-04
   3.46979522e+02   3.41491286e-05
   3.46980010e+02  -2.58917105e-04
   3.46980499e+02  -4.04187304e-04
   3.46980987e+02  -3.25601111e-04
   3.46981475e+02  -6.99138473e-05
   3.46981964e+02   1.10551373e-04
   3.46982452e+02   6.89793524e-05
   3.46982940e+02  -1.15065348e-04
   3.46983428e+02  -4.41234588e-05
   3.46983917e+02  -1.99755177e-05
   3.46984405e+02  -2.79670669e-04
   3.46984893e+02  -4.36617061e-04
   3.46985382e+02  -2.91947246e-04
   3.46985870e+02  -8.96924394e-05
   3.46986358e+02  -1.04040388e-04
   3.46986847e+02   1.67695234e-05
   3.46987335e+02   1.18458556e-04
   3.46987823e+02  -1.23791164e-04
   3.46988312e+02  -2.41345129e-04
   3.46988800e+02  -8.58894782e-05
   3.46989288e+02   1.62624812e-04
   3.46989777e+02   2.29230194e-04
   3.46990265e+02   3.16473670e-05
   3.46990753e+02  -1.30513930e-04
   3.46991241e+02  -2.95593374e-04
   3.46991730e+02  -9.87517560e-05
   3.46992218e+02   7.16143521e-04
   3.46992706e+02   1.28630688e-03
   3.46993195e+02   7.73613050e-04
   3.46993683e+02   3.17919243e-04
   3.46994171e+02   1.22682650e-05
   3.46994660e+02   1.66613154e-05
   3.46995148e+02   4.25598919e-05
   3.46995636e+02   2.53519567e-04
   3.46996125e+02   6.84209226e-04
   3.46996613e+02   6.89630513e-04
   3.46997101e+02   2.98138591e-04
   3.46997589e+02   6.93213296e-05
   3.46998078e+02  -6.39436548e-05
   3.46998566e+02  -3.46207729e-04
   3.46999054e+02  -7.27073231e-04
   3.46999543e+02  -8.73035286e-04
   3.47000031e+02  -3.82496772e-04
   3.47000519e+02   1.59183663e-04
   3.47001008e+02   1.65571255e-04
   3.47001496e+02   3.94843992e-05
   3.47001984e+02  -1.07713495e-04
   3.47002473e+02  -1.54194408e-04
   3.47002961e+02  -1.65756879e-04
   3.47003449e+02   9.39010279e-05
   3.47003937e+02   3.47549241e-04
   3.47004426e+02   2.07124598e-04
   3.47004914e+02   1.85314115e-04
   3.47005402e+02   9.70842302e-05
   3.47005891e+02  -4.52932145e-05
   3.47006379e+02  -6.81828169e-05
   3.47006867e+02  -1.80247836e-04
   3.47007356e+02  -2.29255656e-05
   3.47007844e+02   1.91324085e-04
   3.47008332e+02   6.24126842e-05
   3.47008821e+02  -3.32055555e-04
   3.47009309e+02  -3.78238939e-04
   3.47009797e+02  -1.36011717e-04
   3.47010285e+02   2.01806703e-04
   3.47010774e+02   3.64563632e-04
   3.47011262e+02  -1.58651237e-04
   3.47011750e+02  -4.20142285e-04
   3.47012239e+02   1.61810021e-04
   3.47012727e+02   4.88276273e-04
   3.47013215e+02   2.29454832e-04
   3.47013704e+02  -1.78647751e-04
   3.47014192e+02  -4.10335815e-05
   3.47014680e+02   3.40915925e-04
   3.47015169e+02   4.78884904e-04
   3.47015657e+02   8.20462767e-04
   3.47016145e+02   6.69471512e-04
   3.47016633e+02   1.52261695e-04
   3.47017122e+02  -1.98931841e-04
   3.47017610e+02  -3.38714890e-04
   3.47018098e+02   1.35324517e-04
   3.47018587e+02   3.04078509e-04
   3.47019075e+02  -3.92059737e-04
   3.47019563e+02  -7.26800587e-04
   3.47020052e+02  -5.01551607e-04
   3.47020540e+02  -3.28983733e-04
   3.47021028e+02  -4.71148320e-04
   3.47021517e+02  -6.56578166e-04
   3.47022005e+02  -2.57488748e-04
   3.47022493e+02   1.31448542e-04
   3.47022981e+02   4.68231883e-05
   3.47023470e+02   4.46133527e-05
   3.47023958e+02  -5.24609386e-05
   3.47024446e+02  -1.87816593e-04
   3.47024935e+02  -2.05504490e-04
   3.47025423e+02  -2.81737506e-04
   3.47025911e+02  -2.85936432e-04
   3.47026400e+02  -1.14020069e-04
   3.47026888e+02   5.86778806e-05
   3.47027376e+02  -2.68836975e-05
   3.47027865e+02  -1.51138491e-04
   3.47028353e+02  -2.15459077e-04
   3.47028841e+02  -3.36258061e-04
   3.47029330e+02  -4.16492403e-04
   3.47029818e+02  -3.17777623e-04
   3.47030306e+02  -9.69565099e-06
   3.47030794e+02   1.92084393e-04
   3.47031283e+02   1.53743822e-04
   3.47031771e+02   2.65741779e-04
   3.47032259e+02   4.56162350e-04
   3.47032748e+02   2.72628386e-04
   3.47033236e+02  -3.51288727e-05
   3.47033724e+02  -2.07458361e-04
   3.47034213e+02  -4.45938116e-04
   3.47034701e+02  -4.31661960e-04
   3.47035189e+02  -2.21028487e-04
   3.47035678e+02  -2.78063992e-04
   3.47036166e+02  -2.17053574e-04
   3.47036654e+02   1.95498011e-04
   3.47037142e+02   5.78258303e-04
   3.47037631e+02   8.22018483e-04
   3.47038119e+02   6.16696139e-04
   3.47038607e+02   5.12093284e-05
   3.47039096e+02  -2.63183902e-04
   3.47039584e+02  -3.40309256e-04
   3.47040072e+02  -5.43460075e-04
   3.47040561e+02  -5.37341519e-04
   3.47041049e+02  -2.26043019e-04
   3.47041537e+02  -5.75344566e-05
   3.47042026e+02   5.53994032e-05
   3.47042514e+02   2.32520164e-04
   3.47043002e+02   4.90831444e-05
   3.47043490e+02  -1.82371048e-04
   3.47043979e+02  -3.58777688e-05
   3.47044467e+02  -7.82611387e-05
   3.47044955e+02  -2.68518314e-04
   3.47045444e+02   2.32244111e-05
   3.47045932e+02   8.24618561e-04
   3.47046420e+02   1.03181391e-03
   3.47046909e+02   3.09964526e-04
   3.47047397e+02  -5.21935508e-05
   3.47047885e+02  -8.40300127e-05
   3.47048374e+02  -9.08404472e-05
   3.47048862e+02   9.97609823e-06
   3.47049350e+02  -3.46472407e-05
   3.47049838e+02  -7.36785441e-05
   3.47050327e+02   7.72944113e-05
   3.47050815e+02   2.22506496e-04
   3.47051303e+02   7.98879046e-05
   3.47051792e+02   2.20544134e-05
   3.47052280e+02  -2.53855775e-04
   3.47052768e+02  -6.11345240e-05
   3.47053257e+02   7.04372578e-05
   3.47053745e+02  -4.91325569e-04
   3.47054233e+02  -7.55351095e-04
   3.47054722e+02  -5.41271758e-04
   3.47055210e+02  -5.95943886e-04
   3.47055698e+02  -8.08865763e-04
   3.47056186e+02  -7.05567247e-04
   3.47056675e+02  -5.52221900e-04
   3.47057163e+02  -5.50576835e-04
   3.47057651e+02  -2.84177426e-04
   3.47058140e+02  -2.17295965e-04
   3.47058628e+02  -3.58515739e-04
   3.47059116e+02  -2.18319299e-04
   3.47059605e+02   1.59194842e-05
   3.47060093e+02  -1.21412362e-04
   3.47060581e+02  -5.67667536e-04
   3.47061070e+02  -8.43101647e-04
   3.47061558e+02  -6.99398282e-04
   3.47062046e+02  -4.51584521e-04
   3.47062534e+02  -4.51191707e-04
   3.47063023e+02  -5.30131219e-04
   3.47063511e+02  -2.22105547e-04
   3.47063999e+02   2.05323551e-04
   3.47064488e+02   3.72099137e-04
   3.47064976e+02  -2.05179185e-05
   3.47065464e+02  -7.09752261e-04
   3.47065953e+02  -8.54822749e-04
   3.47066441e+02  -5.47564705e-04
   3.47066929e+02  -1.84223783e-04
   3.47067418e+02   1.59287301e-05
   3.47067906e+02   1.14598857e-04
   3.47068394e+02   2.39889661e-04
   3.47068883e+02   4.68382379e-04
   3.47069371e+02   5.10450394e-04
   3.47069859e+02   1.46708524e-04
   3.47070347e+02  -2.07605393e-04
   3.47070836e+02  -2.51630670e-04
   3.47071324e+02   7.72070271e-05
   3.47071812e+02   4.88790974e-04
   3.47072301e+02   5.50514669e-04
   3.47072789e+02   3.01219581e-04
   3.47073277e+02  -7.16087234e-05
   3.47073766e+02  -2.13574371e-04
   3.47074254e+02   1.22219688e-04
   3.47074742e+02   1.68791375e-04
   3.47075231e+02  -6.22614243e-05
   3.47075719e+02   9.26380890e-05
   3.47076207e+02   3.31889169e-04
   3.47076695e+02   2.95606529e-04
   3.47077184e+02   1.60397962e-04
   3.47077672e+02   9.28203281e-06
   3.47078160e+02  -2.18596979e-04
   3.47078649e+02  -3.47843161e-04
   3.47079137e+02  -4.28297993e-04
   3.47079625e+02  -3.76928976e-04
   3.47080114e+02   4.17650372e-05
   3.47080602e+02   3.08579300e-04
   3.47081090e+02   2.18960995e-04
   3.47081579e+02   2.99671490e-04
   3.47082067e+02   3.51908093e-04
   3.47082555e+02   5.74931073e-05
   3.47083043e+02  -1.67619364e-04
   3.47083532e+02  -2.00346549e-04
   3.47084020e+02  -2.02200812e-04
   3.47084508e+02  -1.60594442e-04
   3.47084997e+02  -2.64891831e-04
   3.47085485e+02  -3.20596504e-04
   3.47085973e+02  -1.18971453e-04
   3.47086462e+02   1.49656655e-04
   3.47086950e+02   3.48808273e-04
   3.47087438e+02   2.23707357e-05
   3.47087927e+02  -2.00795548e-04
   3.47088415e+02   3.09060328e-04
   3.47088903e+02   6.76882104e-04
   3.47089391e+02   4.93844680e-04
   3.47089880e+02   2.44715135e-04
   3.47090368e+02  -1.71724896e-04
   3.47090856e+02  -4.47910657e-04
   3.47091345e+02  -2.47726799e-04
   3.47091833e+02  -1.34941423e-04
   3.47092321e+02  -2.66915904e-05
   3.47092810e+02   5.39789035e-04
   3.47093298e+02   8.96549085e-04
   3.47093786e+02   4.31462075e-04
   3.47094275e+02   2.00701659e-04
   3.47094763e+02   1.48372492e-04
   3.47095251e+02  -2.40641501e-04
   3.47095739e+02  -2.75722035e-04
   3.47096228e+02  -2.53399630e-04
   3.47096716e+02  -4.15857881e-04
   3.47097204e+02  -4.57382703e-04
   3.47097693e+02  -6.07063877e-04
   3.47098181e+02  -7.46627804e-04
   3.47098669e+02  -5.86117152e-04
   3.47099158e+02  -2.17975510e-04
   3.47099646e+02  -1.37964540e-04
   3.47100134e+02  -2.00323193e-05
   3.47100623e+02   1.44375153e-04
   3.47101111e+02   1.11389360e-04
   3.47101599e+02   6.79824807e-05
   3.47102087e+02  -1.61251373e-04
   3.47102576e+02  -1.73697365e-04
   3.47103064e+02   3.06631082e-05
   3.47103552e+02  -1.52853303e-04
   3.47104041e+02  -3.67213390e-04
   3.47104529e+02  -2.85998482e-04
   3.47105017e+02  -4.17543524e-05
   3.47105506e+02  -1.73613895e-04
   3.47105994e+02  -2.82168854e-04
   3.47106482e+02  -1.12366077e-04
   3.47106971e+02  -2.09554637e-04
   3.47107459e+02  -3.07635753e-04
   3.47107947e+02  -3.33126372e-04
   3.47108436e+02  -3.15261306e-04
   3.47108924e+02  -6.52092058e-05
   3.47109412e+02   4.01867699e-04
   3.47109900e+02   4.75725130e-04
   3.47110389e+02  -1.70451793e-04
   3.47110877e+02  -3.57163255e-04
   3.47111365e+02  -1.98260823e-04
   3.47111854e+02  -1.90861701e-05
   3.47112342e+02   2.75802420e-04
   3.47112830e+02   3.86835600e-04
   3.47113319e+02   4.54868132e-04
   3.47113807e+02   3.79314035e-04
   3.47114295e+02   1.40261560e-04
   3.47114784e+02   3.96961492e-04
   3.47115272e+02   7.01429788e-04
   3.47115760e+02   4.71121020e-04
   3.47116248e+02   2.20478585e-04
   3.47116737e+02   2.10064391e-04
   3.47117225e+02   3.58971505e-04
   3.47117713e+02   5.54677448e-04
   3.47118202e+02   8.71736556e-04
   3.47118690e+02   8.05911317e-04
   3.47119178e+02   2.34183026e-04
   3.47119667e+02  -1.64690864e-04
   3.47120155e+02  -1.99739516e-04
   3.47120643e+02  -5.73358266e-05
   3.47121132e+02   3.82240469e-05
   3.47121620e+02  -9.99084364e-07
   3.47122108e+02  -3.05102094e-05
   3.47122596e+02   2.57607084e-04
   3.47123085e+02   4.50288382e-04
   3.47123573e+02   2.15266817e-04
   3.47124061e+02   1.07990767e-04
   3.47124550e+02   1.12631846e-04
   3.47125038e+02  -7.92551946e-05
   3.47125526e+02  -2.43988776e-04
   3.47126015e+02  -2.90038530e-04
   3.47126503e+02  -2.22962888e-04
   3.47126991e+02   4.33455170e-06
   3.47127480e+02   6.74931071e-05
   3.47127968e+02  -1.30819419e-04
   3.47128456e+02  -2.33115425e-04
   3.47128944e+02  -2.39429122e-04
   3.47129433e+02  -3.08056115e-05
   3.47129921e+02   4.86098812e-04
   3.47130409e+02   4.53522633e-04
   3.47130898e+02   1.90824721e-05
   3.47131386e+02   1.14466449e-04
   3.47131874e+02   3.97611177e-04
   3.47132363e+02   3.09676136e-04
   3.47132851e+02   1.66961545e-04
   3.47133339e+02   3.13502765e-04
   3.47133828e+02   3.52916686e-04
   3.47134316e+02   3.96970368e-04
   3.47134804e+02   4.27276129e-04
   3.47135292e+02   1.36587711e-04
   3.47135781e+02  -1.76103549e-05
   3.47136269e+02  -2.25252679e-05
   3.47136757e+02   9.56460717e-05
   3.47137246e+02   1.14764916e-04
   3.47137734e+02  -2.46464042e-04
   3.47138222e+02  -6.49445399e-04
   3.47138711e+02  -6.44051353e-04
   3.47139199e+02  -4.17909876e-04
   3.47139687e+02  -2.38190391e-04
   3.47140176e+02   9.17096695e-05
   3.47140664e+02   3.42432293e-04
   3.47141152e+02   8.33667946e-05
   3.47141640e+02  -1.07912756e-05
   3.47142129e+02  -2.94582307e-04
   3.47142617e+02  -8.46613897e-04
   3.47143105e+02  -7.17762625e-04
   3.47143594e+02  -2.97775143e-04
   3.47144082e+02  -3.24474502e-04
   3.47144570e+02  -3.10070463e-04
   3.47145059e+02   1.59403746e-04
   3.47145547e+02   4.19274409e-04
   3.47146035e+02  -6.33508971e-05
   3.47146524e+02  -4.17960051e-04
   3.47147012e+02  -4.27994528e-04
   3.47147500e+02  -6.57361175e-04
   3.47147989e+02  -6.18393824e-04
   3.47148477e+02  -9.35477146e-05
   3.47148965e+02   3.64976877e-04
   3.47149453e+02   5.81715722e-04
   3.47149942e+02   3.21876432e-04
   3.47150430e+02  -7.35047288e-05
   3.47150918e+02  -2.94348229e-05
   3.47151407e+02   1.79309107e-04
   3.47151895e+02  -3.04681471e-05
   3.47152383e+02  -3.62960505e-04
   3.47152872e+02  -3.76667624e-04
   3.47153360e+02  -2.44655035e-04
   3.47153848e+02  -7.16487120e-05
   3.47154337e+02  -2.57691951e-04
   3.47154825e+02  -4.04473511e-04
   3.47155313e+02  -1.08361324e-04
   3.47155801e+02  -1.64274286e-04
   3.47156290e+02  -4.41891316e-04
   3.47156778e+02  -5.19827649e-04
   3.47157266e+02  -6.16408885e-04
   3.47157755e+02  -6.11948897e-04
   3.47158243e+02  -6.64990876e-05
   3.47158731e+02   1.53928704e-04
   3.47159220e+02  -2.08456200e-04
   3.47159708e+02  -1.04372310e-04
   3.47160196e+02  -1.93980104e-05
   3.47160685e+02  -3.15776444e-04
   3.47161173e+02  -1.82371092e-04
   3.47161661e+02   3.47927475e-04
   3.47162149e+02   3.80316895e-04
   3.47162638e+02  -8.87496062e-05
   3.47163126e+02  -4.15598479e-04
   3.47163614e+02  -5.31014171e-04
   3.47164103e+02  -5.38482040e-04
   3.47164591e+02  -4.22617770e-04
   3.47165079e+02  -4.09467146e-04
   3.47165568e+02  -5.90300711e-04
   3.47166056e+02  -6.64481253e-04
   3.47166544e+02  -4.48153354e-04
   3.47167033e+02  -3.42868705e-04
   3.47167521e+02  -1.64941361e-04
   3.47168009e+02   6.73048635e-05
   3.47168497e+02   1.21152065e-04
   3.47168986e+02   3.48082423e-04
   3.47169474e+02   4.75865032e-04
   3.47169962e+02   2.91180244e-04
   3.47170451e+02   3.52164701e-04
   3.47170939e+02   5.46323601e-04
   3.47171427e+02   1.13912392e-04
   3.47171916e+02  -1.33384485e-04
   3.47172404e+02   1.21082347e-04
   3.47172892e+02   1.98280628e-04
   3.47173381e+02  -8.93757096e-05
   3.47173869e+02  -5.75830381e-05
   3.47174357e+02   1.86236794e-04
   3.47174845e+02  -2.49938439e-05
   3.47175334e+02  -3.40140978e-04
   3.47175822e+02  -4.28596686e-04
   3.47176310e+02  -1.88588892e-04
   3.47176799e+02   2.97107123e-04
   3.47177287e+02   4.42477438e-04
   3.47177775e+02   3.84771265e-04
   3.47178264e+02   3.17392638e-04
   3.47178752e+02   1.56007591e-04
   3.47179240e+02   7.09211163e-05
   3.47179729e+02   5.10827849e-05
   3.47180217e+02   8.93750912e-05
   3.47180705e+02   2.74042686e-05
   3.47181193e+02  -1.54420544e-04
   3.47181682e+02  -1.27327541e-04
   3.47182170e+02  -1.20192963e-05
   3.47182658e+02  -1.09667475e-04
   3.47183147e+02  -1.40452466e-04
   3.47183635e+02   1.62573517e-04
   3.47184123e+02   4.04699298e-04
   3.47184612e+02   3.37519014e-04
   3.47185100e+02   2.33778148e-04
   3.47185588e+02   2.74319493e-04
   3.47186077e+02   3.22947366e-04
   3.47186565e+02   2.50764220e-04
   3.47187053e+02   1.52184977e-04
   3.47187542e+02   1.55969887e-04
   3.47188030e+02   2.63199967e-04
   3.47188518e+02   1.98358874e-04
   3.47189006e+02  -5.63058456e-05
   3.47189495e+02  -3.31993564e-04
   3.47189983e+02  -3.33647389e-04
   3.47190471e+02  -5.78079926e-05
   3.47190960e+02   1.41876284e-04
   3.47191448e+02   1.14089620e-04
   3.47191936e+02  -1.76923684e-04
   3.47192425e+02  -4.86254838e-04
   3.47192913e+02  -4.69423452e-04
   3.47193401e+02  -1.67766135e-04
   3.47193890e+02  -2.34050764e-04
   3.47194378e+02  -5.70378557e-04
   3.47194866e+02  -3.66682827e-04
   3.47195354e+02   1.45843631e-04
   3.47195843e+02   7.67182268e-04
   3.47196331e+02   8.61103123e-04
   3.47196819e+02   1.82059666e-04
   3.47197308e+02  -3.56281962e-04
   3.47197796e+02  -3.57818819e-04
   3.47198284e+02  -5.45468502e-05
   3.47198773e+02   7.92611318e-05
   3.47199261e+02   5.17510807e-06
   3.47199749e+02  -1.66795027e-04
   3.47200238e+02  -2.78061751e-04
   3.47200726e+02  -3.31345800e-04
   3.47201214e+02  -4.17778356e-04
   3.47201702e+02   3.12907787e-06
   3.47202191e+02   3.39681370e-04
   3.47202679e+02   3.26282665e-04
   3.47203167e+02   5.18894813e-04
   3.47203656e+02   7.57803093e-04
   3.47204144e+02   6.46591827e-04
   3.47204632e+02   2.22122195e-04
   3.47205121e+02  -2.60646862e-04
   3.47205609e+02  -4.18579904e-04
   3.47206097e+02  -1.97974601e-04
   3.47206586e+02   3.12291995e-05
   3.47207074e+02  -2.43844443e-06
   3.47207562e+02  -1.17609125e-04
   3.47208050e+02  -2.38406792e-04
   3.47208539e+02  -3.59033511e-05
   3.47209027e+02   2.49189383e-04
   3.47209515e+02   2.83493166e-04
   3.47210004e+02   1.11185538e-04
   3.47210492e+02  -3.13970348e-04
   3.47210980e+02  -6.14762655e-04
   3.47211469e+02  -5.66598319e-04
   3.47211957e+02  -7.74508735e-05
   3.47212445e+02   2.98592786e-04
   3.47212934e+02  -5.72570752e-05
   3.47213422e+02  -1.79843541e-04
   3.47213910e+02  -4.68497165e-05
   3.47214398e+02  -3.32628260e-04
   3.47214887e+02  -4.07079380e-04
   3.47215375e+02  -2.87011731e-04
   3.47215863e+02  -2.07321442e-04
   3.47216352e+02  -2.87502306e-04
   3.47216840e+02  -6.26357214e-04
   3.47217328e+02  -7.33157212e-04
   3.47217817e+02  -5.80445514e-04
   3.47218305e+02  -4.61666088e-04
   3.47218793e+02  -4.80873045e-04
   3.47219282e+02  -3.72543174e-04
   3.47219770e+02   1.93205604e-04
   3.47220258e+02   4.68850951e-04
   3.47220746e+02   2.79582600e-04
   3.47221235e+02   1.31516499e-04
   3.47221723e+02  -5.53835416e-05
   3.47222211e+02  -3.00822314e-04
   3.47222700e+02  -5.84365393e-04
   3.47223188e+02  -5.36065549e-04
   3.47223676e+02   8.15278472e-05
   3.47224165e+02   4.85050026e-04
   3.47224653e+02   2.27836194e-04
   3.47225141e+02   1.13138143e-04
   3.47225630e+02   3.57124867e-04
   3.47226118e+02  -9.02614465e-06
   3.47226606e+02  -4.91943501e-04
   3.47227095e+02  -2.06412777e-04
   3.47227583e+02  -3.24354856e-04
   3.47228071e+02  -3.08464892e-04
   3.47228559e+02  -1.46103732e-04
   3.47229048e+02  -1.85667202e-04
   3.47229536e+02  -2.49478151e-04
   3.47230024e+02  -1.71564170e-04
   3.47230513e+02   8.11516948e-05
   3.47231001e+02   1.54976951e-05
   3.47231489e+02   4.47025150e-06
   3.47231978e+02   4.03115118e-04
   3.47232466e+02   1.59227435e-04
   3.47232954e+02  -1.86001038e-04
   3.47233443e+02   6.48949499e-05
   3.47233931e+02   8.63715031e-05
   3.47234419e+02   2.88042240e-04
   3.47234907e+02   3.76712997e-04
   3.47235396e+02  -1.89418206e-04
   3.47235884e+02  -3.74967785e-04
   3.47236372e+02  -2.21983079e-04
   3.47236861e+02  -3.10637231e-04
   3.47237349e+02  -4.85154014e-04
   3.47237837e+02  -4.91980463e-04
   3.47238326e+02  -2.14713946e-04
   3.47238814e+02   9.59969839e-05
   3.47239302e+02   1.38133313e-04
   3.47239791e+02  -1.30919783e-04
   3.47240279e+02  -2.88355048e-04
   3.47240767e+02  -1.14517488e-05
   3.47241255e+02   7.67557867e-05
   3.47241744e+02  -1.15828816e-05
   3.47242232e+02   5.09422098e-05
   3.47242720e+02   1.67647377e-04
   3.47243209e+02   3.02071363e-04
   3.47243697e+02   2.13972904e-04
   3.47244185e+02   2.24985397e-05
   3.47244674e+02   1.64979370e-04
   3.47245162e+02   4.29081374e-05
   3.47245650e+02  -4.02704987e-04
   3.47246139e+02  -3.53086798e-04
   3.47246627e+02   8.23185619e-05
   3.47247115e+02   2.10760045e-04
   3.47247603e+02   2.45229196e-04
   3.47248092e+02   5.22945600e-04
   3.47248580e+02   5.85775706e-04
   3.47249068e+02   1.42534802e-04
   3.47249557e+02  -1.00524805e-04
   3.47250045e+02   2.12256389e-04
   3.47250533e+02   5.45376271e-04
   3.47251022e+02   4.75292734e-04
   3.47251510e+02   7.49813216e-06
   3.47251998e+02  -2.26209828e-04
   3.47252487e+02  -3.13415541e-04
   3.47252975e+02  -5.65495982e-04
   3.47253463e+02  -5.20494301e-04
   3.47253951e+02  -2.95637437e-04
   3.47254440e+02  -7.12399851e-05
   3.47254928e+02   1.52995519e-04
   3.47255416e+02   3.24079774e-05
   3.47255905e+02  -2.94491270e-04
   3.47256393e+02  -3.48710862e-04
   3.47256881e+02  -3.62014456e-04
   3.47257370e+02  -4.56156762e-04
   3.47257858e+02  -7.63474556e-04
   3.47258346e+02  -1.01222866e-03
   3.47258835e+02  -7.02493708e-04
   3.47259323e+02  -3.50952796e-05
   3.47259811e+02   3.56540782e-04
   3.47260299e+02   2.78158230e-04
   3.47260788e+02   3.70403141e-04
   3.47261276e+02   4.88415302e-04
   3.47261764e+02   1.34644870e-04
   3.47262253e+02  -2.75983184e-04
   3.47262741e+02  -2.24116360e-04
   3.47263229e+02   1.56214141e-04
   3.47263718e+02   3.88808083e-04
   3.47264206e+02   4.38748859e-04
   3.47264694e+02   1.19652737e-04
   3.47265183e+02  -1.71019274e-04
   3.47265671e+02   1.32883040e-04
   3.47266159e+02   4.97671659e-04
   3.47266648e+02   6.44443033e-04
   3.47267136e+02   4.00032295e-04
   3.47267624e+02  -2.85327144e-04
   3.47268112e+02  -8.14898929e-04
   3.47268601e+02  -9.05027089e-04
   3.47269089e+02  -9.69917397e-04
   3.47269577e+02  -8.37234431e-04
   3.47270066e+02  -3.45827080e-04
   3.47270554e+02   3.65851265e-05
   3.47271042e+02   9.52109331e-05
   3.47271531e+02  -2.71105266e-04
   3.47272019e+02  -5.73501806e-04
   3.47272507e+02  -3.13156634e-04
   3.47272996e+02   8.22652946e-05
   3.47273484e+02  -1.05493173e-05
   3.47273972e+02  -4.69296850e-04
   3.47274460e+02  -8.03802512e-04
   3.47274949e+02  -6.81630627e-04
   3.47275437e+02  -5.33052080e-04
   3.47275925e+02  -3.00929358e-04
   3.47276414e+02  -9.13987242e-05
   3.47276902e+02  -9.21741739e-05
   3.47277390e+02   1.88961130e-04
   3.47277879e+02   5.58834116e-04
   3.47278367e+02   6.21044484e-04
   3.47278855e+02   5.43538830e-04
   3.47279344e+02   4.58344817e-04
   3.47279832e+02   3.08000948e-04
   3.47280320e+02   4.33236237e-05
   3.47280808e+02  -8.91824529e-05
   3.47281297e+02   1.11602065e-04
   3.47281785e+02   1.40947901e-04
   3.47282273e+02  -2.80617940e-04
   3.47282762e+02  -4.69870371e-04
   3.47283250e+02  -5.38346831e-05
   3.47283738e+02   1.41447556e-04
   3.47284227e+02  -1.46907842e-04
   3.47284715e+02  -4.59776289e-04
   3.47285203e+02  -3.86752770e-04
   3.47285692e+02  -1.83106211e-04
   3.47286180e+02   2.78443156e-04
   3.47286668e+02   3.43593216e-04
   3.47287156e+02  -1.11382316e-04
   3.47287645e+02  -2.99750973e-04
   3.47288133e+02  -1.47735525e-04
   3.47288621e+02   6.44361571e-05
   3.47289110e+02   2.39098779e-04
   3.47289598e+02  -4.65269259e-05
   3.47290086e+02  -7.99575864e-05
   3.47290575e+02   1.91550018e-04
   3.47291063e+02   1.91958316e-05
   3.47291551e+02  -2.13996842e-04
   3.47292040e+02  -1.47421946e-04
   3.47292528e+02   1.06592961e-04
   3.47293016e+02  -1.98992802e-05
   3.47293504e+02  -3.06550035e-04
   3.47293993e+02  -4.77106718e-04
   3.47294481e+02  -8.62713379e-04
   3.47294969e+02  -7.51308689e-04
   3.47295458e+02  -8.63156602e-05
   3.47295946e+02   2.08403173e-04
   3.47296434e+02  -7.74527143e-05
   3.47296923e+02  -3.73828429e-04
   3.47297411e+02  -9.73897768e-05
   3.47297899e+02   3.35767603e-04
   3.47298388e+02   3.04484885e-04
   3.47298876e+02  -1.42132685e-05
   3.47299364e+02  -1.77625290e-04
   3.47299852e+02  -4.29705688e-05
   3.47300341e+02   1.28489992e-04
   3.47300829e+02  -8.75222686e-05
   3.47301317e+02  -1.20728560e-04
   3.47301806e+02   3.04538786e-04
   3.47302294e+02   2.77542917e-04
   3.47302782e+02   1.25020189e-04
   3.47303271e+02   1.61123986e-04
   3.47303759e+02   1.07913365e-05
   3.47304247e+02  -7.38226663e-05
   3.47304736e+02  -7.62239824e-06
   3.47305224e+02  -2.44956231e-04
   3.47305712e+02  -5.42604306e-04
   3.47306201e+02  -4.48603736e-04
   3.47306689e+02  -3.93582341e-05
   3.47307177e+02   4.18262935e-04
   3.47307665e+02   5.62951493e-04
   3.47308154e+02   3.55743599e-04
   3.47308642e+02   1.23657985e-04
   3.47309130e+02   3.42639069e-05
   3.47309619e+02   1.01116457e-04
   3.47310107e+02   4.69887891e-05
   3.47310595e+02   7.21937831e-05
   3.47311084e+02   1.21752113e-04
   3.47311572e+02  -9.06198838e-05
   3.47312060e+02  -1.35512135e-04
   3.47312549e+02   5.31026271e-05
   3.47313037e+02   2.85388320e-04
   3.47313525e+02   2.61415786e-04
   3.47314013e+02  -3.21383923e-05
   3.47314502e+02  -8.10466445e-05
   3.47314990e+02  -1.33870481e-05
   3.47315478e+02   1.17325253e-04
   3.47315967e+02   8.90834199e-05
   3.47316455e+02  -7.16256909e-05
   3.47316943e+02   3.60605577e-06
   3.47317432e+02   1.17177115e-04
   3.47317920e+02   5.12124854e-04
   3.47318408e+02   8.85762915e-04
   3.47318897e+02   6.80358731e-04
   3.47319385e+02   3.68011999e-04
   3.47319873e+02   2.46111013e-04
   3.47320361e+02   4.54269670e-04
   3.47320850e+02   6.33136369e-04
   3.47321338e+02   1.49174753e-04
   3.47321826e+02  -4.31335910e-04
   3.47322315e+02  -3.38584941e-04
   3.47322803e+02  -3.27645976e-05
   3.47323291e+02   2.14510685e-04
   3.47323780e+02   2.60724220e-04
   3.47324268e+02  -1.54009293e-04
   3.47324756e+02  -6.07376511e-04
   3.47325245e+02  -7.24984275e-04
   3.47325733e+02  -5.58985106e-04
   3.47326221e+02  -6.53669485e-05
   3.47326709e+02   3.53677489e-04
   3.47327198e+02   2.68196163e-04
   3.47327686e+02   6.25274843e-05
   3.47328174e+02   2.56753934e-04
   3.47328663e+02   3.87208856e-04
   3.47329151e+02   6.11397190e-05
   3.47329639e+02  -2.75727914e-04
   3.47330128e+02  -1.66395010e-04
   3.47330616e+02  -7.46344958e-05
   3.47331104e+02  -2.82174558e-04
   3.47331593e+02  -3.17614787e-04
   3.47332081e+02  -2.32505423e-04
   3.47332569e+02   1.67741782e-05
   3.47333057e+02   3.78498487e-04
   3.47333546e+02   3.03311768e-04
   3.47334034e+02   5.11872058e-04
   3.47334522e+02   8.56140396e-04
   3.47335011e+02   6.04345638e-04
   3.47335499e+02   1.82580450e-04
   3.47335987e+02   3.01965174e-05
   3.47336476e+02   3.09885305e-04
   3.47336964e+02   3.86714528e-04
   3.47337452e+02  -1.27686144e-04
   3.47337941e+02  -4.44317702e-04
   3.47338429e+02  -3.45264183e-04
   3.47338917e+02  -1.57515329e-04
   3.47339405e+02  -1.11838002e-04
   3.47339894e+02   4.42786186e-05
   3.47340382e+02   2.07831617e-04
   3.47340870e+02   1.58154959e-04
   3.47341359e+02   3.27435409e-05
   3.47341847e+02  -1.50224951e-04
   3.47342335e+02  -3.09796684e-04
   3.47342824e+02  -1.50858861e-04
   3.47343312e+02   2.34897379e-04
   3.47343800e+02   4.91669867e-04
   3.47344289e+02   2.58479733e-04
   3.47344777e+02  -1.88432663e-04
   3.47345265e+02  -3.72941839e-04
   3.47345754e+02  -6.06173562e-05
   3.47346242e+02   2.84942274e-04
   3.47346730e+02   2.28100238e-04
   3.47347218e+02  -5.68363648e-05
   3.47347707e+02  -3.72429524e-04
   3.47348195e+02  -3.37832316e-04
   3.47348683e+02   1.50998909e-04
   3.47349172e+02   3.02690256e-04
   3.47349660e+02  -1.21446967e-04
   3.47350148e+02  -2.49058998e-04
   3.47350637e+02  -8.13782535e-05
   3.47351125e+02   6.99219599e-05
   3.47351613e+02  -1.95307530e-05
   3.47352102e+02  -3.20729887e-04
   3.47352590e+02  -5.36364794e-04
   3.47353078e+02  -5.72889228e-04
   3.47353566e+02  -1.68082071e-04
   3.47354055e+02   1.34879476e-04
   3.47354543e+02  -2.42680864e-04
   3.47355031e+02  -5.34432009e-04
   3.47355520e+02  -5.95224148e-04
   3.47356008e+02  -3.39571852e-04
   3.47356496e+02   3.41193314e-04
   3.47356985e+02   5.49794931e-04
   3.47357473e+02   2.95493315e-04
   3.47357961e+02   1.99003698e-04
   3.47358450e+02   2.17312088e-04
   3.47358938e+02   2.64453614e-04
   3.47359426e+02   4.89904487e-04
   3.47359914e+02   3.74230149e-04
   3.47360403e+02  -2.40801004e-04
   3.47360891e+02  -6.97593438e-04
   3.47361379e+02  -7.83496187e-04
   3.47361868e+02  -3.87203356e-04
   3.47362356e+02   1.63164848e-04
   3.47362844e+02   2.16141911e-04
   3.47363333e+02   1.10724504e-04
   3.47363821e+02   1.33042151e-04
   3.47364309e+02   2.12557614e-04
   3.47364798e+02   6.29527494e-05
   3.47365286e+02  -3.24602646e-04
   3.47365774e+02  -3.66529537e-04
   3.47366262e+02  -1.95985122e-04
   3.47366751e+02  -6.58638019e-05
   3.47367239e+02  -2.97322054e-04
   3.47367727e+02  -5.34793886e-04
   3.47368216e+02  -5.58391388e-04
   3.47368704e+02  -7.19425152e-04
   3.47369192e+02  -8.95316538e-04
   3.47369681e+02  -6.41657796e-04
   3.47370169e+02  -4.86185236e-05
   3.47370657e+02   4.15865652e-04
   3.47371146e+02   3.63735919e-04
   3.47371634e+02  -2.57074396e-04
   3.47372122e+02  -3.39347956e-04
   3.47372610e+02   3.00981512e-04
   3.47373099e+02   6.68231456e-04
   3.47373587e+02   6.97244832e-04
   3.47374075e+02   1.74132030e-04
   3.47374564e+02  -1.95725224e-04
   3.47375052e+02   2.35309300e-04
   3.47375540e+02   6.03804074e-04
   3.47376029e+02   8.55929742e-04
   3.47376517e+02   7.63903721e-04
   3.47377005e+02   2.61980167e-04
   3.47377494e+02   1.52319612e-04
   3.47377982e+02   1.75042151e-04
   3.47378470e+02  -1.35756054e-04
   3.47378958e+02  -2.39969551e-04
   3.47379447e+02   2.73783196e-04
   3.47379935e+02   8.28805671e-04
   3.47380423e+02   7.51126092e-04
   3.47380912e+02   7.43211785e-05
   3.47381400e+02  -8.35258616e-05
   3.47381888e+02   4.16142488e-04
   3.47382377e+02   5.71160228e-04
   3.47382865e+02   1.12254493e-05
   3.47383353e+02  -4.06195322e-04
   3.47383842e+02  -2.51304416e-04
   3.47384330e+02  -3.90876317e-04
   3.47384818e+02  -5.33156679e-04
   3.47385307e+02  -7.37849768e-05
   3.47385795e+02   1.23793463e-04
   3.47386283e+02  -1.74771078e-04
   3.47386771e+02  -3.33067175e-04
   3.47387260e+02   4.98583904e-05
   3.47387748e+02   3.01742315e-04
   3.47388236e+02  -1.89368162e-04
   3.47388725e+02  -4.18266427e-04
   3.47389213e+02  -1.77203081e-04
   3.47389701e+02  -5.24404895e-05
   3.47390190e+02   1.66468017e-04
   3.47390678e+02   4.47524159e-04
   3.47391166e+02   5.10213722e-04
   3.47391655e+02   3.57143406e-04
   3.47392143e+02   3.70252586e-04
   3.47392631e+02   6.10832125e-04
   3.47393119e+02   7.58623763e-04
   3.47393608e+02   7.79598951e-04
   3.47394096e+02   5.67543902e-04
   3.47394584e+02  -9.05899069e-05
   3.47395073e+02  -5.35487896e-04
   3.47395561e+02  -2.22740651e-04
   3.47396049e+02   2.72507750e-04
   3.47396538e+02   3.64085659e-04
   3.47397026e+02   2.02825337e-04
   3.47397514e+02   2.60929053e-04
   3.47398003e+02   3.82624217e-04
   3.47398491e+02   3.39385471e-04
   3.47398979e+02   7.09236119e-05
   3.47399467e+02  -2.22256524e-04
   3.47399956e+02  -3.17414000e-04
   3.47400444e+02  -2.74188875e-04
   3.47400932e+02  -1.12552625e-04
   3.47401421e+02  -7.78680842e-05
   3.47401909e+02  -2.37904591e-04
   3.47402397e+02  -5.78477455e-04
   3.47402886e+02  -8.48733995e-04
   3.47403374e+02  -4.52459411e-04
   3.47403862e+02  -7.27613398e-04
   3.47404351e+02  -6.80018216e-04
   3.47404839e+02  -4.52909648e-04
   3.47405327e+02  -1.56170761e-04
   3.47405815e+02  -3.28326823e-05
   3.47406304e+02  -3.85518128e-04
   3.47406792e+02  -1.92168023e-04
   3.47407280e+02   2.15408159e-04
   3.47407769e+02   1.74761619e-04
   3.47408257e+02   5.95577221e-05
   3.47408745e+02   1.19272245e-05
   3.47409234e+02   1.93684595e-04
   3.47409722e+02   1.41595578e-04
   3.47410210e+02  -1.29479900e-04
   3.47410699e+02  -1.81444266e-04
   3.47411187e+02  -2.82617202e-05
   3.47411675e+02   1.35388953e-04
   3.47412163e+02   2.58669519e-04
   3.47412652e+02   1.67517588e-04
   3.47413140e+02  -1.29479769e-04
   3.47413628e+02  -7.65796940e-05
   3.47414117e+02   2.53768725e-04
   3.47414605e+02   3.09852359e-04
   3.47415093e+02   1.16040275e-04
   3.47415582e+02  -1.84497156e-04
   3.47416070e+02  -2.65911483e-04
   3.47416558e+02  -2.32404374e-04
   3.47417047e+02  -4.74226399e-04
   3.47417535e+02  -5.65057038e-04
   3.47418023e+02  -2.39115092e-04
   3.47418511e+02   3.87184846e-05
   3.47419000e+02  -8.73308745e-05
   3.47419488e+02  -1.23335667e-05
   3.47419976e+02   3.80020385e-04
   3.47420465e+02   2.62548769e-04
   3.47420953e+02   1.06262669e-04
   3.47421441e+02   4.39074822e-04
   3.47421930e+02   4.51699714e-04
   3.47422418e+02  -6.68093926e-05
   3.47422906e+02  -7.52691412e-04
   3.47423395e+02  -1.05166109e-03
   3.47423883e+02  -7.46318314e-04
   3.47424371e+02  -2.34739215e-04
   3.47424860e+02   3.87660868e-04
   3.47425348e+02   3.44025000e-04
   3.47425836e+02  -9.08124057e-05
   3.47426324e+02  -1.19441220e-05
   3.47426813e+02   1.73781518e-04
   3.47427301e+02   6.88931206e-04
   3.47427789e+02   1.21599529e-03
   3.47428278e+02   8.73060606e-04
   3.47428766e+02   4.20176279e-04
   3.47429254e+02   2.10035068e-04
   3.47429743e+02   3.84281120e-05
   3.47430231e+02   3.48475063e-04
   3.47430719e+02   6.19770377e-04
   3.47431208e+02   4.52374981e-04
   3.47431696e+02   1.46720646e-04
   3.47432184e+02   2.30551686e-05
   3.47432672e+02   3.60356353e-04
   3.47433161e+02   5.80256048e-04
   3.47433649e+02   2.39293731e-04
   3.47434137e+02  -2.13687599e-04
   3.47434626e+02  -3.35757650e-04
   3.47435114e+02  -2.56689149e-04
   3.47435602e+02  -5.27640586e-05
   3.47436091e+02   2.53037666e-04
   3.47436579e+02   3.00702086e-04
   3.47437067e+02  -7.01110112e-05
   3.47437556e+02  -4.23896447e-04
   3.47438044e+02  -3.66569351e-04
   3.47438532e+02  -1.42570207e-04
   3.47439020e+02  -3.14084085e-04
   3.47439509e+02  -4.53418295e-04
   3.47439997e+02  -8.92495882e-05
   3.47440485e+02   2.94271973e-04
   3.47440974e+02   2.10969825e-04
   3.47441462e+02  -1.10677565e-05
   3.47441950e+02  -1.47702944e-04
   3.47442439e+02  -7.79405236e-05
   3.47442927e+02   2.59471155e-04
   3.47443415e+02   1.96479494e-04
   3.47443904e+02  -5.26758377e-05
   3.47444392e+02  -1.68800223e-04
   3.47444880e+02  -4.28970787e-04
   3.47445368e+02  -4.12173424e-04
   3.47445857e+02  -8.73496610e-05
   3.47446345e+02   2.07171674e-04
   3.47446833e+02   5.89981464e-05
   3.47447322e+02  -3.32602533e-04
   3.47447810e+02  -2.97597027e-04
   3.47448298e+02  -2.28502904e-04
   3.47448787e+02  -3.75397096e-04
   3.47449275e+02  -4.27053776e-04
   3.47449763e+02  -5.52554266e-04
   3.47450252e+02  -5.10691956e-04
   3.47450740e+02  -1.90239196e-04
   3.47451228e+02  -3.11255921e-04
   3.47451716e+02  -2.34906969e-04
   3.47452205e+02   4.21921432e-04
   3.47452693e+02   6.56489341e-04
   3.47453181e+02   7.31619657e-04
   3.47453670e+02   6.70003938e-04
   3.47454158e+02  -6.82030850e-06
   3.47454646e+02  -4.21184552e-04
   3.47455135e+02  -7.47973172e-05
   3.47455623e+02  -4.34740796e-05
   3.47456111e+02  -6.53399969e-04
   3.47456600e+02  -6.96897332e-04
   3.47457088e+02  -2.20856818e-04
   3.47457576e+02  -1.47478349e-04
   3.47458064e+02  -3.53525829e-04
   3.47458553e+02  -4.91101528e-04
   3.47459041e+02  -5.99519291e-04
   3.47459529e+02  -3.08329822e-04
   3.47460018e+02   5.38603752e-04
   3.47460506e+02   8.83904053e-04
   3.47460994e+02   5.08095487e-04
   3.47461483e+02  -1.14358299e-04
   3.47461971e+02  -6.73539820e-04
   3.47462459e+02  -5.58854139e-04
   3.47462948e+02  -2.74475984e-04
   3.47463436e+02  -1.99529153e-04
   3.47463924e+02  -4.08896158e-05
   3.47464413e+02   4.07255720e-05
   3.47464901e+02  -1.84352044e-04
   3.47465389e+02  -2.43047514e-04
   3.47465877e+02   4.15080613e-05
   3.47466366e+02  -1.25058505e-04
   3.47466854e+02  -6.82094891e-04
   3.47467342e+02  -5.25859126e-04
   3.47467831e+02   3.41537991e-04
   3.47468319e+02   6.60894031e-04
   3.47468807e+02   5.15886873e-04
   3.47469296e+02   3.94858595e-04
   3.47469784e+02   1.95557208e-04
   3.47470272e+02   7.18662268e-05
   3.47470761e+02  -2.08579440e-05
   3.47471249e+02  -1.56723545e-04
   3.47471737e+02  -2.56220170e-04
   3.47472225e+02  -4.58310707e-04
   3.47472714e+02  -7.35209207e-04
   3.47473202e+02  -5.41966874e-04
   3.47473690e+02  -3.78233381e-04
   3.47474179e+02  -5.83802932e-04
   3.47474667e+02  -3.45700741e-04
   3.47475155e+02   1.72826141e-04
   3.47475644e+02   2.89817312e-04
   3.47476132e+02   3.25315952e-04
   3.47476620e+02   5.94279787e-04
   3.47477109e+02   7.21334363e-04
   3.47477597e+02   5.39896369e-04
   3.47478085e+02   3.07204173e-04
   3.47478573e+02  -1.78208124e-04
   3.47479062e+02  -7.60277500e-04
   3.47479550e+02  -7.15140428e-04
   3.47480038e+02  -2.91081582e-04
   3.47480527e+02   2.63036491e-04
   3.47481015e+02   5.21925045e-04
   3.47481503e+02   3.09117080e-04
   3.47481992e+02   7.95257874e-05
   3.47482480e+02  -7.16189170e-05
   3.47482968e+02   1.79143812e-04
   3.47483457e+02   6.50224800e-04
   3.47483945e+02   4.85148077e-04
   3.47484433e+02  -2.36856940e-04
   3.47484921e+02  -6.12327887e-04
   3.47485410e+02  -5.22165385e-04
   3.47485898e+02  -1.22161262e-04
   3.47486386e+02   1.02349572e-04
   3.47486875e+02  -3.20493127e-05
   3.47487363e+02  -2.90668813e-05
   3.47487851e+02  -3.70111557e-05
   3.47488340e+02  -6.32893934e-05
   3.47488828e+02  -1.31238863e-04
   3.47489316e+02  -3.49338894e-04
   3.47489805e+02  -1.24593658e-04
   3.47490293e+02   8.69387077e-05
   3.47490781e+02  -4.01217840e-05
   3.47491269e+02   1.36656439e-04
   3.47491758e+02   1.70057800e-04
   3.47492246e+02   1.16714938e-04
   3.47492734e+02   3.47847788e-04
   3.47493223e+02   3.30586889e-04
   3.47493711e+02   2.47350137e-04
   3.47494199e+02   2.30236867e-04
   3.47494688e+02   1.96832098e-05
   3.47495176e+02   1.46605904e-04
   3.47495664e+02   6.54776290e-04
   3.47496153e+02   6.76465104e-04
   3.47496641e+02   1.69743318e-04
   3.47497129e+02  -3.10838950e-04
   3.47497617e+02  -3.67971021e-04
   3.47498106e+02  -2.04365759e-04
   3.47498594e+02  -2.08111946e-04
   3.47499082e+02  -2.88819312e-04
   3.47499571e+02  -5.26309654e-04
   3.47500059e+02  -2.14164116e-04
   3.47500547e+02   3.15455603e-04
   3.47501036e+02   1.46726627e-04
   3.47501524e+02  -7.34527521e-06
   3.47502012e+02  -2.94812776e-06
   3.47502501e+02  -1.74705783e-04
   3.47502989e+02  -4.96196189e-05
   3.47503477e+02   2.65721639e-04
   3.47503966e+02   1.37844560e-04
   3.47504454e+02  -8.16445172e-05
   3.47504942e+02   9.91515044e-05
   3.47505430e+02   2.65238486e-04
   3.47505919e+02   1.01945327e-04
   3.47506407e+02   1.00899866e-04
   3.47506895e+02   3.10856121e-04
   3.47507384e+02   2.64828093e-04
   3.47507872e+02   1.10528068e-04
   3.47508360e+02   1.98296169e-04
   3.47508849e+02   3.90605681e-04
   3.47509337e+02   3.67387285e-04
   3.47509825e+02   4.31778084e-04
   3.47510314e+02   5.81000349e-04
   3.47510802e+02   5.23699273e-04
   3.47511290e+02   2.96900340e-04
   3.47511778e+02  -2.67386240e-05
   3.47512267e+02  -1.41840137e-04
   3.47512755e+02   8.90860174e-05
   3.47513243e+02   3.65866377e-04
   3.47513732e+02   4.71212319e-04
   3.47514220e+02   1.08219188e-04
   3.47514708e+02  -3.94038972e-04
   3.47515197e+02  -6.75320509e-04
   3.47515685e+02  -8.38794746e-04
   3.47516173e+02  -5.27130847e-04
   3.47516662e+02  -1.60424432e-04
   3.47517150e+02  -4.60169140e-05
   3.47517638e+02   3.91190406e-05
   3.47518126e+02  -1.25905630e-04
   3.47518615e+02  -4.01222118e-04
   3.47519103e+02  -1.87755431e-04
   3.47519591e+02   3.90375208e-04
   3.47520080e+02   8.91480653e-04
   3.47520568e+02   9.93519439e-04
   3.47521056e+02   5.91449032e-04
   3.47521545e+02   3.18954494e-06
   3.47522033e+02  -2.04602155e-04
   3.47522521e+02  -3.22036911e-04
   3.47523010e+02  -5.06992801e-04
   3.47523498e+02  -3.97659693e-04
   3.47523986e+02  -9.15746205e-05
   3.47524474e+02   2.01734016e-04
   3.47524963e+02   8.20818095e-05
   3.47525451e+02  -2.08691956e-04
   3.47525939e+02  -4.17496864e-04
   3.47526428e+02  -5.94800222e-04
   3.47526916e+02  -3.60916718e-04
   3.47527404e+02  -2.53402395e-04
   3.47527893e+02  -4.22483601e-04
   3.47528381e+02  -2.53553124e-04
   3.47528869e+02   4.12462468e-05
   3.47529358e+02   2.00843759e-04
   3.47529846e+02   2.04147087e-04
   3.47530334e+02  -3.75440795e-05
   3.47530822e+02  -3.52164498e-04
   3.47531311e+02  -3.61396378e-04
   3.47531799e+02  -2.52607308e-04
   3.47532287e+02  -3.99987446e-04
   3.47532776e+02  -5.91898512e-04
   3.47533264e+02  -4.07067098e-04
   3.47533752e+02   1.81830212e-04
   3.47534241e+02   1.82776494e-04
   3.47534729e+02  -8.01013957e-05
   3.47535217e+02   1.84447752e-04
   3.47535706e+02   9.64065548e-05
   3.47536194e+02  -1.07527179e-04
   3.47536682e+02   2.96473998e-04
   3.47537170e+02   1.69212377e-04
   3.47537659e+02  -1.32532572e-04
   3.47538147e+02   6.50307675e-06
   3.47538635e+02  -2.54483311e-04
   3.47539124e+02  -5.18370827e-04
   3.47539612e+02  -3.64436710e-04
   3.47540100e+02  -1.05443185e-04
   3.47540589e+02   6.31704170e-05
   3.47541077e+02   3.61613289e-04
   3.47541565e+02   4.44363715e-04
   3.47542054e+02   3.38903366e-04
   3.47542542e+02   1.78923132e-04
   3.47543030e+02  -7.58988244e-05
   3.47543519e+02   7.61969713e-05
   3.47544007e+02   4.04956256e-04
   3.47544495e+02   8.61150853e-04
   3.47544983e+02   1.42674847e-03
   3.47545472e+02   1.21310167e-03
   3.47545960e+02   3.27802787e-04
   3.47546448e+02  -2.64266826e-04
   3.47546937e+02  -4.11013782e-04
   3.47547425e+02  -3.68880050e-04
   3.47547913e+02  -3.01945518e-04
   3.47548402e+02  -4.59438830e-04
   3.47548890e+02  -5.71308541e-04
   3.47549378e+02  -4.71303094e-04
   3.47549867e+02  -4.66654223e-04
   3.47550355e+02  -2.30135702e-04
   3.47550843e+02  -1.47689352e-04
   3.47551331e+02  -4.74324945e-04
   3.47551820e+02  -2.49679724e-04
   3.47552308e+02   1.34337664e-04
   3.47552796e+02   8.40900684e-05
   3.47553285e+02  -7.40612904e-06
   3.47553773e+02  -1.74605520e-04
   3.47554261e+02  -5.32363738e-05
   3.47554750e+02   2.44832889e-04
   3.47555238e+02   1.98140711e-04
   3.47555726e+02   6.94360133e-05
   3.47556215e+02  -1.44375110e-04
   3.47556703e+02  -3.10628471e-04
   3.47557191e+02  -1.55713875e-04
   3.47557679e+02  -5.00296883e-05
   3.47558168e+02  -3.20910738e-04
   3.47558656e+02  -5.20518573e-04
   3.47559144e+02  -4.14123642e-04
   3.47559633e+02  -2.41796282e-04
   3.47560121e+02   1.22437545e-04
   3.47560609e+02   3.48280853e-04
   3.47561098e+02   1.49837651e-04
   3.47561586e+02  -2.27798027e-05
   3.47562074e+02   2.43763807e-05
   3.47562563e+02  -1.74613699e-04
   3.47563051e+02  -3.98063625e-04
   3.47563539e+02  -3.64115520e-04
   3.47564027e+02  -1.09492445e-04
   3.47564516e+02  -7.89434780e-05
   3.47565004e+02  -2.64602510e-04
   3.47565492e+02  -1.04533562e-07
   3.47565981e+02   2.19586844e-04
   3.47566469e+02   3.48366157e-04
   3.47566957e+02   4.20890923e-04
   3.47567446e+02   1.99848990e-04
   3.47567934e+02   1.60538038e-04
   3.47568422e+02   1.49622603e-04
   3.47568911e+02  -1.16058960e-04
   3.47569399e+02  -3.98373086e-04
   3.47569887e+02  -5.68878662e-04
   3.47570375e+02  -2.46573531e-04
   3.47570864e+02   2.50353856e-04
   3.47571352e+02   2.62765068e-04
   3.47571840e+02  -7.82899806e-05
   3.47572329e+02  -1.29767490e-04
   3.47572817e+02   1.77465234e-04
   3.47573305e+02   1.18861346e-04
   3.47573794e+02  -2.79855798e-04
   3.47574282e+02  -4.62435302e-04
   3.47574770e+02  -2.58993212e-04
   3.47575259e+02  -9.53471681e-05
   3.47575747e+02  -3.98644683e-04
   3.47576235e+02  -3.63521860e-04
   3.47576723e+02   2.72667879e-04
   3.47577212e+02   5.28517878e-04
   3.47577700e+02   1.65184865e-05
   3.47578188e+02  -2.97119463e-04
   3.47578677e+02  -6.79508594e-05
   3.47579165e+02  -7.37996132e-04
   3.47579653e+02  -7.55043817e-04
   3.47580142e+02  -2.85615562e-04
   3.47580630e+02  -2.83962989e-04
   3.47581118e+02  -1.41379845e-04
   3.47581607e+02   2.26475167e-04
   3.47582095e+02  -3.61382081e-05
   3.47582583e+02  -3.79840640e-04
   3.47583072e+02   3.84177984e-05
   3.47583560e+02   5.92699856e-04
   3.47584048e+02   4.02409991e-04
   3.47584536e+02   1.99331393e-04
   3.47585025e+02   1.29509921e-04
   3.47585513e+02  -1.27300897e-04
   3.47586001e+02  -9.62850681e-05
   3.47586490e+02   2.56585365e-04
   3.47586978e+02   3.29992065e-04
   3.47587466e+02  -1.51407112e-05
   3.47587955e+02  -1.37294192e-04
   3.47588443e+02   2.54473242e-04
   3.47588931e+02   4.26805753e-04
   3.47589420e+02   1.43623722e-04
   3.47589908e+02  -1.05734842e-04
   3.47590396e+02  -2.46106676e-04
   3.47590884e+02  -5.81890927e-05
   3.47591373e+02   2.03661228e-04
   3.47591861e+02  -7.22817131e-05
   3.47592349e+02  -1.11708534e-04
   3.47592838e+02   3.22576292e-04
   3.47593326e+02   2.13875654e-04
   3.47593814e+02  -1.08360609e-05
   3.47594303e+02   1.32756191e-04
   3.47594791e+02   4.70517931e-04
   3.47595279e+02   5.49733406e-04
   3.47595768e+02   3.97758340e-05
   3.47596256e+02  -2.64089613e-04
   3.47596744e+02  -2.87715840e-04
   3.47597232e+02  -3.89483059e-04
   3.47597721e+02  -4.51778906e-04
   3.47598209e+02  -4.39945521e-04
   3.47598697e+02  -2.81726185e-04
   3.47599186e+02   3.47508940e-05
   3.47599674e+02   1.40059623e-04
   3.47600162e+02   7.56466034e-05
   3.47600651e+02  -2.67116611e-05
   3.47601139e+02   2.40738191e-05
   3.47601627e+02   7.98094334e-05
   3.47602116e+02  -1.62961456e-04
   3.47602604e+02  -1.70800908e-04
   3.47603092e+02   3.09527641e-05
   3.47603580e+02  -1.33747826e-05
   3.47604069e+02   9.83250065e-05
   3.47604557e+02   4.32253553e-04
   3.47605045e+02   4.75819135e-04
   3.47605534e+02   3.32276890e-04
   3.47606022e+02   8.69399373e-05
   3.47606510e+02  -1.57029819e-04
   3.47606999e+02   2.50529756e-05
   3.47607487e+02  -2.48621334e-04
   3.47607975e+02  -1.25260733e-03
   3.47608464e+02  -1.23746286e-03
   3.47608952e+02  -3.63709463e-04
   3.47609440e+02  -1.83817683e-04
   3.47609928e+02  -4.20754019e-04
   3.47610417e+02  -4.22057521e-04
   3.47610905e+02   1.70751428e-05
   3.47611393e+02   2.62951973e-04
   3.47611882e+02  -9.86554587e-05
   3.47612370e+02  -1.56024093e-04
   3.47612858e+02   1.66266429e-04
   3.47613347e+02  -1.26666528e-05
   3.47613835e+02  -5.02040028e-04
   3.47614323e+02  -3.35391203e-04
   3.47614812e+02   5.00337883e-05
   3.47615300e+02  -2.29823563e-05
   3.47615788e+02  -1.33072273e-04
   3.47616276e+02  -2.09822683e-04
   3.47616765e+02  -1.82889300e-04
   3.47617253e+02   1.04056242e-04
   3.47617741e+02   4.18009477e-05
   3.47618230e+02  -2.48614582e-04
   3.47618718e+02  -1.25594175e-04
   3.47619206e+02  -2.56844778e-05
   3.47619695e+02  -1.72226122e-04
   3.47620183e+02  -1.72248518e-04
   3.47620671e+02  -1.22403435e-04
   3.47621160e+02   1.55832022e-05
   3.47621648e+02   3.69367714e-04
   3.47622136e+02   3.10308009e-04
   3.47622625e+02  -2.60135392e-04
   3.47623113e+02  -6.02418324e-04
   3.47623601e+02  -4.15131333e-04
   3.47624089e+02  -9.03939726e-05
   3.47624578e+02  -1.97495086e-04
   3.47625066e+02  -1.07130807e-04
   3.47625554e+02   2.86136579e-04
   3.47626043e+02   3.22289998e-04
   3.47626531e+02   2.50682962e-04
   3.47627019e+02   3.27260117e-04
   3.47627508e+02   2.07716905e-04
   3.47627996e+02  -1.71346583e-05
   3.47628484e+02  -3.18094499e-06
   3.47628973e+02   2.22772374e-04
   3.47629461e+02   6.98541917e-05
   3.47629949e+02  -3.08038667e-04
   3.47630437e+02  -6.04388886e-04
   3.47630926e+02  -5.25425654e-04
   3.47631414e+02   1.97441725e-04
   3.47631902e+02   5.71396959e-04
   3.47632391e+02   3.23357468e-04
   3.47632879e+02  -1.30562199e-04
   3.47633367e+02  -4.71891719e-04
   3.47633856e+02  -2.67883966e-04
   3.47634344e+02  -1.35579336e-04
   3.47634832e+02  -2.84463866e-04
   3.47635321e+02   9.30698880e-05
   3.47635809e+02   4.32280969e-04
   3.47636297e+02   2.23560026e-04
   3.47636785e+02   1.67856153e-04
   3.47637274e+02   2.85043585e-04
   3.47637762e+02  -1.07240747e-04
   3.47638250e+02  -2.70184421e-04
   3.47638739e+02   7.53500281e-05
   3.47639227e+02   6.47976063e-04
   3.47639715e+02   4.72821237e-04
   3.47640204e+02  -1.11227273e-04
   3.47640692e+02  -2.02549490e-04
   3.47641180e+02  -3.64699459e-04
   3.47641669e+02  -7.12588080e-04
   3.47642157e+02  -6.01705804e-04
   3.47642645e+02  -1.99480797e-04
   3.47643133e+02  -4.72916669e-04
   3.47643622e+02  -1.11595180e-03
   3.47644110e+02  -8.68510280e-04
   3.47644598e+02  -3.54815536e-04
   3.47645087e+02  -5.50013036e-04
   3.47645575e+02  -6.74352748e-04
   3.47646063e+02  -1.84286357e-04
   3.47646552e+02  -4.53848945e-04
   3.47647040e+02  -1.02679862e-03
   3.47647528e+02  -4.69045684e-04
   3.47648017e+02   1.26210332e-04
   3.47648505e+02   2.17664186e-04
   3.47648993e+02  -3.95462339e-05
   3.47649481e+02  -5.06269047e-04
   3.47649970e+02  -3.80303740e-04
   3.47650458e+02   5.47673008e-05
   3.47650946e+02  -1.83546945e-04
   3.47651435e+02  -4.88907099e-04
   3.47651923e+02  -3.83452534e-05
   3.47652411e+02   3.16147605e-04
   3.47652900e+02  -2.27592063e-05
   3.47653388e+02  -1.28833883e-04
   3.47653876e+02  -7.06957871e-05
   3.47654365e+02  -4.11197921e-04
   3.47654853e+02  -2.42458409e-04
   3.47655341e+02   3.45998676e-04
   3.47655829e+02   3.85594380e-04
   3.47656318e+02  -1.00526850e-04
   3.47656806e+02  -4.01305006e-04
   3.47657294e+02  -2.66398420e-04
   3.47657783e+02  -8.26667456e-05
   3.47658271e+02   7.21058168e-05
   3.47658759e+02   5.23735107e-05
   3.47659248e+02  -1.88472812e-04
   3.47659736e+02  -4.52738786e-05
   3.47660224e+02   1.12857844e-04
   3.47660713e+02  -1.86754361e-04
   3.47661201e+02  -3.06751637e-04
   3.47661689e+02  -1.18409182e-04
   3.47662177e+02  -1.46341394e-04
   3.47662666e+02  -4.48960956e-04
   3.47663154e+02  -6.54301548e-04
   3.47663642e+02  -5.86956681e-04
   3.47664131e+02  -6.86488813e-04
   3.47664619e+02  -5.48518437e-04
   3.47665107e+02   3.21769941e-04
   3.47665596e+02   9.55155410e-04
   3.47666084e+02   6.53489144e-04
   3.47666572e+02   2.89403033e-05
   3.47667061e+02  -5.25647483e-04
   3.47667549e+02  -7.40062213e-04
   3.47668037e+02  -4.97529865e-04
   3.47668526e+02   1.05663014e-04
   3.47669014e+02   5.56408253e-04
   3.47669502e+02   5.00731578e-04
   3.47669990e+02   2.74479797e-04
   3.47670479e+02   6.50939837e-05
   3.47670967e+02   2.69401535e-05
   3.47671455e+02   1.99331000e-04
   3.47671944e+02   7.87042227e-05
   3.47672432e+02  -3.14182471e-05
   3.47672920e+02  -2.36929009e-05
   3.47673409e+02  -1.63331468e-04
   3.47673897e+02  -1.95555316e-04
   3.47674385e+02  -2.22011891e-04
   3.47674874e+02  -5.04180614e-04
   3.47675362e+02  -5.94670069e-04
   3.47675850e+02  -4.26352170e-04
   3.47676338e+02  -2.33622457e-04
   3.47676827e+02   1.20850193e-04
   3.47677315e+02   1.16915588e-04
   3.47677803e+02  -1.48509498e-04
   3.47678292e+02  -1.45986240e-04
   3.47678780e+02   2.05308839e-04
   3.47679268e+02   7.85985321e-04
   3.47679757e+02   9.16835270e-04
   3.47680245e+02   3.98262229e-04
   3.47680733e+02  -1.72219850e-04
   3.47681222e+02  -6.31450734e-04
   3.47681710e+02  -6.96849835e-04
   3.47682198e+02   7.97825705e-05
   3.47682686e+02   4.09840955e-04
   3.47683175e+02   6.59729922e-05
   3.47683663e+02  -5.16462060e-05
   3.47684151e+02  -2.93445628e-04
   3.47684640e+02  -3.75667674e-04
   3.47685128e+02   9.31416507e-05
   3.47685616e+02   4.55091940e-04
   3.47686105e+02   4.86701785e-04
   3.47686593e+02   3.24648368e-04
   3.47687081e+02   4.43404337e-04
   3.47687570e+02   6.41253660e-04
   3.47688058e+02   2.64461240e-04
   3.47688546e+02  -1.17461503e-04
   3.47689034e+02  -2.35886895e-04
   3.47689523e+02  -2.76875857e-04
   3.47690011e+02  -1.73522480e-04
   3.47690499e+02   1.26269486e-04
   3.47690988e+02   9.16738645e-05
   3.47691476e+02   5.64084985e-05
   3.47691964e+02   4.07015701e-04
   3.47692453e+02   4.43129014e-04
   3.47692941e+02   1.91691797e-04
   3.47693429e+02  -1.43151687e-04
   3.47693918e+02  -1.33188412e-04
   3.47694406e+02   4.94070002e-04
   3.47694894e+02   5.04044117e-04
