frequency (GHz), flux (Jy/beam)
   3.57803379e+02   1.66088867e-03
   3.57803867e+02  -1.37732655e-03
   3.57804356e+02   2.69588170e-04
   3.57804844e+02   4.34368337e-03
   3.57805332e+02   3.42446496e-03
   3.57805821e+02  -6.88758504e-04
   3.57806309e+02  -1.12017826e-03
   3.57806797e+02  -5.29166660e-04
   3.57807285e+02  -9.89093562e-04
   3.57807774e+02   2.18104804e-04
   3.57808262e+02   1.98754293e-04
   3.57808750e+02  -1.66066736e-03
   3.57809239e+02  -7.34997302e-05
   3.57809727e+02   3.14947055e-03
   3.57810215e+02   3.32762464e-03
   3.57810704e+02   1.41331158e-03
   3.57811192e+02  -1.76181391e-04
   3.57811680e+02  -9.78568220e-04
   3.57812169e+02  -1.41672161e-03
   3.57812657e+02  -4.98521957e-04
   3.57813145e+02   1.11324445e-03
   3.57813633e+02   2.39071273e-03
   3.57814122e+02   2.30425806e-03
   3.57814610e+02   4.82546980e-04
   3.57815098e+02  -3.12590017e-03
   3.57815587e+02  -4.77326848e-03
   3.57816075e+02  -2.53498717e-03
   3.57816563e+02  -3.66519409e-04
   3.57817052e+02  -1.05601642e-03
   3.57817540e+02  -1.75314303e-03
   3.57818028e+02  -1.26076036e-03
   3.57818517e+02  -5.70070290e-04
   3.57819005e+02  -6.16669204e-05
   3.57819493e+02   2.19146465e-03
   3.57819981e+02   2.34672148e-03
   3.57820470e+02   1.74994697e-04
   3.57820958e+02  -2.05802661e-03
   3.57821446e+02  -3.10421316e-03
   3.57821935e+02  -6.64054241e-04
   3.57822423e+02   2.26051966e-03
   3.57822911e+02   2.35652807e-03
   3.57823400e+02   2.28570076e-03
   3.57823888e+02   2.28224439e-03
   3.57824376e+02   6.62941718e-04
   3.57824865e+02  -9.34545533e-04
   3.57825353e+02  -4.76018002e-04
   3.57825841e+02   8.57924693e-04
   3.57826330e+02   1.84268737e-03
   3.57826818e+02   3.13330279e-03
   3.57827306e+02   1.84012065e-03
   3.57827794e+02  -1.65575743e-03
   3.57828283e+02  -2.07989989e-03
   3.57828771e+02   2.35515786e-03
   3.57829259e+02   4.40253783e-03
   3.57829748e+02   1.18643069e-03
   3.57830236e+02   4.50933323e-04
   3.57830724e+02  -7.30635074e-05
   3.57831213e+02  -8.10704776e-04
   3.57831701e+02   1.75051461e-03
   3.57832189e+02   3.88864940e-03
   3.57832678e+02   3.83036328e-03
   3.57833166e+02   3.39522818e-03
   3.57833654e+02   2.91593932e-03
   3.57834142e+02   1.17562618e-03
   3.57834631e+02  -8.49838310e-04
   3.57835119e+02  -9.91388457e-04
   3.57835607e+02   1.39609550e-03
   3.57836096e+02   3.46340705e-03
   3.57836584e+02   4.21011169e-03
   3.57837072e+02   5.43326046e-03
   3.57837561e+02   4.27718135e-03
   3.57838049e+02   9.92742484e-04
   3.57838537e+02   9.29467031e-04
   3.57839026e+02   6.94237009e-04
   3.57839514e+02  -4.08066344e-03
   3.57840002e+02  -6.35754177e-03
   3.57840490e+02  -4.60585812e-03
   3.57840979e+02  -1.78014184e-03
   3.57841467e+02   6.76437572e-04
   3.57841955e+02   1.64442434e-04
   3.57842444e+02  -6.61856902e-04
   3.57842932e+02   1.72020518e-03
   3.57843420e+02   3.11971386e-03
   3.57843909e+02   2.79216701e-03
   3.57844397e+02   4.11237869e-03
   3.57844885e+02   4.05419897e-03
   3.57845374e+02   1.99533883e-03
   3.57845862e+02   6.28932845e-04
   3.57846350e+02   1.66177354e-03
   3.57846838e+02   1.53708889e-03
   3.57847327e+02  -3.57159064e-04
   3.57847815e+02  -6.85133738e-04
   3.57848303e+02   4.41204211e-05
   3.57848792e+02  -8.69560172e-04
   3.57849280e+02  -2.42853700e-03
   3.57849768e+02  -1.56825222e-03
   3.57850257e+02   2.50542467e-03
   3.57850745e+02   4.27563069e-03
   3.57851233e+02   2.38762179e-04
   3.57851722e+02  -1.90001330e-03
   3.57852210e+02  -2.49182782e-03
   3.57852698e+02  -4.05847281e-03
   3.57853186e+02  -2.98113935e-03
   3.57853675e+02  -1.93132635e-03
   3.57854163e+02  -1.55260414e-03
   3.57854651e+02   3.05389403e-04
   3.57855140e+02   1.05164805e-03
   3.57855628e+02   1.39719748e-03
   3.57856116e+02   1.19263818e-03
   3.57856605e+02   5.03264659e-04
   3.57857093e+02   1.69178436e-03
   3.57857581e+02   1.17987487e-03
   3.57858070e+02  -2.22691777e-03
   3.57858558e+02  -3.86284688e-03
   3.57859046e+02  -2.34476547e-03
   3.57859534e+02   1.02580315e-03
   3.57860023e+02   1.70754443e-03
   3.57860511e+02   1.04376744e-03
   3.57860999e+02   8.16590386e-04
   3.57861488e+02  -4.09091619e-04
   3.57861976e+02   5.56072810e-05
   3.57862464e+02   1.30062352e-03
   3.57862953e+02   8.03639938e-04
   3.57863441e+02   1.56336708e-03
   3.57863929e+02   2.65544211e-03
   3.57864418e+02   9.05842986e-04
   3.57864906e+02  -7.66109501e-04
   3.57865394e+02  -6.57129975e-04
   3.57865883e+02  -1.78671558e-03
   3.57866371e+02  -2.81764683e-03
   3.57866859e+02  -1.17670198e-03
   3.57867347e+02  -6.08289789e-04
   3.57867836e+02  -3.44114006e-03
   3.57868324e+02  -2.83539225e-03
   3.57868812e+02   7.79164548e-04
   3.57869301e+02   2.77039851e-03
   3.57869789e+02   5.23936236e-03
   3.57870277e+02   4.50324453e-03
   3.57870766e+02   2.48929416e-03
   3.57871254e+02   8.05567906e-05
   3.57871742e+02  -3.03740124e-03
   3.57872231e+02  -2.66108639e-03
   3.57872719e+02  -1.00780372e-03
   3.57873207e+02  -5.53796010e-04
   3.57873695e+02  -2.29350431e-03
   3.57874184e+02  -4.30493103e-03
   3.57874672e+02  -2.17244145e-03
   3.57875160e+02   1.90970139e-03
   3.57875649e+02   5.18758874e-03
   3.57876137e+02   5.43268165e-03
   3.57876625e+02   2.22632755e-03
   3.57877114e+02  -2.91258097e-04
   3.57877602e+02  -1.30608014e-03
   3.57878090e+02  -1.65465416e-03
   3.57878579e+02  -5.11177059e-04
   3.57879067e+02   3.66018576e-05
   3.57879555e+02  -5.66026429e-04
   3.57880043e+02  -8.44820577e-04
   3.57880532e+02   1.06222066e-03
   3.57881020e+02   2.29836046e-03
   3.57881508e+02   2.19733431e-03
   3.57881997e+02   1.59988110e-03
   3.57882485e+02   1.42274005e-03
   3.57882973e+02   3.83997918e-04
   3.57883462e+02  -4.72001964e-04
   3.57883950e+02   1.28329522e-03
   3.57884438e+02   1.51183142e-03
   3.57884927e+02  -9.57041164e-04
   3.57885415e+02  -3.93930869e-03
   3.57885903e+02  -5.19311009e-03
   3.57886391e+02  -5.57026360e-03
   3.57886880e+02  -6.06067106e-03
   3.57887368e+02  -3.38308839e-03
   3.57887856e+02   1.35768461e-03
   3.57888345e+02   3.44928401e-03
   3.57888833e+02   1.05955452e-03
   3.57889321e+02  -1.34161266e-03
   3.57889810e+02   2.58060289e-04
   3.57890298e+02   2.14902870e-03
   3.57890786e+02   2.55953171e-03
   3.57891275e+02   3.83228436e-03
   3.57891763e+02   2.51119421e-03
   3.57892251e+02  -1.37270195e-03
   3.57892739e+02  -1.73402729e-03
   3.57893228e+02  -2.70509929e-03
   3.57893716e+02  -7.33715342e-03
   3.57894204e+02  -7.74476305e-03
   3.57894693e+02  -3.02011566e-03
   3.57895181e+02   1.62749966e-05
   3.57895669e+02   2.16953969e-03
   3.57896158e+02   2.65253265e-03
   3.57896646e+02   1.43422117e-03
   3.57897134e+02   1.51865371e-03
   3.57897623e+02   3.15520680e-03
   3.57898111e+02   3.48357623e-03
   3.57898599e+02   1.20158144e-03
   3.57899087e+02  -1.22252188e-03
   3.57899576e+02  -5.83257992e-04
   3.57900064e+02   1.17572758e-03
   3.57900552e+02   1.24960986e-03
   3.57901041e+02   1.10396219e-03
   3.57901529e+02  -4.26625274e-03
   3.57902017e+02  -1.08523238e-02
   3.57902506e+02  -9.11510177e-03
   3.57902994e+02  -1.09813153e-03
   3.57903482e+02   3.70505848e-03
   3.57903971e+02   3.50391376e-03
   3.57904459e+02   3.11041507e-03
   3.57904947e+02   9.05930880e-04
   3.57905436e+02  -1.88070128e-03
   3.57905924e+02  -2.70295219e-04
   3.57906412e+02  -2.86471131e-05
   3.57906900e+02  -1.39583065e-03
   3.57907389e+02   7.47495738e-04
   3.57907877e+02   2.51366245e-03
   3.57908365e+02   1.32435537e-03
   3.57908854e+02   5.67678537e-04
   3.57909342e+02   6.43381383e-04
   3.57909830e+02   1.51832576e-03
   3.57910319e+02   3.07693658e-03
   3.57910807e+02   4.92435973e-03
   3.57911295e+02   3.65265389e-03
   3.57911784e+02   1.48629036e-03
   3.57912272e+02   7.35681097e-04
   3.57912760e+02  -1.22209638e-03
   3.57913248e+02   4.00709338e-04
   3.57913737e+02   2.45739799e-03
   3.57914225e+02   9.58792516e-04
   3.57914713e+02  -3.92081332e-04
   3.57915202e+02  -4.65070689e-03
   3.57915690e+02  -7.26881204e-03
   3.57916178e+02  -3.24168755e-03
   3.57916667e+02  -1.54942018e-03
   3.57917155e+02  -3.76054365e-03
   3.57917643e+02  -2.50442000e-03
   3.57918132e+02   1.97289302e-03
   3.57918620e+02   3.69760743e-03
   3.57919108e+02   3.51615972e-03
   3.57919596e+02   9.98804462e-04
   3.57920085e+02  -3.61499347e-04
   3.57920573e+02   7.56977068e-04
   3.57921061e+02   1.60509371e-03
   3.57921550e+02   1.27086393e-03
   3.57922038e+02  -7.65324279e-04
   3.57922526e+02  -1.54595403e-03
   3.57923015e+02   1.31506415e-03
   3.57923503e+02   3.09655699e-03
   3.57923991e+02   1.37825194e-03
   3.57924480e+02   2.26242992e-04
   3.57924968e+02   5.32318256e-04
   3.57925456e+02   1.32750499e-03
   3.57925944e+02   1.60644623e-03
   3.57926433e+02   4.64271026e-04
   3.57926921e+02  -4.64732002e-05
   3.57927409e+02   3.09975981e-03
   3.57927898e+02   4.73745679e-03
   3.57928386e+02   2.36175116e-03
   3.57928874e+02   3.05872085e-03
   3.57929363e+02   7.74410740e-03
   3.57929851e+02   1.15679605e-02
   3.57930339e+02   1.21289389e-02
   3.57930828e+02   1.39779486e-02
   3.57931316e+02   1.71642266e-02
   3.57931804e+02   2.20014248e-02
   3.57932292e+02   2.31083333e-02
   3.57932781e+02   1.78653002e-02
   3.57933269e+02   1.54607669e-02
   3.57933757e+02   1.53490342e-02
   3.57934246e+02   1.21057285e-02
   3.57934734e+02   8.53378233e-03
   3.57935222e+02   7.02768099e-03
   3.57935711e+02   7.64290569e-03
   3.57936199e+02   5.73183550e-03
   3.57936687e+02   4.64402139e-04
   3.57937176e+02  -4.83781705e-03
   3.57937664e+02  -5.80977369e-03
   3.57938152e+02  -1.96037651e-03
   3.57938640e+02   3.78207042e-04
   3.57939129e+02  -1.19672361e-04
   3.57939617e+02  -2.92652752e-04
   3.57940105e+02  -1.80419325e-03
   3.57940594e+02  -1.37299078e-03
   3.57941082e+02   1.55395921e-03
   3.57941570e+02   1.42194738e-03
   3.57942059e+02   6.09449286e-04
   3.57942547e+02   1.05475436e-03
   3.57943035e+02   6.73349015e-04
   3.57943524e+02   5.74244012e-04
   3.57944012e+02   3.21786210e-04
   3.57944500e+02  -1.17267366e-03
   3.57944989e+02  -9.19517654e-04
   3.57945477e+02   1.09440403e-03
   3.57945965e+02   1.65828702e-03
   3.57946453e+02   3.36116675e-04
   3.57946942e+02  -8.99918436e-04
   3.57947430e+02  -1.14460441e-03
   3.57947918e+02  -5.01158240e-04
   3.57948407e+02   1.22678815e-03
   3.57948895e+02   2.81154085e-03
   3.57949383e+02   3.51116830e-03
   3.57949872e+02   3.83727322e-03
   3.57950360e+02   2.15220475e-03
   3.57950848e+02  -1.35197115e-05
   3.57951337e+02   4.14819224e-04
   3.57951825e+02   2.23513367e-03
   3.57952313e+02   1.57214794e-03
   3.57952801e+02   2.09820224e-03
   3.57953290e+02   4.38377308e-03
   3.57953778e+02   2.16587563e-03
   3.57954266e+02  -1.67992315e-03
   3.57954755e+02  -1.80551875e-03
   3.57955243e+02  -2.94877045e-05
   3.57955731e+02  -3.52822797e-04
   3.57956220e+02   1.92600972e-04
   3.57956708e+02   4.04241402e-03
   3.57957196e+02   3.84849752e-03
   3.57957685e+02  -2.20163274e-04
   3.57958173e+02  -2.68420670e-04
   3.57958661e+02   2.50636553e-03
   3.57959149e+02   2.31445441e-03
   3.57959638e+02  -7.66836805e-04
   3.57960126e+02  -1.77845487e-03
   3.57960614e+02  -1.49350381e-04
   3.57961103e+02  -3.50886345e-04
   3.57961591e+02  -9.51899274e-04
   3.57962079e+02  -9.66076972e-04
   3.57962568e+02   3.47558118e-04
   3.57963056e+02   2.03218753e-03
   3.57963544e+02   1.12514896e-03
   3.57964033e+02   5.38318942e-04
   3.57964521e+02   1.98690195e-05
   3.57965009e+02  -2.55403295e-03
   3.57965497e+02  -5.64004621e-03
   3.57965986e+02  -5.47402073e-03
   3.57966474e+02  -2.51494627e-03
   3.57966962e+02   1.19218009e-03
   3.57967451e+02   3.30437766e-03
   3.57967939e+02   3.11539206e-03
   3.57968427e+02   2.00603390e-03
   3.57968916e+02   1.07175799e-03
   3.57969404e+02   4.86874400e-04
   3.57969892e+02   4.88732010e-04
   3.57970381e+02   6.61714992e-04
   3.57970869e+02   1.07362692e-03
   3.57971357e+02   1.49512268e-03
   3.57971845e+02   1.95268437e-03
   3.57972334e+02   1.96584244e-03
   3.57972822e+02   1.78341725e-04
   3.57973310e+02   2.15522858e-04
   3.57973799e+02   2.77782022e-03
   3.57974287e+02   3.76098556e-03
   3.57974775e+02   3.44589906e-04
   3.57975264e+02  -1.14541920e-03
   3.57975752e+02  -6.86110752e-06
   3.57976240e+02  -2.79380428e-03
   3.57976729e+02  -4.05982602e-03
   3.57977217e+02  -2.34016939e-03
   3.57977705e+02   6.80854020e-04
   3.57978193e+02   2.34991731e-03
   3.57978682e+02   2.95674894e-03
   3.57979170e+02   1.15516176e-03
   3.57979658e+02  -1.68271316e-03
   3.57980147e+02  -1.93574803e-03
   3.57980635e+02  -5.52209560e-04
   3.57981123e+02  -1.45180360e-03
   3.57981612e+02  -8.40885623e-04
   3.57982100e+02   1.62831112e-03
   3.57982588e+02  -7.47659578e-05
   3.57983077e+02  -1.08243269e-03
   3.57983565e+02  -6.06765447e-04
   3.57984053e+02  -1.39025622e-03
   3.57984542e+02  -1.58587378e-03
   3.57985030e+02   7.35616719e-04
   3.57985518e+02   3.38359363e-03
   3.57986006e+02   5.33875218e-03
   3.57986495e+02   4.99684876e-03
   3.57986983e+02   2.98556220e-03
   3.57987471e+02   2.02241074e-03
   3.57987960e+02   2.34960532e-03
   3.57988448e+02   1.44730462e-03
   3.57988936e+02  -1.25117612e-03
   3.57989425e+02  -1.17308588e-03
   3.57989913e+02   6.44624233e-04
   3.57990401e+02  -5.76635764e-04
   3.57990890e+02  -1.43684028e-03
   3.57991378e+02   1.18901057e-03
   3.57991866e+02   4.55208914e-03
   3.57992354e+02   4.66847699e-03
   3.57992843e+02  -1.42419443e-03
   3.57993331e+02  -5.75173832e-03
   3.57993819e+02  -5.50868642e-03
   3.57994308e+02  -3.88124818e-03
   3.57994796e+02  -8.69324664e-04
   3.57995284e+02  -5.17017499e-04
   3.57995773e+02  -1.83520641e-03
   3.57996261e+02  -1.62784220e-03
   3.57996749e+02  -6.23891421e-04
   3.57997238e+02   1.02048100e-03
   3.57997726e+02   1.20869349e-03
   3.57998214e+02   1.86988342e-04
   3.57998702e+02  -9.54708139e-06
   3.57999191e+02   4.68739163e-04
   3.57999679e+02  -3.34229146e-04
   3.58000167e+02  -9.42386803e-04
   3.58000656e+02  -1.23553356e-04
   3.58001144e+02  -8.23795970e-04
   3.58001632e+02  -2.68967036e-04
   3.58002121e+02   2.20832345e-03
   3.58002609e+02   3.43353488e-03
   3.58003097e+02   4.50857636e-03
   3.58003586e+02   4.67708101e-03
   3.58004074e+02   3.26556037e-03
   3.58004562e+02  -4.92156367e-04
   3.58005050e+02  -6.12584921e-03
   3.58005539e+02  -6.77061174e-03
   3.58006027e+02  -9.40820319e-04
   3.58006515e+02   3.26886680e-03
   3.58007004e+02   2.22208607e-03
   3.58007492e+02   2.01318369e-04
   3.58007980e+02  -4.51621338e-04
   3.58008469e+02  -1.89342385e-03
   3.58008957e+02  -4.41288482e-03
   3.58009445e+02  -3.04800225e-03
   3.58009934e+02   3.29014816e-04
   3.58010422e+02   2.06573261e-03
   3.58010910e+02   1.88961171e-03
   3.58011398e+02   4.33477777e-04
   3.58011887e+02   1.47275464e-03
   3.58012375e+02   2.99876300e-03
   3.58012863e+02   1.13766885e-03
   3.58013352e+02  -1.53743051e-04
   3.58013840e+02   1.63968536e-03
   3.58014328e+02   3.04588652e-03
   3.58014817e+02   1.81154977e-03
   3.58015305e+02   7.72081141e-04
   3.58015793e+02  -8.05987511e-04
   3.58016282e+02  -6.96208561e-04
   3.58016770e+02   2.65267352e-03
   3.58017258e+02   4.32714215e-03
   3.58017746e+02   3.33604985e-03
   3.58018235e+02   2.57126032e-03
   3.58018723e+02   4.00631921e-03
   3.58019211e+02   5.13160648e-03
   3.58019700e+02   3.07350256e-03
   3.58020188e+02   4.43404308e-04
   3.58020676e+02   2.17482811e-05
   3.58021165e+02   2.62230542e-03
   3.58021653e+02   4.16830881e-03
   3.58022141e+02   2.70080334e-03
   3.58022630e+02   1.19109475e-03
   3.58023118e+02   2.20663310e-03
   3.58023606e+02   3.36002395e-03
   3.58024095e+02   1.87108142e-03
   3.58024583e+02  -1.49046001e-03
   3.58025071e+02  -2.31451378e-03
   3.58025559e+02  -2.02686759e-03
   3.58026048e+02  -2.17854069e-03
   3.58026536e+02  -3.21379164e-04
   3.58027024e+02  -7.73971260e-04
   3.58027513e+02  -3.00042937e-03
   3.58028001e+02  -3.60075454e-03
   3.58028489e+02  -3.01940111e-03
   3.58028978e+02  -1.46408018e-03
   3.58029466e+02   1.51552944e-04
   3.58029954e+02   1.12214463e-03
   3.58030443e+02  -8.08386598e-04
   3.58030931e+02  -4.17866046e-03
   3.58031419e+02  -5.01013594e-03
   3.58031907e+02  -4.33655223e-03
   3.58032396e+02  -4.57424391e-03
   3.58032884e+02  -2.21389555e-03
   3.58033372e+02   1.72780862e-03
   3.58033861e+02   1.07091793e-03
   3.58034349e+02  -5.18126879e-04
   3.58034837e+02   7.55226589e-04
   3.58035326e+02  -6.86124782e-04
   3.58035814e+02  -1.35096861e-03
   3.58036302e+02  -8.65288137e-04
   3.58036791e+02  -1.75127876e-03
   3.58037279e+02  -3.47770494e-03
   3.58037767e+02  -3.24040232e-03
   3.58038255e+02  -1.58376643e-03
   3.58038744e+02  -1.00659777e-03
   3.58039232e+02  -1.15644862e-03
   3.58039720e+02   1.08406681e-03
   3.58040209e+02   2.63304426e-03
   3.58040697e+02   2.23515346e-03
   3.58041185e+02   8.52237805e-04
   3.58041674e+02   1.35100752e-04
   3.58042162e+02   1.25483808e-03
   3.58042650e+02   4.49909741e-04
   3.58043139e+02   8.87298549e-04
   3.58043627e+02   1.53819274e-03
   3.58044115e+02  -5.30588499e-04
   3.58044603e+02  -3.13268625e-03
   3.58045092e+02  -2.01220741e-03
   3.58045580e+02   3.04872449e-03
   3.58046068e+02   4.90069482e-03
   3.58046557e+02   1.51998119e-03
   3.58047045e+02  -5.23325056e-04
   3.58047533e+02  -1.95672066e-04
   3.58048022e+02   1.06406247e-03
   3.58048510e+02   2.92720436e-03
   3.58048998e+02   1.52462779e-03
   3.58049487e+02  -1.26361335e-03
   3.58049975e+02  -1.52223255e-03
   3.58050463e+02  -2.39287177e-03
   3.58050951e+02  -3.05797835e-03
   3.58051440e+02  -9.81044606e-04
   3.58051928e+02   4.39444848e-04
   3.58052416e+02   8.46819894e-04
   3.58052905e+02   9.10203322e-04
   3.58053393e+02   4.34653135e-04
   3.58053881e+02   6.89446751e-04
   3.58054370e+02   1.09261542e-03
   3.58054858e+02  -3.35577934e-04
   3.58055346e+02  -1.63625227e-03
   3.58055835e+02  -7.66048674e-04
   3.58056323e+02  -2.75485974e-04
   3.58056811e+02  -1.08066213e-03
   3.58057299e+02  -1.84073427e-03
   3.58057788e+02  -1.97662320e-03
   3.58058276e+02  -5.68815856e-04
   3.58058764e+02  -1.52888312e-03
   3.58059253e+02  -5.28015848e-03
   3.58059741e+02  -2.88152159e-03
   3.58060229e+02   3.20637901e-03
   3.58060718e+02   1.75039249e-03
   3.58061206e+02  -2.34025484e-03
   3.58061694e+02  -1.16843486e-03
   3.58062183e+02  -1.60255039e-03
   3.58062671e+02  -3.51207959e-03
   3.58063159e+02  -2.23150104e-03
   3.58063648e+02   1.86361629e-03
   3.58064136e+02   3.86445131e-03
   3.58064624e+02   8.06030948e-05
   3.58065112e+02  -2.85000424e-03
   3.58065601e+02  -1.46576005e-03
   3.58066089e+02  -1.35873340e-03
   3.58066577e+02  -3.81625979e-03
   3.58067066e+02  -4.42055613e-03
   3.58067554e+02  -2.17701285e-03
   3.58068042e+02   3.11775453e-04
   3.58068531e+02   9.95202106e-04
   3.58069019e+02   1.17742654e-03
   3.58069507e+02   1.50127441e-03
   3.58069996e+02   1.98709982e-04
   3.58070484e+02  -2.06396403e-03
   3.58070972e+02  -2.62736483e-03
   3.58071460e+02  -6.32343173e-04
   3.58071949e+02   2.66135647e-03
   3.58072437e+02   3.23454500e-03
   3.58072925e+02   4.66048048e-04
   3.58073414e+02  -6.30508075e-05
   3.58073902e+02   4.15643939e-04
   3.58074390e+02  -8.86849361e-04
   3.58074879e+02  -2.44015898e-03
   3.58075367e+02  -2.82819592e-03
   3.58075855e+02  -1.37978944e-03
   3.58076344e+02  -1.34724460e-03
   3.58076832e+02  -9.74897994e-04
   3.58077320e+02   1.52258889e-03
   3.58077808e+02   1.81358622e-03
   3.58078297e+02   9.90017434e-05
   3.58078785e+02   1.16969179e-03
   3.58079273e+02   1.23936322e-03
   3.58079762e+02  -1.33427465e-03
   3.58080250e+02  -2.19686481e-04
   3.58080738e+02   1.29228330e-03
   3.58081227e+02   7.70700281e-04
   3.58081715e+02   9.88045009e-04
   3.58082203e+02   8.36213992e-04
   3.58082692e+02  -2.81642919e-04
   3.58083180e+02   4.92085994e-04
   3.58083668e+02   3.56572360e-04
   3.58084156e+02  -1.50280702e-03
   3.58084645e+02  -1.00078096e-03
   3.58085133e+02   8.54712795e-04
   3.58085621e+02   1.43116608e-03
   3.58086110e+02   1.57464040e-03
   3.58086598e+02   2.97868857e-03
   3.58087086e+02   4.17292397e-03
   3.58087575e+02   2.99788616e-03
   3.58088063e+02  -4.51422762e-04
   3.58088551e+02  -2.59083463e-03
   3.58089040e+02  -3.00148851e-03
   3.58089528e+02  -2.97331368e-03
   3.58090016e+02  -2.90267216e-03
   3.58090504e+02  -3.29374662e-03
   3.58090993e+02  -2.45978311e-03
   3.58091481e+02  -1.17245154e-03
   3.58091969e+02  -3.03064502e-04
   3.58092458e+02  -1.65262143e-03
   3.58092946e+02  -5.21533610e-03
   3.58093434e+02  -4.83054202e-03
   3.58093923e+02  -6.25137240e-04
   3.58094411e+02  -9.35613818e-04
   3.58094899e+02  -1.31496170e-03
   3.58095388e+02  -2.32025748e-03
   3.58095876e+02  -1.81568414e-03
   3.58096364e+02  -9.39834164e-04
   3.58096852e+02  -1.69116014e-03
   3.58097341e+02  -1.83422479e-03
   3.58097829e+02  -9.78310476e-04
   3.58098317e+02  -1.23273209e-03
   3.58098806e+02  -2.55914940e-03
   3.58099294e+02  -1.57640211e-03
   3.58099782e+02   9.48324334e-04
   3.58100271e+02   1.61251705e-03
   3.58100759e+02   7.05182785e-04
   3.58101247e+02   7.86703604e-04
   3.58101736e+02   2.37289281e-03
   3.58102224e+02   3.00785457e-03
   3.58102712e+02   8.89280578e-04
   3.58103201e+02  -5.23564348e-04
   3.58103689e+02  -2.37433687e-05
   3.58104177e+02  -1.59717654e-03
   3.58104665e+02  -1.78520312e-03
   3.58105154e+02   2.97458353e-03
   3.58105642e+02   6.58540288e-03
   3.58106130e+02   6.38549216e-03
   3.58106619e+02   3.49837588e-03
   3.58107107e+02  -1.17725879e-03
   3.58107595e+02  -4.83955676e-03
   3.58108084e+02  -4.03376902e-03
   3.58108572e+02   7.18440861e-04
   3.58109060e+02   2.33874354e-03
   3.58109549e+02  -1.36891659e-03
   3.58110037e+02  -8.56248080e-04
   3.58110525e+02   1.85917912e-03
   3.58111013e+02  -9.41681210e-04
   3.58111502e+02  -3.12422798e-03
   3.58111990e+02  -9.01225256e-04
   3.58112478e+02  -9.16712044e-04
   3.58112967e+02  -1.87433313e-03
   3.58113455e+02   5.69396012e-04
   3.58113943e+02   3.15622939e-03
   3.58114432e+02   3.96860950e-03
   3.58114920e+02   4.08784719e-03
   3.58115408e+02   4.77887457e-03
   3.58115897e+02   4.56878403e-03
   3.58116385e+02   2.38252315e-03
   3.58116873e+02   2.21350091e-03
   3.58117361e+02   2.82989908e-03
   3.58117850e+02   3.02908779e-03
   3.58118338e+02   4.14639665e-03
   3.58118826e+02   2.82576727e-03
   3.58119315e+02   3.71101167e-04
   3.58119803e+02  -1.24492659e-03
   3.58120291e+02   4.76252753e-05
   3.58120780e+02   4.60404996e-03
   3.58121268e+02   3.92980454e-03
   3.58121756e+02  -2.65263696e-03
   3.58122245e+02  -5.19874226e-03
   3.58122733e+02  -3.03949579e-03
   3.58123221e+02  -1.61038409e-03
   3.58123709e+02   2.48147664e-03
   3.58124198e+02   5.11601614e-03
   3.58124686e+02   2.97652767e-03
   3.58125174e+02   2.48025614e-03
   3.58125663e+02   3.11532104e-03
   3.58126151e+02   1.74536800e-03
   3.58126639e+02  -8.34304665e-04
   3.58127128e+02  -2.12455075e-03
   3.58127616e+02  -1.75863772e-03
   3.58128104e+02   1.63971097e-04
   3.58128593e+02   3.79281072e-03
   3.58129081e+02   5.26290480e-03
   3.58129569e+02   3.12049966e-03
   3.58130057e+02   3.13356076e-03
   3.58130546e+02   4.66485554e-03
   3.58131034e+02   3.00888717e-03
   3.58131522e+02   1.04231655e-03
   3.58132011e+02   1.00434176e-03
   3.58132499e+02  -3.93395341e-04
   3.58132987e+02  -1.66775746e-04
   3.58133476e+02   1.09258643e-03
   3.58133964e+02  -2.67074769e-03
   3.58134452e+02  -3.82406055e-03
   3.58134941e+02  -9.98497591e-04
   3.58135429e+02  -5.65831317e-04
   3.58135917e+02  -6.52839299e-05
   3.58136405e+02   6.44278130e-04
   3.58136894e+02   4.90886217e-04
   3.58137382e+02   8.69785217e-05
   3.58137870e+02  -3.47424764e-04
   3.58138359e+02  -1.58546667e-03
   3.58138847e+02  -1.50257850e-03
   3.58139335e+02  -7.05425860e-04
   3.58139824e+02   1.18034333e-03
   3.58140312e+02   4.50270111e-03
   3.58140800e+02   5.38210804e-03
   3.58141289e+02   5.43035520e-03
   3.58141777e+02   4.01298376e-03
   3.58142265e+02  -1.31893100e-03
   3.58142754e+02  -3.59812030e-03
   3.58143242e+02  -2.05414090e-03
   3.58143730e+02  -2.83611147e-03
   3.58144218e+02  -4.64310450e-03
   3.58144707e+02  -4.02969634e-03
   3.58145195e+02  -4.93817846e-04
   3.58145683e+02   1.34895323e-03
   3.58146172e+02   1.77014584e-03
   3.58146660e+02   2.95314589e-03
   3.58147148e+02   6.75559393e-04
   3.58147637e+02  -2.72562867e-03
   3.58148125e+02  -2.51275580e-03
   3.58148613e+02  -2.65886629e-04
   3.58149102e+02   2.49766945e-05
   3.58149590e+02  -3.86118097e-03
   3.58150078e+02  -6.34373585e-03
   3.58150566e+02  -5.85955987e-03
   3.58151055e+02  -4.93283710e-03
   3.58151543e+02  -4.99889068e-03
   3.58152031e+02  -3.89427668e-03
   3.58152520e+02   3.65382060e-04
   3.58153008e+02   2.36286223e-03
   3.58153496e+02   1.15990278e-03
   3.58153985e+02   2.75726896e-03
   3.58154473e+02   2.59227934e-03
   3.58154961e+02  -3.24950437e-03
   3.58155450e+02  -6.85060536e-03
   3.58155938e+02  -5.48135163e-03
   3.58156426e+02  -1.83634378e-03
   3.58156914e+02   1.13525416e-03
   3.58157403e+02   1.23584177e-03
   3.58157891e+02   4.55226924e-04
   3.58158379e+02   1.24631729e-03
   3.58158868e+02   2.04814191e-04
   3.58159356e+02  -2.51163752e-03
   3.58159844e+02  -2.11080373e-03
   3.58160333e+02   8.00220587e-04
   3.58160821e+02   1.42020499e-03
   3.58161309e+02  -1.06484245e-03
   3.58161798e+02  -2.51939800e-03
   3.58162286e+02  -1.09800661e-03
   3.58162774e+02   1.09914364e-03
   3.58163262e+02  -3.39769816e-04
   3.58163751e+02  -1.89966022e-03
   3.58164239e+02   2.90632946e-04
   3.58164727e+02   7.00349105e-04
   3.58165216e+02  -1.42716989e-03
   3.58165704e+02  -1.03651232e-03
   3.58166192e+02  -1.30808237e-03
   3.58166681e+02  -3.04442691e-03
   3.58167169e+02  -3.46403103e-03
   3.58167657e+02  -2.41518044e-03
   3.58168146e+02   1.93574408e-03
   3.58168634e+02   5.51574910e-03
   3.58169122e+02   3.02488054e-03
   3.58169610e+02   4.70423809e-04
   3.58170099e+02  -2.19495225e-04
   3.58170587e+02  -1.54894043e-03
   3.58171075e+02  -2.81673693e-03
   3.58171564e+02  -2.08306080e-03
   3.58172052e+02   2.13949024e-04
   3.58172540e+02   4.63285157e-03
   3.58173029e+02   6.57019066e-03
   3.58173517e+02   4.01330600e-03
   3.58174005e+02   7.88882084e-04
   3.58174494e+02   2.64245027e-05
   3.58174982e+02   1.93605316e-03
   3.58175470e+02   4.30611707e-03
   3.58175958e+02   5.16666379e-03
   3.58176447e+02   1.68807886e-03
   3.58176935e+02  -1.37413328e-03
   3.58177423e+02   1.38725922e-03
   3.58177912e+02   2.57902523e-03
   3.58178400e+02   8.66212184e-04
   3.58178888e+02   1.11833005e-03
   3.58179377e+02   1.03842805e-03
   3.58179865e+02  -1.57597626e-03
   3.58180353e+02  -3.71714053e-03
   3.58180842e+02  -2.46283831e-03
   3.58181330e+02  -1.70453580e-03
   3.58181818e+02  -2.42541195e-03
   3.58182307e+02  -5.10339113e-03
   3.58182795e+02  -5.49786072e-03
   3.58183283e+02   1.89855898e-04
   3.58183771e+02   4.11163131e-03
   3.58184260e+02   2.51536979e-03
   3.58184748e+02   1.30534009e-03
   3.58185236e+02   1.63898093e-03
   3.58185725e+02  -4.82694850e-05
   3.58186213e+02  -2.53166584e-03
   3.58186701e+02  -1.84253533e-03
   3.58187190e+02   3.37309181e-03
   3.58187678e+02   7.93471839e-03
   3.58188166e+02   5.31287631e-03
   3.58188655e+02  -4.32630477e-04
   3.58189143e+02  -1.22193538e-03
   3.58189631e+02   2.25577271e-03
   3.58190119e+02   3.78679484e-03
   3.58190608e+02   7.68251368e-04
   3.58191096e+02  -2.27630627e-03
   3.58191584e+02  -2.35643052e-03
   3.58192073e+02  -1.37529814e-05
   3.58192561e+02   8.49113683e-04
   3.58193049e+02  -3.44944448e-04
   3.58193538e+02  -4.50179126e-04
   3.58194026e+02  -1.02863216e-03
   3.58194514e+02  -4.46319522e-04
   3.58195003e+02   9.70735797e-04
   3.58195491e+02  -1.95579091e-03
   3.58195979e+02  -2.97492417e-03
   3.58196467e+02  -4.70106432e-04
   3.58196956e+02  -1.17660710e-03
   3.58197444e+02   2.36738357e-04
   3.58197932e+02   6.64641336e-03
   3.58198421e+02   6.19719597e-03
   3.58198909e+02  -1.98050821e-03
   3.58199397e+02  -6.74598478e-03
   3.58199886e+02  -5.99988643e-03
   3.58200374e+02  -3.98049038e-03
   3.58200862e+02  -1.05732703e-03
   3.58201351e+02  -8.21943977e-05
   3.58201839e+02  -2.57945620e-03
   3.58202327e+02  -4.42227768e-03
   3.58202815e+02  -2.73553468e-03
   3.58203304e+02  -4.57118644e-04
   3.58203792e+02   3.32435337e-03
   3.58204280e+02   5.48383361e-03
   3.58204769e+02   2.72183330e-03
   3.58205257e+02   1.89409091e-03
   3.58205745e+02   1.54503726e-03
   3.58206234e+02  -1.47092366e-03
   3.58206722e+02  -3.05833411e-03
   3.58207210e+02  -4.37580468e-03
   3.58207699e+02  -2.95776501e-03
   3.58208187e+02   2.50741513e-03
   3.58208675e+02   5.22001786e-03
   3.58209163e+02   2.40886258e-03
   3.58209652e+02  -2.58783810e-04
   3.58210140e+02   1.53164030e-04
   3.58210628e+02   1.84159944e-04
   3.58211117e+02  -3.91224213e-03
   3.58211605e+02  -2.20983406e-03
   3.58212093e+02   1.70429528e-03
   3.58212582e+02   2.61148484e-03
   3.58213070e+02   6.66915032e-04
   3.58213558e+02  -1.29273708e-03
   3.58214047e+02  -7.79846800e-04
   3.58214535e+02  -1.47279399e-03
   3.58215023e+02   2.81848130e-04
   3.58215511e+02   4.58196085e-03
   3.58216000e+02   2.50932062e-03
   3.58216488e+02  -5.58224390e-04
   3.58216976e+02  -4.47021890e-03
   3.58217465e+02  -7.04454537e-03
   3.58217953e+02  -5.22708567e-03
   3.58218441e+02  -2.26333272e-03
   3.58218930e+02   2.34177313e-03
   3.58219418e+02   3.15025542e-03
   3.58219906e+02   7.11594359e-04
   3.58220395e+02   1.08299358e-03
   3.58220883e+02   3.12044984e-03
   3.58221371e+02   1.71830121e-03
   3.58221860e+02  -1.73430797e-03
   3.58222348e+02  -2.90339417e-03
   3.58222836e+02   1.23641070e-03
   3.58223324e+02   4.92637325e-03
   3.58223813e+02   6.16631657e-03
   3.58224301e+02   6.59915432e-03
   3.58224789e+02   3.68687703e-04
   3.58225278e+02  -6.86427485e-03
   3.58225766e+02  -6.22117799e-03
   3.58226254e+02  -1.69777567e-03
   3.58226743e+02  -1.64054986e-03
   3.58227231e+02  -6.21730182e-03
   3.58227719e+02  -3.51941842e-03
   3.58228208e+02   2.87512410e-03
   3.58228696e+02   2.40313518e-03
   3.58229184e+02   4.73532476e-04
   3.58229672e+02   1.13431178e-03
   3.58230161e+02   4.04979289e-03
   3.58230649e+02   4.94334567e-03
   3.58231137e+02   3.84532404e-03
   3.58231626e+02   1.94384949e-03
   3.58232114e+02  -8.12223123e-04
   3.58232602e+02  -1.51756860e-03
   3.58233091e+02  -2.49724137e-03
   3.58233579e+02  -5.28107816e-03
   3.58234067e+02  -2.95435754e-03
   3.58234556e+02   3.51523980e-03
   3.58235044e+02   5.56027051e-03
   3.58235532e+02   2.02568551e-03
   3.58236020e+02  -5.21179172e-04
   3.58236509e+02  -1.61160110e-03
   3.58236997e+02  -6.94077811e-04
   3.58237485e+02   1.29544036e-03
   3.58237974e+02   9.14688062e-05
   3.58238462e+02  -2.87072849e-03
   3.58238950e+02  -2.26467825e-03
   3.58239439e+02   2.37961183e-04
   3.58239927e+02   8.55904887e-04
   3.58240415e+02   3.82505357e-04
   3.58240904e+02  -5.65602735e-04
   3.58241392e+02  -6.83196995e-04
   3.58241880e+02   2.23606429e-03
   3.58242368e+02   2.37212097e-03
   3.58242857e+02  -1.32720126e-03
   3.58243345e+02  -3.20145278e-03
   3.58243833e+02  -6.60677499e-04
   3.58244322e+02   3.66995879e-03
   3.58244810e+02   6.87354710e-03
   3.58245298e+02   6.00846251e-03
   3.58245787e+02   1.18019909e-03
   3.58246275e+02  -2.17787921e-03
   3.58246763e+02  -3.69301578e-03
   3.58247252e+02  -4.84619383e-03
   3.58247740e+02  -4.32305504e-03
   3.58248228e+02  -1.62579468e-03
   3.58248716e+02  -2.99477507e-03
   3.58249205e+02  -5.38905337e-03
   3.58249693e+02  -8.65873124e-04
   3.58250181e+02   3.23884189e-03
   3.58250670e+02   3.59694427e-03
   3.58251158e+02   4.46341792e-03
   3.58251646e+02   2.44717207e-03
   3.58252135e+02  -8.29667479e-05
   3.58252623e+02  -2.09832622e-04
   3.58253111e+02  -1.57553633e-03
   3.58253600e+02  -3.36195040e-03
   3.58254088e+02  -1.59776886e-03
   3.58254576e+02   7.01003592e-04
   3.58255064e+02  -1.00631872e-03
   3.58255553e+02  -2.40496220e-03
   3.58256041e+02   7.37946713e-04
   3.58256529e+02   2.14918377e-03
   3.58257018e+02  -6.40404003e-04
   3.58257506e+02  -2.53431941e-03
   3.58257994e+02  -7.18903146e-04
   3.58258483e+02   3.52856284e-03
   3.58258971e+02   5.96626243e-03
   3.58259459e+02   3.46971001e-03
   3.58259948e+02  -2.22118397e-04
   3.58260436e+02   6.58829464e-04
   3.58260924e+02   1.45227066e-03
   3.58261412e+02  -6.31402829e-04
   3.58261901e+02   6.16903184e-04
   3.58262389e+02   1.68857339e-03
   3.58262877e+02  -2.01871106e-03
   3.58263366e+02  -3.03886342e-03
   3.58263854e+02  -2.00667232e-03
   3.58264342e+02  -3.89392721e-03
   3.58264831e+02  -2.80750846e-03
   3.58265319e+02   2.31047743e-03
   3.58265807e+02   5.88525413e-03
   3.58266296e+02   4.73538833e-03
   3.58266784e+02   2.21689139e-03
   3.58267272e+02   2.08675372e-03
   3.58267761e+02   4.10994887e-03
   3.58268249e+02   5.30109415e-03
   3.58268737e+02   5.58390841e-03
   3.58269225e+02   1.86491851e-03
   3.58269714e+02  -3.12437187e-03
   3.58270202e+02  -1.81496073e-03
   3.58270690e+02   1.71738409e-03
   3.58271179e+02  -5.30114223e-04
   3.58271667e+02  -5.63999638e-03
   3.58272155e+02  -5.57113811e-03
   3.58272644e+02   1.74788863e-03
   3.58273132e+02   6.15947926e-03
   3.58273620e+02   2.08530319e-03
   3.58274109e+02  -2.32751924e-03
   3.58274597e+02  -2.43529049e-03
   3.58275085e+02  -1.84784411e-03
   3.58275573e+02  -8.33368220e-04
   3.58276062e+02   8.19002860e-04
   3.58276550e+02   1.88208430e-03
   3.58277038e+02   8.94806290e-04
   3.58277527e+02  -9.13510914e-04
   3.58278015e+02   1.38581835e-03
   3.58278503e+02   4.45974339e-03
   3.58278992e+02   4.71075205e-03
   3.58279480e+02   2.64900504e-03
   3.58279968e+02  -7.85625423e-04
   3.58280457e+02  -2.08268967e-03
   3.58280945e+02   6.99135591e-04
   3.58281433e+02   2.89484509e-03
   3.58281921e+02   9.01605934e-04
   3.58282410e+02  -1.95953785e-03
   3.58282898e+02  -1.63917022e-03
   3.58283386e+02   1.79288676e-03
   3.58283875e+02   2.92413100e-03
   3.58284363e+02   1.35421555e-03
   3.58284851e+02   1.31645170e-03
   3.58285340e+02   2.52235355e-03
   3.58285828e+02   1.31563796e-03
   3.58286316e+02  -1.44240947e-03
   3.58286805e+02  -1.74988981e-03
   3.58287293e+02  -4.18167125e-04
   3.58287781e+02   1.44960487e-03
   3.58288269e+02   3.56258213e-04
   3.58288758e+02  -3.63851083e-04
   3.58289246e+02   2.18939176e-03
   3.58289734e+02   4.64867288e-03
   3.58290223e+02   4.33030119e-03
   3.58290711e+02   2.02571508e-03
   3.58291199e+02   2.06048111e-03
   3.58291688e+02   2.18348484e-03
   3.58292176e+02  -6.18200982e-04
   3.58292664e+02  -2.16544280e-03
   3.58293153e+02  -8.50727549e-04
   3.58293641e+02   8.15433450e-04
   3.58294129e+02   1.90298422e-03
   3.58294617e+02   1.20392570e-03
   3.58295106e+02  -1.94724381e-03
   3.58295594e+02  -5.18705789e-03
   3.58296082e+02  -3.81059130e-03
   3.58296571e+02   8.80455846e-05
   3.58297059e+02   2.48588366e-03
   3.58297547e+02   6.93258480e-04
   3.58298036e+02  -1.99419260e-03
   3.58298524e+02  -2.58155749e-04
   3.58299012e+02   1.70833338e-03
   3.58299501e+02  -1.84241348e-04
   3.58299989e+02  -2.58740300e-04
   3.58300477e+02   2.16188910e-03
   3.58300965e+02   2.24166200e-03
   3.58301454e+02   3.00602033e-03
   3.58301942e+02   6.20412640e-03
   3.58302430e+02   7.02133356e-03
   3.58302919e+02   6.37973100e-03
   3.58303407e+02   6.04385557e-03
   3.58303895e+02   4.09086747e-03
   3.58304384e+02   1.92372396e-03
   3.58304872e+02   2.32666102e-03
   3.58305360e+02   2.11475790e-03
   3.58305849e+02  -7.12247856e-05
   3.58306337e+02  -2.20725988e-03
   3.58306825e+02  -3.04032094e-03
   3.58307314e+02  -4.95016458e-04
   3.58307802e+02   1.60841283e-03
   3.58308290e+02   1.41101031e-04
   3.58308778e+02  -8.49767413e-04
   3.58309267e+02   2.16898421e-04
   3.58309755e+02   3.30789480e-03
   3.58310243e+02   6.11803262e-03
   3.58310732e+02   4.70996089e-03
   3.58311220e+02   1.41860009e-03
   3.58311708e+02  -1.61476244e-04
   3.58312197e+02  -9.99200623e-04
   3.58312685e+02  -1.94436766e-03
   3.58313173e+02  -1.50172599e-03
   3.58313662e+02   6.57514145e-04
   3.58314150e+02   2.11539958e-03
   3.58314638e+02   1.39741192e-03
   3.58315126e+02   1.74268044e-03
   3.58315615e+02   2.29109754e-03
   3.58316103e+02   2.13438907e-05
   3.58316591e+02  -3.74235515e-03
   3.58317080e+02  -5.73031697e-03
   3.58317568e+02  -4.14932566e-03
   3.58318056e+02   3.21410596e-04
   3.58318545e+02   1.46652036e-03
   3.58319033e+02   8.01000278e-04
   3.58319521e+02   1.24689250e-03
   3.58320010e+02   1.11471990e-03
   3.58320498e+02   2.34474684e-03
   3.58320986e+02   9.34463169e-04
   3.58321474e+02  -1.07670063e-03
   3.58321963e+02   1.15294557e-03
   3.58322451e+02   3.14326002e-03
   3.58322939e+02   4.51165345e-03
   3.58323428e+02   4.41181567e-03
   3.58323916e+02   1.36945362e-03
   3.58324404e+02   3.34047887e-04
   3.58324893e+02   2.28465442e-03
   3.58325381e+02   4.41060448e-03
   3.58325869e+02   4.85714804e-03
   3.58326358e+02   2.42190692e-03
   3.58326846e+02   1.54111232e-03
   3.58327334e+02   1.18577841e-03
   3.58327822e+02   1.13867538e-03
   3.58328311e+02   3.43236094e-03
   3.58328799e+02   5.20673580e-03
   3.58329287e+02   3.58753768e-03
   3.58329776e+02   1.20644784e-03
   3.58330264e+02   1.46806857e-03
   3.58330752e+02   3.35631543e-03
   3.58331241e+02   2.44675786e-03
   3.58331729e+02   1.17785530e-03
   3.58332217e+02   1.07655791e-03
   3.58332706e+02   6.75029878e-04
   3.58333194e+02   2.83586647e-04
   3.58333682e+02   2.08198233e-03
   3.58334170e+02   1.59276999e-03
   3.58334659e+02  -1.47383776e-03
   3.58335147e+02  -1.17212650e-03
   3.58335635e+02  -4.83784999e-04
   3.58336124e+02  -1.55561941e-03
   3.58336612e+02  -1.92088017e-03
   3.58337100e+02  -1.33256207e-03
   3.58337589e+02   5.93577337e-04
   3.58338077e+02   2.71711661e-03
   3.58338565e+02   1.30854454e-03
   3.58339054e+02  -7.23378209e-04
   3.58339542e+02   1.59792579e-03
   3.58340030e+02   5.60710719e-03
   3.58340518e+02   5.33295656e-03
   3.58341007e+02   1.51917082e-03
   3.58341495e+02   1.34631828e-03
   3.58341983e+02   2.68978346e-03
   3.58342472e+02   1.73715979e-03
   3.58342960e+02   9.53162031e-04
   3.58343448e+02   2.39740708e-03
   3.58343937e+02   3.74663295e-03
   3.58344425e+02   1.17260835e-03
   3.58344913e+02  -1.13181351e-03
   3.58345402e+02   2.29481049e-03
   3.58345890e+02   4.23471490e-03
   3.58346378e+02   1.22094946e-03
   3.58346867e+02  -1.38775422e-03
   3.58347355e+02  -6.90248853e-04
   3.58347843e+02   1.10215449e-03
   3.58348331e+02   1.82974583e-03
   3.58348820e+02   5.11924794e-04
   3.58349308e+02  -3.44583532e-05
   3.58349796e+02   1.91807246e-03
   3.58350285e+02   7.83020048e-04
   3.58350773e+02  -6.36300945e-04
   3.58351261e+02   5.26499134e-05
   3.58351750e+02   5.53046411e-05
   3.58352238e+02  -2.12131441e-03
   3.58352726e+02  -4.66573425e-03
   3.58353215e+02  -4.83111897e-03
   3.58353703e+02  -2.98130931e-03
   3.58354191e+02  -1.29592523e-03
   3.58354679e+02  -1.44348142e-03
   3.58355168e+02  -1.99274230e-03
   3.58355656e+02   2.63473266e-05
   3.58356144e+02   1.14202173e-03
   3.58356633e+02  -2.33020546e-04
   3.58357121e+02   5.55311970e-04
   3.58357609e+02   1.91373762e-03
   3.58358098e+02   1.22330186e-03
   3.58358586e+02   3.81121907e-04
   3.58359074e+02   1.17460685e-03
   3.58359563e+02   2.02001375e-03
   3.58360051e+02   9.69785731e-04
   3.58360539e+02  -1.20257225e-03
   3.58361027e+02  -2.29297392e-03
   3.58361516e+02  -9.41733422e-04
   3.58362004e+02  -1.06987893e-03
   3.58362492e+02  -2.81885895e-03
   3.58362981e+02  -1.32448261e-03
   3.58363469e+02   6.83932158e-04
   3.58363957e+02   2.84561841e-03
   3.58364446e+02   3.32388747e-03
   3.58364934e+02   1.46908293e-04
   3.58365422e+02  -6.02830434e-04
   3.58365911e+02   7.71833875e-04
   3.58366399e+02   9.92548186e-04
   3.58366887e+02   2.14079604e-03
   3.58367375e+02   2.62895809e-03
   3.58367864e+02   1.80509742e-04
   3.58368352e+02  -4.46293131e-03
   3.58368840e+02  -6.99044624e-03
   3.58369329e+02  -4.77158697e-03
   3.58369817e+02  -8.86910362e-04
   3.58370305e+02  -3.36838595e-04
   3.58370794e+02  -9.12742398e-04
   3.58371282e+02   1.87720929e-03
   3.58371770e+02   4.71279782e-04
   3.58372259e+02  -2.29989085e-03
   3.58372747e+02  -2.20901426e-03
   3.58373235e+02  -2.64027575e-03
   3.58373723e+02  -1.88338268e-03
   3.58374212e+02  -9.06127447e-04
   3.58374700e+02  -4.27123596e-04
   3.58375188e+02   1.03662212e-04
   3.58375677e+02  -1.12036010e-03
   3.58376165e+02  -2.93007446e-03
   3.58376653e+02  -1.16191269e-03
   3.58377142e+02   8.86668102e-04
   3.58377630e+02  -1.52647018e-03
   3.58378118e+02  -5.80629858e-04
   3.58378607e+02  -6.10158495e-05
   3.58379095e+02  -2.47562025e-03
   3.58379583e+02  -1.25047285e-03
   3.58380071e+02   2.94618495e-03
   3.58380560e+02   2.84896605e-03
   3.58381048e+02   8.16777349e-04
   3.58381536e+02   2.81399512e-03
   3.58382025e+02   2.82989116e-03
   3.58382513e+02   2.38814042e-03
   3.58383001e+02   2.24712119e-03
   3.58383490e+02  -1.16246822e-03
   3.58383978e+02  -2.06702272e-03
   3.58384466e+02   1.90551195e-03
   3.58384955e+02   3.99331655e-03
   3.58385443e+02  -6.65587140e-04
   3.58385931e+02  -5.18164411e-03
   3.58386420e+02  -2.75270827e-03
   3.58386908e+02   2.46981235e-05
   3.58387396e+02   1.19528908e-03
   3.58387884e+02  -1.63850794e-03
   3.58388373e+02  -2.24628975e-03
   3.58388861e+02  -2.39419867e-03
   3.58389349e+02  -2.75837234e-03
   3.58389838e+02  -2.89334450e-03
   3.58390326e+02  -1.47982978e-03
   3.58390814e+02   9.10039525e-04
   3.58391303e+02   1.04916992e-03
   3.58391791e+02  -2.14278325e-03
   3.58392279e+02  -5.67895640e-03
   3.58392768e+02  -7.76968151e-03
   3.58393256e+02  -5.97627694e-03
   3.58393744e+02  -1.22532283e-03
   3.58394232e+02   2.44392408e-03
   3.58394721e+02   5.37267700e-03
   3.58395209e+02   7.88036268e-03
   3.58395697e+02   8.52975436e-03
   3.58396186e+02   4.14103223e-03
   3.58396674e+02  -1.32819719e-03
   3.58397162e+02  -1.15070469e-03
   3.58397651e+02   3.73024563e-03
   3.58398139e+02   8.63191206e-03
   3.58398627e+02   8.14525131e-03
   3.58399116e+02   5.03271027e-03
   3.58399604e+02   3.00732325e-03
   3.58400092e+02   6.26934227e-04
   3.58400580e+02   1.15214680e-04
   3.58401069e+02   1.92519871e-03
   3.58401557e+02   2.83444324e-03
   3.58402045e+02   5.57751744e-04
   3.58402534e+02  -1.79246475e-03
   3.58403022e+02  -2.88385176e-03
   3.58403510e+02  -1.78963342e-03
   3.58403999e+02   4.75122855e-04
   3.58404487e+02   8.05273768e-04
   3.58404975e+02   5.20711706e-04
   3.58405464e+02   1.01039244e-03
   3.58405952e+02   1.42316695e-03
   3.58406440e+02   2.30827997e-03
   3.58406928e+02   3.27732880e-03
   3.58407417e+02   2.09377706e-03
   3.58407905e+02  -1.85390236e-03
   3.58408393e+02  -2.00266088e-03
   3.58408882e+02   8.65797978e-04
   3.58409370e+02  -1.85058292e-04
   3.58409858e+02  -1.23724842e-03
   3.58410347e+02   4.19698481e-04
   3.58410835e+02   2.31423532e-03
   3.58411323e+02   9.18372243e-04
   3.58411812e+02   3.54811607e-04
   3.58412300e+02   1.19192246e-03
   3.58412788e+02  -2.72593577e-03
   3.58413276e+02  -4.15145978e-03
   3.58413765e+02  -1.89159997e-04
   3.58414253e+02  -4.62320721e-04
   3.58414741e+02  -1.29316677e-03
   3.58415230e+02   2.30306829e-03
   3.58415718e+02   3.95026291e-03
   3.58416206e+02   3.18440283e-03
   3.58416695e+02   3.97083722e-03
   3.58417183e+02   3.99179477e-03
   3.58417671e+02   4.44818707e-03
   3.58418160e+02   3.13800434e-03
   3.58418648e+02  -9.35657772e-06
   3.58419136e+02   1.21868652e-04
   3.58419624e+02   2.04927311e-03
   3.58420113e+02   1.52198435e-03
   3.58420601e+02   4.15435847e-04
   3.58421089e+02   1.10838946e-03
   3.58421578e+02   2.80336644e-05
   3.58422066e+02  -1.11734355e-03
   3.58422554e+02  -1.66372629e-04
   3.58423043e+02  -1.86183222e-03
   3.58423531e+02  -3.84201878e-03
   3.58424019e+02  -2.77496339e-03
   3.58424508e+02  -2.45765806e-03
   3.58424996e+02  -2.35328800e-03
   3.58425484e+02  -1.38299272e-03
   3.58425973e+02   5.99373772e-04
   3.58426461e+02   2.37525185e-03
   3.58426949e+02   2.74164905e-03
   3.58427437e+02   2.04460043e-03
   3.58427926e+02  -5.26501448e-04
   3.58428414e+02  -2.19717831e-03
   3.58428902e+02  -8.99236693e-05
   3.58429391e+02  -2.48288008e-04
   3.58429879e+02  -3.41236591e-03
   3.58430367e+02  -3.44300689e-03
   3.58430856e+02  -1.26483676e-04
   3.58431344e+02   1.38237455e-03
   3.58431832e+02  -8.95667356e-04
   3.58432321e+02  -5.47872903e-03
   3.58432809e+02  -7.16467015e-03
   3.58433297e+02  -3.48752667e-03
   3.58433785e+02   5.84242167e-04
   3.58434274e+02   1.94136228e-03
   3.58434762e+02   2.60417652e-03
   3.58435250e+02   1.40008854e-03
   3.58435739e+02  -1.92800781e-03
   3.58436227e+02  -2.39816681e-03
   3.58436715e+02  -4.10983543e-04
   3.58437204e+02   9.99158598e-04
   3.58437692e+02   2.08939891e-04
   3.58438180e+02  -7.76501081e-04
   3.58438669e+02  -6.03446912e-04
   3.58439157e+02  -1.43037352e-03
   3.58439645e+02  -1.59122120e-03
   3.58440133e+02  -1.87582138e-03
   3.58440622e+02  -2.92934990e-03
   3.58441110e+02  -2.81488313e-03
   3.58441598e+02  -2.68623885e-03
   3.58442087e+02  -4.67820000e-03
   3.58442575e+02  -5.08908322e-03
   3.58443063e+02  -3.53478827e-03
   3.58443552e+02  -3.37936846e-03
   3.58444040e+02  -1.70434359e-03
   3.58444528e+02   1.02808955e-03
   3.58445017e+02   1.59761100e-03
   3.58445505e+02   9.67581524e-04
   3.58445993e+02  -1.88108138e-03
   3.58446481e+02  -5.55237709e-03
   3.58446970e+02  -5.07256435e-03
   3.58447458e+02  -1.29616901e-03
   3.58447946e+02   8.62876012e-04
   3.58448435e+02   1.43930432e-03
   3.58448923e+02   1.59305974e-03
   3.58449411e+02   3.37886886e-04
   3.58449900e+02  -1.01166940e-03
   3.58450388e+02  -1.59735477e-03
   3.58450876e+02  -1.02659024e-03
   3.58451365e+02   5.20180096e-04
   3.58451853e+02   3.26322042e-03
   3.58452341e+02   4.32050787e-03
   3.58452829e+02   3.52424686e-03
   3.58453318e+02   3.04556335e-03
   3.58453806e+02   1.68031358e-04
   3.58454294e+02  -2.69498024e-03
   3.58454783e+02  -2.20116554e-03
   3.58455271e+02  -3.55686032e-04
   3.58455759e+02   1.51795289e-03
   3.58456248e+02   1.56540168e-03
   3.58456736e+02  -1.22029590e-03
   3.58457224e+02  -3.41004366e-03
   3.58457713e+02  -3.30041541e-04
   3.58458201e+02   7.40122865e-04
   3.58458689e+02  -2.88198586e-03
   3.58459177e+02  -3.33373644e-03
   3.58459666e+02  -2.29933322e-03
   3.58460154e+02  -2.87326681e-03
   3.58460642e+02  -1.57380081e-03
   3.58461131e+02  -4.87314275e-04
   3.58461619e+02  -2.23893300e-03
   3.58462107e+02  -3.07936175e-03
   3.58462596e+02  -1.74133026e-03
   3.58463084e+02  -1.42721261e-03
   3.58463572e+02  -8.51813063e-04
   3.58464061e+02   1.61039946e-03
   3.58464549e+02   4.58777416e-03
   3.58465037e+02   4.57381038e-03
   3.58465526e+02  -3.87921027e-04
   3.58466014e+02  -1.62956282e-03
   3.58466502e+02   4.62677609e-03
   3.58466990e+02   6.70495862e-03
   3.58467479e+02   2.05575814e-03
   3.58467967e+02  -1.01290853e-03
   3.58468455e+02  -1.99220842e-03
   3.58468944e+02  -2.27084407e-03
   3.58469432e+02  -1.47060200e-03
   3.58469920e+02  -1.32088142e-03
   3.58470409e+02  -1.47387997e-04
   3.58470897e+02   2.37298245e-03
   3.58471385e+02   2.98583787e-03
   3.58471874e+02   3.62810469e-03
   3.58472362e+02   2.42189039e-03
   3.58472850e+02   3.28518479e-04
   3.58473338e+02   1.97228207e-03
   3.58473827e+02   1.54067378e-03
   3.58474315e+02  -1.91746547e-03
   3.58474803e+02  -2.54673907e-03
   3.58475292e+02   5.66349536e-06
   3.58475780e+02   2.64552975e-04
   3.58476268e+02  -2.04990944e-03
   3.58476757e+02  -1.51603739e-03
   3.58477245e+02   1.89851702e-03
   3.58477733e+02   2.53203651e-03
   3.58478222e+02   3.57498386e-04
   3.58478710e+02  -4.37574519e-04
   3.58479198e+02   3.27160291e-04
   3.58479686e+02  -6.76133088e-04
   3.58480175e+02  -2.76363641e-03
   3.58480663e+02  -3.39809689e-03
   3.58481151e+02  -2.46684067e-03
   3.58481640e+02  -2.38651381e-04
   3.58482128e+02   1.28029613e-04
   3.58482616e+02  -2.58937618e-03
   3.58483105e+02  -4.11592657e-03
   3.58483593e+02  -3.14703444e-03
   3.58484081e+02  -8.62423913e-04
   3.58484570e+02   1.25786848e-03
   3.58485058e+02   1.62591669e-03
   3.58485546e+02   3.94490169e-04
   3.58486034e+02   6.07625523e-04
   3.58486523e+02   1.48425379e-03
   3.58487011e+02   1.22794288e-03
   3.58487499e+02  -7.27020204e-04
   3.58487988e+02  -2.31000804e-03
   3.58488476e+02  -1.49828359e-03
   3.58488964e+02   1.36084692e-03
   3.58489453e+02   2.20024399e-03
   3.58489941e+02   6.25232293e-04
   3.58490429e+02   7.84838165e-04
   3.58490918e+02  -4.26900835e-04
   3.58491406e+02  -2.13211589e-03
   3.58491894e+02  -5.97493898e-04
   3.58492382e+02   1.05789897e-03
   3.58492871e+02  -3.50285030e-04
   3.58493359e+02  -2.66830670e-03
   3.58493847e+02  -1.48531352e-03
   3.58494336e+02   3.62649502e-04
   3.58494824e+02  -1.61809218e-03
   3.58495312e+02  -4.21248889e-03
   3.58495801e+02  -4.13690787e-03
   3.58496289e+02  -3.63283302e-03
   3.58496777e+02  -2.81797908e-03
   3.58497266e+02   2.76828418e-04
   3.58497754e+02   2.75290059e-03
   3.58498242e+02   2.47860467e-03
   3.58498730e+02   2.13771267e-03
   3.58499219e+02   2.32762308e-03
   3.58499707e+02   1.06543489e-03
   3.58500195e+02   1.17405748e-03
   3.58500684e+02   2.53045047e-03
   3.58501172e+02   2.55868840e-03
   3.58501660e+02   2.50397087e-03
   3.58502149e+02   1.63730397e-03
   3.58502637e+02   9.07541136e-04
   3.58503125e+02   3.90553789e-04
   3.58503614e+02  -3.57268669e-04
   3.58504102e+02   4.10416251e-04
   3.58504590e+02   3.78324557e-03
   3.58505079e+02   5.11346338e-03
   3.58505567e+02   3.80228669e-03
   3.58506055e+02   4.47762548e-04
   3.58506543e+02  -7.75316905e-04
   3.58507032e+02  -1.94477951e-04
   3.58507520e+02   1.15726341e-03
   3.58508008e+02   3.45900632e-03
   3.58508497e+02   4.01186664e-03
   3.58508985e+02   1.85367302e-03
   3.58509473e+02  -1.34532514e-03
   3.58509962e+02  -2.72736605e-03
   3.58510450e+02  -1.57299696e-03
   3.58510938e+02  -1.66553690e-03
   3.58511427e+02  -2.44856975e-03
   3.58511915e+02  -1.64505781e-03
   3.58512403e+02   2.11091829e-03
   3.58512891e+02   4.51235892e-03
   3.58513380e+02   3.40837729e-03
   3.58513868e+02   8.67908762e-04
   3.58514356e+02  -1.85114297e-03
   3.58514845e+02  -1.94019545e-03
   3.58515333e+02  -2.17057765e-03
   3.58515821e+02  -4.87618661e-03
   3.58516310e+02  -6.39851158e-03
   3.58516798e+02  -4.46837861e-03
   3.58517286e+02  -1.15201467e-04
   3.58517775e+02   3.05409613e-03
   3.58518263e+02   2.68721883e-03
   3.58518751e+02   1.29496283e-03
   3.58519239e+02  -5.08626632e-04
   3.58519728e+02   4.86578676e-04
   3.58520216e+02   4.32727532e-03
   3.58520704e+02   4.45755338e-03
   3.58521193e+02   1.03460590e-03
   3.58521681e+02  -2.72510457e-04
   3.58522169e+02  -1.47967984e-03
   3.58522658e+02  -2.06329417e-03
   3.58523146e+02  -1.52920571e-03
   3.58523634e+02  -2.67310347e-03
   3.58524123e+02  -1.28462736e-03
   3.58524611e+02   3.38836061e-03
   3.58525099e+02   5.16743539e-03
   3.58525587e+02   4.28869203e-03
   3.58526076e+02   4.36779391e-03
   3.58526564e+02   4.89911344e-03
   3.58527052e+02   4.12171334e-03
   3.58527541e+02   1.32232206e-03
   3.58528029e+02   1.97857240e-04
   3.58528517e+02   1.34105142e-03
   3.58529006e+02   1.14696706e-03
   3.58529494e+02   9.66817024e-04
   3.58529982e+02   1.21825561e-03
   3.58530471e+02   1.53867691e-03
   3.58530959e+02   2.76841177e-03
   3.58531447e+02   2.05469457e-03
   3.58531935e+02   3.59776132e-05
   3.58532424e+02   1.95768848e-03
   3.58532912e+02   5.12674637e-03
   3.58533400e+02   5.01781935e-03
   3.58533889e+02   5.23376465e-03
   3.58534377e+02   5.52854920e-03
   3.58534865e+02   3.56007111e-03
   3.58535354e+02   4.22039954e-03
   3.58535842e+02   6.35608099e-03
   3.58536330e+02   4.39398270e-03
   3.58536819e+02   3.37226142e-04
   3.58537307e+02  -1.56790682e-03
   3.58537795e+02  -1.08813588e-03
   3.58538283e+02  -9.36126919e-04
   3.58538772e+02  -2.37073586e-03
   3.58539260e+02  -2.27758125e-03
   3.58539748e+02   9.37507604e-04
   3.58540237e+02   3.17708100e-03
   3.58540725e+02   3.28432419e-03
   3.58541213e+02   2.24730326e-03
   3.58541702e+02  -3.54117015e-04
   3.58542190e+02  -2.06314586e-03
   3.58542678e+02  -1.46998779e-03
   3.58543167e+02   6.00955158e-04
   3.58543655e+02   3.54704564e-04
   3.58544143e+02  -1.73239002e-03
   3.58544632e+02  -2.65898393e-03
   3.58545120e+02  -1.81625516e-03
   3.58545608e+02  -2.25536525e-03
   3.58546096e+02  -2.89394031e-03
   3.58546585e+02  -8.35239247e-04
   3.58547073e+02   7.08346081e-04
   3.58547561e+02  -1.82067830e-04
   3.58548050e+02  -4.21907520e-03
   3.58548538e+02  -6.23118039e-03
   3.58549026e+02  -3.36016901e-03
   3.58549515e+02  -5.75541286e-04
   3.58550003e+02   1.43892597e-03
   3.58550491e+02   4.40856442e-03
   3.58550980e+02   4.06145770e-03
   3.58551468e+02   9.15731012e-04
   3.58551956e+02  -2.17699283e-03
   3.58552444e+02  -1.21691544e-03
   3.58552933e+02   1.51608710e-03
   3.58553421e+02   2.94951809e-04
   3.58553909e+02  -1.86949468e-03
   3.58554398e+02  -1.46013417e-03
   3.58554886e+02   1.31218671e-03
   3.58555374e+02   2.73068179e-03
   3.58555863e+02   2.14289571e-03
   3.58556351e+02   7.48741149e-04
   3.58556839e+02  -1.27785618e-03
   3.58557328e+02  -1.49663538e-03
   3.58557816e+02  -7.04321603e-04
   3.58558304e+02  -1.70210190e-03
   3.58558792e+02  -3.65883531e-03
   3.58559281e+02  -4.63740202e-03
   3.58559769e+02  -2.72086216e-03
   3.58560257e+02  -2.24505857e-04
   3.58560746e+02   2.65688030e-03
   3.58561234e+02   4.15941421e-03
   3.58561722e+02   2.06384226e-03
   3.58562211e+02  -1.37788220e-03
   3.58562699e+02  -1.86532375e-03
   3.58563187e+02  -1.32326514e-03
   3.58563676e+02  -2.03156099e-03
   3.58564164e+02  -1.22969865e-03
   3.58564652e+02   4.21016921e-05
   3.58565140e+02  -1.40303303e-03
   3.58565629e+02  -2.85035162e-03
   3.58566117e+02  -1.10176497e-03
   3.58566605e+02  -2.05072365e-03
   3.58567094e+02  -5.30997245e-03
   3.58567582e+02  -4.44183219e-03
   3.58568070e+02  -1.89230556e-03
   3.58568559e+02  -3.07034323e-04
   3.58569047e+02  -5.79682295e-04
   3.58569535e+02  -2.59247003e-03
   3.58570024e+02  -3.22192535e-03
   3.58570512e+02  -5.43518865e-04
   3.58571000e+02   2.31863628e-03
   3.58571488e+02   3.40342964e-03
   3.58571977e+02   2.97829043e-03
   3.58572465e+02   1.10961206e-03
   3.58572953e+02  -1.72795535e-05
   3.58573442e+02  -1.13662693e-03
   3.58573930e+02  -4.35411418e-03
   3.58574418e+02  -5.16482443e-03
   3.58574907e+02  -1.93223997e-03
   3.58575395e+02   2.96788127e-03
   3.58575883e+02   2.24857661e-03
   3.58576372e+02  -1.58320204e-03
   3.58576860e+02  -1.75415457e-03
   3.58577348e+02   1.61012332e-03
   3.58577836e+02   5.85411442e-03
   3.58578325e+02   7.14994082e-03
   3.58578813e+02   5.11185778e-03
   3.58579301e+02   1.74201396e-03
   3.58579790e+02  -2.95874430e-03
   3.58580278e+02  -5.20934956e-03
   3.58580766e+02  -2.96321139e-03
   3.58581255e+02  -5.47192234e-04
   3.58581743e+02   3.36983328e-04
   3.58582231e+02   3.28354887e-04
   3.58582720e+02  -7.14139664e-04
   3.58583208e+02   3.89345310e-04
   3.58583696e+02   1.07957877e-03
   3.58584185e+02  -1.90088653e-03
   3.58584673e+02  -2.59455410e-03
   3.58585161e+02  -1.20124721e-03
   3.58585649e+02   2.68803851e-04
   3.58586138e+02   2.18558335e-03
   3.58586626e+02   1.56699133e-03
   3.58587114e+02  -1.68285205e-03
   3.58587603e+02  -3.00007197e-03
   3.58588091e+02  -1.66749989e-03
   3.58588579e+02   7.08311447e-04
   3.58589068e+02   2.68615829e-03
   3.58589556e+02   3.35450214e-03
   3.58590044e+02   2.88821012e-03
   3.58590533e+02   6.63372455e-04
   3.58591021e+02  -2.85371701e-04
   3.58591509e+02   1.54082640e-03
   3.58591997e+02   4.63936990e-03
   3.58592486e+02   6.68758852e-03
   3.58592974e+02   4.51888796e-03
   3.58593462e+02  -6.89656590e-04
   3.58593951e+02  -3.65352398e-03
   3.58594439e+02  -4.53290250e-03
   3.58594927e+02  -3.04639735e-03
   3.58595416e+02   6.01815002e-04
   3.58595904e+02   5.88968513e-04
   3.58596392e+02  -6.12648204e-04
   3.58596881e+02   7.66617770e-04
   3.58597369e+02   4.89827828e-04
   3.58597857e+02   1.00063533e-03
   3.58598345e+02   2.63292599e-03
   3.58598834e+02   2.22317129e-03
   3.58599322e+02  -1.66662945e-03
   3.58599810e+02  -6.19790237e-03
   3.58600299e+02  -4.45980718e-03
   3.58600787e+02   5.45844305e-05
   3.58601275e+02   2.81426474e-03
   3.58601764e+02   7.43116194e-04
   3.58602252e+02  -7.40226998e-04
   3.58602740e+02   4.24799882e-03
   3.58603229e+02   5.85473375e-03
   3.58603717e+02   5.51100413e-04
   3.58604205e+02  -3.39165237e-03
   3.58604693e+02  -4.88827005e-03
   3.58605182e+02  -4.72212350e-03
   3.58605670e+02  -3.21477046e-03
   3.58606158e+02  -6.84770755e-04
   3.58606647e+02  -2.55074905e-04
   3.58607135e+02  -3.30099807e-04
   3.58607623e+02  -6.89814042e-04
   3.58608112e+02  -6.84593862e-04
   3.58608600e+02   1.15870032e-03
   3.58609088e+02   8.54149170e-04
   3.58609577e+02  -4.37825307e-04
   3.58610065e+02  -1.89303159e-04
   3.58610553e+02  -1.66249578e-04
   3.58611041e+02  -7.82990537e-04
   3.58611530e+02  -1.04528596e-03
   3.58612018e+02  -3.54496558e-04
   3.58612506e+02   3.44897766e-04
   3.58612995e+02  -5.72953722e-04
   3.58613483e+02  -3.45728802e-03
   3.58613971e+02  -4.56555886e-03
   3.58614460e+02  -1.02906278e-03
   3.58614948e+02   2.45814421e-03
   3.58615436e+02   7.59294140e-04
   3.58615925e+02  -2.57095881e-03
   3.58616413e+02  -2.33892072e-03
   3.58616901e+02  -1.93617109e-03
   3.58617389e+02  -2.74321972e-03
   3.58617878e+02  -3.08290287e-03
   3.58618366e+02  -1.56685652e-03
   3.58618854e+02   5.48944168e-04
   3.58619343e+02  -9.76752606e-04
   3.58619831e+02  -1.57877430e-03
   3.58620319e+02   3.28020519e-03
   3.58620808e+02   5.97491348e-03
   3.58621296e+02   3.93440714e-03
   3.58621784e+02   8.13558348e-04
   3.58622273e+02   7.29757710e-04
   3.58622761e+02  -1.45294366e-03
   3.58623249e+02  -4.75263828e-03
   3.58623738e+02  -5.10449056e-03
   3.58624226e+02  -2.52785976e-03
   3.58624714e+02  -3.16983904e-04
   3.58625202e+02   2.60222284e-03
   3.58625691e+02   2.69354158e-03
   3.58626179e+02  -6.66208623e-04
   3.58626667e+02  -6.72790557e-05
   3.58627156e+02   2.52312189e-03
   3.58627644e+02   1.47550064e-03
   3.58628132e+02   4.36959555e-04
   3.58628621e+02   2.09955429e-03
   3.58629109e+02   1.04389573e-03
   3.58629597e+02  -2.55198707e-03
   3.58630086e+02  -1.35201612e-03
   3.58630574e+02  -1.11037305e-04
   3.58631062e+02  -2.85631930e-03
   3.58631550e+02  -4.63695638e-03
   3.58632039e+02  -2.01423233e-03
   3.58632527e+02   3.27759353e-03
   3.58633015e+02   3.50873196e-03
   3.58633504e+02  -2.01726962e-05
   3.58633992e+02  -5.33594633e-04
   3.58634480e+02   1.47723767e-04
   3.58634969e+02  -1.04184798e-03
   3.58635457e+02  -1.92161649e-03
   3.58635945e+02  -7.22630764e-04
   3.58636434e+02   4.98987501e-04
   3.58636922e+02   1.46389852e-04
   3.58637410e+02   7.61160627e-04
   3.58637898e+02   1.80765125e-03
   3.58638387e+02  -6.89718698e-04
   3.58638875e+02  -4.47981386e-03
   3.58639363e+02  -5.10125374e-03
   3.58639852e+02  -4.05828143e-03
   3.58640340e+02  -5.68847917e-03
   3.58640828e+02  -5.23497863e-03
   3.58641317e+02  -1.43478205e-03
   3.58641805e+02   2.17283983e-03
   3.58642293e+02   4.65915445e-03
   3.58642782e+02   5.32836560e-03
   3.58643270e+02   2.89386930e-03
   3.58643758e+02  -1.46643084e-04
   3.58644246e+02  -3.54493764e-04
   3.58644735e+02   2.03087670e-03
   3.58645223e+02   1.98360556e-03
   3.58645711e+02  -4.55041627e-05
   3.58646200e+02  -1.07873953e-03
   3.58646688e+02  -6.64337131e-04
   3.58647176e+02  -1.19352306e-03
   3.58647665e+02  -3.43482872e-03
   3.58648153e+02  -2.35356926e-03
   3.58648641e+02   9.44126979e-04
   3.58649130e+02   3.37348582e-04
   3.58649618e+02  -2.08635954e-03
   3.58650106e+02   4.89543309e-04
   3.58650594e+02   5.32002421e-03
   3.58651083e+02   4.22981381e-03
   3.58651571e+02   9.54076822e-05
   3.58652059e+02  -2.03540549e-03
   3.58652548e+02  -1.15358562e-03
   3.58653036e+02  -1.26086455e-03
   3.58653524e+02  -1.11982622e-03
   3.58654013e+02   2.75253924e-03
   3.58654501e+02   3.22181289e-03
   3.58654989e+02   1.50455069e-03
   3.58655478e+02   1.49921537e-03
   3.58655966e+02   1.68028753e-03
   3.58656454e+02  -4.93700427e-05
   3.58656942e+02  -1.89002021e-03
   3.58657431e+02  -1.81128562e-04
   3.58657919e+02   1.10618072e-03
   3.58658407e+02  -5.59030123e-05
   3.58658896e+02  -1.23577542e-03
   3.58659384e+02  -1.43475540e-03
   3.58659872e+02  -5.95926598e-04
   3.58660361e+02  -9.84245329e-04
   3.58660849e+02  -1.18237070e-03
   3.58661337e+02   1.25385268e-04
   3.58661826e+02   8.70963151e-04
   3.58662314e+02   1.45949758e-04
   3.58662802e+02  -1.25579373e-03
   3.58663291e+02  -2.63643335e-03
   3.58663779e+02  -3.59991100e-03
   3.58664267e+02  -3.79668176e-03
   3.58664755e+02  -2.44965008e-03
   3.58665244e+02  -7.01734607e-05
   3.58665732e+02   1.40714215e-03
   3.58666220e+02   1.39158731e-03
   3.58666709e+02  -2.29173480e-03
   3.58667197e+02  -3.75475758e-03
   3.58667685e+02  -2.09815637e-03
   3.58668174e+02  -1.82362471e-03
   3.58668662e+02  -2.29896279e-03
   3.58669150e+02  -3.09696491e-03
   3.58669639e+02  -3.00330645e-03
   3.58670127e+02  -1.57478289e-03
   3.58670615e+02  -1.38081540e-03
   3.58671103e+02  -1.66358717e-03
   3.58671592e+02   1.88249617e-03
   3.58672080e+02   2.58137402e-03
   3.58672568e+02  -2.19218360e-04
   3.58673057e+02   1.75860507e-04
   3.58673545e+02   7.25827296e-04
   3.58674033e+02   9.70342837e-04
   3.58674522e+02   1.24068663e-03
   3.58675010e+02   7.57711998e-04
   3.58675498e+02   2.29833135e-03
   3.58675987e+02   4.49251710e-03
   3.58676475e+02   2.96647241e-03
   3.58676963e+02   2.46778503e-03
   3.58677451e+02   3.89308739e-03
   3.58677940e+02   3.10368929e-03
   3.58678428e+02   1.35880231e-03
   3.58678916e+02  -8.91464413e-04
   3.58679405e+02  -2.63757585e-03
   3.58679893e+02  -6.66402397e-04
   3.58680381e+02   9.06037749e-04
   3.58680870e+02   2.36304221e-03
   3.58681358e+02   2.43217987e-03
   3.58681846e+02   2.44331756e-03
   3.58682335e+02   3.15560400e-03
   3.58682823e+02   3.08699324e-03
   3.58683311e+02  -4.44124016e-04
   3.58683799e+02  -4.81973821e-03
   3.58684288e+02  -4.49441234e-03
   3.58684776e+02  -2.78492155e-03
   3.58685264e+02  -1.62585557e-03
   3.58685753e+02   3.15396977e-03
   3.58686241e+02   3.96688795e-03
   3.58686729e+02   3.98232078e-04
   3.58687218e+02   1.02648942e-03
   3.58687706e+02   1.08219020e-03
   3.58688194e+02  -7.23658013e-04
   3.58688683e+02  -1.12008932e-03
   3.58689171e+02  -4.30385675e-03
   3.58689659e+02  -5.06919529e-03
   3.58690147e+02   5.15479245e-04
   3.58690636e+02   2.64443643e-03
   3.58691124e+02  -8.55530030e-04
   3.58691612e+02  -1.41238084e-03
   3.58692101e+02  -6.21943560e-04
   3.58692589e+02  -1.91501385e-04
   3.58693077e+02   2.52254005e-03
   3.58693566e+02   3.22883786e-03
   3.58694054e+02   1.48900400e-03
   3.58694542e+02   1.35536375e-03
   3.58695031e+02   2.63342424e-03
   3.58695519e+02   4.35310509e-03
   3.58696007e+02   5.56674832e-03
   3.58696495e+02   5.59992669e-03
   3.58696984e+02   3.76156205e-03
   3.58697472e+02   4.25676699e-04
   3.58697960e+02  -1.11398741e-03
   3.58698449e+02  -1.00818684e-03
   3.58698937e+02  -1.24950800e-03
   3.58699425e+02  -3.42262280e-03
   3.58699914e+02  -5.39586274e-03
   3.58700402e+02  -4.26555332e-03
   3.58700890e+02  -2.19310075e-03
   3.58701379e+02   2.21494498e-04
   3.58701867e+02   2.32874951e-03
   3.58702355e+02   3.00529459e-03
   3.58702844e+02   3.07218311e-03
   3.58703332e+02   3.37723223e-03
   3.58703820e+02   3.94077244e-04
   3.58704308e+02  -1.93693989e-03
   3.58704797e+02   1.17473374e-03
   3.58705285e+02   3.86229483e-03
   3.58705773e+02   3.45674739e-03
   3.58706262e+02   2.40377220e-03
   3.58706750e+02   4.97433881e-04
   3.58707238e+02  -1.74396555e-03
   3.58707727e+02  -3.33662552e-04
   3.58708215e+02   2.42778240e-03
   3.58708703e+02   1.77248230e-03
   3.58709192e+02  -4.66958678e-04
   3.58709680e+02  -7.49838306e-04
   3.58710168e+02   2.81594507e-03
   3.58710656e+02   5.01712831e-03
   3.58711145e+02   3.68931424e-03
   3.58711633e+02   3.76716279e-03
   3.58712121e+02   1.81122357e-03
   3.58712610e+02  -4.61872388e-03
   3.58713098e+02  -5.50630130e-03
   3.58713586e+02   1.08370360e-03
   3.58714075e+02   4.20455635e-03
   3.58714563e+02   1.81318459e-03
   3.58715051e+02  -4.13892441e-04
   3.58715540e+02  -2.57929042e-03
   3.58716028e+02  -4.66642482e-03
   3.58716516e+02  -2.82456959e-03
   3.58717004e+02  -1.58735749e-03
   3.58717493e+02  -2.69897096e-03
   3.58717981e+02  -2.92742997e-03
   3.58718469e+02  -3.01817269e-03
   3.58718958e+02  -2.77987192e-03
   3.58719446e+02  -2.01442512e-03
   3.58719934e+02  -1.24788226e-03
   3.58720423e+02  -1.56083540e-03
   3.58720911e+02  -1.11683132e-03
   3.58721399e+02   6.85737818e-04
   3.58721888e+02   1.55812304e-03
   3.58722376e+02   2.30256189e-03
   3.58722864e+02   4.37078951e-03
   3.58723352e+02   4.83894208e-03
   3.58723841e+02   5.30022150e-03
   3.58724329e+02   3.12460889e-03
   3.58724817e+02  -3.60295339e-03
   3.58725306e+02  -4.69426252e-03
   3.58725794e+02  -2.74395314e-03
   3.58726282e+02  -2.42877263e-03
   3.58726771e+02  -9.04688961e-04
   3.58727259e+02  -1.28389860e-03
   3.58727747e+02  -2.93215574e-03
   3.58728236e+02  -3.28568765e-03
   3.58728724e+02  -2.42879288e-03
   3.58729212e+02   2.26093642e-03
   3.58729700e+02   5.10670757e-03
   3.58730189e+02   4.56830673e-03
   3.58730677e+02   3.27570830e-03
   3.58731165e+02   2.12189532e-03
   3.58731654e+02   3.06828786e-03
   3.58732142e+02   2.01909011e-03
   3.58732630e+02  -1.15162262e-03
   3.58733119e+02  -4.20867611e-04
   3.58733607e+02   2.96833622e-03
   3.58734095e+02   3.69196199e-03
   3.58734584e+02   1.71148032e-03
   3.58735072e+02   1.19743310e-03
   3.58735560e+02   8.06804630e-04
   3.58736048e+02   4.85733326e-04
   3.58736537e+02   2.22704071e-03
   3.58737025e+02   5.70554577e-04
   3.58737513e+02  -2.64030090e-03
   3.58738002e+02  -2.19102763e-03
   3.58738490e+02  -1.86065305e-03
   3.58738978e+02  -4.32680501e-03
   3.58739467e+02  -4.73176502e-03
   3.58739955e+02  -1.52464129e-03
   3.58740443e+02   4.82847572e-05
   3.58740932e+02   1.43107120e-03
   3.58741420e+02   5.09059522e-03
   3.58741908e+02   3.33672320e-03
   3.58742397e+02   1.02226266e-04
   3.58742885e+02   1.29140599e-03
   3.58743373e+02  -8.38014996e-04
   3.58743861e+02  -3.63486819e-03
   3.58744350e+02  -9.58336226e-04
   3.58744838e+02   1.48269744e-03
   3.58745326e+02  -5.08928148e-04
   3.58745815e+02  -1.51135889e-03
   3.58746303e+02   1.48804602e-03
   3.58746791e+02   6.31142990e-04
   3.58747280e+02  -1.36383262e-03
   3.58747768e+02   3.25644272e-03
   3.58748256e+02   5.26767597e-03
   3.58748745e+02   3.20096780e-03
   3.58749233e+02   2.98550865e-03
   3.58749721e+02   1.83820748e-03
   3.58750209e+02   4.62946191e-04
   3.58750698e+02  -5.15349268e-04
   3.58751186e+02  -1.05116505e-03
   3.58751674e+02   8.15094158e-04
   3.58752163e+02   1.68114190e-03
   3.58752651e+02   1.73534930e-03
   3.58753139e+02   3.77228693e-03
   3.58753628e+02   4.86120628e-03
   3.58754116e+02   3.42853181e-03
   3.58754604e+02   1.97582552e-03
   3.58755093e+02   1.06340821e-03
   3.58755581e+02  -8.90711555e-04
   3.58756069e+02  -2.87171919e-03
   3.58756557e+02   1.26763841e-03
   3.58757046e+02   6.69280393e-03
   3.58757534e+02   7.08269328e-03
   3.58758022e+02   3.82651784e-03
   3.58758511e+02  -1.20953110e-03
   3.58758999e+02  -3.51004070e-03
   3.58759487e+02  -3.58930766e-03
   3.58759976e+02  -2.38357694e-03
   3.58760464e+02   5.59205830e-04
   3.58760952e+02   1.46059424e-03
   3.58761441e+02   6.37377438e-04
   3.58761929e+02  -2.46870867e-03
   3.58762417e+02  -4.59708041e-03
   3.58762905e+02  -2.47431360e-03
   3.58763394e+02   8.93695746e-04
   3.58763882e+02   4.13995818e-04
   3.58764370e+02  -1.85804954e-03
   3.58764859e+02  -1.44562242e-03
   3.58765347e+02   1.08149904e-03
   3.58765835e+02  -1.77440761e-05
   3.58766324e+02  -4.11907397e-03
   3.58766812e+02  -3.63811199e-03
   3.58767300e+02  -2.39142589e-03
   3.58767789e+02  -1.88273040e-03
   3.58768277e+02  -2.83291168e-03
   3.58768765e+02  -6.22989703e-03
   3.58769253e+02  -8.41528829e-03
   3.58769742e+02  -8.63059703e-03
   3.58770230e+02  -7.17725931e-03
   3.58770718e+02  -3.49252811e-03
   3.58771207e+02  -6.53465861e-04
   3.58771695e+02  -1.47020107e-03
   3.58772183e+02  -1.11034221e-03
   3.58772672e+02   2.22758669e-03
   3.58773160e+02   2.15789396e-03
   3.58773648e+02  -1.50847319e-03
   3.58774137e+02  -5.66492381e-04
   3.58774625e+02   4.72525368e-03
   3.58775113e+02   2.79166480e-03
   3.58775601e+02  -2.77826330e-03
   3.58776090e+02  -1.49460731e-03
   3.58776578e+02   2.77174404e-03
   3.58777066e+02   4.75277985e-03
   3.58777555e+02   7.11347908e-03
   3.58778043e+02   9.11083724e-03
   3.58778531e+02   5.31035615e-03
   3.58779020e+02   1.56304718e-03
   3.58779508e+02   9.24735912e-04
   3.58779996e+02   7.01965415e-04
   3.58780485e+02  -1.28926337e-03
   3.58780973e+02  -3.14172287e-03
   3.58781461e+02  -1.03329227e-03
   3.58781950e+02   1.33753743e-03
   3.58782438e+02  -1.40110438e-03
   3.58782926e+02  -4.55953600e-03
   3.58783414e+02  -5.47291292e-03
   3.58783903e+02  -5.56994649e-03
   3.58784391e+02  -2.27291789e-03
   3.58784879e+02   7.86929275e-04
   3.58785368e+02   1.53235055e-03
   3.58785856e+02  -2.58733728e-03
   3.58786344e+02  -6.43497379e-03
   3.58786833e+02  -2.40833592e-03
   3.58787321e+02   2.61576287e-03
   3.58787809e+02   1.64952804e-03
   3.58788298e+02  -1.08645589e-03
   3.58788786e+02  -2.70262337e-03
   3.58789274e+02  -2.45487061e-03
   3.58789762e+02  -2.16473150e-03
   3.58790251e+02  -1.23729068e-03
   3.58790739e+02   1.65225111e-03
   3.58791227e+02   2.06909399e-03
   3.58791716e+02   2.39602639e-03
   3.58792204e+02   2.95046670e-03
   3.58792692e+02  -2.30521153e-04
   3.58793181e+02  -2.36548996e-03
   3.58793669e+02  -1.86769431e-03
   3.58794157e+02  -1.17198413e-03
   3.58794646e+02  -1.09034684e-03
   3.58795134e+02  -5.97365550e-04
   3.58795622e+02   3.54901794e-03
   3.58796110e+02   3.74268880e-03
   3.58796599e+02   1.57746358e-03
   3.58797087e+02   1.15734071e-03
   3.58797575e+02   7.20105716e-04
   3.58798064e+02   1.32592861e-03
   3.58798552e+02   3.79349710e-03
   3.58799040e+02   7.13199470e-03
   3.58799529e+02   4.51728515e-03
   3.58800017e+02  -1.50788098e-03
   3.58800505e+02  -2.99367867e-03
   3.58800994e+02  -1.84336328e-03
   3.58801482e+02   1.04453706e-03
   3.58801970e+02   2.60934141e-03
   3.58802458e+02   6.06709393e-04
   3.58802947e+02   1.84890770e-04
   3.58803435e+02   1.25764112e-03
   3.58803923e+02   9.99356620e-04
   3.58804412e+02   1.07274333e-03
   3.58804900e+02   2.23036902e-03
   3.58805388e+02   1.58875284e-03
   3.58805877e+02   5.58218278e-04
   3.58806365e+02   4.93594853e-04
   3.58806853e+02   1.81665900e-03
   3.58807342e+02   3.30598163e-03
   3.58807830e+02   3.93875036e-03
   3.58808318e+02   3.03938519e-03
   3.58808806e+02   2.04722281e-03
   3.58809295e+02  -4.89276601e-04
   3.58809783e+02  -4.75690188e-03
   3.58810271e+02  -3.73318070e-03
   3.58810760e+02  -7.09535030e-04
   3.58811248e+02  -9.26285982e-04
   3.58811736e+02  -2.50318320e-04
   3.58812225e+02  -3.92128568e-04
   3.58812713e+02   1.31678057e-03
   3.58813201e+02   5.16090635e-03
   3.58813690e+02   2.64919247e-03
   3.58814178e+02  -1.13204145e-03
   3.58814666e+02   4.43937824e-05
   3.58815154e+02   1.99611206e-03
   3.58815643e+02   2.87693786e-03
   3.58816131e+02   1.85087544e-03
   3.58816619e+02  -1.74637977e-03
   3.58817108e+02  -4.03510919e-03
   3.58817596e+02  -3.97278136e-03
   3.58818084e+02  -2.57928623e-03
   3.58818573e+02  -1.46637112e-03
   3.58819061e+02   1.90743187e-04
   3.58819549e+02  -2.36148029e-04
   3.58820038e+02   2.97223363e-04
   3.58820526e+02   3.91522609e-03
   3.58821014e+02   1.22741575e-03
   3.58821503e+02  -2.63263611e-03
   3.58821991e+02   1.29948696e-03
   3.58822479e+02   6.82676956e-03
   3.58822967e+02   3.34597798e-03
   3.58823456e+02  -9.09887021e-04
   3.58823944e+02  -1.09466346e-04
   3.58824432e+02  -2.92497640e-03
   3.58824921e+02  -5.62763168e-03
   3.58825409e+02  -3.91988363e-03
   3.58825897e+02   1.09103443e-04
   3.58826386e+02   1.21421914e-03
   3.58826874e+02  -8.80757580e-04
   3.58827362e+02  -2.03836360e-03
   3.58827851e+02  -1.63959048e-03
   3.58828339e+02  -1.63890712e-04
   3.58828827e+02   2.00579967e-03
   3.58829315e+02   2.87582423e-03
   3.58829804e+02   1.88968226e-03
   3.58830292e+02  -1.34458335e-03
   3.58830780e+02  -5.35842311e-03
   3.58831269e+02  -6.55098446e-03
   3.58831757e+02  -3.08908173e-03
   3.58832245e+02   2.00666982e-04
   3.58832734e+02   2.44876556e-03
   3.58833222e+02   6.17616111e-04
   3.58833710e+02  -3.98273394e-03
   3.58834199e+02  -4.24359739e-03
   3.58834687e+02  -4.19819029e-03
   3.58835175e+02  -1.50819286e-03
   3.58835663e+02   4.32375632e-03
   3.58836152e+02   3.92985065e-03
   3.58836640e+02   1.12679973e-03
   3.58837128e+02  -1.56800542e-03
   3.58837617e+02  -5.15287649e-03
   3.58838105e+02  -1.08414574e-03
   3.58838593e+02   6.08029589e-03
   3.58839082e+02   3.73588898e-03
   3.58839570e+02  -1.36017043e-03
   3.58840058e+02  -8.96904094e-04
   3.58840547e+02  -7.52557593e-04
   3.58841035e+02   2.94454367e-04
   3.58841523e+02   3.31956637e-03
   3.58842011e+02   4.13811998e-03
   3.58842500e+02  -5.15358581e-04
   3.58842988e+02  -2.58108368e-03
   3.58843476e+02   3.01095052e-03
   3.58843965e+02   5.83536178e-03
   3.58844453e+02   4.50703874e-03
   3.58844941e+02   1.15667062e-03
   3.58845430e+02   1.34290860e-03
   3.58845918e+02   5.53608639e-03
   3.58846406e+02   3.69063416e-03
   3.58846895e+02  -1.08728698e-03
   3.58847383e+02  -8.17234104e-04
   3.58847871e+02   7.58685032e-03
   3.58848359e+02   1.52605735e-02
   3.58848848e+02   1.22319851e-02
   3.58849336e+02   5.76274283e-03
   3.58849824e+02   5.96989179e-03
   3.58850313e+02   5.51815704e-03
   3.58850801e+02   1.59769179e-03
   3.58851289e+02  -9.96065093e-04
   3.58851778e+02  -5.29714744e-04
   3.58852266e+02   4.77703754e-03
   3.58852754e+02   1.08913975e-02
   3.58853243e+02   6.63296226e-03
   3.58853731e+02  -2.50657531e-03
   3.58854219e+02  -6.47782627e-03
   3.58854707e+02  -2.36369646e-03
   3.58855196e+02   1.85156951e-03
   3.58855684e+02  -1.40269496e-03
   3.58856172e+02  -5.05063310e-03
   3.58856661e+02  -1.01687247e-02
   3.58857149e+02  -8.66548903e-03
   3.58857637e+02  -2.87691364e-03
   3.58858126e+02   2.82484270e-03
   3.58858614e+02   3.33255786e-03
   3.58859102e+02  -2.66350619e-03
   3.58859591e+02  -8.29955842e-03
   3.58860079e+02  -1.08070597e-02
   3.58860567e+02  -1.23489066e-03
   3.58861056e+02   5.57326898e-03
   3.58861544e+02   5.51592465e-03
   3.58862032e+02   5.15467394e-03
   3.58862520e+02   1.83308008e-03
   3.58863009e+02   6.71969246e-05
   3.58863497e+02   1.62926619e-03
   3.58863985e+02   4.89420781e-04
   3.58864474e+02  -2.14629155e-03
   3.58864962e+02  -8.87236465e-03
   3.58865450e+02  -1.26928724e-02
   3.58865939e+02  -5.51875262e-03
   3.58866427e+02   5.11397887e-03
   3.58866915e+02   8.36907420e-03
   3.58867404e+02   1.89532514e-03
   3.58867892e+02   8.13889608e-04
   3.58868380e+02   8.14379659e-03
   3.58868868e+02   9.64073744e-03
   3.58869357e+02   4.51634359e-03
   3.58869845e+02   5.61419502e-03
   3.58870333e+02   8.92101042e-03
   3.58870822e+02   1.38109168e-02
   3.58871310e+02   1.91887114e-02
   3.58871798e+02   4.12839092e-03
   3.58872287e+02  -1.42676616e-02
   3.58872775e+02  -1.21028433e-02
   3.58873263e+02   2.70914927e-04
   3.58873752e+02   8.27512518e-03
   3.58874240e+02  -2.00715309e-04
   3.58874728e+02  -2.31219456e-03
   3.58875216e+02   7.24910246e-03
   3.58875705e+02   1.27158239e-02
   3.58876193e+02   4.10755491e-03
   3.58876681e+02  -3.91148496e-03
   3.58877170e+02  -1.53588236e-03
   3.58877658e+02   9.38423618e-05
   3.58878146e+02  -7.70790270e-03
   3.58878635e+02  -6.78976532e-03
   3.58879123e+02   1.13906909e-03
   3.58879611e+02   3.28358682e-03
   3.58880100e+02   1.21890823e-03
   3.58880588e+02   8.63986264e-04
   3.58881076e+02   8.78085208e-04
   3.58881564e+02   4.36705042e-04
   3.58882053e+02  -2.21448764e-03
   3.58882541e+02  -8.46639450e-04
   3.58883029e+02   3.97799956e-03
   3.58883518e+02   6.00620452e-03
   3.58884006e+02   3.24653531e-03
   3.58884494e+02   3.88179999e-03
   3.58884983e+02   6.92207506e-03
   3.58885471e+02   4.99495445e-03
   3.58885959e+02   4.49061254e-03
   3.58886448e+02   7.10313627e-03
   3.58886936e+02   7.36370264e-03
   3.58887424e+02   1.09338844e-02
   3.58887912e+02   1.38275102e-02
   3.58888401e+02   6.17481163e-03
   3.58888889e+02   1.38766470e-03
   3.58889377e+02   4.85413766e-04
   3.58889866e+02  -7.77179084e-04
   3.58890354e+02  -2.29179248e-04
   3.58890842e+02  -3.83143080e-03
   3.58891331e+02  -5.91897219e-03
   3.58891819e+02  -4.42707073e-03
   3.58892307e+02  -2.80373846e-03
   3.58892796e+02  -3.86733492e-03
   3.58893284e+02  -5.26781566e-03
   3.58893772e+02  -1.23755503e-02
   3.58894260e+02  -1.56977829e-02
   3.58894749e+02  -9.68053099e-03
   3.58895237e+02  -7.82356411e-03
   3.58895725e+02  -8.95105209e-03
   3.58896214e+02  -3.27657908e-03
   3.58896702e+02   4.50187922e-03
   3.58897190e+02  -2.44897162e-03
   3.58897679e+02  -1.20843370e-02
   3.58898167e+02  -7.29063619e-03
   3.58898655e+02  -7.40070420e-04
   3.58899144e+02  -9.42885759e-04
   3.58899632e+02  -3.39405239e-03
   3.58900120e+02  -2.20919563e-03
   3.58900608e+02   5.78412379e-04
   3.58901097e+02   3.48054874e-03
   3.58901585e+02   2.32554483e-03
   3.58902073e+02  -8.33493192e-04
   3.58902562e+02  -7.93636602e-04
   3.58903050e+02  -1.68325705e-03
   3.58903538e+02  -1.04294799e-03
   3.58904027e+02   2.06219978e-04
   3.58904515e+02  -1.52285094e-04
   3.58905003e+02   1.19964418e-03
   3.58905492e+02   5.70181385e-03
   3.58905980e+02   6.57141674e-03
   3.58906468e+02   5.74021041e-03
   3.58906957e+02   7.01292651e-03
   3.58907445e+02   5.93475113e-03
   3.58907933e+02   3.02489754e-03
   3.58908421e+02  -5.09814708e-04
   3.58908910e+02  -1.75015919e-03
   3.58909398e+02   2.33639893e-03
   3.58909886e+02   3.83716892e-03
   3.58910375e+02  -1.18849520e-03
   3.58910863e+02  -3.80675681e-03
   3.58911351e+02   2.82057008e-04
   3.58911840e+02   4.77402238e-03
   3.58912328e+02   5.49873570e-03
   3.58912816e+02   3.16025782e-03
   3.58913305e+02  -5.31651895e-04
   3.58913793e+02  -2.96965707e-04
   3.58914281e+02  -7.22028417e-05
   3.58914769e+02   4.37116716e-04
   3.58915258e+02   5.69263997e-04
   3.58915746e+02   5.36992738e-04
   3.58916234e+02   3.54415108e-03
   3.58916723e+02   3.68789909e-03
   3.58917211e+02  -1.64193555e-03
   3.58917699e+02  -6.13153167e-03
   3.58918188e+02  -5.93826221e-03
   3.58918676e+02  -8.78508145e-04
   3.58919164e+02   2.33851769e-03
   3.58919653e+02   1.76774350e-03
   3.58920141e+02  -7.49095459e-04
   3.58920629e+02   9.43393479e-06
   3.58921117e+02   4.32653294e-04
   3.58921606e+02  -2.27773516e-03
   3.58922094e+02  -4.44423640e-03
   3.58922582e+02  -1.85162690e-03
   3.58923071e+02   1.55840348e-03
   3.58923559e+02   1.05943752e-03
   3.58924047e+02   8.19113939e-06
   3.58924536e+02   3.94663541e-04
   3.58925024e+02   3.29206605e-03
   3.58925512e+02   4.05685464e-03
   3.58926001e+02  -8.57649939e-05
   3.58926489e+02  -3.59949912e-03
   3.58926977e+02  -2.21636076e-03
   3.58927465e+02  -5.25764772e-04
   3.58927954e+02  -2.99239601e-03
   3.58928442e+02  -2.56995228e-03
   3.58928930e+02  -7.51422485e-04
   3.58929419e+02   9.94840637e-04
   3.58929907e+02   3.77277797e-03
   3.58930395e+02   5.22637134e-03
   3.58930884e+02   4.03598696e-03
   3.58931372e+02   2.24689342e-04
   3.58931860e+02  -3.84255149e-03
   3.58932349e+02  -3.50632053e-03
   3.58932837e+02  -2.84712808e-03
   3.58933325e+02  -2.39845179e-03
   3.58933813e+02  -1.17138850e-04
   3.58934302e+02  -6.75588613e-04
   3.58934790e+02  -3.32657318e-03
   3.58935278e+02  -3.47761414e-03
   3.58935767e+02  -1.03260588e-03
   3.58936255e+02  -6.62668259e-04
   3.58936743e+02  -2.81210407e-03
   3.58937232e+02  -4.70234267e-03
   3.58937720e+02  -2.95711542e-03
   3.58938208e+02  -1.64591288e-03
   3.58938697e+02  -4.21250565e-03
   3.58939185e+02  -3.77255981e-03
   3.58939673e+02   2.49822362e-04
   3.58940161e+02  -7.13169458e-04
   3.58940650e+02  -3.64187825e-03
   3.58941138e+02  -4.04307898e-03
   3.58941626e+02  -4.79193777e-03
   3.58942115e+02  -3.31843342e-03
   3.58942603e+02   1.14427251e-03
   3.58943091e+02   1.04660250e-03
   3.58943580e+02  -7.42457458e-04
   3.58944068e+02   2.53947383e-05
   3.58944556e+02   2.91350734e-05
   3.58945045e+02  -1.21157118e-05
   3.58945533e+02   5.51217701e-04
   3.58946021e+02  -8.27862474e-04
   3.58946510e+02  -2.70156539e-03
   3.58946998e+02  -1.23746049e-05
   3.58947486e+02   2.67300801e-03
   3.58947974e+02  -7.80906295e-04
   3.58948463e+02  -4.26185085e-03
   3.58948951e+02  -6.15123706e-03
   3.58949439e+02  -5.29218838e-03
   3.58949928e+02  -3.28409928e-03
   3.58950416e+02  -5.44067658e-03
   3.58950904e+02  -6.72079250e-03
   3.58951393e+02  -2.30044010e-03
   3.58951881e+02   2.36421102e-03
   3.58952369e+02   1.50709460e-03
   3.58952858e+02  -3.42482963e-04
   3.58953346e+02   2.10307119e-03
   3.58953834e+02   3.30433156e-03
   3.58954322e+02   1.58690359e-03
   3.58954811e+02  -1.34252305e-05
   3.58955299e+02  -3.06901871e-03
   3.58955787e+02  -4.60211374e-03
   3.58956276e+02  -2.04880256e-03
   3.58956764e+02  -1.05459971e-04
   3.58957252e+02  -6.89021777e-04
   3.58957741e+02  -2.29169673e-04
   3.58958229e+02   3.74040246e-04
   3.58958717e+02  -1.08458288e-03
   3.58959206e+02  -1.87084533e-03
   3.58959694e+02  -5.53074002e-04
   3.58960182e+02   2.24756030e-03
   3.58960670e+02   4.08795476e-03
   3.58961159e+02  -2.57020234e-04
   3.58961647e+02  -3.27408058e-03
   3.58962135e+02  -5.59702283e-04
   3.58962624e+02  -5.57583873e-04
   3.58963112e+02  -1.96543941e-03
   3.58963600e+02   5.36655833e-04
   3.58964089e+02   2.49267253e-03
   3.58964577e+02   2.21938803e-03
   3.58965065e+02   2.05978588e-03
   3.58965554e+02   1.29113311e-03
   3.58966042e+02   6.82101876e-04
   3.58966530e+02   1.81959895e-03
   3.58967018e+02   9.68321576e-04
   3.58967507e+02  -3.12987599e-03
   3.58967995e+02  -4.56857635e-03
   3.58968483e+02  -3.67632299e-03
   3.58968972e+02  -1.60213839e-03
   3.58969460e+02  -8.91087577e-04
   3.58969948e+02  -5.71338693e-04
   3.58970437e+02   1.03917555e-03
   3.58970925e+02   4.67938691e-04
   3.58971413e+02  -2.11750716e-03
   3.58971902e+02   1.81626077e-04
   3.58972390e+02   3.20728845e-03
   3.58972878e+02   1.85278791e-03
   3.58973366e+02  -3.85836861e-03
   3.58973855e+02  -5.62994508e-03
   3.58974343e+02  -3.80156352e-03
   3.58974831e+02  -1.50713779e-03
   3.58975320e+02  -3.50970635e-03
   3.58975808e+02  -4.64530720e-04
   3.58976296e+02   4.64140298e-03
   3.58976785e+02   4.98414086e-03
   3.58977273e+02   5.95027860e-03
   3.58977761e+02   5.67248370e-03
   3.58978250e+02   3.40292323e-03
   3.58978738e+02   4.39049071e-03
   3.58979226e+02   7.20781786e-03
   3.58979714e+02   6.62470143e-03
   3.58980203e+02   2.61105411e-03
   3.58980691e+02  -1.81171799e-03
   3.58981179e+02  -2.74215080e-03
   3.58981668e+02  -6.20596693e-04
   3.58982156e+02   6.81715028e-04
   3.58982644e+02  -1.08219916e-03
   3.58983133e+02  -1.71460630e-03
   3.58983621e+02  -5.67295472e-04
   3.58984109e+02   1.70967437e-03
   3.58984598e+02   1.49672653e-03
   3.58985086e+02  -3.94748151e-03
   3.58985574e+02  -5.31490101e-03
   3.58986063e+02  -2.79450836e-03
   3.58986551e+02  -2.38442561e-03
   3.58987039e+02  -1.23535196e-04
   3.58987527e+02   1.34185795e-03
   3.58988016e+02  -2.20116088e-03
   3.58988504e+02  -5.85974008e-03
   3.58988992e+02  -6.02931343e-03
   3.58989481e+02  -4.53694863e-03
   3.58989969e+02  -1.51010300e-03
   3.58990457e+02   3.92679183e-04
   3.58990946e+02   2.70142249e-04
   3.58991434e+02   1.76594150e-03
   3.58991922e+02   2.29217205e-03
   3.58992411e+02   4.22630413e-03
   3.58992899e+02   8.98629427e-03
   3.58993387e+02   1.03231603e-02
   3.58993875e+02   6.86977711e-03
   3.58994364e+02   7.51880521e-04
   3.58994852e+02  -4.61342745e-03
   3.58995340e+02  -2.68907822e-03
   3.58995829e+02  -8.10224097e-04
   3.58996317e+02  -2.37981323e-03
   3.58996805e+02  -3.25604179e-03
   3.58997294e+02  -3.28094698e-03
   3.58997782e+02  -3.30179627e-03
   3.58998270e+02  -2.24249368e-03
   3.58998759e+02   1.96856889e-03
   3.58999247e+02   1.74081232e-03
   3.58999735e+02  -3.07635730e-03
   3.59000223e+02  -4.16834513e-03
   3.59000712e+02  -2.85797450e-03
   3.59001200e+02  -2.68957857e-03
   3.59001688e+02  -1.23843877e-03
   3.59002177e+02  -1.19003968e-03
   3.59002665e+02  -2.02307408e-03
   3.59003153e+02  -2.25723558e-03
   3.59003642e+02  -2.18922505e-03
   3.59004130e+02  -1.24061923e-03
   3.59004618e+02  -4.12288384e-04
   3.59005107e+02   2.71678739e-03
   3.59005595e+02   2.56430870e-03
   3.59006083e+02  -1.77718932e-03
   3.59006571e+02  -2.36325222e-03
   3.59007060e+02   1.22166087e-03
   3.59007548e+02   3.24796047e-03
   3.59008036e+02  -1.13855710e-03
   3.59008525e+02  -4.78850817e-03
   3.59009013e+02  -2.67966161e-03
   3.59009501e+02  -2.17008637e-03
   3.59009990e+02  -2.66915374e-03
   3.59010478e+02  -1.51646417e-03
   3.59010966e+02  -7.38610106e-04
   3.59011455e+02  -9.41082544e-04
   3.59011943e+02  -1.45178125e-03
   3.59012431e+02   1.44529087e-03
   3.59012919e+02   3.80237121e-03
   3.59013408e+02   2.29351758e-03
   3.59013896e+02   8.05303280e-04
   3.59014384e+02   7.99360641e-05
   3.59014873e+02  -1.08262280e-03
   3.59015361e+02  -2.94262148e-03
   3.59015849e+02  -2.94865319e-03
   3.59016338e+02  -4.49932646e-04
   3.59016826e+02   6.57086202e-04
   3.59017314e+02  -4.31411288e-04
   3.59017803e+02  -3.28190345e-03
   3.59018291e+02  -3.40374722e-03
   3.59018779e+02  -4.43311001e-04
   3.59019267e+02  -2.36496373e-04
   3.59019756e+02  -3.26660625e-03
   3.59020244e+02  -1.70083262e-03
   3.59020732e+02   1.88680808e-03
   3.59021221e+02  -6.03178167e-04
   3.59021709e+02  -2.88403663e-03
   3.59022197e+02  -5.52294834e-04
   3.59022686e+02   3.04672576e-04
   3.59023174e+02   1.20314641e-03
   3.59023662e+02   2.17906269e-03
   3.59024151e+02  -4.94890031e-04
   3.59024639e+02  -2.56374339e-03
   3.59025127e+02  -1.60546484e-03
   3.59025616e+02   9.35585820e-04
   3.59026104e+02   9.06120578e-04
   3.59026592e+02   8.04493087e-04
   3.59027080e+02   3.60739348e-03
   3.59027569e+02   4.30770731e-03
   3.59028057e+02   1.90799567e-03
   3.59028545e+02  -8.26644246e-04
   3.59029034e+02  -2.55427696e-03
   3.59029522e+02  -1.42157020e-03
   3.59030010e+02   8.96822370e-04
   3.59030499e+02   1.22459175e-03
   3.59030987e+02  -7.59706018e-04
   3.59031475e+02  -1.93527550e-03
   3.59031964e+02  -9.84045095e-04
   3.59032452e+02  -5.29358920e-04
   3.59032940e+02  -4.23638048e-05
   3.59033428e+02  -1.45838875e-03
   3.59033917e+02  -7.85911165e-04
   3.59034405e+02   1.13603647e-03
   3.59034893e+02  -7.14262249e-04
   3.59035382e+02  -1.35751779e-03
   3.59035870e+02  -1.59331394e-04
   3.59036358e+02  -8.67603347e-04
   3.59036847e+02  -1.86613610e-03
   3.59037335e+02  -1.47499458e-03
   3.59037823e+02   2.49391043e-04
   3.59038312e+02   2.58372654e-03
   3.59038800e+02   4.48204111e-03
   3.59039288e+02   3.33079230e-03
   3.59039776e+02   1.20536017e-03
   3.59040265e+02   4.94391483e-04
   3.59040753e+02   4.22194978e-04
   3.59041241e+02   6.36580662e-05
   3.59041730e+02  -6.53396768e-04
   3.59042218e+02   3.73278832e-04
   3.59042706e+02   1.08061009e-03
   3.59043195e+02   4.66627273e-04
   3.59043683e+02   7.48542894e-04
   3.59044171e+02  -1.54030637e-03
   3.59044660e+02  -2.84116599e-03
   3.59045148e+02  -5.62301546e-04
   3.59045636e+02  -3.93419992e-04
   3.59046124e+02  -3.25181521e-04
   3.59046613e+02   1.25246111e-03
   3.59047101e+02   3.63275572e-03
   3.59047589e+02   4.22584917e-03
   3.59048078e+02   1.61963736e-03
   3.59048566e+02   1.02499464e-04
   3.59049054e+02   2.20052036e-03
   3.59049543e+02   2.15717847e-03
   3.59050031e+02  -1.07542088e-03
   3.59050519e+02   1.34700182e-04
   3.59051008e+02   1.49772386e-03
   3.59051496e+02  -1.16452703e-03
   3.59051984e+02  -3.58565734e-03
   3.59052472e+02  -4.38430859e-03
   3.59052961e+02  -4.72712703e-03
   3.59053449e+02  -2.84635974e-03
   3.59053937e+02  -2.04480346e-03
   3.59054426e+02  -1.67830451e-03
   3.59054914e+02   6.46400265e-04
   3.59055402e+02   2.06959201e-03
   3.59055891e+02   1.24320830e-03
   3.59056379e+02   1.07195973e-03
   3.59056867e+02   1.75843161e-04
   3.59057356e+02  -6.45809399e-04
   3.59057844e+02  -8.62804882e-04
   3.59058332e+02  -4.05005133e-03
   3.59058820e+02  -5.29532274e-03
   3.59059309e+02  -2.25438364e-03
   3.59059797e+02  -4.39223455e-04
   3.59060285e+02   7.14953523e-04
   3.59060774e+02   2.75824801e-03
   3.59061262e+02   3.12726898e-03
   3.59061750e+02   1.19882857e-03
   3.59062239e+02  -8.42356938e-04
   3.59062727e+02  -3.20797716e-03
   3.59063215e+02  -1.94913824e-03
   3.59063704e+02   4.97693196e-04
   3.59064192e+02  -1.12112015e-04
   3.59064680e+02  -1.23473338e-03
   3.59065169e+02  -1.01124926e-04
   3.59065657e+02   1.09362265e-03
   3.59066145e+02   4.10658715e-04
   3.59066633e+02  -7.73504260e-04
   3.59067122e+02   9.85850696e-04
   3.59067610e+02   4.43306519e-03
   3.59068098e+02   4.06737439e-03
   3.59068587e+02   2.11563660e-03
   3.59069075e+02   3.31271673e-03
   3.59069563e+02   3.44963535e-03
   3.59070052e+02   2.21451232e-03
   3.59070540e+02   3.04306555e-03
   3.59071028e+02   2.94298236e-03
   3.59071517e+02   6.49065012e-04
   3.59072005e+02  -8.49084929e-04
   3.59072493e+02  -1.64749078e-03
   3.59072981e+02  -1.52394321e-04
   3.59073470e+02   1.33138662e-03
   3.59073958e+02   7.18307274e-04
   3.59074446e+02  -1.15740695e-03
   3.59074935e+02  -5.59548568e-03
   3.59075423e+02  -5.93367545e-03
   3.59075911e+02  -7.40863732e-04
   3.59076400e+02  -7.65633129e-04
   3.59076888e+02  -2.06034328e-03
   3.59077376e+02   1.64436095e-03
   3.59077865e+02   2.72077997e-03
   3.59078353e+02   1.94171572e-03
   3.59078841e+02   3.10863042e-03
   3.59079329e+02   3.12652043e-03
   3.59079818e+02   7.14096881e-04
   3.59080306e+02  -1.22203596e-03
   3.59080794e+02  -1.27272541e-03
   3.59081283e+02  -8.39024025e-04
   3.59081771e+02  -3.30712792e-04
   3.59082259e+02   1.04681717e-03
   3.59082748e+02   2.40407418e-03
   3.59083236e+02   4.43375844e-04
   3.59083724e+02  -2.32886872e-03
   3.59084213e+02  -2.89018289e-03
   3.59084701e+02  -2.05773185e-03
   3.59085189e+02  -1.37506449e-03
   3.59085677e+02  -2.19239810e-05
   3.59086166e+02   2.17724522e-03
   3.59086654e+02   3.07430211e-03
   3.59087142e+02   3.71669116e-03
   3.59087631e+02   4.87583783e-03
   3.59088119e+02   4.92993416e-03
   3.59088607e+02   3.94124351e-03
   3.59089096e+02   2.67159403e-03
   3.59089584e+02   2.24858383e-03
   3.59090072e+02   1.68498128e-03
   3.59090561e+02  -2.58918363e-03
   3.59091049e+02  -4.63799108e-03
   3.59091537e+02  -4.28660121e-03
   3.59092025e+02  -3.02956905e-03
   3.59092514e+02  -2.32634926e-03
   3.59093002e+02  -5.52410376e-04
   3.59093490e+02   2.78829038e-03
   3.59093979e+02   3.93177476e-03
   3.59094467e+02   2.22322904e-03
   3.59094955e+02   2.15342524e-03
   3.59095444e+02   1.40322791e-03
   3.59095932e+02  -5.68892399e-04
   3.59096420e+02  -1.62139069e-03
   3.59096909e+02  -3.44166881e-03
   3.59097397e+02  -5.01077296e-03
   3.59097885e+02  -3.96179641e-03
   3.59098373e+02  -7.28742627e-04
   3.59098862e+02   1.02814345e-03
   3.59099350e+02   3.63036997e-05
   3.59099838e+02  -7.59801362e-04
   3.59100327e+02  -1.08359195e-03
   3.59100815e+02  -1.37049632e-04
   3.59101303e+02  -9.29858128e-04
   3.59101792e+02  -3.85201885e-03
   3.59102280e+02  -2.89476220e-03
   3.59102768e+02  -3.05741822e-04
   3.59103257e+02  -1.31495239e-03
   3.59103745e+02  -1.38584815e-03
   3.59104233e+02   2.02872418e-03
   3.59104722e+02   2.85702036e-03
   3.59105210e+02   3.29525268e-04
   3.59105698e+02  -3.29532748e-04
   3.59106186e+02  -1.81476105e-04
   3.59106675e+02  -1.04441005e-03
   3.59107163e+02  -6.62207545e-04
   3.59107651e+02   1.05681701e-03
   3.59108140e+02   1.80359301e-03
   3.59108628e+02   1.07720436e-03
   3.59109116e+02   9.58510718e-05
   3.59109605e+02  -1.13358139e-03
   3.59110093e+02   7.23829842e-04
   3.59110581e+02   3.12676397e-03
   3.59111070e+02   1.03562255e-03
   3.59111558e+02  -2.93223457e-05
   3.59112046e+02   1.58538669e-03
   3.59112534e+02   1.42310909e-03
   3.59113023e+02   6.97560085e-04
   3.59113511e+02   8.72969453e-04
   3.59113999e+02   1.86043419e-03
   3.59114488e+02   2.19682814e-03
   3.59114976e+02   1.15696539e-03
   3.59115464e+02   9.77623276e-05
   3.59115953e+02   8.56909261e-04
   3.59116441e+02   2.52003386e-03
   3.59116929e+02   1.61572208e-03
   3.59117418e+02   7.95000873e-04
   3.59117906e+02   3.16504156e-03
   3.59118394e+02   2.34644604e-03
   3.59118882e+02  -7.91148748e-04
   3.59119371e+02  -8.58164916e-04
   3.59119859e+02  -2.29358394e-03
   3.59120347e+02  -3.91038507e-03
   3.59120836e+02  -1.87863677e-03
   3.59121324e+02   1.02159637e-03
   3.59121812e+02   2.80350237e-03
   3.59122301e+02   2.34833988e-03
   3.59122789e+02   1.36582344e-03
   3.59123277e+02   2.49456777e-03
   3.59123766e+02   2.75031407e-03
   3.59124254e+02   1.16715697e-03
   3.59124742e+02   1.90836960e-04
   3.59125230e+02  -5.41176159e-05
   3.59125719e+02  -9.83025995e-04
   3.59126207e+02  -2.00659013e-03
   3.59126695e+02  -2.61431024e-03
   3.59127184e+02  -1.64720730e-03
   3.59127672e+02  -2.28848704e-03
   3.59128160e+02  -5.31034684e-03
   3.59128649e+02  -6.29189843e-03
   3.59129137e+02  -5.82406204e-03
   3.59129625e+02  -5.02475910e-03
   3.59130114e+02  -3.55076371e-03
   3.59130602e+02  -2.03322945e-03
   3.59131090e+02  -9.04243207e-04
   3.59131578e+02   3.59161204e-04
   3.59132067e+02   1.31424633e-03
   3.59132555e+02   8.17064138e-04
   3.59133043e+02  -6.80616591e-04
   3.59133532e+02  -7.93334621e-04
   3.59134020e+02  -3.51158815e-04
   3.59134508e+02  -9.32899828e-04
   3.59134997e+02  -2.40084762e-03
   3.59135485e+02  -2.67783925e-03
   3.59135973e+02  -4.15124325e-03
   3.59136462e+02  -6.37500826e-03
   3.59136950e+02  -4.34873253e-03
   3.59137438e+02  -5.71754412e-04
   3.59137926e+02  -1.33592752e-03
   3.59138415e+02  -2.08045635e-03
   3.59138903e+02   1.62429537e-03
   3.59139391e+02   1.32004346e-03
   3.59139880e+02  -2.97090458e-03
   3.59140368e+02  -3.06503754e-03
   3.59140856e+02   6.52916613e-04
   3.59141345e+02   1.63583353e-03
   3.59141833e+02  -1.42459187e-03
   3.59142321e+02  -2.49195518e-03
   3.59142810e+02   8.34283594e-04
   3.59143298e+02   3.32297967e-03
   3.59143786e+02   8.73551995e-04
   3.59144275e+02  -1.09108316e-03
   3.59144763e+02   1.57209684e-03
   3.59145251e+02   2.93133012e-03
   3.59145739e+02   9.61957325e-04
   3.59146228e+02  -4.09164059e-04
   3.59146716e+02   1.28083851e-03
   3.59147204e+02   2.52151350e-03
   3.59147693e+02   6.63512736e-04
   3.59148181e+02  -2.09595426e-04
   3.59148669e+02  -7.82643445e-04
   3.59149158e+02  -1.41585479e-04
   3.59149646e+02  -1.99900521e-03
   3.59150134e+02  -1.97472720e-04
   3.59150623e+02   1.71355729e-03
   3.59151111e+02   2.99958308e-04
   3.59151599e+02  -7.26208789e-04
   3.59152087e+02  -2.33212457e-04
   3.59152576e+02  -2.70888116e-03
   3.59153064e+02  -3.74056189e-03
   3.59153552e+02   7.66756828e-04
   3.59154041e+02   4.14010556e-03
   3.59154529e+02   2.84193107e-03
   3.59155017e+02  -8.26308562e-04
   3.59155506e+02  -2.47960445e-03
   3.59155994e+02  -3.18730413e-03
   3.59156482e+02  -4.37412970e-03
   3.59156971e+02  -4.73285047e-03
   3.59157459e+02  -1.14644959e-03
   3.59157947e+02   2.53899675e-03
   3.59158435e+02   2.44282000e-03
   3.59158924e+02   2.83927401e-03
   3.59159412e+02   4.00759233e-03
   3.59159900e+02   3.12402588e-03
   3.59160389e+02   9.48852452e-04
   3.59160877e+02   2.72855093e-03
   3.59161365e+02   5.05183730e-03
   3.59161854e+02   4.25202027e-03
   3.59162342e+02   3.40303429e-03
   3.59162830e+02   1.76394696e-03
   3.59163319e+02  -4.60341282e-04
   3.59163807e+02  -1.50654395e-03
   3.59164295e+02  -8.71380151e-04
   3.59164783e+02  -3.15642537e-04
   3.59165272e+02  -1.09765434e-03
   3.59165760e+02  -1.42136589e-03
   3.59166248e+02  -1.93896191e-03
   3.59166737e+02  -3.71165550e-03
   3.59167225e+02  -4.73558903e-03
   3.59167713e+02  -2.47992040e-03
   3.59168202e+02  -4.36536502e-04
   3.59168690e+02  -1.31626293e-04
   3.59169178e+02   1.87353627e-03
   3.59169667e+02   4.24318435e-03
   3.59170155e+02   1.28980260e-03
   3.59170643e+02  -3.57140694e-03
   3.59171131e+02  -1.86462817e-03
   3.59171620e+02   2.03271979e-03
   3.59172108e+02   2.27564177e-03
   3.59172596e+02   1.29853503e-03
   3.59173085e+02  -5.95326535e-04
   3.59173573e+02   4.44003294e-04
   3.59174061e+02   2.39462475e-03
   3.59174550e+02   2.49047438e-03
   3.59175038e+02   3.41676502e-03
   3.59175526e+02   4.78163501e-03
   3.59176015e+02   1.97646441e-03
   3.59176503e+02  -2.79725739e-03
   3.59176991e+02  -3.94111872e-03
   3.59177479e+02  -1.88635336e-03
   3.59177968e+02   9.02732208e-05
   3.59178456e+02   1.49435969e-03
   3.59178944e+02   2.89359130e-03
   3.59179433e+02   2.18279054e-03
   3.59179921e+02   4.79022710e-04
   3.59180409e+02   5.02493698e-04
   3.59180898e+02   2.98665324e-03
   3.59181386e+02   5.56445587e-03
   3.59181874e+02   4.96950699e-03
   3.59182363e+02  -2.32069448e-04
   3.59182851e+02  -5.64843602e-03
   3.59183339e+02  -3.69224651e-03
   3.59183828e+02   7.99350208e-04
   3.59184316e+02   8.12059792e-04
   3.59184804e+02   2.22235802e-03
   3.59185292e+02   4.73584142e-03
   3.59185781e+02   3.72042111e-03
   3.59186269e+02   3.65744927e-03
   3.59186757e+02   4.63438313e-03
   3.59187246e+02   4.30145301e-03
   3.59187734e+02   5.05025731e-03
   3.59188222e+02   5.84930880e-03
   3.59188711e+02   4.40098671e-03
   3.59189199e+02   2.70930608e-03
   3.59189687e+02  -1.55571674e-03
   3.59190176e+02  -2.41090753e-03
   3.59190664e+02   3.84217803e-03
   3.59191152e+02   6.30931044e-03
   3.59191640e+02   6.02352340e-03
   3.59192129e+02   6.90271053e-03
   3.59192617e+02   4.73956624e-03
   3.59193105e+02   5.88599942e-04
   3.59193594e+02  -2.69032363e-03
   3.59194082e+02  -3.68673960e-03
   3.59194570e+02  -3.13934265e-03
   3.59195059e+02  -3.50409932e-03
   3.59195547e+02  -5.35555137e-03
   3.59196035e+02  -5.76437311e-03
   3.59196524e+02  -4.60139848e-03
   3.59197012e+02  -4.22980729e-03
   3.59197500e+02  -3.25818220e-03
   3.59197988e+02  -2.54688202e-03
   3.59198477e+02  -2.91303964e-03
   3.59198965e+02  -1.95353408e-03
   3.59199453e+02  -3.60537233e-04
   3.59199942e+02  -7.66195240e-04
   3.59200430e+02  -2.79058027e-03
   3.59200918e+02  -4.62469086e-03
   3.59201407e+02  -5.04550617e-03
   3.59201895e+02  -9.03802458e-04
   3.59202383e+02   1.76916597e-03
   3.59202872e+02   3.58896388e-04
   3.59203360e+02   5.21886628e-04
   3.59203848e+02   3.82754341e-04
   3.59204336e+02   3.50378890e-04
   3.59204825e+02   1.90187152e-03
   3.59205313e+02   3.51213850e-03
   3.59205801e+02   4.82158689e-03
   3.59206290e+02   4.63746162e-03
   3.59206778e+02   4.22362983e-03
   3.59207266e+02   3.02451034e-03
   3.59207755e+02  -2.23611467e-04
   3.59208243e+02  -5.17433626e-04
   3.59208731e+02  -5.53268241e-04
   3.59209220e+02  -2.17443402e-03
   3.59209708e+02  -1.18350156e-03
   3.59210196e+02   1.28298742e-03
   3.59210684e+02   1.71456789e-03
   3.59211173e+02  -1.26376445e-03
   3.59211661e+02  -2.83504440e-03
   3.59212149e+02  -1.68721017e-04
   3.59212638e+02   1.34359754e-03
   3.59213126e+02   6.12024276e-04
   3.59213614e+02  -2.62632500e-04
   3.59214103e+02  -1.28355273e-03
   3.59214591e+02  -2.18042405e-03
   3.59215079e+02  -5.21832518e-03
   3.59215568e+02  -7.03994045e-03
   3.59216056e+02  -3.57743655e-03
   3.59216544e+02  -1.49001204e-03
   3.59217032e+02  -2.49055913e-03
   3.59217521e+02  -4.80428897e-03
   3.59218009e+02  -6.24462729e-03
   3.59218497e+02  -4.50360496e-03
   3.59218986e+02  -1.30726967e-03
   3.59219474e+02   3.05590656e-04
   3.59219962e+02   1.12758751e-03
   3.59220451e+02  -8.49786156e-04
   3.59220939e+02  -4.75241710e-03
   3.59221427e+02  -6.13855151e-03
   3.59221916e+02  -2.49745743e-03
   3.59222404e+02   3.38943582e-03
   3.59222892e+02   4.62096231e-03
   3.59223381e+02   5.91913238e-04
   3.59223869e+02  -2.95857131e-03
   3.59224357e+02  -2.63811671e-03
   3.59224845e+02  -9.93606984e-04
   3.59225334e+02   1.83773867e-03
   3.59225822e+02   2.15682527e-03
   3.59226310e+02  -8.14727333e-04
   3.59226799e+02  -2.39362288e-03
   3.59227287e+02  -1.91252935e-03
   3.59227775e+02   1.78324975e-04
   3.59228264e+02   2.37044576e-03
   3.59228752e+02   2.47612735e-03
   3.59229240e+02  -1.44853920e-03
   3.59229729e+02  -3.28446110e-03
   3.59230217e+02   1.17244327e-03
   3.59230705e+02   2.63810228e-03
   3.59231193e+02   7.75052176e-04
   3.59231682e+02  -8.08673387e-04
   3.59232170e+02  -3.26617598e-03
   3.59232658e+02  -3.17064999e-03
   3.59233147e+02  -1.07294042e-03
   3.59233635e+02   1.25840178e-03
   3.59234123e+02   2.20783032e-03
   3.59234612e+02   3.98047036e-04
   3.59235100e+02  -1.72096025e-03
   3.59235588e+02  -3.06749879e-03
   3.59236077e+02  -2.75181350e-03
   3.59236565e+02  -1.67206605e-03
   3.59237053e+02  -1.92422618e-03
   3.59237541e+02   4.24012367e-04
   3.59238030e+02   3.22400313e-03
   3.59238518e+02   4.96938825e-03
   3.59239006e+02   3.35801090e-03
   3.59239495e+02  -1.08376693e-03
   3.59239983e+02  -2.41538556e-03
   3.59240471e+02  -3.06096347e-03
   3.59240960e+02  -3.75426747e-03
   3.59241448e+02   5.40377281e-04
   3.59241936e+02   2.97178258e-03
   3.59242425e+02  -1.00873143e-03
   3.59242913e+02  -4.45591798e-03
   3.59243401e+02  -3.85414949e-03
   3.59243889e+02  -2.41330802e-03
   3.59244378e+02  -3.63869569e-03
   3.59244866e+02  -3.90962558e-03
   3.59245354e+02   2.35096537e-04
   3.59245843e+02   1.52373966e-03
   3.59246331e+02  -1.92731805e-03
   3.59246819e+02  -2.50813342e-03
   3.59247308e+02  -8.78223102e-04
   3.59247796e+02  -1.98128400e-03
   3.59248284e+02  -1.95762841e-03
   3.59248773e+02  -3.25813133e-04
   3.59249261e+02   1.14503934e-03
   3.59249749e+02   3.59343435e-03
   3.59250237e+02   3.77734541e-03
   3.59250726e+02   2.70978344e-04
   3.59251214e+02  -6.00211497e-04
   3.59251702e+02   2.50476669e-03
   3.59252191e+02   3.82764428e-03
   3.59252679e+02   2.85848253e-03
   3.59253167e+02   3.90152959e-03
   3.59253656e+02   4.03846521e-03
   3.59254144e+02   7.50705367e-04
   3.59254632e+02   5.25514362e-04
   3.59255121e+02   3.17804515e-03
   3.59255609e+02   3.60182137e-03
   3.59256097e+02   5.53157693e-03
   3.59256585e+02   6.98096817e-03
   3.59257074e+02   5.29297767e-03
   3.59257562e+02   2.21982878e-03
   3.59258050e+02   8.69822106e-04
   3.59258539e+02   2.05267360e-03
   3.59259027e+02  -3.41971085e-04
   3.59259515e+02  -5.34819718e-03
   3.59260004e+02  -5.19234268e-03
   3.59260492e+02  -3.84294940e-03
   3.59260980e+02  -2.65432685e-03
   3.59261469e+02  -1.85785640e-03
   3.59261957e+02  -5.48126968e-03
   3.59262445e+02  -6.89919246e-03
   3.59262934e+02  -3.10120662e-03
   3.59263422e+02   1.47846586e-04
   3.59263910e+02   1.14259997e-03
   3.59264398e+02  -2.73264060e-03
   3.59264887e+02  -4.83630830e-03
   3.59265375e+02  -3.73491785e-03
   3.59265863e+02  -3.92924855e-03
   3.59266352e+02  -1.77597266e-03
   3.59266840e+02  -1.59450900e-03
   3.59267328e+02  -2.15997873e-03
   3.59267817e+02  -1.83365331e-03
   3.59268305e+02   6.45129592e-04
   3.59268793e+02   1.13842916e-03
   3.59269282e+02   2.01009889e-03
   3.59269770e+02   4.20492329e-03
   3.59270258e+02   1.16824242e-03
   3.59270746e+02  -3.34028597e-03
   3.59271235e+02  -2.42854562e-03
   3.59271723e+02   1.04847958e-03
   3.59272211e+02   1.63478917e-03
   3.59272700e+02   1.74606161e-04
   3.59273188e+02  -1.23414083e-03
   3.59273676e+02  -9.30176291e-04
   3.59274165e+02   3.57323908e-04
   3.59274653e+02   1.42626546e-03
   3.59275141e+02   2.21695541e-03
   3.59275630e+02   1.18789298e-03
   3.59276118e+02  -4.70451669e-05
   3.59276606e+02   9.56753443e-04
   3.59277094e+02   2.61378917e-03
   3.59277583e+02   3.16698477e-03
   3.59278071e+02   1.74492900e-03
   3.59278559e+02   1.32080080e-04
   3.59279048e+02  -2.81339977e-04
   3.59279536e+02   5.09097823e-04
   3.59280024e+02   3.88029451e-03
   3.59280513e+02   4.49069310e-03
   3.59281001e+02   1.08304154e-03
   3.59281489e+02  -4.04666906e-04
   3.59281978e+02  -7.67298159e-04
   3.59282466e+02  -1.65824569e-03
   3.59282954e+02  -1.72959466e-03
   3.59283442e+02  -4.11229594e-05
   3.59283931e+02   1.22833659e-03
   3.59284419e+02   1.03902363e-03
   3.59284907e+02   7.56639056e-04
   3.59285396e+02   2.82308265e-05
   3.59285884e+02  -2.79146974e-04
   3.59286372e+02   1.53732090e-03
   3.59286861e+02   1.63373072e-03
   3.59287349e+02  -1.58494897e-03
   3.59287837e+02  -2.76155071e-03
   3.59288326e+02   1.40347541e-03
   3.59288814e+02   3.46181705e-03
   3.59289302e+02  -5.24519186e-04
   3.59289790e+02  -2.82228994e-03
   3.59290279e+02  -1.76635780e-03
   3.59290767e+02  -2.36615684e-04
   3.59291255e+02   1.08930876e-03
   3.59291744e+02   7.39188283e-04
   3.59292232e+02   9.55185445e-04
   3.59292720e+02   7.18748139e-04
   3.59293209e+02  -2.10880418e-03
   3.59293697e+02  -2.93053663e-03
   3.59294185e+02  -3.30300536e-03
   3.59294674e+02  -4.60455799e-03
   3.59295162e+02  -3.79407033e-03
   3.59295650e+02  -1.46847405e-03
   3.59296138e+02  -6.73100236e-04
   3.59296627e+02  -1.60100195e-03
   3.59297115e+02  -1.90478866e-03
   3.59297603e+02  -1.79202040e-03
   3.59298092e+02  -2.18189391e-03
   3.59298580e+02   7.46413600e-04
   3.59299068e+02   3.75505444e-03
   3.59299557e+02   1.08150439e-03
   3.59300045e+02  -2.68097327e-04
   3.59300533e+02   2.53434107e-03
   3.59301022e+02   2.47513293e-03
   3.59301510e+02  -1.38678600e-03
   3.59301998e+02  -3.07519874e-03
   3.59302487e+02  -1.91325531e-03
   3.59302975e+02  -5.20925270e-04
   3.59303463e+02   3.46845272e-03
   3.59303951e+02   2.53594783e-03
   3.59304440e+02  -3.41931381e-03
   3.59304928e+02  -3.36055364e-03
   3.59305416e+02  -3.10169598e-05
   3.59305905e+02   9.80299548e-04
   3.59306393e+02   9.08876464e-05
   3.59306881e+02  -1.36869564e-03
   3.59307370e+02  -2.47023534e-04
   3.59307858e+02  -4.97074740e-04
   3.59308346e+02  -2.75076833e-03
   3.59308835e+02  -3.70354741e-03
   3.59309323e+02  -2.58581084e-03
   3.59309811e+02   5.52004145e-04
   3.59310299e+02   7.71712337e-04
   3.59310788e+02  -2.10109400e-03
   3.59311276e+02  -1.32242264e-03
   3.59311764e+02   6.83669001e-04
   3.59312253e+02   8.08026700e-04
   3.59312741e+02  -3.45714478e-04
   3.59313229e+02   2.98795362e-06
   3.59313718e+02   1.03698578e-03
   3.59314206e+02  -2.37805420e-03
   3.59314694e+02  -4.11778782e-03
   3.59315183e+02  -2.39342172e-03
   3.59315671e+02   1.40573876e-03
   3.59316159e+02   8.03336594e-03
   3.59316647e+02   8.58997274e-03
   3.59317136e+02   3.91471293e-03
   3.59317624e+02   7.85129960e-04
   3.59318112e+02  -1.10003143e-03
   3.59318601e+02  -1.91232524e-04
   3.59319089e+02   2.47956766e-03
   3.59319577e+02   1.34884543e-03
   3.59320066e+02   1.26058527e-03
   3.59320554e+02   3.19474074e-03
   3.59321042e+02   2.55878689e-03
   3.59321531e+02   3.72898951e-03
   3.59322019e+02   3.37286340e-03
   3.59322507e+02  -1.37749535e-03
   3.59322995e+02  -1.99507503e-03
   3.59323484e+02  -6.39093832e-06
   3.59323972e+02  -1.14919245e-03
   3.59324460e+02  -3.07800667e-03
   3.59324949e+02  -3.09851905e-03
   3.59325437e+02   5.47646719e-04
   3.59325925e+02   8.64247850e-04
   3.59326414e+02  -5.38186403e-04
   3.59326902e+02   1.51390454e-03
   3.59327390e+02   1.33518898e-03
   3.59327879e+02  -6.41824736e-05
   3.59328367e+02   1.61729974e-03
   3.59328855e+02   1.73811545e-03
   3.59329343e+02   4.64261975e-04
   3.59329832e+02  -1.10851586e-04
   3.59330320e+02   1.06158659e-04
   3.59330808e+02   5.18113433e-04
   3.59331297e+02  -9.06709407e-04
   3.59331785e+02  -1.79016276e-03
   3.59332273e+02  -6.74892217e-04
   3.59332762e+02  -1.37769070e-03
   3.59333250e+02  -2.26285541e-03
   3.59333738e+02  -1.28016633e-03
   3.59334227e+02  -5.57685038e-04
   3.59334715e+02  -1.85856444e-03
   3.59335203e+02  -2.79668393e-03
   3.59335691e+02   1.79146533e-04
   3.59336180e+02   4.44679987e-03
   3.59336668e+02   3.09840403e-03
   3.59337156e+02   1.75222551e-04
   3.59337645e+02   6.44267246e-04
   3.59338133e+02  -3.24877328e-04
   3.59338621e+02  -5.91011078e-04
   3.59339110e+02   1.21694128e-03
   3.59339598e+02   1.25797372e-03
   3.59340086e+02   1.57595685e-04
   3.59340575e+02  -9.06808185e-04
   3.59341063e+02  -8.64020316e-04
   3.59341551e+02   6.95624563e-04
   3.59342040e+02   7.48518331e-04
   3.59342528e+02   1.13863591e-03
   3.59343016e+02   1.23239122e-03
   3.59343504e+02  -7.87711004e-04
   3.59343993e+02  -3.06186522e-03
   3.59344481e+02  -3.78532032e-03
   3.59344969e+02  -2.02970207e-03
   3.59345458e+02   1.16502808e-04
   3.59345946e+02  -1.50705210e-03
   3.59346434e+02  -4.21918137e-03
   3.59346923e+02  -3.89176048e-03
   3.59347411e+02  -1.88557722e-03
   3.59347899e+02   9.87721578e-05
   3.59348388e+02   1.73759856e-03
   3.59348876e+02   2.19385233e-03
   3.59349364e+02   2.95035262e-03
   3.59349852e+02   4.71468410e-03
   3.59350341e+02   2.89984164e-03
   3.59350829e+02  -7.49657105e-04
   3.59351317e+02  -9.30228620e-04
   3.59351806e+02  -2.67113373e-03
   3.59352294e+02  -4.18017060e-03
   3.59352782e+02  -5.22350834e-04
   3.59353271e+02   1.10430527e-03
   3.59353759e+02  -1.33702997e-03
   3.59354247e+02  -2.00945069e-03
   3.59354736e+02   3.13483528e-04
   3.59355224e+02   1.00840046e-03
   3.59355712e+02   3.52699717e-04
   3.59356200e+02   2.98189977e-03
   3.59356689e+02   5.74827287e-03
   3.59357177e+02   3.80572770e-03
   3.59357665e+02   1.44812709e-03
   3.59358154e+02   1.15331647e-03
   3.59358642e+02   2.20718514e-03
   3.59359130e+02   2.36828951e-03
   3.59359619e+02   1.79821829e-04
   3.59360107e+02  -1.17526180e-03
   3.59360595e+02  -2.64948490e-03
   3.59361084e+02  -2.71924003e-03
   3.59361572e+02  -8.19730049e-04
   3.59362060e+02  -1.06411846e-03
   3.59362548e+02  -9.92901274e-04
   3.59363037e+02   1.95449125e-03
   3.59363525e+02   3.88224027e-03
   3.59364013e+02   4.92400909e-03
   3.59364502e+02   3.46493395e-03
   3.59364990e+02  -2.12625557e-04
   3.59365478e+02  -2.03768048e-03
   3.59365967e+02  -1.90981699e-03
   3.59366455e+02   3.11107258e-04
   3.59366943e+02   2.66839226e-04
   3.59367432e+02  -3.49619542e-03
   3.59367920e+02  -3.57601582e-03
   3.59368408e+02  -1.07616861e-03
   3.59368896e+02  -2.48492905e-03
   3.59369385e+02  -2.62116292e-03
   3.59369873e+02  -1.77906617e-03
   3.59370361e+02  -3.35647934e-03
   3.59370850e+02  -1.52043486e-03
   3.59371338e+02   1.77618489e-03
   3.59371826e+02   1.76609948e-03
   3.59372315e+02   2.22190609e-03
   3.59372803e+02   1.76619308e-03
   3.59373291e+02  -6.16078556e-04
   3.59373780e+02   1.56227755e-03
   3.59374268e+02   6.19933428e-03
   3.59374756e+02   4.50254185e-03
   3.59375244e+02  -5.80902677e-04
   3.59375733e+02  -1.73365243e-03
   3.59376221e+02  -1.39107113e-03
   3.59376709e+02  -1.13628723e-03
   3.59377198e+02   5.25980839e-04
   3.59377686e+02   8.26418283e-04
   3.59378174e+02   7.59038085e-05
   3.59378663e+02  -2.64321832e-04
   3.59379151e+02  -6.77699514e-04
   3.59379639e+02  -5.78084204e-04
   3.59380128e+02   1.73304914e-04
   3.59380616e+02  -9.37612378e-04
   3.59381104e+02  -3.42099206e-03
   3.59381593e+02  -4.01492557e-03
   3.59382081e+02  -1.74809480e-04
   3.59382569e+02   2.21916824e-03
   3.59383057e+02   5.48303185e-04
   3.59383546e+02  -2.12921482e-03
   3.59384034e+02  -1.32902944e-03
   3.59384522e+02  -2.90602306e-03
   3.59385011e+02  -3.58128431e-03
   3.59385499e+02  -1.34408521e-03
   3.59385987e+02  -2.88092019e-03
   3.59386476e+02  -3.97785939e-03
   3.59386964e+02  -2.37390911e-03
   3.59387452e+02  -2.87279836e-03
   3.59387941e+02  -4.94863931e-03
   3.59388429e+02  -4.66869213e-03
   3.59388917e+02  -2.31430097e-03
   3.59389405e+02  -1.30071992e-03
   3.59389894e+02   1.50523498e-03
   3.59390382e+02   4.09320975e-03
   3.59390870e+02   2.10425770e-03
   3.59391359e+02  -1.99503542e-04
   3.59391847e+02  -1.99563196e-03
   3.59392335e+02  -4.10972571e-04
   3.59392824e+02   4.83524799e-03
   3.59393312e+02   6.70129480e-03
   3.59393800e+02   4.24687518e-03
   3.59394289e+02   3.21566244e-03
   3.59394777e+02   4.16131271e-03
   3.59395265e+02   4.74875746e-03
   3.59395753e+02   5.45765692e-03
   3.59396242e+02   4.19197138e-03
   3.59396730e+02   1.25540129e-03
   3.59397218e+02   6.23236701e-04
   3.59397707e+02   1.42107299e-03
   3.59398195e+02   2.76836567e-03
   3.59398683e+02   1.39361911e-03
   3.59399172e+02  -3.77354678e-03
   3.59399660e+02  -5.54728648e-03
   3.59400148e+02  -3.74632282e-03
   3.59400637e+02  -1.73470983e-03
   3.59401125e+02  -1.82399375e-03
   3.59401613e+02  -4.27186582e-03
   3.59402101e+02  -5.55914920e-03
   3.59402590e+02  -4.24358062e-03
   3.59403078e+02  -1.33594219e-03
   3.59403566e+02   8.85586196e-04
   3.59404055e+02   1.38757308e-03
   3.59404543e+02   1.77768699e-03
   3.59405031e+02   3.56350606e-03
   3.59405520e+02   4.91149817e-03
   3.59406008e+02   2.09514517e-03
   3.59406496e+02  -2.15729629e-03
   3.59406985e+02  -2.53645401e-03
   3.59407473e+02  -2.52986280e-03
   3.59407961e+02  -5.55306021e-03
   3.59408449e+02  -4.25926410e-03
   3.59408938e+02   2.57925713e-03
   3.59409426e+02   5.82857989e-03
   3.59409914e+02   2.17776676e-03
   3.59410403e+02  -1.38299097e-03
   3.59410891e+02  -6.27207046e-04
   3.59411379e+02  -7.50911131e-04
   3.59411868e+02  -1.08345959e-03
   3.59412356e+02  -1.19315582e-05
   3.59412844e+02   7.28006708e-04
   3.59413333e+02   3.40736035e-04
   3.59413821e+02  -2.13387911e-03
   3.59414309e+02  -1.52039411e-03
   3.59414797e+02   2.24773586e-03
   3.59415286e+02   3.78907332e-03
   3.59415774e+02   1.20936020e-03
   3.59416262e+02  -3.71399568e-03
   3.59416751e+02  -2.46096752e-03
   3.59417239e+02   1.58008968e-03
   3.59417727e+02   4.84087941e-04
   3.59418216e+02  -5.89762523e-04
   3.59418704e+02   4.30625485e-04
   3.59419192e+02   3.76955606e-04
   3.59419681e+02  -7.89163241e-05
   3.59420169e+02  -1.15007209e-03
   3.59420657e+02  -1.04137196e-03
   3.59421146e+02   2.22794173e-04
   3.59421634e+02  -4.04751481e-04
   3.59422122e+02  -1.45532913e-03
   3.59422610e+02   1.12819171e-03
   3.59423099e+02   6.05191989e-03
   3.59423587e+02   6.48430223e-03
   3.59424075e+02   2.35504331e-03
   3.59424564e+02   1.06972165e-03
   3.59425052e+02   1.18598086e-03
   3.59425540e+02   1.09856157e-03
   3.59426029e+02   3.69865610e-03
   3.59426517e+02   3.29355407e-03
   3.59427005e+02  -1.17470638e-03
   3.59427494e+02  -2.29340512e-04
   3.59427982e+02   2.17860844e-03
   3.59428470e+02   2.25239620e-03
   3.59428958e+02   4.90577053e-03
   3.59429447e+02   3.05687380e-03
   3.59429935e+02  -5.05297724e-03
   3.59430423e+02  -6.83209067e-03
   3.59430912e+02  -7.82980758e-04
   3.59431400e+02   1.88330736e-03
   3.59431888e+02  -7.94584164e-04
   3.59432377e+02  -2.60071480e-03
   3.59432865e+02  -3.76975164e-03
   3.59433353e+02  -1.88424240e-03
   3.59433842e+02   3.78656154e-03
   3.59434330e+02   3.54147144e-03
   3.59434818e+02  -1.53350085e-03
   3.59435306e+02  -1.68574404e-03
   3.59435795e+02  -1.72076665e-03
   3.59436283e+02  -1.72029273e-03
   3.59436771e+02   9.51527734e-04
   3.59437260e+02  -1.35184429e-03
   3.59437748e+02  -4.14649118e-03
   3.59438236e+02  -1.20962411e-03
   3.59438725e+02   1.96676541e-04
   3.59439213e+02  -2.17291107e-03
   3.59439701e+02  -2.86596781e-03
   3.59440190e+02  -3.75946914e-03
   3.59440678e+02  -5.65834716e-03
   3.59441166e+02  -5.04479371e-03
   3.59441654e+02  -4.98493994e-03
   3.59442143e+02  -8.82227250e-05
   3.59442631e+02   1.25253526e-03
   3.59443119e+02  -2.57576554e-04
   3.59443608e+02  -2.49179484e-05
   3.59444096e+02  -8.88265320e-04
   3.59444584e+02  -4.15910315e-03
   3.59445073e+02  -4.52713668e-03
   3.59445561e+02  -3.26345139e-03
   3.59446049e+02  -2.95194867e-03
   3.59446538e+02  -1.06917706e-03
   3.59447026e+02   5.04181895e-04
   3.59447514e+02  -1.78543653e-03
   3.59448002e+02  -2.99803051e-03
   3.59448491e+02   5.96178870e-04
   3.59448979e+02   2.46027182e-03
   3.59449467e+02  -2.46264215e-04
   3.59449956e+02  -2.43301783e-03
   3.59450444e+02  -1.71256438e-03
   3.59450932e+02  -7.39331299e-04
   3.59451421e+02   2.38284539e-03
   3.59451909e+02   2.20569642e-03
   3.59452397e+02  -1.82603067e-03
   3.59452886e+02  -1.93788181e-03
   3.59453374e+02   4.33941896e-05
   3.59453862e+02   9.94577422e-04
   3.59454350e+02   8.43417132e-04
   3.59454839e+02   2.61533569e-04
   3.59455327e+02  -9.94559559e-06
   3.59455815e+02   4.01625904e-04
   3.59456304e+02   7.10440043e-04
   3.59456792e+02   1.35521858e-03
   3.59457280e+02   1.19048564e-04
   3.59457769e+02  -2.37295474e-03
   3.59458257e+02  -2.13363045e-03
   3.59458745e+02  -2.94028083e-04
   3.59459234e+02   1.84518029e-03
   3.59459722e+02   2.45403429e-03
   3.59460210e+02   2.14365264e-03
   3.59460699e+02   2.08167010e-03
   3.59461187e+02  -8.00049456e-04
   3.59461675e+02  -1.72711560e-03
   3.59462163e+02   4.53723100e-04
   3.59462652e+02   7.91158993e-04
   3.59463140e+02   5.11546154e-04
   3.59463628e+02  -4.97264555e-04
   3.59464117e+02  -1.80066284e-03
   3.59464605e+02  -4.57555661e-03
   3.59465093e+02  -7.19220331e-03
   3.59465582e+02  -5.18420339e-03
   3.59466070e+02  -3.08031030e-03
   3.59466558e+02  -3.85457231e-03
   3.59467047e+02  -2.02315138e-03
   3.59467535e+02   2.15512747e-03
   3.59468023e+02   1.84605422e-03
   3.59468511e+02  -8.11820209e-04
   3.59469000e+02  -1.14682259e-03
   3.59469488e+02  -6.24075881e-04
   3.59469976e+02  -7.07701896e-04
   3.59470465e+02  -2.81378190e-04
   3.59470953e+02   1.61050796e-03
   3.59471441e+02   3.41818738e-03
   3.59471930e+02   1.47172133e-04
   3.59472418e+02  -1.50580099e-03
   3.59472906e+02   6.60404155e-04
   3.59473395e+02   9.58852354e-04
   3.59473883e+02  -1.50695804e-03
   3.59474371e+02  -3.95621359e-03
   3.59474859e+02  -4.37587406e-03
   3.59475348e+02  -2.61677802e-03
   3.59475836e+02  -9.04696702e-04
   3.59476324e+02  -1.15461426e-03
   3.59476813e+02  -5.83764981e-04
   3.59477301e+02  -2.32056234e-04
   3.59477789e+02  -1.20646937e-03
   3.59478278e+02  -2.67599797e-04
   3.59478766e+02   6.55133510e-04
   3.59479254e+02   1.29868262e-04
   3.59479743e+02  -2.35370593e-04
   3.59480231e+02  -1.61178818e-04
   3.59480719e+02   4.12023335e-04
   3.59481207e+02   8.02228285e-04
   3.59481696e+02  -8.30770354e-04
   3.59482184e+02  -1.67099969e-03
   3.59482672e+02   8.95529869e-04
   3.59483161e+02   3.13137937e-03
   3.59483649e+02   3.26127908e-03
   3.59484137e+02   1.52399705e-03
   3.59484626e+02  -2.41947128e-04
   3.59485114e+02   7.62517680e-04
   3.59485602e+02   4.19726176e-03
   3.59486091e+02   8.80564842e-03
   3.59486579e+02   1.35375056e-02
   3.59487067e+02   1.36367101e-02
   3.59487555e+02   8.89145676e-03
   3.59488044e+02   6.15146430e-03
   3.59488532e+02   5.39482897e-03
   3.59489020e+02   5.39304409e-03
   3.59489509e+02   4.71727364e-03
   3.59489997e+02   5.43156313e-03
   3.59490485e+02   5.25109097e-03
   3.59490974e+02  -7.99512607e-04
   3.59491462e+02  -3.09791788e-03
   3.59491950e+02   1.32536329e-03
   3.59492439e+02   4.50290320e-03
   3.59492927e+02   3.46303522e-03
   3.59493415e+02   3.15232988e-04
   3.59493903e+02   6.64073668e-05
   3.59494392e+02   2.59898836e-03
   3.59494880e+02   2.75332946e-03
   3.59495368e+02  -1.07468036e-03
   3.59495857e+02  -2.85489461e-03
   3.59496345e+02  -6.13529526e-04
   3.59496833e+02  -9.41407110e-04
   3.59497322e+02  -2.13178946e-03
   3.59497810e+02  -1.41295954e-03
   3.59498298e+02  -2.36851978e-03
   3.59498787e+02  -2.94946413e-03
   3.59499275e+02  -3.34698940e-03
   3.59499763e+02  -2.82227900e-03
   3.59500252e+02  -4.95572865e-04
   3.59500740e+02  -1.77933846e-03
   3.59501228e+02  -4.94082784e-03
   3.59501716e+02  -3.18586943e-03
   3.59502205e+02   2.78360769e-03
   3.59502693e+02   3.62471375e-03
   3.59503181e+02  -8.70472504e-05
   3.59503670e+02  -5.36519277e-04
   3.59504158e+02   1.27525837e-03
   3.59504646e+02   2.86246045e-03
   3.59505135e+02   3.19844251e-03
   3.59505623e+02   1.80757116e-03
   3.59506111e+02   7.95429514e-04
   3.59506600e+02   8.27726035e-04
   3.59507088e+02   2.51058000e-03
   3.59507576e+02   4.97508002e-03
   3.59508064e+02   4.53892071e-03
   3.59508553e+02   1.47279410e-03
   3.59509041e+02  -9.69152781e-04
   3.59509529e+02  -1.66691956e-03
   3.59510018e+02  -6.33724965e-04
   3.59510506e+02   2.31251775e-04
   3.59510994e+02   1.76357792e-03
   3.59511483e+02   3.96480877e-03
   3.59511971e+02   4.47243731e-03
   3.59512459e+02   4.36314242e-03
   3.59512948e+02   4.95361025e-03
   3.59513436e+02   5.90733252e-03
   3.59513924e+02   4.17727511e-03
   3.59514412e+02   1.19178358e-03
   3.59514901e+02   3.75548872e-04
   3.59515389e+02  -7.97929533e-04
   3.59515877e+02  -1.89686439e-03
   3.59516366e+02  -8.11136095e-04
   3.59516854e+02   1.33628328e-03
   3.59517342e+02   3.44943395e-03
   3.59517831e+02   4.97532357e-03
   3.59518319e+02   4.80628293e-03
   3.59518807e+02   2.16736225e-03
   3.59519296e+02  -1.67845911e-03
   3.59519784e+02  -1.03494688e-03
   3.59520272e+02   6.69293280e-04
   3.59520760e+02  -9.00288403e-04
   3.59521249e+02   5.72415709e-04
   3.59521737e+02   4.39350028e-03
   3.59522225e+02   2.95746094e-03
   3.59522714e+02   2.07151257e-04
   3.59523202e+02  -1.51007005e-03
   3.59523690e+02  -1.47733255e-03
   3.59524179e+02  -6.83781982e-05
   3.59524667e+02   1.84085418e-03
   3.59525155e+02   6.93267398e-03
   3.59525644e+02   8.85905232e-03
   3.59526132e+02   3.05577973e-03
   3.59526620e+02  -1.77592807e-03
   3.59527108e+02  -2.91918125e-03
   3.59527597e+02  -4.89604613e-03
   3.59528085e+02  -5.40140038e-03
   3.59528573e+02  -2.42708033e-04
   3.59529062e+02   3.04424646e-03
   3.59529550e+02   3.59018741e-04
   3.59530038e+02   1.71186973e-03
   3.59530527e+02   3.28375748e-03
   3.59531015e+02   2.00672261e-03
   3.59531503e+02   1.56572065e-03
   3.59531992e+02  -1.85197929e-03
   3.59532480e+02  -4.16543707e-03
   3.59532968e+02  -1.31357496e-03
   3.59533456e+02   4.22427584e-05
   3.59533945e+02  -1.20021345e-03
   3.59534433e+02  -1.71714288e-03
   3.59534921e+02  -7.37536582e-04
   3.59535410e+02  -4.26282437e-04
   3.59535898e+02  -9.54464427e-04
   3.59536386e+02   1.79942825e-03
   3.59536875e+02   2.29031476e-03
   3.59537363e+02  -2.66402960e-03
   3.59537851e+02  -3.71521595e-03
   3.59538340e+02   2.20833215e-04
   3.59538828e+02   2.05450645e-03
   3.59539316e+02   2.44618556e-03
   3.59539805e+02   2.86954828e-03
   3.59540293e+02   3.95656563e-03
   3.59540781e+02   4.60607605e-03
   3.59541269e+02   3.27421702e-03
   3.59541758e+02   2.22778367e-03
   3.59542246e+02   1.09774375e-03
   3.59542734e+02  -1.42162968e-03
   3.59543223e+02  -3.78415897e-03
   3.59543711e+02  -4.15758602e-03
   3.59544199e+02  -2.63345544e-03
   3.59544688e+02  -9.40052851e-04
   3.59545176e+02  -6.60844729e-04
   3.59545664e+02  -2.46880669e-03
   3.59546153e+02  -4.58005304e-03
   3.59546641e+02  -2.94007850e-03
   3.59547129e+02   3.55878554e-04
   3.59547617e+02  -2.46791955e-04
   3.59548106e+02  -2.22822605e-03
   3.59548594e+02  -2.44602631e-03
   3.59549082e+02   1.85839017e-03
   3.59549571e+02   8.67625047e-03
   3.59550059e+02   9.01103579e-03
   3.59550547e+02   3.72253987e-03
   3.59551036e+02  -3.17534810e-04
   3.59551524e+02   2.72082543e-04
   3.59552012e+02   3.29696760e-03
   3.59552501e+02   2.22960627e-03
   3.59552989e+02   2.61053850e-04
   3.59553477e+02   6.16266276e-04
   3.59553965e+02  -2.69630807e-04
   3.59554454e+02  -5.57996740e-04
   3.59554942e+02  -1.16449618e-03
   3.59555430e+02  -1.35764922e-03
   3.59555919e+02   5.05316537e-04
   3.59556407e+02   1.43153896e-03
   3.59556895e+02   8.42217938e-04
   3.59557384e+02   8.96365964e-04
   3.59557872e+02   5.01253526e-04
   3.59558360e+02  -2.06667650e-03
   3.59558849e+02  -3.66546377e-03
   3.59559337e+02  -7.41153344e-05
   3.59559825e+02  -1.71432854e-03
   3.59560313e+02  -1.57349801e-03
   3.59560802e+02   7.48763850e-04
   3.59561290e+02   4.98452806e-04
   3.59561778e+02  -1.04689156e-03
   3.59562267e+02  -2.77432776e-03
   3.59562755e+02  -2.96323677e-03
   3.59563243e+02  -1.79079513e-03
   3.59563732e+02  -3.10843531e-03
   3.59564220e+02  -3.08963028e-03
   3.59564708e+02  -1.52823504e-03
   3.59565197e+02  -2.34715338e-03
   3.59565685e+02  -1.20846822e-03
   3.59566173e+02   3.70741449e-03
   3.59566661e+02   5.29795280e-03
   3.59567150e+02   2.30106688e-03
   3.59567638e+02   2.55911640e-04
   3.59568126e+02   2.91141710e-04
   3.59568615e+02  -4.94426640e-04
   3.59569103e+02  -2.52334401e-03
   3.59569591e+02  -2.58455775e-03
   3.59570080e+02   1.15069374e-03
   3.59570568e+02   3.33189033e-03
   3.59571056e+02   3.11774714e-03
   3.59571545e+02   4.32851585e-03
   3.59572033e+02   6.08650176e-03
   3.59572521e+02   3.96438409e-03
   3.59573009e+02  -3.76961019e-04
   3.59573498e+02  -1.65775057e-03
   3.59573986e+02  -1.59324624e-03
   3.59574474e+02  -4.74936736e-04
   3.59574963e+02   5.31623198e-04
   3.59575451e+02   1.57607067e-03
   3.59575939e+02   1.41654280e-03
   3.59576428e+02  -1.90626259e-03
   3.59576916e+02  -1.88607373e-03
   3.59577404e+02   3.17517668e-04
   3.59577893e+02  -1.96035928e-03
   3.59578381e+02  -3.66912293e-03
   3.59578869e+02  -3.00703687e-03
   3.59579357e+02  -1.81349961e-03
   3.59579846e+02  -8.44925176e-04
   3.59580334e+02   4.86943696e-04
   3.59580822e+02  -8.81849148e-04
   3.59581311e+02  -4.74363053e-03
   3.59581799e+02  -5.44966804e-03
   3.59582287e+02  -3.46752838e-03
   3.59582776e+02  -3.06540588e-03
   3.59583264e+02  -2.98899622e-03
   3.59583752e+02  -1.26732001e-03
   3.59584241e+02  -5.71991026e-04
   3.59584729e+02  -8.48327705e-04
   3.59585217e+02  -1.11973367e-03
   3.59585706e+02   4.68381913e-04
   3.59586194e+02   2.41358625e-03
   3.59586682e+02   1.09838543e-03
   3.59587170e+02  -1.64396223e-03
   3.59587659e+02   3.36622994e-04
   3.59588147e+02   2.27785716e-03
   3.59588635e+02  -9.60153775e-05
   3.59589124e+02  -4.80589079e-04
   3.59589612e+02  -1.28762180e-03
   3.59590100e+02  -3.10240523e-03
   3.59590589e+02  -2.98765511e-03
   3.59591077e+02  -4.62402997e-04
   3.59591565e+02   9.09656403e-04
   3.59592054e+02  -3.19623388e-03
   3.59592542e+02  -4.90876567e-03
   3.59593030e+02  -2.98924278e-03
   3.59593518e+02  -4.66092862e-03
   3.59594007e+02  -5.19969082e-03
   3.59594495e+02  -2.76561873e-03
   3.59594983e+02  -2.10715807e-03
   3.59595472e+02  -1.72271777e-03
   3.59595960e+02  -4.91168816e-04
   3.59596448e+02  -8.13110164e-05
   3.59596937e+02   1.40517112e-03
   3.59597425e+02  -2.66139838e-03
   3.59597913e+02  -9.52765439e-03
   3.59598402e+02  -6.99590752e-03
   3.59598890e+02   1.26046420e-03
   3.59599378e+02   3.93569842e-03
   3.59599866e+02   2.65289145e-03
   3.59600355e+02   1.07207731e-03
   3.59600843e+02  -6.22917200e-04
   3.59601331e+02  -1.98643585e-03
   3.59601820e+02  -1.18390180e-03
   3.59602308e+02  -1.76568399e-03
   3.59602796e+02  -4.45457781e-03
   3.59603285e+02  -3.54006933e-03
   3.59603773e+02   1.84624782e-03
   3.59604261e+02   2.88483757e-03
   3.59604750e+02  -1.47587922e-03
   3.59605238e+02  -1.78241229e-03
   3.59605726e+02   2.23777650e-04
   3.59606214e+02   1.35129230e-04
   3.59606703e+02  -7.23388512e-04
   3.59607191e+02  -1.70464464e-03
   3.59607679e+02  -1.48999435e-03
   3.59608168e+02  -1.32567913e-03
   3.59608656e+02  -2.59430474e-03
   3.59609144e+02  -2.73157540e-03
   3.59609633e+02  -2.21504131e-03
   3.59610121e+02  -5.90300770e-04
   3.59610609e+02  -6.71906862e-04
   3.59611098e+02  -1.62340584e-03
   3.59611586e+02   1.01323065e-03
   3.59612074e+02   6.09113951e-04
   3.59612562e+02   8.94396100e-04
   3.59613051e+02   4.41779755e-03
   3.59613539e+02   2.54915771e-03
   3.59614027e+02  -1.57531700e-03
   3.59614516e+02  -2.01367005e-03
   3.59615004e+02  -1.64945866e-03
   3.59615492e+02  -1.22500118e-03
   3.59615981e+02   3.27636692e-04
   3.59616469e+02   2.95865443e-03
   3.59616957e+02   4.55423957e-03
   3.59617446e+02   1.17839663e-03
   3.59617934e+02  -1.61872292e-03
   3.59618422e+02  -1.04940620e-04
   3.59618910e+02   8.89161834e-04
   3.59619399e+02   4.62231765e-05
   3.59619887e+02  -5.21792739e-04
   3.59620375e+02  -2.07362999e-03
   3.59620864e+02  -7.03032501e-03
   3.59621352e+02  -8.42698757e-03
   3.59621840e+02  -4.81454609e-03
   3.59622329e+02  -1.35379471e-03
   3.59622817e+02   7.71196210e-04
   3.59623305e+02   7.55437592e-04
   3.59623794e+02  -1.92714389e-03
   3.59624282e+02  -2.59891292e-03
   3.59624770e+02  -6.61935832e-04
   3.59625259e+02   8.28021381e-04
   3.59625747e+02  -1.07611308e-03
   3.59626235e+02  -6.53167488e-04
   3.59626723e+02   2.35330942e-03
   3.59627212e+02   1.58782653e-03
   3.59627700e+02  -2.18234863e-03
   3.59628188e+02  -5.40142972e-03
   3.59628677e+02  -3.11342510e-03
   3.59629165e+02  -1.30719447e-03
   3.59629653e+02  -1.24683743e-03
   3.59630142e+02   2.30374601e-04
   3.59630630e+02   2.66185642e-04
   3.59631118e+02  -2.67340243e-03
   3.59631607e+02  -6.85542263e-03
   3.59632095e+02  -6.23207819e-03
   3.59632583e+02  -3.72160831e-03
   3.59633071e+02  -4.68357000e-03
   3.59633560e+02  -4.73085698e-03
   3.59634048e+02  -1.88947492e-03
   3.59634536e+02   6.76714175e-04
   3.59635025e+02   2.96682934e-03
   3.59635513e+02   2.20145658e-03
   3.59636001e+02  -2.52860505e-03
   3.59636490e+02  -4.74446360e-03
   3.59636978e+02  -3.12523730e-03
   3.59637466e+02   1.11575995e-03
   3.59637955e+02   2.22320063e-03
   3.59638443e+02   9.57909273e-04
   3.59638931e+02   5.15264284e-04
   3.59639419e+02   7.64812750e-04
   3.59639908e+02   2.78769713e-03
   3.59640396e+02   5.01794554e-03
   3.59640884e+02   2.40236893e-03
   3.59641373e+02  -2.24853400e-03
   3.59641861e+02  -1.33772008e-03
   3.59642349e+02  -1.01274338e-04
   3.59642838e+02  -7.01219775e-04
   3.59643326e+02   6.59059500e-04
   3.59643814e+02  -2.98085884e-04
   3.59644303e+02   8.59461317e-04
   3.59644791e+02   3.25067737e-03
   3.59645279e+02   1.14277960e-03
   3.59645767e+02  -8.88050185e-04
   3.59646256e+02  -3.66152497e-03
   3.59646744e+02  -5.28744655e-03
   3.59647232e+02  -2.19573756e-03
   3.59647721e+02  -9.50536283e-04
   3.59648209e+02  -2.43580944e-04
   3.59648697e+02   9.03358916e-04
   3.59649186e+02  -1.32805936e-03
   3.59649674e+02  -1.33520190e-03
   3.59650162e+02   2.08189129e-03
   3.59650651e+02   3.45106050e-03
   3.59651139e+02   3.46193626e-03
   3.59651627e+02   1.76947785e-03
   3.59652115e+02  -2.12245854e-03
   3.59652604e+02  -5.78386802e-03
   3.59653092e+02  -6.42727315e-03
   3.59653580e+02  -6.69759116e-04
   3.59654069e+02   6.15548994e-03
   3.59654557e+02   4.23159683e-03
   3.59655045e+02   2.79576471e-03
   3.59655534e+02   9.53279901e-03
   3.59656022e+02   1.09346127e-02
   3.59656510e+02   7.33655971e-03
   3.59656999e+02   3.33362934e-03
   3.59657487e+02   1.10863384e-05
   3.59657975e+02  -1.73298572e-03
   3.59658463e+02  -1.86174305e-03
   3.59658952e+02  -1.37306470e-03
   3.59659440e+02  -8.90412717e-04
   3.59659928e+02   2.99501559e-03
   3.59660417e+02   6.23950548e-03
   3.59660905e+02   2.65091890e-03
   3.59661393e+02  -1.62094424e-04
   3.59661882e+02   1.06739055e-03
   3.59662370e+02   4.26595611e-03
   3.59662858e+02   3.01371841e-03
   3.59663347e+02  -5.01679664e-04
   3.59663835e+02  -2.67828908e-03
   3.59664323e+02  -2.22185021e-03
   3.59664812e+02  -1.99916703e-03
   3.59665300e+02   4.46191931e-04
   3.59665788e+02   1.62912370e-03
   3.59666276e+02   2.05408107e-03
   3.59666765e+02   1.19489385e-03
   3.59667253e+02  -5.71241369e-03
   3.59667741e+02  -7.30014592e-03
   3.59668230e+02   1.92739026e-04
   3.59668718e+02   2.93935789e-03
   3.59669206e+02   6.65763728e-05
   3.59669695e+02  -7.95613858e-04
   3.59670183e+02   1.99901697e-04
   3.59670671e+02  -1.35321030e-03
   3.59671160e+02  -3.91544402e-03
   3.59671648e+02  -2.93606077e-03
   3.59672136e+02   2.49062572e-03
   3.59672624e+02   6.50447281e-03
   3.59673113e+02   1.61727215e-03
   3.59673601e+02  -3.15730041e-03
   3.59674089e+02  -1.85764639e-03
   3.59674578e+02  -2.70876475e-03
   3.59675066e+02  -1.43429823e-03
