frequency (GHz), flux (Jy/beam)
   3.45823207e+02  -3.07985785e-04
   3.45823695e+02  -1.98823953e-04
   3.45824184e+02  -1.25578561e-04
   3.45824672e+02  -2.10901213e-04
   3.45825160e+02  -1.15339491e-04
   3.45825649e+02   2.72913967e-05
   3.45826137e+02  -3.42641215e-05
   3.45826625e+02  -1.74595974e-04
   3.45827114e+02  -2.56421423e-04
   3.45827602e+02  -2.68266158e-04
   3.45828090e+02  -3.33304837e-04
   3.45828579e+02  -6.88273634e-04
   3.45829067e+02  -1.07836106e-03
   3.45829555e+02  -1.03818777e-03
   3.45830044e+02  -8.74936115e-04
   3.45830532e+02  -7.90937745e-04
   3.45831020e+02  -5.34038525e-04
   3.45831508e+02  -2.08817510e-04
   3.45831997e+02  -1.09039735e-04
   3.45832485e+02  -2.41648202e-04
   3.45832973e+02  -2.31503247e-04
   3.45833462e+02   1.47011626e-04
   3.45833950e+02   6.36787037e-04
   3.45834438e+02   7.86853197e-04
   3.45834927e+02   4.80662828e-04
   3.45835415e+02   2.28983801e-04
   3.45835903e+02   5.63080357e-05
   3.45836392e+02  -3.17388767e-04
   3.45836880e+02  -3.78769706e-04
   3.45837368e+02   9.74247305e-05
   3.45837856e+02   3.69520683e-04
   3.45838345e+02   8.32800943e-05
   3.45838833e+02  -3.28290596e-04
   3.45839321e+02  -4.31220513e-04
   3.45839810e+02  -1.87880389e-04
   3.45840298e+02  -2.41201669e-05
   3.45840786e+02  -8.38289125e-05
   3.45841275e+02   1.60372234e-04
   3.45841763e+02   6.15860277e-04
   3.45842251e+02   7.08803767e-04
   3.45842740e+02   3.37819773e-04
   3.45843228e+02  -2.92681769e-04
   3.45843716e+02  -5.97143779e-04
   3.45844204e+02  -2.07769946e-04
   3.45844693e+02   3.05235590e-04
   3.45845181e+02   4.07309912e-04
   3.45845669e+02   5.18074725e-04
   3.45846158e+02   7.64578814e-04
   3.45846646e+02   5.31943282e-04
   3.45847134e+02  -3.15172147e-05
   3.45847623e+02  -3.90811561e-04
   3.45848111e+02  -4.02633741e-04
   3.45848599e+02  -2.44963187e-04
   3.45849088e+02  -4.41294724e-05
   3.45849576e+02   4.61033138e-04
   3.45850064e+02   8.36770807e-04
   3.45850552e+02   4.16185707e-04
   3.45851041e+02  -2.88884417e-04
   3.45851529e+02  -5.95596270e-04
   3.45852017e+02  -5.15849679e-04
   3.45852506e+02  -3.05402325e-04
   3.45852994e+02  -9.41096368e-06
   3.45853482e+02   1.48115578e-04
   3.45853971e+02   6.00699532e-05
   3.45854459e+02   4.06768304e-05
   3.45854947e+02   4.71198837e-05
   3.45855436e+02  -2.34771014e-05
   3.45855924e+02  -1.75309353e-04
   3.45856412e+02  -4.26610350e-04
   3.45856900e+02  -4.65034769e-04
   3.45857389e+02  -1.89223123e-04
   3.45857877e+02   6.92836547e-05
   3.45858365e+02   2.57754233e-04
   3.45858854e+02   1.12664391e-04
   3.45859342e+02  -4.22227662e-04
   3.45859830e+02  -5.35975734e-04
   3.45860319e+02  -2.64095259e-04
   3.45860807e+02  -1.61509251e-05
   3.45861295e+02   3.04261514e-04
   3.45861784e+02   1.66119644e-04
   3.45862272e+02  -1.87956422e-04
   3.45862760e+02  -1.64954065e-04
   3.45863248e+02  -1.46470222e-04
   3.45863737e+02  -3.82586477e-05
   3.45864225e+02   1.92808773e-04
   3.45864713e+02  -1.40278116e-05
   3.45865202e+02  -3.08670948e-04
   3.45865690e+02  -1.08272491e-06
   3.45866178e+02   3.87737353e-04
   3.45866667e+02   3.23421060e-04
   3.45867155e+02   1.56642811e-04
   3.45867643e+02   1.35190770e-04
   3.45868132e+02   1.12305410e-04
   3.45868620e+02   1.03989123e-05
   3.45869108e+02  -6.65525522e-06
   3.45869597e+02  -4.04438688e-05
   3.45870085e+02  -1.83665150e-04
   3.45870573e+02  -4.13712376e-04
   3.45871061e+02  -7.02440331e-04
   3.45871550e+02  -8.17787601e-04
   3.45872038e+02  -7.30169355e-04
   3.45872526e+02  -7.20736629e-04
   3.45873015e+02  -6.71743474e-04
   3.45873503e+02  -2.48565164e-04
   3.45873991e+02   4.07386018e-04
   3.45874480e+02   7.43288430e-04
   3.45874968e+02   5.83303452e-04
   3.45875456e+02   2.83203553e-04
   3.45875945e+02   2.58850196e-05
   3.45876433e+02  -2.61670852e-04
   3.45876921e+02  -3.32638825e-04
   3.45877409e+02  -1.33883572e-04
   3.45877898e+02  -1.07636852e-05
   3.45878386e+02  -1.62696160e-04
   3.45878874e+02  -2.17375622e-04
   3.45879363e+02  -1.26255516e-04
   3.45879851e+02  -2.44434727e-06
   3.45880339e+02  -1.19386808e-04
   3.45880828e+02  -1.51878616e-04
   3.45881316e+02   2.42300157e-04
   3.45881804e+02   7.03374913e-04
   3.45882293e+02   8.06827913e-04
   3.45882781e+02   6.47056615e-04
   3.45883269e+02   4.25640144e-04
   3.45883757e+02   1.04197905e-04
   3.45884246e+02  -2.03063057e-04
   3.45884734e+02  -1.50647320e-04
   3.45885222e+02   1.14931545e-05
   3.45885711e+02  -4.16968869e-05
   3.45886199e+02   1.12004718e-05
   3.45886687e+02   2.58995511e-04
   3.45887176e+02   2.26822944e-04
   3.45887664e+02   3.78065647e-06
   3.45888152e+02   9.00663781e-06
   3.45888641e+02   9.37331788e-05
   3.45889129e+02  -2.53581238e-05
   3.45889617e+02  -1.55872331e-04
   3.45890105e+02  -6.94102200e-05
   3.45890594e+02   1.15412964e-04
   3.45891082e+02   6.27161789e-05
   3.45891570e+02  -1.88782113e-04
   3.45892059e+02  -2.09027305e-04
   3.45892547e+02  -8.61641020e-05
   3.45893035e+02  -2.34729814e-05
   3.45893524e+02   2.06720506e-04
   3.45894012e+02   6.49011636e-04
   3.45894500e+02   8.09663208e-04
   3.45894989e+02   4.21382429e-04
   3.45895477e+02   6.97827591e-06
   3.45895965e+02   2.06612694e-05
   3.45896453e+02   1.02541577e-04
   3.45896942e+02   7.97111570e-05
   3.45897430e+02   1.84612727e-04
   3.45897918e+02  -7.32525004e-05
   3.45898407e+02  -4.11224551e-04
   3.45898895e+02  -9.09109367e-05
   3.45899383e+02   3.80843121e-04
   3.45899872e+02   2.98807165e-04
   3.45900360e+02  -1.08804707e-04
   3.45900848e+02  -1.81273208e-04
   3.45901337e+02   5.20911271e-05
   3.45901825e+02   1.27866093e-04
   3.45902313e+02  -1.36366885e-04
   3.45902801e+02  -2.16592132e-04
   3.45903290e+02   4.78497932e-05
   3.45903778e+02   7.19440068e-05
   3.45904266e+02  -2.77904765e-04
   3.45904755e+02  -3.73880641e-04
   3.45905243e+02  -1.72524069e-05
   3.45905731e+02   9.15312121e-05
   3.45906220e+02   7.39820462e-05
   3.45906708e+02   3.20291496e-04
   3.45907196e+02   3.20178369e-04
   3.45907685e+02  -1.15183218e-04
   3.45908173e+02  -1.94521795e-04
   3.45908661e+02   1.03192280e-04
   3.45909150e+02   5.97489270e-05
   3.45909638e+02  -8.96549100e-05
   3.45910126e+02  -1.04442814e-04
   3.45910614e+02  -2.83775182e-04
   3.45911103e+02  -2.65821756e-04
   3.45911591e+02   6.62903185e-05
   3.45912079e+02   2.44143914e-04
   3.45912568e+02   3.54529620e-04
   3.45913056e+02   4.93606261e-04
   3.45913544e+02   3.64298467e-04
   3.45914033e+02   7.38356321e-05
   3.45914521e+02   6.99462980e-05
   3.45915009e+02   4.25463251e-04
   3.45915498e+02   6.19081373e-04
   3.45915986e+02   3.00801563e-04
   3.45916474e+02  -2.14978805e-04
   3.45916962e+02  -5.10562561e-04
   3.45917451e+02  -5.45147632e-04
   3.45917939e+02  -3.58395599e-04
   3.45918427e+02  -1.20154415e-04
   3.45918916e+02   1.53294036e-06
   3.45919404e+02   4.41659140e-05
   3.45919892e+02   8.70771255e-05
   3.45920381e+02   2.79852160e-04
   3.45920869e+02   5.36635052e-04
   3.45921357e+02   3.52878822e-04
   3.45921846e+02  -7.83210726e-06
   3.45922334e+02  -2.08191541e-05
   3.45922822e+02   1.66221234e-05
   3.45923310e+02  -2.14136147e-04
   3.45923799e+02  -5.64643182e-04
   3.45924287e+02  -6.87197549e-04
   3.45924775e+02  -3.46983899e-04
   3.45925264e+02   2.21160793e-04
   3.45925752e+02   6.81338366e-04
   3.45926240e+02   6.24479610e-04
   3.45926729e+02   1.06034815e-04
   3.45927217e+02   2.00527284e-05
   3.45927705e+02   3.40690371e-04
   3.45928194e+02   2.16439585e-04
   3.45928682e+02  -1.18507342e-04
   3.45929170e+02  -9.42444676e-05
   3.45929658e+02   2.19975009e-05
   3.45930147e+02   5.25559808e-05
   3.45930635e+02  -2.20284915e-06
   3.45931123e+02  -1.88382837e-04
   3.45931612e+02  -2.01319650e-04
   3.45932100e+02   9.19786689e-05
   3.45932588e+02   4.27236140e-04
   3.45933077e+02   3.98645614e-04
   3.45933565e+02   2.14245199e-04
   3.45934053e+02   2.84924579e-04
   3.45934542e+02   1.64054538e-04
   3.45935030e+02  -2.70103919e-04
   3.45935518e+02  -3.22820444e-04
   3.45936006e+02   2.28949120e-05
   3.45936495e+02   2.20163769e-04
   3.45936983e+02   3.51531344e-04
   3.45937471e+02   4.09621687e-04
   3.45937960e+02   1.99012575e-04
   3.45938448e+02   2.88452400e-04
   3.45938936e+02   4.85534489e-04
   3.45939425e+02   7.05228304e-04
   3.45939913e+02   6.34456403e-04
   3.45940401e+02   1.71633787e-04
   3.45940890e+02  -2.63635971e-04
   3.45941378e+02  -5.66606643e-04
   3.45941866e+02  -8.03130039e-04
   3.45942354e+02  -7.46085716e-04
   3.45942843e+02  -4.69078106e-04
   3.45943331e+02  -2.52204976e-04
   3.45943819e+02  -2.75604893e-04
   3.45944308e+02  -3.99870099e-04
   3.45944796e+02  -2.85570626e-04
   3.45945284e+02  -1.37871495e-04
   3.45945773e+02  -1.34339978e-04
   3.45946261e+02  -2.42329072e-04
   3.45946749e+02  -1.72066953e-04
   3.45947238e+02   2.52547179e-04
   3.45947726e+02   5.17209875e-04
   3.45948214e+02   3.02712637e-04
   3.45948703e+02   1.40780423e-04
   3.45949191e+02   2.78221502e-04
   3.45949679e+02   2.83990928e-04
   3.45950167e+02   5.34714400e-06
   3.45950656e+02  -2.40141817e-04
   3.45951144e+02  -2.53810344e-04
   3.45951632e+02  -1.58022580e-04
   3.45952121e+02  -2.01303279e-04
   3.45952609e+02  -2.70713004e-04
   3.45953097e+02  -9.61077531e-05
   3.45953586e+02  -1.62133394e-04
   3.45954074e+02  -2.97700462e-04
   3.45954562e+02   6.11592623e-05
   3.45955051e+02   3.93149152e-04
   3.45955539e+02   4.37467301e-04
   3.45956027e+02   4.78342263e-04
   3.45956515e+02   4.49558400e-04
   3.45957004e+02   2.50517449e-04
   3.45957492e+02   1.20799785e-04
   3.45957980e+02   1.08231383e-04
   3.45958469e+02   2.49988923e-04
   3.45958957e+02   6.06815040e-04
   3.45959445e+02   7.44395365e-04
   3.45959934e+02   4.87235724e-04
   3.45960422e+02   3.21942993e-04
   3.45960910e+02   1.95319881e-04
   3.45961399e+02  -1.65124758e-04
   3.45961887e+02  -4.64649114e-04
   3.45962375e+02  -5.07157587e-04
   3.45962863e+02  -2.81497923e-04
   3.45963352e+02   1.81723342e-04
   3.45963840e+02   3.78785306e-04
   3.45964328e+02   3.11244425e-04
   3.45964817e+02   4.13611793e-04
   3.45965305e+02   4.23848105e-04
   3.45965793e+02   2.27544835e-04
   3.45966282e+02   1.84427583e-04
   3.45966770e+02  -2.03462932e-05
   3.45967258e+02  -3.57399404e-04
   3.45967747e+02  -2.56793894e-04
   3.45968235e+02   1.26375831e-04
   3.45968723e+02   2.75626517e-04
   3.45969211e+02   1.16705014e-04
   3.45969700e+02  -1.00910649e-04
   3.45970188e+02  -3.83155915e-04
   3.45970676e+02  -4.85216646e-04
   3.45971165e+02  -3.15895653e-04
   3.45971653e+02  -3.47602618e-04
   3.45972141e+02  -5.14343323e-04
   3.45972630e+02  -3.28528375e-04
   3.45973118e+02   1.53719175e-05
   3.45973606e+02  -6.93540130e-07
   3.45974095e+02  -3.13089113e-04
   3.45974583e+02  -4.98658104e-04
   3.45975071e+02  -4.93680651e-04
   3.45975559e+02  -2.73613492e-04
   3.45976048e+02   3.30731767e-04
   3.45976536e+02   7.33605877e-04
   3.45977024e+02   4.01290890e-04
   3.45977513e+02  -3.90378773e-06
   3.45978001e+02  -2.25719541e-05
   3.45978489e+02  -5.14080530e-05
   3.45978978e+02  -8.21806243e-05
   3.45979466e+02   4.98338777e-05
   3.45979954e+02   3.02539935e-04
   3.45980443e+02   1.87722559e-04
   3.45980931e+02  -2.31865735e-04
   3.45981419e+02  -1.94887762e-04
   3.45981907e+02  -2.08186484e-05
   3.45982396e+02  -2.47846619e-04
   3.45982884e+02  -6.03883294e-04
   3.45983372e+02  -8.63302266e-04
   3.45983861e+02  -7.35771842e-04
   3.45984349e+02  -3.36068391e-04
   3.45984837e+02  -6.24437162e-05
   3.45985326e+02  -1.09790337e-04
   3.45985814e+02  -4.40249511e-04
   3.45986302e+02  -3.18853534e-04
   3.45986791e+02   1.13478927e-04
   3.45987279e+02  -3.07295049e-05
   3.45987767e+02  -4.67042904e-04
   3.45988256e+02  -4.50294930e-04
   3.45988744e+02  -5.34750325e-06
   3.45989232e+02   1.93741362e-04
   3.45989720e+02   3.82473881e-05
   3.45990209e+02  -6.79538061e-05
   3.45990697e+02  -4.14147769e-04
   3.45991185e+02  -7.45745725e-04
   3.45991674e+02  -5.39916742e-04
   3.45992162e+02  -1.73978580e-04
   3.45992650e+02  -4.04803905e-06
   3.45993139e+02   1.93783617e-05
   3.45993627e+02   1.90234990e-04
   3.45994115e+02   5.05227130e-04
   3.45994604e+02   3.99862300e-04
   3.45995092e+02  -5.98954321e-05
   3.45995580e+02  -2.95117294e-04
   3.45996068e+02  -6.85643536e-05
   3.45996557e+02   4.36419708e-04
   3.45997045e+02   6.12272241e-04
   3.45997533e+02   4.56860434e-04
   3.45998022e+02   3.74623603e-04
   3.45998510e+02   2.60403642e-04
   3.45998998e+02   3.70574548e-06
   3.45999487e+02   5.73208490e-05
   3.45999975e+02   1.95922577e-04
   3.46000463e+02  -3.00383457e-04
   3.46000952e+02  -9.11572075e-04
   3.46001440e+02  -9.45346314e-04
   3.46001928e+02  -6.01811858e-04
   3.46002416e+02  -2.33358776e-04
   3.46002905e+02   7.25658683e-05
   3.46003393e+02   1.55145462e-04
   3.46003881e+02  -1.07981017e-04
   3.46004370e+02  -2.70925055e-04
   3.46004858e+02  -1.65981692e-04
   3.46005346e+02  -5.60932240e-05
   3.46005835e+02   1.86830483e-04
   3.46006323e+02   6.16110920e-04
   3.46006811e+02   6.82873477e-04
   3.46007300e+02   8.27048279e-05
   3.46007788e+02  -4.92871855e-04
   3.46008276e+02  -3.80505109e-04
   3.46008764e+02   2.19258691e-05
   3.46009253e+02   1.59350529e-04
   3.46009741e+02   2.32225866e-04
   3.46010229e+02   1.30784232e-04
   3.46010718e+02  -1.27214342e-04
   3.46011206e+02   5.53057725e-05
   3.46011694e+02   2.71657453e-04
   3.46012183e+02   8.04899391e-05
   3.46012671e+02  -6.84769402e-05
   3.46013159e+02   1.35498494e-05
   3.46013648e+02   4.20601391e-05
   3.46014136e+02  -2.27688884e-04
   3.46014624e+02  -3.86706612e-04
   3.46015112e+02  -9.34761847e-05
   3.46015601e+02  -8.68421102e-06
   3.46016089e+02  -2.15974898e-04
   3.46016577e+02  -1.23895370e-04
   3.46017066e+02   3.90177556e-05
   3.46017554e+02  -6.71342204e-05
   3.46018042e+02  -1.63011660e-04
   3.46018531e+02  -1.21663470e-04
   3.46019019e+02  -1.14445444e-04
   3.46019507e+02  -1.81368174e-04
   3.46019996e+02  -9.92195855e-05
   3.46020484e+02   3.02026801e-05
   3.46020972e+02  -3.35478944e-05
   3.46021460e+02  -2.73307611e-04
   3.46021949e+02  -4.21522447e-04
   3.46022437e+02  -2.01093877e-04
   3.46022925e+02   1.33597016e-04
   3.46023414e+02   3.08452465e-04
   3.46023902e+02   3.19277693e-04
   3.46024390e+02   4.40475240e-04
   3.46024879e+02   6.15928380e-04
   3.46025367e+02   4.11324814e-04
   3.46025855e+02  -1.27207459e-05
   3.46026344e+02  -1.91431682e-04
   3.46026832e+02  -1.07728367e-04
   3.46027320e+02  -5.30255238e-05
   3.46027809e+02  -5.45740513e-05
   3.46028297e+02  -7.80221526e-05
   3.46028785e+02  -1.66192578e-04
   3.46029273e+02  -4.08002088e-04
   3.46029762e+02  -7.33096735e-04
   3.46030250e+02  -6.29594433e-04
   3.46030738e+02  -2.21767870e-04
   3.46031227e+02   5.47135205e-05
   3.46031715e+02   3.20324412e-04
   3.46032203e+02   3.84072860e-04
   3.46032692e+02   6.54816904e-05
   3.46033180e+02  -1.40912365e-04
   3.46033668e+02  -8.00116686e-06
   3.46034157e+02   1.88299950e-04
   3.46034645e+02   2.51108810e-04
   3.46035133e+02   1.43083817e-04
   3.46035621e+02   4.01188663e-05
   3.46036110e+02   2.92602454e-05
   3.46036598e+02  -8.03178555e-05
   3.46037086e+02  -1.81479758e-04
   3.46037575e+02  -2.19561334e-04
   3.46038063e+02  -2.57417763e-04
   3.46038551e+02  -2.59785040e-04
   3.46039040e+02  -1.70690430e-04
   3.46039528e+02  -3.31292722e-05
   3.46040016e+02  -2.12493360e-05
   3.46040505e+02   7.52859851e-05
   3.46040993e+02   1.75587818e-04
   3.46041481e+02   4.80697017e-05
   3.46041969e+02  -3.22196684e-05
   3.46042458e+02   4.45276564e-05
   3.46042946e+02   1.43558218e-05
   3.46043434e+02  -3.90138623e-04
   3.46043923e+02  -6.58025267e-04
   3.46044411e+02  -2.52197467e-04
   3.46044899e+02   1.09220804e-04
   3.46045388e+02   3.07573100e-05
   3.46045876e+02   2.12262923e-04
   3.46046364e+02   3.84818093e-04
   3.46046853e+02  -2.88926040e-05
   3.46047341e+02  -2.36656895e-04
   3.46047829e+02  -7.54002103e-05
   3.46048317e+02  -1.00323814e-04
   3.46048806e+02  -1.79642011e-04
   3.46049294e+02  -2.16408080e-04
   3.46049782e+02  -1.20158802e-04
   3.46050271e+02  -1.06990759e-04
   3.46050759e+02  -3.25158908e-04
   3.46051247e+02  -4.42848483e-04
   3.46051736e+02  -4.25627222e-04
   3.46052224e+02  -5.16890606e-04
   3.46052712e+02  -5.85026864e-04
   3.46053201e+02  -1.06863095e-04
   3.46053689e+02   4.24821395e-04
   3.46054177e+02   1.98191759e-04
   3.46054665e+02   3.71812621e-06
   3.46055154e+02   3.89419962e-04
   3.46055642e+02   5.82064502e-04
   3.46056130e+02   3.79152654e-04
   3.46056619e+02   1.17074887e-04
   3.46057107e+02  -1.95934277e-04
   3.46057595e+02  -3.78911704e-04
   3.46058084e+02  -1.62193057e-04
   3.46058572e+02   9.56950898e-05
   3.46059060e+02  -6.88682630e-05
   3.46059549e+02  -4.40583011e-04
   3.46060037e+02  -5.78385429e-04
   3.46060525e+02  -4.88321355e-04
   3.46061013e+02  -4.57694841e-04
   3.46061502e+02  -4.28216998e-04
   3.46061990e+02  -7.63075222e-05
   3.46062478e+02   2.64084170e-04
   3.46062967e+02   2.82337831e-04
   3.46063455e+02   2.10069207e-04
   3.46063943e+02   9.39967140e-05
   3.46064432e+02   4.76044333e-05
   3.46064920e+02   1.13318602e-04
   3.46065408e+02   1.54997120e-04
   3.46065897e+02   1.41202268e-04
   3.46066385e+02   4.96841167e-05
   3.46066873e+02  -2.01197836e-04
   3.46067362e+02  -2.52455153e-04
   3.46067850e+02   1.83872671e-05
   3.46068338e+02   1.59719290e-04
   3.46068826e+02   2.00204828e-04
   3.46069315e+02   1.69955616e-04
   3.46069803e+02  -1.44983875e-04
   3.46070291e+02  -4.74809000e-04
   3.46070780e+02  -4.76424146e-04
   3.46071268e+02  -3.76106473e-04
   3.46071756e+02  -4.51858534e-04
   3.46072245e+02  -4.07232292e-04
   3.46072733e+02  -1.90685707e-04
   3.46073221e+02   1.45944781e-04
   3.46073710e+02   4.12779220e-04
   3.46074198e+02   4.55690984e-04
   3.46074686e+02   4.02851903e-04
   3.46075174e+02   1.59345989e-04
   3.46075663e+02   1.34400693e-06
   3.46076151e+02   8.13627412e-05
   3.46076639e+02   3.09966053e-05
   3.46077128e+02  -1.52196924e-04
   3.46077616e+02  -4.04446153e-04
   3.46078104e+02  -6.27023168e-04
   3.46078593e+02  -7.00868550e-04
   3.46079081e+02  -5.93516859e-04
   3.46079569e+02  -5.17964596e-04
   3.46080058e+02  -6.83091639e-04
   3.46080546e+02  -6.98862830e-04
   3.46081034e+02  -3.96458025e-04
   3.46081522e+02  -2.94457022e-05
   3.46082011e+02   1.49363535e-04
   3.46082499e+02   9.03615437e-05
   3.46082987e+02   1.83198586e-04
   3.46083476e+02   5.99088962e-04
   3.46083964e+02   8.16204294e-04
   3.46084452e+02   5.39002765e-04
   3.46084941e+02   1.97016940e-04
   3.46085429e+02  -7.84504737e-05
   3.46085917e+02  -2.46239681e-04
   3.46086406e+02  -1.19757744e-04
   3.46086894e+02   1.89548882e-04
   3.46087382e+02   4.12088761e-04
   3.46087870e+02   5.24071278e-04
   3.46088359e+02   4.37124982e-04
   3.46088847e+02   1.46878869e-04
   3.46089335e+02  -1.44311154e-04
   3.46089824e+02  -4.08956577e-04
   3.46090312e+02  -5.04669559e-04
   3.46090800e+02  -2.89351126e-04
   3.46091289e+02  -1.49966785e-04
   3.46091777e+02  -1.00884965e-04
   3.46092265e+02   1.96125082e-04
   3.46092754e+02   4.89128986e-04
   3.46093242e+02   4.88970254e-04
   3.46093730e+02   4.23481950e-04
   3.46094218e+02   5.18487184e-04
   3.46094707e+02   6.25639223e-04
   3.46095195e+02   6.59437093e-04
   3.46095683e+02   5.54204395e-04
   3.46096172e+02   1.30655477e-04
   3.46096660e+02  -1.98200985e-04
   3.46097148e+02   1.92469452e-05
   3.46097637e+02   3.87114094e-04
   3.46098125e+02   4.51079890e-04
   3.46098613e+02   2.71118246e-04
   3.46099102e+02   1.36291565e-04
   3.46099590e+02   1.02627055e-04
   3.46100078e+02   1.41495460e-04
   3.46100566e+02   1.20271732e-04
   3.46101055e+02   8.34383900e-05
   3.46101543e+02   7.00677410e-05
   3.46102031e+02   1.31760258e-04
   3.46102520e+02   2.39951667e-04
   3.46103008e+02   3.07960989e-04
   3.46103496e+02   2.92849669e-04
   3.46103985e+02   1.55825517e-04
   3.46104473e+02  -9.85495935e-05
   3.46104961e+02  -3.77308519e-04
   3.46105450e+02  -4.10554581e-04
   3.46105938e+02  -2.81557266e-04
   3.46106426e+02  -2.08324796e-04
   3.46106915e+02  -2.25204712e-04
   3.46107403e+02  -4.14865499e-04
   3.46107891e+02  -5.68734948e-04
   3.46108379e+02  -4.95254062e-04
   3.46108868e+02  -3.89549910e-04
   3.46109356e+02  -2.03252494e-04
   3.46109844e+02   1.60457406e-04
   3.46110333e+02   4.25290782e-04
   3.46110821e+02   5.16607543e-04
   3.46111309e+02   7.17250397e-04
   3.46111798e+02   6.43248204e-04
   3.46112286e+02   1.00631456e-04
   3.46112774e+02  -2.82433728e-04
   3.46113263e+02  -3.27485526e-04
   3.46113751e+02  -2.93235295e-04
   3.46114239e+02   6.27031841e-05
   3.46114727e+02   1.96362773e-04
   3.46115216e+02   1.70378524e-04
   3.46115704e+02  -1.03127015e-04
   3.46116192e+02  -7.73164036e-04
   3.46116681e+02  -8.72113218e-04
   3.46117169e+02  -4.62497701e-04
   3.46117657e+02  -2.96714192e-04
   3.46118146e+02  -4.66105885e-05
   3.46118634e+02   1.90129664e-04
   3.46119122e+02  -4.20838878e-05
   3.46119611e+02  -3.12118849e-04
   3.46120099e+02  -2.09120204e-04
   3.46120587e+02  -1.06388812e-04
   3.46121075e+02   3.10714713e-05
   3.46121564e+02   2.70965276e-04
   3.46122052e+02   2.09685939e-04
   3.46122540e+02  -2.54947627e-05
   3.46123029e+02   1.20386012e-05
   3.46123517e+02   1.16918462e-04
   3.46124005e+02  -1.80915431e-05
   3.46124494e+02  -3.07302893e-04
   3.46124982e+02  -5.80600637e-04
   3.46125470e+02  -5.15562540e-04
   3.46125959e+02  -3.83274164e-05
   3.46126447e+02   3.39859573e-04
   3.46126935e+02   4.63936361e-04
   3.46127423e+02   4.37086332e-04
   3.46127912e+02   7.13217160e-05
   3.46128400e+02  -9.30080205e-05
   3.46128888e+02   2.98518484e-04
   3.46129377e+02   6.15632453e-04
   3.46129865e+02   5.72143646e-04
   3.46130353e+02   3.35624238e-04
   3.46130842e+02   2.04603130e-04
   3.46131330e+02   2.21985800e-04
   3.46131818e+02   2.07929159e-04
   3.46132307e+02   1.69165025e-04
   3.46132795e+02   2.32051843e-05
   3.46133283e+02  -9.49061796e-05
   3.46133771e+02  -9.53181152e-05
   3.46134260e+02  -2.04635231e-04
   3.46134748e+02  -4.34923597e-04
   3.46135236e+02  -4.49214043e-04
   3.46135725e+02  -3.29606955e-05
   3.46136213e+02   2.58074637e-04
   3.46136701e+02   1.62379627e-04
   3.46137190e+02   2.10061786e-04
   3.46137678e+02   3.74293915e-04
   3.46138166e+02   2.42981201e-04
   3.46138655e+02   1.27470936e-04
   3.46139143e+02   3.34238430e-04
   3.46139631e+02   2.85002316e-04
   3.46140119e+02  -1.56986716e-04
   3.46140608e+02  -4.73997061e-04
   3.46141096e+02  -3.23473883e-04
   3.46141584e+02   9.25672066e-06
   3.46142073e+02  -1.34783404e-04
   3.46142561e+02  -5.40475477e-04
   3.46143049e+02  -2.84749782e-04
   3.46143538e+02   4.55174013e-04
   3.46144026e+02   6.16633333e-04
   3.46144514e+02   2.96413229e-04
   3.46145003e+02   2.05723598e-04
   3.46145491e+02   1.21000972e-04
   3.46145979e+02  -1.24488492e-04
   3.46146468e+02  -4.32491564e-04
   3.46146956e+02  -7.08567444e-04
   3.46147444e+02  -6.53614465e-04
   3.46147932e+02  -2.69026816e-04
   3.46148421e+02   1.63520090e-05
   3.46148909e+02  -3.18204256e-05
   3.46149397e+02  -9.02616594e-05
   3.46149886e+02   1.16099113e-06
   3.46150374e+02  -5.38245040e-05
   3.46150862e+02  -1.71284759e-04
   3.46151351e+02  -8.75185506e-05
   3.46151839e+02  -1.49362109e-04
   3.46152327e+02  -3.32446449e-04
   3.46152816e+02  -3.20878316e-04
   3.46153304e+02  -2.83454458e-04
   3.46153792e+02  -1.22349200e-04
   3.46154280e+02   1.15310751e-04
   3.46154769e+02   1.40250879e-04
   3.46155257e+02   1.08242486e-04
   3.46155745e+02  -5.00682800e-05
   3.46156234e+02  -2.82245863e-04
   3.46156722e+02  -2.97387800e-04
   3.46157210e+02  -3.77083226e-04
   3.46157699e+02  -4.60817682e-04
   3.46158187e+02  -1.76904636e-04
   3.46158675e+02   7.71938794e-05
   3.46159164e+02  -4.03634112e-05
   3.46159652e+02  -7.64970391e-05
   3.46160140e+02   1.15734372e-04
   3.46160628e+02   2.20335220e-04
   3.46161117e+02   1.96912035e-04
   3.46161605e+02   2.57241569e-04
   3.46162093e+02   4.51160682e-04
   3.46162582e+02   4.94852779e-04
   3.46163070e+02   1.74934641e-04
   3.46163558e+02  -1.63361823e-04
   3.46164047e+02  -3.78291385e-04
   3.46164535e+02  -5.86647424e-04
   3.46165023e+02  -4.21519275e-04
   3.46165512e+02   1.09348866e-05
   3.46166000e+02  -9.20736511e-06
   3.46166488e+02  -2.16887871e-04
   3.46166976e+02  -8.47048941e-05
   3.46167465e+02  -1.64507641e-04
   3.46167953e+02  -5.09317790e-04
   3.46168441e+02  -3.99539218e-04
   3.46168930e+02  -6.89996305e-05
   3.46169418e+02   1.88261489e-04
   3.46169906e+02   3.78760567e-04
   3.46170395e+02   2.30327714e-04
   3.46170883e+02  -9.81093835e-05
   3.46171371e+02  -3.09244002e-04
   3.46171860e+02  -2.55593273e-04
   3.46172348e+02   3.79131052e-05
   3.46172836e+02   4.83317912e-04
   3.46173324e+02   4.92462073e-04
   3.46173813e+02   2.09940219e-04
   3.46174301e+02  -6.12872609e-05
   3.46174789e+02  -4.28333558e-04
   3.46175278e+02  -4.17612580e-04
   3.46175766e+02  -1.64834579e-04
   3.46176254e+02  -2.54926970e-04
   3.46176743e+02  -3.42903542e-04
   3.46177231e+02  -1.83285578e-04
   3.46177719e+02  -2.40336347e-04
   3.46178208e+02  -3.88387562e-04
   3.46178696e+02  -5.26771473e-04
   3.46179184e+02  -5.40918205e-04
   3.46179672e+02   2.48767523e-04
   3.46180161e+02   1.01661449e-03
   3.46180649e+02   6.47506851e-04
   3.46181137e+02   1.35176058e-04
   3.46181626e+02   1.11593508e-04
   3.46182114e+02  -3.42326493e-05
   3.46182602e+02  -9.88910251e-05
   3.46183091e+02   3.50402916e-05
   3.46183579e+02   1.55517584e-04
   3.46184067e+02   2.96910148e-04
   3.46184556e+02   1.82527641e-04
   3.46185044e+02  -1.59125339e-04
   3.46185532e+02  -3.06008704e-04
   3.46186021e+02  -2.02574825e-04
   3.46186509e+02  -7.86156888e-05
   3.46186997e+02   1.55385278e-04
   3.46187485e+02   3.14617530e-04
   3.46187974e+02   7.96253589e-05
   3.46188462e+02  -7.15842325e-05
   3.46188950e+02   3.00955671e-05
   3.46189439e+02   5.92891083e-05
   3.46189927e+02   4.09902685e-04
   3.46190415e+02   9.14259523e-04
   3.46190904e+02   7.99143221e-04
   3.46191392e+02   2.58737942e-04
   3.46191880e+02  -6.56057673e-05
   3.46192369e+02  -9.00460873e-05
   3.46192857e+02   1.30011802e-04
   3.46193345e+02   2.87613453e-04
   3.46193833e+02   1.56032300e-04
   3.46194322e+02  -1.22570664e-05
   3.46194810e+02  -6.30863942e-05
   3.46195298e+02  -1.57138711e-04
   3.46195787e+02  -2.80379696e-04
   3.46196275e+02  -2.13457548e-04
   3.46196763e+02   5.17034860e-05
   3.46197252e+02   1.79450100e-04
   3.46197740e+02   1.30555069e-04
   3.46198228e+02   7.45136713e-05
   3.46198717e+02  -5.70165248e-05
   3.46199205e+02  -1.44318983e-04
   3.46199693e+02   1.59516887e-04
   3.46200181e+02   5.01670409e-04
   3.46200670e+02   5.22670220e-04
   3.46201158e+02   2.61547742e-04
   3.46201646e+02  -1.04491046e-05
   3.46202135e+02   1.28244486e-04
   3.46202623e+02   2.83664325e-04
   3.46203111e+02   1.82624135e-04
   3.46203600e+02   1.36957533e-04
   3.46204088e+02   2.95269820e-05
   3.46204576e+02  -7.25629798e-06
   3.46205065e+02   1.13568749e-04
   3.46205553e+02   1.91916442e-05
   3.46206041e+02  -4.02713951e-04
   3.46206529e+02  -8.14189843e-04
   3.46207018e+02  -8.60872155e-04
   3.46207506e+02  -7.46862614e-04
   3.46207994e+02  -6.29086688e-04
   3.46208483e+02  -5.00446302e-04
   3.46208971e+02  -4.62581316e-04
   3.46209459e+02  -3.66474793e-04
   3.46209948e+02  -2.89760355e-04
   3.46210436e+02  -3.59203055e-04
   3.46210924e+02  -2.71322671e-04
   3.46211413e+02  -8.95127014e-05
   3.46211901e+02   5.51473277e-05
   3.46212389e+02   1.21062956e-04
   3.46212877e+02  -1.80717689e-04
   3.46213366e+02  -4.63974022e-04
   3.46213854e+02  -2.68734002e-04
   3.46214342e+02  -1.73714958e-04
   3.46214831e+02  -2.97776889e-04
   3.46215319e+02  -1.76988004e-04
   3.46215807e+02   1.23661201e-04
   3.46216296e+02   2.24180403e-04
   3.46216784e+02   8.16753891e-05
   3.46217272e+02   2.63915281e-04
   3.46217761e+02   7.20616488e-04
   3.46218249e+02   6.63171522e-04
   3.46218737e+02   2.33231462e-04
   3.46219225e+02  -2.93375251e-05
   3.46219714e+02  -3.99364981e-05
   3.46220202e+02   1.98699108e-05
   3.46220690e+02  -1.43043639e-04
   3.46221179e+02  -3.87837557e-04
   3.46221667e+02  -2.99066829e-04
   3.46222155e+02  -4.21599834e-05
   3.46222644e+02   6.58774443e-05
   3.46223132e+02  -3.09013376e-05
   3.46223620e+02  -8.55849867e-05
   3.46224109e+02   1.99881848e-04
   3.46224597e+02   6.13389595e-04
   3.46225085e+02   6.89975393e-04
   3.46225574e+02   5.22417715e-04
   3.46226062e+02   3.77377699e-04
   3.46226550e+02   3.75865784e-04
   3.46227038e+02   2.82802241e-04
   3.46227527e+02   2.34519612e-05
   3.46228015e+02   1.13567148e-05
   3.46228503e+02   1.50162901e-04
   3.46228992e+02   2.01388117e-04
   3.46229480e+02   1.62184791e-04
   3.46229968e+02  -2.57085389e-07
   3.46230457e+02   5.66219614e-06
   3.46230945e+02   1.79742667e-04
   3.46231433e+02   3.86797648e-04
   3.46231922e+02   4.57788759e-04
   3.46232410e+02   2.57206731e-04
   3.46232898e+02   3.53556934e-05
   3.46233386e+02   7.50048457e-06
   3.46233875e+02   2.64030707e-04
   3.46234363e+02   3.43330641e-04
   3.46234851e+02   6.28735143e-05
   3.46235340e+02  -2.83699228e-05
   3.46235828e+02   4.67971877e-05
   3.46236316e+02  -1.14318800e-06
   3.46236805e+02  -1.30133456e-04
   3.46237293e+02  -1.13439244e-04
   3.46237781e+02   2.90470954e-04
   3.46238270e+02   7.89481332e-04
   3.46238758e+02   9.18224221e-04
   3.46239246e+02   1.03984331e-03
   3.46239734e+02   1.20699988e-03
   3.46240223e+02   8.99510807e-04
   3.46240711e+02   3.56908509e-04
   3.46241199e+02   2.52858357e-04
   3.46241688e+02   4.06127947e-04
   3.46242176e+02   7.00774312e-04
   3.46242664e+02   1.31289964e-03
   3.46243153e+02   1.79031061e-03
   3.46243641e+02   1.62065495e-03
   3.46244129e+02   1.41310913e-03
   3.46244618e+02   1.51414354e-03
   3.46245106e+02   1.33392191e-03
   3.46245594e+02   8.62183166e-04
   3.46246082e+02   8.23522336e-04
   3.46246571e+02   8.34670209e-04
   3.46247059e+02   6.80429221e-04
   3.46247547e+02   4.96192661e-04
   3.46248036e+02   2.56389787e-04
   3.46248524e+02   3.72913892e-05
   3.46249012e+02  -1.44199948e-04
   3.46249501e+02  -7.84496588e-05
   3.46249989e+02   5.46985248e-05
   3.46250477e+02  -9.88229804e-05
   3.46250966e+02  -4.28813044e-04
   3.46251454e+02  -3.84048501e-04
   3.46251942e+02   1.07612315e-04
   3.46252430e+02   3.18290724e-04
   3.46252919e+02   8.96866186e-05
   3.46253407e+02   4.21011973e-05
   3.46253895e+02   3.46203276e-04
   3.46254384e+02   6.46093336e-04
   3.46254872e+02   3.94088129e-04
   3.46255360e+02  -1.83999524e-04
   3.46255849e+02  -3.58242076e-04
   3.46256337e+02  -1.05934836e-04
   3.46256825e+02  -1.17312054e-04
   3.46257314e+02  -4.92525403e-04
   3.46257802e+02  -5.79806685e-04
   3.46258290e+02  -2.12620958e-04
   3.46258778e+02   2.27657423e-04
   3.46259267e+02   3.48073198e-04
   3.46259755e+02   1.66737649e-04
   3.46260243e+02   1.01049642e-04
   3.46260732e+02   3.58035584e-04
   3.46261220e+02   5.30345947e-04
   3.46261708e+02   4.69280028e-04
   3.46262197e+02   4.97938483e-04
   3.46262685e+02   3.74559924e-04
   3.46263173e+02   1.67290200e-04
   3.46263662e+02   3.06378817e-04
   3.46264150e+02   4.46032267e-04
   3.46264638e+02   4.43695957e-04
   3.46265127e+02   4.03621845e-04
   3.46265615e+02   2.51252350e-04
   3.46266103e+02   2.68060598e-04
   3.46266591e+02   4.38686257e-04
   3.46267080e+02   3.22875916e-04
   3.46267568e+02   2.07251360e-04
   3.46268056e+02   2.04973257e-04
   3.46268545e+02   7.70757761e-05
   3.46269033e+02  -1.00299258e-04
   3.46269521e+02  -2.73118640e-04
   3.46270010e+02  -1.44175327e-04
   3.46270498e+02   3.64978157e-04
   3.46270986e+02   6.01205509e-04
   3.46271475e+02   2.53621169e-04
   3.46271963e+02   2.48868109e-05
   3.46272451e+02   2.40357942e-04
   3.46272939e+02   3.94705130e-04
   3.46273428e+02   3.24273627e-04
   3.46273916e+02   2.94522266e-04
   3.46274404e+02   4.05590225e-04
   3.46274893e+02   2.83903180e-04
   3.46275381e+02  -1.50833861e-04
   3.46275869e+02  -4.40997450e-04
   3.46276358e+02  -4.13513422e-04
   3.46276846e+02  -1.25300168e-04
   3.46277334e+02   5.73561083e-05
   3.46277823e+02  -2.54449580e-04
   3.46278311e+02  -5.91452990e-04
   3.46278799e+02  -3.62445164e-04
   3.46279287e+02  -3.72453942e-05
   3.46279776e+02  -1.42232151e-04
   3.46280264e+02  -3.06709553e-04
   3.46280752e+02  -2.22065122e-04
   3.46281241e+02  -1.01144369e-05
   3.46281729e+02   8.45701434e-05
   3.46282217e+02   3.44937107e-05
   3.46282706e+02   4.11228575e-05
   3.46283194e+02   2.13439635e-05
   3.46283682e+02  -3.26261761e-05
   3.46284171e+02  -2.49031204e-04
   3.46284659e+02  -4.63545031e-04
   3.46285147e+02  -3.38015205e-04
   3.46285635e+02  -1.66967351e-04
   3.46286124e+02  -2.42829599e-04
   3.46286612e+02  -3.21014028e-04
   3.46287100e+02  -8.92215394e-05
   3.46287589e+02   2.60783097e-04
   3.46288077e+02   1.49725063e-04
   3.46288565e+02  -1.64620913e-04
   3.46289054e+02   2.03967837e-04
   3.46289542e+02   6.80244470e-04
   3.46290030e+02   2.83580157e-04
   3.46290519e+02  -7.71590785e-05
   3.46291007e+02  -1.37268129e-04
   3.46291495e+02  -1.28705782e-04
   3.46291983e+02   3.32148164e-04
   3.46292472e+02   1.01285870e-03
   3.46292960e+02   1.05323375e-03
   3.46293448e+02   5.05958858e-04
   3.46293937e+02   1.61054777e-04
   3.46294425e+02   1.66699145e-04
   3.46294913e+02   1.03017759e-04
   3.46295402e+02  -1.37203097e-04
   3.46295890e+02  -2.55442894e-04
   3.46296378e+02  -2.20231785e-04
   3.46296867e+02  -3.93211289e-04
   3.46297355e+02  -7.72135041e-04
   3.46297843e+02  -7.97628600e-04
   3.46298331e+02  -4.19692951e-04
   3.46298820e+02  -2.76302337e-04
   3.46299308e+02  -2.74287828e-04
   3.46299796e+02  -1.55550471e-04
   3.46300285e+02  -5.48549870e-05
   3.46300773e+02  -4.30304462e-05
   3.46301261e+02  -2.06417011e-04
   3.46301750e+02  -3.31384334e-04
   3.46302238e+02  -7.72258427e-05
   3.46302726e+02   3.83486476e-04
   3.46303215e+02   3.31384828e-04
   3.46303703e+02  -2.64386530e-04
   3.46304191e+02  -5.58362924e-04
   3.46304680e+02  -3.87267093e-04
   3.46305168e+02  -5.30750294e-05
   3.46305656e+02   3.48106812e-04
   3.46306144e+02   5.40821580e-04
   3.46306633e+02   3.40211642e-04
   3.46307121e+02   4.08363303e-06
   3.46307609e+02  -3.53638025e-04
   3.46308098e+02  -4.76323330e-04
   3.46308586e+02  -2.94509548e-04
   3.46309074e+02  -6.42169398e-05
   3.46309563e+02   1.57208298e-04
   3.46310051e+02   9.55172582e-05
   3.46310539e+02  -1.82122429e-04
   3.46311028e+02  -1.84774253e-04
   3.46311516e+02   2.26227748e-05
   3.46312004e+02   2.75735132e-04
   3.46312492e+02   3.41899780e-04
   3.46312981e+02   1.80663017e-04
   3.46313469e+02   1.08213884e-04
   3.46313957e+02   1.66900336e-05
   3.46314446e+02  -6.03846784e-05
   3.46314934e+02  -5.32551931e-05
   3.46315422e+02   2.49594577e-05
   3.46315911e+02   1.66310754e-04
   3.46316399e+02   1.90218721e-04
   3.46316887e+02   2.73619342e-04
   3.46317376e+02   3.76080658e-04
   3.46317864e+02   2.35243133e-04
   3.46318352e+02   1.59520379e-04
   3.46318840e+02   7.15993883e-05
   3.46319329e+02  -3.58866935e-04
   3.46319817e+02  -4.48555365e-04
   3.46320305e+02   5.17520057e-05
   3.46320794e+02   5.27712109e-04
   3.46321282e+02   7.59293966e-04
   3.46321770e+02   9.21341474e-04
   3.46322259e+02   8.12629820e-04
   3.46322747e+02   1.89912520e-04
   3.46323235e+02  -2.23574345e-04
   3.46323724e+02  -1.06445324e-04
   3.46324212e+02  -1.66837068e-04
   3.46324700e+02  -5.75632032e-04
   3.46325188e+02  -7.21534423e-04
   3.46325677e+02  -2.23329713e-04
   3.46326165e+02   5.03591553e-04
   3.46326653e+02   8.81488144e-04
   3.46327142e+02   8.10769794e-04
   3.46327630e+02   3.37763428e-04
   3.46328118e+02  -8.57895793e-05
   3.46328607e+02   1.07490872e-04
   3.46329095e+02   4.00588237e-04
   3.46329583e+02   2.12518906e-04
   3.46330072e+02  -9.90014742e-05
   3.46330560e+02  -1.81858093e-04
   3.46331048e+02  -1.31023087e-04
   3.46331536e+02  -7.50661275e-05
   3.46332025e+02  -4.46096528e-05
   3.46332513e+02   4.96315624e-05
   3.46333001e+02   1.81650539e-04
   3.46333490e+02   2.51341524e-04
   3.46333978e+02   4.19999094e-04
   3.46334466e+02   6.14593446e-04
   3.46334955e+02   6.59268349e-04
   3.46335443e+02   5.06787212e-04
   3.46335931e+02   1.64709461e-04
   3.46336420e+02   1.28641459e-05
   3.46336908e+02  -9.12176765e-05
   3.46337396e+02  -2.60514324e-04
   3.46337884e+02  -3.44577915e-04
   3.46338373e+02  -3.63357132e-04
   3.46338861e+02  -2.37588654e-04
   3.46339349e+02  -2.27471101e-04
   3.46339838e+02  -3.44226573e-04
   3.46340326e+02  -2.70941207e-04
   3.46340814e+02  -4.58850955e-05
   3.46341303e+02   3.05655558e-05
   3.46341791e+02  -1.60160082e-04
   3.46342279e+02  -1.61386168e-04
   3.46342768e+02   1.79008843e-04
   3.46343256e+02   3.83063103e-04
   3.46343744e+02   2.63440161e-04
   3.46344232e+02   8.24994640e-05
   3.46344721e+02  -6.66990964e-05
   3.46345209e+02  -2.66426854e-04
   3.46345697e+02  -1.82724441e-04
   3.46346186e+02   1.61197313e-04
   3.46346674e+02   2.11000312e-04
   3.46347162e+02   1.58275652e-04
   3.46347651e+02   3.91709560e-04
   3.46348139e+02   6.41880499e-04
   3.46348627e+02   1.78068818e-04
   3.46349116e+02  -8.87452479e-05
   3.46349604e+02   1.82341886e-04
   3.46350092e+02   2.82207591e-04
   3.46350581e+02   1.97042478e-04
   3.46351069e+02   3.94094561e-04
   3.46351557e+02   6.24526467e-04
   3.46352045e+02   4.37860377e-04
   3.46352534e+02   1.38869102e-04
   3.46353022e+02   1.48192601e-04
   3.46353510e+02   2.19968191e-04
   3.46353999e+02   3.02774861e-04
   3.46354487e+02   3.65249085e-04
   3.46354975e+02   2.45577248e-04
   3.46355464e+02   5.68864307e-05
   3.46355952e+02  -7.30993315e-06
   3.46356440e+02  -8.29525379e-06
   3.46356929e+02  -1.80964998e-04
   3.46357417e+02  -1.43111101e-04
   3.46357905e+02   1.01061254e-04
   3.46358393e+02  -1.88303224e-04
   3.46358882e+02  -5.82284352e-04
   3.46359370e+02  -5.29738434e-04
   3.46359858e+02  -3.76075332e-04
   3.46360347e+02  -7.94334701e-05
   3.46360835e+02   1.88363949e-04
   3.46361323e+02   1.45767001e-04
   3.46361812e+02   5.77858191e-05
   3.46362300e+02   4.43962017e-05
   3.46362788e+02   5.82058201e-05
   3.46363277e+02  -2.34439998e-04
   3.46363765e+02  -4.72360814e-04
   3.46364253e+02  -1.36198971e-04
   3.46364741e+02   4.21727509e-06
   3.46365230e+02  -2.65062728e-04
   3.46365718e+02  -4.35792375e-04
   3.46366206e+02  -4.47934552e-04
   3.46366695e+02  -2.22451476e-04
   3.46367183e+02   1.52926677e-05
   3.46367671e+02   4.73122636e-05
   3.46368160e+02   1.18361248e-04
   3.46368648e+02   2.55189050e-04
   3.46369136e+02   3.18645150e-04
   3.46369625e+02   1.98411479e-04
   3.46370113e+02   1.74976725e-04
   3.46370601e+02   4.03750106e-04
   3.46371089e+02   1.88122372e-04
   3.46371578e+02  -4.49987419e-04
   3.46372066e+02  -5.56626008e-04
   3.46372554e+02  -1.50074789e-04
   3.46373043e+02   1.98226364e-04
   3.46373531e+02   4.58102702e-04
   3.46374019e+02   5.04938303e-04
   3.46374508e+02   3.16830789e-04
   3.46374996e+02   1.83512981e-04
   3.46375484e+02   1.02910810e-04
   3.46375973e+02  -1.00081721e-04
   3.46376461e+02  -2.75049242e-04
   3.46376949e+02  -1.23557751e-04
   3.46377437e+02   9.67549713e-05
   3.46377926e+02   1.82281165e-05
   3.46378414e+02  -4.02968835e-05
   3.46378902e+02   1.60317708e-04
   3.46379391e+02   1.74421803e-04
   3.46379879e+02  -1.80287228e-04
   3.46380367e+02  -3.49781476e-04
   3.46380856e+02  -1.75601759e-04
   3.46381344e+02  -2.41160087e-05
   3.46381832e+02  -1.55778935e-06
   3.46382321e+02  -5.21663387e-05
   3.46382809e+02  -1.70579049e-04
   3.46383297e+02  -1.14615083e-04
   3.46383785e+02   2.05712277e-04
   3.46384274e+02   4.40313335e-04
   3.46384762e+02   3.11381620e-04
   3.46385250e+02   1.47019833e-04
   3.46385739e+02   7.09159940e-05
   3.46386227e+02  -1.92386884e-04
   3.46386715e+02  -4.42189601e-04
   3.46387204e+02  -4.24497382e-04
   3.46387692e+02  -4.50661260e-04
   3.46388180e+02  -5.37724758e-04
   3.46388669e+02  -3.51001654e-04
   3.46389157e+02  -1.05640574e-04
   3.46389645e+02  -2.74220838e-05
   3.46390134e+02  -1.42642486e-04
   3.46390622e+02  -2.12156283e-05
   3.46391110e+02   3.16263700e-04
   3.46391598e+02   2.07770732e-04
   3.46392087e+02   1.92649022e-05
   3.46392575e+02   3.48981237e-04
   3.46393063e+02   7.02830264e-04
   3.46393552e+02   6.33663440e-04
   3.46394040e+02   4.77070571e-04
   3.46394528e+02   3.41506297e-04
   3.46395017e+02   1.43916841e-04
   3.46395505e+02   2.63850292e-04
   3.46395993e+02   5.21813170e-04
   3.46396482e+02   6.93427399e-04
   3.46396970e+02   9.31805116e-04
   3.46397458e+02   1.00198621e-03
   3.46397946e+02   7.92687060e-04
   3.46398435e+02   4.36381757e-04
   3.46398923e+02   5.51481253e-06
   3.46399411e+02  -1.97487316e-04
   3.46399900e+02  -2.10332109e-06
   3.46400388e+02   1.71696243e-04
   3.46400876e+02  -7.06844912e-06
   3.46401365e+02  -1.97249523e-04
   3.46401853e+02  -1.60367970e-04
   3.46402341e+02  -5.89442516e-06
   3.46402830e+02   1.59070754e-04
   3.46403318e+02   2.68367061e-04
   3.46403806e+02   1.64070530e-04
   3.46404294e+02  -7.79066686e-05
   3.46404783e+02  -7.79208785e-05
   3.46405271e+02  -3.00309548e-05
   3.46405759e+02  -8.46883777e-05
   3.46406248e+02   3.60726190e-05
   3.46406736e+02   1.38828691e-04
   3.46407224e+02   4.78274218e-04
   3.46407713e+02   6.11602794e-04
   3.46408201e+02   2.19674883e-04
   3.46408689e+02   3.60775048e-05
   3.46409178e+02   2.67805535e-05
   3.46409666e+02  -1.19058539e-04
   3.46410154e+02   4.14227725e-06
   3.46410642e+02   1.60023119e-04
   3.46411131e+02  -3.18483580e-05
   3.46411619e+02  -2.04102020e-04
   3.46412107e+02  -2.09482139e-04
   3.46412596e+02  -1.36474657e-04
   3.46413084e+02   3.19796272e-05
   3.46413572e+02   9.22522813e-05
   3.46414061e+02  -4.21040313e-05
   3.46414549e+02  -1.46139297e-04
   3.46415037e+02  -5.06294818e-05
   3.46415526e+02   2.25534168e-04
   3.46416014e+02   3.53647250e-04
   3.46416502e+02   1.46066275e-04
   3.46416990e+02   5.60526460e-05
   3.46417479e+02   1.15944873e-04
   3.46417967e+02  -4.31635544e-06
   3.46418455e+02  -1.17840405e-04
   3.46418944e+02  -5.32574159e-05
   3.46419432e+02   1.79534487e-04
   3.46419920e+02   2.84102163e-04
   3.46420409e+02  -2.26272416e-04
   3.46420897e+02  -9.05556779e-04
   3.46421385e+02  -8.48211814e-04
   3.46421874e+02  -1.38063755e-04
   3.46422362e+02   4.71243577e-04
   3.46422850e+02   5.52320329e-04
   3.46423338e+02   3.37748002e-04
   3.46423827e+02   1.91070169e-04
   3.46424315e+02   7.92852297e-05
   3.46424803e+02   1.01457154e-04
   3.46425292e+02   1.69618594e-04
   3.46425780e+02  -1.01721957e-06
   3.46426268e+02  -8.73267800e-06
   3.46426757e+02   4.18015756e-04
   3.46427245e+02   6.78088225e-04
   3.46427733e+02   5.31746831e-04
   3.46428222e+02   3.86046857e-04
   3.46428710e+02   8.84779438e-05
   3.46429198e+02  -2.14058062e-04
   3.46429687e+02  -8.90998926e-05
   3.46430175e+02   1.50357650e-04
   3.46430663e+02   1.36101051e-04
   3.46431151e+02  -3.33910029e-05
   3.46431640e+02  -3.69556452e-04
   3.46432128e+02  -7.07890023e-04
   3.46432616e+02  -6.63268846e-04
   3.46433105e+02  -3.33691103e-04
   3.46433593e+02   1.35337148e-04
   3.46434081e+02   4.63701464e-04
   3.46434570e+02   2.47831806e-04
   3.46435058e+02   1.48923673e-05
   3.46435546e+02   1.81590105e-04
   3.46436035e+02   3.25510133e-04
   3.46436523e+02   2.45297037e-04
   3.46437011e+02   2.73434009e-04
   3.46437499e+02   4.35325142e-04
   3.46437988e+02   4.14253649e-04
   3.46438476e+02   4.88906458e-04
   3.46438964e+02   6.64839055e-04
   3.46439453e+02   5.55963255e-04
   3.46439941e+02   3.74883442e-04
   3.46440429e+02   2.34696388e-04
   3.46440918e+02  -9.82356069e-05
   3.46441406e+02  -4.61114862e-04
   3.46441894e+02  -6.64156745e-04
   3.46442383e+02  -5.80621476e-04
   3.46442871e+02  -2.91521370e-04
   3.46443359e+02  -1.11991532e-04
   3.46443847e+02   1.06806001e-05
   3.46444336e+02   1.11743844e-04
   3.46444824e+02   6.05215100e-05
   3.46445312e+02  -9.74633003e-05
   3.46445801e+02  -3.65285028e-04
   3.46446289e+02  -6.10274263e-04
   3.46446777e+02  -5.41610760e-04
   3.46447266e+02  -2.70157820e-04
   3.46447754e+02  -1.27391104e-04
   3.46448242e+02  -1.97374044e-04
   3.46448731e+02  -3.68503621e-04
   3.46449219e+02  -5.29629877e-04
   3.46449707e+02  -6.38054626e-04
   3.46450195e+02  -4.35148599e-04
   3.46450684e+02  -3.41081410e-04
   3.46451172e+02  -6.43909501e-04
   3.46451660e+02  -4.49452928e-04
   3.46452149e+02   4.89051308e-05
   3.46452637e+02   6.56344710e-05
   3.46453125e+02   5.10475074e-05
   3.46453614e+02   3.53827258e-04
   3.46454102e+02   5.69337048e-04
   3.46454590e+02   5.62246831e-04
   3.46455079e+02   2.17935012e-04
   3.46455567e+02  -2.98929459e-04
   3.46456055e+02  -4.88812395e-04
   3.46456543e+02  -4.75903973e-04
   3.46457032e+02  -4.45380167e-04
   3.46457520e+02  -1.62179000e-04
   3.46458008e+02   3.58583085e-04
   3.46458497e+02   7.81966140e-04
   3.46458985e+02   7.59220449e-04
   3.46459473e+02   2.17196139e-04
   3.46459962e+02  -2.11621646e-05
   3.46460450e+02   4.30543383e-04
   3.46460938e+02   5.84853697e-04
   3.46461427e+02   2.87559436e-04
   3.46461915e+02   2.50521611e-04
   3.46462403e+02   3.57982848e-04
   3.46462891e+02   1.73058084e-04
   3.46463380e+02  -1.57457558e-04
   3.46463868e+02  -8.18874760e-05
   3.46464356e+02   3.93159164e-04
   3.46464845e+02   3.82544094e-04
   3.46465333e+02   5.64575384e-05
   3.46465821e+02   4.13154521e-05
   3.46466310e+02  -6.45273831e-05
   3.46466798e+02  -1.68165643e-04
   3.46467286e+02   6.51237724e-06
   3.46467775e+02   9.42236293e-05
   3.46468263e+02  -1.79212748e-05
   3.46468751e+02  -1.66408659e-04
   3.46469240e+02  -1.79735987e-04
   3.46469728e+02  -1.75637892e-04
   3.46470216e+02  -3.22829961e-04
   3.46470704e+02  -3.85697611e-04
   3.46471193e+02  -3.53620009e-04
   3.46471681e+02  -1.66493002e-04
   3.46472169e+02  -7.47102895e-05
   3.46472658e+02  -3.46829504e-04
   3.46473146e+02  -3.75109754e-04
   3.46473634e+02   1.09294459e-04
   3.46474123e+02   4.08804714e-04
   3.46474611e+02   7.16604118e-05
   3.46475099e+02  -2.80985725e-04
   3.46475588e+02  -2.62606132e-04
   3.46476076e+02  -1.61394230e-04
   3.46476564e+02  -1.72795291e-04
   3.46477052e+02  -4.29900945e-04
   3.46477541e+02  -5.40729088e-04
   3.46478029e+02  -1.07461747e-04
   3.46478517e+02   3.66305991e-04
   3.46479006e+02   5.60399960e-04
   3.46479494e+02   7.30034837e-04
   3.46479982e+02   7.48797494e-04
   3.46480471e+02   4.07671643e-04
   3.46480959e+02   3.45269691e-05
   3.46481447e+02  -2.37893386e-04
   3.46481936e+02  -4.48900129e-04
   3.46482424e+02  -3.63907515e-04
   3.46482912e+02   9.76799129e-06
   3.46483400e+02   1.48613472e-04
   3.46483889e+02  -2.06334109e-04
   3.46484377e+02  -5.07053861e-04
   3.46484865e+02  -3.54413613e-04
   3.46485354e+02  -9.59060926e-05
   3.46485842e+02  -5.34224491e-05
   3.46486330e+02  -1.29470063e-04
   3.46486819e+02  -2.96496408e-04
   3.46487307e+02  -4.42220829e-04
   3.46487795e+02  -2.49493110e-04
   3.46488284e+02   1.89711554e-05
   3.46488772e+02   7.82341740e-05
   3.46489260e+02   1.75098394e-04
   3.46489748e+02   2.08013327e-04
   3.46490237e+02  -2.60551715e-05
   3.46490725e+02  -1.66733254e-04
   3.46491213e+02  -4.62802200e-05
   3.46491702e+02   1.21616744e-04
   3.46492190e+02   2.26986755e-04
   3.46492678e+02   1.72001950e-04
   3.46493167e+02  -2.00002716e-04
   3.46493655e+02  -3.98370612e-04
   3.46494143e+02  -5.96566060e-05
   3.46494632e+02   1.95908331e-04
   3.46495120e+02   2.19986818e-04
   3.46495608e+02   1.57868926e-04
   3.46496096e+02   1.30322136e-04
   3.46496585e+02   2.72021338e-04
   3.46497073e+02   3.46789078e-04
   3.46497561e+02   2.52079393e-04
   3.46498050e+02   7.68035097e-05
   3.46498538e+02   5.48707685e-05
   3.46499026e+02   2.57340493e-04
   3.46499515e+02   2.92719487e-04
   3.46500003e+02   1.59941163e-04
   3.46500491e+02   2.41366899e-04
   3.46500980e+02   4.54455294e-04
   3.46501468e+02   5.55284612e-04
   3.46501956e+02   4.20618744e-04
   3.46502444e+02   5.79629923e-05
   3.46502933e+02  -7.15004353e-05
   3.46503421e+02  -4.32636989e-05
   3.46503909e+02  -3.85007850e-04
   3.46504398e+02  -7.31694628e-04
   3.46504886e+02  -6.00980246e-04
   3.46505374e+02  -3.64611158e-04
   3.46505863e+02  -3.03917332e-04
   3.46506351e+02  -1.65568053e-04
   3.46506839e+02  -1.59428910e-05
   3.46507328e+02   5.62954519e-05
   3.46507816e+02   2.81629065e-04
   3.46508304e+02   3.98566888e-04
   3.46508793e+02   2.88063777e-04
   3.46509281e+02   2.55826017e-04
   3.46509769e+02   1.71207881e-04
   3.46510257e+02   3.91284484e-05
   3.46510746e+02   3.18906132e-05
   3.46511234e+02   1.06574626e-04
   3.46511722e+02   1.91501837e-04
   3.46512211e+02   1.47513128e-04
   3.46512699e+02  -6.40474900e-05
   3.46513187e+02  -1.98827562e-04
   3.46513676e+02  -1.22630154e-04
   3.46514164e+02  -1.31451394e-04
   3.46514652e+02  -3.59834870e-04
   3.46515141e+02  -3.29365692e-04
   3.46515629e+02  -4.82630530e-05
   3.46516117e+02   1.12603964e-04
   3.46516605e+02  -1.54950594e-05
   3.46517094e+02  -2.37020053e-04
   3.46517582e+02  -1.98401496e-04
   3.46518070e+02  -1.43646495e-04
   3.46518559e+02  -1.23113758e-04
   3.46519047e+02   2.28065197e-04
   3.46519535e+02   5.82650653e-04
   3.46520024e+02   4.19542106e-04
   3.46520512e+02  -2.79238557e-05
   3.46521000e+02  -1.06804589e-04
   3.46521489e+02   1.45510741e-04
   3.46521977e+02   9.64651699e-05
   3.46522465e+02  -1.13206828e-04
   3.46522953e+02   3.78943623e-05
   3.46523442e+02   1.47221363e-04
   3.46523930e+02  -1.26669634e-04
   3.46524418e+02  -1.69340070e-04
   3.46524907e+02   3.96167525e-05
   3.46525395e+02   7.69385369e-05
   3.46525883e+02  -1.40962744e-04
   3.46526372e+02  -2.67519528e-04
   3.46526860e+02   1.61365951e-05
   3.46527348e+02   2.96477694e-04
   3.46527837e+02   2.28567078e-04
   3.46528325e+02   1.03922212e-04
   3.46528813e+02   3.94355666e-05
   3.46529301e+02  -9.39350502e-05
   3.46529790e+02  -7.67527235e-05
   3.46530278e+02   2.41877860e-04
   3.46530766e+02   5.66954375e-04
   3.46531255e+02   6.66773936e-04
   3.46531743e+02   7.53633271e-04
   3.46532231e+02   7.06817256e-04
   3.46532720e+02   3.06400354e-04
   3.46533208e+02   1.56404247e-04
   3.46533696e+02   3.18177277e-04
   3.46534185e+02   2.85935414e-04
   3.46534673e+02   7.08229854e-05
   3.46535161e+02  -2.36978420e-04
   3.46535649e+02  -2.02218449e-04
   3.46536138e+02   2.31201702e-04
   3.46536626e+02   4.25271108e-04
   3.46537114e+02   2.14789019e-04
   3.46537603e+02  -2.73754908e-04
   3.46538091e+02  -4.30590473e-04
   3.46538579e+02   2.67705382e-05
   3.46539068e+02   4.01555968e-04
   3.46539556e+02   4.68771846e-04
   3.46540044e+02   2.22859817e-04
   3.46540533e+02  -1.50232896e-04
   3.46541021e+02  -5.98758088e-05
   3.46541509e+02   2.59248307e-04
   3.46541997e+02   2.02255469e-04
   3.46542486e+02  -9.86901141e-05
   3.46542974e+02  -3.00971704e-04
   3.46543462e+02  -1.76417598e-04
   3.46543951e+02   2.28371118e-05
   3.46544439e+02  -1.79722236e-04
   3.46544927e+02  -4.40144708e-04
   3.46545416e+02  -4.42539633e-04
   3.46545904e+02  -1.71301901e-04
   3.46546392e+02   2.48775759e-04
   3.46546881e+02   5.81359549e-04
   3.46547369e+02   7.82816322e-04
   3.46547857e+02   7.26936269e-04
   3.46548346e+02   6.36658631e-04
   3.46548834e+02   6.15250028e-04
   3.46549322e+02   3.35087156e-04
   3.46549810e+02   1.61308253e-05
   3.46550299e+02  -4.67365462e-05
   3.46550787e+02  -1.92089101e-06
   3.46551275e+02   1.00342353e-04
   3.46551764e+02   3.04743124e-04
   3.46552252e+02   3.39339778e-04
   3.46552740e+02  -1.82433971e-04
   3.46553229e+02  -6.80478755e-04
   3.46553717e+02  -5.35706058e-04
   3.46554205e+02  -3.86993517e-04
   3.46554694e+02  -3.56758712e-04
   3.46555182e+02   2.40016871e-05
   3.46555670e+02   4.56050853e-04
   3.46556158e+02   3.22043779e-04
   3.46556647e+02  -1.26171188e-04
   3.46557135e+02  -1.82353542e-04
   3.46557623e+02  -5.45511903e-05
   3.46558112e+02  -1.43453857e-04
   3.46558600e+02  -3.56304663e-04
   3.46559088e+02  -5.04668860e-04
   3.46559577e+02  -3.25931585e-04
   3.46560065e+02  -1.25308216e-04
   3.46560553e+02  -3.40069208e-04
   3.46561042e+02  -5.88784809e-04
   3.46561530e+02  -5.42309543e-04
   3.46562018e+02  -4.64199693e-04
   3.46562506e+02  -2.90749420e-04
   3.46562995e+02   2.00232898e-04
   3.46563483e+02   7.12559384e-04
   3.46563971e+02   7.44417077e-04
   3.46564460e+02   3.13486787e-04
   3.46564948e+02  -2.40161724e-04
   3.46565436e+02  -6.35094999e-04
   3.46565925e+02  -4.76040586e-04
   3.46566413e+02  -1.13467118e-04
   3.46566901e+02   2.20021451e-04
   3.46567390e+02   6.88391097e-04
   3.46567878e+02   7.80555652e-04
   3.46568366e+02   5.27862110e-04
   3.46568854e+02   2.44994968e-04
   3.46569343e+02  -2.51657271e-04
   3.46569831e+02  -5.04894473e-04
   3.46570319e+02  -1.72972723e-04
   3.46570808e+02   1.58499490e-04
   3.46571296e+02   1.52717286e-04
   3.46571784e+02   1.04123079e-04
   3.46572273e+02   2.94728263e-04
   3.46572761e+02   3.00621352e-04
   3.46573249e+02  -1.10740075e-04
   3.46573738e+02  -4.94174717e-04
   3.46574226e+02  -6.22981170e-04
   3.46574714e+02  -2.25576165e-04
   3.46575202e+02   4.48710751e-04
   3.46575691e+02   4.55816131e-04
   3.46576179e+02  -4.83744152e-05
   3.46576667e+02  -3.04822199e-04
   3.46577156e+02  -3.71613511e-04
   3.46577644e+02  -1.20284974e-04
   3.46578132e+02   2.66981748e-04
   3.46578621e+02   1.86771576e-04
   3.46579109e+02  -6.29864808e-05
   3.46579597e+02  -2.00894647e-04
   3.46580086e+02  -3.50258430e-04
   3.46580574e+02  -1.64194906e-04
   3.46581062e+02   1.51128799e-04
   3.46581550e+02  -1.50436157e-04
   3.46582039e+02  -6.01690903e-04
   3.46582527e+02  -4.05961706e-04
   3.46583015e+02  -3.18215789e-05
   3.46583504e+02   1.26987710e-04
   3.46583992e+02   1.12932066e-04
   3.46584480e+02   2.98606792e-05
   3.46584969e+02  -2.24229498e-05
   3.46585457e+02  -1.47203536e-04
   3.46585945e+02  -1.06986576e-04
   3.46586434e+02   1.50507374e-04
   3.46586922e+02   8.92053577e-05
   3.46587410e+02  -3.54282267e-04
   3.46587899e+02  -5.33355400e-04
   3.46588387e+02   4.88112455e-05
   3.46588875e+02   5.21336508e-04
   3.46589363e+02   4.56611277e-04
   3.46589852e+02   4.77752619e-04
   3.46590340e+02   5.58663160e-04
   3.46590828e+02   4.40711563e-04
   3.46591317e+02   2.93968478e-04
   3.46591805e+02   3.23781889e-04
   3.46592293e+02   1.88045698e-04
   3.46592782e+02  -2.72670004e-04
   3.46593270e+02  -4.05121391e-04
   3.46593758e+02  -1.04709899e-04
   3.46594247e+02  -9.86995001e-05
   3.46594735e+02  -2.78963736e-04
   3.46595223e+02  -1.36668270e-04
   3.46595711e+02   7.23782141e-05
   3.46596200e+02   7.56243680e-05
   3.46596688e+02  -9.84972212e-05
   3.46597176e+02  -2.66289921e-04
   3.46597665e+02  -1.39770811e-04
   3.46598153e+02   3.39881371e-04
   3.46598641e+02   8.60613596e-04
   3.46599130e+02   8.37718660e-04
   3.46599618e+02   2.69169454e-04
   3.46600106e+02  -6.98569711e-05
   3.46600595e+02  -5.64800248e-05
   3.46601083e+02   8.75038822e-05
   3.46601571e+02   2.07873978e-04
   3.46602059e+02   2.41319707e-04
   3.46602548e+02   4.08013322e-04
   3.46603036e+02   5.17726119e-04
   3.46603524e+02   3.08120303e-04
   3.46604013e+02   8.11385326e-05
   3.46604501e+02   1.05646861e-04
   3.46604989e+02   1.54121881e-04
   3.46605478e+02  -3.08243179e-05
   3.46605966e+02  -3.15502053e-04
   3.46606454e+02  -4.34339250e-04
   3.46606943e+02  -2.13036124e-04
   3.46607431e+02   2.02601630e-04
   3.46607919e+02   1.40259348e-04
   3.46608407e+02  -2.17164648e-04
   3.46608896e+02  -8.26328833e-05
   3.46609384e+02   2.42228911e-04
   3.46609872e+02   3.98006639e-04
   3.46610361e+02   2.56943254e-04
   3.46610849e+02  -1.53260524e-04
   3.46611337e+02  -2.33999075e-04
   3.46611826e+02   6.63534302e-05
   3.46612314e+02   2.72137608e-04
   3.46612802e+02   4.33630456e-04
   3.46613291e+02   5.76293853e-04
   3.46613779e+02   4.46230202e-04
   3.46614267e+02   1.49048064e-04
   3.46614755e+02  -1.25682753e-04
   3.46615244e+02  -1.96633802e-04
   3.46615732e+02  -2.74418926e-05
   3.46616220e+02  -1.80410425e-04
   3.46616709e+02  -6.12774224e-04
   3.46617197e+02  -5.51468984e-04
   3.46617685e+02  -2.10642931e-04
   3.46618174e+02   4.95943232e-06
   3.46618662e+02  -9.28454901e-05
   3.46619150e+02  -3.41652456e-04
   3.46619639e+02  -1.84415170e-04
   3.46620127e+02   3.24691937e-04
   3.46620615e+02   5.83996240e-04
   3.46621103e+02   3.72398732e-04
   3.46621592e+02   3.34711585e-05
   3.46622080e+02   1.05859790e-05
   3.46622568e+02   2.73039914e-04
   3.46623057e+02   2.08452373e-04
   3.46623545e+02   4.32062370e-05
   3.46624033e+02   1.94312728e-04
   3.46624522e+02   1.75452136e-04
   3.46625010e+02   1.55735775e-04
   3.46625498e+02   2.81609362e-04
   3.46625987e+02   9.63745842e-05
   3.46626475e+02  -1.90938576e-04
   3.46626963e+02  -1.21150450e-04
   3.46627452e+02  -1.85832774e-04
   3.46627940e+02  -4.86482400e-04
   3.46628428e+02  -3.55431577e-04
   3.46628916e+02  -5.87735885e-05
   3.46629405e+02   4.23396195e-05
   3.46629893e+02  -1.21313151e-05
   3.46630381e+02  -1.16485993e-04
   3.46630870e+02  -7.20534590e-05
   3.46631358e+02   6.34301541e-05
   3.46631846e+02   1.17568918e-04
   3.46632335e+02   1.79497474e-05
   3.46632823e+02  -3.91409339e-05
   3.46633311e+02  -5.01029099e-05
   3.46633800e+02  -2.36532665e-04
   3.46634288e+02  -3.33261676e-04
   3.46634776e+02  -2.17131223e-04
   3.46635264e+02  -2.20291855e-04
   3.46635753e+02  -1.41113342e-04
   3.46636241e+02   1.79357114e-04
   3.46636729e+02   1.25682054e-05
   3.46637218e+02  -5.06871380e-04
   3.46637706e+02  -5.09922858e-04
   3.46638194e+02  -1.15468392e-04
   3.46638683e+02   3.86437969e-05
   3.46639171e+02   3.70859416e-05
   3.46639659e+02   1.35566734e-04
   3.46640148e+02   1.94384222e-04
   3.46640636e+02   2.18158602e-04
   3.46641124e+02   2.96537823e-04
   3.46641612e+02   3.72000301e-04
   3.46642101e+02   7.06793566e-04
   3.46642589e+02   7.29425403e-04
   3.46643077e+02   1.55698566e-04
   3.46643566e+02  -2.20304733e-04
   3.46644054e+02  -2.60189758e-04
   3.46644542e+02  -3.59008001e-04
   3.46645031e+02  -4.14921873e-04
   3.46645519e+02  -2.87176052e-04
   3.46646007e+02  -6.24687673e-05
   3.46646496e+02   8.98178623e-05
   3.46646984e+02   1.24299986e-04
   3.46647472e+02   1.07911510e-04
   3.46647960e+02   5.01450049e-05
   3.46648449e+02  -1.29444190e-04
   3.46648937e+02  -3.13464698e-04
   3.46649425e+02  -1.58496128e-04
   3.46649914e+02   2.51854130e-04
   3.46650402e+02   5.57850464e-04
   3.46650890e+02   6.26678870e-04
   3.46651379e+02   4.27361898e-04
   3.46651867e+02   1.08948771e-04
   3.46652355e+02   1.31356486e-04
   3.46652844e+02   2.15121036e-04
   3.46653332e+02  -1.81040286e-05
   3.46653820e+02  -1.81122829e-04
   3.46654308e+02  -2.68983742e-04
   3.46654797e+02  -3.68570094e-04
   3.46655285e+02  -2.72487989e-04
   3.46655773e+02  -1.94206339e-04
   3.46656262e+02  -2.30163379e-04
   3.46656750e+02  -2.06789249e-04
   3.46657238e+02  -1.37688912e-04
   3.46657727e+02   1.68630271e-04
   3.46658215e+02   5.03116695e-04
   3.46658703e+02   2.73226004e-04
   3.46659192e+02  -2.11522784e-04
   3.46659680e+02  -3.31366202e-04
   3.46660168e+02  -7.53225686e-05
   3.46660656e+02   6.94373084e-05
   3.46661145e+02  -9.42557963e-05
   3.46661633e+02  -1.07495696e-04
   3.46662121e+02   6.85111299e-05
   3.46662610e+02  -1.59986448e-04
   3.46663098e+02  -5.18204644e-04
   3.46663586e+02  -3.57209472e-04
   3.46664075e+02   2.89499934e-04
   3.46664563e+02   8.56619794e-04
   3.46665051e+02   5.60736109e-04
   3.46665540e+02  -1.93256667e-04
   3.46666028e+02  -3.14315606e-04
   3.46666516e+02  -7.67306556e-05
   3.46667005e+02   6.33488962e-05
   3.46667493e+02  -1.88348822e-05
   3.46667981e+02  -2.58470420e-04
   3.46668469e+02  -2.54319893e-04
   3.46668958e+02  -2.00093185e-04
   3.46669446e+02  -2.21319569e-04
   3.46669934e+02  -7.35963622e-05
   3.46670423e+02   1.23977312e-04
   3.46670911e+02  -1.13828079e-04
   3.46671399e+02  -5.07165794e-04
   3.46671888e+02  -2.77401996e-04
   3.46672376e+02   5.62608584e-05
   3.46672864e+02  -6.11052965e-05
   3.46673353e+02  -1.28729444e-04
   3.46673841e+02  -3.55854863e-05
   3.46674329e+02   8.65499533e-05
   3.46674817e+02   2.89854710e-04
   3.46675306e+02   4.44545760e-04
   3.46675794e+02   3.43622378e-04
   3.46676282e+02   1.26680243e-04
   3.46676771e+02   7.37872833e-05
   3.46677259e+02  -2.38540997e-05
   3.46677747e+02  -1.18625278e-04
   3.46678236e+02  -2.49848727e-05
   3.46678724e+02  -6.06452668e-05
   3.46679212e+02  -2.02267503e-04
   3.46679701e+02  -1.20099125e-04
   3.46680189e+02   1.29604799e-04
   3.46680677e+02   7.79646725e-05
   3.46681165e+02  -1.54749534e-04
   3.46681654e+02  -1.67455917e-04
   3.46682142e+02  -8.80505686e-05
   3.46682630e+02  -6.49523136e-05
   3.46683119e+02   2.68273452e-05
   3.46683607e+02   1.81227413e-04
   3.46684095e+02  -8.42686059e-05
   3.46684584e+02  -7.42763106e-04
   3.46685072e+02  -9.77459364e-04
   3.46685560e+02  -5.54093393e-04
   3.46686049e+02  -6.83454055e-05
   3.46686537e+02  -7.68179405e-07
   3.46687025e+02  -9.60929465e-05
   3.46687513e+02   2.57974662e-05
   3.46688002e+02   2.72997655e-04
   3.46688490e+02   5.27817290e-04
   3.46688978e+02   6.83944148e-04
   3.46689467e+02   5.46739495e-04
   3.46689955e+02   3.10215721e-04
   3.46690443e+02   1.99037822e-04
   3.46690932e+02   1.18304779e-04
   3.46691420e+02  -1.98560028e-05
   3.46691908e+02  -9.13162876e-05
   3.46692397e+02  -2.81281336e-05
   3.46692885e+02  -4.84555676e-06
   3.46693373e+02   2.56354077e-04
   3.46693861e+02   6.45672379e-04
   3.46694350e+02   5.31146361e-04
   3.46694838e+02   2.62220914e-04
   3.46695326e+02   1.89453305e-04
   3.46695815e+02   1.51917600e-04
   3.46696303e+02   2.75276543e-05
   3.46696791e+02  -1.88674036e-04
   3.46697280e+02  -2.72185600e-04
   3.46697768e+02  -7.68848113e-05
   3.46698256e+02   2.87770585e-04
   3.46698745e+02   4.86807374e-04
   3.46699233e+02   2.97050574e-04
   3.46699721e+02  -1.03604434e-04
   3.46700209e+02  -4.55110596e-04
   3.46700698e+02  -6.78122102e-04
   3.46701186e+02  -5.14174928e-04
   3.46701674e+02  -1.06761232e-04
   3.46702163e+02   2.99349940e-05
   3.46702651e+02  -7.44359422e-05
   3.46703139e+02   2.85405076e-05
   3.46703628e+02   2.07255784e-04
   3.46704116e+02   9.46843429e-05
   3.46704604e+02  -8.41875044e-06
   3.46705093e+02   2.87836137e-05
   3.46705581e+02  -3.31728690e-04
   3.46706069e+02  -8.11044418e-04
   3.46706558e+02  -4.47987521e-04
   3.46707046e+02   2.39897461e-04
   3.46707534e+02   3.30074778e-04
   3.46708022e+02   3.04597110e-04
   3.46708511e+02   3.85955587e-04
   3.46708999e+02   1.47164465e-04
   3.46709487e+02  -1.52565408e-04
   3.46709976e+02  -2.84698646e-04
   3.46710464e+02  -4.54535213e-04
   3.46710952e+02  -4.61473421e-04
   3.46711441e+02  -1.66764366e-04
   3.46711929e+02   3.63509636e-04
   3.46712417e+02   9.72935173e-04
   3.46712906e+02   1.35977473e-03
   3.46713394e+02   1.57614937e-03
   3.46713882e+02   1.93829415e-03
   3.46714370e+02   1.75053719e-03
   3.46714859e+02   1.39715977e-03
   3.46715347e+02   1.51395204e-03
   3.46715835e+02   1.41911244e-03
   3.46716324e+02   1.05887919e-03
   3.46716812e+02   9.01983294e-04
   3.46717300e+02   6.15727040e-04
   3.46717789e+02   3.18432460e-04
   3.46718277e+02   2.10424099e-04
   3.46718765e+02   1.05913794e-04
   3.46719254e+02  -1.28025014e-04
   3.46719742e+02  -3.94241390e-04
   3.46720230e+02  -5.70717617e-04
   3.46720718e+02  -3.59947036e-04
   3.46721207e+02   6.83163307e-05
   3.46721695e+02   1.56153983e-04
   3.46722183e+02   5.16905020e-05
   3.46722672e+02   9.53819181e-05
   3.46723160e+02   1.85906611e-04
   3.46723648e+02   1.26519299e-04
   3.46724137e+02   1.86407203e-06
   3.46724625e+02  -7.52409978e-05
   3.46725113e+02  -1.58923751e-04
   3.46725602e+02  -1.69531559e-04
   3.46726090e+02  -1.51731758e-04
   3.46726578e+02  -9.77417512e-05
   3.46727066e+02  -6.25545135e-06
   3.46727555e+02  -1.40171032e-04
   3.46728043e+02  -3.21863539e-04
   3.46728531e+02  -2.92511104e-04
   3.46729020e+02  -1.73069813e-04
   3.46729508e+02  -1.55561502e-04
   3.46729996e+02  -1.55707850e-04
   3.46730485e+02  -1.16624571e-04
   3.46730973e+02  -1.79555936e-04
   3.46731461e+02  -1.31364082e-04
   3.46731950e+02   7.74434011e-05
   3.46732438e+02   1.84094635e-04
   3.46732926e+02   9.24768938e-06
   3.46733414e+02  -2.05210352e-04
   3.46733903e+02  -1.65839272e-04
   3.46734391e+02  -8.73871541e-05
   3.46734879e+02   7.57149901e-05
   3.46735368e+02   2.28542369e-04
   3.46735856e+02   3.78585573e-05
   3.46736344e+02  -9.40785176e-05
   3.46736833e+02   1.40291770e-04
   3.46737321e+02   1.39769661e-04
   3.46737809e+02  -1.30998757e-04
   3.46738298e+02  -7.42468765e-05
   3.46738786e+02   1.81542244e-04
   3.46739274e+02   1.83475568e-04
   3.46739762e+02   9.86385385e-06
   3.46740251e+02  -1.54632711e-04
   3.46740739e+02  -1.80194926e-04
   3.46741227e+02   1.37430425e-05
   3.46741716e+02   1.87848069e-04
   3.46742204e+02   5.79301513e-06
   3.46742692e+02  -2.76943843e-04
   3.46743181e+02  -3.57923127e-04
   3.46743669e+02  -3.16164893e-04
   3.46744157e+02  -2.70864810e-04
   3.46744646e+02  -3.94401985e-04
   3.46745134e+02  -4.62656200e-04
   3.46745622e+02  -2.82297260e-04
   3.46746111e+02   4.46551276e-05
   3.46746599e+02   2.45396543e-04
   3.46747087e+02   5.66885064e-05
   3.46747575e+02  -1.76590416e-04
   3.46748064e+02  -1.49358762e-04
   3.46748552e+02  -5.69754811e-05
   3.46749040e+02  -9.69724133e-05
   3.46749529e+02  -1.59661300e-04
   3.46750017e+02  -2.76686042e-04
   3.46750505e+02  -3.19593295e-04
   3.46750994e+02  -1.05354338e-04
   3.46751482e+02   5.47158306e-05
   3.46751970e+02   2.60642373e-05
   3.46752459e+02   2.45594765e-05
   3.46752947e+02   8.26580217e-05
   3.46753435e+02   2.38927707e-04
   3.46753923e+02   2.84047332e-04
   3.46754412e+02   5.67480711e-05
   3.46754900e+02  -3.01942291e-05
   3.46755388e+02   3.61360003e-06
   3.46755877e+02  -1.63731223e-04
   3.46756365e+02  -4.03183425e-04
   3.46756853e+02  -4.71302221e-04
   3.46757342e+02  -4.46471269e-04
   3.46757830e+02  -5.09343576e-04
   3.46758318e+02  -4.62171767e-04
   3.46758807e+02   2.37342989e-04
   3.46759295e+02   7.74403103e-04
   3.46759783e+02   5.85518894e-04
   3.46760271e+02   2.48877332e-04
   3.46760760e+02   3.40591469e-05
   3.46761248e+02  -8.16027023e-06
   3.46761736e+02   1.87760277e-04
   3.46762225e+02   2.66414514e-04
   3.46762713e+02   1.75003588e-04
   3.46763201e+02   1.73254666e-04
   3.46763690e+02   1.99303613e-04
   3.46764178e+02   1.85980083e-04
   3.46764666e+02   1.66409867e-04
   3.46765155e+02   1.23131395e-04
   3.46765643e+02   1.67437451e-04
   3.46766131e+02   3.43179883e-04
   3.46766619e+02   4.71448584e-04
   3.46767108e+02   3.21791158e-04
   3.46767596e+02  -4.41628908e-05
   3.46768084e+02  -3.79996898e-04
   3.46768573e+02  -4.16635798e-04
   3.46769061e+02  -2.90924159e-04
   3.46769549e+02  -1.80572984e-04
   3.46770038e+02   1.07963468e-04
   3.46770526e+02   3.15737037e-04
   3.46771014e+02   1.16991439e-04
   3.46771503e+02  -1.47705150e-05
   3.46771991e+02   1.11255671e-04
   3.46772479e+02   2.20819682e-04
   3.46772967e+02   2.26327989e-04
   3.46773456e+02   2.03854186e-04
   3.46773944e+02   2.29437472e-04
   3.46774432e+02   1.85344659e-04
   3.46774921e+02  -6.32303409e-06
   3.46775409e+02  -6.86016356e-05
   3.46775897e+02   3.45071690e-04
   3.46776386e+02   5.88782073e-04
   3.46776874e+02   1.49195650e-04
   3.46777362e+02  -6.72891838e-05
   3.46777851e+02   2.21541559e-04
   3.46778339e+02   2.40039459e-04
   3.46778827e+02  -9.67911183e-05
   3.46779315e+02  -2.66715535e-04
   3.46779804e+02  -1.12623005e-04
   3.46780292e+02   1.86014673e-04
   3.46780780e+02   3.33383039e-04
   3.46781269e+02   1.68549392e-04
   3.46781757e+02  -3.07909177e-05
   3.46782245e+02  -9.27986548e-05
   3.46782734e+02  -9.42220067e-05
   3.46783222e+02  -1.02693855e-04
   3.46783710e+02  -4.28184503e-05
   3.46784199e+02   2.44851864e-04
   3.46784687e+02   2.06196404e-04
   3.46785175e+02  -1.06991007e-04
   3.46785664e+02  -2.58221480e-05
   3.46786152e+02  -3.10883588e-05
   3.46786640e+02  -2.50798796e-04
   3.46787128e+02  -1.01585851e-04
   3.46787617e+02   1.23021644e-04
   3.46788105e+02  -1.29844659e-04
   3.46788593e+02  -5.50572353e-04
   3.46789082e+02  -6.05455425e-04
   3.46789570e+02  -1.55149522e-04
   3.46790058e+02   1.98083508e-04
   3.46790547e+02   1.42007571e-04
   3.46791035e+02   7.28627929e-05
   3.46791523e+02  -7.39296156e-05
   3.46792012e+02  -3.85538122e-04
   3.46792500e+02  -6.27578469e-04
   3.46792988e+02  -5.21395123e-04
   3.46793476e+02  -2.82555789e-04
   3.46793965e+02  -3.00951098e-04
   3.46794453e+02  -3.45152803e-04
   3.46794941e+02  -3.23340762e-04
   3.46795430e+02  -2.21684968e-04
   3.46795918e+02   9.24554188e-05
   3.46796406e+02   9.01936364e-05
   3.46796895e+02  -1.76442016e-04
   3.46797383e+02   7.77552050e-05
   3.46797871e+02   4.22106154e-04
   3.46798360e+02   2.08864993e-04
   3.46798848e+02   1.32974717e-04
   3.46799336e+02   3.98057571e-04
   3.46799824e+02   3.94687930e-04
   3.46800313e+02   2.86484748e-04
   3.46800801e+02   2.72491452e-04
   3.46801289e+02   8.68924762e-05
   3.46801778e+02  -1.13489346e-04
   3.46802266e+02  -7.86599339e-05
   3.46802754e+02   7.69825419e-05
   3.46803243e+02   2.29304016e-04
   3.46803731e+02   1.27446168e-04
   3.46804219e+02  -9.04586923e-05
   3.46804708e+02   4.59199509e-06
   3.46805196e+02   2.31119091e-04
   3.46805684e+02   2.18470741e-04
   3.46806172e+02   1.01082187e-04
   3.46806661e+02   2.05272459e-04
   3.46807149e+02   4.23254445e-04
   3.46807637e+02   4.75250883e-04
   3.46808126e+02   2.88032054e-04
   3.46808614e+02   6.07319162e-05
   3.46809102e+02   1.00731486e-04
   3.46809591e+02   1.91626939e-04
   3.46810079e+02   9.80385666e-05
   3.46810567e+02   3.69007612e-05
   3.46811056e+02   1.66037440e-04
   3.46811544e+02   1.46113569e-04
   3.46812032e+02  -1.56129609e-05
   3.46812520e+02   7.38887611e-05
   3.46813009e+02   2.74798134e-04
   3.46813497e+02   2.92270473e-04
   3.46813985e+02   2.95319303e-04
   3.46814474e+02   2.15213935e-04
   3.46814962e+02   1.09850938e-04
   3.46815450e+02   3.28252179e-04
   3.46815939e+02   4.90791164e-04
   3.46816427e+02   3.25257657e-04
   3.46816915e+02   2.06753612e-04
   3.46817404e+02   2.94854952e-04
   3.46817892e+02   2.92322133e-04
   3.46818380e+02   1.63646793e-04
   3.46818868e+02  -1.60090531e-05
   3.46819357e+02  -2.16872082e-04
   3.46819845e+02  -2.11952865e-04
   3.46820333e+02  -2.66334479e-04
   3.46820822e+02  -4.63195523e-04
   3.46821310e+02  -3.82460625e-04
   3.46821798e+02  -1.73205117e-04
   3.46822287e+02  -1.22327387e-04
   3.46822775e+02  -1.82361182e-04
   3.46823263e+02  -1.21163925e-04
   3.46823752e+02   1.65516612e-04
   3.46824240e+02   4.66099242e-04
   3.46824728e+02   5.87852730e-04
   3.46825217e+02   4.93209576e-04
   3.46825705e+02   4.80025832e-04
   3.46826193e+02   4.83464130e-04
   3.46826681e+02   1.61360265e-04
   3.46827170e+02  -1.31630499e-04
   3.46827658e+02   3.10446339e-05
   3.46828146e+02   2.35276675e-04
   3.46828635e+02   6.13930342e-06
   3.46829123e+02  -2.96959188e-04
   3.46829611e+02  -1.61590884e-04
   3.46830100e+02   6.58192148e-05
   3.46830588e+02  -5.69814874e-05
   3.46831076e+02  -1.96172346e-04
   3.46831565e+02  -8.81010419e-05
   3.46832053e+02   2.49291043e-04
   3.46832541e+02   5.34776598e-04
   3.46833029e+02   3.06263420e-04
   3.46833518e+02  -1.88919134e-04
   3.46834006e+02  -2.78253370e-04
   3.46834494e+02   7.81299314e-05
   3.46834983e+02   1.99950038e-04
   3.46835471e+02  -9.93074354e-05
   3.46835959e+02  -2.82840454e-04
   3.46836448e+02  -3.31286399e-04
   3.46836936e+02  -3.61188722e-04
   3.46837424e+02  -2.01943432e-04
   3.46837913e+02  -2.21112964e-06
   3.46838401e+02   1.87445603e-05
   3.46838889e+02   2.80312124e-05
   3.46839377e+02   5.69426411e-05
   3.46839866e+02  -4.36777518e-05
   3.46840354e+02  -1.93837725e-04
   3.46840842e+02  -1.56787690e-04
   3.46841331e+02   1.56238584e-05
   3.46841819e+02   1.05989049e-04
   3.46842307e+02   2.34367937e-04
   3.46842796e+02   3.93788767e-04
   3.46843284e+02   5.65235212e-04
   3.46843772e+02   6.87420310e-04
   3.46844261e+02   5.25823038e-04
   3.46844749e+02   2.13836058e-04
   3.46845237e+02  -7.95534797e-05
   3.46845725e+02  -3.71300208e-04
   3.46846214e+02  -5.22188260e-04
   3.46846702e+02  -3.78498924e-04
   3.46847190e+02   2.48332944e-05
   3.46847679e+02   4.17740172e-04
   3.46848167e+02   3.99391691e-04
   3.46848655e+02   6.17223632e-05
   3.46849144e+02  -9.18293954e-05
   3.46849632e+02   4.17769916e-05
   3.46850120e+02   1.78752758e-04
   3.46850609e+02   1.92154766e-04
   3.46851097e+02   1.18400487e-04
   3.46851585e+02  -1.10235444e-04
   3.46852073e+02  -3.18755134e-04
   3.46852562e+02  -3.16453486e-04
   3.46853050e+02  -3.52620526e-04
   3.46853538e+02  -3.15167999e-04
   3.46854027e+02  -1.72867396e-04
   3.46854515e+02  -1.03592756e-04
   3.46855003e+02   5.49810538e-05
   3.46855492e+02   9.98043251e-05
   3.46855980e+02  -5.74891601e-05
   3.46856468e+02  -7.74939690e-05
   3.46856957e+02  -8.17157888e-06
   3.46857445e+02  -1.72146087e-04
   3.46857933e+02  -3.30309500e-04
   3.46858421e+02  -5.28732053e-05
   3.46858910e+02   2.18357352e-04
   3.46859398e+02   1.46002829e-04
   3.46859886e+02   5.79297375e-05
   3.46860375e+02   1.97481495e-05
   3.46860863e+02  -7.04188715e-05
   3.46861351e+02  -2.29778336e-04
   3.46861840e+02  -2.39806686e-04
   3.46862328e+02   7.77301539e-05
   3.46862816e+02   5.35334577e-04
   3.46863305e+02   6.53708237e-04
   3.46863793e+02   2.65022478e-04
   3.46864281e+02  -1.73592489e-04
   3.46864770e+02  -3.24282853e-04
   3.46865258e+02  -2.78852502e-04
   3.46865746e+02  -9.35252756e-05
   3.46866234e+02  -2.56611220e-05
   3.46866723e+02  -1.55860005e-04
   3.46867211e+02  -1.50889507e-04
   3.46867699e+02  -9.49158566e-05
   3.46868188e+02  -1.14124108e-04
   3.46868676e+02  -6.50316179e-06
   3.46869164e+02   5.11768740e-05
   3.46869653e+02   4.78359107e-05
   3.46870141e+02   1.25324383e-04
   3.46870629e+02  -1.61164444e-05
   3.46871118e+02  -1.10490211e-04
   3.46871606e+02   1.26871615e-04
   3.46872094e+02   4.10946755e-04
   3.46872582e+02   6.99269120e-04
   3.46873071e+02   8.27000651e-04
   3.46873559e+02   4.55621484e-04
   3.46874047e+02  -5.24329298e-05
   3.46874536e+02  -8.21186622e-05
   3.46875024e+02   1.60623284e-04
   3.46875512e+02   2.77378771e-04
   3.46876001e+02   3.17604805e-04
   3.46876489e+02   3.29798902e-04
   3.46876977e+02   3.78806784e-04
   3.46877466e+02   1.39769647e-04
   3.46877954e+02  -2.78612541e-04
   3.46878442e+02  -3.04749730e-04
   3.46878930e+02  -3.65614367e-04
   3.46879419e+02  -5.65678405e-04
   3.46879907e+02  -4.45420796e-04
   3.46880395e+02  -1.83728276e-04
   3.46880884e+02  -1.84710749e-04
   3.46881372e+02  -3.74377414e-04
   3.46881860e+02  -4.26588638e-04
   3.46882349e+02  -2.94375495e-04
   3.46882837e+02  -7.50781546e-05
   3.46883325e+02   1.64849786e-04
   3.46883814e+02   2.91904551e-04
   3.46884302e+02   1.18263051e-04
   3.46884790e+02  -1.14158225e-04
   3.46885278e+02   2.67467894e-05
   3.46885767e+02   2.55801919e-04
   3.46886255e+02   7.43903001e-05
   3.46886743e+02  -5.03550182e-05
   3.46887232e+02  -2.74019785e-05
   3.46887720e+02  -2.20236878e-04
   3.46888208e+02   9.11240204e-06
   3.46888697e+02   4.96900757e-04
   3.46889185e+02   4.42872813e-04
   3.46889673e+02   6.15150493e-05
   3.46890162e+02  -3.78664787e-04
   3.46890650e+02  -7.80245755e-04
   3.46891138e+02  -9.23568441e-04
   3.46891626e+02  -5.97317587e-04
   3.46892115e+02   6.49241483e-05
   3.46892603e+02   3.11281648e-04
   3.46893091e+02   3.54929944e-04
   3.46893580e+02   5.66291797e-04
   3.46894068e+02   3.02293513e-04
   3.46894556e+02  -2.33028637e-04
   3.46895045e+02  -2.32971666e-04
   3.46895533e+02   1.87249971e-04
   3.46896021e+02   1.97257556e-04
   3.46896510e+02  -1.91891359e-05
   3.46896998e+02  -1.24268146e-04
   3.46897486e+02  -1.30059154e-04
   3.46897974e+02   3.25206463e-04
   3.46898463e+02   7.17024144e-04
   3.46898951e+02   4.79474897e-04
   3.46899439e+02   1.87037323e-04
   3.46899928e+02   8.88700233e-05
   3.46900416e+02  -6.53802927e-05
   3.46900904e+02  -2.10854763e-04
   3.46901393e+02  -3.24306980e-04
   3.46901881e+02  -1.54038658e-04
   3.46902369e+02   3.16961872e-04
   3.46902858e+02   5.46819298e-04
   3.46903346e+02   3.79153673e-04
   3.46903834e+02   7.56348527e-05
   3.46904323e+02  -1.52194480e-04
   3.46904811e+02  -2.76922539e-04
   3.46905299e+02  -1.28562533e-04
   3.46905787e+02   1.19405551e-04
   3.46906276e+02  -6.42228042e-05
   3.46906764e+02  -3.34846030e-04
   3.46907252e+02  -2.17661451e-04
   3.46907741e+02  -3.15146935e-05
   3.46908229e+02  -8.82664699e-06
   3.46908717e+02  -1.48521751e-04
   3.46909206e+02  -3.24570894e-04
   3.46909694e+02  -2.06350422e-04
   3.46910182e+02   1.39760188e-04
   3.46910671e+02   3.99718672e-04
   3.46911159e+02   4.89183585e-04
   3.46911647e+02   4.51508182e-04
   3.46912135e+02   4.03513433e-04
   3.46912624e+02   3.82559752e-04
   3.46913112e+02   2.88132869e-04
   3.46913600e+02   1.37672236e-04
   3.46914089e+02  -4.43030804e-05
   3.46914577e+02  -2.92577723e-04
   3.46915065e+02  -4.58735885e-04
   3.46915554e+02  -3.36690748e-04
   3.46916042e+02   4.45588848e-05
   3.46916530e+02   3.64401989e-04
   3.46917019e+02   4.72689921e-04
   3.46917507e+02   5.46999625e-04
   3.46917995e+02   8.00223090e-04
   3.46918483e+02   9.43839899e-04
   3.46918972e+02   7.16985785e-04
   3.46919460e+02   4.74065833e-04
   3.46919948e+02   4.18915704e-04
   3.46920437e+02   4.61903197e-04
   3.46920925e+02   5.98001061e-04
   3.46921413e+02   7.33694760e-04
   3.46921902e+02   5.30720223e-04
   3.46922390e+02   7.44429344e-05
   3.46922878e+02  -7.65557779e-05
   3.46923367e+02   2.23996627e-04
   3.46923855e+02   4.86014207e-04
   3.46924343e+02   4.93883155e-04
   3.46924831e+02   4.63857752e-04
   3.46925320e+02   5.66611183e-04
   3.46925808e+02   7.03329220e-04
   3.46926296e+02   4.63464210e-04
   3.46926785e+02  -6.57734927e-05
   3.46927273e+02  -2.35039523e-04
   3.46927761e+02   9.60265425e-06
   3.46928250e+02   2.44460272e-04
   3.46928738e+02   3.26934911e-04
   3.46929226e+02   2.32410050e-04
   3.46929715e+02  -4.20061588e-05
   3.46930203e+02  -4.77422873e-04
   3.46930691e+02  -8.19489069e-04
   3.46931179e+02  -6.63414190e-04
   3.46931668e+02  -2.90050753e-04
   3.46932156e+02  -1.78739574e-04
   3.46932644e+02  -2.80221884e-05
   3.46933133e+02   2.47380580e-04
   3.46933621e+02   3.72277398e-04
   3.46934109e+02   3.83874052e-04
   3.46934598e+02   3.52094357e-05
   3.46935086e+02  -2.41885966e-04
   3.46935574e+02  -1.70616768e-04
   3.46936063e+02  -1.05947642e-04
   3.46936551e+02  -1.09168104e-04
   3.46937039e+02  -5.24772840e-05
   3.46937527e+02   6.13772645e-05
   3.46938016e+02   2.31951257e-04
   3.46938504e+02   1.90969586e-04
   3.46938992e+02  -1.08713602e-05
   3.46939481e+02  -1.21503363e-04
   3.46939969e+02  -1.28619969e-04
   3.46940457e+02  -1.73848064e-04
   3.46940946e+02  -2.54303304e-04
   3.46941434e+02  -3.20612104e-04
   3.46941922e+02  -4.09252534e-04
   3.46942411e+02  -2.79687723e-04
   3.46942899e+02   3.44865184e-05
   3.46943387e+02   1.11642927e-04
   3.46943876e+02  -5.76661078e-05
   3.46944364e+02  -1.59022340e-04
   3.46944852e+02  -5.56961386e-05
   3.46945340e+02   2.61403591e-04
   3.46945829e+02   4.32843837e-04
   3.46946317e+02   1.69642852e-04
   3.46946805e+02  -2.94596211e-05
   3.46947294e+02  -5.05146454e-05
   3.46947782e+02  -1.15510331e-04
   3.46948270e+02   1.54474881e-04
   3.46948759e+02   5.53022895e-04
   3.46949247e+02   6.30855619e-04
   3.46949735e+02   3.70874390e-04
   3.46950224e+02   4.05694991e-05
   3.46950712e+02   4.59588227e-05
   3.46951200e+02   1.44207574e-04
   3.46951688e+02   3.70207454e-05
   3.46952177e+02  -1.42010555e-04
   3.46952665e+02  -2.20586371e-04
   3.46953153e+02  -7.80581177e-05
   3.46953642e+02   1.94434891e-04
   3.46954130e+02   3.65934684e-04
   3.46954618e+02   4.97392088e-04
   3.46955107e+02   4.52323089e-04
   3.46955595e+02   1.85497003e-04
   3.46956083e+02   1.58327122e-04
   3.46956572e+02   1.70657513e-04
   3.46957060e+02   1.26592577e-05
   3.46957548e+02  -4.61414056e-05
   3.46958036e+02  -1.38511692e-04
   3.46958525e+02  -2.44674564e-04
   3.46959013e+02  -2.11081497e-04
   3.46959501e+02  -3.17040074e-04
   3.46959990e+02  -5.27567347e-04
   3.46960478e+02  -6.20040169e-04
   3.46960966e+02  -4.21450590e-04
   3.46961455e+02  -1.03550985e-04
   3.46961943e+02   6.35888719e-05
   3.46962431e+02   2.77060026e-04
   3.46962920e+02   3.29933013e-04
   3.46963408e+02  -1.36515300e-05
   3.46963896e+02  -2.94194091e-04
   3.46964384e+02  -4.48957842e-04
   3.46964873e+02  -5.99365041e-04
   3.46965361e+02  -4.81635419e-04
   3.46965849e+02  -1.11848567e-04
   3.46966338e+02   6.12653675e-05
   3.46966826e+02  -1.70583007e-05
   3.46967314e+02   2.20545244e-05
   3.46967803e+02   4.93429470e-05
   3.46968291e+02  -1.68918530e-04
   3.46968779e+02  -2.76987383e-04
   3.46969268e+02  -8.86087000e-05
   3.46969756e+02   1.85856421e-04
   3.46970244e+02   3.45699373e-04
   3.46970732e+02   4.29174514e-04
   3.46971221e+02   3.22259293e-04
   3.46971709e+02   1.93164698e-04
   3.46972197e+02   3.06264905e-04
   3.46972686e+02   2.26802716e-04
   3.46973174e+02  -9.56608492e-05
   3.46973662e+02  -2.09266160e-04
   3.46974151e+02  -8.79349682e-06
   3.46974639e+02   2.94645113e-04
   3.46975127e+02   3.83987295e-04
   3.46975616e+02   1.16109746e-04
   3.46976104e+02  -2.25260301e-04
   3.46976592e+02  -4.16663126e-04
   3.46977080e+02  -5.91784075e-04
   3.46977569e+02  -7.27022009e-04
   3.46978057e+02  -6.23146712e-04
   3.46978545e+02  -1.89943632e-04
   3.46979034e+02   3.39977647e-04
   3.46979522e+02   5.86848531e-04
   3.46980010e+02   2.82347173e-04
   3.46980499e+02  -1.86537014e-04
   3.46980987e+02  -3.92749286e-07
   3.46981475e+02   5.17713896e-04
   3.46981964e+02   5.18201268e-04
   3.46982452e+02   2.44470692e-04
   3.46982940e+02   9.15329438e-05
   3.46983428e+02  -7.80408736e-05
   3.46983917e+02  -8.73212484e-05
   3.46984405e+02   2.04068074e-05
   3.46984893e+02   3.40637735e-06
   3.46985382e+02   1.71679509e-04
   3.46985870e+02   5.21129696e-04
   3.46986358e+02   5.91271266e-04
   3.46986847e+02   3.14599340e-04
   3.46987335e+02   2.16568311e-04
   3.46987823e+02   4.88792139e-04
   3.46988312e+02   5.34831372e-04
   3.46988800e+02   3.07179143e-04
   3.46989288e+02   1.17273630e-04
   3.46989777e+02  -3.91217618e-05
   3.46990265e+02  -5.45080729e-05
   3.46990753e+02   1.41798955e-04
   3.46991241e+02   2.27293713e-04
   3.46991730e+02   2.46789015e-04
   3.46992218e+02   4.54146240e-04
   3.46992706e+02   6.08256261e-04
   3.46993195e+02   7.45786063e-04
   3.46993683e+02   6.94388815e-04
   3.46994171e+02   2.62679270e-04
   3.46994660e+02  -4.01897472e-04
   3.46995148e+02  -6.45073189e-04
   3.46995636e+02  -1.49825166e-04
   3.46996125e+02   3.87077860e-04
   3.46996613e+02   3.15305777e-04
   3.46997101e+02   1.14562670e-06
   3.46997589e+02  -1.46676975e-04
   3.46998078e+02  -2.10594633e-04
   3.46998566e+02  -1.71076754e-04
   3.46999054e+02  -9.30182941e-05
   3.46999543e+02  -1.91052386e-04
   3.47000031e+02  -2.46133801e-04
   3.47000519e+02  -1.42646968e-04
   3.47001008e+02  -2.09819860e-04
   3.47001496e+02  -3.19397222e-04
   3.47001984e+02  -3.40231374e-04
   3.47002473e+02  -3.46295914e-04
   3.47002961e+02  -5.57898093e-05
   3.47003449e+02   2.27202603e-04
   3.47003937e+02   2.34553008e-04
   3.47004426e+02   2.26866832e-04
   3.47004914e+02   8.36204999e-05
   3.47005402e+02  -9.54025527e-05
   3.47005891e+02  -3.44031432e-05
   3.47006379e+02  -9.80422337e-05
   3.47006867e+02  -2.47588614e-04
   3.47007356e+02   4.51056621e-05
   3.47007844e+02   3.29541450e-04
   3.47008332e+02   1.35913520e-04
   3.47008821e+02  -2.04545999e-04
   3.47009309e+02  -3.51659168e-04
   3.47009797e+02  -4.96478344e-04
   3.47010285e+02  -8.07791483e-04
   3.47010774e+02  -8.15130130e-04
   3.47011262e+02  -4.13589907e-04
   3.47011750e+02  -1.30305722e-04
   3.47012239e+02  -1.97558897e-04
   3.47012727e+02  -3.88126238e-04
   3.47013215e+02  -3.84040206e-04
   3.47013704e+02  -2.76566163e-04
   3.47014192e+02  -9.27503279e-05
   3.47014680e+02   4.27997729e-05
   3.47015169e+02   3.35326513e-05
   3.47015657e+02   1.53008048e-04
   3.47016145e+02   1.84562319e-04
   3.47016633e+02  -6.81556121e-05
   3.47017122e+02  -2.05482545e-04
   3.47017610e+02  -1.54299152e-04
   3.47018098e+02  -1.76673406e-04
   3.47018587e+02  -1.95303190e-04
   3.47019075e+02  -3.44551343e-04
   3.47019563e+02  -7.69145554e-04
   3.47020052e+02  -8.53755046e-04
   3.47020540e+02  -4.30343760e-04
   3.47021028e+02  -4.58623326e-05
   3.47021517e+02   7.20159278e-06
   3.47022005e+02  -1.97378642e-04
   3.47022493e+02  -3.25858418e-04
   3.47022981e+02  -2.03465141e-04
   3.47023470e+02   7.90801569e-05
   3.47023958e+02   1.01779799e-04
   3.47024446e+02  -2.05740100e-04
   3.47024935e+02  -2.60747271e-04
   3.47025423e+02   2.32224102e-05
   3.47025911e+02   2.42243055e-04
   3.47026400e+02   1.41541255e-04
   3.47026888e+02  -1.50234002e-04
   3.47027376e+02  -2.91711593e-04
   3.47027865e+02  -3.60363396e-04
   3.47028353e+02  -5.38967492e-04
   3.47028841e+02  -5.34769439e-04
   3.47029330e+02  -1.40927121e-04
   3.47029818e+02   1.73758352e-04
   3.47030306e+02   1.94235734e-04
   3.47030794e+02   2.15631735e-04
   3.47031283e+02   1.56286405e-04
   3.47031771e+02  -1.10321162e-05
   3.47032259e+02  -5.40179426e-05
   3.47032748e+02   3.20052677e-05
   3.47033236e+02  -5.41133995e-05
   3.47033724e+02  -4.01082420e-04
   3.47034213e+02  -4.75833163e-04
   3.47034701e+02  -1.75548976e-05
   3.47035189e+02   5.22007584e-04
   3.47035678e+02   5.02901326e-04
   3.47036166e+02   1.45497819e-04
   3.47036654e+02   1.45274826e-05
   3.47037142e+02   1.05910995e-05
   3.47037631e+02  -2.64234513e-05
   3.47038119e+02  -5.63169742e-05
   3.47038607e+02  -1.41850789e-04
   3.47039096e+02  -4.36096132e-04
   3.47039584e+02  -5.06110198e-04
   3.47040072e+02  -1.62050521e-04
   3.47040561e+02   2.81908782e-04
   3.47041049e+02   6.85710052e-04
   3.47041537e+02   5.46698924e-04
   3.47042026e+02  -2.15768614e-05
   3.47042514e+02  -1.50788546e-05
   3.47043002e+02   4.54075809e-04
   3.47043490e+02   5.32560865e-04
   3.47043979e+02   2.89496267e-04
   3.47044467e+02   1.70454601e-04
   3.47044955e+02   3.35551304e-05
   3.47045444e+02  -3.69710237e-04
   3.47045932e+02  -5.87901683e-04
   3.47046420e+02  -3.69485235e-04
   3.47046909e+02  -3.09122959e-04
   3.47047397e+02  -3.41165578e-04
   3.47047885e+02  -1.87921702e-04
   3.47048374e+02  -1.27585736e-04
   3.47048862e+02  -1.58490642e-04
   3.47049350e+02  -8.34171078e-05
   3.47049838e+02  -9.43498162e-05
   3.47050327e+02  -1.23120306e-04
   3.47050815e+02  -2.58683194e-05
   3.47051303e+02  -1.65592121e-06
   3.47051792e+02  -3.98075121e-04
   3.47052280e+02  -6.86115352e-04
   3.47052768e+02  -4.36722301e-04
   3.47053257e+02   5.57843850e-05
   3.47053745e+02   3.27087619e-04
   3.47054233e+02   2.90451775e-04
   3.47054722e+02   3.56097822e-04
   3.47055210e+02   5.89861476e-04
   3.47055698e+02   6.40622224e-04
   3.47056186e+02   2.90593889e-04
   3.47056675e+02  -2.94465863e-04
   3.47057163e+02  -4.93197527e-04
   3.47057651e+02  -4.49790386e-04
   3.47058140e+02  -5.84058173e-04
   3.47058628e+02  -3.89468507e-04
   3.47059116e+02  -8.41212604e-05
   3.47059605e+02  -3.23090964e-04
   3.47060093e+02  -6.85324252e-04
   3.47060581e+02  -6.28998212e-04
   3.47061070e+02  -4.42479126e-04
   3.47061558e+02  -4.25870385e-04
   3.47062046e+02  -2.98828090e-04
   3.47062534e+02  -3.15850957e-05
   3.47063023e+02   5.20753347e-05
   3.47063511e+02  -1.75389898e-04
   3.47063999e+02  -3.49018956e-04
   3.47064488e+02  -3.47899011e-04
   3.47064976e+02  -2.97866325e-04
   3.47065464e+02  -1.23801539e-04
   3.47065953e+02   6.63069004e-05
   3.47066441e+02   7.29042004e-05
   3.47066929e+02  -1.19504220e-04
   3.47067418e+02  -2.28410732e-04
   3.47067906e+02   6.67181812e-05
   3.47068394e+02   2.79253232e-04
   3.47068883e+02  -8.64991816e-05
   3.47069371e+02  -3.89973779e-04
   3.47069859e+02  -3.71264090e-04
   3.47070347e+02  -2.54532992e-04
   3.47070836e+02  -3.07479854e-06
   3.47071324e+02  -2.82499582e-06
   3.47071812e+02  -3.73138726e-04
   3.47072301e+02  -5.78210223e-04
   3.47072789e+02  -2.33557774e-04
   3.47073277e+02   3.23685585e-04
   3.47073766e+02   4.73624066e-04
   3.47074254e+02   2.47625809e-04
   3.47074742e+02   6.75890260e-05
   3.47075231e+02   1.72353204e-04
   3.47075719e+02   2.38213048e-04
   3.47076207e+02  -1.24261293e-04
   3.47076695e+02  -3.02045315e-04
   3.47077184e+02  -2.58431010e-05
   3.47077672e+02   1.50192602e-04
   3.47078160e+02   2.67798488e-04
   3.47078649e+02   4.01733152e-04
   3.47079137e+02   1.99697606e-04
   3.47079625e+02  -2.22559815e-04
   3.47080114e+02  -2.66566785e-04
   3.47080602e+02  -8.97182781e-06
   3.47081090e+02  -8.05332820e-05
   3.47081579e+02  -2.91112461e-04
   3.47082067e+02  -3.42019717e-04
   3.47082555e+02  -2.97417253e-04
   3.47083043e+02  -3.60255595e-04
   3.47083532e+02  -3.82471655e-04
   3.47084020e+02  -1.78371018e-04
   3.47084508e+02   3.43871397e-06
   3.47084997e+02   1.16666481e-04
   3.47085485e+02   2.09001155e-04
   3.47085973e+02   6.05197492e-05
   3.47086462e+02  -3.25259927e-04
   3.47086950e+02  -3.75576637e-04
   3.47087438e+02  -5.25666655e-05
   3.47087927e+02   6.54913456e-05
   3.47088415e+02   2.58863118e-04
   3.47088903e+02   7.61774136e-04
   3.47089391e+02   7.66858633e-04
   3.47089880e+02   2.63012829e-04
   3.47090368e+02   6.08045812e-05
   3.47090856e+02   7.38266317e-05
   3.47091345e+02   2.50604062e-04
   3.47091833e+02   5.59454260e-04
   3.47092321e+02   4.01324010e-04
   3.47092810e+02  -2.58269174e-05
   3.47093298e+02  -2.20820555e-04
   3.47093786e+02  -2.54672719e-04
   3.47094275e+02  -5.23790484e-04
   3.47094763e+02  -1.00098224e-03
   3.47095251e+02  -1.00925809e-03
   3.47095739e+02  -4.45979880e-04
   3.47096228e+02  -3.44144901e-05
   3.47096716e+02  -7.28040468e-05
   3.47097204e+02  -2.10850092e-04
   3.47097693e+02  -2.18828194e-04
   3.47098181e+02  -1.17120886e-04
   3.47098669e+02  -1.63636170e-04
   3.47099158e+02  -2.94433761e-04
   3.47099646e+02  -1.63737932e-04
   3.47100134e+02  -7.66873200e-05
   3.47100623e+02  -2.61982554e-04
   3.47101111e+02  -3.64215259e-04
   3.47101599e+02  -2.55090010e-04
   3.47102087e+02  -3.92135589e-05
   3.47102576e+02   6.07743277e-05
   3.47103064e+02  -3.12647317e-05
   3.47103552e+02   1.09002904e-04
   3.47104041e+02   3.77714459e-04
   3.47104529e+02   3.39023594e-04
   3.47105017e+02   1.45642654e-04
   3.47105506e+02  -2.37334316e-05
   3.47105994e+02   3.93088776e-05
   3.47106482e+02   2.48555210e-04
   3.47106971e+02   2.26493765e-04
   3.47107459e+02  -1.41001947e-04
   3.47107947e+02  -6.59405545e-04
   3.47108436e+02  -7.96676846e-04
   3.47108924e+02  -4.65397956e-04
   3.47109412e+02  -1.81971540e-04
   3.47109900e+02  -1.83009455e-04
   3.47110389e+02  -8.64142785e-05
   3.47110877e+02   7.77975802e-05
   3.47111365e+02   2.69162876e-04
   3.47111854e+02   7.72454601e-04
   3.47112342e+02   8.75355967e-04
   3.47112830e+02   3.94256756e-04
   3.47113319e+02   1.15846073e-04
   3.47113807e+02   6.43078283e-06
   3.47114295e+02  -4.61246200e-05
   3.47114784e+02  -1.18657241e-04
   3.47115272e+02  -3.74302326e-04
   3.47115760e+02  -4.24010417e-04
   3.47116248e+02  -1.44371341e-04
   3.47116737e+02   9.56880467e-06
   3.47117225e+02  -1.88821999e-04
   3.47117713e+02  -3.99129844e-04
   3.47118202e+02  -3.05844413e-04
   3.47118690e+02   1.65058027e-05
   3.47119178e+02   1.91475134e-04
   3.47119667e+02  -8.88631912e-05
   3.47120155e+02  -5.16300322e-04
   3.47120643e+02  -4.52679291e-04
   3.47121132e+02  -1.87317113e-04
   3.47121620e+02  -3.68032459e-04
   3.47122108e+02  -5.70933975e-04
   3.47122596e+02  -3.30525159e-04
   3.47123085e+02   3.07855116e-05
   3.47123573e+02   2.41909060e-04
   3.47124061e+02   1.27884719e-04
   3.47124550e+02  -1.33504029e-04
   3.47125038e+02  -4.57455753e-05
   3.47125526e+02   2.89481541e-04
   3.47126015e+02   4.04340419e-04
   3.47126503e+02   2.63131835e-04
   3.47126991e+02   1.13699200e-04
   3.47127480e+02   2.58915279e-05
   3.47127968e+02  -2.21559720e-04
   3.47128456e+02  -5.84229885e-04
   3.47128944e+02  -4.82459378e-04
   3.47129433e+02   1.56251102e-04
   3.47129921e+02   6.03397377e-04
   3.47130409e+02   4.89951926e-04
   3.47130898e+02   2.49439501e-04
   3.47131386e+02  -4.41042248e-05
   3.47131874e+02  -3.73749470e-04
   3.47132363e+02  -2.44407827e-04
   3.47132851e+02   8.90122174e-05
   3.47133339e+02   3.08360351e-04
   3.47133828e+02   3.34976969e-04
   3.47134316e+02   1.32428613e-04
   3.47134804e+02   4.94275009e-05
   3.47135292e+02   3.59577418e-04
   3.47135781e+02   6.09854236e-04
   3.47136269e+02   5.68516494e-04
   3.47136757e+02   5.09803067e-04
   3.47137246e+02   3.20364314e-04
   3.47137734e+02   1.85649216e-04
   3.47138222e+02   3.11031879e-04
   3.47138711e+02   3.79294390e-04
   3.47139199e+02   2.28844059e-04
   3.47139687e+02   9.97766765e-05
   3.47140176e+02   5.70104530e-05
   3.47140664e+02  -7.00487726e-05
   3.47141152e+02  -1.31558292e-04
   3.47141640e+02  -1.52761539e-04
   3.47142129e+02  -1.66378319e-04
   3.47142617e+02  -3.00761254e-04
   3.47143105e+02  -5.02234849e-04
   3.47143594e+02  -5.70615288e-04
   3.47144082e+02  -4.30876360e-04
   3.47144570e+02  -1.66975515e-04
   3.47145059e+02  -1.53206798e-04
   3.47145547e+02  -3.14956502e-04
   3.47146035e+02  -2.52561498e-04
   3.47146524e+02   2.02868850e-05
   3.47147012e+02   1.57362563e-04
   3.47147500e+02   7.96897584e-05
   3.47147989e+02   4.43009303e-05
   3.47148477e+02   1.07606960e-04
   3.47148965e+02   2.47141666e-04
   3.47149453e+02   2.21331182e-04
   3.47149942e+02  -2.61300622e-04
   3.47150430e+02  -4.25828097e-04
   3.47150918e+02   8.48161799e-05
   3.47151407e+02   4.32109460e-04
   3.47151895e+02   4.63847275e-04
   3.47152383e+02   2.89572577e-04
   3.47152872e+02   3.29711656e-05
   3.47153360e+02  -2.98707000e-05
   3.47153848e+02  -1.94209555e-04
   3.47154337e+02  -4.97277128e-04
   3.47154825e+02  -5.71978977e-04
   3.47155313e+02  -1.52183711e-04
   3.47155801e+02   4.42217162e-04
   3.47156290e+02   6.38218771e-04
   3.47156778e+02   4.22388606e-04
   3.47157266e+02   2.82789639e-04
   3.47157755e+02   2.23954179e-04
   3.47158243e+02  -1.60746495e-04
   3.47158731e+02  -4.50490188e-04
   3.47159220e+02  -2.75857077e-04
   3.47159708e+02  -2.80094304e-04
   3.47160196e+02  -4.80138842e-04
   3.47160685e+02  -4.14136506e-04
   3.47161173e+02  -2.22185598e-04
   3.47161661e+02  -8.12135258e-05
   3.47162149e+02   5.41330082e-05
   3.47162638e+02   1.09941480e-04
   3.47163126e+02  -6.79245422e-05
   3.47163614e+02  -3.88321263e-04
   3.47164103e+02  -5.49882301e-04
   3.47164591e+02  -3.32649564e-04
   3.47165079e+02  -1.05465711e-04
   3.47165568e+02  -1.14642928e-04
   3.47166056e+02  -1.60685813e-04
   3.47166544e+02  -1.83089622e-04
   3.47167033e+02  -2.16833694e-04
   3.47167521e+02  -2.29334706e-04
   3.47168009e+02  -1.33220776e-04
   3.47168497e+02   2.35182615e-05
   3.47168986e+02   2.38225257e-04
   3.47169474e+02   3.29934497e-04
   3.47169962e+02   3.03413981e-04
   3.47170451e+02   3.05484136e-04
   3.47170939e+02   2.91191012e-04
   3.47171427e+02   1.07637621e-04
   3.47171916e+02  -4.27150553e-05
   3.47172404e+02   4.84120028e-05
   3.47172892e+02   8.62384841e-05
   3.47173381e+02  -1.05323932e-04
   3.47173869e+02  -1.87228856e-04
   3.47174357e+02   6.43610620e-05
   3.47174845e+02   2.94342055e-04
   3.47175334e+02   3.13413941e-04
   3.47175822e+02   2.72074540e-04
   3.47176310e+02   2.51723814e-05
   3.47176799e+02  -3.31791118e-04
   3.47177287e+02  -3.43458058e-04
   3.47177775e+02  -2.85257673e-04
   3.47178264e+02  -5.29671262e-04
   3.47178752e+02  -5.17616514e-04
   3.47179240e+02  -2.77558458e-04
   3.47179729e+02  -3.76681128e-04
   3.47180217e+02  -7.22386641e-04
   3.47180705e+02  -7.04998674e-04
   3.47181193e+02  -1.90987674e-04
   3.47181682e+02   2.95809499e-04
   3.47182170e+02   4.49074811e-04
   3.47182658e+02   3.19027604e-04
   3.47183147e+02   2.72168138e-04
   3.47183635e+02   2.65103503e-04
   3.47184123e+02  -4.34522044e-05
   3.47184612e+02  -3.17566330e-04
   3.47185100e+02  -7.56971276e-05
   3.47185588e+02   2.66371557e-04
   3.47186077e+02   7.72739149e-05
   3.47186565e+02  -2.89663149e-04
   3.47187053e+02  -4.91937681e-04
   3.47187542e+02  -6.21151004e-04
   3.47188030e+02  -7.10986205e-04
   3.47188518e+02  -5.74656820e-04
   3.47189006e+02  -2.23726034e-04
   3.47189495e+02   5.66264243e-05
   3.47189983e+02   1.96681271e-04
   3.47190471e+02   9.69206667e-05
   3.47190960e+02  -1.27617270e-04
   3.47191448e+02  -8.59127467e-05
   3.47191936e+02   2.38352601e-04
   3.47192425e+02   2.56830681e-04
   3.47192913e+02  -6.16387260e-05
   3.47193401e+02  -3.77281511e-04
   3.47193890e+02  -4.06060310e-04
   3.47194378e+02  -8.13821171e-05
   3.47194866e+02   1.00710931e-04
   3.47195354e+02   8.93418255e-05
   3.47195843e+02   4.90379171e-05
   3.47196331e+02  -1.04481900e-04
   3.47196819e+02  -2.95633276e-04
   3.47197308e+02  -4.38829040e-04
   3.47197796e+02  -4.00591234e-04
   3.47198284e+02  -1.14457842e-04
   3.47198773e+02   4.11200781e-05
   3.47199261e+02  -1.15952289e-05
   3.47199749e+02   1.00340236e-04
   3.47200238e+02   2.76236795e-04
   3.47200726e+02   2.40782363e-04
   3.47201214e+02   2.07524514e-04
   3.47201702e+02   3.34941113e-04
   3.47202191e+02   2.84726120e-04
   3.47202679e+02   3.64298794e-05
   3.47203167e+02  -1.08152635e-04
   3.47203656e+02  -1.19644843e-04
   3.47204144e+02  -6.59572761e-05
   3.47204632e+02   8.06846365e-05
   3.47205121e+02   1.97881134e-04
   3.47205609e+02   1.27026389e-04
   3.47206097e+02   1.79244715e-04
   3.47206586e+02   3.98339471e-04
   3.47207074e+02   2.52332684e-04
   3.47207562e+02   9.97048774e-05
   3.47208050e+02   3.79945472e-04
   3.47208539e+02   4.57798626e-04
   3.47209027e+02   1.05852843e-04
   3.47209515e+02  -1.27158768e-04
   3.47210004e+02  -1.06884967e-04
   3.47210492e+02   5.77816809e-06
   3.47210980e+02   2.43306276e-04
   3.47211469e+02   3.39797640e-04
   3.47211957e+02   3.80314159e-04
   3.47212445e+02   3.62730236e-04
   3.47212934e+02   6.25692628e-05
   3.47213422e+02  -1.35004942e-04
   3.47213910e+02  -6.66760661e-06
   3.47214398e+02   1.39782831e-04
   3.47214887e+02  -1.84068893e-04
   3.47215375e+02  -5.47005620e-04
   3.47215863e+02  -3.68909299e-04
   3.47216352e+02  -3.58243597e-05
   3.47216840e+02   1.14840397e-04
   3.47217328e+02   1.33591602e-04
   3.47217817e+02   6.71668895e-05
   3.47218305e+02   5.87155264e-05
   3.47218793e+02   4.21724617e-05
   3.47219282e+02  -2.39434448e-04
   3.47219770e+02  -6.25397195e-04
   3.47220258e+02  -6.79812103e-04
   3.47220746e+02  -1.36711271e-04
   3.47221235e+02   3.26130190e-04
   3.47221723e+02   9.35415301e-05
   3.47222211e+02  -1.21455785e-04
   3.47222700e+02   9.57137308e-05
   3.47223188e+02   2.36572363e-04
   3.47223676e+02   2.85288814e-04
   3.47224165e+02   3.62159364e-04
   3.47224653e+02   1.51231405e-04
   3.47225141e+02  -7.08373118e-05
   3.47225630e+02   1.21229408e-04
   3.47226118e+02   2.18684712e-04
   3.47226606e+02   1.10333756e-04
   3.47227095e+02   1.91473897e-04
   3.47227583e+02   5.69804506e-05
   3.47228071e+02  -2.51024176e-04
   3.47228559e+02  -1.08380416e-04
   3.47229048e+02   7.70629231e-06
   3.47229536e+02  -1.56018417e-04
   3.47230024e+02  -2.67892581e-04
   3.47230513e+02  -3.29203467e-04
   3.47231001e+02  -2.05187345e-04
   3.47231489e+02   9.05682100e-05
   3.47231978e+02   1.58254683e-04
   3.47232466e+02  -8.04961965e-05
   3.47232954e+02  -1.91984029e-04
   3.47233443e+02  -2.25336888e-04
   3.47233931e+02  -5.32067847e-04
   3.47234419e+02  -8.04563169e-04
   3.47234907e+02  -8.21109570e-04
   3.47235396e+02  -9.79681150e-04
   3.47235884e+02  -1.04501762e-03
   3.47236372e+02  -6.10366173e-04
   3.47236861e+02  -2.31604965e-04
   3.47237349e+02  -1.36201546e-04
   3.47237837e+02   1.17962827e-05
   3.47238326e+02   1.92694744e-04
   3.47238814e+02   3.89871537e-04
   3.47239302e+02   3.13519908e-04
   3.47239791e+02  -1.55826667e-04
   3.47240279e+02  -4.43655677e-04
   3.47240767e+02  -4.92092338e-04
   3.47241255e+02  -6.02574204e-04
   3.47241744e+02  -5.85360336e-04
   3.47242232e+02  -2.12358689e-04
   3.47242720e+02   2.28387085e-04
   3.47243209e+02   3.36385128e-04
   3.47243697e+02   2.55481602e-04
   3.47244185e+02   2.57892068e-04
   3.47244674e+02   3.03508539e-04
   3.47245162e+02   3.05309368e-04
   3.47245650e+02   2.06744749e-04
   3.47246139e+02   8.53761867e-06
   3.47246627e+02   1.66492129e-04
   3.47247115e+02   4.75952693e-04
   3.47247603e+02   3.07370850e-04
   3.47248092e+02  -1.82262156e-05
   3.47248580e+02  -4.59427356e-05
   3.47249068e+02   4.77695066e-05
   3.47249557e+02   5.58053580e-05
   3.47250045e+02  -6.73437316e-05
   3.47250533e+02  -3.42247018e-04
   3.47251022e+02  -5.40998532e-04
   3.47251510e+02  -3.44662549e-04
   3.47251998e+02  -4.25427561e-06
   3.47252487e+02  -6.50631637e-06
   3.47252975e+02  -3.06146481e-04
   3.47253463e+02  -4.87229612e-04
   3.47253951e+02  -3.03194422e-04
   3.47254440e+02   7.45573379e-06
   3.47254928e+02   3.16591060e-04
   3.47255416e+02   5.48511860e-04
   3.47255905e+02   3.15343466e-04
   3.47256393e+02  -1.90032471e-04
   3.47256881e+02  -4.30635671e-04
   3.47257370e+02  -2.65889656e-04
   3.47257858e+02  -5.75114864e-05
   3.47258346e+02  -9.19177764e-05
   3.47258835e+02  -3.89524066e-05
   3.47259323e+02   2.56632156e-05
   3.47259811e+02  -9.55475625e-05
   3.47260299e+02  -7.17999064e-05
   3.47260788e+02   2.81772645e-05
   3.47261276e+02   1.23352147e-04
   3.47261764e+02   3.47815716e-04
   3.47262253e+02   4.45734244e-04
   3.47262741e+02   3.14107223e-04
   3.47263229e+02   4.12717811e-04
   3.47263718e+02   6.70936308e-04
   3.47264206e+02   4.71150648e-04
   3.47264694e+02   6.03062581e-05
   3.47265183e+02  -3.15894140e-05
   3.47265671e+02  -1.60281590e-04
   3.47266159e+02  -4.48406878e-04
   3.47266648e+02  -5.15915861e-04
   3.47267136e+02  -1.44312871e-04
   3.47267624e+02   4.02956532e-04
   3.47268112e+02   4.46418358e-04
   3.47268601e+02   2.02324838e-04
   3.47269089e+02   2.43373244e-04
   3.47269577e+02   1.91363593e-04
   3.47270066e+02  -6.62808598e-05
   3.47270554e+02  -3.07735929e-04
   3.47271042e+02  -2.94744881e-04
   3.47271531e+02  -1.48343868e-04
   3.47272019e+02  -5.28259494e-04
   3.47272507e+02  -7.48712278e-04
   3.47272996e+02  -3.67878936e-04
   3.47273484e+02  -3.14121047e-04
   3.47273972e+02  -2.23126568e-04
   3.47274460e+02   1.78730024e-05
   3.47274949e+02   2.57260272e-05
   3.47275437e+02   3.13563884e-04
   3.47275925e+02   7.35757523e-04
   3.47276414e+02   6.50661706e-04
   3.47276902e+02   2.84873502e-04
   3.47277390e+02   1.56815353e-04
   3.47277879e+02   1.96811074e-04
   3.47278367e+02   2.11125633e-04
   3.47278855e+02   3.09887779e-04
   3.47279344e+02   4.32361965e-04
   3.47279832e+02   4.86504316e-04
   3.47280320e+02   5.99307939e-04
   3.47280808e+02   5.45641582e-04
   3.47281297e+02   2.04334487e-04
   3.47281785e+02   4.17778901e-05
   3.47282273e+02   9.92673740e-05
   3.47282762e+02   8.74434409e-05
   3.47283250e+02  -1.13655624e-05
   3.47283738e+02  -2.08370548e-04
   3.47284227e+02  -4.14925511e-04
   3.47284715e+02  -3.79071484e-04
   3.47285203e+02  -5.74929727e-05
   3.47285692e+02   2.94296391e-04
   3.47286180e+02   4.31706285e-04
   3.47286668e+02   7.16284383e-04
   3.47287156e+02   1.02512597e-03
   3.47287645e+02   9.95690702e-04
   3.47288133e+02   6.99989672e-04
   3.47288621e+02   2.38723675e-04
   3.47289110e+02  -2.95872102e-04
   3.47289598e+02  -4.56887326e-04
   3.47290086e+02  -2.07646342e-04
   3.47290575e+02  -2.86954873e-05
   3.47291063e+02  -8.23815717e-05
   3.47291551e+02  -1.24605096e-04
   3.47292040e+02  -1.88223014e-04
   3.47292528e+02  -4.26875922e-04
   3.47293016e+02  -4.63332311e-04
   3.47293504e+02  -1.73904133e-04
   3.47293993e+02   1.05226158e-04
   3.47294481e+02   2.76294159e-04
   3.47294969e+02   2.37401400e-04
   3.47295458e+02  -6.99926677e-05
   3.47295946e+02  -3.91583337e-04
   3.47296434e+02  -5.17375185e-04
   3.47296923e+02  -2.97892111e-04
   3.47297411e+02   1.62365104e-05
   3.47297899e+02   8.82876848e-05
   3.47298388e+02  -1.62476626e-05
   3.47298876e+02  -2.13548337e-04
   3.47299364e+02  -4.36604343e-04
   3.47299852e+02  -5.67749084e-04
   3.47300341e+02  -3.10684118e-04
   3.47300829e+02   6.71960661e-05
   3.47301317e+02  -5.74990327e-06
   3.47301806e+02  -2.56925705e-04
   3.47302294e+02  -1.59256029e-04
   3.47302782e+02  -5.03979027e-05
   3.47303271e+02  -2.34805935e-04
   3.47303759e+02  -4.79416602e-04
   3.47304247e+02  -6.06511487e-04
   3.47304736e+02  -3.66176479e-04
   3.47305224e+02  -1.58530340e-04
   3.47305712e+02  -4.38608404e-04
   3.47306201e+02  -6.63739280e-04
   3.47306689e+02  -5.14409796e-04
   3.47307177e+02  -2.88555282e-04
   3.47307665e+02  -1.80465431e-04
   3.47308154e+02  -8.90344600e-05
   3.47308642e+02   1.41622862e-04
   3.47309130e+02   1.08577078e-04
   3.47309619e+02  -5.20701462e-04
   3.47310107e+02  -7.53176399e-04
   3.47310595e+02  -1.01739468e-04
   3.47311084e+02   4.33558336e-04
   3.47311572e+02   4.72064799e-04
   3.47312060e+02   3.26256966e-04
   3.47312549e+02   7.35059484e-06
   3.47313037e+02  -2.47958465e-04
   3.47313525e+02   5.53195741e-06
   3.47314013e+02   4.46444552e-04
   3.47314502e+02   4.17664443e-04
   3.47314990e+02  -8.97473656e-05
   3.47315478e+02  -4.97430970e-04
   3.47315967e+02  -4.29469714e-04
   3.47316455e+02  -2.06066921e-04
   3.47316943e+02  -2.34947511e-04
   3.47317432e+02  -4.39924072e-04
   3.47317920e+02  -4.41639975e-04
   3.47318408e+02  -2.54966377e-04
   3.47318897e+02  -2.90315686e-04
   3.47319385e+02  -3.14955047e-04
   3.47319873e+02   4.54026122e-05
   3.47320361e+02   5.40682522e-04
   3.47320850e+02   5.49256045e-04
   3.47321338e+02   1.04732753e-04
   3.47321826e+02  -7.49751562e-05
   3.47322315e+02  -6.73634568e-05
   3.47322803e+02  -1.73430773e-04
   3.47323291e+02  -8.16562024e-05
   3.47323780e+02   7.34822606e-05
   3.47324268e+02   5.93037985e-05
   3.47324756e+02   1.03935774e-04
   3.47325245e+02   7.77132591e-05
   3.47325733e+02  -1.22624449e-04
   3.47326221e+02  -3.23661079e-05
   3.47326709e+02   4.46458580e-05
   3.47327198e+02  -2.65839801e-04
   3.47327686e+02  -2.87980103e-04
   3.47328174e+02   2.53053091e-04
   3.47328663e+02   7.43068580e-04
   3.47329151e+02   6.38298225e-04
   3.47329639e+02   8.22723996e-06
   3.47330128e+02  -2.39644345e-04
   3.47330616e+02   1.70635743e-04
   3.47331104e+02   4.21464647e-04
   3.47331593e+02   4.16932249e-04
   3.47332081e+02   3.56029341e-04
   3.47332569e+02   2.92536773e-04
   3.47333057e+02   2.72837438e-04
   3.47333546e+02   1.30127635e-04
   3.47334034e+02  -3.26841953e-04
   3.47334522e+02  -4.38827614e-04
   3.47335011e+02  -4.56586713e-05
   3.47335499e+02  -4.57668320e-05
   3.47335987e+02  -2.40192763e-04
   3.47336476e+02  -1.30414046e-04
   3.47336964e+02   2.04349315e-04
   3.47337452e+02   5.28448087e-04
   3.47337941e+02   4.05239261e-04
   3.47338429e+02  -7.81299750e-05
   3.47338917e+02  -4.07468498e-04
   3.47339405e+02  -4.15947259e-04
   3.47339894e+02  -3.55141470e-04
   3.47340382e+02  -3.62516177e-04
   3.47340870e+02  -1.58165363e-04
   3.47341359e+02   1.02864455e-04
   3.47341847e+02   8.27928034e-06
   3.47342335e+02  -2.98237370e-04
   3.47342824e+02  -5.22308925e-04
   3.47343312e+02  -5.70753356e-04
   3.47343800e+02  -4.22604760e-04
   3.47344289e+02  -1.41494791e-04
   3.47344777e+02   1.88046411e-04
   3.47345265e+02   2.37796499e-04
   3.47345754e+02  -3.39146609e-05
   3.47346242e+02  -2.47424876e-04
   3.47346730e+02  -1.96312307e-04
   3.47347218e+02   4.56628950e-05
   3.47347707e+02   2.95976177e-04
   3.47348195e+02   4.17795818e-04
   3.47348683e+02   4.12196096e-04
   3.47349172e+02   3.64510110e-04
   3.47349660e+02   2.82123394e-04
   3.47350148e+02   2.03244315e-04
   3.47350637e+02   1.79065115e-04
   3.47351125e+02   7.73798092e-05
   3.47351613e+02  -3.21507396e-05
   3.47352102e+02   8.17595064e-05
   3.47352590e+02   4.40149888e-04
   3.47353078e+02   7.71802734e-04
   3.47353566e+02   7.98891066e-04
   3.47354055e+02   5.29548677e-04
   3.47354543e+02   2.25782176e-04
   3.47355031e+02   1.06599415e-04
   3.47355520e+02   7.49852479e-05
   3.47356008e+02  -9.48734887e-05
   3.47356496e+02  -2.39090485e-04
   3.47356985e+02  -4.56852540e-05
   3.47357473e+02   1.98623733e-04
   3.47357961e+02   1.46033590e-05
   3.47358450e+02  -1.73744513e-04
   3.47358938e+02   8.87196147e-05
   3.47359426e+02   2.77103012e-04
   3.47359914e+02   3.01583001e-04
   3.47360403e+02   2.42603608e-04
   3.47360891e+02  -6.88846703e-05
   3.47361379e+02  -7.76266897e-05
   3.47361868e+02   1.73743843e-04
   3.47362356e+02   6.09387607e-05
   3.47362844e+02  -1.36977091e-04
   3.47363333e+02  -6.74350031e-06
   3.47363821e+02   4.35164948e-05
   3.47364309e+02  -2.19151319e-04
   3.47364798e+02  -4.21767996e-04
   3.47365286e+02  -3.01434717e-04
   3.47365774e+02  -1.20374221e-04
   3.47366262e+02  -2.02123600e-04
   3.47366751e+02  -2.43734219e-04
   3.47367239e+02  -1.89716578e-04
   3.47367727e+02  -3.22418840e-04
   3.47368216e+02  -5.93209523e-04
   3.47368704e+02  -7.22085533e-04
   3.47369192e+02  -5.74198843e-04
   3.47369681e+02  -2.67032534e-04
   3.47370169e+02  -3.47624373e-05
   3.47370657e+02   1.58719005e-04
   3.47371146e+02   2.44209077e-04
   3.47371634e+02   3.02708941e-04
   3.47372122e+02   4.63121978e-04
   3.47372610e+02   2.73703539e-04
   3.47373099e+02  -2.10679340e-04
   3.47373587e+02  -3.06076370e-04
   3.47374075e+02  -1.74496265e-04
   3.47374564e+02  -1.96304711e-04
   3.47375052e+02  -4.71464969e-04
   3.47375540e+02  -7.47666636e-04
   3.47376029e+02  -5.54352300e-04
   3.47376517e+02  -1.20437697e-04
   3.47377005e+02   6.71766174e-05
   3.47377494e+02   8.09309422e-05
   3.47377982e+02   2.27203182e-05
   3.47378470e+02  -1.84090226e-04
   3.47378958e+02  -1.94135224e-04
   3.47379447e+02  -1.70217318e-05
   3.47379935e+02  -1.12912676e-04
   3.47380423e+02  -2.45255302e-04
   3.47380912e+02  -4.49094623e-05
   3.47381400e+02   2.27637924e-04
   3.47381888e+02   3.08413524e-04
   3.47382377e+02   1.23713296e-04
   3.47382865e+02  -2.04579730e-04
   3.47383353e+02  -3.29832139e-04
   3.47383842e+02  -1.72419182e-04
   3.47384330e+02  -4.73588589e-05
   3.47384818e+02  -1.35845712e-05
   3.47385307e+02   1.80923758e-04
   3.47385795e+02   3.25820089e-04
   3.47386283e+02   2.35569547e-04
   3.47386771e+02   2.24936448e-05
   3.47387260e+02   8.11778809e-05
   3.47387748e+02   3.94253060e-04
   3.47388236e+02   4.26120532e-04
   3.47388725e+02   1.62700293e-04
   3.47389213e+02  -3.76693715e-05
   3.47389701e+02   5.17142980e-05
   3.47390190e+02   4.06510808e-04
   3.47390678e+02   4.86944889e-04
   3.47391166e+02   5.40482433e-05
   3.47391655e+02  -4.00487363e-04
   3.47392143e+02  -4.83262033e-04
   3.47392631e+02  -3.17745798e-05
   3.47393119e+02   4.28052590e-04
   3.47393608e+02   2.95634934e-04
   3.47394096e+02  -5.90335476e-05
   3.47394584e+02  -1.13169124e-04
   3.47395073e+02   2.23178344e-04
   3.47395561e+02   4.48721985e-04
   3.47396049e+02   2.53877894e-04
   3.47396538e+02   2.63975671e-04
   3.47397026e+02   4.82076255e-04
   3.47397514e+02   3.41537088e-04
   3.47398003e+02   1.68579383e-04
   3.47398491e+02   2.19713373e-04
   3.47398979e+02   2.13835185e-04
   3.47399467e+02   1.57662027e-04
   3.47399956e+02   4.05258797e-05
   3.47400444e+02  -9.09232840e-05
   3.47400932e+02   1.19518318e-05
   3.47401421e+02   1.20732029e-05
   3.47401909e+02  -1.72365573e-04
   3.47402397e+02  -2.62278569e-04
   3.47402886e+02  -3.77963239e-04
   3.47403374e+02  -5.86026174e-04
   3.47403862e+02  -4.56591893e-04
   3.47404351e+02  -2.59521126e-04
   3.47404839e+02  -2.51806428e-04
   3.47405327e+02  -1.09655222e-04
   3.47405815e+02   1.12819624e-04
   3.47406304e+02   1.48385952e-04
   3.47406792e+02   1.82937889e-04
   3.47407280e+02   7.95667584e-05
   3.47407769e+02  -2.49053206e-04
   3.47408257e+02  -2.66576099e-04
   3.47408745e+02   2.57875836e-05
   3.47409234e+02   1.74450877e-04
   3.47409722e+02  -6.23480882e-05
   3.47410210e+02  -4.91450017e-04
   3.47410699e+02  -6.35349134e-04
   3.47411187e+02  -6.67301181e-04
   3.47411675e+02  -6.98677904e-04
   3.47412163e+02  -4.66276630e-04
   3.47412652e+02  -1.70710657e-04
   3.47413140e+02  -9.43137275e-05
   3.47413628e+02   9.91712805e-05
   3.47414117e+02   4.33198380e-04
   3.47414605e+02   2.92738987e-04
   3.47415093e+02  -1.67115737e-04
   3.47415582e+02  -2.06937475e-04
   3.47416070e+02   1.34704678e-04
   3.47416558e+02   1.72862026e-04
   3.47417047e+02  -3.57632263e-04
   3.47417535e+02  -8.50740413e-04
   3.47418023e+02  -6.75086223e-04
   3.47418511e+02  -3.73331743e-04
   3.47419000e+02  -3.87848791e-04
   3.47419488e+02  -3.85897263e-04
   3.47419976e+02  -1.51679938e-04
   3.47420465e+02   5.83570436e-05
   3.47420953e+02   3.57417121e-05
   3.47421441e+02  -4.75738525e-05
   3.47421930e+02  -1.22525074e-04
   3.47422418e+02  -1.18691270e-04
   3.47422906e+02   6.01273641e-05
   3.47423395e+02   1.84205914e-04
   3.47423883e+02   7.46361620e-05
   3.47424371e+02  -2.46299460e-05
   3.47424860e+02   7.16219147e-05
   3.47425348e+02   1.72026877e-04
   3.47425836e+02   1.14960756e-04
   3.47426324e+02   1.65477177e-04
   3.47426813e+02   1.82304575e-04
   3.47427301e+02   1.04193539e-04
   3.47427789e+02   4.03448648e-04
   3.47428278e+02   7.80394883e-04
   3.47428766e+02   8.46197305e-04
   3.47429254e+02   6.06421730e-04
   3.47429743e+02  -8.03924268e-05
   3.47430231e+02  -8.05974822e-04
   3.47430719e+02  -9.63707804e-04
   3.47431208e+02  -7.63138232e-04
   3.47431696e+02  -7.71958323e-04
   3.47432184e+02  -7.53782224e-04
   3.47432672e+02  -1.84597739e-04
   3.47433161e+02   3.92784859e-04
   3.47433649e+02   3.17247381e-04
   3.47434137e+02  -9.33816264e-05
   3.47434626e+02  -2.72082456e-04
   3.47435114e+02  -2.06608354e-04
   3.47435602e+02  -2.05752891e-04
   3.47436091e+02  -1.08350425e-04
   3.47436579e+02   9.36329743e-05
   3.47437067e+02   1.33073496e-04
   3.47437556e+02   2.37523534e-04
   3.47438044e+02   4.46641236e-04
   3.47438532e+02   3.87758220e-04
   3.47439020e+02   2.40049820e-04
   3.47439509e+02   1.12546040e-04
   3.47439997e+02   4.13483212e-05
   3.47440485e+02  -4.07364860e-05
   3.47440974e+02  -4.20491939e-04
   3.47441462e+02  -5.65779104e-04
   3.47441950e+02  -1.64762780e-04
   3.47442439e+02   1.12382091e-04
   3.47442927e+02  -6.31915682e-05
   3.47443415e+02  -1.96761292e-04
   3.47443904e+02  -1.90201768e-04
   3.47444392e+02  -2.64424365e-04
   3.47444880e+02  -2.67890166e-04
   3.47445368e+02  -2.17451379e-04
   3.47445857e+02   9.63350685e-05
   3.47446345e+02   5.71810117e-04
   3.47446833e+02   6.69346307e-04
   3.47447322e+02   3.49665643e-04
   3.47447810e+02   3.51138697e-05
   3.47448298e+02  -1.59010378e-04
   3.47448787e+02  -1.99020127e-04
   3.47449275e+02  -1.08715460e-04
   3.47449763e+02   1.80110710e-05
   3.47450252e+02   2.88241194e-04
   3.47450740e+02   6.09369716e-04
   3.47451228e+02   8.13414343e-04
   3.47451716e+02   5.49828110e-04
   3.47452205e+02  -1.18332166e-04
   3.47452693e+02  -5.09100326e-04
   3.47453181e+02  -5.99285762e-04
   3.47453670e+02  -5.42252092e-04
   3.47454158e+02  -1.57832415e-04
   3.47454646e+02   4.18495445e-04
   3.47455135e+02   6.12561300e-04
   3.47455623e+02   1.98552618e-04
   3.47456111e+02  -3.00532236e-04
   3.47456600e+02  -3.96862248e-04
   3.47457088e+02  -2.11164675e-04
   3.47457576e+02   5.15769934e-05
   3.47458064e+02   3.63549392e-04
   3.47458553e+02   4.25260630e-04
   3.47459041e+02   2.16079148e-04
   3.47459529e+02   3.44612985e-04
   3.47460018e+02   4.19113960e-04
   3.47460506e+02  -6.00485582e-05
   3.47460994e+02  -5.08720346e-04
   3.47461483e+02  -6.26756169e-04
   3.47461971e+02  -3.62534629e-04
   3.47462459e+02  -1.20741322e-04
   3.47462948e+02  -1.56694805e-04
   3.47463436e+02  -3.11367301e-04
   3.47463924e+02  -2.26003162e-04
   3.47464413e+02   6.13000520e-05
   3.47464901e+02   2.73926329e-04
   3.47465389e+02   5.00370457e-04
   3.47465877e+02   5.38647757e-04
   3.47466366e+02   2.07999561e-04
   3.47466854e+02  -2.47993827e-04
   3.47467342e+02  -4.95311979e-04
   3.47467831e+02  -4.76893736e-04
   3.47468319e+02  -3.79714853e-04
   3.47468807e+02  -2.41801114e-04
   3.47469296e+02  -9.78314856e-05
   3.47469784e+02  -1.22485935e-05
   3.47470272e+02   4.04967541e-05
   3.47470761e+02  -5.52435886e-05
   3.47471249e+02   9.21713581e-05
   3.47471737e+02   8.01521994e-04
   3.47472225e+02   1.22542738e-03
   3.47472714e+02   8.90386582e-04
   3.47473202e+02   3.80464538e-04
   3.47473690e+02   2.56576430e-04
   3.47474179e+02   1.74976565e-04
   3.47474667e+02  -1.59457064e-04
   3.47475155e+02  -4.86934790e-04
   3.47475644e+02  -6.00712083e-04
   3.47476132e+02  -3.80283716e-04
   3.47476620e+02  -9.12408577e-05
   3.47477109e+02   2.21041264e-05
   3.47477597e+02   3.15552403e-04
   3.47478085e+02   5.99409628e-04
   3.47478573e+02   3.01685650e-04
   3.47479062e+02  -1.32342757e-04
   3.47479550e+02  -1.37144409e-04
   3.47480038e+02  -9.92071728e-06
   3.47480527e+02  -1.19032964e-04
   3.47481015e+02  -1.87241763e-04
   3.47481503e+02  -2.45993160e-05
   3.47481992e+02   6.04067682e-05
   3.47482480e+02  -6.16373927e-06
   3.47482968e+02  -3.36694866e-05
   3.47483457e+02   1.53390152e-04
   3.47483945e+02   3.49559617e-04
   3.47484433e+02   1.01468220e-04
   3.47484921e+02  -3.05521506e-04
   3.47485410e+02  -4.71520732e-04
   3.47485898e+02  -6.26704830e-04
   3.47486386e+02  -6.95454539e-04
   3.47486875e+02  -2.31415790e-04
   3.47487363e+02   3.37665319e-04
   3.47487851e+02   5.75496932e-04
   3.47488340e+02   5.68717776e-04
   3.47488828e+02   3.02073662e-04
   3.47489316e+02  -3.27095768e-05
   3.47489805e+02  -3.95519222e-04
   3.47490293e+02  -7.19164847e-04
   3.47490781e+02  -6.31538511e-04
   3.47491269e+02  -1.64303332e-04
   3.47491758e+02   1.06744228e-04
   3.47492246e+02  -1.81705019e-07
   3.47492734e+02  -1.29024455e-04
   3.47493223e+02  -1.98447480e-04
   3.47493711e+02  -1.32754765e-04
   3.47494199e+02   1.37963565e-04
   3.47494688e+02   1.99014612e-04
   3.47495176e+02   8.57266059e-05
   3.47495664e+02   1.76168382e-04
   3.47496153e+02   4.00332356e-04
   3.47496641e+02   6.30559342e-04
   3.47497129e+02   4.78241389e-04
   3.47497617e+02   1.66800637e-05
   3.47498106e+02  -8.18303943e-06
   3.47498594e+02   1.81993004e-04
   3.47499082e+02  -4.09450295e-05
   3.47499571e+02  -3.48914415e-04
   3.47500059e+02  -3.69861809e-04
   3.47500547e+02  -2.82761175e-04
   3.47501036e+02  -2.11498234e-04
   3.47501524e+02  -1.23653968e-04
   3.47502012e+02   5.91214048e-05
   3.47502501e+02   3.31557123e-04
   3.47502989e+02   2.28180885e-04
   3.47503477e+02  -2.94708472e-04
   3.47503966e+02  -5.55792125e-04
   3.47504454e+02  -5.44679700e-04
   3.47504942e+02  -4.38280578e-04
   3.47505430e+02   1.53446069e-06
   3.47505919e+02   4.49713698e-04
   3.47506407e+02   4.91803628e-04
   3.47506895e+02   2.40083929e-04
   3.47507384e+02  -8.43430025e-05
   3.47507872e+02  -2.62354180e-04
   3.47508360e+02  -9.36512006e-05
   3.47508849e+02   2.46298907e-04
   3.47509337e+02   3.99222306e-04
   3.47509825e+02   2.54436134e-04
   3.47510314e+02   6.92053000e-05
   3.47510802e+02  -8.09861958e-05
   3.47511290e+02  -2.03586838e-04
   3.47511778e+02   1.94450331e-04
   3.47512267e+02   6.31874020e-04
   3.47512755e+02   4.68349259e-04
   3.47513243e+02   1.10596571e-04
   3.47513732e+02  -7.09788801e-05
   3.47514220e+02  -5.49907600e-05
   3.47514708e+02  -1.19998578e-04
   3.47515197e+02  -3.24333727e-04
   3.47515685e+02  -4.75511362e-04
   3.47516173e+02  -4.66400059e-04
   3.47516662e+02  -1.83034397e-04
   3.47517150e+02   5.58102947e-05
   3.47517638e+02   6.07067850e-05
   3.47518126e+02   8.42301670e-05
   3.47518615e+02  -1.79025141e-04
   3.47519103e+02  -4.66043799e-04
   3.47519591e+02  -3.22246255e-04
   3.47520080e+02  -9.74871436e-05
   3.47520568e+02   1.77683847e-04
   3.47521056e+02   2.83237488e-04
   3.47521545e+02   6.92619433e-05
   3.47522033e+02  -9.62291379e-05
   3.47522521e+02  -3.22810578e-04
   3.47523010e+02  -3.11293727e-04
   3.47523498e+02   2.78647058e-04
   3.47523986e+02   6.06951013e-04
   3.47524474e+02   2.22259056e-04
   3.47524963e+02  -4.44904581e-04
   3.47525451e+02  -8.34715494e-04
   3.47525939e+02  -5.26409072e-04
   3.47526428e+02  -1.41173834e-04
   3.47526916e+02  -3.09184805e-04
   3.47527404e+02  -4.94522566e-04
   3.47527893e+02  -4.89941100e-04
   3.47528381e+02  -3.36985919e-04
   3.47528869e+02  -1.19672288e-04
   3.47529358e+02  -2.88700918e-04
   3.47529846e+02  -4.41993849e-04
   3.47530334e+02  -2.67391151e-04
   3.47530822e+02  -2.64436298e-04
   3.47531311e+02  -4.41849523e-04
   3.47531799e+02  -3.96991207e-04
   3.47532287e+02  -2.21816546e-04
   3.47532776e+02  -9.62562845e-05
   3.47533264e+02   8.21216745e-05
   3.47533752e+02   1.85658690e-04
   3.47534241e+02   1.71965294e-04
   3.47534729e+02   6.09360868e-04
   3.47535217e+02   1.19427650e-03
   3.47535706e+02   7.71976134e-04
   3.47536194e+02  -3.44299624e-04
   3.47536682e+02  -8.68643401e-04
   3.47537170e+02  -5.21941809e-04
   3.47537659e+02  -3.04929301e-04
   3.47538147e+02  -4.60820593e-04
   3.47538635e+02  -2.92853074e-04
   3.47539124e+02  -1.88154328e-04
   3.47539612e+02  -5.10857033e-04
   3.47540100e+02  -7.38671049e-04
   3.47540589e+02  -6.11537020e-04
   3.47541077e+02  -3.55268538e-04
   3.47541565e+02  -1.89587925e-04
   3.47542054e+02  -1.43625628e-04
   3.47542542e+02  -2.28679070e-04
   3.47543030e+02  -3.74261959e-04
   3.47543519e+02  -3.43196356e-04
   3.47544007e+02  -1.40159420e-04
   3.47544495e+02  -1.17528925e-05
   3.47544983e+02  -9.21237734e-05
   3.47545472e+02  -1.07028522e-04
   3.47545960e+02   1.21172045e-04
   3.47546448e+02   3.37599544e-04
   3.47546937e+02   2.81525747e-04
   3.47547425e+02   1.07988744e-04
   3.47547913e+02   5.03515730e-05
   3.47548402e+02  -2.39844558e-05
   3.47548890e+02  -1.60993586e-04
   3.47549378e+02  -2.73601501e-04
   3.47549867e+02  -3.52428382e-04
   3.47550355e+02  -4.28372790e-04
   3.47550843e+02  -7.53145374e-04
   3.47551331e+02  -9.15679266e-04
   3.47551820e+02  -4.53410554e-04
   3.47552308e+02   1.03917715e-04
   3.47552796e+02   3.81998223e-04
   3.47553285e+02   4.42233722e-04
   3.47553773e+02   3.99990298e-04
   3.47554261e+02   2.04059703e-04
   3.47554750e+02  -8.05605523e-05
   3.47555238e+02  -2.71915604e-04
   3.47555726e+02  -3.63042112e-04
   3.47556215e+02  -2.20028305e-04
   3.47556703e+02   4.42219643e-05
   3.47557191e+02   2.45305389e-04
   3.47557679e+02   4.68127255e-04
   3.47558168e+02   5.04937023e-04
   3.47558656e+02   2.78245105e-04
   3.47559144e+02  -1.00670932e-05
   3.47559633e+02  -1.48525287e-04
   3.47560121e+02  -1.90087056e-04
   3.47560609e+02  -3.21476575e-04
   3.47561098e+02  -3.81575141e-04
   3.47561586e+02  -1.86728910e-04
   3.47562074e+02   1.61441974e-04
   3.47562563e+02   3.04267596e-04
   3.47563051e+02   2.12306826e-04
   3.47563539e+02   1.16507566e-04
   3.47564027e+02  -4.03449521e-05
   3.47564516e+02  -3.23023676e-04
   3.47565004e+02  -3.73688847e-04
   3.47565492e+02  -5.83409656e-06
   3.47565981e+02   4.80704068e-04
   3.47566469e+02   5.92464581e-04
   3.47566957e+02   6.29614879e-05
   3.47567446e+02  -2.84209411e-04
   3.47567934e+02  -1.32442467e-04
   3.47568422e+02  -3.27848189e-04
   3.47568911e+02  -6.72052905e-04
   3.47569399e+02  -6.43497042e-04
   3.47569887e+02  -3.23994638e-04
   3.47570375e+02   1.32052752e-04
   3.47570864e+02   2.68474832e-04
   3.47571352e+02   9.08121438e-05
   3.47571840e+02  -4.07348998e-05
   3.47572329e+02  -6.92379472e-05
   3.47572817e+02   6.31604853e-05
   3.47573305e+02   4.04476363e-04
   3.47573794e+02   3.33619013e-04
   3.47574282e+02  -1.56917988e-04
   3.47574770e+02  -3.29267175e-04
   3.47575259e+02  -2.15565320e-04
   3.47575747e+02  -6.78876677e-05
   3.47576235e+02   3.89187971e-06
   3.47576723e+02  -6.71450380e-06
   3.47577212e+02  -1.07838532e-04
   3.47577700e+02  -1.06303327e-04
   3.47578188e+02   2.53578110e-05
   3.47578677e+02  -1.31676759e-04
   3.47579165e+02  -3.20917519e-04
   3.47579653e+02   7.78206595e-05
   3.47580142e+02   4.89673868e-04
   3.47580630e+02   4.06411942e-04
   3.47581118e+02   1.38646879e-04
   3.47581607e+02   4.03256272e-05
   3.47582095e+02  -6.53639290e-05
   3.47582583e+02  -1.58823590e-04
   3.47583072e+02   3.57411409e-05
   3.47583560e+02   2.50604877e-04
   3.47584048e+02   2.44605704e-04
   3.47584536e+02   2.64683564e-04
   3.47585025e+02   3.68814508e-04
   3.47585513e+02   2.45943462e-04
   3.47586001e+02   7.53990935e-06
   3.47586490e+02   1.67343824e-04
   3.47586978e+02   3.32993019e-04
   3.47587466e+02   1.29800479e-04
   3.47587955e+02   6.36421391e-05
   3.47588443e+02   2.10851926e-04
   3.47588931e+02   1.90506224e-04
   3.47589420e+02  -4.02812220e-05
   3.47589908e+02  -1.34372676e-04
   3.47590396e+02  -3.35168770e-05
   3.47590884e+02  -5.85393936e-05
   3.47591373e+02  -1.58879673e-04
   3.47591861e+02  -2.92868674e-04
   3.47592349e+02  -5.82839653e-04
   3.47592838e+02  -6.04946108e-04
   3.47593326e+02  -4.55804809e-04
   3.47593814e+02  -2.92701647e-04
   3.47594303e+02   2.22957009e-04
   3.47594791e+02   6.56128046e-04
   3.47595279e+02   6.48515532e-04
   3.47595768e+02   3.35330202e-04
   3.47596256e+02  -1.07547014e-04
   3.47596744e+02  -2.66950345e-04
   3.47597232e+02  -1.99023052e-04
   3.47597721e+02  -2.18128538e-04
   3.47598209e+02  -2.38172477e-04
   3.47598697e+02  -2.20631817e-04
   3.47599186e+02  -2.30008096e-04
   3.47599674e+02  -1.48460153e-04
   3.47600162e+02  -3.68820583e-05
   3.47600651e+02   8.32548176e-05
   3.47601139e+02   1.18823795e-04
   3.47601627e+02  -8.78231549e-06
   3.47602116e+02  -1.37449737e-04
   3.47602604e+02  -1.86599602e-04
   3.47603092e+02  -1.32935020e-04
   3.47603580e+02  -3.32640525e-06
   3.47604069e+02  -1.57769362e-04
   3.47604557e+02  -4.26971324e-04
   3.47605045e+02  -4.86270932e-04
   3.47605534e+02  -3.83459032e-04
   3.47606022e+02  -1.93973916e-04
   3.47606510e+02  -1.61757082e-04
   3.47606999e+02  -3.28042952e-04
   3.47607487e+02  -5.23937924e-04
   3.47607975e+02  -4.82870033e-04
   3.47608464e+02  -1.99035974e-04
   3.47608952e+02  -3.39043727e-05
   3.47609440e+02  -9.42313563e-05
   3.47609928e+02  -2.08026584e-04
   3.47610417e+02  -8.28735429e-05
   3.47610905e+02   1.13609327e-04
   3.47611393e+02  -1.01626429e-05
   3.47611882e+02   1.71185693e-05
   3.47612370e+02   3.12075339e-04
   3.47612858e+02   4.04468738e-04
   3.47613347e+02   4.06874897e-04
   3.47613835e+02   2.75482656e-04
   3.47614323e+02  -7.53412387e-05
   3.47614812e+02  -2.53716978e-04
   3.47615300e+02  -2.59080698e-04
   3.47615788e+02  -3.33088770e-04
   3.47616276e+02  -2.70970340e-04
   3.47616765e+02  -3.37040983e-05
   3.47617253e+02   2.25569747e-04
   3.47617741e+02   2.62553920e-04
   3.47618230e+02   3.79092926e-05
   3.47618718e+02  -4.68771486e-06
   3.47619206e+02   9.86216110e-05
   3.47619695e+02  -2.03918335e-05
   3.47620183e+02  -1.31155670e-04
   3.47620671e+02  -1.01399555e-05
   3.47621160e+02   2.82137713e-04
   3.47621648e+02   5.53865393e-04
   3.47622136e+02   5.79717453e-04
   3.47622625e+02   6.10054412e-04
   3.47623113e+02   8.76514532e-04
   3.47623601e+02   9.00794170e-04
   3.47624089e+02   4.64826502e-04
   3.47624578e+02  -1.98950111e-05
   3.47625066e+02  -4.92242048e-04
   3.47625554e+02  -7.71527935e-04
   3.47626043e+02  -5.11110236e-04
   3.47626531e+02  -1.17489653e-04
   3.47627019e+02  -1.30429326e-04
   3.47627508e+02  -4.64144541e-05
   3.47627996e+02   3.72799725e-04
   3.47628484e+02   5.00203110e-04
   3.47628973e+02   2.61490874e-04
   3.47629461e+02   2.04687123e-04
   3.47629949e+02   2.39070097e-04
   3.47630437e+02  -9.91466586e-05
   3.47630926e+02  -4.61172254e-04
   3.47631414e+02  -4.44631209e-04
   3.47631902e+02  -2.47184536e-04
   3.47632391e+02  -3.61903076e-05
   3.47632879e+02   2.08762372e-04
   3.47633367e+02   1.06062442e-04
   3.47633856e+02  -1.40449498e-04
   3.47634344e+02   1.44871095e-07
   3.47634832e+02   5.07728146e-05
   3.47635321e+02  -2.68882141e-04
   3.47635809e+02  -6.04586967e-04
   3.47636297e+02  -4.09692148e-04
   3.47636785e+02   1.27215215e-04
   3.47637274e+02   3.47492576e-04
   3.47637762e+02   4.51105501e-04
   3.47638250e+02   4.87004232e-04
   3.47638739e+02   5.46550029e-04
   3.47639227e+02   8.39363551e-04
   3.47639715e+02   7.95165601e-04
   3.47640204e+02   2.49586272e-04
   3.47640692e+02  -7.39568495e-05
   3.47641180e+02  -2.08982077e-04
   3.47641669e+02  -1.62617260e-04
   3.47642157e+02   4.09313245e-04
   3.47642645e+02   8.68175703e-04
   3.47643133e+02   6.51716138e-04
   3.47643622e+02   2.24774281e-04
   3.47644110e+02   1.23348282e-05
   3.47644598e+02  -7.63066273e-05
   3.47645087e+02  -5.33116399e-05
   3.47645575e+02   7.27618244e-05
   3.47646063e+02  -3.37288911e-05
   3.47646552e+02  -1.99081973e-04
   3.47647040e+02  -1.57604940e-04
   3.47647528e+02  -8.24166709e-05
   3.47648017e+02  -3.42040948e-05
   3.47648505e+02  -1.53370303e-04
   3.47648993e+02  -2.14540734e-04
   3.47649481e+02   3.62805331e-05
   3.47649970e+02   1.79787268e-04
   3.47650458e+02   2.64813425e-05
   3.47650946e+02  -6.05828500e-05
   3.47651435e+02   3.66864260e-05
   3.47651923e+02   4.06840518e-05
   3.47652411e+02  -1.55945381e-04
   3.47652900e+02  -2.31662576e-04
   3.47653388e+02  -1.41605371e-04
   3.47653876e+02  -5.52578640e-05
   3.47654365e+02   7.67495803e-05
   3.47654853e+02   1.56169088e-04
   3.47655341e+02   2.21635681e-04
   3.47655829e+02   4.78867994e-04
   3.47656318e+02   6.93449925e-04
   3.47656806e+02   5.88141207e-04
   3.47657294e+02   2.71672412e-04
   3.47657783e+02  -6.24402765e-06
   3.47658271e+02  -9.91414345e-05
   3.47658759e+02  -2.13875301e-05
   3.47659248e+02   5.73134239e-05
   3.47659736e+02  -4.36065529e-05
   3.47660224e+02  -1.10470006e-04
   3.47660713e+02   1.31479565e-05
   3.47661201e+02   2.42237133e-04
   3.47661689e+02   5.18694345e-04
   3.47662177e+02   5.38588618e-04
   3.47662666e+02   2.18560832e-04
   3.47663154e+02  -7.96217209e-05
   3.47663642e+02  -1.69906707e-04
   3.47664131e+02  -1.18130323e-04
   3.47664619e+02   2.46249947e-05
   3.47665107e+02   2.29813275e-04
   3.47665596e+02   2.46093521e-04
   3.47666084e+02   9.36324795e-05
   3.47666572e+02   5.23090930e-05
   3.47667061e+02  -2.77639832e-04
   3.47667549e+02  -7.56264781e-04
   3.47668037e+02  -8.40821827e-04
   3.47668526e+02  -6.87392079e-04
   3.47669014e+02  -2.57778331e-04
   3.47669502e+02   1.89699887e-04
   3.47669990e+02   8.99544175e-05
   3.47670479e+02  -4.92308354e-05
   3.47670967e+02   3.55538832e-05
   3.47671455e+02   1.35499853e-04
   3.47671944e+02   1.92175285e-04
   3.47672432e+02   8.17476612e-05
   3.47672920e+02   4.96053726e-05
   3.47673409e+02   3.81530175e-04
   3.47673897e+02   6.76415802e-04
   3.47674385e+02   5.41997026e-04
   3.47674874e+02   3.10145871e-04
   3.47675362e+02   1.47952553e-04
   3.47675850e+02  -9.60021353e-05
   3.47676338e+02  -2.23950046e-04
   3.47676827e+02  -2.63587717e-04
   3.47677315e+02  -2.89264339e-04
   3.47677803e+02  -3.30588111e-04
   3.47678292e+02  -4.13792528e-04
   3.47678780e+02  -4.84740827e-04
   3.47679268e+02  -3.83511506e-04
   3.47679757e+02  -8.79329018e-05
   3.47680245e+02  -2.58365185e-06
   3.47680733e+02  -1.35500377e-04
   3.47681222e+02  -4.47730527e-05
   3.47681710e+02   1.16188225e-04
   3.47682198e+02   8.25678144e-05
   3.47682686e+02   1.26911909e-04
   3.47683175e+02   4.28204919e-04
   3.47683663e+02   5.88460476e-04
   3.47684151e+02   4.43135534e-04
   3.47684640e+02   2.63041380e-04
   3.47685128e+02   3.65888554e-05
   3.47685616e+02  -1.65903242e-04
   3.47686105e+02  -1.36108458e-04
   3.47686593e+02   2.04423879e-04
   3.47687081e+02   6.92679139e-04
   3.47687570e+02   7.78835092e-04
   3.47688058e+02   4.37959505e-04
   3.47688546e+02   9.66223597e-05
   3.47689034e+02  -1.62403536e-04
   3.47689523e+02  -3.29576636e-04
   3.47690011e+02  -2.87944102e-04
   3.47690499e+02  -1.40377160e-04
   3.47690988e+02  -2.75742841e-05
   3.47691476e+02   2.91678462e-05
   3.47691964e+02   1.11026646e-04
   3.47692453e+02   2.97807797e-04
   3.47692941e+02   2.95015401e-04
   3.47693429e+02   3.91733192e-06
   3.47693918e+02  -1.62431606e-04
   3.47694406e+02  -1.03810438e-04
   3.47694894e+02   4.98243026e-05
