frequency (GHz), flux (Jy/beam)
   3.56198789e+02   6.61097642e-04
   3.56199277e+02   4.36834613e-04
   3.56199766e+02   8.62557732e-04
   3.56200254e+02   4.84615884e-05
   3.56200742e+02  -1.75162964e-03
   3.56201231e+02  -5.60058164e-04
   3.56201719e+02   1.07377430e-03
   3.56202207e+02   2.15906813e-03
   3.56202695e+02   5.52077917e-03
   3.56203184e+02   6.14400534e-03
   3.56203672e+02   2.87088891e-03
   3.56204160e+02   5.90604206e-04
   3.56204649e+02   2.31654756e-03
   3.56205137e+02   4.11405601e-03
   3.56205625e+02   7.99896137e-04
   3.56206114e+02  -2.68638623e-03
   3.56206602e+02  -1.38605642e-03
   3.56207090e+02  -1.56746677e-03
   3.56207579e+02  -2.12450908e-03
   3.56208067e+02   1.12394489e-04
   3.56208555e+02   1.47094333e-03
   3.56209044e+02   1.90176116e-03
   3.56209532e+02   9.45297361e-04
   3.56210020e+02  -2.83793925e-05
   3.56210508e+02   8.62911656e-06
   3.56210997e+02   1.02674458e-04
   3.56211485e+02   1.42048288e-03
   3.56211973e+02   2.41199066e-03
   3.56212462e+02   2.66338489e-03
   3.56212950e+02   3.22855730e-03
   3.56213438e+02   3.14218528e-03
   3.56213927e+02   4.59724432e-03
   3.56214415e+02   5.74059738e-03
   3.56214903e+02   5.19552547e-03
   3.56215392e+02   5.64444065e-03
   3.56215880e+02   5.19090192e-03
   3.56216368e+02   1.78761547e-03
   3.56216856e+02  -8.83718720e-04
   3.56217345e+02  -1.22167147e-03
   3.56217833e+02   3.95792682e-04
   3.56218321e+02   2.98881135e-03
   3.56218810e+02   2.42882990e-03
   3.56219298e+02   1.12524815e-03
   3.56219786e+02   1.74528453e-03
   3.56220275e+02   1.79450013e-04
   3.56220763e+02  -1.03515771e-03
   3.56221251e+02   6.53889205e-04
   3.56221740e+02  -2.27840821e-04
   3.56222228e+02  -2.11264985e-03
   3.56222716e+02  -1.05265912e-03
   3.56223204e+02  -3.89538618e-04
   3.56223693e+02   4.85818426e-04
   3.56224181e+02   2.81938049e-03
   3.56224669e+02   3.11034266e-03
   3.56225158e+02   1.33519620e-03
   3.56225646e+02  -1.11899956e-03
   3.56226134e+02  -2.40848004e-03
   3.56226623e+02  -1.95664307e-03
   3.56227111e+02   8.09450750e-04
   3.56227599e+02   3.54622863e-03
   3.56228088e+02   2.24651676e-03
   3.56228576e+02  -5.34445513e-04
   3.56229064e+02  -2.30810675e-03
   3.56229552e+02  -2.77992757e-03
   3.56230041e+02  -7.99926755e-04
   3.56230529e+02   1.41206745e-03
   3.56231017e+02   1.67010864e-03
   3.56231506e+02   2.21840921e-04
   3.56231994e+02  -3.81616829e-03
   3.56232482e+02  -5.50912553e-03
   3.56232971e+02  -2.21846742e-03
   3.56233459e+02   2.81777844e-04
   3.56233947e+02  -2.11729947e-03
   3.56234436e+02  -3.44090932e-03
   3.56234924e+02   4.02922713e-04
   3.56235412e+02   2.61950423e-03
   3.56235900e+02   2.07620440e-03
   3.56236389e+02   3.32667958e-03
   3.56236877e+02   3.64036718e-03
   3.56237365e+02   9.60679085e-04
   3.56237854e+02  -6.37676858e-04
   3.56238342e+02   1.91620353e-03
   3.56238830e+02   1.92584412e-03
   3.56239319e+02   1.26289888e-04
   3.56239807e+02   1.35549845e-03
   3.56240295e+02   2.11831299e-03
   3.56240784e+02   2.12188764e-03
   3.56241272e+02   1.72663527e-03
   3.56241760e+02  -7.88885925e-04
   3.56242248e+02  -2.46367464e-03
   3.56242737e+02  -2.57303310e-03
   3.56243225e+02  -7.55153480e-04
   3.56243713e+02   1.15028094e-03
   3.56244202e+02   2.13255815e-04
   3.56244690e+02  -1.41027116e-03
   3.56245178e+02  -2.29926524e-03
   3.56245667e+02  -2.56468169e-03
   3.56246155e+02  -1.81211764e-03
   3.56246643e+02  -1.49279356e-03
   3.56247132e+02  -1.21471833e-03
   3.56247620e+02  -1.56228105e-03
   3.56248108e+02  -1.11861364e-03
   3.56248597e+02   3.23766470e-03
   3.56249085e+02   4.14510397e-03
   3.56249573e+02   7.23324367e-04
   3.56250061e+02  -7.77084861e-05
   3.56250550e+02  -1.05961110e-03
   3.56251038e+02  -2.19287327e-03
   3.56251526e+02  -1.81814295e-03
   3.56252015e+02  -1.10236718e-03
   3.56252503e+02  -1.23397028e-03
   3.56252991e+02  -2.07452965e-03
   3.56253480e+02  -1.42116402e-03
   3.56253968e+02  -1.23040657e-03
   3.56254456e+02  -2.23801448e-03
   3.56254945e+02   2.93162913e-04
   3.56255433e+02   2.11204612e-03
   3.56255921e+02   1.45557977e-04
   3.56256409e+02  -8.65214155e-04
   3.56256898e+02  -1.18174986e-03
   3.56257386e+02  -1.58290274e-03
   3.56257874e+02  -2.90414039e-03
   3.56258363e+02  -1.98429031e-03
   3.56258851e+02   8.07380886e-04
   3.56259339e+02  -1.23518344e-03
   3.56259828e+02  -3.75350355e-03
   3.56260316e+02  -2.40568374e-03
   3.56260804e+02  -9.70790046e-04
   3.56261293e+02  -1.48669729e-04
   3.56261781e+02   1.13634695e-03
   3.56262269e+02   8.25282361e-04
   3.56262757e+02   8.63205787e-05
   3.56263246e+02   8.79177765e-04
   3.56263734e+02   2.49771890e-03
   3.56264222e+02   3.68808396e-03
   3.56264711e+02   2.64172629e-03
   3.56265199e+02   2.61309743e-03
   3.56265687e+02   1.97088462e-03
   3.56266176e+02  -6.43456297e-04
   3.56266664e+02  -4.61082782e-05
   3.56267152e+02   2.62037618e-04
   3.56267641e+02  -1.35046768e-03
   3.56268129e+02  -2.91044358e-04
   3.56268617e+02  -5.89719139e-06
   3.56269105e+02  -4.39655443e-04
   3.56269594e+02   7.41919270e-04
   3.56270082e+02  -3.89881287e-04
   3.56270570e+02  -2.70413328e-03
   3.56271059e+02  -3.12686153e-03
   3.56271547e+02  -2.82968138e-03
   3.56272035e+02  -1.70194462e-03
   3.56272524e+02  -1.57415192e-03
   3.56273012e+02  -1.71159219e-03
   3.56273500e+02  -1.23756879e-03
   3.56273989e+02  -1.15696085e-03
   3.56274477e+02  -7.64966477e-04
   3.56274965e+02  -7.64604250e-04
   3.56275453e+02  -1.88848935e-03
   3.56275942e+02  -3.44274100e-03
   3.56276430e+02  -3.08252289e-03
   3.56276918e+02  -1.30281202e-03
   3.56277407e+02  -9.17942816e-05
   3.56277895e+02  -6.43635285e-04
   3.56278383e+02  -1.14532467e-03
   3.56278872e+02  -2.58430792e-03
   3.56279360e+02  -3.98589065e-03
   3.56279848e+02  -1.73690729e-03
   3.56280337e+02   5.16036234e-04
   3.56280825e+02  -4.98191337e-04
   3.56281313e+02   4.41863958e-04
   3.56281801e+02   9.51291935e-04
   3.56282290e+02  -4.25504288e-04
   3.56282778e+02  -5.17271883e-06
   3.56283266e+02   5.30732155e-04
   3.56283755e+02   8.38818320e-04
   3.56284243e+02   1.45602203e-03
   3.56284731e+02   1.83291108e-04
   3.56285220e+02  -1.66589394e-03
   3.56285708e+02  -2.02557887e-03
   3.56286196e+02  -1.64530895e-04
   3.56286685e+02   1.17013347e-03
   3.56287173e+02   1.65402051e-03
   3.56287661e+02   3.52006732e-03
   3.56288150e+02   2.68093380e-03
   3.56288638e+02   1.32394547e-03
   3.56289126e+02   7.64300872e-04
   3.56289614e+02  -9.80195939e-04
   3.56290103e+02   6.38874422e-04
   3.56290591e+02   2.67909653e-03
   3.56291079e+02   6.80623285e-04
   3.56291568e+02  -5.08055564e-05
   3.56292056e+02   1.00887462e-03
   3.56292544e+02   9.52108647e-04
   3.56293033e+02   7.29961379e-04
   3.56293521e+02   7.86130608e-04
   3.56294009e+02  -4.35488968e-04
   3.56294498e+02  -2.15434586e-03
   3.56294986e+02  -4.06318199e-04
   3.56295474e+02   1.49368658e-03
   3.56295962e+02   1.20938127e-03
   3.56296451e+02   1.27233996e-03
   3.56296939e+02   5.12742612e-04
   3.56297427e+02   7.39834155e-04
   3.56297916e+02   1.90728356e-03
   3.56298404e+02   4.15252580e-04
   3.56298892e+02  -7.71445513e-04
   3.56299381e+02   6.32538460e-04
   3.56299869e+02   1.56304601e-03
   3.56300357e+02  -7.45014695e-04
   3.56300846e+02  -2.26886035e-03
   3.56301334e+02  -1.78934552e-03
   3.56301822e+02   4.44949925e-04
   3.56302310e+02   2.27782107e-03
   3.56302799e+02   2.34609982e-03
   3.56303287e+02   1.38419704e-03
   3.56303775e+02   4.12683876e-04
   3.56304264e+02   3.02437763e-03
   3.56304752e+02   5.58222551e-03
   3.56305240e+02   3.68843321e-03
   3.56305729e+02   2.55245622e-03
   3.56306217e+02   1.88926258e-03
   3.56306705e+02   2.84495676e-04
   3.56307194e+02   1.27747585e-03
   3.56307682e+02   1.58852362e-03
   3.56308170e+02  -9.15978570e-04
   3.56308658e+02  -2.49822158e-03
   3.56309147e+02  -4.51465324e-03
   3.56309635e+02  -4.35057748e-03
   3.56310123e+02  -2.04760651e-03
   3.56310612e+02  -1.05778780e-03
   3.56311100e+02   1.92443593e-04
   3.56311588e+02  -1.58149545e-04
   3.56312077e+02  -9.92497196e-04
   3.56312565e+02  -6.20990468e-04
   3.56313053e+02   6.04365086e-05
   3.56313542e+02   1.10280106e-03
   3.56314030e+02   1.56714569e-03
   3.56314518e+02   7.17753079e-04
   3.56315006e+02  -5.10111626e-04
   3.56315495e+02  -3.84727813e-04
   3.56315983e+02   7.13009154e-04
   3.56316471e+02   2.09945883e-03
   3.56316960e+02   9.18983656e-04
   3.56317448e+02   3.49664333e-04
   3.56317936e+02   2.24230206e-03
   3.56318425e+02   2.65505910e-03
   3.56318913e+02   7.68994141e-05
   3.56319401e+02  -1.51382736e-03
   3.56319890e+02  -6.99773896e-04
   3.56320378e+02   3.69848131e-04
   3.56320866e+02   1.65860797e-03
   3.56321354e+02   8.68007715e-04
   3.56321843e+02  -2.32315785e-03
   3.56322331e+02  -2.11488269e-03
   3.56322819e+02   3.19625105e-04
   3.56323308e+02   1.86259008e-03
   3.56323796e+02   2.80313520e-03
   3.56324284e+02   2.62205373e-03
   3.56324773e+02   1.58869394e-03
   3.56325261e+02   4.30160813e-04
   3.56325749e+02  -1.86640723e-03
   3.56326238e+02  -3.70860915e-03
   3.56326726e+02  -2.79711396e-03
   3.56327214e+02  -1.58847586e-04
   3.56327702e+02   1.33344030e-03
   3.56328191e+02   3.62959894e-04
   3.56328679e+02   4.71544859e-04
   3.56329167e+02   1.50828948e-03
   3.56329656e+02   2.19274056e-03
   3.56330144e+02   4.15695785e-03
   3.56330632e+02   5.30886091e-03
   3.56331121e+02   3.53649701e-03
   3.56331609e+02   2.16710591e-03
   3.56332097e+02   2.23219790e-03
   3.56332586e+02   1.15672708e-03
   3.56333074e+02   1.19995559e-03
   3.56333562e+02   1.88917620e-03
   3.56334051e+02   9.72404960e-04
   3.56334539e+02  -1.29737146e-03
   3.56335027e+02  -2.24312325e-03
   3.56335515e+02   4.45358542e-04
   3.56336004e+02   2.93200649e-03
   3.56336492e+02   4.24504653e-03
   3.56336980e+02   6.35874504e-03
   3.56337469e+02   3.69307073e-03
   3.56337957e+02   1.20546800e-04
   3.56338445e+02   1.66009285e-03
   3.56338934e+02   3.94532969e-03
   3.56339422e+02   3.51654575e-03
   3.56339910e+02   7.90844206e-05
   3.56340399e+02  -1.89418462e-03
   3.56340887e+02   2.80122331e-05
   3.56341375e+02   5.47988631e-04
   3.56341863e+02  -1.41633244e-03
   3.56342352e+02  -1.11258414e-03
   3.56342840e+02   2.37584580e-03
   3.56343328e+02   2.53839022e-03
   3.56343817e+02   6.26671535e-05
   3.56344305e+02  -5.13732783e-04
   3.56344793e+02  -1.43149053e-03
   3.56345282e+02  -1.97952217e-03
   3.56345770e+02  -3.63421073e-04
   3.56346258e+02   4.92300140e-04
   3.56346747e+02   4.64661454e-04
   3.56347235e+02   1.51454646e-03
   3.56347723e+02   3.44352331e-03
   3.56348211e+02   4.42687562e-03
   3.56348700e+02   2.96325539e-03
   3.56349188e+02  -2.62756075e-04
   3.56349676e+02  -3.46190785e-03
   3.56350165e+02  -3.51996999e-03
   3.56350653e+02  -1.95840583e-03
   3.56351141e+02  -2.47907569e-03
   3.56351630e+02  -1.55468704e-03
   3.56352118e+02   1.50368130e-03
   3.56352606e+02  -8.94664321e-04
   3.56353095e+02  -4.51723859e-03
   3.56353583e+02  -1.53903442e-03
   3.56354071e+02   1.91634952e-03
   3.56354559e+02  -6.71628877e-05
   3.56355048e+02  -1.03140972e-03
   3.56355536e+02  -3.03019362e-04
   3.56356024e+02   4.36059112e-04
   3.56356513e+02   4.26262763e-04
   3.56357001e+02  -1.31441595e-03
   3.56357489e+02  -1.25674240e-03
   3.56357978e+02   2.32271617e-03
   3.56358466e+02   4.01622150e-03
   3.56358954e+02   2.30881106e-03
   3.56359443e+02   1.00198947e-03
   3.56359931e+02   1.08612014e-03
   3.56360419e+02   1.29760557e-03
   3.56360907e+02  -1.25627429e-03
   3.56361396e+02  -4.02267836e-03
   3.56361884e+02  -4.41798754e-03
   3.56362372e+02  -2.02661613e-03
   3.56362861e+02   1.55474944e-03
   3.56363349e+02   1.82063249e-03
   3.56363837e+02   1.54279417e-03
   3.56364326e+02   2.96472921e-03
   3.56364814e+02   3.06809042e-03
   3.56365302e+02   1.80592574e-03
   3.56365791e+02   1.51822297e-03
   3.56366279e+02   6.41917868e-04
   3.56366767e+02  -6.98810152e-04
   3.56367255e+02  -7.29815161e-04
   3.56367744e+02   2.03393851e-04
   3.56368232e+02   1.67877891e-03
   3.56368720e+02   7.78943184e-04
   3.56369209e+02  -2.89379386e-03
   3.56369697e+02  -4.55297250e-03
   3.56370185e+02  -4.55442769e-03
   3.56370674e+02  -2.95013143e-03
   3.56371162e+02   1.45296729e-03
   3.56371650e+02   4.05253982e-03
   3.56372139e+02   1.95356482e-03
   3.56372627e+02  -1.63434271e-03
   3.56373115e+02  -3.23624094e-03
   3.56373604e+02  -3.68259801e-03
   3.56374092e+02  -4.11673682e-03
   3.56374580e+02  -2.96394387e-03
   3.56375068e+02  -3.59102793e-04
   3.56375557e+02   6.78144977e-04
   3.56376045e+02   6.30046357e-04
   3.56376533e+02   8.59452761e-04
   3.56377022e+02   1.86563144e-03
   3.56377510e+02   1.24038011e-03
   3.56377998e+02  -2.92687153e-04
   3.56378487e+02  -2.50843896e-05
   3.56378975e+02   3.42344487e-04
   3.56379463e+02   4.22352081e-04
   3.56379952e+02   1.60009309e-03
   3.56380440e+02   3.49185592e-03
   3.56380928e+02   2.98808143e-03
   3.56381416e+02  -8.83641362e-04
   3.56381905e+02  -4.26099496e-03
   3.56382393e+02  -3.64992255e-03
   3.56382881e+02  -3.30785697e-04
   3.56383370e+02   9.71616886e-04
   3.56383858e+02   3.73272138e-04
   3.56384346e+02  -3.82226484e-04
   3.56384835e+02  -1.24002661e-04
   3.56385323e+02   8.32745689e-04
   3.56385811e+02   1.60545507e-03
   3.56386300e+02   2.12594937e-03
   3.56386788e+02   3.30564054e-03
   3.56387276e+02   3.36500048e-03
   3.56387764e+02   1.12949165e-04
   3.56388253e+02  -2.17820890e-03
   3.56388741e+02  -1.63476029e-03
   3.56389229e+02   1.12942245e-03
   3.56389718e+02   2.69800937e-03
   3.56390206e+02   2.52585567e-04
   3.56390694e+02  -8.31004232e-04
   3.56391183e+02   8.54805752e-04
   3.56391671e+02  -6.89268345e-04
   3.56392159e+02  -3.35659739e-03
   3.56392648e+02  -2.16964958e-03
   3.56393136e+02   5.61125518e-04
   3.56393624e+02   1.66675844e-03
   3.56394112e+02   5.83598099e-04
   3.56394601e+02   6.31731236e-04
   3.56395089e+02   9.87513456e-04
   3.56395577e+02  -3.98211589e-04
   3.56396066e+02  -1.75118411e-03
   3.56396554e+02   7.44945835e-04
   3.56397042e+02   2.30650743e-03
   3.56397531e+02  -1.31709722e-03
   3.56398019e+02  -3.20003764e-03
   3.56398507e+02  -2.31826818e-03
   3.56398996e+02  -1.80907105e-03
   3.56399484e+02  -1.04795001e-03
   3.56399972e+02  -4.45430895e-04
   3.56400460e+02   4.14625902e-05
   3.56400949e+02   9.35116026e-04
   3.56401437e+02   2.79496331e-03
   3.56401925e+02   3.30239604e-03
   3.56402414e+02   5.22418180e-04
   3.56402902e+02  -1.58313196e-03
   3.56403390e+02  -4.21788252e-04
   3.56403879e+02   9.39555350e-04
   3.56404367e+02  -5.51930978e-04
   3.56404855e+02  -3.03176465e-03
   3.56405344e+02  -1.51902868e-03
   3.56405832e+02   6.10487943e-04
   3.56406320e+02   6.18302613e-04
   3.56406808e+02   1.06896774e-03
   3.56407297e+02   1.04839797e-03
   3.56407785e+02   3.83563689e-04
   3.56408273e+02   1.51121829e-04
   3.56408762e+02   7.83685537e-05
   3.56409250e+02   4.03600017e-04
   3.56409738e+02   3.09252646e-04
   3.56410227e+02  -3.75656382e-04
   3.56410715e+02   7.52475346e-04
   3.56411203e+02   1.85805562e-04
   3.56411692e+02  -2.31178477e-03
   3.56412180e+02  -1.05917628e-03
   3.56412668e+02   1.36046018e-03
   3.56413157e+02   9.64677194e-04
   3.56413645e+02  -2.89949379e-03
   3.56414133e+02  -5.55315986e-03
   3.56414621e+02  -2.31239269e-03
   3.56415110e+02   6.27415720e-04
   3.56415598e+02   1.91230531e-04
   3.56416086e+02  -1.29610475e-03
   3.56416575e+02  -2.32329476e-03
   3.56417063e+02  -1.99000700e-03
   3.56417551e+02  -1.37504947e-03
   3.56418040e+02  -3.20296991e-03
   3.56418528e+02  -5.23851113e-03
   3.56419016e+02  -2.40262295e-03
   3.56419505e+02   1.05384935e-03
   3.56419993e+02   1.20165444e-03
   3.56420481e+02  -1.82437376e-04
   3.56420969e+02  -1.42363168e-03
   3.56421458e+02  -9.12453572e-04
   3.56421946e+02  -2.68054340e-04
   3.56422434e+02  -7.84493051e-04
   3.56422923e+02  -3.18479724e-03
   3.56423411e+02  -4.89413273e-03
   3.56423899e+02  -3.78867635e-03
   3.56424388e+02  -3.65384645e-03
   3.56424876e+02  -2.21971399e-03
   3.56425364e+02  -1.21000594e-04
   3.56425853e+02  -9.05721332e-04
   3.56426341e+02  -4.18017211e-04
   3.56426829e+02   1.04423659e-03
   3.56427317e+02   2.74869439e-04
   3.56427806e+02   6.13111770e-04
   3.56428294e+02   1.87379145e-03
   3.56428782e+02   1.62698957e-03
   3.56429271e+02   1.70025381e-03
   3.56429759e+02   5.39231987e-04
   3.56430247e+02   1.46875239e-03
   3.56430736e+02   4.94834222e-03
   3.56431224e+02   1.95662491e-03
   3.56431712e+02  -2.63579609e-03
   3.56432201e+02  -1.58362067e-03
   3.56432689e+02   2.86859483e-03
   3.56433177e+02   3.60452523e-03
   3.56433665e+02   1.09700125e-03
   3.56434154e+02   1.22276926e-03
   3.56434642e+02   2.15457240e-03
   3.56435130e+02   2.70041218e-03
   3.56435619e+02   1.80494133e-03
   3.56436107e+02  -7.38518720e-04
   3.56436595e+02  -1.68106169e-03
   3.56437084e+02  -6.53349969e-04
   3.56437572e+02   1.93607656e-03
   3.56438060e+02   3.23969661e-03
   3.56438549e+02   1.79549400e-03
   3.56439037e+02   4.54743276e-04
   3.56439525e+02   5.46561903e-04
   3.56440013e+02  -1.15879557e-04
   3.56440502e+02  -1.41376501e-03
   3.56440990e+02  -1.61739392e-03
   3.56441478e+02  -1.72782352e-03
   3.56441967e+02   6.19618731e-05
   3.56442455e+02   2.76030134e-03
   3.56442943e+02   4.03533457e-03
   3.56443432e+02   5.42226713e-03
   3.56443920e+02   9.97145288e-03
   3.56444408e+02   1.48979221e-02
   3.56444897e+02   2.16506366e-02
   3.56445385e+02   2.99887955e-02
   3.56445873e+02   4.24975343e-02
   3.56446361e+02   6.14513494e-02
   3.56446850e+02   9.16162729e-02
   3.56447338e+02   1.39121071e-01
   3.56447826e+02   1.95946336e-01
   3.56448315e+02   2.45660931e-01
   3.56448803e+02   2.80993491e-01
   3.56449291e+02   2.96435744e-01
   3.56449780e+02   2.95639217e-01
   3.56450268e+02   2.90839404e-01
   3.56450756e+02   2.78379858e-01
   3.56451245e+02   2.50674307e-01
   3.56451733e+02   2.20321342e-01
   3.56452221e+02   1.97112203e-01
   3.56452710e+02   1.80649444e-01
   3.56453198e+02   1.73577622e-01
   3.56453686e+02   1.66654930e-01
   3.56454174e+02   1.48841456e-01
   3.56454663e+02   1.27842441e-01
   3.56455151e+02   1.09334931e-01
   3.56455639e+02   9.17906761e-02
   3.56456128e+02   7.74641633e-02
   3.56456616e+02   6.46981969e-02
   3.56457104e+02   5.20076565e-02
   3.56457593e+02   4.24634367e-02
   3.56458081e+02   3.42667140e-02
   3.56458569e+02   2.88361907e-02
   3.56459058e+02   2.76534148e-02
   3.56459546e+02   2.39610728e-02
   3.56460034e+02   1.55697605e-02
   3.56460522e+02   1.39042772e-02
   3.56461011e+02   1.32290991e-02
   3.56461499e+02   1.22426720e-02
   3.56461987e+02   1.06430538e-02
   3.56462476e+02   7.34931696e-03
   3.56462964e+02   5.81907574e-03
   3.56463452e+02   6.77140336e-03
   3.56463941e+02   7.88273104e-03
   3.56464429e+02   7.30255572e-03
   3.56464917e+02   6.73224265e-03
   3.56465406e+02   6.16114866e-03
   3.56465894e+02   3.83717311e-03
   3.56466382e+02   2.66431877e-03
   3.56466870e+02   2.76493188e-03
   3.56467359e+02   3.32084275e-03
   3.56467847e+02   3.51343257e-03
   3.56468335e+02   2.13226094e-03
   3.56468824e+02   1.55539881e-03
   3.56469312e+02   4.17493284e-03
   3.56469800e+02   6.08461304e-03
   3.56470289e+02   5.25114220e-03
   3.56470777e+02   4.14118217e-03
   3.56471265e+02   6.49689976e-03
   3.56471754e+02   1.13421297e-02
   3.56472242e+02   1.14682782e-02
   3.56472730e+02   1.02598816e-02
   3.56473218e+02   1.06126759e-02
   3.56473707e+02   1.41537292e-02
   3.56474195e+02   1.56242978e-02
   3.56474683e+02   1.29071167e-02
   3.56475172e+02   1.09374542e-02
   3.56475660e+02   8.60587042e-03
   3.56476148e+02   9.25761741e-03
   3.56476637e+02   8.42027646e-03
   3.56477125e+02   7.45419879e-03
   3.56477613e+02   7.79232290e-03
   3.56478102e+02   4.57524834e-03
   3.56478590e+02  -1.49128737e-03
   3.56479078e+02  -4.20555472e-03
   3.56479566e+02  -9.42808634e-04
   3.56480055e+02   3.40081565e-03
   3.56480543e+02   2.65708938e-03
   3.56481031e+02   1.17964321e-03
   3.56481520e+02   1.51717465e-03
   3.56482008e+02   2.04165373e-03
   3.56482496e+02   2.60020653e-03
   3.56482985e+02   1.86095783e-03
   3.56483473e+02  -1.85212994e-03
   3.56483961e+02  -4.53311857e-03
   3.56484450e+02  -2.07662093e-03
   3.56484938e+02   4.68388491e-04
   3.56485426e+02   1.19939703e-03
   3.56485914e+02   8.35614104e-04
   3.56486403e+02   7.25776306e-04
   3.56486891e+02   8.75445374e-04
   3.56487379e+02  -1.48241594e-03
   3.56487868e+02  -2.17888085e-03
   3.56488356e+02   1.13469840e-03
   3.56488844e+02   2.38129450e-03
   3.56489333e+02   1.99332531e-03
   3.56489821e+02   5.30117145e-03
   3.56490309e+02   4.22034040e-03
   3.56490798e+02   1.16844429e-03
   3.56491286e+02   2.57652998e-03
   3.56491774e+02   3.35913664e-03
   3.56492263e+02   1.80931832e-03
   3.56492751e+02   2.75313854e-03
   3.56493239e+02   3.04002408e-03
   3.56493727e+02   1.31093338e-03
   3.56494216e+02   1.64184812e-03
   3.56494704e+02   2.46761134e-03
   3.56495192e+02   1.02885172e-03
   3.56495681e+02   1.11215799e-04
   3.56496169e+02  -4.32618632e-04
   3.56496657e+02  -6.92281872e-04
   3.56497146e+02  -2.14118816e-04
   3.56497634e+02  -8.24276824e-04
   3.56498122e+02  -2.32303384e-04
   3.56498611e+02   1.80494809e-03
   3.56499099e+02   2.65788310e-03
   3.56499587e+02   2.41272710e-03
   3.56500075e+02   1.98958605e-03
   3.56500564e+02   1.23167946e-03
   3.56501052e+02   2.93153193e-04
   3.56501540e+02  -1.48137694e-03
   3.56502029e+02  -2.90601025e-03
   3.56502517e+02  -1.99370366e-03
   3.56503005e+02  -2.20527453e-03
   3.56503494e+02  -3.05200391e-03
   3.56503982e+02  -2.47442978e-03
   3.56504470e+02  -3.15539259e-03
   3.56504959e+02  -2.18254072e-03
   3.56505447e+02   5.54596154e-05
   3.56505935e+02  -2.45008909e-04
   3.56506423e+02  -1.35331578e-03
   3.56506912e+02  -2.58604181e-03
   3.56507400e+02  -4.31897957e-03
   3.56507888e+02  -2.48647342e-03
   3.56508377e+02   9.97140814e-05
   3.56508865e+02   6.25983987e-04
   3.56509353e+02   2.59938696e-03
   3.56509842e+02   1.82396267e-03
   3.56510330e+02   6.66637206e-05
   3.56510818e+02   6.74598268e-04
   3.56511307e+02  -1.37538183e-04
   3.56511795e+02  -1.03390892e-03
   3.56512283e+02  -2.72494322e-03
   3.56512771e+02  -2.63860426e-03
   3.56513260e+02  -1.61418357e-04
   3.56513748e+02   3.20785376e-03
   3.56514236e+02   5.26447780e-03
   3.56514725e+02   2.16423091e-03
   3.56515213e+02  -1.99441356e-03
   3.56515701e+02  -1.93270459e-03
   3.56516190e+02   1.03282265e-03
   3.56516678e+02   2.87353457e-03
   3.56517166e+02   6.55663724e-04
   3.56517655e+02  -2.90103513e-03
   3.56518143e+02  -2.81063444e-03
   3.56518631e+02   6.90283836e-04
   3.56519119e+02   1.48781645e-03
   3.56519608e+02   4.52367203e-05
   3.56520096e+02  -2.71208584e-03
   3.56520584e+02  -4.22407454e-03
   3.56521073e+02  -2.85401498e-03
   3.56521561e+02  -1.73312984e-03
   3.56522049e+02  -1.36100699e-03
   3.56522538e+02  -2.13332241e-03
   3.56523026e+02  -2.96862680e-03
   3.56523514e+02  -1.79234578e-03
   3.56524003e+02  -3.18968960e-04
   3.56524491e+02   3.14396515e-04
   3.56524979e+02   1.86878967e-03
   3.56525467e+02   2.81131919e-03
   3.56525956e+02   1.21276348e-03
   3.56526444e+02  -1.94045994e-03
   3.56526932e+02  -3.39848106e-03
   3.56527421e+02  -4.46420978e-04
   3.56527909e+02   2.52399012e-03
   3.56528397e+02   3.51202977e-03
   3.56528886e+02   3.63960536e-03
   3.56529374e+02   2.32920819e-03
   3.56529862e+02  -2.25969314e-04
   3.56530351e+02  -1.92275143e-03
   3.56530839e+02  -1.70429680e-03
   3.56531327e+02  -8.37945321e-04
   3.56531816e+02  -5.13920619e-04
   3.56532304e+02   1.02567021e-03
   3.56532792e+02   3.35234357e-03
   3.56533280e+02   1.99521589e-03
   3.56533769e+02  -1.03921606e-03
   3.56534257e+02  -1.80981704e-03
   3.56534745e+02  -1.56599958e-03
   3.56535234e+02  -2.32289243e-03
   3.56535722e+02  -4.16845258e-04
   3.56536210e+02   2.25539645e-03
   3.56536699e+02   1.67263055e-03
   3.56537187e+02   7.50111591e-04
   3.56537675e+02  -1.88287318e-04
   3.56538164e+02  -1.02639466e-03
   3.56538652e+02  -2.19814930e-04
   3.56539140e+02   1.12121645e-03
   3.56539628e+02   7.58213748e-04
   3.56540117e+02  -5.65240160e-04
   3.56540605e+02  -2.52865400e-04
   3.56541093e+02   1.67923758e-03
   3.56541582e+02  -3.52013740e-05
   3.56542070e+02  -4.15179925e-03
   3.56542558e+02  -4.60024085e-03
   3.56543047e+02  -2.38151755e-03
   3.56543535e+02  -5.18379267e-04
   3.56544023e+02  -3.89454770e-04
   3.56544512e+02  -3.39972961e-04
   3.56545000e+02   4.42754914e-04
   3.56545488e+02  -5.30580466e-04
   3.56545976e+02  -1.24071434e-03
   3.56546465e+02  -1.37718162e-03
   3.56546953e+02  -2.73854542e-03
   3.56547441e+02  -2.97014462e-03
   3.56547930e+02  -3.53990821e-03
   3.56548418e+02  -2.28366069e-03
   3.56548906e+02  -4.36359755e-04
   3.56549395e+02   8.26658288e-05
   3.56549883e+02  -1.40366191e-03
   3.56550371e+02  -6.21119689e-04
   3.56550860e+02   1.09785958e-03
   3.56551348e+02   2.07312685e-03
   3.56551836e+02   3.42215202e-03
   3.56552324e+02   3.50781251e-03
   3.56552813e+02   1.55012950e-03
   3.56553301e+02  -9.95321534e-05
   3.56553789e+02   6.72503782e-04
   3.56554278e+02   9.83024802e-06
   3.56554766e+02  -1.54905522e-03
   3.56555254e+02  -3.38769663e-04
   3.56555743e+02   1.74184039e-04
   3.56556231e+02  -2.95587961e-04
   3.56556719e+02  -2.56609113e-04
   3.56557208e+02  -2.42262892e-03
   3.56557696e+02  -1.43233885e-03
   3.56558184e+02   1.96005520e-03
   3.56558672e+02   2.61839130e-03
   3.56559161e+02   3.86335445e-03
   3.56559649e+02   3.92104639e-03
   3.56560137e+02   2.12699408e-03
   3.56560626e+02   1.21367432e-03
   3.56561114e+02  -4.28534870e-04
   3.56561602e+02  -3.75181669e-03
   3.56562091e+02  -5.26290154e-03
   3.56562579e+02  -4.00494505e-03
   3.56563067e+02  -1.24107173e-03
   3.56563556e+02   2.53537716e-03
   3.56564044e+02   2.03652377e-03
   3.56564532e+02  -1.10534148e-03
   3.56565020e+02  -8.99961160e-04
   3.56565509e+02   6.07004680e-04
   3.56565997e+02  -7.62645854e-04
   3.56566485e+02  -1.90773292e-03
   3.56566974e+02  -3.48029862e-05
   3.56567462e+02   3.56477540e-04
   3.56567950e+02  -1.81610219e-03
   3.56568439e+02  -3.62348743e-03
   3.56568927e+02  -3.50964000e-03
   3.56569415e+02  -3.15436581e-03
   3.56569904e+02  -3.27241910e-03
   3.56570392e+02  -2.30025733e-03
   3.56570880e+02  -1.36118522e-03
   3.56571369e+02  -1.94622355e-03
   3.56571857e+02  -2.04662816e-03
   3.56572345e+02  -1.72340253e-03
   3.56572833e+02  -1.92268204e-03
   3.56573322e+02  -7.94910302e-04
   3.56573810e+02   3.84267012e-04
   3.56574298e+02  -2.38993925e-05
   3.56574787e+02   6.75817602e-04
   3.56575275e+02   1.09759683e-03
   3.56575763e+02  -1.41570461e-03
   3.56576252e+02  -2.01444444e-03
   3.56576740e+02   8.42955953e-04
   3.56577228e+02   1.34647125e-03
   3.56577717e+02  -1.15615148e-04
   3.56578205e+02  -2.85281203e-05
   3.56578693e+02   6.02377550e-05
   3.56579181e+02  -1.67788216e-03
   3.56579670e+02  -1.83499011e-03
   3.56580158e+02   2.53931124e-04
   3.56580646e+02  -2.07534540e-04
   3.56581135e+02  -1.02484669e-03
   3.56581623e+02  -1.74191329e-04
   3.56582111e+02  -2.99580133e-04
   3.56582600e+02   1.00735333e-05
   3.56583088e+02  -8.22304166e-04
   3.56583576e+02  -2.92107416e-03
   3.56584065e+02  -2.99445330e-03
   3.56584553e+02  -3.30836803e-04
   3.56585041e+02   2.48582731e-03
   3.56585529e+02   1.40349730e-03
   3.56586018e+02   3.41968262e-04
   3.56586506e+02   6.60975231e-04
   3.56586994e+02  -1.00023218e-03
   3.56587483e+02  -8.81736283e-04
   3.56587971e+02  -1.56840077e-04
   3.56588459e+02  -1.47045648e-03
   3.56588948e+02  -8.22204107e-04
   3.56589436e+02   9.11806244e-04
   3.56589924e+02   1.16005517e-03
   3.56590413e+02   1.50264241e-03
   3.56590901e+02  -3.10370116e-04
   3.56591389e+02  -2.75225472e-03
   3.56591877e+02  -1.82756467e-03
   3.56592366e+02  -3.09488853e-04
   3.56592854e+02  -8.83215471e-05
   3.56593342e+02  -1.92707048e-05
   3.56593831e+02  -2.83652591e-03
   3.56594319e+02  -4.47209412e-03
   3.56594807e+02   3.47624358e-04
   3.56595296e+02   5.91090554e-03
   3.56595784e+02   6.99739996e-03
   3.56596272e+02   5.53282257e-03
   3.56596761e+02   4.86745872e-03
   3.56597249e+02   4.30149632e-03
   3.56597737e+02   2.34229304e-03
   3.56598225e+02   3.17960687e-04
   3.56598714e+02   1.29506935e-03
   3.56599202e+02   2.03026622e-03
   3.56599690e+02   7.82640884e-04
   3.56600179e+02   1.62009354e-04
   3.56600667e+02   2.37347581e-03
   3.56601155e+02   3.56132770e-03
   3.56601644e+02   1.65473961e-03
   3.56602132e+02   2.72620557e-04
   3.56602620e+02  -7.82611954e-04
   3.56603109e+02  -8.32297257e-04
   3.56603597e+02  -5.47708187e-04
   3.56604085e+02  -1.53424928e-03
   3.56604573e+02  -1.88314239e-03
   3.56605062e+02  -1.38880941e-03
   3.56605550e+02  -4.91496292e-04
   3.56606038e+02   9.65731218e-04
   3.56606527e+02   1.32906169e-03
   3.56607015e+02   2.01061135e-03
   3.56607503e+02   2.16437597e-03
   3.56607992e+02   5.02442243e-04
   3.56608480e+02  -2.11457387e-04
   3.56608968e+02  -1.85991370e-03
   3.56609457e+02  -3.00212507e-03
   3.56609945e+02  -1.24961883e-03
   3.56610433e+02  -7.06593040e-04
   3.56610922e+02  -2.22570193e-03
   3.56611410e+02  -2.93709640e-03
   3.56611898e+02  -1.22939760e-03
   3.56612386e+02   1.27895572e-03
   3.56612875e+02   2.92349071e-03
   3.56613363e+02   2.37045437e-03
   3.56613851e+02   8.86809430e-04
   3.56614340e+02   7.16859126e-04
   3.56614828e+02  -5.97380509e-04
   3.56615316e+02  -1.45654718e-03
   3.56615805e+02   6.52804621e-04
   3.56616293e+02   1.22536346e-03
   3.56616781e+02  -1.00178225e-03
   3.56617270e+02  -7.94740510e-04
   3.56617758e+02   1.12319321e-04
   3.56618246e+02  -3.98742646e-04
   3.56618734e+02  -5.53859747e-04
   3.56619223e+02  -7.31663487e-04
   3.56619711e+02  -4.37955518e-04
   3.56620199e+02   9.92250745e-04
   3.56620688e+02   1.69712363e-03
   3.56621176e+02   3.52458243e-04
   3.56621664e+02  -5.22785471e-04
   3.56622153e+02  -7.23315170e-04
   3.56622641e+02  -1.56237441e-03
   3.56623129e+02  -2.32194318e-03
   3.56623618e+02  -2.15842458e-03
   3.56624106e+02  -1.73639331e-03
   3.56624594e+02   5.04800351e-04
   3.56625082e+02   3.34719638e-03
   3.56625571e+02   2.04862468e-03
   3.56626059e+02   8.66835297e-04
   3.56626547e+02   2.36455165e-03
   3.56627036e+02   1.16670830e-03
   3.56627524e+02  -1.49931468e-03
   3.56628012e+02  -2.05426058e-03
   3.56628501e+02  -1.42204924e-03
   3.56628989e+02  -1.68715836e-03
   3.56629477e+02  -1.98081345e-03
   3.56629966e+02  -3.18494713e-04
   3.56630454e+02  -1.82871212e-04
   3.56630942e+02  -1.64577237e-03
   3.56631430e+02  -7.42754375e-04
   3.56631919e+02   1.91242550e-04
   3.56632407e+02  -1.23769557e-03
   3.56632895e+02  -3.87181155e-03
   3.56633384e+02  -3.86235747e-03
   3.56633872e+02  -9.10899835e-04
   3.56634360e+02   2.04379074e-04
   3.56634849e+02   9.38681420e-04
   3.56635337e+02   1.83490291e-03
   3.56635825e+02   7.59094604e-04
   3.56636314e+02   5.43886039e-04
   3.56636802e+02  -1.10946232e-04
   3.56637290e+02  -1.06656633e-03
   3.56637778e+02  -6.15084020e-04
   3.56638267e+02  -1.15702685e-03
   3.56638755e+02   2.69960656e-05
   3.56639243e+02   3.11452989e-03
   3.56639732e+02   2.47815158e-03
   3.56640220e+02   1.33478758e-03
   3.56640708e+02   4.32991330e-03
   3.56641197e+02   6.66893646e-03
   3.56641685e+02   5.83144231e-03
   3.56642173e+02   4.07207524e-03
   3.56642662e+02   7.43725395e-04
   3.56643150e+02  -1.67339761e-03
   3.56643638e+02  -8.85164307e-04
   3.56644126e+02  -1.10181759e-03
   3.56644615e+02  -2.27988567e-04
   3.56645103e+02   1.58351008e-03
   3.56645591e+02   8.27279466e-04
   3.56646080e+02  -1.60927756e-03
   3.56646568e+02  -3.05121206e-03
   3.56647056e+02  -2.09215330e-03
   3.56647545e+02   1.34066431e-04
   3.56648033e+02   6.62915467e-04
   3.56648521e+02  -1.35136757e-03
   3.56649010e+02  -8.14514176e-04
   3.56649498e+02   1.35970826e-03
   3.56649986e+02   2.22151098e-03
   3.56650475e+02   2.30730372e-03
   3.56650963e+02   2.66559236e-03
   3.56651451e+02   1.03822898e-03
   3.56651939e+02  -1.35902409e-03
   3.56652428e+02  -1.88883708e-03
   3.56652916e+02  -1.90181905e-04
   3.56653404e+02   1.16556056e-03
   3.56653893e+02  -1.77329595e-04
   3.56654381e+02  -9.32894996e-04
   3.56654869e+02   4.25674778e-04
   3.56655358e+02   1.01367349e-03
   3.56655846e+02   1.39061559e-03
   3.56656334e+02   1.87923899e-03
   3.56656823e+02  -7.97502755e-04
   3.56657311e+02  -2.26605264e-03
   3.56657799e+02   4.54185327e-04
   3.56658287e+02   8.67728086e-04
   3.56658776e+02  -4.65590711e-04
   3.56659264e+02  -2.43246759e-04
   3.56659752e+02  -7.54858047e-05
   3.56660241e+02   5.44710318e-04
   3.56660729e+02   1.47243927e-03
   3.56661217e+02   1.04252959e-03
   3.56661706e+02  -1.43095951e-06
   3.56662194e+02   1.45332108e-03
   3.56662682e+02   3.46313254e-03
   3.56663171e+02   2.90279277e-03
   3.56663659e+02   2.41153897e-03
   3.56664147e+02   6.75576797e-04
   3.56664635e+02  -7.25152087e-04
   3.56665124e+02   1.15887402e-03
   3.56665612e+02   3.71320592e-03
   3.56666100e+02   2.88480846e-03
   3.56666589e+02   7.07965752e-04
   3.56667077e+02  -1.58677553e-03
   3.56667565e+02  -4.19425918e-03
   3.56668054e+02  -2.19339365e-03
   3.56668542e+02   1.61471940e-03
   3.56669030e+02   2.21828278e-03
   3.56669519e+02   1.03428075e-03
   3.56670007e+02  -1.95367509e-04
   3.56670495e+02  -1.51783563e-04
   3.56670983e+02   2.80241395e-04
   3.56671472e+02  -1.40362547e-03
   3.56671960e+02  -5.03223063e-03
   3.56672448e+02  -5.77497901e-03
   3.56672937e+02  -1.09249237e-03
   3.56673425e+02   1.22907537e-03
   3.56673913e+02  -2.90806824e-03
   3.56674402e+02  -6.02110289e-03
   3.56674890e+02  -4.21060063e-03
   3.56675378e+02  -2.52624881e-03
   3.56675867e+02  -1.71126786e-03
   3.56676355e+02  -1.36439630e-03
   3.56676843e+02  -1.40824553e-03
   3.56677331e+02  -1.60386704e-03
   3.56677820e+02  -8.65166599e-04
   3.56678308e+02  -6.06085523e-04
   3.56678796e+02  -7.29809224e-04
   3.56679285e+02  -8.17897962e-04
   3.56679773e+02  -1.61555409e-03
   3.56680261e+02  -2.68728007e-03
   3.56680750e+02  -8.77438171e-04
   3.56681238e+02   3.23236035e-03
   3.56681726e+02   4.21422860e-03
   3.56682215e+02  -7.91740604e-05
   3.56682703e+02  -2.65447958e-03
   3.56683191e+02   2.91645061e-04
   3.56683679e+02   3.80299566e-03
   3.56684168e+02   2.65403488e-03
   3.56684656e+02   7.30849220e-04
   3.56685144e+02   8.88785871e-04
   3.56685633e+02   8.21456924e-05
   3.56686121e+02  -7.25394988e-04
   3.56686609e+02   2.20041300e-04
   3.56687098e+02   7.72823230e-04
   3.56687586e+02  -3.74407973e-04
   3.56688074e+02  -1.17708719e-03
   3.56688563e+02  -4.07946616e-04
   3.56689051e+02   4.01361380e-04
   3.56689539e+02   5.48365875e-04
   3.56690028e+02  -8.82670633e-04
   3.56690516e+02  -2.78200535e-03
   3.56691004e+02  -3.07077402e-03
   3.56691492e+02  -2.46823602e-03
   3.56691981e+02  -3.28497402e-03
   3.56692469e+02  -2.69208825e-03
   3.56692957e+02   1.55337490e-04
   3.56693446e+02   6.87373511e-04
   3.56693934e+02   8.15820007e-04
   3.56694422e+02   1.72479858e-03
   3.56694911e+02   1.66829690e-04
   3.56695399e+02  -2.44964904e-04
   3.56695887e+02   8.89783201e-04
   3.56696376e+02   8.28662131e-04
   3.56696864e+02   1.23017072e-03
   3.56697352e+02   1.83163083e-03
   3.56697840e+02   7.58801587e-04
   3.56698329e+02  -6.77590491e-04
   3.56698817e+02  -1.92148716e-03
   3.56699305e+02  -2.00978178e-03
   3.56699794e+02   4.69229963e-05
   3.56700282e+02   2.53499311e-04
   3.56700770e+02  -8.68748466e-04
   3.56701259e+02   1.55359667e-05
   3.56701747e+02   4.53149143e-04
   3.56702235e+02   5.97111764e-04
   3.56702724e+02   1.46915752e-03
   3.56703212e+02   5.57816587e-04
   3.56703700e+02   1.40870834e-04
   3.56704188e+02   9.64111881e-04
   3.56704677e+02   7.78124202e-04
   3.56705165e+02   1.77718478e-03
   3.56705653e+02   1.56177720e-03
   3.56706142e+02  -1.44780948e-04
   3.56706630e+02  -1.06587086e-03
   3.56707118e+02  -2.11523706e-03
   3.56707607e+02  -2.96014571e-03
   3.56708095e+02  -3.10644321e-03
   3.56708583e+02  -4.17425437e-03
   3.56709072e+02  -3.57349333e-03
   3.56709560e+02  -8.83370463e-04
   3.56710048e+02  -1.17425916e-04
   3.56710536e+02  -9.46047949e-04
   3.56711025e+02  -1.15557166e-03
   3.56711513e+02  -3.78076104e-04
   3.56712001e+02   3.18291131e-04
   3.56712490e+02   1.50250166e-03
   3.56712978e+02   4.11454448e-03
   3.56713466e+02   4.68174228e-03
   3.56713955e+02   2.54967250e-03
   3.56714443e+02   3.34112468e-04
   3.56714931e+02  -8.09783174e-04
   3.56715420e+02  -6.58875040e-04
   3.56715908e+02  -5.91306307e-04
   3.56716396e+02  -9.27994726e-04
   3.56716884e+02   3.55455595e-05
   3.56717373e+02   1.15826819e-03
   3.56717861e+02  -3.40640545e-04
   3.56718349e+02  -1.42945116e-03
   3.56718838e+02   1.70452608e-04
   3.56719326e+02   2.51968973e-03
   3.56719814e+02   3.43028619e-03
   3.56720303e+02   1.57669710e-03
   3.56720791e+02  -1.37838244e-03
   3.56721279e+02  -6.75106945e-04
   3.56721768e+02   1.48327230e-03
   3.56722256e+02   2.17179928e-04
   3.56722744e+02  -2.69902288e-03
   3.56723232e+02  -4.38762549e-03
   3.56723721e+02  -3.59404832e-03
   3.56724209e+02  -1.57979317e-03
   3.56724697e+02   1.13849994e-03
   3.56725186e+02   4.62935166e-03
   3.56725674e+02   5.52717829e-03
   3.56726162e+02   1.67691370e-03
   3.56726651e+02  -2.76983739e-03
   3.56727139e+02  -4.06254735e-03
   3.56727627e+02  -3.16586997e-03
   3.56728116e+02  -8.93291144e-04
   3.56728604e+02   2.10666168e-03
   3.56729092e+02   2.86642229e-03
   3.56729581e+02   1.13033189e-03
   3.56730069e+02  -1.24176405e-03
   3.56730557e+02  -4.99644456e-03
   3.56731045e+02  -5.49845072e-03
   3.56731534e+02  -2.47896044e-03
   3.56732022e+02  -1.86337705e-03
   3.56732510e+02  -2.69329501e-03
   3.56732999e+02  -1.36971707e-03
   3.56733487e+02  -5.84885383e-05
   3.56733975e+02  -1.13592378e-03
   3.56734464e+02  -1.91324006e-03
   3.56734952e+02  -6.17390848e-04
   3.56735440e+02   4.29793814e-04
   3.56735929e+02  -2.43481758e-04
   3.56736417e+02  -4.85119584e-04
   3.56736905e+02   1.51413179e-03
   3.56737393e+02   1.58839871e-03
   3.56737882e+02  -1.51103712e-03
   3.56738370e+02  -3.12709552e-03
   3.56738858e+02  -1.37850887e-03
   3.56739347e+02  -2.76172414e-05
   3.56739835e+02  -1.07795722e-03
   3.56740323e+02  -3.62993940e-03
   3.56740812e+02  -4.04051133e-03
   3.56741300e+02  -2.16999813e-03
   3.56741788e+02  -2.04208354e-03
   3.56742277e+02  -3.10289208e-03
   3.56742765e+02  -5.05089946e-03
   3.56743253e+02  -5.16269915e-03
   3.56743741e+02  -4.18588426e-03
   3.56744230e+02  -4.00868617e-03
   3.56744718e+02  -2.58915429e-03
   3.56745206e+02   1.25610401e-04
   3.56745695e+02   2.13003648e-03
   3.56746183e+02   9.05351073e-04
   3.56746671e+02  -3.82662122e-03
   3.56747160e+02  -5.95787819e-03
   3.56747648e+02  -4.64042369e-03
   3.56748136e+02  -1.83770433e-03
   3.56748625e+02   9.18105245e-04
   3.56749113e+02   2.50268821e-03
   3.56749601e+02   2.30819220e-03
   3.56750089e+02   1.14236871e-04
   3.56750578e+02  -2.15636170e-03
   3.56751066e+02  -1.80239067e-03
   3.56751554e+02  -1.62193552e-03
   3.56752043e+02  -8.03759845e-04
   3.56752531e+02   1.13412540e-03
   3.56753019e+02   3.80865822e-04
   3.56753508e+02  -2.22461019e-03
   3.56753996e+02  -3.37133091e-03
   3.56754484e+02  -3.82992602e-03
   3.56754973e+02  -2.75461376e-03
   3.56755461e+02   1.65374819e-04
   3.56755949e+02   7.20565033e-04
   3.56756437e+02  -1.30429899e-03
   3.56756926e+02  -8.81657121e-04
   3.56757414e+02   7.17229792e-04
   3.56757902e+02   9.86002386e-04
   3.56758391e+02   1.51916011e-03
   3.56758879e+02   1.34669163e-03
   3.56759367e+02  -4.26656261e-05
   3.56759856e+02  -8.94855766e-04
   3.56760344e+02  -1.85479049e-03
   3.56760832e+02  -1.58890837e-03
   3.56761321e+02  -5.29404730e-04
   3.56761809e+02   1.84739067e-04
   3.56762297e+02  -1.21234288e-03
   3.56762785e+02  -3.08212987e-03
   3.56763274e+02  -2.36476562e-03
   3.56763762e+02  -8.70493750e-05
   3.56764250e+02   2.39929976e-03
   3.56764739e+02   2.70161103e-03
   3.56765227e+02   1.24363205e-03
   3.56765715e+02   1.69692817e-03
   3.56766204e+02   9.41786740e-04
   3.56766692e+02  -6.48631540e-04
   3.56767180e+02  -8.69773095e-04
   3.56767669e+02   2.61060504e-05
   3.56768157e+02   1.88847200e-03
   3.56768645e+02   3.17923329e-03
   3.56769134e+02   2.06715101e-03
   3.56769622e+02  -9.74688330e-04
   3.56770110e+02  -3.77759850e-03
   3.56770598e+02  -3.35027743e-03
   3.56771087e+02  -1.44281460e-03
   3.56771575e+02  -4.70700033e-04
   3.56772063e+02   6.15453813e-04
   3.56772552e+02  -7.65454461e-05
   3.56773040e+02   3.82503320e-04
   3.56773528e+02   3.76434415e-03
   3.56774017e+02   1.69677858e-03
   3.56774505e+02  -2.98159313e-03
   3.56774993e+02  -4.27563395e-03
   3.56775482e+02  -4.04230878e-03
   3.56775970e+02  -2.47197435e-03
   3.56776458e+02  -2.98860570e-04
   3.56776946e+02   1.49945859e-04
   3.56777435e+02  -9.86448489e-04
   3.56777923e+02  -2.81948526e-03
   3.56778411e+02  -1.93407794e-03
   3.56778900e+02   6.67895190e-04
   3.56779388e+02   1.86494482e-03
   3.56779876e+02   1.72854890e-03
   3.56780365e+02   2.61020451e-03
   3.56780853e+02   2.65117898e-03
   3.56781341e+02  -1.55593632e-04
   3.56781830e+02  -2.32392643e-03
   3.56782318e+02  -1.49032730e-03
   3.56782806e+02  -5.93038567e-04
   3.56783294e+02  -6.96789764e-04
   3.56783783e+02  -2.14796350e-03
   3.56784271e+02  -1.51838432e-03
   3.56784759e+02   8.56992963e-04
   3.56785248e+02   2.15615751e-03
   3.56785736e+02   1.76073343e-03
   3.56786224e+02   8.02127819e-04
   3.56786713e+02   1.26454001e-03
   3.56787201e+02   1.07239594e-03
   3.56787689e+02  -1.47339131e-03
   3.56788178e+02  -1.21282542e-03
   3.56788666e+02   5.84382855e-04
   3.56789154e+02   4.50101186e-04
   3.56789642e+02  -1.01074447e-05
   3.56790131e+02  -1.40528916e-03
   3.56790619e+02  -1.32008910e-03
   3.56791107e+02  -1.22649164e-03
   3.56791596e+02  -2.51608784e-03
   3.56792084e+02  -2.50284281e-03
   3.56792572e+02  -1.53815036e-03
   3.56793061e+02   3.84735293e-04
   3.56793549e+02  -4.80394869e-04
   3.56794037e+02  -3.35750636e-03
   3.56794526e+02  -3.07654240e-03
   3.56795014e+02  -3.04225774e-04
   3.56795502e+02   1.81584746e-05
   3.56795990e+02  -1.40005036e-03
   3.56796479e+02  -7.28617888e-04
   3.56796967e+02   9.23414656e-04
   3.56797455e+02  -5.40027570e-04
   3.56797944e+02  -3.01312073e-03
   3.56798432e+02  -6.37955323e-04
   3.56798920e+02   4.27024672e-03
   3.56799409e+02   5.88613516e-03
   3.56799897e+02   2.75273412e-03
   3.56800385e+02  -2.39028689e-03
   3.56800874e+02  -4.40972671e-03
   3.56801362e+02  -1.23678986e-03
   3.56801850e+02   1.71900401e-03
   3.56802338e+02   9.14856628e-06
   3.56802827e+02  -2.14282749e-03
   3.56803315e+02  -2.29579676e-03
   3.56803803e+02  -1.93368888e-03
   3.56804292e+02  -1.27152156e-03
   3.56804780e+02  -2.45761883e-04
   3.56805268e+02   6.86970016e-04
   3.56805757e+02   4.16512281e-04
   3.56806245e+02  -6.81154954e-04
   3.56806733e+02  -2.51972047e-03
   3.56807222e+02  -5.66798914e-03
   3.56807710e+02  -5.94272837e-03
   3.56808198e+02  -3.22157890e-03
   3.56808687e+02  -2.49593938e-03
   3.56809175e+02  -2.39217677e-03
   3.56809663e+02  -1.44252239e-03
   3.56810151e+02  -4.60598560e-04
   3.56810640e+02   7.90934020e-04
   3.56811128e+02   5.70020406e-04
   3.56811616e+02  -3.51021579e-03
   3.56812105e+02  -5.15666371e-03
   3.56812593e+02  -1.37796346e-03
   3.56813081e+02   5.32398000e-04
   3.56813570e+02   1.29228123e-04
   3.56814058e+02   7.12007459e-04
   3.56814546e+02   2.38139206e-03
   3.56815035e+02   3.02322744e-03
   3.56815523e+02   1.61076430e-03
   3.56816011e+02   7.71233346e-04
   3.56816499e+02   2.08792114e-03
   3.56816988e+02   6.35734701e-04
   3.56817476e+02  -2.20899284e-03
   3.56817964e+02  -5.22340590e-04
   3.56818453e+02   2.84576043e-03
   3.56818941e+02   4.38236678e-03
   3.56819429e+02   4.52599349e-03
   3.56819918e+02   2.34959368e-03
   3.56820406e+02  -1.26926822e-03
   3.56820894e+02  -1.69422908e-03
   3.56821383e+02   8.69730371e-04
   3.56821871e+02  -4.01695695e-04
   3.56822359e+02  -3.60674295e-03
   3.56822847e+02  -4.23680060e-03
   3.56823336e+02  -2.09350185e-03
   3.56823824e+02   8.41147674e-04
   3.56824312e+02   1.86255504e-03
   3.56824801e+02  -1.40986417e-03
   3.56825289e+02  -3.72315873e-03
   3.56825777e+02  -1.48320408e-03
   3.56826266e+02   6.82496116e-04
   3.56826754e+02   9.34396812e-04
   3.56827242e+02   1.53465336e-03
   3.56827731e+02   2.27124617e-03
   3.56828219e+02   2.47788732e-03
   3.56828707e+02   9.29492991e-04
   3.56829195e+02  -5.78672276e-04
   3.56829684e+02  -1.14177144e-03
   3.56830172e+02  -1.23190100e-03
   3.56830660e+02  -8.40769149e-04
   3.56831149e+02   1.88521156e-03
   3.56831637e+02   4.71049920e-03
   3.56832125e+02   4.84848302e-03
   3.56832614e+02   2.56220484e-03
   3.56833102e+02   1.12692290e-03
   3.56833590e+02   9.09661816e-04
   3.56834079e+02   1.59123878e-03
   3.56834567e+02   2.17066985e-03
   3.56835055e+02   2.50539102e-04
   3.56835543e+02   2.29448618e-04
   3.56836032e+02   2.65095197e-03
   3.56836520e+02   3.42408218e-03
   3.56837008e+02   2.57309340e-03
   3.56837497e+02   1.76565791e-03
   3.56837985e+02   2.35806010e-03
   3.56838473e+02   2.27401592e-03
   3.56838962e+02   2.68882606e-04
   3.56839450e+02  -2.43453938e-03
   3.56839938e+02  -2.53060693e-03
   3.56840427e+02  -1.17078691e-03
   3.56840915e+02  -2.06318015e-04
   3.56841403e+02   9.23786720e-04
   3.56841891e+02   2.64600525e-03
   3.56842380e+02   4.19212459e-03
   3.56842868e+02   3.63261811e-03
   3.56843356e+02   2.60783290e-03
   3.56843845e+02   2.49957386e-03
   3.56844333e+02   3.29471636e-03
   3.56844821e+02   4.17608954e-03
   3.56845310e+02   3.74147459e-03
   3.56845798e+02   1.45457033e-03
   3.56846286e+02  -1.55446841e-03
   3.56846775e+02  -2.37789121e-03
   3.56847263e+02  -5.78653853e-05
   3.56847751e+02   5.48734315e-05
   3.56848240e+02  -1.27121154e-03
   3.56848728e+02   5.72744058e-04
   3.56849216e+02   2.64769793e-03
   3.56849704e+02   2.14597746e-03
   3.56850193e+02   6.70785608e-04
   3.56850681e+02   3.19965329e-05
   3.56851169e+02   2.74031718e-05
   3.56851658e+02   4.94965818e-04
   3.56852146e+02   1.64003402e-03
   3.56852634e+02   4.03537677e-04
   3.56853123e+02  -1.46907486e-03
   3.56853611e+02  -3.39143880e-04
   3.56854099e+02   1.10543391e-03
   3.56854588e+02  -1.76255911e-04
   3.56855076e+02  -1.63866847e-03
   3.56855564e+02   9.35681863e-04
   3.56856052e+02   2.84016924e-03
   3.56856541e+02   1.81671453e-03
   3.56857029e+02   3.73418239e-04
   3.56857517e+02  -1.00905390e-03
   3.56858006e+02  -2.24096933e-03
   3.56858494e+02  -1.51769421e-03
   3.56858982e+02   1.21786969e-03
   3.56859471e+02   3.30491364e-03
   3.56859959e+02   3.42801563e-03
   3.56860447e+02   1.94446719e-03
   3.56860936e+02  -1.10754650e-03
   3.56861424e+02  -4.49436111e-03
   3.56861912e+02  -4.00013058e-03
   3.56862400e+02  -2.87617138e-03
   3.56862889e+02  -3.26996855e-03
   3.56863377e+02  -1.02068984e-03
   3.56863865e+02  -7.92023435e-04
   3.56864354e+02  -1.53808866e-03
   3.56864842e+02  -6.42521540e-04
   3.56865330e+02   5.93427394e-05
   3.56865819e+02   2.35743792e-04
   3.56866307e+02  -5.08167897e-04
   3.56866795e+02  -8.28069984e-04
   3.56867284e+02   1.14711572e-03
   3.56867772e+02   2.02708435e-03
   3.56868260e+02   1.33171165e-03
   3.56868748e+02   2.32806336e-03
   3.56869237e+02   2.76985136e-03
   3.56869725e+02   2.99641950e-04
   3.56870213e+02  -1.55753677e-03
   3.56870702e+02  -1.90257817e-03
   3.56871190e+02  -9.12411953e-04
   3.56871678e+02  -6.50147675e-04
   3.56872167e+02  -1.90037338e-03
   3.56872655e+02  -4.74272383e-04
   3.56873143e+02   1.83832739e-03
   3.56873632e+02   3.19499034e-03
   3.56874120e+02   2.84575322e-03
   3.56874608e+02   3.10261967e-03
   3.56875096e+02   4.11734357e-03
   3.56875585e+02   2.17511551e-03
   3.56876073e+02  -1.20582517e-04
   3.56876561e+02  -2.93483463e-04
   3.56877050e+02   6.06339308e-04
   3.56877538e+02  -2.10640428e-04
   3.56878026e+02   2.22024610e-05
   3.56878515e+02   2.93482514e-03
   3.56879003e+02   2.65257922e-03
   3.56879491e+02   2.60949554e-03
   3.56879980e+02   6.33824477e-03
   3.56880468e+02   9.12731141e-03
   3.56880956e+02   1.15483189e-02
   3.56881444e+02   1.21384645e-02
   3.56881933e+02   1.44259641e-02
   3.56882421e+02   1.71469841e-02
   3.56882909e+02   1.78474169e-02
   3.56883398e+02   1.81270875e-02
   3.56883886e+02   1.80623308e-02
   3.56884374e+02   1.38677303e-02
   3.56884863e+02   1.03876004e-02
   3.56885351e+02   7.58138625e-03
   3.56885839e+02   6.11785473e-03
   3.56886328e+02   6.26784423e-03
   3.56886816e+02   4.87283245e-03
   3.56887304e+02   2.07207818e-03
   3.56887793e+02   1.95755693e-03
   3.56888281e+02   4.05541109e-03
   3.56888769e+02   5.80422813e-03
   3.56889257e+02   4.62249573e-03
   3.56889746e+02   2.58789817e-03
   3.56890234e+02   8.28640477e-04
   3.56890722e+02  -7.93220766e-04
   3.56891211e+02  -8.10290396e-04
   3.56891699e+02  -5.41152607e-04
   3.56892187e+02  -8.92674216e-05
   3.56892676e+02  -5.16845146e-04
   3.56893164e+02  -4.56513488e-04
   3.56893652e+02   2.34998856e-03
   3.56894141e+02   2.82978849e-03
   3.56894629e+02   4.27925173e-04
   3.56895117e+02  -4.59827017e-04
   3.56895605e+02   2.58038781e-04
   3.56896094e+02  -3.88932036e-04
   3.56896582e+02  -2.74919299e-03
   3.56897070e+02  -3.63478274e-03
   3.56897559e+02  -1.16417045e-03
   3.56898047e+02   1.62724312e-03
   3.56898535e+02   1.87705387e-03
   3.56899024e+02  -2.70468183e-04
   3.56899512e+02  -1.56783639e-03
   3.56900000e+02  -1.88713742e-03
   3.56900489e+02   9.58606397e-05
   3.56900977e+02   1.09046276e-04
   3.56901465e+02  -1.99267408e-03
   3.56901953e+02  -1.28046446e-03
   3.56902442e+02  -1.82894734e-03
   3.56902930e+02  -2.46774964e-03
   3.56903418e+02  -1.60716823e-03
   3.56903907e+02  -2.56510056e-03
   3.56904395e+02  -2.04712432e-03
   3.56904883e+02   6.04182365e-04
   3.56905372e+02   1.12594885e-03
   3.56905860e+02  -1.09620625e-03
   3.56906348e+02  -3.07355751e-03
   3.56906837e+02  -3.21332063e-03
   3.56907325e+02  -1.22651923e-03
   3.56907813e+02   1.79230282e-03
   3.56908301e+02   1.37527322e-03
   3.56908790e+02  -6.54493517e-04
   3.56909278e+02  -2.30719554e-04
   3.56909766e+02  -2.27578261e-04
   3.56910255e+02  -1.01396197e-03
   3.56910743e+02  -9.04173474e-04
   3.56911231e+02  -2.53875647e-03
   3.56911720e+02  -3.51601955e-03
   3.56912208e+02  -1.50099979e-03
   3.56912696e+02   3.36028723e-04
   3.56913185e+02   9.77314077e-04
   3.56913673e+02   1.47656037e-03
   3.56914161e+02   1.52045733e-03
   3.56914649e+02  -7.50291860e-04
   3.56915138e+02  -2.89772172e-03
   3.56915626e+02  -2.12485623e-03
   3.56916114e+02   2.60657544e-04
   3.56916603e+02   1.74379279e-03
   3.56917091e+02   8.45640316e-04
   3.56917579e+02  -1.39838419e-04
   3.56918068e+02  -8.86900234e-04
   3.56918556e+02  -1.17995101e-03
   3.56919044e+02  -2.38032255e-04
   3.56919533e+02   6.84428494e-04
   3.56920021e+02   1.46111439e-03
   3.56920509e+02   1.05685182e-03
   3.56920997e+02   2.42973957e-03
   3.56921486e+02   5.93406754e-03
   3.56921974e+02   4.35735611e-03
   3.56922462e+02   1.36511226e-03
   3.56922951e+02   1.50007929e-03
   3.56923439e+02   2.20490317e-03
   3.56923927e+02   1.55215058e-03
   3.56924416e+02  -2.85168923e-03
   3.56924904e+02  -5.47875697e-03
   3.56925392e+02  -2.07550870e-03
   3.56925881e+02  -8.87103437e-04
   3.56926369e+02  -1.35860057e-03
   3.56926857e+02  -3.98753298e-04
   3.56927346e+02   1.70565082e-03
   3.56927834e+02   4.25746990e-03
   3.56928322e+02   2.87037087e-03
   3.56928810e+02   4.71649459e-04
   3.56929299e+02   1.66239834e-03
   3.56929787e+02   3.03219538e-03
   3.56930275e+02   2.98709888e-03
   3.56930764e+02   1.34142011e-03
   3.56931252e+02  -1.41494221e-03
   3.56931740e+02  -3.08212359e-03
   3.56932229e+02  -3.68901319e-03
   3.56932717e+02  -4.33215452e-03
   3.56933205e+02  -3.00542917e-03
   3.56933694e+02  -9.72089125e-04
   3.56934182e+02  -9.51746362e-04
   3.56934670e+02  -1.88071327e-03
   3.56935158e+02  -1.89732888e-03
   3.56935647e+02  -2.09011533e-03
   3.56936135e+02  -7.32619606e-04
   3.56936623e+02  -2.42456532e-04
   3.56937112e+02  -2.28575710e-03
   3.56937600e+02  -1.09684060e-03
   3.56938088e+02  -1.17974894e-04
   3.56938577e+02  -2.86293332e-03
   3.56939065e+02  -3.41972616e-03
   3.56939553e+02  -7.02679507e-04
   3.56940042e+02   2.08948739e-03
   3.56940530e+02   1.26959453e-03
   3.56941018e+02  -4.46863240e-04
   3.56941506e+02   1.15376854e-04
   3.56941995e+02   8.76505583e-05
   3.56942483e+02  -4.69425664e-04
   3.56942971e+02   2.13253472e-04
   3.56943460e+02   1.62750087e-03
   3.56943948e+02   7.22081168e-04
   3.56944436e+02   6.04742032e-04
   3.56944925e+02   3.03937634e-03
   3.56945413e+02   2.07563792e-03
   3.56945901e+02  -5.60411136e-04
   3.56946390e+02  -1.06123358e-03
   3.56946878e+02  -1.28541095e-03
   3.56947366e+02  -2.35167201e-04
   3.56947854e+02   3.24927457e-03
   3.56948343e+02   2.02821381e-03
   3.56948831e+02  -1.33644941e-03
   3.56949319e+02  -1.48204912e-03
   3.56949808e+02  -6.89893903e-04
   3.56950296e+02   6.55345910e-04
   3.56950784e+02   1.68814510e-03
   3.56951273e+02   8.53691716e-04
   3.56951761e+02  -8.66840826e-04
   3.56952249e+02   2.45978212e-04
   3.56952738e+02   1.18000887e-03
   3.56953226e+02   5.91049262e-04
   3.56953714e+02   2.53643654e-03
   3.56954202e+02   4.50187363e-03
   3.56954691e+02   4.57275286e-03
   3.56955179e+02   5.01882331e-03
   3.56955667e+02   7.04846531e-03
   3.56956156e+02   8.29066709e-03
   3.56956644e+02   7.96416309e-03
   3.56957132e+02   8.61918181e-03
   3.56957621e+02   1.01016071e-02
   3.56958109e+02   1.15735661e-02
   3.56958597e+02   1.45051405e-02
   3.56959086e+02   1.46583160e-02
   3.56959574e+02   1.49585269e-02
   3.56960062e+02   1.24845412e-02
   3.56960550e+02   7.76286190e-03
   3.56961039e+02   7.01421779e-03
   3.56961527e+02   8.94815847e-03
   3.56962015e+02   7.22876424e-03
   3.56962504e+02   5.40480204e-03
   3.56962992e+02   5.41620376e-03
   3.56963480e+02   4.13649203e-03
   3.56963969e+02   4.27562557e-03
   3.56964457e+02   4.78755822e-03
   3.56964945e+02   4.05729655e-03
   3.56965434e+02   3.43057467e-03
   3.56965922e+02   3.09658097e-03
   3.56966410e+02   2.59570731e-03
   3.56966899e+02   1.44857098e-03
   3.56967387e+02  -5.31929254e-04
   3.56967875e+02  -1.24189723e-03
   3.56968363e+02   1.72896171e-03
   3.56968852e+02   4.23988095e-03
   3.56969340e+02   4.58699092e-03
   3.56969828e+02   5.12158824e-03
   3.56970317e+02   5.20261843e-03
   3.56970805e+02   3.27870296e-03
   3.56971293e+02   1.51541235e-03
   3.56971782e+02  -4.86448320e-04
   3.56972270e+02  -3.43703851e-03
   3.56972758e+02  -4.17948235e-03
   3.56973247e+02  -1.93496840e-03
   3.56973735e+02  -1.84249104e-04
   3.56974223e+02  -1.56275416e-03
   3.56974711e+02  -2.68344115e-03
   3.56975200e+02  -9.21682455e-04
   3.56975688e+02   3.00913263e-04
   3.56976176e+02   2.09105015e-03
   3.56976665e+02   4.75982390e-03
   3.56977153e+02   5.55149140e-03
   3.56977641e+02   5.64579526e-03
   3.56978130e+02   3.86661664e-03
   3.56978618e+02   1.10229326e-03
   3.56979106e+02   7.17759482e-04
   3.56979595e+02  -2.27333687e-04
   3.56980083e+02  -2.47446354e-03
   3.56980571e+02  -1.27144018e-03
   3.56981059e+02   2.59007933e-03
   3.56981548e+02   3.13765323e-03
   3.56982036e+02   3.71354021e-04
   3.56982524e+02  -8.68924544e-04
   3.56983013e+02  -4.35168360e-04
   3.56983501e+02  -1.05878164e-03
   3.56983989e+02  -1.03454360e-04
   3.56984478e+02   2.63813045e-03
   3.56984966e+02   1.40346412e-03
   3.56985454e+02  -2.58335052e-03
   3.56985943e+02  -3.17927171e-03
   3.56986431e+02  -8.77037004e-04
   3.56986919e+02   7.79231545e-04
   3.56987407e+02   9.10575560e-04
   3.56987896e+02   8.45810515e-04
   3.56988384e+02   2.16265372e-03
   3.56988872e+02   2.67656590e-03
   3.56989361e+02   1.49168284e-03
   3.56989849e+02   1.49648346e-03
   3.56990337e+02   6.83497288e-04
   3.56990826e+02  -2.74083251e-03
   3.56991314e+02  -4.57897782e-03
   3.56991802e+02  -3.91075341e-03
   3.56992291e+02  -2.60408479e-03
   3.56992779e+02  -1.98152615e-03
   3.56993267e+02  -5.67260897e-04
   3.56993755e+02   1.77465461e-03
   3.56994244e+02   1.81148062e-03
   3.56994732e+02   2.22740253e-03
   3.56995220e+02   2.00358219e-03
   3.56995709e+02  -8.08758836e-04
   3.56996197e+02  -1.89473329e-03
   3.56996685e+02   7.18693715e-04
   3.56997174e+02   1.46260799e-03
   3.56997662e+02  -2.93549820e-04
   3.56998150e+02   8.60617962e-04
   3.56998639e+02   2.46667163e-03
   3.56999127e+02   3.23213986e-03
   3.56999615e+02   3.08456924e-03
   3.57000103e+02  -9.20820748e-05
   3.57000592e+02  -6.85463892e-04
   3.57001080e+02  -8.32381891e-04
   3.57001568e+02  -1.62736385e-03
   3.57002057e+02  -2.09587044e-03
   3.57002545e+02  -2.49901740e-03
   3.57003033e+02  -1.47488288e-04
   3.57003522e+02   3.45392153e-04
   3.57004010e+02  -1.50665944e-03
   3.57004498e+02   1.43481779e-03
   3.57004987e+02   5.17386477e-03
   3.57005475e+02   3.15241120e-03
   3.57005963e+02   4.47282160e-04
   3.57006451e+02  -1.02650491e-03
   3.57006940e+02  -2.62152194e-03
   3.57007428e+02  -3.01624346e-03
   3.57007916e+02  -3.40975635e-03
   3.57008405e+02  -2.18351395e-03
   3.57008893e+02   1.13251735e-03
   3.57009381e+02   3.32219526e-03
   3.57009870e+02   3.48600536e-03
   3.57010358e+02   1.55085197e-03
   3.57010846e+02  -2.47433060e-03
   3.57011335e+02  -2.90040392e-03
   3.57011823e+02  -3.35206714e-04
   3.57012311e+02  -4.48849722e-04
   3.57012800e+02  -1.29884202e-03
   3.57013288e+02   9.94344591e-04
   3.57013776e+02   3.02379928e-03
   3.57014264e+02   2.62434292e-03
   3.57014753e+02   2.10818113e-03
   3.57015241e+02   2.14999588e-03
   3.57015729e+02   2.75446079e-03
   3.57016218e+02   5.61015506e-04
   3.57016706e+02  -2.22337246e-03
   3.57017194e+02   8.78892723e-04
   3.57017683e+02   8.98930477e-04
   3.57018171e+02   1.73339155e-03
   3.57018659e+02   3.85123934e-03
   3.57019148e+02   5.20598050e-03
   3.57019636e+02   2.18554796e-03
   3.57020124e+02  -1.28821528e-03
   3.57020612e+02   9.05148278e-04
   3.57021101e+02   3.76817537e-03
   3.57021589e+02   2.26305565e-03
   3.57022077e+02  -1.09493278e-03
   3.57022566e+02  -2.48575467e-03
   3.57023054e+02  -5.70308417e-04
   3.57023542e+02   9.68768436e-04
   3.57024031e+02   2.26151594e-03
   3.57024519e+02   2.74159014e-03
   3.57025007e+02   1.02171174e-03
   3.57025496e+02  -1.65905643e-04
   3.57025984e+02  -4.40568489e-04
   3.57026472e+02  -1.89390557e-03
   3.57026960e+02  -1.97078777e-03
   3.57027449e+02  -1.60116353e-03
   3.57027937e+02  -2.78676767e-03
   3.57028425e+02  -4.19557234e-03
   3.57028914e+02  -4.09785891e-03
   3.57029402e+02  -9.80173238e-04
   3.57029890e+02  -5.36432271e-05
   3.57030379e+02  -1.88526022e-03
   3.57030867e+02  -6.56074553e-04
   3.57031355e+02   8.33585145e-05
   3.57031844e+02  -1.26905378e-03
   3.57032332e+02  -6.54126110e-04
   3.57032820e+02  -8.63197958e-04
   3.57033308e+02  -2.88198981e-03
   3.57033797e+02  -2.20808364e-03
   3.57034285e+02   7.88777019e-04
   3.57034773e+02   1.45394437e-03
   3.57035262e+02   3.18875959e-06
   3.57035750e+02  -1.32338481e-03
   3.57036238e+02  -2.40997365e-03
   3.57036727e+02  -3.79513297e-03
   3.57037215e+02  -3.09452252e-03
   3.57037703e+02  -3.53477837e-04
   3.57038192e+02   2.86094000e-04
   3.57038680e+02  -1.14760303e-03
   3.57039168e+02  -3.17042752e-04
   3.57039656e+02   2.27370532e-03
   3.57040145e+02   3.28549393e-03
   3.57040633e+02   2.14423332e-03
   3.57041121e+02  -1.34041387e-04
   3.57041610e+02  -2.41023314e-04
   3.57042098e+02   1.13034830e-03
   3.57042586e+02   2.44825031e-03
   3.57043075e+02   3.24113388e-03
   3.57043563e+02   1.48374180e-03
   3.57044051e+02   6.63981191e-05
   3.57044540e+02   6.53304742e-04
   3.57045028e+02   2.31780508e-03
   3.57045516e+02   1.83504075e-03
   3.57046004e+02  -9.19741287e-05
   3.57046493e+02  -1.15651917e-03
   3.57046981e+02  -1.50864571e-03
   3.57047469e+02  -9.15083685e-04
   3.57047958e+02   5.68496704e-04
   3.57048446e+02   1.33111596e-03
   3.57048934e+02  -1.67596736e-03
   3.57049423e+02  -4.57104528e-03
   3.57049911e+02  -4.07008035e-03
   3.57050399e+02  -1.89930049e-03
   3.57050888e+02   1.57711282e-03
   3.57051376e+02   1.46830920e-03
   3.57051864e+02  -6.29512433e-05
   3.57052353e+02   1.66811363e-03
   3.57052841e+02   3.02076433e-03
   3.57053329e+02   3.01017868e-03
   3.57053817e+02   1.99805154e-03
   3.57054306e+02   8.39880435e-04
   3.57054794e+02   1.09397736e-03
   3.57055282e+02   1.31770957e-03
   3.57055771e+02   3.59570491e-04
   3.57056259e+02  -1.57692807e-03
   3.57056747e+02  -2.24912120e-03
   3.57057236e+02  -4.72744723e-04
   3.57057724e+02   1.20033196e-03
   3.57058212e+02   1.74798234e-03
   3.57058701e+02   1.35490450e-03
   3.57059189e+02   2.37190211e-03
   3.57059677e+02   3.28308530e-03
   3.57060165e+02  -2.45681644e-04
   3.57060654e+02  -3.41051375e-03
   3.57061142e+02  -3.98359681e-03
   3.57061630e+02  -4.10717260e-03
   3.57062119e+02  -2.57621240e-03
   3.57062607e+02  -2.06290185e-03
   3.57063095e+02  -4.19253111e-03
   3.57063584e+02  -3.51939676e-03
   3.57064072e+02   5.20898320e-04
   3.57064560e+02   8.60395550e-04
   3.57065049e+02  -1.27291365e-03
   3.57065537e+02   4.37330629e-04
   3.57066025e+02   7.86611286e-04
   3.57066513e+02  -2.89822067e-03
   3.57067002e+02  -3.70575581e-03
   3.57067490e+02  -2.00013234e-03
   3.57067978e+02  -8.17838241e-04
   3.57068467e+02   8.61341541e-04
   3.57068955e+02   1.32088305e-03
   3.57069443e+02   1.00361521e-03
   3.57069932e+02   4.42467805e-04
   3.57070420e+02  -1.41888927e-03
   3.57070908e+02  -2.45665875e-03
   3.57071397e+02  -2.01159669e-03
   3.57071885e+02  -1.31681049e-03
   3.57072373e+02  -1.02651212e-03
   3.57072861e+02  -8.90893280e-04
   3.57073350e+02  -8.72286400e-05
   3.57073838e+02  -7.23317731e-04
   3.57074326e+02  -3.50580527e-03
   3.57074815e+02  -4.56659542e-03
   3.57075303e+02  -1.58813188e-03
   3.57075791e+02   1.45795196e-03
   3.57076280e+02   1.60595006e-03
   3.57076768e+02   2.05035950e-03
   3.57077256e+02   1.59550691e-03
   3.57077745e+02  -3.64371372e-05
   3.57078233e+02  -3.95295501e-05
   3.57078721e+02   8.23910115e-04
   3.57079209e+02   1.43406924e-03
   3.57079698e+02   8.68572854e-04
   3.57080186e+02   1.67508770e-04
   3.57080674e+02   1.68611179e-03
   3.57081163e+02   1.32057362e-03
   3.57081651e+02   1.11457659e-03
   3.57082139e+02   3.35301924e-03
   3.57082628e+02   2.46211980e-03
   3.57083116e+02  -1.31418754e-03
   3.57083604e+02  -2.94976705e-03
   3.57084093e+02  -2.92358641e-03
   3.57084581e+02  -2.62925075e-03
   3.57085069e+02  -2.00551283e-03
   3.57085557e+02  -1.70114601e-03
   3.57086046e+02  -1.47387118e-03
   3.57086534e+02  -1.45456765e-03
   3.57087022e+02   1.41533453e-03
   3.57087511e+02   4.77668922e-03
   3.57087999e+02   3.76922218e-03
   3.57088487e+02   2.33668135e-03
   3.57088976e+02   2.64145876e-03
   3.57089464e+02   3.45935230e-03
   3.57089952e+02   3.89102311e-03
   3.57090441e+02   4.98402398e-03
   3.57090929e+02   3.52106523e-03
   3.57091417e+02  -4.97336849e-04
   3.57091906e+02  -2.32816604e-03
   3.57092394e+02  -3.23918136e-03
   3.57092882e+02  -1.84857566e-03
   3.57093370e+02   1.48242922e-03
   3.57093859e+02   3.91133595e-03
   3.57094347e+02   4.67691431e-03
   3.57094835e+02   1.74698117e-03
   3.57095324e+02  -3.05480277e-03
   3.57095812e+02  -3.78238410e-03
   3.57096300e+02  -7.18341675e-04
   3.57096789e+02   1.18430262e-03
   3.57097277e+02   3.52789968e-04
   3.57097765e+02  -1.93507026e-03
   3.57098254e+02  -1.90962653e-03
   3.57098742e+02  -4.26889863e-04
   3.57099230e+02  -4.69590828e-04
   3.57099718e+02  -9.02173168e-04
   3.57100207e+02   5.47808886e-04
   3.57100695e+02   3.97755159e-03
   3.57101183e+02   4.28693043e-03
   3.57101672e+02   4.40787571e-03
   3.57102160e+02   6.99037127e-03
   3.57102648e+02   7.42820511e-03
   3.57103137e+02   8.04706942e-03
   3.57103625e+02   1.29144629e-02
   3.57104113e+02   1.57192405e-02
   3.57104602e+02   1.53033286e-02
   3.57105090e+02   1.45379836e-02
   3.57105578e+02   1.52564859e-02
   3.57106066e+02   1.27810100e-02
   3.57106555e+02   9.63661913e-03
   3.57107043e+02   6.49149530e-03
   3.57107531e+02   6.71631005e-03
   3.57108020e+02   8.03458970e-03
   3.57108508e+02   7.12296506e-03
   3.57108996e+02   4.35940968e-03
   3.57109485e+02   3.47197312e-03
   3.57109973e+02   4.22870927e-03
   3.57110461e+02   2.94305314e-03
   3.57110950e+02   2.50447833e-04
   3.57111438e+02   4.58644092e-04
   3.57111926e+02   2.86125508e-03
   3.57112414e+02   4.37343726e-03
   3.57112903e+02   2.99707730e-03
   3.57113391e+02   7.39802606e-04
   3.57113879e+02   9.02712054e-04
   3.57114368e+02  -1.99048035e-03
   3.57114856e+02  -5.47137065e-03
   3.57115344e+02  -1.74020708e-03
   3.57115833e+02   4.65654721e-03
   3.57116321e+02   4.30719042e-03
   3.57116809e+02   1.47463905e-03
   3.57117298e+02   1.61506527e-03
   3.57117786e+02   1.58510741e-03
   3.57118274e+02   6.60284248e-04
   3.57118762e+02   5.81357395e-04
   3.57119251e+02   1.46202208e-03
   3.57119739e+02   1.75286632e-03
   3.57120227e+02   1.76135008e-03
   3.57120716e+02  -1.28908001e-03
   3.57121204e+02  -2.03919690e-03
   3.57121692e+02   2.06248765e-03
   3.57122181e+02   3.03595187e-03
   3.57122669e+02   2.67964345e-03
   3.57123157e+02   3.00356746e-03
   3.57123646e+02   9.95334820e-04
   3.57124134e+02  -2.30091438e-03
   3.57124622e+02  -3.20238876e-03
   3.57125110e+02  -2.31599994e-03
   3.57125599e+02  -1.70418923e-03
   3.57126087e+02  -4.16762894e-04
   3.57126575e+02   1.30840391e-03
   3.57127064e+02   2.07242160e-03
   3.57127552e+02   1.18228653e-03
   3.57128040e+02  -1.60073381e-04
   3.57128529e+02  -5.39007131e-04
   3.57129017e+02  -9.01085674e-04
   3.57129505e+02  -1.61066151e-03
   3.57129994e+02  -1.40251452e-03
   3.57130482e+02   4.87863945e-05
   3.57130970e+02   1.66612095e-03
   3.57131459e+02   2.88020959e-03
   3.57131947e+02   2.89032678e-03
   3.57132435e+02   1.93725422e-03
   3.57132923e+02   1.25817838e-03
   3.57133412e+02   6.58713514e-04
   3.57133900e+02   3.30417883e-04
   3.57134388e+02  -1.11856102e-03
   3.57134877e+02  -2.83042755e-04
   3.57135365e+02   2.55816500e-03
   3.57135853e+02   3.22558219e-03
   3.57136342e+02   3.15774279e-03
   3.57136830e+02   2.66779098e-03
   3.57137318e+02   9.12779244e-04
   3.57137807e+02  -2.27410416e-03
   3.57138295e+02  -5.76844858e-03
   3.57138783e+02  -5.09042293e-03
   3.57139271e+02  -1.86654273e-03
   3.57139760e+02  -1.24113110e-03
   3.57140248e+02   1.81961834e-04
   3.57140736e+02   2.98363622e-03
   3.57141225e+02   1.63524295e-03
   3.57141713e+02  -3.72692622e-04
   3.57142201e+02   3.92649614e-04
   3.57142690e+02   1.14011427e-03
   3.57143178e+02   1.02549547e-03
   3.57143666e+02   4.32853209e-04
   3.57144155e+02   6.29237766e-05
   3.57144643e+02   1.16078020e-03
   3.57145131e+02   2.01271172e-03
   3.57145619e+02   2.75680912e-04
   3.57146108e+02   4.67711041e-04
   3.57146596e+02   3.70536069e-03
   3.57147084e+02   4.58608801e-03
   3.57147573e+02   2.66981777e-03
   3.57148061e+02   5.12532752e-05
   3.57148549e+02  -1.91521796e-03
   3.57149038e+02  -1.61600113e-03
   3.57149526e+02   6.72256283e-04
   3.57150014e+02   2.97035440e-03
   3.57150503e+02   2.76756217e-03
   3.57150991e+02   1.61733280e-03
   3.57151479e+02   1.22986117e-03
   3.57151967e+02   9.12984775e-04
   3.57152456e+02   9.06842586e-04
   3.57152944e+02   1.94318942e-04
   3.57153432e+02   4.43319441e-05
   3.57153921e+02   6.36607467e-04
   3.57154409e+02  -5.81100641e-04
   3.57154897e+02  -8.40195687e-04
   3.57155386e+02   2.00310489e-03
   3.57155874e+02   4.38927347e-03
   3.57156362e+02   3.16718756e-03
   3.57156851e+02   5.08385594e-04
   3.57157339e+02  -1.34376967e-06
   3.57157827e+02   1.91532145e-03
   3.57158315e+02   3.70812300e-03
   3.57158804e+02   4.37633367e-03
   3.57159292e+02   5.89017104e-03
   3.57159780e+02   5.48880501e-03
   3.57160269e+02   1.14637101e-03
   3.57160757e+02  -1.87569391e-03
   3.57161245e+02  -9.18574980e-04
   3.57161734e+02   7.68293918e-04
   3.57162222e+02  -3.56854842e-04
   3.57162710e+02  -1.49318029e-03
   3.57163199e+02  -1.09330087e-03
   3.57163687e+02  -1.75271707e-03
   3.57164175e+02  -2.08185823e-03
   3.57164663e+02  -2.24745646e-03
   3.57165152e+02  -2.67867860e-03
   3.57165640e+02  -4.86432196e-04
   3.57166128e+02   1.12733559e-03
   3.57166617e+02   5.04414027e-04
   3.57167105e+02   7.43284763e-04
   3.57167593e+02   8.91977616e-05
   3.57168082e+02  -1.27247287e-04
   3.57168570e+02   9.85828810e-04
   3.57169058e+02   2.18175584e-04
   3.57169547e+02  -7.70305051e-04
   3.57170035e+02   2.86410883e-04
   3.57170523e+02   7.35445647e-04
   3.57171012e+02  -2.66735471e-04
   3.57171500e+02  -4.92249383e-04
   3.57171988e+02  -9.49806476e-04
   3.57172476e+02  -1.20165618e-03
   3.57172965e+02  -2.44078203e-03
   3.57173453e+02  -4.11326578e-03
   3.57173941e+02  -2.74166232e-03
   3.57174430e+02  -5.71075361e-04
   3.57174918e+02   1.55814074e-03
   3.57175406e+02   2.55737966e-03
   3.57175895e+02   1.26215362e-03
   3.57176383e+02   1.38534338e-03
   3.57176871e+02   2.54941522e-03
   3.57177360e+02   3.45833017e-03
   3.57177848e+02   2.96905194e-03
   3.57178336e+02   2.03438057e-03
   3.57178824e+02   1.62108790e-03
   3.57179313e+02   4.00676101e-04
   3.57179801e+02  -9.21376399e-04
   3.57180289e+02  -1.20236352e-03
   3.57180778e+02  -1.55224383e-03
   3.57181266e+02   4.25174978e-04
   3.57181754e+02   3.59021267e-03
   3.57182243e+02   2.88315536e-03
   3.57182731e+02   4.83421114e-04
   3.57183219e+02   1.08063966e-03
   3.57183708e+02   2.35834531e-03
   3.57184196e+02   1.43485493e-03
   3.57184684e+02   3.11248092e-04
   3.57185172e+02  -9.35325457e-04
   3.57185661e+02  -1.93205231e-03
   3.57186149e+02  -1.32236816e-03
   3.57186637e+02  -1.36150012e-03
   3.57187126e+02  -2.46284064e-03
   3.57187614e+02  -2.21186504e-03
   3.57188102e+02  -2.93776302e-05
   3.57188591e+02   3.00008542e-04
   3.57189079e+02  -2.30214978e-03
   3.57189567e+02  -2.11805385e-03
   3.57190056e+02  -5.07525765e-05
   3.57190544e+02  -6.89831621e-04
   3.57191032e+02  -1.78546878e-03
   3.57191520e+02  -6.01079519e-05
   3.57192009e+02   3.47091496e-04
   3.57192497e+02   4.54709843e-05
   3.57192985e+02   1.62632135e-03
   3.57193474e+02   4.42300894e-04
   3.57193962e+02   9.43462306e-04
   3.57194450e+02   5.26128011e-03
   3.57194939e+02   4.81264153e-03
   3.57195427e+02   5.69800497e-04
   3.57195915e+02  -1.61194650e-03
   3.57196404e+02  -1.72046281e-03
   3.57196892e+02  -4.63407836e-04
   3.57197380e+02  -9.93355177e-04
   3.57197868e+02  -2.92957830e-03
   3.57198357e+02  -1.84071949e-03
   3.57198845e+02  -3.16474216e-05
   3.57199333e+02   7.91216793e-04
   3.57199822e+02  -1.37497424e-04
   3.57200310e+02  -1.74371642e-03
   3.57200798e+02  -1.51958573e-03
   3.57201287e+02  -1.36983697e-03
   3.57201775e+02  -3.29485023e-03
   3.57202263e+02  -3.83345061e-03
   3.57202752e+02  -2.71490822e-03
   3.57203240e+02  -2.53855181e-03
   3.57203728e+02  -1.48339837e-03
   3.57204216e+02  -2.38471595e-03
   3.57204705e+02  -2.60653626e-03
   3.57205193e+02   1.76861510e-03
   3.57205681e+02   1.10620447e-03
   3.57206170e+02  -1.99619913e-03
   3.57206658e+02  -2.54297652e-03
   3.57207146e+02  -4.53527365e-03
   3.57207635e+02  -4.00109449e-03
   3.57208123e+02   4.72996209e-04
   3.57208611e+02   2.38654879e-03
   3.57209100e+02  -1.89524246e-04
   3.57209588e+02  -2.81919423e-03
   3.57210076e+02  -3.13229975e-03
   3.57210565e+02  -1.60939584e-03
   3.57211053e+02   5.08028141e-04
   3.57211541e+02   2.25336596e-04
   3.57212029e+02  -2.03777105e-03
   3.57212518e+02  -1.96121680e-03
   3.57213006e+02  -9.99215990e-04
   3.57213494e+02  -8.43602465e-04
   3.57213983e+02  -1.30902999e-03
   3.57214471e+02  -2.26895139e-03
   3.57214959e+02  -1.71931775e-03
   3.57215448e+02   1.08146574e-03
   3.57215936e+02   4.64969408e-03
   3.57216424e+02   4.73791966e-03
   3.57216913e+02   2.11648550e-03
   3.57217401e+02   8.68854462e-04
   3.57217889e+02   2.15421431e-03
   3.57218377e+02   3.86562361e-03
   3.57218866e+02   4.17681364e-03
   3.57219354e+02   5.01855882e-03
   3.57219842e+02   5.43434126e-03
   3.57220331e+02   4.13317326e-03
   3.57220819e+02   1.35859917e-03
   3.57221307e+02  -7.29400432e-04
   3.57221796e+02   9.39513033e-04
   3.57222284e+02   3.64108873e-03
   3.57222772e+02   3.50845186e-03
   3.57223261e+02   2.66103353e-03
   3.57223749e+02   8.53395206e-04
   3.57224237e+02  -2.21528346e-04
   3.57224725e+02   8.51627323e-04
   3.57225214e+02   1.27700332e-03
   3.57225702e+02  -7.36950256e-04
   3.57226190e+02  -2.58506811e-03
   3.57226679e+02  -2.84523261e-03
   3.57227167e+02  -3.96407722e-03
   3.57227655e+02  -4.85504279e-03
   3.57228144e+02  -4.33599856e-03
   3.57228632e+02  -1.69807579e-03
   3.57229120e+02   9.64827253e-04
   3.57229609e+02   4.58661671e-04
   3.57230097e+02   1.13431120e-03
   3.57230585e+02   1.51836034e-03
   3.57231073e+02  -1.48713239e-03
   3.57231562e+02  -2.52103293e-03
   3.57232050e+02  -1.99563010e-03
   3.57232538e+02  -1.60073745e-03
   3.57233027e+02  -1.75013777e-03
   3.57233515e+02  -4.44744946e-03
   3.57234003e+02  -5.21722529e-03
   3.57234492e+02   2.37690561e-04
   3.57234980e+02   4.73398389e-03
   3.57235468e+02   1.57323410e-03
   3.57235957e+02  -1.84336666e-03
   3.57236445e+02  -5.50268742e-04
   3.57236933e+02  -7.89221376e-04
   3.57237421e+02  -9.17360187e-04
   3.57237910e+02   6.93868904e-04
   3.57238398e+02   4.36266069e-04
   3.57238886e+02   2.61191977e-04
   3.57239375e+02   6.80069206e-04
   3.57239863e+02  -4.05503088e-04
   3.57240351e+02  -1.14312652e-03
   3.57240840e+02  -9.46510059e-04
   3.57241328e+02  -1.08224456e-03
   3.57241816e+02  -1.64599705e-03
   3.57242305e+02  -2.43751472e-03
   3.57242793e+02  -3.55013693e-03
   3.57243281e+02  -3.46714025e-03
   3.57243769e+02  -3.01512354e-03
   3.57244258e+02  -2.64734961e-03
   3.57244746e+02  -3.02704540e-03
   3.57245234e+02  -3.99137801e-03
   3.57245723e+02  -1.68569933e-03
   3.57246211e+02   2.25401320e-03
   3.57246699e+02   1.01091620e-03
   3.57247188e+02  -2.24897056e-03
   3.57247676e+02  -8.96073936e-04
   3.57248164e+02   1.16375566e-03
   3.57248653e+02  -6.25934044e-04
   3.57249141e+02  -2.74569890e-03
   3.57249629e+02  -3.35479155e-03
   3.57250118e+02  -2.30045128e-03
   3.57250606e+02   3.25294677e-04
   3.57251094e+02   1.33203086e-03
   3.57251582e+02  -2.15509534e-03
   3.57252071e+02  -2.54017999e-03
   3.57252559e+02  -3.26848822e-03
   3.57253047e+02  -2.08532484e-03
   3.57253536e+02   8.29843513e-04
   3.57254024e+02   1.65469281e-03
   3.57254512e+02  -2.04267810e-04
   3.57255001e+02  -3.19841225e-03
   3.57255489e+02  -3.57786147e-03
   3.57255977e+02  -1.91043084e-03
   3.57256466e+02  -1.29136187e-03
   3.57256954e+02  -8.09351623e-04
   3.57257442e+02   5.26534335e-04
   3.57257930e+02  -1.75423815e-03
   3.57258419e+02  -3.45599698e-03
   3.57258907e+02  -4.22295387e-04
   3.57259395e+02  -2.69612265e-05
   3.57259884e+02  -5.30955195e-03
   3.57260372e+02  -6.15793746e-03
   3.57260860e+02  -2.79302476e-04
   3.57261349e+02   2.90118740e-03
   3.57261837e+02   1.24571845e-03
   3.57262325e+02   1.18173644e-04
   3.57262814e+02   1.14959234e-03
   3.57263302e+02   1.13369257e-03
   3.57263790e+02   1.25554984e-03
   3.57264278e+02   3.88662284e-03
   3.57264767e+02   3.25136213e-03
   3.57265255e+02  -4.75062407e-04
   3.57265743e+02  -2.02248548e-03
   3.57266232e+02  -3.33439256e-03
   3.57266720e+02  -1.60452782e-03
   3.57267208e+02   3.79316323e-03
   3.57267697e+02   3.80579103e-03
   3.57268185e+02   6.45570108e-04
   3.57268673e+02   1.31216098e-03
   3.57269162e+02   2.75864126e-03
   3.57269650e+02   1.65860774e-03
   3.57270138e+02  -1.20120356e-03
   3.57270626e+02  -6.62657723e-04
   3.57271115e+02   2.19155848e-03
   3.57271603e+02   8.17439752e-04
   3.57272091e+02   4.52157750e-04
   3.57272580e+02   9.15728742e-04
   3.57273068e+02  -1.14740536e-03
   3.57273556e+02  -1.67380506e-03
   3.57274045e+02  -3.39110312e-03
   3.57274533e+02  -5.95022878e-03
   3.57275021e+02  -4.57049580e-03
   3.57275510e+02  -1.48527336e-03
   3.57275998e+02  -3.33517499e-04
   3.57276486e+02  -7.50796578e-04
   3.57276974e+02   1.03755345e-04
   3.57277463e+02   1.29004102e-03
   3.57277951e+02   1.69183302e-03
   3.57278439e+02   2.44149379e-03
   3.57278928e+02   2.40558921e-03
   3.57279416e+02   3.68007924e-03
   3.57279904e+02   3.76286265e-03
   3.57280393e+02   1.42080081e-03
   3.57280881e+02   1.27285998e-03
   3.57281369e+02   3.34708230e-03
   3.57281858e+02   6.07295427e-03
   3.57282346e+02   5.41581679e-03
   3.57282834e+02   1.54846662e-03
   3.57283322e+02   1.17476833e-04
   3.57283811e+02  -6.40249462e-04
   3.57284299e+02  -1.85701181e-03
   3.57284787e+02  -1.26693537e-03
   3.57285276e+02  -8.78832419e-04
   3.57285764e+02  -1.49683864e-03
   3.57286252e+02  -1.02530792e-03
   3.57286741e+02   1.39750657e-03
   3.57287229e+02   3.87110910e-03
   3.57287717e+02   2.55422038e-03
   3.57288206e+02  -1.59499759e-03
   3.57288694e+02  -2.57779239e-03
   3.57289182e+02   3.40026570e-04
   3.57289671e+02   3.71678267e-03
   3.57290159e+02   4.25196113e-03
   3.57290647e+02   2.58743064e-03
   3.57291135e+02  -1.27079978e-03
   3.57291624e+02  -4.68477281e-03
   3.57292112e+02  -3.29041737e-03
   3.57292600e+02  -1.26419426e-03
   3.57293089e+02  -3.12191481e-03
   3.57293577e+02  -2.67870142e-03
   3.57294065e+02   7.24304642e-04
   3.57294554e+02   1.25947106e-03
   3.57295042e+02   1.54197623e-03
   3.57295530e+02   4.33287397e-03
   3.57296019e+02   7.08880974e-03
   3.57296507e+02   9.34651308e-03
   3.57296995e+02   1.36845140e-02
   3.57297483e+02   1.60162076e-02
   3.57297972e+02   1.61700603e-02
   3.57298460e+02   1.44784255e-02
   3.57298948e+02   1.43241314e-02
   3.57299437e+02   1.38582624e-02
   3.57299925e+02   1.35456454e-02
   3.57300413e+02   1.40885916e-02
   3.57300902e+02   9.35873389e-03
   3.57301390e+02   5.43827983e-03
   3.57301878e+02   5.96006121e-03
   3.57302367e+02   6.45599328e-03
   3.57302855e+02   2.96895904e-03
   3.57303343e+02  -5.53307822e-04
   3.57303831e+02  -3.81534803e-04
   3.57304320e+02   2.97945342e-04
   3.57304808e+02   8.32925725e-04
   3.57305296e+02   6.34061522e-04
   3.57305785e+02  -5.27301512e-04
   3.57306273e+02  -5.65512863e-04
   3.57306761e+02   2.35334970e-04
   3.57307250e+02   1.34554529e-03
   3.57307738e+02   1.85269851e-03
   3.57308226e+02   1.34934939e-03
   3.57308715e+02   1.07470446e-03
   3.57309203e+02   2.66519492e-04
   3.57309691e+02  -1.88578432e-03
   3.57310179e+02  -4.77323914e-03
   3.57310668e+02  -5.28931338e-03
   3.57311156e+02  -1.17112068e-03
   3.57311644e+02   4.77477722e-03
   3.57312133e+02   6.28439477e-03
   3.57312621e+02   2.69500143e-03
   3.57313109e+02  -1.73028011e-03
   3.57313598e+02  -5.60585584e-04
   3.57314086e+02   3.15165822e-03
   3.57314574e+02   3.92995449e-03
   3.57315063e+02   5.84104145e-03
   3.57315551e+02   7.12074665e-03
   3.57316039e+02   3.15540307e-03
   3.57316527e+02  -4.43164929e-04
   3.57317016e+02  -1.31834007e-03
   3.57317504e+02   3.36107973e-04
   3.57317992e+02   1.67735829e-03
   3.57318481e+02   7.05430226e-04
   3.57318969e+02   8.35840819e-06
   3.57319457e+02  -6.55882061e-04
   3.57319946e+02  -1.22673879e-03
   3.57320434e+02  -8.74393270e-04
   3.57320922e+02   1.00417482e-03
   3.57321411e+02   1.30326301e-03
   3.57321899e+02  -7.54373148e-04
   3.57322387e+02  -1.53911079e-03
   3.57322875e+02  -1.10584020e-03
   3.57323364e+02  -2.07532616e-03
   3.57323852e+02  -1.56617025e-03
   3.57324340e+02   7.56931986e-05
   3.57324829e+02  -9.89998989e-06
   3.57325317e+02  -1.75154116e-03
   3.57325805e+02  -1.84197736e-03
   3.57326294e+02  -1.56726991e-03
   3.57326782e+02  -2.54141772e-03
   3.57327270e+02  -1.71975116e-04
   3.57327759e+02   2.17940100e-03
   3.57328247e+02   1.63129950e-03
   3.57328735e+02   8.75465557e-05
   3.57329224e+02  -1.54184888e-03
   3.57329712e+02  -8.37321568e-04
   3.57330200e+02   1.45731482e-03
   3.57330688e+02   9.00661631e-04
   3.57331177e+02   1.40380085e-04
   3.57331665e+02   2.74128863e-03
   3.57332153e+02   5.20945853e-03
   3.57332642e+02   1.98321068e-03
   3.57333130e+02  -2.09971517e-03
   3.57333618e+02  -2.17998540e-03
   3.57334107e+02  -1.00461533e-03
   3.57334595e+02  -1.09098060e-03
   3.57335083e+02  -3.95671552e-04
   3.57335572e+02  -4.53205925e-04
   3.57336060e+02  -1.09499774e-03
   3.57336548e+02   3.77023622e-04
   3.57337036e+02   1.40393816e-03
   3.57337525e+02   1.24782510e-03
   3.57338013e+02   2.99123465e-04
   3.57338501e+02  -1.20358811e-04
   3.57338990e+02   1.68099813e-03
   3.57339478e+02   2.88728450e-04
   3.57339966e+02  -3.22720315e-03
   3.57340455e+02  -2.79436563e-03
   3.57340943e+02   5.15012187e-04
   3.57341431e+02   2.71672709e-03
   3.57341920e+02   2.86180316e-03
   3.57342408e+02   1.55879930e-03
   3.57342896e+02  -6.45323016e-04
   3.57343384e+02  -1.69741991e-03
   3.57343873e+02  -1.25295832e-03
   3.57344361e+02  -1.83499040e-04
   3.57344849e+02   1.36585638e-03
   3.57345338e+02  -7.20640470e-04
   3.57345826e+02  -3.28330765e-03
   3.57346314e+02  -3.06490692e-03
   3.57346803e+02  -2.08681286e-03
   3.57347291e+02   7.50795647e-04
   3.57347779e+02   8.94219265e-04
   3.57348268e+02  -1.92878686e-03
   3.57348756e+02  -1.54611340e-03
   3.57349244e+02  -1.69530197e-03
   3.57349732e+02  -3.55113088e-03
   3.57350221e+02  -6.92811795e-04
   3.57350709e+02   3.14042001e-04
   3.57351197e+02  -3.21924058e-03
   3.57351686e+02  -2.88554793e-03
   3.57352174e+02  -2.24639924e-04
   3.57352662e+02   4.12460911e-04
   3.57353151e+02   3.02034983e-04
   3.57353639e+02   2.43694521e-04
   3.57354127e+02   3.52062547e-04
   3.57354616e+02  -3.48024187e-04
   3.57355104e+02  -1.48583960e-03
   3.57355592e+02  -3.28440475e-03
   3.57356080e+02  -4.28265147e-03
   3.57356569e+02  -3.38955456e-03
   3.57357057e+02  -2.08699377e-03
   3.57357545e+02  -1.26213033e-03
   3.57358034e+02  -1.69210936e-04
   3.57358522e+02   3.22436012e-04
   3.57359010e+02   4.01488884e-04
   3.57359499e+02  -1.38924259e-03
   3.57359987e+02  -2.20615044e-03
   3.57360475e+02  -3.56550387e-04
   3.57360964e+02   5.49182179e-04
   3.57361452e+02  -3.44439148e-04
   3.57361940e+02  -1.65367196e-03
   3.57362428e+02   9.98444448e-05
   3.57362917e+02   2.23259069e-03
   3.57363405e+02   2.05692789e-03
   3.57363893e+02   1.90539670e-03
   3.57364382e+02   9.93906753e-04
   3.57364870e+02  -1.92601723e-03
   3.57365358e+02  -4.47949255e-03
   3.57365847e+02  -4.73073870e-03
   3.57366335e+02  -4.20907419e-03
   3.57366823e+02  -1.71930238e-03
   3.57367312e+02   1.65643543e-03
   3.57367800e+02  -7.60650873e-05
   3.57368288e+02  -2.58779200e-03
   3.57368777e+02   1.42122663e-05
   3.57369265e+02   1.84695655e-03
   3.57369753e+02   2.50023464e-03
   3.57370241e+02   1.32283487e-03
   3.57370730e+02  -1.38633850e-03
   3.57371218e+02  -2.48468108e-03
   3.57371706e+02  -7.90015329e-04
   3.57372195e+02   1.37826032e-03
   3.57372683e+02   6.27915782e-04
   3.57373171e+02  -2.35080253e-03
   3.57373660e+02  -2.25531426e-03
   3.57374148e+02  -4.27441846e-05
   3.57374636e+02  -5.58055181e-04
   3.57375125e+02  -1.32374966e-03
   3.57375613e+02   3.09826311e-04
   3.57376101e+02   2.03095307e-03
   3.57376589e+02   8.03232309e-04
   3.57377078e+02  -6.26088760e-04
   3.57377566e+02  -3.84111103e-04
   3.57378054e+02  -3.02557222e-04
   3.57378543e+02   1.90461543e-03
   3.57379031e+02   6.57559279e-03
   3.57379519e+02   8.08355585e-03
   3.57380008e+02   4.77132155e-03
   3.57380496e+02   2.52541946e-03
   3.57380984e+02   2.69220979e-03
   3.57381473e+02   1.64806261e-03
   3.57381961e+02  -2.72935751e-04
   3.57382449e+02  -2.60022352e-03
   3.57382937e+02  -1.26630336e-03
   3.57383426e+02   3.17049818e-03
   3.57383914e+02   1.96890137e-03
   3.57384402e+02  -2.40084785e-03
   3.57384891e+02  -3.40844132e-03
   3.57385379e+02  -2.97894399e-03
   3.57385867e+02   3.69338813e-04
   3.57386356e+02   6.21720217e-03
   3.57386844e+02   1.01739252e-02
   3.57387332e+02   1.19195422e-02
   3.57387821e+02   1.10628549e-02
   3.57388309e+02   1.50996679e-02
   3.57388797e+02   1.62362102e-02
   3.57389285e+02   1.48367127e-02
   3.57389774e+02   1.36384694e-02
   3.57390262e+02   1.28152734e-02
   3.57390750e+02   7.60241970e-03
   3.57391239e+02   2.89911730e-03
   3.57391727e+02   5.11582755e-03
   3.57392215e+02   6.56288303e-03
   3.57392704e+02   4.84107109e-03
   3.57393192e+02   3.85078462e-03
   3.57393680e+02   3.08326236e-03
   3.57394169e+02   2.32007098e-03
   3.57394657e+02   2.15963437e-03
   3.57395145e+02   1.56981882e-03
   3.57395633e+02   2.88801594e-03
   3.57396122e+02   4.84908698e-03
   3.57396610e+02   3.65254818e-03
   3.57397098e+02   1.52580196e-03
   3.57397587e+02   1.16572599e-03
   3.57398075e+02   1.41486502e-03
   3.57398563e+02   2.36999500e-03
   3.57399052e+02   2.53476459e-03
   3.57399540e+02   1.80169870e-03
   3.57400028e+02   1.51106867e-03
   3.57400517e+02   3.52468312e-04
   3.57401005e+02  -1.34926953e-03
   3.57401493e+02  -1.09802617e-03
   3.57401981e+02  -7.66476907e-04
   3.57402470e+02  -3.99388053e-04
   3.57402958e+02   1.61303324e-03
   3.57403446e+02   1.36263028e-03
   3.57403935e+02  -1.99203985e-03
   3.57404423e+02  -4.67758719e-03
   3.57404911e+02  -5.05215442e-03
   3.57405400e+02  -4.62502195e-03
   3.57405888e+02  -3.40111344e-03
   3.57406376e+02  -1.15133694e-03
   3.57406865e+02   4.01895668e-04
   3.57407353e+02   1.28533738e-03
   3.57407841e+02   2.81985593e-03
   3.57408330e+02   2.32635671e-03
   3.57408818e+02   7.98300956e-04
   3.57409306e+02   2.85377610e-04
   3.57409794e+02  -5.44657756e-04
   3.57410283e+02  -1.23304693e-04
   3.57410771e+02  -8.88667302e-04
   3.57411259e+02  -3.05721723e-03
   3.57411748e+02  -2.86423275e-03
   3.57412236e+02  -5.73958794e-04
   3.57412724e+02   1.06962852e-03
   3.57413213e+02   1.84860756e-03
   3.57413701e+02   2.76872749e-03
   3.57414189e+02   1.51882251e-03
   3.57414678e+02  -1.59859390e-03
   3.57415166e+02  -3.59977107e-03
   3.57415654e+02  -2.42937915e-03
   3.57416142e+02   1.20962318e-03
   3.57416631e+02   2.47272523e-03
   3.57417119e+02   1.65286602e-03
   3.57417607e+02   1.82938849e-04
   3.57418096e+02  -1.54883321e-03
   3.57418584e+02  -2.03944021e-03
   3.57419072e+02  -6.10124902e-04
   3.57419561e+02   2.46042665e-03
   3.57420049e+02   3.03415954e-03
   3.57420537e+02   2.20604896e-04
   3.57421026e+02  -1.04558887e-03
   3.57421514e+02   1.61901975e-04
   3.57422002e+02  -1.82831020e-03
   3.57422490e+02  -4.20524180e-03
   3.57422979e+02  -1.82490307e-03
   3.57423467e+02   1.07780122e-03
   3.57423955e+02   3.10833636e-03
   3.57424444e+02   3.50928260e-03
   3.57424932e+02   1.55977451e-03
   3.57425420e+02   1.90333242e-03
   3.57425909e+02   1.56152295e-03
   3.57426397e+02  -2.45199236e-03
   3.57426885e+02  -3.91224632e-03
   3.57427374e+02   1.06203335e-03
   3.57427862e+02   6.86229859e-03
   3.57428350e+02   6.49019843e-03
   3.57428838e+02   2.03478779e-03
   3.57429327e+02   3.03705921e-04
   3.57429815e+02   2.25859368e-03
   3.57430303e+02   2.90484307e-03
   3.57430792e+02   1.25973544e-04
   3.57431280e+02  -2.69788783e-03
   3.57431768e+02  -3.33824288e-03
   3.57432257e+02  -9.57567012e-04
   3.57432745e+02  -5.26721007e-04
   3.57433233e+02  -3.30270920e-03
   3.57433722e+02  -1.63310638e-03
   3.57434210e+02   2.62705307e-03
   3.57434698e+02   2.83344393e-03
   3.57435186e+02   2.13459413e-03
   3.57435675e+02   1.88370701e-03
   3.57436163e+02  -3.92484159e-04
   3.57436651e+02  -2.23501516e-03
   3.57437140e+02  -3.43669497e-04
   3.57437628e+02   2.87954020e-03
   3.57438116e+02   3.85324052e-03
   3.57438605e+02   1.01062027e-03
   3.57439093e+02  -1.24441599e-03
   3.57439581e+02  -2.45158095e-03
   3.57440070e+02  -5.92868077e-03
   3.57440558e+02  -5.94893144e-03
   3.57441046e+02  -2.35220464e-03
   3.57441534e+02  -1.96477585e-03
   3.57442023e+02  -6.44618936e-04
   3.57442511e+02   1.17551582e-03
   3.57442999e+02   7.99881411e-04
   3.57443488e+02   1.61317398e-03
   3.57443976e+02   5.95535501e-04
   3.57444464e+02  -7.91269180e-04
   3.57444953e+02   1.06811570e-03
   3.57445441e+02   1.26473245e-03
   3.57445929e+02  -1.03944528e-03
   3.57446418e+02  -1.68102945e-03
   3.57446906e+02  -7.57773698e-04
   3.57447394e+02  -8.29071854e-04
   3.57447883e+02  -1.11214048e-03
   3.57448371e+02   4.62634140e-04
   3.57448859e+02   2.73118936e-03
   3.57449347e+02   8.04409210e-04
   3.57449836e+02  -3.34209274e-03
   3.57450324e+02  -2.35508359e-03
   3.57450812e+02   4.12951270e-03
   3.57451301e+02   7.13845529e-03
   3.57451789e+02   2.87320884e-03
   3.57452277e+02  -9.74952345e-05
   3.57452766e+02   3.81115708e-03
   3.57453254e+02   4.41520009e-03
   3.57453742e+02  -1.50705490e-03
   3.57454231e+02  -4.84783249e-03
   3.57454719e+02  -3.17020342e-03
   3.57455207e+02  -1.27843057e-04
   3.57455695e+02   2.81871384e-04
   3.57456184e+02  -1.60848536e-03
   3.57456672e+02  -1.28889666e-03
   3.57457160e+02  -2.08116090e-03
   3.57457649e+02  -3.56264901e-03
   3.57458137e+02  -1.75639498e-03
   3.57458625e+02  -1.68530445e-04
   3.57459114e+02   1.26064196e-03
   3.57459602e+02   2.98923277e-03
   3.57460090e+02   2.12452793e-03
   3.57460579e+02   1.14606728e-03
   3.57461067e+02   2.69374088e-03
   3.57461555e+02   3.20415525e-03
   3.57462043e+02   2.03694496e-03
   3.57462532e+02   1.37252419e-03
   3.57463020e+02   7.64695695e-04
   3.57463508e+02   1.27136346e-03
   3.57463997e+02   2.21163244e-03
   3.57464485e+02   1.75772281e-03
   3.57464973e+02  -1.81881920e-03
   3.57465462e+02  -3.69545165e-03
   3.57465950e+02  -2.26517813e-03
   3.57466438e+02  -2.22378736e-03
   3.57466927e+02  -2.02280236e-03
   3.57467415e+02  -1.26343023e-03
   3.57467903e+02  -1.97069254e-03
   3.57468391e+02  -1.96944317e-03
   3.57468880e+02  -1.01112912e-03
   3.57469368e+02  -2.97576259e-03
   3.57469856e+02  -4.60680388e-03
   3.57470345e+02  -2.81812134e-03
   3.57470833e+02  -3.55504826e-03
   3.57471321e+02  -4.81895078e-03
   3.57471810e+02  -2.69407383e-03
   3.57472298e+02   1.24135450e-03
   3.57472786e+02   5.09181293e-03
   3.57473275e+02   1.93878298e-03
   3.57473763e+02  -4.04111063e-03
   3.57474251e+02  -3.66786844e-03
   3.57474739e+02   1.56926006e-04
   3.57475228e+02   1.23788079e-03
   3.57475716e+02   5.50393524e-05
   3.57476204e+02   1.02003338e-03
   3.57476693e+02   4.10378817e-03
   3.57477181e+02   3.25667532e-03
   3.57477669e+02   3.02952612e-05
   3.57478158e+02  -1.40917371e-03
   3.57478646e+02  -1.16115378e-03
   3.57479134e+02   5.90916570e-05
   3.57479623e+02   2.03505671e-03
   3.57480111e+02   1.72599743e-03
   3.57480599e+02   1.76646688e-04
   3.57481087e+02   1.28696288e-03
   3.57481576e+02   1.86420011e-03
   3.57482064e+02  -3.83002945e-04
   3.57482552e+02  -3.92016955e-03
   3.57483041e+02  -3.89836985e-03
   3.57483529e+02  -1.00810837e-03
   3.57484017e+02  -1.09254196e-03
   3.57484506e+02  -2.77517736e-03
   3.57484994e+02  -2.24397937e-03
   3.57485482e+02  -1.31843390e-03
   3.57485971e+02  -3.36292153e-03
   3.57486459e+02  -3.70017206e-03
   3.57486947e+02  -1.95654319e-03
   3.57487436e+02  -9.64539591e-04
   3.57487924e+02  -1.07709737e-03
   3.57488412e+02  -2.28581208e-04
   3.57488900e+02   2.75685056e-03
   3.57489389e+02   4.18868056e-03
   3.57489877e+02   7.10977241e-04
   3.57490365e+02  -2.65315059e-03
   3.57490854e+02  -3.37833655e-03
   3.57491342e+02  -2.31107534e-03
   3.57491830e+02  -1.13487488e-03
   3.57492319e+02  -1.86321966e-03
   3.57492807e+02  -1.37831923e-03
   3.57493295e+02  -2.23843512e-04
   3.57493784e+02  -1.07860938e-03
   3.57494272e+02  -2.08345312e-03
   3.57494760e+02  -7.84884614e-04
   3.57495248e+02  -1.04883069e-03
   3.57495737e+02  -4.24028048e-03
   3.57496225e+02  -4.08629701e-03
   3.57496713e+02  -1.41422951e-03
   3.57497202e+02   6.69642875e-04
   3.57497690e+02   1.13846327e-03
   3.57498178e+02  -3.33506934e-04
   3.57498667e+02  -1.78646483e-03
   3.57499155e+02  -1.98920094e-03
   3.57499643e+02  -1.65472087e-03
   3.57500132e+02  -1.14941178e-03
   3.57500620e+02  -1.12504407e-03
   3.57501108e+02  -3.57715483e-03
   3.57501596e+02  -5.67358639e-03
   3.57502085e+02  -3.28378892e-03
   3.57502573e+02  -1.26171845e-03
   3.57503061e+02  -1.03482057e-03
   3.57503550e+02  -6.41362625e-04
   3.57504038e+02  -6.33011368e-05
   3.57504526e+02  -2.34596850e-03
   3.57505015e+02  -3.08918208e-03
   3.57505503e+02  -4.38319148e-05
   3.57505991e+02  -5.06162003e-04
   3.57506480e+02  -3.27248801e-03
   3.57506968e+02  -3.87966027e-03
   3.57507456e+02  -2.64935475e-03
   3.57507944e+02  -1.31685939e-03
   3.57508433e+02  -1.01196545e-03
   3.57508921e+02  -1.07380445e-03
   3.57509409e+02   2.48703320e-04
   3.57509898e+02   3.66695994e-03
   3.57510386e+02   5.12922788e-03
   3.57510874e+02   2.79416749e-03
   3.57511363e+02   2.73533660e-04
   3.57511851e+02   4.44095174e-04
   3.57512339e+02   1.13254401e-03
   3.57512828e+02  -2.17450492e-04
   3.57513316e+02  -1.00988988e-03
   3.57513804e+02  -2.32134201e-03
   3.57514292e+02  -2.76426063e-03
   3.57514781e+02   1.11825671e-03
   3.57515269e+02   5.96679933e-03
   3.57515757e+02   5.78328734e-03
   3.57516246e+02   1.57105282e-03
   3.57516734e+02  -1.94777254e-04
   3.57517222e+02  -6.14604622e-04
   3.57517711e+02  -1.82167615e-03
   3.57518199e+02  -6.70653768e-04
   3.57518687e+02   1.37721770e-03
   3.57519176e+02   2.30147992e-03
   3.57519664e+02   1.10805139e-03
   3.57520152e+02   3.67649889e-04
   3.57520640e+02   1.48063584e-03
   3.57521129e+02   6.67701708e-04
   3.57521617e+02  -1.11051544e-03
   3.57522105e+02   7.04195467e-04
   3.57522594e+02   2.45578261e-03
   3.57523082e+02   6.25558081e-04
   3.57523570e+02  -1.90565799e-04
   3.57524059e+02   2.10362650e-03
   3.57524547e+02   8.93445802e-04
   3.57525035e+02  -3.81601788e-03
   3.57525524e+02  -6.55441033e-03
   3.57526012e+02  -5.57573047e-03
   3.57526500e+02  -1.05520745e-03
   3.57526989e+02   1.11561490e-03
   3.57527477e+02  -3.42527055e-04
   3.57527965e+02   2.13438965e-04
   3.57528453e+02   4.42721474e-04
   3.57528942e+02  -1.40332873e-03
   3.57529430e+02  -6.31083036e-04
   3.57529918e+02   1.40148797e-03
   3.57530407e+02  -8.44422029e-04
   3.57530895e+02  -4.80352761e-03
   3.57531383e+02  -5.50378067e-03
   3.57531872e+02  -3.85761075e-03
   3.57532360e+02  -1.49915949e-03
   3.57532848e+02   2.72084796e-03
   3.57533337e+02   4.17929888e-03
   3.57533825e+02   2.17325898e-04
   3.57534313e+02  -2.16577039e-03
   3.57534801e+02  -1.52598729e-03
   3.57535290e+02   2.76674138e-04
   3.57535778e+02   1.76789553e-03
   3.57536266e+02   1.44552789e-03
   3.57536755e+02   1.19548396e-03
   3.57537243e+02   1.14262558e-03
   3.57537731e+02   2.16198550e-03
   3.57538220e+02   3.74728255e-03
   3.57538708e+02   1.46619044e-03
   3.57539196e+02  -3.03061004e-03
   3.57539685e+02  -5.01092989e-03
   3.57540173e+02  -3.03563662e-03
   3.57540661e+02  -2.45814648e-04
   3.57541149e+02  -1.55810348e-03
   3.57541638e+02  -3.94331338e-03
   3.57542126e+02  -4.92131338e-03
   3.57542614e+02  -5.34958299e-03
   3.57543103e+02  -5.17871883e-03
   3.57543591e+02  -4.98484680e-03
   3.57544079e+02  -3.13488860e-03
   3.57544568e+02   8.11212929e-04
   3.57545056e+02   6.98499731e-04
   3.57545544e+02   1.70980103e-03
   3.57546033e+02   1.50849926e-03
   3.57546521e+02  -1.73886510e-04
   3.57547009e+02  -6.38438330e-04
   3.57547497e+02  -1.34960655e-03
   3.57547986e+02   8.93160541e-05
   3.57548474e+02   4.25082073e-03
   3.57548962e+02   5.21626510e-03
   3.57549451e+02   1.86647894e-03
   3.57549939e+02  -1.97434812e-04
   3.57550427e+02  -3.80774349e-04
   3.57550916e+02  -7.33463501e-04
   3.57551404e+02   7.19156116e-04
   3.57551892e+02   4.97631403e-03
   3.57552381e+02   6.83817687e-03
   3.57552869e+02   4.04287595e-03
   3.57553357e+02  -7.20592274e-04
   3.57553845e+02  -2.52879946e-03
   3.57554334e+02  -2.54940172e-03
   3.57554822e+02  -4.49589454e-03
   3.57555310e+02  -4.47246432e-03
   3.57555799e+02  -1.72759371e-03
   3.57556287e+02   1.13003283e-04
   3.57556775e+02  -2.84555543e-04
   3.57557264e+02  -1.72631175e-03
   3.57557752e+02  -4.98243317e-04
   3.57558240e+02   8.49081262e-04
   3.57558729e+02  -5.19562338e-04
   3.57559217e+02  -2.19062786e-03
   3.57559705e+02  -3.41675780e-03
   3.57560193e+02  -4.61481744e-03
   3.57560682e+02  -2.48715235e-03
   3.57561170e+02   2.20679634e-04
   3.57561658e+02  -7.61265226e-04
   3.57562147e+02   1.47335704e-05
   3.57562635e+02   1.76609121e-03
   3.57563123e+02  -1.01164922e-04
   3.57563612e+02  -2.44428497e-03
   3.57564100e+02  -2.34438200e-03
   3.57564588e+02  -4.06567036e-04
   3.57565077e+02   2.51916167e-03
   3.57565565e+02   2.29185796e-03
   3.57566053e+02  -1.90843444e-03
   3.57566542e+02  -3.39378091e-03
   3.57567030e+02  -8.82181921e-04
   3.57567518e+02   1.36437628e-03
   3.57568006e+02   1.03958801e-03
   3.57568495e+02   2.49985396e-03
   3.57568983e+02   4.20502992e-03
   3.57569471e+02   3.44837876e-03
   3.57569960e+02   1.52540894e-03
   3.57570448e+02  -2.33871676e-03
   3.57570936e+02  -6.15636865e-03
   3.57571425e+02  -6.56274799e-03
   3.57571913e+02  -4.20556357e-03
   3.57572401e+02  -9.52624949e-04
   3.57572890e+02   1.34292990e-03
   3.57573378e+02   1.03207561e-03
   3.57573866e+02   2.52753054e-03
   3.57574354e+02   4.33497876e-03
   3.57574843e+02   2.71571893e-03
   3.57575331e+02   1.23672289e-04
   3.57575819e+02  -2.29918305e-03
   3.57576308e+02  -2.90827057e-03
   3.57576796e+02  -6.58825622e-04
   3.57577284e+02   3.38716037e-03
   3.57577773e+02   4.80695767e-03
   3.57578261e+02   1.79876271e-03
   3.57578749e+02  -4.50483698e-04
   3.57579238e+02  -2.99277366e-03
   3.57579726e+02  -4.71089501e-03
   3.57580214e+02  -2.66766059e-03
   3.57580702e+02  -7.06699502e-04
   3.57581191e+02   6.18737424e-04
   3.57581679e+02   1.59687048e-03
   3.57582167e+02   6.16617501e-04
   3.57582656e+02  -1.54313946e-03
   3.57583144e+02  -4.06893436e-03
   3.57583632e+02  -6.05115481e-03
   3.57584121e+02  -7.54740555e-03
   3.57584609e+02  -6.13531750e-03
   3.57585097e+02  -1.75607845e-03
   3.57585586e+02   3.30230512e-04
   3.57586074e+02  -9.29032743e-04
   3.57586562e+02  -8.12613638e-04
   3.57587050e+02  -3.92023881e-04
   3.57587539e+02  -2.35889386e-03
   3.57588027e+02  -2.07281951e-03
   3.57588515e+02  -6.60870457e-04
   3.57589004e+02  -3.42333131e-03
   3.57589492e+02  -3.17212357e-03
   3.57589980e+02   1.14424515e-03
   3.57590469e+02   1.10915978e-03
   3.57590957e+02   8.29610450e-04
   3.57591445e+02   3.08699231e-03
   3.57591934e+02   1.82127836e-03
   3.57592422e+02  -1.45676464e-03
   3.57592910e+02  -3.28787137e-03
   3.57593398e+02  -2.76498008e-03
   3.57593887e+02  -1.20839209e-03
   3.57594375e+02  -5.67356066e-04
   3.57594863e+02  -2.57445732e-04
   3.57595352e+02   2.50910438e-04
   3.57595840e+02   6.33298536e-04
   3.57596328e+02   1.79371727e-03
   3.57596817e+02   1.88299059e-03
   3.57597305e+02   9.76104580e-04
   3.57597793e+02   2.03489466e-03
   3.57598282e+02   2.82993750e-03
   3.57598770e+02   1.59806805e-03
   3.57599258e+02   4.85925120e-04
   3.57599746e+02   1.51289802e-04
   3.57600235e+02   1.45257893e-03
   3.57600723e+02  -9.46926069e-04
   3.57601211e+02  -2.35528289e-03
   3.57601700e+02   3.77552671e-04
   3.57602188e+02  -1.39289990e-03
   3.57602676e+02  -4.69000870e-03
   3.57603165e+02  -1.25399383e-03
   3.57603653e+02   1.85288326e-03
   3.57604141e+02   3.42636486e-03
   3.57604630e+02   6.59017824e-03
   3.57605118e+02   8.24435521e-03
   3.57605606e+02   4.96808672e-03
   3.57606095e+02   3.34918872e-03
   3.57606583e+02   5.34896739e-03
   3.57607071e+02   8.54499824e-03
   3.57607559e+02   1.05440253e-02
   3.57608048e+02   1.12995775e-02
   3.57608536e+02   1.34508684e-02
   3.57609024e+02   1.95575040e-02
   3.57609513e+02   2.03518327e-02
   3.57610001e+02   1.64468754e-02
   3.57610489e+02   1.28674461e-02
   3.57610978e+02   1.57244857e-02
   3.57611466e+02   1.42019112e-02
   3.57611954e+02   9.53508820e-03
   3.57612443e+02   5.43652335e-03
   3.57612931e+02   1.23735610e-03
   3.57613419e+02   4.04493330e-04
   3.57613907e+02  -2.13430438e-04
   3.57614396e+02  -2.42365990e-03
   3.57614884e+02  -3.63980909e-03
   3.57615372e+02   8.13647348e-04
   3.57615861e+02   5.35812974e-03
   3.57616349e+02   3.57557880e-03
   3.57616837e+02   9.21344210e-04
   3.57617326e+02  -1.24484522e-03
   3.57617814e+02  -2.81789759e-03
   3.57618302e+02  -3.25926230e-03
   3.57618791e+02  -5.63849462e-03
   3.57619279e+02  -5.54886740e-03
   3.57619767e+02  -2.12105596e-03
   3.57620255e+02  -1.74865371e-03
   3.57620744e+02  -1.63159519e-03
   3.57621232e+02  -6.48504589e-04
   3.57621720e+02  -2.84938421e-03
   3.57622209e+02  -2.78676953e-03
   3.57622697e+02  -3.01924621e-04
   3.57623185e+02   4.81988362e-04
   3.57623674e+02  -8.00271577e-04
   3.57624162e+02  -6.54492833e-05
   3.57624650e+02   2.78341561e-03
   3.57625139e+02   3.40158422e-03
   3.57625627e+02  -5.81328914e-06
   3.57626115e+02  -2.02752859e-03
   3.57626603e+02  -1.62210269e-03
   3.57627092e+02   7.07923435e-04
   3.57627580e+02   3.43191251e-03
   3.57628068e+02   2.73726485e-03
   3.57628557e+02  -1.12312275e-03
   3.57629045e+02  -3.68773611e-03
   3.57629533e+02  -4.51858062e-03
   3.57630022e+02  -5.50275762e-03
   3.57630510e+02  -5.12943743e-03
   3.57630998e+02   2.52015819e-03
   3.57631487e+02   1.03512593e-02
   3.57631975e+02   7.14633893e-03
   3.57632463e+02  -8.53503065e-04
   3.57632951e+02  -5.42320777e-03
   3.57633440e+02  -4.88546165e-03
   3.57633928e+02  -2.66505918e-03
   3.57634416e+02   2.24154050e-04
   3.57634905e+02   1.67118397e-03
   3.57635393e+02   1.45433261e-03
   3.57635881e+02   2.12766998e-03
   3.57636370e+02   3.60858999e-03
   3.57636858e+02   7.63376756e-03
   3.57637346e+02   7.84911402e-03
   3.57637835e+02   2.73716683e-03
   3.57638323e+02  -1.05915451e-03
   3.57638811e+02   1.25353364e-03
   3.57639299e+02   4.53719171e-03
   3.57639788e+02   5.36456704e-03
   3.57640276e+02   8.29027500e-03
   3.57640764e+02   8.99043866e-03
   3.57641253e+02   1.09785153e-02
   3.57641741e+02   1.58113353e-02
   3.57642229e+02   1.71212386e-02
   3.57642718e+02   1.43852187e-02
   3.57643206e+02   1.16292359e-02
   3.57643694e+02   1.47158345e-02
   3.57644183e+02   1.42745972e-02
   3.57644671e+02   8.03394709e-03
   3.57645159e+02   6.54151989e-03
   3.57645648e+02   6.84035290e-03
   3.57646136e+02   2.97636422e-03
   3.57646624e+02   4.75976907e-04
   3.57647112e+02   2.85579520e-03
   3.57647601e+02   5.52954152e-03
   3.57648089e+02   6.82231970e-03
   3.57648577e+02   8.15819576e-03
   3.57649066e+02   7.42945075e-03
   3.57649554e+02   4.75250045e-03
   3.57650042e+02   2.05159583e-03
   3.57650531e+02   1.19901018e-03
   3.57651019e+02  -8.48345575e-04
   3.57651507e+02  -4.09247773e-03
   3.57651996e+02  -2.90083466e-03
   3.57652484e+02  -2.72316363e-04
   3.57652972e+02   1.27975349e-04
   3.57653460e+02   1.18177489e-03
   3.57653949e+02   1.55059111e-04
   3.57654437e+02  -1.95683539e-03
   3.57654925e+02   4.30672197e-04
   3.57655414e+02   2.32901913e-03
   3.57655902e+02   1.92539985e-04
   3.57656390e+02  -2.72172666e-03
   3.57656879e+02  -5.03833359e-03
   3.57657367e+02  -2.95489072e-03
   3.57657855e+02  -2.73892656e-04
   3.57658344e+02  -1.24396480e-04
   3.57658832e+02   1.79749751e-03
   3.57659320e+02   2.55373609e-03
   3.57659808e+02   9.86641273e-04
   3.57660297e+02   2.08865688e-03
   3.57660785e+02   1.96235650e-03
   3.57661273e+02   3.47718538e-04
   3.57661762e+02   1.75029185e-04
   3.57662250e+02   2.92702531e-03
   3.57662738e+02   4.64339880e-03
   3.57663227e+02   3.20388423e-03
   3.57663715e+02   2.02597686e-04
   3.57664203e+02  -1.01042166e-03
   3.57664692e+02  -2.77736830e-03
   3.57665180e+02  -4.69818898e-03
   3.57665668e+02  -1.41320878e-03
   3.57666156e+02   2.72266450e-03
   3.57666645e+02   2.88357795e-03
   3.57667133e+02   2.11372762e-03
   3.57667621e+02   1.29093432e-05
   3.57668110e+02  -2.26288801e-03
   3.57668598e+02  -2.59419018e-03
   3.57669086e+02  -2.26702169e-03
   3.57669575e+02  -9.36330471e-04
   3.57670063e+02  -1.35277794e-03
   3.57670551e+02  -1.18469587e-03
   3.57671040e+02   4.85701626e-03
   3.57671528e+02   6.98738871e-03
   3.57672016e+02   2.17495672e-03
   3.57672504e+02  -5.16176573e-04
   3.57672993e+02   4.06416017e-04
   3.57673481e+02   3.06127197e-03
   3.57673969e+02   2.47158203e-03
   3.57674458e+02   6.70678637e-05
   3.57674946e+02   1.85306685e-03
   3.57675434e+02   4.53461567e-03
   3.57675923e+02   4.13642125e-03
   3.57676411e+02   1.98284793e-03
   3.57676899e+02   2.71222112e-03
   3.57677388e+02   6.52317517e-03
   3.57677876e+02   8.11265502e-03
   3.57678364e+02   7.60508794e-03
   3.57678852e+02   1.19047491e-02
   3.57679341e+02   1.41971484e-02
   3.57679829e+02   1.52143817e-02
   3.57680317e+02   1.57966763e-02
   3.57680806e+02   1.62529442e-02
   3.57681294e+02   1.05325039e-02
   3.57681782e+02   5.89655945e-03
   3.57682271e+02   6.09219074e-03
   3.57682759e+02   7.61676487e-03
   3.57683247e+02   3.79212387e-03
   3.57683736e+02  -2.64653121e-04
   3.57684224e+02  -1.28106994e-03
   3.57684712e+02  -1.21269387e-03
   3.57685200e+02  -1.66669954e-03
   3.57685689e+02  -3.01058870e-04
   3.57686177e+02   2.08997587e-03
   3.57686665e+02   1.77652843e-03
   3.57687154e+02   8.91624950e-04
   3.57687642e+02   1.08432374e-03
   3.57688130e+02   2.43991753e-03
   3.57688619e+02   7.46715162e-03
   3.57689107e+02   8.49351659e-03
   3.57689595e+02   2.99102627e-03
   3.57690084e+02  -1.57607056e-03
   3.57690572e+02  -2.57695327e-03
   3.57691060e+02  -1.69363746e-03
   3.57691549e+02  -3.14758415e-03
   3.57692037e+02  -2.53661908e-03
   3.57692525e+02   1.78664399e-03
   3.57693013e+02   2.35878699e-03
   3.57693502e+02  -6.55418320e-04
   3.57693990e+02  -7.81317358e-04
   3.57694478e+02   1.85100595e-03
   3.57694967e+02   4.54165367e-03
   3.57695455e+02   2.42352183e-03
   3.57695943e+02  -1.38338655e-03
   3.57696432e+02  -1.75007235e-03
   3.57696920e+02   2.80105247e-04
   3.57697408e+02   2.94848136e-03
   3.57697897e+02   2.48357025e-03
   3.57698385e+02  -1.08383560e-04
   3.57698873e+02   7.46197256e-05
   3.57699361e+02   1.36464101e-03
   3.57699850e+02   3.05636716e-03
   3.57700338e+02   5.40197548e-03
   3.57700826e+02   6.92528952e-03
   3.57701315e+02   4.77799354e-03
   3.57701803e+02   1.72803423e-03
   3.57702291e+02   3.60117760e-03
   3.57702780e+02   5.00306115e-03
   3.57703268e+02   2.76407297e-03
   3.57703756e+02   2.56904983e-04
   3.57704245e+02   5.05443371e-04
   3.57704733e+02   2.36262058e-04
   3.57705221e+02  -1.72369776e-03
   3.57705709e+02  -2.67980620e-03
   3.57706198e+02  -3.25310649e-03
   3.57706686e+02  -1.21523323e-03
   3.57707174e+02   8.90256953e-04
   3.57707663e+02   1.55128061e-03
   3.57708151e+02   2.09805695e-03
   3.57708639e+02   2.54361634e-03
   3.57709128e+02   3.91280325e-03
   3.57709616e+02   6.23795204e-03
   3.57710104e+02   6.32537017e-03
   3.57710593e+02   3.08037410e-03
   3.57711081e+02   2.44926396e-05
   3.57711569e+02  -5.28424222e-04
   3.57712057e+02   1.35766855e-03
   3.57712546e+02   1.62147335e-03
   3.57713034e+02  -7.74898159e-04
   3.57713522e+02   1.75280555e-04
   3.57714011e+02   2.54526478e-03
   3.57714499e+02   9.73999209e-04
   3.57714987e+02  -1.18815061e-03
   3.57715476e+02  -7.74060434e-04
   3.57715964e+02   6.09317212e-04
   3.57716452e+02   2.75680068e-04
   3.57716941e+02  -4.90506703e-04
   3.57717429e+02  -6.63013054e-07
   3.57717917e+02   1.28809037e-03
   3.57718405e+02   1.28229661e-03
   3.57718894e+02   2.05104938e-03
   3.57719382e+02   2.94596003e-03
   3.57719870e+02   4.32312430e-04
   3.57720359e+02  -1.27193844e-03
   3.57720847e+02  -1.47559308e-03
   3.57721335e+02  -9.21699917e-04
   3.57721824e+02   1.68009530e-04
   3.57722312e+02   2.13611359e-03
   3.57722800e+02   2.11654021e-03
   3.57723289e+02   6.87251508e-04
   3.57723777e+02  -2.40372698e-04
   3.57724265e+02  -1.45921472e-03
   3.57724753e+02  -1.19660527e-03
   3.57725242e+02  -1.14718627e-03
   3.57725730e+02  -1.10930635e-03
   3.57726218e+02   3.38869472e-03
   3.57726707e+02   7.25973723e-03
   3.57727195e+02   6.93536410e-03
   3.57727683e+02   7.50187226e-03
   3.57728172e+02   8.67910031e-03
   3.57728660e+02   1.01615880e-02
   3.57729148e+02   1.39339855e-02
   3.57729637e+02   1.60496961e-02
   3.57730125e+02   9.84543841e-03
   3.57730613e+02   7.64743052e-03
   3.57731102e+02   8.86826962e-03
   3.57731590e+02   1.06526092e-02
   3.57732078e+02   1.37282917e-02
   3.57732566e+02   1.25477025e-02
   3.57733055e+02   7.09552737e-03
   3.57733543e+02   4.13793419e-03
   3.57734031e+02   1.39325694e-03
   3.57734520e+02  -4.09026281e-04
   3.57735008e+02   7.45483499e-04
   3.57735496e+02   3.46301310e-03
   3.57735985e+02   2.66530062e-03
   3.57736473e+02  -1.16134284e-03
   3.57736961e+02  -4.48026520e-04
   3.57737450e+02   2.09528278e-03
   3.57737938e+02   1.77986897e-03
   3.57738426e+02  -5.09439211e-04
   3.57738914e+02  -2.44471757e-03
   3.57739403e+02   8.88009497e-04
   3.57739891e+02   5.65648358e-03
   3.57740379e+02   6.84711710e-03
   3.57740868e+02   3.72419832e-03
   3.57741356e+02   5.06057288e-04
   3.57741844e+02   1.84895517e-03
   3.57742333e+02   2.76730279e-03
   3.57742821e+02   2.16084009e-04
   3.57743309e+02   1.70092317e-04
   3.57743798e+02  -2.61568872e-04
   3.57744286e+02  -3.38690728e-03
   3.57744774e+02  -3.31356120e-03
   3.57745262e+02  -2.45767017e-03
   3.57745751e+02  -2.89551774e-03
   3.57746239e+02   8.47908319e-04
   3.57746727e+02   6.02413900e-03
   3.57747216e+02   5.95468562e-03
   3.57747704e+02   3.67120071e-03
   3.57748192e+02   2.13161623e-03
   3.57748681e+02   1.64086639e-03
   3.57749169e+02   3.85863078e-03
   3.57749657e+02   4.65700403e-03
   3.57750146e+02   3.37136700e-03
   3.57750634e+02   1.49743666e-03
   3.57751122e+02  -1.33766013e-03
   3.57751610e+02  -2.19967915e-03
   3.57752099e+02   1.38859043e-03
   3.57752587e+02   6.95897872e-03
   3.57753075e+02   8.90665688e-03
   3.57753564e+02   8.92698206e-03
   3.57754052e+02   7.74760218e-03
   3.57754540e+02   5.21376124e-03
   3.57755029e+02   6.83495216e-03
   3.57755517e+02   1.01856645e-02
   3.57756005e+02   1.12257581e-02
   3.57756494e+02   1.06972093e-02
   3.57756982e+02   8.08877125e-03
   3.57757470e+02   6.29428495e-03
   3.57757958e+02   6.15992257e-03
   3.57758447e+02   3.46773257e-03
   3.57758935e+02  -1.18838623e-04
   3.57759423e+02  -2.33287108e-03
   3.57759912e+02  -7.70035374e-04
   3.57760400e+02   2.81993835e-03
   3.57760888e+02   3.61408526e-03
   3.57761377e+02   2.26134155e-03
   3.57761865e+02   3.25989153e-04
   3.57762353e+02  -2.93001576e-05
   3.57762842e+02   1.08768593e-03
   3.57763330e+02   1.59715291e-03
   3.57763818e+02   3.25090066e-03
   3.57764306e+02   4.85212682e-03
   3.57764795e+02   3.52560752e-03
   3.57765283e+02   7.57143018e-04
   3.57765771e+02  -3.39092663e-03
   3.57766260e+02  -4.34030453e-03
   3.57766748e+02  -2.34329677e-03
   3.57767236e+02  -6.67638262e-04
   3.57767725e+02   1.07088184e-03
   3.57768213e+02   3.34989023e-03
   3.57768701e+02   4.31665499e-03
   3.57769190e+02   4.80105961e-03
   3.57769678e+02   3.42951226e-03
   3.57770166e+02   5.61673485e-04
   3.57770655e+02   7.56181020e-04
   3.57771143e+02   2.68627936e-03
   3.57771631e+02   1.74801308e-03
   3.57772119e+02  -1.40484225e-03
   3.57772608e+02  -2.51723244e-03
   3.57773096e+02  -4.82172298e-04
   3.57773584e+02   1.26046862e-03
   3.57774073e+02   1.31680397e-03
   3.57774561e+02   2.77102063e-03
   3.57775049e+02   4.03924659e-03
   3.57775538e+02   9.86446976e-04
   3.57776026e+02  -5.49754222e-05
   3.57776514e+02   3.08476342e-03
   3.57777003e+02   3.22502665e-03
   3.57777491e+02  -2.88398587e-04
   3.57777979e+02  -8.97392980e-04
   3.57778467e+02   1.95537996e-03
   3.57778956e+02  -1.32865086e-03
   3.57779444e+02  -1.40003045e-03
   3.57779932e+02   1.55938708e-03
   3.57780421e+02   2.50416831e-03
   3.57780909e+02  -2.12094485e-04
   3.57781397e+02  -2.99065979e-03
   3.57781886e+02  -2.22492701e-04
   3.57782374e+02   3.24022025e-03
   3.57782862e+02   5.06253215e-04
   3.57783351e+02  -3.25131300e-03
   3.57783839e+02  -2.95560411e-03
   3.57784327e+02  -1.31905836e-03
   3.57784815e+02  -9.31519317e-04
   3.57785304e+02   1.35489414e-03
   3.57785792e+02   3.43045429e-03
   3.57786280e+02   2.16443907e-03
   3.57786769e+02   2.30102055e-03
   3.57787257e+02   2.49874056e-03
   3.57787745e+02   8.14145489e-04
   3.57788234e+02   2.77444255e-03
   3.57788722e+02   2.45276210e-03
   3.57789210e+02  -7.62432464e-04
   3.57789699e+02  -9.55226191e-04
   3.57790187e+02  -5.46128897e-04
   3.57790675e+02   2.08011759e-03
   3.57791163e+02   3.97445541e-03
   3.57791652e+02   1.26789242e-03
   3.57792140e+02  -4.83865646e-04
   3.57792628e+02  -3.51037423e-04
   3.57793117e+02   4.37856332e-04
   3.57793605e+02   1.46909081e-03
   3.57794093e+02   3.82398226e-04
   3.57794582e+02  -6.49999711e-04
   3.57795070e+02  -7.24332116e-04
   3.57795558e+02  -3.65175027e-03
   3.57796047e+02  -3.72610800e-03
   3.57796535e+02   2.80047418e-04
   3.57797023e+02   3.56812088e-04
   3.57797511e+02  -1.54122792e-03
   3.57798000e+02  -2.93147843e-03
   3.57798488e+02  -2.42054788e-03
   3.57798976e+02   1.33502833e-03
   3.57799465e+02   3.46844946e-03
   3.57799953e+02   2.38269567e-03
   3.57800441e+02   9.28452646e-04
   3.57800930e+02  -2.18464091e-04
   3.57801418e+02   8.05462128e-04
   3.57801906e+02   2.20322818e-03
   3.57802395e+02   1.80735695e-03
   3.57802883e+02   1.95991131e-03
   3.57803371e+02   1.64962548e-04
   3.57803859e+02  -1.97640224e-03
   3.57804348e+02   1.75881106e-03
   3.57804836e+02   7.20525999e-03
   3.57805324e+02   6.07542554e-03
   3.57805813e+02  -2.00977462e-04
   3.57806301e+02  -2.86951219e-03
   3.57806789e+02  -8.69208248e-04
   3.57807278e+02   1.78281206e-03
   3.57807766e+02   2.89088278e-03
   3.57808254e+02   1.21721590e-03
   3.57808743e+02  -1.91909913e-03
   3.57809231e+02  -1.32672675e-03
   3.57809719e+02   1.46486436e-03
   3.57810208e+02   1.87036395e-03
   3.57810696e+02   3.87794833e-04
   3.57811184e+02  -1.73926330e-03
   3.57811672e+02  -3.52598145e-03
   3.57812161e+02  -3.92475631e-03
   3.57812649e+02  -1.39520213e-03
   3.57813137e+02   2.80235778e-03
   3.57813626e+02   4.62443102e-03
   3.57814114e+02   2.63835466e-03
   3.57814602e+02  -1.50767752e-04
   3.57815091e+02  -4.06915694e-03
   3.57815579e+02  -7.01463735e-03
   3.57816067e+02  -6.88298093e-03
   3.57816556e+02  -5.05051296e-03
   3.57817044e+02  -1.72978209e-03
   3.57817532e+02   9.37552482e-04
   3.57818020e+02   2.79690931e-03
   3.57818509e+02   5.46785584e-03
   3.57818997e+02   3.68603924e-03
   3.57819485e+02  -2.70874851e-04
   3.57819974e+02   5.18499641e-04
   3.57820462e+02   2.04304140e-03
   3.57820950e+02   1.46869905e-04
   3.57821439e+02  -9.22180770e-04
   3.57821927e+02   1.68340222e-03
   3.57822415e+02   4.10628365e-03
   3.57822904e+02   3.96711426e-03
   3.57823392e+02   2.61285296e-03
   3.57823880e+02   1.61802245e-03
   3.57824368e+02   6.42137311e-04
   3.57824857e+02   6.80442667e-04
   3.57825345e+02   2.09537218e-03
   3.57825833e+02   2.40952848e-03
   3.57826322e+02   3.04853590e-03
   3.57826810e+02   4.59176209e-03
   3.57827298e+02   1.58311264e-03
   3.57827787e+02  -3.28071835e-03
   3.57828275e+02  -2.90367333e-03
   3.57828763e+02   4.87562385e-04
   3.57829252e+02   6.48205227e-04
   3.57829740e+02  -5.78663428e-04
   3.57830228e+02   1.14955928e-03
   3.57830716e+02  -3.65611690e-04
   3.57831205e+02  -3.20802466e-03
   3.57831693e+02   9.97524126e-04
   3.57832181e+02   6.59644743e-03
   3.57832670e+02   7.78546790e-03
   3.57833158e+02   7.59496307e-03
   3.57833646e+02   7.04379147e-03
   3.57834135e+02   3.14530521e-03
   3.57834623e+02  -8.10876314e-04
   3.57835111e+02   8.42168287e-04
   3.57835600e+02   3.50565882e-03
   3.57836088e+02   2.80154310e-03
   3.57836576e+02   1.83483888e-03
   3.57837064e+02   2.40757107e-03
   3.57837553e+02   1.49027794e-03
   3.57838041e+02  -2.75508198e-03
   3.57838529e+02  -3.59127088e-03
   3.57839018e+02  -1.18912547e-03
   3.57839506e+02  -1.42243225e-03
   3.57839994e+02  -3.27310618e-03
   3.57840483e+02  -2.97120819e-03
   3.57840971e+02  -1.56628899e-03
   3.57841459e+02   1.02038888e-04
   3.57841948e+02   1.19735568e-03
   3.57842436e+02   1.85856785e-04
   3.57842924e+02   6.25732937e-05
   3.57843412e+02   3.34015768e-03
   3.57843901e+02   4.87363990e-03
   3.57844389e+02   4.15821141e-03
   3.57844877e+02   3.14844819e-03
   3.57845366e+02   1.69145165e-03
   3.57845854e+02  -4.35739203e-04
   3.57846342e+02  -7.53227156e-04
   3.57846831e+02  -4.44591045e-04
   3.57847319e+02   2.78476306e-04
   3.57847807e+02   8.90372670e-04
   3.57848296e+02   4.16158320e-04
   3.57848784e+02  -3.67214321e-04
   3.57849272e+02  -6.15234370e-04
   3.57849761e+02  -4.56359063e-04
   3.57850249e+02   6.85987179e-04
   3.57850737e+02   3.55033949e-03
   3.57851225e+02   4.09605913e-03
   3.57851714e+02   1.95323513e-03
   3.57852202e+02   3.04243207e-04
   3.57852690e+02  -8.78436200e-04
   3.57853179e+02  -2.64420942e-03
   3.57853667e+02  -5.41097810e-03
   3.57854155e+02  -5.53924264e-03
   3.57854644e+02  -1.18385965e-03
   3.57855132e+02   1.97202549e-03
   3.57855620e+02   2.42158212e-03
   3.57856109e+02   2.76555098e-03
   3.57856597e+02   2.83606024e-03
   3.57857085e+02   2.06738268e-03
   3.57857573e+02   5.83825051e-04
   3.57858062e+02  -1.81407051e-03
   3.57858550e+02  -3.73648386e-03
   3.57859038e+02  -1.65850692e-03
   3.57859527e+02   1.80178089e-03
   3.57860015e+02   1.53650041e-03
   3.57860503e+02   8.00198701e-04
   3.57860992e+02   8.72699427e-04
   3.57861480e+02   4.40970063e-04
   3.57861968e+02  -7.48659877e-05
   3.57862457e+02  -1.48990098e-03
   3.57862945e+02  -7.08854990e-04
   3.57863433e+02   1.98254897e-03
   3.57863921e+02   1.63849921e-03
   3.57864410e+02  -1.08102802e-03
   3.57864898e+02  -2.38770270e-03
   3.57865386e+02  -3.25426739e-03
   3.57865875e+02  -5.18762320e-03
   3.57866363e+02  -4.60705394e-03
   3.57866851e+02  -8.14816973e-04
   3.57867340e+02   7.50549836e-04
   3.57867828e+02  -2.31273868e-03
   3.57868316e+02  -3.95955704e-03
   3.57868805e+02  -1.67000107e-03
   3.57869293e+02   1.26599974e-03
   3.57869781e+02   4.11321083e-03
   3.57870269e+02   2.61459756e-03
   3.57870758e+02   2.94638681e-04
   3.57871246e+02  -1.03692675e-03
   3.57871734e+02  -4.39488422e-03
   3.57872223e+02  -4.57300711e-03
   3.57872711e+02  -2.07520416e-03
   3.57873199e+02  -1.87971556e-04
   3.57873688e+02   5.26429561e-04
   3.57874176e+02  -2.86300026e-04
   3.57874664e+02  -1.52226989e-04
   3.57875153e+02   9.26635636e-04
   3.57875641e+02   1.95693527e-03
   3.57876129e+02   1.83061010e-03
   3.57876617e+02   2.29857236e-04
   3.57877106e+02  -6.17911166e-04
   3.57877594e+02  -1.24674671e-05
   3.57878082e+02   5.48508135e-04
   3.57878571e+02   2.21382431e-03
   3.57879059e+02   1.14516041e-03
   3.57879547e+02  -1.78768369e-03
   3.57880036e+02  -1.95634528e-03
   3.57880524e+02  -1.20598008e-03
   3.57881012e+02  -1.02522713e-03
   3.57881501e+02   3.25019239e-04
   3.57881989e+02   1.81170981e-05
   3.57882477e+02  -1.28182140e-03
   3.57882965e+02  -1.90673780e-03
   3.57883454e+02  -9.68462846e-04
   3.57883942e+02   2.51087337e-03
   3.57884430e+02   3.01734544e-03
   3.57884919e+02   6.62671955e-05
   3.57885407e+02  -1.43968489e-03
   3.57885895e+02  -1.20222254e-03
   3.57886384e+02  -1.14524376e-03
   3.57886872e+02  -1.63861003e-03
   3.57887360e+02  -8.41940986e-04
   3.57887849e+02   3.10865580e-03
   3.57888337e+02   5.48206316e-03
   3.57888825e+02   3.00980289e-03
   3.57889314e+02   1.06142438e-03
   3.57889802e+02   2.68881023e-03
   3.57890290e+02   3.63870454e-03
   3.57890778e+02   2.31333845e-03
   3.57891267e+02   9.78468452e-04
   3.57891755e+02  -1.00126222e-03
   3.57892243e+02  -2.05900031e-03
   3.57892732e+02  -1.57362840e-03
   3.57893220e+02  -3.69766401e-03
   3.57893708e+02  -8.43538437e-03
   3.57894197e+02  -8.39486159e-03
   3.57894685e+02  -4.44877148e-03
   3.57895173e+02  -1.01768679e-03
   3.57895662e+02   2.15411419e-03
   3.57896150e+02   1.97471632e-03
   3.57896638e+02   1.18762406e-03
   3.57897126e+02   1.22702180e-03
   3.57897615e+02   3.63664702e-03
   3.57898103e+02   4.06433502e-03
   3.57898591e+02   8.57613748e-04
   3.57899080e+02  -9.92902733e-06
   3.57899568e+02   2.48208805e-03
   3.57900056e+02   4.97718994e-03
   3.57900545e+02   5.33030927e-03
   3.57901033e+02   3.77314864e-03
   3.57901521e+02  -7.45803409e-04
   3.57902010e+02  -5.13228215e-03
   3.57902498e+02  -5.25767962e-03
   3.57902986e+02  -1.78033824e-03
   3.57903474e+02   1.72057585e-03
   3.57903963e+02   3.18400376e-03
   3.57904451e+02   4.58698999e-03
   3.57904939e+02   5.06419828e-03
   3.57905428e+02   3.05169076e-03
   3.57905916e+02   9.87644773e-04
   3.57906404e+02  -1.24846539e-03
   3.57906893e+02  -3.21878283e-03
   3.57907381e+02  -1.38453359e-03
   3.57907869e+02   9.61998827e-04
   3.57908358e+02   2.20222562e-03
   3.57908846e+02   2.37470842e-03
   3.57909334e+02   8.10849422e-04
   3.57909822e+02   2.27567973e-03
   3.57910311e+02   5.10906521e-03
   3.57910799e+02   5.79554075e-03
   3.57911287e+02   4.02814150e-03
   3.57911776e+02   1.62960880e-03
   3.57912264e+02   1.04137301e-03
   3.57912752e+02   1.02947152e-03
   3.57913241e+02   2.24409788e-03
   3.57913729e+02   1.23234279e-03
   3.57914217e+02  -1.17314025e-03
   3.57914706e+02  -2.35099671e-03
   3.57915194e+02  -5.36249159e-03
   3.57915682e+02  -5.85873146e-03
   3.57916170e+02  -1.41475687e-03
   3.57916659e+02   5.47821634e-04
   3.57917147e+02  -2.46610236e-03
   3.57917635e+02  -2.49913381e-03
   3.57918124e+02   1.84504001e-03
   3.57918612e+02   4.39786771e-03
   3.57919100e+02   2.87187728e-03
   3.57919589e+02   7.87693192e-04
   3.57920077e+02   4.25233418e-04
   3.57920565e+02   2.31412298e-04
   3.57921054e+02   1.30528188e-03
   3.57921542e+02   2.29424029e-03
   3.57922030e+02   9.37810284e-04
   3.57922518e+02  -7.21099263e-04
   3.57923007e+02   6.78834680e-04
   3.57923495e+02   2.59946077e-03
   3.57923983e+02   3.09790391e-03
   3.57924472e+02   3.36237741e-03
   3.57924960e+02   3.87808215e-03
   3.57925448e+02   3.71093675e-03
   3.57925937e+02   2.43010931e-03
   3.57926425e+02   1.14138774e-03
   3.57926913e+02   1.01472274e-03
   3.57927402e+02   2.15008482e-03
   3.57927890e+02   2.16535619e-03
   3.57928378e+02   1.27457175e-03
   3.57928867e+02   3.48543935e-03
   3.57929355e+02   8.13188497e-03
   3.57929843e+02   1.15973987e-02
   3.57930331e+02   1.49222203e-02
   3.57930820e+02   1.63713861e-02
   3.57931308e+02   1.97255015e-02
   3.57931796e+02   2.23532058e-02
   3.57932285e+02   2.24913396e-02
   3.57932773e+02   1.95139181e-02
   3.57933261e+02   1.62025522e-02
   3.57933750e+02   1.52386604e-02
   3.57934238e+02   1.33789498e-02
   3.57934726e+02   1.05745392e-02
   3.57935215e+02   7.56962784e-03
   3.57935703e+02   8.34525656e-03
   3.57936191e+02   7.95610994e-03
   3.57936679e+02   3.81583022e-03
   3.57937168e+02  -1.00924342e-03
   3.57937656e+02  -3.08738928e-03
   3.57938144e+02  -2.02378957e-03
   3.57938633e+02  -1.92058593e-04
   3.57939121e+02   1.15976005e-03
   3.57939609e+02   1.51471898e-03
   3.57940098e+02  -1.14862982e-03
   3.57940586e+02  -2.22787634e-03
   3.57941074e+02   8.88508919e-04
   3.57941563e+02   2.14586896e-03
   3.57942051e+02   3.23231972e-04
   3.57942539e+02  -1.22610631e-03
   3.57943027e+02  -1.37405342e-03
   3.57943516e+02  -7.00010045e-04
   3.57944004e+02   8.53390884e-05
   3.57944492e+02   2.64769129e-04
   3.57944981e+02   2.31530773e-03
   3.57945469e+02   3.57381837e-03
   3.57945957e+02   2.24071438e-03
   3.57946446e+02   2.41848337e-03
   3.57946934e+02   3.06360424e-03
   3.57947422e+02   9.37616103e-04
   3.57947911e+02   7.57988746e-05
   3.57948399e+02   1.43665331e-03
   3.57948887e+02   3.25677008e-03
   3.57949375e+02   4.28130385e-03
   3.57949864e+02   2.69787270e-03
   3.57950352e+02   8.28624994e-04
   3.57950840e+02   5.48363547e-04
   3.57951329e+02   2.03302130e-03
   3.57951817e+02   2.97021098e-03
   3.57952305e+02   2.23839516e-03
   3.57952794e+02   2.67889071e-03
   3.57953282e+02   2.89751799e-03
   3.57953770e+02   4.45362239e-04
   3.57954259e+02  -2.87055690e-03
   3.57954747e+02  -3.51386773e-03
   3.57955235e+02  -1.66353525e-03
   3.57955723e+02  -2.77890416e-04
   3.57956212e+02  -2.34014020e-04
   3.57956700e+02   2.28851987e-03
   3.57957188e+02   2.16763490e-03
   3.57957677e+02  -1.89187517e-03
   3.57958165e+02  -4.32012277e-03
   3.57958653e+02  -2.80304835e-03
   3.57959142e+02   3.68619512e-04
   3.57959630e+02   7.44217949e-04
   3.57960118e+02  -1.71061198e-04
   3.57960607e+02   7.56574911e-04
   3.57961095e+02   1.65008020e-03
   3.57961583e+02   1.84664747e-03
   3.57962071e+02   1.04301458e-03
   3.57962560e+02   8.61117966e-04
   3.57963048e+02   1.47031527e-03
   3.57963536e+02   1.91990612e-03
   3.57964025e+02   2.58659618e-03
   3.57964513e+02   6.05787092e-04
   3.57965001e+02  -2.09435495e-03
   3.57965490e+02  -2.38297856e-03
   3.57965978e+02  -1.10575417e-03
   3.57966466e+02   2.50506855e-04
   3.57966955e+02   2.22489913e-03
   3.57967443e+02   3.63794737e-03
   3.57967931e+02   2.80350843e-03
   3.57968420e+02   1.21666852e-03
   3.57968908e+02   5.94827172e-04
   3.57969396e+02   5.56196901e-04
   3.57969884e+02   1.19988981e-03
   3.57970373e+02   1.58937112e-03
   3.57970861e+02   2.04548566e-03
   3.57971349e+02   1.40244118e-03
   3.57971838e+02   2.10954633e-04
   3.57972326e+02   9.61594982e-04
   3.57972814e+02   1.70967643e-04
   3.57973303e+02   8.48695781e-05
   3.57973791e+02   2.49067484e-03
   3.57974279e+02   3.03304801e-03
   3.57974768e+02  -6.12741511e-04
   3.57975256e+02  -2.59735365e-03
   3.57975744e+02  -6.03914959e-04
   3.57976232e+02  -1.76248385e-03
   3.57976721e+02  -3.06098745e-03
   3.57977209e+02  -1.44676000e-04
   3.57977697e+02   5.11116232e-04
   3.57978186e+02   4.73040534e-04
   3.57978674e+02   2.53950735e-03
   3.57979162e+02   3.78719094e-04
   3.57979651e+02  -3.08060413e-03
   3.57980139e+02  -1.71660306e-03
   3.57980627e+02   1.42011602e-04
   3.57981116e+02   4.04018647e-04
   3.57981604e+02   6.00718602e-04
   3.57982092e+02   4.77568246e-04
   3.57982580e+02  -9.97363590e-04
   3.57983069e+02  -3.27060960e-04
   3.57983557e+02   4.80389572e-04
   3.57984045e+02  -8.06289958e-04
   3.57984534e+02  -1.17496832e-03
   3.57985022e+02  -3.55927856e-04
   3.57985510e+02   1.31303968e-03
   3.57985999e+02   3.39652575e-03
   3.57986487e+02   2.98184552e-03
   3.57986975e+02   2.37525906e-03
   3.57987464e+02   3.08157597e-03
   3.57987952e+02   2.04545073e-03
   3.57988440e+02   2.07275109e-04
   3.57988928e+02  -1.92969979e-03
   3.57989417e+02  -1.57407566e-03
   3.57989905e+02   5.35155297e-04
   3.57990393e+02   5.19789115e-04
   3.57990882e+02  -1.31474796e-03
   3.57991370e+02  -2.51125614e-03
   3.57991858e+02  -6.29070564e-04
   3.57992347e+02   3.06510972e-03
   3.57992835e+02   1.29571662e-03
   3.57993323e+02  -2.92042806e-03
   3.57993812e+02  -3.08551756e-03
   3.57994300e+02  -4.13365371e-04
   3.57994788e+02   1.98840722e-03
   3.57995276e+02   1.21555221e-03
   3.57995765e+02   2.75412080e-04
   3.57996253e+02   3.95914947e-04
   3.57996741e+02   2.55816325e-04
   3.57997230e+02   2.25970056e-03
   3.57997718e+02   3.01848911e-03
   3.57998206e+02   1.37637730e-03
   3.57998695e+02   1.84466990e-04
   3.57999183e+02   2.38072811e-04
   3.57999671e+02  -1.39214186e-04
   3.58000160e+02  -3.59434198e-04
   3.58000648e+02   1.03151985e-03
   3.58001136e+02   2.52765347e-03
   3.58001624e+02   2.93239113e-03
   3.58002113e+02   2.42981920e-03
   3.58002601e+02   7.96307926e-04
   3.58003089e+02  -6.61579659e-04
   3.58003578e+02   1.37515727e-03
   3.58004066e+02   3.00649926e-03
   3.58004554e+02  -1.21448957e-03
   3.58005043e+02  -6.03052881e-03
   3.58005531e+02  -3.96981696e-03
   3.58006019e+02   2.81015271e-03
   3.58006508e+02   5.28632617e-03
   3.58006996e+02   3.27926129e-03
   3.58007484e+02   5.51333185e-04
   3.58007973e+02  -1.40770036e-03
   3.58008461e+02  -2.72367219e-03
   3.58008949e+02  -4.23262501e-03
   3.58009437e+02  -3.80862760e-03
   3.58009926e+02  -4.98912123e-04
   3.58010414e+02   2.56782467e-03
   3.58010902e+02   2.53125234e-03
   3.58011391e+02   1.76360074e-03
   3.58011879e+02   2.76550115e-03
   3.58012367e+02   2.54431972e-03
   3.58012856e+02   1.26323814e-03
   3.58013344e+02   1.01658097e-03
   3.58013832e+02   1.35243195e-03
   3.58014321e+02   3.20777157e-03
   3.58014809e+02   3.77467065e-03
   3.58015297e+02   1.87199598e-03
   3.58015785e+02   5.82972309e-04
   3.58016274e+02   1.69553317e-03
   3.58016762e+02   3.11817462e-03
   3.58017250e+02   3.20752873e-03
   3.58017739e+02   3.70991603e-03
   3.58018227e+02   4.09906963e-03
   3.58018715e+02   4.10908228e-03
   3.58019204e+02   2.92012421e-03
   3.58019692e+02   1.67446653e-03
   3.58020180e+02   5.93144330e-04
   3.58020669e+02  -1.58888251e-05
   3.58021157e+02   3.62379896e-03
   3.58021645e+02   6.82947831e-03
   3.58022133e+02   5.35419164e-03
   3.58022622e+02   2.44345539e-03
   3.58023110e+02   2.23309430e-03
   3.58023598e+02   3.26407072e-03
   3.58024087e+02   2.54197582e-03
   3.58024575e+02   6.00985833e-04
   3.58025063e+02   1.02701553e-04
   3.58025552e+02   1.87236321e-04
   3.58026040e+02  -5.22065326e-04
   3.58026528e+02   4.47803875e-04
   3.58027017e+02   5.99704916e-04
   3.58027505e+02  -1.55739987e-03
   3.58027993e+02  -2.32961657e-03
   3.58028481e+02  -2.02178070e-03
   3.58028970e+02  -2.26250198e-03
   3.58029458e+02  -1.13623601e-03
   3.58029946e+02   7.93909770e-04
   3.58030435e+02  -4.41981974e-04
   3.58030923e+02  -2.23985640e-03
   3.58031411e+02  -1.28985825e-03
   3.58031900e+02  -6.16983685e-04
   3.58032388e+02  -2.03244179e-03
   3.58032876e+02  -1.53776840e-03
   3.58033365e+02   6.29023780e-05
   3.58033853e+02  -7.12964567e-04
   3.58034341e+02   9.26903085e-05
   3.58034829e+02   2.68069282e-03
   3.58035318e+02  -8.19770594e-06
   3.58035806e+02  -4.28501004e-03
   3.58036294e+02  -4.06499114e-03
   3.58036783e+02  -3.42566823e-03
   3.58037271e+02  -3.76378559e-03
   3.58037759e+02  -1.99904921e-03
   3.58038248e+02   3.80369784e-05
   3.58038736e+02   1.50469990e-04
   3.58039224e+02   9.07436595e-04
   3.58039713e+02   2.88563874e-03
   3.58040201e+02   4.30358341e-03
   3.58040689e+02   2.62266933e-03
   3.58041177e+02  -2.05059536e-03
   3.58041666e+02  -2.02213880e-03
   3.58042154e+02   2.56960426e-04
   3.58042642e+02  -1.09590263e-04
   3.58043131e+02   2.38062837e-03
   3.58043619e+02   4.57570050e-03
   3.58044107e+02   1.09101774e-03
   3.58044596e+02  -2.16296175e-03
   3.58045084e+02  -3.09497176e-04
   3.58045572e+02   2.93915439e-03
   3.58046061e+02   2.03875639e-03
   3.58046549e+02  -1.38577004e-03
   3.58047037e+02  -1.68419280e-03
   3.58047526e+02   1.08460651e-03
   3.58048014e+02   2.10557133e-03
   3.58048502e+02   2.06169300e-03
   3.58048990e+02  -5.43715782e-04
   3.58049479e+02  -3.05974227e-03
   3.58049967e+02  -3.82327184e-04
   3.58050455e+02   1.28445320e-03
   3.58050944e+02   3.20091058e-04
   3.58051432e+02   1.00457133e-03
   3.58051920e+02   1.25769048e-03
   3.58052409e+02   1.60002895e-03
   3.58052897e+02   1.65030675e-03
   3.58053385e+02   9.68965527e-04
   3.58053874e+02   1.14592817e-03
   3.58054362e+02  -4.49344428e-04
   3.58054850e+02  -4.14595800e-03
   3.58055338e+02  -3.83027946e-03
   3.58055827e+02   4.92593863e-05
   3.58056315e+02   9.86653264e-04
   3.58056803e+02  -6.07379072e-04
   3.58057292e+02  -7.50736624e-04
   3.58057780e+02   1.41664525e-03
   3.58058268e+02   3.95166082e-03
   3.58058757e+02   6.49935566e-04
   3.58059245e+02  -5.37667470e-03
   3.58059733e+02  -3.42210615e-03
   3.58060222e+02   3.20857158e-03
   3.58060710e+02   7.74296524e-04
   3.58061198e+02  -5.63052669e-03
   3.58061686e+02  -3.15950508e-03
   3.58062175e+02  -4.52354550e-04
   3.58062663e+02  -9.16447258e-04
   3.58063151e+02   2.99324980e-04
   3.58063640e+02   2.52399594e-03
   3.58064128e+02   3.30266077e-03
   3.58064616e+02   1.23436819e-03
   3.58065105e+02   4.93451196e-04
   3.58065593e+02   2.12512285e-04
   3.58066081e+02  -2.96402304e-03
   3.58066570e+02  -3.63889174e-03
   3.58067058e+02  -5.70768083e-04
   3.58067546e+02   3.74981901e-04
   3.58068034e+02   6.56794466e-04
   3.58068523e+02   8.73207406e-04
   3.58069011e+02   7.58290480e-05
   3.58069499e+02   1.22386543e-03
   3.58069988e+02   3.09673301e-03
   3.58070476e+02   2.71924539e-03
