frequency (GHz), flux (Jy/beam)
   3.57803379e+02   1.38415198e-03
   3.57803867e+02   3.41837876e-03
   3.57804356e+02   4.75819781e-03
   3.57804844e+02   5.39347250e-03
   3.57805332e+02   4.92421212e-03
   3.57805821e+02   1.60007819e-03
   3.57806309e+02  -1.86480756e-03
   3.57806797e+02  -2.47960538e-03
   3.57807285e+02  -1.32546853e-03
   3.57807774e+02   7.13444490e-04
   3.57808262e+02   3.96564230e-03
   3.57808750e+02   5.45981247e-03
   3.57809239e+02   3.29885841e-03
   3.57809727e+02   4.74915083e-04
   3.57810215e+02   7.08326639e-04
   3.57810704e+02   1.67358597e-03
   3.57811192e+02   1.35197805e-03
   3.57811680e+02   2.29831692e-03
   3.57812169e+02   2.34162854e-03
   3.57812657e+02  -2.68551783e-04
   3.57813145e+02  -1.66695088e-03
   3.57813633e+02  -1.77521398e-03
   3.57814122e+02  -2.05360330e-03
   3.57814610e+02  -9.00548359e-04
   3.57815098e+02   1.94234060e-04
   3.57815587e+02  -4.47691040e-04
   3.57816075e+02  -1.78947041e-04
   3.57816563e+02   2.04616599e-03
   3.57817052e+02   4.49631130e-03
   3.57817540e+02   5.96034620e-03
   3.57818028e+02   5.20905340e-03
   3.57818517e+02   2.93472642e-03
   3.57819005e+02   1.06230995e-03
   3.57819493e+02  -1.00073637e-03
   3.57819981e+02  -1.80145737e-03
   3.57820470e+02  -1.67599239e-04
   3.57820958e+02   8.55068152e-04
   3.57821446e+02   1.05981959e-03
   3.57821935e+02   1.79863640e-03
   3.57822423e+02   2.06775963e-03
   3.57822911e+02   8.92580661e-04
   3.57823400e+02  -9.09235678e-04
   3.57823888e+02  -2.60853022e-03
   3.57824376e+02  -3.86433816e-03
   3.57824865e+02  -2.80556711e-03
   3.57825353e+02   4.07146465e-04
   3.57825841e+02   1.61947682e-03
   3.57826330e+02  -3.44956061e-04
   3.57826818e+02  -1.77453342e-03
   3.57827306e+02  -5.41533227e-04
   3.57827794e+02   1.12047070e-03
   3.57828283e+02  -2.83429486e-04
   3.57828771e+02  -2.84402911e-03
   3.57829259e+02  -1.83613203e-03
   3.57829748e+02   3.82502069e-04
   3.57830236e+02  -2.27358498e-04
   3.57830724e+02  -9.63502389e-04
   3.57831213e+02   5.37884189e-04
   3.57831701e+02   1.02685462e-03
   3.57832189e+02  -9.27391578e-04
   3.57832678e+02  -3.35581205e-03
   3.57833166e+02  -3.87897599e-03
   3.57833654e+02  -1.09657820e-03
   3.57834142e+02   1.71091873e-03
   3.57834631e+02   1.71573029e-03
   3.57835119e+02   5.02043520e-04
   3.57835607e+02  -9.65386804e-04
   3.57836096e+02  -2.24862085e-03
   3.57836584e+02  -2.20431900e-03
   3.57837072e+02  -1.90772698e-03
   3.57837561e+02  -6.27915433e-04
   3.57838049e+02   1.54409593e-03
   3.57838537e+02   2.33024382e-03
   3.57839026e+02   2.56060623e-03
   3.57839514e+02   2.61255051e-03
   3.57840002e+02   2.06137658e-03
   3.57840490e+02   1.79644651e-03
   3.57840979e+02  -2.51142657e-04
   3.57841467e+02  -3.54829058e-03
   3.57841955e+02  -2.97824037e-03
   3.57842444e+02   1.21025390e-04
   3.57842932e+02   8.98197119e-04
   3.57843420e+02   3.60134552e-04
   3.57843909e+02   5.50778168e-05
   3.57844397e+02   6.17605911e-05
   3.57844885e+02   7.23457662e-04
   3.57845374e+02   1.87107094e-03
   3.57845862e+02   3.51926242e-03
   3.57846350e+02   3.21251596e-03
   3.57846838e+02   1.14883750e-03
   3.57847327e+02   9.93026537e-04
   3.57847815e+02   2.81615322e-03
   3.57848303e+02   4.25184937e-03
   3.57848792e+02   3.69031774e-03
   3.57849280e+02   3.24645778e-03
   3.57849768e+02   4.29017516e-03
   3.57850257e+02   4.19700379e-03
   3.57850745e+02   1.62709923e-03
   3.57851233e+02  -3.01867665e-04
   3.57851722e+02   2.62544869e-04
   3.57852210e+02   7.81700597e-04
   3.57852698e+02   9.39070596e-04
   3.57853186e+02   1.51070429e-03
   3.57853675e+02  -7.33054068e-04
   3.57854163e+02  -4.03042557e-03
   3.57854651e+02  -2.88903038e-03
   3.57855140e+02  -6.61989499e-04
   3.57855628e+02  -1.43100228e-03
   3.57856116e+02  -1.48016482e-03
   3.57856605e+02   1.05713541e-03
   3.57857093e+02   2.56500719e-03
   3.57857581e+02   1.90475548e-03
   3.57858070e+02   9.90715693e-04
   3.57858558e+02   1.27661973e-03
   3.57859046e+02   2.08238745e-03
   3.57859534e+02   9.09950060e-04
   3.57860023e+02  -1.22608745e-03
   3.57860511e+02  -5.18830086e-04
   3.57860999e+02   3.21146916e-03
   3.57861488e+02   5.31304954e-03
   3.57861976e+02   1.99174206e-03
   3.57862464e+02  -2.35981005e-03
   3.57862953e+02  -1.08543283e-03
   3.57863441e+02   2.91541824e-03
   3.57863929e+02   2.95123016e-03
   3.57864418e+02   1.66320577e-04
   3.57864906e+02  -3.74122057e-04
   3.57865394e+02  -5.07330697e-04
   3.57865883e+02  -1.58471451e-03
   3.57866371e+02  -3.57540237e-04
   3.57866859e+02   1.14762853e-03
   3.57867347e+02   7.24497077e-04
   3.57867836e+02   8.57001403e-04
   3.57868324e+02   9.89599735e-04
   3.57868812e+02  -1.22371491e-03
   3.57869301e+02  -2.44818907e-03
   3.57869789e+02   1.23627216e-03
   3.57870277e+02   3.99572868e-03
   3.57870766e+02   2.99990235e-04
   3.57871254e+02  -3.16097820e-03
   3.57871742e+02  -2.28662556e-03
   3.57872231e+02  -1.67125068e-03
   3.57872719e+02  -3.29512428e-03
   3.57873207e+02  -4.10484383e-03
   3.57873695e+02  -2.87940796e-03
   3.57874184e+02  -2.54285010e-03
   3.57874672e+02  -1.93963968e-03
   3.57875160e+02   6.63257553e-04
   3.57875649e+02   1.88964850e-03
   3.57876137e+02   2.00115540e-03
   3.57876625e+02   2.16342509e-03
   3.57877114e+02   1.57144584e-03
   3.57877602e+02   8.89903691e-04
   3.57878090e+02  -1.42685356e-04
   3.57878579e+02  -1.73495652e-03
   3.57879067e+02  -1.83858222e-03
   3.57879555e+02   1.93507911e-03
   3.57880043e+02   5.44251967e-03
   3.57880532e+02   3.63813178e-03
   3.57881020e+02  -6.09711860e-04
   3.57881508e+02  -2.67334539e-03
   3.57881997e+02  -1.56988623e-03
   3.57882485e+02   9.66919761e-04
   3.57882973e+02   1.89945125e-03
   3.57883462e+02   8.15661857e-04
   3.57883950e+02  -2.36790816e-04
   3.57884438e+02  -1.03120937e-03
   3.57884927e+02  -1.54842704e-03
   3.57885415e+02  -2.03967141e-03
   3.57885903e+02  -2.82361847e-03
   3.57886391e+02  -3.06563149e-03
   3.57886880e+02  -1.54891552e-03
   3.57887368e+02   1.14590756e-03
   3.57887856e+02   1.26116932e-03
   3.57888345e+02  -1.68230181e-04
   3.57888833e+02  -5.15620341e-04
   3.57889321e+02  -6.45200314e-04
   3.57889810e+02  -3.19484498e-05
   3.57890298e+02   1.38620764e-03
   3.57890786e+02   1.22940366e-03
   3.57891275e+02  -1.24319538e-03
   3.57891763e+02  -2.97971442e-03
   3.57892251e+02  -1.58788322e-03
   3.57892739e+02   8.32797436e-04
   3.57893228e+02   2.28774827e-03
   3.57893716e+02   2.78106192e-03
   3.57894204e+02   2.62578670e-03
   3.57894693e+02   2.01215991e-03
   3.57895181e+02   8.58664629e-04
   3.57895669e+02   2.02972529e-04
   3.57896158e+02   6.11767988e-04
   3.57896646e+02   1.97751215e-03
   3.57897134e+02   2.03975127e-03
   3.57897623e+02  -8.63253430e-04
   3.57898111e+02  -3.35768214e-03
   3.57898599e+02  -3.01801320e-03
   3.57899087e+02  -3.50679667e-03
   3.57899576e+02  -4.18337900e-03
   3.57900064e+02  -2.52974569e-03
   3.57900552e+02  -6.94608898e-04
   3.57901041e+02   8.92935961e-04
   3.57901529e+02   1.35805039e-03
   3.57902017e+02  -1.82549866e-05
   3.57902506e+02  -8.09216348e-04
   3.57902994e+02  -6.02069922e-05
   3.57903482e+02   1.96340683e-04
   3.57903971e+02   1.60564341e-05
   3.57904459e+02   2.33685510e-04
   3.57904947e+02  -3.93727241e-04
   3.57905436e+02  -1.34106819e-03
   3.57905924e+02  -1.34004035e-03
   3.57906412e+02  -3.58822799e-05
   3.57906900e+02   2.03181710e-03
   3.57907389e+02   2.90473015e-03
   3.57907877e+02   2.47798907e-03
   3.57908365e+02   3.59935523e-03
   3.57908854e+02   8.55764374e-03
   3.57909342e+02   1.30871674e-02
   3.57909830e+02   1.77008305e-02
   3.57910319e+02   2.45881993e-02
   3.57910807e+02   3.29599641e-02
   3.57911295e+02   4.01406139e-02
   3.57911784e+02   4.78092283e-02
   3.57912272e+02   5.67684956e-02
   3.57912760e+02   6.32113442e-02
   3.57913248e+02   6.81887865e-02
   3.57913737e+02   7.56503418e-02
   3.57914225e+02   8.18505883e-02
   3.57914713e+02   8.45990777e-02
   3.57915202e+02   8.64580050e-02
   3.57915690e+02   8.84643868e-02
   3.57916178e+02   8.75371471e-02
   3.57916667e+02   8.12486038e-02
   3.57917155e+02   7.34081268e-02
   3.57917643e+02   6.71559125e-02
   3.57918132e+02   5.93116358e-02
   3.57918620e+02   4.74839397e-02
   3.57919108e+02   3.73263285e-02
   3.57919596e+02   3.19334269e-02
   3.57920085e+02   2.79980544e-02
   3.57920573e+02   2.37677526e-02
   3.57921061e+02   2.10671276e-02
   3.57921550e+02   1.89816933e-02
   3.57922038e+02   1.41490577e-02
   3.57922526e+02   7.66405137e-03
   3.57923015e+02   3.57043813e-03
   3.57923503e+02   1.13328069e-03
   3.57923991e+02   9.56751755e-04
   3.57924480e+02   2.23347382e-03
   3.57924968e+02   3.74671700e-03
   3.57925456e+02   5.03228232e-03
   3.57925944e+02   6.14350056e-03
   3.57926433e+02   4.92695998e-03
   3.57926921e+02   2.53439974e-03
   3.57927409e+02   1.75119541e-03
   3.57927898e+02   1.09670218e-03
   3.57928386e+02  -1.65525678e-04
   3.57928874e+02   1.03436709e-04
   3.57929363e+02   1.70636876e-03
   3.57929851e+02   1.38939742e-03
   3.57930339e+02   6.32044568e-04
   3.57930828e+02   2.85583572e-03
   3.57931316e+02   5.37862303e-03
   3.57931804e+02   5.46821114e-03
   3.57932292e+02   4.04501054e-03
   3.57932781e+02   2.40217894e-03
   3.57933269e+02   5.14916319e-04
   3.57933757e+02  -6.29870687e-04
   3.57934246e+02  -1.58849359e-03
   3.57934734e+02  -2.18780059e-03
   3.57935222e+02  -7.62210169e-04
   3.57935711e+02   4.55424568e-04
   3.57936199e+02   4.84318996e-04
   3.57936687e+02   9.71743604e-04
   3.57937176e+02   1.71196216e-03
   3.57937664e+02   2.37705582e-03
   3.57938152e+02   2.77752848e-03
   3.57938640e+02   2.10237573e-03
   3.57939129e+02  -8.58213098e-05
   3.57939617e+02  -2.39272160e-03
   3.57940105e+02  -1.98573153e-03
   3.57940594e+02  -4.46407903e-05
   3.57941082e+02  -3.26425856e-04
   3.57941570e+02  -2.75876094e-03
   3.57942059e+02  -4.03339975e-03
   3.57942547e+02  -1.09993725e-03
   3.57943035e+02   4.02023876e-03
   3.57943524e+02   4.72739665e-03
   3.57944012e+02   8.34534934e-04
   3.57944500e+02  -1.09288422e-03
   3.57944989e+02  -3.98010336e-04
   3.57945477e+02   1.21294164e-04
   3.57945965e+02   8.67921743e-04
   3.57946453e+02   1.18638249e-03
   3.57946942e+02   5.04002813e-08
   3.57947430e+02  -5.33167389e-04
   3.57947918e+02   1.03893667e-03
   3.57948407e+02   1.48562773e-03
   3.57948895e+02   1.15569856e-05
   3.57949383e+02  -2.31279977e-04
   3.57949872e+02   4.40747448e-04
   3.57950360e+02   4.43006487e-04
   3.57950848e+02   1.42813125e-03
   3.57951337e+02   2.06199964e-03
   3.57951825e+02  -1.18631974e-03
   3.57952313e+02  -4.90589952e-03
   3.57952801e+02  -4.03701747e-03
   3.57953290e+02  -3.31779389e-04
   3.57953778e+02   2.32879492e-03
   3.57954266e+02   1.51139428e-03
   3.57954755e+02  -3.62532359e-04
   3.57955243e+02  -6.29085916e-05
   3.57955731e+02   1.15980489e-04
   3.57956220e+02   1.07661251e-03
   3.57956708e+02   3.05427751e-03
   3.57957196e+02   8.75165104e-04
   3.57957685e+02  -2.91027944e-03
   3.57958173e+02  -2.59913481e-03
   3.57958661e+02  -7.65845543e-05
   3.57959149e+02   1.37801562e-03
   3.57959638e+02   1.26009923e-03
   3.57960126e+02  -8.57914740e-04
   3.57960614e+02  -2.45375396e-03
   3.57961103e+02  -1.29142532e-03
   3.57961591e+02  -1.01466989e-03
   3.57962079e+02  -1.82458514e-03
   3.57962568e+02  -2.64340686e-03
   3.57963056e+02  -4.20258427e-03
   3.57963544e+02  -3.35324672e-03
   3.57964033e+02  -7.69809412e-04
   3.57964521e+02   3.99583019e-04
   3.57965009e+02   9.10294941e-04
   3.57965497e+02   1.95873668e-03
   3.57965986e+02   3.36635672e-03
   3.57966474e+02   4.63678408e-03
   3.57966962e+02   4.03482793e-03
   3.57967451e+02   4.51325061e-04
   3.57967939e+02  -3.48135596e-03
   3.57968427e+02  -4.85510612e-03
   3.57968916e+02  -3.62019218e-03
   3.57969404e+02  -1.80097867e-03
   3.57969892e+02  -1.51970482e-03
   3.57970381e+02  -2.53931037e-03
   3.57970869e+02  -3.39928316e-03
   3.57971357e+02  -3.45235388e-03
   3.57971845e+02  -3.15770763e-03
   3.57972334e+02  -1.37158285e-03
   3.57972822e+02   2.81268684e-03
   3.57973310e+02   5.50567405e-03
   3.57973799e+02   4.11093747e-03
   3.57974287e+02   1.73025252e-03
   3.57974775e+02   4.35697468e-04
   3.57975264e+02   3.89123365e-04
   3.57975752e+02   9.08409595e-04
   3.57976240e+02   1.81920407e-03
   3.57976729e+02   2.24253419e-03
   3.57977217e+02   1.39846222e-03
   3.57977705e+02   9.18189180e-04
   3.57978193e+02   1.01155043e-03
   3.57978682e+02   9.51437629e-04
   3.57979170e+02   9.15865530e-04
   3.57979658e+02  -4.51283937e-04
   3.57980147e+02  -2.15638196e-03
   3.57980635e+02  -1.95653201e-03
   3.57981123e+02  -1.62755721e-03
   3.57981612e+02  -7.86480377e-04
   3.57982100e+02   1.56626350e-03
   3.57982588e+02   2.79447087e-03
   3.57983077e+02   2.01402395e-03
   3.57983565e+02   1.57824159e-03
   3.57984053e+02   1.78495597e-03
   3.57984542e+02   1.45075156e-03
   3.57985030e+02   8.03636911e-04
   3.57985518e+02   2.79030588e-04
   3.57986006e+02   5.99159743e-04
   3.57986495e+02   4.42790362e-04
   3.57986983e+02  -2.04787182e-04
   3.57987471e+02  -2.31656522e-04
   3.57987960e+02   2.42485068e-04
   3.57988448e+02   1.66082720e-03
   3.57988936e+02   1.86876801e-03
   3.57989425e+02   4.50480671e-04
   3.57989913e+02   1.38868723e-04
   3.57990401e+02   6.83292164e-04
   3.57990890e+02  -1.03586167e-03
   3.57991378e+02  -3.70773021e-03
   3.57991866e+02  -3.35777760e-03
   3.57992354e+02  -7.87199475e-04
   3.57992843e+02   7.50246167e-04
   3.57993331e+02   1.39202530e-04
   3.57993819e+02  -1.22705626e-03
   3.57994308e+02  -9.78821656e-04
   3.57994796e+02  -6.24400809e-06
   3.57995284e+02   4.41416109e-04
   3.57995773e+02   6.12340169e-04
   3.57996261e+02  -5.76284248e-04
   3.57996749e+02  -1.76913035e-03
   3.57997238e+02  -4.70333995e-04
   3.57997726e+02   1.14326610e-03
   3.57998214e+02   3.32953525e-04
   3.57998702e+02  -1.23888382e-03
   3.57999191e+02  -2.31883931e-03
   3.57999679e+02  -2.95693707e-03
   3.58000167e+02  -1.04328280e-03
   3.58000656e+02   1.69799582e-03
   3.58001144e+02   2.57078698e-03
   3.58001632e+02   1.45986734e-03
   3.58002121e+02  -5.72861056e-04
   3.58002609e+02  -6.18070189e-04
   3.58003097e+02   1.35447667e-03
   3.58003586e+02   1.87096873e-03
   3.58004074e+02   1.03272544e-03
   3.58004562e+02   4.80302668e-04
   3.58005050e+02  -7.44076155e-04
   3.58005539e+02  -7.55627989e-04
   3.58006027e+02   1.19921856e-03
   3.58006515e+02   1.03115302e-03
   3.58007004e+02  -1.30035123e-03
   3.58007492e+02  -3.76419513e-03
   3.58007980e+02  -5.29715372e-03
   3.58008469e+02  -4.04096767e-03
   3.58008957e+02  -1.14595762e-03
   3.58009445e+02  -8.81496599e-05
   3.58009934e+02  -1.22226600e-03
   3.58010422e+02  -1.88084797e-03
   3.58010910e+02  -9.98276984e-04
   3.58011398e+02  -4.91979590e-04
   3.58011887e+02  -1.30278477e-03
   3.58012375e+02  -2.15561967e-03
   3.58012863e+02  -2.32795533e-03
   3.58013352e+02  -2.00124737e-03
   3.58013840e+02  -1.65972975e-04
   3.58014328e+02   1.33259210e-03
   3.58014817e+02  -1.30694476e-03
   3.58015305e+02  -3.98640707e-03
   3.58015793e+02  -2.40762136e-03
   3.58016282e+02  -2.98720915e-05
   3.58016770e+02   3.13400291e-04
   3.58017258e+02  -1.48334028e-03
   3.58017746e+02  -2.89266161e-03
   3.58018235e+02  -1.20833935e-03
   3.58018723e+02   9.36110271e-04
   3.58019211e+02   1.97067321e-03
   3.58019700e+02   1.42584147e-03
   3.58020188e+02  -4.44514328e-04
   3.58020676e+02  -7.88270321e-04
   3.58021165e+02   4.17055155e-04
   3.58021653e+02   8.80104926e-05
   3.58022141e+02  -2.13732244e-03
   3.58022630e+02  -2.11265148e-03
   3.58023118e+02   2.99007195e-04
   3.58023606e+02   1.36499351e-03
   3.58024095e+02   1.68174622e-03
   3.58024583e+02   1.55299227e-03
   3.58025071e+02  -1.47901766e-03
   3.58025559e+02  -5.13865054e-03
   3.58026048e+02  -4.92643565e-03
   3.58026536e+02  -2.06140196e-03
   3.58027024e+02  -1.10839028e-03
   3.58027513e+02  -2.39274348e-03
   3.58028001e+02  -4.04776679e-03
   3.58028489e+02  -4.52286657e-03
   3.58028978e+02  -2.72744731e-03
   3.58029466e+02  -1.29176618e-03
   3.58029954e+02  -1.19753659e-03
   3.58030443e+02   2.03095493e-04
   3.58030931e+02   1.25959690e-03
   3.58031419e+02  -1.47487945e-03
   3.58031907e+02  -4.16442379e-03
   3.58032396e+02  -3.73179209e-03
   3.58032884e+02  -2.90304888e-03
   3.58033372e+02  -6.10277464e-04
   3.58033861e+02   2.91622616e-03
   3.58034349e+02   3.16846790e-03
   3.58034837e+02  -9.38488956e-05
   3.58035326e+02  -2.03791959e-03
   3.58035814e+02  -2.52842857e-03
   3.58036302e+02  -3.92813096e-03
   3.58036791e+02  -4.36756341e-03
   3.58037279e+02  -2.52466346e-03
   3.58037767e+02  -2.77190469e-04
   3.58038255e+02   1.18553871e-03
   3.58038744e+02   1.53916364e-03
   3.58039232e+02   8.61483917e-04
   3.58039720e+02   5.12682076e-04
   3.58040209e+02   9.96477538e-05
   3.58040697e+02  -1.11689686e-03
   3.58041185e+02  -7.71794948e-05
   3.58041674e+02   2.82573001e-03
   3.58042162e+02   2.63794116e-03
   3.58042650e+02   2.13833147e-04
   3.58043139e+02   1.52759148e-05
   3.58043627e+02   1.14583690e-03
   3.58044115e+02   8.18195986e-04
   3.58044603e+02  -3.26223264e-04
   3.58045092e+02  -3.25385772e-04
   3.58045580e+02   2.06819456e-03
   3.58046068e+02   6.09981501e-03
   3.58046557e+02   5.74224116e-03
   3.58047045e+02   3.38180398e-04
   3.58047533e+02  -1.80001103e-03
   3.58048022e+02   1.83263386e-03
   3.58048510e+02   5.79990493e-03
   3.58048998e+02   6.41612476e-03
   3.58049487e+02   4.67682770e-03
   3.58049975e+02   2.93826521e-03
   3.58050463e+02   1.37000112e-03
   3.58050951e+02   9.68044260e-05
   3.58051440e+02   2.84495502e-04
   3.58051928e+02   4.76547284e-04
   3.58052416e+02  -1.20678065e-04
   3.58052905e+02   5.93824370e-04
   3.58053393e+02   1.49687740e-03
   3.58053881e+02   1.60866906e-03
   3.58054370e+02   2.50613061e-03
   3.58054858e+02   3.04957433e-03
   3.58055346e+02   4.57349874e-04
   3.58055835e+02  -4.22289642e-03
   3.58056323e+02  -5.26249642e-03
   3.58056811e+02  -2.05024751e-03
   3.58057299e+02  -1.22565799e-03
   3.58057788e+02  -3.11774155e-03
   3.58058276e+02  -2.21306994e-03
   3.58058764e+02   4.82188188e-04
   3.58059253e+02   2.55685090e-03
   3.58059741e+02   3.75526422e-03
   3.58060229e+02   2.47331522e-03
   3.58060718e+02  -9.75133298e-05
   3.58061206e+02  -1.81851909e-03
   3.58061694e+02  -3.13325552e-03
   3.58062183e+02  -3.52273253e-03
   3.58062671e+02  -2.74001784e-03
   3.58063159e+02  -2.12933449e-03
   3.58063648e+02  -1.43839384e-03
   3.58064136e+02  -9.47416702e-04
   3.58064624e+02  -1.54468976e-03
   3.58065112e+02  -1.35813956e-03
   3.58065601e+02   1.64889483e-04
   3.58066089e+02   9.88119631e-04
   3.58066577e+02   7.77289242e-05
   3.58067066e+02  -1.42951275e-03
   3.58067554e+02  -2.15268671e-03
   3.58068042e+02  -1.37260882e-03
   3.58068531e+02   1.74896908e-04
   3.58069019e+02   1.32434804e-03
   3.58069507e+02   1.33333646e-03
   3.58069996e+02   2.92000012e-04
   3.58070484e+02  -5.12617466e-04
   3.58070972e+02   1.94320251e-04
   3.58071460e+02   1.53790927e-03
   3.58071949e+02   1.52973819e-03
   3.58072437e+02   1.07241247e-03
   3.58072925e+02   1.20824808e-03
   3.58073414e+02   1.71349850e-03
   3.58073902e+02   1.97804719e-03
   3.58074390e+02   7.99334142e-04
   3.58074879e+02  -1.24055217e-03
   3.58075367e+02  -2.34496826e-03
   3.58075855e+02  -3.18292528e-03
   3.58076344e+02  -4.35919687e-03
   3.58076832e+02  -2.96458881e-03
   3.58077320e+02   2.98857369e-04
   3.58077808e+02   1.33067393e-03
   3.58078297e+02  -5.98684594e-04
   3.58078785e+02  -2.26632273e-03
   3.58079273e+02  -1.73233019e-03
   3.58079762e+02  -2.27749697e-03
   3.58080250e+02  -4.56154486e-03
   3.58080738e+02  -5.14214765e-03
   3.58081227e+02  -3.14595969e-03
   3.58081715e+02   6.82369166e-04
   3.58082203e+02   4.32444178e-03
   3.58082692e+02   4.06534830e-03
   3.58083180e+02   7.21792516e-04
   3.58083668e+02  -1.38060690e-03
   3.58084156e+02  -1.42559281e-03
   3.58084645e+02   3.62686813e-04
   3.58085133e+02   2.47581303e-03
   3.58085621e+02   1.34421268e-03
   3.58086110e+02  -9.78362281e-04
   3.58086598e+02  -5.85199043e-04
   3.58087086e+02   8.75472440e-04
   3.58087575e+02   1.67418050e-03
   3.58088063e+02   5.35853964e-04
   3.58088551e+02  -2.32468918e-03
   3.58089040e+02  -1.93093985e-03
   3.58089528e+02   1.53435522e-03
   3.58090016e+02   2.48957728e-03
   3.58090504e+02   9.49507055e-04
   3.58090993e+02  -6.35572542e-06
   3.58091481e+02   4.38338699e-04
   3.58091969e+02  -1.58046736e-04
   3.58092458e+02  -3.88029218e-03
   3.58092946e+02  -5.63078932e-03
   3.58093434e+02  -1.29385339e-03
   3.58093923e+02   2.25221342e-03
   3.58094411e+02   1.60350127e-03
   3.58094899e+02   5.79292187e-04
   3.58095388e+02   1.57255435e-03
   3.58095876e+02   2.26136227e-03
   3.58096364e+02   3.52052448e-04
   3.58096852e+02  -1.31588767e-03
   3.58097341e+02  -9.19691636e-04
   3.58097829e+02   3.09782889e-04
   3.58098317e+02   8.65605834e-04
   3.58098806e+02   1.71770866e-04
   3.58099294e+02  -1.59400224e-03
   3.58099782e+02  -2.52678175e-03
   3.58100271e+02  -1.96676375e-03
   3.58100759e+02  -2.33614771e-03
   3.58101247e+02  -2.83188978e-03
   3.58101736e+02  -1.57890632e-03
   3.58102224e+02  -4.39550131e-05
   3.58102712e+02   1.10512879e-03
   3.58103201e+02   1.85756211e-03
   3.58103689e+02   9.05118533e-04
   3.58104177e+02  -6.73710951e-04
   3.58104665e+02  -4.39443160e-04
   3.58105154e+02   5.74638369e-04
   3.58105642e+02   5.04954311e-04
   3.58106130e+02  -9.49422654e-04
   3.58106619e+02  -3.55714490e-03
   3.58107107e+02  -3.65892542e-03
   3.58107595e+02  -1.34789106e-03
   3.58108084e+02  -1.46146293e-03
   3.58108572e+02  -2.15970934e-03
   3.58109060e+02  -1.54366414e-03
   3.58109549e+02  -1.23090076e-03
   3.58110037e+02  -4.92021558e-04
   3.58110525e+02   7.58933020e-04
   3.58111013e+02   2.45955284e-03
   3.58111502e+02   3.07454611e-03
   3.58111990e+02   1.22495962e-03
   3.58112478e+02   5.64014656e-04
   3.58112967e+02   1.72438764e-03
   3.58113455e+02   4.22596838e-03
   3.58113943e+02   5.00177033e-03
   3.58114432e+02  -6.32107331e-05
   3.58114920e+02  -4.00061486e-03
   3.58115408e+02  -2.12784833e-03
   3.58115897e+02  -8.47083109e-04
   3.58116385e+02  -6.95472001e-04
   3.58116873e+02   2.41166141e-04
   3.58117361e+02   8.55245627e-04
   3.58117850e+02   1.78817241e-03
   3.58118338e+02   2.21938198e-03
   3.58118826e+02   2.15709745e-03
   3.58119315e+02   2.50473921e-03
   3.58119803e+02   2.79169437e-03
   3.58120291e+02   3.82454228e-03
   3.58120780e+02   4.85915411e-03
   3.58121268e+02   3.91831109e-03
   3.58121756e+02   2.90196901e-03
   3.58122245e+02   2.57898448e-03
   3.58122733e+02   1.02013594e-03
   3.58123221e+02  -2.53411685e-03
   3.58123709e+02  -5.05546480e-03
   3.58124198e+02  -3.62163433e-03
   3.58124686e+02  -1.55153009e-03
   3.58125174e+02  -8.21966794e-04
   3.58125663e+02   1.58133474e-03
   3.58126151e+02   5.40354336e-03
   3.58126639e+02   6.81798207e-03
   3.58127128e+02   5.09183621e-03
   3.58127616e+02   2.28894758e-03
   3.58128104e+02  -1.74990011e-04
   3.58128593e+02  -6.89838198e-04
   3.58129081e+02   1.07748911e-03
   3.58129569e+02   1.66746241e-03
   3.58130057e+02   2.11890176e-04
   3.58130546e+02  -4.22991987e-04
   3.58131034e+02   1.34058227e-03
   3.58131522e+02   4.53090714e-03
   3.58132011e+02   6.11799024e-03
   3.58132499e+02   4.35058074e-03
   3.58132987e+02  -6.61165104e-05
   3.58133476e+02  -2.69188639e-03
   3.58133964e+02  -1.05039612e-03
   3.58134452e+02   1.61825214e-03
   3.58134941e+02   2.00314261e-03
   3.58135429e+02  -2.94446916e-04
   3.58135917e+02  -3.58379725e-03
   3.58136405e+02  -5.33999270e-03
   3.58136894e+02  -2.51515955e-03
   3.58137382e+02   2.15790165e-03
   3.58137870e+02   3.66029260e-03
   3.58138359e+02   2.41003186e-03
   3.58138847e+02   7.30531872e-04
   3.58139335e+02   5.09089616e-04
   3.58139824e+02   6.83329126e-04
   3.58140312e+02  -4.80958319e-04
   3.58140800e+02  -1.00984261e-03
   3.58141289e+02  -2.61092733e-04
   3.58141777e+02   5.85418311e-04
   3.58142265e+02   1.71579455e-03
   3.58142754e+02   1.12472102e-03
   3.58143242e+02  -9.61138925e-04
   3.58143730e+02  -2.31655504e-04
   3.58144218e+02   1.86968618e-03
   3.58144707e+02   1.87311089e-03
   3.58145195e+02   4.03560523e-04
   3.58145683e+02  -1.34082092e-03
   3.58146172e+02  -2.50393944e-03
   3.58146660e+02  -2.43491330e-03
   3.58147148e+02  -2.11768737e-03
   3.58147637e+02  -2.16129166e-03
   3.58148125e+02  -1.51351688e-03
   3.58148613e+02  -1.72284796e-04
   3.58149102e+02   6.91808877e-04
   3.58149590e+02   6.33564021e-04
   3.58150078e+02   1.63975905e-03
   3.58150566e+02   2.87204934e-03
   3.58151055e+02   1.12849055e-03
   3.58151543e+02  -5.77319181e-04
   3.58152031e+02   3.21022992e-04
   3.58152520e+02   9.61312791e-04
   3.58153008e+02   6.25211163e-04
   3.58153496e+02  -8.54084676e-04
   3.58153985e+02  -2.67746276e-03
   3.58154473e+02  -3.79702752e-03
   3.58154961e+02  -3.02414014e-03
   3.58155450e+02  -9.22090083e-04
   3.58155938e+02  -6.58900826e-04
   3.58156426e+02  -1.28076680e-03
   3.58156914e+02   3.74004776e-05
   3.58157403e+02   2.13931059e-03
   3.58157891e+02   1.65949005e-03
   3.58158379e+02   4.38627845e-04
   3.58158868e+02  -5.23509283e-04
   3.58159356e+02  -1.88780401e-03
   3.58159844e+02  -1.24987087e-03
   3.58160333e+02  -1.12268212e-03
   3.58160821e+02  -2.76091835e-03
   3.58161309e+02  -3.36871343e-03
   3.58161798e+02  -3.21881077e-03
   3.58162286e+02  -2.55836942e-03
   3.58162774e+02  -6.11187075e-04
   3.58163262e+02   1.96450506e-03
   3.58163751e+02   3.04097030e-03
   3.58164239e+02   1.25160243e-03
   3.58164727e+02  -1.18611602e-03
   3.58165216e+02   2.40171110e-04
   3.58165704e+02   2.34920159e-03
   3.58166192e+02   1.09327254e-06
   3.58166681e+02  -3.05662700e-03
   3.58167169e+02  -3.28203384e-03
   3.58167657e+02  -2.09267996e-03
   3.58168146e+02  -7.83488969e-04
   3.58168634e+02   6.68503781e-05
   3.58169122e+02  -7.03876081e-04
   3.58169610e+02  -2.08178675e-03
   3.58170099e+02  -2.04044883e-03
   3.58170587e+02  -3.73817136e-04
   3.58171075e+02   1.01467001e-03
   3.58171564e+02   1.39884034e-03
   3.58172052e+02   1.04018173e-03
   3.58172540e+02  -6.45362772e-04
   3.58173029e+02  -1.36920786e-03
   3.58173517e+02  -3.84339917e-04
   3.58174005e+02  -9.75904404e-04
   3.58174494e+02  -2.41566659e-03
   3.58174982e+02  -3.39783030e-03
   3.58175470e+02  -4.64529684e-03
   3.58175958e+02  -3.80438985e-03
   3.58176447e+02  -1.91788713e-03
   3.58176935e+02  -1.70581008e-03
   3.58177423e+02  -1.45256217e-03
   3.58177912e+02  -1.73093588e-03
   3.58178400e+02  -1.99762522e-03
   3.58178888e+02   5.79611260e-05
   3.58179377e+02   1.15078909e-03
   3.58179865e+02   2.76094215e-04
   3.58180353e+02  -1.97750214e-03
   3.58180842e+02  -4.95396974e-03
   3.58181330e+02  -5.22059435e-03
   3.58181818e+02  -3.71840154e-03
   3.58182307e+02  -2.06981017e-03
   3.58182795e+02   5.12231432e-04
   3.58183283e+02   1.46366097e-03
   3.58183771e+02   4.59200710e-05
   3.58184260e+02  -1.59085798e-03
   3.58184748e+02  -2.63154646e-03
   3.58185236e+02  -1.81001029e-03
   3.58185725e+02  -6.11395226e-05
   3.58186213e+02   7.99976115e-04
   3.58186701e+02   4.15823073e-04
   3.58187190e+02  -9.23583109e-04
   3.58187678e+02  -6.37779129e-04
   3.58188166e+02   2.44583236e-03
   3.58188655e+02   5.76120708e-03
   3.58189143e+02   5.79530699e-03
   3.58189631e+02   3.98226315e-03
   3.58190119e+02   3.79901775e-03
   3.58190608e+02   3.67269153e-03
   3.58191096e+02   1.36562553e-03
   3.58191584e+02  -1.28069089e-03
   3.58192073e+02  -3.00027570e-03
   3.58192561e+02  -3.27840447e-03
   3.58193049e+02  -3.86784715e-03
   3.58193538e+02  -4.43037832e-03
   3.58194026e+02  -2.44518369e-03
   3.58194514e+02   1.85085926e-04
   3.58195003e+02   6.65620901e-04
   3.58195491e+02  -1.72450161e-03
   3.58195979e+02  -4.27519577e-03
   3.58196467e+02  -4.82939137e-03
   3.58196956e+02  -4.63482179e-03
   3.58197444e+02  -2.43836408e-03
   3.58197932e+02   1.26825133e-03
   3.58198421e+02   3.48463049e-03
   3.58198909e+02   4.09830548e-03
   3.58199397e+02   2.28034239e-03
   3.58199886e+02  -2.26570340e-03
   3.58200374e+02  -4.67325095e-03
   3.58200862e+02  -2.84614717e-03
   3.58201351e+02  -4.17466916e-04
   3.58201839e+02  -2.44631752e-04
   3.58202327e+02  -1.95777672e-03
   3.58202815e+02  -4.02339734e-03
   3.58203304e+02  -2.72627827e-03
   3.58203792e+02  -1.24004006e-03
   3.58204280e+02  -3.23816645e-03
   3.58204769e+02  -3.80588602e-03
   3.58205257e+02  -3.16204596e-03
   3.58205745e+02  -2.15429999e-03
   3.58206234e+02   1.92798255e-03
   3.58206722e+02   6.18560938e-03
   3.58207210e+02   6.28654892e-03
   3.58207699e+02   2.31511286e-03
   3.58208187e+02  -6.70452777e-04
   3.58208675e+02  -2.63002206e-04
   3.58209163e+02  -1.00715260e-03
   3.58209652e+02  -3.26948334e-03
   3.58210140e+02  -2.13449029e-03
   3.58210628e+02   4.89540747e-04
   3.58211117e+02   1.16237800e-03
   3.58211605e+02  -2.62071518e-03
   3.58212093e+02  -4.14040685e-03
   3.58212582e+02  -1.90493837e-03
   3.58213070e+02   7.32842484e-04
   3.58213558e+02   2.41285027e-03
   3.58214047e+02   2.84278439e-03
   3.58214535e+02   3.11838137e-03
   3.58215023e+02   3.45146423e-03
   3.58215511e+02   2.10186630e-03
   3.58216000e+02  -2.45936797e-04
   3.58216488e+02   6.23127416e-05
   3.58216976e+02   3.20140575e-03
   3.58217465e+02   5.10427635e-03
   3.58217953e+02   2.74494360e-03
   3.58218441e+02  -2.16805679e-03
   3.58218930e+02  -5.41436439e-03
   3.58219418e+02  -5.48975589e-03
   3.58219906e+02  -5.42735774e-03
   3.58220395e+02  -4.62623872e-03
   3.58220883e+02  -5.23803639e-04
   3.58221371e+02   9.29735310e-04
   3.58221860e+02  -2.57893861e-03
   3.58222348e+02  -4.08576615e-03
   3.58222836e+02  -7.23085133e-04
   3.58223324e+02   1.72110274e-03
   3.58223813e+02  -8.70889635e-05
   3.58224301e+02   3.34835000e-04
   3.58224789e+02   5.24474960e-03
   3.58225278e+02   7.88354035e-03
   3.58225766e+02   5.12176985e-03
   3.58226254e+02   1.15393905e-03
   3.58226743e+02  -2.20046286e-03
   3.58227231e+02  -4.09741513e-03
   3.58227719e+02  -3.01483064e-03
   3.58228208e+02  -2.22147605e-03
   3.58228696e+02  -1.84751989e-03
   3.58229184e+02  -2.33892697e-05
   3.58229672e+02   4.71811887e-04
   3.58230161e+02  -2.25493917e-03
   3.58230649e+02  -5.73226903e-03
   3.58231137e+02  -4.93199285e-03
   3.58231626e+02   7.29132676e-04
   3.58232114e+02   4.60318616e-03
   3.58232602e+02   4.38625924e-03
   3.58233091e+02   3.33780190e-03
   3.58233579e+02   2.33855983e-03
   3.58234067e+02   1.85040955e-03
   3.58234556e+02   2.17099278e-03
   3.58235044e+02   1.36038789e-03
   3.58235532e+02   2.67814787e-04
   3.58236020e+02   7.96581677e-04
   3.58236509e+02   2.53270008e-03
   3.58236997e+02   4.35970724e-03
   3.58237485e+02   3.41482670e-03
   3.58237974e+02   9.14329314e-04
   3.58238462e+02  -4.93750442e-04
   3.58238950e+02  -2.36519962e-03
   3.58239439e+02  -3.52468132e-03
   3.58239927e+02  -6.50258269e-04
   3.58240415e+02   4.10837028e-03
   3.58240904e+02   7.65361590e-03
   3.58241392e+02   8.55796132e-03
   3.58241880e+02   4.91463207e-03
   3.58242368e+02   8.14239436e-04
   3.58242857e+02   1.38066930e-03
   3.58243345e+02   4.17671120e-03
   3.58243833e+02   3.85185517e-03
   3.58244322e+02   1.63048238e-03
   3.58244810e+02  -5.96251804e-04
   3.58245298e+02  -1.35800382e-03
   3.58245787e+02   1.11316470e-03
   3.58246275e+02   2.40830821e-03
   3.58246763e+02   1.98223410e-04
   3.58247252e+02  -9.71890520e-04
   3.58247740e+02  -6.14216551e-04
   3.58248228e+02  -8.85358313e-04
   3.58248716e+02  -1.12518994e-03
   3.58249205e+02   2.02340292e-04
   3.58249693e+02   3.51124885e-03
   3.58250181e+02   5.40298875e-03
   3.58250670e+02   3.09886178e-03
   3.58251158e+02   1.11257925e-03
   3.58251646e+02   1.08739256e-03
   3.58252135e+02  -7.46629026e-04
   3.58252623e+02  -2.38319533e-03
   3.58253111e+02  -1.69565121e-03
   3.58253600e+02  -1.27520086e-03
   3.58254088e+02  -7.88929116e-04
   3.58254576e+02  -5.76881750e-04
   3.58255064e+02  -1.35718542e-03
   3.58255553e+02  -1.68398966e-03
   3.58256041e+02  -5.17758192e-04
   3.58256529e+02   1.84458098e-03
   3.58257018e+02   2.88607646e-03
   3.58257506e+02   2.05948576e-03
   3.58257994e+02   2.33356142e-03
   3.58258483e+02   3.12946201e-03
   3.58258971e+02   2.90014432e-03
   3.58259459e+02   2.06171046e-03
   3.58259948e+02   1.12071342e-03
   3.58260436e+02   4.06490581e-04
   3.58260924e+02   3.89894150e-04
   3.58261412e+02   2.37017451e-03
   3.58261901e+02   5.29887807e-03
   3.58262389e+02   5.56340488e-03
   3.58262877e+02   4.00172640e-03
   3.58263366e+02   4.51615173e-03
   3.58263854e+02   5.54069597e-03
   3.58264342e+02   4.90174396e-03
   3.58264831e+02   2.98570539e-03
   3.58265319e+02  -8.60769069e-04
   3.58265807e+02  -4.74025542e-03
   3.58266296e+02  -5.27493469e-03
   3.58266784e+02  -3.20270285e-03
   3.58267272e+02  -2.52027484e-03
   3.58267761e+02  -4.49233223e-03
   3.58268249e+02  -5.75617654e-03
   3.58268737e+02  -3.91908968e-03
   3.58269225e+02  -2.35209242e-03
   3.58269714e+02  -3.10954498e-03
   3.58270202e+02  -1.80109940e-03
   3.58270690e+02   1.09323021e-03
   3.58271179e+02   1.68098544e-03
   3.58271667e+02   1.31084397e-03
   3.58272155e+02   1.88346091e-03
   3.58272644e+02   2.42163311e-03
   3.58273132e+02   1.90071727e-03
   3.58273620e+02   5.21772308e-04
   3.58274109e+02   6.14747871e-04
   3.58274597e+02   1.73164450e-03
   3.58275085e+02   1.03651057e-03
   3.58275573e+02  -6.35959033e-04
   3.58276062e+02   2.75117956e-04
   3.58276550e+02   2.04349682e-03
   3.58277038e+02   9.77642136e-04
   3.58277527e+02  -2.27783178e-03
   3.58278015e+02  -5.16708149e-03
   3.58278503e+02  -5.60921524e-03
   3.58278992e+02  -4.27721720e-03
   3.58279480e+02  -3.03963525e-03
   3.58279968e+02  -1.52400637e-03
   3.58280457e+02   6.61260041e-04
   3.58280945e+02   1.13036833e-03
   3.58281433e+02   7.07421452e-04
   3.58281921e+02   3.28219123e-03
   3.58282410e+02   5.73861878e-03
   3.58282898e+02   3.25473840e-03
   3.58283386e+02  -1.19356951e-03
   3.58283875e+02  -3.58012202e-03
   3.58284363e+02  -4.68676211e-03
   3.58284851e+02  -4.47434140e-03
   3.58285340e+02  -1.24085776e-03
   3.58285828e+02   2.34506861e-03
   3.58286316e+02   2.96673598e-03
   3.58286805e+02   6.05852052e-04
   3.58287293e+02  -2.38057016e-03
   3.58287781e+02  -2.08153576e-03
   3.58288269e+02   1.28696542e-04
   3.58288758e+02  -2.42670096e-04
   3.58289246e+02  -2.10634083e-03
   3.58289734e+02  -2.83967098e-03
   3.58290223e+02  -2.38449615e-03
   3.58290711e+02  -2.01045931e-03
   3.58291199e+02  -1.46691524e-03
   3.58291688e+02  -5.05452801e-04
   3.58292176e+02  -1.18514919e-03
   3.58292664e+02  -1.60178542e-03
   3.58293153e+02   1.27930986e-03
   3.58293641e+02   4.04140167e-03
   3.58294129e+02   3.69621953e-03
   3.58294617e+02   1.94364612e-03
   3.58295106e+02  -3.89518827e-04
   3.58295594e+02  -1.82783080e-03
   3.58296082e+02  -1.86516985e-03
   3.58296571e+02  -3.37475422e-03
   3.58297059e+02  -4.35834052e-03
   3.58297547e+02  -2.44296039e-03
   3.58298036e+02  -9.04878951e-04
   3.58298524e+02  -1.35787751e-03
   3.58299012e+02  -2.96278973e-04
   3.58299501e+02   1.69038074e-03
   3.58299989e+02   7.30904983e-04
   3.58300477e+02  -7.92251725e-04
   3.58300965e+02  -1.39002188e-03
   3.58301454e+02  -8.39326938e-04
   3.58301942e+02   9.92303365e-04
   3.58302430e+02   4.99750313e-04
   3.58302919e+02  -1.55074487e-03
   3.58303407e+02  -6.92672038e-04
   3.58303895e+02   2.74491473e-03
   3.58304384e+02   3.81525140e-03
   3.58304872e+02   1.13859563e-03
   3.58305360e+02  -1.82027358e-03
   3.58305849e+02  -2.43275752e-03
   3.58306337e+02  -1.02531014e-03
   3.58306825e+02   2.34089181e-04
   3.58307314e+02   8.50399549e-04
   3.58307802e+02   2.71320436e-03
   3.58308290e+02   5.05201565e-03
   3.58308778e+02   4.72312886e-03
   3.58309267e+02   1.07415940e-03
   3.58309755e+02  -1.57389953e-03
   3.58310243e+02   1.67788996e-04
   3.58310732e+02   2.86487490e-03
   3.58311220e+02   2.51902617e-03
   3.58311708e+02  -8.58057174e-05
   3.58312197e+02   2.50523357e-04
   3.58312685e+02   3.35508282e-03
   3.58313173e+02   3.10931681e-03
   3.58313662e+02   8.18804954e-04
   3.58314150e+02  -2.40681737e-04
   3.58314638e+02  -9.33553616e-04
   3.58315126e+02  -3.17984552e-04
   3.58315615e+02   3.20752110e-06
   3.58316103e+02  -8.75911268e-04
   3.58316591e+02   5.20364556e-04
   3.58317080e+02   1.63570687e-03
   3.58317568e+02  -5.80691791e-04
   3.58318056e+02  -2.45854794e-03
   3.58318545e+02  -2.09608278e-03
   3.58319033e+02  -6.96230331e-04
   3.58319521e+02  -5.06400014e-04
   3.58320010e+02  -2.29568011e-03
   3.58320498e+02  -4.23748745e-03
   3.58320986e+02  -5.29482262e-03
   3.58321474e+02  -3.69724492e-03
   3.58321963e+02   5.60450950e-04
   3.58322451e+02   3.42511223e-03
   3.58322939e+02   2.12675496e-03
   3.58323428e+02  -5.61528665e-04
   3.58323916e+02  -2.06655962e-03
   3.58324404e+02  -2.52867327e-03
   3.58324893e+02  -1.71166635e-03
   3.58325381e+02  -1.78331946e-04
   3.58325869e+02   1.42322900e-03
   3.58326358e+02   1.34029984e-03
   3.58326846e+02  -1.09710917e-03
   3.58327334e+02  -1.79097487e-03
   3.58327822e+02  -6.72809838e-04
   3.58328311e+02  -7.45952129e-04
   3.58328799e+02  -2.63092876e-03
   3.58329287e+02  -3.92620126e-03
   3.58329776e+02  -4.05273912e-03
   3.58330264e+02  -3.55415000e-03
   3.58330752e+02  -1.26818649e-03
   3.58331241e+02   1.12259155e-03
   3.58331729e+02   4.57328046e-04
   3.58332217e+02  -1.71717245e-03
   3.58332706e+02  -1.32522022e-03
   3.58333194e+02   2.12805680e-05
   3.58333682e+02  -3.53024021e-04
   3.58334170e+02  -6.36599609e-04
   3.58334659e+02   1.08370546e-03
   3.58335147e+02   2.61229253e-03
   3.58335635e+02   3.50177428e-03
   3.58336124e+02   5.39501011e-03
   3.58336612e+02   5.34790056e-03
   3.58337100e+02   2.98574194e-03
   3.58337589e+02   2.70953914e-03
   3.58338077e+02   3.72181926e-03
   3.58338565e+02   1.60510011e-03
   3.58339054e+02  -1.16013759e-03
   3.58339542e+02   1.36696530e-04
   3.58340030e+02   1.23795553e-03
   3.58340518e+02   4.33931564e-04
   3.58341007e+02   1.27364602e-03
   3.58341495e+02   2.30938150e-03
   3.58341983e+02   3.10561038e-03
   3.58342472e+02   4.67302790e-03
   3.58342960e+02   4.09140065e-03
   3.58343448e+02   1.47635199e-03
   3.58343937e+02   1.24180445e-03
   3.58344425e+02   2.89823581e-03
   3.58344913e+02   3.22404504e-03
   3.58345402e+02   3.15943547e-03
   3.58345890e+02   4.48528584e-03
   3.58346378e+02   6.45089010e-03
   3.58346867e+02   7.20780483e-03
   3.58347355e+02   7.02019362e-03
   3.58347843e+02   5.56956418e-03
   3.58348331e+02   2.68861838e-03
   3.58348820e+02   2.93884892e-04
   3.58349308e+02   2.60340283e-04
   3.58349796e+02   1.69428065e-03
   3.58350285e+02   2.92289606e-03
   3.58350773e+02   3.79607733e-03
   3.58351261e+02   4.38068761e-03
   3.58351750e+02   3.38159362e-03
   3.58352238e+02  -4.76601010e-04
   3.58352726e+02  -3.59880319e-03
   3.58353215e+02  -1.88085134e-03
   3.58353703e+02   1.73003238e-03
   3.58354191e+02   4.02437989e-03
   3.58354679e+02   4.39777877e-03
   3.58355168e+02   1.48298801e-03
   3.58355656e+02  -1.68229581e-03
   3.58356144e+02  -1.95392407e-03
   3.58356633e+02  -1.42636569e-03
   3.58357121e+02  -7.67673657e-04
   3.58357609e+02   4.48759465e-06
   3.58358098e+02   7.60494557e-04
   3.58358586e+02   2.24630674e-03
   3.58359074e+02   2.25266139e-03
   3.58359563e+02   5.81786793e-04
   3.58360051e+02  -7.59540999e-04
   3.58360539e+02  -1.93603395e-03
   3.58361027e+02  -3.22756846e-03
   3.58361516e+02  -4.32370463e-03
   3.58362004e+02  -3.86276236e-03
   3.58362492e+02  -2.06548325e-03
   3.58362981e+02  -2.54376465e-03
   3.58363469e+02  -2.90202466e-03
   3.58363957e+02  -7.82471208e-04
   3.58364446e+02  -5.36547566e-04
   3.58364934e+02  -1.28097506e-03
   3.58365422e+02  -3.95837124e-04
   3.58365911e+02   1.18389016e-03
   3.58366399e+02   1.15134427e-03
   3.58366887e+02  -1.66973693e-03
   3.58367375e+02  -4.07470251e-03
   3.58367864e+02  -2.57803849e-03
   3.58368352e+02   9.44048341e-04
   3.58368840e+02   2.49225856e-03
   3.58369329e+02   1.24829193e-03
   3.58369817e+02  -3.55402008e-04
   3.58370305e+02  -1.37755915e-05
   3.58370794e+02   8.89626099e-04
   3.58371282e+02   3.40548344e-04
   3.58371770e+02  -6.93735026e-04
   3.58372259e+02  -1.38090807e-03
   3.58372747e+02  -2.07327958e-03
   3.58373235e+02  -2.51111947e-03
   3.58373723e+02  -1.45685067e-03
   3.58374212e+02   1.02288695e-03
   3.58374700e+02   2.75522727e-03
   3.58375188e+02   1.20310008e-03
   3.58375677e+02  -1.65371480e-03
   3.58376165e+02  -2.11140374e-03
   3.58376653e+02  -2.34823697e-03
   3.58377142e+02  -4.33172332e-03
   3.58377630e+02  -5.85083477e-03
   3.58378118e+02  -4.54092305e-03
   3.58378607e+02  -1.01262133e-03
   3.58379095e+02   1.18600018e-03
   3.58379583e+02   9.22078267e-04
   3.58380071e+02  -3.73400806e-04
   3.58380560e+02  -5.11755934e-04
   3.58381048e+02   1.26755610e-03
   3.58381536e+02   2.57457816e-03
   3.58382025e+02   1.56691053e-03
   3.58382513e+02   4.27578867e-04
   3.58383001e+02   2.21601198e-03
   3.58383490e+02   5.39205456e-03
   3.58383978e+02   5.67361433e-03
   3.58384466e+02   3.53369303e-03
   3.58384955e+02   2.58548814e-03
   3.58385443e+02   3.54731944e-03
   3.58385931e+02   4.82078176e-03
   3.58386420e+02   4.70098853e-03
   3.58386908e+02   2.79762945e-03
   3.58387396e+02   8.57239065e-04
   3.58387884e+02   2.50096695e-04
   3.58388373e+02  -1.90222927e-04
   3.58388861e+02  -1.14171382e-03
   3.58389349e+02  -5.07877325e-04
   3.58389838e+02  -1.18860975e-03
   3.58390326e+02  -3.59329395e-03
   3.58390814e+02  -2.86196521e-03
   3.58391303e+02  -7.20666721e-04
   3.58391791e+02  -5.59455948e-04
   3.58392279e+02  -1.29961700e-03
   3.58392768e+02  -1.90856168e-03
   3.58393256e+02  -4.10267530e-04
   3.58393744e+02   2.02144636e-03
   3.58394232e+02   1.97865913e-04
   3.58394721e+02  -2.60184938e-03
   3.58395209e+02  -1.39828597e-03
   3.58395697e+02   1.09465222e-03
   3.58396186e+02   2.63061677e-03
   3.58396674e+02   2.55592214e-03
   3.58397162e+02   5.48923155e-04
   3.58397651e+02  -1.12063461e-03
   3.58398139e+02  -6.59521553e-04
   3.58398627e+02   5.35976797e-05
   3.58399116e+02   2.32783510e-04
   3.58399604e+02   6.63712039e-04
   3.58400092e+02   1.06218795e-03
   3.58400580e+02   1.69947406e-03
   3.58401069e+02   2.89833499e-03
   3.58401557e+02   2.46243412e-03
   3.58402045e+02  -5.58612694e-04
   3.58402534e+02  -4.50253254e-03
   3.58403022e+02  -6.50117686e-03
   3.58403510e+02  -4.44077142e-03
   3.58403999e+02  -5.76984254e-04
   3.58404487e+02   1.78931176e-03
   3.58404975e+02   1.83574029e-03
   3.58405464e+02   3.97657015e-04
   3.58405952e+02  -1.35041482e-03
   3.58406440e+02  -4.66163503e-04
   3.58406928e+02   1.27526105e-03
   3.58407417e+02  -3.84538784e-04
   3.58407905e+02  -1.94041128e-03
   3.58408393e+02  -4.29877604e-04
   3.58408882e+02  -3.95005860e-04
   3.58409370e+02  -3.05155735e-03
   3.58409858e+02  -4.49897768e-03
   3.58410347e+02  -3.25443735e-03
   3.58410835e+02  -1.44234102e-03
   3.58411323e+02  -1.05101441e-03
   3.58411812e+02  -1.42416125e-03
   3.58412300e+02  -2.12765081e-04
   3.58412788e+02   2.10434408e-03
   3.58413276e+02   1.73333776e-03
   3.58413765e+02   4.31381020e-04
   3.58414253e+02   9.65531042e-04
   3.58414741e+02   5.35215077e-04
   3.58415230e+02  -1.55940850e-03
   3.58415718e+02  -2.67700478e-03
   3.58416206e+02  -2.75144423e-03
   3.58416695e+02  -2.69352668e-03
   3.58417183e+02  -1.62630517e-03
   3.58417671e+02  -2.69220414e-04
   3.58418160e+02   3.68849433e-04
   3.58418648e+02   7.81741401e-04
   3.58419136e+02  -2.45975767e-04
   3.58419624e+02  -3.17442673e-03
   3.58420113e+02  -3.84668494e-03
   3.58420601e+02  -9.64606937e-04
   3.58421089e+02   1.06240367e-03
   3.58421578e+02   1.81736861e-04
   3.58422066e+02  -9.79885692e-04
   3.58422554e+02  -1.06595724e-03
   3.58423043e+02  -6.82665035e-04
   3.58423531e+02  -1.14933719e-04
   3.58424019e+02   1.82280818e-03
   3.58424508e+02   4.62986343e-03
   3.58424996e+02   4.83793719e-03
   3.58425484e+02   3.18872998e-03
   3.58425973e+02   2.89807632e-03
   3.58426461e+02   3.82699165e-03
   3.58426949e+02   4.61372454e-03
   3.58427437e+02   4.80138045e-03
   3.58427926e+02   3.85942403e-03
   3.58428414e+02   1.17569743e-03
   3.58428902e+02  -2.04055128e-03
   3.58429391e+02  -2.70733773e-03
   3.58429879e+02  -3.90630536e-04
   3.58430367e+02   2.05458011e-04
   3.58430856e+02  -2.01555737e-03
   3.58431344e+02  -3.11366213e-03
   3.58431832e+02  -1.65017857e-03
   3.58432321e+02   3.64846725e-04
   3.58432809e+02  -1.93754880e-04
   3.58433297e+02  -1.62234390e-03
   3.58433785e+02   2.03663833e-04
   3.58434274e+02   2.34154565e-03
   3.58434762e+02   1.28615228e-03
   3.58435250e+02   2.72722013e-04
   3.58435739e+02   6.51414099e-04
   3.58436227e+02  -4.35108203e-04
   3.58436715e+02  -1.85736676e-03
   3.58437204e+02  -5.99198509e-04
   3.58437692e+02   1.10929878e-03
   3.58438180e+02  -6.83859631e-04
   3.58438669e+02  -5.04623167e-03
   3.58439157e+02  -7.66041363e-03
   3.58439645e+02  -6.80142641e-03
   3.58440133e+02  -3.02819279e-03
   3.58440622e+02   7.09411106e-04
   3.58441110e+02   1.65405893e-03
   3.58441598e+02   7.98570691e-04
   3.58442087e+02  -1.62609410e-03
   3.58442575e+02  -3.73210106e-03
   3.58443063e+02  -2.74364860e-03
   3.58443552e+02   2.29006284e-04
   3.58444040e+02   2.38833227e-03
   3.58444528e+02   1.91894895e-03
   3.58445017e+02   1.13724847e-03
   3.58445505e+02   2.29690084e-03
   3.58445993e+02   1.06320088e-03
   3.58446481e+02  -1.34273595e-03
   3.58446970e+02  -2.14893790e-03
   3.58447458e+02  -4.49867046e-04
   3.58447946e+02   2.88300845e-03
   3.58448435e+02   4.36372869e-03
   3.58448923e+02   3.54983844e-03
   3.58449411e+02   1.24875002e-03
   3.58449900e+02  -1.37827476e-03
   3.58450388e+02  -9.83549398e-04
   3.58450876e+02   5.75633370e-04
   3.58451365e+02  -2.60785077e-04
   3.58451853e+02  -5.03562449e-04
   3.58452341e+02   1.60193443e-03
   3.58452829e+02   2.70586764e-03
   3.58453318e+02   1.07159454e-03
   3.58453806e+02  -3.63572454e-03
   3.58454294e+02  -6.84150029e-03
   3.58454783e+02  -3.19405831e-03
   3.58455271e+02   1.09949615e-03
   3.58455759e+02  -4.76183632e-04
   3.58456248e+02  -2.46349559e-03
   3.58456736e+02  -1.64966867e-03
   3.58457224e+02  -2.62181298e-03
   3.58457713e+02  -3.83136654e-03
   3.58458201e+02  -1.41373288e-03
   3.58458689e+02   1.03162497e-03
   3.58459177e+02   1.76443765e-03
   3.58459666e+02   1.69279601e-03
   3.58460154e+02   1.27222412e-03
   3.58460642e+02   6.68254681e-04
   3.58461131e+02  -1.12670229e-03
   3.58461619e+02  -2.42068828e-03
   3.58462107e+02  -7.83389958e-04
   3.58462596e+02  -1.03432954e-04
   3.58463084e+02  -2.19279947e-03
   3.58463572e+02  -2.83539575e-03
   3.58464061e+02  -1.83819805e-03
   3.58464549e+02  -6.65299769e-04
   3.58465037e+02   5.84939553e-04
   3.58465526e+02   1.86237809e-03
   3.58466014e+02   2.09898525e-03
   3.58466502e+02   4.53710847e-04
   3.58466990e+02  -6.56844175e-04
   3.58467479e+02  -1.27226429e-03
   3.58467967e+02  -3.23918206e-03
   3.58468455e+02  -4.15902259e-03
   3.58468944e+02  -2.43608491e-03
   3.58469432e+02   1.95114320e-04
   3.58469920e+02   2.33774260e-03
   3.58470409e+02   2.72408663e-03
   3.58470897e+02   1.19371864e-03
   3.58471385e+02   2.13540261e-04
   3.58471874e+02   5.86232811e-04
   3.58472362e+02  -2.50369747e-04
   3.58472850e+02  -1.41933863e-03
   3.58473338e+02  -1.22953544e-03
   3.58473827e+02  -4.27201536e-04
   3.58474315e+02   7.13336689e-04
   3.58474803e+02   9.31652030e-04
   3.58475292e+02  -1.62741472e-03
   3.58475780e+02  -3.95331951e-03
   3.58476268e+02  -3.25522851e-03
   3.58476757e+02  -1.63900794e-03
   3.58477245e+02  -1.09929948e-04
   3.58477733e+02   1.02193991e-03
   3.58478222e+02   2.57712672e-04
   3.58478710e+02  -2.49563507e-03
   3.58479198e+02  -4.35444526e-03
   3.58479686e+02  -2.28209933e-03
   3.58480175e+02   7.76255969e-04
   3.58480663e+02   1.57367066e-03
   3.58481151e+02   1.49192091e-03
   3.58481640e+02   1.04802870e-03
   3.58482128e+02  -1.68378919e-03
   3.58482616e+02  -3.56384576e-03
   3.58483105e+02  -2.40757409e-03
   3.58483593e+02  -2.11134693e-03
   3.58484081e+02  -2.95567652e-03
   3.58484570e+02  -3.54982261e-03
   3.58485058e+02  -3.02944239e-03
   3.58485546e+02  -1.31440919e-03
   3.58486034e+02  -1.90674924e-04
   3.58486523e+02  -7.16694776e-05
   3.58487011e+02  -5.12311759e-04
   3.58487499e+02  -1.50363531e-03
   3.58487988e+02  -7.56618567e-04
   3.58488476e+02   1.28119765e-03
   3.58488964e+02   1.24787004e-03
   3.58489453e+02  -8.83667162e-05
   3.58489941e+02  -1.06200494e-03
   3.58490429e+02  -1.22421572e-03
   3.58490918e+02   3.90890316e-04
   3.58491406e+02   1.64363219e-03
   3.58491894e+02  -4.07279731e-04
   3.58492382e+02  -3.05447821e-03
   3.58492871e+02  -2.87828734e-03
   3.58493359e+02  -1.50993955e-03
   3.58493847e+02  -1.30198826e-03
   3.58494336e+02  -2.13012379e-03
   3.58494824e+02  -1.01246941e-03
   3.58495312e+02   2.58500129e-03
   3.58495801e+02   3.26755876e-03
   3.58496289e+02   1.40602817e-03
   3.58496777e+02   1.72247319e-03
   3.58497266e+02   4.22670739e-03
   3.58497754e+02   4.40385705e-03
   3.58498242e+02   9.77860545e-05
   3.58498730e+02  -3.33651900e-03
   3.58499219e+02  -2.00571772e-03
   3.58499707e+02  -5.20001224e-04
   3.58500195e+02  -1.33592822e-03
   3.58500684e+02  -2.22142716e-03
   3.58501172e+02  -2.51684850e-03
   3.58501660e+02  -1.72174827e-03
   3.58502149e+02   9.44519343e-05
   3.58502637e+02   1.67980848e-03
   3.58503125e+02   1.53730519e-03
   3.58503614e+02  -1.79654293e-04
   3.58504102e+02  -1.15741859e-03
   3.58504590e+02   4.43836878e-04
   3.58505079e+02   2.86762090e-03
   3.58505567e+02   3.12229665e-03
   3.58506055e+02   2.20486708e-03
   3.58506543e+02   2.10046186e-03
   3.58507032e+02   2.54765316e-03
   3.58507520e+02   3.40940827e-03
   3.58508008e+02   2.57837819e-03
   3.58508497e+02  -2.66495859e-04
   3.58508985e+02  -2.37220549e-03
   3.58509473e+02  -2.27342686e-03
   3.58509962e+02  -2.68481846e-04
   3.58510450e+02   2.06211000e-03
   3.58510938e+02   1.06117257e-03
   3.58511427e+02  -1.99080189e-03
   3.58511915e+02  -1.54321839e-03
   3.58512403e+02  -2.44831335e-05
   3.58512891e+02  -1.15256851e-04
   3.58513380e+02   4.07784653e-04
   3.58513868e+02   1.43647345e-03
   3.58514356e+02   1.56951556e-03
   3.58514845e+02   3.02481727e-04
   3.58515333e+02  -4.58643131e-04
   3.58515821e+02  -4.88138554e-04
   3.58516310e+02  -2.54749414e-03
   3.58516798e+02  -3.82152922e-03
   3.58517286e+02  -2.48535187e-03
   3.58517775e+02  -1.74079614e-03
   3.58518263e+02  -1.09718321e-03
   3.58518751e+02  -5.88720897e-04
   3.58519239e+02  -2.12088809e-03
   3.58519728e+02  -3.34514468e-03
   3.58520216e+02  -3.52236861e-03
   3.58520704e+02  -4.51207440e-03
   3.58521193e+02  -3.84458946e-03
   3.58521681e+02  -1.16159406e-03
   3.58522169e+02   7.96225358e-05
   3.58522658e+02   1.62427095e-04
   3.58523146e+02  -1.68133789e-04
   3.58523634e+02  -1.87015440e-03
   3.58524123e+02  -3.49063543e-03
   3.58524611e+02  -3.16778617e-03
   3.58525099e+02  -1.59909285e-03
   3.58525587e+02  -1.73933047e-03
   3.58526076e+02  -2.38326844e-03
   3.58526564e+02  -5.56893647e-04
   3.58527052e+02   1.85271434e-03
   3.58527541e+02   2.52609397e-03
   3.58528029e+02   1.76657678e-03
   3.58528517e+02   1.26262149e-03
   3.58529006e+02   1.05171290e-03
   3.58529494e+02   4.02597361e-04
   3.58529982e+02  -3.27911053e-04
   3.58530471e+02  -8.71418568e-04
   3.58530959e+02   6.07729125e-05
   3.58531447e+02   2.10971874e-03
   3.58531935e+02   4.29391814e-03
   3.58532424e+02   6.11408148e-03
   3.58532912e+02   5.90493204e-03
   3.58533400e+02   4.18171752e-03
   3.58533889e+02   2.34457199e-03
   3.58534377e+02  -3.14162782e-04
   3.58534865e+02  -1.75185176e-03
   3.58535354e+02  -1.09282066e-03
   3.58535842e+02  -1.47648633e-03
   3.58536330e+02  -1.07525266e-03
   3.58536819e+02   2.34848890e-03
   3.58537307e+02   4.65667574e-03
   3.58537795e+02   3.53104528e-03
   3.58538283e+02   2.06325506e-03
   3.58538772e+02   1.48843869e-03
   3.58539260e+02   1.59353239e-03
   3.58539748e+02   2.44194362e-03
   3.58540237e+02   1.73436035e-03
   3.58540725e+02   2.09735869e-03
   3.58541213e+02   3.82254273e-03
   3.58541702e+02   1.22994685e-03
   3.58542190e+02  -2.72850157e-03
   3.58542678e+02  -2.05957610e-03
   3.58543167e+02   3.92435642e-04
   3.58543655e+02   1.32240530e-03
   3.58544143e+02   2.05261563e-03
   3.58544632e+02   3.30324983e-03
   3.58545120e+02   3.01563763e-03
   3.58545608e+02   2.69818702e-03
   3.58546096e+02   2.44908151e-03
   3.58546585e+02   2.76665174e-04
   3.58547073e+02  -3.03114695e-03
   3.58547561e+02  -4.85109771e-03
   3.58548050e+02  -2.48059048e-03
   3.58548538e+02   2.69356952e-03
   3.58549026e+02   5.87779563e-03
   3.58549515e+02   5.08115347e-03
   3.58550003e+02   3.95227969e-03
   3.58550491e+02   4.50804457e-03
   3.58550980e+02   4.02910728e-03
   3.58551468e+02   1.95636926e-03
   3.58551956e+02  -2.75366823e-04
   3.58552444e+02  -2.57297233e-03
   3.58552933e+02  -5.01767406e-03
   3.58553421e+02  -5.08548180e-03
   3.58553909e+02  -2.27393024e-03
   3.58554398e+02   9.20896593e-04
   3.58554886e+02   3.67547898e-03
   3.58555374e+02   4.61706938e-03
   3.58555863e+02   2.21496797e-03
   3.58556351e+02  -5.09721925e-04
   3.58556839e+02  -1.28285587e-03
   3.58557328e+02  -1.74517103e-03
   3.58557816e+02  -1.56748120e-03
   3.58558304e+02  -2.39670771e-04
   3.58558792e+02  -4.98476264e-04
   3.58559281e+02  -1.54983520e-03
   3.58559769e+02  -6.28123351e-04
   3.58560257e+02   9.22474486e-04
   3.58560746e+02   9.36107244e-04
   3.58561234e+02   3.47913505e-04
   3.58561722e+02   3.30144860e-04
   3.58562211e+02  -4.17089439e-04
   3.58562699e+02  -2.61497987e-03
   3.58563187e+02  -2.57338001e-03
   3.58563676e+02  -7.09651387e-04
   3.58564164e+02  -2.00345600e-03
   3.58564652e+02  -3.99057753e-03
   3.58565140e+02  -1.74195971e-03
   3.58565629e+02   4.55528498e-04
   3.58566117e+02  -9.37343575e-04
   3.58566605e+02  -2.04256224e-03
   3.58567094e+02  -2.07265490e-03
   3.58567582e+02  -3.50193656e-03
   3.58568070e+02  -3.08676600e-03
   3.58568559e+02   8.30563484e-04
   3.58569047e+02   1.88001234e-03
   3.58569535e+02   4.40137344e-04
   3.58570024e+02   8.10297322e-04
   3.58570512e+02   2.15110090e-03
   3.58571000e+02   3.16813169e-03
   3.58571488e+02   2.64826789e-03
   3.58571977e+02   3.44955741e-04
   3.58572465e+02  -1.88497582e-03
   3.58572953e+02  -2.04445561e-03
   3.58573442e+02  -9.75412786e-06
   3.58573930e+02   6.71428425e-05
   3.58574418e+02  -2.21893890e-03
   3.58574907e+02  -2.12446810e-03
   3.58575395e+02   1.22778656e-04
   3.58575883e+02   9.91331181e-04
   3.58576372e+02  -7.09517160e-04
   3.58576860e+02  -3.19201290e-03
   3.58577348e+02  -1.75358844e-03
   3.58577836e+02   2.74360902e-03
   3.58578325e+02   3.49949324e-03
   3.58578813e+02  -6.46564120e-04
   3.58579301e+02  -3.71437473e-03
   3.58579790e+02  -2.13952689e-03
   3.58580278e+02   3.86022701e-04
   3.58580766e+02  -5.26682961e-05
   3.58581255e+02  -1.58516422e-03
   3.58581743e+02  -2.44484493e-03
   3.58582231e+02  -2.30239192e-03
   3.58582720e+02  -2.38550099e-04
   3.58583208e+02   8.07562319e-05
   3.58583696e+02  -2.50679511e-03
   3.58584185e+02  -4.12068656e-03
   3.58584673e+02  -4.23035771e-03
   3.58585161e+02  -2.99099577e-03
   3.58585649e+02   1.09792736e-05
   3.58586138e+02   1.15346536e-03
   3.58586626e+02  -3.04209214e-04
   3.58587114e+02  -1.66625762e-03
   3.58587603e+02  -1.99002121e-03
   3.58588091e+02  -9.73555085e-04
   3.58588579e+02   3.81137324e-05
   3.58589068e+02   2.86651572e-04
   3.58589556e+02   5.63492998e-04
   3.58590044e+02   9.44140425e-04
   3.58590533e+02   1.91610050e-03
   3.58591021e+02   2.55009276e-03
   3.58591509e+02   1.14134664e-03
   3.58591997e+02   4.23225370e-04
   3.58592486e+02   1.20493816e-03
   3.58592974e+02   1.32349320e-03
   3.58593462e+02   1.75337191e-03
   3.58593951e+02   2.64196168e-03
   3.58594439e+02   1.73833815e-03
   3.58594927e+02   2.91392178e-04
   3.58595416e+02   9.52893985e-04
   3.58595904e+02   1.64726051e-03
   3.58596392e+02   6.90968591e-04
   3.58596881e+02   4.56381298e-04
   3.58597369e+02   3.33937583e-04
   3.58597857e+02  -1.04366662e-03
   3.58598345e+02  -2.33699754e-03
   3.58598834e+02  -2.44971015e-03
   3.58599322e+02  -1.07432262e-03
   3.58599810e+02   3.28388342e-05
   3.58600299e+02  -4.06316190e-04
   3.58600787e+02  -8.90683616e-04
   3.58601275e+02  -6.28411479e-04
   3.58601764e+02  -5.90694079e-04
   3.58602252e+02  -9.86190396e-04
   3.58602740e+02  -4.26267652e-04
   3.58603229e+02   9.81015037e-04
   3.58603717e+02  -6.32735260e-04
   3.58604205e+02  -5.25038084e-03
   3.58604693e+02  -6.42798748e-03
   3.58605182e+02  -3.00645921e-03
   3.58605670e+02   7.05213868e-04
   3.58606158e+02   1.43166084e-03
   3.58606647e+02   8.13411316e-04
   3.58607135e+02   1.48392958e-03
   3.58607623e+02   8.84847366e-04
   3.58608112e+02  -7.39995274e-04
   3.58608600e+02   4.59859839e-05
   3.58609088e+02   5.12906176e-04
   3.58609577e+02  -4.00341756e-04
   3.58610065e+02   5.11946157e-04
   3.58610553e+02   9.45352134e-04
   3.58611041e+02  -1.78552046e-03
   3.58611530e+02  -3.02776997e-03
   3.58612018e+02   4.23440681e-04
   3.58612506e+02   4.02637618e-03
   3.58612995e+02   1.75709603e-03
   3.58613483e+02  -2.26028007e-03
   3.58613971e+02  -2.20773206e-03
   3.58614460e+02  -7.40060786e-05
   3.58614948e+02   1.11118727e-03
   3.58615436e+02   2.54834798e-04
   3.58615925e+02  -3.60699720e-04
   3.58616413e+02   9.94522241e-04
   3.58616901e+02   1.12720404e-03
   3.58617389e+02  -1.58912662e-04
   3.58617878e+02  -1.07177487e-03
   3.58618366e+02  -2.24677823e-03
   3.58618854e+02  -1.77262118e-03
   3.58619343e+02   8.09556630e-04
   3.58619831e+02   9.75466683e-04
   3.58620319e+02  -1.96619047e-04
   3.58620808e+02  -1.51794186e-04
   3.58621296e+02  -7.15637812e-04
   3.58621784e+02  -2.38306238e-03
   3.58622273e+02  -2.98060640e-03
   3.58622761e+02  -2.24101171e-03
   3.58623249e+02  -5.99206192e-04
   3.58623738e+02  -1.84653996e-04
   3.58624226e+02  -6.50128757e-04
   3.58624714e+02  -4.82636126e-04
   3.58625202e+02  -1.86116187e-04
   3.58625691e+02  -2.38527809e-05
   3.58626179e+02   3.03925161e-04
   3.58626667e+02   9.31892951e-04
   3.58627156e+02   1.10882358e-03
   3.58627644e+02  -2.02445721e-04
   3.58628132e+02  -2.34787259e-03
   3.58628621e+02  -3.09673091e-03
   3.58629109e+02  -2.07733526e-03
   3.58629597e+02  -1.83162862e-03
   3.58630086e+02  -3.08757066e-03
   3.58630574e+02  -3.79982847e-03
   3.58631062e+02  -2.91898078e-03
   3.58631550e+02   6.67718050e-05
   3.58632039e+02   3.73242050e-03
   3.58632527e+02   4.02761763e-03
   3.58633015e+02   2.76214699e-03
   3.58633504e+02   3.42974719e-03
   3.58633992e+02   3.48128518e-03
   3.58634480e+02   1.16012967e-03
   3.58634969e+02  -4.62190394e-04
   3.58635457e+02   9.84201557e-04
   3.58635945e+02   2.82141753e-03
   3.58636434e+02   9.50394722e-04
   3.58636922e+02  -8.96196580e-04
   3.58637410e+02   7.95270898e-04
   3.58637898e+02   2.44306680e-03
   3.58638387e+02   1.84334745e-03
   3.58638875e+02   1.70292667e-04
   3.58639363e+02  -1.15387060e-03
   3.58639852e+02  -8.62433400e-04
   3.58640340e+02  -3.51901661e-04
   3.58640828e+02   3.47348861e-04
   3.58641317e+02   6.92625006e-04
   3.58641805e+02   3.12149845e-04
   3.58642293e+02   1.38706830e-03
   3.58642782e+02   2.64639035e-03
   3.58643270e+02   4.21498873e-04
   3.58643758e+02  -1.85181107e-03
   3.58644246e+02  -1.64007815e-03
   3.58644735e+02  -2.44421465e-03
   3.58645223e+02  -2.80014030e-03
   3.58645711e+02  -1.65770727e-03
   3.58646200e+02  -1.08313700e-03
   3.58646688e+02   2.55493011e-04
   3.58647176e+02   1.64301469e-04
   3.58647665e+02  -2.60068965e-03
   3.58648153e+02  -3.46516282e-03
   3.58648641e+02  -1.75716658e-03
   3.58649130e+02  -9.81829595e-04
   3.58649618e+02  -1.88478769e-03
   3.58650106e+02  -1.34801492e-03
   3.58650594e+02  -6.22672436e-04
   3.58651083e+02  -2.26755044e-03
   3.58651571e+02  -3.58599867e-03
   3.58652059e+02  -2.18358566e-03
   3.58652548e+02   8.24143994e-04
   3.58653036e+02   2.80128676e-03
   3.58653524e+02   3.05915321e-03
   3.58654013e+02   3.92416818e-03
   3.58654501e+02   5.16163604e-03
   3.58654989e+02   3.01832799e-03
   3.58655478e+02  -1.02659641e-03
   3.58655966e+02  -2.73698242e-03
   3.58656454e+02  -1.45015097e-03
   3.58656942e+02  -1.16849966e-04
   3.58657431e+02  -2.17620633e-04
   3.58657919e+02   3.20027961e-04
   3.58658407e+02  -1.52279725e-04
   3.58658896e+02  -2.56611034e-03
   3.58659384e+02  -3.23664001e-03
   3.58659872e+02  -2.08412251e-03
   3.58660361e+02   1.25784136e-04
   3.58660849e+02   2.57038069e-03
   3.58661337e+02   1.85401016e-03
   3.58661826e+02  -1.09200052e-03
   3.58662314e+02  -2.78759375e-03
   3.58662802e+02  -2.18220311e-03
   3.58663291e+02   6.26658089e-04
   3.58663779e+02   2.41154782e-03
   3.58664267e+02   2.94132275e-03
   3.58664755e+02   4.24635177e-03
   3.58665244e+02   2.53461208e-03
   3.58665732e+02  -3.06162867e-03
   3.58666220e+02  -4.63217404e-03
   3.58666709e+02  -1.68649910e-03
   3.58667197e+02   6.22858206e-05
   3.58667685e+02  -7.18151045e-04
   3.58668174e+02  -2.69345660e-03
   3.58668662e+02  -2.82652141e-03
   3.58669150e+02  -1.18882256e-03
   3.58669639e+02  -1.95025641e-03
   3.58670127e+02  -2.09960877e-03
   3.58670615e+02   2.59038457e-03
   3.58671103e+02   5.97008970e-03
   3.58671592e+02   4.59893839e-03
   3.58672080e+02   1.43693225e-03
   3.58672568e+02  -1.94372842e-03
   3.58673057e+02  -4.77146590e-03
   3.58673545e+02  -4.09255596e-03
   3.58674033e+02  -1.21671031e-03
   3.58674522e+02   9.81261765e-05
   3.58675010e+02   1.40218216e-03
   3.58675498e+02   2.83174403e-03
   3.58675987e+02   3.22218100e-03
   3.58676475e+02   3.91690666e-03
   3.58676963e+02   3.42995045e-03
   3.58677451e+02   8.18964909e-04
   3.58677940e+02  -1.72321161e-03
   3.58678428e+02  -2.08994979e-03
   3.58678916e+02  -9.21516097e-04
   3.58679405e+02  -3.58362129e-04
   3.58679893e+02   1.82876363e-03
   3.58680381e+02   4.25059302e-03
   3.58680870e+02   2.46565789e-03
   3.58681358e+02  -1.43722061e-03
   3.58681846e+02  -1.64028304e-03
   3.58682335e+02   2.04822537e-03
   3.58682823e+02   4.85551078e-03
   3.58683311e+02   5.42867929e-03
   3.58683799e+02   5.09821577e-03
   3.58684288e+02   3.96166136e-03
   3.58684776e+02   2.43406929e-03
   3.58685264e+02   2.16826703e-03
   3.58685753e+02   3.51470523e-03
   3.58686241e+02   5.00736991e-03
   3.58686729e+02   6.18697330e-03
   3.58687218e+02   8.46871641e-03
   3.58687706e+02   1.15574384e-02
   3.58688194e+02   1.21069197e-02
   3.58688683e+02   1.05515411e-02
   3.58689171e+02   1.03846099e-02
   3.58689659e+02   1.13098240e-02
   3.58690147e+02   1.03054345e-02
   3.58690636e+02   7.50113884e-03
   3.58691124e+02   5.20866411e-03
   3.58691612e+02   3.33871786e-03
   3.58692101e+02   9.29661270e-04
   3.58692589e+02  -1.03402964e-03
   3.58693077e+02  -1.76100701e-03
   3.58693566e+02  -1.48541364e-03
   3.58694054e+02  -7.14615337e-04
   3.58694542e+02   7.00738019e-05
   3.58695031e+02  -2.78646534e-04
   3.58695519e+02  -4.30437474e-04
   3.58696007e+02  -9.40073442e-05
   3.58696495e+02  -1.75498775e-04
   3.58696984e+02   1.54758469e-04
   3.58697472e+02  -4.67803504e-04
   3.58697960e+02  -2.71826959e-03
   3.58698449e+02  -2.69243750e-03
   3.58698937e+02  -1.10086810e-03
   3.58699425e+02   9.79393953e-05
   3.58699914e+02   1.49140891e-03
   3.58700402e+02  -1.42329038e-04
   3.58700890e+02  -3.42939654e-03
   3.58701379e+02  -3.49157816e-03
   3.58701867e+02  -2.55969632e-03
   3.58702355e+02  -1.59879122e-03
   3.58702844e+02   6.27354166e-05
   3.58703332e+02   5.84010908e-04
   3.58703820e+02  -5.97897859e-04
   3.58704308e+02  -2.30587483e-03
   3.58704797e+02  -1.65262155e-03
   3.58705285e+02   7.21832621e-04
   3.58705773e+02   8.39541259e-04
   3.58706262e+02  -2.45278259e-03
   3.58706750e+02  -5.99108916e-03
   3.58707238e+02  -6.30449085e-03
   3.58707727e+02  -2.71414802e-03
   3.58708215e+02   2.02905806e-03
   3.58708703e+02   3.29987728e-03
   3.58709192e+02   2.40395544e-03
   3.58709680e+02   2.47388962e-03
   3.58710168e+02   1.90161238e-03
   3.58710656e+02   1.17105665e-03
   3.58711145e+02  -2.06902077e-05
   3.58711633e+02  -1.42146542e-03
   3.58712121e+02  -3.36848752e-04
   3.58712610e+02   2.33118481e-04
   3.58713098e+02  -7.63004064e-04
   3.58713586e+02  -1.18883303e-03
   3.58714075e+02  -3.34782992e-03
   3.58714563e+02  -5.28152147e-03
   3.58715051e+02  -3.13736359e-03
   3.58715540e+02   2.38762455e-04
   3.58716028e+02   1.75538170e-03
   3.58716516e+02   2.19817288e-04
   3.58717004e+02  -2.48211366e-03
   3.58717493e+02  -2.25755177e-03
   3.58717981e+02   1.31639768e-03
   3.58718469e+02   4.63141920e-03
   3.58718958e+02   5.01835113e-03
   3.58719446e+02   3.01497034e-03
   3.58719934e+02  -4.33137204e-04
   3.58720423e+02  -2.82990397e-03
   3.58720911e+02  -2.37623206e-03
   3.58721399e+02  -5.63108770e-04
   3.58721888e+02  -6.97553158e-04
   3.58722376e+02  -1.90894760e-03
   3.58722864e+02  -1.26006116e-05
   3.58723352e+02   3.77168949e-03
   3.58723841e+02   4.05479781e-03
   3.58724329e+02   1.42147217e-03
   3.58724817e+02  -3.75653355e-04
   3.58725306e+02  -2.99450313e-03
   3.58725794e+02  -6.30065566e-03
   3.58726282e+02  -5.20708738e-03
   3.58726771e+02  -1.84499266e-04
   3.58727259e+02   3.37971351e-03
   3.58727747e+02   2.82988069e-03
   3.58728236e+02   1.28142000e-03
   3.58728724e+02   1.47506129e-03
   3.58729212e+02   1.32365339e-03
   3.58729700e+02   1.84846256e-04
   3.58730189e+02  -5.56837884e-04
   3.58730677e+02  -1.05693063e-03
   3.58731165e+02  -1.11022440e-03
   3.58731654e+02   1.78669521e-03
   3.58732142e+02   5.42180426e-03
   3.58732630e+02   4.58866498e-03
   3.58733119e+02   1.59534812e-03
   3.58733607e+02   1.07721100e-03
   3.58734095e+02   1.68034981e-03
   3.58734584e+02   2.47404259e-03
   3.58735072e+02   3.14868148e-03
   3.58735560e+02   1.82925293e-03
   3.58736048e+02  -1.51086261e-03
   3.58736537e+02  -4.10988973e-03
   3.58737025e+02  -2.16338690e-03
   3.58737513e+02   1.15658820e-03
   3.58738002e+02   1.89935497e-03
   3.58738490e+02   3.29451053e-03
   3.58738978e+02   1.99502171e-03
   3.58739467e+02  -6.05748326e-04
   3.58739955e+02   2.25156851e-04
   3.58740443e+02   1.86461606e-03
   3.58740932e+02  -8.50976357e-05
   3.58741420e+02  -2.68970267e-03
   3.58741908e+02  -7.39749230e-04
   3.58742397e+02   3.53884278e-03
   3.58742885e+02   4.34769224e-03
   3.58743373e+02   1.69167598e-03
   3.58743861e+02   1.23762898e-03
   3.58744350e+02   1.66912901e-03
   3.58744838e+02  -1.06379169e-03
   3.58745326e+02  -2.77576130e-03
   3.58745815e+02  -1.80035457e-03
   3.58746303e+02  -7.93570012e-04
   3.58746791e+02   8.77869257e-04
   3.58747280e+02   1.19763415e-03
   3.58747768e+02  -1.50892267e-03
   3.58748256e+02  -3.37656098e-03
   3.58748745e+02  -3.46279074e-03
   3.58749233e+02  -3.91328614e-03
   3.58749721e+02  -5.08507108e-03
   3.58750209e+02  -6.02945779e-03
   3.58750698e+02  -4.16236976e-03
   3.58751186e+02  -3.76209908e-04
   3.58751674e+02   2.24594784e-04
   3.58752163e+02  -1.72803691e-03
   3.58752651e+02  -2.89017148e-03
   3.58753139e+02  -3.92855704e-03
   3.58753628e+02  -4.42867866e-03
   3.58754116e+02  -3.07711121e-03
   3.58754604e+02  -2.68444116e-03
   3.58755093e+02  -3.49945435e-03
   3.58755581e+02  -3.54883727e-03
   3.58756069e+02  -2.25440110e-03
   3.58756557e+02  -1.41852957e-04
   3.58757046e+02  -1.08963095e-05
   3.58757534e+02  -1.72058691e-03
   3.58758022e+02  -2.26158882e-03
   3.58758511e+02  -6.53891009e-04
   3.58758999e+02  -1.57099712e-05
   3.58759487e+02   3.54574382e-04
   3.58759976e+02   3.44629120e-03
   3.58760464e+02   4.21068724e-03
   3.58760952e+02   1.02455961e-03
   3.58761441e+02  -1.20102288e-03
   3.58761929e+02  -2.49597873e-03
   3.58762417e+02  -3.52048199e-03
   3.58762905e+02  -3.03147873e-03
   3.58763394e+02  -2.07729195e-03
   3.58763882e+02  -1.50824350e-03
   3.58764370e+02   6.93339913e-04
   3.58764859e+02   2.47826078e-03
   3.58765347e+02   4.86813922e-04
   3.58765835e+02  -7.74054497e-05
   3.58766324e+02   2.51370715e-03
   3.58766812e+02   3.89780570e-03
   3.58767300e+02   6.42245228e-04
   3.58767789e+02  -4.59057791e-03
   3.58768277e+02  -2.44554784e-03
   3.58768765e+02   4.05280013e-03
   3.58769253e+02   3.96417221e-03
   3.58769742e+02   5.58320433e-04
   3.58770230e+02   1.71362632e-03
   3.58770718e+02   3.68894613e-03
   3.58771207e+02   3.81620671e-03
   3.58771695e+02   5.04213572e-03
   3.58772183e+02   5.44449780e-03
   3.58772672e+02   2.94962968e-03
   3.58773160e+02   1.01347361e-03
   3.58773648e+02   3.01514496e-03
   3.58774137e+02   6.32303441e-03
   3.58774625e+02   6.25796616e-03
   3.58775113e+02   2.83092982e-03
   3.58775601e+02   7.34454152e-05
   3.58776090e+02   5.03861345e-04
   3.58776578e+02   2.52302852e-03
   3.58777066e+02   4.06940281e-03
   3.58777555e+02   4.28675255e-03
   3.58778043e+02   3.03458632e-03
   3.58778531e+02  -3.93613096e-04
   3.58779020e+02  -4.23172629e-03
   3.58779508e+02  -4.35914798e-03
   3.58779996e+02  -1.12380681e-03
   3.58780485e+02  -2.41753238e-04
   3.58780973e+02  -3.40657099e-03
   3.58781461e+02  -4.61983401e-03
   3.58781950e+02  -1.89828547e-03
   3.58782438e+02  -8.33562459e-04
   3.58782926e+02  -1.85367011e-03
   3.58783414e+02  -2.68701348e-03
   3.58783903e+02  -4.11087461e-03
   3.58784391e+02  -4.36504278e-03
   3.58784879e+02  -1.93251250e-03
   3.58785368e+02   5.50337660e-04
   3.58785856e+02   6.62148115e-04
   3.58786344e+02  -5.30146295e-04
   3.58786833e+02  -1.01442158e-03
   3.58787321e+02  -1.80576078e-03
   3.58787809e+02  -1.93218887e-03
   3.58788298e+02   1.25858583e-04
   3.58788786e+02   3.56255099e-04
   3.58789274e+02  -1.81434385e-03
   3.58789762e+02  -5.49605000e-04
   3.58790251e+02   2.88519985e-03
   3.58790739e+02   1.78335665e-03
   3.58791227e+02  -3.25700990e-03
   3.58791716e+02  -5.37578948e-03
   3.58792204e+02  -3.53795406e-03
   3.58792692e+02  -5.24174829e-04
   3.58793181e+02   1.74992275e-03
   3.58793669e+02   4.18103940e-04
   3.58794157e+02  -1.69675262e-03
   3.58794646e+02  -3.15873884e-04
   3.58795134e+02   1.26841990e-03
   3.58795622e+02   1.32100028e-03
   3.58796110e+02   3.76709737e-03
   3.58796599e+02   5.06700715e-03
   3.58797087e+02   8.80343316e-04
   3.58797575e+02  -2.16846867e-03
   3.58798064e+02  -2.16704165e-03
   3.58798552e+02  -1.00480195e-03
   3.58799040e+02   1.93218514e-03
   3.58799529e+02   4.15565679e-03
   3.58800017e+02   3.67332902e-03
   3.58800505e+02   2.12763879e-03
   3.58800994e+02   1.00175815e-03
   3.58801482e+02   1.84108492e-03
   3.58801970e+02   2.14448432e-03
   3.58802458e+02   3.60642676e-04
   3.58802947e+02  -1.45821448e-03
   3.58803435e+02  -3.79636162e-03
   3.58803923e+02  -4.79533523e-03
   3.58804412e+02  -3.36137647e-03
   3.58804900e+02  -2.30018538e-03
   3.58805388e+02  -1.59624347e-03
   3.58805877e+02   3.59737634e-04
   3.58806365e+02   1.80050160e-03
   3.58806853e+02   2.54476909e-03
   3.58807342e+02   2.34608143e-03
   3.58807830e+02   3.20297637e-04
   3.58808318e+02  -1.17532327e-03
   3.58808806e+02  -8.97725346e-04
   3.58809295e+02  -3.52183124e-03
   3.58809783e+02  -7.27898255e-03
   3.58810271e+02  -7.02906027e-03
   3.58810760e+02  -5.12683531e-03
   3.58811248e+02  -3.44522391e-03
   3.58811736e+02  -2.06930377e-03
   3.58812225e+02  -1.42529828e-03
   3.58812713e+02  -1.66923867e-03
   3.58813201e+02  -2.37544719e-03
   3.58813690e+02  -7.73996057e-04
   3.58814178e+02   2.43266323e-03
   3.58814666e+02   3.86654679e-03
   3.58815154e+02   1.37138239e-03
   3.58815643e+02  -1.45783729e-03
   3.58816131e+02   3.29063769e-04
   3.58816619e+02   3.80133744e-03
   3.58817108e+02   6.70422567e-03
   3.58817596e+02   7.90208112e-03
   3.58818084e+02   5.81040652e-03
   3.58818573e+02   2.14711786e-03
   3.58819061e+02  -8.50819692e-04
   3.58819549e+02  -3.95777723e-04
   3.58820038e+02   2.59055640e-03
   3.58820526e+02   2.69292598e-03
   3.58821014e+02  -4.51444503e-04
   3.58821503e+02  -2.25264882e-03
   3.58821991e+02  -4.28851636e-04
   3.58822479e+02   3.16317962e-03
   3.58822967e+02   3.75547470e-03
   3.58823456e+02   6.99024007e-04
   3.58823944e+02  -1.33912615e-03
   3.58824432e+02  -1.61178294e-03
   3.58824921e+02  -1.73754781e-03
   3.58825409e+02  -1.46572944e-03
   3.58825897e+02   1.03872479e-03
   3.58826386e+02   3.46835400e-03
   3.58826874e+02   1.16068649e-03
   3.58827362e+02  -2.93747941e-03
   3.58827851e+02  -3.31986393e-03
   3.58828339e+02  -1.29119307e-03
   3.58828827e+02  -1.42852485e-03
   3.58829315e+02  -4.55754856e-03
   3.58829804e+02  -8.10826663e-03
   3.58830292e+02  -8.03498644e-03
   3.58830780e+02  -4.66791121e-03
   3.58831269e+02   4.09030181e-04
   3.58831757e+02   5.26491646e-03
   3.58832245e+02   4.70289402e-03
   3.58832734e+02   1.28928456e-03
   3.58833222e+02  -1.95347166e-04
   3.58833710e+02   5.93919423e-04
   3.58834199e+02   2.54794862e-03
   3.58834687e+02   1.65098719e-03
   3.58835175e+02  -1.56050629e-03
   3.58835663e+02  -3.67877609e-03
   3.58836152e+02  -2.56531080e-03
   3.58836640e+02   4.11507732e-04
   3.58837128e+02   1.70208234e-03
   3.58837617e+02   1.78216910e-03
   3.58838105e+02   2.77941627e-03
   3.58838593e+02   2.95920018e-03
   3.58839082e+02   2.62954878e-03
   3.58839570e+02   1.51153584e-03
   3.58840058e+02   8.70964141e-06
   3.58840547e+02   8.23129783e-04
   3.58841035e+02   3.17641534e-03
   3.58841523e+02   4.25822660e-03
   3.58842011e+02   3.91654065e-03
   3.58842500e+02   3.89124500e-03
   3.58842988e+02   1.82733755e-03
   3.58843476e+02  -1.75003347e-03
   3.58843965e+02  -4.13037080e-04
   3.58844453e+02   6.10028813e-03
   3.58844941e+02   1.06261065e-02
   3.58845430e+02   1.11803114e-02
   3.58845918e+02   1.28807006e-02
   3.58846406e+02   1.35913910e-02
   3.58846895e+02   1.57874711e-02
   3.58847383e+02   1.69205703e-02
   3.58847871e+02   2.38070395e-02
   3.58848359e+02   3.26402299e-02
   3.58848848e+02   3.51247862e-02
   3.58849336e+02   3.26187499e-02
   3.58849824e+02   3.45773622e-02
   3.58850313e+02   3.59183662e-02
   3.58850801e+02   3.49777155e-02
   3.58851289e+02   3.68059278e-02
   3.58851778e+02   3.67498584e-02
   3.58852266e+02   3.39599364e-02
   3.58852754e+02   3.21062468e-02
   3.58853243e+02   2.89775990e-02
   3.58853731e+02   2.76539363e-02
   3.58854219e+02   2.64588911e-02
   3.58854707e+02   1.69365574e-02
   3.58855196e+02   8.48280359e-03
   3.58855684e+02   3.31435632e-03
   3.58856172e+02   5.78133296e-03
   3.58856661e+02   5.18678734e-03
   3.58857149e+02  -3.05998896e-04
   3.58857637e+02  -3.29089700e-03
   3.58858126e+02  -4.66622738e-03
   3.58858614e+02  -7.09976675e-03
   3.58859102e+02  -7.07918312e-03
   3.58859591e+02  -2.19899160e-03
   3.58860079e+02   1.77488977e-03
   3.58860567e+02   2.51290575e-03
   3.58861056e+02   4.13270527e-03
   3.58861544e+02   6.16936386e-03
   3.58862032e+02   3.14271636e-03
   3.58862520e+02  -2.79845786e-03
   3.58863009e+02  -3.45542608e-03
   3.58863497e+02   2.47032871e-03
   3.58863985e+02   6.18916005e-03
   3.58864474e+02   3.61657119e-04
   3.58864962e+02  -7.73297157e-03
   3.58865450e+02  -6.38928590e-03
   3.58865939e+02  -2.64708092e-03
   3.58866427e+02  -3.18978028e-03
   3.58866915e+02  -1.56464253e-03
   3.58867404e+02   4.83822590e-03
   3.58867892e+02   8.09391681e-03
   3.58868380e+02   8.49355571e-03
   3.58868868e+02   7.91248959e-03
   3.58869357e+02  -1.25868886e-03
   3.58869845e+02  -1.23877749e-02
   3.58870333e+02  -9.12713446e-03
   3.58870822e+02   7.88854377e-04
   3.58871310e+02   3.53532541e-03
   3.58871798e+02  -7.05478131e-04
   3.58872287e+02  -6.97271107e-03
   3.58872775e+02  -1.23358248e-02
   3.58873263e+02  -9.10517294e-03
   3.58873752e+02  -3.18814558e-03
   3.58874240e+02  -1.93876331e-03
   3.58874728e+02   2.02528536e-05
   3.58875216e+02   5.88023430e-03
   3.58875705e+02   7.96607975e-03
   3.58876193e+02   3.19826161e-03
   3.58876681e+02   2.24643110e-04
   3.58877170e+02   2.97680823e-03
   3.58877658e+02   6.48874324e-03
   3.58878146e+02   8.78400751e-04
   3.58878635e+02  -1.15620438e-02
   3.58879123e+02  -1.67675000e-02
   3.58879611e+02  -1.39675718e-02
   3.58880100e+02  -8.98514036e-03
   3.58880588e+02  -4.65409225e-03
   3.58881076e+02  -4.61389683e-03
   3.58881564e+02  -5.67391049e-03
   3.58882053e+02  -4.83041117e-03
   3.58882541e+02  -5.43880789e-03
   3.58883029e+02  -3.30146775e-03
   3.58883518e+02   2.70939374e-04
   3.58884006e+02   9.21330429e-05
   3.58884494e+02  -1.37111673e-03
   3.58884983e+02   5.70935896e-04
   3.58885471e+02   4.90119029e-03
   3.58885959e+02   5.78244636e-03
   3.58886448e+02   2.95662135e-03
   3.58886936e+02   2.61442806e-03
   3.58887424e+02   1.88417581e-03
   3.58887912e+02  -2.94815120e-03
   3.58888401e+02  -6.57122722e-03
   3.58888889e+02  -4.94931638e-03
   3.58889377e+02  -4.39408328e-03
   3.58889866e+02  -5.94174163e-03
   3.58890354e+02  -6.05612015e-03
   3.58890842e+02  -4.51282691e-03
   3.58891331e+02  -8.01359012e-04
   3.58891819e+02   1.35418004e-03
   3.58892307e+02   1.52160251e-03
   3.58892796e+02   3.39977536e-03
   3.58893284e+02   3.10878805e-03
   3.58893772e+02   3.89558449e-03
   3.58894260e+02   6.57184748e-03
   3.58894749e+02   6.14878070e-03
   3.58895237e+02   7.07907230e-03
   3.58895725e+02   8.53182282e-03
   3.58896214e+02   6.03181357e-03
   3.58896702e+02   3.66109842e-03
   3.58897190e+02   2.17620074e-03
   3.58897679e+02   1.32614782e-03
   3.58898167e+02   2.96316482e-03
   3.58898655e+02   4.30825260e-03
   3.58899144e+02   3.52985016e-03
   3.58899632e+02   2.19942769e-03
   3.58900120e+02   1.05245737e-03
   3.58900608e+02  -2.78860272e-04
   3.58901097e+02   8.29312601e-04
   3.58901585e+02   4.72462876e-03
   3.58902073e+02   5.93117531e-03
   3.58902562e+02   2.08373903e-03
   3.58903050e+02  -1.54439849e-03
   3.58903538e+02  -2.59441673e-03
   3.58904027e+02  -3.10832704e-03
   3.58904515e+02  -5.65383397e-03
   3.58905003e+02  -9.52976942e-03
   3.58905492e+02  -8.67310446e-03
   3.58905980e+02  -3.68718849e-03
   3.58906468e+02  -6.28956128e-04
   3.58906957e+02   1.51636568e-03
   3.58907445e+02   4.32272954e-03
   3.58907933e+02   3.33068869e-03
   3.58908421e+02   2.20497535e-03
   3.58908910e+02   5.05802315e-03
   3.58909398e+02   4.44246689e-03
   3.58909886e+02  -1.81045826e-03
   3.58910375e+02  -4.24485747e-03
   3.58910863e+02  -1.62817177e-03
   3.58911351e+02   7.79174326e-04
   3.58911840e+02   8.22237867e-04
   3.58912328e+02  -5.21188369e-04
   3.58912816e+02  -1.04300620e-03
   3.58913305e+02  -1.49408379e-03
   3.58913793e+02  -3.42249870e-03
   3.58914281e+02  -4.71705757e-03
   3.58914769e+02  -5.24072861e-03
   3.58915258e+02  -3.94713646e-03
   3.58915746e+02  -2.30974308e-03
   3.58916234e+02  -4.04144870e-03
   3.58916723e+02  -6.29590638e-03
   3.58917211e+02  -3.72626632e-03
   3.58917699e+02   1.60488032e-03
   3.58918188e+02   4.06760909e-03
   3.58918676e+02   3.75077198e-03
   3.58919164e+02   3.64945084e-03
   3.58919653e+02   2.70955963e-03
   3.58920141e+02   9.01704712e-04
   3.58920629e+02   1.99537817e-03
   3.58921117e+02   3.80174560e-03
   3.58921606e+02   2.53049936e-03
   3.58922094e+02   6.09022507e-04
   3.58922582e+02  -1.35225931e-03
   3.58923071e+02  -2.61771819e-03
   3.58923559e+02  -1.21525757e-03
   3.58924047e+02   1.37851085e-03
   3.58924536e+02   2.39862432e-03
   3.58925024e+02  -2.12099130e-05
   3.58925512e+02  -3.61334113e-03
   3.58926001e+02  -6.38373196e-03
   3.58926489e+02  -6.14324724e-03
   3.58926977e+02  -2.38111569e-03
   3.58927465e+02  -1.04420912e-03
   3.58927954e+02  -2.95920926e-03
   3.58928442e+02  -4.63442458e-03
   3.58928930e+02  -6.26848452e-03
   3.58929419e+02  -6.03904109e-03
   3.58929907e+02  -2.38112197e-03
   3.58930395e+02  -3.69797373e-04
   3.58930884e+02  -5.02512732e-04
   3.58931372e+02   2.24930304e-03
   3.58931860e+02   4.79409285e-03
   3.58932349e+02   2.30447319e-03
   3.58932837e+02  -1.41945842e-03
   3.58933325e+02  -2.43433472e-03
   3.58933813e+02  -5.14059444e-04
   3.58934302e+02   1.70652848e-03
   3.58934790e+02   2.63037556e-03
   3.58935278e+02   2.75360397e-03
   3.58935767e+02   9.15973040e-04
   3.58936255e+02  -2.71871826e-03
   3.58936743e+02  -5.03205648e-03
   3.58937232e+02  -2.98565580e-03
   3.58937720e+02  -2.23914423e-04
   3.58938208e+02  -2.08658422e-03
   3.58938697e+02  -4.26136563e-03
   3.58939185e+02  -3.92974308e-03
   3.58939673e+02  -4.58109146e-03
   3.58940161e+02  -3.48607427e-03
   3.58940650e+02   3.18815437e-04
   3.58941138e+02   1.72024174e-03
   3.58941626e+02   6.26270135e-04
   3.58942115e+02  -1.74260989e-03
   3.58942603e+02  -4.67874203e-03
   3.58943091e+02  -5.19609498e-03
   3.58943580e+02  -2.29093130e-03
   3.58944068e+02   1.52578880e-03
   3.58944556e+02   1.69098866e-03
   3.58945045e+02  -2.68079544e-04
   3.58945533e+02  -1.31189649e-03
   3.58946021e+02  -1.59030454e-03
   3.58946510e+02   8.72629287e-04
   3.58946998e+02   5.11375209e-03
   3.58947486e+02   6.45204121e-03
   3.58947974e+02   4.15256899e-03
   3.58948463e+02   2.19465862e-03
   3.58948951e+02   1.56339572e-03
   3.58949439e+02  -1.16750765e-04
   3.58949928e+02  -1.70153347e-04
   3.58950416e+02   3.30149592e-03
   3.58950904e+02   5.04841935e-03
   3.58951393e+02   2.71896552e-03
   3.58951881e+02  -9.52474802e-05
   3.58952369e+02  -5.84186986e-04
   3.58952858e+02   1.35000027e-03
   3.58953346e+02   2.47331196e-03
   3.58953834e+02   1.81006617e-04
   3.58954322e+02  -2.65689334e-03
   3.58954811e+02  -1.12963060e-03
   3.58955299e+02   2.82415119e-03
   3.58955787e+02   1.91768666e-03
   3.58956276e+02  -9.62268154e-04
   3.58956764e+02  -1.35175011e-03
   3.58957252e+02  -1.92664657e-03
   3.58957741e+02  -2.28552078e-03
   3.58958229e+02  -1.96659658e-03
   3.58958717e+02  -1.83729979e-03
   3.58959206e+02  -7.42256991e-04
   3.58959694e+02   6.55999320e-05
   3.58960182e+02  -1.06972677e-03
   3.58960670e+02   2.82611145e-04
   3.58961159e+02   3.57108400e-03
   3.58961647e+02   1.88714906e-03
   3.58962135e+02  -1.96881546e-03
   3.58962624e+02  -2.87600415e-04
   3.58963112e+02   3.32313660e-03
   3.58963600e+02   2.28291610e-03
   3.58964089e+02  -2.48222583e-04
   3.58964577e+02   1.07670343e-03
   3.58965065e+02   3.50212492e-03
   3.58965554e+02   2.52337311e-03
   3.58966042e+02  -5.05739823e-04
   3.58966530e+02  -3.29661299e-03
   3.58967018e+02  -4.38154629e-03
   3.58967507e+02  -3.13015631e-03
   3.58967995e+02  -1.47579657e-03
   3.58968483e+02  -1.64450100e-03
   3.58968972e+02  -2.50837230e-03
   3.58969460e+02  -2.20682821e-03
   3.58969948e+02  -9.64800187e-04
   3.58970437e+02  -4.71048290e-04
   3.58970925e+02  -1.61440030e-03
   3.58971413e+02  -1.27014262e-03
   3.58971902e+02   7.06044317e-04
   3.58972390e+02   2.39469708e-04
   3.58972878e+02  -6.79857389e-04
   3.58973366e+02   2.84902315e-04
   3.58973855e+02  -7.60629657e-04
   3.58974343e+02  -2.93144793e-03
   3.58974831e+02  -4.11570584e-03
   3.58975320e+02  -4.30161832e-03
   3.58975808e+02  -2.01584725e-03
   3.58976296e+02   7.77205569e-04
   3.58976785e+02   7.35243259e-04
   3.58977273e+02  -1.65747316e-03
   3.58977761e+02  -2.45002750e-03
   3.58978250e+02   5.60632034e-04
   3.58978738e+02   2.69955583e-03
   3.58979226e+02   1.74417871e-03
   3.58979714e+02   5.36493375e-04
   3.58980203e+02  -1.72636833e-03
   3.58980691e+02  -3.53515008e-03
   3.58981179e+02  -8.26458738e-04
   3.58981668e+02   2.92143365e-03
   3.58982156e+02   3.83359799e-03
   3.58982644e+02   3.10638407e-03
   3.58983133e+02   1.16071070e-03
   3.58983621e+02  -2.07404001e-03
   3.58984109e+02  -2.71744933e-03
   3.58984598e+02  -1.20134166e-04
   3.58985086e+02   1.32111367e-03
   3.58985574e+02   1.04717736e-03
   3.58986063e+02  -1.56384730e-03
   3.58986551e+02  -4.86209616e-03
   3.58987039e+02  -5.05744526e-03
   3.58987527e+02  -3.08732642e-03
   3.58988016e+02  -1.71196100e-03
   3.58988504e+02  -2.47870130e-03
   3.58988992e+02  -2.55798455e-03
   3.58989481e+02  -1.28934055e-03
   3.58989969e+02   1.36578409e-03
   3.58990457e+02   4.58831713e-03
   3.58990946e+02   2.11982219e-03
   3.58991434e+02  -3.12346010e-03
   3.58991922e+02  -2.46006111e-03
   3.58992411e+02   3.71039292e-04
   3.58992899e+02  -1.88610528e-03
   3.58993387e+02  -5.45097375e-03
   3.58993875e+02  -4.89637163e-03
   3.58994364e+02  -3.56734701e-04
   3.58994852e+02   4.13431507e-03
   3.58995340e+02   6.06664969e-03
   3.58995829e+02   5.80073474e-03
   3.58996317e+02   2.57021165e-03
   3.58996805e+02  -9.88351065e-04
   3.58997294e+02  -1.68871810e-03
   3.58997782e+02  -2.33163685e-03
   3.58998270e+02  -4.41468274e-03
   3.58998759e+02  -3.70707014e-03
   3.58999247e+02   3.85234947e-04
   3.58999735e+02   2.40975898e-03
   3.59000223e+02   1.49854936e-03
   3.59000712e+02  -3.94086295e-04
   3.59001200e+02  -2.93464959e-03
   3.59001688e+02  -3.95729532e-03
   3.59002177e+02  -3.57200415e-03
   3.59002665e+02  -2.95972778e-03
   3.59003153e+02  -8.38614418e-04
   3.59003642e+02   2.78530130e-03
   3.59004130e+02   5.90339396e-03
   3.59004618e+02   5.33482712e-03
   3.59005107e+02   2.41547916e-03
   3.59005595e+02   1.44811976e-03
   3.59006083e+02   7.03820144e-04
   3.59006571e+02  -1.10338023e-03
   3.59007060e+02  -2.23014504e-03
   3.59007548e+02  -3.48893413e-03
   3.59008036e+02  -3.59685882e-03
   3.59008525e+02  -2.79023475e-03
   3.59009013e+02  -4.16463614e-03
   3.59009501e+02  -4.01171809e-03
   3.59009990e+02  -2.48254888e-04
   3.59010478e+02   2.53446400e-03
   3.59010966e+02   2.33963900e-03
   3.59011455e+02   6.16774021e-04
   3.59011943e+02  -7.59053228e-06
   3.59012431e+02   1.88007101e-03
   3.59012919e+02   3.63713154e-03
   3.59013408e+02   3.21941357e-03
   3.59013896e+02   2.60584778e-03
   3.59014384e+02   2.58618733e-03
   3.59014873e+02   1.66621862e-03
   3.59015361e+02  -2.13593710e-04
   3.59015849e+02  -1.22332515e-03
   3.59016338e+02  -4.66524885e-04
   3.59016826e+02   1.17369671e-03
   3.59017314e+02   1.45640445e-03
   3.59017803e+02   5.01488161e-04
   3.59018291e+02   1.29257911e-03
   3.59018779e+02   2.78475205e-03
   3.59019267e+02   3.35417292e-03
   3.59019756e+02   3.06064845e-03
   3.59020244e+02   5.39173125e-05
   3.59020732e+02  -1.59589981e-03
   3.59021221e+02   1.07401423e-03
   3.59021709e+02   3.44439177e-03
   3.59022197e+02   3.05587193e-03
   3.59022686e+02   1.47217582e-03
   3.59023174e+02   5.65649359e-04
   3.59023662e+02   2.43133836e-04
   3.59024151e+02  -1.21042533e-04
   3.59024639e+02  -5.13717358e-04
   3.59025127e+02   1.23420876e-04
   3.59025616e+02   2.72213551e-03
   3.59026104e+02   4.38031740e-03
   3.59026592e+02   2.27093440e-03
   3.59027080e+02  -1.26788346e-03
   3.59027569e+02  -3.13604856e-03
   3.59028057e+02  -3.42371035e-03
   3.59028545e+02  -2.92293518e-03
   3.59029034e+02  -3.01024038e-03
   3.59029522e+02  -2.61011743e-03
   3.59030010e+02   1.50333263e-03
   3.59030499e+02   5.41110197e-03
   3.59030987e+02   4.16893233e-03
   3.59031475e+02   2.06555822e-04
   3.59031964e+02  -1.70150469e-03
   3.59032452e+02  -5.45557705e-04
   3.59032940e+02   1.09784701e-03
   3.59033428e+02   3.46370623e-03
   3.59033917e+02   3.72460298e-03
   3.59034405e+02   4.30928863e-04
   3.59034893e+02  -1.89480127e-03
   3.59035382e+02  -1.76310062e-03
   3.59035870e+02   2.52270140e-04
   3.59036358e+02   2.22630752e-03
   3.59036847e+02   1.30873499e-03
   3.59037335e+02  -2.48738215e-04
   3.59037823e+02  -5.13779756e-04
   3.59038312e+02  -6.76967669e-04
   3.59038800e+02   6.03496010e-05
   3.59039288e+02   7.84119824e-04
   3.59039776e+02  -2.10645172e-04
   3.59040265e+02  -1.28847745e-03
   3.59040753e+02  -4.89345344e-04
   3.59041241e+02   9.00222047e-04
   3.59041730e+02  -2.63960275e-04
   3.59042218e+02  -2.90732435e-03
   3.59042706e+02  -2.61659711e-03
   3.59043195e+02   6.65586209e-04
   3.59043683e+02   2.74632662e-03
   3.59044171e+02   1.07242807e-03
   3.59044660e+02  -1.80708605e-03
   3.59045148e+02  -3.93972441e-04
   3.59045636e+02   3.67210596e-03
   3.59046124e+02   3.90274613e-03
   3.59046613e+02   2.87119090e-03
   3.59047101e+02   3.52764130e-03
   3.59047589e+02   2.14644708e-03
   3.59048078e+02  -1.16537488e-03
   3.59048566e+02  -2.25761393e-03
   3.59049054e+02  -1.33765046e-03
   3.59049543e+02  -3.91106558e-04
   3.59050031e+02   1.18607236e-03
   3.59050519e+02   2.84053525e-03
   3.59051008e+02   1.34363992e-03
   3.59051496e+02  -1.31859840e-03
   3.59051984e+02  -1.34995126e-03
   3.59052472e+02   1.41678887e-04
   3.59052961e+02   1.55038002e-03
   3.59053449e+02   2.06773821e-03
   3.59053937e+02   1.40836718e-03
   3.59054426e+02   1.58870150e-03
   3.59054914e+02   4.14176472e-03
   3.59055402e+02   5.44618629e-03
   3.59055891e+02   2.75275158e-03
   3.59056379e+02  -1.78572263e-05
   3.59056867e+02  -8.92615004e-04
   3.59057356e+02  -9.79135511e-04
   3.59057844e+02  -6.66045933e-04
   3.59058332e+02  -7.90603110e-04
   3.59058820e+02  -2.48555763e-04
   3.59059309e+02   8.46106501e-04
   3.59059797e+02  -6.53873256e-04
   3.59060285e+02  -3.57347587e-03
   3.59060774e+02  -4.68009664e-03
   3.59061262e+02  -3.22325621e-03
   3.59061750e+02   1.05507315e-04
   3.59062239e+02   2.19063531e-03
   3.59062727e+02   8.97479418e-04
   3.59063215e+02  -1.74616312e-03
   3.59063704e+02  -2.21965881e-03
   3.59064192e+02  -4.59740433e-04
   3.59064680e+02  -2.58972665e-04
   3.59065169e+02  -1.49887090e-03
   3.59065657e+02  -2.12246622e-03
   3.59066145e+02  -3.05254082e-03
   3.59066633e+02  -2.04272708e-03
   3.59067122e+02   3.82888131e-04
   3.59067610e+02   9.69187764e-04
   3.59068098e+02   8.40406923e-04
   3.59068587e+02  -8.00077396e-05
   3.59069075e+02  -4.48765582e-04
   3.59069563e+02   1.64037826e-03
   3.59070052e+02   1.44056731e-03
   3.59070540e+02  -1.28372211e-03
   3.59071028e+02  -2.92929937e-03
   3.59071517e+02  -3.43877147e-03
   3.59072005e+02  -2.98941415e-03
   3.59072493e+02  -8.04816140e-04
   3.59072981e+02   1.63753459e-03
   3.59073470e+02   2.95606139e-03
   3.59073958e+02   3.72126815e-03
   3.59074446e+02   3.25604412e-03
   3.59074935e+02   1.96901360e-03
   3.59075423e+02   3.46939516e-04
   3.59075911e+02  -1.47731125e-03
   3.59076400e+02  -2.27334513e-03
   3.59076888e+02  -2.82625644e-03
   3.59077376e+02  -3.96535313e-03
   3.59077865e+02  -4.53152368e-03
   3.59078353e+02  -3.17533594e-03
   3.59078841e+02  -1.33381167e-03
   3.59079329e+02  -6.86992425e-04
   3.59079818e+02  -9.81784076e-04
   3.59080306e+02  -1.20754400e-03
   3.59080794e+02   7.61183503e-04
   3.59081283e+02   2.22401647e-03
   3.59081771e+02   5.01506074e-05
   3.59082259e+02  -1.00670045e-03
   3.59082748e+02  -8.60630127e-04
   3.59083236e+02  -3.81518155e-03
   3.59083724e+02  -5.39083593e-03
   3.59084213e+02  -1.06919918e-03
   3.59084701e+02   2.63338699e-03
   3.59085189e+02   1.81965751e-03
   3.59085677e+02   1.44996482e-03
   3.59086166e+02   2.58315937e-03
   3.59086654e+02   2.04426632e-03
   3.59087142e+02   8.81021551e-04
   3.59087631e+02   1.30472309e-03
   3.59088119e+02  -5.40120800e-06
   3.59088607e+02  -2.90442398e-03
   3.59089096e+02  -2.67982739e-03
   3.59089584e+02  -1.91966852e-03
   3.59090072e+02  -2.59258901e-03
   3.59090561e+02  -2.11505336e-03
   3.59091049e+02  -1.47763378e-04
   3.59091537e+02   2.35168426e-03
   3.59092025e+02   3.65358358e-03
   3.59092514e+02   3.74208414e-03
   3.59093002e+02   2.79336912e-03
   3.59093490e+02   9.73236689e-04
   3.59093979e+02  -2.36255597e-04
   3.59094467e+02  -1.44347351e-03
   3.59094955e+02  -2.50657718e-03
   3.59095444e+02  -2.01982423e-03
   3.59095932e+02  -1.15232787e-03
   3.59096420e+02   3.17369449e-05
   3.59096909e+02  -1.03314633e-04
   3.59097397e+02  -1.66176294e-03
   3.59097885e+02  -7.79319205e-04
   3.59098373e+02   1.27774605e-03
   3.59098862e+02   1.31871668e-03
   3.59099350e+02   1.79099268e-03
   3.59099838e+02   3.67893255e-03
   3.59100327e+02   5.14594931e-03
   3.59100815e+02   4.70217783e-03
   3.59101303e+02   2.07845494e-03
   3.59101792e+02  -4.35562979e-04
   3.59102280e+02  -2.90478673e-03
   3.59102768e+02  -6.26887707e-03
   3.59103257e+02  -6.58179400e-03
   3.59103745e+02  -2.63932557e-03
   3.59104233e+02   1.61938916e-03
   3.59104722e+02   3.93467350e-03
   3.59105210e+02   3.98837356e-03
   3.59105698e+02   2.80327466e-03
   3.59106186e+02   1.29679171e-03
   3.59106675e+02   1.50454158e-04
   3.59107163e+02  -1.12791185e-03
   3.59107651e+02  -3.71044991e-03
   3.59108140e+02  -5.56109473e-03
   3.59108628e+02  -4.87886183e-03
   3.59109116e+02  -2.93251546e-03
   3.59109605e+02  -2.07595783e-03
   3.59110093e+02  -1.88661588e-03
   3.59110581e+02   1.76096553e-04
   3.59111070e+02   2.37601646e-03
   3.59111558e+02   4.12333384e-03
   3.59112046e+02   5.42204501e-03
   3.59112534e+02   4.74002864e-03
   3.59113023e+02   3.45606334e-03
   3.59113511e+02   3.15734092e-03
   3.59113999e+02   2.70293769e-03
   3.59114488e+02   2.64871586e-03
   3.59114976e+02   4.12056735e-03
   3.59115464e+02   4.80598584e-03
   3.59115953e+02   4.24086256e-03
   3.59116441e+02   3.78040085e-03
   3.59116929e+02   1.02375355e-03
   3.59117418e+02  -2.95659271e-03
   3.59117906e+02  -3.62858968e-03
   3.59118394e+02  -2.39712652e-03
   3.59118882e+02  -1.04716199e-03
   3.59119371e+02   1.94999724e-04
   3.59119859e+02   1.96495769e-03
   3.59120347e+02   4.03825985e-03
   3.59120836e+02   4.24254825e-03
   3.59121324e+02   2.75129033e-03
   3.59121812e+02   9.33459029e-04
   3.59122301e+02  -4.80974646e-04
   3.59122789e+02  -7.77651730e-04
   3.59123277e+02   5.54013357e-04
   3.59123766e+02   1.39677874e-03
   3.59124254e+02  -5.55991835e-04
   3.59124742e+02  -2.24994076e-03
   3.59125230e+02  -1.05229404e-03
   3.59125719e+02   6.96083240e-04
   3.59126207e+02   6.41645398e-04
   3.59126695e+02  -1.01713405e-03
   3.59127184e+02  -1.07366976e-03
   3.59127672e+02   9.51596245e-04
   3.59128160e+02   1.62092457e-03
   3.59128649e+02   3.67212604e-04
   3.59129137e+02   3.04751738e-04
   3.59129625e+02   7.51905260e-04
   3.59130114e+02   3.17937578e-04
   3.59130602e+02   1.32040831e-03
   3.59131090e+02   3.55545897e-03
   3.59131578e+02   4.07201983e-03
   3.59132067e+02   1.95808453e-03
   3.59132555e+02  -6.60419115e-04
   3.59133043e+02  -1.93820323e-03
   3.59133532e+02  -3.40596563e-03
   3.59134020e+02  -5.03841229e-03
   3.59134508e+02  -3.84868635e-03
   3.59134997e+02  -2.49496225e-05
   3.59135485e+02   5.26226591e-03
   3.59135973e+02   8.84793047e-03
   3.59136462e+02   6.30790880e-03
   3.59136950e+02   8.63529625e-04
   3.59137438e+02  -2.83333869e-03
   3.59137926e+02  -3.95561336e-03
   3.59138415e+02  -1.26381451e-03
   3.59138903e+02   2.28754967e-03
   3.59139391e+02   8.58125044e-04
   3.59139880e+02  -2.60983524e-03
   3.59140368e+02  -2.54586386e-03
   3.59140856e+02  -1.29055185e-03
   3.59141345e+02  -2.09816226e-05
   3.59141833e+02   2.26970809e-03
   3.59142321e+02   2.73325830e-03
   3.59142810e+02   2.90211115e-04
   3.59143298e+02  -1.99759169e-03
   3.59143786e+02  -2.45599658e-03
   3.59144275e+02  -2.10810243e-03
   3.59144763e+02  -2.39938148e-03
   3.59145251e+02  -4.58004419e-03
   3.59145739e+02  -5.52096311e-03
   3.59146228e+02  -2.93027330e-03
   3.59146716e+02  -5.71863318e-04
   3.59147204e+02   4.29127191e-04
   3.59147693e+02   1.25664403e-03
   3.59148181e+02   4.73427863e-05
   3.59148669e+02  -2.25165742e-03
   3.59149158e+02  -3.01752030e-03
   3.59149646e+02  -2.79210624e-03
   3.59150134e+02  -1.97053421e-03
   3.59150623e+02   5.57962339e-04
   3.59151111e+02   3.88479163e-03
   3.59151599e+02   3.93136777e-03
   3.59152087e+02   1.19424216e-03
   3.59152576e+02  -5.74100472e-04
   3.59153064e+02  -5.21110254e-04
   3.59153552e+02   9.88088432e-04
   3.59154041e+02   1.92598521e-03
   3.59154529e+02  -7.54799345e-04
   3.59155017e+02  -4.33774339e-03
   3.59155506e+02  -2.97387899e-03
   3.59155994e+02   1.14754564e-03
   3.59156482e+02   1.87128410e-03
   3.59156971e+02  -7.24993879e-04
   3.59157459e+02  -4.18374268e-03
   3.59157947e+02  -6.51757559e-03
   3.59158435e+02  -4.95279906e-03
   3.59158924e+02  -3.00135842e-04
   3.59159412e+02   1.46149541e-03
   3.59159900e+02   3.29018483e-04
   3.59160389e+02   9.74813767e-04
   3.59160877e+02   2.33649206e-03
   3.59161365e+02   2.96998327e-03
   3.59161854e+02   1.48149568e-03
   3.59162342e+02  -2.36872141e-03
   3.59162830e+02  -4.61013615e-03
   3.59163319e+02  -4.79901396e-03
   3.59163807e+02  -4.21976438e-03
   3.59164295e+02  -4.03784588e-03
   3.59164783e+02  -5.49824070e-03
   3.59165272e+02  -6.25251746e-03
   3.59165760e+02  -4.18682816e-03
   3.59166248e+02  -3.06160451e-04
   3.59166737e+02   1.68593251e-03
   3.59167225e+02  -4.40307667e-05
   3.59167713e+02  -1.73413928e-03
   3.59168202e+02  -5.88375551e-04
   3.59168690e+02   2.05328758e-03
   3.59169178e+02   3.09688156e-03
   3.59169667e+02   6.24404522e-04
   3.59170155e+02   4.16299044e-05
   3.59170643e+02   4.54728026e-03
   3.59171131e+02   4.76328656e-03
   3.59171620e+02  -1.32387190e-03
   3.59172108e+02  -4.18967474e-03
   3.59172596e+02  -2.16881931e-03
   3.59173085e+02  -5.15141583e-04
   3.59173573e+02  -6.74648967e-04
   3.59174061e+02  -1.68560480e-03
   3.59174550e+02  -1.57691119e-03
   3.59175038e+02  -1.22914510e-03
   3.59175526e+02  -2.20213924e-03
   3.59176015e+02  -2.04218109e-03
   3.59176503e+02  -1.51148264e-03
   3.59176991e+02  -1.35893596e-03
   3.59177479e+02   1.38735224e-03
   3.59177968e+02   3.73825128e-03
   3.59178456e+02   1.70088152e-03
   3.59178944e+02  -7.87509838e-04
   3.59179433e+02  -6.17553422e-04
   3.59179921e+02   5.72175602e-04
   3.59180409e+02   2.19145976e-03
   3.59180898e+02   3.54141835e-03
   3.59181386e+02   2.39790580e-03
   3.59181874e+02   1.50621345e-04
   3.59182363e+02  -7.67980877e-04
   3.59182851e+02  -1.97570864e-03
   3.59183339e+02  -4.05687885e-03
   3.59183828e+02  -4.39635199e-03
   3.59184316e+02  -3.17458343e-03
   3.59184804e+02  -8.73017067e-04
   3.59185292e+02   1.66416587e-03
   3.59185781e+02   7.27752049e-04
   3.59186269e+02  -1.64259668e-03
   3.59186757e+02  -2.70189554e-03
   3.59187246e+02  -2.77984096e-03
   3.59187734e+02   2.15989698e-04
   3.59188222e+02   2.93121231e-03
   3.59188711e+02   1.00627751e-03
   3.59189199e+02  -3.40687856e-03
   3.59189687e+02  -5.78209246e-03
   3.59190176e+02  -2.73294700e-03
   3.59190664e+02   2.70338496e-03
   3.59191152e+02   5.05902851e-03
   3.59191640e+02   2.25870800e-03
   3.59192129e+02  -1.96834630e-03
   3.59192617e+02  -3.15322378e-03
   3.59193105e+02  -3.23060900e-03
   3.59193594e+02  -3.71665251e-03
   3.59194082e+02  -3.66659486e-03
   3.59194570e+02  -2.87623284e-03
   3.59195059e+02  -2.22324074e-04
   3.59195547e+02   3.65980854e-03
   3.59196035e+02   5.13096899e-03
   3.59196524e+02   2.99577671e-03
   3.59197012e+02   1.68911903e-03
   3.59197500e+02   2.89354846e-03
   3.59197988e+02   3.50293657e-03
   3.59198477e+02   3.29901814e-03
   3.59198965e+02   2.38862284e-03
   3.59199453e+02  -7.66367768e-04
   3.59199942e+02  -3.03309201e-03
   3.59200430e+02  -1.83948234e-03
   3.59200918e+02  -7.24110578e-04
   3.59201407e+02  -6.33808086e-04
   3.59201895e+02   9.41255246e-04
   3.59202383e+02   2.04897881e-03
   3.59202872e+02   2.20699492e-03
   3.59203360e+02   1.81457703e-03
   3.59203848e+02  -1.27985259e-03
   3.59204336e+02  -3.50136613e-03
   3.59204825e+02  -2.51128478e-03
   3.59205313e+02  -2.03840574e-03
   3.59205801e+02  -2.05089804e-03
   3.59206290e+02  -1.18525315e-03
   3.59206778e+02  -3.11909709e-04
   3.59207266e+02   1.15672825e-03
   3.59207755e+02   2.14098487e-03
   3.59208243e+02   1.52175152e-03
   3.59208731e+02   1.39204465e-04
   3.59209220e+02   1.07563764e-03
   3.59209708e+02   3.31874727e-03
   3.59210196e+02   2.57653394e-03
   3.59210684e+02  -5.59025386e-04
   3.59211173e+02  -2.81351991e-03
   3.59211661e+02  -2.70928489e-03
   3.59212149e+02  -1.79910669e-04
   3.59212638e+02   1.61457213e-03
   3.59213126e+02   3.90310568e-04
   3.59213614e+02  -7.96550739e-05
   3.59214103e+02   5.90653275e-04
   3.59214591e+02  -1.14641451e-04
   3.59215079e+02  -1.99142238e-03
   3.59215568e+02  -4.58011404e-03
   3.59216056e+02  -4.36890312e-03
   3.59216544e+02  -4.10333596e-04
   3.59217032e+02  -1.72586646e-04
   3.59217521e+02  -4.40845173e-03
   3.59218009e+02  -5.92245581e-03
   3.59218497e+02  -4.74898145e-03
   3.59218986e+02  -3.69550264e-03
   3.59219474e+02  -1.79455592e-03
   3.59219962e+02  -2.92821642e-04
   3.59220451e+02  -2.20992207e-03
   3.59220939e+02  -4.53914609e-03
   3.59221427e+02  -3.99818504e-03
   3.59221916e+02  -2.69583659e-03
   3.59222404e+02  -1.62578630e-03
   3.59222892e+02  -5.64524846e-04
   3.59223381e+02   1.34154037e-03
   3.59223869e+02   2.57563195e-03
   3.59224357e+02   1.86218205e-03
   3.59224845e+02   1.69998594e-03
   3.59225334e+02   1.82999123e-03
   3.59225822e+02   2.20681817e-04
   3.59226310e+02  -1.96729437e-03
   3.59226799e+02  -3.21463612e-03
   3.59227287e+02  -2.51273927e-03
   3.59227775e+02  -1.02014130e-03
   3.59228264e+02  -1.68278418e-03
   3.59228752e+02  -2.90573901e-03
   3.59229240e+02  -1.37073419e-03
   3.59229729e+02   3.38240265e-04
   3.59230217e+02   1.38408912e-04
   3.59230705e+02   9.95683440e-05
   3.59231193e+02  -4.05981700e-04
   3.59231682e+02  -1.56768237e-03
   3.59232170e+02  -5.39699453e-04
   3.59232658e+02   2.27704714e-03
   3.59233147e+02   3.81251122e-03
   3.59233635e+02   3.25011765e-03
   3.59234123e+02   6.21472544e-04
   3.59234612e+02  -6.08467417e-05
   3.59235100e+02   3.22262174e-03
   3.59235588e+02   4.70554410e-03
   3.59236077e+02   2.61928933e-03
   3.59236565e+02  -2.87935312e-04
   3.59237053e+02  -1.67760428e-03
   3.59237541e+02  -1.00992934e-03
   3.59238030e+02  -6.31240837e-04
   3.59238518e+02  -3.02548567e-03
   3.59239006e+02  -6.21280214e-03
   3.59239495e+02  -5.37747657e-03
   3.59239983e+02  -1.45272538e-03
   3.59240471e+02   1.36751484e-03
   3.59240960e+02   1.16076448e-03
   3.59241448e+02  -1.30688760e-03
   3.59241936e+02  -3.25960945e-03
   3.59242425e+02  -2.27452209e-03
   3.59242913e+02   4.27791412e-04
   3.59243401e+02   2.20187800e-03
   3.59243889e+02   3.32392892e-03
   3.59244378e+02   4.04992606e-03
   3.59244866e+02   3.31047107e-03
   3.59245354e+02   1.52975880e-03
   3.59245843e+02  -2.86947994e-04
   3.59246331e+02  -3.74673167e-04
   3.59246819e+02   1.93238864e-03
   3.59247308e+02   3.47059849e-03
   3.59247796e+02   1.69295957e-03
   3.59248284e+02  -4.52703884e-04
   3.59248773e+02   1.04669505e-03
   3.59249261e+02   3.24726640e-03
   3.59249749e+02   1.99128967e-03
   3.59250237e+02  -8.44072420e-05
   3.59250726e+02  -1.23184139e-03
   3.59251214e+02  -2.44466867e-03
   3.59251702e+02  -3.12554487e-03
   3.59252191e+02  -3.66132474e-03
   3.59252679e+02  -4.11339523e-03
   3.59253167e+02  -4.14948585e-03
   3.59253656e+02  -2.42467690e-03
   3.59254144e+02   1.03998766e-03
   3.59254632e+02   3.18015669e-03
   3.59255121e+02   3.08206840e-03
   3.59255609e+02   2.16781837e-03
   3.59256097e+02  -1.59436051e-04
   3.59256585e+02  -1.53115811e-03
   3.59257074e+02  -4.23465070e-04
   3.59257562e+02   1.08297670e-03
   3.59258050e+02   1.09236722e-03
   3.59258539e+02  -2.44266354e-04
   3.59259027e+02  -7.87655124e-04
   3.59259515e+02  -6.19503495e-04
   3.59260004e+02  -2.08383019e-04
   3.59260492e+02   1.46417168e-03
   3.59260980e+02   2.19732663e-03
   3.59261469e+02   4.14991722e-04
   3.59261957e+02  -1.06164743e-03
   3.59262445e+02   1.68418090e-04
   3.59262934e+02   2.18016212e-03
   3.59263422e+02   2.68900744e-03
   3.59263910e+02   1.80046353e-03
   3.59264398e+02   5.61644229e-05
   3.59264887e+02  -2.12945184e-03
   3.59265375e+02  -2.59415363e-03
   3.59265863e+02  -2.02655373e-03
   3.59266352e+02  -3.21771530e-03
   3.59266840e+02  -4.05505439e-03
   3.59267328e+02  -3.62833543e-03
   3.59267817e+02  -2.54814932e-03
   3.59268305e+02  -1.04466861e-03
   3.59268793e+02   4.87088255e-05
   3.59269282e+02   1.06316688e-03
   3.59269770e+02   7.07214058e-04
   3.59270258e+02  -1.19916478e-03
   3.59270746e+02  -2.00605369e-03
   3.59271235e+02  -3.79604026e-04
   3.59271723e+02   1.54023198e-03
   3.59272211e+02   2.94547179e-03
   3.59272700e+02   3.33718071e-03
   3.59273188e+02   2.41405284e-03
   3.59273676e+02   2.69194017e-03
   3.59274165e+02   3.36603727e-03
   3.59274653e+02   2.29036482e-03
   3.59275141e+02   1.21180841e-03
   3.59275630e+02   4.02304955e-04
   3.59276118e+02  -8.61506676e-04
   3.59276606e+02  -1.68706197e-03
   3.59277094e+02  -1.22146087e-03
   3.59277583e+02  -6.46804634e-04
   3.59278071e+02  -1.43600759e-04
   3.59278559e+02   1.06608763e-03
   3.59279048e+02   1.01047393e-03
   3.59279536e+02  -4.80930699e-04
   3.59280024e+02  -1.50679424e-03
   3.59280513e+02  -8.63627647e-04
   3.59281001e+02   8.25808791e-04
   3.59281489e+02   1.07063225e-03
   3.59281978e+02   6.38714992e-04
   3.59282466e+02   1.39150547e-03
   3.59282954e+02   1.14422583e-03
   3.59283442e+02  -1.63360291e-05
   3.59283931e+02  -1.37996132e-04
   3.59284419e+02   2.53962324e-04
   3.59284907e+02   1.50267303e-03
   3.59285396e+02   2.85437563e-03
   3.59285884e+02   2.54429760e-03
   3.59286372e+02   1.53671054e-03
   3.59286861e+02   1.50507584e-03
   3.59287349e+02   2.15375074e-03
   3.59287837e+02   1.47893012e-03
   3.59288326e+02  -2.76919192e-04
   3.59288814e+02   7.20077893e-04
   3.59289302e+02   3.94031452e-03
   3.59289790e+02   3.72374780e-03
   3.59290279e+02   8.34287261e-04
   3.59290767e+02  -5.01912427e-06
   3.59291255e+02  -1.19979889e-03
   3.59291744e+02  -3.43440496e-03
   3.59292232e+02  -1.90653477e-03
   3.59292720e+02   1.68388209e-03
   3.59293209e+02   2.97470717e-03
   3.59293697e+02   2.27725785e-03
   3.59294185e+02   3.10411357e-04
   3.59294674e+02  -2.28029140e-03
   3.59295162e+02  -2.11204961e-03
   3.59295650e+02  -8.69324140e-04
   3.59296138e+02  -1.67365256e-03
   3.59296627e+02  -1.15400320e-03
   3.59297115e+02   2.65352428e-04
   3.59297603e+02  -9.56426025e-04
   3.59298092e+02  -2.17443216e-03
   3.59298580e+02  -1.16833870e-03
   3.59299068e+02   1.56965572e-03
   3.59299557e+02   3.76855186e-03
   3.59300045e+02   3.80404084e-03
   3.59300533e+02   2.93884729e-03
   3.59301022e+02   2.49797222e-03
   3.59301510e+02   2.67925439e-03
   3.59301998e+02   1.42827909e-03
   3.59302487e+02  -9.26726963e-04
   3.59302975e+02  -8.59892520e-04
   3.59303463e+02   5.49149991e-04
   3.59303951e+02   2.60798493e-03
   3.59304440e+02   6.11072825e-03
   3.59304928e+02   6.47004414e-03
   3.59305416e+02   3.08021368e-03
   3.59305905e+02   1.62951488e-04
   3.59306393e+02  -1.21480494e-03
   3.59306881e+02  -1.27279421e-03
   3.59307370e+02   1.40999007e-04
   3.59307858e+02   7.25994410e-04
   3.59308346e+02  -2.36268411e-03
   3.59308835e+02  -5.01051033e-03
   3.59309323e+02  -2.33826251e-03
   3.59309811e+02   1.85678317e-03
   3.59310299e+02   1.74569630e-03
   3.59310788e+02  -2.65913841e-04
   3.59311276e+02   9.76721407e-04
   3.59311764e+02   3.04522878e-03
   3.59312253e+02   3.29700951e-03
   3.59312741e+02   1.87990582e-03
   3.59313229e+02  -3.09484545e-04
   3.59313718e+02  -1.58347283e-03
   3.59314206e+02  -7.32967106e-04
   3.59314694e+02   1.78047048e-03
   3.59315183e+02   1.77180371e-03
   3.59315671e+02  -2.31682137e-03
   3.59316159e+02  -3.66295548e-03
   3.59316647e+02  -3.78586672e-04
   3.59317136e+02   1.59829156e-03
   3.59317624e+02   6.19190570e-04
   3.59318112e+02   9.04091459e-04
   3.59318601e+02   2.28544627e-03
   3.59319089e+02   2.17004213e-03
   3.59319577e+02   1.43733539e-03
   3.59320066e+02   3.06925125e-04
   3.59320554e+02  -1.71817630e-03
   3.59321042e+02  -3.58217512e-03
   3.59321531e+02  -3.05025117e-03
   3.59322019e+02   1.27494999e-03
   3.59322507e+02   4.93603060e-03
   3.59322995e+02   4.28581703e-03
   3.59323484e+02   2.76361150e-03
   3.59323972e+02   3.09084868e-03
   3.59324460e+02   2.44651386e-03
   3.59324949e+02   5.50978701e-04
   3.59325437e+02   2.10179156e-03
   3.59325925e+02   4.43495484e-03
   3.59326414e+02   5.19457739e-03
   3.59326902e+02   4.96620499e-03
   3.59327390e+02   2.11036182e-03
   3.59327879e+02  -1.18625606e-03
   3.59328367e+02  -1.65563670e-03
   3.59328855e+02  -5.27017051e-04
   3.59329343e+02   8.13516090e-04
   3.59329832e+02   8.92543612e-05
   3.59330320e+02  -2.60438165e-03
   3.59330808e+02  -2.07595923e-03
   3.59331297e+02   1.52340461e-03
   3.59331785e+02   4.52494249e-03
   3.59332273e+02   7.13659404e-03
   3.59332762e+02   6.35152822e-03
   3.59333250e+02   1.83314353e-03
   3.59333738e+02  -2.57475651e-04
   3.59334227e+02   1.77300896e-03
   3.59334715e+02   2.87381443e-03
   3.59335203e+02   6.87315536e-04
   3.59335691e+02  -1.24193006e-03
   3.59336180e+02  -9.29796835e-04
   3.59336668e+02   8.48955009e-04
   3.59337156e+02   2.10868358e-03
   3.59337645e+02   5.80302963e-04
   3.59338133e+02  -1.42216554e-03
   3.59338621e+02  -1.26143754e-03
   3.59339110e+02  -2.31197826e-03
   3.59339598e+02  -5.27703855e-03
   3.59340086e+02  -5.77614363e-03
   3.59340575e+02  -1.39119651e-03
   3.59341063e+02   3.71502060e-03
   3.59341551e+02   3.82781285e-03
   3.59342040e+02   1.34333619e-03
   3.59342528e+02   1.73002901e-03
   3.59343016e+02   4.00105584e-03
   3.59343504e+02   4.09366097e-03
   3.59343993e+02   1.92795449e-03
   3.59344481e+02   1.67509250e-03
   3.59344969e+02   2.45328224e-03
   3.59345458e+02   7.87159952e-04
   3.59345946e+02  -5.74269914e-04
   3.59346434e+02   2.00092385e-04
   3.59346923e+02  -1.61761272e-04
   3.59347411e+02  -7.95429049e-04
   3.59347899e+02   1.39212026e-03
   3.59348388e+02   3.98191810e-03
   3.59348876e+02   3.75723047e-03
   3.59349364e+02   1.89616543e-03
   3.59349852e+02   1.03858323e-03
   3.59350341e+02   1.35653268e-03
   3.59350829e+02   1.67897169e-03
   3.59351317e+02   1.80656777e-03
   3.59351806e+02   2.76241219e-03
   3.59352294e+02   3.64529784e-03
   3.59352782e+02   2.52236053e-03
   3.59353271e+02   1.34430057e-03
   3.59353759e+02   7.94506981e-04
   3.59354247e+02  -3.11178475e-04
   3.59354736e+02  -1.83679536e-03
   3.59355224e+02  -2.18735170e-03
   3.59355712e+02  -1.25112012e-03
   3.59356200e+02  -7.11665198e-04
   3.59356689e+02  -5.18855348e-04
   3.59357177e+02  -1.38482137e-04
   3.59357665e+02  -1.76538044e-04
   3.59358154e+02  -1.11456786e-04
   3.59358642e+02  -2.23479844e-07
   3.59359130e+02   7.93949526e-04
   3.59359619e+02   1.78875332e-03
   3.59360107e+02   4.21772100e-04
   3.59360595e+02  -1.21609098e-03
   3.59361084e+02  -6.56213728e-04
   3.59361572e+02  -9.42203449e-04
   3.59362060e+02  -3.41416011e-03
   3.59362548e+02  -3.33028683e-03
   3.59363037e+02   1.43071427e-03
   3.59363525e+02   4.09941748e-03
   3.59364013e+02   1.41043204e-03
   3.59364502e+02  -9.80222947e-04
   3.59364990e+02  -3.08115879e-04
   3.59365478e+02   4.77571652e-04
   3.59365967e+02   1.80341987e-04
   3.59366455e+02  -1.21903664e-04
   3.59366943e+02  -2.51238438e-04
   3.59367432e+02  -1.96512789e-04
   3.59367920e+02  -1.84203600e-04
   3.59368408e+02  -1.10938796e-03
   3.59368896e+02  -1.65241596e-03
   3.59369385e+02  -2.10763537e-03
   3.59369873e+02  -3.29761067e-03
   3.59370361e+02  -3.83682409e-03
   3.59370850e+02  -4.05771192e-03
   3.59371338e+02  -3.57136060e-03
   3.59371826e+02  -2.01570638e-03
   3.59372315e+02  -1.28407066e-03
   3.59372803e+02  -1.38067943e-03
   3.59373291e+02   1.76447720e-05
   3.59373780e+02   2.49031861e-03
   3.59374268e+02   3.96827562e-03
   3.59374756e+02   3.57400323e-03
   3.59375244e+02   4.40419745e-03
   3.59375733e+02   6.50802907e-03
   3.59376221e+02   6.36385521e-03
   3.59376709e+02   5.25559252e-03
   3.59377198e+02   5.06682135e-03
   3.59377686e+02   4.33604559e-03
   3.59378174e+02   2.71210773e-03
   3.59378663e+02   2.66592391e-03
   3.59379151e+02   4.18373942e-03
   3.59379639e+02   4.43675788e-03
   3.59380128e+02   4.27062297e-03
   3.59380616e+02   4.41090576e-03
   3.59381104e+02   1.53428933e-03
   3.59381593e+02  -3.29221459e-03
   3.59382081e+02  -3.61803896e-03
   3.59382569e+02   1.22496160e-03
   3.59383057e+02   5.73715661e-03
   3.59383546e+02   3.34968744e-03
   3.59384034e+02   6.86926433e-05
   3.59384522e+02  -2.77964515e-04
   3.59385011e+02  -3.50248811e-05
   3.59385499e+02   6.86046376e-04
   3.59385987e+02   1.26395177e-03
   3.59386476e+02   1.26063311e-03
   3.59386964e+02   1.63802997e-05
   3.59387452e+02  -2.27687648e-03
   3.59387941e+02  -3.33454669e-03
   3.59388429e+02  -3.48375272e-03
   3.59388917e+02  -3.28625226e-03
   3.59389405e+02  -1.15572230e-03
   3.59389894e+02   5.96466998e-04
   3.59390382e+02   3.83083156e-04
   3.59390870e+02   5.99687744e-04
   3.59391359e+02   6.62138336e-04
   3.59391847e+02  -5.46658761e-04
   3.59392335e+02  -1.61456387e-03
   3.59392824e+02  -1.92181696e-03
   3.59393312e+02  -2.50131031e-03
   3.59393800e+02  -3.26332264e-03
   3.59394289e+02  -2.10939278e-03
   3.59394777e+02  -3.55734752e-04
   3.59395265e+02   7.65531033e-04
   3.59395753e+02   2.19544000e-03
   3.59396242e+02   3.52324382e-03
   3.59396730e+02   5.11218747e-03
   3.59397218e+02   5.95771149e-03
   3.59397707e+02   4.68507735e-03
   3.59398195e+02   1.65082549e-03
   3.59398683e+02   7.85829499e-04
   3.59399172e+02   2.93200300e-03
   3.59399660e+02   2.29985593e-03
   3.59400148e+02  -5.23471448e-04
   3.59400637e+02  -4.24605998e-04
   3.59401125e+02   9.39138059e-04
   3.59401613e+02   1.54319243e-03
   3.59402101e+02   2.41971062e-03
   3.59402590e+02   2.60738353e-03
   3.59403078e+02   2.28268164e-03
   3.59403566e+02   3.19631142e-03
   3.59404055e+02   4.20277612e-03
   3.59404543e+02   2.84214737e-03
   3.59405031e+02  -4.12654947e-04
   3.59405520e+02  -2.96777626e-03
   3.59406008e+02  -3.78987077e-03
   3.59406496e+02  -2.83393008e-03
   3.59406985e+02  -3.28717870e-04
   3.59407473e+02   1.21143844e-03
   3.59407961e+02   6.30565046e-04
   3.59408449e+02   7.39994633e-04
   3.59408938e+02   5.78476349e-04
   3.59409426e+02  -6.64584746e-04
   3.59409914e+02  -1.35513686e-03
   3.59410403e+02  -2.52176845e-03
   3.59410891e+02  -2.68863770e-03
   3.59411379e+02  -1.16574368e-03
   3.59411868e+02   1.12937043e-04
   3.59412356e+02   1.74381211e-03
   3.59412844e+02   3.54942936e-03
   3.59413333e+02   3.26868775e-03
   3.59413821e+02   5.80611930e-04
   3.59414309e+02  -6.99880957e-06
   3.59414797e+02   2.52556615e-03
   3.59415286e+02   2.78628687e-03
   3.59415774e+02  -1.94553199e-04
   3.59416262e+02  -3.79829644e-03
   3.59416751e+02  -4.14847210e-03
   3.59417239e+02  -1.01210945e-03
   3.59417727e+02   7.51983665e-04
   3.59418216e+02  -8.59299791e-04
   3.59418704e+02  -2.60270480e-03
   3.59419192e+02  -1.26131519e-03
   3.59419681e+02   1.39991811e-03
   3.59420169e+02   2.60182074e-03
   3.59420657e+02   1.67728600e-03
   3.59421146e+02   5.30984369e-04
   3.59421634e+02   6.46310800e-04
   3.59422122e+02   4.23901547e-05
   3.59422610e+02  -7.71859020e-04
   3.59423099e+02   3.67897941e-04
   3.59423587e+02   1.33711181e-03
   3.59424075e+02   3.25161527e-04
   3.59424564e+02   7.32978689e-04
   3.59425052e+02   2.88755493e-03
   3.59425540e+02   3.72338225e-03
   3.59426029e+02   2.61891354e-03
   3.59426517e+02   6.50038419e-04
   3.59427005e+02   1.51302374e-04
   3.59427494e+02   1.10148219e-03
   3.59427982e+02   1.60211266e-03
   3.59428470e+02   1.48998306e-03
   3.59428958e+02  -6.22565742e-04
   3.59429447e+02  -3.71414563e-03
   3.59429935e+02  -1.99597608e-03
   3.59430423e+02   2.05081888e-03
   3.59430912e+02   1.36936945e-03
   3.59431400e+02  -4.36501607e-04
   3.59431888e+02   1.62041528e-04
   3.59432377e+02   7.72745756e-04
   3.59432865e+02   1.38243529e-04
   3.59433353e+02  -2.47416436e-03
   3.59433842e+02  -3.46781476e-03
   3.59434330e+02   8.39913482e-05
   3.59434818e+02   2.79375492e-03
   3.59435306e+02   3.22829583e-03
   3.59435795e+02   5.02540357e-03
   3.59436283e+02   6.56983955e-03
   3.59436771e+02   5.06866304e-03
   3.59437260e+02   2.18587043e-03
   3.59437748e+02   4.72464802e-04
   3.59438236e+02  -1.45294575e-03
   3.59438725e+02  -3.40173207e-03
   3.59439213e+02  -1.94941042e-03
   3.59439701e+02  -2.38708250e-04
   3.59440190e+02  -8.89570161e-04
   3.59440678e+02  -1.20513735e-03
   3.59441166e+02  -7.95554020e-04
   3.59441654e+02  -1.75141706e-03
   3.59442143e+02  -2.75251293e-03
   3.59442631e+02  -2.63716513e-03
   3.59443119e+02  -2.79117469e-03
   3.59443608e+02  -2.27299146e-03
   3.59444096e+02  -8.38997890e-04
   3.59444584e+02  -9.63643033e-05
   3.59445073e+02  -9.06110567e-04
   3.59445561e+02  -8.42767884e-04
   3.59446049e+02   1.69053709e-03
   3.59446538e+02   3.10970796e-03
   3.59447026e+02   2.56081042e-03
   3.59447514e+02   2.74139107e-03
   3.59448002e+02   2.50316621e-03
   3.59448491e+02   2.01114966e-03
   3.59448979e+02   2.76779593e-03
   3.59449467e+02   2.95858085e-03
   3.59449956e+02   7.94451160e-04
   3.59450444e+02  -2.68339738e-03
   3.59450932e+02  -4.46920656e-03
   3.59451421e+02  -3.57083394e-03
   3.59451909e+02  -2.65557203e-03
   3.59452397e+02  -2.94593000e-03
   3.59452886e+02  -2.45113019e-03
   3.59453374e+02  -1.25095982e-03
   3.59453862e+02  -5.52718702e-04
   3.59454350e+02   3.67076340e-04
   3.59454839e+02   1.75799523e-03
   3.59455327e+02   1.53936073e-03
   3.59455815e+02   7.15538277e-04
   3.59456304e+02   9.99119016e-04
   3.59456792e+02   8.57946812e-04
   3.59457280e+02   1.81235286e-04
   3.59457769e+02   3.70101712e-04
   3.59458257e+02   1.36511552e-03
   3.59458745e+02   2.19470495e-03
   3.59459234e+02   4.27704584e-03
   3.59459722e+02   6.69350708e-03
   3.59460210e+02   6.04019966e-03
   3.59460699e+02   4.10897657e-03
   3.59461187e+02   4.21761395e-03
   3.59461675e+02   6.47788262e-03
   3.59462163e+02   6.93987915e-03
   3.59462652e+02   5.50257415e-03
   3.59463140e+02   7.04106735e-03
   3.59463628e+02   1.24795204e-02
   3.59464117e+02   1.62598249e-02
   3.59464605e+02   2.05683392e-02
   3.59465093e+02   2.59053949e-02
   3.59465582e+02   3.03787347e-02
   3.59466070e+02   3.38939838e-02
   3.59466558e+02   3.78560536e-02
   3.59467047e+02   4.10070345e-02
   3.59467535e+02   4.09714766e-02
   3.59468023e+02   4.08487096e-02
   3.59468511e+02   4.66420315e-02
   3.59469000e+02   5.35671636e-02
   3.59469488e+02   5.48214130e-02
   3.59469976e+02   5.05911931e-02
   3.59470465e+02   4.45363261e-02
   3.59470953e+02   4.10788655e-02
   3.59471441e+02   3.81940827e-02
   3.59471930e+02   3.12356949e-02
   3.59472418e+02   2.56998055e-02
   3.59472906e+02   2.42359098e-02
   3.59473395e+02   2.16258410e-02
   3.59473883e+02   1.94709804e-02
   3.59474371e+02   1.77281722e-02
   3.59474859e+02   1.21838767e-02
   3.59475348e+02   8.02603830e-03
   3.59475836e+02   5.17641567e-03
   3.59476324e+02   4.16868040e-03
   3.59476813e+02   4.33906028e-03
   3.59477301e+02   4.32274071e-03
   3.59477789e+02   3.68612097e-03
   3.59478278e+02   3.26686539e-03
   3.59478766e+02   2.45826435e-03
   3.59479254e+02   6.42375438e-04
   3.59479743e+02  -2.31297966e-03
   3.59480231e+02  -4.64431150e-03
   3.59480719e+02  -3.64012178e-03
   3.59481207e+02  -1.12810358e-03
   3.59481696e+02  -8.03030387e-04
   3.59482184e+02  -1.62983616e-03
   3.59482672e+02  -1.64037663e-03
   3.59483161e+02  -9.92299058e-04
   3.59483649e+02   8.03546631e-04
   3.59484137e+02   3.74838221e-03
   3.59484626e+02   4.93713841e-03
   3.59485114e+02   4.34090011e-03
   3.59485602e+02   3.27363354e-03
   3.59486091e+02   1.91906944e-03
   3.59486579e+02   1.52298575e-03
   3.59487067e+02   1.34913862e-04
   3.59487555e+02  -2.12616194e-03
   3.59488044e+02  -2.56629894e-03
   3.59488532e+02  -7.98846828e-04
   3.59489020e+02   3.80587531e-04
   3.59489509e+02  -6.29898510e-04
   3.59489997e+02  -7.90787512e-04
   3.59490485e+02   1.25510863e-03
   3.59490974e+02   2.75235111e-03
   3.59491462e+02   2.13419949e-03
   3.59491950e+02   1.14488741e-03
   3.59492439e+02   2.09460617e-03
   3.59492927e+02   3.98429856e-03
   3.59493415e+02   3.28528509e-03
   3.59493903e+02   6.57441095e-04
   3.59494392e+02   1.99351009e-04
   3.59494880e+02   7.01314770e-04
   3.59495368e+02  -6.28586218e-04
   3.59495857e+02  -2.21013092e-03
   3.59496345e+02  -2.32589897e-03
   3.59496833e+02  -1.18651486e-03
   3.59497322e+02  -3.75902280e-04
   3.59497810e+02  -7.56386202e-04
   3.59498298e+02   1.11592247e-03
   3.59498787e+02   4.05144785e-03
   3.59499275e+02   3.00102145e-03
   3.59499763e+02   9.52654518e-05
   3.59500252e+02  -8.32201273e-04
   3.59500740e+02  -9.79356482e-05
   3.59501228e+02   2.17708829e-03
   3.59501716e+02   2.72450922e-03
   3.59502205e+02   2.97925199e-05
   3.59502693e+02  -2.00249394e-03
   3.59503181e+02  -2.36774329e-03
   3.59503670e+02  -1.23709266e-03
   3.59504158e+02   6.68524823e-04
   3.59504646e+02   1.38143427e-03
   3.59505135e+02   1.45801657e-03
   3.59505623e+02   1.33203436e-03
   3.59506111e+02   1.02338672e-03
   3.59506600e+02   1.59688899e-03
   3.59507088e+02   3.37341847e-03
   3.59507576e+02   6.22747373e-03
   3.59508064e+02   8.33551120e-03
   3.59508553e+02   6.96468819e-03
   3.59509041e+02   3.74044036e-03
   3.59509529e+02   1.42544799e-03
   3.59510018e+02  -3.94859293e-04
   3.59510506e+02  -6.95472118e-04
   3.59510994e+02   1.04582380e-03
   3.59511483e+02   1.89278601e-03
   3.59511971e+02   1.57717487e-03
   3.59512459e+02   1.67341554e-03
   3.59512948e+02   2.11719912e-03
   3.59513436e+02   1.49084954e-03
   3.59513924e+02   1.45082618e-03
   3.59514412e+02   1.62222190e-03
   3.59514901e+02  -1.11497939e-03
   3.59515389e+02  -3.09964572e-03
   3.59515877e+02  -5.77689905e-04
   3.59516366e+02   2.03843322e-03
   3.59516854e+02   1.98334968e-03
   3.59517342e+02   1.99776096e-03
   3.59517831e+02   2.44110520e-03
   3.59518319e+02   2.75144656e-03
   3.59518807e+02   4.74197790e-03
   3.59519296e+02   6.30882476e-03
   3.59519784e+02   2.55850027e-03
   3.59520272e+02  -3.53472563e-03
   3.59520760e+02  -6.09347643e-03
   3.59521249e+02  -5.10039041e-03
   3.59521737e+02  -2.08976306e-03
   3.59522225e+02   1.16058427e-03
   3.59522714e+02   3.58107995e-04
   3.59523202e+02  -2.33155792e-03
   3.59523690e+02  -1.66616635e-03
   3.59524179e+02   3.22730164e-04
   3.59524667e+02   2.10311031e-03
   3.59525155e+02   4.78329323e-03
   3.59525644e+02   6.04240596e-03
   3.59526132e+02   5.28266560e-03
   3.59526620e+02   5.28951501e-03
   3.59527108e+02   5.14875771e-03
   3.59527597e+02   7.92065868e-04
   3.59528085e+02  -3.97530664e-03
   3.59528573e+02  -4.01322683e-03
   3.59529062e+02  -2.83536268e-03
   3.59529550e+02  -2.67735473e-03
   3.59530038e+02  -1.41814782e-03
   3.59530527e+02   8.30529782e-04
   3.59531015e+02   2.46268720e-03
   3.59531503e+02   3.08839860e-03
   3.59531992e+02   2.41269171e-03
   3.59532480e+02   3.62664636e-04
   3.59532968e+02  -1.56466605e-03
   3.59533456e+02  -2.50318483e-03
   3.59533945e+02  -1.89032394e-03
   3.59534433e+02  -8.20097455e-04
   3.59534921e+02  -4.01527825e-04
   3.59535410e+02  -1.91082450e-04
   3.59535898e+02  -3.37361416e-04
   3.59536386e+02  -1.81069001e-04
   3.59536875e+02   2.10622165e-04
   3.59537363e+02  -7.04948980e-05
   3.59537851e+02  -4.29162028e-04
   3.59538340e+02  -8.50689190e-04
   3.59538828e+02  -8.07977282e-04
   3.59539316e+02   2.40461974e-04
   3.59539805e+02   1.45571749e-03
   3.59540293e+02   2.69937655e-03
   3.59540781e+02   3.25910002e-03
   3.59541269e+02   1.45062734e-03
   3.59541758e+02  -2.58064014e-03
   3.59542246e+02  -5.67738106e-03
   3.59542734e+02  -5.22596063e-03
   3.59543223e+02  -3.48553783e-03
   3.59543711e+02  -2.26599164e-03
   3.59544199e+02   6.12048316e-04
   3.59544688e+02   6.36401819e-03
   3.59545176e+02   9.88881756e-03
   3.59545664e+02   6.99203834e-03
   3.59546153e+02   3.22370254e-03
   3.59546641e+02   1.31958746e-03
   3.59547129e+02  -1.86309940e-03
   3.59547617e+02  -3.10908165e-03
   3.59548106e+02   6.93935261e-04
   3.59548594e+02   4.01858659e-03
   3.59549082e+02   2.95863696e-03
   3.59549571e+02   1.49665156e-03
   3.59550059e+02   1.27659400e-03
   3.59550547e+02   1.00112159e-03
   3.59551036e+02  -3.13140423e-04
   3.59551524e+02  -3.26672872e-03
   3.59552012e+02  -4.94504254e-03
   3.59552501e+02  -2.86763022e-03
   3.59552989e+02   3.48438363e-04
   3.59553477e+02   3.20144522e-04
   3.59553965e+02  -5.81562461e-04
   3.59554454e+02   3.67086963e-04
   3.59554942e+02  -5.43411297e-04
   3.59555430e+02  -3.59075051e-03
   3.59555919e+02  -3.25809070e-03
   3.59556407e+02   5.03922987e-04
   3.59556895e+02   2.21223407e-03
   3.59557384e+02   7.72230967e-04
   3.59557872e+02  -1.84238807e-03
   3.59558360e+02  -3.87135008e-03
   3.59558849e+02  -2.68796645e-03
   3.59559337e+02   5.04822710e-05
   3.59559825e+02   1.53043983e-03
   3.59560313e+02   7.44483783e-04
   3.59560802e+02  -6.33091957e-04
   3.59561290e+02  -1.52921688e-03
   3.59561778e+02  -2.29218788e-03
   3.59562267e+02  -1.48183841e-03
   3.59562755e+02  -1.69478953e-04
   3.59563243e+02  -4.56214620e-04
   3.59563732e+02  -1.96136255e-03
   3.59564220e+02  -3.65352561e-03
   3.59564708e+02  -4.20127064e-03
   3.59565197e+02  -2.92166951e-03
   3.59565685e+02  -2.74247746e-03
   3.59566173e+02  -4.90255840e-03
   3.59566661e+02  -4.46086610e-03
   3.59567150e+02  -5.57159074e-04
   3.59567638e+02   1.10214506e-03
   3.59568126e+02  -9.34157288e-04
   3.59568615e+02  -2.65656994e-03
   3.59569103e+02  -1.81643595e-03
   3.59569591e+02  -9.36778961e-04
   3.59570080e+02  -1.25438243e-03
   3.59570568e+02  -1.64990791e-03
   3.59571056e+02  -9.36503930e-04
   3.59571545e+02   4.83660988e-04
   3.59572033e+02   2.35418230e-03
   3.59572521e+02   2.55415333e-03
   3.59573009e+02  -5.76920283e-04
   3.59573498e+02  -1.96807599e-03
   3.59573986e+02   8.08721874e-04
   3.59574474e+02   3.62878665e-03
   3.59574963e+02   4.65971837e-03
   3.59575451e+02   4.56883898e-03
   3.59575939e+02   2.12631538e-03
   3.59576428e+02  -5.06978366e-04
   3.59576916e+02   8.78762337e-04
   3.59577404e+02   2.11115903e-03
   3.59577893e+02   1.53520930e-04
   3.59578381e+02  -4.46513077e-05
   3.59578869e+02   2.17836536e-03
   3.59579357e+02   3.29185557e-03
   3.59579846e+02   5.30304154e-04
   3.59580334e+02  -4.79819858e-03
   3.59580822e+02  -6.27330132e-03
   3.59581311e+02  -2.73764599e-03
   3.59581799e+02   7.97714310e-05
   3.59582287e+02  -6.79025776e-04
   3.59582776e+02  -3.27933556e-03
   3.59583264e+02  -3.64611764e-03
   3.59583752e+02  -2.86561809e-03
   3.59584241e+02  -2.61476776e-03
   3.59584729e+02  -1.26263371e-03
   3.59585217e+02  -1.30791753e-03
   3.59585706e+02  -2.83669145e-03
   3.59586194e+02  -2.42615212e-03
   3.59586682e+02  -4.40038275e-04
   3.59587170e+02   4.08622320e-04
   3.59587659e+02  -1.86310464e-03
   3.59588147e+02  -4.23651282e-03
   3.59588635e+02  -3.61671555e-03
   3.59589124e+02  -1.50402077e-03
   3.59589612e+02   3.29145638e-04
   3.59590100e+02  -8.80238193e-04
   3.59590589e+02  -4.78409650e-03
   3.59591077e+02  -6.39309082e-03
   3.59591565e+02  -4.65823198e-03
   3.59592054e+02  -3.40300449e-03
   3.59592542e+02  -2.34768121e-03
   3.59593030e+02   1.12684583e-03
   3.59593518e+02   4.23370674e-03
   3.59594007e+02   3.50070558e-03
   3.59594495e+02   2.92599259e-04
   3.59594983e+02  -2.32681120e-03
   3.59595472e+02  -4.54603508e-03
   3.59595960e+02  -5.92896994e-03
   3.59596448e+02  -3.47133121e-03
   3.59596937e+02  -2.71065946e-04
   3.59597425e+02   2.16149012e-04
   3.59597913e+02   7.18444237e-04
   3.59598402e+02   1.59712322e-03
   3.59598890e+02   1.91386353e-04
   3.59599378e+02  -8.80862877e-04
   3.59599866e+02   6.95630384e-04
   3.59600355e+02   9.65151587e-04
   3.59600843e+02  -7.00635719e-04
   3.59601331e+02  -2.26154132e-03
   3.59601820e+02  -3.96775920e-03
   3.59602308e+02  -4.79301251e-03
   3.59602796e+02  -4.39036870e-03
   3.59603285e+02  -3.22585204e-03
   3.59603773e+02  -7.92978753e-05
   3.59604261e+02   3.77933821e-03
   3.59604750e+02   5.21638384e-03
   3.59605238e+02   4.11564717e-03
   3.59605726e+02   1.23027631e-03
   3.59606214e+02  -1.16299023e-03
   3.59606703e+02  -8.07746619e-05
   3.59607191e+02   2.83432100e-03
   3.59607679e+02   3.73632088e-03
   3.59608168e+02   2.17845174e-03
   3.59608656e+02   1.78102637e-03
   3.59609144e+02   2.66733207e-03
   3.59609633e+02   3.39230220e-03
   3.59610121e+02   3.11328797e-03
   3.59610609e+02  -1.60160381e-03
   3.59611098e+02  -6.47420809e-03
   3.59611586e+02  -5.29125053e-03
   3.59612074e+02  -2.22335639e-03
   3.59612562e+02  -3.79895122e-04
   3.59613051e+02   7.00186938e-04
   3.59613539e+02   1.52525143e-03
   3.59614027e+02   2.18834332e-03
   3.59614516e+02   7.13203801e-04
   3.59615004e+02  -2.74959067e-03
   3.59615492e+02  -2.73998384e-03
   3.59615981e+02  -3.66919063e-04
   3.59616469e+02  -1.36989472e-03
   3.59616957e+02  -1.64436863e-03
   3.59617446e+02   3.13885568e-04
   3.59617934e+02  -1.27363903e-03
   3.59618422e+02  -1.70017011e-03
   3.59618910e+02  -1.64758973e-03
   3.59619399e+02  -2.83786375e-03
   3.59619887e+02  -3.22326296e-03
   3.59620375e+02  -2.94149690e-03
   3.59620864e+02  -1.95787894e-03
   3.59621352e+02   2.85666843e-04
   3.59621840e+02   2.87829200e-03
   3.59622329e+02   1.58789975e-03
   3.59622817e+02  -2.15586508e-03
   3.59623305e+02  -3.12075112e-03
   3.59623794e+02  -3.24244169e-03
   3.59624282e+02  -4.29042149e-03
   3.59624770e+02  -4.02428024e-03
   3.59625259e+02  -2.40417826e-03
   3.59625747e+02  -1.47400657e-03
   3.59626235e+02  -7.10438762e-04
   3.59626723e+02  -1.76648085e-04
   3.59627212e+02   5.48655225e-04
   3.59627700e+02   4.15648054e-03
   3.59628188e+02   7.63169210e-03
   3.59628677e+02   5.94439497e-03
   3.59629165e+02   1.20966707e-03
   3.59629653e+02  -2.01112055e-03
   3.59630142e+02  -1.99026614e-03
   3.59630630e+02  -1.50034309e-03
   3.59631118e+02  -2.57537654e-03
   3.59631607e+02  -1.25052908e-03
   3.59632095e+02   1.45687780e-03
   3.59632583e+02   4.16581432e-04
   3.59633071e+02  -1.60605751e-03
   3.59633560e+02  -1.41126604e-03
   3.59634048e+02   7.82811258e-05
   3.59634536e+02   1.56954105e-03
   3.59635025e+02   2.76006828e-03
   3.59635513e+02   3.19817616e-03
   3.59636001e+02   2.01121788e-03
   3.59636490e+02   1.03650359e-03
   3.59636978e+02   1.39264157e-03
   3.59637466e+02   1.55305117e-03
   3.59637955e+02   1.48964196e-03
   3.59638443e+02   5.52548154e-04
   3.59638931e+02  -1.05214329e-03
   3.59639419e+02  -1.31953682e-03
   3.59639908e+02  -1.14977371e-03
   3.59640396e+02  -1.55213173e-03
   3.59640884e+02  -1.49925379e-03
   3.59641373e+02  -4.11755114e-04
   3.59641861e+02   3.95161653e-04
   3.59642349e+02  -1.34620786e-04
   3.59642838e+02  -2.16149306e-03
   3.59643326e+02  -3.85164795e-03
   3.59643814e+02  -3.60980676e-03
   3.59644303e+02  -1.03453593e-03
   3.59644791e+02  -1.57691335e-04
   3.59645279e+02  -2.74691870e-03
   3.59645767e+02  -4.13218280e-03
   3.59646256e+02  -2.59092916e-03
   3.59646744e+02  -1.06809067e-03
   3.59647232e+02  -2.41759059e-04
   3.59647721e+02   1.36743343e-04
   3.59648209e+02  -1.03010912e-03
   3.59648697e+02  -1.06447760e-03
   3.59649186e+02   4.34728281e-05
   3.59649674e+02  -1.31291244e-03
   3.59650162e+02  -4.29627020e-03
   3.59650651e+02  -4.11724858e-03
   3.59651139e+02  -5.03906980e-04
   3.59651627e+02   1.73200853e-03
   3.59652115e+02   2.89943418e-03
   3.59652604e+02   4.98233456e-03
   3.59653092e+02   4.91761276e-03
   3.59653580e+02   4.07561567e-03
   3.59654069e+02   8.60266387e-04
   3.59654557e+02  -4.16192319e-03
   3.59655045e+02  -4.37562773e-03
   3.59655534e+02  -2.44190637e-03
   3.59656022e+02  -1.83673808e-03
   3.59656510e+02  -1.04743137e-03
   3.59656999e+02  -2.64243199e-03
   3.59657487e+02  -4.56375862e-03
   3.59657975e+02  -3.11522582e-03
   3.59658463e+02  -2.14683311e-03
   3.59658952e+02  -2.06005317e-03
   3.59659440e+02  -1.10954803e-03
   3.59659928e+02  -1.05644891e-03
   3.59660417e+02   4.03373764e-04
   3.59660905e+02   4.07242822e-03
   3.59661393e+02   5.33558056e-03
   3.59661882e+02   4.53162612e-03
   3.59662370e+02   4.07258188e-03
   3.59662858e+02   2.07307795e-03
   3.59663347e+02  -2.20029405e-03
   3.59663835e+02  -5.90772694e-03
   3.59664323e+02  -6.21037185e-03
   3.59664812e+02  -3.55428597e-03
   3.59665300e+02  -2.62032077e-03
   3.59665788e+02  -4.01370600e-03
   3.59666276e+02  -2.00825441e-03
   3.59666765e+02   2.90143798e-04
   3.59667253e+02  -3.53788957e-03
   3.59667741e+02  -6.47285488e-03
   3.59668230e+02  -4.74018371e-03
   3.59668718e+02  -3.94091289e-03
   3.59669206e+02  -6.54932670e-03
   3.59669695e+02  -7.60705769e-03
   3.59670183e+02  -6.22785604e-03
   3.59670671e+02  -5.37796738e-03
   3.59671160e+02  -3.40029225e-03
   3.59671648e+02  -3.17817391e-03
   3.59672136e+02  -3.54626542e-03
   3.59672624e+02  -9.30167618e-04
   3.59673113e+02   1.42278313e-03
   3.59673601e+02   1.71175506e-03
   3.59674089e+02   3.73322004e-03
   3.59674578e+02   6.32220041e-03
   3.59675066e+02   5.66561427e-03
