frequency (GHz), flux (Jy/beam)
   3.57925642e+02  -1.28996349e-03
   3.57926131e+02  -6.53936440e-05
   3.57926619e+02   1.37125980e-03
   3.57927107e+02   2.59641558e-03
   3.57927595e+02   2.58202176e-03
   3.57928084e+02   1.13694416e-03
   3.57928572e+02  -3.14313365e-04
   3.57929060e+02   2.35038649e-04
   3.57929548e+02   8.41076777e-04
   3.57930037e+02  -2.33411556e-04
   3.57930525e+02  -1.54856336e-03
   3.57931013e+02  -1.45550480e-03
   3.57931502e+02  -5.49387885e-04
   3.57931990e+02  -6.33610412e-04
   3.57932478e+02  -1.15378154e-03
   3.57932966e+02  -3.59048136e-04
   3.57933455e+02  -5.68242744e-04
   3.57933943e+02  -1.30409992e-03
   3.57934431e+02   7.48047372e-04
   3.57934920e+02   1.97655195e-03
   3.57935408e+02   4.40868869e-04
   3.57935896e+02  -8.71662458e-04
   3.57936384e+02  -1.72586250e-03
   3.57936873e+02  -2.74289702e-03
   3.57937361e+02  -2.34140852e-03
   3.57937849e+02  -9.87663632e-04
   3.57938338e+02  -2.19566602e-04
   3.57938826e+02   9.43367311e-04
   3.57939314e+02   2.29846174e-03
   3.57939802e+02   1.78532721e-03
   3.57940291e+02  -1.17835210e-04
   3.57940779e+02  -8.82357941e-04
   3.57941267e+02  -8.85680434e-04
   3.57941755e+02  -6.36376266e-04
   3.57942244e+02   6.13366079e-04
   3.57942732e+02   1.30974583e-03
   3.57943220e+02   1.76409172e-04
   3.57943709e+02  -1.65574683e-03
   3.57944197e+02  -1.91260083e-03
   3.57944685e+02  -6.83880120e-04
   3.57945173e+02  -1.43447236e-04
   3.57945662e+02   9.29733913e-04
   3.57946150e+02   2.07105838e-03
   3.57946638e+02   9.45735606e-04
   3.57947127e+02  -2.83893431e-04
   3.57947615e+02  -1.25754543e-03
   3.57948103e+02  -2.02715863e-03
   3.57948591e+02  -7.71284860e-04
   3.57949080e+02   1.16435217e-03
   3.57949568e+02   1.74644415e-03
   3.57950056e+02   1.47417525e-03
   3.57950544e+02   9.12616611e-04
   3.57951033e+02   6.17645273e-04
   3.57951521e+02   1.28741085e-03
   3.57952009e+02   4.92502935e-04
   3.57952498e+02  -9.75757197e-04
   3.57952986e+02  -1.44420716e-04
   3.57953474e+02   1.01962558e-03
   3.57953962e+02   1.17563352e-03
   3.57954451e+02   1.00980396e-03
   3.57954939e+02   1.23012590e-03
   3.57955427e+02   1.29183952e-03
   3.57955916e+02   7.92497536e-04
   3.57956404e+02   1.42759818e-03
   3.57956892e+02   2.18907115e-03
   3.57957380e+02   1.62458641e-03
   3.57957869e+02   9.49384412e-04
   3.57958357e+02   1.00894098e-03
   3.57958845e+02   5.02483163e-04
   3.57959334e+02  -6.48405752e-04
   3.57959822e+02  -9.24782653e-04
   3.57960310e+02  -3.23026979e-05
   3.57960798e+02   1.61987427e-03
   3.57961287e+02   1.79953966e-03
   3.57961775e+02   1.33463764e-04
   3.57962263e+02   6.84958504e-05
   3.57962751e+02   4.68740735e-04
   3.57963240e+02   6.48351561e-05
   3.57963728e+02  -3.25932488e-04
   3.57964216e+02   2.23903859e-04
   3.57964705e+02   2.11765710e-03
   3.57965193e+02   2.66191643e-03
   3.57965681e+02   2.12207646e-03
   3.57966169e+02   1.73805049e-03
   3.57966658e+02   5.65489754e-04
   3.57967146e+02   7.41785334e-05
   3.57967634e+02   1.32336107e-03
   3.57968123e+02   2.89972057e-03
   3.57968611e+02   3.01556103e-03
   3.57969099e+02   9.95829818e-04
   3.57969587e+02  -7.83441938e-04
   3.57970076e+02  -5.44777489e-04
   3.57970564e+02   2.00160488e-04
   3.57971052e+02   3.97984368e-05
   3.57971540e+02   6.50792848e-04
   3.57972029e+02   2.01391894e-03
   3.57972517e+02   7.37782684e-04
   3.57973005e+02  -6.08955917e-04
   3.57973494e+02   9.94963222e-04
   3.57973982e+02   1.89083756e-03
   3.57974470e+02   1.85253297e-03
   3.57974958e+02   1.62218697e-03
   3.57975447e+02   1.61912525e-03
   3.57975935e+02   1.08373642e-03
   3.57976423e+02   5.58517291e-04
   3.57976912e+02   5.37531800e-04
   3.57977400e+02   8.08450714e-05
   3.57977888e+02   5.32221282e-04
   3.57978376e+02   6.17041835e-04
   3.57978865e+02  -1.47182122e-03
   3.57979353e+02  -2.21085455e-03
   3.57979841e+02  -1.64459459e-03
   3.57980330e+02  -1.76531449e-03
   3.57980818e+02  -1.25082443e-03
   3.57981306e+02  -2.18747911e-04
   3.57981794e+02  -4.65827616e-05
   3.57982283e+02  -6.79032353e-04
   3.57982771e+02  -1.05646881e-03
   3.57983259e+02  -7.24157668e-04
   3.57983747e+02  -2.84856069e-05
   3.57984236e+02   4.25408391e-04
   3.57984724e+02  -4.45819838e-04
   3.57985212e+02  -1.07553205e-03
   3.57985701e+02  -3.83541803e-04
   3.57986189e+02  -3.48593603e-04
   3.57986677e+02  -6.63750921e-04
   3.57987165e+02   5.98693514e-05
   3.57987654e+02   8.32030317e-04
   3.57988142e+02   8.64286092e-04
   3.57988630e+02   6.97883603e-04
   3.57989119e+02   1.94278662e-04
   3.57989607e+02   4.30754917e-05
   3.57990095e+02  -4.38470481e-04
   3.57990583e+02  -2.27001170e-03
   3.57991072e+02  -3.51406052e-03
   3.57991560e+02  -2.63467501e-03
   3.57992048e+02  -6.01615349e-04
   3.57992536e+02   1.62230793e-03
   3.57993025e+02   2.19012005e-03
   3.57993513e+02   1.10699993e-03
   3.57994001e+02  -1.16829513e-04
   3.57994490e+02  -1.37909874e-03
   3.57994978e+02  -5.42287889e-04
   3.57995466e+02   3.46337532e-04
   3.57995954e+02  -1.22619199e-03
   3.57996443e+02  -1.70305942e-03
   3.57996931e+02  -3.87788517e-04
   3.57997419e+02   4.30904707e-04
   3.57997908e+02   8.33733648e-04
   3.57998396e+02   1.20716763e-03
   3.57998884e+02   1.06663327e-03
   3.57999372e+02   1.07342028e-03
   3.57999861e+02   1.07824302e-03
   3.58000349e+02   8.00294278e-04
   3.58000837e+02   9.54947725e-04
   3.58001326e+02   1.04271887e-04
   3.58001814e+02  -1.52899255e-03
   3.58002302e+02  -1.85775151e-03
   3.58002790e+02  -1.50936516e-03
   3.58003279e+02  -8.55269609e-04
   3.58003767e+02  -5.40097826e-04
   3.58004255e+02  -2.48093245e-04
   3.58004743e+02   2.93091056e-04
   3.58005232e+02   7.60729483e-04
   3.58005720e+02   2.16256105e-03
   3.58006208e+02   3.55108292e-03
   3.58006697e+02   3.91341001e-03
   3.58007185e+02   2.60089664e-03
   3.58007673e+02   9.21473023e-04
   3.58008161e+02   9.70990106e-04
   3.58008650e+02   6.73327653e-04
   3.58009138e+02  -2.41124784e-04
   3.58009626e+02  -1.29830551e-05
   3.58010115e+02  -2.15296910e-04
   3.58010603e+02   4.15825867e-04
   3.58011091e+02   2.20901519e-03
   3.58011579e+02   1.30314531e-03
   3.58012068e+02  -1.00701349e-03
   3.58012556e+02  -1.87522569e-03
   3.58013044e+02  -1.26838102e-03
   3.58013532e+02  -2.90366414e-04
   3.58014021e+02  -2.60988076e-04
   3.58014509e+02  -1.49673538e-03
   3.58014997e+02  -2.55720620e-03
   3.58015486e+02  -3.10286204e-03
   3.58015974e+02  -3.43902153e-03
   3.58016462e+02  -2.34021596e-03
   3.58016950e+02  -1.95026468e-03
   3.58017439e+02  -3.09938542e-03
   3.58017927e+02  -2.07261601e-03
   3.58018415e+02  -2.22753966e-04
   3.58018904e+02   4.25687933e-04
   3.58019392e+02   8.85452755e-05
   3.58019880e+02  -6.06325048e-04
   3.58020368e+02  -4.24313737e-04
   3.58020857e+02  -7.24121695e-04
   3.58021345e+02  -1.04020198e-03
   3.58021833e+02   1.11392268e-03
   3.58022322e+02   3.27778514e-03
   3.58022810e+02   2.95385253e-03
   3.58023298e+02   1.61883933e-03
   3.58023786e+02   1.67571311e-03
   3.58024275e+02   1.95523864e-03
   3.58024763e+02   1.00657786e-03
   3.58025251e+02   4.49164421e-04
   3.58025739e+02  -2.36532833e-05
   3.58026228e+02   6.93265683e-05
   3.58026716e+02   1.20687822e-03
   3.58027204e+02   4.11145622e-04
   3.58027693e+02  -7.37963885e-04
   3.58028181e+02  -4.46001330e-04
   3.58028669e+02  -5.76236111e-04
   3.58029157e+02   1.28290837e-03
   3.58029646e+02   4.26129345e-03
   3.58030134e+02   3.88370967e-03
   3.58030622e+02   1.14013406e-03
   3.58031111e+02   6.93621987e-05
   3.58031599e+02   9.60848876e-04
   3.58032087e+02   9.72556532e-04
   3.58032575e+02   3.85069754e-04
   3.58033064e+02   1.92360152e-04
   3.58033552e+02  -5.89386502e-04
   3.58034040e+02  -1.45386695e-03
   3.58034528e+02  -1.73109944e-03
   3.58035017e+02  -2.58501992e-03
   3.58035505e+02  -1.27755711e-03
   3.58035993e+02   3.59210558e-03
   3.58036482e+02   5.78330923e-03
   3.58036970e+02   3.42516508e-03
   3.58037458e+02   6.63140381e-04
   3.58037946e+02  -5.04634401e-04
   3.58038435e+02  -8.59395775e-04
   3.58038923e+02  -8.14964587e-04
   3.58039411e+02  -8.65782495e-05
   3.58039900e+02   1.49972257e-04
   3.58040388e+02  -7.39358889e-04
   3.58040876e+02  -8.92798649e-04
   3.58041364e+02   1.79388444e-04
   3.58041853e+02   3.05195048e-04
   3.58042341e+02   5.98473707e-04
   3.58042829e+02   1.17484899e-03
   3.58043318e+02   5.16033033e-04
   3.58043806e+02  -1.31359743e-03
   3.58044294e+02  -3.00864968e-03
   3.58044782e+02  -3.07992566e-03
   3.58045271e+02  -2.16311752e-03
   3.58045759e+02  -9.90486820e-04
   3.58046247e+02  -1.73212306e-04
   3.58046735e+02  -1.53297602e-04
   3.58047224e+02   5.55978680e-04
   3.58047712e+02   5.60145127e-04
   3.58048200e+02  -5.34723338e-04
   3.58048689e+02  -5.81810426e-04
   3.58049177e+02  -3.69661459e-04
   3.58049665e+02  -1.00671058e-03
   3.58050153e+02  -1.07805489e-03
   3.58050642e+02  -9.18739941e-04
   3.58051130e+02  -1.26774935e-03
   3.58051618e+02  -1.43680244e-03
   3.58052107e+02  -8.25340452e-04
   3.58052595e+02  -4.29791471e-05
   3.58053083e+02   3.88441898e-04
   3.58053571e+02   1.36225938e-03
   3.58054060e+02   1.58934447e-03
   3.58054548e+02   3.06688918e-04
   3.58055036e+02  -5.10248821e-04
   3.58055524e+02  -2.46125390e-04
   3.58056013e+02   4.33119130e-04
   3.58056501e+02   1.77215098e-03
   3.58056989e+02   2.60671717e-03
   3.58057478e+02   8.89349612e-04
   3.58057966e+02  -1.65001402e-04
   3.58058454e+02   1.10812858e-03
   3.58058942e+02   1.59925735e-03
   3.58059431e+02   6.33538293e-04
   3.58059919e+02   6.64673222e-04
   3.58060407e+02   2.07586214e-03
   3.58060896e+02   2.30769720e-03
   3.58061384e+02   1.04546931e-03
   3.58061872e+02  -8.54416867e-05
   3.58062360e+02  -3.44809465e-04
   3.58062849e+02  -9.38020996e-04
   3.58063337e+02  -1.47333404e-03
   3.58063825e+02  -2.33726998e-04
   3.58064314e+02   1.01081573e-03
   3.58064802e+02   1.29233056e-03
   3.58065290e+02   1.19918061e-03
   3.58065778e+02   2.94300960e-04
   3.58066267e+02  -4.67791775e-04
   3.58066755e+02  -1.00721756e-03
   3.58067243e+02  -1.49023870e-03
   3.58067731e+02  -9.33764386e-04
   3.58068220e+02  -5.54468788e-05
   3.58068708e+02  -3.33175994e-04
   3.58069196e+02  -8.54480604e-04
   3.58069685e+02  -3.94735718e-04
   3.58070173e+02  -2.99282351e-06
   3.58070661e+02   9.20001650e-04
   3.58071149e+02   1.47775037e-03
   3.58071638e+02   9.43840481e-04
   3.58072126e+02   3.99976212e-04
   3.58072614e+02  -5.84500900e-04
   3.58073103e+02  -1.23160833e-03
   3.58073591e+02  -1.13752123e-03
   3.58074079e+02  -7.24146841e-04
   3.58074567e+02   5.85415342e-04
   3.58075056e+02   2.29139975e-03
   3.58075544e+02   3.53696756e-03
   3.58076032e+02   3.12664686e-03
   3.58076520e+02   1.32549193e-03
   3.58077009e+02   1.01498896e-04
   3.58077497e+02   2.78001942e-04
   3.58077985e+02   4.10613866e-04
   3.58078474e+02  -7.27338949e-04
   3.58078962e+02  -2.28608772e-03
   3.58079450e+02  -2.68646725e-03
   3.58079938e+02  -2.16900487e-03
   3.58080427e+02  -1.67839928e-03
   3.58080915e+02  -2.55664880e-03
   3.58081403e+02  -2.92266160e-03
   3.58081892e+02  -1.23621465e-03
   3.58082380e+02  -3.40729966e-05
   3.58082868e+02   1.79600017e-03
   3.58083356e+02   3.32831684e-03
   3.58083845e+02   1.78052916e-03
   3.58084333e+02   5.95639285e-04
   3.58084821e+02   1.30441075e-03
   3.58085310e+02   1.89980678e-03
   3.58085798e+02   1.01689622e-03
   3.58086286e+02  -3.62217135e-04
   3.58086774e+02  -1.40350452e-03
   3.58087263e+02  -1.51156390e-03
   3.58087751e+02  -3.78305471e-04
   3.58088239e+02   4.29052248e-04
   3.58088727e+02  -5.00958704e-04
   3.58089216e+02  -1.81941292e-03
   3.58089704e+02  -9.82077792e-04
   3.58090192e+02   1.11616950e-03
   3.58090681e+02   5.40535140e-04
   3.58091169e+02  -1.39088335e-03
   3.58091657e+02  -1.01955549e-03
   3.58092145e+02  -4.18079610e-04
   3.58092634e+02  -1.08961028e-03
   3.58093122e+02  -1.25859072e-03
   3.58093610e+02  -6.87056046e-04
   3.58094099e+02   6.61902479e-04
   3.58094587e+02   1.88729190e-03
   3.58095075e+02   1.63011672e-03
   3.58095563e+02   1.73664128e-03
   3.58096052e+02   1.96427992e-03
   3.58096540e+02   2.10950981e-04
   3.58097028e+02  -1.43482210e-03
   3.58097516e+02  -4.83549433e-04
   3.58098005e+02   1.39240699e-03
   3.58098493e+02   1.08996674e-03
   3.58098981e+02  -4.27962630e-04
   3.58099470e+02   6.43929117e-04
   3.58099958e+02   1.23939966e-03
   3.58100446e+02  -9.10400413e-04
   3.58100934e+02  -3.07272398e-03
   3.58101423e+02  -4.64420021e-03
   3.58101911e+02  -3.99562577e-03
   3.58102399e+02  -2.38009705e-03
   3.58102888e+02  -1.32374314e-03
   3.58103376e+02  -7.42208736e-04
   3.58103864e+02   4.71194035e-05
   3.58104352e+02   1.88951672e-03
   3.58104841e+02   2.74906843e-03
   3.58105329e+02   2.00805510e-03
   3.58105817e+02   2.03020172e-03
   3.58106306e+02   2.51029711e-03
   3.58106794e+02   2.98941880e-03
   3.58107282e+02   2.69852253e-03
   3.58107770e+02   9.23124200e-04
   3.58108259e+02  -2.52431812e-04
   3.58108747e+02  -1.12275455e-04
   3.58109235e+02   3.26363479e-05
   3.58109723e+02   1.79795214e-04
   3.58110212e+02   1.60113443e-04
   3.58110700e+02  -1.04104308e-03
   3.58111188e+02  -1.66254630e-03
   3.58111677e+02  -1.15565061e-04
   3.58112165e+02   1.14838453e-03
   3.58112653e+02   4.26571205e-04
   3.58113141e+02  -2.42293827e-04
   3.58113630e+02   5.91251941e-04
   3.58114118e+02   1.78743782e-03
   3.58114606e+02   2.10167072e-03
   3.58115095e+02   2.16788612e-03
   3.58115583e+02   2.09915638e-03
   3.58116071e+02   8.74176738e-04
   3.58116559e+02   4.79623443e-04
   3.58117048e+02   1.29061949e-03
   3.58117536e+02   6.26559020e-04
   3.58118024e+02  -4.16629569e-04
   3.58118512e+02  -1.03539368e-03
   3.58119001e+02  -1.85476732e-03
   3.58119489e+02  -1.34133361e-03
   3.58119977e+02  -4.54877329e-04
   3.58120466e+02  -2.23124262e-05
   3.58120954e+02   9.21055384e-04
   3.58121442e+02   9.74909868e-04
   3.58121930e+02  -5.93478908e-04
   3.58122419e+02  -1.77766837e-03
   3.58122907e+02  -8.21989845e-04
   3.58123395e+02   1.03501847e-03
   3.58123884e+02   1.08518777e-03
   3.58124372e+02   5.80255573e-06
   3.58124860e+02   2.20606671e-04
   3.58125348e+02   3.01719148e-04
   3.58125837e+02  -2.15650361e-05
   3.58126325e+02   4.66810598e-04
   3.58126813e+02   7.53780012e-04
   3.58127302e+02   6.13008626e-04
   3.58127790e+02   5.59345644e-04
   3.58128278e+02   1.08471338e-03
   3.58128766e+02   6.27668167e-04
   3.58129255e+02  -1.62550528e-03
   3.58129743e+02  -2.80859438e-03
   3.58130231e+02  -1.45149452e-03
   3.58130719e+02   2.75708706e-04
   3.58131208e+02   4.11304150e-04
   3.58131696e+02  -6.07709284e-04
   3.58132184e+02  -2.73461890e-04
   3.58132673e+02   1.37987582e-03
   3.58133161e+02   1.61733560e-03
   3.58133649e+02   1.22143165e-03
   3.58134137e+02   1.22531678e-03
   3.58134626e+02   9.11133015e-04
   3.58135114e+02   4.60556446e-04
   3.58135602e+02  -9.27871908e-04
   3.58136091e+02  -2.24909838e-03
   3.58136579e+02  -1.44980825e-03
   3.58137067e+02  -6.34148368e-04
   3.58137555e+02  -8.94007331e-04
   3.58138044e+02  -7.92553357e-04
   3.58138532e+02   4.48468709e-05
   3.58139020e+02  -2.66717601e-04
   3.58139508e+02  -1.26470288e-03
   3.58139997e+02  -9.45099164e-04
   3.58140485e+02  -4.24566853e-04
   3.58140973e+02  -2.98313913e-04
   3.58141462e+02  -9.63142607e-04
   3.58141950e+02  -2.03282060e-03
   3.58142438e+02  -1.40767999e-03
   3.58142926e+02   6.76630225e-05
   3.58143415e+02   2.50608660e-04
   3.58143903e+02   1.12001470e-03
   3.58144391e+02   2.03165156e-03
   3.58144880e+02   8.97571270e-04
   3.58145368e+02  -6.39018021e-04
   3.58145856e+02  -1.37068750e-03
   3.58146344e+02   4.85034252e-04
   3.58146833e+02   3.39696067e-03
   3.58147321e+02   3.05048865e-03
   3.58147809e+02   7.29309046e-04
   3.58148298e+02  -4.44511912e-04
   3.58148786e+02   1.02631522e-04
   3.58149274e+02   8.08239914e-04
   3.58149762e+02   9.97643583e-05
   3.58150251e+02  -1.06433057e-03
   3.58150739e+02  -6.62816339e-04
   3.58151227e+02   2.44889292e-04
   3.58151715e+02   5.20943489e-04
   3.58152204e+02   4.28180239e-04
   3.58152692e+02   1.83677068e-04
   3.58153180e+02  -1.22886919e-03
   3.58153669e+02  -2.31796782e-03
   3.58154157e+02  -1.94926560e-03
   3.58154645e+02  -1.79887097e-03
   3.58155133e+02  -1.39018672e-03
   3.58155622e+02  -7.82886695e-04
   3.58156110e+02  -9.52270406e-04
   3.58156598e+02  -1.14174979e-03
   3.58157087e+02  -1.00090157e-03
   3.58157575e+02  -1.27596501e-03
   3.58158063e+02  -1.25785894e-03
   3.58158551e+02  -2.65460170e-04
   3.58159040e+02  -1.17987371e-03
   3.58159528e+02  -3.44502507e-03
   3.58160016e+02  -2.91117327e-03
   3.58160504e+02   4.60926276e-05
   3.58160993e+02   1.87076023e-03
   3.58161481e+02   1.73798145e-03
   3.58161969e+02   1.57766696e-03
   3.58162458e+02   9.67411208e-04
   3.58162946e+02  -8.99659994e-04
   3.58163434e+02  -1.59971288e-03
   3.58163922e+02   1.08822109e-03
   3.58164411e+02   3.58549110e-03
   3.58164899e+02   1.94298371e-03
   3.58165387e+02  -7.95667875e-04
   3.58165876e+02  -6.54794392e-04
   3.58166364e+02   8.75020924e-04
   3.58166852e+02   2.86388258e-03
   3.58167340e+02   2.78921076e-03
   3.58167829e+02  -1.67987906e-04
   3.58168317e+02  -2.59222044e-03
   3.58168805e+02  -1.34456006e-03
   3.58169294e+02   4.85710974e-04
   3.58169782e+02   5.32876351e-04
   3.58170270e+02   8.93137592e-04
   3.58170758e+02   1.01886527e-03
   3.58171247e+02   8.17307853e-04
   3.58171735e+02   1.11731316e-03
   3.58172223e+02   4.67638485e-04
   3.58172711e+02   5.56067156e-04
   3.58173200e+02   2.72639585e-03
   3.58173688e+02   2.77642231e-03
   3.58174176e+02   5.52605314e-04
   3.58174665e+02   9.56867298e-04
   3.58175153e+02   2.94641615e-03
   3.58175641e+02   3.74699966e-03
   3.58176129e+02   2.40466581e-03
   3.58176618e+02  -1.09776692e-03
   3.58177106e+02  -2.16324674e-03
   3.58177594e+02  -7.68141705e-04
   3.58178083e+02  -2.13243207e-03
   3.58178571e+02  -2.52698152e-03
   3.58179059e+02  -3.02087137e-04
   3.58179547e+02  -2.47075775e-04
   3.58180036e+02  -1.63717195e-03
   3.58180524e+02  -1.39312109e-03
   3.58181012e+02   6.27017173e-04
   3.58181500e+02   1.97291747e-03
   3.58181989e+02   2.40045832e-03
   3.58182477e+02   2.22623185e-03
   3.58182965e+02  -1.34324393e-04
   3.58183454e+02  -1.52495655e-03
   3.58183942e+02  -8.03401599e-06
   3.58184430e+02   1.66607392e-03
   3.58184918e+02   2.83043017e-03
   3.58185407e+02   2.98820040e-03
   3.58185895e+02   2.54826900e-03
   3.58186383e+02   3.04400478e-03
   3.58186872e+02   1.88853755e-03
   3.58187360e+02  -4.76890913e-04
   3.58187848e+02  -1.53628911e-03
   3.58188336e+02  -2.02054507e-03
   3.58188825e+02  -3.17207025e-03
   3.58189313e+02  -4.13254602e-03
   3.58189801e+02  -3.53498850e-03
   3.58190290e+02  -2.78048078e-03
   3.58190778e+02  -3.23310262e-03
   3.58191266e+02  -3.12870019e-03
   3.58191754e+02  -1.88575627e-03
   3.58192243e+02  -1.13473926e-03
   3.58192731e+02  -5.79613028e-04
   3.58193219e+02  -5.93952078e-04
   3.58193707e+02  -1.59759540e-03
   3.58194196e+02  -2.38896138e-03
   3.58194684e+02  -2.48077698e-03
   3.58195172e+02  -1.31987699e-03
   3.58195661e+02   3.01019085e-04
   3.58196149e+02   1.10076403e-03
   3.58196637e+02   8.26482137e-04
   3.58197125e+02  -1.23184698e-03
   3.58197614e+02  -3.28387483e-03
   3.58198102e+02  -2.41264887e-03
   3.58198590e+02  -6.88701752e-04
   3.58199079e+02  -7.17258517e-05
   3.58199567e+02   7.13102461e-04
   3.58200055e+02   2.85368762e-03
   3.58200543e+02   3.51007190e-03
   3.58201032e+02   1.28745509e-03
   3.58201520e+02  -4.29125852e-04
   3.58202008e+02  -1.46127434e-03
   3.58202496e+02  -4.79650451e-04
   3.58202985e+02   2.55420152e-03
   3.58203473e+02   1.97166787e-03
   3.58203961e+02  -2.75551953e-04
   3.58204450e+02  -1.62894910e-04
   3.58204938e+02  -5.43170085e-04
   3.58205426e+02  -1.70749275e-03
   3.58205914e+02  -1.71445194e-03
   3.58206403e+02  -1.81028515e-03
   3.58206891e+02  -1.45323470e-03
   3.58207379e+02   3.68439243e-04
   3.58207868e+02   1.51455821e-03
   3.58208356e+02   1.53183995e-03
   3.58208844e+02   1.18834223e-03
   3.58209332e+02  -6.97616315e-06
   3.58209821e+02  -9.37874720e-04
   3.58210309e+02  -1.17199647e-03
   3.58210797e+02  -6.06412592e-04
   3.58211286e+02   2.74201593e-04
   3.58211774e+02  -2.35383341e-04
   3.58212262e+02  -7.82167539e-04
   3.58212750e+02  -8.90081981e-04
   3.58213239e+02  -1.13404042e-03
   3.58213727e+02  -3.43367719e-04
   3.58214215e+02  -3.47659283e-04
   3.58214703e+02  -2.13847798e-03
   3.58215192e+02  -3.10078030e-03
   3.58215680e+02  -1.80714799e-03
   3.58216168e+02   1.17559719e-03
   3.58216657e+02   3.70277138e-03
   3.58217145e+02   2.65042833e-03
   3.58217633e+02   2.26809963e-04
   3.58218121e+02  -2.86983885e-03
   3.58218610e+02  -3.72703513e-03
   3.58219098e+02  -2.26970064e-03
   3.58219586e+02  -1.78336550e-03
   3.58220075e+02  -2.97573162e-03
   3.58220563e+02  -1.83792354e-03
   3.58221051e+02   1.13792007e-03
   3.58221539e+02   1.11818453e-03
   3.58222028e+02  -9.55824216e-04
   3.58222516e+02  -1.56567467e-03
   3.58223004e+02  -2.21413421e-03
   3.58223492e+02  -2.81970715e-03
   3.58223981e+02  -1.75413815e-03
   3.58224469e+02  -2.50825542e-03
   3.58224957e+02  -4.44990117e-03
   3.58225446e+02  -3.90037894e-03
   3.58225934e+02  -1.90796785e-03
   3.58226422e+02  -9.28657653e-04
   3.58226910e+02   1.82339732e-04
   3.58227399e+02   1.22054247e-03
   3.58227887e+02   3.07564595e-04
   3.58228375e+02  -1.73743593e-03
   3.58228864e+02  -2.40033329e-03
   3.58229352e+02  -1.25847314e-03
   3.58229840e+02  -2.19433234e-04
   3.58230328e+02  -3.25253815e-04
   3.58230817e+02  -1.37324107e-03
   3.58231305e+02  -3.00773629e-03
   3.58231793e+02  -4.77558095e-03
   3.58232282e+02  -2.45518098e-03
   3.58232770e+02   1.29024417e-03
   3.58233258e+02   2.19049212e-03
   3.58233746e+02   2.19195755e-03
   3.58234235e+02   2.08722474e-03
   3.58234723e+02   5.34777821e-04
   3.58235211e+02  -3.09569994e-04
   3.58235699e+02  -5.82785753e-04
   3.58236188e+02  -1.63405796e-03
   3.58236676e+02  -1.97779294e-03
   3.58237164e+02  -7.61825242e-04
   3.58237653e+02  -4.07698797e-04
   3.58238141e+02  -2.15735286e-03
   3.58238629e+02  -2.09482503e-03
   3.58239117e+02  -5.14251005e-04
   3.58239606e+02  -9.67694577e-05
   3.58240094e+02  -3.34706798e-04
   3.58240582e+02  -2.67746102e-04
   3.58241071e+02  -5.30447927e-04
   3.58241559e+02  -5.63253940e-04
   3.58242047e+02  -5.57620719e-04
   3.58242535e+02  -1.43662316e-03
   3.58243024e+02  -3.13495821e-03
   3.58243512e+02  -3.41779226e-03
   3.58244000e+02  -2.92407768e-03
   3.58244488e+02  -3.18249944e-03
   3.58244977e+02  -3.13832704e-03
   3.58245465e+02  -1.28981646e-03
   3.58245953e+02  -6.48937246e-04
   3.58246442e+02  -8.70752847e-04
   3.58246930e+02   6.42412866e-04
   3.58247418e+02   2.61300476e-03
   3.58247906e+02   2.46229302e-03
   3.58248395e+02   1.23837357e-03
   3.58248883e+02   1.19400502e-03
   3.58249371e+02   1.52139948e-03
   3.58249860e+02   9.00994171e-04
   3.58250348e+02   5.83652058e-04
   3.58250836e+02   1.53935107e-03
   3.58251324e+02   2.28902278e-03
   3.58251813e+02   1.99835934e-03
   3.58252301e+02   5.28801582e-04
   3.58252789e+02  -1.38898997e-03
   3.58253278e+02  -4.99738206e-04
   3.58253766e+02   1.96624780e-03
   3.58254254e+02   1.86467299e-03
   3.58254742e+02   6.53646639e-05
   3.58255231e+02  -5.86044043e-04
   3.58255719e+02  -6.66002088e-05
   3.58256207e+02  -3.78600002e-04
   3.58256695e+02  -1.03966286e-03
   3.58257184e+02   5.31721344e-05
   3.58257672e+02   1.00197527e-03
   3.58258160e+02  -6.17740152e-04
   3.58258649e+02  -1.72268797e-03
   3.58259137e+02   2.68859585e-04
   3.58259625e+02   2.10712780e-03
   3.58260113e+02   1.03660766e-03
   3.58260602e+02  -5.06399549e-04
   3.58261090e+02  -1.26471638e-03
   3.58261578e+02  -6.37741701e-04
   3.58262067e+02  -3.38420941e-04
   3.58262555e+02  -1.67765329e-03
   3.58263043e+02  -1.68366404e-03
   3.58263531e+02  -1.25974393e-03
   3.58264020e+02  -1.09706644e-03
   3.58264508e+02  -2.55186140e-04
   3.58264996e+02   6.07996481e-04
   3.58265484e+02  -3.42936255e-04
   3.58265973e+02  -2.65095988e-03
   3.58266461e+02  -3.20206839e-03
   3.58266949e+02  -1.61551277e-03
   3.58267438e+02  -4.04462684e-04
   3.58267926e+02  -1.69910709e-04
   3.58268414e+02  -1.19664044e-04
   3.58268902e+02   5.51751524e-04
   3.58269391e+02   2.60015554e-03
   3.58269879e+02   4.34187846e-03
   3.58270367e+02   2.39656493e-03
   3.58270856e+02  -1.01984688e-03
   3.58271344e+02  -1.50973676e-03
   3.58271832e+02   3.69805872e-04
   3.58272320e+02   1.06489437e-03
   3.58272809e+02   5.20390109e-04
   3.58273297e+02   1.21445919e-03
   3.58273785e+02   2.72874534e-03
   3.58274274e+02   1.45676755e-03
   3.58274762e+02   8.28166085e-05
   3.58275250e+02   5.68155781e-04
   3.58275738e+02  -1.64019584e-04
   3.58276227e+02   7.03404367e-04
   3.58276715e+02   2.15104595e-03
   3.58277203e+02   1.68988679e-03
   3.58277691e+02   1.74941798e-03
   3.58278180e+02   3.36191664e-03
   3.58278668e+02   3.05550522e-03
   3.58279156e+02   7.83012132e-04
   3.58279645e+02  -8.13449675e-04
   3.58280133e+02  -3.48709611e-04
   3.58280621e+02   2.60074419e-04
   3.58281109e+02   6.29246642e-04
   3.58281598e+02   1.73577340e-03
   3.58282086e+02   1.72833342e-03
   3.58282574e+02   3.52292554e-04
   3.58283063e+02  -2.58604850e-04
   3.58283551e+02  -7.29581225e-04
   3.58284039e+02  -4.76267334e-04
   3.58284527e+02   4.57292685e-04
   3.58285016e+02   6.16497768e-04
   3.58285504e+02   1.29019062e-03
   3.58285992e+02   1.80943240e-03
   3.58286480e+02   4.35809110e-04
   3.58286969e+02  -9.36399330e-04
   3.58287457e+02  -3.09796946e-04
   3.58287945e+02   5.75105310e-04
   3.58288434e+02   9.77402204e-04
   3.58288922e+02   1.56470225e-04
   3.58289410e+02  -1.12943770e-03
   3.58289898e+02  -1.46594166e-03
   3.58290387e+02  -1.49246829e-03
   3.58290875e+02  -1.02022651e-03
   3.58291363e+02  -3.51782335e-04
   3.58291852e+02  -6.65000814e-04
   3.58292340e+02  -1.22564228e-03
   3.58292828e+02  -2.31397309e-04
   3.58293316e+02   1.53591437e-03
   3.58293805e+02   1.53052411e-03
   3.58294293e+02  -1.26774551e-03
   3.58294781e+02  -3.56577989e-03
   3.58295270e+02  -2.60575395e-03
   3.58295758e+02  -1.04273751e-03
   3.58296246e+02  -3.80604644e-04
   3.58296734e+02   1.64664758e-04
   3.58297223e+02   1.32179295e-03
   3.58297711e+02   2.98063713e-03
   3.58298199e+02   3.38678830e-03
   3.58298687e+02   2.25435151e-03
   3.58299176e+02   1.82146893e-03
   3.58299664e+02   1.72921352e-03
   3.58300152e+02   7.56890280e-04
   3.58300641e+02  -2.47345488e-05
   3.58301129e+02   1.26895364e-04
   3.58301617e+02   7.16069073e-04
   3.58302105e+02   9.65221087e-04
   3.58302594e+02   7.94246444e-04
   3.58303082e+02   5.17008011e-04
   3.58303570e+02   7.31221051e-04
   3.58304059e+02   7.82552990e-04
   3.58304547e+02   4.43533674e-04
   3.58305035e+02   3.76414719e-05
   3.58305523e+02  -1.79065537e-04
   3.58306012e+02   4.10669309e-05
   3.58306500e+02   6.59240759e-04
   3.58306988e+02   5.26640739e-04
   3.58307476e+02  -1.12389901e-03
   3.58307965e+02  -1.72017212e-03
   3.58308453e+02  -7.55977293e-04
   3.58308941e+02  -1.52551837e-03
   3.58309430e+02  -2.32223375e-03
   3.58309918e+02  -5.63283160e-04
   3.58310406e+02   1.72856415e-03
   3.58310894e+02   1.22479640e-03
   3.58311383e+02  -5.63177688e-04
   3.58311871e+02  -3.46681772e-04
   3.58312359e+02  -2.36577998e-05
   3.58312848e+02  -1.32494932e-03
   3.58313336e+02  -2.01411801e-03
   3.58313824e+02   3.56613564e-05
   3.58314312e+02   3.30391829e-03
   3.58314801e+02   3.69785260e-03
   3.58315289e+02   1.21031341e-03
   3.58315777e+02   7.53254499e-05
   3.58316266e+02   5.96434584e-05
   3.58316754e+02  -7.89849495e-04
   3.58317242e+02  -7.59345421e-04
   3.58317730e+02   1.29767446e-04
   3.58318219e+02   2.20686616e-05
   3.58318707e+02  -9.68566630e-04
   3.58319195e+02  -2.37019104e-03
   3.58319683e+02  -2.68426258e-03
   3.58320172e+02  -1.00339705e-03
   3.58320660e+02  -5.25775886e-06
   3.58321148e+02  -2.24165944e-03
   3.58321637e+02  -4.09069983e-03
   3.58322125e+02  -2.58143083e-03
   3.58322613e+02  -3.04164743e-04
   3.58323101e+02   1.40376897e-05
   3.58323590e+02   3.52955794e-05
   3.58324078e+02   1.04941905e-03
   3.58324566e+02   8.47489573e-04
   3.58325055e+02  -7.06792343e-04
   3.58325543e+02  -1.95935811e-03
   3.58326031e+02  -2.27994658e-03
   3.58326519e+02  -2.56501301e-03
   3.58327008e+02  -2.59501534e-03
   3.58327496e+02  -1.29423675e-03
   3.58327984e+02  -5.74176607e-04
   3.58328472e+02  -1.15243474e-03
   3.58328961e+02   1.91099170e-04
   3.58329449e+02   1.78575458e-03
   3.58329937e+02   6.85684907e-04
   3.58330426e+02  -1.30518421e-03
   3.58330914e+02  -1.85055332e-03
   3.58331402e+02  -1.10512110e-03
   3.58331890e+02  -1.10482343e-03
   3.58332379e+02  -7.69668724e-04
   3.58332867e+02   3.08154122e-04
   3.58333355e+02   6.95274211e-05
   3.58333844e+02   2.62516172e-04
   3.58334332e+02   1.65179034e-03
   3.58334820e+02   1.92141207e-03
   3.58335308e+02   1.16652343e-03
   3.58335797e+02   8.65020440e-04
   3.58336285e+02   1.56192307e-03
   3.58336773e+02   1.78567367e-03
   3.58337262e+02   1.93205051e-04
   3.58337750e+02  -1.91170792e-03
   3.58338238e+02  -2.90198997e-03
   3.58338726e+02  -2.41472665e-03
   3.58339215e+02  -6.14552526e-04
   3.58339703e+02   7.76898640e-04
   3.58340191e+02   1.15261402e-03
   3.58340679e+02   1.16316183e-03
   3.58341168e+02   2.37344968e-04
   3.58341656e+02  -1.16211944e-03
   3.58342144e+02  -1.99489295e-03
   3.58342633e+02  -1.88107113e-03
   3.58343121e+02  -9.56100354e-04
   3.58343609e+02   6.96585805e-04
   3.58344097e+02   2.31112260e-03
   3.58344586e+02   2.54016113e-03
   3.58345074e+02   1.38169713e-03
   3.58345562e+02   7.22726225e-04
   3.58346051e+02   9.06557601e-04
   3.58346539e+02   3.50708113e-04
   3.58347027e+02  -7.11139815e-04
   3.58347515e+02  -5.89687261e-04
   3.58348004e+02  -8.65499242e-05
   3.58348492e+02   1.42409335e-04
   3.58348980e+02   1.20002071e-04
   3.58349468e+02  -1.14391418e-03
   3.58349957e+02  -1.76056055e-03
   3.58350445e+02  -1.15549844e-03
   3.58350933e+02  -1.05697731e-03
   3.58351422e+02  -1.74046945e-05
   3.58351910e+02   1.48248195e-03
   3.58352398e+02   1.76951801e-03
   3.58352886e+02   1.68161769e-03
   3.58353375e+02   1.91537675e-03
   3.58353863e+02   2.14905874e-03
   3.58354351e+02   2.46104365e-03
   3.58354840e+02   1.99435395e-03
   3.58355328e+02   5.57061925e-04
   3.58355816e+02   9.94156871e-05
   3.58356304e+02  -2.64582370e-04
   3.58356793e+02  -5.31353871e-04
   3.58357281e+02   7.36876391e-05
   3.58357769e+02   1.93629938e-04
   3.58358258e+02  -9.43639141e-04
   3.58358746e+02  -2.11675582e-03
   3.58359234e+02  -1.95503724e-03
   3.58359722e+02  -6.63074083e-04
   3.58360211e+02   6.20222010e-04
   3.58360699e+02   8.84503766e-04
   3.58361187e+02   1.05323410e-03
   3.58361675e+02   6.83218474e-04
   3.58362164e+02  -3.31955554e-04
   3.58362652e+02  -7.20876968e-04
   3.58363140e+02   5.87388749e-05
   3.58363629e+02   1.09983387e-03
   3.58364117e+02   1.40163489e-03
   3.58364605e+02   8.25271884e-04
   3.58365093e+02   6.07351074e-04
   3.58365582e+02   1.13297557e-03
   3.58366070e+02   2.46945332e-04
   3.58366558e+02  -8.16250045e-04
   3.58367047e+02  -2.67280702e-05
   3.58367535e+02   4.13643691e-04
   3.58368023e+02   3.82329454e-04
   3.58368511e+02   1.38437457e-03
   3.58369000e+02   2.29283492e-03
   3.58369488e+02   1.16639258e-03
   3.58369976e+02  -1.04799995e-03
   3.58370464e+02  -2.05070875e-03
   3.58370953e+02  -1.52680569e-03
   3.58371441e+02  -1.67045757e-04
   3.58371929e+02   1.51515403e-03
   3.58372418e+02   1.86602620e-03
   3.58372906e+02   9.53543582e-04
   3.58373394e+02  -1.52347013e-04
   3.58373882e+02  -1.95533124e-04
   3.58374371e+02   6.08785544e-04
   3.58374859e+02   1.01611498e-04
   3.58375347e+02  -1.20308215e-03
   3.58375836e+02  -1.40474306e-03
   3.58376324e+02  -1.68699116e-04
   3.58376812e+02   1.17733784e-03
   3.58377300e+02   9.47154476e-04
   3.58377789e+02   5.62233850e-04
   3.58378277e+02   5.25296840e-04
   3.58378765e+02   4.41110402e-04
   3.58379254e+02   6.89742854e-04
   3.58379742e+02   1.04932999e-03
   3.58380230e+02   5.02282463e-04
   3.58380718e+02  -2.30397796e-04
   3.58381207e+02   9.23937769e-05
   3.58381695e+02   6.93607843e-04
   3.58382183e+02   1.56832766e-03
   3.58382671e+02   1.94963929e-03
   3.58383160e+02   5.00837574e-04
   3.58383648e+02  -4.26569750e-04
   3.58384136e+02  -3.54631047e-04
   3.58384625e+02  -5.01741364e-04
   3.58385113e+02  -2.50616104e-05
   3.58385601e+02   4.82537696e-04
   3.58386089e+02   2.08760131e-04
   3.58386578e+02  -6.16988400e-04
   3.58387066e+02  -1.48515613e-03
   3.58387554e+02  -2.90000183e-03
   3.58388043e+02  -4.22725268e-03
   3.58388531e+02  -3.01963650e-03
   3.58389019e+02  -8.16674146e-04
   3.58389507e+02   2.81823683e-04
   3.58389996e+02   2.33644838e-04
   3.58390484e+02   5.87631366e-04
   3.58390972e+02   2.45160400e-03
   3.58391460e+02   2.88498518e-03
   3.58391949e+02   1.02071452e-03
   3.58392437e+02   1.84294040e-05
   3.58392925e+02  -1.15087983e-04
   3.58393414e+02  -3.90331952e-05
   3.58393902e+02  -7.38415838e-05
   3.58394390e+02   4.75075387e-04
   3.58394878e+02   5.20204427e-04
   3.58395367e+02   2.61882611e-04
   3.58395855e+02   3.22359119e-04
   3.58396343e+02   9.07113659e-04
   3.58396832e+02   9.81964637e-04
   3.58397320e+02  -1.76320085e-04
   3.58397808e+02  -1.03522453e-03
   3.58398296e+02  -1.59135740e-03
   3.58398785e+02  -2.13709194e-03
   3.58399273e+02  -1.44435139e-03
   3.58399761e+02  -1.42180274e-04
   3.58400250e+02   5.37717948e-04
   3.58400738e+02   9.61985323e-04
   3.58401226e+02   1.07592950e-03
   3.58401714e+02   8.73361481e-04
   3.58402203e+02   1.08873751e-03
   3.58402691e+02   1.40313245e-03
   3.58403179e+02   2.22841953e-03
   3.58403667e+02   2.30357284e-03
   3.58404156e+02   1.05646637e-03
   3.58404644e+02   3.48868954e-04
   3.58405132e+02  -2.35736370e-04
   3.58405621e+02  -7.37318245e-04
   3.58406109e+02   2.02615793e-05
   3.58406597e+02   6.91230016e-05
   3.58407085e+02   1.23147998e-04
   3.58407574e+02   3.24993423e-04
   3.58408062e+02  -9.01238527e-04
   3.58408550e+02  -1.38988637e-03
   3.58409039e+02  -1.23713675e-04
   3.58409527e+02   6.30537921e-04
   3.58410015e+02   9.99808399e-05
   3.58410503e+02   4.95449407e-04
   3.58410992e+02   1.72857905e-03
   3.58411480e+02   5.06644312e-04
   3.58411968e+02  -5.75890415e-04
   3.58412456e+02   3.05327674e-04
   3.58412945e+02   6.00596322e-05
   3.58413433e+02  -5.92294033e-04
   3.58413921e+02  -2.94104218e-04
   3.58414410e+02  -2.87033006e-04
   3.58414898e+02  -6.45735010e-04
   3.58415386e+02  -8.08573794e-04
   3.58415874e+02  -7.99059344e-05
   3.58416363e+02   7.95120955e-04
   3.58416851e+02   4.23077785e-04
   3.58417339e+02  -7.30273256e-04
   3.58417828e+02  -1.16560538e-03
   3.58418316e+02  -1.28366728e-03
   3.58418804e+02  -2.45715049e-03
   3.58419292e+02  -2.39334279e-03
   3.58419781e+02  -8.10007681e-04
   3.58420269e+02  -5.08046127e-04
   3.58420757e+02  -9.52404516e-04
   3.58421246e+02  -2.25066833e-04
   3.58421734e+02   8.26430216e-04
   3.58422222e+02   3.26363341e-04
   3.58422710e+02   2.03685981e-04
   3.58423199e+02   8.02016366e-05
   3.58423687e+02  -1.31631608e-03
   3.58424175e+02  -1.65676302e-03
   3.58424663e+02  -7.53816508e-04
   3.58425152e+02  -2.08502039e-04
   3.58425640e+02  -8.64655420e-04
   3.58426128e+02  -2.94992724e-03
   3.58426617e+02  -3.07821832e-03
   3.58427105e+02  -3.90150468e-04
   3.58427593e+02   2.23203097e-03
   3.58428081e+02   3.13467626e-03
   3.58428570e+02   1.02178345e-03
   3.58429058e+02  -1.82390760e-03
   3.58429546e+02  -1.98097690e-03
   3.58430035e+02  -8.13413179e-04
   3.58430523e+02  -6.61619357e-04
   3.58431011e+02  -1.13219093e-03
   3.58431499e+02  -9.43163817e-04
   3.58431988e+02  -3.02073808e-04
   3.58432476e+02   7.30744723e-05
   3.58432964e+02  -3.42063751e-04
   3.58433452e+02  -1.11640105e-03
   3.58433941e+02  -1.49027770e-03
   3.58434429e+02  -1.08888384e-03
   3.58434917e+02  -1.42015191e-03
   3.58435406e+02  -2.13607447e-03
   3.58435894e+02  -1.79544091e-03
   3.58436382e+02  -1.63712434e-03
   3.58436870e+02  -1.09158724e-03
   3.58437359e+02  -2.67330382e-04
   3.58437847e+02   4.42150136e-04
   3.58438335e+02   7.82377669e-04
   3.58438824e+02  -2.34681269e-04
   3.58439312e+02  -5.27014257e-04
   3.58439800e+02  -1.27237372e-03
   3.58440288e+02  -2.69535836e-03
   3.58440777e+02  -1.78672525e-03
   3.58441265e+02  -2.94956699e-04
   3.58441753e+02   9.63920262e-04
   3.58442242e+02   3.16818641e-03
   3.58442730e+02   3.52527108e-03
   3.58443218e+02   1.10344903e-03
   3.58443706e+02  -2.83769303e-04
   3.58444195e+02   2.41168265e-04
   3.58444683e+02   4.59751842e-04
   3.58445171e+02   6.86056621e-04
   3.58445659e+02   1.02446554e-03
   3.58446148e+02   6.79588178e-04
   3.58446636e+02   7.20185402e-04
   3.58447124e+02   1.85348187e-03
   3.58447613e+02   1.69434818e-03
   3.58448101e+02  -9.80274286e-04
   3.58448589e+02  -1.31179113e-03
   3.58449077e+02   1.14022801e-03
   3.58449566e+02   2.37433356e-03
   3.58450054e+02   1.73703139e-03
   3.58450542e+02  -6.02017099e-04
   3.58451031e+02  -1.80449628e-03
   3.58451519e+02  -5.56844345e-04
   3.58452007e+02   2.12788203e-04
   3.58452495e+02   8.14140018e-04
   3.58452984e+02   1.96370366e-03
   3.58453472e+02   2.12898664e-03
   3.58453960e+02   3.42825340e-04
   3.58454448e+02  -8.29220400e-04
   3.58454937e+02  -3.79435660e-04
   3.58455425e+02   2.36980006e-04
   3.58455913e+02   6.03960536e-04
   3.58456402e+02   1.14514760e-03
   3.58456890e+02   1.28031103e-03
   3.58457378e+02   8.65310314e-04
   3.58457866e+02   6.44523301e-04
   3.58458355e+02   1.08321069e-03
   3.58458843e+02   6.76105614e-04
   3.58459331e+02  -4.78891307e-04
   3.58459820e+02  -1.10658328e-03
   3.58460308e+02  -1.00365211e-03
   3.58460796e+02   3.54936230e-04
   3.58461284e+02   1.97991729e-03
   3.58461773e+02   1.80737127e-03
   3.58462261e+02   8.44760390e-04
   3.58462749e+02   1.16890983e-03
   3.58463238e+02   1.35453767e-03
   3.58463726e+02   4.88368270e-04
   3.58464214e+02  -2.14212865e-04
   3.58464702e+02   1.37002426e-04
   3.58465191e+02   4.37522191e-04
   3.58465679e+02   3.26111796e-04
   3.58466167e+02   1.59899099e-03
   3.58466655e+02   2.33835331e-03
   3.58467144e+02   1.35869440e-03
   3.58467632e+02   1.26804109e-03
   3.58468120e+02   1.30421948e-03
   3.58468609e+02   1.15570598e-04
   3.58469097e+02  -8.98681406e-04
   3.58469585e+02  -3.51617782e-04
   3.58470073e+02   3.88205299e-05
   3.58470562e+02  -4.45498823e-04
   3.58471050e+02   2.51245132e-04
   3.58471538e+02   2.15645391e-03
   3.58472027e+02   2.56102788e-03
   3.58472515e+02   9.12075571e-04
   3.58473003e+02  -9.00191662e-05
   3.58473491e+02   1.44612583e-04
   3.58473980e+02  -3.55898112e-04
   3.58474468e+02  -4.16943978e-04
   3.58474956e+02   2.29678390e-05
   3.58475444e+02  -1.48069274e-04
   3.58475933e+02   3.69116024e-05
   3.58476421e+02   1.24134298e-03
   3.58476909e+02   2.28987285e-03
   3.58477398e+02   9.66405263e-04
   3.58477886e+02  -1.53258769e-03
   3.58478374e+02  -1.08920340e-03
   3.58478862e+02   8.82842578e-04
   3.58479351e+02   1.91862520e-03
   3.58479839e+02   1.90392660e-03
   3.58480327e+02   6.07322552e-04
   3.58480816e+02  -3.10110947e-04
   3.58481304e+02  -1.13160396e-03
   3.58481792e+02  -2.96845287e-03
   3.58482280e+02  -3.43499449e-03
   3.58482769e+02  -1.88188930e-03
   3.58483257e+02  -7.17733405e-04
   3.58483745e+02  -1.98633279e-04
   3.58484234e+02   1.72434782e-04
   3.58484722e+02   1.32828427e-04
   3.58485210e+02  -5.57408726e-04
   3.58485698e+02  -6.37609803e-04
   3.58486187e+02   2.51403981e-04
   3.58486675e+02   7.87114550e-04
   3.58487163e+02   1.20845728e-03
   3.58487651e+02   1.97352283e-03
   3.58488140e+02   1.78840815e-03
   3.58488628e+02   3.89384775e-04
   3.58489116e+02  -1.24044146e-03
   3.58489605e+02  -1.53799600e-03
   3.58490093e+02   7.86267512e-04
   3.58490581e+02   3.37337051e-03
   3.58491069e+02   2.81644193e-03
   3.58491558e+02  -3.88725894e-04
   3.58492046e+02  -3.23692220e-03
   3.58492534e+02  -3.26666376e-03
   3.58493023e+02  -1.51968130e-03
   3.58493511e+02  -7.97181274e-04
   3.58493999e+02  -6.96232950e-04
   3.58494487e+02  -1.17970933e-03
   3.58494976e+02  -2.67532584e-03
   3.58495464e+02  -2.61331070e-03
   3.58495952e+02  -1.22168974e-03
   3.58496440e+02  -6.65204541e-04
   3.58496929e+02  -1.14948300e-04
   3.58497417e+02   1.25266763e-03
   3.58497905e+02   2.31343578e-03
   3.58498394e+02   2.65817717e-03
   3.58498882e+02   2.33149505e-03
   3.58499370e+02   6.97881507e-04
   3.58499858e+02  -1.77974417e-03
   3.58500347e+02  -1.82916352e-03
   3.58500835e+02   5.72491263e-04
   3.58501323e+02   1.10230234e-03
   3.58501812e+02  -3.51941591e-04
   3.58502300e+02  -4.98740235e-04
   3.58502788e+02   4.73135296e-04
   3.58503276e+02  -7.79693190e-04
   3.58503765e+02  -3.26359831e-03
   3.58504253e+02  -3.04602389e-03
   3.58504741e+02  -1.46431127e-03
   3.58505230e+02  -1.13376847e-03
   3.58505718e+02  -9.04364279e-04
   3.58506206e+02  -2.18171219e-04
   3.58506694e+02   6.69107714e-04
   3.58507183e+02   1.61224091e-03
   3.58507671e+02   1.76855398e-03
   3.58508159e+02   1.17249612e-03
   3.58508647e+02   2.33288622e-04
   3.58509136e+02  -5.22744202e-04
   3.58509624e+02  -1.00043626e-03
   3.58510112e+02  -1.46302197e-03
   3.58510601e+02  -1.61431660e-03
   3.58511089e+02  -1.90922688e-03
   3.58511577e+02  -1.26021483e-03
   3.58512065e+02  -1.70549634e-03
   3.58512554e+02  -3.15956003e-03
   3.58513042e+02  -2.57131527e-03
   3.58513530e+02   2.37746990e-05
   3.58514019e+02   1.42542168e-03
   3.58514507e+02   1.00417307e-03
   3.58514995e+02   1.28199300e-03
   3.58515483e+02   1.76522252e-03
   3.58515972e+02   7.85568089e-04
   3.58516460e+02  -9.89213586e-05
   3.58516948e+02   3.68463923e-04
   3.58517436e+02   6.07768656e-04
   3.58517925e+02  -2.01246192e-04
   3.58518413e+02  -4.85323893e-04
   3.58518901e+02   1.07764010e-03
   3.58519390e+02   2.80177058e-03
   3.58519878e+02   2.41216016e-03
   3.58520366e+02   1.49176491e-03
   3.58520854e+02   1.13240979e-03
   3.58521343e+02  -1.83641692e-04
   3.58521831e+02  -1.52526912e-03
   3.58522319e+02  -2.44649267e-03
   3.58522808e+02  -2.74536875e-03
   3.58523296e+02  -1.91922218e-03
   3.58523784e+02  -1.06642733e-03
   3.58524272e+02  -9.83075006e-04
   3.58524761e+02  -1.56393100e-03
   3.58525249e+02  -1.68080302e-03
   3.58525737e+02  -1.25239242e-03
   3.58526226e+02  -1.41900746e-04
   3.58526714e+02   1.20119459e-03
   3.58527202e+02   7.28692510e-04
   3.58527690e+02  -1.21686480e-03
   3.58528179e+02  -2.74897064e-03
   3.58528667e+02  -1.71332306e-03
   3.58529155e+02   6.33629563e-04
   3.58529643e+02   1.67953083e-03
   3.58530132e+02   2.02091481e-03
   3.58530620e+02   1.27772335e-03
   3.58531108e+02  -4.54196444e-04
   3.58531597e+02  -5.61787980e-04
   3.58532085e+02   5.84175752e-04
   3.58532573e+02   1.14079670e-03
   3.58533061e+02   8.18070141e-04
   3.58533550e+02  -5.52120218e-05
   3.58534038e+02  -3.24296852e-04
   3.58534526e+02   8.37404048e-04
   3.58535015e+02   1.87772885e-03
   3.58535503e+02   9.03499371e-04
   3.58535991e+02  -1.94011445e-05
   3.58536479e+02   9.32571362e-04
   3.58536968e+02   1.63077307e-03
   3.58537456e+02   5.51137433e-04
   3.58537944e+02  -5.37314161e-04
   3.58538432e+02  -3.50790273e-04
   3.58538921e+02   3.40448605e-05
   3.58539409e+02   7.49992731e-04
   3.58539897e+02   2.21388182e-03
   3.58540386e+02   2.91143009e-03
   3.58540874e+02   1.58558751e-03
   3.58541362e+02   9.59675017e-05
   3.58541850e+02  -3.65352607e-04
   3.58542339e+02  -1.01440155e-03
   3.58542827e+02  -1.07182842e-03
   3.58543315e+02   1.84495511e-04
   3.58543804e+02   5.14498970e-04
   3.58544292e+02  -2.74363352e-04
   3.58544780e+02   2.13009829e-04
   3.58545268e+02   1.03609590e-03
   3.58545757e+02   8.45338625e-04
   3.58546245e+02   2.97057559e-04
   3.58546733e+02  -1.99244649e-04
   3.58547222e+02   2.15907305e-04
   3.58547710e+02   8.52035184e-04
   3.58548198e+02   4.65818412e-05
   3.58548686e+02  -3.47331254e-04
   3.58549175e+02   7.74567656e-04
   3.58549663e+02   1.32812560e-03
   3.58550151e+02   9.93599067e-04
   3.58550639e+02   9.01106905e-05
   3.58551128e+02  -5.91066899e-04
   3.58551616e+02  -3.63925064e-04
   3.58552104e+02  -5.41668735e-04
   3.58552593e+02  -9.04075510e-04
   3.58553081e+02  -9.78548429e-04
   3.58553569e+02  -6.43249543e-04
   3.58554057e+02   1.26676937e-03
   3.58554546e+02   3.05018388e-03
   3.58555034e+02   3.04841856e-03
   3.58555522e+02   1.84396422e-03
   3.58556011e+02   1.54028751e-03
   3.58556499e+02   2.35747243e-03
   3.58556987e+02   2.50363047e-03
   3.58557475e+02   1.50489248e-03
   3.58557964e+02   2.29289071e-04
   3.58558452e+02  -6.59810030e-04
   3.58558940e+02  -6.75104267e-04
   3.58559428e+02  -1.03787461e-03
   3.58559917e+02  -2.87561375e-03
   3.58560405e+02  -4.94947191e-03
   3.58560893e+02  -4.90026735e-03
   3.58561382e+02  -2.34414986e-03
   3.58561870e+02   5.28957935e-05
   3.58562358e+02   6.06555841e-04
   3.58562846e+02   5.38465509e-04
   3.58563335e+02   1.01242820e-03
   3.58563823e+02   1.52118795e-03
   3.58564311e+02   1.78261858e-03
   3.58564800e+02   1.12439471e-03
   3.58565288e+02   1.17185840e-03
   3.58565776e+02   2.90627801e-03
   3.58566264e+02   3.09032435e-03
   3.58566753e+02   2.07149540e-03
   3.58567241e+02   2.41293036e-03
   3.58567729e+02   1.34406460e-03
   3.58568218e+02  -5.94171928e-04
   3.58568706e+02  -2.52619648e-04
   3.58569194e+02   1.11143349e-03
   3.58569682e+02   1.66991423e-03
   3.58570171e+02   1.39452145e-03
   3.58570659e+02   3.42007581e-04
   3.58571147e+02  -6.30349212e-04
   3.58571635e+02  -9.87364096e-04
   3.58572124e+02  -2.68866046e-04
   3.58572612e+02   9.62686172e-05
   3.58573100e+02  -1.12417468e-03
   3.58573589e+02  -2.10529636e-03
   3.58574077e+02  -9.79757635e-04
   3.58574565e+02   6.37812947e-04
   3.58575053e+02  -3.03736015e-04
   3.58575542e+02  -2.66465638e-03
   3.58576030e+02  -2.88054650e-03
   3.58576518e+02  -1.22531131e-03
   3.58577007e+02  -3.67149769e-04
   3.58577495e+02  -3.66614608e-04
   3.58577983e+02  -6.02462504e-04
   3.58578471e+02  -5.06348966e-04
   3.58578960e+02  -3.43778316e-04
   3.58579448e+02  -7.70074083e-04
   3.58579936e+02  -1.73892907e-03
   3.58580424e+02  -1.27180392e-04
   3.58580913e+02   2.60162028e-03
   3.58581401e+02   1.19594578e-03
   3.58581889e+02  -1.14352244e-03
   3.58582378e+02  -2.83966394e-04
   3.58582866e+02   1.07308954e-03
   3.58583354e+02   1.31572911e-03
   3.58583842e+02   1.34637201e-04
   3.58584331e+02  -8.34061590e-04
   3.58584819e+02  -2.49710138e-04
   3.58585307e+02   2.36941123e-04
   3.58585796e+02   1.68896062e-04
   3.58586284e+02  -3.30932671e-04
   3.58586772e+02  -2.26909830e-03
   3.58587260e+02  -2.92580249e-03
   3.58587749e+02   1.56087641e-04
   3.58588237e+02   2.91840150e-03
   3.58588725e+02   2.07418972e-03
   3.58589214e+02   3.96224234e-04
   3.58589702e+02   7.97688335e-05
   3.58590190e+02   1.51059160e-03
   3.58590678e+02   4.00384981e-03
   3.58591167e+02   3.49678239e-03
   3.58591655e+02  -5.93930949e-04
   3.58592143e+02  -3.16622481e-03
   3.58592631e+02  -1.96907460e-03
   3.58593120e+02  -2.91413198e-05
   3.58593608e+02  -3.30937473e-04
   3.58594096e+02  -1.01548724e-03
   3.58594585e+02  -1.33496628e-03
   3.58595073e+02  -1.56651658e-03
   3.58595561e+02  -2.51539750e-04
   3.58596049e+02   7.77750218e-04
   3.58596538e+02   5.20956470e-04
   3.58597026e+02   8.85096437e-04
   3.58597514e+02   6.22004271e-04
   3.58598003e+02  -1.84129603e-04
   3.58598491e+02   3.86191212e-04
   3.58598979e+02   1.65354076e-03
   3.58599467e+02   1.93788961e-03
   3.58599956e+02   5.15818014e-04
   3.58600444e+02  -1.04663975e-03
   3.58600932e+02  -1.97132686e-04
   3.58601420e+02   6.73855189e-04
   3.58601909e+02   7.09696731e-04
   3.58602397e+02   7.72110070e-04
   3.58602885e+02  -1.26000232e-04
   3.58603374e+02  -6.39986305e-04
   3.58603862e+02  -7.93797895e-04
   3.58604350e+02  -1.93177501e-03
   3.58604838e+02  -1.68474903e-03
   3.58605327e+02  -1.48647930e-04
   3.58605815e+02  -2.32575985e-04
   3.58606303e+02  -2.61194567e-04
   3.58606792e+02   1.48614752e-03
   3.58607280e+02   2.22858950e-03
   3.58607768e+02   1.12792698e-03
   3.58608256e+02   3.59022815e-04
   3.58608745e+02   6.21589134e-05
   3.58609233e+02  -7.40429037e-04
   3.58609721e+02  -2.36445782e-03
   3.58610210e+02  -3.02579859e-03
   3.58610698e+02  -9.65940882e-04
   3.58611186e+02   1.38849416e-03
   3.58611674e+02   1.77423283e-03
   3.58612163e+02   7.67004967e-04
   3.58612651e+02  -3.47710069e-04
   3.58613139e+02   4.51650558e-04
   3.58613627e+02   1.94366241e-03
   3.58614116e+02   1.49135164e-03
   3.58614604e+02   1.28121942e-03
   3.58615092e+02   2.63202679e-03
   3.58615581e+02   2.73856125e-03
   3.58616069e+02   2.08167895e-03
   3.58616557e+02   1.25474168e-03
   3.58617045e+02  -1.08485448e-03
   3.58617534e+02  -2.26523727e-03
   3.58618022e+02  -1.30262831e-03
   3.58618510e+02  -1.02280208e-03
   3.58618999e+02  -2.12858571e-03
   3.58619487e+02  -2.87263445e-03
   3.58619975e+02  -1.95773644e-03
   3.58620463e+02   5.56103361e-04
   3.58620952e+02   1.19315076e-03
   3.58621440e+02  -5.06692915e-04
   3.58621928e+02  -9.69710411e-04
   3.58622416e+02  -1.07410224e-03
   3.58622905e+02  -1.03419099e-03
   3.58623393e+02   1.16597257e-04
   3.58623881e+02  -4.29193751e-04
   3.58624370e+02  -1.63665344e-03
   3.58624858e+02  -5.29865618e-04
   3.58625346e+02  -7.87696568e-04
   3.58625834e+02  -2.52450560e-03
   3.58626323e+02  -2.31474987e-03
   3.58626811e+02  -1.82214077e-03
   3.58627299e+02  -2.14875233e-03
   3.58627788e+02  -1.10286742e-03
   3.58628276e+02  -1.02780794e-03
   3.58628764e+02  -4.12232621e-04
   3.58629252e+02  -3.01451422e-04
   3.58629741e+02  -1.10743975e-03
   3.58630229e+02  -2.18609886e-04
   3.58630717e+02   2.74314429e-04
   3.58631206e+02  -8.00863083e-04
   3.58631694e+02  -3.18829989e-04
   3.58632182e+02   5.30404504e-04
   3.58632670e+02   9.47459484e-04
   3.58633159e+02   1.70963828e-03
   3.58633647e+02   2.08406034e-03
   3.58634135e+02   2.38579069e-03
   3.58634623e+02   1.89945346e-03
   3.58635112e+02   1.44312403e-03
   3.58635600e+02   9.71653324e-04
   3.58636088e+02  -2.56352323e-05
   3.58636577e+02  -1.70499843e-03
   3.58637065e+02  -2.67102290e-03
   3.58637553e+02  -1.24723604e-03
   3.58638041e+02  -9.83974780e-04
   3.58638530e+02  -2.13860068e-03
   3.58639018e+02  -1.64232333e-03
   3.58639506e+02  -1.16272015e-03
   3.58639995e+02  -1.07685849e-03
   3.58640483e+02  -3.98520751e-05
   3.58640971e+02   1.87807847e-04
   3.58641459e+02  -1.60811073e-03
   3.58641948e+02  -3.05460347e-03
   3.58642436e+02  -2.08407408e-03
   3.58642924e+02  -6.70629670e-04
   3.58643412e+02  -4.74502100e-04
   3.58643901e+02  -8.08828452e-04
   3.58644389e+02  -1.56148581e-03
   3.58644877e+02  -1.90508156e-03
   3.58645366e+02  -1.59973244e-03
   3.58645854e+02  -1.91941089e-03
   3.58646342e+02  -2.71458644e-03
   3.58646830e+02  -3.06937285e-03
   3.58647319e+02  -2.03015958e-03
   3.58647807e+02  -3.15508805e-04
   3.58648295e+02   4.47868981e-04
   3.58648784e+02   5.29746525e-04
   3.58649272e+02   7.78473273e-04
   3.58649760e+02   8.46483919e-04
   3.58650248e+02   5.14793966e-04
   3.58650737e+02   4.96785098e-04
   3.58651225e+02   5.42077061e-04
   3.58651713e+02  -7.74001179e-04
   3.58652202e+02  -1.54354610e-03
   3.58652690e+02   1.69404564e-04
   3.58653178e+02   2.84885382e-03
   3.58653666e+02   4.05933661e-03
   3.58654155e+02   3.02493339e-03
   3.58654643e+02   1.09442498e-03
   3.58655131e+02   7.53829721e-04
   3.58655619e+02   1.32126291e-03
   3.58656108e+02   1.37675897e-05
   3.58656596e+02  -1.10749318e-03
   3.58657084e+02   1.15500246e-04
   3.58657573e+02   6.55641023e-04
   3.58658061e+02   8.25527066e-04
   3.58658549e+02   2.23653670e-03
   3.58659037e+02   2.22016126e-03
   3.58659526e+02   1.70028093e-03
   3.58660014e+02   2.62883864e-03
   3.58660502e+02   2.79367249e-03
   3.58660991e+02   4.30798362e-04
   3.58661479e+02  -2.22391402e-03
   3.58661967e+02  -3.47205135e-03
   3.58662455e+02  -3.33996629e-03
   3.58662944e+02  -1.41830009e-03
   3.58663432e+02  -3.71324568e-04
   3.58663920e+02  -2.28359923e-03
   3.58664408e+02  -3.84514476e-03
   3.58664897e+02  -2.77834665e-03
   3.58665385e+02  -5.49450458e-04
   3.58665873e+02  -6.57290511e-04
   3.58666362e+02  -1.53911859e-03
   3.58666850e+02  -1.12068059e-03
   3.58667338e+02  -8.95343896e-04
   3.58667826e+02  -1.13262364e-03
   3.58668315e+02  -7.84918782e-04
   3.58668803e+02   9.49080975e-04
   3.58669291e+02   9.28376743e-04
   3.58669780e+02  -1.03646039e-03
   3.58670268e+02  -1.18024775e-03
   3.58670756e+02   2.31656944e-04
   3.58671244e+02   1.18404638e-03
   3.58671733e+02   8.80924461e-04
   3.58672221e+02   5.23569215e-05
   3.58672709e+02   3.45339467e-05
   3.58673198e+02   1.78737112e-03
   3.58673686e+02   3.34170577e-03
   3.58674174e+02   1.95063197e-03
   3.58674662e+02  -2.42298847e-04
   3.58675151e+02  -7.02750185e-05
   3.58675639e+02   9.01230786e-04
   3.58676127e+02   7.20512122e-04
   3.58676615e+02   6.11522002e-04
   3.58677104e+02   1.24124950e-03
   3.58677592e+02   1.97354401e-03
   3.58678080e+02   4.03917208e-03
   3.58678569e+02   5.91102708e-03
   3.58679057e+02   4.68943827e-03
   3.58679545e+02   5.39285713e-04
   3.58680033e+02  -1.93926052e-03
   3.58680522e+02  -6.13345823e-04
   3.58681010e+02   1.89381500e-03
   3.58681498e+02   3.61724850e-03
   3.58681987e+02   3.12289339e-03
   3.58682475e+02   1.22067309e-03
   3.58682963e+02   2.81813351e-04
   3.58683451e+02   4.58328257e-04
   3.58683940e+02   1.63866254e-03
   3.58684428e+02   2.94567924e-03
   3.58684916e+02   3.44784092e-03
   3.58685404e+02   2.38421187e-03
   3.58685893e+02   1.30767201e-03
   3.58686381e+02   1.78062313e-04
   3.58686869e+02   8.35932442e-04
   3.58687358e+02   4.11166373e-04
   3.58687846e+02  -8.18864908e-04
   3.58688334e+02  -5.14257117e-04
   3.58688822e+02   8.27692274e-04
   3.58689311e+02   2.05936073e-03
   3.58689799e+02   2.52651912e-03
   3.58690287e+02   5.27840224e-04
   3.58690776e+02  -1.76850928e-03
   3.58691264e+02  -5.78165869e-04
   3.58691752e+02   5.48061042e-04
   3.58692240e+02  -1.35556189e-03
   3.58692729e+02  -3.56380967e-03
   3.58693217e+02  -3.65426904e-03
   3.58693705e+02  -1.29549531e-03
   3.58694194e+02   5.00155904e-04
   3.58694682e+02   8.75240512e-05
   3.58695170e+02   3.05391033e-04
   3.58695658e+02   1.80275925e-03
   3.58696147e+02   2.17403821e-03
   3.58696635e+02   3.36483878e-04
   3.58697123e+02  -1.47912710e-03
   3.58697611e+02  -1.76309177e-03
   3.58698100e+02  -1.69148471e-03
   3.58698588e+02  -1.20445143e-03
   3.58699076e+02  -2.93537305e-04
   3.58699565e+02  -5.75100945e-04
   3.58700053e+02  -1.15062715e-03
   3.58700541e+02  -1.25712191e-03
   3.58701029e+02  -1.13132596e-03
   3.58701518e+02  -7.83036230e-04
   3.58702006e+02  -9.95094797e-06
   3.58702494e+02   8.40965426e-04
   3.58702983e+02   1.23648625e-03
   3.58703471e+02   1.20319647e-03
   3.58703959e+02   6.67129410e-04
   3.58704447e+02   6.36357814e-04
   3.58704936e+02   1.34238275e-03
   3.58705424e+02   2.35070428e-03
   3.58705912e+02   3.36791622e-03
   3.58706400e+02   2.64528650e-03
   3.58706889e+02   1.62665977e-03
   3.58707377e+02   1.87086419e-03
   3.58707865e+02   1.65386929e-03
   3.58708354e+02   1.06263033e-03
   3.58708842e+02   6.97118114e-04
   3.58709330e+02   8.54119498e-05
   3.58709818e+02   7.33868161e-04
   3.58710307e+02   2.06455751e-03
   3.58710795e+02   7.48888066e-04
   3.58711283e+02  -1.09344523e-03
   3.58711772e+02  -5.22392627e-04
   3.58712260e+02  -3.88517547e-05
   3.58712748e+02  -6.10624207e-04
   3.58713236e+02   3.45796318e-04
   3.58713725e+02   2.26229569e-03
   3.58714213e+02   2.59202020e-03
   3.58714701e+02   1.43895904e-03
   3.58715190e+02  -3.03604320e-04
   3.58715678e+02  -1.45361002e-03
   3.58716166e+02  -1.32806518e-03
   3.58716654e+02  -1.56426232e-03
   3.58717143e+02  -2.37276009e-03
   3.58717631e+02  -1.13968330e-03
   3.58718119e+02   1.22981251e-03
   3.58718607e+02   2.28848401e-03
   3.58719096e+02   1.57304143e-03
   3.58719584e+02   4.30983229e-04
   3.58720072e+02  -6.67766784e-04
   3.58720561e+02  -6.09359005e-04
   3.58721049e+02   1.73682545e-03
   3.58721537e+02   2.80510960e-03
   3.58722025e+02   1.22618640e-03
   3.58722514e+02  -4.65727207e-04
   3.58723002e+02   4.48228006e-04
   3.58723490e+02   2.67039891e-03
   3.58723979e+02   3.73339583e-03
   3.58724467e+02   2.82012881e-03
   3.58724955e+02   5.79554588e-04
   3.58725443e+02  -7.72396044e-04
   3.58725932e+02   5.42515423e-04
   3.58726420e+02   1.68247125e-03
   3.58726908e+02   1.11909132e-04
   3.58727396e+02   5.35358617e-04
   3.58727885e+02   2.67913076e-03
   3.58728373e+02   2.07505352e-03
   3.58728861e+02   1.15093961e-03
   3.58729350e+02   2.06092652e-03
   3.58729838e+02   2.34441902e-03
   3.58730326e+02   2.09516915e-03
   3.58730814e+02   1.72890571e-03
   3.58731303e+02   1.79724768e-04
   3.58731791e+02  -1.95970736e-03
   3.58732279e+02  -2.91877985e-03
   3.58732768e+02  -1.18308095e-03
   3.58733256e+02   2.87335453e-04
   3.58733744e+02  -6.89335284e-04
   3.58734232e+02  -1.52456539e-03
   3.58734721e+02  -1.52185815e-03
   3.58735209e+02  -1.81191764e-03
   3.58735697e+02  -2.06472492e-03
   3.58736186e+02  -5.17232169e-04
   3.58736674e+02   1.45923020e-03
   3.58737162e+02   2.00792286e-03
   3.58737650e+02   1.13281654e-03
   3.58738139e+02  -3.71907954e-04
   3.58738627e+02   4.14848007e-04
   3.58739115e+02   1.43110717e-03
   3.58739603e+02   1.51961285e-03
   3.58740092e+02   1.96475675e-03
   3.58740580e+02   1.60736730e-03
   3.58741068e+02   2.80211767e-04
   3.58741557e+02  -6.86576008e-04
   3.58742045e+02  -4.69027204e-04
   3.58742533e+02  -4.34374233e-04
   3.58743021e+02  -5.24736708e-04
   3.58743510e+02  -3.25119036e-05
   3.58743998e+02   8.67271447e-04
   3.58744486e+02   4.42001445e-04
   3.58744975e+02  -2.76090647e-03
   3.58745463e+02  -3.31167527e-03
   3.58745951e+02  -2.69108359e-03
   3.58746439e+02  -1.64430239e-03
   3.58746928e+02  -2.72427947e-04
   3.58747416e+02  -6.60509744e-04
   3.58747904e+02  -1.14369951e-03
   3.58748392e+02  -4.42340155e-04
   3.58748881e+02   2.16929591e-04
   3.58749369e+02  -3.02523567e-05
   3.58749857e+02  -5.33445796e-04
   3.58750346e+02  -1.39110896e-04
   3.58750834e+02   3.18864913e-04
   3.58751322e+02   5.84709051e-04
   3.58751810e+02   1.22497522e-03
   3.58752299e+02   1.57118938e-03
   3.58752787e+02   1.33996573e-03
   3.58753275e+02   5.04799362e-04
   3.58753764e+02  -1.16891903e-03
   3.58754252e+02  -2.43965234e-03
   3.58754740e+02  -3.52378725e-03
   3.58755228e+02  -3.71592212e-03
   3.58755717e+02  -2.02913187e-03
   3.58756205e+02  -4.48425591e-04
   3.58756693e+02  -7.34590692e-04
   3.58757182e+02  -9.04874643e-04
   3.58757670e+02   1.19172742e-04
   3.58758158e+02   9.97608528e-04
   3.58758646e+02   8.92342941e-04
   3.58759135e+02   1.99137183e-04
   3.58759623e+02   1.04453671e-03
   3.58760111e+02   3.05756042e-03
   3.58760599e+02   3.57830036e-03
   3.58761088e+02   1.79438444e-03
   3.58761576e+02  -7.06523308e-04
   3.58762064e+02  -1.92139030e-03
   3.58762553e+02  -1.58697425e-03
   3.58763041e+02  -1.34930116e-04
   3.58763529e+02   1.52644853e-03
   3.58764017e+02   1.92038750e-03
   3.58764506e+02   1.40001962e-03
   3.58764994e+02  -1.50394349e-04
   3.58765482e+02  -2.53982493e-04
   3.58765971e+02   2.16891780e-03
   3.58766459e+02   3.49247758e-03
   3.58766947e+02   4.03118040e-03
   3.58767435e+02   4.60806768e-03
   3.58767924e+02   4.65136860e-03
   3.58768412e+02   3.72502208e-03
   3.58768900e+02   2.43983697e-03
   3.58769388e+02   1.06965122e-03
   3.58769877e+02   5.39397995e-04
   3.58770365e+02   7.04476377e-04
   3.58770853e+02   7.20010954e-04
   3.58771342e+02   2.72420322e-04
   3.58771830e+02  -9.22044157e-04
   3.58772318e+02  -4.43712866e-04
   3.58772806e+02   1.48313190e-03
   3.58773295e+02   7.43181794e-04
   3.58773783e+02  -1.67171052e-03
   3.58774271e+02  -2.40093819e-03
   3.58774760e+02  -1.43309718e-03
   3.58775248e+02  -1.22938782e-03
   3.58775736e+02  -1.35717215e-03
   3.58776224e+02  -1.28173304e-03
   3.58776713e+02  -3.04770865e-03
   3.58777201e+02  -3.52439471e-03
   3.58777689e+02  -8.05877731e-04
   3.58778178e+02   9.34449665e-04
   3.58778666e+02   1.24588120e-03
   3.58779154e+02   8.00586655e-04
   3.58779642e+02   4.10405948e-04
   3.58780131e+02   1.41453755e-03
   3.58780619e+02   1.66803657e-03
   3.58781107e+02   3.04557238e-04
   3.58781595e+02  -1.20092405e-03
   3.58782084e+02  -1.50337617e-03
   3.58782572e+02  -1.41075556e-03
   3.58783060e+02  -1.36256043e-03
   3.58783549e+02  -2.60399794e-03
   3.58784037e+02  -4.61143488e-03
   3.58784525e+02  -5.17830905e-03
   3.58785013e+02  -4.12267447e-03
   3.58785502e+02  -1.70439912e-03
   3.58785990e+02   1.48339837e-04
   3.58786478e+02  -8.30774206e-06
   3.58786967e+02  -5.08118304e-04
   3.58787455e+02  -8.13298684e-05
   3.58787943e+02  -3.55657743e-04
   3.58788431e+02  -1.30208151e-03
   3.58788920e+02  -4.59200732e-04
   3.58789408e+02   7.90080405e-04
   3.58789896e+02   3.70280759e-05
   3.58790384e+02  -1.42074353e-03
   3.58790873e+02  -1.83045899e-03
   3.58791361e+02  -2.04644562e-03
   3.58791849e+02  -2.27597007e-03
   3.58792338e+02  -2.21361476e-03
   3.58792826e+02  -2.53974413e-03
   3.58793314e+02  -2.70494632e-03
   3.58793802e+02  -9.43791470e-04
   3.58794291e+02   1.41996972e-03
   3.58794779e+02   2.19339365e-03
   3.58795267e+02   3.54565238e-03
   3.58795756e+02   3.64920544e-03
   3.58796244e+02  -6.40110695e-04
   3.58796732e+02  -3.94088821e-03
   3.58797220e+02  -3.29800881e-03
   3.58797709e+02  -1.71582575e-03
   3.58798197e+02  -6.34725788e-04
   3.58798685e+02  -5.73526719e-04
   3.58799174e+02  -1.49815297e-03
   3.58799662e+02  -3.38323368e-03
   3.58800150e+02  -4.15481627e-03
   3.58800638e+02  -3.06727528e-03
   3.58801127e+02  -1.90038129e-03
   3.58801615e+02  -7.29324180e-04
   3.58802103e+02  -7.98480527e-04
   3.58802591e+02  -3.61632253e-03
   3.58803080e+02  -4.42059943e-03
   3.58803568e+02  -2.06871610e-03
   3.58804056e+02  -1.08178461e-03
   3.58804545e+02  -1.18758192e-03
   3.58805033e+02  -1.71842577e-04
   3.58805521e+02   8.02692899e-04
   3.58806009e+02   8.96475540e-05
   3.58806498e+02  -4.12946130e-04
   3.58806986e+02  -5.19007852e-04
   3.58807474e+02  -3.56076285e-04
   3.58807963e+02   1.14111834e-04
   3.58808451e+02  -4.40365431e-04
   3.58808939e+02   6.58444696e-05
   3.58809427e+02   2.52465252e-03
   3.58809916e+02   3.34516959e-03
   3.58810404e+02   1.53440796e-03
   3.58810892e+02   4.10187989e-04
   3.58811380e+02   7.23392368e-05
   3.58811869e+02   5.35100524e-04
   3.58812357e+02   2.09305948e-03
   3.58812845e+02   1.32168853e-03
   3.58813334e+02   3.57790064e-04
   3.58813822e+02   1.77993602e-03
   3.58814310e+02   2.38503865e-03
   3.58814798e+02   3.13604134e-04
   3.58815287e+02  -7.63002550e-04
   3.58815775e+02  -6.56623044e-04
   3.58816263e+02  -7.02508783e-04
   3.58816752e+02  -1.33531471e-03
   3.58817240e+02  -2.07108818e-03
   3.58817728e+02  -2.35163374e-03
   3.58818216e+02  -4.62335884e-04
   3.58818705e+02   2.62586563e-03
   3.58819193e+02   3.14564072e-03
   3.58819681e+02   1.99997611e-03
   3.58820170e+02   2.01445495e-04
   3.58820658e+02  -1.72887137e-03
   3.58821146e+02  -2.18470651e-03
   3.58821634e+02  -3.29520926e-03
   3.58822123e+02  -4.44349134e-03
   3.58822611e+02  -2.69074738e-03
   3.58823099e+02  -1.05500442e-03
   3.58823587e+02  -1.75101357e-03
   3.58824076e+02  -2.71260343e-03
   3.58824564e+02  -2.74605234e-03
   3.58825052e+02  -2.14247251e-04
   3.58825541e+02   2.07057525e-03
   3.58826029e+02   1.95576856e-03
   3.58826517e+02   1.94139709e-03
   3.58827005e+02   1.32792245e-03
   3.58827494e+02   1.21326593e-03
   3.58827982e+02   3.39581328e-03
   3.58828470e+02   3.93522345e-03
   3.58828959e+02   5.79196727e-04
   3.58829447e+02  -3.51653551e-03
   3.58829935e+02  -3.35556688e-03
   3.58830423e+02  -1.10102014e-03
   3.58830912e+02   2.65765470e-04
   3.58831400e+02   2.10859417e-03
   3.58831888e+02   3.15065333e-03
   3.58832376e+02   2.32424494e-03
   3.58832865e+02   1.80747558e-03
   3.58833353e+02   2.01091310e-03
   3.58833841e+02   3.41777341e-03
   3.58834330e+02   5.88185061e-03
   3.58834818e+02   5.53447939e-03
   3.58835306e+02   1.09916041e-03
   3.58835794e+02  -2.85806530e-03
   3.58836283e+02  -3.69455060e-03
   3.58836771e+02  -1.92529906e-03
   3.58837259e+02  -6.07635418e-04
   3.58837748e+02  -1.75418542e-03
   3.58838236e+02  -2.38696788e-03
   3.58838724e+02  -7.93624145e-04
   3.58839212e+02   1.61652477e-03
   3.58839701e+02   2.54035345e-03
   3.58840189e+02   1.21514790e-03
   3.58840677e+02  -3.19273007e-04
   3.58841166e+02   4.62814467e-04
   3.58841654e+02   1.85068103e-03
   3.58842142e+02   4.96694593e-05
   3.58842630e+02  -4.80149873e-03
   3.58843119e+02  -8.27715546e-03
   3.58843607e+02  -6.99215755e-03
   3.58844095e+02  -5.33534307e-03
   3.58844583e+02  -5.31999161e-03
   3.58845072e+02  -4.44954168e-03
   3.58845560e+02  -2.79035140e-03
   3.58846048e+02  -4.69336240e-03
   3.58846537e+02  -6.94816094e-03
   3.58847025e+02  -5.44131082e-03
   3.58847513e+02  -3.35828005e-03
   3.58848001e+02  -1.53843919e-03
   3.58848490e+02  -1.14240346e-03
   3.58848978e+02  -1.79236883e-03
   3.58849466e+02  -8.03958974e-04
   3.58849955e+02   4.50442778e-04
   3.58850443e+02   6.53011724e-04
   3.58850931e+02  -1.74980334e-04
   3.58851419e+02  -1.83924858e-03
   3.58851908e+02  -2.57042400e-03
   3.58852396e+02  -4.42154851e-04
   3.58852884e+02  -8.10985803e-04
   3.58853372e+02  -1.96208199e-03
   3.58853861e+02   5.04209720e-06
   3.58854349e+02   5.68736636e-04
   3.58854837e+02   2.70078144e-05
   3.58855326e+02   1.04980054e-03
   3.58855814e+02   5.95446443e-04
   3.58856302e+02  -2.41167587e-03
   3.58856790e+02  -3.07109579e-03
   3.58857279e+02  -5.67219802e-04
   3.58857767e+02   4.24819649e-04
   3.58858255e+02  -1.16270839e-03
   3.58858744e+02  -1.17393327e-04
   3.58859232e+02   3.51089006e-03
   3.58859720e+02   3.70071805e-03
   3.58860208e+02  -9.23877640e-04
   3.58860697e+02  -4.37551178e-03
   3.58861185e+02  -5.02214674e-03
   3.58861673e+02  -7.44735822e-03
   3.58862162e+02  -8.23619962e-03
   3.58862650e+02  -6.07956108e-03
   3.58863138e+02  -1.78896368e-03
   3.58863626e+02  -1.51438420e-04
   3.58864115e+02  -2.57879146e-03
   3.58864603e+02  -3.98695329e-03
   3.58865091e+02  -2.41091475e-03
   3.58865579e+02  -1.42363983e-03
   3.58866068e+02  -2.48365523e-03
   3.58866556e+02  -2.63402914e-03
   3.58867044e+02  -5.13504143e-04
   3.58867533e+02   2.72684963e-03
   3.58868021e+02   5.19893784e-03
   3.58868509e+02   3.37181101e-03
   3.58868997e+02  -8.09363439e-04
   3.58869486e+02  -1.03662733e-03
   3.58869974e+02   2.61760643e-03
   3.58870462e+02   3.16408300e-03
   3.58870951e+02   9.21486586e-04
   3.58871439e+02   7.11914327e-04
   3.58871927e+02   1.68683357e-03
   3.58872415e+02   1.43343792e-03
   3.58872904e+02  -1.03529717e-03
   3.58873392e+02  -3.98398051e-03
   3.58873880e+02  -3.14045488e-03
   3.58874368e+02  -2.00271187e-03
   3.58874857e+02  -2.70410767e-03
   3.58875345e+02   4.48473555e-04
   3.58875833e+02   4.88700671e-03
   3.58876322e+02   3.81715270e-03
   3.58876810e+02  -2.99841515e-04
   3.58877298e+02  -7.37819122e-04
   3.58877786e+02   3.50686861e-03
   3.58878275e+02   5.64332912e-03
   3.58878763e+02   3.40095884e-03
   3.58879251e+02  -4.86878009e-04
   3.58879740e+02  -2.61359639e-03
   3.58880228e+02  -2.54648621e-03
   3.58880716e+02  -2.20720525e-04
   3.58881204e+02  -8.78781662e-04
   3.58881693e+02  -3.94484494e-03
   3.58882181e+02  -3.57639836e-03
   3.58882669e+02   3.61478329e-03
   3.58883158e+02   5.38746780e-03
   3.58883646e+02   4.79235168e-04
   3.58884134e+02  -2.30019490e-04
   3.58884622e+02   2.51119654e-03
   3.58885111e+02   1.02191616e-03
   3.58885599e+02  -3.96010792e-03
   3.58886087e+02  -4.99411859e-03
   3.58886575e+02  -3.35871032e-03
   3.58887064e+02  -1.35766785e-03
   3.58887552e+02   1.46084290e-03
   3.58888040e+02   3.42133828e-03
   3.58888529e+02   3.92286247e-03
   3.58889017e+02   2.95822672e-03
   3.58889505e+02  -1.98228645e-05
   3.58889993e+02  -2.90093664e-03
   3.58890482e+02  -1.28040195e-03
   3.58890970e+02   3.07166902e-03
   3.58891458e+02   6.26804598e-04
   3.58891947e+02  -4.75645764e-03
   3.58892435e+02  -4.15330613e-03
   3.58892923e+02  -6.28000183e-04
   3.58893411e+02  -7.12940644e-04
   3.58893900e+02  -3.29089654e-03
   3.58894388e+02  -2.41386122e-03
   3.58894876e+02   6.00744097e-04
   3.58895364e+02  -4.31038905e-04
   3.58895853e+02  -2.81220931e-03
   3.58896341e+02  -2.67574866e-03
   3.58896829e+02  -3.32916097e-04
   3.58897318e+02  -2.17759036e-04
   3.58897806e+02  -3.99988936e-03
   3.58898294e+02  -5.18159382e-03
   3.58898782e+02  -1.28427066e-03
   3.58899271e+02   3.93402064e-03
   3.58899759e+02   4.29175003e-03
   3.58900247e+02  -2.56817485e-03
   3.58900736e+02  -8.47152993e-03
   3.58901224e+02  -6.56367047e-03
   3.58901712e+02  -1.95190986e-03
   3.58902200e+02   5.53159567e-04
   3.58902689e+02  -3.21190775e-04
   3.58903177e+02  -3.05567170e-03
   3.58903665e+02  -4.81198868e-03
   3.58904154e+02  -4.47723363e-03
   3.58904642e+02  -2.25291285e-03
   3.58905130e+02  -2.57339241e-04
   3.58905618e+02   1.57147343e-03
   3.58906107e+02   3.26263858e-03
   3.58906595e+02   1.22691994e-03
   3.58907083e+02  -3.32985050e-03
   3.58907571e+02  -3.82936560e-03
   3.58908060e+02   1.33806723e-04
   3.58908548e+02   4.85546049e-03
   3.58909036e+02   7.57756317e-03
   3.58909525e+02   7.30661210e-03
   3.58910013e+02   5.29758167e-03
   3.58910501e+02   3.47871752e-03
   3.58910989e+02   1.97982555e-03
   3.58911478e+02  -1.58841631e-05
   3.58911966e+02  -1.74688280e-03
   3.58912454e+02  -3.02163023e-03
   3.58912943e+02  -3.12507106e-03
   3.58913431e+02  -2.51660659e-03
   3.58913919e+02  -3.50563182e-03
   3.58914407e+02  -3.63072520e-03
   3.58914896e+02  -1.45837828e-03
   3.58915384e+02   9.34073934e-04
   3.58915872e+02   1.83826743e-03
   3.58916360e+02   1.64957193e-03
   3.58916849e+02   1.25559140e-03
   3.58917337e+02   2.44321907e-03
   3.58917825e+02   3.60641140e-03
   3.58918314e+02   2.22109794e-03
   3.58918802e+02   4.89212107e-04
   3.58919290e+02  -2.52850659e-05
   3.58919778e+02   3.35912249e-04
   3.58920267e+02   5.28162869e-04
   3.58920755e+02   3.00123147e-03
   3.58921243e+02   4.92542097e-03
   3.58921732e+02   3.54079390e-03
   3.58922220e+02  -9.83306556e-04
   3.58922708e+02  -2.28317431e-03
   3.58923196e+02   2.89682852e-04
   3.58923685e+02   2.28955504e-03
   3.58924173e+02   2.27188412e-03
   3.58924661e+02   3.39377497e-04
   3.58925150e+02  -6.71991729e-04
   3.58925638e+02   4.39226686e-04
   3.58926126e+02   2.63451162e-04
   3.58926614e+02  -2.38261814e-03
   3.58927103e+02  -3.36354412e-03
   3.58927591e+02  -1.78268121e-03
   3.58928079e+02  -1.30744453e-03
   3.58928567e+02  -3.57651454e-03
   3.58929056e+02  -4.57611214e-03
   3.58929544e+02  -2.13960744e-03
   3.58930032e+02  -3.04624176e-04
   3.58930521e+02  -2.03076587e-03
   3.58931009e+02  -4.03860072e-03
   3.58931497e+02  -3.51157063e-03
   3.58931985e+02  -2.00241664e-03
   3.58932474e+02  -9.98796313e-04
   3.58932962e+02  -1.23413885e-03
   3.58933450e+02   2.27784272e-04
   3.58933939e+02   2.91164150e-03
   3.58934427e+02   3.26034380e-03
   3.58934915e+02   2.53955275e-03
   3.58935403e+02   2.13375781e-03
   3.58935892e+02   1.42058858e-03
   3.58936380e+02   8.08698649e-04
   3.58936868e+02  -6.42568048e-04
   3.58937356e+02  -8.94291385e-04
   3.58937845e+02   1.53285637e-03
   3.58938333e+02   1.79226487e-03
   3.58938821e+02  -4.06246036e-05
   3.58939310e+02   4.01897472e-04
   3.58939798e+02   1.28134817e-03
   3.58940286e+02   2.38939960e-04
   3.58940774e+02  -7.73747510e-04
   3.58941263e+02  -1.02531812e-04
   3.58941751e+02   5.36050182e-04
   3.58942239e+02   7.27556297e-04
   3.58942728e+02   2.34918669e-04
   3.58943216e+02   4.63074422e-04
   3.58943704e+02   1.89671828e-03
   3.58944192e+02   2.28922605e-03
   3.58944681e+02   2.91476306e-03
   3.58945169e+02   2.63689132e-03
   3.58945657e+02  -2.23957613e-04
   3.58946146e+02  -2.70744949e-03
   3.58946634e+02  -3.26842326e-03
   3.58947122e+02  -3.05540650e-03
   3.58947610e+02  -2.64629652e-03
   3.58948099e+02   1.91836545e-04
   3.58948587e+02   4.03205026e-03
   3.58949075e+02   3.79840890e-03
   3.58949563e+02   8.13678489e-04
   3.58950052e+02  -3.07598530e-04
   3.58950540e+02  -8.77613027e-04
   3.58951028e+02  -2.88889511e-03
   3.58951517e+02  -3.68777872e-03
   3.58952005e+02  -2.83812312e-03
   3.58952493e+02  -1.16024504e-03
   3.58952981e+02   5.94186422e-04
   3.58953470e+02  -7.20060871e-06
   3.58953958e+02  -1.52894703e-04
   3.58954446e+02   1.07393065e-03
   3.58954935e+02   1.87133628e-05
   3.58955423e+02  -1.20273349e-03
   3.58955911e+02  -2.37001605e-05
   3.58956399e+02   2.47515505e-03
   3.58956888e+02   4.60598245e-03
   3.58957376e+02   3.88996699e-03
   3.58957864e+02   2.36078142e-03
   3.58958352e+02   3.36388731e-03
   3.58958841e+02   4.13269736e-03
   3.58959329e+02   2.52434053e-03
   3.58959817e+02   1.14192243e-03
   3.58960306e+02   1.55937450e-03
   3.58960794e+02   7.91046885e-04
   3.58961282e+02  -5.85644390e-04
   3.58961770e+02  -4.27796360e-04
   3.58962259e+02  -1.23661431e-03
   3.58962747e+02  -2.16969987e-03
   3.58963235e+02  -7.99076457e-04
   3.58963724e+02   9.77352844e-04
   3.58964212e+02   9.93062044e-04
   3.58964700e+02   9.77794058e-04
   3.58965188e+02   9.50970047e-04
   3.58965677e+02  -4.10019886e-04
   3.58966165e+02  -2.24051531e-03
   3.58966653e+02  -2.90603098e-03
   3.58967142e+02  -1.65750727e-03
   3.58967630e+02   3.58400371e-06
   3.58968118e+02   1.61394291e-03
   3.58968606e+02   2.22062203e-03
   3.58969095e+02   1.87506445e-03
   3.58969583e+02   2.44985870e-03
   3.58970071e+02   2.09267833e-03
   3.58970559e+02   1.08615600e-03
   3.58971048e+02   4.14613954e-04
   3.58971536e+02  -1.24903291e-03
   3.58972024e+02  -3.10929376e-03
   3.58972513e+02  -3.06285149e-03
   3.58973001e+02  -2.19958578e-03
   3.58973489e+02  -5.09643462e-04
   3.58973977e+02   1.49232172e-03
   3.58974466e+02   1.52716134e-03
   3.58974954e+02   1.03854469e-03
   3.58975442e+02   9.37279547e-04
   3.58975931e+02   1.09726167e-03
   3.58976419e+02   7.24529615e-04
   3.58976907e+02   4.02670732e-04
   3.58977395e+02   3.74165771e-04
   3.58977884e+02  -7.17057963e-04
   3.58978372e+02  -8.14358820e-04
   3.58978860e+02   1.40965194e-03
   3.58979348e+02   9.20587336e-04
   3.58979837e+02  -1.00819755e-03
   3.58980325e+02  -2.39435071e-03
   3.58980813e+02  -2.26975675e-03
   3.58981302e+02  -6.82467362e-04
   3.58981790e+02   1.28262269e-03
   3.58982278e+02   1.92937593e-03
   3.58982766e+02   7.26046157e-04
   3.58983255e+02  -1.04049584e-04
   3.58983743e+02   1.23914599e-03
   3.58984231e+02   3.18988506e-03
   3.58984720e+02   3.18654231e-03
   3.58985208e+02   1.16342923e-03
   3.58985696e+02   1.13128357e-04
   3.58986184e+02   4.00356774e-04
   3.58986673e+02   4.87191253e-04
   3.58987161e+02   1.26841886e-04
   3.58987649e+02   5.58127998e-04
   3.58988138e+02   9.79747856e-04
   3.58988626e+02   8.19968351e-04
   3.58989114e+02   1.79431296e-03
   3.58989602e+02   2.50208075e-03
   3.58990091e+02   1.41642243e-03
   3.58990579e+02  -1.22446188e-04
   3.58991067e+02  -7.99672445e-04
   3.58991555e+02  -6.86869549e-04
   3.58992044e+02  -7.85687123e-04
   3.58992532e+02  -2.09265901e-03
   3.58993020e+02  -3.40938428e-03
   3.58993509e+02  -4.45513381e-03
   3.58993997e+02  -5.30249719e-03
   3.58994485e+02  -4.32123430e-03
   3.58994973e+02  -3.30900587e-03
   3.58995462e+02  -3.52103426e-03
   3.58995950e+02  -2.75898678e-03
   3.58996438e+02  -1.17086817e-03
   3.58996927e+02   9.91713721e-04
   3.58997415e+02   2.40201550e-03
   3.58997903e+02   1.97023037e-03
   3.58998391e+02   2.43545539e-04
   3.58998880e+02  -1.06194010e-03
   3.58999368e+02   2.85168673e-04
   3.58999856e+02   2.38900632e-03
   3.59000345e+02   1.90182508e-03
   3.59000833e+02   6.26939989e-04
   3.59001321e+02   1.01327954e-03
   3.59001809e+02   1.64635258e-03
   3.59002298e+02   6.74546638e-04
   3.59002786e+02  -2.28893958e-04
   3.59003274e+02   6.80931917e-05
   3.59003762e+02  -7.31884153e-04
   3.59004251e+02  -1.54706207e-03
   3.59004739e+02  -6.50223228e-04
   3.59005227e+02  -1.09710626e-03
   3.59005716e+02  -3.23054544e-03
   3.59006204e+02  -2.68312450e-03
   3.59006692e+02  -9.47582230e-05
   3.59007180e+02  -7.21150354e-05
   3.59007669e+02  -1.66009727e-03
   3.59008157e+02  -2.08250922e-03
   3.59008645e+02  -2.28992640e-03
   3.59009134e+02  -1.62425311e-03
   3.59009622e+02   9.67991073e-05
   3.59010110e+02   1.04339328e-03
   3.59010598e+02  -5.19580863e-05
   3.59011087e+02  -1.72424864e-03
   3.59011575e+02  -1.40911317e-03
   3.59012063e+02   4.51651795e-05
   3.59012551e+02   6.22317311e-04
   3.59013040e+02   6.86550513e-04
   3.59013528e+02   2.42225986e-04
   3.59014016e+02  -1.89574886e-04
   3.59014505e+02  -2.32761755e-04
   3.59014993e+02   4.78794827e-04
   3.59015481e+02   2.14802357e-03
   3.59015969e+02   2.60344869e-03
   3.59016458e+02   1.58525095e-03
   3.59016946e+02   9.38908954e-04
   3.59017434e+02  -5.73766418e-04
   3.59017923e+02  -2.21443945e-03
   3.59018411e+02  -1.65542506e-03
   3.59018899e+02  -9.82188521e-06
   3.59019387e+02   6.91977737e-04
   3.59019876e+02   5.70104225e-04
   3.59020364e+02  -2.34079489e-04
   3.59020852e+02  -4.28543921e-04
   3.59021341e+02   5.72674093e-04
   3.59021829e+02   7.63294229e-04
   3.59022317e+02  -5.70681470e-04
   3.59022805e+02  -8.62446206e-04
   3.59023294e+02   2.95073492e-04
   3.59023782e+02   7.00935430e-04
   3.59024270e+02  -3.54923803e-04
   3.59024758e+02  -1.78393198e-03
   3.59025247e+02  -1.90156675e-03
   3.59025735e+02  -1.28565566e-03
   3.59026223e+02  -2.02601193e-03
   3.59026712e+02  -2.05123867e-03
   3.59027200e+02  -6.31103409e-04
   3.59027688e+02   5.69877157e-04
   3.59028176e+02   5.02515410e-04
   3.59028665e+02  -6.50084636e-04
   3.59029153e+02  -1.88428618e-03
   3.59029641e+02  -2.80966610e-03
   3.59030130e+02  -2.54848832e-03
   3.59030618e+02  -6.61848229e-04
   3.59031106e+02  -2.89933698e-04
   3.59031594e+02  -8.73387733e-04
   3.59032083e+02   1.71836960e-04
   3.59032571e+02   1.34613691e-03
   3.59033059e+02   2.21738810e-04
   3.59033547e+02  -1.24286942e-03
   3.59034036e+02  -1.07739109e-03
   3.59034524e+02  -6.80557394e-04
   3.59035012e+02  -2.90446129e-04
   3.59035501e+02   2.69705459e-04
   3.59035989e+02   5.71747194e-04
   3.59036477e+02   2.11045221e-06
   3.59036965e+02  -9.71800240e-04
   3.59037454e+02  -1.53002434e-03
   3.59037942e+02   3.42700718e-04
   3.59038430e+02   2.39748624e-03
   3.59038919e+02   1.49869930e-03
   3.59039407e+02   4.76125948e-04
   3.59039895e+02   1.02927210e-03
   3.59040383e+02   8.05971446e-04
   3.59040872e+02   9.14534554e-04
   3.59041360e+02   1.22570444e-03
   3.59041848e+02   1.60553074e-03
   3.59042337e+02   1.87314220e-03
   3.59042825e+02   5.80223510e-04
   3.59043313e+02  -6.14784425e-04
   3.59043801e+02   8.01703063e-05
   3.59044290e+02   1.02230208e-03
   3.59044778e+02   1.23554061e-03
   3.59045266e+02   6.12524396e-04
   3.59045754e+02  -4.56185080e-04
   3.59046243e+02  -1.17370731e-03
   3.59046731e+02  -2.52453680e-03
   3.59047219e+02  -3.32669774e-03
   3.59047708e+02  -1.99743640e-03
   3.59048196e+02  -9.85857099e-04
   3.59048684e+02  -9.33819159e-04
   3.59049172e+02   6.75563875e-04
   3.59049661e+02   2.89930054e-03
   3.59050149e+02   2.50727194e-03
   3.59050637e+02  -3.82043771e-04
   3.59051126e+02  -1.70329830e-03
   3.59051614e+02  -6.29179296e-04
   3.59052102e+02   4.26668441e-04
   3.59052590e+02   1.60769629e-03
   3.59053079e+02   2.28771148e-03
   3.59053567e+02   9.19207756e-04
   3.59054055e+02  -5.64885093e-04
   3.59054543e+02  -4.19082091e-04
   3.59055032e+02   8.28869175e-04
   3.59055520e+02   1.43950968e-03
   3.59056008e+02   3.62296560e-04
   3.59056497e+02  -9.08890390e-04
   3.59056985e+02  -1.29520823e-03
   3.59057473e+02  -1.26190297e-03
   3.59057961e+02  -1.20154652e-03
   3.59058450e+02  -6.54992240e-04
   3.59058938e+02   7.92707840e-04
   3.59059426e+02   2.64063873e-03
   3.59059915e+02   3.64899193e-03
   3.59060403e+02   3.23757343e-03
   3.59060891e+02   1.71339547e-03
   3.59061379e+02  -1.03892889e-04
   3.59061868e+02  -1.04261015e-03
   3.59062356e+02  -1.04155194e-03
   3.59062844e+02  -1.23195804e-03
   3.59063333e+02  -1.56589423e-03
   3.59063821e+02  -1.10053748e-03
   3.59064309e+02   2.04256445e-04
   3.59064797e+02   1.20217830e-03
   3.59065286e+02   1.27914199e-03
   3.59065774e+02   1.12456700e-03
   3.59066262e+02   2.74961442e-03
   3.59066750e+02   4.37468896e-03
   3.59067239e+02   2.93474528e-03
   3.59067727e+02   2.96547165e-04
   3.59068215e+02  -1.12856505e-03
   3.59068704e+02  -1.84807309e-03
   3.59069192e+02  -2.46988889e-03
   3.59069680e+02  -2.68264231e-03
   3.59070168e+02  -2.05145613e-03
   3.59070657e+02  -8.80029402e-04
   3.59071145e+02   4.01712343e-04
   3.59071633e+02   6.95892551e-04
   3.59072122e+02  -7.07832689e-04
   3.59072610e+02  -1.55791070e-03
   3.59073098e+02  -1.11439370e-03
   3.59073586e+02  -5.17062028e-04
   3.59074075e+02   4.14705835e-04
   3.59074563e+02   8.95019388e-04
   3.59075051e+02  -1.25664321e-03
   3.59075539e+02  -3.33408872e-03
   3.59076028e+02  -2.38499301e-03
   3.59076516e+02  -1.33239839e-03
   3.59077004e+02  -1.00755517e-03
   3.59077493e+02   1.25157821e-03
   3.59077981e+02   3.33754183e-03
   3.59078469e+02   1.83480885e-03
   3.59078957e+02  -6.23831656e-05
   3.59079446e+02   8.51553414e-05
   3.59079934e+02   6.14246877e-04
   3.59080422e+02   1.30303763e-03
   3.59080911e+02   1.52762397e-03
   3.59081399e+02   9.10870149e-04
   3.59081887e+02   2.72310455e-04
   3.59082375e+02  -5.58150059e-04
   3.59082864e+02  -1.54789467e-03
   3.59083352e+02  -2.20028497e-03
   3.59083840e+02  -1.67077559e-03
   3.59084329e+02  -1.04881765e-04
   3.59084817e+02   2.30474703e-04
   3.59085305e+02  -1.28222734e-03
   3.59085793e+02  -2.16426444e-03
   3.59086282e+02  -1.24995504e-03
   3.59086770e+02   4.70617888e-05
   3.59087258e+02   1.26605635e-04
   3.59087746e+02   4.15985531e-04
   3.59088235e+02   2.15661945e-03
   3.59088723e+02   2.27920501e-03
   3.59089211e+02   5.49840566e-04
   3.59089700e+02  -1.40455377e-03
   3.59090188e+02  -2.44737859e-03
   3.59090676e+02  -1.52859907e-03
   3.59091164e+02  -2.12896048e-04
   3.59091653e+02   2.05320888e-04
   3.59092141e+02   8.09283927e-04
   3.59092629e+02   1.91439118e-03
   3.59093118e+02   1.81128015e-03
   3.59093606e+02   3.44965694e-04
   3.59094094e+02  -1.01239677e-03
   3.59094582e+02  -2.51880544e-03
   3.59095071e+02  -3.09571275e-03
   3.59095559e+02  -1.88510725e-03
   3.59096047e+02  -8.94241501e-04
   3.59096535e+02  -4.00452904e-04
   3.59097024e+02   2.69379700e-04
   3.59097512e+02   1.21639488e-04
   3.59098000e+02  -5.05381031e-04
   3.59098489e+02  -6.26658904e-04
   3.59098977e+02  -6.06757530e-04
   3.59099465e+02  -9.13492695e-04
   3.59099953e+02  -3.84827552e-04
   3.59100442e+02   1.12680951e-03
   3.59100930e+02   2.05824291e-03
   3.59101418e+02   1.91212061e-03
   3.59101907e+02   6.47189096e-04
   3.59102395e+02  -1.06001354e-03
   3.59102883e+02  -1.23768719e-03
   3.59103371e+02  -4.70021710e-04
   3.59103860e+02  -6.23849803e-04
   3.59104348e+02  -1.25021057e-03
   3.59104836e+02  -5.38480585e-04
   3.59105325e+02   1.09651347e-03
   3.59105813e+02   7.46575592e-04
   3.59106301e+02  -7.88642617e-04
   3.59106789e+02  -3.70426278e-04
   3.59107278e+02   2.14875196e-04
   3.59107766e+02  -1.92523090e-04
   3.59108254e+02  -3.92399888e-05
   3.59108742e+02   1.95473753e-04
   3.59109231e+02   1.10715954e-03
   3.59109719e+02   1.41738425e-03
   3.59110207e+02  -8.67672614e-04
   3.59110696e+02  -1.20970537e-03
   3.59111184e+02  -2.10023703e-04
   3.59111672e+02  -1.12493103e-03
   3.59112160e+02  -5.67677198e-04
   3.59112649e+02   1.61250879e-03
   3.59113137e+02   2.22904631e-03
   3.59113625e+02   7.43144366e-04
   3.59114114e+02  -8.86504422e-04
   3.59114602e+02  -8.12606537e-04
   3.59115090e+02  -6.60577381e-04
   3.59115578e+02  -1.56543928e-03
   3.59116067e+02  -1.57732563e-03
   3.59116555e+02  -4.52016102e-04
   3.59117043e+02  -3.51365088e-05
   3.59117531e+02  -7.51029525e-04
   3.59118020e+02  -1.45747233e-03
   3.59118508e+02  -1.30503275e-03
   3.59118996e+02  -1.51748885e-03
   3.59119485e+02  -2.70404946e-03
   3.59119973e+02  -3.43508623e-03
   3.59120461e+02  -2.00512563e-03
   3.59120949e+02  -4.35961760e-04
   3.59121438e+02   2.47960474e-04
   3.59121926e+02   7.71329913e-04
   3.59122414e+02   1.16027222e-04
   3.59122903e+02  -5.02750918e-04
   3.59123391e+02   7.79526599e-04
   3.59123879e+02   1.90041389e-03
   3.59124367e+02   2.13368167e-03
   3.59124856e+02   1.99338887e-03
   3.59125344e+02   5.11998369e-04
   3.59125832e+02  -9.93247610e-04
   3.59126321e+02  -2.15106318e-03
   3.59126809e+02  -3.57022765e-03
   3.59127297e+02  -3.74584715e-03
   3.59127785e+02  -1.06228807e-03
   3.59128274e+02   1.97887956e-03
   3.59128762e+02   2.38490198e-03
   3.59129250e+02   1.62887352e-03
   3.59129738e+02   1.16656499e-03
   3.59130227e+02   6.29489194e-04
   3.59130715e+02   5.52659796e-04
   3.59131203e+02   9.32657334e-04
   3.59131692e+02   8.63279623e-04
   3.59132180e+02   1.12592199e-04
   3.59132668e+02  -5.24937815e-04
   3.59133156e+02   3.13425146e-04
   3.59133645e+02   1.12370122e-03
   3.59134133e+02   5.82887908e-04
   3.59134621e+02  -4.40512551e-04
   3.59135110e+02  -1.37000752e-03
   3.59135598e+02  -2.00711936e-03
   3.59136086e+02  -2.03920715e-03
   3.59136574e+02  -1.83774356e-03
   3.59137063e+02  -1.52650848e-03
   3.59137551e+02  -1.20809244e-04
   3.59138039e+02   9.61301441e-04
   3.59138527e+02   4.80033079e-04
   3.59139016e+02   1.55091824e-04
   3.59139504e+02   7.84691598e-04
   3.59139992e+02   1.59225194e-03
   3.59140481e+02   2.12436658e-03
   3.59140969e+02   1.22729572e-03
   3.59141457e+02   1.24699418e-05
   3.59141945e+02  -1.16862047e-05
   3.59142434e+02   2.99377047e-04
   3.59142922e+02   3.90754838e-04
   3.59143410e+02   5.66129056e-05
   3.59143899e+02  -6.96428542e-05
   3.59144387e+02  -3.67476518e-04
   3.59144875e+02  -1.23160228e-03
   3.59145363e+02  -1.43725704e-03
   3.59145852e+02  -1.30528497e-04
   3.59146340e+02   1.25292945e-03
   3.59146828e+02   4.19273536e-04
   3.59147317e+02  -1.72377948e-03
   3.59147805e+02  -2.73076259e-03
   3.59148293e+02  -2.10074801e-03
   3.59148781e+02  -4.22125187e-04
   3.59149270e+02   1.62230583e-03
   3.59149758e+02   1.73121970e-03
   3.59150246e+02  -4.29552660e-04
   3.59150734e+02  -1.32654828e-03
   3.59151223e+02  -4.91093961e-04
   3.59151711e+02   5.30357182e-04
   3.59152199e+02   9.17454192e-04
   3.59152688e+02  -1.62453623e-04
   3.59153176e+02  -1.05983147e-03
   3.59153664e+02  -1.45460072e-04
   3.59154152e+02   5.62582514e-04
   3.59154641e+02   8.88382434e-04
   3.59155129e+02   1.93458423e-03
   3.59155617e+02   5.89494884e-05
   3.59156106e+02  -2.14171666e-03
   3.59156594e+02  -1.83388230e-03
   3.59157082e+02  -4.76196234e-04
   3.59157570e+02   9.55378811e-04
   3.59158059e+02   2.21670815e-03
   3.59158547e+02   2.21709535e-03
   3.59159035e+02  -2.78945721e-04
   3.59159523e+02  -2.31098896e-03
   3.59160012e+02  -7.52069987e-04
   3.59160500e+02   7.53190427e-04
   3.59160988e+02   5.50825091e-04
   3.59161477e+02   1.35833619e-03
   3.59161965e+02   2.27918895e-03
   3.59162453e+02   1.97910843e-03
   3.59162941e+02   1.67174637e-03
   3.59163430e+02   2.19935598e-03
   3.59163918e+02   1.89289183e-03
   3.59164406e+02   1.20674004e-03
   3.59164895e+02   5.64989750e-04
   3.59165383e+02   4.62980497e-05
   3.59165871e+02   1.10001862e-03
   3.59166359e+02   2.90000741e-03
   3.59166848e+02   2.36113556e-03
   3.59167336e+02   1.13498443e-03
   3.59167824e+02   6.92178030e-04
   3.59168313e+02  -5.08094556e-04
   3.59168801e+02  -1.71288755e-03
   3.59169289e+02  -4.90784005e-04
   3.59169777e+02   1.11283397e-03
   3.59170266e+02   1.31286902e-03
   3.59170754e+02   7.21659220e-04
   3.59171242e+02  -1.07019476e-03
   3.59171730e+02  -2.45157047e-03
   3.59172219e+02  -1.89483806e-03
   3.59172707e+02  -1.14294922e-03
   3.59173195e+02  -1.64147245e-03
   3.59173684e+02  -2.08620378e-03
   3.59174172e+02  -1.00407063e-03
   3.59174660e+02   7.52749445e-04
   3.59175148e+02   1.75152265e-03
   3.59175637e+02   1.30063924e-03
   3.59176125e+02   1.90479914e-05
   3.59176613e+02  -1.61273009e-03
   3.59177102e+02  -2.11314857e-03
   3.59177590e+02  -1.50636991e-03
   3.59178078e+02  -1.29230879e-03
   3.59178566e+02  -7.47845188e-05
   3.59179055e+02   9.82310390e-04
   3.59179543e+02  -5.37575339e-04
   3.59180031e+02  -2.83515989e-03
   3.59180519e+02  -3.30817443e-03
   3.59181008e+02  -1.82967039e-03
   3.59181496e+02  -2.47338816e-04
   3.59181984e+02  -2.04796583e-04
   3.59182473e+02  -4.62787662e-04
   3.59182961e+02   7.55562272e-04
   3.59183449e+02   1.57398242e-03
   3.59183937e+02   1.15525478e-03
   3.59184426e+02   1.15353556e-03
   3.59184914e+02   1.17299077e-03
   3.59185402e+02  -3.88686429e-04
   3.59185891e+02  -1.92639302e-03
   3.59186379e+02  -9.99717158e-04
   3.59186867e+02   4.22576704e-04
   3.59187355e+02   1.12673646e-04
   3.59187844e+02   1.00132645e-04
   3.59188332e+02  -3.79093544e-04
   3.59188820e+02  -1.78418565e-03
   3.59189309e+02  -1.73238979e-03
   3.59189797e+02  -1.15960126e-03
   3.59190285e+02  -2.29134006e-04
   3.59190773e+02   9.30133974e-04
   3.59191262e+02   1.36023480e-03
   3.59191750e+02   1.46045606e-03
   3.59192238e+02   1.39737548e-03
   3.59192726e+02   1.28316833e-03
   3.59193215e+02  -5.43708622e-04
   3.59193703e+02  -3.47674498e-03
   3.59194191e+02  -4.73858556e-03
   3.59194680e+02  -4.29752283e-03
   3.59195168e+02  -4.36429540e-03
   3.59195656e+02  -5.04563330e-03
   3.59196144e+02  -4.86213760e-03
   3.59196633e+02  -3.35697061e-03
   3.59197121e+02  -1.23117829e-03
   3.59197609e+02   5.29371435e-04
   3.59198098e+02   4.50632273e-04
   3.59198586e+02  -1.25663981e-04
   3.59199074e+02   1.02217565e-03
   3.59199562e+02   2.74310494e-03
   3.59200051e+02   3.40441708e-03
   3.59200539e+02   2.46811076e-03
   3.59201027e+02   6.23749453e-04
   3.59201515e+02  -1.73427426e-04
   3.59202004e+02  -3.67024302e-04
   3.59202492e+02  -5.24640840e-04
   3.59202980e+02   3.90344183e-04
   3.59203469e+02   1.21650530e-03
   3.59203957e+02   9.60507139e-04
   3.59204445e+02   4.21633973e-04
   3.59204933e+02   5.66262170e-05
   3.59205422e+02   4.37326904e-04
   3.59205910e+02   8.77065613e-05
   3.59206398e+02   6.95157287e-05
   3.59206887e+02   1.29447831e-03
   3.59207375e+02   1.06311310e-03
   3.59207863e+02   1.44915946e-04
   3.59208351e+02  -1.24510552e-05
   3.59208840e+02  -2.36212785e-04
   3.59209328e+02  -4.78728471e-04
   3.59209816e+02  -4.60762210e-04
   3.59210305e+02  -1.85494765e-03
   3.59210793e+02  -3.07062129e-03
   3.59211281e+02  -1.62261480e-03
   3.59211769e+02   8.54192185e-04
   3.59212258e+02   2.02650344e-03
   3.59212746e+02   1.87007291e-03
   3.59213234e+02   1.02573168e-03
   3.59213722e+02  -1.46599923e-04
   3.59214211e+02  -1.69234001e-03
   3.59214699e+02  -3.44192539e-03
   3.59215187e+02  -3.21804010e-03
   3.59215676e+02  -1.73522905e-03
   3.59216164e+02  -1.72254769e-03
   3.59216652e+02  -2.38927570e-03
   3.59217140e+02  -1.32128724e-03
   3.59217629e+02   1.82110278e-04
   3.59218117e+02   3.84019106e-04
   3.59218605e+02   5.31281345e-04
   3.59219094e+02   8.04059498e-04
   3.59219582e+02   9.53437877e-04
   3.59220070e+02   8.24536022e-04
   3.59220558e+02   5.55966399e-05
   3.59221047e+02  -5.18157263e-04
   3.59221535e+02  -5.56851912e-04
   3.59222023e+02   6.28433991e-05
   3.59222511e+02   5.58589643e-04
   3.59223000e+02   6.63607731e-04
   3.59223488e+02   6.85338629e-04
   3.59223976e+02  -1.08868640e-04
   3.59224465e+02  -3.57119163e-04
   3.59224953e+02   4.81589581e-04
   3.59225441e+02   3.34177275e-05
   3.59225929e+02  -1.38091552e-03
   3.59226418e+02  -9.06362839e-04
   3.59226906e+02  -1.17654643e-04
   3.59227394e+02   2.33962041e-04
   3.59227883e+02   1.26789499e-03
   3.59228371e+02   2.47517275e-03
   3.59228859e+02   3.04783182e-03
   3.59229347e+02   2.54429062e-03
   3.59229836e+02   3.53065661e-05
   3.59230324e+02  -2.58960947e-03
   3.59230812e+02  -1.52545003e-03
   3.59231301e+02   2.08850732e-04
   3.59231789e+02  -2.36468841e-04
   3.59232277e+02  -9.09298542e-04
   3.59232765e+02  -1.14339846e-03
   3.59233254e+02  -1.71776948e-04
   3.59233742e+02   5.15256368e-04
   3.59234230e+02   7.59632618e-04
   3.59234718e+02   8.36733321e-04
   3.59235207e+02  -1.67576643e-03
   3.59235695e+02  -3.05985496e-03
   3.59236183e+02  -1.39973080e-03
   3.59236672e+02  -2.97483086e-04
   3.59237160e+02  -2.80727800e-05
   3.59237648e+02  -3.97408119e-04
   3.59238136e+02  -1.21897960e-03
   3.59238625e+02  -5.12460480e-04
   3.59239113e+02   3.68858513e-04
   3.59239601e+02  -6.20131468e-05
   3.59240090e+02  -1.54368929e-03
   3.59240578e+02  -2.85964366e-03
   3.59241066e+02  -2.46462831e-03
   3.59241554e+02  -4.51924949e-04
   3.59242043e+02   1.04340096e-03
   3.59242531e+02   9.70281078e-04
   3.59243019e+02   9.21290019e-04
   3.59243507e+02   1.00949674e-03
   3.59243996e+02   1.55675312e-04
   3.59244484e+02  -4.70187602e-04
   3.59244972e+02   7.09517553e-05
   3.59245461e+02   4.29421605e-04
   3.59245949e+02  -1.52277789e-04
   3.59246437e+02  -1.09250471e-03
   3.59246925e+02  -1.99287082e-03
   3.59247414e+02  -2.09472259e-03
   3.59247902e+02  -1.80407602e-03
   3.59248390e+02  -1.67080178e-03
   3.59248879e+02   5.24236602e-05
   3.59249367e+02   2.14236882e-03
   3.59249855e+02   1.48309942e-03
   3.59250343e+02  -9.41042963e-05
   3.59250832e+02   2.15300082e-04
   3.59251320e+02   1.56259804e-03
   3.59251808e+02   1.98900606e-03
   3.59252297e+02   1.39893370e-03
   3.59252785e+02  -5.70410848e-05
   3.59253273e+02  -1.53791590e-03
   3.59253761e+02  -9.86732193e-04
   3.59254250e+02   1.64063240e-03
   3.59254738e+02   3.54309892e-03
   3.59255226e+02   2.78365333e-03
   3.59255714e+02   5.58897387e-04
   3.59256203e+02  -7.73878361e-04
   3.59256691e+02   1.60399257e-04
   3.59257179e+02   2.23582913e-03
   3.59257668e+02   3.15704476e-03
   3.59258156e+02   3.04856524e-03
   3.59258644e+02   3.19590978e-03
   3.59259132e+02   2.88980547e-03
   3.59259621e+02   1.48840516e-03
   3.59260109e+02   4.24190686e-04
   3.59260597e+02   6.58316596e-04
   3.59261086e+02   1.34276145e-03
   3.59261574e+02   1.68912834e-03
   3.59262062e+02   1.42272736e-03
   3.59262550e+02   3.87781853e-04
   3.59263039e+02  -1.65317208e-04
   3.59263527e+02   8.23575756e-05
   3.59264015e+02  -3.54996213e-04
   3.59264503e+02  -1.34348846e-03
   3.59264992e+02  -2.02552835e-03
   3.59265480e+02  -2.03554402e-03
   3.59265968e+02  -1.75542512e-03
   3.59266457e+02  -1.34144339e-03
   3.59266945e+02  -5.83045650e-04
   3.59267433e+02   3.98518168e-04
   3.59267921e+02   8.63783062e-04
   3.59268410e+02   8.61754408e-04
   3.59268898e+02   1.28632050e-03
   3.59269386e+02   1.03006081e-03
   3.59269875e+02  -1.02071173e-03
   3.59270363e+02  -1.98945054e-03
   3.59270851e+02  -3.57694429e-04
   3.59271339e+02   8.21998343e-04
   3.59271828e+02   9.70753317e-05
   3.59272316e+02  -1.19611516e-03
   3.59272804e+02  -5.97241800e-04
   3.59273293e+02   1.13958165e-04
   3.59273781e+02   4.97888832e-04
   3.59274269e+02  -1.13967937e-04
   3.59274757e+02  -1.75373629e-03
   3.59275246e+02  -2.54045869e-03
   3.59275734e+02  -2.05307011e-03
   3.59276222e+02  -1.15329726e-03
   3.59276710e+02  -9.37904173e-04
   3.59277199e+02  -1.33968564e-03
   3.59277687e+02  -1.32776308e-03
   3.59278175e+02  -5.96050522e-04
   3.59278664e+02   1.07909483e-03
   3.59279152e+02   2.00088136e-03
   3.59279640e+02   1.48343667e-03
   3.59280128e+02   1.39488897e-03
   3.59280617e+02   1.37907115e-03
   3.59281105e+02   1.46367762e-03
   3.59281593e+02   6.95799536e-04
   3.59282082e+02  -8.65407928e-04
   3.59282570e+02  -4.05754370e-04
   3.59283058e+02  -1.04981758e-04
   3.59283546e+02  -1.91193202e-03
   3.59284035e+02  -2.99832225e-03
   3.59284523e+02  -2.59222439e-03
   3.59285011e+02  -1.34968688e-03
   3.59285499e+02   6.74808805e-04
   3.59285988e+02   1.37480977e-03
   3.59286476e+02   1.18588679e-03
   3.59286964e+02   1.09487097e-03
   3.59287453e+02   2.30910184e-04
   3.59287941e+02   7.61914765e-04
   3.59288429e+02   2.24646670e-03
   3.59288917e+02   2.09428906e-03
   3.59289406e+02   2.35843472e-03
   3.59289894e+02   3.07374354e-03
   3.59290382e+02   1.46771467e-03
   3.59290871e+02  -6.21425745e-04
   3.59291359e+02  -3.69388261e-04
   3.59291847e+02   1.67381470e-04
   3.59292335e+02  -3.50112998e-04
   3.59292824e+02  -2.75242255e-05
   3.59293312e+02   6.13923999e-04
   3.59293800e+02  -1.21412298e-03
   3.59294289e+02  -3.39550618e-03
   3.59294777e+02  -3.00753466e-03
   3.59295265e+02  -1.78857183e-03
   3.59295753e+02  -1.44554989e-03
   3.59296242e+02  -1.35741848e-03
   3.59296730e+02  -9.74470226e-04
   3.59297218e+02  -9.75621282e-04
   3.59297706e+02  -1.77673483e-03
   3.59298195e+02  -4.81512543e-04
   3.59298683e+02   1.20787765e-03
   3.59299171e+02   9.65120489e-05
   3.59299660e+02  -5.43001632e-04
   3.59300148e+02   7.54108070e-04
   3.59300636e+02   1.58789277e-03
   3.59301124e+02   1.24917005e-03
   3.59301613e+02   3.02668923e-04
   3.59302101e+02   2.50866433e-04
   3.59302589e+02   5.47006843e-04
   3.59303078e+02  -5.07298973e-04
   3.59303566e+02  -8.22937582e-04
   3.59304054e+02   2.35958854e-04
   3.59304542e+02   7.24032812e-04
   3.59305031e+02  -3.91950278e-04
   3.59305519e+02  -6.72895578e-04
   3.59306007e+02   5.25382522e-04
   3.59306495e+02  -1.31694920e-04
   3.59306984e+02  -1.09025347e-03
   3.59307472e+02  -7.95436034e-04
   3.59307960e+02  -7.48986204e-04
   3.59308449e+02  -8.39322456e-04
   3.59308937e+02  -5.65906579e-04
   3.59309425e+02  -1.36294126e-04
   3.59309913e+02  -1.28938249e-04
   3.59310402e+02  -1.02010265e-03
   3.59310890e+02  -9.59859986e-04
   3.59311378e+02  -1.65643520e-04
   3.59311867e+02  -1.15803152e-03
   3.59312355e+02  -2.29901145e-03
   3.59312843e+02  -2.19065510e-03
   3.59313331e+02  -7.35519454e-04
   3.59313820e+02   2.71297504e-05
   3.59314308e+02  -1.52230437e-03
   3.59314796e+02  -1.92974810e-03
   3.59315285e+02   3.52159368e-05
   3.59315773e+02   3.80720274e-04
   3.59316261e+02  -1.50358758e-03
   3.59316749e+02  -1.54296833e-03
   3.59317238e+02   4.07002408e-05
   3.59317726e+02   5.60816516e-05
   3.59318214e+02  -3.75865959e-04
   3.59318702e+02  -7.98891051e-05
   3.59319191e+02   3.31318646e-04
   3.59319679e+02   6.43724285e-04
   3.59320167e+02  -2.88748124e-04
   3.59320656e+02  -1.18660997e-03
   3.59321144e+02  -1.19299395e-04
   3.59321632e+02   8.48356867e-04
   3.59322120e+02   8.02401861e-04
   3.59322609e+02   7.93603016e-04
   3.59323097e+02   1.14580058e-03
   3.59323585e+02   2.03027856e-03
   3.59324074e+02   3.21010430e-03
   3.59324562e+02   4.24726121e-03
   3.59325050e+02   4.30873781e-03
   3.59325538e+02   2.40945769e-03
   3.59326027e+02  -4.65148420e-04
   3.59326515e+02  -2.18020123e-03
   3.59327003e+02  -2.72378256e-03
   3.59327491e+02  -2.32296158e-03
   3.59327980e+02  -7.18399533e-04
   3.59328468e+02   4.25089587e-04
   3.59328956e+02  -1.13757422e-04
   3.59329445e+02  -7.74633547e-04
   3.59329933e+02  -6.51770621e-04
   3.59330421e+02   3.25063738e-04
   3.59330909e+02   1.05620804e-03
   3.59331398e+02   1.63902040e-03
   3.59331886e+02   2.18600174e-03
   3.59332374e+02   1.54768350e-03
   3.59332863e+02  -6.32153387e-05
   3.59333351e+02  -1.75749883e-04
   3.59333839e+02   1.38383650e-03
   3.59334327e+02   2.21230602e-03
   3.59334816e+02   2.51389411e-03
   3.59335304e+02   1.86218473e-03
   3.59335792e+02  -3.84842075e-04
   3.59336281e+02  -1.41954492e-03
   3.59336769e+02  -7.32606743e-04
   3.59337257e+02   8.42043140e-04
   3.59337745e+02   2.32514716e-03
   3.59338234e+02   2.20697140e-03
   3.59338722e+02   1.72951852e-03
   3.59339210e+02   5.85733447e-04
   3.59339698e+02  -1.19533390e-03
   3.59340187e+02  -1.36182667e-03
   3.59340675e+02  -9.00278101e-04
   3.59341163e+02  -7.57371483e-04
   3.59341652e+02  -2.37953194e-04
   3.59342140e+02   1.47746888e-03
   3.59342628e+02   2.38069426e-03
   3.59343116e+02   1.67290319e-03
   3.59343605e+02   1.37560093e-03
   3.59344093e+02   1.71003758e-03
   3.59344581e+02   1.07875350e-03
   3.59345070e+02   4.50782187e-04
   3.59345558e+02   1.09333103e-03
   3.59346046e+02   7.16941897e-04
   3.59346534e+02  -1.19970262e-03
   3.59347023e+02  -2.25797365e-03
   3.59347511e+02  -1.79822778e-03
   3.59347999e+02  -7.32893648e-04
   3.59348487e+02   5.95760823e-04
   3.59348976e+02   1.07073563e-03
   3.59349464e+02   7.41489639e-04
   3.59349952e+02   1.27838273e-03
   3.59350441e+02   1.34102325e-03
   3.59350929e+02   2.91446369e-04
   3.59351417e+02   2.76562962e-04
   3.59351905e+02   7.42916367e-04
   3.59352394e+02  -3.88352317e-04
   3.59352882e+02  -1.74367940e-03
   3.59353370e+02  -1.28310744e-03
   3.59353859e+02   1.56879869e-05
   3.59354347e+02  -2.63189082e-04
   3.59354835e+02  -7.42469390e-04
   3.59355323e+02  -2.40672074e-04
   3.59355812e+02  -4.46543243e-04
   3.59356300e+02  -7.01623096e-04
   3.59356788e+02  -9.52231931e-04
   3.59357277e+02  -2.42265011e-03
   3.59357765e+02  -2.79985811e-03
   3.59358253e+02  -1.71379349e-03
   3.59358741e+02  -8.05481337e-04
   3.59359230e+02  -5.70095261e-04
   3.59359718e+02  -8.37553234e-04
   3.59360206e+02  -3.04852321e-04
   3.59360694e+02   9.41507053e-04
   3.59361183e+02   9.39322403e-04
   3.59361671e+02   2.73591926e-04
   3.59362159e+02   2.23819326e-04
   3.59362648e+02  -2.16664019e-04
   3.59363136e+02  -1.46525970e-03
   3.59363624e+02  -2.34385417e-03
   3.59364112e+02  -2.56727636e-03
   3.59364601e+02  -2.64271442e-03
   3.59365089e+02  -1.93156325e-03
   3.59365577e+02  -4.30286775e-04
   3.59366066e+02   4.45000158e-04
   3.59366554e+02   4.15343122e-04
   3.59367042e+02  -3.43297725e-04
   3.59367530e+02  -2.36834429e-04
   3.59368019e+02   3.25545436e-04
   3.59368507e+02   1.84591845e-05
   3.59368995e+02  -1.31269990e-04
   3.59369483e+02   7.36673595e-04
   3.59369972e+02   2.36328389e-03
   3.59370460e+02   2.75094179e-03
   3.59370948e+02   1.14993693e-03
   3.59371437e+02   7.81342504e-04
   3.59371925e+02   1.10234588e-03
   3.59372413e+02   7.77548819e-04
   3.59372901e+02   8.22645787e-04
   3.59373390e+02   1.30585942e-03
   3.59373878e+02   8.26329575e-04
   3.59374366e+02  -9.90653760e-04
   3.59374855e+02  -1.39554858e-03
   3.59375343e+02  -1.07719877e-03
   3.59375831e+02  -1.98987778e-03
   3.59376319e+02  -1.94167614e-03
   3.59376808e+02  -2.38697263e-04
   3.59377296e+02   5.52516722e-04
   3.59377784e+02  -3.90860485e-04
   3.59378273e+02  -4.58925730e-04
   3.59378761e+02   6.81682432e-04
   3.59379249e+02   5.83862362e-04
   3.59379737e+02  -7.14051363e-04
   3.59380226e+02  -9.34696058e-04
   3.59380714e+02  -1.55932023e-04
   3.59381202e+02   9.12923017e-04
   3.59381690e+02   1.86270871e-03
   3.59382179e+02   1.22925430e-03
   3.59382667e+02  -9.17564204e-04
   3.59383155e+02  -1.44167873e-03
   3.59383644e+02   2.84769747e-04
   3.59384132e+02   9.73602815e-04
   3.59384620e+02   4.98314148e-05
   3.59385108e+02  -1.06679217e-03
   3.59385597e+02  -1.45231467e-03
   3.59386085e+02  -1.46560976e-03
   3.59386573e+02  -1.41567853e-03
   3.59387062e+02  -1.01050641e-03
   3.59387550e+02  -9.16589168e-04
   3.59388038e+02  -1.15853024e-03
   3.59388526e+02  -1.27487490e-03
   3.59389015e+02   8.40476016e-04
   3.59389503e+02   3.59764090e-03
   3.59389991e+02   3.45790875e-03
   3.59390479e+02   9.84686892e-04
   3.59390968e+02   1.67348277e-04
   3.59391456e+02   1.48922880e-03
   3.59391944e+02   2.07598484e-03
   3.59392433e+02   2.60867109e-03
   3.59392921e+02   3.39652854e-03
   3.59393409e+02   2.66486383e-03
   3.59393897e+02   1.68685953e-03
   3.59394386e+02   9.74957249e-04
   3.59394874e+02  -8.31915706e-04
   3.59395362e+02  -1.33588305e-03
   3.59395851e+02  -2.24470627e-04
   3.59396339e+02  -8.57435924e-04
   3.59396827e+02  -1.38720439e-03
   3.59397315e+02   4.83143929e-04
   3.59397804e+02   2.27607903e-03
   3.59398292e+02   2.50597368e-03
   3.59398780e+02   1.50540413e-03
   3.59399269e+02   1.03663027e-04
   3.59399757e+02  -5.68542397e-04
   3.59400245e+02  -1.32966496e-03
   3.59400733e+02  -2.23777257e-03
   3.59401222e+02  -5.37620566e-04
   3.59401710e+02   1.59951870e-03
   3.59402198e+02   7.21562188e-04
   3.59402686e+02  -1.74932403e-03
   3.59403175e+02  -3.05612129e-03
   3.59403663e+02  -1.86375692e-03
   3.59404151e+02  -5.03884803e-04
   3.59404640e+02   5.13139647e-04
   3.59405128e+02   1.65594753e-03
   3.59405616e+02   8.16688524e-04
   3.59406104e+02  -2.69488548e-04
   3.59406593e+02   3.52982810e-04
   3.59407081e+02   1.33348384e-03
   3.59407569e+02   1.26818346e-03
   3.59408058e+02   7.23745034e-04
   3.59408546e+02   9.49126901e-04
   3.59409034e+02   1.26084476e-03
   3.59409522e+02   1.65801717e-03
   3.59410011e+02   1.81321229e-03
   3.59410499e+02   9.65063344e-04
   3.59410987e+02   4.20501601e-05
   3.59411475e+02  -5.25019947e-04
   3.59411964e+02  -5.50080091e-04
   3.59412452e+02   7.78857968e-04
   3.59412940e+02   1.84308959e-03
   3.59413429e+02   2.10901722e-03
   3.59413917e+02   2.03927513e-03
   3.59414405e+02   1.00220577e-03
   3.59414893e+02  -3.05572583e-04
   3.59415382e+02  -2.12262734e-03
   3.59415870e+02  -3.80258309e-03
   3.59416358e+02  -3.33862053e-03
   3.59416847e+02  -1.00369949e-03
   3.59417335e+02   1.84452720e-03
   3.59417823e+02   3.85882612e-03
   3.59418311e+02   4.14338009e-03
   3.59418800e+02   3.39486171e-03
   3.59419288e+02   1.81445479e-03
   3.59419776e+02   5.86919836e-04
   3.59420265e+02   1.04182772e-03
   3.59420753e+02   1.63453456e-03
   3.59421241e+02   6.02808141e-04
   3.59421729e+02  -7.90531631e-04
   3.59422218e+02  -9.05004272e-04
   3.59422706e+02  -8.86709371e-04
   3.59423194e+02  -1.79519970e-03
   3.59423682e+02  -1.68997527e-03
   3.59424171e+02  -8.85988877e-04
   3.59424659e+02  -3.85939813e-04
   3.59425147e+02   4.08225809e-04
   3.59425636e+02   6.34372467e-04
   3.59426124e+02  -9.12831310e-05
   3.59426612e+02  -8.21627182e-05
   3.59427100e+02   1.43839419e-03
   3.59427589e+02   2.47163652e-03
   3.59428077e+02   2.26143491e-03
   3.59428565e+02   1.93162134e-03
   3.59429054e+02   1.41048280e-03
   3.59429542e+02   6.01879030e-04
   3.59430030e+02  -1.12623454e-03
   3.59430518e+02  -3.89635703e-03
   3.59431007e+02  -5.24967397e-03
   3.59431495e+02  -3.34476470e-03
   3.59431983e+02  -8.85103131e-04
   3.59432471e+02  -6.47886947e-04
   3.59432960e+02  -1.09983282e-03
   3.59433448e+02  -5.59539942e-04
   3.59433936e+02  -2.82660039e-04
   3.59434425e+02  -1.02342654e-03
   3.59434913e+02  -1.27083820e-03
   3.59435401e+02  -1.56475441e-03
   3.59435889e+02  -2.57908832e-03
   3.59436378e+02  -2.74917576e-03
   3.59436866e+02  -2.38737022e-03
   3.59437354e+02  -3.16547393e-03
   3.59437843e+02  -2.86858296e-03
   3.59438331e+02   4.04737977e-04
   3.59438819e+02   3.26611055e-03
   3.59439307e+02   2.81830016e-03
   3.59439796e+02  -1.37679217e-05
   3.59440284e+02  -1.77324191e-03
   3.59440772e+02  -1.55977427e-03
   3.59441261e+02  -1.98225537e-03
   3.59441749e+02  -2.51654861e-03
   3.59442237e+02  -2.90436065e-03
   3.59442725e+02  -3.89749487e-03
   3.59443214e+02  -3.71058378e-03
   3.59443702e+02  -2.63399910e-03
   3.59444190e+02  -2.49026995e-03
   3.59444678e+02  -2.92379828e-03
   3.59445167e+02  -2.66333972e-03
   3.59445655e+02  -2.38371687e-03
   3.59446143e+02  -2.20432691e-03
   3.59446632e+02  -1.39781972e-03
   3.59447120e+02  -2.70784047e-04
   3.59447608e+02   1.00429996e-03
   3.59448096e+02   1.13556662e-03
   3.59448585e+02   1.06558204e-03
   3.59449073e+02   6.49839756e-04
   3.59449561e+02  -4.09072585e-04
   3.59450050e+02  -8.17984459e-04
   3.59450538e+02   3.23480315e-04
   3.59451026e+02   1.41167908e-03
   3.59451514e+02   1.63610606e-03
   3.59452003e+02   1.60817371e-03
   3.59452491e+02   1.27643277e-03
   3.59452979e+02   5.74604783e-04
   3.59453467e+02  -5.04547206e-04
   3.59453956e+02  -1.05342537e-03
   3.59454444e+02  -1.97967074e-05
   3.59454932e+02   8.29902710e-04
   3.59455421e+02   1.94141793e-03
   3.59455909e+02   3.07546742e-03
   3.59456397e+02   2.32504914e-03
   3.59456885e+02   5.50591329e-04
   3.59457374e+02   4.21577104e-04
   3.59457862e+02   1.30911765e-03
   3.59458350e+02   9.22169886e-04
   3.59458839e+02  -8.09601683e-04
   3.59459327e+02  -2.02723010e-03
   3.59459815e+02  -1.16220792e-03
   3.59460303e+02  -1.91271247e-05
   3.59460792e+02  -2.54784216e-04
   3.59461280e+02  -4.27975574e-05
   3.59461768e+02   1.30476581e-03
   3.59462257e+02   8.00215290e-04
   3.59462745e+02  -8.79261410e-04
   3.59463233e+02   5.96791040e-04
   3.59463721e+02   1.56718423e-03
   3.59464210e+02  -2.02474948e-05
   3.59464698e+02  -2.64947419e-04
   3.59465186e+02   1.03244837e-03
   3.59465674e+02   2.35597161e-03
   3.59466163e+02   2.23270501e-03
   3.59466651e+02   7.40330550e-04
   3.59467139e+02  -8.40880326e-04
   3.59467628e+02  -1.57172396e-03
   3.59468116e+02  -8.75849219e-04
   3.59468604e+02   5.13466308e-04
   3.59469092e+02   1.16795080e-03
   3.59469581e+02   1.15191576e-03
   3.59470069e+02   8.50271375e-04
   3.59470557e+02  -3.25030938e-04
   3.59471046e+02  -1.48357847e-03
   3.59471534e+02  -1.30383566e-03
   3.59472022e+02  -7.76850327e-04
   3.59472510e+02   1.07232139e-04
   3.59472999e+02   1.52546389e-03
   3.59473487e+02   1.61678914e-03
   3.59473975e+02   1.74905290e-04
   3.59474463e+02  -6.80707686e-04
   3.59474952e+02  -1.82379983e-04
   3.59475440e+02   8.58052052e-04
   3.59475928e+02   1.83820876e-03
   3.59476417e+02   2.91617168e-03
   3.59476905e+02   2.92346277e-03
   3.59477393e+02   1.02550036e-03
   3.59477881e+02  -1.18084915e-03
   3.59478370e+02  -1.67796738e-03
   3.59478858e+02  -1.34177576e-03
   3.59479346e+02  -1.70585793e-03
   3.59479835e+02  -2.03298777e-03
   3.59480323e+02  -1.72525970e-03
   3.59480811e+02  -7.69619597e-04
   3.59481299e+02   4.62320371e-04
   3.59481788e+02  -2.28620731e-04
   3.59482276e+02  -2.22261786e-03
   3.59482764e+02  -2.01429357e-03
   3.59483253e+02  -3.47901805e-04
   3.59483741e+02  -8.21945199e-04
   3.59484229e+02  -2.48165126e-03
   3.59484717e+02  -3.08321114e-03
   3.59485206e+02  -2.46137986e-03
   3.59485694e+02  -1.06663734e-03
   3.59486182e+02  -1.04830111e-03
   3.59486670e+02  -2.46167625e-03
   3.59487159e+02  -2.22669379e-03
   3.59487647e+02  -7.28185172e-04
   3.59488135e+02   1.80864736e-04
   3.59488624e+02   3.96918418e-04
   3.59489112e+02  -5.33664250e-04
   3.59489600e+02  -1.41536014e-03
   3.59490088e+02  -2.38203793e-03
   3.59490577e+02  -3.80167016e-03
   3.59491065e+02  -4.11628420e-03
   3.59491553e+02  -2.63139349e-03
   3.59492042e+02  -1.84863934e-03
   3.59492530e+02  -1.67728146e-03
   3.59493018e+02  -6.75762072e-04
   3.59493506e+02  -8.15236766e-04
   3.59493995e+02  -1.64887193e-03
   3.59494483e+02  -1.08579861e-03
   3.59494971e+02  -1.92096297e-04
   3.59495459e+02   1.34284812e-04
   3.59495948e+02   6.97262702e-04
   3.59496436e+02   5.05093776e-04
   3.59496924e+02  -9.74559633e-04
   3.59497413e+02  -2.20257533e-03
   3.59497901e+02  -2.34385044e-03
   3.59498389e+02  -1.75540277e-03
   3.59498877e+02  -1.39243761e-03
   3.59499366e+02  -1.21312565e-03
   3.59499854e+02  -7.98909343e-04
   3.59500342e+02  -2.00305207e-04
   3.59500831e+02   1.27361622e-03
   3.59501319e+02   2.78864615e-03
   3.59501807e+02   2.32598605e-03
   3.59502295e+02   4.53661429e-04
   3.59502784e+02  -6.28141919e-04
   3.59503272e+02  -4.03114856e-04
   3.59503760e+02   7.89498037e-04
   3.59504249e+02   1.78012974e-03
   3.59504737e+02   1.23816705e-03
   3.59505225e+02  -9.47775727e-04
   3.59505713e+02  -3.49150551e-03
   3.59506202e+02  -3.60922958e-03
   3.59506690e+02  -1.95615715e-03
   3.59507178e+02  -8.88591341e-04
   3.59507666e+02  -4.90497696e-05
   3.59508155e+02   1.10428524e-03
   3.59508643e+02   2.12861574e-03
   3.59509131e+02   2.05562916e-03
   3.59509620e+02   1.06134254e-03
   3.59510108e+02  -7.75284570e-05
   3.59510596e+02  -1.10398035e-03
   3.59511084e+02  -1.35033380e-03
   3.59511573e+02  -1.55758753e-03
   3.59512061e+02  -1.27041677e-03
   3.59512549e+02   3.75084092e-05
   3.59513038e+02   1.53590314e-04
   3.59513526e+02  -7.29371153e-04
   3.59514014e+02  -7.10738590e-04
   3.59514502e+02   1.07534206e-03
   3.59514991e+02   2.77460064e-03
   3.59515479e+02   2.73591815e-03
   3.59515967e+02   1.77467940e-03
   3.59516455e+02   4.70592669e-04
   3.59516944e+02  -7.61499046e-04
   3.59517432e+02  -1.14057050e-03
   3.59517920e+02  -5.23952942e-04
   3.59518409e+02   2.98334111e-04
   3.59518897e+02  -1.76525020e-04
   3.59519385e+02  -1.31636974e-03
   3.59519873e+02  -8.98581638e-04
   3.59520362e+02   1.42960329e-04
   3.59520850e+02  -2.35263142e-04
   3.59521338e+02  -8.80787440e-04
   3.59521827e+02  -3.20127845e-04
   3.59522315e+02   5.02629904e-04
   3.59522803e+02   2.93874822e-04
   3.59523291e+02  -6.16795965e-04
   3.59523780e+02  -1.22239464e-03
   3.59524268e+02  -1.00009725e-03
   3.59524756e+02  -4.12050809e-04
   3.59525245e+02  -5.52399433e-05
   3.59525733e+02   1.03293872e-03
   3.59526221e+02   2.91958591e-03
   3.59526709e+02   3.50416312e-03
   3.59527198e+02   2.34823721e-03
   3.59527686e+02   1.44410378e-03
   3.59528174e+02   1.64241693e-03
   3.59528662e+02   1.14366377e-03
   3.59529151e+02  -4.72782005e-04
   3.59529639e+02  -1.60914846e-03
   3.59530127e+02  -1.79531262e-03
   3.59530616e+02  -1.98470009e-03
   3.59531104e+02  -1.93009933e-03
   3.59531592e+02  -9.77226300e-04
   3.59532080e+02  -1.89668845e-05
   3.59532569e+02   3.63414321e-04
   3.59533057e+02   6.03576831e-04
   3.59533545e+02   8.15048814e-04
   3.59534034e+02   1.43413071e-03
   3.59534522e+02   1.56209478e-03
   3.59535010e+02   7.00776058e-04
   3.59535498e+02  -1.34088274e-04
   3.59535987e+02  -1.13862136e-03
   3.59536475e+02  -1.44752604e-03
   3.59536963e+02  -9.32634226e-04
   3.59537451e+02  -1.64447853e-03
   3.59537940e+02  -2.15694727e-03
   3.59538428e+02  -2.63362005e-03
   3.59538916e+02  -3.15501029e-03
   3.59539405e+02  -1.46925414e-03
   3.59539893e+02   1.11018759e-04
   3.59540381e+02   1.39227297e-04
   3.59540869e+02   9.64199891e-04
   3.59541358e+02   2.02050316e-03
   3.59541846e+02   1.58015511e-03
   3.59542334e+02   5.42643887e-04
   3.59542823e+02   2.37806104e-04
   3.59543311e+02   1.14892726e-03
   3.59543799e+02   1.99697074e-03
   3.59544287e+02   1.75836554e-03
   3.59544776e+02   7.75729306e-04
   3.59545264e+02  -5.43624301e-05
   3.59545752e+02  -1.99279471e-04
   3.59546241e+02  -5.30564401e-04
   3.59546729e+02  -7.07266561e-04
   3.59547217e+02   9.66413703e-04
   3.59547705e+02   2.72038742e-03
   3.59548194e+02   2.88340915e-03
   3.59548682e+02   2.79258168e-03
   3.59549170e+02   2.41944939e-03
   3.59549658e+02   8.12781858e-04
   3.59550147e+02  -5.65687369e-04
   3.59550635e+02  -1.60708441e-03
   3.59551123e+02  -2.36424338e-03
   3.59551612e+02  -1.13605510e-03
   3.59552100e+02   1.04692788e-03
   3.59552588e+02   2.29834905e-03
   3.59553076e+02   1.14960794e-03
   3.59553565e+02  -1.07702648e-03
   3.59554053e+02  -1.07142027e-03
   3.59554541e+02   3.58970108e-04
   3.59555030e+02   7.43094191e-04
   3.59555518e+02   5.92002238e-04
   3.59556006e+02   1.80210191e-04
   3.59556494e+02  -6.85067091e-04
   3.59556983e+02  -1.92065514e-03
   3.59557471e+02  -3.77608556e-03
   3.59557959e+02  -4.25387407e-03
   3.59558447e+02  -1.95193908e-03
   3.59558936e+02  -2.79578726e-05
   3.59559424e+02   6.35984703e-04
   3.59559912e+02   1.37701674e-04
   3.59560401e+02  -1.60818349e-03
   3.59560889e+02  -1.15738087e-03
   3.59561377e+02   7.13742047e-04
   3.59561865e+02   1.09893898e-03
   3.59562354e+02   6.09506853e-04
   3.59562842e+02  -2.19678783e-04
   3.59563330e+02  -4.65820718e-04
   3.59563819e+02  -4.12909867e-04
   3.59564307e+02  -8.13157414e-04
   3.59564795e+02   7.29203282e-04
   3.59565283e+02   2.15094630e-03
   3.59565772e+02   1.04796840e-03
   3.59566260e+02  -1.48959039e-03
   3.59566748e+02  -2.16119341e-03
   3.59567237e+02  -3.03656823e-04
   3.59567725e+02   1.56613358e-03
   3.59568213e+02   1.57112977e-03
   3.59568701e+02   2.96343409e-04
   3.59569190e+02  -2.66064511e-04
   3.59569678e+02   6.07715861e-04
   3.59570166e+02   1.74306694e-03
   3.59570654e+02   2.40397430e-03
   3.59571143e+02   1.38050143e-03
   3.59571631e+02   4.80091781e-04
   3.59572119e+02   1.23701664e-03
   3.59572608e+02   1.88697001e-03
   3.59573096e+02   1.04251644e-03
   3.59573584e+02  -5.47652948e-04
   3.59574072e+02  -1.47486618e-03
   3.59574561e+02  -1.57290942e-03
   3.59575049e+02  -6.08087634e-04
   3.59575537e+02  -3.30796989e-04
   3.59576026e+02  -3.80398676e-04
   3.59576514e+02   3.84877494e-04
   3.59577002e+02   7.47063372e-04
   3.59577490e+02   5.73771948e-04
   3.59577979e+02   6.27126545e-04
   3.59578467e+02   6.50456583e-04
   3.59578955e+02   1.34368180e-04
   3.59579443e+02  -7.70287006e-04
   3.59579932e+02  -1.29373639e-03
   3.59580420e+02  -4.28521744e-04
   3.59580908e+02   6.18338701e-04
   3.59581397e+02   1.36514555e-03
   3.59581885e+02   1.39357103e-03
   3.59582373e+02   3.30952811e-04
   3.59582861e+02   3.75208008e-04
   3.59583350e+02   2.55804206e-03
   3.59583838e+02   3.82224168e-03
   3.59584326e+02   2.89043644e-03
   3.59584815e+02   1.94553414e-03
   3.59585303e+02   1.52885797e-03
   3.59585791e+02  -5.21281501e-04
   3.59586279e+02  -3.27893719e-03
   3.59586768e+02  -3.83725157e-03
   3.59587256e+02  -2.91125895e-03
   3.59587744e+02  -2.71505350e-03
   3.59588233e+02  -2.38995999e-03
   3.59588721e+02  -1.79683685e-03
   3.59589209e+02  -2.14705663e-03
   3.59589697e+02  -2.03773309e-03
   3.59590186e+02  -5.47139090e-04
   3.59590674e+02  -1.65121673e-04
   3.59591162e+02  -1.49426132e-03
   3.59591650e+02  -2.69682915e-03
   3.59592139e+02  -2.73012230e-03
   3.59592627e+02  -1.99953769e-03
   3.59593115e+02  -1.70342380e-03
   3.59593604e+02  -1.57401792e-03
   3.59594092e+02  -2.43757837e-04
   3.59594580e+02   1.89123373e-03
   3.59595068e+02   2.45453371e-03
   3.59595557e+02   7.54964713e-04
   3.59596045e+02  -6.83783670e-04
   3.59596533e+02  -1.48789695e-04
   3.59597022e+02   6.18906575e-04
   3.59597510e+02   7.72911124e-04
   3.59597998e+02   1.04164681e-03
   3.59598486e+02  -1.84449047e-04
   3.59598975e+02  -3.91771877e-03
   3.59599463e+02  -5.75124146e-03
   3.59599951e+02  -2.26992904e-03
   3.59600439e+02   2.08217395e-03
   3.59600928e+02   2.04102206e-03
   3.59601416e+02   2.30222257e-04
   3.59601904e+02   2.80896144e-04
   3.59602393e+02  -1.19852566e-03
   3.59602881e+02  -3.72534082e-03
   3.59603369e+02  -2.86280643e-03
   3.59603857e+02  -2.90496886e-04
   3.59604346e+02   1.12215523e-03
   3.59604834e+02   1.64308841e-03
   3.59605322e+02   7.80129514e-04
   3.59605811e+02  -8.91427742e-04
   3.59606299e+02  -4.76173736e-04
   3.59606787e+02   6.19203201e-04
   3.59607275e+02   1.78811169e-04
   3.59607764e+02  -4.60189680e-04
   3.59608252e+02  -1.50528576e-04
   3.59608740e+02   3.62998078e-04
   3.59609229e+02   2.53230392e-04
   3.59609717e+02   2.00158393e-04
   3.59610205e+02   7.77771755e-04
   3.59610693e+02   1.56484218e-03
   3.59611182e+02   2.15216260e-03
   3.59611670e+02   5.00969647e-04
   3.59612158e+02  -2.08661566e-03
   3.59612646e+02  -2.43916060e-03
   3.59613135e+02  -4.15106741e-04
   3.59613623e+02   1.43783016e-03
   3.59614111e+02   1.11908454e-03
   3.59614600e+02  -4.90170321e-04
   3.59615088e+02  -1.31687301e-03
   3.59615576e+02   1.88464735e-04
   3.59616064e+02   2.18697335e-03
   3.59616553e+02   2.68674130e-03
   3.59617041e+02   1.64024113e-03
   3.59617529e+02   1.21654838e-03
   3.59618018e+02   1.99740008e-03
   3.59618506e+02   2.57822219e-03
   3.59618994e+02   2.21374980e-03
   3.59619482e+02   1.95453432e-03
   3.59619971e+02   1.27519097e-03
   3.59620459e+02  -6.48598187e-04
   3.59620947e+02  -1.85605278e-03
   3.59621435e+02  -1.01424579e-03
   3.59621924e+02   5.26529038e-04
   3.59622412e+02   7.80782721e-04
   3.59622900e+02   5.37646411e-04
   3.59623389e+02   1.02935859e-03
   3.59623877e+02  -4.87302779e-04
   3.59624365e+02  -1.98526052e-03
   3.59624853e+02  -2.34490307e-03
   3.59625342e+02  -1.75969605e-03
   3.59625830e+02  -8.73186043e-04
   3.59626318e+02  -2.56734813e-04
   3.59626807e+02  -1.19536289e-03
   3.59627295e+02  -1.18797948e-03
   3.59627783e+02   5.94427169e-04
   3.59628271e+02   8.11361533e-05
   3.59628760e+02  -1.83950784e-03
   3.59629248e+02  -2.87568499e-03
   3.59629736e+02  -3.19685088e-03
   3.59630225e+02  -2.79558008e-03
   3.59630713e+02  -2.30302382e-03
   3.59631201e+02  -1.49662863e-03
   3.59631689e+02   7.73790525e-04
   3.59632178e+02   2.82308320e-03
   3.59632666e+02   3.36150988e-03
   3.59633154e+02   3.64541891e-03
   3.59633642e+02   3.41121643e-03
   3.59634131e+02   2.65779975e-03
   3.59634619e+02   1.47379795e-03
   3.59635107e+02  -1.98561866e-05
   3.59635596e+02  -3.41380837e-05
   3.59636084e+02   2.66591553e-04
   3.59636572e+02  -2.44345225e-04
   3.59637060e+02  -4.39516007e-04
   3.59637549e+02  -8.59200489e-04
   3.59638037e+02  -1.16447336e-03
   3.59638525e+02   6.92960690e-04
   3.59639014e+02   3.46075837e-03
   3.59639502e+02   3.23364628e-03
   3.59639990e+02   3.82326893e-04
   3.59640478e+02  -1.38627365e-03
   3.59640967e+02  -1.50600553e-03
   3.59641455e+02  -1.50160817e-03
   3.59641943e+02  -2.24779476e-03
   3.59642431e+02  -1.57621130e-03
   3.59642920e+02   4.99407994e-04
   3.59643408e+02   9.55288822e-04
   3.59643896e+02   6.44405256e-04
   3.59644385e+02   2.72139953e-03
   3.59644873e+02   5.24530141e-03
   3.59645361e+02   4.82854247e-03
   3.59645849e+02   2.67821015e-03
   3.59646338e+02   5.77113649e-04
   3.59646826e+02   4.21191617e-05
   3.59647314e+02   3.54423042e-04
   3.59647803e+02  -7.04233476e-04
   3.59648291e+02  -1.66319101e-03
   3.59648779e+02  -1.56762183e-03
   3.59649267e+02  -9.72672948e-04
   3.59649756e+02  -2.59422720e-03
   3.59650244e+02  -5.50230034e-03
   3.59650732e+02  -4.16177791e-03
   3.59651221e+02   1.18168602e-04
   3.59651709e+02   5.06797165e-04
   3.59652197e+02  -2.91336677e-03
   3.59652685e+02  -4.57820576e-03
   3.59653174e+02  -2.92441901e-03
   3.59653662e+02  -2.14718678e-03
   3.59654150e+02  -2.41311756e-03
   3.59654638e+02  -2.07582954e-03
   3.59655127e+02  -1.59974792e-03
   3.59655615e+02  -1.00940443e-03
   3.59656103e+02   6.49821188e-04
   3.59656592e+02   2.33954377e-03
   3.59657080e+02   1.57453993e-03
   3.59657568e+02  -5.81635919e-04
   3.59658056e+02  -8.46082461e-04
   3.59658545e+02   2.19324793e-04
   3.59659033e+02  -2.31904836e-04
   3.59659521e+02  -4.44099220e-04
   3.59660010e+02   5.07075747e-04
   3.59660498e+02   1.79968867e-03
   3.59660986e+02   4.12340835e-03
   3.59661474e+02   6.13629306e-03
   3.59661963e+02   4.64654295e-03
   3.59662451e+02   1.98806706e-03
   3.59662939e+02  -2.23883821e-04
   3.59663427e+02  -2.56022671e-03
   3.59663916e+02  -3.46343010e-03
   3.59664404e+02  -2.39341496e-03
   3.59664892e+02  -7.93158368e-04
   3.59665381e+02   1.22318073e-04
   3.59665869e+02  -6.22199092e-04
   3.59666357e+02   1.06190535e-04
   3.59666845e+02   2.62203952e-03
   3.59667334e+02   1.77275366e-03
   3.59667822e+02  -1.16946094e-03
   3.59668310e+02  -1.62219000e-03
   3.59668799e+02  -2.63322843e-04
   3.59669287e+02  -2.38280627e-05
   3.59669775e+02  -2.09038932e-04
   3.59670263e+02   1.54320232e-03
   3.59670752e+02   3.31871375e-03
   3.59671240e+02   2.32985569e-03
   3.59671728e+02   9.06604750e-04
   3.59672217e+02   1.15860219e-03
   3.59672705e+02   1.69095362e-03
   3.59673193e+02   1.93819549e-04
   3.59673681e+02  -3.03933816e-03
   3.59674170e+02  -4.10461612e-03
   3.59674658e+02  -1.78534433e-03
   3.59675146e+02  -2.21676863e-04
   3.59675634e+02  -1.08021637e-03
   3.59676123e+02  -2.56163208e-03
   3.59676611e+02  -1.47837971e-03
   3.59677099e+02   1.40252337e-03
   3.59677588e+02   1.00707170e-03
   3.59678076e+02  -6.24514825e-04
   3.59678564e+02  -1.48611798e-04
   3.59679052e+02   5.35943022e-04
   3.59679541e+02   2.04980723e-03
   3.59680029e+02   2.39961501e-03
   3.59680517e+02   1.01349002e-03
   3.59681006e+02   1.45748910e-03
   3.59681494e+02   1.39080745e-03
   3.59681982e+02  -4.57591923e-05
   3.59682470e+02   6.78277720e-05
   3.59682959e+02  -8.36898980e-04
   3.59683447e+02  -1.61188049e-03
   3.59683935e+02  -1.55113731e-03
   3.59684423e+02  -1.18822779e-03
   3.59684912e+02   2.13897129e-05
   3.59685400e+02   1.06455002e-04
   3.59685888e+02  -1.30524929e-03
   3.59686377e+02  -1.03826588e-03
   3.59686865e+02   8.96623533e-04
   3.59687353e+02   1.17271615e-03
   3.59687841e+02   5.31619662e-05
   3.59688330e+02  -1.11225387e-03
   3.59688818e+02  -1.45116134e-03
   3.59689306e+02  -7.30276515e-04
   3.59689795e+02  -9.76917334e-04
   3.59690283e+02  -2.21710280e-03
   3.59690771e+02  -2.77132331e-03
   3.59691259e+02  -2.77745188e-03
   3.59691748e+02  -1.34672457e-03
   3.59692236e+02   1.32646936e-03
   3.59692724e+02   2.43062526e-03
   3.59693213e+02   1.59056508e-03
   3.59693701e+02   1.49746437e-03
   3.59694189e+02   2.05310085e-03
   3.59694677e+02   9.30569484e-04
   3.59695166e+02   1.51568907e-03
   3.59695654e+02   4.03497554e-03
   3.59696142e+02   2.95740413e-03
   3.59696630e+02  -1.66420563e-04
   3.59697119e+02  -5.92879369e-04
   3.59697607e+02   1.25634542e-03
   3.59698095e+02   3.05918581e-03
   3.59698584e+02   3.85480211e-03
   3.59699072e+02   2.70344457e-03
   3.59699560e+02   1.09706796e-03
   3.59700048e+02   4.70698491e-04
   3.59700537e+02   2.40908339e-04
   3.59701025e+02   4.63152130e-04
   3.59701513e+02  -3.66892113e-04
   3.59702002e+02  -1.93275698e-03
   3.59702490e+02  -2.57785502e-03
   3.59702978e+02  -3.28940875e-03
   3.59703466e+02  -2.76437053e-03
   3.59703955e+02  -9.63328290e-04
   3.59704443e+02  -1.07446918e-03
   3.59704931e+02  -2.66950787e-03
   3.59705419e+02  -2.05133040e-03
   3.59705908e+02  -1.31032270e-04
   3.59706396e+02   1.29671046e-03
   3.59706884e+02   3.15578654e-03
   3.59707373e+02   4.27765306e-03
   3.59707861e+02   3.69826704e-03
   3.59708349e+02   2.16724980e-03
   3.59708837e+02  -3.74757394e-04
   3.59709326e+02  -2.26208428e-03
   3.59709814e+02  -2.39903689e-03
   3.59710302e+02  -2.03410909e-03
   3.59710791e+02  -2.43785465e-03
   3.59711279e+02  -2.12949584e-03
   3.59711767e+02  -3.95258568e-04
   3.59712255e+02   4.63091012e-04
   3.59712744e+02   2.65340961e-04
   3.59713232e+02  -2.16634871e-04
   3.59713720e+02  -1.15807971e-03
   3.59714209e+02  -1.91857677e-03
   3.59714697e+02  -2.97034718e-03
   3.59715185e+02  -3.13993730e-03
   3.59715673e+02  -1.74370746e-03
   3.59716162e+02   3.53582203e-04
   3.59716650e+02   2.15065340e-03
   3.59717138e+02   2.31984491e-03
   3.59717626e+02   1.31334295e-03
   3.59718115e+02   6.87517022e-05
   3.59718603e+02  -1.12074160e-03
   3.59719091e+02  -1.72024721e-03
   3.59719580e+02  -6.70654466e-04
   3.59720068e+02   1.57898292e-03
   3.59720556e+02   3.72486212e-03
   3.59721044e+02   3.23145115e-03
   3.59721533e+02   9.43186285e-04
   3.59722021e+02  -6.37501420e-04
   3.59722509e+02  -1.91064272e-03
   3.59722998e+02  -1.88130117e-03
   3.59723486e+02  -6.73902920e-04
   3.59723974e+02  -5.21070266e-04
   3.59724462e+02  -5.79608255e-04
   3.59724951e+02  -3.54362601e-05
   3.59725439e+02   2.78660154e-04
   3.59725927e+02   8.05055315e-04
   3.59726415e+02   7.64274329e-04
   3.59726904e+02  -1.10938062e-03
   3.59727392e+02  -1.94354879e-03
   3.59727880e+02  -1.81146234e-03
   3.59728369e+02  -2.78376858e-03
   3.59728857e+02  -3.50942183e-03
   3.59729345e+02  -2.96461652e-03
   3.59729833e+02  -9.07265989e-04
   3.59730322e+02   1.45541609e-03
   3.59730810e+02   2.55988329e-03
   3.59731298e+02   1.40913902e-03
   3.59731787e+02  -3.52812436e-04
   3.59732275e+02  -1.27105950e-03
   3.59732763e+02  -1.93473697e-03
   3.59733251e+02  -3.27349757e-03
   3.59733740e+02  -4.98907175e-03
   3.59734228e+02  -5.02018770e-03
   3.59734716e+02  -2.47407681e-03
   3.59735205e+02  -7.55335379e-04
   3.59735693e+02  -1.74913928e-03
   3.59736181e+02  -3.00435279e-03
   3.59736669e+02  -3.01004993e-03
   3.59737158e+02  -1.53926143e-03
   3.59737646e+02   5.15080756e-04
   3.59738134e+02   1.49187271e-03
   3.59738622e+02   8.31147772e-05
   3.59739111e+02  -1.51207671e-03
   3.59739599e+02   2.93909805e-04
   3.59740087e+02   2.31549074e-03
   3.59740576e+02   1.97644415e-03
   3.59741064e+02  -7.05309038e-04
   3.59741552e+02  -1.88258081e-03
   3.59742040e+02  -1.08671363e-03
   3.59742529e+02   7.74997636e-04
   3.59743017e+02   1.92292093e-03
   3.59743505e+02   3.74446827e-05
   3.59743994e+02  -2.52548628e-03
   3.59744482e+02  -4.06478811e-03
   3.59744970e+02  -4.38401848e-03
   3.59745458e+02  -2.69639911e-03
   3.59745947e+02  -1.12000189e-03
   3.59746435e+02  -1.76988382e-04
   3.59746923e+02   7.25272403e-04
   3.59747411e+02  -5.14926272e-04
   3.59747900e+02  -2.21358309e-03
   3.59748388e+02  -9.30454058e-04
   3.59748876e+02   1.27258175e-03
   3.59749365e+02   1.54832215e-03
   3.59749853e+02   6.06815389e-04
   3.59750341e+02  -6.49036840e-04
   3.59750829e+02  -7.20559910e-04
   3.59751318e+02   5.86721988e-04
   3.59751806e+02   1.52329972e-04
   3.59752294e+02  -2.00696033e-03
   3.59752783e+02  -2.40471540e-03
   3.59753271e+02  -1.33390655e-03
   3.59753759e+02   9.60630641e-05
   3.59754247e+02   2.75291223e-03
   3.59754736e+02   4.69359336e-03
   3.59755224e+02   4.11629817e-03
   3.59755712e+02   2.94693513e-03
   3.59756201e+02   1.95642980e-03
   3.59756689e+02   4.69113700e-04
   3.59757177e+02  -1.99873684e-04
   3.59757665e+02  -1.37501920e-04
   3.59758154e+02   5.38739027e-04
   3.59758642e+02   1.75074907e-03
   3.59759130e+02   2.29908247e-03
   3.59759618e+02   1.79771497e-03
   3.59760107e+02   1.03379460e-03
   3.59760595e+02   3.45204811e-04
   3.59761083e+02   1.00239983e-03
   3.59761572e+02   1.99523172e-03
   3.59762060e+02   1.28812448e-03
   3.59762548e+02  -5.72875317e-04
   3.59763036e+02  -1.93994236e-03
   3.59763525e+02  -2.45536142e-03
   3.59764013e+02  -2.64727604e-03
   3.59764501e+02  -2.93241022e-03
   3.59764990e+02  -2.21651280e-03
   3.59765478e+02  -4.97733963e-05
   3.59765966e+02   2.41186493e-03
   3.59766454e+02   3.96833988e-03
   3.59766943e+02   5.08470181e-03
   3.59767431e+02   5.19287866e-03
   3.59767919e+02   3.63237574e-03
   3.59768407e+02   1.82219094e-03
   3.59768896e+02   8.18978180e-04
   3.59769384e+02   7.79394119e-04
   3.59769872e+02   9.70274210e-04
   3.59770361e+02   8.36194318e-04
   3.59770849e+02   9.32150811e-04
   3.59771337e+02   1.86295481e-03
   3.59771825e+02   2.26722262e-03
   3.59772314e+02   2.09388719e-03
   3.59772802e+02   1.45701843e-03
   3.59773290e+02   8.55186139e-04
   3.59773779e+02   7.73706415e-04
   3.59774267e+02  -4.74097556e-04
   3.59774755e+02  -2.87347287e-03
   3.59775243e+02  -2.96850945e-03
   3.59775732e+02   1.06381827e-04
   3.59776220e+02   3.18176346e-03
   3.59776708e+02   2.70022452e-03
   3.59777197e+02   1.44233427e-05
   3.59777685e+02  -9.48791101e-04
   3.59778173e+02  -2.77919229e-04
   3.59778661e+02   1.69912528e-03
   3.59779150e+02   1.96869136e-03
   3.59779638e+02  -5.15211490e-04
   3.59780126e+02  -1.62599457e-03
   3.59780614e+02  -5.66353323e-04
   3.59781103e+02   1.27296522e-03
   3.59781591e+02   2.66654533e-03
   3.59782079e+02   3.30551411e-03
   3.59782568e+02   1.93305500e-03
   3.59783056e+02  -8.08555400e-04
   3.59783544e+02  -1.31545682e-03
   3.59784032e+02  -7.21032440e-04
   3.59784521e+02  -6.86971878e-04
   3.59785009e+02   4.76703659e-04
   3.59785497e+02   1.66587159e-03
   3.59785986e+02   1.03060086e-03
   3.59786474e+02  -1.47808023e-04
   3.59786962e+02  -1.07903895e-03
   3.59787450e+02  -9.52443748e-04
   3.59787939e+02  -9.83400028e-08
   3.59788427e+02   2.13265041e-04
   3.59788915e+02   1.42895180e-04
   3.59789403e+02   7.16425246e-04
   3.59789892e+02   1.07596966e-03
   3.59790380e+02   5.80961700e-04
   3.59790868e+02   2.94767262e-04
   3.59791357e+02  -7.92793580e-05
   3.59791845e+02  -8.12297105e-04
   3.59792333e+02  -5.31176687e-04
   3.59792821e+02  -1.42292614e-04
   3.59793310e+02  -4.30260669e-04
   3.59793798e+02  -7.73156644e-04
   3.59794286e+02  -1.47051772e-03
   3.59794775e+02  -1.66068424e-03
   3.59795263e+02  -1.77669246e-03
   3.59795751e+02  -1.39725197e-03
   3.59796239e+02   8.74835125e-04
   3.59796728e+02   3.09215672e-03
   3.59797216e+02   3.48456041e-03
