frequency (GHz), flux (Jy/beam)
   3.45823207e+02  -5.25680894e-04
   3.45823695e+02  -2.89062173e-05
   3.45824184e+02   3.00607178e-03
   3.45824672e+02   5.58241736e-03
   3.45825160e+02   5.24886418e-03
   3.45825649e+02   3.95862618e-03
   3.45826137e+02   3.51141626e-03
   3.45826625e+02   3.21413274e-03
   3.45827114e+02   3.34228808e-03
   3.45827602e+02   1.92568440e-03
   3.45828090e+02   9.75077157e-04
   3.45828579e+02   1.23142119e-04
   3.45829067e+02  -3.17320647e-03
   3.45829555e+02  -3.75827774e-03
   3.45830044e+02  -4.95186658e-04
   3.45830532e+02   4.16352908e-04
   3.45831020e+02  -9.60555510e-04
   3.45831508e+02   2.69611803e-04
   3.45831997e+02   3.50705290e-04
   3.45832485e+02  -2.07288587e-03
   3.45832973e+02  -1.12238445e-03
   3.45833462e+02   1.45518337e-03
   3.45833950e+02   1.53001328e-03
   3.45834438e+02  -1.50397501e-03
   3.45834927e+02  -3.56851402e-03
   3.45835415e+02  -1.87834760e-03
   3.45835903e+02   5.15217544e-04
   3.45836392e+02   9.63097191e-05
   3.45836880e+02  -1.04504672e-03
   3.45837368e+02   3.35736229e-04
   3.45837856e+02   1.61435595e-03
   3.45838345e+02   1.03710953e-03
   3.45838833e+02   8.79606581e-04
   3.45839321e+02   1.32097630e-03
   3.45839810e+02   9.30684910e-04
   3.45840298e+02   1.08242349e-03
   3.45840786e+02   1.98711175e-03
   3.45841275e+02   1.17814145e-03
   3.45841763e+02  -5.82556590e-04
   3.45842251e+02  -5.47222735e-04
   3.45842740e+02   6.05733134e-04
   3.45843228e+02   5.25016105e-04
   3.45843716e+02  -7.77996902e-04
   3.45844204e+02  -1.92718569e-03
   3.45844693e+02  -4.10455541e-04
   3.45845181e+02   2.14067707e-03
   3.45845669e+02   2.04547308e-03
   3.45846158e+02   3.83791747e-04
   3.45846646e+02  -6.64234511e-04
   3.45847134e+02  -1.92649328e-04
   3.45847623e+02   1.83675822e-03
   3.45848111e+02   1.75931759e-03
   3.45848599e+02   8.88682407e-05
   3.45849088e+02  -7.01824145e-04
   3.45849576e+02  -1.47210003e-03
   3.45850064e+02  -2.00233702e-03
   3.45850552e+02  -7.69915408e-04
   3.45851041e+02   1.64895749e-03
   3.45851529e+02   2.20265123e-03
   3.45852017e+02   2.49301177e-03
   3.45852506e+02   4.29755403e-03
   3.45852994e+02   3.82875442e-03
   3.45853482e+02   3.49874143e-04
   3.45853971e+02  -2.82921526e-03
   3.45854459e+02  -3.09542031e-03
   3.45854947e+02  -1.92213117e-03
   3.45855436e+02  -2.25632987e-03
   3.45855924e+02  -2.82024732e-03
   3.45856412e+02  -2.24922970e-03
   3.45856900e+02  -1.55412126e-03
   3.45857389e+02  -1.42627663e-03
   3.45857877e+02  -2.05756538e-03
   3.45858365e+02  -1.36281829e-03
   3.45858854e+02   1.26706064e-03
   3.45859342e+02   1.74200954e-03
   3.45859830e+02  -1.15632436e-04
   3.45860319e+02  -1.21642021e-03
   3.45860807e+02  -9.33257747e-04
   3.45861295e+02   6.67126151e-04
   3.45861784e+02   3.94728821e-04
   3.45862272e+02  -1.72420125e-03
   3.45862760e+02  -1.32766902e-03
   3.45863248e+02   7.04862410e-04
   3.45863737e+02   1.15994259e-03
   3.45864225e+02  -2.48765864e-04
   3.45864713e+02  -8.37140542e-04
   3.45865202e+02   3.92492628e-04
   3.45865690e+02   7.39737006e-04
   3.45866178e+02  -8.76520178e-04
   3.45866667e+02  -3.08756396e-04
   3.45867155e+02   3.38524173e-04
   3.45867643e+02  -5.43879287e-05
   3.45868132e+02  -2.69591663e-04
   3.45868620e+02  -3.49756738e-04
   3.45869108e+02   1.68332271e-03
   3.45869597e+02   2.39356700e-03
   3.45870085e+02   2.72572576e-03
   3.45870573e+02   3.43431882e-03
   3.45871061e+02   1.88791414e-03
   3.45871550e+02   9.57704091e-04
   3.45872038e+02  -2.12698695e-04
   3.45872526e+02  -1.23994634e-03
   3.45873015e+02  -4.24211408e-04
   3.45873503e+02   2.30529651e-04
   3.45873991e+02   8.93155695e-04
   3.45874480e+02   7.97895074e-04
   3.45874968e+02  -1.48606967e-04
   3.45875456e+02  -5.34141087e-04
   3.45875945e+02  -7.90300197e-04
   3.45876433e+02  -1.19484204e-03
   3.45876921e+02  -6.42520667e-04
   3.45877409e+02   7.62426178e-04
   3.45877898e+02   1.77811494e-03
   3.45878386e+02   8.63669382e-04
   3.45878874e+02  -7.64941564e-04
   3.45879363e+02  -1.59707584e-03
   3.45879851e+02  -1.89842435e-03
   3.45880339e+02  -2.74157408e-03
   3.45880828e+02  -3.52801732e-03
   3.45881316e+02  -1.54616975e-03
   3.45881804e+02  -1.57883871e-04
   3.45882293e+02  -1.62068149e-03
   3.45882781e+02  -2.58255051e-03
   3.45883269e+02  -2.09593913e-03
   3.45883757e+02   6.70336711e-04
   3.45884246e+02   2.58698268e-03
   3.45884734e+02  -1.42543058e-05
   3.45885222e+02  -1.63664587e-03
   3.45885711e+02  -8.18381086e-05
   3.45886199e+02   3.88175191e-04
   3.45886687e+02   3.52630334e-04
   3.45887176e+02  -9.50897811e-05
   3.45887664e+02   6.91400637e-05
   3.45888152e+02   1.78235502e-03
   3.45888641e+02   2.58369348e-03
   3.45889129e+02   2.77660950e-03
   3.45889617e+02   1.18808867e-03
   3.45890105e+02  -1.11410103e-03
   3.45890594e+02  -1.52829147e-04
   3.45891082e+02   1.02169241e-03
   3.45891570e+02   9.92402900e-04
   3.45892059e+02   2.79419497e-03
   3.45892547e+02   3.05164536e-03
   3.45893035e+02  -1.06548017e-03
   3.45893524e+02  -2.97629554e-03
   3.45894012e+02  -9.11998854e-04
   3.45894500e+02   5.04278461e-04
   3.45894989e+02  -4.55585949e-04
   3.45895477e+02  -1.69363362e-03
   3.45895965e+02  -6.48752321e-04
   3.45896453e+02   2.14877911e-03
   3.45896942e+02   3.84638715e-03
   3.45897430e+02   3.11452942e-03
   3.45897918e+02   9.46672575e-04
   3.45898407e+02  -9.00859479e-04
   3.45898895e+02  -1.90389133e-03
   3.45899383e+02  -2.32679234e-03
   3.45899872e+02  -1.55371753e-03
   3.45900360e+02  -1.38428097e-03
   3.45900848e+02  -7.75083259e-04
   3.45901337e+02   1.32589776e-03
   3.45901825e+02   1.67816423e-03
   3.45902313e+02   4.60075215e-04
   3.45902801e+02  -7.25510705e-04
   3.45903290e+02  -9.26365610e-04
   3.45903778e+02  -2.05055432e-04
   3.45904266e+02   5.58643951e-04
   3.45904755e+02   1.76162604e-04
   3.45905243e+02   8.47694755e-04
   3.45905731e+02   1.76264602e-03
   3.45906220e+02  -2.10575075e-04
   3.45906708e+02  -5.25053591e-04
   3.45907196e+02   2.20036763e-03
   3.45907685e+02   3.75724561e-03
   3.45908173e+02   2.80207163e-03
   3.45908661e+02   1.41382462e-03
   3.45909150e+02   2.60532089e-03
   3.45909638e+02   2.59344536e-03
   3.45910126e+02  -1.93470984e-03
   3.45910614e+02  -3.57894739e-03
   3.45911103e+02  -1.16227695e-03
   3.45911591e+02  -1.18184614e-03
   3.45912079e+02  -1.74319651e-03
   3.45912568e+02   4.25592822e-04
   3.45913056e+02   2.74423137e-03
   3.45913544e+02   1.66578335e-03
   3.45914033e+02  -2.70981062e-03
   3.45914521e+02  -4.89897514e-03
   3.45915009e+02  -3.72518715e-03
   3.45915498e+02  -2.02175975e-03
   3.45915986e+02  -5.46827912e-04
   3.45916474e+02   8.43718954e-05
   3.45916962e+02   1.32870628e-03
   3.45917451e+02   1.24203321e-03
   3.45917939e+02   1.01088131e-04
   3.45918427e+02   1.21881324e-03
   3.45918916e+02   1.58643571e-03
   3.45919404e+02  -9.14148986e-05
   3.45919892e+02  -2.82946683e-04
   3.45920381e+02  -1.15644629e-03
   3.45920869e+02  -3.02267005e-03
   3.45921357e+02  -1.40062720e-03
   3.45921846e+02  -2.38668454e-05
   3.45922334e+02   3.92164686e-04
   3.45922822e+02   3.12279398e-03
   3.45923310e+02   3.14993574e-03
   3.45923799e+02   6.41708975e-05
   3.45924287e+02  -9.01183404e-04
   3.45924775e+02  -7.24951038e-04
   3.45925264e+02   7.33109831e-04
   3.45925752e+02   2.09734635e-03
   3.45926240e+02   1.19745906e-03
   3.45926729e+02   6.16400910e-04
   3.45927217e+02   1.33937877e-03
   3.45927705e+02   2.16235197e-03
   3.45928194e+02   9.69586545e-04
   3.45928682e+02  -3.89109860e-04
   3.45929170e+02  -2.01614472e-04
   3.45929658e+02  -1.74133654e-03
   3.45930147e+02  -3.66244488e-03
   3.45930635e+02  -3.80515028e-03
   3.45931123e+02  -2.62730662e-03
   3.45931612e+02   2.98781408e-04
   3.45932100e+02   2.94420123e-03
   3.45932588e+02   2.21504830e-03
   3.45933077e+02   1.13128533e-03
   3.45933565e+02   9.39136487e-04
   3.45934053e+02  -7.57230446e-05
   3.45934542e+02  -7.21380347e-04
   3.45935030e+02  -1.91395869e-03
   3.45935518e+02  -2.64008134e-03
   3.45936006e+02  -8.59503343e-04
   3.45936495e+02   1.93964603e-04
   3.45936983e+02  -6.08570117e-04
   3.45937471e+02  -1.53204321e-03
   3.45937960e+02  -2.18251790e-03
   3.45938448e+02  -1.60653424e-03
   3.45938936e+02   5.17501496e-04
   3.45939425e+02   9.57457407e-04
   3.45939913e+02   4.84323740e-04
   3.45940401e+02   8.44825117e-04
   3.45940890e+02   1.21979939e-03
   3.45941378e+02   8.26332718e-04
   3.45941866e+02   6.09472743e-04
   3.45942354e+02  -1.90287465e-04
   3.45942843e+02  -5.88398543e-04
   3.45943331e+02   1.73601496e-04
   3.45943819e+02   7.35409791e-04
   3.45944308e+02   2.74399854e-03
   3.45944796e+02   3.10455123e-03
   3.45945284e+02   6.38203754e-04
   3.45945773e+02  -1.42523177e-05
   3.45946261e+02   8.42146052e-04
   3.45946749e+02   1.03382068e-03
   3.45947238e+02  -4.14422946e-04
   3.45947726e+02  -1.17546762e-03
   3.45948214e+02   4.12948546e-04
   3.45948703e+02   2.47771881e-04
   3.45949191e+02  -9.21944156e-04
   3.45949679e+02   4.72721062e-04
   3.45950167e+02   2.49953568e-03
   3.45950656e+02   2.09278753e-03
   3.45951144e+02  -1.94960412e-05
   3.45951632e+02  -9.79689183e-04
   3.45952121e+02  -9.08619608e-04
   3.45952609e+02  -2.90275179e-03
   3.45953097e+02  -5.46704093e-03
   3.45953586e+02  -5.53768873e-03
   3.45954074e+02  -4.90384409e-03
   3.45954562e+02  -3.78949265e-03
   3.45955051e+02  -3.59661091e-04
   3.45955539e+02   1.35681871e-03
   3.45956027e+02   2.35240994e-04
   3.45956515e+02  -4.11622401e-04
   3.45957004e+02  -1.29012205e-03
   3.45957492e+02  -2.15068343e-03
   3.45957980e+02  -7.93304236e-04
   3.45958469e+02   2.12281267e-03
   3.45958957e+02   4.32867743e-03
   3.45959445e+02   4.46653320e-03
   3.45959934e+02   3.24693043e-03
   3.45960422e+02   1.41279818e-03
   3.45960910e+02   3.61168233e-04
   3.45961399e+02   5.45676623e-04
   3.45961887e+02   7.92822451e-04
   3.45962375e+02   1.66214083e-03
   3.45962863e+02   9.31560528e-04
   3.45963352e+02  -3.67737550e-04
   3.45963840e+02   1.36601634e-03
   3.45964328e+02   2.20591342e-03
   3.45964817e+02   1.17977528e-04
   3.45965305e+02  -1.12260936e-03
   3.45965793e+02  -1.48927572e-03
   3.45966282e+02  -2.15912284e-03
   3.45966770e+02  -1.18456269e-03
   3.45967258e+02   2.76276231e-04
   3.45967747e+02   3.66876164e-04
   3.45968235e+02  -4.07243933e-04
   3.45968723e+02  -6.20671432e-04
   3.45969211e+02   6.49693655e-04
   3.45969700e+02   1.31874450e-03
   3.45970188e+02   3.56153760e-04
   3.45970676e+02  -1.13098696e-03
   3.45971165e+02  -1.77961856e-03
   3.45971653e+02   3.96590942e-04
   3.45972141e+02   4.49898624e-04
   3.45972630e+02  -4.49650630e-04
   3.45973118e+02   3.68774141e-04
   3.45973606e+02  -6.98553486e-05
   3.45974095e+02   2.18185654e-04
   3.45974583e+02   1.41125813e-03
   3.45975071e+02   1.89813215e-03
   3.45975559e+02   1.29250379e-03
   3.45976048e+02  -1.24823838e-03
   3.45976536e+02  -1.17112242e-03
   3.45977024e+02   9.14383505e-04
   3.45977513e+02  -3.46136949e-04
   3.45978001e+02  -1.59814279e-03
   3.45978489e+02   5.02638752e-04
   3.45978978e+02   3.26549215e-03
   3.45979466e+02   3.80168669e-03
   3.45979954e+02   1.57994078e-03
   3.45980443e+02  -6.72039168e-05
   3.45980931e+02  -1.68018613e-03
   3.45981419e+02  -3.25873634e-03
   3.45981907e+02  -1.55729731e-03
   3.45982396e+02   7.28226791e-04
   3.45982884e+02  -6.51708688e-04
   3.45983372e+02  -1.60091696e-03
   3.45983861e+02   9.33252566e-04
   3.45984349e+02   1.15172740e-03
   3.45984837e+02  -9.02772066e-04
   3.45985326e+02   3.07684997e-04
   3.45985814e+02   2.33256188e-03
   3.45986302e+02   1.35022262e-03
   3.45986791e+02  -1.27670210e-04
   3.45987279e+02  -6.05149835e-04
   3.45987767e+02  -1.22537464e-03
   3.45988256e+02  -2.01935577e-03
   3.45988744e+02  -8.81950138e-04
   3.45989232e+02   1.01688993e-03
   3.45989720e+02   4.62694094e-04
   3.45990209e+02  -2.15164945e-03
   3.45990697e+02  -4.18277178e-03
   3.45991185e+02  -2.29673437e-03
   3.45991674e+02  -1.00828602e-03
   3.45992162e+02  -8.22741596e-04
   3.45992650e+02   4.43292316e-04
   3.45993139e+02  -9.02330561e-04
   3.45993627e+02  -1.31800340e-03
   3.45994115e+02   1.39251397e-05
   3.45994604e+02  -6.63854764e-04
   3.45995092e+02  -1.18628750e-03
   3.45995580e+02  -8.36694322e-04
   3.45996068e+02  -9.23832762e-04
   3.45996557e+02  -2.05190200e-03
   3.45997045e+02  -3.26408749e-03
   3.45997533e+02  -4.01900662e-03
   3.45998022e+02  -3.14826355e-03
   3.45998510e+02  -1.85079407e-03
   3.45998998e+02  -1.65948458e-03
   3.45999487e+02  -8.13011138e-04
   3.45999975e+02  -5.70616219e-04
   3.46000463e+02  -9.39286838e-04
   3.46000952e+02  -6.19280254e-05
   3.46001440e+02   4.65925783e-04
   3.46001928e+02  -1.50804844e-04
   3.46002416e+02  -5.93472854e-04
   3.46002905e+02  -5.70667442e-04
   3.46003393e+02   2.68082746e-04
   3.46003881e+02   2.86809495e-03
   3.46004370e+02   4.24574642e-03
   3.46004858e+02   3.03850416e-03
   3.46005346e+02  -1.18525517e-04
   3.46005835e+02  -3.89836542e-03
   3.46006323e+02  -4.56305128e-03
   3.46006811e+02  -1.90239958e-03
   3.46007300e+02   1.94901193e-03
   3.46007788e+02   2.92220851e-03
   3.46008276e+02   9.42826562e-04
   3.46008764e+02  -8.92973389e-04
   3.46009253e+02  -2.37401831e-03
   3.46009741e+02  -2.17692438e-03
   3.46010229e+02  -1.29881047e-03
   3.46010718e+02  -7.17130082e-04
   3.46011206e+02   6.30256953e-04
   3.46011694e+02   1.36996794e-03
   3.46012183e+02  -6.86894986e-04
   3.46012671e+02  -5.87451505e-04
   3.46013159e+02   1.67770428e-03
   3.46013648e+02  -1.73194087e-04
   3.46014136e+02  -2.30963412e-03
   3.46014624e+02  -9.06066212e-04
   3.46015112e+02   8.80377949e-04
   3.46015601e+02   1.00817275e-03
   3.46016089e+02   8.65200491e-05
   3.46016577e+02  -1.89091283e-04
   3.46017066e+02  -3.29070113e-04
   3.46017554e+02   1.11890084e-03
   3.46018042e+02   2.03415775e-03
   3.46018531e+02  -9.64621198e-04
   3.46019019e+02  -3.70459585e-03
   3.46019507e+02  -1.60655391e-03
   3.46019996e+02   7.77344569e-04
   3.46020484e+02   1.00227667e-03
   3.46020972e+02   5.87784569e-04
   3.46021460e+02  -7.62004347e-04
   3.46021949e+02  -1.31289160e-03
   3.46022437e+02  -2.64911418e-04
   3.46022925e+02  -1.03198178e-03
   3.46023414e+02  -3.09417560e-03
   3.46023902e+02  -1.84215768e-03
   3.46024390e+02   7.08460691e-04
   3.46024879e+02   1.06256703e-04
   3.46025367e+02  -1.00401929e-03
   3.46025855e+02  -7.13096699e-04
   3.46026344e+02  -1.04966783e-03
   3.46026832e+02  -1.10768306e-03
   3.46027320e+02   9.13288735e-04
   3.46027809e+02   2.63479236e-03
   3.46028297e+02   2.37761834e-03
   3.46028785e+02   1.03187957e-03
   3.46029273e+02   1.08363573e-03
   3.46029762e+02   1.22075062e-03
   3.46030250e+02   1.25570490e-03
   3.46030738e+02   2.55419104e-03
   3.46031227e+02   2.14297930e-03
   3.46031715e+02   1.29475421e-03
   3.46032203e+02   1.98785868e-03
   3.46032692e+02   2.61421804e-03
   3.46033180e+02   2.63636629e-03
   3.46033668e+02   2.56149331e-03
   3.46034157e+02   2.24041170e-03
   3.46034645e+02  -1.19011231e-04
   3.46035133e+02  -1.57361152e-03
   3.46035621e+02  -9.19161132e-04
   3.46036110e+02  -1.90252461e-03
   3.46036598e+02  -3.00616375e-03
   3.46037086e+02  -1.90028152e-03
   3.46037575e+02   4.99747868e-04
   3.46038063e+02   3.34010343e-03
   3.46038551e+02   5.14941569e-03
   3.46039040e+02   4.18209098e-03
   3.46039528e+02   9.45032865e-04
   3.46040016e+02   1.94577631e-04
   3.46040505e+02   1.33350084e-03
   3.46040993e+02   1.04993371e-04
   3.46041481e+02  -1.26248342e-03
   3.46041969e+02   5.00738795e-04
   3.46042458e+02   2.30034650e-03
   3.46042946e+02   1.53452135e-03
   3.46043434e+02  -5.27767348e-04
   3.46043923e+02  -1.98023301e-03
   3.46044411e+02  -1.53458829e-03
   3.46044899e+02  -1.01423077e-03
   3.46045388e+02  -7.39811920e-04
   3.46045876e+02   6.28879061e-04
   3.46046364e+02   1.46842469e-03
   3.46046853e+02   8.39910586e-04
   3.46047341e+02   3.66411288e-04
   3.46047829e+02   1.40670672e-04
   3.46048317e+02  -3.12327284e-05
   3.46048806e+02  -4.14988099e-05
   3.46049294e+02  -4.88483987e-04
   3.46049782e+02  -1.87333426e-04
   3.46050271e+02   1.60477147e-03
   3.46050759e+02   2.60349596e-03
   3.46051247e+02   1.93808693e-03
   3.46051736e+02   1.30266897e-04
   3.46052224e+02  -2.89691496e-03
   3.46052712e+02  -5.99227333e-03
   3.46053201e+02  -6.11367542e-03
   3.46053689e+02  -2.90679280e-03
   3.46054177e+02  -1.86178368e-03
   3.46054665e+02  -2.46742461e-03
   3.46055154e+02  -1.54339231e-03
   3.46055642e+02  -5.49611403e-04
   3.46056130e+02   4.54338937e-04
   3.46056619e+02   1.19214959e-03
   3.46057107e+02   2.09365669e-03
   3.46057595e+02   3.15624429e-03
   3.46058084e+02   2.16470426e-03
   3.46058572e+02   3.24744091e-04
   3.46059060e+02  -5.46728261e-04
   3.46059549e+02  -1.11125980e-03
   3.46060037e+02   1.09297270e-03
   3.46060525e+02   2.64524086e-03
   3.46061013e+02  -9.18080041e-04
   3.46061502e+02  -2.78066774e-03
   3.46061990e+02  -5.42113557e-04
   3.46062478e+02   5.18177869e-04
   3.46062967e+02   6.45801483e-04
   3.46063455e+02   2.39715533e-04
   3.46063943e+02  -1.78700651e-03
   3.46064432e+02  -3.04320338e-03
   3.46064920e+02  -2.47197226e-03
   3.46065408e+02  -1.68386113e-03
   3.46065897e+02   9.38226411e-04
   3.46066385e+02   1.99643825e-03
   3.46066873e+02   3.66645894e-04
   3.46067362e+02   1.01933394e-04
   3.46067850e+02   3.44009983e-04
   3.46068338e+02   1.27552741e-03
   3.46068826e+02   2.20717373e-03
   3.46069315e+02   1.99864036e-03
   3.46069803e+02   2.55635736e-04
   3.46070291e+02  -3.10032559e-03
   3.46070780e+02  -3.58601497e-03
   3.46071268e+02  -6.86849933e-04
   3.46071756e+02   9.26759210e-04
   3.46072245e+02   1.26588414e-03
   3.46072733e+02   1.02113304e-03
   3.46073221e+02  -2.86743918e-04
   3.46073710e+02  -2.58175377e-03
   3.46074198e+02  -2.35561561e-03
   3.46074686e+02   1.49961933e-03
   3.46075174e+02   3.37827625e-03
   3.46075663e+02   1.73577224e-03
   3.46076151e+02  -8.30739154e-04
   3.46076639e+02  -9.29125468e-04
   3.46077128e+02   1.41316676e-03
   3.46077616e+02   1.86943356e-03
   3.46078104e+02   2.66894640e-04
   3.46078593e+02  -1.00970629e-03
   3.46079081e+02  -1.74394739e-03
   3.46079569e+02  -2.75379256e-03
   3.46080058e+02  -2.97302008e-03
   3.46080546e+02  -2.05505895e-03
   3.46081034e+02  -1.05580164e-03
   3.46081522e+02   6.10143703e-04
   3.46082011e+02   7.31864478e-04
   3.46082499e+02  -1.13018311e-03
   3.46082987e+02  -6.51539711e-04
   3.46083476e+02   1.96455186e-03
   3.46083964e+02   2.87216250e-03
   3.46084452e+02   2.67891446e-03
   3.46084941e+02   2.39958684e-03
   3.46085429e+02   1.65929808e-03
   3.46085917e+02   1.03984516e-04
   3.46086406e+02  -8.81077955e-04
   3.46086894e+02  -7.63299468e-04
   3.46087382e+02   5.29347220e-04
   3.46087870e+02   2.75585777e-03
   3.46088359e+02   1.97011814e-03
   3.46088847e+02  -1.48352026e-03
   3.46089335e+02  -2.92657921e-03
   3.46089824e+02  -2.41406681e-03
   3.46090312e+02  -1.52064022e-03
   3.46090800e+02  -1.60644902e-03
   3.46091289e+02  -3.62005597e-03
   3.46091777e+02  -3.04911402e-03
   3.46092265e+02   9.05229826e-04
   3.46092754e+02   2.32173922e-03
   3.46093242e+02   1.25098554e-03
   3.46093730e+02   4.92142804e-04
   3.46094218e+02   6.47625784e-05
   3.46094707e+02  -8.83644272e-04
   3.46095195e+02  -9.61603946e-04
   3.46095683e+02  -5.77531697e-04
   3.46096172e+02  -1.58508180e-03
   3.46096660e+02  -1.06530311e-03
   3.46097148e+02  -2.69661658e-04
   3.46097637e+02  -2.12664763e-03
   3.46098125e+02  -4.17577382e-03
   3.46098613e+02  -4.39394033e-03
   3.46099102e+02  -1.49435771e-03
   3.46099590e+02   3.03385919e-03
   3.46100078e+02   4.52463143e-03
   3.46100566e+02   2.71641789e-03
   3.46101055e+02  -6.25370478e-04
   3.46101543e+02  -1.65096740e-03
   3.46102031e+02   1.14919269e-03
   3.46102520e+02   2.50133662e-03
   3.46103008e+02   2.17419234e-03
   3.46103496e+02   7.56871945e-04
   3.46103985e+02  -9.01946798e-04
   3.46104473e+02   2.21795883e-04
   3.46104961e+02   1.15828449e-03
   3.46105450e+02   1.41850312e-03
   3.46105938e+02   2.26720986e-05
   3.46106426e+02  -1.63073314e-03
   3.46106915e+02  -6.69956964e-04
   3.46107403e+02  -2.85025944e-05
   3.46107891e+02  -1.87350888e-04
   3.46108379e+02   2.68370175e-04
   3.46108868e+02   5.24366740e-04
   3.46109356e+02   6.45087857e-04
   3.46109844e+02  -5.69085474e-04
   3.46110333e+02  -2.92393798e-03
   3.46110821e+02  -4.11797082e-03
   3.46111309e+02  -2.62634479e-03
   3.46111798e+02   1.38628250e-03
   3.46112286e+02   4.23033349e-03
   3.46112774e+02   3.77505459e-03
   3.46113263e+02   1.54368859e-03
   3.46113751e+02  -2.87971896e-04
   3.46114239e+02   2.77139945e-04
   3.46114727e+02   2.16407585e-03
   3.46115216e+02   4.07907926e-03
   3.46115704e+02   2.93609709e-03
   3.46116192e+02   5.41049230e-04
   3.46116681e+02  -5.01818198e-04
   3.46117169e+02   4.46103775e-04
   3.46117657e+02   1.18784909e-03
   3.46118146e+02  -1.23649288e-03
   3.46118634e+02  -2.26900983e-03
   3.46119122e+02  -3.70875059e-04
   3.46119611e+02   7.60608935e-04
   3.46120099e+02   9.73868649e-04
   3.46120587e+02   5.52923768e-04
   3.46121075e+02  -7.37214694e-04
   3.46121564e+02  -1.95236783e-03
   3.46122052e+02  -1.02972134e-03
   3.46122540e+02   1.88068312e-03
   3.46123029e+02   2.80803605e-03
   3.46123517e+02   1.12939009e-03
   3.46124005e+02  -7.71768391e-04
   3.46124494e+02  -2.27705133e-03
   3.46124982e+02  -4.47651139e-03
   3.46125470e+02  -3.91202094e-03
   3.46125959e+02   6.08540548e-04
   3.46126447e+02   2.29309243e-03
   3.46126935e+02   6.37449382e-04
   3.46127423e+02   1.22562388e-03
   3.46127912e+02   3.63620324e-03
   3.46128400e+02   2.81421281e-03
   3.46128888e+02   1.84691942e-03
   3.46129377e+02   2.35504191e-03
   3.46129865e+02  -1.75781606e-04
   3.46130353e+02  -3.58066661e-03
   3.46130842e+02  -3.63991316e-03
   3.46131330e+02  -1.16428290e-03
   3.46131818e+02   1.60303304e-03
   3.46132307e+02   2.71550962e-03
   3.46132795e+02   1.32170843e-03
   3.46133283e+02  -8.58335930e-04
   3.46133771e+02  -9.03768756e-04
   3.46134260e+02  -4.65566030e-04
   3.46134748e+02   1.52188630e-04
   3.46135236e+02   1.08664297e-03
   3.46135725e+02  -1.08424586e-03
   3.46136213e+02  -1.72571314e-03
   3.46136701e+02   2.25198967e-03
   3.46137190e+02   2.89182388e-03
   3.46137678e+02  -1.55033515e-04
   3.46138166e+02  -2.33162288e-03
   3.46138655e+02  -2.42152880e-03
   3.46139143e+02  -1.60383584e-03
   3.46139631e+02  -1.89550733e-03
   3.46140119e+02  -2.39100028e-03
   3.46140608e+02  -1.68668956e-03
   3.46141096e+02   2.70469100e-05
   3.46141584e+02   2.03647069e-03
   3.46142073e+02   1.33286940e-03
   3.46142561e+02   3.41146282e-04
   3.46143049e+02   1.43390091e-03
   3.46143538e+02   9.39524791e-04
   3.46144026e+02  -5.19871210e-05
   3.46144514e+02  -2.56005587e-04
   3.46145003e+02   1.02904349e-04
   3.46145491e+02   7.13438785e-04
   3.46145979e+02   1.77282211e-03
   3.46146468e+02   1.68341165e-03
   3.46146956e+02   2.47580192e-05
   3.46147444e+02   2.94107012e-04
   3.46147932e+02   2.27073394e-03
   3.46148421e+02   2.77868775e-03
   3.46148909e+02  -5.30577789e-04
   3.46149397e+02  -3.07962578e-03
   3.46149886e+02  -2.14883755e-03
   3.46150374e+02  -2.26276647e-03
   3.46150862e+02  -3.42001929e-03
   3.46151351e+02  -3.23398877e-03
   3.46151839e+02  -2.46764673e-03
   3.46152327e+02  -5.63020818e-04
   3.46152816e+02   8.54343642e-04
   3.46153304e+02   2.85443439e-05
   3.46153792e+02  -1.04284601e-03
   3.46154280e+02   1.52359908e-05
   3.46154769e+02   5.39876637e-04
   3.46155257e+02   9.44584433e-04
   3.46155745e+02   1.74116378e-03
   3.46156234e+02   5.07048208e-05
   3.46156722e+02  -1.63411163e-03
   3.46157210e+02  -1.06164371e-03
   3.46157699e+02   3.73662653e-04
   3.46158187e+02   1.36719528e-03
   3.46158675e+02   4.76496323e-04
   3.46159164e+02   1.62586060e-04
   3.46159652e+02   2.26773176e-04
   3.46160140e+02  -2.05298769e-03
   3.46160628e+02  -2.07170425e-03
   3.46161117e+02  -2.49132805e-04
   3.46161605e+02   6.16908983e-06
   3.46162093e+02  -2.04059717e-04
   3.46162582e+02  -1.62083539e-03
   3.46163070e+02  -2.27554934e-03
   3.46163558e+02  -1.02974905e-03
   3.46164047e+02  -7.19120202e-04
   3.46164535e+02  -9.57351062e-04
   3.46165023e+02  -6.58953104e-06
   3.46165512e+02   1.45650061e-03
   3.46166000e+02   1.07469247e-03
   3.46166488e+02  -1.69391639e-03
   3.46166976e+02  -3.25724483e-03
   3.46167465e+02  -2.61357031e-03
   3.46167953e+02  -1.78460672e-03
   3.46168441e+02  -2.14375276e-03
   3.46168930e+02  -1.53559318e-03
   3.46169418e+02   7.52028311e-04
   3.46169906e+02   1.84390147e-03
   3.46170395e+02   2.19455641e-03
   3.46170883e+02   8.70899938e-04
   3.46171371e+02  -2.36534164e-03
   3.46171860e+02  -2.07956578e-03
   3.46172348e+02   7.85847660e-04
   3.46172836e+02   1.16893253e-03
   3.46173324e+02  -5.43507049e-05
   3.46173813e+02   1.55399262e-04
   3.46174301e+02   5.86899463e-04
   3.46174789e+02   8.64130503e-04
   3.46175278e+02   1.28469628e-03
   3.46175766e+02   1.65812275e-03
   3.46176254e+02   3.29620147e-04
   3.46176743e+02  -1.06506574e-03
   3.46177231e+02  -4.87690064e-04
   3.46177719e+02  -2.17421679e-04
   3.46178208e+02  -1.36446790e-03
   3.46178696e+02  -1.55115570e-03
   3.46179184e+02  -8.63302557e-04
   3.46179672e+02  -3.95631767e-04
   3.46180161e+02   1.73117884e-03
   3.46180649e+02   4.20814706e-03
   3.46181137e+02   3.74383107e-03
   3.46181626e+02   5.20381727e-04
   3.46182114e+02  -2.24871095e-03
   3.46182602e+02  -1.87000295e-03
   3.46183091e+02  -1.31445468e-05
   3.46183579e+02  -2.50769226e-04
   3.46184067e+02  -1.33840845e-03
   3.46184556e+02  -1.88574952e-03
   3.46185044e+02  -1.46226014e-03
   3.46185532e+02  -7.61639749e-05
   3.46186021e+02   8.08904704e-04
   3.46186509e+02   8.85649351e-04
   3.46186997e+02   3.90082678e-05
   3.46187485e+02   2.50194513e-04
   3.46187974e+02   1.33818598e-03
   3.46188462e+02   2.07068282e-03
   3.46188950e+02   2.15331977e-03
   3.46189439e+02   1.88508816e-03
   3.46189927e+02   3.67268501e-03
   3.46190415e+02   4.67777299e-03
   3.46190904e+02   1.37725612e-03
   3.46191392e+02   3.13908182e-04
   3.46191880e+02   2.23440584e-03
   3.46192369e+02   1.28867931e-03
   3.46192857e+02  -1.21536883e-04
   3.46193345e+02  -3.23648303e-04
   3.46193833e+02  -1.86838664e-03
   3.46194322e+02  -3.35091306e-03
   3.46194810e+02  -2.28706631e-03
   3.46195298e+02   2.42653696e-04
   3.46195787e+02   1.77195645e-03
   3.46196275e+02   1.94017007e-03
   3.46196763e+02  -2.91217933e-04
   3.46197252e+02  -1.69910176e-03
   3.46197740e+02  -1.24032376e-03
   3.46198228e+02  -2.39450275e-03
   3.46198717e+02  -4.29355027e-03
   3.46199205e+02  -4.25874349e-03
   3.46199693e+02  -3.60519974e-03
   3.46200181e+02  -2.32608826e-03
   3.46200670e+02  -5.51124685e-04
   3.46201158e+02  -8.86597845e-04
   3.46201646e+02  -1.74970273e-03
   3.46202135e+02  -8.02578346e-04
   3.46202623e+02   1.48719735e-03
   3.46203111e+02   1.94855826e-03
   3.46203600e+02  -8.43041693e-04
   3.46204088e+02  -1.71442365e-03
   3.46204576e+02  -3.39066173e-04
   3.46205065e+02   4.31950059e-04
   3.46205553e+02   1.62007159e-03
   3.46206041e+02   1.57120789e-03
   3.46206529e+02   4.03343729e-04
   3.46207018e+02  -9.23291154e-05
   3.46207506e+02  -1.65216881e-03
   3.46207994e+02  -2.71879416e-03
   3.46208483e+02  -1.19247905e-03
   3.46208971e+02   9.64650069e-04
   3.46209459e+02   1.83639757e-03
   3.46209948e+02   1.62100792e-03
   3.46210436e+02   6.83271908e-04
   3.46210924e+02  -6.33379444e-04
   3.46211413e+02  -1.67643419e-04
   3.46211901e+02   1.68972241e-03
   3.46212389e+02   3.12286615e-03
   3.46212877e+02   3.87895363e-03
   3.46213366e+02   3.35031352e-03
   3.46213854e+02   2.57150130e-03
   3.46214342e+02   1.32934435e-03
   3.46214831e+02  -9.09264418e-05
   3.46215319e+02   6.44919288e-04
   3.46215807e+02   1.49505795e-03
   3.46216296e+02   3.90565634e-04
   3.46216784e+02  -7.99988629e-05
   3.46217272e+02  -5.27214434e-05
   3.46217761e+02  -1.67565967e-03
   3.46218249e+02  -2.67402874e-03
   3.46218737e+02  -2.37782858e-03
   3.46219225e+02  -1.24750868e-03
   3.46219714e+02   8.84964655e-04
   3.46220202e+02   1.33193890e-03
   3.46220690e+02  -2.15511274e-04
   3.46221179e+02  -1.35742419e-03
   3.46221667e+02  -1.14823622e-03
   3.46222155e+02  -7.37472146e-04
   3.46222644e+02  -8.20443383e-04
   3.46223132e+02  -5.74128528e-04
   3.46223620e+02   5.63901674e-04
   3.46224109e+02   7.42355769e-04
   3.46224597e+02   1.09241332e-03
   3.46225085e+02   2.65657576e-03
   3.46225574e+02   2.88554863e-03
   3.46226062e+02   6.11657393e-04
   3.46226550e+02  -8.99072184e-05
   3.46227038e+02   1.72414200e-03
   3.46227527e+02   1.37264171e-04
   3.46228015e+02  -2.68071727e-03
   3.46228503e+02  -2.11830647e-03
   3.46228992e+02  -1.31952611e-03
   3.46229480e+02  -2.44774460e-03
   3.46229968e+02  -1.75273744e-03
   3.46230457e+02   5.41939924e-04
   3.46230945e+02   1.32173812e-03
   3.46231433e+02   1.19529176e-03
   3.46231922e+02   2.94537889e-03
   3.46232410e+02   5.35138138e-03
   3.46232898e+02   4.54431539e-03
   3.46233386e+02   1.98777113e-03
   3.46233875e+02   1.20590196e-03
   3.46234363e+02   1.83153327e-03
   3.46234851e+02   8.61044973e-04
   3.46235340e+02  -1.67486514e-03
   3.46235828e+02  -3.39503866e-03
   3.46236316e+02  -2.77780532e-03
   3.46236805e+02  -7.06364866e-04
   3.46237293e+02   7.65316363e-04
   3.46237781e+02   2.67509650e-03
   3.46238270e+02   4.37702751e-03
   3.46238758e+02   3.45418975e-03
   3.46239246e+02   1.06232439e-03
   3.46239734e+02  -8.29802710e-04
   3.46240223e+02  -7.18720956e-04
   3.46240711e+02  -2.02647891e-04
   3.46241199e+02  -1.42282038e-03
   3.46241688e+02  -1.20527903e-03
   3.46242176e+02   4.13558912e-04
   3.46242664e+02  -3.90622241e-04
   3.46243153e+02  -2.01957766e-03
   3.46243641e+02  -1.91592157e-03
   3.46244129e+02  -2.15264456e-03
   3.46244618e+02  -1.45148428e-03
   3.46245106e+02   5.33060927e-04
   3.46245594e+02   1.65715022e-03
   3.46246082e+02   2.21333839e-03
   3.46246571e+02   1.73535896e-03
   3.46247059e+02   2.51345197e-03
   3.46247547e+02   4.09338903e-03
   3.46248036e+02   2.70511722e-03
   3.46248524e+02   1.08247180e-03
   3.46249012e+02   4.81902272e-04
   3.46249501e+02   9.98205040e-04
   3.46249989e+02   2.31948798e-03
   3.46250477e+02   2.36574234e-03
   3.46250966e+02   1.73405639e-03
   3.46251454e+02   1.29255990e-03
   3.46251942e+02   4.50625404e-04
   3.46252430e+02   9.05998400e-04
   3.46252919e+02   1.32900383e-03
   3.46253407e+02  -2.43875504e-04
   3.46253895e+02  -1.09068141e-03
   3.46254384e+02  -1.32947753e-03
   3.46254872e+02  -1.86737301e-03
   3.46255360e+02  -8.89740651e-04
   3.46255849e+02   2.26593169e-04
   3.46256337e+02  -5.39980945e-04
   3.46256825e+02  -1.24173553e-03
   3.46257314e+02  -6.85171282e-04
   3.46257802e+02  -5.28896286e-04
   3.46258290e+02  -1.84879359e-03
   3.46258778e+02  -3.85069475e-03
   3.46259267e+02  -5.03635081e-03
   3.46259755e+02  -3.73397279e-03
   3.46260243e+02   6.42340747e-04
   3.46260732e+02   3.28576611e-03
   3.46261220e+02   2.80954456e-03
   3.46261708e+02   3.97612201e-03
   3.46262197e+02   4.87025036e-03
   3.46262685e+02   2.07819603e-03
   3.46263173e+02  -4.95911983e-04
   3.46263662e+02  -1.70180132e-03
   3.46264150e+02  -2.11470667e-03
   3.46264638e+02  -1.49795471e-03
   3.46265127e+02  -2.66956340e-04
   3.46265615e+02   1.28605112e-03
   3.46266103e+02   1.96953327e-03
   3.46266591e+02   7.21521676e-04
   3.46267080e+02  -5.21166658e-04
   3.46267568e+02  -1.12762302e-03
   3.46268056e+02  -7.79965543e-04
   3.46268545e+02   9.15708428e-04
   3.46269033e+02   1.71225448e-03
   3.46269521e+02   1.21541123e-03
   3.46270010e+02   5.16269123e-04
   3.46270498e+02  -1.64270838e-04
   3.46270986e+02   4.32157656e-04
   3.46271475e+02   8.42612877e-04
   3.46271963e+02  -1.04588317e-03
   3.46272451e+02  -1.28602388e-03
   3.46272939e+02  -1.03478518e-03
   3.46273428e+02  -3.55788041e-04
   3.46273916e+02   2.85620685e-03
   3.46274404e+02   4.05831402e-03
   3.46274893e+02   2.66021444e-03
   3.46275381e+02   2.44107749e-03
   3.46275869e+02   2.77848169e-03
   3.46276358e+02   1.52395992e-03
   3.46276846e+02  -2.04437194e-04
   3.46277334e+02  -9.57621087e-04
   3.46277823e+02   3.36243334e-04
   3.46278311e+02   1.37157168e-03
   3.46278799e+02   5.08135883e-04
   3.46279287e+02   1.51638140e-03
   3.46279776e+02   3.31933657e-03
   3.46280264e+02   1.72335096e-03
   3.46280752e+02   1.63052668e-04
   3.46281241e+02   2.23309016e-05
   3.46281729e+02  -3.21234780e-04
   3.46282217e+02  -2.15064967e-04
   3.46282706e+02   8.54419137e-04
   3.46283194e+02   2.84549315e-03
   3.46283682e+02   2.87724147e-03
   3.46284171e+02   1.29948382e-03
   3.46284659e+02   5.49384749e-05
   3.46285147e+02   7.77246896e-05
   3.46285635e+02   2.29082027e-04
   3.46286124e+02  -1.43731828e-03
   3.46286612e+02  -1.64172961e-03
   3.46287100e+02  -2.32220737e-05
   3.46287589e+02   4.13906935e-04
   3.46288077e+02  -7.90620572e-04
   3.46288565e+02  -1.85449468e-03
   3.46289054e+02  -1.48892752e-03
   3.46289542e+02  -1.31727604e-03
   3.46290030e+02  -9.02092899e-04
   3.46290519e+02   3.64663778e-04
   3.46291007e+02   1.90361904e-03
   3.46291495e+02   3.66919837e-03
   3.46291983e+02   2.83712894e-03
   3.46292472e+02   1.39894802e-03
   3.46292960e+02   1.29109132e-03
   3.46293448e+02   1.29091344e-03
   3.46293937e+02   1.82763860e-03
   3.46294425e+02   2.25445163e-03
   3.46294913e+02   1.85544172e-03
   3.46295402e+02   2.17816117e-03
   3.46295890e+02   1.95459230e-03
   3.46296378e+02   6.66121952e-04
   3.46296867e+02   8.63621419e-04
   3.46297355e+02  -2.38630499e-04
   3.46297843e+02  -2.61450722e-03
   3.46298331e+02  -2.92142271e-03
   3.46298820e+02  -1.37428835e-03
   3.46299308e+02   9.65197629e-04
   3.46299796e+02   3.11810221e-03
   3.46300285e+02   3.45477439e-03
   3.46300773e+02   2.26155831e-03
   3.46301261e+02  -4.36361115e-05
   3.46301750e+02  -1.82280678e-03
   3.46302238e+02  -8.20788904e-04
   3.46302726e+02   1.64152600e-03
   3.46303215e+02   2.08708551e-03
   3.46303703e+02   1.41096709e-04
   3.46304191e+02  -7.85688695e-04
   3.46304680e+02  -1.10189698e-03
   3.46305168e+02  -6.46492292e-04
   3.46305656e+02   1.69431500e-03
   3.46306144e+02   2.34423648e-03
   3.46306633e+02   2.41691432e-05
   3.46307121e+02  -1.32946402e-03
   3.46307609e+02   5.25945041e-04
   3.46308098e+02   2.76218867e-03
   3.46308586e+02   3.97455785e-03
   3.46309074e+02   3.89726087e-03
   3.46309563e+02   4.16706869e-04
   3.46310051e+02  -2.74001341e-03
   3.46310539e+02  -5.82026376e-04
   3.46311028e+02   2.21614540e-03
   3.46311516e+02   2.33297911e-03
   3.46312004e+02   4.56541457e-04
   3.46312492e+02  -6.81923586e-04
   3.46312981e+02  -6.54340081e-04
   3.46313469e+02  -1.69119670e-03
   3.46313957e+02  -9.87518695e-04
   3.46314446e+02   2.32448918e-03
   3.46314934e+02   4.09688195e-03
   3.46315422e+02   2.76988279e-03
   3.46315911e+02   9.35239834e-04
   3.46316399e+02   2.90075666e-04
   3.46316887e+02   3.45260138e-04
   3.46317376e+02   2.87453877e-04
   3.46317864e+02  -1.50522697e-04
   3.46318352e+02  -2.26220058e-04
   3.46318840e+02   6.30737515e-04
   3.46319329e+02   8.76782055e-04
   3.46319817e+02   5.15058869e-04
   3.46320305e+02  -3.12993216e-04
   3.46320794e+02   3.88596149e-04
   3.46321282e+02   1.93797192e-03
   3.46321770e+02   1.58024672e-03
   3.46322259e+02   1.70827331e-03
   3.46322747e+02   9.40536323e-04
   3.46323235e+02  -1.60043931e-03
   3.46323724e+02  -2.37009162e-03
   3.46324212e+02  -3.22827196e-04
   3.46324700e+02   2.53618974e-03
   3.46325188e+02   2.33079167e-03
   3.46325677e+02  -2.13511303e-05
   3.46326165e+02  -1.08680385e-03
   3.46326653e+02  -2.96619744e-03
   3.46327142e+02  -4.14880645e-03
   3.46327630e+02  -1.98689103e-03
   3.46328118e+02  -5.07977151e-04
   3.46328607e+02  -8.58441344e-04
   3.46329095e+02  -2.45781324e-04
   3.46329583e+02  -4.21377976e-04
   3.46330072e+02  -1.01279560e-03
   3.46330560e+02   3.63091822e-04
   3.46331048e+02  -3.76996293e-04
   3.46331536e+02  -1.11955020e-03
   3.46332025e+02   5.39822737e-04
   3.46332513e+02   9.19510378e-04
   3.46333001e+02  -3.52739735e-04
   3.46333490e+02  -5.87528804e-04
   3.46333978e+02   1.49778160e-03
   3.46334466e+02   3.00512114e-03
   3.46334955e+02   1.67440891e-03
   3.46335443e+02  -1.16085808e-03
   3.46335931e+02  -3.69370985e-03
   3.46336420e+02  -3.99624137e-03
   3.46336908e+02  -2.21877056e-03
   3.46337396e+02  -1.01059151e-03
   3.46337884e+02  -6.00336818e-04
   3.46338373e+02  -4.59102972e-04
   3.46338861e+02  -6.66979895e-06
   3.46339349e+02  -3.84328858e-04
   3.46339838e+02   6.55027106e-05
   3.46340326e+02   2.59970524e-03
   3.46340814e+02   2.53128423e-03
   3.46341303e+02   6.15437282e-04
   3.46341791e+02  -1.00044231e-03
   3.46342279e+02  -1.77331152e-03
   3.46342768e+02  -1.87025033e-03
   3.46343256e+02  -2.33907811e-03
   3.46343744e+02  -1.29514758e-03
   3.46344232e+02  -7.45403522e-04
   3.46344721e+02  -6.38817553e-04
   3.46345209e+02   8.40231660e-04
   3.46345697e+02   1.68689585e-03
   3.46346186e+02   3.55145452e-03
   3.46346674e+02   3.84604163e-03
   3.46347162e+02  -5.54325583e-04
   3.46347651e+02  -3.18759261e-03
   3.46348139e+02  -2.49159150e-03
   3.46348627e+02  -1.08965579e-03
   3.46349116e+02  -4.22168639e-04
   3.46349604e+02   1.09136757e-03
   3.46350092e+02   1.85600237e-03
   3.46350581e+02   1.17908570e-03
   3.46351069e+02  -1.75686437e-03
   3.46351557e+02  -3.03833955e-03
   3.46352045e+02  -8.84285255e-04
   3.46352534e+02   4.88824153e-04
   3.46353022e+02   7.87690456e-04
   3.46353510e+02   1.66563317e-03
   3.46353999e+02   3.98576772e-03
   3.46354487e+02   5.30722691e-03
   3.46354975e+02   2.87994137e-03
   3.46355464e+02  -4.19835735e-04
   3.46355952e+02  -1.18659751e-03
   3.46356440e+02  -2.31131868e-04
   3.46356929e+02   1.24707608e-03
   3.46357417e+02   1.74469652e-03
   3.46357905e+02   1.84299439e-04
   3.46358393e+02  -1.19753333e-03
   3.46358882e+02   1.46672552e-04
   3.46359370e+02   1.88187615e-03
   3.46359858e+02   1.46471488e-03
   3.46360347e+02  -1.63846562e-05
   3.46360835e+02  -9.16742429e-05
   3.46361323e+02   1.08626438e-03
   3.46361812e+02   7.99973088e-04
   3.46362300e+02  -8.22720176e-04
   3.46362788e+02  -1.56160200e-03
   3.46363277e+02  -1.42880681e-03
   3.46363765e+02  -9.34252457e-04
   3.46364253e+02   1.22192991e-03
   3.46364741e+02   3.51892947e-03
   3.46365230e+02   3.30090686e-03
   3.46365718e+02   1.51173491e-03
   3.46366206e+02   5.18809946e-04
   3.46366695e+02  -1.15192997e-04
   3.46367183e+02  -1.65897841e-03
   3.46367671e+02  -3.21554462e-03
   3.46368160e+02  -3.08300462e-03
   3.46368648e+02  -2.16515013e-03
   3.46369136e+02  -1.02789770e-03
   3.46369625e+02   4.79890616e-04
   3.46370113e+02   7.70859537e-04
   3.46370601e+02  -4.73825174e-04
   3.46371089e+02  -1.22999528e-03
   3.46371578e+02  -2.40472727e-04
   3.46372066e+02   9.86700994e-04
   3.46372554e+02   8.49711825e-04
   3.46373043e+02   1.67977891e-03
   3.46373531e+02   2.38840096e-03
   3.46374019e+02   4.09906905e-04
   3.46374508e+02  -2.27026976e-04
   3.46374996e+02   5.51448960e-04
   3.46375484e+02  -5.71367389e-04
   3.46375973e+02   9.52372735e-04
   3.46376461e+02   4.56996541e-03
   3.46376949e+02   4.33126139e-03
   3.46377437e+02   2.69984757e-03
   3.46377926e+02   3.12446337e-03
   3.46378414e+02   2.63902103e-03
   3.46378902e+02   1.26152660e-03
   3.46379391e+02   1.74435627e-04
   3.46379879e+02  -7.56059162e-05
   3.46380367e+02  -4.90747741e-04
   3.46380856e+02  -7.32819608e-04
   3.46381344e+02  -7.37616734e-04
   3.46381832e+02  -9.32656170e-04
   3.46382321e+02  -3.81866237e-04
   3.46382809e+02   1.66864615e-04
   3.46383297e+02  -3.09903349e-04
   3.46383785e+02  -1.24169781e-03
   3.46384274e+02  -1.63270475e-03
   3.46384762e+02  -1.13552343e-03
   3.46385250e+02  -1.46842201e-03
   3.46385739e+02  -2.58997036e-03
   3.46386227e+02  -3.85377044e-03
   3.46386715e+02  -3.98214767e-03
   3.46387204e+02  -2.35237577e-03
   3.46387692e+02  -1.52983132e-03
   3.46388180e+02  -2.01898464e-03
   3.46388669e+02  -1.20921887e-03
   3.46389157e+02   1.40390184e-03
   3.46389645e+02   2.60666548e-03
   3.46390134e+02   1.60109962e-03
   3.46390622e+02   2.34537013e-03
   3.46391110e+02   3.07367160e-03
   3.46391598e+02   6.12616946e-04
   3.46392087e+02  -2.56438903e-03
   3.46392575e+02  -4.05258359e-03
   3.46393063e+02  -1.56492786e-03
   3.46393552e+02   5.14626619e-04
   3.46394040e+02  -1.91507291e-03
   3.46394528e+02  -2.87617557e-03
   3.46395017e+02  -1.39749795e-03
   3.46395505e+02  -5.20226022e-04
   3.46395993e+02  -1.22974848e-03
   3.46396482e+02  -2.33383919e-03
   3.46396970e+02  -1.51208113e-03
   3.46397458e+02  -4.54871421e-04
   3.46397946e+02  -7.32577580e-04
   3.46398435e+02  -4.67313279e-04
   3.46398923e+02   1.44473393e-03
   3.46399411e+02   1.39820843e-03
   3.46399900e+02  -2.02265321e-04
   3.46400388e+02   4.18053067e-04
   3.46400876e+02   1.28186925e-03
   3.46401365e+02   1.08945335e-03
   3.46401853e+02   9.15301207e-04
   3.46402341e+02   5.63781650e-04
   3.46402830e+02  -1.02071464e-03
   3.46403318e+02  -3.25859128e-03
   3.46403806e+02  -3.64587363e-03
   3.46404294e+02  -1.70708518e-03
   3.46404783e+02   1.78204165e-04
   3.46405271e+02   6.26816356e-04
   3.46405759e+02   1.47235289e-04
   3.46406248e+02  -7.82106421e-04
   3.46406736e+02  -1.78512908e-03
   3.46407224e+02  -1.66156597e-03
   3.46407713e+02  -9.17415091e-05
   3.46408201e+02  -1.04758644e-03
   3.46408689e+02  -2.19269958e-03
   3.46409178e+02  -1.08291057e-03
   3.46409666e+02   9.80112236e-04
   3.46410154e+02   1.31465856e-03
   3.46410642e+02   1.71072106e-03
   3.46411131e+02   2.30182824e-03
   3.46411619e+02   1.82202959e-03
   3.46412107e+02   1.44711486e-03
   3.46412596e+02   8.79152154e-04
   3.46413084e+02  -4.09083907e-04
   3.46413572e+02  -4.38491843e-04
   3.46414061e+02   1.26161985e-03
   3.46414549e+02   2.53502862e-04
   3.46415037e+02  -2.12793029e-03
   3.46415526e+02  -2.15004245e-03
   3.46416014e+02   1.33284193e-04
   3.46416502e+02   2.03565438e-03
   3.46416990e+02   1.24154321e-03
   3.46417479e+02  -4.91500366e-04
   3.46417967e+02  -1.36675779e-03
   3.46418455e+02  -2.15606717e-03
   3.46418944e+02  -2.46123876e-03
   3.46419432e+02  -2.21911655e-03
   3.46419920e+02  -2.55268859e-03
   3.46420409e+02  -3.59782623e-03
   3.46420897e+02  -3.61877936e-03
   3.46421385e+02  -1.63839955e-03
   3.46421874e+02  -7.75577268e-04
   3.46422362e+02  -1.18265464e-03
   3.46422850e+02   2.19496011e-04
   3.46423338e+02   1.60230172e-03
   3.46423827e+02   1.52668753e-03
   3.46424315e+02   9.73043556e-04
   3.46424803e+02   4.18602140e-04
   3.46425292e+02   4.11582034e-04
   3.46425780e+02   2.46443116e-04
   3.46426268e+02   1.19121943e-03
   3.46426757e+02   2.72021187e-03
   3.46427245e+02   3.13598197e-03
   3.46427733e+02   3.35365138e-03
   3.46428222e+02   2.16296595e-03
   3.46428710e+02  -7.61630581e-05
   3.46429198e+02   2.21635943e-04
   3.46429687e+02   4.12864698e-04
   3.46430175e+02  -1.20198715e-03
   3.46430663e+02  -1.19798665e-03
   3.46431151e+02  -1.03608530e-03
   3.46431640e+02  -1.39755348e-03
   3.46432128e+02  -5.18347260e-05
   3.46432616e+02   7.57278409e-04
   3.46433105e+02  -4.38391202e-04
   3.46433593e+02  -1.24540832e-03
   3.46434081e+02  -1.25367718e-03
   3.46434570e+02  -3.16819292e-04
   3.46435058e+02   1.24984758e-03
   3.46435546e+02   9.38470475e-04
   3.46436035e+02  -5.06621262e-04
   3.46436523e+02  -2.00612983e-03
   3.46437011e+02  -2.66527897e-03
   3.46437499e+02  -1.15590577e-03
   3.46437988e+02  -1.36413422e-04
   3.46438476e+02  -1.01507897e-03
   3.46438964e+02  -4.13830800e-04
   3.46439453e+02   1.55150681e-03
   3.46439941e+02   2.27297237e-03
   3.46440429e+02   1.43807998e-03
   3.46440918e+02  -7.47798942e-04
   3.46441406e+02  -3.38039990e-03
   3.46441894e+02  -2.39606155e-03
   3.46442383e+02   5.61154273e-04
   3.46442871e+02   6.52313640e-04
   3.46443359e+02   3.90713103e-04
   3.46443847e+02   1.56383321e-03
   3.46444336e+02   1.60876324e-03
   3.46444824e+02  -4.71928623e-04
   3.46445312e+02  -2.39718426e-03
   3.46445801e+02  -6.89675391e-04
   3.46446289e+02   2.01444887e-03
   3.46446777e+02   1.90576981e-03
   3.46447266e+02   1.43231545e-03
   3.46447754e+02   1.82649482e-03
   3.46448242e+02   1.09020749e-03
   3.46448731e+02   1.72795518e-03
   3.46449219e+02   3.70587548e-03
   3.46449707e+02   4.15771129e-03
   3.46450195e+02   2.90784286e-03
   3.46450684e+02  -5.71135315e-04
   3.46451172e+02  -2.87471898e-03
   3.46451660e+02  -4.90046747e-04
   3.46452149e+02   3.49575421e-03
   3.46452637e+02   4.14079893e-03
   3.46453125e+02   2.08318909e-03
   3.46453614e+02   5.72246383e-04
   3.46454102e+02  -1.38165691e-04
   3.46454590e+02   1.16854371e-03
   3.46455079e+02   1.98331266e-03
   3.46455567e+02  -2.30647594e-04
   3.46456055e+02  -6.22397929e-04
   3.46456543e+02   2.19695416e-04
   3.46457032e+02   1.97819609e-04
   3.46457520e+02  -1.31966604e-04
   3.46458008e+02  -1.07031658e-04
   3.46458497e+02  -8.42517766e-04
   3.46458985e+02  -1.65468059e-03
   3.46459473e+02   3.06969014e-04
   3.46459962e+02   2.21866602e-03
   3.46460450e+02   1.87300052e-03
   3.46460938e+02   1.96579844e-03
   3.46461427e+02   1.26018655e-03
   3.46461915e+02  -3.22742038e-04
   3.46462403e+02   2.60735978e-04
   3.46462891e+02   4.71608131e-04
   3.46463380e+02   2.48386292e-04
   3.46463868e+02   7.24625716e-04
   3.46464356e+02   2.83184083e-04
   3.46464845e+02   6.74171606e-05
   3.46465333e+02   1.21067674e-03
   3.46465821e+02   1.15796109e-03
   3.46466310e+02  -1.18991802e-03
   3.46466798e+02  -2.70295248e-04
   3.46467286e+02   6.55658310e-04
   3.46467775e+02  -7.57446105e-04
   3.46468263e+02  -1.21998682e-03
   3.46468751e+02   9.26309789e-04
   3.46469240e+02   2.30638986e-03
   3.46469728e+02   6.44706190e-04
   3.46470216e+02  -1.14164199e-03
   3.46470704e+02  -4.79080656e-04
   3.46471193e+02   4.79008362e-04
   3.46471681e+02  -4.70332627e-04
   3.46472169e+02  -1.05568999e-03
   3.46472658e+02   8.86909198e-04
   3.46473146e+02   2.53929431e-03
   3.46473634e+02   2.74646003e-03
   3.46474123e+02   1.44373078e-03
   3.46474611e+02  -2.16310727e-04
   3.46475099e+02   3.04384244e-04
   3.46475588e+02   3.35835764e-04
   3.46476076e+02  -8.62478453e-04
   3.46476564e+02   9.75948715e-05
   3.46477052e+02   1.10256439e-03
   3.46477541e+02   5.56666288e-04
   3.46478029e+02   1.65146380e-03
   3.46478517e+02   2.21800851e-03
   3.46479006e+02   8.79586674e-04
   3.46479494e+02  -1.61312186e-04
   3.46479982e+02  -1.68270117e-03
   3.46480471e+02  -2.48229387e-03
   3.46480959e+02  -2.13760231e-03
   3.46481447e+02  -1.85994734e-03
   3.46481936e+02  -2.80939392e-04
   3.46482424e+02   2.08833581e-03
   3.46482912e+02   2.27748370e-03
   3.46483400e+02   1.47505826e-03
   3.46483889e+02  -8.34145409e-04
   3.46484377e+02  -3.41868633e-03
   3.46484865e+02  -1.19283085e-03
   3.46485354e+02   1.14111137e-03
   3.46485842e+02  -3.27843620e-04
   3.46486330e+02  -2.55970354e-03
   3.46486819e+02  -2.00103270e-03
   3.46487307e+02   4.89419617e-04
   3.46487795e+02   2.43065972e-03
   3.46488284e+02   2.46079476e-03
   3.46488772e+02   1.46791874e-03
   3.46489260e+02   1.92260172e-03
   3.46489748e+02   2.54873885e-03
   3.46490237e+02   1.57841761e-03
   3.46490725e+02   6.71127229e-04
   3.46491213e+02   4.14539129e-04
   3.46491702e+02   4.59167321e-04
   3.46492190e+02   2.45605654e-04
   3.46492678e+02   4.09971617e-05
   3.46493167e+02  -5.65276481e-04
   3.46493655e+02  -2.12303246e-03
   3.46494143e+02  -1.20860070e-03
   3.46494632e+02   9.04979126e-04
   3.46495120e+02   3.02978762e-04
   3.46495608e+02  -1.64919696e-03
   3.46496096e+02  -2.37399177e-03
   3.46496585e+02  -3.92877962e-04
   3.46497073e+02   2.14150152e-03
   3.46497561e+02   2.70005688e-03
   3.46498050e+02   1.12357014e-03
   3.46498538e+02   2.98165833e-04
   3.46499026e+02   1.12525413e-04
   3.46499515e+02  -1.56242994e-03
   3.46500003e+02  -2.03850213e-03
   3.46500491e+02  -2.35406589e-03
   3.46500980e+02  -4.45233379e-03
   3.46501468e+02  -5.02062403e-03
   3.46501956e+02  -3.85519257e-03
   3.46502444e+02  -1.60614203e-03
   3.46502933e+02   1.27458200e-03
   3.46503421e+02   6.99903758e-04
   3.46503909e+02  -3.76700249e-04
   3.46504398e+02   1.08098565e-03
   3.46504886e+02   8.95555713e-04
   3.46505374e+02   9.31321702e-04
   3.46505863e+02   2.66499561e-03
   3.46506351e+02   1.76919589e-03
   3.46506839e+02  -5.80007210e-04
   3.46507328e+02  -2.03513191e-03
   3.46507816e+02  -1.44036883e-03
   3.46508304e+02  -1.40955986e-03
   3.46508793e+02  -2.96825962e-03
   3.46509281e+02  -2.42934236e-03
   3.46509769e+02  -3.50904680e-04
   3.46510257e+02   1.74194074e-03
   3.46510746e+02   1.60704576e-03
   3.46511234e+02   1.11706951e-03
   3.46511722e+02   1.72053231e-03
   3.46512211e+02   1.92888756e-03
   3.46512699e+02   1.37338240e-03
   3.46513187e+02  -1.44485105e-03
   3.46513676e+02  -3.33980774e-03
   3.46514164e+02  -2.14575464e-03
   3.46514652e+02  -5.93176461e-04
   3.46515141e+02  -1.01411802e-04
   3.46515629e+02  -7.34954141e-04
   3.46516117e+02  -8.43883143e-04
   3.46516605e+02   4.41016018e-04
   3.46517094e+02   1.29441638e-03
   3.46517582e+02   5.46777504e-04
   3.46518070e+02  -1.01564778e-03
   3.46518559e+02  -1.17948535e-03
   3.46519047e+02  -3.12856078e-04
   3.46519535e+02  -1.72687951e-03
   3.46520024e+02  -2.40055914e-03
   3.46520512e+02  -1.65783544e-03
   3.46521000e+02  -1.29849045e-03
   3.46521489e+02   8.96532321e-04
   3.46521977e+02   1.99478841e-03
   3.46522465e+02   2.42869195e-04
   3.46522953e+02   3.21797503e-04
   3.46523442e+02   2.25664396e-03
   3.46523930e+02   3.09272460e-03
   3.46524418e+02   2.45753047e-03
   3.46524907e+02   3.87213659e-04
   3.46525395e+02  -1.91393949e-04
   3.46525883e+02   2.15261622e-04
   3.46526372e+02   1.32976426e-03
   3.46526860e+02   2.50188448e-03
   3.46527348e+02   1.90492347e-03
   3.46527837e+02  -9.81559162e-04
   3.46528325e+02  -1.50542485e-03
   3.46528813e+02   9.38593701e-04
   3.46529301e+02   1.96276512e-03
   3.46529790e+02  -1.05072766e-04
   3.46530278e+02  -8.50734883e-04
   3.46530766e+02  -1.38328352e-04
   3.46531255e+02  -6.24076638e-04
   3.46531743e+02  -1.60298962e-03
   3.46532231e+02  -2.04281183e-03
   3.46532720e+02  -2.20706934e-04
   3.46533208e+02   2.93526566e-03
   3.46533696e+02   3.73382075e-03
   3.46534185e+02   1.77055981e-03
   3.46534673e+02  -4.85276614e-05
   3.46535161e+02  -1.05143979e-03
   3.46535649e+02  -1.72299624e-03
   3.46536138e+02  -1.03696086e-03
   3.46536626e+02  -4.45352372e-04
   3.46537114e+02  -1.88101770e-03
   3.46537603e+02  -4.09793621e-03
   3.46538091e+02  -4.19879425e-03
   3.46538579e+02  -1.82837516e-03
   3.46539068e+02  -3.67042783e-04
   3.46539556e+02   5.00951835e-04
   3.46540044e+02   1.92059495e-03
   3.46540533e+02   9.21381928e-04
   3.46541021e+02  -1.23258599e-03
   3.46541509e+02  -2.40319222e-03
   3.46541997e+02  -1.92301779e-03
   3.46542486e+02   5.77402388e-05
   3.46542974e+02   9.84549755e-04
   3.46543462e+02   4.40407573e-04
   3.46543951e+02   1.82065720e-04
   3.46544439e+02  -9.83739970e-04
   3.46544927e+02  -1.54805800e-03
   3.46545416e+02  -5.54196886e-04
   3.46545904e+02  -5.94915531e-04
   3.46546392e+02  -4.72314627e-04
   3.46546881e+02   2.90663913e-04
   3.46547369e+02   1.39940321e-03
   3.46547857e+02   2.41777510e-03
   3.46548346e+02   1.53375429e-03
   3.46548834e+02   4.76797548e-04
   3.46549322e+02   9.07124020e-04
   3.46549810e+02   2.56185140e-03
   3.46550299e+02   2.74870009e-03
   3.46550787e+02   1.02784345e-03
   3.46551275e+02   8.77781305e-04
   3.46551764e+02   2.50955485e-03
   3.46552252e+02   2.80818972e-03
   3.46552740e+02   2.10464792e-03
   3.46553229e+02   1.61539612e-03
   3.46553717e+02   5.90532727e-04
   3.46554205e+02   1.15569402e-03
   3.46554694e+02   2.87309010e-03
   3.46555182e+02   2.98008183e-03
   3.46555670e+02   2.29922985e-03
   3.46556158e+02   2.21119053e-03
   3.46556647e+02   1.19788211e-03
   3.46557135e+02  -1.16893229e-04
   3.46557623e+02   1.38203686e-04
   3.46558112e+02   4.52218927e-04
   3.46558600e+02  -5.82925219e-04
   3.46559088e+02  -1.47309655e-03
   3.46559577e+02  -2.03972589e-03
   3.46560065e+02  -3.57805460e-04
   3.46560553e+02   1.33476057e-03
   3.46561042e+02  -4.81515512e-04
   3.46561530e+02  -2.67823273e-03
   3.46562018e+02  -1.65011978e-03
   3.46562506e+02   4.73916589e-04
   3.46562995e+02   1.43951073e-03
   3.46563483e+02   1.80773542e-03
   3.46563971e+02   6.22135121e-04
   3.46564460e+02  -1.31302257e-03
   3.46564948e+02  -1.27334555e-03
   3.46565436e+02  -2.27366414e-04
   3.46565925e+02   5.50534634e-04
   3.46566413e+02   2.90330849e-04
   3.46566901e+02  -9.24380554e-04
   3.46567390e+02  -1.87469122e-03
   3.46567878e+02  -2.42835656e-03
   3.46568366e+02  -1.93690229e-03
   3.46568854e+02  -1.92658324e-03
   3.46569343e+02  -3.24630667e-03
   3.46569831e+02  -3.58386966e-03
   3.46570319e+02  -3.19669885e-03
   3.46570808e+02  -2.54619261e-03
   3.46571296e+02  -1.00279402e-03
   3.46571784e+02   1.99999241e-03
   3.46572273e+02   4.12665773e-03
   3.46572761e+02   3.03464546e-03
   3.46573249e+02   2.14384566e-03
   3.46573738e+02   2.30014417e-03
   3.46574226e+02   6.63083338e-04
   3.46574714e+02  -6.83754100e-04
   3.46575202e+02  -1.44741023e-06
   3.46575691e+02  -1.82938005e-04
   3.46576179e+02  -1.86653389e-03
   3.46576667e+02  -2.64460477e-03
   3.46577156e+02  -2.08467618e-03
   3.46577644e+02  -8.71628523e-04
   3.46578132e+02   9.42050247e-04
   3.46578621e+02   2.10450962e-03
   3.46579109e+02   1.35875645e-03
   3.46579597e+02   2.52115540e-04
   3.46580086e+02   2.93346267e-04
   3.46580574e+02   1.09852594e-03
   3.46581062e+02   1.35515875e-03
   3.46581550e+02   1.67493580e-03
   3.46582039e+02   5.93058008e-04
   3.46582527e+02  -1.67533406e-03
   3.46583015e+02  -2.35210848e-03
   3.46583504e+02  -9.15366516e-04
   3.46583992e+02  -9.36112192e-04
   3.46584480e+02  -1.56140118e-03
   3.46584969e+02  -1.33834212e-04
   3.46585457e+02   9.71416419e-04
   3.46585945e+02   1.63657335e-03
   3.46586434e+02   1.31680002e-03
   3.46586922e+02  -1.61698391e-03
   3.46587410e+02  -2.95693101e-03
   3.46587899e+02  -1.06430985e-03
   3.46588387e+02   1.19093711e-04
   3.46588875e+02   8.43271264e-05
   3.46589363e+02  -7.11979519e-05
   3.46589852e+02   7.31961452e-04
   3.46590340e+02   1.29252358e-03
   3.46590828e+02   1.16259551e-04
   3.46591317e+02  -1.06844807e-03
   3.46591805e+02  -1.07554521e-03
   3.46592293e+02  -2.66457006e-04
   3.46592782e+02  -5.24867326e-04
   3.46593270e+02   1.76360118e-04
   3.46593758e+02   1.93272915e-03
   3.46594247e+02   2.21183873e-03
   3.46594735e+02   1.99814164e-03
   3.46595223e+02   1.03622861e-03
   3.46595711e+02   1.22335798e-04
   3.46596200e+02   6.83561884e-05
   3.46596688e+02  -8.30559235e-04
   3.46597176e+02  -3.96117597e-04
   3.46597665e+02   1.19843404e-03
   3.46598153e+02   1.06749835e-03
   3.46598641e+02   3.81182268e-04
   3.46599130e+02  -2.45977717e-04
   3.46599618e+02  -2.49786041e-04
   3.46600106e+02  -4.54452005e-04
   3.46600595e+02  -1.04269770e-03
   3.46601083e+02  -5.64543698e-05
   3.46601571e+02   1.67753708e-04
   3.46602059e+02  -1.04301039e-03
   3.46602548e+02  -2.82786932e-04
   3.46603036e+02   5.17732988e-04
   3.46603524e+02  -1.12622464e-03
   3.46604013e+02  -3.59873800e-03
   3.46604501e+02  -5.28333941e-03
   3.46604989e+02  -5.78920776e-03
   3.46605478e+02  -5.03743533e-03
   3.46605966e+02  -2.78230640e-03
   3.46606454e+02  -1.09796377e-03
   3.46606943e+02  -1.82769913e-03
   3.46607431e+02  -2.83267046e-03
   3.46607919e+02  -1.78219355e-03
   3.46608407e+02  -1.30445522e-04
   3.46608896e+02   1.94620877e-03
   3.46609384e+02   1.93842244e-03
   3.46609872e+02   6.83179765e-04
   3.46610361e+02   1.79187348e-03
   3.46610849e+02   8.82105436e-04
   3.46611337e+02  -9.24425665e-04
   3.46611826e+02  -1.23287097e-03
   3.46612314e+02  -1.77446613e-03
   3.46612802e+02  -1.67330820e-03
   3.46613291e+02  -5.55175124e-04
   3.46613779e+02   8.65574053e-04
   3.46614267e+02   1.01474579e-03
   3.46614755e+02   6.41400460e-04
   3.46615244e+02   5.61009510e-04
   3.46615732e+02  -5.79690502e-04
   3.46616220e+02  -7.46840669e-04
   3.46616709e+02   2.97398132e-04
   3.46617197e+02   6.26952678e-04
   3.46617685e+02   1.69051613e-03
   3.46618174e+02   3.03250761e-03
   3.46618662e+02   2.95097311e-03
   3.46619150e+02   1.37077109e-03
   3.46619639e+02   1.38634554e-04
   3.46620127e+02   1.88723637e-03
   3.46620615e+02   3.36069078e-03
   3.46621103e+02   2.51825922e-03
   3.46621592e+02   1.51748490e-03
   3.46622080e+02  -1.54204131e-03
   3.46622568e+02  -4.57416661e-03
   3.46623057e+02  -3.53656453e-03
   3.46623545e+02  -2.21478776e-03
   3.46624033e+02  -1.28563447e-03
   3.46624522e+02   5.77918661e-04
   3.46625010e+02   1.06008176e-03
   3.46625498e+02   5.96299709e-04
   3.46625987e+02   4.72327956e-05
   3.46626475e+02  -1.15392648e-03
   3.46626963e+02  -5.96133003e-04
   3.46627452e+02   1.69916498e-03
   3.46627940e+02   2.04127352e-03
   3.46628428e+02   4.57774819e-04
   3.46628916e+02  -1.41878740e-03
   3.46629405e+02  -1.86969351e-03
   3.46629893e+02  -1.19821483e-03
   3.46630381e+02  -1.56059931e-03
   3.46630870e+02  -2.16713687e-03
   3.46631358e+02  -2.12090276e-03
   3.46631846e+02  -2.09243572e-03
   3.46632335e+02  -7.56357505e-04
   3.46632823e+02   1.84972468e-03
   3.46633311e+02   1.90494489e-03
   3.46633800e+02   4.74418688e-04
   3.46634288e+02   1.30846002e-03
   3.46634776e+02   2.12626299e-03
   3.46635264e+02   2.68463686e-04
   3.46635753e+02  -2.95642123e-04
   3.46636241e+02   1.24043564e-03
   3.46636729e+02   1.59396441e-03
   3.46637218e+02   1.18102715e-03
   3.46637706e+02   1.26612897e-03
   3.46638194e+02   1.70803489e-03
   3.46638683e+02   2.58850981e-04
   3.46639171e+02  -1.79535325e-03
   3.46639659e+02  -3.92816932e-04
   3.46640148e+02   1.76392391e-03
   3.46640636e+02   3.77210410e-04
   3.46641124e+02  -6.17371697e-04
   3.46641612e+02   1.09669729e-03
   3.46642101e+02   2.93633295e-03
   3.46642589e+02   1.59276766e-03
   3.46643077e+02   1.44554302e-04
   3.46643566e+02  -4.16865543e-04
   3.46644054e+02  -1.48174050e-03
   3.46644542e+02  -1.81838172e-03
   3.46645031e+02  -2.39761663e-03
   3.46645519e+02  -3.70311132e-03
   3.46646007e+02  -2.25407491e-03
   3.46646496e+02   7.14381866e-04
   3.46646984e+02   9.72663518e-04
   3.46647472e+02  -9.55028110e-04
   3.46647960e+02  -1.89337961e-03
   3.46648449e+02  -1.12949742e-03
   3.46648937e+02  -1.44969556e-03
   3.46649425e+02  -2.69488967e-03
   3.46649914e+02  -3.18031688e-03
   3.46650402e+02  -3.92641826e-03
   3.46650890e+02  -4.18491382e-03
   3.46651379e+02  -3.11328075e-03
   3.46651867e+02  -3.22339940e-03
   3.46652355e+02  -3.93313030e-03
   3.46652844e+02  -3.33986501e-03
   3.46653332e+02  -2.03255331e-03
   3.46653820e+02  -9.34438314e-04
   3.46654308e+02   2.95152800e-04
   3.46654797e+02   8.85131361e-04
   3.46655285e+02   4.18791227e-04
   3.46655773e+02   2.63479393e-04
   3.46656262e+02   4.57707065e-05
   3.46656750e+02  -1.63287309e-03
   3.46657238e+02  -2.94364663e-03
   3.46657727e+02  -1.66154513e-03
   3.46658215e+02  -7.77919544e-04
   3.46658703e+02  -1.30398723e-03
   3.46659192e+02   6.19600120e-04
   3.46659680e+02   3.38518317e-03
   3.46660168e+02   3.32129002e-03
   3.46660656e+02   1.80545787e-03
   3.46661145e+02  -5.95969905e-05
   3.46661633e+02  -2.12135701e-03
   3.46662121e+02  -4.24231356e-03
   3.46662610e+02  -4.00635367e-03
   3.46663098e+02  -1.69314269e-03
   3.46663586e+02  -1.66288507e-03
   3.46664075e+02  -1.93931919e-03
   3.46664563e+02  -5.65916183e-04
   3.46665051e+02  -1.86944695e-03
   3.46665540e+02  -2.72066123e-03
   3.46666028e+02  -5.77004626e-04
   3.46666516e+02   6.69774017e-04
   3.46667005e+02   5.74349135e-04
   3.46667493e+02   2.77403597e-04
   3.46667981e+02   3.91087349e-04
   3.46668469e+02   9.30993701e-04
   3.46668958e+02   4.69414139e-04
   3.46669446e+02   1.72247645e-04
   3.46669934e+02   1.02947241e-04
   3.46670423e+02  -7.56145280e-04
   3.46670911e+02  -3.40789033e-04
   3.46671399e+02   8.57483188e-04
   3.46671888e+02   2.15091044e-04
   3.46672376e+02  -1.19782344e-03
   3.46672864e+02  -9.88159794e-04
   3.46673353e+02  -8.04638184e-05
   3.46673841e+02   3.86867381e-04
   3.46674329e+02   6.50735572e-04
   3.46674817e+02   3.25331028e-04
   3.46675306e+02  -3.85046587e-04
   3.46675794e+02   1.40605101e-04
   3.46676282e+02   2.14619795e-03
   3.46676771e+02   3.31501104e-03
   3.46677259e+02   2.96629430e-03
   3.46677747e+02   1.00328750e-03
   3.46678236e+02  -1.50191516e-03
   3.46678724e+02  -1.81063067e-03
   3.46679212e+02  -1.49462186e-03
   3.46679701e+02  -4.92862659e-04
   3.46680189e+02   2.42460798e-03
   3.46680677e+02   3.08954716e-03
   3.46681165e+02   7.62422394e-04
   3.46681654e+02  -2.73747719e-04
   3.46682142e+02   1.38688018e-04
   3.46682630e+02   1.63197838e-05
   3.46683119e+02   5.12006363e-06
   3.46683607e+02  -6.85188104e-04
   3.46684095e+02  -1.56206684e-03
   3.46684584e+02   3.30945157e-04
   3.46685072e+02   1.61604001e-03
   3.46685560e+02   2.03424817e-04
   3.46686049e+02  -2.45438830e-04
   3.46686537e+02   1.05579593e-03
   3.46687025e+02   1.57108851e-04
   3.46687513e+02  -1.57351012e-03
   3.46688002e+02  -3.99849465e-04
   3.46688490e+02   1.52529217e-03
   3.46688978e+02   1.99669017e-03
   3.46689467e+02   2.54936545e-04
   3.46689955e+02  -1.45301037e-03
   3.46690443e+02  -1.55767263e-03
   3.46690932e+02  -1.21815188e-03
   3.46691420e+02   7.82708172e-04
   3.46691908e+02   1.58594025e-03
   3.46692397e+02  -6.33133226e-04
   3.46692885e+02  -1.92855496e-03
   3.46693373e+02  -2.12443992e-03
   3.46693861e+02  -1.45609805e-03
   3.46694350e+02   1.87639744e-04
   3.46694838e+02   1.18239026e-03
   3.46695326e+02   3.31837655e-04
   3.46695815e+02  -7.12377718e-04
   3.46696303e+02  -6.72504306e-04
   3.46696791e+02  -1.14338298e-03
   3.46697280e+02  -2.07298552e-03
   3.46697768e+02  -1.92331872e-03
   3.46698256e+02  -1.27958774e-03
   3.46698745e+02  -5.34597202e-04
   3.46699233e+02   7.58705602e-04
   3.46699721e+02   1.86461420e-03
   3.46700209e+02   1.72285282e-03
   3.46700698e+02   9.39755875e-04
   3.46701186e+02   1.40214502e-03
   3.46701674e+02   4.23496310e-03
   3.46702163e+02   4.04544035e-03
   3.46702651e+02  -1.23120856e-03
   3.46703139e+02  -1.46157271e-03
   3.46703628e+02   1.30239571e-03
   3.46704116e+02   3.41442763e-04
   3.46704604e+02  -1.91166782e-05
   3.46705093e+02  -5.84015273e-04
   3.46705581e+02  -1.60154724e-03
   3.46706069e+02   6.01046268e-05
   3.46706558e+02   2.48234672e-03
   3.46707046e+02   3.38988029e-03
   3.46707534e+02   2.46943161e-03
   3.46708022e+02   1.17277028e-03
   3.46708511e+02   1.72939221e-03
   3.46708999e+02   2.59578018e-03
   3.46709487e+02   1.61314977e-03
   3.46709976e+02   2.45702220e-04
   3.46710464e+02  -1.01804413e-04
   3.46710952e+02  -7.19549425e-04
   3.46711441e+02  -3.13134311e-04
   3.46711929e+02   1.48638117e-03
   3.46712417e+02   2.12040101e-03
   3.46712906e+02   1.64144789e-03
   3.46713394e+02   7.23024656e-04
   3.46713882e+02  -2.13022024e-04
   3.46714370e+02  -8.79731146e-04
   3.46714859e+02  -4.08340769e-04
   3.46715347e+02   1.33118196e-03
   3.46715835e+02   1.02141581e-03
   3.46716324e+02  -1.67959777e-03
   3.46716812e+02  -3.12875304e-03
   3.46717300e+02  -7.26807164e-04
   3.46717789e+02   8.20647401e-04
   3.46718277e+02  -7.22073251e-04
   3.46718765e+02  -1.45772623e-03
   3.46719254e+02  -5.41253139e-05
   3.46719742e+02   1.35394291e-03
   3.46720230e+02  -4.37318755e-04
   3.46720718e+02  -2.31392449e-03
   3.46721207e+02  -1.66376194e-04
   3.46721695e+02   2.13671662e-03
   3.46722183e+02   3.47854744e-04
   3.46722672e+02  -2.84313457e-03
   3.46723160e+02  -3.09467106e-03
   3.46723648e+02  -1.38194545e-03
   3.46724137e+02  -2.98676750e-05
   3.46724625e+02   9.42118349e-04
   3.46725113e+02   4.65289893e-04
   3.46725602e+02  -1.40344596e-03
   3.46726090e+02  -3.10495659e-03
   3.46726578e+02  -2.08354276e-03
   3.46727066e+02  -9.07342357e-04
   3.46727555e+02  -1.60016550e-03
   3.46728043e+02  -9.73455550e-04
   3.46728531e+02  -4.05184372e-04
   3.46729020e+02  -2.41873408e-04
   3.46729508e+02   7.84567965e-04
   3.46729996e+02  -3.73609422e-04
   3.46730485e+02  -2.44062697e-03
   3.46730973e+02  -1.53209222e-03
   3.46731461e+02  -1.25052978e-03
   3.46731950e+02  -2.95211864e-03
   3.46732438e+02  -1.91073318e-03
   3.46732926e+02   1.38189789e-05
   3.46733414e+02  -5.60465676e-04
   3.46733903e+02  -1.57573016e-03
   3.46734391e+02  -1.85814372e-03
   3.46734879e+02  -1.89720932e-03
   3.46735368e+02  -1.76193251e-03
   3.46735856e+02  -2.18982017e-03
   3.46736344e+02  -2.91717658e-03
   3.46736833e+02  -2.32251664e-03
   3.46737321e+02  -1.69061171e-03
   3.46737809e+02  -1.80994172e-03
   3.46738298e+02  -1.26766693e-03
   3.46738786e+02  -9.68226988e-04
   3.46739274e+02  -1.08111308e-04
   3.46739762e+02   5.75136743e-04
   3.46740251e+02  -6.00938001e-05
   3.46740739e+02   6.14775345e-04
   3.46741227e+02   2.09971541e-03
   3.46741716e+02   2.89346254e-03
   3.46742204e+02   2.48950790e-03
   3.46742692e+02   7.42506294e-04
   3.46743181e+02   2.61608133e-04
   3.46743669e+02  -3.03702458e-04
   3.46744157e+02  -2.24713958e-03
   3.46744646e+02  -8.59485182e-04
   3.46745134e+02   1.02471432e-03
   3.46745622e+02  -1.35745667e-03
   3.46746111e+02  -2.22244486e-03
   3.46746599e+02   5.50888537e-04
   3.46747087e+02   1.30927842e-03
   3.46747575e+02   7.59219751e-04
   3.46748064e+02   1.71841111e-03
   3.46748552e+02   8.35464802e-04
   3.46749040e+02  -7.37275870e-04
   3.46749529e+02   2.80216278e-04
   3.46750017e+02   1.34992693e-03
   3.46750505e+02   8.05435586e-04
   3.46750994e+02   2.70024204e-04
   3.46751482e+02   1.13271980e-03
   3.46751970e+02   2.38759653e-03
   3.46752459e+02   1.83807267e-03
   3.46752947e+02   1.25800003e-03
   3.46753435e+02   1.05453993e-03
   3.46753923e+02   2.50577286e-04
   3.46754412e+02   1.41836901e-03
   3.46754900e+02   1.74798805e-03
   3.46755388e+02  -7.53324304e-04
   3.46755877e+02  -1.10464578e-03
   3.46756365e+02   5.14160201e-04
   3.46756853e+02   1.42948271e-03
   3.46757342e+02   2.42631417e-03
   3.46757830e+02   2.57019303e-03
   3.46758318e+02   5.21816313e-04
   3.46758807e+02  -1.25274877e-03
   3.46759295e+02   8.92072509e-04
   3.46759783e+02   1.71807874e-03
   3.46760271e+02   8.42450827e-04
   3.46760760e+02  -7.04997045e-04
   3.46761248e+02  -1.01143308e-03
   3.46761736e+02   7.06595951e-04
   3.46762225e+02   2.24885182e-03
   3.46762713e+02   2.35361396e-03
   3.46763201e+02   2.70438450e-03
   3.46763690e+02   3.16240476e-03
   3.46764178e+02   2.58756056e-03
   3.46764666e+02   1.25425577e-03
   3.46765155e+02  -7.24128622e-04
   3.46765643e+02  -2.09008157e-03
   3.46766131e+02  -1.34118611e-03
   3.46766619e+02   8.38480133e-04
   3.46767108e+02   1.95289194e-03
   3.46767596e+02   1.19516440e-03
   3.46768084e+02  -1.22372090e-04
   3.46768573e+02  -1.62258453e-03
   3.46769061e+02  -1.66988198e-03
   3.46769549e+02  -2.65430339e-04
   3.46770038e+02  -1.04290782e-03
   3.46770526e+02  -1.72580488e-03
   3.46771014e+02  -9.79402568e-04
   3.46771503e+02  -5.15541120e-04
   3.46771991e+02   1.15873241e-04
   3.46772479e+02   9.30505485e-05
   3.46772967e+02  -6.92499510e-04
   3.46773456e+02  -1.19615917e-03
   3.46773944e+02  -8.69282987e-04
   3.46774432e+02  -2.54492566e-04
   3.46774921e+02  -6.31535135e-04
   3.46775409e+02  -7.17432704e-04
   3.46775897e+02  -9.06364585e-04
   3.46776386e+02  -8.47701449e-04
   3.46776874e+02   2.03249371e-03
   3.46777362e+02   3.23972339e-03
   3.46777851e+02   7.41666590e-04
   3.46778339e+02  -1.46384386e-03
   3.46778827e+02  -7.75354740e-04
   3.46779315e+02  -1.81638810e-04
   3.46779804e+02  -2.70442059e-03
   3.46780292e+02  -4.62020468e-03
   3.46780780e+02  -1.75560568e-03
   3.46781269e+02   2.50056386e-03
   3.46781757e+02   2.46398360e-03
   3.46782245e+02   1.17453048e-04
   3.46782734e+02   3.64502892e-04
   3.46783222e+02   2.45114416e-03
   3.46783710e+02   2.17754394e-03
   3.46784199e+02  -7.73085630e-04
   3.46784687e+02  -1.78986194e-03
   3.46785175e+02  -3.72599898e-04
   3.46785664e+02   7.50178529e-04
   3.46786152e+02   1.15913793e-03
   3.46786640e+02   4.57532587e-04
   3.46787128e+02  -3.69456830e-04
   3.46787617e+02  -8.22824601e-04
   3.46788105e+02  -1.32918882e-03
   3.46788593e+02   2.48332857e-04
   3.46789082e+02   2.83324602e-03
   3.46789570e+02   2.60453438e-03
   3.46790058e+02  -1.47289582e-04
   3.46790547e+02  -1.89934659e-03
   3.46791035e+02  -1.82165659e-03
   3.46791523e+02  -1.12933735e-03
   3.46792012e+02  -3.19321494e-04
   3.46792500e+02   7.33063789e-04
   3.46792988e+02   7.67864520e-04
   3.46793476e+02  -4.72896136e-05
   3.46793965e+02   1.34714029e-03
   3.46794453e+02   1.58892979e-03
   3.46794941e+02   6.99439988e-05
   3.46795430e+02  -3.23901768e-04
   3.46795918e+02  -1.02836860e-03
   3.46796406e+02  -8.48949421e-04
   3.46796895e+02  -5.12585975e-04
   3.46797383e+02  -8.46807554e-04
   3.46797871e+02   5.82057808e-04
   3.46798360e+02   1.09395816e-03
   3.46798848e+02  -8.98806320e-04
   3.46799336e+02  -8.96810612e-04
   3.46799824e+02   8.52601021e-04
   3.46800313e+02   8.09136196e-04
   3.46800801e+02   1.69223640e-03
   3.46801289e+02   3.20219761e-03
   3.46801778e+02   2.16297526e-03
   3.46802266e+02   1.81549962e-03
   3.46802754e+02   2.55675963e-03
   3.46803243e+02   1.73047534e-03
   3.46803731e+02  -1.79809576e-04
   3.46804219e+02  -2.03576265e-03
   3.46804708e+02  -2.75519257e-03
   3.46805196e+02  -2.49566138e-03
   3.46805684e+02  -1.07874325e-03
   3.46806172e+02   1.28158333e-03
   3.46806661e+02   1.84523186e-03
   3.46807149e+02   8.93529796e-04
   3.46807637e+02   3.73304792e-04
   3.46808126e+02   6.20881692e-05
   3.46808614e+02  -3.98039920e-05
   3.46809102e+02  -6.02529035e-04
   3.46809591e+02  -1.95128541e-03
   3.46810079e+02  -2.35395622e-03
   3.46810567e+02  -4.08621680e-04
   3.46811056e+02   1.20625098e-03
   3.46811544e+02   5.16730128e-04
   3.46812032e+02  -2.02625321e-04
   3.46812520e+02  -7.26398197e-04
   3.46813009e+02   1.14085781e-03
   3.46813497e+02   3.47899715e-03
   3.46813985e+02   1.30633137e-03
   3.46814474e+02  -1.79035973e-03
   3.46814962e+02  -1.98674249e-03
   3.46815450e+02  -1.27908774e-04
   3.46815939e+02   9.60659963e-05
   3.46816427e+02  -1.64386618e-03
   3.46816915e+02  -1.88307452e-03
   3.46817404e+02  -6.24317676e-04
   3.46817892e+02   1.10641925e-03
   3.46818380e+02   1.83529424e-04
   3.46818868e+02   5.33266400e-04
   3.46819357e+02   1.69138424e-03
   3.46819845e+02   1.42796396e-03
   3.46820333e+02   6.94400747e-04
   3.46820822e+02   1.09291158e-03
   3.46821310e+02   1.88952137e-03
   3.46821798e+02   8.32048187e-04
   3.46822287e+02  -1.29322836e-03
   3.46822775e+02  -9.84276878e-04
   3.46823263e+02  -1.41462340e-04
   3.46823752e+02  -2.96446175e-04
   3.46824240e+02  -7.93740153e-04
   3.46824728e+02  -1.05965254e-03
   3.46825217e+02  -2.23600109e-05
   3.46825705e+02  -9.06978676e-04
   3.46826193e+02  -2.68429914e-03
   3.46826681e+02  -2.17354042e-03
   3.46827170e+02  -5.04090509e-04
   3.46827658e+02   6.19300990e-04
   3.46828146e+02  -7.86162738e-04
   3.46828635e+02  -3.35438596e-03
   3.46829123e+02  -3.12237977e-03
   3.46829611e+02  -1.64261949e-03
   3.46830100e+02  -1.62094471e-03
   3.46830588e+02  -2.22577271e-03
   3.46831076e+02  -1.66147551e-03
   3.46831565e+02  -1.27506384e-04
   3.46832053e+02   1.12085463e-03
   3.46832541e+02   1.43196597e-03
   3.46833029e+02   5.54775062e-04
   3.46833518e+02   6.85606035e-04
   3.46834006e+02   9.06921632e-04
   3.46834494e+02  -5.18390327e-04
   3.46834983e+02  -1.01564673e-03
   3.46835471e+02   3.71933973e-04
   3.46835959e+02   2.48958590e-03
   3.46836448e+02   1.07509468e-03
   3.46836936e+02  -1.25865312e-03
   3.46837424e+02   2.92288169e-04
   3.46837913e+02   9.70181776e-04
   3.46838401e+02  -4.19726945e-04
   3.46838889e+02   7.41294469e-04
   3.46839377e+02   1.92632712e-03
   3.46839866e+02   5.98572624e-05
   3.46840354e+02  -2.06642458e-03
   3.46840842e+02  -1.72586681e-03
   3.46841331e+02  -8.96176498e-04
   3.46841819e+02  -2.16630427e-03
   3.46842307e+02  -1.73149013e-03
   3.46842796e+02   1.64755946e-03
   3.46843284e+02   2.77822162e-03
   3.46843772e+02   1.44282228e-03
   3.46844261e+02   2.20791344e-03
   3.46844749e+02   2.63716490e-03
   3.46845237e+02   1.17359901e-04
   3.46845725e+02  -1.16460118e-03
   3.46846214e+02  -5.80833061e-04
   3.46846702e+02  -1.27319334e-04
   3.46847190e+02   6.10058603e-04
   3.46847679e+02   9.20071849e-04
   3.46848167e+02   8.98574479e-04
   3.46848655e+02   9.86875966e-04
   3.46849144e+02   1.46233686e-03
   3.46849632e+02   1.91856956e-03
   3.46850120e+02   1.66981062e-03
   3.46850609e+02  -2.29696016e-04
   3.46851097e+02  -7.29893974e-04
   3.46851585e+02   9.10520961e-04
   3.46852073e+02   1.43570290e-03
   3.46852562e+02   1.90013554e-03
   3.46853050e+02   2.75022117e-03
   3.46853538e+02   1.25787640e-03
   3.46854027e+02  -1.02732109e-03
   3.46854515e+02  -3.03982710e-03
   3.46855003e+02  -4.23558336e-03
   3.46855492e+02  -2.36720429e-03
   3.46855980e+02  -1.19331141e-03
   3.46856468e+02  -1.90277793e-03
   3.46856957e+02  -1.57276739e-03
   3.46857445e+02   1.04791048e-04
   3.46857933e+02   1.80250162e-03
   3.46858421e+02   2.61556217e-03
   3.46858910e+02   1.45327998e-03
   3.46859398e+02  -1.74683216e-03
   3.46859886e+02  -1.65303564e-03
   3.46860375e+02   1.77244947e-03
   3.46860863e+02   1.64721604e-03
   3.46861351e+02  -1.09726028e-03
   3.46861840e+02  -3.51701304e-03
   3.46862328e+02  -5.33340545e-03
   3.46862816e+02  -5.00916690e-03
   3.46863305e+02  -2.94931117e-03
   3.46863793e+02  -2.02959846e-03
   3.46864281e+02  -2.05561426e-03
   3.46864770e+02  -1.40423060e-03
   3.46865258e+02  -1.23420416e-03
   3.46865746e+02  -3.03361448e-04
   3.46866234e+02   1.01129315e-03
   3.46866723e+02   9.76317679e-04
   3.46867211e+02  -4.36344999e-05
   3.46867699e+02  -1.62659213e-03
   3.46868188e+02  -2.27069901e-03
   3.46868676e+02  -1.81047258e-03
   3.46869164e+02  -5.25047129e-04
   3.46869653e+02   1.48594298e-03
   3.46870141e+02   2.17978097e-03
   3.46870629e+02   1.91633333e-03
   3.46871118e+02   3.38033889e-03
   3.46871606e+02   2.95372121e-03
   3.46872094e+02  -1.80656440e-04
   3.46872582e+02  -3.62964871e-04
   3.46873071e+02   2.61250464e-03
   3.46873559e+02   3.77256842e-03
   3.46874047e+02   3.16458894e-03
   3.46874536e+02   1.03323383e-03
   3.46875024e+02  -1.32165069e-03
   3.46875512e+02  -8.89782154e-04
   3.46876001e+02   6.74531795e-04
   3.46876489e+02   1.51174748e-03
   3.46876977e+02   2.56314664e-03
   3.46877466e+02   1.59975700e-03
   3.46877954e+02  -1.60586147e-03
   3.46878442e+02  -3.35606444e-03
   3.46878930e+02  -2.23664497e-03
   3.46879419e+02  -7.73641281e-04
   3.46879907e+02   1.43174082e-03
   3.46880395e+02   1.81672478e-03
   3.46880884e+02  -1.84436416e-04
   3.46881372e+02   1.14407064e-03
   3.46881860e+02   4.27036826e-03
   3.46882349e+02   3.16035165e-03
   3.46882837e+02   7.37332914e-04
   3.46883325e+02   6.99048862e-04
   3.46883814e+02   8.44772323e-04
   3.46884302e+02   1.31406670e-03
   3.46884790e+02   1.86616625e-03
   3.46885278e+02   1.17639522e-03
   3.46885767e+02   9.08766000e-04
   3.46886255e+02   1.13315065e-03
   3.46886743e+02   7.36361311e-04
   3.46887232e+02   1.14151262e-04
   3.46887720e+02  -6.87387219e-05
   3.46888208e+02  -1.36258546e-04
   3.46888697e+02   2.62162997e-04
   3.46889185e+02   1.53080386e-03
   3.46889673e+02   3.17661953e-03
   3.46890162e+02   3.55648040e-03
   3.46890650e+02   2.38464214e-03
   3.46891138e+02   1.23083498e-03
   3.46891626e+02  -2.97596649e-04
   3.46892115e+02  -6.09213253e-04
   3.46892603e+02  -4.31002816e-04
   3.46893091e+02  -2.45026749e-04
   3.46893580e+02   1.05019647e-03
   3.46894068e+02  -6.68978726e-04
   3.46894556e+02  -3.09778447e-03
   3.46895045e+02  -2.44394736e-03
   3.46895533e+02  -1.00198516e-03
   3.46896021e+02  -5.53370337e-04
   3.46896510e+02  -2.42511902e-04
   3.46896998e+02  -6.14372402e-05
   3.46897486e+02  -1.49165455e-03
   3.46897974e+02  -2.52395775e-03
   3.46898463e+02  -9.15061275e-04
   3.46898951e+02   1.14282756e-03
   3.46899439e+02   1.66807766e-03
   3.46899928e+02   6.04927016e-04
   3.46900416e+02  -1.91125798e-03
   3.46900904e+02  -3.46587156e-03
   3.46901393e+02  -1.35529996e-03
   3.46901881e+02   2.13715760e-03
   3.46902369e+02   2.84243445e-03
   3.46902858e+02   1.70433335e-03
   3.46903346e+02   4.81495372e-04
   3.46903834e+02  -2.64023640e-03
   3.46904323e+02  -3.99477361e-03
   3.46904811e+02  -1.03727949e-03
   3.46905299e+02   1.01368281e-03
   3.46905787e+02   2.02484988e-03
   3.46906276e+02   2.09397450e-03
   3.46906764e+02  -3.93316841e-05
   3.46907252e+02  -6.12500880e-04
   3.46907741e+02  -4.39406693e-04
   3.46908229e+02  -8.28388089e-04
   3.46908717e+02  -6.39350154e-04
   3.46909206e+02  -3.92028771e-04
   3.46909694e+02  -1.62807060e-04
   3.46910182e+02  -6.00436702e-04
   3.46910671e+02  -1.93783781e-04
   3.46911159e+02   1.25071721e-03
   3.46911647e+02   1.98807963e-03
   3.46912135e+02   1.56486605e-03
   3.46912624e+02   3.53523821e-04
   3.46913112e+02  -6.17352023e-04
   3.46913600e+02  -5.98366663e-04
   3.46914089e+02   8.02919385e-04
   3.46914577e+02   2.41080276e-03
   3.46915065e+02   2.57621915e-03
   3.46915554e+02   2.59739719e-03
   3.46916042e+02   2.07771407e-03
   3.46916530e+02   1.50661694e-03
   3.46917019e+02   1.78414106e-03
   3.46917507e+02   5.03689109e-04
   3.46917995e+02   3.87242872e-05
   3.46918483e+02   1.75819296e-04
   3.46918972e+02   1.20975962e-03
   3.46919460e+02   3.55903152e-03
   3.46919948e+02   2.88477261e-03
   3.46920437e+02   9.09574970e-04
   3.46920925e+02   1.43686414e-03
   3.46921413e+02   1.63095689e-03
   3.46921902e+02   4.21362696e-04
   3.46922390e+02   8.37909465e-05
   3.46922878e+02   7.23799923e-04
   3.46923367e+02   1.81956985e-03
   3.46923855e+02   2.25171749e-03
   3.46924343e+02   1.82249583e-03
   3.46924831e+02  -1.16719246e-04
   3.46925320e+02  -1.21355453e-03
   3.46925808e+02  -6.88417116e-04
   3.46926296e+02  -3.53368494e-04
   3.46926785e+02  -6.06662012e-04
   3.46927273e+02  -2.12087948e-03
   3.46927761e+02  -2.48369365e-03
   3.46928250e+02  -9.95521666e-04
   3.46928738e+02  -1.18405924e-05
   3.46929226e+02  -2.10523795e-04
   3.46929715e+02  -3.94280039e-04
   3.46930203e+02  -2.83163419e-04
   3.46930691e+02   3.72997674e-05
   3.46931179e+02   1.61931443e-03
   3.46931668e+02   1.84823619e-03
   3.46932156e+02   1.13821018e-03
   3.46932644e+02   1.14699500e-03
   3.46933133e+02   4.65097371e-04
   3.46933621e+02   6.95779570e-04
   3.46934109e+02   1.72541069e-03
   3.46934598e+02   1.30463613e-03
   3.46935086e+02   1.00852584e-03
   3.46935574e+02   6.13105309e-04
   3.46936063e+02  -1.00329018e-03
   3.46936551e+02  -1.87215372e-03
   3.46937039e+02  -4.08352149e-04
   3.46937527e+02   9.83278034e-04
   3.46938016e+02  -5.89160074e-04
   3.46938504e+02  -2.44420883e-03
   3.46938992e+02  -2.51776981e-03
   3.46939481e+02  -1.67422229e-03
   3.46939969e+02  -1.86229881e-03
   3.46940457e+02  -2.12455285e-03
   3.46940946e+02  -1.42195250e-03
   3.46941434e+02  -1.33943011e-03
   3.46941922e+02  -1.57083757e-03
   3.46942411e+02  -1.00121472e-03
   3.46942899e+02   1.89675397e-04
   3.46943387e+02  -4.21691715e-04
   3.46943876e+02  -1.61091436e-03
   3.46944364e+02  -1.16078649e-03
   3.46944852e+02  -4.44278965e-04
   3.46945340e+02   4.78434784e-04
   3.46945829e+02   2.30213371e-03
   3.46946317e+02   2.94165197e-03
   3.46946805e+02   1.66926812e-03
   3.46947294e+02   3.18849867e-04
   3.46947782e+02  -1.48644624e-03
   3.46948270e+02  -3.07098636e-03
   3.46948759e+02  -2.26593786e-03
   3.46949247e+02  -2.17101420e-03
   3.46949735e+02  -3.28033417e-03
   3.46950224e+02  -8.81970045e-04
   3.46950712e+02   1.87691336e-03
   3.46951200e+02   9.18019039e-04
   3.46951688e+02  -2.62323854e-04
   3.46952177e+02  -1.57457573e-04
   3.46952665e+02  -3.65721760e-04
   3.46953153e+02  -6.83995371e-04
   3.46953642e+02  -6.02384796e-04
   3.46954130e+02  -7.12382200e-04
   3.46954618e+02  -1.53613870e-03
   3.46955107e+02  -1.76003866e-03
   3.46955595e+02  -1.33804907e-03
   3.46956083e+02  -1.16674812e-03
   3.46956572e+02   6.11872063e-04
   3.46957060e+02   2.79363687e-03
   3.46957548e+02   2.48332112e-03
   3.46958036e+02   1.61346444e-03
   3.46958525e+02   1.12537493e-03
   3.46959013e+02   9.12849966e-04
   3.46959501e+02   9.44539090e-04
   3.46959990e+02   5.52007463e-04
   3.46960478e+02  -6.09753886e-04
   3.46960966e+02  -1.17798324e-03
   3.46961455e+02  -1.92252905e-04
   3.46961943e+02   5.05242439e-04
   3.46962431e+02   9.83738806e-04
   3.46962920e+02  -1.38419528e-05
   3.46963408e+02  -2.79093423e-04
   3.46963896e+02   2.11621122e-03
   3.46964384e+02   1.11693924e-03
   3.46964873e+02  -1.27722207e-03
   3.46965361e+02  -3.86863889e-04
   3.46965849e+02   7.79142953e-04
   3.46966338e+02  -1.26801722e-04
   3.46966826e+02  -1.66708196e-03
   3.46967314e+02  -1.92503468e-03
   3.46967803e+02  -1.14905975e-04
   3.46968291e+02   2.41031032e-03
   3.46968779e+02   2.42342474e-03
   3.46969268e+02   1.05923577e-03
   3.46969756e+02  -1.09791421e-04
   3.46970244e+02  -1.65248394e-03
   3.46970732e+02  -6.28461712e-04
   3.46971221e+02   1.61408633e-03
   3.46971709e+02   9.07924434e-04
   3.46972197e+02  -8.60952598e-04
   3.46972686e+02  -1.37759920e-03
   3.46973174e+02  -9.52017377e-04
   3.46973662e+02   2.60302390e-04
   3.46974151e+02   7.10476015e-04
   3.46974639e+02  -1.46509890e-04
   3.46975127e+02  -8.78494757e-04
   3.46975616e+02  -1.58950803e-03
   3.46976104e+02  -9.72875743e-04
   3.46976592e+02  -9.45027452e-04
   3.46977080e+02  -2.69800588e-03
   3.46977569e+02  -2.27413746e-03
   3.46978057e+02  -8.02055351e-04
   3.46978545e+02  -3.76190379e-04
   3.46979034e+02   7.93131476e-05
   3.46979522e+02   8.10934696e-04
   3.46980010e+02   1.17316074e-03
   3.46980499e+02  -1.47524290e-04
   3.46980987e+02  -2.97432533e-03
   3.46981475e+02  -4.05635033e-03
   3.46981964e+02  -2.19060294e-03
   3.46982452e+02  -5.33428043e-04
   3.46982940e+02  -1.57703483e-03
   3.46983428e+02  -2.35792296e-03
   3.46983917e+02   2.29564073e-04
   3.46984405e+02   2.28645676e-03
   3.46984893e+02   1.19035140e-04
   3.46985382e+02  -1.13854860e-03
   3.46985870e+02   6.34060532e-04
   3.46986358e+02   1.11964182e-03
   3.46986847e+02  -4.93291067e-04
   3.46987335e+02  -1.66222162e-03
   3.46987823e+02  -5.51978010e-04
   3.46988312e+02   2.62163766e-03
   3.46988800e+02   4.11622692e-03
   3.46989288e+02   2.81422795e-03
   3.46989777e+02   2.31232797e-03
   3.46990265e+02   1.59481878e-03
   3.46990753e+02  -8.33159254e-04
   3.46991241e+02  -2.76346947e-03
   3.46991730e+02  -3.10411816e-03
   3.46992218e+02  -1.40992354e-03
   3.46992706e+02  -5.36039064e-04
   3.46993195e+02  -2.09464924e-03
   3.46993683e+02  -2.76242243e-03
   3.46994171e+02  -9.38152953e-04
   3.46994660e+02  -6.11325231e-05
   3.46995148e+02  -1.78423652e-04
   3.46995636e+02   5.38694381e-04
   3.46996125e+02  -8.56673578e-04
   3.46996613e+02  -1.98589684e-03
   3.46997101e+02  -8.95543781e-04
   3.46997589e+02   7.20712778e-05
   3.46998078e+02   1.64412695e-03
   3.46998566e+02   3.79039836e-03
   3.46999054e+02   3.51150124e-03
   3.46999543e+02   2.58018845e-03
   3.47000031e+02   9.43781110e-04
   3.47000519e+02  -1.68898155e-03
   3.47001008e+02  -1.63209520e-03
   3.47001496e+02  -7.72065250e-04
   3.47001984e+02   9.41952167e-05
   3.47002473e+02   1.38513790e-03
   3.47002961e+02   2.22478411e-03
   3.47003449e+02   1.76629820e-03
   3.47003937e+02  -2.85723188e-04
   3.47004426e+02  -9.38710815e-04
   3.47004914e+02  -2.66519608e-04
   3.47005402e+02  -3.40198429e-04
   3.47005891e+02  -9.80519108e-04
   3.47006379e+02  -2.50241952e-03
   3.47006867e+02  -2.91692605e-03
   3.47007356e+02  -1.65618910e-03
   3.47007844e+02  -3.90861271e-04
   3.47008332e+02   1.16599211e-03
   3.47008821e+02   1.98043650e-03
   3.47009309e+02   2.31022434e-03
   3.47009797e+02   2.33440148e-03
   3.47010285e+02   1.54039741e-03
   3.47010774e+02  -1.00625759e-04
   3.47011262e+02  -4.42960678e-04
   3.47011750e+02  -1.45709215e-04
   3.47012239e+02  -6.58939476e-04
   3.47012727e+02  -3.47025751e-04
   3.47013215e+02   1.01333600e-03
   3.47013704e+02   1.04793673e-03
   3.47014192e+02   4.43745870e-04
   3.47014680e+02   9.88236163e-04
   3.47015169e+02   1.05766545e-03
   3.47015657e+02   7.54985551e-04
   3.47016145e+02   1.02228264e-03
   3.47016633e+02   1.60555542e-03
   3.47017122e+02   3.46159772e-03
   3.47017610e+02   4.29161591e-03
   3.47018098e+02   2.45161285e-03
   3.47018587e+02  -1.34416128e-04
   3.47019075e+02  -1.69331406e-03
   3.47019563e+02  -3.22872354e-03
   3.47020052e+02  -3.51758162e-03
   3.47020540e+02  -1.53464579e-03
   3.47021028e+02   4.14211245e-04
   3.47021517e+02   1.02066831e-03
   3.47022005e+02   1.03276526e-03
   3.47022493e+02   1.04509166e-03
   3.47022981e+02   8.81881278e-04
   3.47023470e+02  -3.30383918e-04
   3.47023958e+02  -1.11455470e-03
   3.47024446e+02  -7.22840377e-06
   3.47024935e+02   4.34273912e-04
   3.47025423e+02   1.29544397e-03
   3.47025911e+02   2.96205841e-03
   3.47026400e+02   2.14880751e-03
   3.47026888e+02   1.23984122e-03
   3.47027376e+02   1.46874564e-03
   3.47027865e+02   1.34351652e-03
   3.47028353e+02   5.95260644e-04
   3.47028841e+02  -1.89690921e-03
   3.47029330e+02  -3.87867447e-03
   3.47029818e+02  -2.32739351e-03
   3.47030306e+02  -1.08317845e-03
   3.47030794e+02  -1.39243691e-03
   3.47031283e+02  -1.04219525e-03
   3.47031771e+02   1.49016967e-04
   3.47032259e+02  -3.05770845e-05
   3.47032748e+02  -7.30075350e-04
   3.47033236e+02   1.35831488e-03
   3.47033724e+02   3.83946113e-03
   3.47034213e+02   2.80634896e-03
   3.47034701e+02   6.56161865e-05
   3.47035189e+02  -7.27101113e-04
   3.47035678e+02  -1.22972485e-03
   3.47036166e+02  -2.63374159e-03
   3.47036654e+02  -3.56956711e-03
   3.47037142e+02  -3.43896705e-03
   3.47037631e+02  -9.05699329e-04
   3.47038119e+02   8.35068757e-04
   3.47038607e+02  -1.43898296e-05
   3.47039096e+02  -1.47502252e-03
   3.47039584e+02  -1.35218061e-03
   3.47040072e+02   1.02651271e-03
   3.47040561e+02   3.06236744e-03
   3.47041049e+02   3.75033636e-03
   3.47041537e+02   3.12385871e-03
   3.47042026e+02   1.80539570e-03
   3.47042514e+02   1.05628103e-03
   3.47043002e+02   1.80121715e-04
   3.47043490e+02  -6.98379445e-05
   3.47043979e+02   1.96154317e-04
   3.47044467e+02   1.96480294e-04
   3.47044955e+02   1.38074451e-03
   3.47045444e+02   1.02414459e-03
   3.47045932e+02  -6.22452571e-05
   3.47046420e+02   1.81373546e-03
   3.47046909e+02   1.91091676e-03
   3.47047397e+02  -3.10256321e-04
   3.47047885e+02  -9.50250251e-05
   3.47048374e+02   7.94833235e-04
   3.47048862e+02   1.42673234e-04
   3.47049350e+02  -1.46391289e-03
   3.47049838e+02  -2.55704485e-03
   3.47050327e+02  -2.18397309e-03
   3.47050815e+02  -1.67570787e-03
   3.47051303e+02  -3.29486320e-05
   3.47051792e+02   2.10342929e-03
   3.47052280e+02   1.96555420e-03
   3.47052768e+02   2.00426858e-03
   3.47053257e+02   2.05781707e-03
   3.47053745e+02   2.32311268e-03
   3.47054233e+02   1.13973627e-03
   3.47054722e+02  -1.51578439e-04
   3.47055210e+02  -1.53602113e-03
   3.47055698e+02  -3.27750528e-03
   3.47056186e+02  -2.06345576e-03
   3.47056675e+02  -1.05696628e-04
   3.47057163e+02   5.34871302e-04
   3.47057651e+02   1.12514931e-03
   3.47058140e+02   6.08997245e-04
   3.47058628e+02   1.36848917e-04
   3.47059116e+02   9.91638633e-04
   3.47059605e+02   2.46882904e-03
   3.47060093e+02   1.95689360e-03
   3.47060581e+02   5.93665696e-04
   3.47061070e+02   6.52349030e-04
   3.47061558e+02  -3.72808463e-05
   3.47062046e+02  -1.92782632e-03
   3.47062534e+02  -1.13965594e-03
   3.47063023e+02   1.93695142e-03
   3.47063511e+02   2.53210100e-03
   3.47063999e+02   2.21339613e-03
   3.47064488e+02   2.88385409e-03
   3.47064976e+02   2.84179603e-03
   3.47065464e+02   3.19851632e-03
   3.47065953e+02   2.16536596e-03
   3.47066441e+02  -2.39098183e-04
   3.47066929e+02  -7.60400784e-04
   3.47067418e+02   2.67146155e-04
   3.47067906e+02   1.92741200e-03
   3.47068394e+02   3.54593317e-03
   3.47068883e+02   4.32073744e-03
   3.47069371e+02   3.17139039e-03
   3.47069859e+02   1.03816483e-03
   3.47070347e+02   1.11713627e-04
   3.47070836e+02  -9.04849381e-04
   3.47071324e+02  -1.76046183e-03
   3.47071812e+02  -1.61154696e-03
   3.47072301e+02  -1.07626256e-03
   3.47072789e+02  -1.60695682e-03
   3.47073277e+02  -2.85823620e-03
   3.47073766e+02  -2.92784022e-03
   3.47074254e+02  -1.81747193e-03
   3.47074742e+02   4.48569044e-04
   3.47075231e+02   3.52914655e-03
   3.47075719e+02   4.10002237e-03
   3.47076207e+02   1.70271727e-03
   3.47076695e+02   1.18350564e-03
   3.47077184e+02   3.41979298e-03
   3.47077672e+02   3.57900676e-03
   3.47078160e+02   1.60626648e-03
   3.47078649e+02   2.43622038e-04
   3.47079137e+02  -7.22187164e-04
   3.47079625e+02  -3.85211810e-04
   3.47080114e+02  -3.86209256e-04
   3.47080602e+02  -1.80103374e-03
   3.47081090e+02  -1.19522016e-03
   3.47081579e+02   4.15311311e-04
   3.47082067e+02   1.45260571e-03
   3.47082555e+02   1.08962005e-03
   3.47083043e+02   4.81828392e-05
   3.47083532e+02  -8.01880014e-05
   3.47084020e+02  -4.26770916e-04
   3.47084508e+02  -1.06503791e-03
   3.47084997e+02  -2.30400241e-03
   3.47085485e+02  -3.38654406e-03
   3.47085973e+02  -1.95002940e-03
   3.47086462e+02   1.01389724e-03
   3.47086950e+02   2.79462547e-03
   3.47087438e+02   1.61226245e-03
   3.47087927e+02  -8.33912753e-04
   3.47088415e+02  -2.83921079e-04
   3.47088903e+02   9.17249592e-04
   3.47089391e+02   7.56195368e-05
   3.47089880e+02   1.24759192e-03
   3.47090368e+02   3.22138681e-03
   3.47090856e+02   4.21710685e-03
   3.47091345e+02   4.86015761e-03
   3.47091833e+02   2.85932026e-03
   3.47092321e+02  -1.30222773e-03
   3.47092810e+02  -1.83586648e-03
   3.47093298e+02  -9.47938010e-04
   3.47093786e+02  -3.66586493e-03
   3.47094275e+02  -5.52663766e-03
   3.47094763e+02  -2.80081481e-03
   3.47095251e+02  -8.99045437e-04
   3.47095739e+02  -1.15880498e-03
   3.47096228e+02   1.52059583e-04
   3.47096716e+02   3.85759369e-04
   3.47097204e+02  -1.78102427e-03
   3.47097693e+02  -2.63228454e-03
   3.47098181e+02  -1.42555777e-03
   3.47098669e+02   4.50462627e-04
   3.47099158e+02   1.36954011e-03
   3.47099646e+02   2.45246268e-03
   3.47100134e+02   2.80690356e-03
   3.47100623e+02   1.90875435e-03
   3.47101111e+02   2.26150430e-03
   3.47101599e+02   1.80224224e-03
   3.47102087e+02   5.78562845e-04
   3.47102576e+02   4.96473745e-04
   3.47103064e+02   9.69830784e-04
   3.47103552e+02   1.64210377e-03
   3.47104041e+02  -1.64826663e-04
   3.47104529e+02  -3.17691825e-03
   3.47105017e+02  -2.71240855e-03
   3.47105506e+02  -1.58462196e-03
   3.47105994e+02  -1.10281433e-03
   3.47106482e+02  -2.79817796e-05
   3.47106971e+02   2.57252221e-04
   3.47107459e+02   1.39271817e-03
   3.47107947e+02   3.51769943e-03
   3.47108436e+02   3.59527185e-03
   3.47108924e+02   1.84653956e-03
   3.47109412e+02   2.12686369e-03
   3.47109900e+02   4.02762415e-03
   3.47110389e+02   2.30343267e-03
   3.47110877e+02  -1.86135026e-03
   3.47111365e+02  -3.13070323e-03
   3.47111854e+02  -1.78162591e-03
   3.47112342e+02  -1.13429374e-03
   3.47112830e+02  -1.35647715e-03
   3.47113319e+02  -5.40810695e-04
   3.47113807e+02   8.43551767e-04
   3.47114295e+02   2.06184248e-03
   3.47114784e+02   2.82672723e-03
   3.47115272e+02   9.53765179e-04
   3.47115760e+02  -2.08112365e-03
   3.47116248e+02  -1.14649162e-03
   3.47116737e+02   2.02268013e-03
   3.47117225e+02   1.90285500e-03
   3.47117713e+02   1.43810594e-03
   3.47118202e+02   3.35328956e-03
   3.47118690e+02   2.63573462e-03
   3.47119178e+02   1.50001259e-03
   3.47119667e+02   1.62489479e-03
   3.47120155e+02   4.09101485e-04
   3.47120643e+02   5.93960402e-04
   3.47121132e+02   1.04646606e-03
   3.47121620e+02   1.41195918e-03
   3.47122108e+02   1.41800730e-03
   3.47122596e+02  -1.13375415e-03
   3.47123085e+02  -2.81933369e-03
   3.47123573e+02  -1.33194414e-03
   3.47124061e+02   5.50710502e-05
   3.47124550e+02   3.55396740e-04
   3.47125038e+02   4.39607684e-04
   3.47125526e+02  -6.38652651e-04
   3.47126015e+02  -6.80716534e-04
   3.47126503e+02   1.61450205e-03
   3.47126991e+02   2.51611555e-03
   3.47127480e+02   1.77481642e-03
   3.47127968e+02   1.58728659e-03
   3.47128456e+02   1.61888730e-03
   3.47128944e+02   2.42045010e-03
   3.47129433e+02   1.57296669e-03
   3.47129921e+02  -4.15897026e-04
   3.47130409e+02  -1.89693514e-04
   3.47130898e+02   1.34708139e-03
   3.47131386e+02   1.75927125e-03
   3.47131874e+02   1.25192734e-03
   3.47132363e+02   1.16063247e-03
   3.47132851e+02   8.61387118e-04
   3.47133339e+02   6.61948172e-04
   3.47133828e+02   6.15419121e-04
   3.47134316e+02  -9.80119687e-04
   3.47134804e+02  -2.99848802e-03
   3.47135292e+02  -2.81701889e-03
   3.47135781e+02  -6.22498745e-04
   3.47136269e+02  -6.53534516e-05
   3.47136757e+02  -6.51285518e-04
   3.47137246e+02   4.28310886e-04
   3.47137734e+02   9.66225693e-04
   3.47138222e+02   2.55385617e-04
   3.47138711e+02   1.00693338e-04
   3.47139199e+02  -9.86359548e-04
   3.47139687e+02  -1.85478700e-03
   3.47140176e+02  -1.81917596e-04
   3.47140664e+02   5.92647120e-04
   3.47141152e+02  -2.97042937e-03
   3.47141640e+02  -5.25660347e-03
   3.47142129e+02  -3.43495514e-03
   3.47142617e+02  -1.75239786e-03
   3.47143105e+02  -6.26754772e-04
   3.47143594e+02  -3.33517964e-04
   3.47144082e+02  -1.07465382e-03
   3.47144570e+02   1.10600158e-04
   3.47145059e+02   1.51920202e-03
   3.47145547e+02   2.99701263e-04
   3.47146035e+02  -8.11595877e-04
   3.47146524e+02   5.19104244e-04
   3.47147012e+02   1.40059553e-03
   3.47147500e+02  -8.09508027e-04
   3.47147989e+02  -2.86872918e-03
   3.47148477e+02  -1.74115913e-03
   3.47148965e+02  -3.53097828e-04
   3.47149453e+02  -6.66846870e-04
   3.47149942e+02  -1.15115661e-03
   3.47150430e+02  -2.44194665e-03
   3.47150918e+02  -2.83416803e-03
   3.47151407e+02  -1.71319785e-04
   3.47151895e+02   1.50390924e-03
   3.47152383e+02   2.41509872e-03
   3.47152872e+02   3.94625170e-03
   3.47153360e+02   2.56459578e-03
   3.47153848e+02   1.05811551e-03
   3.47154337e+02   1.97102665e-03
   3.47154825e+02   4.62141383e-04
   3.47155313e+02  -1.38491415e-03
   3.47155801e+02   8.21819995e-04
   3.47156290e+02   2.54689064e-03
   3.47156778e+02   1.86231965e-03
   3.47157266e+02   2.62912828e-04
   3.47157755e+02  -1.14910142e-03
   3.47158243e+02   2.18743997e-04
   3.47158731e+02   9.12858755e-04
   3.47159220e+02  -1.14279857e-03
   3.47159708e+02  -2.39697169e-03
   3.47160196e+02  -1.22815662e-03
   3.47160685e+02  -9.69212095e-04
   3.47161173e+02  -1.67853152e-03
   3.47161661e+02  -4.71350766e-04
   3.47162149e+02   9.63167055e-04
   3.47162638e+02   2.20890855e-03
   3.47163126e+02   3.04442481e-03
   3.47163614e+02   1.37385738e-03
   3.47164103e+02  -1.17307378e-03
   3.47164591e+02  -2.74665374e-03
   3.47165079e+02  -3.51090287e-03
   3.47165568e+02  -2.54931278e-03
   3.47166056e+02   7.78703950e-04
   3.47166544e+02   2.68984935e-03
   3.47167033e+02   2.33406923e-03
   3.47167521e+02   6.47750334e-04
   3.47168009e+02  -2.89595500e-03
   3.47168497e+02  -3.74106248e-03
   3.47168986e+02  -1.13406568e-03
   3.47169474e+02   6.00986532e-04
   3.47169962e+02   9.24517342e-04
   3.47170451e+02   1.12433615e-03
   3.47170939e+02   5.73653495e-04
   3.47171427e+02   2.66047893e-04
   3.47171916e+02   2.26728595e-03
   3.47172404e+02   3.29104997e-03
   3.47172892e+02   2.57395534e-03
   3.47173381e+02   3.22349719e-04
   3.47173869e+02  -1.97905209e-03
   3.47174357e+02  -2.72332039e-03
   3.47174845e+02  -3.26087768e-03
   3.47175334e+02  -1.91604311e-03
   3.47175822e+02   3.63136525e-04
   3.47176310e+02   1.13939366e-03
   3.47176799e+02   1.88583368e-03
   3.47177287e+02   9.61592130e-04
   3.47177775e+02  -1.69538322e-03
   3.47178264e+02  -2.08959240e-03
   3.47178752e+02  -9.37923032e-05
   3.47179240e+02   5.34744293e-04
   3.47179729e+02   8.51784484e-04
   3.47180217e+02   2.14461214e-03
   3.47180705e+02   1.50991185e-03
   3.47181193e+02  -5.24730131e-04
   3.47181682e+02  -1.07900379e-03
   3.47182170e+02  -1.00599776e-03
   3.47182658e+02  -1.08529697e-03
   3.47183147e+02  -9.01705644e-04
   3.47183635e+02  -1.17386726e-03
   3.47184123e+02  -1.09007745e-03
   3.47184612e+02   1.34296366e-04
   3.47185100e+02   9.00880608e-04
   3.47185588e+02   5.79749234e-04
   3.47186077e+02  -2.11366569e-04
   3.47186565e+02  -1.30743196e-03
   3.47187053e+02  -1.01886177e-03
   3.47187542e+02   1.17418291e-04
   3.47188030e+02  -8.37159052e-04
   3.47188518e+02  -2.52094609e-03
   3.47189006e+02  -7.90735940e-04
   3.47189495e+02   2.08422588e-03
   3.47189983e+02   2.02567852e-03
   3.47190471e+02  -3.63174011e-04
   3.47190960e+02  -1.39888923e-03
   3.47191448e+02  -2.45865172e-04
   3.47191936e+02   7.75589084e-04
   3.47192425e+02   1.64099922e-03
   3.47192913e+02   2.23946455e-03
   3.47193401e+02   9.81943449e-04
   3.47193890e+02  -9.41961247e-04
   3.47194378e+02  -7.10619381e-04
   3.47194866e+02  -4.81296214e-04
   3.47195354e+02  -9.96237970e-04
   3.47195843e+02  -2.98264658e-05
   3.47196331e+02   1.40649674e-03
   3.47196819e+02   1.24642788e-03
   3.47197308e+02  -1.15615001e-03
   3.47197796e+02  -2.19928543e-03
   3.47198284e+02   6.76986529e-04
   3.47198773e+02   2.75578327e-03
   3.47199261e+02   1.35741266e-03
   3.47199749e+02   4.04157909e-04
   3.47200238e+02   1.94669107e-03
   3.47200726e+02   1.58083602e-03
   3.47201214e+02  -1.54343166e-03
   3.47201702e+02  -1.22689374e-03
   3.47202191e+02   2.22580740e-03
   3.47202679e+02   2.62401998e-03
   3.47203167e+02   7.22319528e-04
   3.47203656e+02   1.67050282e-04
   3.47204144e+02   5.91046810e-05
   3.47204632e+02  -4.52613254e-04
   3.47205121e+02   5.10182639e-04
   3.47205609e+02   2.90014897e-03
   3.47206097e+02   4.13789647e-03
   3.47206586e+02   2.79883598e-03
   3.47207074e+02   1.48590165e-03
   3.47207562e+02   1.07192865e-03
   3.47208050e+02  -6.70356312e-05
   3.47208539e+02   3.28369083e-06
   3.47209027e+02   1.52293767e-03
   3.47209515e+02   1.94755208e-03
   3.47210004e+02   2.45981291e-03
   3.47210492e+02   1.63471152e-03
   3.47210980e+02  -1.55900489e-03
   3.47211469e+02  -2.84328125e-03
   3.47211957e+02  -1.86628790e-03
   3.47212445e+02  -1.62377045e-03
   3.47212934e+02  -8.33076017e-04
   3.47213422e+02   3.01541178e-04
   3.47213910e+02   7.72580388e-05
   3.47214398e+02  -1.09911512e-03
   3.47214887e+02  -1.95925543e-03
   3.47215375e+02  -2.21871492e-03
   3.47215863e+02  -1.01381028e-03
   3.47216352e+02   1.64343673e-03
   3.47216840e+02   3.11790733e-03
   3.47217328e+02   1.36991602e-03
   3.47217817e+02  -1.43323804e-03
   3.47218305e+02  -7.37391121e-04
   3.47218793e+02  -2.13641961e-05
   3.47219282e+02  -2.17045425e-03
   3.47219770e+02  -1.65103131e-03
   3.47220258e+02   9.08030233e-06
   3.47220746e+02  -1.23583840e-03
   3.47221235e+02  -3.06134787e-03
   3.47221723e+02  -3.17040202e-03
   3.47222211e+02  -4.57197515e-04
   3.47222700e+02   1.54507835e-03
   3.47223188e+02   1.56383496e-04
   3.47223676e+02  -5.86883922e-04
   3.47224165e+02  -3.54412216e-04
   3.47224653e+02  -1.12313894e-03
   3.47225141e+02  -6.64525840e-04
   3.47225630e+02  -7.17765186e-04
   3.47226118e+02  -1.99462730e-03
   3.47226606e+02  -8.33855360e-04
   3.47227095e+02  -1.32182977e-04
   3.47227583e+02  -2.83790426e-03
   3.47228071e+02  -4.63357149e-03
   3.47228559e+02  -1.70642231e-03
   3.47229048e+02   6.22688967e-05
   3.47229536e+02   5.20662579e-05
   3.47230024e+02  -7.70628685e-04
   3.47230513e+02  -1.44144346e-03
   3.47231001e+02  -7.04329577e-04
   3.47231489e+02   9.87654203e-04
   3.47231978e+02   2.08866689e-03
   3.47232466e+02   1.07771938e-03
   3.47232954e+02  -2.34449329e-03
   3.47233443e+02  -3.48749664e-03
   3.47233931e+02  -1.65435660e-03
   3.47234419e+02  -1.49900827e-03
   3.47234907e+02  -2.26612366e-03
   3.47235396e+02  -2.75702169e-03
   3.47235884e+02  -1.85079966e-03
   3.47236372e+02   1.63516059e-04
   3.47236861e+02   1.61904027e-04
   3.47237349e+02  -8.73472236e-05
   3.47237837e+02  -1.16343552e-03
   3.47238326e+02  -2.17531063e-03
   3.47238814e+02  -7.45249563e-04
   3.47239302e+02   2.35489826e-03
   3.47239791e+02   2.90124165e-03
   3.47240279e+02   1.05353317e-03
   3.47240767e+02  -2.47114604e-05
   3.47241255e+02  -3.19062179e-04
   3.47241744e+02   1.37881062e-03
   3.47242232e+02   1.42467476e-03
   3.47242720e+02  -1.24193274e-03
   3.47243209e+02  -2.14964151e-03
   3.47243697e+02  -2.01020972e-03
   3.47244185e+02  -7.41429394e-04
   3.47244674e+02  -1.44055625e-03
   3.47245162e+02  -3.79456510e-03
   3.47245650e+02  -2.15248275e-03
   3.47246139e+02   1.81237329e-03
   3.47246627e+02   3.69012170e-03
   3.47247115e+02   3.64257395e-03
   3.47247603e+02   2.75325566e-03
   3.47248092e+02   1.02522317e-03
   3.47248580e+02  -2.06020646e-04
   3.47249068e+02  -3.93977389e-04
   3.47249557e+02   1.76704867e-04
   3.47250045e+02   1.11961283e-03
   3.47250533e+02  -4.84285410e-04
   3.47251022e+02  -2.62086489e-03
   3.47251510e+02  -1.65344984e-03
   3.47251998e+02   2.18871664e-05
   3.47252487e+02  -3.77420838e-05
   3.47252975e+02  -1.13633298e-03
   3.47253463e+02  -1.44509156e-03
   3.47253951e+02  -5.99796709e-04
   3.47254440e+02  -5.39535366e-04
   3.47254928e+02  -9.33495874e-04
   3.47255416e+02   9.12090007e-04
   3.47255905e+02   2.22609076e-03
   3.47256393e+02   3.40010127e-04
   3.47256881e+02  -1.41949009e-03
   3.47257370e+02  -9.97950905e-04
   3.47257858e+02   3.90395639e-04
   3.47258346e+02   5.90893789e-04
   3.47258835e+02  -8.46974319e-04
   3.47259323e+02  -5.54575759e-04
   3.47259811e+02   3.11003393e-03
   3.47260299e+02   3.37463338e-03
   3.47260788e+02   5.44930052e-04
   3.47261276e+02  -1.21356698e-03
   3.47261764e+02  -3.24014248e-03
   3.47262253e+02  -2.39901780e-03
   3.47262741e+02  -1.50188673e-04
   3.47263229e+02  -1.50866006e-04
   3.47263718e+02  -2.31823957e-04
   3.47264206e+02   2.67337164e-04
   3.47264694e+02  -1.61607415e-04
   3.47265183e+02  -6.51454495e-04
   3.47265671e+02  -1.07171701e-03
   3.47266159e+02  -6.63930026e-04
   3.47266648e+02   9.32270428e-04
   3.47267136e+02   1.17597019e-03
   3.47267624e+02  -4.69765713e-04
   3.47268112e+02  -1.40255713e-03
   3.47268601e+02  -2.02327291e-03
   3.47269089e+02  -3.21264658e-03
   3.47269577e+02  -2.83963582e-03
   3.47270066e+02  -7.50693667e-04
   3.47270554e+02   4.70404106e-04
   3.47271042e+02   1.86898571e-03
   3.47271531e+02   2.54310598e-03
   3.47272019e+02   7.56518566e-04
   3.47272507e+02  -3.59918107e-04
   3.47272996e+02  -3.25387740e-03
   3.47273484e+02  -5.70082385e-03
   3.47273972e+02  -2.86187581e-03
   3.47274460e+02  -7.46746722e-04
   3.47274949e+02  -6.45240580e-05
   3.47275437e+02   1.26606622e-03
   3.47275925e+02   2.51780613e-03
   3.47276414e+02   3.45263467e-03
   3.47276902e+02   2.83369934e-03
   3.47277390e+02   2.44253594e-03
   3.47277879e+02   2.06814730e-03
   3.47278367e+02   2.59263936e-04
   3.47278855e+02  -5.15230757e-04
   3.47279344e+02   9.93553433e-04
   3.47279832e+02   2.41276086e-03
   3.47280320e+02   1.87314395e-03
   3.47280808e+02  -4.24021622e-04
   3.47281297e+02  -9.89614055e-04
   3.47281785e+02  -1.24047382e-03
   3.47282273e+02  -8.24751565e-04
   3.47282762e+02   5.97339764e-04
   3.47283250e+02  -1.21019606e-03
   3.47283738e+02  -3.06669506e-03
   3.47284227e+02  -2.89448001e-03
   3.47284715e+02  -3.15051805e-03
   3.47285203e+02  -3.71561805e-03
   3.47285692e+02  -2.92760343e-03
   3.47286180e+02  -2.51106219e-03
   3.47286668e+02  -2.54693464e-03
   3.47287156e+02  -1.95055536e-03
   3.47287645e+02  -2.70186356e-05
   3.47288133e+02   1.95442629e-03
   3.47288621e+02   2.98933475e-03
   3.47289110e+02   3.87278036e-03
   3.47289598e+02   3.61340563e-03
   3.47290086e+02   9.45882115e-04
   3.47290575e+02  -8.71916069e-04
   3.47291063e+02  -4.68568527e-04
   3.47291551e+02  -1.48655160e-03
   3.47292040e+02  -3.18289176e-03
   3.47292528e+02  -1.17932679e-03
   3.47293016e+02   1.78236340e-03
   3.47293504e+02   2.00356776e-03
   3.47293993e+02   3.03605484e-04
   3.47294481e+02  -1.41140481e-03
   3.47294969e+02  -1.90970500e-03
   3.47295458e+02  -3.71673406e-04
   3.47295946e+02   1.76483055e-03
   3.47296434e+02   1.93271646e-03
   3.47296923e+02   8.40181077e-04
   3.47297411e+02   1.13717309e-04
   3.47297899e+02   1.33384354e-04
   3.47298388e+02   9.08356014e-05
   3.47298876e+02  -1.16240489e-03
   3.47299364e+02  -2.38043279e-03
   3.47299852e+02  -1.87269587e-03
   3.47300341e+02  -1.21470937e-03
   3.47300829e+02  -5.68641466e-04
   3.47301317e+02   2.22090026e-03
   3.47301806e+02   4.45089396e-03
   3.47302294e+02   2.56268564e-03
   3.47302782e+02  -8.09305173e-04
   3.47303271e+02  -2.06090114e-03
   3.47303759e+02  -2.10699858e-03
   3.47304247e+02  -2.35797046e-03
   3.47304736e+02  -2.44616019e-03
   3.47305224e+02  -1.09362474e-03
   3.47305712e+02   6.61693106e-04
   3.47306201e+02   2.08151713e-03
   3.47306689e+02   3.30737978e-03
   3.47307177e+02   2.16463930e-03
   3.47307665e+02   9.44286119e-04
   3.47308154e+02   7.12576846e-04
   3.47308642e+02  -6.31618546e-04
   3.47309130e+02  -2.00284901e-03
   3.47309619e+02  -1.38921058e-03
   3.47310107e+02   1.47746049e-03
   3.47310595e+02   1.72569917e-03
   3.47311084e+02  -6.05007866e-04
   3.47311572e+02  -1.79241283e-03
   3.47312060e+02  -3.41710798e-03
   3.47312549e+02  -3.88604426e-03
   3.47313037e+02  -1.05715031e-03
   3.47313525e+02  -1.10427914e-04
   3.47314013e+02  -7.36986869e-04
   3.47314502e+02   2.78123975e-04
   3.47314990e+02   1.32914353e-03
   3.47315478e+02   2.33189727e-04
   3.47315967e+02  -1.94420014e-03
   3.47316455e+02  -1.40875671e-03
   3.47316943e+02   8.05843738e-04
   3.47317432e+02   1.69043324e-03
   3.47317920e+02   7.20110256e-04
   3.47318408e+02  -1.01134309e-03
   3.47318897e+02  -7.39123672e-04
   3.47319385e+02  -9.74332870e-05
   3.47319873e+02  -3.58248508e-04
   3.47320361e+02  -1.27940275e-05
   3.47320850e+02   5.96084341e-04
   3.47321338e+02   3.95618699e-05
   3.47321826e+02  -1.67345768e-03
   3.47322315e+02  -2.28834804e-03
   3.47322803e+02  -2.85291928e-04
   3.47323291e+02   1.17386563e-03
   3.47323780e+02  -4.82860138e-04
   3.47324268e+02  -1.18977914e-03
   3.47324756e+02  -7.90911261e-04
   3.47325245e+02  -1.44091097e-03
   3.47325733e+02  -2.28566187e-03
   3.47326221e+02  -1.99371669e-03
   3.47326709e+02  -1.00378296e-03
   3.47327198e+02  -8.05472897e-04
   3.47327686e+02  -8.06868076e-04
   3.47328174e+02  -1.70104046e-04
   3.47328663e+02  -3.11077281e-04
   3.47329151e+02  -2.64269370e-03
   3.47329639e+02  -3.32665397e-03
   3.47330128e+02  -1.07100455e-03
   3.47330616e+02  -2.96145004e-06
   3.47331104e+02  -7.01682351e-04
   3.47331593e+02  -8.30908655e-04
   3.47332081e+02  -9.13317781e-04
   3.47332569e+02  -2.00258452e-03
   3.47333057e+02  -2.92449188e-03
   3.47333546e+02  -2.38998677e-03
   3.47334034e+02  -2.24302319e-04
   3.47334522e+02   5.86185604e-04
   3.47335011e+02   9.18262464e-04
   3.47335499e+02   1.83244306e-03
   3.47335987e+02   1.01552485e-03
   3.47336476e+02  -2.35340864e-04
   3.47336964e+02  -9.75336734e-05
   3.47337452e+02  -4.64757701e-04
   3.47337941e+02  -1.80805684e-03
   3.47338429e+02  -1.72329869e-03
   3.47338917e+02  -1.15741626e-03
   3.47339405e+02  -3.45697103e-04
   3.47339894e+02   2.79811607e-03
   3.47340382e+02   3.10336635e-03
   3.47340870e+02   2.41742557e-04
   3.47341359e+02   3.60545499e-04
   3.47341847e+02   1.66994066e-03
   3.47342335e+02   3.83143284e-04
   3.47342824e+02  -7.96805078e-04
   3.47343312e+02  -9.04028013e-04
   3.47343800e+02  -2.52523762e-03
   3.47344289e+02  -2.67880154e-03
   3.47344777e+02  -1.01988367e-03
   3.47345265e+02  -1.95707660e-03
   3.47345754e+02   3.75326985e-04
   3.47346242e+02   2.03092373e-03
   3.47346730e+02   5.75344719e-04
   3.47347218e+02  -1.67016799e-04
   3.47347707e+02  -6.49697147e-04
   3.47348195e+02  -4.32544446e-04
   3.47348683e+02   6.00042149e-05
   3.47349172e+02  -2.09739385e-03
   3.47349660e+02  -3.99216171e-03
   3.47350148e+02  -2.80503277e-03
   3.47350637e+02  -3.77857330e-04
   3.47351125e+02  -1.56181911e-03
   3.47351613e+02  -4.22868272e-03
   3.47352102e+02  -4.51854756e-03
   3.47352590e+02  -4.87118121e-03
   3.47353078e+02  -3.79649713e-03
   3.47353566e+02  -1.89615050e-04
   3.47354055e+02   2.46950029e-03
   3.47354543e+02   3.68095585e-03
   3.47355031e+02   2.69098906e-03
   3.47355520e+02   4.53471701e-04
   3.47356008e+02   5.59796230e-04
   3.47356496e+02   2.43962044e-03
   3.47356985e+02   3.63362860e-03
   3.47357473e+02   3.38377408e-03
   3.47357961e+02   3.74759687e-03
   3.47358450e+02   4.05620597e-03
   3.47358938e+02   2.05313973e-03
   3.47359426e+02  -1.02490369e-04
   3.47359914e+02  -5.19484049e-04
   3.47360403e+02  -9.59058234e-04
   3.47360891e+02  -2.86487141e-03
   3.47361379e+02  -2.89178547e-03
   3.47361868e+02  -1.78320112e-03
   3.47362356e+02  -2.03163433e-03
   3.47362844e+02   1.72923043e-04
   3.47363333e+02   4.15303418e-03
   3.47363821e+02   4.88025369e-03
   3.47364309e+02   2.61214515e-03
   3.47364798e+02   8.47425428e-04
   3.47365286e+02   1.24774501e-03
   3.47365774e+02   2.81000021e-03
   3.47366262e+02   3.70550761e-03
   3.47366751e+02   2.26876559e-03
   3.47367239e+02   1.01899577e-03
   3.47367727e+02   8.98514874e-04
   3.47368216e+02   1.07941742e-03
   3.47368704e+02   1.03057711e-03
   3.47369192e+02  -9.35756834e-04
   3.47369681e+02  -3.40390275e-03
   3.47370169e+02  -2.29306216e-03
   3.47370657e+02   1.27913873e-03
   3.47371146e+02   1.87673816e-03
   3.47371634e+02  -4.90730105e-04
   3.47372122e+02  -5.61288500e-04
   3.47372610e+02   7.27766077e-04
   3.47373099e+02   1.15723012e-03
   3.47373587e+02   2.14349921e-03
   3.47374075e+02   2.99995812e-03
   3.47374564e+02   2.45336653e-03
   3.47375052e+02   1.97581918e-04
   3.47375540e+02  -2.65774783e-03
   3.47376029e+02  -2.55904836e-03
   3.47376517e+02   2.70562014e-04
   3.47377005e+02   2.87479581e-03
   3.47377494e+02   2.27742363e-03
   3.47377982e+02  -8.27186392e-04
   3.47378470e+02  -2.36374605e-03
   3.47378958e+02  -1.25521887e-03
   3.47379447e+02   9.94149013e-04
   3.47379935e+02   9.01870662e-04
   3.47380423e+02  -5.87209433e-05
   3.47380912e+02  -2.11924606e-04
   3.47381400e+02  -1.18948286e-03
   3.47381888e+02  -2.83157662e-03
   3.47382377e+02  -1.19740015e-03
   3.47382865e+02   2.95971963e-03
   3.47383353e+02   3.98173090e-03
   3.47383842e+02   1.10983872e-03
   3.47384330e+02  -2.30835029e-03
   3.47384818e+02  -2.18432909e-03
   3.47385307e+02   4.03160288e-04
   3.47385795e+02   9.13915457e-04
   3.47386283e+02   2.67828233e-03
   3.47386771e+02   5.15013607e-03
   3.47387260e+02   3.56446626e-03
   3.47387748e+02   1.18030829e-03
   3.47388236e+02   1.00864947e-03
   3.47388725e+02   2.96429242e-03
   3.47389213e+02   4.50397888e-03
   3.47389701e+02   2.76527111e-03
   3.47390190e+02   2.24894239e-03
   3.47390678e+02   3.90080130e-03
   3.47391166e+02   4.16935002e-03
   3.47391655e+02   3.40716983e-03
   3.47392143e+02   1.78121857e-03
   3.47392631e+02   7.89631682e-04
   3.47393119e+02   5.25144802e-04
   3.47393608e+02  -1.34574191e-03
   3.47394096e+02  -3.77045921e-03
   3.47394584e+02  -4.60847933e-03
   3.47395073e+02  -2.34305626e-03
   3.47395561e+02  -4.08396270e-04
   3.47396049e+02  -1.75775774e-03
   3.47396538e+02  -1.92363095e-03
   3.47397026e+02   4.30837856e-04
   3.47397514e+02   2.54759216e-04
   3.47398003e+02  -1.02060277e-03
   3.47398491e+02  -5.27257565e-04
   3.47398979e+02  -1.54888679e-04
   3.47399467e+02  -8.31731595e-04
   3.47399956e+02  -5.55755047e-04
   3.47400444e+02   1.27841881e-03
   3.47400932e+02   1.03147654e-03
   3.47401421e+02   6.15152821e-05
   3.47401909e+02   1.40290847e-03
   3.47402397e+02   2.06537917e-03
   3.47402886e+02   1.39988156e-03
   3.47403374e+02   1.28462573e-03
   3.47403862e+02   2.34133797e-03
   3.47404351e+02   1.09257002e-03
   3.47404839e+02  -1.04314080e-04
   3.47405327e+02   4.90762817e-04
   3.47405815e+02   1.76091294e-03
   3.47406304e+02   2.44611269e-03
   3.47406792e+02   5.62239846e-04
   3.47407280e+02  -7.05935177e-04
   3.47407769e+02  -5.95961697e-04
   3.47408257e+02  -6.37759164e-04
   3.47408745e+02  -1.51375961e-03
   3.47409234e+02  -3.69552826e-03
   3.47409722e+02  -3.88690946e-03
   3.47410210e+02  -1.85068743e-03
   3.47410699e+02  -1.41579879e-03
   3.47411187e+02  -1.27430994e-03
   3.47411675e+02  -1.33282400e-03
   3.47412163e+02  -1.92266318e-03
   3.47412652e+02  -2.26731459e-03
   3.47413140e+02  -3.53137217e-03
   3.47413628e+02  -4.99861827e-03
   3.47414117e+02  -4.97292401e-03
   3.47414605e+02  -2.49620178e-03
   3.47415093e+02  -5.16460801e-04
   3.47415582e+02   1.34420977e-03
   3.47416070e+02   2.74667540e-03
   3.47416558e+02   1.64103892e-03
   3.47417047e+02   6.52407238e-04
   3.47417535e+02  -7.25308375e-04
   3.47418023e+02  -3.98098677e-03
   3.47418511e+02  -4.61422093e-03
   3.47419000e+02  -2.83917878e-03
   3.47419488e+02  -1.82582717e-03
   3.47419976e+02  -7.69566803e-04
   3.47420465e+02  -1.10061286e-04
   3.47420953e+02  -5.29773184e-04
   3.47421441e+02  -1.71422842e-03
   3.47421930e+02  -2.33278796e-03
   3.47422418e+02  -1.71859923e-03
   3.47422906e+02  -1.58604491e-03
   3.47423395e+02  -2.89458316e-03
   3.47423883e+02  -3.54769127e-03
   3.47424371e+02  -2.71494826e-03
   3.47424860e+02  -2.48152274e-03
   3.47425348e+02  -3.56592727e-03
   3.47425836e+02  -2.91649159e-03
   3.47426324e+02   3.89834313e-04
   3.47426813e+02   1.53811614e-03
   3.47427301e+02  -1.37178355e-03
   3.47427789e+02  -3.55975167e-03
   3.47428278e+02  -3.49915982e-03
   3.47428766e+02  -1.92655087e-03
   3.47429254e+02  -8.43854272e-04
   3.47429743e+02  -3.90253263e-04
   3.47430231e+02   4.27404157e-05
   3.47430719e+02  -1.37468707e-03
   3.47431208e+02  -1.42428500e-03
   3.47431696e+02   8.89830408e-04
   3.47432184e+02   1.78626785e-03
   3.47432672e+02   1.54580746e-03
   3.47433161e+02   6.98281161e-04
   3.47433649e+02  -6.81830337e-04
   3.47434137e+02  -1.83349731e-03
   3.47434626e+02  -1.04123622e-03
   3.47435114e+02  -6.56809658e-04
   3.47435602e+02  -1.62848912e-03
   3.47436091e+02  -1.50265172e-03
   3.47436579e+02  -2.29243957e-03
   3.47437067e+02  -2.87107984e-03
   3.47437556e+02  -9.48086265e-04
   3.47438044e+02   7.24149053e-04
   3.47438532e+02  -3.78257682e-04
   3.47439020e+02  -1.78193499e-03
   3.47439509e+02  -1.11134874e-03
   3.47439997e+02   2.38189517e-04
   3.47440485e+02   1.52970268e-03
   3.47440974e+02   3.00283078e-03
   3.47441462e+02   1.42549025e-03
   3.47441950e+02  -1.11399638e-03
   3.47442439e+02  -7.10038410e-04
   3.47442927e+02  -6.07070688e-04
   3.47443415e+02  -1.55363488e-03
   3.47443904e+02  -1.22431747e-03
   3.47444392e+02  -5.78938751e-04
   3.47444880e+02  -8.48729745e-04
   3.47445368e+02  -4.63602017e-04
   3.47445857e+02   9.74960043e-04
   3.47446345e+02   5.13850187e-04
   3.47446833e+02  -1.25510036e-03
   3.47447322e+02  -2.25253659e-03
   3.47447810e+02  -2.07143486e-03
   3.47448298e+02  -2.61652912e-03
   3.47448787e+02  -5.10216970e-03
   3.47449275e+02  -4.81606415e-03
   3.47449763e+02  -5.12363506e-04
   3.47450252e+02   1.61439693e-03
   3.47450740e+02   1.76979601e-03
   3.47451228e+02   2.48005544e-03
   3.47451716e+02   2.12611747e-03
   3.47452205e+02   4.36601025e-04
   3.47452693e+02  -2.62851361e-04
   3.47453181e+02   4.52742970e-04
   3.47453670e+02   2.11741263e-03
   3.47454158e+02   2.97343801e-03
   3.47454646e+02   1.64563116e-03
   3.47455135e+02  -8.88462528e-04
   3.47455623e+02  -3.93042603e-04
   3.47456111e+02   1.70364790e-03
   3.47456600e+02   1.16677000e-03
   3.47457088e+02   2.15337248e-04
   3.47457576e+02   1.55590998e-03
   3.47458064e+02   3.69857671e-03
   3.47458553e+02   2.69132969e-03
   3.47459041e+02   4.97480971e-04
   3.47459529e+02   1.12448656e-03
   3.47460018e+02   1.81253266e-03
   3.47460506e+02   4.58410708e-04
   3.47460994e+02   1.11761375e-03
   3.47461483e+02   1.55434851e-03
   3.47461971e+02  -1.34435366e-03
   3.47462459e+02  -1.92921225e-03
   3.47462948e+02  -2.83758214e-04
   3.47463436e+02   3.69458830e-05
   3.47463924e+02   5.62117748e-05
   3.47464413e+02   5.25817683e-04
   3.47464901e+02   4.67564299e-04
   3.47465389e+02   3.33536213e-04
   3.47465877e+02   8.72024335e-04
   3.47466366e+02   1.25931227e-03
   3.47466854e+02   4.84465963e-05
   3.47467342e+02  -1.24252844e-03
   3.47467831e+02   1.17994372e-04
   3.47468319e+02   1.41609740e-03
   3.47468807e+02   1.62715709e-03
   3.47469296e+02   2.86913989e-03
   3.47469784e+02   3.28155863e-03
   3.47470272e+02   2.36425735e-03
   3.47470761e+02   2.15133210e-03
   3.47471249e+02   2.45449669e-03
   3.47471737e+02   1.27271365e-03
   3.47472225e+02  -1.26050611e-03
   3.47472714e+02  -3.43194022e-03
   3.47473202e+02  -2.40587443e-03
   3.47473690e+02  -2.65670649e-04
   3.47474179e+02  -6.62082020e-05
   3.47474667e+02   6.77152275e-05
   3.47475155e+02   4.17706819e-04
   3.47475644e+02   4.21954697e-04
   3.47476132e+02  -1.30523485e-03
   3.47476620e+02  -2.56642397e-03
   3.47477109e+02  -1.10129081e-03
   3.47477597e+02  -4.66844998e-04
   3.47478085e+02  -1.00439135e-03
   3.47478573e+02  -5.64324553e-04
   3.47479062e+02  -5.95117570e-04
   3.47479550e+02  -1.65980903e-03
   3.47480038e+02  -8.61106499e-04
   3.47480527e+02   6.59004785e-04
   3.47481015e+02   1.16920019e-04
   3.47481503e+02   3.60036880e-04
   3.47481992e+02   6.30526221e-04
   3.47482480e+02  -1.27999403e-03
   3.47482968e+02  -2.15171534e-03
   3.47483457e+02  -1.22653053e-03
   3.47483945e+02  -1.67569658e-03
   3.47484433e+02  -2.38580373e-03
   3.47484921e+02  -4.86699690e-04
   3.47485410e+02   1.12601195e-03
   3.47485898e+02   1.50634814e-03
   3.47486386e+02   1.28598826e-03
   3.47486875e+02  -1.33130653e-03
   3.47487363e+02  -5.50122326e-03
   3.47487851e+02  -5.60916588e-03
   3.47488340e+02  -2.52905581e-03
   3.47488828e+02  -1.70211517e-03
   3.47489316e+02  -1.44521007e-03
   3.47489805e+02  -5.42787893e-04
   3.47490293e+02  -1.11952866e-03
   3.47490781e+02  -1.86129380e-03
   3.47491269e+02  -1.18648156e-03
   3.47491758e+02   5.54393628e-04
   3.47492246e+02   5.77565748e-04
   3.47492734e+02  -1.45571132e-03
   3.47493223e+02  -2.19184207e-03
   3.47493711e+02  -6.47844921e-04
   3.47494199e+02   1.57429918e-03
   3.47494688e+02   2.36448855e-03
   3.47495176e+02   8.72713572e-04
   3.47495664e+02   7.00897188e-04
   3.47496153e+02   1.87186792e-03
   3.47496641e+02   2.23646522e-04
   3.47497129e+02  -1.88681553e-03
   3.47497617e+02  -1.95645285e-03
   3.47498106e+02  -1.29023811e-03
   3.47498594e+02   5.76331920e-04
   3.47499082e+02   2.63877981e-03
   3.47499571e+02   1.63452176e-03
   3.47500059e+02  -5.16311789e-04
   3.47500547e+02  -6.50244008e-04
   3.47501036e+02  -9.42055311e-04
   3.47501524e+02  -1.14577508e-03
   3.47502012e+02   1.17487216e-03
   3.47502501e+02   2.55370536e-03
   3.47502989e+02   1.47455069e-03
   3.47503477e+02  -1.32827481e-04
   3.47503966e+02  -2.27009412e-03
   3.47504454e+02  -1.41049502e-03
   3.47504942e+02   7.96179869e-04
   3.47505430e+02   2.49582436e-03
   3.47505919e+02   3.49669368e-03
   3.47506407e+02   1.76958705e-03
   3.47506895e+02  -1.35711418e-03
   3.47507384e+02  -2.76832096e-03
   3.47507872e+02  -2.35464075e-03
   3.47508360e+02  -1.83296436e-03
   3.47508849e+02   4.21495497e-04
   3.47509337e+02   3.32664838e-03
   3.47509825e+02   3.63760721e-03
   3.47510314e+02   3.00518028e-03
   3.47510802e+02   3.57258250e-03
   3.47511290e+02   3.75979324e-03
   3.47511778e+02   2.99862120e-03
   3.47512267e+02   1.89276761e-03
   3.47512755e+02   8.70192016e-04
   3.47513243e+02  -6.53866504e-04
   3.47513732e+02  -9.41651582e-04
   3.47514220e+02   2.09069438e-03
   3.47514708e+02   4.12592944e-03
   3.47515197e+02   3.63110658e-03
   3.47515685e+02   3.00165522e-03
   3.47516173e+02   1.22852053e-03
   3.47516662e+02  -4.01843281e-04
   3.47517150e+02  -1.74720015e-03
   3.47517638e+02  -2.20239419e-03
   3.47518126e+02  -1.53723976e-03
   3.47518615e+02  -1.70350494e-03
   3.47519103e+02  -3.81867198e-04
   3.47519591e+02   3.50400485e-04
   3.47520080e+02  -1.33312400e-03
   3.47520568e+02  -1.93360017e-03
   3.47521056e+02  -1.61233556e-03
   3.47521545e+02  -1.13140454e-03
   3.47522033e+02   1.00803596e-03
   3.47522521e+02   1.72628206e-03
   3.47523010e+02  -1.26197119e-03
   3.47523498e+02  -2.80968775e-03
   3.47523986e+02  -3.60443781e-04
   3.47524474e+02   7.08571752e-04
   3.47524963e+02  -7.14100548e-04
   3.47525451e+02  -1.51672831e-03
   3.47525939e+02  -2.74023437e-03
   3.47526428e+02  -3.13706510e-03
   3.47526916e+02   8.32013786e-04
   3.47527404e+02   4.05634660e-03
   3.47527893e+02   1.28228520e-03
   3.47528381e+02  -1.27548422e-03
   3.47528869e+02   1.48490642e-03
   3.47529358e+02   3.01756174e-03
   3.47529846e+02   2.63633672e-04
   3.47530334e+02  -2.73353769e-04
   3.47530822e+02   1.29179843e-03
   3.47531311e+02   7.04905688e-05
   3.47531799e+02  -1.62986107e-03
   3.47532287e+02  -8.65819922e-04
   3.47532776e+02   6.58187782e-04
   3.47533264e+02   1.31761585e-03
   3.47533752e+02   9.25795408e-04
   3.47534241e+02  -9.06672154e-04
   3.47534729e+02  -2.47784192e-03
   3.47535217e+02  -7.51197978e-04
   3.47535706e+02   2.36791768e-03
   3.47536194e+02   2.41099414e-03
   3.47536682e+02   2.29701691e-04
   3.47537170e+02  -7.04702456e-04
   3.47537659e+02   1.26543353e-04
   3.47538147e+02   1.16618606e-03
   3.47538635e+02   1.40064454e-03
   3.47539124e+02   1.15457387e-03
   3.47539612e+02  -1.32556306e-04
   3.47540100e+02  -2.20850762e-03
   3.47540589e+02  -3.54989502e-03
   3.47541077e+02  -3.04534403e-03
   3.47541565e+02  -1.87104731e-03
   3.47542054e+02  -5.50267810e-04
   3.47542542e+02   1.11456297e-03
   3.47543030e+02   1.10532343e-03
   3.47543519e+02   3.48912406e-04
   3.47544007e+02   7.16492417e-04
   3.47544495e+02   9.83996084e-04
   3.47544983e+02   7.09414890e-04
   3.47545472e+02   1.10563706e-03
   3.47545960e+02   2.33965390e-03
   3.47546448e+02   1.32197537e-03
   3.47546937e+02  -1.50160387e-03
   3.47547425e+02  -2.82066804e-03
   3.47547913e+02  -1.76917436e-03
   3.47548402e+02  -2.06049153e-05
   3.47548890e+02   5.89385454e-04
   3.47549378e+02  -1.99839662e-04
   3.47549867e+02  -1.37971001e-04
   3.47550355e+02  -6.14989374e-04
   3.47550843e+02  -3.20814666e-03
   3.47551331e+02  -3.19627114e-03
   3.47551820e+02  -1.59937853e-03
   3.47552308e+02  -2.58102635e-04
   3.47552796e+02   6.11401978e-04
   3.47553285e+02  -1.12672693e-04
   3.47553773e+02  -8.72354547e-04
   3.47554261e+02  -2.61078123e-04
   3.47554750e+02   2.09260936e-04
   3.47555238e+02  -6.13583659e-04
   3.47555726e+02  -1.79742486e-03
   3.47556215e+02  -1.39430037e-03
   3.47556703e+02  -8.03381496e-04
   3.47557191e+02  -1.15433882e-03
   3.47557679e+02  -8.66032424e-05
   3.47558168e+02   9.17110185e-04
   3.47558656e+02   5.40501846e-04
   3.47559144e+02   4.54619731e-04
   3.47559633e+02   1.23259122e-03
   3.47560121e+02   9.97537398e-04
   3.47560609e+02  -2.72269303e-04
   3.47561098e+02  -1.22590410e-03
   3.47561586e+02  -1.96318422e-03
   3.47562074e+02  -2.54396419e-03
   3.47562563e+02  -2.02735071e-03
   3.47563051e+02  -8.58827727e-04
   3.47563539e+02   2.03306423e-04
   3.47564027e+02   8.38532986e-04
   3.47564516e+02  -1.78498231e-04
   3.47565004e+02  -7.76553934e-04
   3.47565492e+02   1.07901322e-03
   3.47565981e+02   2.26055761e-03
   3.47566469e+02   2.13097478e-03
   3.47566957e+02   6.61407830e-04
   3.47567446e+02  -6.47700217e-04
   3.47567934e+02   6.88179862e-04
   3.47568422e+02   2.65349448e-03
   3.47568911e+02   2.97565362e-03
   3.47569399e+02   3.35891847e-04
   3.47569887e+02  -1.29437400e-03
   3.47570375e+02   4.22240148e-04
   3.47570864e+02   4.22995887e-04
   3.47571352e+02  -4.13010974e-04
   3.47571840e+02   5.36192209e-04
   3.47572329e+02   5.01749804e-04
   3.47572817e+02   9.52867631e-05
   3.47573305e+02   1.83546997e-03
   3.47573794e+02   3.26238340e-03
   3.47574282e+02   1.90112705e-03
   3.47574770e+02   3.01088206e-04
   3.47575259e+02   4.32891902e-05
   3.47575747e+02   1.77745795e-04
   3.47576235e+02   1.04864629e-03
   3.47576723e+02   2.09440081e-03
   3.47577212e+02   2.33263453e-03
   3.47577700e+02   1.24151644e-03
   3.47578188e+02  -9.16227931e-04
   3.47578677e+02  -5.13412117e-04
   3.47579165e+02   4.59914067e-04
   3.47579653e+02  -2.99412804e-03
   3.47580142e+02  -4.53811046e-03
   3.47580630e+02  -2.22413102e-03
   3.47581118e+02   1.32304458e-05
   3.47581607e+02  -8.65197799e-04
   3.47582095e+02  -2.39567528e-03
   3.47582583e+02  -1.00674538e-03
   3.47583072e+02   8.04087322e-04
   3.47583560e+02   6.77881530e-04
   3.47584048e+02   2.24594784e-04
   3.47584536e+02  -1.19287847e-03
   3.47585025e+02  -2.49180803e-03
   3.47585513e+02  -2.55877152e-03
   3.47586001e+02  -1.91442389e-03
   3.47586490e+02  -8.93136195e-04
   3.47586978e+02  -3.26706853e-04
   3.47587466e+02  -1.23679789e-03
   3.47587955e+02  -1.56672043e-03
   3.47588443e+02   2.93360936e-04
   3.47588931e+02   8.41217989e-04
   3.47589420e+02  -1.11897280e-04
   3.47589908e+02   1.79551856e-03
   3.47590396e+02   3.60189914e-03
   3.47590884e+02   1.41761545e-03
   3.47591373e+02   7.28646060e-04
   3.47591861e+02   2.50094151e-03
   3.47592349e+02   2.37030233e-03
   3.47592838e+02   8.32252961e-04
   3.47593326e+02   2.48687516e-04
   3.47593814e+02   1.90401061e-05
   3.47594303e+02   6.75227959e-04
   3.47594791e+02   7.39697367e-04
   3.47595279e+02  -1.41698483e-03
   3.47595768e+02  -1.28263689e-03
   3.47596256e+02   2.68651129e-05
   3.47596744e+02  -1.39310304e-03
   3.47597232e+02  -2.34924792e-03
   3.47597721e+02  -2.38113059e-03
   3.47598209e+02  -1.31183397e-03
   3.47598697e+02  -4.59629882e-05
   3.47599186e+02  -7.30874657e-04
   3.47599674e+02  -1.53500529e-03
   3.47600162e+02  -1.20016944e-03
   3.47600651e+02  -3.06416099e-04
   3.47601139e+02   9.73296410e-04
   3.47601627e+02   2.09703017e-03
   3.47602116e+02   3.00627272e-03
   3.47602604e+02   3.38040409e-03
   3.47603092e+02   3.43006407e-03
   3.47603580e+02   1.72691606e-03
   3.47604069e+02  -3.08736489e-04
   3.47604557e+02   5.36183012e-04
   3.47605045e+02   3.95106181e-04
   3.47605534e+02   5.04684402e-04
   3.47606022e+02   3.40986787e-03
   3.47606510e+02   3.99436988e-03
   3.47606999e+02   3.19454214e-03
   3.47607487e+02   3.73349292e-03
   3.47607975e+02   3.95596446e-03
   3.47608464e+02   2.80998624e-03
   3.47608952e+02  -8.94442550e-04
   3.47609440e+02  -2.74394429e-03
   3.47609928e+02  -1.49627123e-03
   3.47610417e+02  -2.25725031e-04
   3.47610905e+02  -8.09028061e-05
   3.47611393e+02  -7.39363371e-04
   3.47611882e+02  -1.62182224e-03
   3.47612370e+02  -1.25674275e-03
   3.47612858e+02  -5.87187416e-04
   3.47613347e+02  -1.78398134e-03
   3.47613835e+02  -3.30322818e-03
   3.47614323e+02  -4.79147071e-03
   3.47614812e+02  -4.87952260e-03
   3.47615300e+02  -3.82510433e-03
   3.47615788e+02  -3.77845508e-03
   3.47616276e+02  -8.60240485e-04
   3.47616765e+02   2.55411491e-03
   3.47617253e+02   9.99084208e-04
   3.47617741e+02  -2.08558608e-03
   3.47618230e+02  -2.34457338e-03
   3.47618718e+02  -4.83303156e-04
   3.47619206e+02   2.15764856e-04
   3.47619695e+02   9.97831012e-05
   3.47620183e+02  -1.30542248e-04
   3.47620671e+02   1.96434921e-04
   3.47621160e+02   1.08486414e-03
   3.47621648e+02  -6.89847046e-04
   3.47622136e+02  -4.12888173e-03
   3.47622625e+02  -4.22701659e-03
   3.47623113e+02  -1.35572639e-03
   3.47623601e+02   5.14703919e-04
   3.47624089e+02   1.04307209e-03
   3.47624578e+02   2.19587656e-03
   3.47625066e+02   2.42425781e-03
   3.47625554e+02   1.15979370e-03
   3.47626043e+02  -3.33117750e-05
   3.47626531e+02  -1.06394861e-03
   3.47627019e+02  -9.57591343e-04
   3.47627508e+02  -1.63490447e-04
   3.47627996e+02   5.35328290e-04
   3.47628484e+02   1.18875958e-03
   3.47628973e+02   1.56539225e-03
   3.47629461e+02   2.23665335e-03
   3.47629949e+02   1.48598640e-03
   3.47630437e+02  -3.70455469e-04
   3.47630926e+02  -1.02343468e-03
   3.47631414e+02   1.15513329e-04
   3.47631902e+02   2.53461697e-03
   3.47632391e+02   2.81371828e-03
   3.47632879e+02   5.68538730e-04
   3.47633367e+02  -7.42403732e-04
   3.47633856e+02  -9.49396519e-04
   3.47634344e+02   4.30697692e-04
   3.47634832e+02   1.43376901e-03
   3.47635321e+02  -1.10735355e-05
   3.47635809e+02  -2.60705152e-03
   3.47636297e+02  -3.34349694e-03
   3.47636785e+02  -2.47995974e-03
   3.47637274e+02  -1.20076200e-03
   3.47637762e+02   8.00630136e-04
   3.47638250e+02   2.93270685e-03
   3.47638739e+02   2.83104810e-03
   3.47639227e+02   4.36672382e-03
   3.47639715e+02   5.12936758e-03
   3.47640204e+02   3.46196722e-03
   3.47640692e+02   1.93162181e-03
   3.47641180e+02   1.22806476e-03
   3.47641669e+02   1.71037228e-03
   3.47642157e+02   2.27964716e-03
   3.47642645e+02   1.06107327e-03
   3.47643133e+02  -1.14694308e-03
   3.47643622e+02  -2.49258545e-03
   3.47644110e+02  -2.54343869e-03
   3.47644598e+02  -2.97104125e-03
   3.47645087e+02  -3.04020266e-03
   3.47645575e+02  -2.79484340e-03
   3.47646063e+02  -3.79922637e-03
   3.47646552e+02  -4.07409202e-03
   3.47647040e+02  -2.99053709e-03
   3.47647528e+02  -1.55320065e-03
   3.47648017e+02  -1.56480540e-03
   3.47648505e+02  -2.68541975e-03
   3.47648993e+02  -2.16130842e-03
   3.47649481e+02  -1.42931356e-03
   3.47649970e+02  -1.79759627e-05
   3.47650458e+02   2.37402529e-03
   3.47650946e+02   1.61841349e-03
   3.47651435e+02  -7.34905188e-05
   3.47651923e+02  -5.90778072e-04
   3.47652411e+02   3.44422093e-04
   3.47652900e+02   2.45239586e-03
   3.47653388e+02   2.09073373e-03
   3.47653876e+02   1.97597081e-03
   3.47654365e+02   4.18465957e-03
   3.47654853e+02   5.00583323e-03
   3.47655341e+02   3.81053565e-03
   3.47655829e+02   2.46230070e-03
   3.47656318e+02   1.10262434e-03
   3.47656806e+02  -7.12078647e-04
   3.47657294e+02  -5.07883844e-04
   3.47657783e+02   1.40336039e-03
   3.47658271e+02   2.06183014e-03
   3.47658759e+02   1.92044338e-03
   3.47659248e+02   1.56355300e-03
   3.47659736e+02   2.04519881e-03
   3.47660224e+02   1.62808131e-03
   3.47660713e+02   1.08198251e-03
   3.47661201e+02  -9.56057338e-04
   3.47661689e+02  -2.91386014e-03
   3.47662177e+02  -2.38011521e-03
   3.47662666e+02  -1.76525535e-03
   3.47663154e+02  -1.77559385e-03
   3.47663642e+02  -1.48601772e-03
   3.47664131e+02  -5.34808903e-04
   3.47664619e+02   2.08489597e-04
   3.47665107e+02  -2.78908818e-04
   3.47665596e+02  -4.51798172e-04
   3.47666084e+02   1.99803453e-05
   3.47666572e+02  -1.26861501e-03
   3.47667061e+02  -2.34117312e-03
   3.47667549e+02  -2.26457766e-03
   3.47668037e+02  -2.24285666e-03
   3.47668526e+02  -5.88472583e-04
   3.47669014e+02   7.24094396e-04
   3.47669502e+02  -2.11557315e-04
   3.47669990e+02   7.36548274e-04
   3.47670479e+02   2.61452212e-03
   3.47670967e+02   1.33739866e-03
   3.47671455e+02  -1.31083652e-03
   3.47671944e+02  -1.06578250e-03
   3.47672432e+02   6.62049279e-04
   3.47672920e+02   6.57425029e-04
   3.47673409e+02   9.65767191e-04
   3.47673897e+02   2.84180348e-03
   3.47674385e+02   3.58231389e-03
   3.47674874e+02   1.00292184e-03
   3.47675362e+02  -3.13537836e-04
   3.47675850e+02   6.86824496e-04
   3.47676338e+02   1.12708937e-03
   3.47676827e+02   3.22482752e-04
   3.47677315e+02   1.91501633e-04
   3.47677803e+02   1.34949433e-03
   3.47678292e+02   4.91789717e-04
   3.47678780e+02  -2.05099233e-03
   3.47679268e+02  -2.63453415e-03
   3.47679757e+02  -8.83086992e-04
   3.47680245e+02   1.61525595e-03
   3.47680733e+02   2.38575065e-03
   3.47681222e+02   3.09848087e-03
   3.47681710e+02   4.23732912e-03
   3.47682198e+02   2.41681212e-03
   3.47682686e+02  -1.57326969e-04
   3.47683175e+02   4.16843657e-04
   3.47683663e+02   1.99056434e-04
   3.47684151e+02   2.39797620e-04
   3.47684640e+02   1.47687458e-03
   3.47685128e+02   5.21583890e-04
   3.47685616e+02  -1.56318638e-04
   3.47686105e+02   7.31807842e-04
   3.47686593e+02   1.10830413e-03
   3.47687081e+02   4.54289657e-05
   3.47687570e+02  -1.84252276e-03
   3.47688058e+02  -3.06881964e-03
   3.47688546e+02  -1.84771884e-03
   3.47689034e+02   5.63387875e-04
   3.47689523e+02   1.35574187e-03
   3.47690011e+02  -2.44070732e-04
   3.47690499e+02  -2.06643413e-03
   3.47690988e+02  -1.00147247e-03
   3.47691476e+02   4.27796243e-04
   3.47691964e+02   8.24047092e-05
   3.47692453e+02  -8.60391359e-04
   3.47692941e+02   1.60542520e-04
   3.47693429e+02   3.20843887e-03
   3.47693918e+02   1.75389089e-03
   3.47694406e+02  -3.20559368e-03
   3.47694894e+02  -4.07806179e-03
