frequency (GHz), flux (Jy/beam)
   3.57803379e+02   6.00694795e-04
   3.57803867e+02   3.96487565e-04
   3.57804356e+02  -1.33349153e-04
   3.57804844e+02   9.30106398e-05
   3.57805332e+02   5.88532072e-04
   3.57805821e+02   6.82709797e-04
   3.57806309e+02   2.16946228e-05
   3.57806797e+02  -7.67632271e-04
   3.57807285e+02  -5.37987449e-04
   3.57807774e+02  -1.22380952e-04
   3.57808262e+02  -7.71545892e-05
   3.57808750e+02   1.11901158e-04
   3.57809239e+02   2.63490045e-04
   3.57809727e+02   1.65490317e-04
   3.57810215e+02   1.22671599e-05
   3.57810704e+02  -1.43139623e-05
   3.57811192e+02   2.57065898e-04
   3.57811680e+02   2.46907002e-04
   3.57812169e+02  -1.27000603e-04
   3.57812657e+02   1.78557202e-05
   3.57813145e+02   3.97312455e-04
   3.57813633e+02   1.77810012e-04
   3.57814122e+02  -1.23894672e-04
   3.57814610e+02   1.39512878e-04
   3.57815098e+02   6.14964170e-04
   3.57815587e+02   4.02669277e-04
   3.57816075e+02  -1.32768706e-04
   3.57816563e+02  -6.69135406e-05
   3.57817052e+02   1.86549994e-04
   3.57817540e+02   4.67175676e-04
   3.57818028e+02   8.69414478e-04
   3.57818517e+02   8.00206384e-04
   3.57819005e+02   2.13164152e-04
   3.57819493e+02  -4.59378789e-05
   3.57819981e+02  -3.17207414e-05
   3.57820470e+02  -2.49299221e-04
   3.57820958e+02  -5.24639559e-04
   3.57821446e+02  -4.81702155e-04
   3.57821935e+02  -2.85607792e-04
   3.57822423e+02  -1.70912768e-04
   3.57822911e+02   2.56592699e-04
   3.57823400e+02   4.60053503e-04
   3.57823888e+02  -3.50350128e-05
   3.57824376e+02  -7.40857038e-04
   3.57824865e+02  -9.85668972e-04
   3.57825353e+02  -8.09839636e-04
   3.57825841e+02  -3.91353446e-04
   3.57826330e+02   1.57208007e-04
   3.57826818e+02   1.09069370e-04
   3.57827306e+02  -5.86320675e-05
   3.57827794e+02   4.84557997e-04
   3.57828283e+02   6.32105046e-04
   3.57828771e+02   3.24037392e-04
   3.57829259e+02   3.13046330e-04
   3.57829748e+02   2.07990204e-04
   3.57830236e+02   2.06893048e-04
   3.57830724e+02   2.68738338e-04
   3.57831213e+02  -2.24553631e-04
   3.57831701e+02  -4.38213610e-04
   3.57832189e+02   2.67871277e-04
   3.57832678e+02   6.85069012e-04
   3.57833166e+02  -1.48779276e-04
   3.57833654e+02  -8.86441441e-04
   3.57834142e+02  -6.23710628e-04
   3.57834631e+02  -2.50193480e-05
   3.57835119e+02   4.65255696e-04
   3.57835607e+02   9.31913266e-04
   3.57836096e+02   1.18183787e-03
   3.57836584e+02   9.84249054e-04
   3.57837072e+02   3.90847446e-04
   3.57837561e+02  -2.54327697e-05
   3.57838049e+02  -2.55491177e-04
   3.57838537e+02  -1.69001549e-04
   3.57839026e+02   2.28059842e-04
   3.57839514e+02   2.64616654e-04
   3.57840002e+02   2.85644055e-04
   3.57840490e+02   3.56928183e-04
   3.57840979e+02   3.67788540e-04
   3.57841467e+02   1.78015383e-04
   3.57841955e+02  -1.03898681e-04
   3.57842444e+02   1.69298757e-04
   3.57842932e+02   2.28273260e-04
   3.57843420e+02  -3.30702664e-04
   3.57843909e+02  -3.54170421e-04
   3.57844397e+02  -8.61803201e-05
   3.57844885e+02  -2.04060969e-04
   3.57845374e+02  -1.02664762e-05
   3.57845862e+02   6.18709964e-06
   3.57846350e+02  -2.26709395e-04
   3.57846838e+02  -6.99256198e-05
   3.57847327e+02  -2.12440529e-04
   3.57847815e+02  -4.04407707e-04
   3.57848303e+02   8.26636460e-05
   3.57848792e+02   1.95367058e-04
   3.57849280e+02  -3.27105430e-04
   3.57849768e+02  -6.76901895e-04
   3.57850257e+02  -4.53858374e-04
   3.57850745e+02  -2.53723672e-04
   3.57851233e+02   8.00686903e-05
   3.57851722e+02   4.64834942e-04
   3.57852210e+02   2.85907619e-04
   3.57852698e+02   1.24936023e-05
   3.57853186e+02   2.99563835e-04
   3.57853675e+02   5.25354757e-04
   3.57854163e+02   2.18350597e-05
   3.57854651e+02  -4.74991219e-04
   3.57855140e+02  -5.16883738e-04
   3.57855628e+02  -2.23809198e-04
   3.57856116e+02   2.93359801e-04
   3.57856605e+02   4.91964238e-05
   3.57857093e+02  -5.91947988e-04
   3.57857581e+02  -4.25832783e-04
   3.57858070e+02  -3.74280848e-04
   3.57858558e+02  -3.76943353e-04
   3.57859046e+02   3.10607924e-04
   3.57859534e+02   5.96068799e-04
   3.57860023e+02   2.51180521e-04
   3.57860511e+02   2.76076345e-04
   3.57860999e+02   4.68452665e-04
   3.57861488e+02   3.34751094e-04
   3.57861976e+02   1.68919752e-04
   3.57862464e+02  -5.31249534e-05
   3.57862953e+02   1.75239184e-04
   3.57863441e+02   5.97396342e-04
   3.57863929e+02   4.30909713e-04
   3.57864418e+02  -1.24254351e-04
   3.57864906e+02  -5.36338135e-04
   3.57865394e+02  -5.07353281e-04
   3.57865883e+02  -1.00908956e-05
   3.57866371e+02   4.94802662e-04
   3.57866859e+02   3.43903928e-04
   3.57867347e+02  -3.48094545e-06
   3.57867836e+02  -1.42985591e-04
   3.57868324e+02  -2.39179091e-04
   3.57868812e+02  -3.96100804e-04
   3.57869301e+02  -2.49894743e-04
   3.57869789e+02   1.55124188e-04
   3.57870277e+02  -2.13848805e-04
   3.57870766e+02  -7.79148017e-04
   3.57871254e+02  -8.07376986e-04
   3.57871742e+02  -5.32306498e-04
   3.57872231e+02   1.01958321e-04
   3.57872719e+02   5.72020537e-04
   3.57873207e+02   4.14630777e-04
   3.57873695e+02  -3.92572314e-04
   3.57874184e+02  -1.17446028e-03
   3.57874672e+02  -1.08217320e-03
   3.57875160e+02  -5.37455257e-04
   3.57875649e+02  -1.70788873e-04
   3.57876137e+02   1.60229043e-04
   3.57876625e+02   5.24198636e-04
   3.57877114e+02   5.82611538e-04
   3.57877602e+02   6.39357138e-04
   3.57878090e+02   1.00231031e-03
   3.57878579e+02   1.17526087e-03
   3.57879067e+02   1.08628394e-03
   3.57879555e+02   5.53926162e-04
   3.57880043e+02  -4.09258879e-04
   3.57880532e+02  -9.02062922e-04
   3.57881020e+02  -8.56604020e-04
   3.57881508e+02  -6.16489793e-04
   3.57881997e+02   2.61474852e-05
   3.57882485e+02   6.46827917e-04
   3.57882973e+02   5.83836401e-04
   3.57883462e+02   3.90079163e-04
   3.57883950e+02   1.95994231e-04
   3.57884438e+02  -1.99009388e-04
   3.57884927e+02  -8.63346213e-05
   3.57885415e+02  -6.26750552e-05
   3.57885903e+02  -1.88131944e-05
   3.57886391e+02   4.55166592e-04
   3.57886880e+02   5.16537752e-04
   3.57887368e+02   1.97647940e-04
   3.57887856e+02  -2.01650960e-06
   3.57888345e+02  -4.14607784e-04
   3.57888833e+02  -7.81895011e-04
   3.57889321e+02  -7.98865454e-04
   3.57889810e+02  -4.02896228e-04
   3.57890298e+02   2.74132981e-05
   3.57890786e+02  -4.24211088e-04
   3.57891275e+02  -6.61629019e-04
   3.57891763e+02  -2.92068551e-04
   3.57892251e+02   4.44096804e-04
   3.57892739e+02   9.41242382e-04
   3.57893228e+02  -1.78931057e-08
   3.57893716e+02  -6.32000854e-04
   3.57894204e+02  -2.73441459e-04
   3.57894693e+02  -1.87177313e-04
   3.57895181e+02   1.34550155e-05
   3.57895669e+02   4.83232550e-04
   3.57896158e+02   9.26616136e-04
   3.57896646e+02   5.35642554e-04
   3.57897134e+02  -5.78412582e-05
   3.57897623e+02   2.62694055e-04
   3.57898111e+02   7.07150495e-04
   3.57898599e+02   4.80586838e-04
   3.57899087e+02  -2.19000154e-04
   3.57899576e+02  -4.52012668e-04
   3.57900064e+02   8.44992755e-05
   3.57900552e+02   6.47001900e-04
   3.57901041e+02   3.53647571e-04
   3.57901529e+02  -2.11983512e-04
   3.57902017e+02  -2.48384429e-04
   3.57902506e+02  -3.86372121e-04
   3.57902994e+02  -2.59189634e-04
   3.57903482e+02   2.49007891e-04
   3.57903971e+02   1.75565845e-04
   3.57904459e+02  -1.52800552e-04
   3.57904947e+02  -3.93536320e-05
   3.57905436e+02   1.73859575e-04
   3.57905924e+02   3.96188931e-04
   3.57906412e+02   4.11445450e-04
   3.57906900e+02   1.27154519e-04
   3.57907389e+02   1.97997888e-05
   3.57907877e+02   1.08733046e-04
   3.57908365e+02   4.72237261e-05
   3.57908854e+02  -1.88914681e-04
   3.57909342e+02  -2.86459661e-04
   3.57909830e+02  -1.52867447e-04
   3.57910319e+02   2.00842958e-04
   3.57910807e+02   2.80652486e-04
   3.57911295e+02  -1.25660983e-04
   3.57911784e+02  -2.22988529e-04
   3.57912272e+02   6.01378670e-05
   3.57912760e+02   3.52096744e-04
   3.57913248e+02   1.50949010e-04
   3.57913737e+02  -4.91592451e-04
   3.57914225e+02  -7.40380608e-04
   3.57914713e+02  -6.27967005e-04
   3.57915202e+02  -2.34667168e-04
   3.57915690e+02   2.12991130e-04
   3.57916178e+02   2.98449217e-04
   3.57916667e+02  -7.74534710e-05
   3.57917155e+02  -1.49842279e-04
   3.57917643e+02  -8.72859964e-05
   3.57918132e+02  -2.48195953e-04
   3.57918620e+02   1.56266047e-04
   3.57919108e+02  -3.54394288e-05
   3.57919596e+02  -1.53385670e-04
   3.57920085e+02   7.62335985e-05
   3.57920573e+02  -9.67638989e-05
   3.57921061e+02   7.60145485e-05
   3.57921550e+02   6.06004207e-04
   3.57922038e+02   4.36200848e-04
   3.57922526e+02   3.31939227e-04
   3.57923015e+02   3.07987299e-04
   3.57923503e+02  -9.34128329e-05
   3.57923991e+02   1.27995547e-04
   3.57924480e+02   6.37634308e-04
   3.57924968e+02   4.59056610e-04
   3.57925456e+02   2.09161633e-04
   3.57925944e+02  -3.07642476e-05
   3.57926433e+02  -5.65566996e-04
   3.57926921e+02  -7.65710836e-04
   3.57927409e+02  -2.13562060e-04
   3.57927898e+02   7.29533058e-05
   3.57928386e+02  -1.36607690e-04
   3.57928874e+02  -3.11687036e-04
   3.57929363e+02  -7.60997180e-04
   3.57929851e+02  -7.58798968e-04
   3.57930339e+02   1.17554860e-04
   3.57930828e+02   7.38952425e-04
   3.57931316e+02   6.95634109e-04
   3.57931804e+02   4.65622026e-04
   3.57932292e+02   5.17380016e-04
   3.57932781e+02   5.39969013e-04
   3.57933269e+02   5.79813030e-04
   3.57933757e+02   1.16875349e-03
   3.57934246e+02   1.26761443e-03
   3.57934734e+02   3.43662745e-04
   3.57935222e+02  -4.83527081e-04
   3.57935711e+02  -6.30768831e-04
   3.57936199e+02  -2.02452691e-04
   3.57936687e+02   1.32324145e-04
   3.57937176e+02   1.99680944e-04
   3.57937664e+02   4.08278545e-04
   3.57938152e+02   4.49649669e-04
   3.57938640e+02   1.71049876e-04
   3.57939129e+02  -2.18837537e-04
   3.57939617e+02  -4.55941510e-04
   3.57940105e+02  -7.32902030e-04
   3.57940594e+02  -8.78140912e-04
   3.57941082e+02  -3.58731049e-04
   3.57941570e+02   1.57696835e-04
   3.57942059e+02   5.83452405e-04
   3.57942547e+02   9.09743656e-04
   3.57943035e+02   8.11824750e-04
   3.57943524e+02   7.77869369e-04
   3.57944012e+02   4.74383472e-04
   3.57944500e+02  -4.92082290e-05
   3.57944989e+02   1.27454172e-04
   3.57945477e+02   4.07201238e-04
   3.57945965e+02   5.55594270e-05
   3.57946453e+02  -5.03606105e-04
   3.57946942e+02  -6.36794488e-04
   3.57947430e+02  -3.43819236e-04
   3.57947918e+02  -4.45329788e-05
   3.57948407e+02  -1.85640747e-04
   3.57948895e+02  -3.71382775e-04
   3.57949383e+02  -4.50961321e-04
   3.57949872e+02  -5.88800001e-04
   3.57950360e+02  -2.53225182e-04
   3.57950848e+02   2.54063722e-04
   3.57951337e+02   2.83813279e-04
   3.57951825e+02   1.33972324e-04
   3.57952313e+02   3.23540298e-04
   3.57952801e+02   4.06149338e-04
   3.57953290e+02   3.12673306e-04
   3.57953778e+02   5.88582247e-04
   3.57954266e+02   5.33951446e-04
   3.57954755e+02  -6.92606554e-05
   3.57955243e+02  -3.80778161e-04
   3.57955731e+02   1.10195571e-04
   3.57956220e+02   6.81074278e-04
   3.57956708e+02   5.95610007e-04
   3.57957196e+02   1.87535261e-04
   3.57957685e+02  -2.24169911e-04
   3.57958173e+02  -4.82160394e-04
   3.57958661e+02  -5.03097544e-04
   3.57959149e+02  -1.66150261e-04
   3.57959638e+02   4.24482831e-04
   3.57960126e+02   5.05768636e-04
   3.57960614e+02   8.38233100e-05
   3.57961103e+02  -8.33609811e-05
   3.57961591e+02   6.21549261e-05
   3.57962079e+02   3.42216372e-04
   3.57962568e+02   3.14394536e-04
   3.57963056e+02   3.20318242e-04
   3.57963544e+02   3.86883738e-04
   3.57964033e+02   3.85196763e-04
   3.57964521e+02   6.01114065e-04
   3.57965009e+02   4.62467724e-04
   3.57965497e+02   6.83445469e-05
   3.57965986e+02  -2.00299430e-04
   3.57966474e+02  -2.37832399e-04
   3.57966962e+02   4.00924273e-06
   3.57967451e+02   3.50497110e-04
   3.57967939e+02   6.09309878e-04
   3.57968427e+02   8.93584860e-04
   3.57968916e+02   1.04435510e-03
   3.57969404e+02   4.15986287e-04
   3.57969892e+02  -6.83597289e-04
   3.57970381e+02  -7.18664785e-04
   3.57970869e+02   9.07899539e-06
   3.57971357e+02   1.73660155e-04
   3.57971845e+02  -2.76989857e-04
   3.57972334e+02  -3.69051850e-04
   3.57972822e+02   1.13561458e-04
   3.57973310e+02   4.16576921e-04
   3.57973799e+02   2.98580446e-04
   3.57974287e+02   3.95423704e-04
   3.57974775e+02   2.71014724e-04
   3.57975264e+02  -4.62370488e-04
   3.57975752e+02  -7.68062950e-04
   3.57976240e+02  -1.06847350e-04
   3.57976729e+02   3.45786073e-04
   3.57977217e+02  -1.49882413e-04
   3.57977705e+02  -1.73359513e-04
   3.57978193e+02   2.31351674e-04
   3.57978682e+02   4.86652934e-05
   3.57979170e+02  -5.12600527e-04
   3.57979658e+02  -7.37875991e-04
   3.57980147e+02  -7.73618347e-04
   3.57980635e+02  -8.61750043e-04
   3.57981123e+02  -6.81161357e-04
   3.57981612e+02   8.21247959e-05
   3.57982100e+02   6.56088174e-04
   3.57982588e+02   5.05969976e-04
   3.57983077e+02  -1.02342652e-04
   3.57983565e+02  -6.90768124e-04
   3.57984053e+02  -5.29599609e-04
   3.57984542e+02  -3.17579688e-04
   3.57985030e+02  -8.41660367e-04
   3.57985518e+02  -6.86244050e-04
   3.57986006e+02   2.92937275e-05
   3.57986495e+02   7.37645823e-05
   3.57986983e+02   8.61972585e-05
   3.57987471e+02   1.59240313e-04
   3.57987960e+02   2.62603688e-04
   3.57988448e+02   3.01334163e-04
   3.57988936e+02   4.68593847e-04
   3.57989425e+02   6.00119005e-04
   3.57989913e+02   3.35460412e-04
   3.57990401e+02   5.19644564e-05
   3.57990890e+02  -5.92117285e-05
   3.57991378e+02  -4.18599288e-04
   3.57991866e+02  -8.79265834e-04
   3.57992354e+02  -6.56357792e-04
   3.57992843e+02  -1.96828187e-04
   3.57993331e+02  -1.99098780e-04
   3.57993819e+02  -1.72857792e-04
   3.57994308e+02  -2.65540555e-04
   3.57994796e+02  -5.54374885e-04
   3.57995284e+02  -5.55523147e-04
   3.57995773e+02  -3.28584167e-04
   3.57996261e+02  -5.42906055e-04
   3.57996749e+02  -9.84220882e-04
   3.57997238e+02  -6.40626007e-04
   3.57997726e+02   1.22654208e-04
   3.57998214e+02   6.31812087e-04
   3.57998702e+02   9.55122989e-04
   3.57999191e+02   7.78847723e-04
   3.57999679e+02  -1.43445677e-05
   3.58000167e+02  -3.20800900e-04
   3.58000656e+02   6.96657589e-05
   3.58001144e+02   8.06784301e-05
   3.58001632e+02  -1.36067159e-04
   3.58002121e+02   3.63188956e-05
   3.58002609e+02   9.20495731e-05
   3.58003097e+02   1.87035752e-04
   3.58003586e+02   5.53352584e-04
   3.58004074e+02   5.23996190e-04
   3.58004562e+02   1.99155227e-04
   3.58005050e+02  -2.83339527e-04
   3.58005539e+02  -4.41874901e-04
   3.58006027e+02  -2.39541405e-04
   3.58006515e+02  -4.98318404e-04
   3.58007004e+02  -7.04426144e-04
   3.58007492e+02  -6.35046978e-04
   3.58007980e+02  -3.57539917e-04
   3.58008469e+02  -1.64825004e-04
   3.58008957e+02  -3.94673145e-04
   3.58009445e+02  -2.86724011e-04
   3.58009934e+02   6.94271739e-06
   3.58010422e+02   3.36964717e-06
   3.58010910e+02  -2.74552469e-04
   3.58011398e+02  -6.74287265e-04
   3.58011887e+02  -4.91609215e-04
   3.58012375e+02   3.77647433e-04
   3.58012863e+02   8.45417322e-04
   3.58013352e+02   2.06439610e-04
   3.58013840e+02  -6.24365755e-04
   3.58014328e+02  -7.16042530e-04
   3.58014817e+02  -6.32623734e-04
   3.58015305e+02  -5.06692799e-04
   3.58015793e+02  -4.59015864e-04
   3.58016282e+02  -1.48568914e-04
   3.58016770e+02   3.03049746e-04
   3.58017258e+02   8.79777654e-05
   3.58017746e+02  -1.01735000e-04
   3.58018235e+02   3.70935246e-04
   3.58018723e+02   5.09676756e-04
   3.58019211e+02   1.77518406e-04
   3.58019700e+02  -3.60750419e-05
   3.58020188e+02  -2.74962804e-04
   3.58020676e+02  -3.59035184e-04
   3.58021165e+02  -2.56008934e-04
   3.58021653e+02  -3.53804440e-04
   3.58022141e+02   1.52449766e-05
   3.58022630e+02   6.59543206e-04
   3.58023118e+02   8.37432628e-04
   3.58023606e+02   7.89142621e-04
   3.58024095e+02   1.73544802e-04
   3.58024583e+02   2.50648609e-05
   3.58025071e+02   7.93266401e-04
   3.58025559e+02   1.35073171e-03
   3.58026048e+02   8.71492666e-04
   3.58026536e+02  -2.75334110e-04
   3.58027024e+02  -4.60170064e-04
   3.58027513e+02   1.99801274e-04
   3.58028001e+02   6.78562210e-04
   3.58028489e+02   9.63797618e-04
   3.58028978e+02   7.00518838e-04
   3.58029466e+02   2.70568853e-04
   3.58029954e+02   1.04945815e-04
   3.58030443e+02  -1.31264514e-05
   3.58030931e+02   6.37470293e-05
   3.58031419e+02  -1.30451241e-04
   3.58031907e+02  -2.48379773e-04
   3.58032396e+02   1.14504452e-04
   3.58032884e+02   2.19679379e-04
   3.58033372e+02  -4.35370719e-04
   3.58033861e+02  -7.45898113e-04
   3.58034349e+02  -2.46843032e-04
   3.58034837e+02   2.70098535e-04
   3.58035326e+02   3.76609300e-04
   3.58035814e+02   7.59341463e-04
   3.58036302e+02   9.34312528e-04
   3.58036791e+02   6.80096331e-04
   3.58037279e+02   4.10195062e-04
   3.58037767e+02   2.39514411e-04
   3.58038255e+02  -8.49109201e-05
   3.58038744e+02  -1.74518471e-04
   3.58039232e+02   3.24665598e-04
   3.58039720e+02   3.98369157e-04
   3.58040209e+02  -3.80694109e-05
   3.58040697e+02  -1.37240422e-04
   3.58041185e+02  -1.04319188e-05
   3.58041674e+02  -8.87266069e-05
   3.58042162e+02  -2.62098067e-04
   3.58042650e+02  -2.83500005e-04
   3.58043139e+02   4.04063576e-06
   3.58043627e+02   5.86726092e-05
   3.58044115e+02  -1.49395783e-04
   3.58044603e+02   2.54741637e-04
   3.58045092e+02   3.15928162e-04
   3.58045580e+02  -3.19347630e-04
   3.58046068e+02  -1.89393075e-04
   3.58046557e+02  -1.16811789e-05
   3.58047045e+02   3.93989103e-05
   3.58047533e+02   1.37773823e-04
   3.58048022e+02  -2.10508399e-04
   3.58048510e+02  -3.42391926e-04
   3.58048998e+02   3.47631794e-05
   3.58049487e+02   4.18118114e-04
   3.58049975e+02   2.33051851e-05
   3.58050463e+02  -5.35823870e-04
   3.58050951e+02  -4.86071767e-05
   3.58051440e+02   7.41615775e-04
   3.58051928e+02   7.40034622e-04
   3.58052416e+02   3.34874348e-04
   3.58052905e+02   3.51181923e-04
   3.58053393e+02   5.92263939e-04
   3.58053881e+02   5.13887731e-04
   3.58054370e+02   5.11448598e-04
   3.58054858e+02   7.68860045e-04
   3.58055346e+02   7.95188651e-04
   3.58055835e+02   2.07050514e-04
   3.58056323e+02  -4.60186071e-04
   3.58056811e+02  -9.03488253e-04
   3.58057299e+02  -5.70865406e-04
   3.58057788e+02   3.72070877e-04
   3.58058276e+02   6.75714109e-04
   3.58058764e+02   4.86259640e-04
   3.58059253e+02   3.46544140e-04
   3.58059741e+02   3.48863279e-04
   3.58060229e+02   2.67050986e-04
   3.58060718e+02   1.06712789e-04
   3.58061206e+02   1.20083809e-04
   3.58061694e+02   3.56118137e-04
   3.58062183e+02   5.10347949e-04
   3.58062671e+02   2.16757937e-04
   3.58063159e+02   2.35419328e-04
   3.58063648e+02   6.42382947e-04
   3.58064136e+02   4.90442442e-04
   3.58064624e+02  -3.80890669e-05
   3.58065112e+02  -8.02959476e-05
   3.58065601e+02   3.83324077e-04
   3.58066089e+02   2.92748184e-04
   3.58066577e+02  -4.31578555e-05
   3.58067066e+02  -3.14240518e-04
   3.58067554e+02  -7.63146614e-04
   3.58068042e+02  -8.63373920e-04
   3.58068531e+02  -4.62902681e-04
   3.58069019e+02  -3.49169131e-04
   3.58069507e+02  -3.73217452e-04
   3.58069996e+02  -2.32414794e-04
   3.58070484e+02  -1.68778337e-04
   3.58070972e+02   7.78916801e-05
   3.58071460e+02   1.59919873e-04
   3.58071949e+02   2.44370662e-04
   3.58072437e+02   4.21525590e-04
   3.58072925e+02   1.44153792e-05
   3.58073414e+02  -4.89290338e-04
   3.58073902e+02  -1.97465561e-04
   3.58074390e+02   4.07950487e-04
   3.58074879e+02   3.69981193e-04
   3.58075367e+02  -6.02730906e-05
   3.58075855e+02  -6.20409337e-05
   3.58076344e+02  -5.48461321e-05
   3.58076832e+02  -5.19014429e-04
   3.58077320e+02  -7.69250561e-04
   3.58077808e+02  -7.50397216e-04
   3.58078297e+02  -7.55311688e-04
   3.58078785e+02  -6.34433178e-04
   3.58079273e+02  -5.65362861e-04
   3.58079762e+02  -5.32038161e-04
   3.58080250e+02   2.63341572e-05
   3.58080738e+02   1.84332079e-04
   3.58081227e+02  -3.71518021e-04
   3.58081715e+02  -4.26144659e-04
   3.58082203e+02  -8.66211194e-05
   3.58082692e+02   8.67215567e-05
   3.58083180e+02   2.80526612e-04
   3.58083668e+02   1.54372276e-04
   3.58084156e+02  -2.05286182e-04
   3.58084645e+02  -2.80877197e-04
   3.58085133e+02  -4.54624242e-04
   3.58085621e+02  -4.21516917e-04
   3.58086110e+02  -4.38940770e-04
   3.58086598e+02  -8.65391397e-04
   3.58087086e+02  -6.50719798e-04
   3.58087575e+02   2.08223602e-04
   3.58088063e+02   5.74798265e-04
   3.58088551e+02   1.73264445e-04
   3.58089040e+02  -4.16967290e-04
   3.58089528e+02  -4.66342288e-04
   3.58090016e+02  -2.08775848e-04
   3.58090504e+02  -1.49820960e-04
   3.58090993e+02  -4.74200235e-04
   3.58091481e+02  -8.23337294e-04
   3.58091969e+02  -5.70164178e-04
   3.58092458e+02  -2.71861645e-04
   3.58092946e+02  -1.66637139e-04
   3.58093434e+02   2.44802533e-04
   3.58093923e+02   5.42661001e-04
   3.58094411e+02   1.94196647e-04
   3.58094899e+02   7.80941846e-05
   3.58095388e+02  -4.68648905e-05
   3.58095876e+02   8.60964865e-05
   3.58096364e+02   2.44829018e-04
   3.58096852e+02  -5.23840208e-05
   3.58097341e+02   1.97129542e-04
   3.58097829e+02   5.98371320e-04
   3.58098317e+02   3.38943471e-04
   3.58098806e+02   6.48768400e-05
   3.58099294e+02   6.60951337e-05
   3.58099782e+02   3.21018801e-04
   3.58100271e+02   1.68785802e-04
   3.58100759e+02   5.63405047e-05
   3.58101247e+02   4.70322178e-04
   3.58101736e+02   7.14917318e-04
   3.58102224e+02   5.09378093e-04
   3.58102712e+02  -3.32860858e-04
   3.58103201e+02  -9.57775163e-04
   3.58103689e+02  -5.25884097e-04
   3.58104177e+02  -4.36215778e-05
   3.58104665e+02  -4.35076538e-04
   3.58105154e+02  -5.77923784e-04
   3.58105642e+02  -1.60587369e-04
   3.58106130e+02   1.42874720e-04
   3.58106619e+02  -3.41826999e-05
   3.58107107e+02  -3.58559366e-04
   3.58107595e+02  -4.91370913e-04
   3.58108084e+02  -3.23586399e-04
   3.58108572e+02  -2.45589443e-04
   3.58109060e+02  -1.81215408e-04
   3.58109549e+02   2.47326971e-05
   3.58110037e+02   4.79004753e-04
   3.58110525e+02   5.24063420e-04
   3.58111013e+02  -8.62892412e-05
   3.58111502e+02  -9.80080295e-05
   3.58111990e+02   5.18021079e-05
   3.58112478e+02  -3.62702121e-04
   3.58112967e+02  -5.18124318e-04
   3.58113455e+02  -5.21036505e-04
   3.58113943e+02  -2.18280955e-04
   3.58114432e+02   3.35107965e-04
   3.58114920e+02   2.69799464e-04
   3.58115408e+02  -2.75941507e-04
   3.58115897e+02  -7.24902842e-04
   3.58116385e+02  -8.08840501e-04
   3.58116873e+02  -6.29994320e-04
   3.58117361e+02  -9.10076196e-05
   3.58117850e+02   4.19903750e-04
   3.58118338e+02   2.34818101e-04
   3.58118826e+02  -1.67128557e-04
   3.58119315e+02  -2.09948470e-04
   3.58119803e+02  -1.71521198e-04
   3.58120291e+02   1.19831275e-04
   3.58120780e+02   6.02382526e-04
   3.58121268e+02   8.39528337e-04
   3.58121756e+02   6.69108005e-04
   3.58122245e+02   5.33258892e-04
   3.58122733e+02   7.72072759e-04
   3.58123221e+02   6.15440251e-04
   3.58123709e+02   1.89585640e-04
   3.58124198e+02  -3.07959330e-04
   3.58124686e+02  -7.28946237e-04
   3.58125174e+02  -7.88994366e-04
   3.58125663e+02  -4.86084842e-04
   3.58126151e+02   1.64482408e-04
   3.58126639e+02   1.00172148e-03
   3.58127128e+02   1.05905253e-03
   3.58127616e+02   4.20660013e-04
   3.58128104e+02  -1.54148918e-04
   3.58128593e+02  -5.79350104e-04
   3.58129081e+02  -5.44025446e-04
   3.58129569e+02  -2.72515870e-04
   3.58130057e+02   2.16814937e-04
   3.58130546e+02   7.50109321e-04
   3.58131034e+02   9.52419592e-04
   3.58131522e+02   7.19601754e-04
   3.58132011e+02   2.65925424e-04
   3.58132499e+02  -6.71446687e-05
   3.58132987e+02  -3.08606424e-04
   3.58133476e+02   8.52496378e-05
   3.58133964e+02   9.11210547e-04
   3.58134452e+02   7.58121198e-04
   3.58134941e+02  -3.84384301e-04
   3.58135429e+02  -1.08380558e-03
   3.58135917e+02  -5.02616051e-04
   3.58136405e+02   6.33249758e-04
   3.58136894e+02   8.37582804e-04
   3.58137382e+02   2.08656915e-04
   3.58137870e+02  -3.67006214e-06
   3.58138359e+02  -6.57106575e-05
   3.58138847e+02  -2.90952274e-04
   3.58139335e+02  -5.89082309e-04
   3.58139824e+02  -9.83203296e-04
   3.58140312e+02  -6.91979891e-04
   3.58140800e+02   1.66312675e-04
   3.58141289e+02   6.58155303e-04
   3.58141777e+02   5.02370880e-04
   3.58142265e+02   1.80869974e-04
   3.58142754e+02   6.17813435e-04
   3.58143242e+02   9.45484033e-04
   3.58143730e+02   2.58843182e-04
   3.58144218e+02  -4.65162622e-04
   3.58144707e+02  -4.06627427e-04
   3.58145195e+02   2.52195925e-04
   3.58145683e+02   1.23129270e-04
   3.58146172e+02  -6.03387889e-04
   3.58146660e+02  -4.67552862e-04
   3.58147148e+02  -3.48611757e-05
   3.58147637e+02   2.60905683e-04
   3.58148125e+02   7.91086524e-04
   3.58148613e+02   1.10492005e-03
   3.58149102e+02   1.05741399e-03
   3.58149590e+02   4.19096090e-04
   3.58150078e+02  -3.60990525e-04
   3.58150566e+02  -3.24577355e-04
   3.58151055e+02   4.38555260e-04
   3.58151543e+02   8.69297364e-04
   3.58152031e+02   3.63578176e-04
   3.58152520e+02  -8.78318097e-05
   3.58153008e+02  -5.25958720e-04
   3.58153496e+02  -7.43034587e-04
   3.58153985e+02  -1.99702365e-04
   3.58154473e+02   3.07329465e-04
   3.58154961e+02   3.32476775e-04
   3.58155450e+02  -5.44135255e-05
   3.58155938e+02  -4.94857901e-04
   3.58156426e+02  -4.19413089e-04
   3.58156914e+02  -3.03167872e-05
   3.58157403e+02  -1.80475123e-04
   3.58157891e+02  -4.77646972e-04
   3.58158379e+02  -8.13438164e-05
   3.58158868e+02   4.42060933e-04
   3.58159356e+02   2.04592710e-04
   3.58159844e+02   1.18696073e-04
   3.58160333e+02   3.91208916e-04
   3.58160821e+02   1.64431767e-04
   3.58161309e+02  -3.21928128e-05
   3.58161798e+02  -3.44740372e-04
   3.58162286e+02  -7.21058343e-04
   3.58162774e+02  -2.17691384e-04
   3.58163262e+02   2.12052793e-04
   3.58163751e+02  -8.43469461e-05
   3.58164239e+02  -5.58212458e-04
   3.58164727e+02  -5.58662519e-04
   3.58165216e+02  -2.53832666e-04
   3.58165704e+02  -6.89554654e-05
   3.58166192e+02   5.37052983e-05
   3.58166681e+02   1.40032887e-06
   3.58167169e+02  -2.96826765e-04
   3.58167657e+02  -4.95835615e-04
   3.58168146e+02  -3.81495774e-04
   3.58168634e+02  -3.24430323e-04
   3.58169122e+02  -4.04837541e-04
   3.58169610e+02  -3.57764569e-04
   3.58170099e+02  -3.95547395e-05
   3.58170587e+02  -2.40710302e-04
   3.58171075e+02  -8.61891487e-04
   3.58171564e+02  -5.64832997e-04
   3.58172052e+02  -6.51287628e-05
   3.58172540e+02   5.89129231e-05
   3.58173029e+02   3.11947573e-04
   3.58173517e+02   4.91081562e-04
   3.58174005e+02   5.88373478e-05
   3.58174494e+02  -2.30286299e-04
   3.58174982e+02   1.74805216e-04
   3.58175470e+02   5.50271187e-04
   3.58175958e+02   1.93463537e-04
   3.58176447e+02  -7.12689325e-06
   3.58176935e+02   3.67884029e-04
   3.58177423e+02   4.88615362e-04
   3.58177912e+02   2.23371317e-05
   3.58178400e+02  -5.03320131e-04
   3.58178888e+02  -7.85433745e-04
   3.58179377e+02  -4.67330421e-04
   3.58179865e+02   2.93478479e-05
   3.58180353e+02   1.39841868e-04
   3.58180842e+02   2.61247915e-04
   3.58181330e+02   1.81812764e-04
   3.58181818e+02   6.65686239e-05
   3.58182307e+02   3.02724820e-05
   3.58182795e+02  -2.68349628e-04
   3.58183283e+02  -2.18880814e-04
   3.58183771e+02   7.25785285e-05
   3.58184260e+02  -1.98546622e-04
   3.58184748e+02  -4.90362057e-04
   3.58185236e+02  -2.07138073e-04
   3.58185725e+02   1.64317185e-04
   3.58186213e+02   8.29474811e-05
   3.58186701e+02  -7.43218552e-05
   3.58187190e+02   3.94035829e-04
   3.58187678e+02   5.27573866e-04
   3.58188166e+02  -6.48497225e-05
   3.58188655e+02  -5.28093835e-04
   3.58189143e+02  -6.33800169e-04
   3.58189631e+02  -3.67373752e-04
   3.58190119e+02   1.28101936e-04
   3.58190608e+02  -1.64695957e-04
   3.58191096e+02  -7.02102785e-04
   3.58191584e+02  -9.58205026e-04
   3.58192073e+02  -1.34846207e-03
   3.58192561e+02  -1.52915728e-03
   3.58193049e+02  -1.14172325e-03
   3.58193538e+02  -4.54511290e-04
   3.58194026e+02  -1.98424576e-04
   3.58194514e+02  -2.85478629e-04
   3.58195003e+02  -4.36639471e-04
   3.58195491e+02  -3.95957992e-04
   3.58195979e+02  -9.55952200e-05
   3.58196467e+02  -1.59214687e-04
   3.58196956e+02  -8.11814025e-05
   3.58197444e+02  -1.00532692e-04
   3.58197932e+02  -7.81904091e-04
   3.58198421e+02  -8.50303331e-04
   3.58198909e+02  -3.45706736e-04
   3.58199397e+02   2.67464584e-05
   3.58199886e+02   2.07189601e-04
   3.58200374e+02   4.96285618e-04
   3.58200862e+02   6.40093407e-04
   3.58201351e+02   3.03614535e-04
   3.58201839e+02  -3.71032547e-05
   3.58202327e+02  -7.82199495e-05
   3.58202815e+02  -2.32349063e-04
   3.58203304e+02  -4.57018294e-04
   3.58203792e+02  -7.77500332e-04
   3.58204280e+02  -4.41779237e-04
   3.58204769e+02   3.78399505e-04
   3.58205257e+02   7.80819624e-04
   3.58205745e+02   1.16011233e-03
   3.58206234e+02   8.57111183e-04
   3.58206722e+02  -1.34479793e-04
   3.58207210e+02  -3.36189929e-04
   3.58207699e+02  -2.17837427e-04
   3.58208187e+02  -5.28443255e-04
   3.58208675e+02  -4.60475945e-04
   3.58209163e+02  -4.99199145e-04
   3.58209652e+02  -9.17343074e-04
   3.58210140e+02  -9.77034681e-04
   3.58210628e+02  -3.26658279e-04
   3.58211117e+02   2.30347592e-04
   3.58211605e+02  -4.58274990e-05
   3.58212093e+02  -2.72942882e-04
   3.58212582e+02  -7.15526752e-04
   3.58213070e+02  -7.12704670e-04
   3.58213558e+02  -2.64576491e-04
   3.58214047e+02  -4.13028814e-04
   3.58214535e+02  -4.21423378e-04
   3.58215023e+02   2.58637505e-04
   3.58215511e+02   8.98195722e-04
   3.58216000e+02   6.71489455e-04
   3.58216488e+02  -1.90804785e-04
   3.58216976e+02  -6.54489908e-04
   3.58217465e+02   1.68711267e-05
   3.58217953e+02   8.49301054e-04
   3.58218441e+02   7.42463220e-04
   3.58218930e+02   5.81359142e-04
   3.58219418e+02   4.20473836e-04
   3.58219906e+02   4.80858318e-04
   3.58220395e+02   5.63384790e-04
   3.58220883e+02   2.70932433e-05
   3.58221371e+02  -7.66797108e-04
   3.58221860e+02  -1.53368304e-03
   3.58222348e+02  -1.68539665e-03
   3.58222836e+02  -7.97947403e-04
   3.58223324e+02  -4.13339149e-04
   3.58223813e+02  -1.20359263e-03
   3.58224301e+02  -1.31928537e-03
   3.58224789e+02  -7.11468980e-04
   3.58225278e+02  -5.80718450e-04
   3.58225766e+02  -8.06482392e-04
   3.58226254e+02  -5.73355472e-04
   3.58226743e+02  -3.04613699e-04
   3.58227231e+02  -5.56167681e-04
   3.58227719e+02  -8.85613554e-04
   3.58228208e+02  -5.52961195e-04
   3.58228696e+02   4.49279614e-04
   3.58229184e+02   9.70278634e-04
   3.58229672e+02   1.09810790e-03
   3.58230161e+02   1.08545297e-03
   3.58230649e+02   5.39194734e-04
   3.58231137e+02   1.81648429e-04
   3.58231626e+02   7.02171019e-05
   3.58232114e+02  -1.83687371e-04
   3.58232602e+02  -6.08200316e-05
   3.58233091e+02   2.27568336e-04
   3.58233579e+02   7.54569919e-05
   3.58234067e+02  -3.39346123e-04
   3.58234556e+02  -3.19675164e-04
   3.58235044e+02   5.04958962e-06
   3.58235532e+02   4.09277796e-04
   3.58236020e+02   6.77908363e-04
   3.58236509e+02   6.77063712e-04
   3.58236997e+02   3.44022788e-04
   3.58237485e+02   2.34509411e-04
   3.58237974e+02   5.21044887e-04
   3.58238462e+02   2.70032644e-04
   3.58238950e+02   4.31717308e-05
   3.58239439e+02   1.01330908e-04
   3.58239927e+02  -5.80289110e-04
   3.58240415e+02  -1.35636213e-03
   3.58240904e+02  -1.31969026e-03
   3.58241392e+02  -7.45622965e-04
   3.58241880e+02  -5.21901413e-04
   3.58242368e+02  -3.77155433e-04
   3.58242857e+02   3.34359851e-04
   3.58243345e+02   8.17301683e-04
   3.58243833e+02   5.98089478e-04
   3.58244322e+02   6.48960005e-04
   3.58244810e+02   9.30239737e-04
   3.58245298e+02   7.73366948e-04
   3.58245787e+02  -5.90993113e-05
   3.58246275e+02  -8.81533429e-04
   3.58246763e+02  -7.16114417e-04
   3.58247252e+02  -1.21971978e-04
   3.58247740e+02   5.59395412e-05
   3.58248228e+02  -2.52874626e-04
   3.58248716e+02  -5.16351021e-04
   3.58249205e+02  -4.50042746e-04
   3.58249693e+02  -2.94465863e-04
   3.58250181e+02  -6.33133517e-04
   3.58250670e+02  -1.03128469e-03
   3.58251158e+02  -7.30798638e-04
   3.58251646e+02  -5.22251416e-04
   3.58252135e+02  -6.93347130e-04
   3.58252623e+02  -8.16579501e-04
   3.58253111e+02  -8.89084302e-04
   3.58253600e+02  -9.76282114e-04
   3.58254088e+02  -8.82891007e-04
   3.58254576e+02  -7.28729006e-04
   3.58255064e+02  -3.01984604e-04
   3.58255553e+02   3.13325436e-05
   3.58256041e+02  -1.00528327e-04
   3.58256529e+02  -8.72704695e-05
   3.58257018e+02   2.44084877e-05
   3.58257506e+02  -2.22490969e-04
   3.58257994e+02  -2.88362848e-04
   3.58258483e+02  -3.11144278e-04
   3.58258971e+02   3.11472490e-06
   3.58259459e+02   2.94531113e-04
   3.58259948e+02   5.36428743e-05
   3.58260436e+02  -4.19622520e-04
   3.58260924e+02  -1.00660312e-03
   3.58261412e+02  -6.31654460e-04
   3.58261901e+02   3.22771462e-04
   3.58262389e+02   2.09609701e-04
   3.58262877e+02  -3.25446308e-04
   3.58263366e+02  -2.12180952e-04
   3.58263854e+02   2.74413265e-04
   3.58264342e+02   5.48432756e-04
   3.58264831e+02   2.84731505e-04
   3.58265319e+02   3.95932730e-05
   3.58265807e+02   1.07704855e-05
   3.58266296e+02  -1.23146456e-04
   3.58266784e+02  -1.48579842e-04
   3.58267272e+02   3.74795462e-04
   3.58267761e+02   1.13635301e-03
   3.58268249e+02   1.32424675e-03
   3.58268737e+02   6.22874242e-04
   3.58269225e+02  -1.43965532e-04
   3.58269714e+02  -5.52314799e-04
   3.58270202e+02  -1.83614844e-04
   3.58270690e+02   1.88993683e-04
   3.58271179e+02  -7.06551073e-05
   3.58271667e+02  -7.82375049e-04
   3.58272155e+02  -1.04965724e-03
   3.58272644e+02  -5.00613707e-04
   3.58273132e+02   2.26012620e-04
   3.58273620e+02   1.44695354e-04
   3.58274109e+02  -2.56131054e-04
   3.58274597e+02   1.22370257e-04
   3.58275085e+02   7.04505655e-04
   3.58275573e+02   6.94608432e-04
   3.58276062e+02   4.34156653e-04
   3.58276550e+02  -2.85561582e-05
   3.58277038e+02  -7.56912399e-04
   3.58277527e+02  -8.30815523e-04
   3.58278015e+02  -1.53678047e-04
   3.58278503e+02  -9.68663735e-05
   3.58278992e+02  -5.14094776e-04
   3.58279480e+02  -2.53239647e-04
   3.58279968e+02   1.25819977e-04
   3.58280457e+02   2.98973137e-05
   3.58280945e+02  -9.09173468e-05
   3.58281433e+02  -2.03356351e-04
   3.58281921e+02  -5.66150935e-04
   3.58282410e+02  -1.00710872e-03
   3.58282898e+02  -8.59285356e-04
   3.58283386e+02  -2.07744961e-04
   3.58283875e+02   7.67859237e-05
   3.58284363e+02  -1.01666184e-04
   3.58284851e+02  -3.46604822e-04
   3.58285340e+02  -5.85066911e-04
   3.58285828e+02  -8.53760052e-04
   3.58286316e+02  -1.18884561e-03
   3.58286805e+02  -8.62188754e-04
   3.58287293e+02   2.32378909e-04
   3.58287781e+02   1.05874403e-03
   3.58288269e+02   1.46402279e-03
   3.58288758e+02   1.69664714e-03
   3.58289246e+02   1.44036871e-03
   3.58289734e+02   6.14916557e-04
   3.58290223e+02   1.86134974e-04
   3.58290711e+02   7.37159047e-04
   3.58291199e+02   1.40968454e-03
   3.58291688e+02   1.48259359e-03
   3.58292176e+02   1.33122981e-03
   3.58292664e+02   8.14076571e-04
   3.58293153e+02   2.16222135e-04
   3.58293641e+02   1.02741411e-04
   3.58294129e+02  -1.83962693e-04
   3.58294617e+02  -4.57741844e-04
   3.58295106e+02  -3.63482162e-04
   3.58295594e+02  -5.62372188e-05
   3.58296082e+02   3.02162342e-04
   3.58296571e+02   2.79346772e-04
   3.58297059e+02   1.75109250e-04
   3.58297547e+02   2.86733248e-05
   3.58298036e+02   1.20052582e-05
   3.58298524e+02   3.37183737e-04
   3.58299012e+02   2.98003462e-04
   3.58299501e+02  -1.33873382e-05
   3.58299989e+02  -8.97969148e-05
   3.58300477e+02  -3.00294167e-04
   3.58300965e+02  -3.44243919e-04
   3.58301454e+02   7.70040861e-05
   3.58301942e+02   3.26064299e-04
   3.58302430e+02   7.17539049e-04
   3.58302919e+02   1.28502701e-03
   3.58303407e+02   1.06021995e-03
   3.58303895e+02   4.32516215e-04
   3.58304384e+02   2.26227596e-04
   3.58304872e+02   1.20075892e-05
   3.58305360e+02  -6.38340833e-04
   3.58305849e+02  -1.07040862e-03
   3.58306337e+02  -4.40005766e-04
   3.58306825e+02   3.08656483e-04
   3.58307314e+02   1.39077656e-07
   3.58307802e+02  -5.02619834e-04
   3.58308290e+02  -2.69885117e-04
   3.58308778e+02   4.28259460e-04
   3.58309267e+02   7.73955486e-04
   3.58309755e+02   4.82975884e-05
   3.58310243e+02  -8.47775489e-04
   3.58310732e+02  -5.37710788e-04
   3.58311220e+02   1.95218672e-04
   3.58311708e+02   4.37397190e-04
   3.58312197e+02   9.32590774e-05
   3.58312685e+02  -3.24542316e-06
   3.58313173e+02   5.61016786e-04
   3.58313662e+02   8.15413601e-04
   3.58314150e+02   4.22363926e-04
   3.58314638e+02   3.73196643e-04
   3.58315126e+02   4.43980971e-04
   3.58315615e+02  -1.89567963e-05
   3.58316103e+02  -3.99993849e-04
   3.58316591e+02  -1.68319486e-04
   3.58317080e+02   2.38983092e-04
   3.58317568e+02   7.07391082e-05
   3.58318056e+02   6.95275457e-06
   3.58318545e+02   2.35240645e-04
   3.58319033e+02   3.39735183e-04
   3.58319521e+02   5.70443051e-04
   3.58320010e+02   3.74485069e-04
   3.58320498e+02  -3.58109573e-05
   3.58320986e+02  -1.98999522e-04
   3.58321474e+02  -3.07843206e-04
   3.58321963e+02  -1.05482512e-04
   3.58322451e+02   2.00876471e-04
   3.58322939e+02   4.09799046e-04
   3.58323428e+02   3.82190861e-04
   3.58323916e+02  -3.91830736e-06
   3.58324404e+02  -2.60785630e-04
   3.58324893e+02   1.24235055e-04
   3.58325381e+02   7.92486477e-04
   3.58325869e+02   1.11897627e-03
   3.58326358e+02   8.11310660e-04
   3.58326846e+02   1.04398197e-04
   3.58327334e+02  -1.04967272e-04
   3.58327822e+02   3.65569285e-04
   3.58328311e+02   6.11728232e-04
   3.58328799e+02   6.09497423e-04
   3.58329287e+02   6.72676659e-04
   3.58329776e+02   9.91568784e-04
   3.58330264e+02   1.19721796e-03
   3.58330752e+02   4.17204923e-04
   3.58331241e+02  -4.85861849e-04
   3.58331729e+02  -7.14550610e-04
   3.58332217e+02  -5.83875808e-04
   3.58332706e+02  -5.41171525e-04
   3.58333194e+02  -5.56546904e-04
   3.58333682e+02  -3.50477989e-04
   3.58334170e+02  -2.33429280e-04
   3.58334659e+02  -5.68290125e-04
   3.58335147e+02  -6.25403132e-04
   3.58335635e+02   2.98844156e-04
   3.58336124e+02   1.00068620e-03
   3.58336612e+02   4.68367478e-04
   3.58337100e+02  -1.64712728e-05
   3.58337589e+02   4.11511428e-05
   3.58338077e+02  -1.48113002e-04
   3.58338565e+02   1.30010390e-04
   3.58339054e+02   7.59387796e-04
   3.58339542e+02   6.51072420e-04
   3.58340030e+02   2.09914491e-04
   3.58340518e+02   6.26713270e-04
   3.58341007e+02   9.21573781e-04
   3.58341495e+02   1.60412164e-04
   3.58341983e+02  -6.01523498e-04
   3.58342472e+02  -7.19312520e-04
   3.58342960e+02  -7.68462312e-04
   3.58343448e+02  -6.04960776e-04
   3.58343937e+02  -6.39820282e-05
   3.58344425e+02   4.54934634e-04
   3.58344913e+02   6.52954041e-04
   3.58345402e+02  -1.31437875e-04
   3.58345890e+02  -8.66260903e-04
   3.58346378e+02  -3.29369126e-04
   3.58346867e+02   2.97680323e-04
   3.58347355e+02   5.52187790e-04
   3.58347843e+02   4.47191182e-04
   3.58348331e+02   9.14077609e-05
   3.58348820e+02   9.42473416e-05
   3.58349308e+02   1.64799247e-04
   3.58349796e+02  -6.50804432e-05
   3.58350285e+02  -1.65882928e-04
   3.58350773e+02   5.68065989e-05
   3.58351261e+02   2.36928070e-04
   3.58351750e+02   1.85893659e-04
   3.58352238e+02   7.28134764e-05
   3.58352726e+02   1.45697326e-04
   3.58353215e+02   2.07119097e-04
   3.58353703e+02   1.93486310e-04
   3.58354191e+02  -1.48751962e-04
   3.58354679e+02  -1.14458124e-03
   3.58355168e+02  -1.51060894e-03
   3.58355656e+02  -6.69126748e-04
   3.58356144e+02  -1.64258614e-04
   3.58356633e+02   3.70758607e-05
   3.58357121e+02   1.56768525e-04
   3.58357609e+02  -6.18559789e-05
   3.58358098e+02   1.35736409e-04
   3.58358586e+02   6.74159150e-04
   3.58359074e+02   4.01508820e-04
   3.58359563e+02  -3.57716461e-04
   3.58360051e+02  -5.06625685e-04
   3.58360539e+02  -3.39289574e-04
   3.58361027e+02  -2.45089526e-04
   3.58361516e+02  -7.04828290e-06
   3.58362004e+02   4.41130309e-04
   3.58362492e+02   2.86665483e-04
   3.58362981e+02  -4.16636001e-04
   3.58363469e+02  -3.91534268e-04
   3.58363957e+02   2.61285080e-04
   3.58364446e+02   5.92682103e-04
   3.58364934e+02   8.75319645e-04
   3.58365422e+02   8.41473404e-04
   3.58365911e+02   2.24483781e-04
   3.58366399e+02  -1.37143157e-04
   3.58366887e+02   4.29462321e-04
   3.58367375e+02   7.52687280e-04
   3.58367864e+02   1.97371715e-04
   3.58368352e+02  -1.29955573e-04
   3.58368840e+02   5.82944267e-05
   3.58369329e+02   9.02180545e-06
   3.58369817e+02  -2.49038916e-04
   3.58370305e+02  -5.16009983e-04
   3.58370794e+02  -7.32425833e-04
   3.58371282e+02  -3.27445916e-04
   3.58371770e+02  -1.39070515e-04
   3.58372259e+02  -7.12807523e-05
   3.58372747e+02   7.51389365e-04
   3.58373235e+02   1.22051779e-03
   3.58373723e+02   3.75907286e-04
   3.58374212e+02  -4.87661979e-04
   3.58374700e+02  -4.01960278e-04
   3.58375188e+02   1.20549608e-04
   3.58375677e+02   4.89023281e-04
   3.58376165e+02   3.59028025e-04
   3.58376653e+02  -1.37760653e-04
   3.58377142e+02  -3.41062259e-04
   3.58377630e+02  -9.77885866e-05
   3.58378118e+02   3.79175151e-04
   3.58378607e+02   1.05167180e-03
   3.58379095e+02   1.13108521e-03
   3.58379583e+02   7.04875914e-04
   3.58380071e+02   6.64995925e-04
   3.58380560e+02   8.10358673e-04
   3.58381048e+02   6.05136331e-04
   3.58381536e+02   6.96914458e-06
   3.58382025e+02  -4.03523245e-06
   3.58382513e+02   4.28119529e-04
   3.58383001e+02   1.60142838e-04
   3.58383490e+02  -3.85298015e-04
   3.58383978e+02  -3.90979025e-04
   3.58384466e+02  -2.33680068e-04
   3.58384955e+02   2.95855079e-05
   3.58385443e+02   5.55435894e-04
   3.58385931e+02   6.08053757e-04
   3.58386420e+02  -2.92301673e-04
   3.58386908e+02  -9.68294218e-04
   3.58387396e+02  -2.88944197e-04
   3.58387884e+02   1.35705704e-04
   3.58388373e+02   3.36531404e-04
   3.58388861e+02   4.21860095e-05
   3.58389349e+02  -4.54069756e-04
   3.58389838e+02  -3.59806872e-04
   3.58390326e+02  -1.20211516e-04
   3.58390814e+02  -3.19382707e-05
   3.58391303e+02   2.18713874e-04
   3.58391791e+02   5.60456829e-04
   3.58392279e+02   4.07872634e-04
   3.58392768e+02   6.12019430e-05
   3.58393256e+02   3.07856972e-04
   3.58393744e+02   8.39179149e-04
   3.58394232e+02   1.19086658e-03
   3.58394721e+02   1.30355766e-03
   3.58395209e+02   8.41094181e-04
   3.58395697e+02   1.53019966e-04
   3.58396186e+02  -1.25251812e-04
   3.58396674e+02  -3.23149434e-04
   3.58397162e+02  -5.56700863e-04
   3.58397651e+02  -5.58870554e-04
   3.58398139e+02  -2.57764797e-04
   3.58398627e+02  -3.36339115e-04
   3.58399116e+02  -7.89988611e-04
   3.58399604e+02  -5.09073725e-04
   3.58400092e+02   4.45029640e-04
   3.58400580e+02   4.44141799e-04
   3.58401069e+02  -5.37208572e-04
   3.58401557e+02  -2.04259588e-04
   3.58402045e+02   4.52853099e-04
   3.58402534e+02   2.83052243e-04
   3.58403022e+02   3.93652095e-04
   3.58403510e+02   2.78413761e-04
   3.58403999e+02  -3.67626344e-04
   3.58404487e+02  -8.76257895e-04
   3.58404975e+02  -1.19752844e-03
   3.58405464e+02  -7.81515730e-04
   3.58405952e+02  -7.93294283e-04
   3.58406440e+02  -1.00408960e-03
   3.58406928e+02  -1.70022890e-04
   3.58407417e+02   8.74983496e-04
   3.58407905e+02   8.07637465e-04
   3.58408393e+02   2.81469693e-04
   3.58408882e+02  -3.65138403e-05
   3.58409370e+02  -5.67775860e-04
   3.58409858e+02  -1.02001708e-03
   3.58410347e+02  -8.92216805e-04
   3.58410835e+02  -3.77484597e-04
   3.58411323e+02  -8.13536462e-05
   3.58411812e+02  -2.08537560e-04
   3.58412300e+02  -4.87576151e-04
   3.58412788e+02  -5.09916805e-04
   3.58413276e+02  -5.27202443e-04
   3.58413765e+02  -1.77318885e-04
   3.58414253e+02   4.97877249e-04
   3.58414741e+02   7.07371393e-04
   3.58415230e+02   5.99415158e-04
   3.58415718e+02   2.31325583e-04
   3.58416206e+02   1.61670774e-04
   3.58416695e+02   2.31247206e-04
   3.58417183e+02   1.82209169e-05
   3.58417671e+02  -1.18853022e-04
   3.58418160e+02  -3.20322695e-04
   3.58418648e+02  -5.38910332e-04
   3.58419136e+02  -6.04737026e-04
   3.58419624e+02  -6.65133470e-04
   3.58420113e+02  -9.20697756e-04
   3.58420601e+02  -5.39027329e-04
   3.58421089e+02   4.57694725e-04
   3.58421578e+02   7.26100465e-04
   3.58422066e+02   5.82413923e-05
   3.58422554e+02  -1.61579577e-04
   3.58423043e+02  -1.59872550e-04
   3.58423531e+02  -4.64453653e-04
   3.58424019e+02  -2.18082670e-04
   3.58424508e+02   4.07499523e-04
   3.58424996e+02   2.37379907e-04
   3.58425484e+02  -6.42136321e-04
   3.58425973e+02  -1.02386682e-03
   3.58426461e+02  -4.76002140e-04
   3.58426949e+02  -1.22421216e-05
   3.58427437e+02   1.07487511e-04
   3.58427926e+02   1.97584348e-04
   3.58428414e+02   4.41420823e-04
   3.58428902e+02   4.87231242e-04
   3.58429391e+02  -8.35088940e-05
   3.58429879e+02  -1.25230945e-05
   3.58430367e+02   3.14212899e-04
   3.58430856e+02  -3.59349535e-04
   3.58431344e+02  -5.42365073e-04
   3.58431832e+02   2.21855036e-04
   3.58432321e+02   7.02524034e-04
   3.58432809e+02   7.67975114e-04
   3.58433297e+02   8.16319778e-04
   3.58433785e+02   3.34438635e-04
   3.58434274e+02  -2.94013793e-04
   3.58434762e+02  -3.44677974e-04
   3.58435250e+02  -1.98286289e-04
   3.58435739e+02   5.64430120e-05
   3.58436227e+02   5.30758291e-04
   3.58436715e+02   2.74663151e-04
   3.58437204e+02  -8.44409806e-05
   3.58437692e+02   5.12327650e-04
   3.58438180e+02   6.78210985e-04
   3.58438669e+02   1.59264586e-04
   3.58439157e+02   1.10425091e-04
   3.58439645e+02   1.19273020e-04
   3.58440133e+02  -3.86609281e-06
   3.58440622e+02  -2.41014262e-04
   3.58441110e+02  -5.00383147e-04
   3.58441598e+02  -4.38009709e-04
   3.58442087e+02  -1.79946474e-05
   3.58442575e+02   2.31611702e-04
   3.58443063e+02   2.17679859e-04
   3.58443552e+02   4.78923874e-04
   3.58444040e+02   6.60462887e-04
   3.58444528e+02   7.60456140e-04
   3.58445017e+02   8.82730761e-04
   3.58445505e+02   4.93701489e-04
   3.58445993e+02   2.54052109e-04
   3.58446481e+02   2.23673313e-04
   3.58446970e+02   2.01858216e-04
   3.58447458e+02  -1.91929139e-05
   3.58447946e+02  -2.95765232e-04
   3.58448435e+02  -6.18920953e-04
   3.58448923e+02  -6.42915547e-04
   3.58449411e+02  -3.41982764e-06
   3.58449900e+02   3.98888456e-04
   3.58450388e+02  -2.13595529e-04
   3.58450876e+02  -9.71780100e-04
   3.58451365e+02  -8.02568276e-04
   3.58451853e+02  -1.08623019e-04
   3.58452341e+02   9.42771840e-06
   3.58452829e+02   2.51489197e-04
   3.58453318e+02   8.51980061e-04
   3.58453806e+02   9.97384661e-04
   3.58454294e+02   7.11673987e-04
   3.58454783e+02   2.48285389e-04
   3.58455271e+02  -2.59875524e-04
   3.58455759e+02  -5.16776054e-04
   3.58456248e+02  -6.01287640e-04
   3.58456736e+02  -6.94820774e-04
   3.58457224e+02  -6.24752138e-04
   3.58457713e+02  -1.54097754e-04
   3.58458201e+02   8.54161626e-05
   3.58458689e+02   7.44837016e-05
   3.58459177e+02   2.15904758e-04
   3.58459666e+02  -6.39820882e-06
   3.58460154e+02  -2.12892424e-04
   3.58460642e+02   5.89578804e-06
   3.58461131e+02   1.59095071e-05
   3.58461619e+02  -3.85386375e-04
   3.58462107e+02  -1.01852394e-03
   3.58462596e+02  -1.32711162e-03
   3.58463084e+02  -6.04723813e-04
   3.58463572e+02   4.66026861e-04
   3.58464061e+02   4.64075158e-04
   3.58464549e+02  -4.64297103e-04
   3.58465037e+02  -8.74748162e-04
   3.58465526e+02  -4.98773239e-04
   3.58466014e+02  -1.17648196e-04
   3.58466502e+02  -4.07600928e-05
   3.58466990e+02   2.52084399e-04
   3.58467479e+02   2.98861880e-04
   3.58467967e+02   3.44868400e-04
   3.58468455e+02   5.44061535e-04
   3.58468944e+02   3.10982345e-04
   3.58469432e+02   3.83987099e-05
   3.58469920e+02   1.10139197e-04
   3.58470409e+02   4.63765755e-04
   3.58470897e+02   6.10796560e-04
   3.58471385e+02   4.09009604e-04
   3.58471874e+02   1.69096020e-04
   3.58472362e+02   2.83157307e-04
   3.58472850e+02   6.42105297e-04
   3.58473338e+02   4.25952807e-04
   3.58473827e+02  -2.15321234e-05
   3.58474315e+02   1.49656131e-04
   3.58474803e+02   3.82206665e-04
   3.58475292e+02   3.74076830e-04
   3.58475780e+02   4.23820893e-04
   3.58476268e+02   2.43405069e-04
   3.58476757e+02  -2.96476210e-04
   3.58477245e+02  -6.64146268e-04
   3.58477733e+02  -8.88823008e-04
   3.58478222e+02  -1.05355063e-03
   3.58478710e+02  -6.90018176e-04
   3.58479198e+02   9.00737814e-06
   3.58479686e+02   4.37474118e-05
   3.58480175e+02   2.55968160e-04
   3.58480663e+02   7.89565442e-04
   3.58481151e+02   4.58316179e-04
   3.58481640e+02  -8.24092058e-05
   3.58482128e+02   1.02060512e-04
   3.58482616e+02   7.72382831e-04
   3.58483105e+02   9.55242547e-04
   3.58483593e+02   2.70569086e-04
   3.58484081e+02  -3.11979456e-05
   3.58484570e+02   4.91381332e-04
   3.58485058e+02   8.20637273e-04
   3.58485546e+02   4.06557228e-04
   3.58486034e+02  -2.41210189e-04
   3.58486523e+02  -8.67463415e-04
   3.58487011e+02  -1.10947888e-03
   3.58487499e+02  -5.64297254e-04
   3.58487988e+02  -6.41982697e-05
   3.58488476e+02   1.04340506e-05
   3.58488964e+02   1.18067146e-04
   3.58489453e+02   1.31478460e-04
   3.58489941e+02  -1.63425866e-04
   3.58490429e+02  -6.38050260e-04
   3.58490918e+02  -7.58721901e-04
   3.58491406e+02  -5.34767983e-04
   3.58491894e+02  -5.77058992e-04
   3.58492382e+02  -6.40777696e-04
   3.58492871e+02  -4.37840063e-04
   3.58493359e+02  -5.62600944e-05
   3.58493847e+02   5.53094666e-04
   3.58494336e+02   6.23398635e-04
   3.58494824e+02   7.38321571e-04
   3.58495312e+02   1.07074552e-03
   3.58495801e+02   5.43872942e-04
   3.58496289e+02   3.55449942e-04
   3.58496777e+02   7.25942955e-04
   3.58497266e+02   4.03073675e-04
   3.58497754e+02   3.09988104e-06
   3.58498242e+02   3.65708867e-04
   3.58498730e+02   2.68943520e-04
   3.58499219e+02  -4.54526802e-04
   3.58499707e+02  -5.02122391e-04
   3.58500195e+02  -9.37412260e-05
   3.58500684e+02   1.02949074e-04
   3.58501172e+02  -5.71408636e-05
   3.58501660e+02   4.36224218e-06
   3.58502149e+02   3.94564617e-04
   3.58502637e+02   6.23320171e-04
   3.58503125e+02   5.01770002e-04
   3.58503614e+02   3.41125706e-04
   3.58504102e+02  -4.18693435e-06
   3.58504590e+02  -2.20247486e-04
   3.58505079e+02  -6.04788132e-04
   3.58505567e+02  -1.20773190e-03
   3.58506055e+02  -8.73993442e-04
   3.58506543e+02  -2.04808981e-04
   3.58507032e+02  -4.12819558e-04
   3.58507520e+02  -1.16920099e-03
   3.58508008e+02  -1.26388529e-03
   3.58508497e+02  -5.35625906e-04
   3.58508985e+02  -2.86944618e-04
   3.58509473e+02  -3.70082707e-04
   3.58509962e+02  -3.71519825e-04
   3.58510450e+02  -2.85584916e-04
   3.58510938e+02   1.69192106e-04
   3.58511427e+02   4.39625437e-04
   3.58511915e+02   4.20507189e-04
   3.58512403e+02   6.45669425e-05
   3.58512891e+02  -5.46939100e-06
   3.58513380e+02   6.59990881e-04
   3.58513868e+02   6.92379370e-04
   3.58514356e+02  -8.53907914e-05
   3.58514845e+02  -5.56960877e-04
   3.58515333e+02  -5.10893355e-04
   3.58515821e+02  -3.20800609e-04
   3.58516310e+02  -2.98975880e-04
   3.58516798e+02   5.94317607e-05
   3.58517286e+02   6.77814591e-04
   3.58517775e+02   8.08525598e-04
   3.58518263e+02   4.28505067e-04
   3.58518751e+02   7.19978416e-05
   3.58519239e+02   6.05223504e-05
   3.58519728e+02   5.15217369e-04
   3.58520216e+02   4.94071923e-04
   3.58520704e+02  -1.14775248e-04
   3.58521193e+02  -3.52840987e-04
   3.58521681e+02  -3.00561514e-04
   3.58522169e+02  -1.59372750e-04
   3.58522658e+02   7.67749661e-05
   3.58523146e+02   3.06162430e-04
   3.58523634e+02   1.03151375e-04
   3.58524123e+02  -5.16546133e-04
   3.58524611e+02  -1.13273133e-03
   3.58525099e+02  -1.23071368e-03
   3.58525587e+02  -5.42877766e-04
   3.58526076e+02  -4.05809988e-05
   3.58526564e+02   1.22839643e-04
   3.58527052e+02   4.12601483e-04
   3.58527541e+02   5.71963843e-04
   3.58528029e+02   3.68769484e-04
   3.58528517e+02   4.10654437e-04
   3.58529006e+02   4.57531540e-04
   3.58529494e+02   9.94668371e-05
   3.58529982e+02  -4.52680310e-04
   3.58530471e+02  -7.15045200e-04
   3.58530959e+02  -5.65114955e-04
   3.58531447e+02  -6.25826942e-04
   3.58531935e+02  -6.95159426e-04
   3.58532424e+02  -3.24352703e-04
   3.58532912e+02  -1.10578576e-05
   3.58533400e+02  -2.09109814e-04
   3.58533889e+02  -8.56736151e-04
   3.58534377e+02  -9.70170368e-04
   3.58534865e+02  -4.24108643e-04
   3.58535354e+02  -2.13977819e-05
   3.58535842e+02  -5.68403539e-06
   3.58536330e+02  -3.11982236e-04
   3.58536819e+02  -8.36038787e-04
   3.58537307e+02  -1.10386836e-03
   3.58537795e+02  -7.45930185e-04
   3.58538283e+02  -1.11048204e-04
   3.58538772e+02  -2.31158469e-04
   3.58539260e+02  -4.58187016e-04
   3.58539748e+02  -1.53258181e-04
   3.58540237e+02   1.95208020e-04
   3.58540725e+02   2.38486100e-04
   3.58541213e+02   4.80416609e-04
   3.58541702e+02   7.13078887e-04
   3.58542190e+02   3.45492794e-04
   3.58542678e+02  -2.61835696e-04
   3.58543167e+02  -5.68621850e-04
   3.58543655e+02  -3.56832752e-04
   3.58544143e+02  -2.79393018e-04
   3.58544632e+02  -4.19358199e-04
   3.58545120e+02  -2.05897391e-04
   3.58545608e+02   6.00773237e-05
   3.58546096e+02   1.38475923e-04
   3.58546585e+02  -5.92132747e-05
   3.58547073e+02   6.87355277e-05
   3.58547561e+02   5.48914191e-04
   3.58548050e+02   2.35478030e-04
   3.58548538e+02  -1.33644877e-04
   3.58549026e+02   6.49460781e-05
   3.58549515e+02   1.14025526e-04
   3.58550003e+02  -3.17090598e-04
   3.58550491e+02  -3.45946406e-04
   3.58550980e+02   2.67393567e-04
   3.58551468e+02   3.12819233e-04
   3.58551956e+02  -1.91645697e-04
   3.58552444e+02  -3.74897412e-04
   3.58552933e+02  -4.12403955e-04
   3.58553421e+02   1.60169075e-04
   3.58553909e+02   8.62033281e-04
   3.58554398e+02   5.64699119e-04
   3.58554886e+02   1.74229790e-04
   3.58555374e+02   7.62152602e-04
   3.58555863e+02   1.15552591e-03
   3.58556351e+02   3.19743733e-04
   3.58556839e+02  -4.48785831e-05
   3.58557328e+02   5.29743033e-04
   3.58557816e+02   6.92709931e-04
   3.58558304e+02   4.30714455e-04
   3.58558792e+02   2.77451327e-04
   3.58559281e+02   2.87196279e-04
   3.58559769e+02   2.47116288e-04
   3.58560257e+02   5.71675664e-05
   3.58560746e+02  -2.29106372e-04
   3.58561234e+02  -4.12226655e-04
   3.58561722e+02   8.56803672e-05
   3.58562211e+02   8.57246981e-04
   3.58562699e+02   1.17689150e-03
   3.58563187e+02   7.88536330e-04
   3.58563676e+02   3.63545521e-04
   3.58564164e+02  -4.10021203e-05
   3.58564652e+02  -5.23518713e-04
   3.58565140e+02  -6.00237167e-04
   3.58565629e+02  -3.83625185e-04
   3.58566117e+02  -1.70547341e-04
   3.58566605e+02   5.14639425e-04
   3.58567094e+02   8.81324813e-04
   3.58567582e+02   3.00405285e-04
   3.58568070e+02  -1.88310485e-04
   3.58568559e+02  -2.94252561e-04
   3.58569047e+02  -3.51843599e-04
   3.58569535e+02  -1.52639186e-04
   3.58570024e+02   3.83559709e-05
   3.58570512e+02   2.14342348e-04
   3.58571000e+02   5.47525531e-04
   3.58571488e+02   8.12728016e-04
   3.58571977e+02   7.08618551e-04
   3.58572465e+02   8.24710296e-05
   3.58572953e+02  -4.62480326e-04
   3.58573442e+02  -2.87500094e-04
   3.58573930e+02   2.76552164e-04
   3.58574418e+02   3.30472481e-04
   3.58574907e+02  -5.32485647e-05
   3.58575395e+02   1.11136709e-04
   3.58575883e+02   4.43802302e-04
   3.58576372e+02   3.58419871e-04
   3.58576860e+02   1.40629185e-04
   3.58577348e+02  -2.08131998e-04
   3.58577836e+02  -3.97507712e-04
   3.58578325e+02  -3.39378748e-04
   3.58578813e+02  -9.72219568e-05
   3.58579301e+02   1.02471422e-04
   3.58579790e+02  -5.32075064e-05
   3.58580278e+02   1.18843518e-05
   3.58580766e+02  -3.97017102e-05
   3.58581255e+02  -5.25371113e-04
   3.58581743e+02  -1.79472947e-04
   3.58582231e+02   4.86862758e-04
   3.58582720e+02   1.83636279e-04
   3.58583208e+02  -5.16334840e-04
   3.58583696e+02  -3.53435462e-04
   3.58584185e+02   3.66218097e-04
   3.58584673e+02   1.91067214e-04
   3.58585161e+02  -2.28022527e-05
   3.58585649e+02   6.22809748e-04
   3.58586138e+02   7.23065576e-04
   3.58586626e+02  -6.49020367e-05
   3.58587114e+02  -2.53080419e-04
   3.58587603e+02   1.89171042e-05
   3.58588091e+02  -2.26529126e-04
   3.58588579e+02  -4.02065169e-04
   3.58589068e+02  -9.67095984e-05
   3.58589556e+02  -5.08847961e-06
   3.58590044e+02  -7.45437064e-05
   3.58590533e+02   3.30168783e-04
   3.58591021e+02   4.26079117e-04
   3.58591509e+02   2.42282822e-05
   3.58591997e+02   1.55760295e-04
   3.58592486e+02   6.74511597e-04
   3.58592974e+02   6.01513486e-04
   3.58593462e+02   2.61188572e-04
   3.58593951e+02   2.65509152e-04
   3.58594439e+02   3.08869203e-04
   3.58594927e+02   1.44740989e-04
   3.58595416e+02  -1.65020310e-06
   3.58595904e+02   2.39439919e-06
   3.58596392e+02  -1.67397215e-04
   3.58596881e+02  -4.77207534e-04
   3.58597369e+02  -5.12248836e-04
   3.58597857e+02  -3.19034763e-04
   3.58598345e+02  -2.49508652e-04
   3.58598834e+02  -4.82067146e-04
   3.58599322e+02  -5.86753187e-04
   3.58599810e+02  -4.88440157e-04
   3.58600299e+02  -6.79763180e-05
   3.58600787e+02   3.18850420e-04
   3.58601275e+02   2.75851286e-04
   3.58601764e+02   9.91583220e-05
   3.58602252e+02   6.86137137e-05
   3.58602740e+02  -1.59208466e-05
   3.58603229e+02  -6.41667342e-04
   3.58603717e+02  -1.33601774e-03
   3.58604205e+02  -1.21207756e-03
   3.58604693e+02  -5.79330313e-04
   3.58605182e+02  -2.72245874e-04
   3.58605670e+02  -1.73027773e-04
   3.58606158e+02   3.77791410e-04
   3.58606647e+02   7.11497501e-04
   3.58607135e+02   4.09992208e-04
   3.58607623e+02   1.98220354e-04
   3.58608112e+02   6.87090796e-05
   3.58608600e+02   7.42472839e-05
   3.58609088e+02  -4.19500226e-04
   3.58609577e+02  -1.23974751e-03
   3.58610065e+02  -8.09465651e-04
   3.58610553e+02   4.06524137e-04
   3.58611041e+02   1.03600917e-03
   3.58611530e+02   8.87600123e-04
   3.58612018e+02   1.05210260e-04
   3.58612506e+02  -5.56447543e-04
   3.58612995e+02  -4.27986786e-04
   3.58613483e+02  -2.87196366e-04
   3.58613971e+02  -6.20132254e-04
   3.58614460e+02  -6.53750845e-04
   3.58614948e+02  -1.06696334e-05
   3.58615436e+02   6.67275570e-04
   3.58615925e+02   8.19811772e-04
   3.58616413e+02   6.78518205e-04
   3.58616901e+02  -1.73798428e-04
   3.58617389e+02  -1.08441839e-03
   3.58617878e+02  -1.08137564e-03
   3.58618366e+02  -8.16217158e-04
   3.58618854e+02  -5.53916383e-04
   3.58619343e+02  -1.25303734e-04
   3.58619831e+02  -7.79788461e-05
   3.58620319e+02  -3.66698048e-04
   3.58620808e+02  -9.23539163e-04
   3.58621296e+02  -1.49747950e-03
   3.58621784e+02  -9.07108886e-04
   3.58622273e+02   4.49594518e-04
   3.58622761e+02   4.40183212e-04
   3.58623249e+02  -1.50885127e-04
   3.58623738e+02   1.11817011e-04
   3.58624226e+02   5.08313475e-04
   3.58624714e+02   3.15516721e-04
   3.58625202e+02  -3.10768432e-04
   3.58625691e+02  -5.79900516e-04
   3.58626179e+02  -2.12271189e-04
   3.58626667e+02   3.15502723e-04
   3.58627156e+02   1.81483396e-04
   3.58627644e+02  -5.37933665e-04
   3.58628132e+02  -5.35161234e-04
   3.58628621e+02   1.98632231e-04
   3.58629109e+02   2.20605027e-04
   3.58629597e+02  -2.05172109e-04
   3.58630086e+02  -6.04039407e-04
   3.58630574e+02  -5.42695168e-04
   3.58631062e+02  -2.77822808e-04
   3.58631550e+02   3.69729969e-05
   3.58632039e+02   4.63368575e-04
   3.58632527e+02   1.52197128e-04
   3.58633015e+02  -1.01254191e-05
   3.58633504e+02   9.51581242e-05
   3.58633992e+02  -2.21385271e-04
   3.58634480e+02  -4.51871951e-04
   3.58634969e+02  -4.51041822e-04
   3.58635457e+02  -3.86389875e-04
   3.58635945e+02  -5.71949582e-04
   3.58636434e+02  -1.85496843e-04
   3.58636922e+02   4.58670751e-04
   3.58637410e+02   2.77013925e-04
   3.58637898e+02   3.75591888e-04
   3.58638387e+02   7.07835192e-04
   3.58638875e+02   2.79020722e-04
   3.58639363e+02  -3.74585215e-04
   3.58639852e+02  -1.46133942e-04
   3.58640340e+02   2.77763931e-04
   3.58640828e+02  -1.04752267e-04
   3.58641317e+02  -3.59980739e-04
   3.58641805e+02  -3.85892839e-04
   3.58642293e+02  -3.73581075e-04
   3.58642782e+02  -2.12529703e-04
   3.58643270e+02   1.45265760e-04
   3.58643758e+02   2.93253630e-04
   3.58644246e+02  -1.71595806e-04
   3.58644735e+02  -6.85519597e-04
   3.58645223e+02  -4.91754210e-04
   3.58645711e+02   7.63345524e-05
   3.58646200e+02   1.54516951e-04
   3.58646688e+02  -5.10541722e-04
   3.58647176e+02  -6.96647330e-04
   3.58647665e+02  -2.55881983e-04
   3.58648153e+02   2.21498311e-04
   3.58648641e+02   7.65230565e-04
   3.58649130e+02   1.20009575e-03
   3.58649618e+02   8.82554508e-04
   3.58650106e+02   4.22145124e-04
   3.58650594e+02   1.33435286e-04
   3.58651083e+02   1.47577404e-04
   3.58651571e+02   3.08799936e-04
   3.58652059e+02   2.25218289e-04
   3.58652548e+02  -4.62181371e-04
   3.58653036e+02  -1.31108647e-03
   3.58653524e+02  -1.14968850e-03
   3.58654013e+02  -4.70686500e-04
   3.58654501e+02   3.25525889e-07
   3.58654989e+02   2.21877373e-04
   3.58655478e+02  -7.29686726e-05
   3.58655966e+02  -3.97149444e-04
   3.58656454e+02  -3.05886060e-04
   3.58656942e+02  -1.53549088e-04
   3.58657431e+02   6.90763918e-05
   3.58657919e+02   3.11144511e-04
   3.58658407e+02   3.84216575e-04
   3.58658896e+02   4.82985022e-04
   3.58659384e+02   4.51253523e-04
   3.58659872e+02   1.07786014e-04
   3.58660361e+02  -4.19939519e-04
   3.58660849e+02  -7.08454230e-04
   3.58661337e+02  -6.87197840e-04
   3.58661826e+02  -4.55417496e-04
   3.58662314e+02  -1.88363401e-06
   3.58662802e+02   6.17828919e-05
   3.58663291e+02  -1.38280711e-05
   3.58663779e+02   4.39396463e-05
   3.58664267e+02  -1.42836274e-04
   3.58664755e+02  -4.50387015e-04
   3.58665244e+02  -5.57672465e-04
   3.58665732e+02  -2.98239727e-04
   3.58666220e+02  -1.36961564e-04
   3.58666709e+02  -1.95184155e-04
   3.58667197e+02  -1.49545333e-04
   3.58667685e+02   1.74991947e-04
   3.58668174e+02   6.57450364e-05
   3.58668662e+02  -8.52042809e-04
   3.58669150e+02  -1.25151372e-03
   3.58669639e+02  -6.03266933e-04
   3.58670127e+02   1.47675906e-04
   3.58670615e+02   6.41102160e-05
   3.58671103e+02  -3.35609016e-04
   3.58671592e+02   5.92656288e-05
   3.58672080e+02   4.13140224e-04
   3.58672568e+02   1.93543819e-04
   3.58673057e+02   2.90748634e-04
   3.58673545e+02   7.24694866e-04
   3.58674033e+02   6.60786463e-04
   3.58674522e+02   5.30682737e-04
   3.58675010e+02   8.05884833e-04
   3.58675498e+02   6.18632708e-04
   3.58675987e+02  -7.15305869e-05
   3.58676475e+02  -6.87310239e-05
   3.58676963e+02   7.04909253e-05
   3.58677451e+02  -2.57703243e-04
   3.58677940e+02   1.49429761e-04
   3.58678428e+02   6.12669159e-04
   3.58678916e+02   3.76109801e-06
   3.58679405e+02  -5.58545813e-04
   3.58679893e+02  -4.55096335e-04
   3.58680381e+02  -8.52168250e-06
   3.58680870e+02   4.19412972e-04
   3.58681358e+02   3.89346620e-04
   3.58681846e+02   1.32996545e-04
   3.58682335e+02  -1.13393624e-04
   3.58682823e+02   8.82332606e-05
   3.58683311e+02   2.39645335e-04
   3.58683799e+02   4.61691467e-04
   3.58684288e+02   1.09402649e-03
   3.58684776e+02   8.90314986e-04
   3.58685264e+02  -3.51107417e-04
   3.58685753e+02  -1.21318072e-03
   3.58686241e+02  -7.39386713e-04
   3.58686729e+02   1.16644580e-04
   3.58687218e+02   3.87524167e-04
   3.58687706e+02   5.82776102e-06
   3.58688194e+02  -3.88423883e-04
   3.58688683e+02  -1.07666463e-04
   3.58689171e+02   2.77661660e-04
   3.58689659e+02   2.71678000e-04
   3.58690147e+02   2.94490543e-04
   3.58690636e+02   4.23723075e-04
   3.58691124e+02   6.44038781e-04
   3.58691612e+02   9.59797064e-04
   3.58692101e+02   1.25439116e-03
   3.58692589e+02   1.00034277e-03
   3.58693077e+02   6.72924740e-04
   3.58693566e+02   4.99465736e-04
   3.58694054e+02   2.22400282e-04
   3.58694542e+02   2.69447773e-04
   3.58695031e+02   5.74367063e-04
   3.58695519e+02   2.96167302e-04
   3.58696007e+02  -3.29524279e-04
   3.58696495e+02  -1.63546589e-04
   3.58696984e+02   6.37802470e-04
   3.58697472e+02   2.74966500e-04
   3.58697960e+02  -4.19529388e-04
   3.58698449e+02   5.32224512e-05
   3.58698937e+02   2.09926031e-04
   3.58699425e+02  -2.07644880e-05
   3.58699914e+02  -3.67349094e-05
   3.58700402e+02  -3.44439497e-04
   3.58700890e+02  -3.47756082e-04
   3.58701379e+02   1.18833392e-04
   3.58701867e+02   2.87369126e-04
   3.58702355e+02   1.75656154e-04
   3.58702844e+02  -5.76750666e-04
   3.58703332e+02  -9.10821778e-04
   3.58703820e+02  -4.26410523e-04
   3.58704308e+02   8.61197404e-05
   3.58704797e+02   2.05172691e-04
   3.58705285e+02   1.85429381e-04
   3.58705773e+02   3.60299367e-04
   3.58706262e+02   8.51896300e-04
   3.58706750e+02   9.93766473e-04
   3.58707238e+02   5.16155909e-04
   3.58707727e+02  -5.59083492e-05
   3.58708215e+02  -9.87363164e-05
   3.58708703e+02   2.18446425e-04
   3.58709192e+02   5.84629815e-05
   3.58709680e+02  -5.49291435e-04
   3.58710168e+02  -5.79849235e-04
   3.58710656e+02  -1.65005200e-04
   3.58711145e+02  -4.51134518e-04
   3.58711633e+02  -6.58301404e-04
   3.58712121e+02  -3.38605256e-04
   3.58712610e+02  -2.06033190e-04
   3.58713098e+02  -4.62711963e-04
   3.58713586e+02  -7.35652167e-04
   3.58714075e+02  -4.56948212e-04
   3.58714563e+02   9.21389219e-05
   3.58715051e+02  -1.32757077e-05
   3.58715540e+02  -6.62681006e-04
   3.58716028e+02  -9.11244133e-04
   3.58716516e+02  -4.56706679e-04
   3.58717004e+02  -2.47821357e-04
   3.58717493e+02  -4.05635597e-04
   3.58717981e+02  -4.05493105e-04
   3.58718469e+02  -9.05363820e-04
   3.58718958e+02  -1.32700498e-03
   3.58719446e+02  -5.90628013e-04
   3.58719934e+02   4.81601804e-04
   3.58720423e+02   8.31989921e-04
   3.58720911e+02   1.90685314e-04
   3.58721399e+02  -6.91257475e-04
   3.58721888e+02  -7.23206613e-04
   3.58722376e+02   2.89275980e-04
   3.58722864e+02   7.97377608e-04
   3.58723352e+02   7.48807099e-04
   3.58723841e+02   6.71240909e-04
   3.58724329e+02   3.34916636e-04
   3.58724817e+02   4.41232871e-04
   3.58725306e+02   5.93173725e-04
   3.58725794e+02   8.64581438e-04
   3.58726282e+02   5.06600889e-04
   3.58726771e+02  -3.23839893e-04
   3.58727259e+02  -1.83914468e-04
   3.58727747e+02   7.36902002e-05
   3.58728236e+02   1.20605757e-04
   3.58728724e+02   1.06721032e-04
   3.58729212e+02   3.05842084e-04
   3.58729700e+02   4.13458445e-04
   3.58730189e+02  -1.04551118e-05
   3.58730677e+02  -2.74512189e-04
   3.58731165e+02  -7.69198290e-04
   3.58731654e+02  -9.41713981e-04
   3.58732142e+02  -5.64910239e-04
   3.58732630e+02  -4.36407630e-04
   3.58733119e+02  -7.69274891e-04
   3.58733607e+02  -7.49248080e-04
   3.58734095e+02  -2.98460363e-04
   3.58734584e+02   2.91421475e-05
   3.58735072e+02   6.93741240e-05
   3.58735560e+02  -3.25291039e-04
   3.58736048e+02  -4.67789709e-04
   3.58736537e+02   1.60059717e-04
   3.58737025e+02   7.64698721e-04
   3.58737513e+02   9.66222549e-04
   3.58738002e+02   9.59124183e-04
   3.58738490e+02   5.50291385e-04
   3.58738978e+02  -2.48224329e-04
   3.58739467e+02  -7.95436208e-04
   3.58739955e+02  -8.71414784e-04
   3.58740443e+02  -4.57724556e-04
   3.58740932e+02  -3.00744287e-04
   3.58741420e+02  -6.93908252e-04
   3.58741908e+02  -9.48254659e-04
   3.58742397e+02  -8.95891804e-04
   3.58742885e+02  -8.62589339e-04
   3.58743373e+02  -5.95124206e-04
   3.58743861e+02  -2.45731208e-04
   3.58744350e+02  -6.34602548e-05
   3.58744838e+02   1.03445191e-05
   3.58745326e+02   1.99152404e-04
   3.58745815e+02   1.84553413e-04
   3.58746303e+02   5.99182458e-05
   3.58746791e+02   3.13097407e-04
   3.58747280e+02   2.82724563e-04
   3.58747768e+02  -4.35342954e-04
   3.58748256e+02  -5.63043053e-04
   3.58748745e+02   3.81573860e-04
   3.58749233e+02   9.56837262e-04
   3.58749721e+02   7.77995447e-04
   3.58750209e+02   8.16614833e-04
   3.58750698e+02   1.06293976e-03
   3.58751186e+02   4.16048511e-04
   3.58751674e+02  -2.77571031e-04
   3.58752163e+02  -3.89233639e-04
   3.58752651e+02  -3.00759944e-04
   3.58753139e+02  -1.74222208e-04
   3.58753628e+02  -1.42481498e-04
   3.58754116e+02  -5.24761435e-06
   3.58754604e+02   6.74044131e-05
   3.58755093e+02   3.40337399e-04
   3.58755581e+02   5.18944755e-04
   3.58756069e+02   4.82537231e-04
   3.58756557e+02   2.69459677e-04
   3.58757046e+02   2.68081130e-05
   3.58757534e+02  -5.95178644e-05
   3.58758022e+02   7.40082833e-05
   3.58758511e+02   5.76057879e-04
   3.58758999e+02   2.12224913e-04
   3.58759487e+02  -4.18226526e-04
   3.58759976e+02  -2.42469559e-05
   3.58760464e+02   2.53007631e-04
   3.58760952e+02  -4.03147598e-04
   3.58761441e+02  -1.01327221e-03
   3.58761929e+02  -8.20383313e-04
   3.58762417e+02  -6.59011537e-04
   3.58762905e+02  -4.49765503e-04
   3.58763394e+02   2.14625674e-04
   3.58763882e+02   7.81650771e-04
   3.58764370e+02   8.11622245e-04
   3.58764859e+02   2.24896881e-04
   3.58765347e+02  -3.39943741e-04
   3.58765835e+02  -8.60292232e-04
   3.58766324e+02  -1.10862334e-03
   3.58766812e+02  -5.31349564e-04
   3.58767300e+02   3.63752508e-04
   3.58767789e+02   1.04618142e-03
   3.58768277e+02   1.15747703e-03
   3.58768765e+02   1.35465409e-04
   3.58769253e+02  -8.95928650e-04
   3.58769742e+02  -1.08021905e-03
   3.58770230e+02  -6.90488552e-04
   3.58770718e+02  -5.00202696e-05
   3.58771207e+02   1.88341190e-04
   3.58771695e+02  -2.20721457e-04
   3.58772183e+02  -1.04724953e-04
   3.58772672e+02   7.79042748e-05
   3.58773160e+02  -2.05718854e-04
   3.58773648e+02   1.21203202e-05
   3.58774137e+02   4.13692003e-04
   3.58774625e+02   3.86959000e-04
   3.58775113e+02   3.51769704e-04
   3.58775601e+02   1.86535108e-04
   3.58776090e+02   4.06920066e-04
   3.58776578e+02   7.15191010e-04
   3.58777066e+02   6.84880535e-04
   3.58777555e+02   3.54103919e-04
   3.58778043e+02  -1.18070711e-04
   3.58778531e+02  -2.23214287e-04
   3.58779020e+02  -2.33768369e-04
   3.58779508e+02  -4.91108338e-04
   3.58779996e+02  -4.53322282e-04
   3.58780485e+02  -5.57641386e-07
   3.58780973e+02   4.28301806e-04
   3.58781461e+02   7.81019044e-04
   3.58781950e+02   8.67003284e-04
   3.58782438e+02   9.42783256e-04
   3.58782926e+02   6.11679337e-04
   3.58783414e+02   7.20920914e-04
   3.58783903e+02   1.35220867e-03
   3.58784391e+02   1.22298289e-03
   3.58784879e+02   8.85984162e-04
   3.58785368e+02   4.36022849e-04
   3.58785856e+02   6.02489890e-05
   3.58786344e+02  -5.75907507e-05
   3.58786833e+02  -1.78395319e-04
   3.58787321e+02   2.72262725e-04
   3.58787809e+02   4.30739019e-04
   3.58788298e+02   2.57344596e-04
   3.58788786e+02   8.10909376e-04
   3.58789274e+02   1.87088037e-03
   3.58789762e+02   1.67144963e-03
   3.58790251e+02  -2.67258874e-04
   3.58790739e+02  -1.47459912e-03
   3.58791227e+02  -9.10941861e-04
   3.58791716e+02  -3.52418778e-04
   3.58792204e+02  -4.39227530e-04
   3.58792692e+02  -5.46607655e-04
   3.58793181e+02  -5.45077259e-04
   3.58793669e+02  -4.82465082e-04
   3.58794157e+02  -1.63793928e-04
   3.58794646e+02  -1.12854636e-04
   3.58795134e+02  -1.19608325e-04
   3.58795622e+02  -2.27743600e-04
   3.58796110e+02  -9.33666015e-05
   3.58796599e+02   5.17753244e-04
   3.58797087e+02   1.80428688e-04
   3.58797575e+02   3.73089977e-04
   3.58798064e+02   2.75308499e-04
   3.58798552e+02  -2.93394201e-04
   3.58799040e+02  -6.40785438e-04
   3.58799529e+02  -9.10916657e-04
   3.58800017e+02  -7.35908397e-04
   3.58800505e+02  -3.02189641e-04
   3.58800994e+02  -1.18590200e-04
   3.58801482e+02  -3.65086278e-04
   3.58801970e+02  -7.74129585e-04
   3.58802458e+02  -9.16617166e-04
   3.58802947e+02  -8.07109638e-04
   3.58803435e+02  -2.77605111e-04
   3.58803923e+02   3.94489383e-04
   3.58804412e+02   8.00653710e-04
   3.58804900e+02   1.00819685e-03
   3.58805388e+02   6.41111401e-04
   3.58805877e+02  -1.75208290e-04
   3.58806365e+02  -8.64170317e-04
   3.58806853e+02  -1.24161039e-03
   3.58807342e+02  -1.04476186e-03
   3.58807830e+02  -7.29333726e-04
   3.58808318e+02  -5.29351237e-04
   3.58808806e+02  -5.29632496e-04
   3.58809295e+02  -1.51075583e-04
   3.58809783e+02   5.45598159e-04
   3.58810271e+02   5.52872196e-04
   3.58810760e+02  -9.97056122e-05
   3.58811248e+02  -6.17362894e-05
   3.58811736e+02   2.17247114e-04
   3.58812225e+02  -2.78369233e-04
   3.58812713e+02  -1.01689983e-03
   3.58813201e+02  -1.34385529e-03
   3.58813690e+02  -1.16624590e-03
   3.58814178e+02  -6.84471102e-04
   3.58814666e+02  -2.95029255e-04
   3.58815154e+02   5.94990386e-04
   3.58815643e+02   9.24439009e-05
   3.58816131e+02  -7.09173735e-04
   3.58816619e+02  -2.25846179e-05
   3.58817108e+02   2.53174221e-04
   3.58817596e+02   1.38158639e-05
   3.58818084e+02   1.55255708e-04
   3.58818573e+02   7.98393798e-04
   3.58819061e+02   1.32797705e-03
   3.58819549e+02   1.55161702e-04
   3.58820038e+02  -1.20964937e-03
   3.58820526e+02  -8.98479891e-04
   3.58821014e+02  -5.31252183e-04
   3.58821503e+02  -5.80726133e-04
   3.58821991e+02  -5.25185780e-04
   3.58822479e+02  -1.28822715e-03
   3.58822967e+02  -1.92370219e-03
   3.58823456e+02  -1.23348518e-03
   3.58823944e+02  -2.48053693e-04
   3.58824432e+02   5.84845431e-04
   3.58824921e+02   1.13022234e-03
   3.58825409e+02   5.38458291e-04
   3.58825897e+02  -8.14132916e-04
   3.58826386e+02  -1.13165274e-03
   3.58826874e+02  -3.51811730e-04
   3.58827362e+02   4.74716689e-05
   3.58827851e+02  -2.46995682e-04
   3.58828339e+02   2.56050625e-05
   3.58828827e+02   7.53361091e-04
   3.58829315e+02   1.06735586e-03
   3.58829804e+02   1.30884105e-03
   3.58830292e+02   1.47084601e-03
   3.58830780e+02   5.84189955e-04
   3.58831269e+02  -4.46672348e-04
   3.58831757e+02  -4.70987667e-04
   3.58832245e+02  -1.07624874e-04
   3.58832734e+02   1.80645977e-04
   3.58833222e+02   2.35147178e-04
   3.58833710e+02  -1.21071258e-04
   3.58834199e+02  -1.33136287e-04
   3.58834687e+02   3.11283948e-04
   3.58835175e+02   1.98436785e-04
   3.58835663e+02  -2.70700461e-04
   3.58836152e+02   3.38432030e-04
   3.58836640e+02   3.72075738e-04
   3.58837128e+02  -5.60712593e-04
   3.58837617e+02  -3.36421537e-04
   3.58838105e+02   1.03083812e-03
   3.58838593e+02   6.53692696e-04
   3.58839082e+02  -6.02536602e-04
   3.58839570e+02  -4.41034426e-05
   3.58840058e+02   7.20036682e-04
   3.58840547e+02   6.70912908e-04
   3.58841035e+02   4.19102900e-04
   3.58841523e+02   2.41006608e-04
   3.58842011e+02  -1.76766800e-04
   3.58842500e+02  -1.34379813e-03
   3.58842988e+02  -1.15746295e-03
   3.58843476e+02   4.73799970e-04
   3.58843965e+02   1.59208546e-03
   3.58844453e+02   1.90668227e-03
   3.58844941e+02   1.46587205e-03
   3.58845430e+02   1.23972842e-03
   3.58845918e+02   4.91631392e-04
   3.58846406e+02  -3.67559085e-04
   3.58846895e+02  -1.08617729e-04
   3.58847383e+02   1.01123739e-03
   3.58847871e+02   1.75413780e-03
   3.58848359e+02   1.20782817e-03
   3.58848848e+02   6.89878711e-04
   3.58849336e+02  -2.78133830e-05
   3.58849824e+02  -6.53422088e-04
   3.58850313e+02  -5.65585506e-04
   3.58850801e+02  -9.88078609e-05
   3.58851289e+02   8.79658968e-04
   3.58851778e+02   1.65621249e-03
   3.58852266e+02   1.36892661e-03
   3.58852754e+02   6.22780062e-04
   3.58853243e+02   3.41195322e-04
   3.58853731e+02   4.19432821e-04
   3.58854219e+02   5.50172525e-04
   3.58854707e+02   1.28901226e-03
   3.58855196e+02   1.84545340e-03
   3.58855684e+02   1.19503669e-03
   3.58856172e+02   6.62263192e-04
   3.58856661e+02   1.88845472e-04
   3.58857149e+02   6.08331975e-05
   3.58857637e+02  -3.34441051e-04
   3.58858126e+02  -8.73901357e-04
   3.58858614e+02  -4.89379279e-04
   3.58859102e+02  -3.44736676e-04
   3.58859591e+02  -6.12018688e-04
   3.58860079e+02  -4.29249107e-04
   3.58860567e+02  -6.00923959e-04
   3.58861056e+02  -3.25420900e-04
   3.58861544e+02   4.74659726e-04
   3.58862032e+02   1.50076405e-04
   3.58862520e+02  -1.63172863e-05
   3.58863009e+02   1.00674806e-04
   3.58863497e+02   4.11532528e-04
   3.58863985e+02   7.64512166e-04
   3.58864474e+02  -1.84181743e-04
   3.58864962e+02  -6.68681401e-04
   3.58865450e+02   4.30557644e-04
   3.58865939e+02   5.47963718e-04
   3.58866427e+02  -1.21067127e-03
   3.58866915e+02  -2.78494903e-03
   3.58867404e+02  -1.55728206e-03
   3.58867892e+02   3.18171020e-04
   3.58868380e+02   2.52355821e-04
   3.58868868e+02  -1.43110019e-03
   3.58869357e+02  -2.24856986e-03
   3.58869845e+02  -1.58003648e-04
   3.58870333e+02   1.58548937e-03
   3.58870822e+02   2.47906311e-03
   3.58871310e+02   1.74546440e-03
   3.58871798e+02  -7.64629920e-04
   3.58872287e+02  -2.40111083e-04
   3.58872775e+02   2.48988322e-03
   3.58873263e+02   1.13072922e-03
   3.58873752e+02  -1.18969008e-03
   3.58874240e+02  -9.99008189e-04
   3.58874728e+02  -6.99619355e-04
   3.58875216e+02  -6.06210029e-04
   3.58875705e+02  -7.60150026e-04
   3.58876193e+02  -9.01117513e-04
   3.58876681e+02  -1.15003879e-03
   3.58877170e+02  -2.07347632e-03
   3.58877658e+02  -2.05422938e-03
   3.58878146e+02  -1.87364884e-03
   3.58878635e+02  -1.80315948e-03
   3.58879123e+02  -1.87619077e-03
   3.58879611e+02  -1.58822897e-03
   3.58880100e+02  -1.39524578e-03
   3.58880588e+02  -2.10489705e-03
   3.58881076e+02  -2.13375664e-03
   3.58881564e+02  -1.07418222e-03
   3.58882053e+02  -9.16347606e-04
   3.58882541e+02  -1.21039839e-03
   3.58883029e+02  -5.38136403e-04
   3.58883518e+02  -5.72791265e-04
   3.58884006e+02  -6.83604449e-05
   3.58884494e+02   5.71981538e-04
   3.58884983e+02  -1.12654721e-04
   3.58885471e+02   1.59174204e-04
   3.58885959e+02   7.41980970e-04
   3.58886448e+02   6.90702000e-04
   3.58886936e+02   1.09339118e-04
   3.58887424e+02  -2.90106836e-04
   3.58887912e+02  -1.12933194e-04
   3.58888401e+02   4.98237263e-04
   3.58888889e+02   5.77156665e-04
   3.58889377e+02   8.79858853e-04
   3.58889866e+02   3.02013766e-04
   3.58890354e+02  -4.86440142e-04
   3.58890842e+02   3.87762411e-04
   3.58891331e+02   1.13266183e-03
   3.58891819e+02   9.27573594e-04
   3.58892307e+02   1.24258071e-03
   3.58892796e+02   1.44281494e-03
   3.58893284e+02   5.99955325e-04
   3.58893772e+02   4.55284244e-05
   3.58894260e+02   7.82721268e-04
   3.58894749e+02   1.20024930e-03
   3.58895237e+02   4.60880256e-04
   3.58895725e+02  -2.66373041e-04
   3.58896214e+02  -4.80885996e-04
   3.58896702e+02  -3.96921387e-04
   3.58897190e+02  -1.94625201e-04
   3.58897679e+02   3.06411006e-04
   3.58898167e+02   5.86260110e-04
   3.58898655e+02   4.49480431e-04
   3.58899144e+02   8.58555839e-04
   3.58899632e+02   1.59834477e-03
   3.58900120e+02   8.01229558e-04
   3.58900608e+02  -5.69838448e-04
   3.58901097e+02  -5.06717362e-04
   3.58901585e+02  -8.69749056e-05
   3.58902073e+02  -1.18876873e-04
   3.58902562e+02  -2.38792141e-04
   3.58903050e+02  -1.63467266e-05
   3.58903538e+02   9.10416071e-04
   3.58904027e+02   1.05382223e-03
   3.58904515e+02   5.29801007e-04
   3.58905003e+02   2.56435684e-04
   3.58905492e+02   5.72626945e-04
   3.58905980e+02   1.08816789e-03
   3.58906468e+02   7.96855078e-04
   3.58906957e+02   4.08544671e-04
   3.58907445e+02   4.10657871e-04
   3.58907933e+02   1.00035984e-04
   3.58908421e+02  -1.13250338e-04
   3.58908910e+02   2.88960855e-05
   3.58909398e+02   7.52059510e-04
   3.58909886e+02   6.96074334e-04
   3.58910375e+02  -5.93082223e-04
   3.58910863e+02  -1.02172978e-03
   3.58911351e+02   2.00020859e-05
   3.58911840e+02   6.08243281e-04
   3.58912328e+02   6.17684040e-04
   3.58912816e+02   5.41330781e-04
   3.58913305e+02   4.31634282e-04
   3.58913793e+02   2.70146149e-04
   3.58914281e+02   3.05212772e-04
   3.58914769e+02   4.52929409e-04
   3.58915258e+02  -1.63768691e-05
   3.58915746e+02  -3.66093213e-04
   3.58916234e+02  -2.40115522e-04
   3.58916723e+02  -2.68390722e-04
   3.58917211e+02  -3.41319392e-04
   3.58917699e+02  -6.57736906e-04
   3.58918188e+02  -7.99248111e-04
   3.58918676e+02  -3.92562331e-04
   3.58919164e+02  -2.34922700e-04
   3.58919653e+02  -7.10823690e-04
   3.58920141e+02  -1.16153748e-03
   3.58920629e+02  -1.06877391e-03
   3.58921117e+02  -5.19732072e-04
   3.58921606e+02  -2.96093087e-04
   3.58922094e+02  -9.26823472e-04
   3.58922582e+02  -1.39441283e-03
   3.58923071e+02  -4.24474973e-04
   3.58923559e+02   1.00533001e-03
   3.58924047e+02   1.28904951e-03
   3.58924536e+02   8.94725032e-04
   3.58925024e+02  -1.57075337e-04
   3.58925512e+02  -1.00417249e-03
   3.58926001e+02  -1.04718795e-03
   3.58926489e+02  -4.10532346e-04
   3.58926977e+02   2.67308176e-04
   3.58927465e+02   7.61551957e-04
   3.58927954e+02   9.02777014e-04
   3.58928442e+02   3.65426211e-04
   3.58928930e+02  -3.81298567e-04
   3.58929419e+02  -3.99864744e-04
   3.58929907e+02   1.44084566e-04
   3.58930395e+02  -2.49659119e-04
   3.58930884e+02  -9.65059968e-04
   3.58931372e+02   6.63527753e-05
   3.58931860e+02   9.36500437e-04
   3.58932349e+02   2.56045052e-04
   3.58932837e+02   1.88062346e-04
   3.58933325e+02   2.31361089e-04
   3.58933813e+02  -3.02491972e-04
   3.58934302e+02  -3.25863948e-04
   3.58934790e+02   9.80027980e-05
   3.58935278e+02  -4.66691679e-04
   3.58935767e+02  -9.33960488e-04
   3.58936255e+02  -6.24669599e-04
   3.58936743e+02  -5.54842409e-04
   3.58937232e+02  -5.63045905e-04
   3.58937720e+02  -4.67500213e-04
   3.58938208e+02  -1.75064735e-04
   3.58938697e+02   1.73376233e-04
   3.58939185e+02  -3.17906146e-04
   3.58939673e+02  -7.49540399e-04
   3.58940161e+02  -6.17401325e-04
   3.58940650e+02  -3.03620211e-04
   3.58941138e+02   1.20502955e-04
   3.58941626e+02  -1.02541562e-05
   3.58942115e+02   1.22984769e-04
   3.58942603e+02   3.45364446e-04
   3.58943091e+02  -2.10996601e-04
   3.58943580e+02  -6.51384355e-04
   3.58944068e+02  -2.16885121e-04
   3.58944556e+02   1.72252912e-04
   3.58945045e+02  -2.63120397e-04
   3.58945533e+02  -3.24051827e-04
   3.58946021e+02  -3.26900954e-05
   3.58946510e+02  -7.39200696e-05
   3.58946998e+02  -2.57243548e-04
   3.58947486e+02   2.89570035e-05
   3.58947974e+02   6.06388086e-04
   3.58948463e+02   8.51579185e-04
   3.58948951e+02   5.35001571e-04
   3.58949439e+02   1.49327709e-04
   3.58949928e+02  -4.17963420e-05
   3.58950416e+02  -1.00301870e-04
   3.58950904e+02   1.01454125e-05
   3.58951393e+02   2.66251882e-04
   3.58951881e+02   2.34429477e-04
   3.58952369e+02  -1.52027744e-04
   3.58952858e+02   2.20200571e-04
   3.58953346e+02   6.91377267e-04
   3.58953834e+02   3.73675721e-04
   3.58954322e+02   4.42168603e-05
   3.58954811e+02   7.26098660e-05
   3.58955299e+02   4.80272065e-05
   3.58955787e+02  -2.00755312e-04
   3.58956276e+02  -4.31090099e-04
   3.58956764e+02  -2.74330290e-04
   3.58957252e+02  -4.82188101e-04
   3.58957741e+02  -5.69707539e-04
   3.58958229e+02   2.70054570e-05
   3.58958717e+02   3.47643509e-04
   3.58959206e+02   3.11537413e-04
   3.58959694e+02  -2.95638340e-04
   3.58960182e+02  -7.53632747e-04
   3.58960670e+02  -3.23898770e-04
   3.58961159e+02  -3.36567355e-05
   3.58961647e+02  -1.81378040e-04
   3.58962135e+02  -3.66976601e-04
   3.58962624e+02  -2.91999837e-04
   3.58963112e+02   2.16284869e-04
   3.58963600e+02   6.67677610e-04
   3.58964089e+02   3.53653682e-04
   3.58964577e+02  -1.32391913e-04
   3.58965065e+02   2.20506656e-04
   3.58965554e+02   1.13352318e-03
   3.58966042e+02   1.36030174e-03
   3.58966530e+02   4.58636001e-04
   3.58967018e+02  -8.72809207e-04
   3.58967507e+02  -1.34782807e-03
   3.58967995e+02  -9.05995606e-04
   3.58968483e+02   8.21619542e-05
   3.58968972e+02   6.68730238e-04
   3.58969460e+02   6.66933833e-04
   3.58969948e+02   9.61023092e-04
   3.58970437e+02   9.82808066e-04
   3.58970925e+02   3.51967989e-04
   3.58971413e+02  -6.79484365e-05
   3.58971902e+02  -3.31795309e-04
   3.58972390e+02  -1.11929316e-04
   3.58972878e+02   5.75154263e-04
   3.58973366e+02   2.49513454e-04
   3.58973855e+02  -1.39971628e-04
   3.58974343e+02  -6.39472055e-05
   3.58974831e+02  -7.31135515e-05
   3.58975320e+02  -3.11044132e-04
   3.58975808e+02   2.06147070e-06
   3.58976296e+02   2.01490562e-04
   3.58976785e+02   6.07713118e-05
   3.58977273e+02   1.97492132e-04
   3.58977761e+02   3.26095615e-04
   3.58978250e+02   9.18537771e-05
   3.58978738e+02  -2.34899795e-04
   3.58979226e+02  -5.47721167e-04
   3.58979714e+02  -4.60118608e-04
   3.58980203e+02  -2.05544755e-04
   3.58980691e+02  -4.32931032e-04
   3.58981179e+02  -2.69887387e-04
   3.58981668e+02   8.38126231e-04
   3.58982156e+02   1.30007253e-03
   3.58982644e+02   7.22146302e-04
   3.58983133e+02   6.33256685e-04
   3.58983621e+02   7.41255935e-04
   3.58984109e+02   4.54238534e-06
   3.58984598e+02  -1.07243017e-03
   3.58985086e+02  -1.47541775e-03
   3.58985574e+02  -1.01735082e-03
   3.58986063e+02  -4.73796827e-04
   3.58986551e+02   2.20878355e-04
   3.58987039e+02   4.56158567e-04
   3.58987527e+02  -2.66961317e-04
   3.58988016e+02  -8.15689447e-04
   3.58988504e+02  -7.17014249e-04
   3.58988992e+02  -7.15235001e-05
   3.58989481e+02   3.55443830e-04
   3.58989969e+02   3.34449069e-05
   3.58990457e+02  -2.09363046e-04
   3.58990946e+02  -2.79259664e-04
   3.58991434e+02  -2.99114821e-04
   3.58991922e+02   5.99404266e-05
   3.58992411e+02   3.28261754e-04
   3.58992899e+02   3.08576768e-04
   3.58993387e+02  -1.36255767e-04
   3.58993875e+02  -3.19903513e-04
   3.58994364e+02  -3.27859671e-05
   3.58994852e+02  -2.77339102e-04
   3.58995340e+02  -4.31938475e-04
   3.58995829e+02   4.73179884e-04
   3.58996317e+02   9.46082175e-04
   3.58996805e+02   4.14020527e-04
   3.58997294e+02  -9.13767435e-05
   3.58997782e+02  -2.52128637e-04
   3.58998270e+02   1.80863979e-04
   3.58998759e+02   4.18077514e-04
   3.58999247e+02  -1.34018759e-04
   3.58999735e+02  -4.20682481e-04
   3.59000223e+02  -3.94890056e-04
   3.59000712e+02   2.71529643e-05
   3.59001200e+02   6.41514955e-04
   3.59001688e+02   3.30796494e-04
   3.59002177e+02  -3.09598312e-04
   3.59002665e+02  -3.16075806e-04
   3.59003153e+02   2.31765676e-04
   3.59003642e+02   2.99372274e-04
   3.59004130e+02  -1.13855858e-04
   3.59004618e+02   1.20066368e-04
   3.59005107e+02   1.98293055e-04
   3.59005595e+02  -4.97262736e-05
   3.59006083e+02  -1.53969217e-04
   3.59006571e+02  -6.16041303e-04
   3.59007060e+02  -1.05195190e-03
   3.59007548e+02  -3.00366461e-04
   3.59008036e+02   5.86539914e-04
   3.59008525e+02   5.70231467e-04
   3.59009013e+02   6.36107812e-04
   3.59009501e+02   1.07514753e-03
   3.59009990e+02   9.21457598e-04
   3.59010478e+02   1.10806228e-04
   3.59010966e+02  -7.61219126e-05
   3.59011455e+02   1.44193791e-05
   3.59011943e+02  -2.22999428e-04
   3.59012431e+02  -5.71363838e-04
   3.59012919e+02  -4.07354062e-04
   3.59013408e+02   6.52565504e-05
   3.59013896e+02   3.08400486e-04
   3.59014384e+02   2.60884961e-04
   3.59014873e+02   1.70707703e-04
   3.59015361e+02   5.00201248e-04
   3.59015849e+02   9.69247951e-04
   3.59016338e+02   6.81926322e-04
   3.59016826e+02   2.22653849e-04
   3.59017314e+02  -9.11734314e-05
   3.59017803e+02  -3.55493656e-04
   3.59018291e+02  -4.64866374e-04
   3.59018779e+02  -3.74013587e-04
   3.59019267e+02  -1.26504237e-04
   3.59019756e+02  -5.16620639e-05
   3.59020244e+02  -1.53584260e-04
   3.59020732e+02  -1.66966347e-04
   3.59021221e+02  -4.66195663e-04
   3.59021709e+02  -3.41733510e-04
   3.59022197e+02   4.07642685e-04
   3.59022686e+02   4.08380351e-04
   3.59023174e+02   3.32242082e-04
   3.59023662e+02   3.58296529e-04
   3.59024151e+02   1.02011516e-04
   3.59024639e+02   3.07404611e-04
   3.59025127e+02   8.41350993e-04
   3.59025616e+02   8.95374280e-04
   3.59026104e+02   3.32512893e-04
   3.59026592e+02  -2.05116128e-04
   3.59027080e+02  -1.72446235e-04
   3.59027569e+02   2.54642713e-04
   3.59028057e+02   7.06385064e-04
   3.59028545e+02   7.31456908e-04
   3.59029034e+02   4.22161160e-04
   3.59029522e+02   2.32151724e-04
   3.59030010e+02   1.11693545e-04
   3.59030499e+02   5.01094255e-05
   3.59030987e+02   8.12906655e-05
   3.59031475e+02   3.82415310e-04
   3.59031964e+02   5.35851053e-04
   3.59032452e+02   3.96921096e-04
   3.59032940e+02  -4.12443245e-04
   3.59033428e+02  -6.88866479e-04
   3.59033917e+02  -4.05333034e-04
   3.59034405e+02  -5.47114942e-05
   3.59034893e+02   4.75885783e-04
   3.59035382e+02   2.45255505e-04
   3.59035870e+02  -5.69088501e-04
   3.59036358e+02  -9.68532695e-04
   3.59036847e+02  -5.57043066e-04
   3.59037335e+02   2.15091131e-05
   3.59037823e+02  -2.81495973e-04
   3.59038312e+02  -4.10147564e-04
   3.59038800e+02   2.76400424e-05
   3.59039288e+02   3.26814334e-04
   3.59039776e+02   4.83244890e-04
   3.59040265e+02   2.57248644e-07
   3.59040753e+02  -3.52640112e-04
   3.59041241e+02  -2.85377901e-04
   3.59041730e+02  -3.83287290e-04
   3.59042218e+02  -3.61333194e-04
   3.59042706e+02  -3.35912599e-04
   3.59043195e+02   4.21846809e-04
   3.59043683e+02   1.27284031e-03
   3.59044171e+02   7.99287052e-04
   3.59044660e+02   4.34873393e-04
   3.59045148e+02   6.71672344e-04
   3.59045636e+02   3.56243283e-04
   3.59046124e+02  -1.70250845e-04
   3.59046613e+02  -3.04893969e-04
   3.59047101e+02  -1.62465265e-04
   3.59047589e+02   2.20468326e-04
   3.59048078e+02   3.92928458e-04
   3.59048566e+02   7.84803007e-04
   3.59049054e+02   9.00631829e-04
   3.59049543e+02   2.04297266e-05
   3.59050031e+02  -7.74833374e-04
   3.59050519e+02  -7.44147983e-04
   3.59051008e+02  -3.96379008e-04
   3.59051496e+02  -2.17074688e-04
   3.59051984e+02   9.18048827e-05
   3.59052472e+02   1.40679142e-04
   3.59052961e+02  -8.32133519e-04
   3.59053449e+02  -1.51526043e-03
   3.59053937e+02  -7.35951064e-04
   3.59054426e+02   3.85895866e-04
   3.59054914e+02   6.51114096e-04
   3.59055402e+02   1.47607192e-04
   3.59055891e+02  -3.72178183e-04
   3.59056379e+02  -7.15209288e-04
   3.59056867e+02  -5.48314711e-04
   3.59057356e+02   6.05520290e-05
   3.59057844e+02   4.54316614e-05
   3.59058332e+02  -4.68685699e-04
   3.59058820e+02  -5.41561574e-04
   3.59059309e+02  -3.47526191e-04
   3.59059797e+02  -1.37196213e-04
   3.59060285e+02   1.66820959e-04
   3.59060774e+02   5.32561797e-04
   3.59061262e+02   4.70943865e-04
   3.59061750e+02  -7.45921789e-05
   3.59062239e+02   1.38062751e-04
   3.59062727e+02   3.66904482e-04
   3.59063215e+02  -1.65748206e-04
   3.59063704e+02  -3.62214196e-04
   3.59064192e+02  -4.26579296e-04
   3.59064680e+02  -3.71823495e-04
   3.59065169e+02  -2.06099256e-04
   3.59065657e+02  -1.66390499e-04
   3.59066145e+02   1.82682270e-04
   3.59066633e+02   5.18255751e-04
   3.59067122e+02   2.99163279e-04
   3.59067610e+02   2.61456116e-05
   3.59068098e+02   3.82568454e-04
   3.59068587e+02   4.30478627e-04
   3.59069075e+02  -1.08717155e-04
   3.59069563e+02  -9.61220649e-05
   3.59070052e+02   2.77718238e-04
   3.59070540e+02   4.05507104e-04
   3.59071028e+02  -2.71586232e-05
   3.59071517e+02  -6.16927689e-04
   3.59072005e+02  -3.62050807e-04
   3.59072493e+02   4.07720567e-04
   3.59072981e+02   6.81389763e-04
   3.59073470e+02   2.66416144e-04
   3.59073958e+02  -1.70000247e-04
   3.59074446e+02  -2.73074053e-04
   3.59074935e+02   2.49468983e-04
   3.59075423e+02   1.03285094e-03
   3.59075911e+02   1.27392425e-03
   3.59076400e+02   8.09353078e-04
   3.59076888e+02   5.49128687e-04
   3.59077376e+02   4.21201868e-04
   3.59077865e+02  -7.42173215e-05
   3.59078353e+02  -2.79213127e-04
   3.59078841e+02  -3.82173021e-04
   3.59079329e+02  -4.24672180e-04
   3.59079818e+02  -3.00917483e-04
   3.59080306e+02  -3.15285783e-04
   3.59080794e+02  -7.06446590e-05
   3.59081283e+02   4.58310387e-04
   3.59081771e+02   5.51443954e-04
   3.59082259e+02  -9.92840360e-05
   3.59082748e+02  -8.24883697e-04
   3.59083236e+02  -1.08964939e-03
   3.59083724e+02  -1.14769232e-03
   3.59084213e+02  -5.16953878e-04
   3.59084701e+02  -2.44720577e-05
   3.59085189e+02  -3.11179290e-04
   3.59085677e+02  -6.67133078e-04
   3.59086166e+02  -7.35951588e-04
   3.59086654e+02  -7.75530818e-04
   3.59087142e+02  -1.03105139e-03
   3.59087631e+02  -8.34090170e-04
   3.59088119e+02  -3.45222914e-04
   3.59088607e+02  -4.93562002e-05
   3.59089096e+02   7.05532439e-05
   3.59089584e+02  -1.92941603e-04
   3.59090072e+02   8.12040707e-06
   3.59090561e+02   7.45882862e-04
   3.59091049e+02   2.76365550e-04
   3.59091537e+02  -2.82682722e-05
   3.59092025e+02  -1.36936651e-04
   3.59092514e+02  -2.55679421e-04
   3.59093002e+02  -8.68685020e-05
   3.59093490e+02   2.19550129e-04
   3.59093979e+02   1.37684139e-04
   3.59094467e+02  -2.92524666e-04
   3.59094955e+02  -6.64932886e-04
   3.59095444e+02  -6.84661616e-04
   3.59095932e+02   1.98500020e-05
   3.59096420e+02   9.82152065e-04
   3.59096909e+02   1.25939702e-03
   3.59097397e+02   9.62457329e-04
   3.59097885e+02   6.23695494e-04
   3.59098373e+02   5.10978105e-04
   3.59098862e+02   5.09478850e-04
   3.59099350e+02  -2.19852242e-04
   3.59099838e+02  -1.17562420e-03
   3.59100327e+02  -8.74271907e-04
   3.59100815e+02  -1.60787167e-04
   3.59101303e+02   4.32087363e-05
   3.59101792e+02   1.94651890e-04
   3.59102280e+02   4.40706150e-04
   3.59102768e+02   7.35540874e-04
   3.59103257e+02   6.70706504e-04
   3.59103745e+02   6.77063290e-05
   3.59104233e+02  -4.37689829e-04
   3.59104722e+02  -3.03230248e-04
   3.59105210e+02   9.75851945e-05
   3.59105698e+02   1.20773577e-04
   3.59106186e+02   7.68644604e-05
   3.59106675e+02   3.46103014e-04
   3.59107163e+02   7.20323122e-04
   3.59107651e+02   8.16756685e-04
   3.59108140e+02   9.78968921e-04
   3.59108628e+02   1.05023733e-03
   3.59109116e+02   8.11849721e-04
   3.59109605e+02   2.19836176e-04
   3.59110093e+02  -2.55463179e-04
   3.59110581e+02  -2.33669212e-04
   3.59111070e+02  -5.98327861e-05
   3.59111558e+02  -3.02295973e-07
   3.59112046e+02  -1.35933924e-05
   3.59112534e+02   9.97040697e-05
   3.59113023e+02   1.99234535e-04
   3.59113511e+02  -1.03767416e-04
   3.59113999e+02  -1.39898504e-04
   3.59114488e+02   3.30634793e-04
   3.59114976e+02   3.79552424e-04
   3.59115464e+02  -2.72660018e-05
   3.59115953e+02  -5.03545569e-04
   3.59116441e+02  -1.03985204e-03
   3.59116929e+02  -1.39017322e-03
   3.59117418e+02  -9.47411521e-04
   3.59117906e+02  -1.39471464e-04
   3.59118394e+02   3.32758675e-04
   3.59118882e+02   2.61360983e-04
   3.59119371e+02   1.24291531e-04
   3.59119859e+02   3.94708244e-04
   3.59120347e+02   2.57566862e-04
   3.59120836e+02   1.61799588e-04
   3.59121324e+02   3.82468017e-04
   3.59121812e+02   7.01747078e-04
   3.59122301e+02   1.11284398e-03
   3.59122789e+02   8.51259392e-04
   3.59123277e+02   1.83656855e-04
   3.59123766e+02   1.67552571e-04
   3.59124254e+02   9.54343006e-04
   3.59124742e+02   1.07613322e-03
   3.59125230e+02  -1.68488605e-05
   3.59125719e+02  -4.72783489e-04
   3.59126207e+02   8.90964657e-06
   3.59126695e+02   5.50039767e-05
   3.59127184e+02  -2.52471422e-04
   3.59127672e+02  -5.05482662e-04
   3.59128160e+02  -6.25065935e-04
   3.59128649e+02  -6.93461392e-04
   3.59129137e+02  -7.36920920e-04
   3.59129625e+02  -6.03645691e-04
   3.59130114e+02  -7.33059191e-04
   3.59130602e+02  -6.13182841e-04
   3.59131090e+02   1.97124900e-04
   3.59131578e+02   4.35455877e-04
   3.59132067e+02   6.50270740e-05
   3.59132555e+02   3.93202063e-04
   3.59133043e+02   1.14471873e-03
   3.59133532e+02   7.68651778e-04
   3.59134020e+02   6.04601337e-05
   3.59134508e+02   3.85520543e-04
   3.59134997e+02   6.66469685e-04
   3.59135485e+02   3.72676062e-04
   3.59135973e+02   2.30234534e-07
   3.59136462e+02   4.76085952e-05
   3.59136950e+02   1.36229166e-04
   3.59137438e+02  -3.12792225e-04
   3.59137926e+02  -4.55176953e-04
   3.59138415e+02  -2.53468170e-04
   3.59138903e+02  -4.65882302e-04
   3.59139391e+02  -4.56684851e-04
   3.59139880e+02  -2.09395846e-04
   3.59140368e+02   1.60870419e-04
   3.59140856e+02   5.22733491e-04
   3.59141345e+02  -1.41552897e-04
   3.59141833e+02  -8.04519106e-04
   3.59142321e+02  -4.21066536e-04
   3.59142810e+02   1.62341617e-04
   3.59143298e+02   2.62283953e-04
   3.59143786e+02  -6.74672337e-05
   3.59144275e+02  -1.21250639e-04
   3.59144763e+02   2.00526687e-04
   3.59145251e+02   2.36487234e-04
   3.59145739e+02  -3.48835048e-04
   3.59146228e+02  -8.18142958e-04
   3.59146716e+02  -2.89862772e-04
   3.59147204e+02   5.41272981e-04
   3.59147693e+02   2.39943198e-04
   3.59148181e+02  -2.83291709e-04
   3.59148669e+02  -3.22261039e-04
   3.59149158e+02  -1.93460408e-04
   3.59149646e+02   2.31677055e-04
   3.59150134e+02   7.56305293e-04
   3.59150623e+02   5.94269950e-04
   3.59151111e+02   3.78016179e-04
   3.59151599e+02   7.43329001e-04
   3.59152087e+02   7.34245754e-04
   3.59152576e+02   2.76620645e-04
   3.59153064e+02   8.79910076e-05
   3.59153552e+02   1.55550435e-06
   3.59154041e+02   6.95410272e-05
   3.59154529e+02  -1.60059819e-04
   3.59155017e+02  -3.75772797e-04
   3.59155506e+02  -6.84074112e-05
   3.59155994e+02   1.21823890e-04
   3.59156482e+02   4.61775431e-04
   3.59156971e+02   8.36179184e-04
   3.59157459e+02   9.45707783e-04
   3.59157947e+02   5.93065808e-04
   3.59158435e+02  -1.39218057e-04
   3.59158924e+02  -7.06846360e-04
   3.59159412e+02  -7.26225495e-04
   3.59159900e+02  -2.34729596e-04
   3.59160389e+02  -5.51958765e-05
   3.59160877e+02   1.42555888e-04
   3.59161365e+02   6.74807408e-04
   3.59161854e+02   8.17738182e-04
   3.59162342e+02   5.51725156e-04
   3.59162830e+02   1.30724467e-04
   3.59163319e+02  -4.27014049e-04
   3.59163807e+02  -5.43957634e-04
   3.59164295e+02   2.07613877e-04
   3.59164783e+02   1.19455811e-03
   3.59165272e+02   1.51059846e-03
   3.59165760e+02   9.79981734e-04
   3.59166248e+02   5.41920541e-04
   3.59166737e+02   6.08280126e-04
   3.59167225e+02   3.33634322e-04
   3.59167713e+02  -3.20842868e-04
   3.59168202e+02  -6.44152868e-04
   3.59168690e+02  -4.61580901e-04
   3.59169178e+02  -2.34564213e-04
   3.59169667e+02   1.24904356e-04
   3.59170155e+02   6.07512367e-04
   3.59170643e+02   3.93289723e-04
   3.59171131e+02  -3.29902890e-04
   3.59171620e+02  -2.86616938e-04
   3.59172108e+02  -3.38044047e-05
   3.59172596e+02  -2.14524480e-04
   3.59173085e+02  -1.53173300e-04
   3.59173573e+02   2.50334642e-06
   3.59174061e+02   6.03164153e-05
   3.59174550e+02   1.69250372e-04
   3.59175038e+02   3.18705424e-04
   3.59175526e+02   1.63585908e-04
   3.59176015e+02  -3.88075074e-04
   3.59176503e+02  -4.44045465e-04
   3.59176991e+02  -3.58298013e-04
   3.59177479e+02  -9.25805653e-04
   3.59177968e+02  -1.24096777e-03
   3.59178456e+02  -3.77904740e-04
   3.59178944e+02   5.60673769e-04
   3.59179433e+02   4.98517475e-04
   3.59179921e+02   3.54457414e-04
   3.59180409e+02   5.04444470e-04
   3.59180898e+02   3.16819904e-04
   3.59181386e+02   4.74927874e-05
   3.59181874e+02   4.58531053e-04
   3.59182363e+02   5.16510569e-04
   3.59182851e+02  -4.49307554e-04
   3.59183339e+02  -1.11023453e-03
   3.59183828e+02  -6.32079900e-04
   3.59184316e+02   2.93231395e-04
   3.59184804e+02   1.04583647e-04
   3.59185292e+02  -1.07696353e-04
   3.59185781e+02   5.68606949e-04
   3.59186269e+02   6.49135909e-04
   3.59186757e+02   4.25785314e-04
   3.59187246e+02   4.90543898e-04
   3.59187734e+02   3.47807392e-04
   3.59188222e+02   4.11658730e-05
   3.59188711e+02  -5.46074763e-04
   3.59189199e+02  -7.19971780e-04
   3.59189687e+02  -2.15836902e-04
   3.59190176e+02  -3.23713393e-05
   3.59190664e+02   3.07669761e-05
   3.59191152e+02   2.75828672e-04
   3.59191640e+02   2.64333976e-05
   3.59192129e+02  -1.96906432e-04
   3.59192617e+02   1.01530000e-04
   3.59193105e+02   2.41514936e-04
   3.59193594e+02   2.25185155e-04
   3.59194082e+02   1.82789270e-04
   3.59194570e+02   7.64670185e-05
   3.59195059e+02   2.14430474e-04
   3.59195547e+02   3.43158928e-04
   3.59196035e+02   2.44114490e-04
   3.59196524e+02   2.00789553e-04
   3.59197012e+02   5.84318768e-04
   3.59197500e+02   7.36863876e-04
   3.59197988e+02   2.18870962e-04
   3.59198477e+02   2.14083047e-05
   3.59198965e+02   4.80615650e-04
   3.59199453e+02   7.06570398e-04
   3.59199942e+02   7.71234394e-04
   3.59200430e+02   8.30194505e-04
   3.59200918e+02   4.99382091e-04
   3.59201407e+02   1.81084295e-04
   3.59201895e+02  -1.27357038e-04
   3.59202383e+02  -8.04472729e-05
   3.59202872e+02   1.90297607e-04
   3.59203360e+02   1.20692486e-04
   3.59203848e+02   1.81299125e-04
   3.59204336e+02   5.68374468e-04
   3.59204825e+02   4.15337563e-04
   3.59205313e+02   1.78537157e-04
   3.59205801e+02   3.16916470e-04
   3.59206290e+02   3.28033115e-04
   3.59206778e+02   1.91699830e-04
   3.59207266e+02  -2.69296870e-04
   3.59207755e+02  -5.00710157e-04
   3.59208243e+02  -2.16055138e-04
   3.59208731e+02   1.02203929e-04
   3.59209220e+02  -4.80099116e-05
   3.59209708e+02  -3.46902321e-04
   3.59210196e+02  -4.76599613e-04
   3.59210684e+02  -5.64266171e-04
   3.59211173e+02   1.78580813e-04
   3.59211661e+02   7.64232129e-04
   3.59212149e+02   3.95131327e-04
   3.59212638e+02  -2.17560410e-05
   3.59213126e+02  -1.75763649e-04
   3.59213614e+02   3.68356414e-04
   3.59214103e+02   1.28630863e-03
   3.59214591e+02   1.71348348e-03
   3.59215079e+02   1.53182982e-03
   3.59215568e+02   9.47277527e-04
   3.59216056e+02   5.69014577e-04
   3.59216544e+02   5.62485657e-04
   3.59217032e+02   6.62961509e-04
   3.59217521e+02   5.41044748e-04
   3.59218009e+02  -1.53005822e-04
   3.59218497e+02  -8.64353671e-04
   3.59218986e+02  -8.52720987e-04
   3.59219474e+02  -3.83650680e-04
   3.59219962e+02  -2.09254591e-04
   3.59220451e+02  -2.50456505e-04
   3.59220939e+02   5.55627281e-04
   3.59221427e+02   7.86866643e-04
   3.59221916e+02  -2.54888815e-04
   3.59222404e+02  -3.07134673e-04
   3.59222892e+02   1.68730956e-04
   3.59223381e+02   2.71219644e-04
   3.59223869e+02   1.52492867e-04
   3.59224357e+02  -3.39065795e-04
   3.59224845e+02  -5.10335318e-04
   3.59225334e+02  -1.58621275e-04
   3.59225822e+02   2.06649638e-04
   3.59226310e+02   1.55165850e-04
   3.59226799e+02   3.12956487e-04
   3.59227287e+02   1.03477074e-03
   3.59227775e+02   1.46546424e-03
   3.59228264e+02   9.59104218e-04
   3.59228752e+02   2.82195324e-05
   3.59229240e+02  -1.61891512e-04
   3.59229729e+02   1.08883665e-04
   3.59230217e+02   3.44120897e-04
   3.59230705e+02   3.82306898e-04
   3.59231193e+02  -2.39621149e-04
   3.59231682e+02  -3.95239185e-04
   3.59232170e+02  -6.30714612e-06
   3.59232658e+02   3.62933264e-04
   3.59233147e+02   7.31364358e-04
   3.59233635e+02   5.34890045e-04
   3.59234123e+02  -3.62502215e-05
   3.59234612e+02  -7.50859690e-05
   3.59235100e+02   1.57528324e-04
   3.59235588e+02   1.36067989e-04
   3.59236077e+02   1.42401259e-04
   3.59236565e+02   5.30635996e-04
   3.59237053e+02   1.81802039e-04
   3.59237541e+02  -6.78474200e-04
   3.59238030e+02  -7.31063716e-04
   3.59238518e+02  -1.83169454e-04
   3.59239006e+02  -1.01362210e-04
   3.59239495e+02  -4.66477650e-05
   3.59239983e+02   4.76203626e-04
   3.59240471e+02   4.60183888e-04
   3.59240960e+02  -4.76695015e-04
   3.59241448e+02  -8.41465779e-04
   3.59241936e+02  -5.74845937e-04
   3.59242425e+02  -4.38731804e-04
   3.59242913e+02   2.16167027e-04
   3.59243401e+02   5.23606082e-04
   3.59243889e+02  -1.66529251e-04
   3.59244378e+02  -7.50353211e-04
   3.59244866e+02  -9.58383956e-04
   3.59245354e+02  -2.31829690e-04
   3.59245843e+02   6.99557073e-04
   3.59246331e+02   2.66406016e-04
   3.59246819e+02  -7.64287019e-04
   3.59247308e+02  -1.22419628e-03
   3.59247796e+02  -4.81880183e-04
   3.59248284e+02   2.65927607e-04
   3.59248773e+02  -3.94222239e-04
   3.59249261e+02  -1.30321260e-03
   3.59249749e+02  -1.48035830e-03
   3.59250237e+02  -1.39302167e-03
   3.59250726e+02  -8.39557382e-04
   3.59251214e+02   2.51743913e-04
   3.59251702e+02   7.45886296e-04
   3.59252191e+02   1.06120278e-04
   3.59252679e+02  -3.11083888e-04
   3.59253167e+02  -3.02424683e-04
   3.59253656e+02  -8.59238571e-05
   3.59254144e+02   3.07407900e-04
   3.59254632e+02   2.74472375e-04
   3.59255121e+02  -3.31774034e-04
   3.59255609e+02  -1.07236544e-03
   3.59256097e+02  -1.09409948e-03
   3.59256585e+02  -5.38916909e-04
   3.59257074e+02  -1.72199780e-05
   3.59257562e+02   1.14255316e-04
   3.59258050e+02  -1.84500343e-04
   3.59258539e+02  -3.59653815e-04
   3.59259027e+02   1.62903270e-05
   3.59259515e+02   5.28752455e-04
   3.59260004e+02   4.88832186e-04
   3.59260492e+02   3.79272038e-04
   3.59260980e+02   6.93814130e-04
   3.59261469e+02   7.26798200e-04
   3.59261957e+02   3.44921020e-04
   3.59262445e+02   2.87803705e-04
   3.59262934e+02   5.24536357e-04
   3.59263422e+02   8.01771705e-04
   3.59263910e+02   7.77625712e-04
   3.59264398e+02   4.87956248e-04
   3.59264887e+02   4.21986304e-04
   3.59265375e+02   7.23002886e-04
   3.59265863e+02   9.63656523e-04
   3.59266352e+02  -1.27211286e-04
   3.59266840e+02  -5.53923368e-04
   3.59267328e+02   1.80828210e-05
   3.59267817e+02   6.56606047e-04
   3.59268305e+02   5.01501781e-04
   3.59268793e+02  -1.99725793e-04
   3.59269282e+02  -6.29385351e-04
   3.59269770e+02  -3.55670927e-04
   3.59270258e+02   4.39040799e-04
   3.59270746e+02   6.35502278e-04
   3.59271235e+02  -2.42198093e-05
   3.59271723e+02  -1.59456977e-04
   3.59272211e+02  -1.70192216e-05
   3.59272700e+02  -1.30524801e-04
   3.59273188e+02   5.63588546e-05
   3.59273676e+02   2.16774453e-04
   3.59274165e+02   3.15074140e-05
   3.59274653e+02  -5.78302483e-04
   3.59275141e+02  -6.13043259e-04
   3.59275630e+02  -3.06297770e-05
   3.59276118e+02  -4.16412688e-04
   3.59276606e+02  -1.04359118e-03
   3.59277094e+02  -4.19300661e-04
   3.59277583e+02   5.03284064e-05
   3.59278071e+02  -3.13035125e-04
   3.59278559e+02  -3.07476992e-04
   3.59279048e+02  -2.47653690e-04
   3.59279536e+02  -1.48232459e-04
   3.59280024e+02   1.46291684e-04
   3.59280513e+02   1.68827508e-04
   3.59281001e+02   1.50726119e-04
   3.59281489e+02   1.43577287e-04
   3.59281978e+02  -5.08093908e-05
   3.59282466e+02  -4.62997850e-04
   3.59282954e+02  -4.75961366e-04
   3.59283442e+02  -1.95400440e-04
   3.59283931e+02  -5.79976302e-04
   3.59284419e+02  -1.18674629e-03
   3.59284907e+02  -1.02468790e-03
   3.59285396e+02  -3.14703095e-04
   3.59285884e+02   2.86261318e-04
   3.59286372e+02   3.85079300e-04
   3.59286861e+02   1.30504923e-04
   3.59287349e+02   3.24396882e-04
   3.59287837e+02   2.95034290e-04
   3.59288326e+02  -1.32468122e-05
   3.59288814e+02  -1.89434490e-04
   3.59289302e+02  -6.51900700e-05
   3.59289790e+02   5.57388121e-04
   3.59290279e+02   7.48993829e-04
   3.59290767e+02   1.84631266e-04
   3.59291255e+02  -2.30992282e-05
   3.59291744e+02   2.80085660e-05
   3.59292232e+02  -4.96412802e-04
   3.59292720e+02  -5.76888386e-04
   3.59293209e+02  -2.44610164e-05
   3.59293697e+02   1.20046730e-04
   3.59294185e+02  -1.86587102e-04
   3.59294674e+02  -5.54660859e-04
   3.59295162e+02  -2.50595825e-04
   3.59295650e+02   2.79888976e-04
   3.59296138e+02   1.75404857e-04
   3.59296627e+02   4.29006213e-05
   3.59297115e+02   2.49457255e-04
   3.59297603e+02   3.05396446e-04
   3.59298092e+02  -1.45540092e-04
   3.59298580e+02  -1.49634841e-04
   3.59299068e+02   1.28305794e-04
   3.59299557e+02  -7.72843123e-05
   3.59300045e+02   2.20111309e-04
   3.59300533e+02   7.90227961e-04
   3.59301022e+02   6.14027667e-04
   3.59301510e+02   2.28646852e-04
   3.59301998e+02   5.34372404e-04
   3.59302487e+02   8.65971902e-04
   3.59302975e+02   1.27688356e-04
   3.59303463e+02  -4.72645537e-04
   3.59303951e+02  -1.86019606e-04
   3.59304440e+02   2.82577130e-05
   3.59304928e+02   2.09279679e-04
   3.59305416e+02   5.72235207e-04
   3.59305905e+02   4.98892739e-04
   3.59306393e+02   9.86595405e-05
   3.59306881e+02  -1.55687929e-04
   3.59307370e+02  -3.79618490e-04
   3.59307858e+02  -4.23095567e-04
   3.59308346e+02  -5.14390122e-04
   3.59308835e+02  -7.40743591e-04
   3.59309323e+02  -6.57075492e-04
   3.59309811e+02   4.35211841e-05
   3.59310299e+02   7.27799663e-04
   3.59310788e+02   6.28298556e-04
   3.59311276e+02   2.11215345e-04
   3.59311764e+02   2.15638749e-04
   3.59312253e+02   4.39252006e-04
   3.59312741e+02   4.35429014e-04
   3.59313229e+02   4.05056635e-04
   3.59313718e+02   7.12551875e-04
   3.59314206e+02   8.29032855e-04
   3.59314694e+02   4.21825593e-04
   3.59315183e+02  -1.47725281e-04
   3.59315671e+02  -7.73327309e-04
   3.59316159e+02  -9.15407552e-04
   3.59316647e+02  -3.65512387e-04
   3.59317136e+02  -1.45160897e-07
   3.59317624e+02  -1.05767765e-04
   3.59318112e+02  -4.21576406e-04
   3.59318601e+02  -2.71893077e-04
   3.59319089e+02   9.60238758e-05
   3.59319577e+02   2.24548072e-04
   3.59320066e+02   2.92255543e-04
   3.59320554e+02  -1.52604218e-04
   3.59321042e+02  -2.28390199e-04
   3.59321531e+02   2.87108356e-04
   3.59322019e+02   3.88836110e-04
   3.59322507e+02   2.28382225e-04
   3.59322995e+02  -3.51144408e-04
   3.59323484e+02  -6.27446512e-04
   3.59323972e+02   1.64793397e-04
   3.59324460e+02   8.18461529e-04
   3.59324949e+02   6.00043568e-04
   3.59325437e+02   5.22398856e-04
   3.59325925e+02   9.39677760e-04
   3.59326414e+02   6.95852854e-04
   3.59326902e+02   1.75176203e-04
   3.59327390e+02  -4.89095110e-05
   3.59327879e+02   7.46456572e-05
   3.59328367e+02   2.03156334e-04
   3.59328855e+02  -2.99086591e-04
   3.59329343e+02  -7.36967195e-04
   3.59329832e+02  -4.70156403e-04
   3.59330320e+02   5.30972844e-04
   3.59330808e+02   1.02256250e-03
   3.59331297e+02   6.41177932e-04
   3.59331785e+02   3.85754742e-04
   3.59332273e+02   1.42948149e-04
   3.59332762e+02  -4.75713110e-04
   3.59333250e+02  -1.08287716e-03
   3.59333738e+02  -8.60299799e-04
   3.59334227e+02  -2.18960791e-04
   3.59334715e+02   3.28228169e-04
   3.59335203e+02   8.69288400e-04
   3.59335691e+02   9.21593048e-04
   3.59336180e+02   3.75075964e-04
   3.59336668e+02   1.18508629e-04
   3.59337156e+02   4.04632505e-04
   3.59337645e+02   3.11304146e-04
   3.59338133e+02   3.76225362e-04
   3.59338621e+02   7.75521388e-04
   3.59339110e+02   4.54449648e-04
   3.59339598e+02  -4.39622789e-04
   3.59340086e+02  -1.27947936e-03
   3.59340575e+02  -1.08961167e-03
   3.59341063e+02  -4.25554521e-04
   3.59341551e+02  -1.86315010e-04
   3.59342040e+02  -2.42475522e-04
   3.59342528e+02   4.41339835e-05
   3.59343016e+02   6.81454316e-04
   3.59343504e+02   7.54023553e-04
   3.59343993e+02   3.67497472e-04
   3.59344481e+02  -1.32104498e-04
   3.59344969e+02  -1.54050620e-04
   3.59345458e+02   2.73234735e-04
   3.59345946e+02   1.25074934e-04
   3.59346434e+02  -6.45162145e-05
   3.59346923e+02  -3.28275964e-05
   3.59347411e+02   9.05658817e-05
   3.59347899e+02   3.69133195e-04
   3.59348388e+02   3.83219565e-04
   3.59348876e+02   3.45085537e-05
   3.59349364e+02  -1.74205648e-04
   3.59349852e+02   1.85665311e-04
   3.59350341e+02   5.51279867e-04
   3.59350829e+02   2.82681751e-04
   3.59351317e+02  -2.59852986e-05
   3.59351806e+02  -2.91270535e-05
   3.59352294e+02  -1.06071093e-04
   3.59352782e+02  -1.37193725e-04
   3.59353271e+02   2.86636146e-04
   3.59353759e+02   5.21305308e-04
   3.59354247e+02   2.68983975e-04
   3.59354736e+02   3.13299563e-04
   3.59355224e+02   3.35370685e-04
   3.59355712e+02  -4.37509698e-05
   3.59356200e+02  -7.47265949e-05
   3.59356689e+02   2.97543127e-04
   3.59357177e+02   6.09376410e-04
   3.59357665e+02   4.52697888e-04
   3.59358154e+02   3.00279818e-04
   3.59358642e+02   7.84930366e-04
   3.59359130e+02   1.47510960e-03
   3.59359619e+02   1.47976738e-03
   3.59360107e+02   5.80535270e-04
   3.59360595e+02  -3.48706060e-04
   3.59361084e+02  -3.31895688e-04
   3.59361572e+02  -1.15215014e-04
   3.59362060e+02  -4.58891118e-05
   3.59362548e+02   2.82138644e-04
   3.59363037e+02   3.77109915e-04
   3.59363525e+02   6.51028531e-05
   3.59364013e+02  -2.81836052e-04
   3.59364502e+02  -5.26256743e-04
   3.59364990e+02  -5.89594652e-04
   3.59365478e+02  -4.18571115e-04
   3.59365967e+02  -4.19166230e-04
   3.59366455e+02  -5.38953987e-04
   3.59366943e+02  -3.48205213e-04
   3.59367432e+02   1.06367806e-04
   3.59367920e+02   6.41004954e-05
   3.59368408e+02  -5.18631248e-04
   3.59368896e+02  -6.97815849e-04
   3.59369385e+02  -4.48806968e-04
   3.59369873e+02  -1.02379607e-04
   3.59370361e+02   1.86720397e-04
   3.59370850e+02   1.61642747e-04
   3.59371338e+02   4.08188818e-04
   3.59371826e+02   7.52071501e-04
   3.59372315e+02   1.30113200e-04
   3.59372803e+02  -2.85739632e-04
   3.59373291e+02   9.90098051e-05
   3.59373780e+02   8.62653615e-05
   3.59374268e+02   4.48350009e-04
   3.59374756e+02   7.48638005e-04
   3.59375244e+02   2.11868406e-04
   3.59375733e+02  -2.31842801e-04
   3.59376221e+02  -6.88923406e-04
   3.59376709e+02  -7.95220607e-04
   3.59377198e+02  -5.97557577e-04
   3.59377686e+02  -5.99505613e-04
   3.59378174e+02   3.99985642e-04
   3.59378663e+02   1.87508902e-03
   3.59379151e+02   1.74978108e-03
   3.59379639e+02   5.43485628e-04
   3.59380128e+02  -1.44827747e-04
   3.59380616e+02  -4.24517435e-04
   3.59381104e+02  -3.04492045e-04
   3.59381593e+02  -1.09160064e-04
   3.59382081e+02  -4.44139994e-04
   3.59382569e+02  -5.47486008e-04
   3.59383057e+02  -7.23794801e-05
   3.59383546e+02  -2.27197335e-04
   3.59384034e+02  -2.41064175e-04
   3.59384522e+02  -2.63146125e-04
   3.59385011e+02  -2.31183541e-04
   3.59385499e+02   1.10703993e-04
   3.59385987e+02  -1.58947209e-04
   3.59386476e+02  -9.41186852e-04
   3.59386964e+02  -1.21593813e-03
   3.59387452e+02  -8.00087757e-04
   3.59387941e+02  -2.42585520e-04
   3.59388429e+02  -4.36837727e-04
   3.59388917e+02  -6.80849596e-04
   3.59389405e+02  -5.31090132e-04
   3.59389894e+02   1.02718886e-05
   3.59390382e+02   9.61702550e-04
   3.59390870e+02   1.13007124e-03
   3.59391359e+02   2.97978375e-04
   3.59391847e+02  -7.93935498e-04
   3.59392335e+02  -1.34839094e-03
   3.59392824e+02  -1.28039264e-03
   3.59393312e+02  -1.13093702e-03
   3.59393800e+02  -4.00580029e-04
   3.59394289e+02   2.78081949e-04
   3.59394777e+02  -3.15094280e-06
   3.59395265e+02  -2.56560219e-04
   3.59395753e+02  -3.15325771e-04
   3.59396242e+02  -2.43396047e-04
   3.59396730e+02   1.12960064e-04
   3.59397218e+02   2.31495869e-05
   3.59397707e+02   1.71863678e-04
   3.59398195e+02   3.94004979e-04
   3.59398683e+02  -8.88443101e-05
   3.59399172e+02  -8.55733524e-05
   3.59399660e+02   4.34099959e-04
   3.59400148e+02   7.15834904e-04
   3.59400637e+02   4.17026225e-04
   3.59401125e+02  -6.01872707e-05
   3.59401613e+02   2.42499314e-04
   3.59402101e+02   9.09771887e-04
   3.59402590e+02   1.00298901e-03
   3.59403078e+02   2.21528069e-04
   3.59403566e+02   9.81898265e-05
   3.59404055e+02   8.66564864e-04
   3.59404543e+02   6.18587539e-04
   3.59405031e+02   3.33450371e-05
   3.59405520e+02   8.73130630e-05
   3.59406008e+02   1.72254477e-05
   3.59406496e+02  -6.44926604e-06
   3.59406985e+02  -1.09680106e-04
   3.59407473e+02  -1.92964086e-04
   3.59407961e+02  -2.68267991e-04
   3.59408449e+02  -7.08007487e-04
   3.59408938e+02  -9.02512809e-04
   3.59409426e+02  -6.77118951e-04
   3.59409914e+02  -4.04261518e-04
   3.59410403e+02   1.18973963e-04
   3.59410891e+02   9.08685091e-04
   3.59411379e+02   6.79454068e-04
   3.59411868e+02  -1.20860401e-04
   3.59412356e+02   1.09646360e-04
   3.59412844e+02   6.04222761e-04
   3.59413333e+02   4.77980444e-04
   3.59413821e+02   3.81202874e-04
   3.59414309e+02   4.45855432e-04
   3.59414797e+02   4.28543950e-04
   3.59415286e+02   4.71491716e-04
   3.59415774e+02   7.04374921e-04
   3.59416262e+02   3.98972130e-04
   3.59416751e+02  -6.30390714e-04
   3.59417239e+02  -6.92321104e-04
   3.59417727e+02  -2.54664519e-05
   3.59418216e+02  -1.61850694e-04
   3.59418704e+02  -2.28356061e-04
   3.59419192e+02   2.70642107e-04
   3.59419681e+02   8.27573065e-04
   3.59420169e+02   5.02130075e-04
   3.59420657e+02   7.44470817e-05
   3.59421146e+02   1.09930435e-04
   3.59421634e+02   2.32414837e-04
   3.59422122e+02   1.86913239e-04
   3.59422610e+02   1.35245937e-05
   3.59423099e+02  -3.71578863e-05
   3.59423587e+02  -9.66691077e-05
   3.59424075e+02   7.00772071e-05
   3.59424564e+02   2.14517131e-04
   3.59425052e+02  -7.63570351e-05
   3.59425540e+02  -1.08639433e-05
   3.59426029e+02  -5.03576302e-06
   3.59426517e+02  -3.78176890e-04
   3.59427005e+02  -2.44863448e-04
   3.59427494e+02  -2.87315459e-04
   3.59427982e+02  -6.32485957e-04
   3.59428470e+02  -4.11248795e-04
   3.59428958e+02  -1.43259211e-04
   3.59429447e+02  -2.54322222e-04
   3.59429935e+02  -1.41134689e-04
   3.59430423e+02  -3.58250807e-04
   3.59430912e+02  -5.74442325e-04
   3.59431400e+02  -2.66864343e-04
   3.59431888e+02   2.31716855e-04
   3.59432377e+02   7.24144804e-04
   3.59432865e+02   6.93957787e-04
   3.59433353e+02   1.11948160e-04
   3.59433842e+02  -6.61736762e-04
   3.59434330e+02  -7.21745891e-04
   3.59434818e+02  -1.82769843e-04
   3.59435306e+02  -4.67340607e-04
   3.59435795e+02  -6.92911912e-04
   3.59436283e+02  -2.18639048e-04
   3.59436771e+02   1.21753001e-04
   3.59437260e+02   1.49167754e-04
   3.59437748e+02   1.17485324e-04
   3.59438236e+02   5.57693020e-05
   3.59438725e+02  -1.02440114e-04
   3.59439213e+02   3.15689744e-04
   3.59439701e+02   8.68236180e-04
   3.59440190e+02   1.00163184e-03
   3.59440678e+02   7.82109797e-04
   3.59441166e+02   1.68659855e-04
   3.59441654e+02   2.58948785e-05
   3.59442143e+02   6.05221081e-04
   3.59442631e+02  -1.65014673e-04
   3.59443119e+02  -5.46169642e-04
   3.59443608e+02  -1.46967577e-04
   3.59444096e+02  -1.89983533e-04
   3.59444584e+02  -5.05264965e-04
   3.59445073e+02  -1.03322061e-04
   3.59445561e+02   2.87371164e-04
   3.59446049e+02   1.04567422e-04
   3.59446538e+02   1.07654407e-04
   3.59447026e+02  -8.97568680e-05
   3.59447514e+02  -3.02893168e-04
   3.59448002e+02   4.17893549e-04
   3.59448491e+02   6.13891403e-04
   3.59448979e+02   1.37612325e-04
   3.59449467e+02  -1.15658677e-05
   3.59449956e+02  -1.26135972e-04
   3.59450444e+02  -3.17687605e-04
   3.59450932e+02  -1.60775555e-04
   3.59451421e+02   4.03800746e-04
   3.59451909e+02   3.11628042e-04
   3.59452397e+02  -3.17168829e-04
   3.59452886e+02  -5.91006479e-04
   3.59453374e+02  -5.86128212e-04
   3.59453862e+02  -8.12073529e-04
   3.59454350e+02  -9.34816431e-04
   3.59454839e+02  -7.71419902e-04
   3.59455327e+02  -4.18268901e-04
   3.59455815e+02  -3.62560590e-04
   3.59456304e+02  -2.77766288e-04
   3.59456792e+02   7.39313327e-06
   3.59457280e+02   1.61343458e-04
   3.59457769e+02   3.95292038e-04
   3.59458257e+02   5.15805557e-04
   3.59458745e+02   3.75406526e-05
   3.59459234e+02  -4.21067263e-04
   3.59459722e+02  -3.76150943e-04
   3.59460210e+02  -4.38418007e-04
   3.59460699e+02  -8.29540601e-04
   3.59461187e+02  -5.55181818e-04
   3.59461675e+02   6.16842226e-05
   3.59462163e+02   1.78137023e-04
   3.59462652e+02  -1.18327123e-04
   3.59463140e+02  -4.03054699e-04
   3.59463628e+02  -4.63125121e-04
   3.59464117e+02  -1.58984345e-04
   3.59464605e+02   1.46134320e-04
   3.59465093e+02   5.79383690e-04
   3.59465582e+02   8.56939238e-04
   3.59466070e+02   1.75525376e-04
   3.59466558e+02  -6.75442207e-05
   3.59467047e+02   3.34910932e-04
   3.59467535e+02   2.15751686e-04
   3.59468023e+02   1.00040386e-04
   3.59468511e+02  -7.02056204e-05
   3.59469000e+02  -2.42507798e-04
   3.59469488e+02  -1.27837062e-04
   3.59469976e+02  -1.42471399e-04
   3.59470465e+02  -1.88700360e-04
   3.59470953e+02  -2.89801188e-04
   3.59471441e+02  -3.04556655e-04
   3.59471930e+02   1.58045892e-04
   3.59472418e+02   5.72827412e-04
   3.59472906e+02   3.81858379e-04
   3.59473395e+02  -2.67782634e-05
   3.59473883e+02  -7.71983250e-05
   3.59474371e+02  -5.35774270e-05
   3.59474859e+02  -1.02323196e-04
   3.59475348e+02  -1.21875972e-04
   3.59475836e+02  -4.41753582e-05
   3.59476324e+02   2.05256321e-04
   3.59476813e+02   1.89944767e-05
   3.59477301e+02   1.38324525e-04
   3.59477789e+02   5.47536765e-04
   3.59478278e+02   3.79359408e-04
   3.59478766e+02  -3.80340585e-04
   3.59479254e+02  -9.39620717e-04
   3.59479743e+02  -4.55919740e-04
   3.59480231e+02   6.55112904e-04
   3.59480719e+02   8.34399252e-04
   3.59481207e+02   1.44502019e-05
   3.59481696e+02  -5.22826274e-04
   3.59482184e+02  -4.31023596e-04
   3.59482672e+02  -4.46271355e-04
   3.59483161e+02  -6.03889173e-04
   3.59483649e+02  -8.13894498e-04
   3.59484137e+02  -9.42682440e-04
   3.59484626e+02  -1.02462142e-03
   3.59485114e+02  -8.25535622e-04
   3.59485602e+02  -1.22633064e-04
   3.59486091e+02   2.91277189e-04
   3.59486579e+02  -6.43787062e-05
   3.59487067e+02  -2.57097941e-04
   3.59487555e+02   4.08098167e-05
   3.59488044e+02  -1.60783733e-04
   3.59488532e+02  -9.10277362e-04
   3.59489020e+02  -1.06770219e-03
   3.59489509e+02  -7.58996815e-04
   3.59489997e+02  -7.90110033e-04
   3.59490485e+02  -4.62928510e-05
   3.59490974e+02   1.13766908e-03
   3.59491462e+02   1.03565073e-03
   3.59491950e+02   4.56834619e-04
   3.59492439e+02   1.47930521e-04
   3.59492927e+02   9.42797633e-05
   3.59493415e+02  -2.18624671e-04
   3.59493903e+02  -1.11073814e-03
   3.59494392e+02  -1.27171504e-03
   3.59494880e+02  -4.37925453e-04
   3.59495368e+02   1.94693406e-04
   3.59495857e+02   2.54525570e-04
   3.59496345e+02   1.31338369e-04
   3.59496833e+02  -5.83050773e-04
   3.59497322e+02  -1.27110770e-03
   3.59497810e+02  -1.14761712e-03
   3.59498298e+02  -7.14355847e-04
   3.59498787e+02  -2.68857693e-04
   3.59499275e+02  -4.88934456e-05
   3.59499763e+02  -1.35302966e-04
   3.59500252e+02  -5.03050614e-05
   3.59500740e+02   6.63304061e-04
   3.59501228e+02   5.99842519e-04
   3.59501716e+02   1.82594202e-04
   3.59502205e+02  -1.63533346e-04
   3.59502693e+02  -2.26909295e-04
   3.59503181e+02  -2.36077085e-05
   3.59503670e+02  -9.78481956e-04
   3.59504158e+02  -1.20397971e-03
   3.59504646e+02  -1.30321700e-04
   3.59505135e+02   4.08270047e-04
   3.59505623e+02   7.77249050e-04
   3.59506111e+02   1.08929828e-03
   3.59506600e+02   9.91830602e-04
   3.59507088e+02   4.23236663e-04
   3.59507576e+02  -7.09679807e-05
   3.59508064e+02  -1.63961988e-04
   3.59508553e+02  -2.53782695e-04
   3.59509041e+02  -3.79213248e-04
   3.59509529e+02  -3.80095182e-04
   3.59510018e+02  -2.14484055e-04
   3.59510506e+02   9.03051550e-05
   3.59510994e+02   2.97751889e-04
   3.59511483e+02   3.60881037e-04
   3.59511971e+02   3.46511224e-04
   3.59512459e+02   2.95186794e-04
   3.59512948e+02   2.30154052e-04
   3.59513436e+02  -2.56823085e-04
   3.59513924e+02  -1.88112565e-04
   3.59514412e+02   7.21672957e-04
   3.59514901e+02   8.17357388e-04
   3.59515389e+02   6.10950170e-04
   3.59515877e+02   7.49913161e-04
   3.59516366e+02   7.00331468e-04
   3.59516854e+02   8.14314408e-04
   3.59517342e+02   7.61959120e-04
   3.59517831e+02   1.28204891e-04
   3.59518319e+02  -6.16538091e-05
   3.59518807e+02   1.78114962e-04
   3.59519296e+02   1.42601915e-04
   3.59519784e+02   1.34531598e-04
   3.59520272e+02   4.34219866e-04
   3.59520760e+02   2.85502261e-04
   3.59521249e+02  -1.67554099e-04
   3.59521737e+02   1.21232770e-04
   3.59522225e+02   2.49157602e-04
   3.59522714e+02  -1.90145845e-04
   3.59523202e+02  -2.97727762e-04
   3.59523690e+02   3.23840562e-04
   3.59524179e+02   8.27449257e-04
   3.59524667e+02   9.53246665e-04
   3.59525155e+02   1.01392844e-03
   3.59525644e+02   8.63952271e-04
   3.59526132e+02   5.07635588e-04
   3.59526620e+02  -4.71981439e-05
   3.59527108e+02  -4.58426512e-04
   3.59527597e+02  -1.65985373e-04
   3.59528085e+02  -1.13183683e-04
   3.59528573e+02  -1.81920346e-04
   3.59529062e+02   7.57891903e-05
   3.59529550e+02   2.25976808e-04
   3.59530038e+02  -7.25725913e-05
   3.59530527e+02  -2.06350014e-04
   3.59531015e+02   5.76279526e-05
   3.59531503e+02  -9.51977768e-07
   3.59531992e+02  -4.89268452e-04
   3.59532480e+02  -1.28013408e-03
   3.59532968e+02  -1.19336741e-03
   3.59533456e+02  -4.03519662e-04
   3.59533945e+02  -3.71935341e-04
   3.59534433e+02  -4.71356325e-04
   3.59534921e+02  -2.98640283e-04
   3.59535410e+02  -4.27508261e-04
   3.59535898e+02  -4.64436773e-04
   3.59536386e+02  -4.96760826e-04
   3.59536875e+02  -6.64330786e-04
   3.59537363e+02  -7.42651115e-04
   3.59537851e+02  -4.52400651e-04
   3.59538340e+02  -2.74381076e-04
   3.59538828e+02  -2.30329388e-04
   3.59539316e+02   2.46471638e-04
   3.59539805e+02   5.92454162e-04
   3.59540293e+02   7.20199896e-04
   3.59540781e+02   6.25663786e-04
   3.59541269e+02   6.68798399e-04
   3.59541758e+02   7.99597241e-04
   3.59542246e+02   7.34238012e-04
   3.59542734e+02   4.13745118e-04
   3.59543223e+02   1.95810862e-05
   3.59543711e+02  -5.09199854e-05
   3.59544199e+02  -2.62679474e-04
   3.59544688e+02  -4.82818810e-04
   3.59545176e+02  -2.54608021e-04
   3.59545664e+02  -1.86319245e-04
   3.59546153e+02  -1.75415844e-04
   3.59546641e+02  -2.73989106e-04
   3.59547129e+02  -3.13443074e-04
   3.59547617e+02   1.44739306e-05
   3.59548106e+02  -1.64042431e-04
   3.59548594e+02  -3.82850412e-04
   3.59549082e+02   1.22826212e-04
   3.59549571e+02   4.09737404e-04
   3.59550059e+02  -2.11378265e-05
   3.59550547e+02  -3.00131913e-04
   3.59551036e+02  -1.79073904e-05
   3.59551524e+02   5.76790946e-04
   3.59552012e+02   4.05450235e-04
   3.59552501e+02  -4.21439414e-04
   3.59552989e+02  -5.46554977e-04
   3.59553477e+02   2.54453073e-04
   3.59553965e+02   1.09192485e-03
   3.59554454e+02   1.06608740e-03
   3.59554942e+02   7.65170844e-04
   3.59555430e+02   5.45783492e-04
   3.59555919e+02   2.28527104e-04
   3.59556407e+02   6.97287178e-05
   3.59556895e+02  -4.48343082e-04
   3.59557384e+02  -8.34490755e-04
   3.59557872e+02  -3.83356062e-04
   3.59558360e+02   3.93708586e-04
   3.59558849e+02   5.60661429e-04
   3.59559337e+02   1.51331187e-04
   3.59559825e+02   2.12164887e-04
   3.59560313e+02   1.50055007e-06
   3.59560802e+02  -5.48738812e-04
   3.59561290e+02  -6.16621342e-04
   3.59561778e+02  -4.97152796e-04
   3.59562267e+02  -3.67869419e-04
   3.59562755e+02   2.44597286e-05
   3.59563243e+02   1.76577261e-04
   3.59563732e+02  -5.12793893e-04
   3.59564220e+02  -1.08058867e-03
   3.59564708e+02  -6.44414627e-04
   3.59565197e+02  -1.22594254e-04
   3.59565685e+02  -4.14835988e-04
   3.59566173e+02  -8.97218240e-04
   3.59566661e+02  -8.13226041e-04
   3.59567150e+02  -1.51426953e-04
   3.59567638e+02   6.57350465e-04
   3.59568126e+02   8.29334429e-04
   3.59568615e+02   5.45178133e-04
   3.59569103e+02   1.72769578e-04
   3.59569591e+02  -1.55917223e-04
   3.59570080e+02  -2.84145135e-05
   3.59570568e+02   3.68859619e-04
   3.59571056e+02   6.65142492e-04
   3.59571545e+02   2.93687161e-04
   3.59572033e+02  -2.96001614e-04
   3.59572521e+02  -7.26200698e-04
   3.59573009e+02  -1.16854999e-03
   3.59573498e+02  -6.34546333e-04
   3.59573986e+02   6.19480212e-04
   3.59574474e+02   9.75487928e-04
   3.59574963e+02   9.23118641e-05
   3.59575451e+02  -3.58271151e-04
   3.59575939e+02   1.80457340e-04
   3.59576428e+02   2.67643220e-04
   3.59576916e+02  -9.77319942e-05
   3.59577404e+02  -1.82562624e-04
   3.59577893e+02  -4.52782202e-04
   3.59578381e+02  -6.51480863e-04
   3.59578869e+02  -7.05345883e-04
   3.59579357e+02  -7.05179060e-04
   3.59579846e+02   2.87636853e-04
   3.59580334e+02   8.32979742e-04
   3.59580822e+02   6.72901399e-04
   3.59581311e+02   1.16167183e-03
   3.59581799e+02   1.81306666e-03
   3.59582287e+02   1.79672544e-03
   3.59582776e+02   1.39875303e-03
   3.59583264e+02   9.82052414e-04
   3.59583752e+02   5.66907634e-04
   3.59584241e+02   5.01413451e-05
   3.59584729e+02  -5.22235991e-04
   3.59585217e+02  -4.12770372e-04
   3.59585706e+02   1.46130638e-04
   3.59586194e+02  -1.27071369e-04
   3.59586682e+02  -7.43178185e-04
   3.59587170e+02  -4.39876225e-04
   3.59587659e+02  -1.12752741e-06
   3.59588147e+02  -4.42482742e-05
   3.59588635e+02   4.83572512e-06
   3.59589124e+02  -3.73253773e-04
   3.59589612e+02  -6.38560377e-05
   3.59590100e+02   8.05641408e-04
   3.59590589e+02   4.33942245e-04
   3.59591077e+02  -1.88781618e-04
   3.59591565e+02  -1.21917925e-04
   3.59592054e+02  -5.95487872e-05
   3.59592542e+02   7.41830854e-06
   3.59593030e+02  -9.55175201e-05
   3.59593518e+02  -5.15914988e-04
   3.59594007e+02  -5.57758729e-04
   3.59594495e+02  -3.38636310e-04
   3.59594983e+02  -3.09566531e-04
   3.59595472e+02  -2.08990503e-04
   3.59595960e+02   8.62341476e-05
   3.59596448e+02   2.20817194e-04
   3.59596937e+02   5.47033793e-04
   3.59597425e+02   5.17257140e-04
   3.59597913e+02   3.92658811e-04
   3.59598402e+02   1.10460189e-03
   3.59598890e+02   1.16647710e-03
   3.59599378e+02   1.14032620e-04
   3.59599866e+02   4.18774114e-04
   3.59600355e+02   1.16938236e-03
   3.59600843e+02   5.28889999e-04
   3.59601331e+02  -5.12708153e-04
   3.59601820e+02  -8.60901724e-04
   3.59602308e+02  -8.82097345e-04
   3.59602796e+02  -5.49279677e-04
   3.59603285e+02  -1.32088753e-04
   3.59603773e+02   7.19833915e-05
   3.59604261e+02   7.45690602e-04
   3.59604750e+02   1.18777389e-03
   3.59605238e+02   5.77547064e-04
   3.59605726e+02  -2.81753222e-04
   3.59606214e+02  -9.44329135e-04
   3.59606703e+02  -9.72686103e-04
   3.59607191e+02  -6.56921009e-04
   3.59607679e+02  -6.97680051e-04
   3.59608168e+02  -4.85897384e-04
   3.59608656e+02  -5.26693766e-05
   3.59609144e+02   1.73362532e-05
   3.59609633e+02   3.15772893e-04
   3.59610121e+02   5.37094078e-04
   3.59610609e+02   3.90434812e-04
   3.59611098e+02   5.46758703e-04
   3.59611586e+02   3.20595980e-04
   3.59612074e+02   5.30930047e-05
   3.59612562e+02   3.98216449e-04
   3.59613051e+02   4.79991344e-04
   3.59613539e+02  -2.63008813e-04
   3.59614027e+02  -2.42329697e-04
   3.59614516e+02   2.25114389e-04
   3.59615004e+02  -2.48091499e-04
   3.59615492e+02  -4.73740656e-04
   3.59615981e+02   2.11565653e-04
   3.59616469e+02   6.85219013e-04
   3.59616957e+02   7.75123131e-04
   3.59617446e+02   4.04710241e-04
   3.59617934e+02   4.40732954e-04
   3.59618422e+02   9.11614974e-04
   3.59618910e+02   6.86170184e-04
   3.59619399e+02   7.47934624e-04
   3.59619887e+02   4.98345587e-04
   3.59620375e+02  -5.85699803e-04
   3.59620864e+02  -9.70875262e-04
   3.59621352e+02  -7.88486504e-04
   3.59621840e+02  -6.04268746e-04
   3.59622329e+02  -1.19959477e-04
   3.59622817e+02   8.68377756e-05
   3.59623305e+02  -8.98113823e-04
   3.59623794e+02  -9.17910307e-04
   3.59624282e+02   2.96350772e-04
   3.59624770e+02   8.29428725e-04
   3.59625259e+02   4.00544348e-04
   3.59625747e+02  -1.29285603e-04
   3.59626235e+02  -1.83969358e-04
   3.59626723e+02   2.25362004e-04
   3.59627212e+02   5.26198593e-04
   3.59627700e+02  -6.61207814e-05
   3.59628188e+02  -8.72350822e-04
   3.59628677e+02  -8.91293050e-04
   3.59629165e+02  -6.63487997e-04
   3.59629653e+02  -6.92685717e-04
   3.59630142e+02  -9.05764464e-04
   3.59630630e+02  -6.91395719e-04
   3.59631118e+02  -2.95686768e-04
   3.59631607e+02  -2.53156119e-04
   3.59632095e+02  -6.61010708e-05
   3.59632583e+02   2.01461895e-04
   3.59633071e+02   3.89144843e-04
   3.59633560e+02   5.89037663e-04
   3.59634048e+02   6.54023373e-04
   3.59634536e+02   2.50548997e-04
   3.59635025e+02   1.56357841e-04
   3.59635513e+02  -4.69511469e-05
   3.59636001e+02  -9.88875981e-04
   3.59636490e+02  -7.98085413e-04
   3.59636978e+02  -1.24574377e-04
   3.59637466e+02   5.73854413e-05
   3.59637955e+02   1.54438429e-04
   3.59638443e+02  -1.37353991e-05
   3.59638931e+02  -2.40522000e-04
   3.59639419e+02  -4.53688932e-04
   3.59639908e+02  -8.53144913e-04
   3.59640396e+02  -4.71421983e-04
   3.59640884e+02   5.57325664e-04
   3.59641373e+02   6.25737011e-04
   3.59641861e+02  -1.00809513e-04
   3.59642349e+02   6.75990450e-05
   3.59642838e+02   3.00702290e-04
   3.59643326e+02  -2.53828126e-04
   3.59643814e+02  -5.03350631e-04
   3.59644303e+02  -3.55852353e-05
   3.59644791e+02   1.91498504e-04
   3.59645279e+02  -4.08780470e-04
   3.59645767e+02  -9.11459618e-04
   3.59646256e+02  -5.33588754e-04
   3.59646744e+02  -2.51664751e-04
   3.59647232e+02  -6.18887425e-04
   3.59647721e+02  -9.18440695e-04
   3.59648209e+02  -6.69715169e-04
   3.59648697e+02   1.48932682e-04
   3.59649186e+02   7.73433771e-04
   3.59649674e+02   8.58834945e-04
   3.59650162e+02   4.48136183e-04
   3.59650651e+02  -1.20047967e-04
   3.59651139e+02  -2.65924085e-04
   3.59651627e+02  -4.13106871e-04
   3.59652115e+02  -5.89023228e-04
   3.59652604e+02  -2.60629924e-04
   3.59653092e+02   7.89400947e-05
   3.59653580e+02   1.63064615e-04
   3.59654069e+02  -9.79554825e-05
   3.59654557e+02  -5.30893274e-04
   3.59655045e+02  -8.73167883e-04
   3.59655534e+02  -9.92781832e-04
   3.59656022e+02  -4.90360602e-04
   3.59656510e+02   7.65170611e-04
   3.59656999e+02   1.27969310e-03
   3.59657487e+02   5.61688852e-04
   3.59657975e+02  -4.82739968e-04
   3.59658463e+02  -1.17447309e-03
   3.59658952e+02  -6.33579330e-04
   3.59659440e+02   5.71660406e-04
   3.59659928e+02   1.22497475e-03
   3.59660417e+02   1.49647309e-03
   3.59660905e+02   1.55852153e-03
   3.59661393e+02   1.15527329e-03
   3.59661882e+02   8.02820723e-04
   3.59662370e+02   6.81275385e-04
   3.59662858e+02   7.97184242e-04
   3.59663347e+02   9.44799860e-04
   3.59663835e+02   6.58915553e-04
   3.59664323e+02   5.49612043e-04
   3.59664812e+02   5.92181634e-04
   3.59665300e+02   6.68885827e-04
   3.59665788e+02  -2.00867551e-04
   3.59666276e+02  -1.61753083e-03
   3.59666765e+02  -2.08429946e-03
   3.59667253e+02  -1.52775273e-03
   3.59667741e+02  -1.35332812e-03
   3.59668230e+02  -1.86704937e-03
   3.59668718e+02  -6.57533004e-04
   3.59669206e+02   1.01829530e-03
   3.59669695e+02   1.01943070e-03
   3.59670183e+02   4.11039538e-04
   3.59670671e+02   1.59111078e-04
   3.59671160e+02  -2.22367686e-04
   3.59671648e+02  -2.85570568e-04
   3.59672136e+02  -4.69694933e-04
   3.59672624e+02  -1.20405639e-04
   3.59673113e+02   8.04188836e-04
   3.59673601e+02   6.91442110e-05
   3.59674089e+02  -1.24709017e-03
   3.59674578e+02  -1.21601613e-03
   3.59675066e+02   1.19034135e-04
