frequency (GHz), flux (Jy/beam)
   3.56198789e+02   5.54632803e-04
   3.56199277e+02   3.38877435e-04
   3.56199766e+02   2.54834362e-04
   3.56200254e+02   3.44085071e-04
   3.56200742e+02  -7.50259569e-05
   3.56201231e+02  -3.27635120e-04
   3.56201719e+02  -1.98544498e-04
   3.56202207e+02  -1.38668824e-04
   3.56202695e+02  -3.54158801e-05
   3.56203184e+02   1.80954055e-04
   3.56203672e+02   3.07885377e-04
   3.56204160e+02   1.49735730e-04
   3.56204649e+02   1.03890423e-04
   3.56205137e+02   3.90087895e-04
   3.56205625e+02   5.64030081e-04
   3.56206114e+02   7.24742422e-04
   3.56206602e+02   8.96240817e-04
   3.56207090e+02   8.04274925e-04
   3.56207579e+02   4.07952233e-04
   3.56208067e+02   8.59026259e-05
   3.56208555e+02  -7.43825367e-05
   3.56209044e+02  -3.61921520e-05
   3.56209532e+02  -1.16987903e-05
   3.56210020e+02   1.71997499e-06
   3.56210508e+02   9.83099744e-05
   3.56210997e+02  -5.69805743e-05
   3.56211485e+02   5.88211624e-05
   3.56211973e+02   3.05279682e-04
   3.56212462e+02   1.12474605e-04
   3.56212950e+02  -1.72407948e-04
   3.56213438e+02  -4.00904159e-04
   3.56213927e+02  -5.20819274e-04
   3.56214415e+02  -3.13143013e-04
   3.56214903e+02   6.96065181e-05
   3.56215392e+02   3.24348104e-04
   3.56215880e+02   3.38410086e-04
   3.56216368e+02   3.66744556e-04
   3.56216856e+02   3.64291336e-04
   3.56217345e+02   3.58623074e-05
   3.56217833e+02  -2.02854702e-04
   3.56218321e+02  -2.27206838e-04
   3.56218810e+02  -4.23335296e-04
   3.56219298e+02  -3.09165829e-04
   3.56219786e+02   9.81221892e-05
   3.56220275e+02   2.87571718e-04
   3.56220763e+02   2.06461409e-04
   3.56221251e+02  -9.60475154e-06
   3.56221740e+02  -1.89784943e-04
   3.56222228e+02  -3.38691112e-04
   3.56222716e+02  -4.34939400e-04
   3.56223204e+02  -3.15238838e-04
   3.56223693e+02  -9.76252195e-05
   3.56224181e+02   1.27286141e-04
   3.56224669e+02   3.73539195e-04
   3.56225158e+02   5.31297119e-04
   3.56225646e+02   3.65285552e-04
   3.56226134e+02  -5.88377661e-05
   3.56226623e+02  -4.54197085e-04
   3.56227111e+02  -7.83527794e-04
   3.56227599e+02  -9.08231828e-04
   3.56228088e+02  -4.59892006e-04
   3.56228576e+02   6.66914202e-05
   3.56229064e+02  -1.05564599e-04
   3.56229552e+02  -4.40994685e-04
   3.56230041e+02  -3.48622882e-04
   3.56230529e+02  -5.97466055e-07
   3.56231017e+02   4.39295633e-04
   3.56231506e+02   5.46671567e-04
   3.56231994e+02   2.32646576e-04
   3.56232482e+02  -1.28878391e-05
   3.56232971e+02   4.65134181e-05
   3.56233459e+02  -1.57457384e-06
   3.56233947e+02  -2.52770929e-04
   3.56234436e+02  -3.95395909e-04
   3.56234924e+02  -3.06449161e-04
   3.56235412e+02  -1.66623664e-04
   3.56235900e+02   3.20978106e-05
   3.56236389e+02   8.85213667e-05
   3.56236877e+02  -7.84201839e-05
   3.56237365e+02  -1.75926631e-04
   3.56237854e+02  -2.22377173e-04
   3.56238342e+02  -3.15832265e-04
   3.56238830e+02  -4.51779080e-04
   3.56239319e+02  -4.18183248e-04
   3.56239807e+02  -2.31691723e-04
   3.56240295e+02  -1.81526557e-04
   3.56240784e+02   9.60215330e-05
   3.56241272e+02   4.17134084e-04
   3.56241760e+02   3.16007878e-04
   3.56242248e+02   4.20387922e-04
   3.56242737e+02   7.63049407e-04
   3.56243225e+02   9.24848078e-04
   3.56243713e+02   7.68167491e-04
   3.56244202e+02   3.80736747e-04
   3.56244690e+02   8.78267965e-05
   3.56245178e+02   1.20143137e-04
   3.56245667e+02   9.42984261e-05
   3.56246155e+02  -1.14006827e-04
   3.56246643e+02  -2.97917795e-05
   3.56247132e+02  -1.32413377e-04
   3.56247620e+02  -6.00217842e-04
   3.56248108e+02  -7.67136342e-04
   3.56248597e+02  -6.13672717e-04
   3.56249085e+02  -2.79308151e-04
   3.56249573e+02   8.14831128e-06
   3.56250061e+02  -1.38039963e-04
   3.56250550e+02  -2.58103566e-04
   3.56251038e+02   7.50728796e-05
   3.56251526e+02   4.57698421e-04
   3.56252015e+02   6.72188937e-04
   3.56252503e+02   6.29074872e-04
   3.56252991e+02   1.93720931e-04
   3.56253480e+02  -2.63554859e-04
   3.56253968e+02  -5.17921522e-04
   3.56254456e+02  -4.37880342e-04
   3.56254945e+02  -2.11906270e-04
   3.56255433e+02  -2.89570191e-04
   3.56255921e+02  -5.44745883e-04
   3.56256409e+02  -6.67835586e-04
   3.56256898e+02  -1.51325003e-04
   3.56257386e+02   2.51100282e-04
   3.56257874e+02  -3.35049735e-05
   3.56258363e+02   1.80467716e-04
   3.56258851e+02   5.01809118e-04
   3.56259339e+02   1.07331551e-04
   3.56259828e+02  -1.53229135e-04
   3.56260316e+02  -1.76178248e-04
   3.56260804e+02  -2.25736163e-04
   3.56261293e+02  -1.94747961e-04
   3.56261781e+02  -1.05274456e-04
   3.56262269e+02   1.55627513e-05
   3.56262757e+02  -7.54084467e-05
   3.56263246e+02  -1.39844065e-04
   3.56263734e+02  -5.63392314e-05
   3.56264222e+02  -4.09220112e-04
   3.56264711e+02  -8.03854025e-04
   3.56265199e+02  -5.62200497e-04
   3.56265687e+02  -1.63917604e-04
   3.56266176e+02  -2.26757911e-04
   3.56266664e+02  -3.33009957e-04
   3.56267152e+02   3.73248076e-05
   3.56267641e+02   3.38169222e-04
   3.56268129e+02   1.52126566e-04
   3.56268617e+02  -1.53821384e-04
   3.56269105e+02   1.12627451e-04
   3.56269594e+02   4.31614491e-04
   3.56270082e+02   2.92787561e-04
   3.56270570e+02   1.08573491e-04
   3.56271059e+02  -7.33132038e-05
   3.56271547e+02  -5.13482300e-05
   3.56272035e+02   1.19911616e-04
   3.56272524e+02   2.21973140e-04
   3.56273012e+02   2.23706098e-04
   3.56273500e+02   1.87598314e-04
   3.56273989e+02   1.41535216e-04
   3.56274477e+02  -4.27636934e-07
   3.56274965e+02  -4.03779122e-05
   3.56275453e+02  -1.58319672e-05
   3.56275942e+02  -1.02084348e-04
   3.56276430e+02  -2.00877825e-04
   3.56276918e+02  -2.77171144e-04
   3.56277407e+02  -2.64012138e-04
   3.56277895e+02  -3.78370722e-04
   3.56278383e+02  -4.46797902e-04
   3.56278872e+02  -2.81120650e-04
   3.56279360e+02  -2.50132172e-04
   3.56279848e+02  -3.33695352e-04
   3.56280337e+02  -2.18080953e-04
   3.56280825e+02   1.35572642e-04
   3.56281313e+02   3.49131384e-04
   3.56281801e+02  -2.78866992e-05
   3.56282290e+02  -3.70254565e-04
   3.56282778e+02  -5.43321075e-05
   3.56283266e+02   1.14251874e-04
   3.56283755e+02  -2.93974357e-04
   3.56284243e+02  -2.22033443e-04
   3.56284731e+02   4.04148333e-04
   3.56285220e+02   4.54306341e-04
   3.56285708e+02   1.19560755e-04
   3.56286196e+02   8.03877338e-05
   3.56286685e+02   3.77403689e-04
   3.56287173e+02   6.80082478e-04
   3.56287661e+02   7.94126710e-04
   3.56288150e+02   5.67397510e-04
   3.56288638e+02  -9.41780381e-05
   3.56289126e+02  -3.22255655e-04
   3.56289614e+02   1.02751372e-04
   3.56290103e+02   4.98884823e-04
   3.56290591e+02   6.80474099e-04
   3.56291079e+02   5.54724538e-04
   3.56291568e+02   2.09003090e-04
   3.56292056e+02   1.68611587e-04
   3.56292544e+02   8.44755195e-05
   3.56293033e+02  -2.69082055e-04
   3.56293521e+02  -2.74678623e-05
   3.56294009e+02   1.16764269e-04
   3.56294498e+02  -5.49144694e-04
   3.56294986e+02  -1.02178310e-03
   3.56295474e+02  -7.34306464e-04
   3.56295962e+02  -1.43856014e-04
   3.56296451e+02   4.10603185e-04
   3.56296939e+02   7.61575531e-04
   3.56297427e+02   7.26819446e-04
   3.56297916e+02   4.10684559e-04
   3.56298404e+02   2.65451818e-04
   3.56298892e+02   1.60542157e-04
   3.56299381e+02  -7.10150562e-05
   3.56299869e+02  -5.22786941e-05
   3.56300357e+02   9.91924680e-05
   3.56300846e+02   6.10159659e-05
   3.56301334e+02  -9.83021091e-05
   3.56301822e+02  -1.44133213e-04
   3.56302310e+02  -9.32663606e-05
   3.56302799e+02  -9.43426712e-05
   3.56303287e+02  -4.22182988e-04
   3.56303775e+02  -6.15265977e-04
   3.56304264e+02  -8.77978309e-05
   3.56304752e+02   1.91726838e-04
   3.56305240e+02  -1.16005787e-04
   3.56305729e+02  -2.39228146e-04
   3.56306217e+02   1.08531021e-04
   3.56306705e+02   4.59760573e-04
   3.56307194e+02   3.99493147e-04
   3.56307682e+02   4.63840435e-04
   3.56308170e+02   7.89231271e-04
   3.56308658e+02   8.39264248e-04
   3.56309147e+02   3.94808478e-04
   3.56309635e+02  -6.74418261e-05
   3.56310123e+02  -1.83148768e-05
   3.56310612e+02   1.92235893e-04
   3.56311100e+02   3.71306305e-05
   3.56311588e+02   1.94001518e-06
   3.56312077e+02   1.90577295e-04
   3.56312565e+02   2.94460129e-04
   3.56313053e+02   3.81488411e-04
   3.56313542e+02   3.23789893e-04
   3.56314030e+02   3.31300143e-05
   3.56314518e+02  -4.37077601e-04
   3.56315006e+02  -7.45842000e-04
   3.56315495e+02  -4.71413223e-04
   3.56315983e+02  -4.48045830e-05
   3.56316471e+02   2.56456115e-05
   3.56316960e+02   9.55286305e-05
   3.56317448e+02   4.22965240e-05
   3.56317936e+02  -2.17001405e-04
   3.56318425e+02  -2.95283942e-04
   3.56318913e+02  -1.59598785e-04
   3.56319401e+02  -5.28642886e-05
   3.56319890e+02   4.86620629e-05
   3.56320378e+02  -5.14559033e-05
   3.56320866e+02  -5.00268710e-04
   3.56321354e+02  -7.97652930e-04
   3.56321843e+02  -6.91347232e-04
   3.56322331e+02  -3.43268039e-04
   3.56322819e+02  -1.39979034e-04
   3.56323308e+02  -2.01594754e-04
   3.56323796e+02  -2.30203135e-04
   3.56324284e+02  -3.32288851e-04
   3.56324773e+02  -3.91967566e-04
   3.56325261e+02  -1.33184803e-04
   3.56325749e+02   3.11002164e-04
   3.56326238e+02   9.22078034e-04
   3.56326726e+02   1.41446129e-03
   3.56327214e+02   1.12368388e-03
   3.56327702e+02   4.65728081e-04
   3.56328191e+02   8.37602856e-05
   3.56328679e+02  -1.44884048e-04
   3.56329167e+02   1.22078840e-04
   3.56329656e+02   4.77291353e-04
   3.56330144e+02   3.20232968e-04
   3.56330632e+02   3.69339890e-04
   3.56331121e+02   7.52362947e-04
   3.56331609e+02   8.54814367e-04
   3.56332097e+02   6.46179367e-04
   3.56332586e+02   2.15950844e-04
   3.56333074e+02  -5.99875675e-05
   3.56333562e+02  -6.47731067e-05
   3.56334051e+02  -3.24775960e-04
   3.56334539e+02  -5.19349240e-04
   3.56335027e+02  -1.09802219e-04
   3.56335515e+02   2.24651594e-04
   3.56336004e+02   1.75788125e-04
   3.56336492e+02   2.12423955e-04
   3.56336980e+02   3.35028220e-04
   3.56337469e+02   1.43445679e-04
   3.56337957e+02  -2.06962664e-04
   3.56338445e+02  -1.65260106e-04
   3.56338934e+02  -4.33586720e-05
   3.56339422e+02   3.25340625e-05
   3.56339910e+02   5.82686276e-04
   3.56340399e+02   8.80801294e-04
   3.56340887e+02   3.89835885e-04
   3.56341375e+02  -1.87778132e-04
   3.56341863e+02  -4.07920685e-04
   3.56342352e+02  -1.82691758e-04
   3.56342840e+02   1.16407973e-05
   3.56343328e+02   4.07637199e-05
   3.56343817e+02  -1.25912251e-04
   3.56344305e+02  -2.73797254e-04
   3.56344793e+02  -1.24026501e-05
   3.56345282e+02   2.85653921e-04
   3.56345770e+02   4.57841437e-04
   3.56346258e+02   3.59116268e-04
   3.56346747e+02  -7.03291516e-05
   3.56347235e+02  -3.81590449e-04
   3.56347723e+02  -2.48262892e-04
   3.56348211e+02   1.28990854e-04
   3.56348700e+02   1.51891480e-04
   3.56349188e+02  -3.06219357e-04
   3.56349676e+02  -2.09183694e-04
   3.56350165e+02   2.34584411e-04
   3.56350653e+02  -9.29948874e-05
   3.56351141e+02  -5.00687980e-04
   3.56351630e+02  -4.86112520e-04
   3.56352118e+02  -2.56830244e-04
   3.56352606e+02  -4.59513194e-06
   3.56353095e+02   5.12834376e-05
   3.56353583e+02   2.43193615e-04
   3.56354071e+02   3.85569350e-04
   3.56354559e+02   1.69341263e-04
   3.56355048e+02   2.02375420e-04
   3.56355536e+02   1.96321329e-04
   3.56356024e+02  -1.37855444e-04
   3.56356513e+02  -2.20435453e-04
   3.56357001e+02  -9.19573504e-05
   3.56357489e+02   3.52720490e-05
   3.56357978e+02   7.22896220e-05
   3.56358466e+02  -9.74792129e-05
   3.56358954e+02  -2.10774844e-04
   3.56359443e+02  -1.59142670e-04
   3.56359931e+02  -1.87893107e-04
   3.56360419e+02  -5.43261667e-05
   3.56360907e+02   4.46536142e-04
   3.56361396e+02   7.03757280e-04
   3.56361884e+02   2.15162960e-04
   3.56362372e+02  -3.53523646e-04
   3.56362861e+02  -5.29068930e-04
   3.56363349e+02  -5.12978237e-04
   3.56363837e+02  -4.81904892e-04
   3.56364326e+02  -5.29095356e-04
   3.56364814e+02  -6.00349042e-04
   3.56365302e+02  -5.85383270e-04
   3.56365791e+02  -3.37518839e-04
   3.56366279e+02   1.85624842e-04
   3.56366767e+02   5.02932700e-04
   3.56367255e+02   3.87959386e-04
   3.56367744e+02   2.09627455e-04
   3.56368232e+02  -2.37486456e-05
   3.56368720e+02  -2.13906751e-04
   3.56369209e+02  -3.82441591e-04
   3.56369697e+02  -3.41531326e-04
   3.56370185e+02   4.41332959e-05
   3.56370674e+02   2.63920345e-04
   3.56371162e+02   1.64045254e-04
   3.56371650e+02   2.39650850e-04
   3.56372139e+02   5.09844394e-04
   3.56372627e+02   6.85594976e-04
   3.56373115e+02   6.61049096e-04
   3.56373604e+02   3.57539568e-04
   3.56374092e+02   3.09203278e-06
   3.56374580e+02  -1.28197848e-04
   3.56375068e+02  -1.40251519e-04
   3.56375557e+02  -4.65587837e-05
   3.56376045e+02  -1.84633594e-04
   3.56376533e+02  -4.81350522e-04
   3.56377022e+02  -4.46373131e-04
   3.56377510e+02  -2.89534946e-04
   3.56377998e+02  -2.32054808e-04
   3.56378487e+02   2.57461623e-04
   3.56378975e+02   5.79270127e-04
   3.56379463e+02   3.02310305e-04
   3.56379952e+02   2.09990845e-04
   3.56380440e+02   5.58489810e-05
   3.56380928e+02  -3.62401537e-04
   3.56381416e+02  -7.79422408e-04
   3.56381905e+02  -7.88510719e-04
   3.56382393e+02  -3.98747681e-04
   3.56382881e+02  -7.49525570e-05
   3.56383370e+02   1.44132297e-04
   3.56383858e+02   2.28596342e-04
   3.56384346e+02   6.23200976e-05
   3.56384835e+02  -5.91557073e-05
   3.56385323e+02   9.29202870e-05
   3.56385811e+02   3.35054683e-05
   3.56386300e+02  -4.25583858e-04
   3.56386788e+02  -4.45587124e-04
   3.56387276e+02   1.15161922e-04
   3.56387764e+02   5.22499904e-04
   3.56388253e+02   2.40975380e-04
   3.56388741e+02  -2.79419473e-04
   3.56389229e+02  -3.13313183e-04
   3.56389718e+02  -1.71278429e-04
   3.56390206e+02  -3.37907026e-04
   3.56390694e+02  -7.48731894e-04
   3.56391183e+02  -6.66116714e-04
   3.56391671e+02  -9.35247881e-05
   3.56392159e+02   3.02217144e-04
   3.56392648e+02   1.84801480e-04
   3.56393136e+02  -1.92119100e-04
   3.56393624e+02  -3.35114950e-04
   3.56394112e+02  -2.54187617e-04
   3.56394601e+02  -1.22157217e-05
   3.56395089e+02  -1.41172175e-04
   3.56395577e+02  -6.63429266e-04
   3.56396066e+02  -5.63357258e-04
   3.56396554e+02  -1.00271263e-05
   3.56397042e+02   1.43475540e-04
   3.56397531e+02  -1.69869192e-04
   3.56398019e+02  -6.55038981e-04
   3.56398507e+02  -7.86195451e-04
   3.56398996e+02  -2.03442745e-04
   3.56399484e+02   4.65959631e-04
   3.56399972e+02   4.98353795e-04
   3.56400460e+02   2.55076535e-04
   3.56400949e+02   1.80880423e-04
   3.56401437e+02   7.09772503e-05
   3.56401925e+02  -5.70727607e-05
   3.56402414e+02  -7.39476454e-05
   3.56402902e+02  -1.98030408e-04
   3.56403390e+02   6.54387986e-05
   3.56403879e+02   7.93739397e-04
   3.56404367e+02   1.77577371e-03
   3.56404855e+02   2.72995629e-03
   3.56405344e+02   3.86389112e-03
   3.56405832e+02   5.02999593e-03
   3.56406320e+02   6.15117745e-03
   3.56406808e+02   7.75811169e-03
   3.56407297e+02   9.58531164e-03
   3.56407785e+02   1.23868622e-02
   3.56408273e+02   1.74063109e-02
   3.56408762e+02   2.24457160e-02
   3.56409250e+02   2.47070286e-02
   3.56409738e+02   2.38032732e-02
   3.56410227e+02   2.21313313e-02
   3.56410715e+02   2.03503817e-02
   3.56411203e+02   1.86265893e-02
   3.56411692e+02   1.66701972e-02
   3.56412180e+02   1.41399475e-02
   3.56412668e+02   1.15982853e-02
   3.56413157e+02   9.59009677e-03
   3.56413645e+02   7.47237494e-03
   3.56414133e+02   5.46650495e-03
   3.56414621e+02   3.64302518e-03
   3.56415110e+02   1.99138629e-03
   3.56415598e+02   8.64461355e-04
   3.56416086e+02   7.65175791e-04
   3.56416575e+02   3.83793144e-04
   3.56417063e+02  -1.38621599e-05
   3.56417551e+02   1.19756711e-04
   3.56418040e+02   6.97434531e-04
   3.56418528e+02   9.93788126e-04
   3.56419016e+02   5.33388869e-04
   3.56419505e+02  -3.22894957e-05
   3.56419993e+02   5.14307394e-05
   3.56420481e+02   1.98640293e-04
   3.56420969e+02   2.12407103e-04
   3.56421458e+02   4.15828865e-04
   3.56421946e+02   3.44265311e-04
   3.56422434e+02   8.27090262e-05
   3.56422923e+02   2.51626552e-05
   3.56423411e+02   1.44859732e-04
   3.56423899e+02   1.76104397e-04
   3.56424388e+02   2.21436771e-04
   3.56424876e+02   3.67794419e-04
   3.56425364e+02   4.50064254e-04
   3.56425853e+02   5.05446398e-04
   3.56426341e+02   6.03777415e-04
   3.56426829e+02   6.46247354e-04
   3.56427317e+02   5.51727193e-04
   3.56427806e+02   3.08472867e-04
   3.56428294e+02   7.40138785e-05
   3.56428782e+02  -3.04079906e-04
   3.56429271e+02  -3.42463842e-04
   3.56429759e+02   7.46644000e-05
   3.56430247e+02   3.97428696e-04
   3.56430736e+02   6.37777557e-04
   3.56431224e+02   6.21665677e-04
   3.56431712e+02   1.24313214e-04
   3.56432201e+02  -3.26752168e-04
   3.56432689e+02  -6.68911307e-05
   3.56433177e+02   1.99295187e-04
   3.56433665e+02   3.65296983e-05
   3.56434154e+02   1.87941623e-04
   3.56434642e+02   2.45586067e-04
   3.56435130e+02  -3.03684210e-04
   3.56435619e+02  -7.32660934e-04
   3.56436107e+02  -7.49469036e-04
   3.56436595e+02  -1.42766439e-04
   3.56437084e+02   8.41193367e-04
   3.56437572e+02   1.17168273e-03
   3.56438060e+02   6.33167685e-04
   3.56438549e+02   1.76159665e-04
   3.56439037e+02   7.05595266e-06
   3.56439525e+02  -7.90814956e-05
   3.56440013e+02   4.31124121e-04
   3.56440502e+02   7.77487585e-04
   3.56440990e+02   3.71988281e-04
   3.56441478e+02   1.67293809e-04
   3.56441967e+02   2.10969782e-04
   3.56442455e+02  -8.23877417e-05
   3.56442943e+02  -3.99037264e-04
   3.56443432e+02  -2.18357411e-04
   3.56443920e+02   1.10567518e-04
   3.56444408e+02   2.83164758e-04
   3.56444897e+02   2.92683078e-04
   3.56445385e+02  -2.36349424e-05
   3.56445873e+02  -5.17058070e-04
   3.56446361e+02  -6.06413581e-04
   3.56446850e+02  -5.23706898e-04
   3.56447338e+02  -5.73066587e-04
   3.56447826e+02  -4.53583780e-04
   3.56448315e+02  -9.41006001e-05
   3.56448803e+02   1.94537628e-04
   3.56449291e+02   2.31654427e-04
   3.56449780e+02   2.91047822e-04
   3.56450268e+02   6.11001858e-04
   3.56450756e+02   6.42706582e-04
   3.56451245e+02  -1.59460251e-04
   3.56451733e+02  -7.75530352e-04
   3.56452221e+02  -3.47207009e-04
   3.56452710e+02   1.03296443e-04
   3.56453198e+02   4.84037373e-05
   3.56453686e+02  -1.64716912e-04
   3.56454174e+02  -1.27529956e-05
   3.56454663e+02   2.49768753e-04
   3.56455151e+02   1.40819233e-04
   3.56455639e+02  -1.65567137e-04
   3.56456128e+02  -3.59865488e-04
   3.56456616e+02  -4.71305364e-04
   3.56457104e+02  -5.00288850e-04
   3.56457593e+02  -2.10983344e-04
   3.56458081e+02  -2.98532163e-04
   3.56458569e+02  -7.02008139e-04
   3.56459058e+02  -3.27457645e-04
   3.56459546e+02   2.82050441e-05
   3.56460034e+02  -3.92642571e-04
   3.56460522e+02  -5.75226906e-04
   3.56461011e+02  -3.87676555e-04
   3.56461499e+02  -2.42465452e-04
   3.56461987e+02  -7.00839228e-05
   3.56462476e+02  -1.95855988e-04
   3.56462964e+02  -2.10395243e-04
   3.56463452e+02   1.87773912e-04
   3.56463941e+02   3.93758353e-04
   3.56464429e+02   2.51553225e-04
   3.56464917e+02   7.90009872e-05
   3.56465406e+02  -1.84378529e-04
   3.56465894e+02  -3.90472444e-04
   3.56466382e+02  -4.06783220e-05
   3.56466870e+02   1.72699089e-04
   3.56467359e+02  -7.60394614e-05
   3.56467847e+02  -1.26316154e-04
   3.56468335e+02  -2.09215868e-04
   3.56468824e+02  -3.05976864e-04
   3.56469312e+02  -2.34669878e-05
   3.56469800e+02   3.72764713e-04
   3.56470289e+02   6.84396015e-04
   3.56470777e+02   7.71071704e-04
   3.56471265e+02   4.96428809e-04
   3.56471754e+02   9.34093987e-05
   3.56472242e+02   2.14849642e-04
   3.56472730e+02   7.43434241e-04
   3.56473218e+02   8.01639049e-04
   3.56473707e+02   1.68283383e-04
   3.56474195e+02  -5.76786930e-04
   3.56474683e+02  -8.87437782e-04
   3.56475172e+02  -6.46663306e-04
   3.56475660e+02  -2.80518609e-04
   3.56476148e+02   1.07335745e-05
   3.56476637e+02   6.50185320e-05
   3.56477125e+02  -1.03774524e-04
   3.56477613e+02  -1.45157814e-04
   3.56478102e+02  -9.15534183e-05
   3.56478590e+02  -2.77347106e-04
   3.56479078e+02  -4.91125800e-04
   3.56479566e+02  -3.89136403e-04
   3.56480055e+02  -2.61276000e-05
   3.56480543e+02   3.84918705e-04
   3.56481031e+02   4.77984810e-04
   3.56481520e+02   2.22971372e-04
   3.56482008e+02  -9.00680971e-05
   3.56482496e+02  -2.35587315e-04
   3.56482985e+02  -2.40551439e-04
   3.56483473e+02  -1.59523202e-04
   3.56483961e+02  -6.11697396e-05
   3.56484450e+02   8.10446509e-05
   3.56484938e+02   3.58092220e-04
   3.56485426e+02   4.83868120e-04
   3.56485914e+02   9.84969593e-05
   3.56486403e+02  -2.29827347e-04
   3.56486891e+02   4.56517810e-05
   3.56487379e+02   2.28067147e-04
   3.56487868e+02   1.67916165e-04
   3.56488356e+02   1.48462859e-04
   3.56488844e+02  -6.06241838e-06
   3.56489333e+02  -2.43910021e-04
   3.56489821e+02  -2.95573496e-04
   3.56490309e+02   3.24285007e-04
   3.56490798e+02   6.70293986e-04
   3.56491286e+02   6.28391514e-04
   3.56491774e+02   4.49856772e-04
   3.56492263e+02   2.27309807e-04
   3.56492751e+02  -6.92154645e-05
   3.56493239e+02  -1.03457300e-04
   3.56493727e+02   8.92578464e-05
   3.56494216e+02   1.37930183e-04
   3.56494704e+02   7.40956020e-05
   3.56495192e+02   1.95064960e-04
   3.56495681e+02   2.77021842e-04
   3.56496169e+02   5.97743667e-04
   3.56496657e+02   1.04159897e-03
   3.56497146e+02   7.11218745e-04
   3.56497634e+02  -1.53204761e-04
   3.56498122e+02  -7.10358087e-04
   3.56498611e+02  -5.32267732e-04
   3.56499099e+02  -1.53476445e-04
   3.56499587e+02  -1.84521748e-04
   3.56500075e+02  -2.35583590e-04
   3.56500564e+02  -4.42533155e-06
   3.56501052e+02   4.07687097e-04
   3.56501540e+02   5.48930431e-04
   3.56502029e+02   1.02740421e-04
   3.56502517e+02  -3.08092305e-04
   3.56503005e+02  -2.80997367e-04
   3.56503494e+02  -5.95720012e-05
   3.56503982e+02   1.91910047e-04
   3.56504470e+02   2.16091779e-04
   3.56504959e+02   4.74453882e-05
   3.56505447e+02   2.04943790e-05
   3.56505935e+02  -1.06024534e-04
   3.56506423e+02  -2.32432125e-04
   3.56506912e+02   1.74975081e-04
   3.56507400e+02   5.75978949e-04
   3.56507888e+02   5.11174323e-04
   3.56508377e+02   3.64282576e-04
   3.56508865e+02   2.21211376e-04
   3.56509353e+02   1.85045588e-04
   3.56509842e+02   3.31480434e-04
   3.56510330e+02   3.45985376e-04
   3.56510818e+02   7.19043510e-06
   3.56511307e+02  -3.22646461e-04
   3.56511795e+02  -3.96920834e-04
   3.56512283e+02  -3.85929452e-04
   3.56512771e+02  -9.49327514e-05
   3.56513260e+02   1.31540161e-04
   3.56513748e+02   2.90287135e-04
   3.56514236e+02   6.91880472e-04
   3.56514725e+02   9.14974138e-04
   3.56515213e+02   4.41300275e-04
   3.56515701e+02   2.49091263e-05
   3.56516190e+02  -1.05883628e-04
   3.56516678e+02  -2.33515762e-04
   3.56517166e+02  -1.18465774e-04
   3.56517655e+02   1.39125914e-04
   3.56518143e+02   7.78087124e-05
   3.56518631e+02  -1.43308673e-04
   3.56519119e+02  -1.86035031e-04
   3.56519608e+02  -1.54231122e-04
   3.56520096e+02  -1.60698808e-04
   3.56520584e+02  -4.42802353e-04
   3.56521073e+02  -5.16718894e-04
   3.56521561e+02  -1.79626819e-04
   3.56522049e+02   1.92190491e-05
   3.56522538e+02   2.25943397e-04
   3.56523026e+02   5.01764938e-04
   3.56523514e+02   1.40839809e-04
   3.56524003e+02  -5.17491251e-04
   3.56524491e+02  -3.58442252e-04
   3.56524979e+02   2.81742832e-04
   3.56525467e+02   4.36134898e-04
   3.56525956e+02   4.95131884e-04
   3.56526444e+02   8.83889617e-04
   3.56526932e+02   1.03936775e-03
   3.56527421e+02   8.12268525e-04
   3.56527909e+02   5.12986793e-04
   3.56528397e+02  -2.32808816e-04
   3.56528886e+02  -9.16220015e-04
   3.56529374e+02  -6.08206901e-04
   3.56529862e+02  -2.50775251e-04
   3.56530351e+02  -1.15964089e-04
   3.56530839e+02   2.45570729e-04
   3.56531327e+02   4.04088758e-04
   3.56531816e+02   2.48599914e-04
   3.56532304e+02   6.08818664e-06
   3.56532792e+02  -3.97958036e-04
   3.56533280e+02  -5.72729390e-04
   3.56533769e+02  -1.63398829e-04
   3.56534257e+02   2.75145663e-04
   3.56534745e+02   1.88383798e-04
   3.56535234e+02  -1.99594040e-04
   3.56535722e+02  -2.29760888e-04
   3.56536210e+02   5.28519377e-05
   3.56536699e+02   1.79084513e-04
   3.56537187e+02  -5.87857903e-05
   3.56537675e+02  -2.73429730e-04
   3.56538164e+02  -4.37168273e-05
   3.56538652e+02   1.60998476e-04
   3.56539140e+02  -3.51800154e-05
   3.56539628e+02  -1.38147865e-04
   3.56540117e+02  -1.11905378e-04
   3.56540605e+02  -1.98033595e-04
   3.56541093e+02  -2.05896955e-04
   3.56541582e+02  -2.03301839e-04
   3.56542070e+02  -2.38897817e-04
   3.56542558e+02  -1.75526962e-04
   3.56543047e+02  -5.78870822e-05
   3.56543535e+02  -4.49132822e-05
   3.56544023e+02   1.23750011e-04
   3.56544512e+02   3.81271762e-04
   3.56545000e+02   1.58019888e-04
   3.56545488e+02  -2.16585860e-04
   3.56545976e+02  -1.77878319e-04
   3.56546465e+02   6.42750165e-05
   3.56546953e+02   4.21244767e-05
   3.56547441e+02  -3.56486125e-04
   3.56547930e+02  -6.93095441e-04
   3.56548418e+02  -6.45095541e-04
   3.56548906e+02  -2.12427156e-04
   3.56549395e+02   6.43147941e-05
   3.56549883e+02  -1.22038582e-04
   3.56550371e+02  -3.13353667e-04
   3.56550860e+02  -2.48825003e-04
   3.56551348e+02  -3.71569826e-04
   3.56551836e+02  -2.64337374e-04
   3.56552324e+02  -1.33478796e-04
   3.56552813e+02  -5.12765080e-04
   3.56553301e+02  -6.14846591e-04
   3.56553789e+02  -3.97858646e-04
   3.56554278e+02  -3.75743897e-04
   3.56554766e+02  -1.38454619e-04
   3.56555254e+02  -1.25608756e-04
   3.56555743e+02  -5.30570804e-04
   3.56556231e+02  -4.24517610e-04
   3.56556719e+02   1.60603086e-04
   3.56557208e+02   2.71872181e-04
   3.56557696e+02  -1.41825789e-04
   3.56558184e+02   3.30427283e-05
   3.56558672e+02   4.60538751e-04
   3.56559161e+02   3.04995105e-04
   3.56559649e+02  -4.12500667e-05
   3.56560137e+02  -1.66288592e-04
   3.56560626e+02  -2.01262024e-04
   3.56561114e+02  -6.22291627e-05
   3.56561602e+02   1.35690963e-04
   3.56562091e+02   2.79084168e-04
   3.56562579e+02   4.92615451e-04
   3.56563067e+02   4.47353697e-04
   3.56563556e+02   1.76988033e-04
   3.56564044e+02  -2.05906417e-05
   3.56564532e+02  -4.41392913e-04
   3.56565020e+02  -1.01154286e-03
   3.56565509e+02  -1.12727308e-03
   3.56565997e+02  -6.54047471e-04
   3.56566485e+02  -2.56633677e-04
   3.56566974e+02   3.73977731e-04
   3.56567462e+02   1.03846972e-03
   3.56567950e+02   6.51631155e-04
   3.56568439e+02   1.29940890e-04
   3.56568927e+02   1.64702054e-04
   3.56569415e+02  -8.26279575e-05
   3.56569904e+02  -3.43722408e-04
   3.56570392e+02  -5.73387515e-05
   3.56570880e+02   1.02215927e-04
   3.56571369e+02   1.70832296e-04
   3.56571857e+02   2.05358185e-04
   3.56572345e+02   5.28533856e-05
   3.56572833e+02   1.07955238e-04
   3.56573322e+02   1.37936557e-04
   3.56573810e+02  -6.74067196e-05
   3.56574298e+02   3.34103497e-05
   3.56574787e+02   1.69470077e-04
   3.56575275e+02  -2.05297561e-04
   3.56575763e+02  -5.50078752e-04
   3.56576252e+02  -3.95947805e-04
   3.56576740e+02  -5.41865702e-05
   3.56577228e+02   2.92193236e-05
   3.56577717e+02  -8.80238804e-05
   3.56578205e+02  -1.96426321e-04
   3.56578693e+02  -4.39762429e-04
   3.56579181e+02  -6.20983599e-04
   3.56579670e+02  -4.94460633e-04
   3.56580158e+02  -2.34030202e-04
   3.56580646e+02  -6.20995779e-05
   3.56581135e+02  -1.25433085e-04
   3.56581623e+02  -8.46966068e-05
   3.56582111e+02   1.04511782e-04
   3.56582600e+02   1.23739723e-04
   3.56583088e+02   5.70480370e-05
   3.56583576e+02  -1.20922370e-04
   3.56584065e+02  -1.57348433e-04
   3.56584553e+02   6.26502151e-05
   3.56585041e+02  -5.07799959e-05
   3.56585529e+02  -5.09415055e-04
   3.56586018e+02  -5.42163034e-04
   3.56586506e+02   1.67940664e-06
   3.56586994e+02   3.96785792e-04
   3.56587483e+02   3.95937386e-04
   3.56587971e+02   1.52540611e-04
   3.56588459e+02  -1.74906047e-04
   3.56588948e+02  -2.52826023e-04
   3.56589436e+02   1.03497587e-05
   3.56589924e+02   1.70862317e-04
   3.56590413e+02   2.99488194e-04
   3.56590901e+02   3.70530586e-04
   3.56591389e+02   1.67060382e-04
   3.56591877e+02  -9.20209932e-05
   3.56592366e+02  -3.92597780e-04
   3.56592854e+02  -4.44989186e-04
   3.56593342e+02   1.27086719e-06
   3.56593831e+02   2.97183404e-04
   3.56594319e+02   1.54903595e-04
   3.56594807e+02   2.73672831e-05
   3.56595296e+02   1.25364473e-04
   3.56595784e+02   2.45533069e-04
   3.56596272e+02   2.60795176e-04
   3.56596761e+02   3.12394608e-04
   3.56597249e+02   3.17431404e-04
   3.56597737e+02  -5.24404859e-05
   3.56598225e+02  -4.88457736e-04
   3.56598714e+02  -6.27400004e-04
   3.56599202e+02  -5.91807882e-04
   3.56599690e+02  -4.88348654e-04
   3.56600179e+02  -4.34568559e-04
   3.56600667e+02  -2.97596504e-04
   3.56601155e+02   9.38604935e-05
   3.56601644e+02   6.26634806e-04
   3.56602132e+02   7.95571541e-04
   3.56602620e+02   5.47239790e-04
   3.56603109e+02   3.26514390e-04
   3.56603597e+02   3.28824943e-04
   3.56604085e+02   2.74063204e-04
   3.56604573e+02   1.29863751e-04
   3.56605062e+02   1.17787160e-04
   3.56605550e+02  -2.03767238e-04
   3.56606038e+02  -4.38080257e-04
   3.56606527e+02  -1.71530119e-04
   3.56607015e+02  -7.96424411e-06
   3.56607503e+02  -1.28473359e-04
   3.56607992e+02   9.71355985e-05
   3.56608480e+02  -1.68385886e-04
   3.56608968e+02  -3.32134514e-04
   3.56609457e+02   8.37037369e-05
   3.56609945e+02   3.65373708e-04
   3.56610433e+02   2.37691900e-04
   3.56610922e+02   2.33120343e-04
   3.56611410e+02   1.41078315e-04
   3.56611898e+02  -4.05277315e-05
   3.56612386e+02   7.78704052e-05
   3.56612875e+02   2.09555452e-04
   3.56613363e+02  -1.38338743e-04
   3.56613851e+02  -5.54297469e-04
   3.56614340e+02  -5.17349807e-04
   3.56614828e+02  -3.89990513e-04
   3.56615316e+02  -4.16542200e-04
   3.56615805e+02  -1.79112452e-04
   3.56616293e+02  -7.21810429e-05
   3.56616781e+02  -2.85658083e-04
   3.56617270e+02  -3.76605691e-04
   3.56617758e+02  -4.08031279e-04
   3.56618246e+02  -3.73212824e-04
   3.56618734e+02  -4.57759343e-05
   3.56619223e+02   3.37418664e-04
   3.56619711e+02   4.59940347e-04
   3.56620199e+02   4.81398893e-04
   3.56620688e+02   5.67689131e-04
   3.56621176e+02   6.14784716e-04
   3.56621664e+02   4.64121782e-04
   3.56622153e+02   1.34123562e-04
   3.56622641e+02   8.08484183e-05
   3.56623129e+02   2.60000757e-04
   3.56623618e+02   3.62712890e-04
   3.56624106e+02   3.86385684e-04
   3.56624594e+02   2.12838859e-04
   3.56625082e+02   1.16327217e-04
   3.56625571e+02   2.71700119e-04
   3.56626059e+02   3.30836308e-04
   3.56626547e+02   3.11989337e-04
   3.56627036e+02   1.79722803e-04
   3.56627524e+02  -3.32068594e-04
   3.56628012e+02  -7.93516228e-04
   3.56628501e+02  -7.26379221e-04
   3.56628989e+02  -5.16145490e-04
   3.56629477e+02  -2.67716969e-04
   3.56629966e+02   1.66504251e-04
   3.56630454e+02   2.00148541e-04
   3.56630942e+02  -1.09201414e-04
   3.56631430e+02   3.93481969e-05
   3.56631919e+02   4.72749671e-04
   3.56632407e+02   3.87320790e-04
   3.56632895e+02   2.37055516e-04
   3.56633384e+02   2.42082242e-04
   3.56633872e+02   2.02538547e-04
   3.56634360e+02   2.27726094e-04
   3.56634849e+02   3.55280848e-04
   3.56635337e+02   5.60596993e-04
   3.56635825e+02   2.65476905e-04
   3.56636314e+02  -2.97010964e-04
   3.56636802e+02  -3.48986738e-04
   3.56637290e+02  -9.58920646e-05
   3.56637778e+02   3.25736692e-05
   3.56638267e+02  -2.08103665e-04
   3.56638755e+02  -3.57670942e-04
   3.56639243e+02  -1.82104108e-04
   3.56639732e+02  -1.89940212e-04
   3.56640220e+02  -3.50928662e-04
   3.56640708e+02  -1.90447900e-04
   3.56641197e+02   8.48113905e-06
   3.56641685e+02   1.58077353e-04
   3.56642173e+02   4.55543952e-04
   3.56642662e+02   3.77455057e-04
   3.56643150e+02  -6.67235727e-05
   3.56643638e+02  -1.55097558e-04
   3.56644126e+02   6.22333318e-05
   3.56644615e+02   1.73285414e-04
   3.56645103e+02   2.96743819e-04
   3.56645591e+02   4.08523803e-04
   3.56646080e+02   1.59662508e-04
   3.56646568e+02  -2.30374426e-04
   3.56647056e+02  -2.99442472e-04
   3.56647545e+02   8.10439888e-05
   3.56648033e+02   2.64634145e-04
   3.56648521e+02   1.61891745e-04
   3.56649010e+02   4.77826427e-04
   3.56649498e+02   7.72035855e-04
   3.56649986e+02   5.87776944e-04
   3.56650475e+02   3.63286759e-04
   3.56650963e+02   3.00570566e-04
   3.56651451e+02   4.20110533e-04
   3.56651939e+02   7.05939543e-04
   3.56652428e+02   6.68905268e-04
   3.56652916e+02   3.92716087e-04
   3.56653404e+02   2.80810753e-04
   3.56653893e+02   1.68039041e-04
   3.56654381e+02   1.83784621e-04
   3.56654869e+02   1.71871332e-04
   3.56655358e+02  -4.03106707e-04
   3.56655846e+02  -7.37133436e-04
   3.56656334e+02  -3.20178195e-04
   3.56656823e+02   1.91944026e-04
   3.56657311e+02   3.35901219e-04
   3.56657799e+02   1.74918183e-04
   3.56658287e+02   2.34097519e-04
   3.56658776e+02   2.49965960e-04
   3.56659264e+02  -3.19589424e-04
   3.56659752e+02  -7.54678505e-04
   3.56660241e+02  -6.33013318e-04
   3.56660729e+02  -3.16765567e-04
   3.56661217e+02   1.00004749e-04
   3.56661706e+02   2.98416009e-04
   3.56662194e+02   7.59643954e-05
   3.56662682e+02   1.30660665e-05
   3.56663171e+02   1.40529039e-04
   3.56663659e+02   2.29275407e-04
   3.56664147e+02   2.91252829e-04
   3.56664635e+02   3.51550494e-04
   3.56665124e+02   2.07706311e-04
   3.56665612e+02   2.05755656e-04
   3.56666100e+02   2.69637967e-04
   3.56666589e+02  -2.65033013e-04
   3.56667077e+02  -6.62984094e-04
   3.56667565e+02  -3.08098359e-04
   3.56668054e+02   7.42400589e-05
   3.56668542e+02   7.97483153e-05
   3.56669030e+02   1.23999940e-04
   3.56669519e+02   4.05194558e-04
   3.56670007e+02   6.77363714e-04
   3.56670495e+02   7.51945889e-04
   3.56670983e+02   6.99990836e-04
   3.56671472e+02   5.98645420e-04
   3.56671960e+02   2.21863462e-04
   3.56672448e+02   7.62217678e-05
   3.56672937e+02   2.81905173e-04
   3.56673425e+02   1.39834970e-04
   3.56673913e+02  -2.96857288e-05
   3.56674402e+02  -9.14867996e-05
   3.56674890e+02  -6.54600852e-04
   3.56675378e+02  -1.07982580e-03
   3.56675867e+02  -8.14652187e-04
   3.56676355e+02  -5.71146666e-04
   3.56676843e+02  -7.82523362e-04
   3.56677331e+02  -8.51245248e-04
   3.56677820e+02  -5.86323265e-04
   3.56678308e+02  -5.48542826e-04
   3.56678796e+02  -6.41115941e-04
   3.56679285e+02  -2.89496413e-04
   3.56679773e+02   1.31236753e-04
   3.56680261e+02   1.37469586e-04
   3.56680750e+02   2.73409878e-05
   3.56681238e+02   2.93527410e-05
   3.56681726e+02   1.35920665e-04
   3.56682215e+02   3.21592524e-04
   3.56682703e+02   3.02978326e-04
   3.56683191e+02  -3.05647409e-05
   3.56683679e+02  -3.34338896e-04
   3.56684168e+02  -3.56522418e-04
   3.56684656e+02  -3.96197749e-04
   3.56685144e+02  -6.13744953e-04
   3.56685633e+02  -9.62298363e-04
   3.56686121e+02  -1.05968898e-03
   3.56686609e+02  -9.58277786e-04
   3.56687098e+02  -7.74370914e-04
   3.56687586e+02  -4.82016214e-04
   3.56688074e+02  -2.99485138e-04
   3.56688563e+02  -2.36626329e-05
   3.56689051e+02   1.66653786e-04
   3.56689539e+02  -8.11581849e-05
   3.56690028e+02  -3.95344861e-04
   3.56690516e+02  -4.07094718e-04
   3.56691004e+02  -2.12645711e-04
   3.56691492e+02   1.09323089e-04
   3.56691981e+02   3.64016538e-04
   3.56692469e+02   5.43325092e-04
   3.56692957e+02   6.10625546e-04
   3.56693446e+02   5.40693407e-04
   3.56693934e+02   6.53365743e-04
   3.56694422e+02   4.73080843e-04
   3.56694911e+02  -2.34045496e-04
   3.56695399e+02  -5.40850859e-04
   3.56695887e+02  -3.11121054e-04
   3.56696376e+02  -1.29016815e-04
   3.56696864e+02  -1.90968392e-04
   3.56697352e+02  -2.81576184e-04
   3.56697840e+02  -1.11397130e-04
   3.56698329e+02   2.92069075e-04
   3.56698817e+02   5.95265417e-04
   3.56699305e+02   5.79574320e-04
   3.56699794e+02   3.23696091e-04
   3.56700282e+02   3.35046388e-05
   3.56700770e+02  -1.94128486e-04
   3.56701259e+02  -6.56449236e-04
   3.56701747e+02  -1.09060481e-03
   3.56702235e+02  -1.06653641e-03
   3.56702724e+02  -5.93489734e-04
   3.56703212e+02  -1.24052749e-04
   3.56703700e+02   2.76845269e-04
   3.56704188e+02   8.12765502e-04
   3.56704677e+02   6.93491835e-04
   3.56705165e+02   5.32086597e-05
   3.56705653e+02  -3.08888084e-05
   3.56706142e+02   1.36552670e-04
   3.56706630e+02   3.27683782e-04
   3.56707118e+02   3.32491007e-04
   3.56707607e+02  -1.46563485e-04
   3.56708095e+02  -4.25503589e-04
   3.56708583e+02  -4.69878316e-04
   3.56709072e+02  -4.52444801e-04
   3.56709560e+02  -4.82540985e-04
   3.56710048e+02  -4.01921250e-04
   3.56710536e+02   6.20107749e-05
   3.56711025e+02   3.51371564e-05
   3.56711513e+02  -4.25799808e-04
   3.56712001e+02  -4.30980173e-04
   3.56712490e+02  -2.42594964e-04
   3.56712978e+02   6.38954152e-05
   3.56713466e+02   5.45177318e-04
   3.56713955e+02   6.66635693e-04
   3.56714443e+02   3.67893168e-04
   3.56714931e+02   9.32450930e-05
   3.56715420e+02  -5.87988470e-05
   3.56715908e+02  -1.28534288e-04
   3.56716396e+02  -1.39703712e-04
   3.56716884e+02  -1.86802790e-05
   3.56717373e+02   1.21753401e-04
   3.56717861e+02   1.38012561e-04
   3.56718349e+02   8.52102967e-05
   3.56718838e+02  -2.76494684e-04
   3.56719326e+02  -5.77947183e-04
   3.56719814e+02  -6.47942652e-04
   3.56720303e+02  -7.69956212e-04
   3.56720791e+02  -6.43543608e-04
   3.56721279e+02  -2.32348742e-04
   3.56721768e+02   1.54893176e-04
   3.56722256e+02   2.79201719e-04
   3.56722744e+02   6.68619905e-05
   3.56723232e+02  -1.33653608e-04
   3.56723721e+02   1.88234219e-04
   3.56724209e+02   4.95615357e-04
   3.56724697e+02   2.78767489e-04
   3.56725186e+02  -1.65529229e-04
   3.56725674e+02   4.21726945e-05
   3.56726162e+02   4.31784400e-04
   3.56726651e+02   5.64907095e-04
   3.56727139e+02   4.47316765e-04
   3.56727627e+02  -1.27977517e-04
   3.56728116e+02  -6.49791036e-04
   3.56728604e+02  -6.99822151e-04
   3.56729092e+02  -8.05141113e-04
   3.56729581e+02  -8.67745082e-04
   3.56730069e+02  -2.70195102e-04
   3.56730557e+02   3.71730945e-04
   3.56731045e+02   1.51330038e-04
   3.56731534e+02  -2.54220446e-04
   3.56732022e+02  -1.69920619e-04
   3.56732510e+02   7.65004952e-05
   3.56732999e+02   3.22088192e-04
   3.56733487e+02   3.73017625e-04
   3.56733975e+02   1.21279489e-04
   3.56734464e+02   4.71053208e-05
   3.56734952e+02   3.23645712e-04
   3.56735440e+02   3.18372826e-04
   3.56735929e+02   1.77600086e-04
   3.56736417e+02   2.35189698e-04
   3.56736905e+02   4.92529303e-04
   3.56737393e+02   6.62259175e-04
   3.56737882e+02   2.84249923e-04
   3.56738370e+02  -2.70646415e-04
   3.56738858e+02  -3.28233815e-04
   3.56739347e+02   2.00589202e-05
   3.56739835e+02  -9.28625232e-05
   3.56740323e+02  -3.47797526e-04
   3.56740812e+02   1.26230123e-04
   3.56741300e+02   3.50697810e-04
   3.56741788e+02  -2.19128749e-04
   3.56742277e+02  -4.40978270e-04
   3.56742765e+02  -3.87701075e-05
   3.56743253e+02   4.67522768e-04
   3.56743741e+02   5.16697473e-04
   3.56744230e+02   3.66994878e-04
   3.56744718e+02   1.20440251e-04
   3.56745206e+02  -2.84616661e-04
   3.56745695e+02  -1.79494527e-04
   3.56746183e+02   3.76256066e-04
   3.56746671e+02   6.98522781e-04
   3.56747160e+02   7.71232822e-04
   3.56747648e+02   5.82353096e-04
   3.56748136e+02   2.12963118e-04
   3.56748625e+02   1.89809798e-04
   3.56749113e+02   3.12316057e-04
   3.56749601e+02  -1.62937926e-04
   3.56750089e+02  -6.63855870e-04
   3.56750578e+02  -5.15142747e-04
   3.56751066e+02  -7.92034407e-05
   3.56751554e+02   4.83816722e-04
   3.56752043e+02   8.39348882e-04
   3.56752531e+02   7.52383610e-04
   3.56753019e+02   5.93117496e-04
   3.56753508e+02   3.51696741e-04
   3.56753996e+02   2.91932029e-05
   3.56754484e+02  -2.01395349e-04
   3.56754973e+02  -1.82322910e-04
   3.56755461e+02   4.10138418e-05
   3.56755949e+02   4.00057965e-04
   3.56756437e+02   6.27430272e-04
   3.56756926e+02   9.74484574e-05
   3.56757414e+02  -6.24815468e-04
   3.56757902e+02  -8.74746765e-04
   3.56758391e+02  -7.09981716e-04
   3.56758879e+02  -1.70472442e-04
   3.56759367e+02   1.56179027e-04
   3.56759856e+02  -8.83753164e-05
   3.56760344e+02  -3.97534925e-04
   3.56760832e+02  -4.58054274e-04
   3.56761321e+02  -5.39528206e-04
   3.56761809e+02  -8.28966266e-04
   3.56762297e+02  -9.68494860e-04
   3.56762785e+02  -5.41844231e-04
   3.56763274e+02   2.90772969e-05
   3.56763762e+02   1.16461793e-04
   3.56764250e+02  -1.39047261e-04
   3.56764739e+02  -1.96300956e-04
   3.56765227e+02  -1.49912608e-04
   3.56765715e+02  -1.54447713e-04
   3.56766204e+02   1.24375278e-04
   3.56766692e+02   5.29326731e-04
   3.56767180e+02   8.65993148e-04
   3.56767669e+02   1.01760391e-03
   3.56768157e+02   8.96732381e-04
   3.56768645e+02   4.96054650e-04
   3.56769134e+02   4.04968841e-06
   3.56769622e+02   4.88509213e-05
   3.56770110e+02   3.22868989e-04
   3.56770598e+02   2.94027617e-04
   3.56771087e+02  -2.05178712e-05
   3.56771575e+02  -6.88250584e-04
   3.56772063e+02  -8.10625963e-04
   3.56772552e+02  -1.98960930e-04
   3.56773040e+02   4.75276793e-05
   3.56773528e+02  -6.81916754e-06
   3.56774017e+02  -7.22390541e-05
   3.56774505e+02  -5.14561289e-05
   3.56774993e+02  -2.85138722e-05
   3.56775482e+02  -2.31052516e-04
   3.56775970e+02  -1.99805479e-04
   3.56776458e+02   8.61771478e-05
   3.56776946e+02   2.76291888e-04
   3.56777435e+02   1.01645383e-04
   3.56777923e+02  -3.31878458e-04
   3.56778411e+02  -2.92186218e-04
   3.56778900e+02   3.39798862e-05
   3.56779388e+02   1.31649445e-04
   3.56779876e+02   5.90619093e-05
   3.56780365e+02  -2.99530191e-04
   3.56780853e+02  -7.76929315e-04
   3.56781341e+02  -7.54848297e-04
   3.56781830e+02  -3.14625999e-04
   3.56782318e+02   7.01022145e-05
   3.56782806e+02   1.75277470e-04
   3.56783294e+02  -5.61183078e-05
   3.56783783e+02  -2.52743484e-04
   3.56784271e+02  -2.67433963e-04
   3.56784759e+02   3.44525251e-05
   3.56785248e+02   1.24930521e-04
   3.56785736e+02  -2.51190038e-04
   3.56786224e+02  -4.69497696e-04
   3.56786713e+02  -4.50387772e-04
   3.56787201e+02  -1.07536776e-04
   3.56787689e+02   4.89670259e-04
   3.56788178e+02   5.25073789e-04
   3.56788666e+02   1.79878276e-04
   3.56789154e+02   2.99246440e-05
   3.56789642e+02   1.67395789e-04
   3.56790131e+02   5.89005009e-04
   3.56790619e+02   7.73701177e-04
   3.56791107e+02   4.89754893e-04
   3.56791596e+02   2.39496949e-04
   3.56792084e+02   2.31086771e-04
   3.56792572e+02   1.62180353e-04
   3.56793061e+02  -3.12508091e-05
   3.56793549e+02   2.25797106e-04
   3.56794037e+02   8.12617014e-04
   3.56794526e+02   6.23509171e-04
   3.56795014e+02  -2.49768462e-04
   3.56795502e+02  -4.23965539e-04
   3.56795990e+02   1.44169127e-04
   3.56796479e+02   4.23890509e-04
   3.56796967e+02   1.57194067e-04
   3.56797455e+02  -9.28286827e-05
   3.56797944e+02  -4.55095324e-05
   3.56798432e+02  -2.11937353e-04
   3.56798920e+02  -4.48652747e-04
   3.56799409e+02  -5.26232645e-04
   3.56799897e+02  -6.49213151e-04
   3.56800385e+02  -5.57663676e-04
   3.56800874e+02  -5.50427008e-04
   3.56801362e+02  -9.30484443e-04
   3.56801850e+02  -9.33988311e-04
   3.56802338e+02  -5.68462769e-04
   3.56802827e+02  -2.81307963e-04
   3.56803315e+02   1.75685986e-04
   3.56803803e+02   3.58986406e-04
   3.56804292e+02   6.77941862e-05
   3.56804780e+02   1.11934642e-05
   3.56805268e+02  -1.29440392e-04
   3.56805757e+02  -6.19505008e-04
   3.56806245e+02  -1.02565123e-03
   3.56806733e+02  -7.52596476e-04
   3.56807222e+02  -4.15493669e-05
   3.56807710e+02   4.05597995e-04
   3.56808198e+02   7.34145578e-04
   3.56808687e+02   7.03701749e-04
   3.56809175e+02   1.85160301e-04
   3.56809663e+02  -1.52790235e-04
   3.56810151e+02  -2.32940685e-04
   3.56810640e+02   1.06637803e-04
   3.56811128e+02   7.83678959e-04
   3.56811616e+02   9.26935463e-04
   3.56812105e+02   5.48653537e-04
   3.56812593e+02   2.37998218e-04
   3.56813081e+02   7.82647403e-05
   3.56813570e+02   6.80194498e-05
   3.56814058e+02   6.83012768e-05
   3.56814546e+02   8.83476096e-05
   3.56815035e+02   2.71998986e-04
   3.56815523e+02   1.83916534e-04
   3.56816011e+02   2.11463939e-05
   3.56816499e+02   1.53538800e-04
   3.56816988e+02   1.65133170e-04
   3.56817476e+02  -1.73191453e-04
   3.56817964e+02  -3.39494174e-04
   3.56818453e+02  -1.13986891e-04
   3.56818941e+02   1.29823005e-04
   3.56819429e+02   1.05140723e-04
   3.56819918e+02   1.56610608e-04
   3.56820406e+02   3.32025083e-04
   3.56820894e+02   2.92392040e-04
   3.56821383e+02  -1.07467731e-05
   3.56821871e+02  -1.14116461e-04
   3.56822359e+02   2.53282720e-04
   3.56822847e+02   5.12282422e-04
   3.56823336e+02   2.93855381e-04
   3.56823824e+02  -5.84727895e-05
   3.56824312e+02  -3.17615486e-04
   3.56824801e+02  -4.49427433e-04
   3.56825289e+02  -2.42408802e-04
   3.56825777e+02  -1.02643353e-05
   3.56826266e+02  -5.86562674e-05
   3.56826754e+02  -4.40388030e-05
   3.56827242e+02   2.32891507e-05
   3.56827731e+02  -1.35752805e-06
   3.56828219e+02  -1.34774775e-04
   3.56828707e+02  -6.26124383e-04
   3.56829195e+02  -9.21033963e-04
   3.56829684e+02  -6.81930571e-04
   3.56830172e+02  -4.21553006e-04
   3.56830660e+02  -2.03893404e-04
   3.56831149e+02   4.42201854e-05
   3.56831637e+02   2.52519763e-04
   3.56832125e+02   1.57830989e-04
   3.56832614e+02  -3.27273912e-04
   3.56833102e+02  -1.82650459e-04
   3.56833590e+02   5.53557882e-04
   3.56834079e+02   5.45644725e-04
   3.56834567e+02  -8.32390579e-05
   3.56835055e+02  -3.74488678e-04
   3.56835543e+02  -2.43141418e-04
   3.56836032e+02  -3.23470158e-04
   3.56836520e+02  -5.58384694e-04
   3.56837008e+02  -3.15418962e-04
   3.56837497e+02  -5.87659815e-05
   3.56837985e+02  -1.20400779e-04
   3.56838473e+02   5.78927529e-06
   3.56838962e+02   3.05044468e-05
   3.56839450e+02  -2.42839043e-04
   3.56839938e+02  -4.27247462e-04
   3.56840427e+02  -2.66408490e-04
   3.56840915e+02   2.59164692e-04
   3.56841403e+02   3.44479631e-04
   3.56841891e+02   4.74126464e-05
   3.56842380e+02   1.99654067e-04
   3.56842868e+02   2.21439012e-04
   3.56843356e+02   3.43338790e-04
   3.56843845e+02   2.05363933e-04
   3.56844333e+02  -2.40501715e-04
   3.56844821e+02  -2.81848334e-04
   3.56845310e+02  -5.74757287e-05
   3.56845798e+02   5.45605726e-05
   3.56846286e+02  -3.75224454e-06
   3.56846775e+02  -1.60077543e-04
   3.56847263e+02  -4.90936160e-04
   3.56847751e+02  -4.80056420e-04
   3.56848240e+02  -8.57204213e-05
   3.56848728e+02  -8.16008833e-05
   3.56849216e+02  -6.07430557e-05
   3.56849704e+02   2.05866163e-04
   3.56850193e+02   3.43929307e-04
   3.56850681e+02   3.58753197e-04
   3.56851169e+02   1.13060087e-04
   3.56851658e+02  -4.18698473e-04
   3.56852146e+02  -5.48323267e-04
   3.56852634e+02  -9.70041074e-05
   3.56853123e+02   5.31821170e-05
   3.56853611e+02  -5.24873758e-05
   3.56854099e+02  -2.54024053e-04
   3.56854588e+02  -4.23339865e-04
   3.56855076e+02  -5.69874304e-04
   3.56855564e+02  -7.70797662e-04
   3.56856052e+02  -6.92249509e-04
   3.56856541e+02  -3.86361877e-04
   3.56857029e+02   2.72867123e-06
   3.56857517e+02   3.48339032e-04
   3.56858006e+02   7.40865362e-04
   3.56858494e+02   1.11843494e-03
   3.56858982e+02   9.27495013e-04
   3.56859471e+02   4.49397776e-04
   3.56859959e+02   3.35835124e-04
   3.56860447e+02   4.06918116e-04
   3.56860936e+02   3.40157945e-04
   3.56861424e+02   3.06925125e-04
   3.56861912e+02   3.07648559e-04
   3.56862400e+02  -1.47866649e-05
   3.56862889e+02  -4.28841682e-04
   3.56863377e+02  -3.61488084e-04
   3.56863865e+02   4.29248161e-07
   3.56864354e+02   1.31561246e-04
   3.56864842e+02  -9.48489178e-05
   3.56865330e+02  -2.19166046e-04
   3.56865819e+02  -1.77983733e-04
   3.56866307e+02  -1.94590975e-04
   3.56866795e+02  -6.01590773e-06
   3.56867284e+02  -2.46179497e-05
   3.56867772e+02  -5.40830224e-05
   3.56868260e+02   3.46358138e-04
   3.56868748e+02   5.76139777e-04
   3.56869237e+02   5.90144715e-04
   3.56869725e+02   4.30746266e-04
   3.56870213e+02   1.54810536e-04
   3.56870702e+02   3.18574894e-05
   3.56871190e+02   3.99505370e-05
   3.56871678e+02   3.47370980e-04
   3.56872167e+02   9.31323331e-04
   3.56872655e+02   8.57808453e-04
   3.56873143e+02   2.36556312e-04
   3.56873632e+02  -7.59309623e-05
   3.56874120e+02  -3.01990425e-04
   3.56874608e+02  -5.55127626e-04
   3.56875096e+02  -6.04499306e-04
   3.56875585e+02  -3.87334876e-04
   3.56876073e+02  -2.32286402e-05
   3.56876561e+02  -2.14914417e-05
   3.56877050e+02  -6.99101947e-05
   3.56877538e+02   1.57462768e-04
   3.56878026e+02   2.71975208e-04
   3.56878515e+02   1.22745711e-04
   3.56879003e+02  -1.67990453e-04
   3.56879491e+02  -3.86389089e-04
   3.56879980e+02  -3.47780791e-04
   3.56880468e+02  -3.07047070e-04
   3.56880956e+02  -3.10642936e-05
   3.56881444e+02   3.03791719e-04
   3.56881933e+02  -2.28436711e-05
   3.56882421e+02  -5.51121193e-04
   3.56882909e+02  -3.02524888e-04
   3.56883398e+02   2.50097335e-04
   3.56883886e+02   4.28756699e-04
   3.56884374e+02   5.10854763e-04
   3.56884863e+02   6.12833130e-04
   3.56885351e+02   5.16266271e-04
   3.56885839e+02   1.89081271e-04
   3.56886328e+02   2.88871779e-05
   3.56886816e+02   9.37582299e-05
   3.56887304e+02  -3.45103654e-05
   3.56887793e+02  -1.43428479e-04
   3.56888281e+02  -1.72497254e-04
   3.56888769e+02  -5.12405706e-04
   3.56889257e+02  -6.40603132e-04
   3.56889746e+02  -2.77314743e-04
   3.56890234e+02   1.34093672e-04
   3.56890722e+02   5.72403660e-04
   3.56891211e+02   8.85857968e-04
   3.56891699e+02   8.14110914e-04
   3.56892187e+02   4.96068096e-04
   3.56892676e+02  -1.54822847e-04
   3.56893164e+02  -4.87493788e-04
   3.56893652e+02  -3.18296108e-04
   3.56894141e+02  -2.82561814e-04
   3.56894629e+02  -3.91999201e-04
   3.56895117e+02  -3.69637739e-04
   3.56895605e+02  -3.44138680e-04
   3.56896094e+02  -3.48754489e-04
   3.56896582e+02  -1.40044547e-04
   3.56897070e+02  -1.03736220e-05
   3.56897559e+02  -1.13279442e-04
   3.56898047e+02   2.39672881e-05
   3.56898535e+02   3.81709775e-04
   3.56899024e+02   4.03461716e-04
   3.56899512e+02   4.23551865e-06
   3.56900000e+02  -6.61763595e-04
   3.56900489e+02  -1.02511176e-03
   3.56900977e+02  -6.57941157e-04
   3.56901465e+02  -4.46376129e-04
   3.56901953e+02  -5.86878625e-04
   3.56902442e+02  -6.41360530e-04
   3.56902930e+02  -6.45296474e-04
   3.56903418e+02  -7.62448413e-04
   3.56903907e+02  -7.14849390e-04
   3.56904395e+02  -5.03869611e-04
   3.56904883e+02  -1.38440315e-04
   3.56905372e+02   3.84854095e-04
   3.56905860e+02   5.98573766e-04
   3.56906348e+02   3.53144540e-04
   3.56906837e+02   1.39329248e-04
   3.56907325e+02   5.67713796e-05
   3.56907813e+02  -3.38453799e-04
   3.56908301e+02  -5.28750592e-04
   3.56908790e+02  -4.55511254e-05
   3.56909278e+02   3.90552857e-04
   3.56909766e+02   3.16399965e-04
   3.56910255e+02   2.14998683e-04
   3.56910743e+02   3.19205545e-04
   3.56911231e+02   3.12806224e-04
   3.56911720e+02   1.99873888e-04
   3.56912208e+02   1.39054478e-04
   3.56912696e+02   4.33083042e-05
   3.56913185e+02   2.36259628e-04
   3.56913673e+02   4.90375736e-04
   3.56914161e+02   5.51439764e-04
   3.56914649e+02   5.92813536e-04
   3.56915138e+02   3.81556281e-04
   3.56915626e+02   1.02877442e-04
   3.56916114e+02  -1.21782410e-04
   3.56916603e+02  -1.65151985e-04
   3.56917091e+02   1.31152789e-04
   3.56917579e+02   5.80124906e-04
   3.56918068e+02   7.14885537e-04
   3.56918556e+02   2.81848857e-04
   3.56919044e+02  -1.93567830e-04
   3.56919533e+02  -4.42574616e-04
   3.56920021e+02  -2.73853628e-04
   3.56920509e+02   1.03477956e-04
   3.56920997e+02   1.03717153e-04
   3.56921486e+02  -2.22445247e-04
   3.56921974e+02  -3.83306702e-04
   3.56922462e+02   7.05011262e-05
   3.56922951e+02   4.91855957e-04
   3.56923439e+02   3.16365418e-04
   3.56923927e+02   4.93754887e-05
   3.56924416e+02   9.84920625e-05
   3.56924904e+02   6.05409849e-04
   3.56925392e+02   9.71460948e-04
   3.56925881e+02   6.81718346e-04
   3.56926369e+02  -7.65106233e-05
   3.56926857e+02  -7.12844660e-04
   3.56927346e+02  -5.48935437e-04
   3.56927834e+02  -1.38233299e-04
   3.56928322e+02  -9.74088834e-05
   3.56928810e+02  -3.37829770e-05
   3.56929299e+02  -1.87446363e-04
   3.56929787e+02  -4.21504694e-04
   3.56930275e+02  -2.34558960e-04
   3.56930764e+02  -4.00513163e-05
   3.56931252e+02  -1.67516773e-04
   3.56931740e+02  -2.93436111e-04
   3.56932229e+02  -4.28978092e-04
   3.56932717e+02  -5.85395552e-04
   3.56933205e+02  -3.52950068e-04
   3.56933694e+02  -4.36757618e-05
   3.56934182e+02  -9.90446133e-05
   3.56934670e+02  -2.04845754e-04
   3.56935158e+02  -4.36686125e-04
   3.56935647e+02  -6.40475017e-04
   3.56936135e+02  -4.10224602e-04
   3.56936623e+02  -3.62464380e-05
   3.56937112e+02   3.58589663e-04
   3.56937600e+02   7.59489951e-04
   3.56938088e+02   5.58153959e-04
   3.56938577e+02  -3.20947875e-04
   3.56939065e+02  -1.05765567e-03
   3.56939553e+02  -9.12081567e-04
   3.56940042e+02  -1.09679328e-04
   3.56940530e+02   6.45657361e-04
   3.56941018e+02   8.18628003e-04
   3.56941506e+02   7.66288489e-04
   3.56941995e+02   8.94175260e-04
   3.56942483e+02   8.92394630e-04
   3.56942971e+02   6.87212683e-04
   3.56943460e+02   3.04484594e-04
   3.56943948e+02  -1.72257423e-04
   3.56944436e+02  -4.19337332e-04
   3.56944925e+02  -3.99379584e-04
   3.56945413e+02   5.59583714e-05
   3.56945901e+02   2.83183152e-04
   3.56946390e+02  -3.39668895e-06
   3.56946878e+02  -1.52598339e-04
   3.56947366e+02  -4.27821069e-04
   3.56947854e+02  -8.59098858e-04
   3.56948343e+02  -1.03529450e-03
   3.56948831e+02  -8.18477769e-04
   3.56949319e+02  -1.68241299e-04
   3.56949808e+02   5.00747643e-04
   3.56950296e+02   7.79257331e-04
   3.56950784e+02   6.63515995e-04
   3.56951273e+02   2.43730377e-04
   3.56951761e+02  -3.69009475e-04
   3.56952249e+02  -5.05885982e-04
   3.56952738e+02  -3.01325199e-04
   3.56953226e+02  -4.41691227e-04
   3.56953714e+02  -7.57780799e-04
   3.56954202e+02  -1.04739086e-03
   3.56954691e+02  -7.12295237e-04
   3.56955179e+02   1.10890491e-04
   3.56955667e+02   2.89062882e-04
   3.56956156e+02   1.98477646e-04
   3.56956644e+02   9.72836497e-05
   3.56957132e+02  -3.78748955e-04
   3.56957621e+02  -2.02346666e-04
   3.56958109e+02   6.12057280e-04
   3.56958597e+02   8.34499078e-04
   3.56959086e+02   5.03051037e-04
   3.56959574e+02   2.35291576e-04
   3.56960062e+02   2.77455954e-04
   3.56960550e+02   5.40700450e-04
   3.56961039e+02   4.84496966e-04
   3.56961527e+02   5.96386904e-04
   3.56962015e+02   9.82041587e-04
   3.56962504e+02   7.48795515e-04
   3.56962992e+02  -8.08151453e-05
   3.56963480e+02  -4.67412960e-04
   3.56963969e+02  -2.23212133e-04
   3.56964457e+02  -2.37521424e-04
   3.56964945e+02  -4.00889345e-04
   3.56965434e+02   1.00167388e-04
   3.56965922e+02   6.32200798e-04
   3.56966410e+02   4.75171517e-04
   3.56966899e+02   9.39416641e-05
   3.56967387e+02   1.98090027e-04
   3.56967875e+02   2.50605575e-04
   3.56968363e+02   1.43430616e-05
   3.56968852e+02   1.18949050e-04
   3.56969340e+02   2.58791813e-04
   3.56969828e+02   2.22037852e-04
   3.56970317e+02   2.70237681e-04
   3.56970805e+02   2.01776857e-04
   3.56971293e+02  -8.82056099e-07
   3.56971782e+02  -3.42128973e-04
   3.56972270e+02  -7.14994676e-04
   3.56972758e+02  -8.04473180e-04
   3.56973247e+02  -4.62783122e-04
   3.56973735e+02   3.35018936e-04
   3.56974223e+02   8.60854343e-04
   3.56974711e+02   7.90036982e-04
   3.56975200e+02   4.72856453e-04
   3.56975688e+02   7.70460028e-05
   3.56976176e+02  -1.79147246e-04
   3.56976665e+02  -1.85374256e-06
   3.56977153e+02   2.13869149e-04
   3.56977641e+02   8.43433518e-05
   3.56978130e+02   2.07689940e-04
   3.56978618e+02   3.76904121e-04
   3.56979106e+02  -1.02930579e-04
   3.56979595e+02  -3.76022275e-04
   3.56980083e+02   3.21000261e-05
   3.56980571e+02   3.05593509e-04
   3.56981059e+02   2.50453828e-04
   3.56981548e+02   2.98215346e-05
   3.56982036e+02   3.13260571e-05
   3.56982524e+02   2.75139842e-04
   3.56983013e+02   2.33495273e-04
   3.56983501e+02  -1.20344630e-04
   3.56983989e+02  -2.42212744e-04
   3.56984478e+02  -1.20079916e-04
   3.56984966e+02  -9.47167428e-05
   3.56985454e+02  -2.25762909e-04
   3.56985943e+02  -3.20377934e-04
   3.56986431e+02  -1.34419388e-04
   3.56986919e+02   1.95144268e-04
   3.56987407e+02   3.79358156e-04
   3.56987896e+02   1.50081716e-04
   3.56988384e+02  -2.51800753e-04
   3.56988872e+02  -2.64855742e-04
   3.56989361e+02   2.73246114e-05
   3.56989849e+02   1.29592867e-04
   3.56990337e+02   6.41637826e-07
   3.56990826e+02  -1.50781751e-04
   3.56991314e+02  -3.23837972e-04
   3.56991802e+02  -4.15129150e-04
   3.56992291e+02  -3.15054640e-05
   3.56992779e+02   4.10346285e-04
   3.56993267e+02   4.84650081e-04
   3.56993755e+02   3.73762974e-04
   3.56994244e+02   4.47304083e-05
   3.56994732e+02  -7.98070105e-05
   3.56995220e+02  -5.37617125e-05
   3.56995709e+02  -1.26496132e-04
   3.56996197e+02   6.00449857e-05
   3.56996685e+02   2.31354716e-04
   3.56997174e+02  -1.44724239e-04
   3.56997662e+02  -2.96669750e-04
   3.56998150e+02   2.35195213e-04
   3.56998639e+02   5.61664463e-04
   3.56999127e+02   3.69972287e-04
   3.56999615e+02   4.34496906e-04
   3.57000103e+02   6.48606278e-04
   3.57000592e+02   2.02191499e-04
   3.57001080e+02  -1.44904727e-04
   3.57001568e+02   7.88033285e-05
   3.57002057e+02  -5.05872631e-05
   3.57002545e+02  -1.12499976e-04
   3.57003033e+02   1.55476901e-05
   3.57003522e+02  -1.17353513e-04
   3.57004010e+02   8.11568025e-05
   3.57004498e+02   2.74667953e-04
   3.57004987e+02   1.29830398e-04
   3.57005475e+02   1.56905735e-04
   3.57005963e+02  -2.82910690e-07
   3.57006451e+02  -4.42672608e-04
   3.57006940e+02  -5.19307912e-04
   3.57007428e+02   4.70088489e-05
   3.57007916e+02   5.36848442e-04
   3.57008405e+02   4.53841873e-04
   3.57008893e+02   3.74984142e-04
   3.57009381e+02   4.42757300e-04
   3.57009870e+02   3.82740021e-04
   3.57010358e+02   2.30501566e-04
   3.57010846e+02   9.53890194e-05
   3.57011335e+02   1.02144804e-04
   3.57011823e+02   1.74714423e-05
   3.57012311e+02  -3.48657013e-05
   3.57012800e+02   6.44114916e-05
   3.57013288e+02   3.38081518e-05
   3.57013776e+02  -5.64566726e-05
   3.57014264e+02  -7.48055900e-05
   3.57014753e+02  -5.90381319e-07
   3.57015241e+02  -1.58465249e-04
   3.57015729e+02  -3.09284049e-04
   3.57016218e+02  -9.25187996e-05
   3.57016706e+02   4.75162633e-05
   3.57017194e+02   1.54936002e-04
   3.57017683e+02   1.65917707e-04
   3.57018171e+02   3.05009507e-05
   3.57018659e+02  -3.16650723e-04
   3.57019148e+02  -4.35862195e-04
   3.57019636e+02  -1.84644188e-04
   3.57020124e+02  -1.62166180e-04
   3.57020612e+02  -3.50163900e-04
   3.57021101e+02  -3.07999202e-04
   3.57021589e+02  -3.20101564e-04
   3.57022077e+02  -3.09417694e-04
   3.57022566e+02   7.40719988e-05
   3.57023054e+02   3.17526486e-04
   3.57023542e+02  -2.85166589e-05
   3.57024031e+02  -2.34622043e-04
   3.57024519e+02  -6.63495666e-05
   3.57025007e+02   2.31771075e-04
   3.57025496e+02   4.90902632e-04
   3.57025984e+02   6.12916250e-04
   3.57026472e+02   5.37789077e-04
   3.57026960e+02   3.42273386e-04
   3.57027449e+02   3.00195505e-04
   3.57027937e+02   3.27322952e-04
   3.57028425e+02   2.27439217e-04
   3.57028914e+02  -1.40883029e-04
   3.57029402e+02  -6.76663534e-04
   3.57029890e+02  -7.71449239e-04
   3.57030379e+02  -3.49216803e-04
   3.57030867e+02  -3.38614715e-04
   3.57031355e+02  -6.20406645e-04
   3.57031844e+02  -4.42771096e-04
   3.57032332e+02  -5.85233560e-04
   3.57032820e+02  -1.09604828e-03
   3.57033308e+02  -8.74947873e-04
   3.57033797e+02  -2.76962965e-04
   3.57034285e+02  -1.31069537e-04
   3.57034773e+02  -1.04314495e-04
   3.57035262e+02  -8.65307011e-05
   3.57035750e+02  -3.04297806e-04
   3.57036238e+02  -3.42774001e-04
   3.57036727e+02  -3.73495801e-04
   3.57037215e+02  -4.53841174e-04
   3.57037703e+02  -2.13544132e-04
   3.57038192e+02  -3.85655119e-04
   3.57038680e+02  -7.96886161e-04
   3.57039168e+02  -4.55343950e-04
   3.57039656e+02   1.90638879e-04
   3.57040145e+02   1.62652766e-04
   3.57040633e+02   1.48091145e-04
   3.57041121e+02   3.37475416e-04
   3.57041610e+02  -4.60438599e-07
   3.57042098e+02  -2.49570498e-04
   3.57042586e+02   2.49987643e-05
   3.57043075e+02   2.33677245e-04
   3.57043563e+02   3.19724422e-05
   3.57044051e+02  -2.35133193e-04
   3.57044540e+02  -2.90805008e-04
   3.57045028e+02  -2.49503006e-04
   3.57045516e+02  -8.79538420e-05
   3.57046004e+02  -1.19718672e-04
   3.57046493e+02  -3.12476768e-04
   3.57046981e+02  -4.97930450e-04
   3.57047469e+02  -5.55829902e-04
   3.57047958e+02  -2.93465826e-04
   3.57048446e+02   7.74470100e-05
   3.57048934e+02   5.39105735e-04
   3.57049423e+02   4.80567629e-04
   3.57049911e+02   8.33242211e-06
   3.57050399e+02  -2.24619813e-04
   3.57050888e+02  -1.22211219e-04
   3.57051376e+02   1.22997168e-04
   3.57051864e+02  -1.77577764e-04
   3.57052353e+02  -5.37788903e-04
   3.57052841e+02  -1.60330848e-04
   3.57053329e+02   2.62050919e-04
   3.57053817e+02   3.63351661e-04
   3.57054306e+02   4.52427630e-05
   3.57054794e+02  -5.12063445e-04
   3.57055282e+02  -2.85779533e-04
   3.57055771e+02   3.27589631e-04
   3.57056259e+02   4.29644366e-04
   3.57056747e+02   1.50567401e-04
   3.57057236e+02  -2.39638204e-04
   3.57057724e+02  -4.66272089e-04
   3.57058212e+02  -3.38504673e-04
   3.57058701e+02  -4.17730080e-05
   3.57059189e+02  -3.69220616e-05
   3.57059677e+02  -3.31780117e-04
   3.57060165e+02  -3.38267710e-04
   3.57060654e+02  -2.48991826e-04
   3.57061142e+02  -2.92779849e-04
   3.57061630e+02  -5.96863800e-04
   3.57062119e+02  -8.74861958e-04
   3.57062607e+02  -6.75873947e-04
   3.57063095e+02  -5.49540971e-04
   3.57063584e+02  -5.82070264e-04
   3.57064072e+02  -3.15428071e-04
   3.57064560e+02  -1.83393830e-04
   3.57065049e+02  -4.16996219e-04
   3.57065537e+02  -2.08608530e-04
   3.57066025e+02   4.40939330e-04
   3.57066513e+02   5.20840404e-04
   3.57067002e+02   1.96779059e-04
   3.57067490e+02   1.57791103e-04
   3.57067978e+02   2.63428839e-04
   3.57068467e+02   1.21916266e-04
   3.57068955e+02  -1.45189857e-04
   3.57069443e+02  -5.95951678e-05
   3.57069932e+02   4.75088891e-04
   3.57070420e+02   5.28922363e-04
   3.57070908e+02  -1.09382403e-04
   3.57071397e+02  -4.30021581e-04
   3.57071885e+02  -1.12337126e-04
   3.57072373e+02   2.51431746e-04
   3.57072861e+02   2.67201074e-04
   3.57073350e+02   2.28056233e-04
   3.57073838e+02   4.32241679e-04
   3.57074326e+02   5.02117153e-04
   3.57074815e+02   1.70778716e-04
   3.57075303e+02  -2.71281519e-04
   3.57075791e+02  -4.81569412e-04
   3.57076280e+02  -1.21591278e-04
   3.57076768e+02   2.75973638e-04
   3.57077256e+02   2.73251091e-04
   3.57077745e+02   2.29206591e-04
   3.57078233e+02   2.23786294e-04
   3.57078721e+02   1.74291228e-04
   3.57079209e+02   4.00517252e-04
   3.57079698e+02   3.94609815e-04
   3.57080186e+02   1.60141397e-04
   3.57080674e+02   2.50978454e-04
   3.57081163e+02   1.25295875e-04
   3.57081651e+02   5.47082855e-05
   3.57082139e+02   4.07024461e-04
   3.57082628e+02   3.47335386e-04
   3.57083116e+02  -1.38449512e-04
   3.57083604e+02  -6.77019474e-04
   3.57084093e+02  -8.79987259e-04
   3.57084581e+02  -6.69778674e-04
   3.57085069e+02  -4.60810756e-04
   3.57085557e+02  -1.47444880e-04
   3.57086046e+02   9.05262641e-06
   3.57086534e+02  -9.20860111e-05
   3.57087022e+02   9.19436934e-05
   3.57087511e+02   3.29016853e-04
   3.57087999e+02   2.90734839e-04
   3.57088487e+02   5.02156268e-04
   3.57088976e+02   6.58103032e-04
   3.57089464e+02   4.68052662e-04
   3.57089952e+02   2.18233530e-04
   3.57090441e+02   1.89150538e-04
   3.57090929e+02   4.68752056e-04
   3.57091417e+02   3.87409382e-04
   3.57091906e+02  -1.11895046e-04
   3.57092394e+02  -3.98386474e-04
   3.57092882e+02  -4.03887272e-04
   3.57093370e+02  -2.09662583e-04
   3.57093859e+02   1.23192905e-04
   3.57094347e+02   6.29070797e-04
   3.57094835e+02   9.53008421e-04
   3.57095324e+02   5.22900315e-04
   3.57095812e+02  -1.88644088e-04
   3.57096300e+02  -5.19132474e-04
   3.57096789e+02  -4.57020767e-04
   3.57097277e+02  -1.84491902e-04
   3.57097765e+02   1.64929268e-04
   3.57098254e+02   2.98237923e-04
   3.57098742e+02   2.96580314e-04
   3.57099230e+02   1.50969528e-04
   3.57099718e+02  -6.13746670e-05
   3.57100207e+02  -1.45127749e-04
   3.57100695e+02  -8.55791222e-05
   3.57101183e+02  -2.61428104e-05
   3.57101672e+02  -2.03500051e-04
   3.57102160e+02  -1.18224474e-04
   3.57102648e+02   2.58789922e-04
   3.57103137e+02   3.87678243e-04
   3.57103625e+02   6.06297544e-05
   3.57104113e+02  -4.83218319e-04
   3.57104602e+02  -3.99882992e-04
   3.57105090e+02   2.31004247e-04
   3.57105578e+02   3.39582679e-04
   3.57106066e+02  -6.67192653e-05
   3.57106555e+02  -2.39906076e-04
   3.57107043e+02  -3.59321013e-04
   3.57107531e+02  -6.44188724e-04
   3.57108020e+02  -6.77227159e-04
   3.57108508e+02  -3.69273854e-04
   3.57108996e+02  -5.17445005e-05
   3.57109485e+02  -3.08349408e-05
   3.57109973e+02  -5.16468390e-05
   3.57110461e+02   1.61666394e-04
   3.57110950e+02   9.28462468e-05
   3.57111438e+02  -6.78472643e-05
   3.57111926e+02  -9.43213490e-06
   3.57112414e+02   2.38290362e-04
   3.57112903e+02   6.34336611e-04
   3.57113391e+02   5.46715572e-04
   3.57113879e+02  -1.19248369e-04
   3.57114368e+02  -3.61429178e-04
   3.57114856e+02   3.13030869e-05
   3.57115344e+02   6.26128807e-04
   3.57115833e+02   9.29211790e-04
   3.57116321e+02   7.56109017e-04
   3.57116809e+02   3.96545918e-04
   3.57117298e+02   9.96801537e-05
   3.57117786e+02  -1.45268335e-04
   3.57118274e+02  -3.90811823e-04
   3.57118762e+02  -4.65743768e-04
   3.57119251e+02  -2.78260442e-04
   3.57119739e+02  -3.56303732e-04
   3.57120227e+02  -6.65407744e-04
   3.57120716e+02  -5.70591073e-04
   3.57121204e+02  -3.08312214e-04
   3.57121692e+02  -4.80263552e-04
   3.57122181e+02  -5.64819435e-04
   3.57122669e+02  -4.44672391e-04
   3.57123157e+02  -6.04023226e-04
   3.57123646e+02  -5.06251527e-04
   3.57124134e+02  -2.05764896e-04
   3.57124622e+02  -2.77352548e-04
   3.57125110e+02  -2.64342088e-04
   3.57125599e+02  -3.54358548e-04
   3.57126087e+02  -5.42737369e-04
   3.57126575e+02  -2.77089304e-04
   3.57127064e+02   9.60358084e-05
   3.57127552e+02   1.28342901e-04
   3.57128040e+02  -5.19009591e-05
   3.57128529e+02  -2.00013586e-04
   3.57129017e+02  -1.86810401e-04
   3.57129505e+02  -1.08858476e-04
   3.57129994e+02  -4.41522388e-05
   3.57130482e+02   4.22710109e-05
   3.57130970e+02   1.63200355e-04
   3.57131459e+02   9.43876730e-05
   3.57131947e+02  -7.24925558e-05
   3.57132435e+02  -5.80759770e-05
   3.57132923e+02  -1.88464750e-04
   3.57133412e+02  -3.12646443e-04
   3.57133900e+02  -2.57800653e-04
   3.57134388e+02  -4.97262750e-04
   3.57134877e+02  -8.09325429e-04
   3.57135365e+02  -6.33716758e-04
   3.57135853e+02  -3.36699770e-04
   3.57136342e+02  -1.08419103e-04
   3.57136830e+02  -2.25815471e-04
   3.57137318e+02  -4.43785888e-04
   3.57137807e+02  -2.78313411e-04
   3.57138295e+02   7.91983766e-05
   3.57138783e+02   5.04843425e-04
   3.57139271e+02   5.55365405e-04
   3.57139760e+02   1.73754437e-04
   3.57140248e+02  -1.18002863e-04
   3.57140736e+02   6.73589166e-05
   3.57141225e+02   3.31813964e-04
   3.57141713e+02  -7.22682162e-05
   3.57142201e+02  -7.00753881e-04
   3.57142690e+02  -6.04363624e-04
   3.57143178e+02   3.91099456e-05
   3.57143666e+02   3.84687883e-04
   3.57144155e+02   3.20141669e-04
   3.57144643e+02   3.24215856e-04
   3.57145131e+02   3.51464463e-04
   3.57145619e+02   4.95029613e-04
   3.57146108e+02   5.16576867e-04
   3.57146596e+02   4.30512824e-04
   3.57147084e+02   3.51074035e-04
   3.57147573e+02   6.83963590e-05
   3.57148061e+02  -8.75140904e-05
   3.57148549e+02  -1.88374921e-04
   3.57149038e+02  -3.90464062e-04
   3.57149526e+02  -6.55225769e-04
   3.57150014e+02  -9.81423422e-04
   3.57150503e+02  -8.58440471e-04
   3.57150991e+02   2.70084493e-05
   3.57151479e+02   6.83312246e-04
   3.57151967e+02   5.20657690e-04
   3.57152456e+02   1.24340469e-04
   3.57152944e+02  -3.73234594e-04
   3.57153432e+02  -7.03071710e-04
   3.57153921e+02  -4.04131628e-04
   3.57154409e+02   1.90058607e-04
   3.57154897e+02   3.81194288e-04
   3.57155386e+02   3.14274366e-05
   3.57155874e+02   1.67943435e-04
   3.57156362e+02   4.83953365e-04
   3.57156851e+02   2.28251491e-04
   3.57157339e+02  -2.46390337e-05
   3.57157827e+02   6.51374794e-05
   3.57158315e+02   3.61203653e-04
   3.57158804e+02   4.00511315e-04
   3.57159292e+02   1.38270771e-04
   3.57159780e+02   1.86527541e-04
   3.57160269e+02   3.48103291e-04
   3.57160757e+02  -1.10863424e-04
   3.57161245e+02  -3.75940261e-04
   3.57161734e+02   9.63674174e-05
   3.57162222e+02   4.99713176e-04
   3.57162710e+02   4.66664584e-04
   3.57163199e+02   1.93483094e-04
   3.57163687e+02   4.53239591e-05
   3.57164175e+02  -2.87370221e-05
   3.57164663e+02   1.50005953e-05
   3.57165152e+02   7.71627238e-05
   3.57165640e+02   1.64621873e-04
   3.57166128e+02   3.16781370e-04
   3.57166617e+02   2.73154496e-04
   3.57167105e+02  -2.30714204e-06
   3.57167593e+02  -1.64063327e-04
   3.57168082e+02  -4.59344228e-05
   3.57168570e+02  -1.56718568e-04
   3.57169058e+02  -5.14799904e-04
   3.57169547e+02  -3.05650436e-04
   3.57170035e+02   2.12089915e-04
   3.57170523e+02   7.29881140e-05
   3.57171012e+02  -2.49519915e-04
   3.57171500e+02  -3.17312399e-04
   3.57171988e+02  -2.84120324e-04
   3.57172476e+02  -1.84736084e-04
   3.57172965e+02  -3.93849150e-05
   3.57173453e+02   2.53840612e-04
   3.57173941e+02   4.26336308e-04
   3.57174430e+02   1.63243618e-04
   3.57174918e+02  -1.03282575e-04
   3.57175406e+02  -1.39705167e-04
   3.57175895e+02  -2.92707755e-05
   3.57176383e+02   6.83865801e-05
   3.57176871e+02  -8.57530085e-06
   3.57177360e+02  -1.05811945e-04
   3.57177848e+02  -4.09161203e-06
   3.57178336e+02   3.22790904e-04
   3.57178824e+02   5.47045318e-04
   3.57179313e+02   4.63351695e-04
   3.57179801e+02   3.45277746e-04
   3.57180289e+02   4.18831420e-04
   3.57180778e+02   9.38183570e-04
   3.57181266e+02   1.27081037e-03
   3.57181754e+02   7.49873521e-04
   3.57182243e+02   1.90785882e-04
   3.57182731e+02   3.80152824e-06
   3.57183219e+02   8.69301512e-05
   3.57183708e+02   4.24397644e-04
   3.57184196e+02   6.69688045e-04
   3.57184684e+02   9.35401767e-04
   3.57185172e+02   8.87978298e-04
   3.57185661e+02   3.49368464e-04
   3.57186149e+02   1.20390861e-04
   3.57186637e+02   2.08188867e-04
   3.57187126e+02   3.00869433e-04
   3.57187614e+02   1.22883197e-04
   3.57188102e+02  -2.25054944e-04
   3.57188591e+02  -2.94384023e-04
   3.57189079e+02  -1.08998771e-04
   3.57189567e+02  -4.84190350e-05
   3.57190056e+02   3.36584380e-05
   3.57190544e+02   6.32859883e-04
   3.57191032e+02   9.36547120e-04
   3.57191520e+02   3.17707367e-04
   3.57192009e+02  -6.42922896e-05
   3.57192497e+02  -2.04628785e-04
   3.57192985e+02  -2.06922225e-04
   3.57193474e+02   3.63680476e-04
   3.57193962e+02   4.70952829e-04
   3.57194450e+02   3.77200689e-04
   3.57194939e+02   2.47586839e-04
   3.57195427e+02  -7.46219230e-05
   3.57195915e+02  -1.10650661e-04
   3.57196404e+02   7.97693283e-05
   3.57196892e+02  -4.82476607e-05
   3.57197380e+02  -1.37312803e-04
   3.57197868e+02  -2.32284976e-04
   3.57198357e+02  -2.39303088e-04
   3.57198845e+02  -5.84151385e-05
   3.57199333e+02   1.19151438e-04
   3.57199822e+02   2.21341834e-04
   3.57200310e+02  -1.08013970e-04
   3.57200798e+02  -4.77434747e-04
   3.57201287e+02  -2.23805167e-04
   3.57201775e+02   2.52364844e-04
   3.57202263e+02   2.21263312e-04
   3.57202752e+02  -2.94061610e-04
   3.57203240e+02  -6.30358292e-04
   3.57203728e+02  -2.85294402e-04
   3.57204216e+02   2.92061522e-05
   3.57204705e+02  -2.71716435e-05
   3.57205193e+02  -5.12769548e-05
   3.57205681e+02   6.37548328e-06
   3.57206170e+02   7.62150667e-05
   3.57206658e+02  -3.67961693e-05
   3.57207146e+02  -1.92147836e-05
   3.57207635e+02   4.20361248e-05
   3.57208123e+02  -2.36642882e-04
   3.57208611e+02  -4.50381485e-04
   3.57209100e+02  -5.69084623e-05
   3.57209588e+02   4.44112549e-04
   3.57210076e+02   3.88355402e-04
   3.57210565e+02   1.76868081e-04
   3.57211053e+02   1.41660479e-04
   3.57211541e+02   1.50373917e-05
   3.57212029e+02  -1.80953779e-04
   3.57212518e+02  -2.56057247e-04
   3.57213006e+02  -2.50708603e-04
   3.57213494e+02  -4.13531408e-04
   3.57213983e+02  -4.61161195e-04
   3.57214471e+02  -1.99003480e-04
   3.57214959e+02   2.48948254e-05
   3.57215448e+02   2.50978064e-05
   3.57215936e+02   1.32468986e-05
   3.57216424e+02  -1.11121291e-04
   3.57216913e+02  -3.74315481e-04
   3.57217401e+02  -6.38161961e-04
   3.57217889e+02  -7.36036221e-04
   3.57218377e+02  -2.37852437e-04
   3.57218866e+02   2.76550010e-04
   3.57219354e+02   3.03862413e-04
   3.57219842e+02   3.79889883e-04
   3.57220331e+02   3.13809753e-04
   3.57220819e+02  -1.84185501e-05
   3.57221307e+02  -2.01265048e-05
   3.57221796e+02   3.23577464e-04
   3.57222284e+02   4.93223313e-04
   3.57222772e+02   5.28357108e-04
   3.57223261e+02   4.93585540e-04
   3.57223749e+02   1.31836045e-04
   3.57224237e+02  -2.36293708e-04
   3.57224725e+02  -6.25027635e-04
   3.57225214e+02  -8.71082651e-04
   3.57225702e+02  -3.06272414e-04
   3.57226190e+02   4.04107850e-04
   3.57226679e+02   6.21583778e-04
   3.57227167e+02   4.36509581e-04
   3.57227655e+02   5.43825035e-06
   3.57228144e+02  -4.56998037e-04
   3.57228632e+02  -8.16237414e-04
   3.57229120e+02  -6.40617858e-04
   3.57229609e+02  -1.89713013e-04
   3.57230097e+02  -1.32373534e-04
   3.57230585e+02  -3.82242521e-04
   3.57231073e+02  -4.36706876e-04
   3.57231562e+02  -2.49347562e-04
   3.57232050e+02   1.48049134e-04
   3.57232538e+02   3.56071570e-04
   3.57233027e+02   2.00052018e-04
   3.57233515e+02   1.09386536e-04
   3.57234003e+02   2.23824944e-04
   3.57234492e+02   3.49565380e-04
   3.57234980e+02   2.14581436e-04
   3.57235468e+02  -2.68641103e-04
   3.57235957e+02  -5.75859041e-04
   3.57236445e+02  -3.32062278e-04
   3.57236933e+02  -2.02841748e-05
   3.57237421e+02  -3.10912037e-05
   3.57237910e+02   3.51470990e-05
   3.57238398e+02   3.24126420e-04
   3.57238886e+02   3.67517176e-04
   3.57239375e+02   4.31445922e-04
   3.57239863e+02   5.69747528e-04
   3.57240351e+02   1.04545245e-04
   3.57240840e+02  -2.40390189e-04
   3.57241328e+02   2.61741661e-07
   3.57241816e+02  -3.37940437e-05
   3.57242305e+02  -5.03606934e-05
   3.57242793e+02   2.42874972e-04
   3.57243281e+02   3.62020015e-04
   3.57243769e+02   5.41997550e-04
   3.57244258e+02   8.89786577e-04
   3.57244746e+02   5.86235721e-04
   3.57245234e+02   2.05569704e-05
   3.57245723e+02   1.89554252e-04
   3.57246211e+02   4.30660206e-04
   3.57246699e+02   7.54003122e-05
   3.57247188e+02  -3.88961373e-04
   3.57247676e+02  -3.24034801e-04
   3.57248164e+02   2.39227084e-04
   3.57248653e+02   4.54985275e-04
   3.57249141e+02   6.38202036e-05
   3.57249629e+02  -3.58545221e-04
   3.57250118e+02  -4.12722991e-04
   3.57250606e+02  -1.24611062e-04
   3.57251094e+02   3.81457590e-04
   3.57251582e+02   4.72701649e-04
   3.57252071e+02  -1.20503959e-04
   3.57252559e+02   1.27104926e-04
   3.57253047e+02   2.10335289e-04
   3.57253536e+02  -1.08131731e-04
   3.57254024e+02  -9.08637594e-05
   3.57254512e+02  -1.86589295e-05
   3.57255001e+02  -4.59376926e-04
   3.57255489e+02  -5.01579256e-04
   3.57255977e+02   2.47896416e-04
   3.57256466e+02   8.13911087e-04
   3.57256954e+02   8.67341645e-04
   3.57257442e+02   4.30198445e-04
   3.57257930e+02  -1.11596011e-04
   3.57258419e+02  -2.39407338e-04
   3.57258907e+02  -2.41948524e-04
   3.57259395e+02  -3.90675210e-04
   3.57259884e+02  -4.52846347e-04
   3.57260372e+02  -2.04528376e-04
   3.57260860e+02   3.74606680e-05
   3.57261349e+02   7.85823340e-06
   3.57261837e+02   1.09448425e-04
   3.57262325e+02   1.20707453e-04
   3.57262814e+02   1.12799171e-04
   3.57263302e+02   2.23398893e-04
   3.57263790e+02   2.86254130e-04
   3.57264278e+02   3.80518934e-04
   3.57264767e+02   5.90710144e-04
   3.57265255e+02   5.76298102e-04
   3.57265743e+02   2.79423548e-04
   3.57266232e+02   1.24723229e-04
   3.57266720e+02   1.59130184e-04
   3.57267208e+02   9.75451185e-05
   3.57267697e+02   2.44663024e-05
   3.57268185e+02  -7.52689011e-05
   3.57268673e+02   1.67878126e-04
   3.57269162e+02   3.71652626e-04
   3.57269650e+02  -3.25588844e-05
   3.57270138e+02  -3.73666262e-04
   3.57270626e+02  -2.69149459e-04
   3.57271115e+02   1.48152321e-04
   3.57271603e+02   3.99971002e-04
   3.57272091e+02   3.72556591e-04
   3.57272580e+02   3.15080310e-04
   3.57273068e+02   3.27742338e-04
   3.57273556e+02   7.62963668e-04
   3.57274045e+02   8.92221695e-04
   3.57274533e+02   3.35479068e-04
   3.57275021e+02   1.75559588e-04
   3.57275510e+02   7.45970829e-05
   3.57275998e+02  -3.46689834e-04
   3.57276486e+02  -1.20421348e-04
   3.57276974e+02   6.50144939e-04
   3.57277463e+02   7.99396250e-04
   3.57277951e+02   1.99014525e-04
   3.57278439e+02  -1.58900220e-04
   3.57278928e+02  -3.02465953e-04
   3.57279416e+02  -3.02152126e-04
   3.57279904e+02  -1.26695581e-04
   3.57280393e+02  -1.26517203e-04
   3.57280881e+02  -7.85664815e-05
   3.57281369e+02   5.91635580e-06
   3.57281858e+02  -1.22189987e-04
   3.57282346e+02  -2.24552678e-05
   3.57282834e+02   5.85983857e-04
   3.57283322e+02   8.16342188e-04
   3.57283811e+02   3.68591194e-04
   3.57284299e+02   2.21651426e-04
   3.57284787e+02   3.73872957e-04
   3.57285276e+02   2.04581374e-04
   3.57285764e+02  -5.21856964e-05
   3.57286252e+02   2.33520899e-04
   3.57286741e+02   8.47900519e-04
   3.57287229e+02   1.03556318e-03
   3.57287717e+02   7.36550370e-04
   3.57288206e+02   4.07152314e-04
   3.57288694e+02   4.45939892e-04
   3.57289182e+02   5.66976785e-04
   3.57289671e+02   2.27959637e-04
   3.57290159e+02  -2.32661027e-04
   3.57290647e+02  -3.88957968e-04
   3.57291135e+02  -5.08110505e-04
   3.57291624e+02  -6.82441401e-04
   3.57292112e+02  -3.31443094e-04
   3.57292600e+02   3.52748262e-04
   3.57293089e+02   6.49859780e-04
   3.57293577e+02   5.83836285e-04
   3.57294065e+02   6.74014591e-05
   3.57294554e+02  -2.21996670e-04
   3.57295042e+02   2.57011241e-04
   3.57295530e+02   4.40855074e-04
   3.57296019e+02   3.20477156e-05
   3.57296507e+02  -1.87637386e-04
   3.57296995e+02  -2.33953368e-04
   3.57297483e+02  -2.72404723e-04
   3.57297972e+02  -7.48575112e-05
   3.57298460e+02  -6.83625840e-05
   3.57298948e+02  -2.45568779e-04
   3.57299437e+02  -1.14728668e-04
   3.57299925e+02   4.56333291e-05
   3.57300413e+02  -3.08702256e-05
   3.57300902e+02  -6.36139666e-05
   3.57301390e+02   8.83211906e-05
   3.57301878e+02   1.84627876e-04
   3.57302367e+02  -1.23593403e-04
   3.57302855e+02  -2.73829995e-04
   3.57303343e+02  -2.26931996e-04
   3.57303831e+02  -2.76329811e-04
   3.57304320e+02  -1.89036975e-04
   3.57304808e+02   1.52455223e-05
   3.57305296e+02  -1.21012883e-04
   3.57305785e+02  -4.10070934e-04
   3.57306273e+02  -8.94641125e-05
   3.57306761e+02   2.78138119e-04
   3.57307250e+02   2.37717031e-04
   3.57307738e+02   2.52815196e-04
   3.57308226e+02  -2.94665588e-05
   3.57308715e+02  -5.28939010e-04
   3.57309203e+02  -1.42021541e-04
   3.57309691e+02   5.52674523e-04
   3.57310179e+02   4.24491096e-04
   3.57310668e+02   6.14456221e-05
   3.57311156e+02  -4.63865908e-05
   3.57311644e+02   4.95239146e-05
   3.57312133e+02   9.41987018e-05
   3.57312621e+02   1.97921137e-04
   3.57313109e+02   3.18456441e-04
   3.57313598e+02   3.78908240e-04
   3.57314086e+02   1.66537400e-04
   3.57314574e+02  -2.50401616e-04
   3.57315063e+02  -4.05992207e-04
   3.57315551e+02  -1.81907933e-04
   3.57316039e+02  -2.00816314e-04
   3.57316527e+02  -6.31679490e-04
   3.57317016e+02  -9.08839807e-04
   3.57317504e+02  -8.59838503e-04
   3.57317992e+02  -3.72432900e-04
   3.57318481e+02   1.77401787e-04
   3.57318969e+02   2.97673076e-04
   3.57319457e+02   2.27186771e-04
   3.57319946e+02   8.13923834e-05
   3.57320434e+02  -5.21727816e-05
   3.57320922e+02  -6.42429859e-06
   3.57321411e+02   1.81563038e-04
   3.57321899e+02   1.98139751e-04
   3.57322387e+02  -3.18947314e-05
   3.57322875e+02  -1.07196225e-04
   3.57323364e+02  -7.64758297e-05
   3.57323852e+02  -2.77720683e-04
   3.57324340e+02  -4.70117287e-04
   3.57324829e+02  -2.83129892e-04
   3.57325317e+02   1.74616562e-05
   3.57325805e+02   1.99210190e-04
   3.57326294e+02   1.03797429e-04
   3.57326782e+02  -2.09947670e-04
   3.57327270e+02  -3.93329392e-04
   3.57327759e+02  -5.73845755e-04
   3.57328247e+02  -7.99320813e-04
   3.57328735e+02  -6.02281943e-04
   3.57329224e+02  -4.42769408e-04
   3.57329712e+02  -8.83814238e-04
   3.57330200e+02  -8.70480493e-04
   3.57330688e+02  -1.11897891e-04
   3.57331177e+02   3.37858160e-04
   3.57331665e+02   5.64732356e-04
   3.57332153e+02   9.26135166e-04
   3.57332642e+02   6.86989282e-04
   3.57333130e+02  -1.63177334e-04
   3.57333618e+02  -5.63011388e-04
   3.57334107e+02  -3.84558109e-04
   3.57334595e+02  -2.47672811e-04
   3.57335083e+02  -3.31152551e-04
   3.57335572e+02  -3.38906189e-04
   3.57336060e+02  -2.69334967e-04
   3.57336548e+02  -3.94504837e-04
   3.57337036e+02  -4.77087975e-04
   3.57337525e+02  -2.97938735e-04
   3.57338013e+02   4.88848455e-05
   3.57338501e+02   5.01741306e-04
   3.57338990e+02   2.60291097e-04
   3.57339478e+02  -4.58995230e-04
   3.57339966e+02  -3.59878904e-04
   3.57340455e+02  -3.74544979e-05
   3.57340943e+02  -9.09995215e-05
   3.57341431e+02   7.35141875e-05
   3.57341920e+02   6.29023649e-04
   3.57342408e+02   8.75276979e-04
   3.57342896e+02   5.91449323e-04
   3.57343384e+02   4.88330668e-04
   3.57343873e+02   6.97505020e-04
   3.57344361e+02   7.22146651e-04
   3.57344849e+02   2.32925988e-04
   3.57345338e+02  -2.31232872e-04
   3.57345826e+02  -3.30493844e-04
   3.57346314e+02  -1.88702135e-04
   3.57346803e+02   1.17898810e-04
   3.57347291e+02   2.57408276e-04
   3.57347779e+02   8.16254978e-05
   3.57348268e+02  -3.01196153e-04
   3.57348756e+02  -7.97150831e-04
   3.57349244e+02  -9.29199683e-04
   3.57349732e+02  -6.54678850e-04
   3.57350221e+02  -4.05692525e-04
   3.57350709e+02  -3.26156733e-04
   3.57351197e+02   1.56309179e-04
   3.57351686e+02   6.94917573e-04
   3.57352174e+02   4.05288563e-04
   3.57352662e+02  -3.88445878e-05
   3.57353151e+02   1.25468898e-04
   3.57353639e+02   3.26891255e-04
   3.57354127e+02   5.58774220e-04
   3.57354616e+02   8.14656960e-04
   3.57355104e+02   3.03053501e-04
   3.57355592e+02  -3.30057781e-04
   3.57356080e+02  -1.10717265e-04
   3.57356569e+02   5.01617498e-04
   3.57357057e+02   6.54883333e-04
   3.57357545e+02   1.65412886e-04
   3.57358034e+02  -4.08016815e-04
   3.57358522e+02  -3.67199915e-04
   3.57359010e+02  -5.66867384e-05
   3.57359499e+02  -1.48992665e-04
   3.57359987e+02  -4.13228408e-04
   3.57360475e+02  -4.60828363e-04
   3.57360964e+02  -1.19737495e-04
   3.57361452e+02   4.32129658e-04
   3.57361940e+02   5.79425774e-04
   3.57362428e+02   4.26828687e-04
   3.57362917e+02   1.77535476e-04
   3.57363405e+02  -3.50624876e-04
   3.57363893e+02  -5.98806830e-04
   3.57364382e+02  -4.03386308e-04
   3.57364870e+02  -1.80311108e-04
   3.57365358e+02  -3.62785613e-05
   3.57365847e+02   3.62783940e-05
   3.57366335e+02  -7.38465387e-05
   3.57366823e+02  -2.78630556e-04
   3.57367312e+02  -5.62670291e-04
   3.57367800e+02  -8.73699202e-04
   3.57368288e+02  -7.59918708e-04
   3.57368777e+02  -6.54118267e-05
   3.57369265e+02   6.23979315e-04
   3.57369753e+02   2.62309797e-04
   3.57370241e+02  -2.37318178e-04
   3.57370730e+02  -3.23527667e-04
   3.57371218e+02  -1.56448805e-04
   3.57371706e+02   1.24228085e-04
   3.57372195e+02   3.67514993e-04
   3.57372683e+02   4.32288885e-04
   3.57373171e+02   3.60496080e-04
   3.57373660e+02   3.28831120e-05
   3.57374148e+02  -2.80400418e-04
   3.57374636e+02  -1.80028335e-04
   3.57375125e+02   4.70412742e-05
   3.57375613e+02   9.38274097e-05
   3.57376101e+02   7.82665811e-05
   3.57376589e+02   4.00752651e-05
   3.57377078e+02  -3.05814785e-04
   3.57377566e+02  -4.29427717e-04
   3.57378054e+02  -1.31742418e-04
   3.57378543e+02  -8.79630825e-05
   3.57379031e+02   7.25650243e-05
   3.57379519e+02   3.85373831e-04
   3.57380008e+02   2.76832056e-04
   3.57380496e+02  -1.01122132e-04
   3.57380984e+02  -2.48718658e-04
   3.57381473e+02  -1.93104148e-04
   3.57381961e+02  -9.75831426e-05
   3.57382449e+02   8.64981266e-05
   3.57382937e+02   3.15128651e-04
   3.57383426e+02   4.54888388e-04
   3.57383914e+02   4.16244991e-04
   3.57384402e+02   3.41494597e-04
   3.57384891e+02   8.11164427e-05
   3.57385379e+02  -3.01625521e-04
   3.57385867e+02  -3.02199885e-04
   3.57386356e+02  -2.70813412e-04
   3.57386844e+02  -5.43693313e-04
   3.57387332e+02  -5.34432242e-04
   3.57387821e+02  -4.79435606e-04
   3.57388309e+02  -7.17074901e-04
   3.57388797e+02  -6.05931156e-04
   3.57389285e+02  -2.68664095e-04
   3.57389774e+02  -8.73305617e-05
   3.57390262e+02   2.16107830e-04
   3.57390750e+02   3.45437089e-04
   3.57391239e+02   1.97307192e-04
   3.57391727e+02  -1.77818991e-04
   3.57392215e+02  -7.18212221e-04
   3.57392704e+02  -8.62461922e-04
   3.57393192e+02  -4.33701236e-04
   3.57393680e+02  -1.41744356e-04
   3.57394169e+02   1.57632876e-05
   3.57394657e+02   2.18138128e-04
   3.57395145e+02   3.55730735e-04
   3.57395633e+02   4.99935588e-04
   3.57396122e+02   1.80718765e-04
   3.57396610e+02  -3.80352925e-04
   3.57397098e+02  -3.99937999e-04
   3.57397587e+02  -8.91149466e-05
   3.57398075e+02   2.78517284e-04
   3.57398563e+02   4.80989780e-04
   3.57399052e+02   4.62494383e-04
   3.57399540e+02   6.29603979e-04
   3.57400028e+02   5.60557644e-04
   3.57400517e+02   5.98187034e-05
   3.57401005e+02  -2.72095233e-04
   3.57401493e+02  -2.87208095e-04
   3.57401981e+02  -3.97134456e-04
   3.57402470e+02  -5.24193689e-04
   3.57402958e+02  -3.11162614e-04
   3.57403446e+02  -1.39430476e-05
   3.57403935e+02  -8.56057668e-05
   3.57404423e+02  -2.58534390e-04
   3.57404911e+02  -3.64680222e-04
   3.57405400e+02  -2.74312042e-04
   3.57405888e+02  -1.17415584e-04
   3.57406376e+02  -8.29156415e-05
   3.57406865e+02   9.33370684e-05
   3.57407353e+02   3.23977525e-04
   3.57407841e+02   9.03931505e-05
   3.57408330e+02  -4.98474867e-04
   3.57408818e+02  -6.77271339e-04
   3.57409306e+02  -1.99940929e-04
   3.57409794e+02   2.04511802e-04
   3.57410283e+02   1.84679273e-04
   3.57410771e+02   1.99934308e-04
   3.57411259e+02   2.29700265e-04
   3.57411748e+02   1.67661288e-04
   3.57412236e+02  -6.23911328e-05
   3.57412724e+02  -2.30513426e-04
   3.57413213e+02  -3.16099235e-04
   3.57413701e+02  -3.43773427e-04
   3.57414189e+02   3.48686190e-05
   3.57414678e+02   3.44865781e-04
   3.57415166e+02   1.13491304e-04
   3.57415654e+02  -2.52401980e-04
   3.57416142e+02  -1.44449878e-04
   3.57416631e+02   2.48174038e-04
   3.57417119e+02   3.11477430e-04
   3.57417607e+02   2.22766263e-04
   3.57418096e+02   3.05040558e-05
   3.57418584e+02  -3.59528669e-04
   3.57419072e+02  -4.80491028e-04
   3.57419561e+02  -2.03158750e-04
   3.57420049e+02   1.89243088e-04
   3.57420537e+02   2.83428468e-04
   3.57421026e+02  -3.39311591e-05
   3.57421514e+02  -1.47542771e-04
   3.57422002e+02  -1.42002958e-04
   3.57422490e+02  -3.33916250e-04
   3.57422979e+02  -1.75200490e-04
   3.57423467e+02   1.18341901e-04
   3.57423955e+02  -5.50048644e-05
   3.57424444e+02  -2.88471754e-04
   3.57424932e+02  -2.66092626e-04
   3.57425420e+02  -1.03330283e-04
   3.57425909e+02   8.51150617e-05
   3.57426397e+02   1.39716158e-05
   3.57426885e+02   2.25478161e-05
   3.57427374e+02   1.59407879e-04
   3.57427862e+02  -2.59927940e-04
   3.57428350e+02  -8.06192344e-04
   3.57428838e+02  -7.21077959e-04
   3.57429327e+02  -1.64408353e-04
   3.57429815e+02   3.03829816e-04
   3.57430303e+02   3.09266674e-04
   3.57430792e+02   3.15891783e-04
   3.57431280e+02   6.08629722e-04
   3.57431768e+02   6.91128080e-04
   3.57432257e+02   3.24800232e-04
   3.57432745e+02  -8.19095076e-05
   3.57433233e+02  -1.66214581e-04
   3.57433722e+02  -4.25415637e-04
   3.57434210e+02  -5.97821723e-04
   3.57434698e+02  -5.39238739e-04
   3.57435186e+02  -7.76485191e-04
   3.57435675e+02  -9.52567614e-04
   3.57436163e+02  -7.53725297e-04
   3.57436651e+02  -4.21454024e-04
   3.57437140e+02  -3.42409912e-04
   3.57437628e+02  -5.71411278e-04
   3.57438116e+02  -6.24355976e-04
   3.57438605e+02  -1.48574356e-04
   3.57439093e+02   3.93317605e-04
   3.57439581e+02   3.36553814e-04
   3.57440070e+02   3.44631326e-06
   3.57440558e+02   2.25262538e-05
   3.57441046e+02   3.34846613e-04
   3.57441534e+02   3.99486918e-04
   3.57442023e+02   1.84082412e-04
   3.57442511e+02   1.05252084e-05
   3.57442999e+02  -1.90693157e-04
   3.57443488e+02  -4.40535630e-04
   3.57443976e+02  -5.27921366e-04
   3.57444464e+02  -2.47744843e-04
   3.57444953e+02   1.64393496e-04
   3.57445441e+02   2.92445387e-04
   3.57445929e+02   3.23098102e-05
   3.57446418e+02   2.48763827e-05
   3.57446906e+02   4.31783032e-04
   3.57447394e+02   4.48308652e-04
   3.57447883e+02   2.57233740e-04
   3.57448371e+02   2.81659159e-04
   3.57448859e+02   2.13767358e-04
   3.57449347e+02  -2.39595975e-05
   3.57449836e+02   9.35272110e-05
   3.57450324e+02   4.49446554e-04
   3.57450812e+02   5.19589114e-04
   3.57451301e+02   3.71964619e-04
   3.57451789e+02   2.08869562e-04
   3.57452277e+02  -4.31876033e-05
   3.57452766e+02  -7.53022541e-05
   3.57453254e+02   2.74213653e-06
   3.57453742e+02  -2.86137220e-04
   3.57454231e+02  -5.59761189e-04
   3.57454719e+02  -1.72984903e-04
   3.57455207e+02   4.02264937e-04
   3.57455695e+02   6.18647842e-04
   3.57456184e+02   2.41992326e-04
   3.57456672e+02  -3.50549351e-04
   3.57457160e+02  -4.51309257e-04
   3.57457649e+02  -1.26798332e-05
   3.57458137e+02   5.19503898e-04
   3.57458625e+02   8.35406594e-04
   3.57459114e+02   3.69265006e-04
   3.57459602e+02  -4.47506027e-04
   3.57460090e+02  -5.31896483e-04
   3.57460579e+02   3.71311507e-05
   3.57461067e+02   4.38098446e-04
   3.57461555e+02   3.45237640e-04
   3.57462043e+02   3.66896638e-05
   3.57462532e+02  -1.27393098e-04
   3.57463020e+02   1.96202076e-04
   3.57463508e+02   5.08874014e-04
   3.57463997e+02   8.13390579e-05
   3.57464485e+02  -3.98459379e-04
   3.57464973e+02  -9.74101349e-05
   3.57465462e+02   1.49139887e-04
   3.57465950e+02  -4.59988732e-05
   3.57466438e+02  -1.38966119e-04
   3.57466927e+02  -2.14384083e-04
   3.57467415e+02  -4.73607972e-04
   3.57467903e+02  -7.53221044e-04
   3.57468391e+02  -6.48202200e-04
   3.57468880e+02  -1.06818581e-04
   3.57469368e+02   5.23711904e-04
   3.57469856e+02   8.26024043e-04
   3.57470345e+02   7.68554921e-04
   3.57470833e+02   3.78904777e-04
   3.57471321e+02   2.92855038e-05
   3.57471810e+02   5.61516463e-05
   3.57472298e+02   6.81105030e-06
   3.57472786e+02  -1.44473219e-04
   3.57473275e+02   1.47826038e-04
   3.57473763e+02   3.78525692e-05
   3.57474251e+02  -4.76048590e-04
   3.57474739e+02  -1.79863520e-04
   3.57475228e+02   2.77443673e-04
   3.57475716e+02   2.83725472e-04
   3.57476204e+02   2.96876882e-04
   3.57476693e+02   5.02426934e-04
   3.57477181e+02   6.09765761e-04
   3.57477669e+02   2.18886489e-04
   3.57478158e+02  -3.87329870e-04
   3.57478646e+02  -6.47174427e-04
   3.57479134e+02  -5.89522941e-04
   3.57479623e+02  -5.68332209e-04
   3.57480111e+02  -3.87448468e-04
   3.57480599e+02  -2.14217886e-04
   3.57481087e+02  -3.14644101e-04
   3.57481576e+02  -1.60212803e-04
   3.57482064e+02   9.04395274e-05
   3.57482552e+02   2.27001547e-05
   3.57483041e+02  -3.02064698e-04
   3.57483529e+02  -5.73401339e-04
   3.57484017e+02  -3.93979484e-04
   3.57484506e+02  -8.68202769e-05
   3.57484994e+02  -1.14351642e-05
   3.57485482e+02  -2.28002071e-04
   3.57485971e+02  -2.70579039e-04
   3.57486459e+02   3.12895194e-04
   3.57486947e+02   5.90756244e-04
   3.57487436e+02   4.93906613e-04
   3.57487924e+02   5.20056579e-04
   3.57488412e+02   5.61100780e-04
   3.57488900e+02   2.32904698e-04
   3.57489389e+02  -1.59024625e-04
   3.57489877e+02  -1.25797218e-04
   3.57490365e+02  -4.06058643e-05
   3.57490854e+02  -2.28917736e-04
   3.57491342e+02  -2.73669924e-04
   3.57491830e+02   3.67666034e-05
   3.57492319e+02   5.16767672e-04
   3.57492807e+02   5.51260193e-04
   3.57493295e+02   2.94262427e-04
   3.57493784e+02   1.79614231e-04
   3.57494272e+02   2.40184178e-04
   3.57494760e+02   4.91995423e-04
   3.57495248e+02   6.82933314e-04
   3.57495737e+02   4.11915913e-04
   3.57496225e+02  -2.34342864e-04
   3.57496713e+02  -6.38575584e-04
   3.57497202e+02  -3.51538358e-04
   3.57497690e+02   1.03856793e-04
   3.57498178e+02   1.59597184e-04
   3.57498667e+02   1.00037556e-04
   3.57499155e+02   1.17841693e-04
   3.57499643e+02   1.70254163e-04
   3.57500132e+02   8.76734703e-05
   3.57500620e+02  -1.51006694e-04
   3.57501108e+02  -1.64979967e-04
   3.57501596e+02   1.23588485e-04
   3.57502085e+02   3.08300194e-04
   3.57502573e+02   2.00528710e-04
   3.57503061e+02   1.15990297e-04
   3.57503550e+02   2.44772353e-04
   3.57504038e+02   2.24679490e-04
   3.57504526e+02   1.59756339e-04
   3.57505015e+02  -8.04906158e-05
   3.57505503e+02  -4.31519904e-04
   3.57505991e+02  -1.76121495e-04
   3.57506480e+02   3.19413230e-05
   3.57506968e+02  -2.94047117e-04
   3.57507456e+02  -4.68337035e-04
   3.57507944e+02  -4.86553035e-04
   3.57508433e+02  -5.46967727e-04
   3.57508921e+02  -6.33193820e-04
   3.57509409e+02  -4.94805980e-04
   3.57509898e+02  -9.81424309e-05
   3.57510386e+02   4.09712316e-04
   3.57510874e+02   8.80290987e-04
   3.57511363e+02   8.23764363e-04
   3.57511851e+02   2.23957410e-04
   3.57512339e+02  -1.30195651e-04
   3.57512828e+02   2.22900650e-04
   3.57513316e+02   6.14917953e-04
   3.57513804e+02   3.91588052e-04
   3.57514292e+02  -6.62522689e-06
   3.57514781e+02   1.07623135e-04
   3.57515269e+02   4.72652784e-04
   3.57515757e+02   5.05898206e-04
   3.57516246e+02   3.07497074e-04
   3.57516734e+02   3.37498263e-04
   3.57517222e+02   2.32168342e-04
   3.57517711e+02   4.30139808e-05
   3.57518199e+02   2.05735094e-04
   3.57518687e+02   3.69101836e-05
   3.57519176e+02  -4.29468870e-04
   3.57519664e+02  -3.45170381e-04
   3.57520152e+02  -3.65507076e-05
   3.57520640e+02  -1.54170149e-04
   3.57521129e+02  -2.32014499e-04
   3.57521617e+02  -9.95433293e-05
   3.57522105e+02  -1.27138323e-04
   3.57522594e+02  -1.33592141e-04
   3.57523082e+02  -3.26619629e-05
   3.57523570e+02  -9.71550835e-05
   3.57524059e+02  -2.72756733e-04
   3.57524547e+02  -3.38916201e-04
   3.57525035e+02  -2.92739569e-05
   3.57525524e+02   3.80193756e-04
   3.57526012e+02   4.51824948e-04
   3.57526500e+02   4.50316205e-04
   3.57526989e+02   4.80039278e-04
   3.57527477e+02   3.32913129e-04
   3.57527965e+02   2.37516011e-04
   3.57528453e+02   4.76433808e-04
   3.57528942e+02   6.73101400e-04
   3.57529430e+02   9.69780958e-05
   3.57529918e+02  -7.44536344e-04
   3.57530407e+02  -8.68261966e-04
   3.57530895e+02  -3.86278523e-04
   3.57531383e+02   1.09023131e-05
   3.57531872e+02   1.66705649e-04
   3.57532360e+02   6.05148998e-05
   3.57532848e+02  -3.51035618e-04
   3.57533337e+02  -7.31830893e-04
   3.57533825e+02  -8.52352474e-04
   3.57534313e+02  -7.62186246e-04
   3.57534801e+02  -3.58015735e-04
   3.57535290e+02   7.12955734e-05
   3.57535778e+02  -1.34281887e-04
   3.57536266e+02  -3.60610196e-04
   3.57536755e+02   1.71080785e-04
   3.57537243e+02   6.75654504e-04
   3.57537731e+02   4.76225454e-04
   3.57538220e+02  -3.90416681e-05
   3.57538708e+02  -1.21640558e-04
   3.57539196e+02   1.63188888e-04
   3.57539685e+02   1.73767869e-04
   3.57540173e+02  -3.98992088e-05
   3.57540661e+02  -3.52957213e-05
   3.57541149e+02   1.17447838e-04
   3.57541638e+02   2.74248723e-05
   3.57542126e+02  -8.36912150e-05
   3.57542614e+02  -1.25596503e-04
   3.57543103e+02  -5.61950030e-04
   3.57543591e+02  -7.37382390e-04
   3.57544079e+02  -2.86723778e-04
   3.57544568e+02   6.51752489e-05
   3.57545056e+02   1.88510050e-04
   3.57545544e+02   5.39391185e-04
   3.57546033e+02   2.84589623e-04
   3.57546521e+02  -2.55355757e-04
   3.57547009e+02  -4.77844034e-04
   3.57547497e+02  -3.35577992e-04
   3.57547986e+02   1.52611115e-04
   3.57548474e+02   4.01286234e-04
   3.57548962e+02   9.75259245e-05
   3.57549451e+02  -6.23325686e-05
   3.57549939e+02  -2.30206002e-04
   3.57550427e+02  -5.58627944e-04
   3.57550916e+02  -6.24024484e-04
   3.57551404e+02  -6.36678480e-04
   3.57551892e+02  -4.53742628e-04
   3.57552381e+02  -8.49056814e-05
   3.57552869e+02   1.85415498e-04
   3.57553357e+02   1.30555622e-04
   3.57553845e+02  -1.33116773e-04
   3.57554334e+02  -1.08430271e-04
   3.57554822e+02  -9.30571041e-05
   3.57555310e+02   1.16961237e-04
   3.57555799e+02   5.24658419e-04
   3.57556287e+02   3.15342564e-04
   3.57556775e+02   6.05095920e-06
   3.57557264e+02  -6.41731021e-05
   3.57557752e+02  -1.78673930e-04
   3.57558240e+02   1.13395923e-04
   3.57558729e+02   3.88647313e-04
   3.57559217e+02   3.11373471e-04
   3.57559705e+02   2.20084010e-04
   3.57560193e+02   1.33036781e-04
   3.57560682e+02   1.05396663e-04
   3.57561170e+02   4.69577470e-04
   3.57561658e+02   6.77670643e-04
   3.57562147e+02   5.76465041e-04
   3.57562635e+02   5.71829849e-04
   3.57563123e+02   3.92103975e-04
   3.57563612e+02   2.40895024e-05
   3.57564100e+02   7.46785299e-05
   3.57564588e+02   2.40651905e-04
   3.57565077e+02   7.82167117e-05
   3.57565565e+02   3.35606892e-05
   3.57566053e+02   3.48755071e-04
   3.57566542e+02   6.46151137e-04
   3.57567030e+02   7.03788828e-04
   3.57567518e+02   5.94347483e-04
   3.57568006e+02   2.96607759e-04
   3.57568495e+02   1.70772997e-04
   3.57568983e+02   4.33339999e-04
   3.57569471e+02   4.13115922e-04
   3.57569960e+02  -1.06609405e-04
   3.57570448e+02  -3.51780909e-04
   3.57570936e+02  -8.85341215e-05
   3.57571425e+02   3.49964510e-04
   3.57571913e+02   5.78392472e-04
   3.57572401e+02   1.39722790e-04
   3.57572890e+02  -3.58098361e-04
   3.57573378e+02  -6.70685200e-04
   3.57573866e+02  -7.99825648e-04
   3.57574354e+02  -4.34127636e-04
   3.57574843e+02   1.61777316e-05
   3.57575331e+02   3.84095219e-05
   3.57575819e+02  -1.25845079e-04
   3.57576308e+02  -1.18594515e-04
   3.57576796e+02  -2.74743652e-04
   3.57577284e+02  -2.96544138e-04
   3.57577773e+02   1.95454617e-04
   3.57578261e+02   5.08815167e-04
   3.57578749e+02   3.24673456e-04
   3.57579238e+02   1.08368686e-05
   3.57579726e+02   1.01884812e-04
   3.57580214e+02   2.11297214e-04
   3.57580702e+02  -1.69773019e-04
   3.57581191e+02  -4.73473308e-04
   3.57581679e+02  -3.06150992e-04
   3.57582167e+02  -2.18344634e-04
   3.57582656e+02  -2.43902265e-04
   3.57583144e+02  -2.59204098e-04
   3.57583632e+02  -5.47988515e-04
   3.57584121e+02  -5.11078862e-04
   3.57584609e+02   7.20347671e-05
   3.57585097e+02   4.22041601e-04
   3.57585586e+02   1.46586070e-04
   3.57586074e+02  -4.17423216e-05
   3.57586562e+02   5.47775235e-05
   3.57587050e+02  -5.65006194e-05
   3.57587539e+02  -2.66313844e-04
   3.57588027e+02   2.05567812e-05
   3.57588515e+02   1.69724299e-04
   3.57589004e+02  -1.58644718e-04
   3.57589492e+02  -3.33139702e-04
   3.57589980e+02  -3.54706688e-04
   3.57590469e+02  -5.19159890e-04
   3.57590957e+02  -7.37472845e-04
   3.57591445e+02  -6.77129836e-04
   3.57591934e+02  -1.07478096e-04
   3.57592422e+02   4.40593431e-04
   3.57592910e+02   6.09632931e-04
   3.57593398e+02   4.02368634e-04
   3.57593887e+02  -3.17525351e-04
   3.57594375e+02  -6.36597630e-04
   3.57594863e+02   1.27237684e-06
   3.57595352e+02   2.70367658e-04
   3.57595840e+02   9.41651815e-05
   3.57596328e+02   6.84464685e-05
   3.57596817e+02   5.16563559e-05
   3.57597305e+02   5.16196706e-05
   3.57597793e+02   9.18137230e-05
   3.57598282e+02   2.80953303e-04
   3.57598770e+02   4.77870868e-04
   3.57599258e+02   3.51194380e-04
   3.57599746e+02   4.75102497e-05
   3.57600235e+02  -1.25512204e-04
   3.57600723e+02   1.24840313e-04
   3.57601211e+02   4.79345530e-04
   3.57601700e+02   7.84986041e-05
   3.57602188e+02  -4.45712358e-04
   3.57602676e+02  -5.61138208e-04
   3.57603165e+02  -5.68073476e-04
   3.57603653e+02  -2.94338010e-04
   3.57604141e+02  -2.65492272e-04
   3.57604630e+02  -6.62922801e-04
   3.57605118e+02  -9.36966389e-04
   3.57605606e+02  -6.46067085e-04
   3.57606095e+02  -4.48620485e-05
   3.57606583e+02   5.33410348e-04
   3.57607071e+02   6.34988246e-04
   3.57607559e+02   8.64691901e-05
   3.57608048e+02  -4.97886445e-04
   3.57608536e+02  -4.95263608e-04
   3.57609024e+02   6.23169981e-05
   3.57609513e+02   4.94669890e-04
   3.57610001e+02   4.36992064e-04
   3.57610489e+02   5.36283944e-04
   3.57610978e+02   6.84014871e-04
   3.57611466e+02   4.63766337e-04
   3.57611954e+02   2.56740284e-04
   3.57612443e+02   2.73462589e-04
   3.57612931e+02  -5.06612059e-06
   3.57613419e+02  -1.43874102e-04
   3.57613907e+02   1.28433094e-04
   3.57614396e+02   2.41908987e-04
   3.57614884e+02   2.05676741e-04
   3.57615372e+02   2.14530141e-04
   3.57615861e+02   3.58957011e-04
   3.57616349e+02   3.68616165e-04
   3.57616837e+02   1.84636971e-04
   3.57617326e+02   2.39846959e-05
   3.57617814e+02   1.98528855e-04
   3.57618302e+02   5.92066266e-04
   3.57618791e+02   4.71041014e-04
   3.57619279e+02  -1.20060533e-04
   3.57619767e+02  -1.73999273e-04
   3.57620255e+02  -6.79344566e-06
   3.57620744e+02  -3.92963208e-04
   3.57621232e+02  -8.07844510e-04
   3.57621720e+02  -4.93416796e-04
   3.57622209e+02   3.63557047e-05
   3.57622697e+02   1.14584465e-04
   3.57623185e+02  -4.00914170e-04
   3.57623674e+02  -9.64575855e-04
   3.57624162e+02  -8.58485640e-04
   3.57624650e+02   8.75174592e-05
   3.57625139e+02   7.84162025e-04
   3.57625627e+02   6.04994828e-04
   3.57626115e+02   3.41084553e-04
   3.57626603e+02   6.77526463e-04
   3.57627092e+02   1.12747238e-03
   3.57627580e+02   1.37528882e-03
   3.57628068e+02   1.35803712e-03
   3.57628557e+02   4.69352410e-04
   3.57629045e+02  -2.66366435e-04
   3.57629533e+02   1.59776246e-05
   3.57630022e+02   2.91650678e-04
   3.57630510e+02   3.90703732e-04
   3.57630998e+02   3.69923189e-04
   3.57631487e+02   1.16152354e-04
   3.57631975e+02  -9.42669431e-05
   3.57632463e+02  -1.87932659e-04
   3.57632951e+02   1.39254378e-04
   3.57633440e+02   1.77651207e-04
   3.57633928e+02   1.35066570e-04
   3.57634416e+02   2.50038211e-05
   3.57634905e+02  -4.99907124e-04
   3.57635393e+02  -7.71255873e-04
   3.57635881e+02  -5.74500416e-04
   3.57636370e+02  -1.29382795e-04
   3.57636858e+02   1.41947312e-04
   3.57637346e+02   2.06853467e-04
   3.57637835e+02   3.13611294e-04
   3.57638323e+02   3.96096235e-04
   3.57638811e+02   7.06227846e-04
   3.57639299e+02   5.81659784e-04
   3.57639788e+02  -1.02330712e-04
   3.57640276e+02  -4.09476663e-04
   3.57640764e+02  -1.42581732e-04
   3.57641253e+02  -3.30628864e-05
   3.57641741e+02   9.03238688e-05
   3.57642229e+02  -2.76812149e-04
   3.57642718e+02  -4.53434535e-04
   3.57643206e+02   2.32745850e-04
   3.57643694e+02   4.24132042e-04
   3.57644183e+02  -1.52986351e-04
   3.57644671e+02  -8.63993890e-04
   3.57645159e+02  -9.90195083e-04
   3.57645648e+02  -2.31388069e-04
   3.57646136e+02  -1.19358565e-05
   3.57646624e+02  -6.84397091e-05
   3.57647112e+02   2.98588595e-04
   3.57647601e+02   1.85528464e-04
   3.57648089e+02  -5.44533075e-04
   3.57648577e+02  -4.23826423e-04
   3.57649066e+02   7.76721688e-04
   3.57649554e+02   1.32278295e-03
   3.57650042e+02   7.78678397e-04
   3.57650531e+02   5.59382781e-04
   3.57651019e+02   9.82182333e-04
   3.57651507e+02   1.08824996e-03
   3.57651996e+02   7.54267327e-04
   3.57652484e+02   7.95519445e-04
   3.57652972e+02   6.56354183e-04
   3.57653460e+02   2.71039840e-04
   3.57653949e+02  -1.02346865e-04
   3.57654437e+02  -5.76492166e-04
   3.57654925e+02  -5.35969448e-04
   3.57655414e+02   1.46936054e-05
   3.57655902e+02   2.53270409e-04
   3.57656390e+02  -3.55598640e-05
   3.57656879e+02  -7.11114903e-04
   3.57657367e+02  -1.07806793e-03
   3.57657855e+02  -4.49677260e-04
   3.57658344e+02   3.02413955e-05
   3.57658832e+02   1.28154525e-05
   3.57659320e+02   5.79916232e-04
   3.57659808e+02   1.21632393e-03
   3.57660297e+02   8.69749754e-04
   3.57660785e+02   5.79609245e-04
   3.57661273e+02   1.04532449e-03
   3.57661762e+02   1.13661017e-03
   3.57662250e+02   4.79952942e-05
   3.57662738e+02  -8.57038656e-04
   3.57663227e+02  -5.77319996e-04
   3.57663715e+02  -4.00904719e-05
   3.57664203e+02   2.30960883e-04
   3.57664692e+02   4.49365325e-04
   3.57665180e+02   5.57387772e-04
   3.57665668e+02   5.66581730e-04
   3.57666156e+02   8.05607473e-04
   3.57666645e+02   7.24770944e-04
   3.57667133e+02  -1.91042040e-04
   3.57667621e+02  -6.32011681e-04
   3.57668110e+02   5.85266389e-05
   3.57668598e+02   5.26234799e-04
   3.57669086e+02   1.45357379e-04
   3.57669575e+02  -1.14701710e-04
   3.57670063e+02   2.97061139e-04
   3.57670551e+02   9.07043461e-04
   3.57671040e+02   9.45505803e-04
   3.57671528e+02   1.87313984e-04
   3.57672016e+02  -5.96188067e-04
   3.57672504e+02  -8.03146104e-04
   3.57672993e+02  -4.79632436e-04
   3.57673481e+02  -9.00216255e-05
   3.57673969e+02  -4.77920636e-04
   3.57674458e+02  -8.56025028e-04
   3.57674946e+02  -7.89587284e-05
   3.57675434e+02   7.14818714e-04
   3.57675923e+02   4.55542555e-04
   3.57676411e+02  -5.45128678e-05
   3.57676899e+02   8.98889484e-05
   3.57677388e+02   2.95237434e-04
   3.57677876e+02   3.02926957e-04
   3.57678364e+02   5.51017642e-04
   3.57678852e+02   4.99889313e-04
   3.57679341e+02   7.54929788e-05
   3.57679829e+02  -2.04370837e-04
   3.57680317e+02  -1.90881823e-04
   3.57680806e+02  -3.74031399e-04
   3.57681294e+02  -8.17462394e-04
   3.57681782e+02  -8.23117909e-04
   3.57682271e+02  -5.22905029e-04
   3.57682759e+02  -7.23311212e-04
   3.57683247e+02  -1.09766645e-03
   3.57683736e+02  -8.06098513e-04
   3.57684224e+02   2.49259210e-06
   3.57684712e+02   1.90930703e-04
   3.57685200e+02  -7.01945828e-05
   3.57685689e+02  -9.12496689e-05
   3.57686177e+02  -1.37387920e-04
   3.57686665e+02  -6.11208554e-04
   3.57687154e+02  -9.55944823e-04
   3.57687642e+02  -5.30657824e-04
   3.57688130e+02   1.25113482e-04
   3.57688619e+02   4.42160206e-04
   3.57689107e+02   3.62226710e-04
   3.57689595e+02   6.68948051e-05
   3.57690084e+02  -5.68741925e-05
   3.57690572e+02  -4.26798448e-04
   3.57691060e+02  -1.11520907e-03
   3.57691549e+02  -1.21680717e-03
   3.57692037e+02  -6.21496234e-04
   3.57692525e+02  -1.94732856e-04
   3.57693013e+02  -5.55197985e-05
   3.57693502e+02   3.89263965e-04
   3.57693990e+02   8.00902082e-04
   3.57694478e+02   5.59600187e-04
   3.57694967e+02   1.73120003e-04
   3.57695455e+02   8.91427917e-05
   3.57695943e+02  -3.26087356e-05
   3.57696432e+02   3.68136753e-05
   3.57696920e+02  -1.34702612e-04
   3.57697408e+02  -7.26726721e-04
   3.57697897e+02  -6.64284453e-04
   3.57698385e+02  -4.28544503e-04
   3.57698873e+02  -4.59685893e-04
   3.57699361e+02  -1.48856576e-04
   3.57699850e+02   3.71785165e-04
   3.57700338e+02   5.79243700e-04
   3.57700826e+02   4.72327200e-04
   3.57701315e+02   2.45190429e-04
   3.57701803e+02  -9.64541505e-06
   3.57702291e+02  -4.21239238e-05
   3.57702780e+02   3.31334042e-04
   3.57703268e+02   8.02650466e-04
   3.57703756e+02   9.69075307e-04
   3.57704245e+02   8.88898910e-04
   3.57704733e+02   8.19629582e-04
   3.57705221e+02   2.22771559e-04
   3.57705709e+02  -3.75974487e-04
   3.57706198e+02  -2.73125479e-04
   3.57706686e+02  -3.79056466e-04
   3.57707174e+02  -5.09882288e-04
   3.57707663e+02  -9.51191032e-05
   3.57708151e+02   6.33047239e-05
   3.57708639e+02  -9.73169444e-05
   3.57709128e+02  -1.47458442e-04
   3.57709616e+02  -3.62281746e-04
   3.57710104e+02  -5.83951303e-04
   3.57710593e+02  -3.92461050e-04
   3.57711081e+02   8.80433217e-05
   3.57711569e+02   3.31578689e-04
   3.57712057e+02  -1.06608844e-04
   3.57712546e+02  -7.29551306e-04
   3.57713034e+02  -5.26981486e-04
   3.57713522e+02  -1.48867941e-04
   3.57714011e+02   2.91429315e-04
   3.57714499e+02   7.58551643e-04
   3.57714987e+02   4.56701120e-04
   3.57715476e+02  -1.87765399e-04
   3.57715964e+02  -6.74534007e-04
   3.57716452e+02  -6.51838258e-04
   3.57716941e+02   1.46053062e-04
   3.57717429e+02   8.85534333e-04
   3.57717917e+02   1.10068894e-03
   3.57718405e+02   7.30257481e-04
   3.57718894e+02   2.31515092e-04
   3.57719382e+02   7.43100609e-05
   3.57719870e+02  -2.65397422e-04
   3.57720359e+02  -3.75480886e-04
   3.57720847e+02  -2.01176576e-04
   3.57721335e+02  -2.36364023e-04
   3.57721824e+02  -9.13588665e-05
   3.57722312e+02   1.26645260e-04
   3.57722800e+02   2.71198922e-04
   3.57723289e+02   2.67514464e-04
   3.57723777e+02  -3.81389618e-05
   3.57724265e+02  -3.22964072e-04
   3.57724753e+02  -3.32072785e-04
   3.57725242e+02  -1.40478543e-04
   3.57725730e+02  -6.42611558e-05
   3.57726218e+02  -7.01376121e-05
   3.57726707e+02   8.68812422e-05
   3.57727195e+02  -1.25158695e-04
   3.57727683e+02  -7.87831319e-04
   3.57728172e+02  -1.10137195e-03
   3.57728660e+02  -7.34976900e-04
   3.57729148e+02  -9.41111139e-05
   3.57729637e+02   3.15976242e-04
   3.57730125e+02   2.44471681e-04
   3.57730613e+02  -3.49308866e-05
   3.57731102e+02   5.93628647e-05
   3.57731590e+02   4.59171890e-04
   3.57732078e+02   4.65654972e-04
   3.57732566e+02  -4.14510250e-05
   3.57733055e+02  -3.88008746e-04
   3.57733543e+02  -4.72529791e-05
   3.57734031e+02   4.98776848e-04
   3.57734520e+02   6.72934868e-04
   3.57735008e+02   5.52661193e-04
   3.57735496e+02   3.44417320e-04
   3.57735985e+02   3.49310081e-04
   3.57736473e+02   3.13433760e-04
   3.57736961e+02   4.78752976e-04
   3.57737450e+02   5.37581975e-04
   3.57737938e+02  -2.10447761e-04
   3.57738426e+02  -5.96029626e-04
   3.57738914e+02   9.69662069e-05
   3.57739403e+02   5.09257603e-04
   3.57739891e+02   2.58899527e-05
   3.57740379e+02  -1.85356126e-04
   3.57740868e+02   2.42974435e-04
   3.57741356e+02   4.85219643e-04
   3.57741844e+02   4.99242684e-04
   3.57742333e+02   7.25721358e-04
   3.57742821e+02   5.49726014e-04
   3.57743309e+02   1.63806180e-04
   3.57743798e+02   1.86213103e-04
   3.57744286e+02   2.98601226e-04
   3.57744774e+02   3.98507866e-04
   3.57745262e+02   3.47663969e-04
   3.57745751e+02  -6.08710870e-05
   3.57746239e+02  -4.12228954e-04
   3.57746727e+02  -3.65233311e-04
   3.57747216e+02  -6.94294722e-05
   3.57747704e+02  -2.02798881e-04
   3.57748192e+02  -5.14377549e-04
   3.57748681e+02  -5.59917302e-04
   3.57749169e+02  -4.59733710e-04
   3.57749657e+02   5.99719624e-06
   3.57750146e+02   4.22116835e-04
   3.57750634e+02   6.31021627e-04
   3.57751122e+02   4.24351601e-04
   3.57751610e+02   7.75625012e-05
   3.57752099e+02  -1.26084396e-05
   3.57752587e+02  -4.60966039e-05
   3.57753075e+02   1.96761466e-05
   3.57753564e+02  -2.61010835e-04
   3.57754052e+02  -4.61894640e-04
   3.57754540e+02  -1.85945319e-04
   3.57755029e+02  -1.50684995e-04
   3.57755517e+02  -6.30638329e-04
   3.57756005e+02  -8.61805922e-04
   3.57756494e+02  -4.66603029e-04
   3.57756982e+02  -5.95483107e-06
   3.57757470e+02   3.14498611e-04
   3.57757958e+02   4.57161048e-04
   3.57758447e+02   1.96951631e-04
   3.57758935e+02   1.98684167e-04
   3.57759423e+02   4.49123327e-04
   3.57759912e+02   2.61315436e-04
   3.57760400e+02  -9.91987836e-05
   3.57760888e+02  -5.07726101e-04
   3.57761377e+02  -7.78456568e-04
   3.57761865e+02  -4.02531645e-04
   3.57762353e+02  -3.26869282e-04
   3.57762842e+02  -6.65443775e-04
   3.57763330e+02  -2.83190922e-04
   3.57763818e+02   3.59892263e-04
   3.57764306e+02   6.39969308e-04
   3.57764795e+02   5.92071621e-04
   3.57765283e+02   2.10534447e-04
   3.57765771e+02  -2.06318218e-04
   3.57766260e+02  -8.99787410e-05
   3.57766748e+02   2.78332795e-04
   3.57767236e+02  -8.14431914e-05
   3.57767725e+02  -8.95012578e-04
   3.57768213e+02  -1.02743565e-03
   3.57768701e+02  -5.10772516e-04
   3.57769190e+02  -9.22430554e-05
   3.57769678e+02  -1.32170695e-04
   3.57770166e+02   9.11116149e-05
   3.57770655e+02   5.56546438e-04
   3.57771143e+02   4.32240195e-04
   3.57771631e+02   2.60987526e-05
   3.57772119e+02  -2.03077143e-04
   3.57772608e+02  -3.02080967e-04
   3.57773096e+02   3.97237345e-05
   3.57773584e+02   3.76758369e-04
   3.57774073e+02   2.39742280e-04
   3.57774561e+02   7.68836835e-05
   3.57775049e+02  -2.78086663e-04
   3.57775538e+02  -7.29944499e-04
   3.57776026e+02  -7.30674365e-04
   3.57776514e+02  -3.21952655e-04
   3.57777003e+02   1.30306682e-04
   3.57777491e+02   1.74637389e-04
   3.57777979e+02  -2.39064160e-04
   3.57778467e+02  -5.19264839e-04
   3.57778956e+02  -1.70240703e-04
   3.57779444e+02   2.76096776e-04
   3.57779932e+02   3.03666224e-04
   3.57780421e+02   2.34244522e-04
   3.57780909e+02   4.76703019e-04
   3.57781397e+02   5.35384810e-04
   3.57781886e+02   1.40487624e-04
   3.57782374e+02  -1.96885958e-04
   3.57782862e+02  -2.55997671e-04
   3.57783351e+02  -3.58546356e-04
   3.57783839e+02  -4.86356548e-05
   3.57784327e+02   8.97335529e-04
   3.57784815e+02   9.77362623e-04
   3.57785304e+02   3.51629365e-04
   3.57785792e+02   3.03874374e-04
   3.57786280e+02   5.63577807e-04
   3.57786769e+02   6.51421025e-04
   3.57787257e+02   2.88817537e-04
   3.57787745e+02  -2.78315041e-04
   3.57788234e+02  -2.13432562e-04
   3.57788722e+02   1.74129455e-04
   3.57789210e+02   1.63180433e-04
   3.57789699e+02   5.21028960e-05
   3.57790187e+02   3.13077006e-04
   3.57790675e+02   4.74807312e-04
   3.57791163e+02   2.44773255e-04
   3.57791652e+02  -1.32326983e-04
   3.57792140e+02  -2.91097007e-04
   3.57792628e+02  -8.88129798e-05
   3.57793117e+02   1.51674962e-04
   3.57793605e+02   7.83822470e-05
   3.57794093e+02  -1.02619269e-04
   3.57794582e+02  -2.28219142e-04
   3.57795070e+02  -2.53676408e-04
   3.57795558e+02   3.41325758e-05
   3.57796047e+02   6.50120317e-04
   3.57796535e+02   7.93241663e-04
   3.57797023e+02   2.07697813e-05
   3.57797511e+02  -5.76691586e-04
   3.57798000e+02  -4.34933871e-04
   3.57798488e+02  -2.41888905e-04
   3.57798976e+02  -2.99225037e-04
   3.57799465e+02  -2.59583379e-04
   3.57799953e+02  -1.72671760e-04
   3.57800441e+02  -2.87198083e-04
   3.57800930e+02  -2.46105657e-04
   3.57801418e+02  -5.04227464e-05
   3.57801906e+02  -1.30880057e-04
   3.57802395e+02  -4.35497903e-04
   3.57802883e+02  -5.46974712e-04
   3.57803371e+02  -5.08628960e-04
   3.57803859e+02  -5.55454521e-04
   3.57804348e+02  -2.79687491e-04
   3.57804836e+02   1.00695077e-04
   3.57805324e+02  -2.69883196e-04
   3.57805813e+02  -6.00943691e-04
   3.57806301e+02   1.18038315e-05
   3.57806789e+02   3.83869075e-04
   3.57807278e+02  -1.58320719e-04
   3.57807766e+02  -5.44567301e-04
   3.57808254e+02  -2.09626756e-04
   3.57808743e+02   2.14017738e-04
   3.57809231e+02   3.81114485e-04
   3.57809719e+02   1.52528431e-04
   3.57810208e+02  -2.29727390e-04
   3.57810696e+02  -3.88354849e-04
   3.57811184e+02  -5.28423465e-04
   3.57811672e+02  -7.65354431e-04
   3.57812161e+02  -7.63008778e-04
   3.57812649e+02  -4.58569149e-04
   3.57813137e+02  -2.29364130e-04
   3.57813626e+02  -2.61802168e-04
   3.57814114e+02  -6.38317026e-04
   3.57814602e+02  -7.25292426e-04
   3.57815091e+02  -3.06765258e-04
   3.57815579e+02   2.89835552e-05
   3.57816067e+02   3.87872569e-04
   3.57816556e+02   4.82816278e-04
   3.57817044e+02   1.14041351e-04
   3.57817532e+02  -3.75364616e-04
   3.57818020e+02  -4.63685603e-04
   3.57818509e+02  -4.48625406e-06
   3.57818997e+02   3.98195960e-04
   3.57819485e+02   3.52315343e-04
   3.57819974e+02   2.44111929e-04
   3.57820462e+02   3.94854316e-04
   3.57820950e+02   5.17717970e-04
   3.57821439e+02   3.99353041e-04
   3.57821927e+02   2.26404445e-04
   3.57822415e+02   2.91452488e-05
   3.57822904e+02  -2.10788159e-04
   3.57823392e+02  -4.71445383e-04
   3.57823880e+02  -5.23979368e-04
   3.57824368e+02  -2.40359092e-04
   3.57824857e+02   1.92417647e-05
   3.57825345e+02   1.42019790e-05
   3.57825833e+02  -1.72331667e-04
   3.57826322e+02  -3.53741634e-04
   3.57826810e+02  -2.90354656e-04
   3.57827298e+02  -3.46672750e-05
   3.57827787e+02   5.10691083e-04
   3.57828275e+02   7.07605155e-04
   3.57828763e+02   7.60160183e-05
   3.57829252e+02  -4.04538179e-04
   3.57829740e+02  -2.51190708e-04
   3.57830228e+02   8.90079900e-05
   3.57830716e+02   4.59356466e-04
   3.57831205e+02   8.84826295e-04
   3.57831693e+02   8.89947638e-04
   3.57832181e+02   2.25888391e-04
   3.57832670e+02  -2.47933116e-04
   3.57833158e+02   2.88977571e-06
   3.57833646e+02  -8.59333741e-05
   3.57834135e+02  -4.85465833e-04
   3.57834623e+02  -2.92655517e-04
   3.57835111e+02  -4.69611696e-05
   3.57835600e+02   9.31068571e-05
   3.57836088e+02   1.43491561e-04
   3.57836576e+02  -3.80471029e-04
   3.57837064e+02  -1.11672189e-03
   3.57837553e+02  -8.97346879e-04
   3.57838041e+02   1.09732253e-04
   3.57838529e+02  -3.37246602e-05
   3.57839018e+02  -1.97169415e-04
   3.57839506e+02   2.43090835e-04
   3.57839994e+02   6.49815542e-04
   3.57840483e+02   7.71673978e-04
   3.57840971e+02   5.91011951e-04
   3.57841459e+02   2.69159791e-04
   3.57841948e+02  -3.72278482e-05
   3.57842436e+02  -4.10870474e-04
   3.57842924e+02  -4.53184504e-04
   3.57843412e+02  -1.40044038e-04
   3.57843901e+02  -2.04398981e-04
   3.57844389e+02  -7.24201615e-04
   3.57844877e+02  -1.00188749e-03
   3.57845366e+02  -6.23048923e-04
   3.57845854e+02   2.31745926e-05
   3.57846342e+02   3.35926379e-05
   3.57846831e+02  -3.47385503e-04
   3.57847319e+02  -3.47871792e-05
   3.57847807e+02   4.19081829e-04
   3.57848296e+02   1.44469290e-04
   3.57848784e+02  -3.92889633e-04
   3.57849272e+02  -5.83427784e-04
   3.57849761e+02  -3.95741517e-04
   3.57850249e+02  -4.64887380e-05
   3.57850737e+02  -4.69419610e-05
   3.57851225e+02  -9.99831755e-05
   3.57851714e+02   1.91694198e-04
   3.57852202e+02   3.54855700e-04
   3.57852690e+02   1.52405686e-04
   3.57853179e+02   1.48860665e-04
   3.57853667e+02   3.06429341e-04
   3.57854155e+02   7.99322806e-05
   3.57854644e+02  -2.91368226e-04
   3.57855132e+02  -3.04321176e-04
   3.57855620e+02   2.92369605e-05
   3.57856109e+02   1.85988538e-04
   3.57856597e+02  -8.77837592e-05
   3.57857085e+02  -3.20782128e-04
   3.57857573e+02  -2.71975994e-04
   3.57858062e+02   1.49158339e-04
   3.57858550e+02   5.02270646e-04
   3.57859038e+02   4.16526193e-04
   3.57859527e+02   8.70289223e-05
   3.57860015e+02  -1.38728414e-04
   3.57860503e+02  -2.76186678e-04
   3.57860992e+02  -2.29512400e-04
   3.57861480e+02  -3.98615484e-05
   3.57861968e+02  -1.14285749e-05
   3.57862457e+02   4.27439818e-06
   3.57862945e+02   6.34416574e-05
   3.57863433e+02   8.98164872e-05
   3.57863921e+02   2.36766413e-04
   3.57864410e+02   4.15900082e-04
   3.57864898e+02   5.08531753e-04
   3.57865386e+02   4.72854299e-04
   3.57865875e+02   1.29825043e-04
   3.57866363e+02  -2.75070750e-04
   3.57866851e+02  -6.25009590e-04
   3.57867340e+02  -7.16785726e-04
   3.57867828e+02  -3.75109987e-04
   3.57868316e+02  -1.84569231e-04
   3.57868805e+02  -2.11122824e-04
   3.57869293e+02  -2.49015604e-04
   3.57869781e+02  -2.26679680e-04
   3.57870269e+02   4.45099504e-05
   3.57870758e+02   6.34202952e-05
   3.57871246e+02  -4.54465859e-04
   3.57871734e+02  -4.84526216e-04
   3.57872223e+02   7.37680748e-05
   3.57872711e+02   3.52143834e-04
   3.57873199e+02   2.72330013e-04
   3.57873688e+02   5.50211589e-05
   3.57874176e+02  -3.98168137e-04
   3.57874664e+02  -5.58223634e-04
   3.57875153e+02  -3.03645968e-04
   3.57875641e+02  -2.54221464e-04
   3.57876129e+02  -1.77137612e-04
   3.57876617e+02  -1.42140425e-05
   3.57877106e+02   4.88994592e-05
   3.57877594e+02   7.05074854e-05
   3.57878082e+02   5.31022379e-05
   3.57878571e+02  -8.03848889e-05
   3.57879059e+02  -1.11607456e-04
   3.57879547e+02   2.60783534e-04
   3.57880036e+02   4.97763860e-04
   3.57880524e+02   1.44930222e-04
   3.57881012e+02  -1.33356216e-05
   3.57881501e+02   2.78589083e-04
   3.57881989e+02   3.53634852e-04
   3.57882477e+02   2.77141837e-04
   3.57882965e+02   3.14315512e-05
   3.57883454e+02  -3.80699552e-04
   3.57883942e+02  -8.03419040e-04
   3.57884430e+02  -1.00623944e-03
   3.57884919e+02  -8.09334510e-04
   3.57885407e+02  -5.25596610e-04
   3.57885895e+02  -4.93443862e-04
   3.57886384e+02  -4.55803354e-04
   3.57886872e+02  -3.40972096e-04
   3.57887360e+02  -2.66505987e-04
   3.57887849e+02   2.27283977e-04
   3.57888337e+02   7.19458098e-04
   3.57888825e+02   9.00569605e-04
   3.57889314e+02   1.01549691e-03
   3.57889802e+02   8.20230285e-04
   3.57890290e+02   4.37894079e-04
   3.57890778e+02   2.28802877e-04
   3.57891267e+02   1.15012299e-04
   3.57891755e+02  -1.11510388e-04
   3.57892243e+02  -1.55991074e-04
   3.57892732e+02   3.66794193e-05
   3.57893220e+02   1.75742724e-04
   3.57893708e+02   1.88441205e-04
   3.57894197e+02   1.76970862e-04
   3.57894685e+02   1.31113004e-04
   3.57895173e+02  -8.06830849e-06
   3.57895662e+02  -7.45351354e-05
   3.57896150e+02  -2.00109585e-04
   3.57896638e+02  -2.17525696e-04
   3.57897126e+02   2.59799581e-05
   3.57897615e+02   4.31708642e-04
   3.57898103e+02   6.76177558e-04
   3.57898591e+02   6.86949061e-04
   3.57899080e+02   4.74674744e-04
   3.57899568e+02   4.46800550e-04
   3.57900056e+02   6.43909443e-04
   3.57900545e+02   5.19673398e-04
   3.57901033e+02   4.75968409e-05
   3.57901521e+02  -1.50922206e-04
   3.57902010e+02   1.03696417e-04
   3.57902498e+02   3.74697789e-04
   3.57902986e+02   3.85320483e-04
   3.57903474e+02   2.72600621e-04
   3.57903963e+02   1.33989612e-04
   3.57904451e+02   7.74516593e-05
   3.57904939e+02   2.68287142e-04
   3.57905428e+02   5.08286699e-04
   3.57905916e+02   4.94234846e-04
   3.57906404e+02   2.44297757e-04
   3.57906893e+02   6.30622162e-05
   3.57907381e+02   2.31335041e-04
   3.57907869e+02   3.77835269e-04
   3.57908358e+02   4.05621773e-04
   3.57908846e+02   5.11595164e-04
   3.57909334e+02   4.94016625e-04
   3.57909822e+02   3.49680602e-04
   3.57910311e+02   2.59993831e-04
   3.57910799e+02   2.88367999e-04
   3.57911287e+02   2.36883570e-04
   3.57911776e+02   2.64837363e-05
   3.57912264e+02  -7.30852335e-05
   3.57912752e+02  -2.75804428e-04
   3.57913241e+02  -5.98468119e-04
   3.57913729e+02  -4.78941249e-04
   3.57914217e+02  -9.89639157e-05
   3.57914706e+02   1.79130468e-04
   3.57915194e+02   1.51596934e-04
   3.57915682e+02  -3.73188435e-04
   3.57916170e+02  -9.53601731e-04
   3.57916659e+02  -9.22400272e-04
   3.57917147e+02  -3.05953930e-04
   3.57917635e+02  -4.71936528e-06
   3.57918124e+02  -4.90906357e-04
   3.57918612e+02  -6.65437197e-04
   3.57919100e+02  -2.70318269e-04
   3.57919589e+02  -8.48364944e-05
   3.57920077e+02  -1.15049457e-04
   3.57920565e+02   1.26504776e-04
   3.57921054e+02   5.18836197e-04
   3.57921542e+02   7.17193645e-04
   3.57922030e+02   8.63368507e-04
   3.57922518e+02   1.03139377e-03
   3.57923007e+02   7.52957596e-04
   3.57923495e+02   1.34460919e-04
   3.57923983e+02  -2.00190523e-04
   3.57924472e+02   6.95212002e-05
   3.57924960e+02   3.64708219e-04
   3.57925448e+02   2.30717153e-04
   3.57925937e+02   8.23557275e-05
   3.57926425e+02  -2.14736690e-04
   3.57926913e+02  -2.71613535e-04
   3.57927402e+02   1.18461976e-05
   3.57927890e+02  -2.23504230e-06
   3.57928378e+02   1.16001911e-05
   3.57928867e+02   2.02330717e-04
   3.57929355e+02   7.19761010e-05
   3.57929843e+02  -2.82050227e-04
   3.57930331e+02  -6.10769843e-04
   3.57930820e+02  -6.56132528e-04
   3.57931308e+02  -2.72007921e-04
   3.57931796e+02   1.52063250e-04
   3.57932285e+02   3.14393896e-04
   3.57932773e+02   4.01220314e-04
   3.57933261e+02   4.06556297e-04
   3.57933750e+02   3.83027014e-04
   3.57934238e+02   5.56608546e-04
   3.57934726e+02   6.65353553e-04
   3.57935215e+02   7.31678912e-04
   3.57935703e+02   6.79990277e-04
   3.57936191e+02   8.17838445e-05
   3.57936679e+02  -2.84470210e-04
   3.57937168e+02   1.08144210e-04
   3.57937656e+02   1.70517509e-04
   3.57938144e+02   3.68960318e-05
   3.57938633e+02   2.47404096e-04
   3.57939121e+02  -2.41918795e-04
   3.57939609e+02  -9.60797421e-04
   3.57940098e+02  -9.56186501e-04
   3.57940586e+02  -6.15354569e-04
   3.57941074e+02  -3.81998747e-04
   3.57941563e+02  -1.82435222e-04
   3.57942051e+02   9.73996212e-05
   3.57942539e+02   2.27524361e-04
   3.57943027e+02   1.97856149e-04
   3.57943516e+02  -1.23638951e-04
   3.57944004e+02  -5.20744070e-04
   3.57944492e+02  -3.72309529e-04
   3.57944981e+02   3.33195567e-05
   3.57945469e+02   4.13296017e-04
   3.57945957e+02   4.66691767e-04
   3.57946446e+02   1.32425863e-04
   3.57946934e+02   6.51651280e-05
   3.57947422e+02   2.09683523e-04
   3.57947911e+02   3.58707592e-04
   3.57948399e+02   3.25597794e-04
   3.57948887e+02  -9.60869875e-05
   3.57949375e+02  -3.93110386e-04
   3.57949864e+02  -1.16971452e-04
   3.57950352e+02   7.68851969e-05
   3.57950840e+02  -7.04663107e-05
   3.57951329e+02  -7.24385536e-05
   3.57951817e+02   1.20360441e-04
   3.57952305e+02   4.01241887e-05
   3.57952794e+02  -2.70939025e-04
   3.57953282e+02  -2.10444021e-04
   3.57953770e+02  -1.46891311e-04
   3.57954259e+02  -4.74063912e-04
   3.57954747e+02  -8.33123690e-04
   3.57955235e+02  -8.69424548e-04
   3.57955723e+02  -1.08014792e-03
   3.57956212e+02  -1.27573975e-03
   3.57956700e+02  -7.00320583e-04
   3.57957188e+02   2.65220675e-04
   3.57957677e+02   5.65362046e-04
   3.57958165e+02   3.65527405e-04
   3.57958653e+02  -2.22739705e-04
   3.57959142e+02  -6.27238711e-04
   3.57959630e+02  -5.32182385e-05
   3.57960118e+02   5.01378148e-04
   3.57960607e+02   2.69827200e-04
   3.57961095e+02  -4.03619255e-04
   3.57961583e+02  -8.07557662e-04
   3.57962071e+02  -7.07086292e-04
   3.57962560e+02  -5.67974639e-04
   3.57963048e+02  -4.15827351e-04
   3.57963536e+02  -3.09905095e-04
   3.57964025e+02  -1.15714705e-04
   3.57964513e+02   1.28463231e-04
   3.57965001e+02   1.18990960e-04
   3.57965490e+02   1.57087779e-04
   3.57965978e+02   1.21948833e-04
   3.57966466e+02  -2.23918367e-04
   3.57966955e+02  -3.13355529e-04
   3.57967443e+02  -1.35957904e-04
   3.57967931e+02   1.30212647e-04
   3.57968420e+02   2.26889431e-04
   3.57968908e+02   5.49820252e-05
   3.57969396e+02   6.01607826e-05
   3.57969884e+02   5.69973381e-05
   3.57970373e+02  -2.89368181e-05
   3.57970861e+02   6.40245344e-05
   3.57971349e+02   2.84000300e-04
   3.57971838e+02   3.68533249e-04
   3.57972326e+02   2.13634601e-04
   3.57972814e+02   1.63155259e-04
   3.57973303e+02   2.97056598e-04
   3.57973791e+02   5.92909288e-04
   3.57974279e+02   7.24003068e-04
   3.57974768e+02   2.63134338e-04
   3.57975256e+02  -1.52737030e-05
   3.57975744e+02   2.66808318e-04
   3.57976232e+02   3.86311644e-04
   3.57976721e+02   2.61230976e-04
   3.57977209e+02   2.69846554e-04
   3.57977697e+02   4.15570568e-04
   3.57978186e+02   1.94175227e-04
   3.57978674e+02   2.30424466e-05
   3.57979162e+02   2.37780972e-04
   3.57979651e+02  -3.43250831e-05
   3.57980139e+02  -4.58614581e-04
   3.57980627e+02   1.32961126e-04
   3.57981116e+02   7.46549282e-04
   3.57981604e+02   6.60706952e-04
   3.57982092e+02   4.62302181e-04
   3.57982580e+02   1.71663021e-04
   3.57983069e+02  -1.32408139e-04
   3.57983557e+02   7.36450893e-05
   3.57984045e+02   3.37473379e-04
   3.57984534e+02   4.27350533e-05
   3.57985022e+02  -6.87377178e-04
   3.57985510e+02  -1.04116346e-03
   3.57985999e+02  -8.41323927e-04
   3.57986487e+02  -4.65252902e-04
   3.57986975e+02  -5.58149004e-05
   3.57987464e+02  -2.01025578e-05
   3.57987952e+02  -3.79669043e-04
   3.57988440e+02  -4.63357283e-04
   3.57988928e+02  -2.03632735e-04
   3.57989417e+02   1.63731471e-04
   3.57989905e+02   3.18250270e-04
   3.57990393e+02   1.85930054e-04
   3.57990882e+02  -1.59061383e-05
   3.57991370e+02  -2.90928787e-04
   3.57991858e+02  -3.61586426e-04
   3.57992347e+02   2.31547456e-04
   3.57992835e+02   7.92975072e-04
   3.57993323e+02   4.87688318e-04
   3.57993812e+02   4.56849193e-05
   3.57994300e+02   1.88252292e-04
   3.57994788e+02   5.25516953e-05
   3.57995276e+02  -5.63873735e-04
   3.57995765e+02  -8.06839438e-04
   3.57996253e+02  -7.06324994e-04
   3.57996741e+02  -5.05826261e-04
   3.57997230e+02  -3.19688872e-04
   3.57997718e+02   5.09013989e-05
   3.57998206e+02   5.96452854e-04
   3.57998695e+02   6.16448582e-04
   3.57999183e+02   2.43741801e-04
   3.57999671e+02   7.58132519e-05
   3.58000160e+02  -1.87564277e-04
   3.58000648e+02  -4.21672594e-04
   3.58001136e+02  -4.02924896e-04
   3.58001624e+02  -3.98547796e-04
   3.58002113e+02  -4.34886402e-04
   3.58002601e+02  -3.00330168e-04
   3.58003089e+02   8.57255873e-05
   3.58003578e+02   3.34730837e-04
   3.58004066e+02   1.76795409e-04
   3.58004554e+02  -8.78898354e-05
   3.58005043e+02  -4.51958447e-04
   3.58005531e+02  -7.10495398e-04
   3.58006019e+02  -4.79094335e-04
   3.58006508e+02  -7.09307642e-05
   3.58006996e+02   2.57378590e-04
   3.58007484e+02   2.30910169e-04
   3.58007973e+02  -1.31186374e-04
   3.58008461e+02  -2.63187743e-04
   3.58008949e+02  -1.52297260e-04
   3.58009437e+02  -2.04614611e-04
   3.58009926e+02  -2.45629519e-04
   3.58010414e+02  -2.41307018e-04
   3.58010902e+02  -3.45173641e-04
   3.58011391e+02  -4.13494679e-04
   3.58011879e+02  -3.09695810e-04
   3.58012367e+02  -1.14191920e-04
   3.58012856e+02  -7.67424935e-05
   3.58013344e+02  -1.47733781e-05
   3.58013832e+02   5.84803405e-04
   3.58014321e+02   7.64686440e-04
   3.58014809e+02   4.64079727e-04
   3.58015297e+02  -1.51330867e-04
   3.58015785e+02  -7.60881812e-04
   3.58016274e+02  -9.28394671e-04
   3.58016762e+02  -6.79437537e-04
   3.58017250e+02  -4.46216727e-04
   3.58017739e+02  -2.97737919e-04
   3.58018227e+02  -2.34748266e-04
   3.58018715e+02  -2.73061014e-04
   3.58019204e+02   5.60714143e-05
   3.58019692e+02   1.01899001e-04
   3.58020180e+02  -4.30517888e-04
   3.58020669e+02  -5.97052625e-04
   3.58021157e+02  -4.55300818e-04
   3.58021645e+02   6.08349656e-05
   3.58022133e+02   4.66075842e-04
   3.58022622e+02   2.36201886e-04
   3.58023110e+02  -4.29487845e-05
   3.58023598e+02  -4.55544505e-04
   3.58024087e+02  -8.47236079e-04
   3.58024575e+02  -4.75881679e-04
   3.58025063e+02   4.83258882e-05
   3.58025552e+02   1.12337912e-04
   3.58026040e+02   2.33717437e-05
   3.58026528e+02   1.93975022e-04
   3.58027017e+02   3.48904287e-04
   3.58027505e+02   1.81773270e-04
   3.58027993e+02  -1.68389088e-04
   3.58028481e+02  -3.06144648e-04
   3.58028970e+02  -2.48028868e-04
   3.58029458e+02  -3.35073186e-04
   3.58029946e+02  -3.53658193e-04
   3.58030435e+02  -3.01543536e-04
   3.58030923e+02  -2.69920911e-05
   3.58031411e+02   4.04951337e-04
   3.58031900e+02   4.26458078e-04
   3.58032388e+02   1.30509929e-04
   3.58032876e+02  -1.30709814e-04
   3.58033365e+02  -2.56679225e-04
   3.58033853e+02  -3.26192705e-04
   3.58034341e+02  -1.50259249e-04
   3.58034829e+02   1.98071775e-05
   3.58035318e+02   3.41112318e-05
   3.58035806e+02   1.10273919e-04
   3.58036294e+02  -2.77352319e-05
   3.58036783e+02  -2.58527638e-04
   3.58037271e+02  -2.00913855e-04
   3.58037759e+02   2.23746203e-04
   3.58038248e+02   6.17460639e-04
   3.58038736e+02   6.14912191e-04
   3.58039224e+02   4.72968852e-04
   3.58039713e+02   3.04450514e-04
   3.58040201e+02   1.34117028e-04
   3.58040689e+02   2.13955485e-04
   3.58041177e+02   5.31414815e-04
   3.58041666e+02   4.76290996e-04
   3.58042154e+02   2.82398745e-04
   3.58042642e+02   2.15203720e-04
   3.58043131e+02   4.62013923e-05
   3.58043619e+02   1.25160281e-04
   3.58044107e+02   2.86466908e-04
   3.58044596e+02   3.20066902e-04
   3.58045084e+02   3.25141940e-04
   3.58045572e+02   8.38492706e-05
   3.58046061e+02  -1.28471889e-04
   3.58046549e+02  -2.15753127e-04
   3.58047037e+02  -3.99601209e-04
   3.58047526e+02  -1.23796679e-04
   3.58048014e+02   3.60866630e-04
   3.58048502e+02  -3.98073598e-06
   3.58048990e+02  -4.29524953e-04
   3.58049479e+02  -1.48754145e-04
   3.58049967e+02   1.29955923e-04
   3.58050455e+02   3.60129168e-04
   3.58050944e+02   5.29368466e-04
   3.58051432e+02   3.78074998e-04
   3.58051920e+02   1.13417271e-04
   3.58052409e+02  -1.25991122e-04
   3.58052897e+02  -3.16998019e-04
   3.58053385e+02  -3.98304430e-04
   3.58053874e+02  -4.15948132e-04
   3.58054362e+02  -2.21149705e-04
   3.58054850e+02  -9.73895512e-05
   3.58055338e+02  -1.25521925e-04
   3.58055827e+02  -2.48852361e-04
   3.58056315e+02  -2.72970268e-04
   3.58056803e+02  -5.08842531e-05
   3.58057292e+02   2.50487967e-04
   3.58057780e+02   8.35504150e-04
   3.58058268e+02   8.96582031e-04
   3.58058757e+02   2.18025918e-04
   3.58059245e+02  -1.06125335e-04
   3.58059733e+02  -5.41999070e-05
   3.58060222e+02   6.93597758e-05
   3.58060710e+02  -2.57140840e-04
   3.58061198e+02  -7.57264032e-04
   3.58061686e+02  -2.01935720e-04
   3.58062175e+02   5.38357941e-04
   3.58062663e+02   4.86953941e-04
   3.58063151e+02   3.44877189e-04
   3.58063640e+02   8.00497801e-05
   3.58064128e+02  -3.30746756e-04
   3.58064616e+02  -3.08524031e-04
   3.58065105e+02   7.55380970e-05
   3.58065593e+02   5.43214323e-04
   3.58066081e+02   6.64772233e-04
   3.58066570e+02   3.02902801e-04
   3.58067058e+02   2.01941279e-04
   3.58067546e+02   1.87777056e-04
   3.58068034e+02  -1.09841661e-04
   3.58068523e+02  -2.64282979e-04
   3.58069011e+02  -1.97141708e-04
   3.58069499e+02   3.35949626e-05
   3.58069988e+02   1.34768343e-04
   3.58070476e+02  -6.75491465e-05
