frequency (GHz), flux (Jy/beam)
   3.56198789e+02   2.44362018e-04
   3.56199277e+02   1.69320017e-04
   3.56199766e+02   2.00142429e-04
   3.56200254e+02   1.23847873e-04
   3.56200742e+02   9.64151623e-05
   3.56201231e+02  -3.33954886e-05
   3.56201719e+02  -5.83506830e-04
   3.56202207e+02  -5.61941066e-04
   3.56202695e+02   8.16695974e-05
   3.56203184e+02  -3.18848324e-05
   3.56203672e+02  -3.36702418e-04
   3.56204160e+02   1.47301500e-06
   3.56204649e+02  -6.74156763e-05
   3.56205137e+02  -5.90430922e-04
   3.56205625e+02  -4.06114181e-04
   3.56206114e+02   3.65305605e-05
   3.56206602e+02  -2.48272147e-04
   3.56207090e+02  -4.45732992e-04
   3.56207579e+02  -5.58008287e-05
   3.56208067e+02   1.43787765e-04
   3.56208555e+02   1.09490888e-04
   3.56209044e+02  -7.95977103e-05
   3.56209532e+02  -2.74753460e-04
   3.56210020e+02  -6.58542631e-05
   3.56210508e+02   2.86258786e-04
   3.56210997e+02   4.42671211e-04
   3.56211485e+02   4.08756954e-04
   3.56211973e+02   2.58443877e-04
   3.56212462e+02   1.17347763e-05
   3.56212950e+02   2.22310118e-04
   3.56213438e+02   6.48520305e-04
   3.56213927e+02   7.45279540e-04
   3.56214415e+02   4.00521938e-04
   3.56214903e+02  -3.02039029e-04
   3.56215392e+02  -5.41336311e-04
   3.56215880e+02  -3.36280122e-04
   3.56216368e+02  -2.89973570e-04
   3.56216856e+02  -3.88790708e-04
   3.56217345e+02  -1.70581494e-04
   3.56217833e+02   6.08453010e-05
   3.56218321e+02   6.70201480e-05
   3.56218810e+02  -3.09767056e-04
   3.56219298e+02  -8.17053544e-04
   3.56219786e+02  -4.08009160e-04
   3.56220275e+02   1.99299568e-04
   3.56220763e+02   3.64513893e-04
   3.56221251e+02   3.94431467e-04
   3.56221740e+02  -1.01348058e-04
   3.56222228e+02  -3.03779321e-04
   3.56222716e+02   2.88618845e-04
   3.56223204e+02   4.33231704e-04
   3.56223693e+02   2.65655923e-04
   3.56224181e+02   3.61728657e-04
   3.56224669e+02   1.66830258e-04
   3.56225158e+02  -1.54586960e-04
   3.56225646e+02   2.87527480e-04
   3.56226134e+02   8.13309569e-04
   3.56226623e+02   5.29978541e-04
   3.56227111e+02   2.93876597e-04
   3.56227599e+02   1.58394934e-04
   3.56228088e+02  -8.15794410e-05
   3.56228576e+02  -9.10575982e-05
   3.56229064e+02   3.14680765e-05
   3.56229552e+02   1.05703148e-04
   3.56230041e+02   5.75545186e-04
   3.56230529e+02   1.09575107e-03
   3.56231017e+02   7.55312853e-04
   3.56231506e+02  -9.29246162e-05
   3.56231994e+02  -4.57769522e-04
   3.56232482e+02  -9.78500684e-05
   3.56232971e+02   2.08813784e-04
   3.56233459e+02  -1.54393401e-05
   3.56233947e+02  -1.33604961e-04
   3.56234436e+02   7.23796848e-06
   3.56234924e+02   2.07376201e-04
   3.56235412e+02   6.81613572e-04
   3.56235900e+02   7.68233615e-04
   3.56236389e+02   1.48511099e-04
   3.56236877e+02  -6.17327896e-05
   3.56237365e+02   7.44303325e-05
   3.56237854e+02   2.22531162e-04
   3.56238342e+02   6.33691729e-04
   3.56238830e+02   5.47448813e-04
   3.56239319e+02   9.76302399e-05
   3.56239807e+02   6.29995629e-05
   3.56240295e+02   2.52767240e-05
   3.56240784e+02  -4.28357744e-04
   3.56241272e+02  -6.20377483e-04
   3.56241760e+02  -9.18279547e-05
   3.56242248e+02   2.62614834e-04
   3.56242737e+02  -3.37768906e-05
   3.56243225e+02  -2.32910272e-04
   3.56243713e+02  -3.01088672e-04
   3.56244202e+02  -5.60301240e-04
   3.56244690e+02  -7.46214006e-04
   3.56245178e+02  -6.93707378e-04
   3.56245667e+02  -1.96989015e-04
   3.56246155e+02   4.13634552e-04
   3.56246643e+02   5.80620836e-04
   3.56247132e+02   2.01391027e-04
   3.56247620e+02  -1.00040605e-04
   3.56248108e+02   7.55578367e-05
   3.56248597e+02   1.78642105e-04
   3.56249085e+02   7.55399524e-05
   3.56249573e+02   7.73505744e-05
   3.56250061e+02   1.97655463e-04
   3.56250550e+02   5.77566796e-04
   3.56251038e+02   4.77840978e-04
   3.56251526e+02  -3.67316352e-05
   3.56252015e+02   1.85128069e-04
   3.56252503e+02   5.95930673e-04
   3.56252991e+02   4.03771730e-04
   3.56253480e+02   4.92186809e-05
   3.56253968e+02  -8.38355991e-05
   3.56254456e+02  -2.29058511e-04
   3.56254945e+02  -2.16298489e-04
   3.56255433e+02   1.19241900e-04
   3.56255921e+02   3.47053341e-04
   3.56256409e+02   3.85558305e-05
   3.56256898e+02  -2.95603764e-04
   3.56257386e+02   2.36023363e-04
   3.56257874e+02   6.24380948e-04
   3.56258363e+02   4.06259700e-04
   3.56258851e+02   1.04169900e-04
   3.56259339e+02  -3.69777699e-04
   3.56259828e+02  -2.34564897e-04
   3.56260316e+02   3.96472256e-04
   3.56260804e+02   4.96361637e-04
   3.56261293e+02   5.30851132e-04
   3.56261781e+02   7.75859226e-04
   3.56262269e+02   5.47886884e-04
   3.56262757e+02  -1.20635210e-04
   3.56263246e+02  -2.91893259e-04
   3.56263734e+02   1.29021908e-04
   3.56264222e+02   2.88192212e-04
   3.56264711e+02   3.66331980e-04
   3.56265199e+02   6.54880074e-04
   3.56265687e+02   6.25901215e-04
   3.56266176e+02  -9.81588983e-06
   3.56266664e+02  -4.56961570e-04
   3.56267152e+02  -3.52106203e-04
   3.56267641e+02  -1.19366145e-04
   3.56268129e+02   4.00042627e-04
   3.56268617e+02   8.95490055e-04
   3.56269105e+02   4.86959238e-04
   3.56269594e+02   2.15498017e-04
   3.56270082e+02   7.37788505e-04
   3.56270570e+02   9.25845001e-04
   3.56271059e+02   5.79555461e-04
   3.56271547e+02   2.52767524e-04
   3.56272035e+02   2.46708689e-04
   3.56272524e+02   2.09752878e-04
   3.56273012e+02  -1.36106464e-05
   3.56273500e+02   1.54693480e-04
   3.56273989e+02   2.82990950e-04
   3.56274477e+02   2.20514979e-04
   3.56274965e+02   4.59667644e-04
   3.56275453e+02   7.52854161e-04
   3.56275942e+02   7.11094006e-04
   3.56276430e+02   2.33824539e-04
   3.56276918e+02  -3.94933391e-04
   3.56277407e+02  -3.79645964e-04
   3.56277895e+02   9.54806383e-05
   3.56278383e+02   4.95447428e-04
   3.56278872e+02   7.23011268e-04
   3.56279360e+02   6.89755951e-04
   3.56279848e+02   5.94214536e-04
   3.56280337e+02   2.65278970e-04
   3.56280825e+02   1.51967528e-04
   3.56281313e+02   3.42885265e-04
   3.56281801e+02   3.23724380e-04
   3.56282290e+02   1.11914072e-04
   3.56282778e+02  -4.18650074e-04
   3.56283266e+02  -7.21079821e-04
   3.56283755e+02  -5.76755498e-04
   3.56284243e+02  -1.54412701e-04
   3.56284731e+02   4.20978729e-04
   3.56285220e+02   4.40932141e-04
   3.56285708e+02   3.62174032e-04
   3.56286196e+02   7.82114104e-04
   3.56286685e+02   9.23710002e-04
   3.56287173e+02   4.32060187e-04
   3.56287661e+02   2.65732349e-04
   3.56288150e+02   6.29612070e-04
   3.56288638e+02   4.32639150e-04
   3.56289126e+02   1.16247165e-05
   3.56289614e+02  -1.11486288e-05
   3.56290103e+02   1.58782757e-04
   3.56290591e+02   4.64239100e-04
   3.56291079e+02   9.64304199e-04
   3.56291568e+02   9.59280995e-04
   3.56292056e+02   4.16402094e-04
   3.56292544e+02   1.48913852e-04
   3.56293033e+02   1.15127987e-04
   3.56293521e+02  -2.15073509e-04
   3.56294009e+02  -3.39350809e-04
   3.56294498e+02  -3.24340683e-04
   3.56294986e+02  -3.74645577e-04
   3.56295474e+02  -3.24497785e-04
   3.56295962e+02  -4.54064633e-04
   3.56296451e+02  -5.08956960e-04
   3.56296939e+02  -2.99396459e-04
   3.56297427e+02  -1.62796307e-04
   3.56297916e+02   8.56470651e-05
   3.56298404e+02   4.93096479e-04
   3.56298892e+02   3.45099717e-04
   3.56299381e+02  -1.08490931e-05
   3.56299869e+02  -9.24161432e-05
   3.56300357e+02  -3.54259362e-04
   3.56300846e+02  -2.45425064e-04
   3.56301334e+02  -2.21885915e-04
   3.56301822e+02  -5.02700335e-04
   3.56302310e+02  -5.12269733e-04
   3.56302799e+02  -3.86003230e-04
   3.56303287e+02  -2.11439969e-04
   3.56303775e+02   2.14715779e-04
   3.56304264e+02   4.03295649e-04
   3.56304752e+02   9.90788103e-05
   3.56305240e+02  -3.94234121e-05
   3.56305729e+02  -2.72776699e-04
   3.56306217e+02  -9.87389474e-04
   3.56306705e+02  -1.07396801e-03
   3.56307194e+02  -6.61276630e-04
   3.56307682e+02  -3.93067719e-04
   3.56308170e+02   5.07598743e-05
   3.56308658e+02  -1.29551445e-05
   3.56309147e+02  -6.12789765e-04
   3.56309635e+02  -2.16985631e-04
   3.56310123e+02   6.85427920e-04
   3.56310612e+02   3.97352094e-04
   3.56311100e+02  -2.07392062e-04
   3.56311588e+02   6.48987424e-08
   3.56312077e+02  -6.52489325e-05
   3.56312565e+02  -3.17944214e-04
   3.56313053e+02  -1.01609090e-04
   3.56313542e+02   3.78527184e-04
   3.56314030e+02   1.18101016e-03
   3.56314518e+02   6.78823504e-04
   3.56315006e+02  -4.19009390e-04
   3.56315495e+02  -4.82706819e-04
   3.56315983e+02   1.63603661e-04
   3.56316471e+02  -1.03848572e-04
   3.56316960e+02  -9.33656120e-04
   3.56317448e+02  -9.05202469e-04
   3.56317936e+02  -2.81768211e-04
   3.56318425e+02  -1.35636001e-04
   3.56318913e+02  -3.29758564e-04
   3.56319401e+02  -4.31495282e-05
   3.56319890e+02   2.64270144e-04
   3.56320378e+02  -1.34941714e-04
   3.56320866e+02  -3.94854607e-04
   3.56321354e+02  -7.34315254e-05
   3.56321843e+02  -9.63860584e-05
   3.56322331e+02  -1.96849636e-04
   3.56322819e+02   3.03150900e-05
   3.56323308e+02   4.22269863e-04
   3.56323796e+02   6.35660894e-04
   3.56324284e+02   2.96495913e-04
   3.56324773e+02  -9.94707661e-05
   3.56325261e+02  -5.99021005e-05
   3.56325749e+02   2.59440072e-04
   3.56326238e+02   2.86701281e-04
   3.56326726e+02  -8.43354337e-06
   3.56327214e+02  -2.09821752e-04
   3.56327702e+02  -2.29789090e-04
   3.56328191e+02  -3.08104209e-04
   3.56328679e+02  -5.64195216e-04
   3.56329167e+02  -8.37696891e-04
   3.56329656e+02  -8.19278648e-04
   3.56330144e+02  -2.93200981e-04
   3.56330632e+02   1.96247551e-04
   3.56331121e+02   2.70438090e-04
   3.56331609e+02   4.47979954e-04
   3.56332097e+02   3.24538531e-04
   3.56332586e+02   2.75104867e-05
   3.56333074e+02   2.14085085e-04
   3.56333562e+02   6.59004436e-04
   3.56334051e+02   1.94366337e-04
   3.56334539e+02  -2.68300530e-04
   3.56335027e+02   4.94798413e-04
   3.56335515e+02   9.16832767e-04
   3.56336004e+02   1.38084899e-04
   3.56336492e+02  -6.29902061e-04
   3.56336980e+02  -6.32895681e-04
   3.56337469e+02   1.06200067e-04
   3.56337957e+02   8.00052425e-04
   3.56338445e+02   1.06421462e-03
   3.56338934e+02   8.37741653e-04
   3.56339422e+02   2.37919521e-04
   3.56339910e+02   3.66352877e-04
   3.56340399e+02   6.90951012e-04
   3.56340887e+02   4.82723262e-04
   3.56341375e+02   4.20908211e-04
   3.56341863e+02   3.34250217e-04
   3.56342352e+02  -8.85707632e-05
   3.56342840e+02  -1.30700777e-04
   3.56343328e+02  -4.39017094e-05
   3.56343817e+02  -3.40619648e-04
   3.56344305e+02  -7.06345250e-04
   3.56344793e+02  -5.14363521e-04
   3.56345282e+02   8.86829730e-05
   3.56345770e+02   2.38251552e-04
   3.56346258e+02  -8.03261937e-05
   3.56346747e+02  -5.43483475e-04
   3.56347235e+02  -3.35786579e-04
   3.56347723e+02   4.81083007e-05
   3.56348211e+02   6.21201398e-05
   3.56348700e+02   1.85685945e-04
   3.56349188e+02   1.64712750e-04
   3.56349676e+02   6.38251950e-05
   3.56350165e+02   1.60883777e-04
   3.56350653e+02   4.96906403e-04
   3.56351141e+02   5.54185535e-04
   3.56351630e+02   3.14503530e-04
   3.56352118e+02   2.57116888e-04
   3.56352606e+02   2.83617439e-04
   3.56353095e+02   6.24852619e-05
   3.56353583e+02  -2.98126834e-04
   3.56354071e+02  -7.10547902e-04
   3.56354559e+02  -9.03405307e-04
   3.56355048e+02  -4.75802401e-04
   3.56355536e+02   5.74210389e-06
   3.56356024e+02   1.84818578e-04
   3.56356513e+02   3.24119726e-04
   3.56357001e+02   5.88981726e-04
   3.56357489e+02   9.76093637e-04
   3.56357978e+02   8.91103118e-04
   3.56358466e+02   2.45945237e-04
   3.56358954e+02   4.01590914e-05
   3.56359443e+02   5.34785097e-04
   3.56359931e+02   8.50829238e-04
   3.56360419e+02   7.07357191e-04
   3.56360907e+02   5.11933991e-04
   3.56361396e+02   3.97673779e-04
   3.56361884e+02   2.32630176e-04
   3.56362372e+02  -6.87221400e-05
   3.56362861e+02  -1.39198921e-04
   3.56363349e+02  -4.19739314e-04
   3.56363837e+02  -8.59206019e-04
   3.56364326e+02  -9.91003588e-04
   3.56364814e+02  -4.62755299e-04
   3.56365302e+02   3.59656638e-04
   3.56365791e+02   6.15707890e-04
   3.56366279e+02   1.94058826e-04
   3.56366767e+02  -4.15202463e-04
   3.56367255e+02  -4.94812964e-04
   3.56367744e+02  -2.03077434e-04
   3.56368232e+02  -2.67804135e-05
   3.56368720e+02   3.25540605e-04
   3.56369209e+02   6.18942198e-04
   3.56369697e+02   4.60219744e-04
   3.56370185e+02   2.37116343e-04
   3.56370674e+02   3.42588668e-04
   3.56371162e+02   3.30035164e-07
   3.56371650e+02  -3.39830236e-04
   3.56372139e+02  -2.25972199e-05
   3.56372627e+02  -2.22530129e-04
   3.56373115e+02  -1.82547737e-04
   3.56373604e+02  -7.11733401e-06
   3.56374092e+02  -2.00465292e-04
   3.56374580e+02  -5.39237983e-04
   3.56375068e+02  -8.74593679e-04
   3.56375557e+02  -9.78785800e-04
   3.56376045e+02  -2.64711474e-04
   3.56376533e+02   3.60169855e-04
   3.56377022e+02   4.00142337e-04
   3.56377510e+02   2.07336328e-04
   3.56377998e+02  -3.61084298e-04
   3.56378487e+02  -4.18997282e-04
   3.56378975e+02  -1.28843312e-04
   3.56379463e+02  -6.58894714e-05
   3.56379952e+02  -3.72829294e-04
   3.56380440e+02  -7.47837534e-04
   3.56380928e+02  -4.12302965e-04
   3.56381416e+02  -1.16345891e-05
   3.56381905e+02  -3.38864425e-04
   3.56382393e+02  -6.79718796e-04
   3.56382881e+02  -4.76705376e-04
   3.56383370e+02  -6.38135753e-05
   3.56383858e+02   3.24795838e-04
   3.56384346e+02   2.37288012e-04
   3.56384835e+02   1.09043804e-05
   3.56385323e+02  -9.47208246e-05
   3.56385811e+02  -3.03974521e-04
   3.56386300e+02  -8.79714116e-06
   3.56386788e+02   5.15471795e-04
   3.56387276e+02   7.12164736e-04
   3.56387764e+02   4.81590279e-04
   3.56388253e+02   1.13814014e-04
   3.56388741e+02  -3.14442004e-05
   3.56389229e+02   1.46186994e-05
   3.56389718e+02  -1.93436630e-04
   3.56390206e+02  -2.29555037e-04
   3.56390694e+02  -1.16122173e-05
   3.56391183e+02  -2.31951999e-04
   3.56391671e+02  -4.83640906e-04
   3.56392159e+02  -2.08440732e-04
   3.56392648e+02   3.07153125e-04
   3.56393136e+02   3.09408555e-04
   3.56393624e+02  -2.51881313e-04
   3.56394112e+02  -6.72089111e-04
   3.56394601e+02  -6.98603399e-04
   3.56395089e+02  -6.13434706e-04
   3.56395577e+02   9.56201620e-06
   3.56396066e+02   7.28121551e-04
   3.56396554e+02   4.49834304e-04
   3.56397042e+02  -9.37818040e-05
   3.56397531e+02  -3.30517942e-04
   3.56398019e+02  -5.90964512e-04
   3.56398507e+02  -6.26852270e-04
   3.56398996e+02  -2.78769759e-04
   3.56399484e+02  -5.46837400e-05
   3.56399972e+02   1.09000583e-04
   3.56400460e+02   3.84395069e-04
   3.56400949e+02   3.09298513e-04
   3.56401437e+02   2.06587851e-04
   3.56401925e+02   2.78008432e-04
   3.56402414e+02  -1.74705638e-04
   3.56402902e+02  -6.43095467e-04
   3.56403390e+02  -7.32994580e-04
   3.56403879e+02  -4.97871893e-04
   3.56404367e+02  -2.33360712e-04
   3.56404855e+02  -4.66295314e-04
   3.56405344e+02  -3.07828886e-04
   3.56405832e+02  -1.52947123e-05
   3.56406320e+02  -6.39872451e-04
   3.56406808e+02  -8.16674961e-04
   3.56407297e+02  -5.76702121e-04
   3.56407785e+02  -3.55667464e-04
   3.56408273e+02   1.71570588e-04
   3.56408762e+02   1.36856688e-04
   3.56409250e+02   7.24350612e-05
   3.56409738e+02   3.94476432e-04
   3.56410227e+02   2.69304903e-04
   3.56410715e+02   3.00526135e-05
   3.56411203e+02   2.90084863e-04
   3.56411692e+02   4.51538101e-04
   3.56412180e+02   3.15551239e-04
   3.56412668e+02   4.60203300e-04
   3.56413157e+02   4.70769126e-04
   3.56413645e+02   7.07024155e-05
   3.56414133e+02  -2.09844686e-04
   3.56414621e+02  -2.78647902e-04
   3.56415110e+02  -3.71144910e-04
   3.56415598e+02   7.04291524e-05
   3.56416086e+02   3.20459163e-04
   3.56416575e+02  -2.14256273e-04
   3.56417063e+02  -5.26645221e-04
   3.56417551e+02  -4.78863192e-04
   3.56418040e+02  -1.79367213e-04
   3.56418528e+02  -1.11836744e-04
   3.56419016e+02  -4.17340401e-04
   3.56419505e+02  -4.12828784e-04
   3.56419993e+02   7.92386709e-05
   3.56420481e+02   2.57638603e-04
   3.56420969e+02  -1.03841499e-04
   3.56421458e+02  -1.91760395e-04
   3.56421946e+02  -1.70679545e-04
   3.56422434e+02  -2.42467111e-04
   3.56422923e+02   2.64311588e-04
   3.56423411e+02   2.81365152e-04
   3.56423899e+02  -3.32275114e-04
   3.56424388e+02  -1.00588557e-04
   3.56424876e+02   1.52875538e-04
   3.56425364e+02   1.77322159e-04
   3.56425853e+02   2.52169906e-04
   3.56426341e+02  -9.43002306e-05
   3.56426829e+02  -2.73195510e-05
   3.56427317e+02   4.26150888e-04
   3.56427806e+02   4.46458987e-04
   3.56428294e+02   4.14606002e-05
   3.56428782e+02  -1.86224250e-04
   3.56429271e+02  -2.26862012e-05
   3.56429759e+02  -4.30239288e-06
   3.56430247e+02  -1.71372303e-04
   3.56430736e+02  -1.08756522e-05
   3.56431224e+02   2.04708012e-05
   3.56431712e+02   3.32014824e-05
   3.56432201e+02  -2.71836296e-04
   3.56432689e+02  -2.89882941e-04
   3.56433177e+02  -2.99282372e-04
   3.56433665e+02  -5.26831951e-04
   3.56434154e+02  -6.60420395e-04
   3.56434642e+02  -2.17166467e-04
   3.56435130e+02   4.19916934e-04
   3.56435619e+02   3.24824417e-04
   3.56436107e+02  -9.43613486e-05
   3.56436595e+02  -1.91563522e-04
   3.56437084e+02  -6.42935338e-05
   3.56437572e+02   7.31853506e-05
   3.56438060e+02   4.29372158e-05
   3.56438549e+02  -1.73503038e-04
   3.56439037e+02  -3.63233063e-04
   3.56439525e+02  -3.14071367e-04
   3.56440013e+02  -1.86747551e-04
   3.56440502e+02  -1.99119677e-04
   3.56440990e+02  -2.82973750e-04
   3.56441478e+02  -1.71210035e-04
   3.56441967e+02  -2.54404458e-05
   3.56442455e+02   2.99980515e-04
   3.56442943e+02   5.40210633e-04
   3.56443432e+02   1.91849413e-05
   3.56443920e+02  -5.65233408e-04
   3.56444408e+02  -1.62950499e-04
   3.56444897e+02   6.20000646e-04
   3.56445385e+02   7.06191815e-04
   3.56445873e+02   2.28808698e-04
   3.56446361e+02  -1.43160025e-04
   3.56446850e+02  -1.49422689e-04
   3.56447338e+02  -1.14487848e-04
   3.56447826e+02  -1.47562838e-04
   3.56448315e+02   3.26873473e-04
   3.56448803e+02   2.41693412e-03
   3.56449291e+02   4.96007828e-03
   3.56449780e+02   6.94744522e-03
   3.56450268e+02   9.35596507e-03
   3.56450756e+02   1.25158932e-02
   3.56451245e+02   1.46562494e-02
   3.56451733e+02   1.51880281e-02
   3.56452221e+02   1.35587770e-02
   3.56452710e+02   1.01696011e-02
   3.56453198e+02   7.19687203e-03
   3.56453686e+02   5.37690334e-03
   3.56454174e+02   3.49840079e-03
   3.56454663e+02   2.68207071e-03
   3.56455151e+02   2.01469543e-03
   3.56455639e+02   1.36050454e-03
   3.56456128e+02   4.48322098e-04
   3.56456616e+02  -2.67042979e-05
   3.56457104e+02   2.81695422e-04
   3.56457593e+02   5.48012380e-04
   3.56458081e+02   9.72943744e-05
   3.56458569e+02  -2.22705694e-05
   3.56459058e+02   3.25554021e-04
   3.56459546e+02   2.34871022e-05
   3.56460034e+02  -7.91898230e-04
   3.56460522e+02  -9.78811178e-04
   3.56461011e+02  -4.94198524e-04
   3.56461499e+02  -1.53922971e-04
   3.56461987e+02  -9.64729916e-05
   3.56462476e+02  -1.92314794e-04
   3.56462964e+02  -3.85658321e-04
   3.56463452e+02  -6.86708663e-04
   3.56463941e+02  -4.45406971e-04
   3.56464429e+02   4.32223169e-05
   3.56464917e+02   2.58636501e-05
   3.56465406e+02  -8.76997219e-05
   3.56465894e+02  -2.18837333e-04
   3.56466382e+02  -5.20553382e-04
   3.56466870e+02  -5.65838767e-04
   3.56467359e+02  -3.57709680e-04
   3.56467847e+02  -4.77462716e-04
   3.56468335e+02  -2.91275792e-04
   3.56468824e+02  -1.81390133e-05
   3.56469312e+02  -5.36647931e-05
   3.56469800e+02  -2.21124919e-05
   3.56470289e+02  -3.59885853e-05
   3.56470777e+02   5.92672477e-05
   3.56471265e+02   7.08545558e-05
   3.56471754e+02   6.01359679e-05
   3.56472242e+02  -4.76804038e-04
   3.56472730e+02  -7.63201795e-04
   3.56473218e+02  -1.90980165e-04
   3.56473707e+02   6.45732653e-05
   3.56474195e+02  -6.72101742e-05
   3.56474683e+02   6.52308154e-05
   3.56475172e+02   2.92682991e-04
   3.56475660e+02   2.08906858e-04
   3.56476148e+02  -4.86104254e-05
   3.56476637e+02  -4.17163756e-05
   3.56477125e+02  -4.62914119e-04
   3.56477613e+02  -1.01730530e-03
   3.56478102e+02  -1.38103147e-03
   3.56478590e+02  -1.17411662e-03
   3.56479078e+02  -5.86229027e-04
   3.56479566e+02  -5.96192956e-04
   3.56480055e+02  -6.76679017e-04
   3.56480543e+02  -2.55405495e-04
   3.56481031e+02   1.92794047e-04
   3.56481520e+02   1.65532096e-04
   3.56482008e+02   7.14115886e-05
   3.56482496e+02   3.40367056e-04
   3.56482985e+02   6.14486635e-04
   3.56483473e+02   6.24333625e-04
   3.56483961e+02   2.65639363e-04
   3.56484450e+02  -1.36080227e-04
   3.56484938e+02  -1.33574082e-04
   3.56485426e+02  -2.12531566e-04
   3.56485914e+02  -7.48636026e-04
   3.56486403e+02  -6.95527706e-04
   3.56486891e+02  -2.18202695e-04
   3.56487379e+02   4.77950234e-05
   3.56487868e+02   2.23987256e-04
   3.56488356e+02   3.67166125e-04
   3.56488844e+02   2.64352449e-04
   3.56489333e+02  -1.39881420e-04
   3.56489821e+02  -3.95606912e-05
   3.56490309e+02  -4.22356243e-04
   3.56490798e+02  -6.68566499e-04
   3.56491286e+02  -5.53412596e-04
   3.56491774e+02  -4.50545456e-04
   3.56492263e+02  -3.55767785e-04
   3.56492751e+02  -4.57170390e-04
   3.56493239e+02  -1.02731428e-04
   3.56493727e+02   5.53956081e-04
   3.56494216e+02   3.54730379e-04
   3.56494704e+02  -1.75346111e-04
   3.56495192e+02  -5.41870133e-04
   3.56495681e+02  -7.01461919e-04
   3.56496169e+02  -6.72084629e-04
   3.56496657e+02  -8.36547464e-04
   3.56497146e+02  -5.45708637e-04
   3.56497634e+02  -2.52764090e-04
   3.56498122e+02  -4.47856437e-04
   3.56498611e+02  -5.65586233e-05
   3.56499099e+02   5.45920513e-04
   3.56499587e+02   5.65039052e-04
   3.56500075e+02   5.81181841e-04
   3.56500564e+02   1.93379441e-04
   3.56501052e+02  -2.07004225e-04
   3.56501540e+02   5.17448934e-04
   3.56502029e+02   1.01471494e-03
   3.56502517e+02   3.98117292e-04
   3.56503005e+02  -2.85657879e-04
   3.56503494e+02  -4.59158327e-04
   3.56503982e+02  -1.63005636e-04
   3.56504470e+02   2.91954580e-04
   3.56504959e+02   3.23005894e-04
   3.56505447e+02   5.43097231e-05
   3.56505935e+02  -1.63777368e-04
   3.56506423e+02   3.62475257e-05
   3.56506912e+02   5.23313531e-04
   3.56507400e+02   6.76901487e-04
   3.56507888e+02   2.89177784e-04
   3.56508377e+02  -1.39990007e-04
   3.56508865e+02  -6.58959252e-05
   3.56509353e+02   6.61860831e-05
   3.56509842e+02  -1.91110361e-04
   3.56510330e+02  -3.48508387e-04
   3.56510818e+02  -3.48372239e-04
   3.56511307e+02  -4.10125300e-04
   3.56511795e+02  -4.49018735e-05
   3.56512283e+02   9.65191502e-05
   3.56512771e+02   8.31987782e-05
   3.56513260e+02   4.00168239e-04
   3.56513748e+02   3.30061885e-04
   3.56514236e+02   1.36551156e-04
   3.56514725e+02   1.31878245e-04
   3.56515213e+02  -1.52449094e-04
   3.56515701e+02  -3.49198061e-04
   3.56516190e+02  -2.42818714e-04
   3.56516678e+02  -3.30103212e-04
   3.56517166e+02  -4.57951712e-04
   3.56517655e+02  -2.84111651e-04
   3.56518143e+02  -1.64118581e-04
   3.56518631e+02  -1.93836240e-04
   3.56519119e+02   3.18796338e-05
   3.56519608e+02   4.32168745e-04
   3.56520096e+02   4.35119109e-05
   3.56520584e+02  -2.74409860e-04
   3.56521073e+02   2.23175302e-04
   3.56521561e+02   3.87435983e-04
   3.56522049e+02   1.58852970e-04
   3.56522538e+02   4.78100701e-05
   3.56523026e+02   1.40776901e-05
   3.56523514e+02  -3.49225680e-04
   3.56524003e+02  -8.93765478e-04
   3.56524491e+02  -8.53672449e-04
   3.56524979e+02  -3.22732289e-04
   3.56525467e+02   1.25838109e-04
   3.56525956e+02  -1.45519341e-04
   3.56526444e+02  -8.13318009e-04
   3.56526932e+02  -7.38649571e-04
   3.56527421e+02  -3.09626397e-04
   3.56527909e+02  -6.53409152e-05
   3.56528397e+02  -7.99037225e-05
   3.56528886e+02  -5.32294216e-04
   3.56529374e+02  -8.12973594e-04
   3.56529862e+02  -1.96011795e-04
   3.56530351e+02   2.34706458e-04
   3.56530839e+02  -2.95452104e-04
   3.56531327e+02  -3.37459089e-04
   3.56531816e+02  -5.39986722e-05
   3.56532304e+02  -1.77145004e-04
   3.56532792e+02  -2.93390971e-04
   3.56533280e+02  -5.17682813e-04
   3.56533769e+02  -5.64480491e-04
   3.56534257e+02  -3.17932718e-04
   3.56534745e+02  -5.01249800e-04
   3.56535234e+02  -6.95456634e-04
   3.56535722e+02  -4.67980892e-04
   3.56536210e+02  -5.20219677e-04
   3.56536699e+02  -3.74195573e-04
   3.56537187e+02   1.72167434e-04
   3.56537675e+02   1.40612960e-04
   3.56538164e+02  -6.70536319e-05
   3.56538652e+02   2.85950111e-04
   3.56539140e+02   4.97162226e-04
   3.56539628e+02   1.69157269e-04
   3.56540117e+02   1.38411851e-04
   3.56540605e+02   2.56000698e-04
   3.56541093e+02   2.10289600e-05
   3.56541582e+02  -2.24989650e-04
   3.56542070e+02  -2.46520212e-04
   3.56542558e+02  -4.59787290e-04
   3.56543047e+02  -5.93481702e-04
   3.56543535e+02  -6.58067074e-05
   3.56544023e+02   2.49424134e-04
   3.56544512e+02   1.37954674e-04
   3.56545000e+02   1.68531129e-04
   3.56545488e+02   3.27961490e-04
   3.56545976e+02   1.04586696e-04
   3.56546465e+02  -2.29826735e-04
   3.56546953e+02  -1.99972870e-04
   3.56547441e+02  -1.39392490e-04
   3.56547930e+02  -2.51299207e-04
   3.56548418e+02  -7.50414561e-04
   3.56548906e+02  -7.62010110e-04
   3.56549395e+02  -2.37240893e-04
   3.56549883e+02  -7.29209496e-05
   3.56550371e+02  -3.01340246e-04
   3.56550860e+02   2.51658475e-05
   3.56551348e+02   4.38922259e-04
   3.56551836e+02   6.20539533e-04
   3.56552324e+02   4.82261676e-04
   3.56552813e+02   9.10379458e-05
   3.56553301e+02  -1.40851887e-04
   3.56553789e+02  -3.20210762e-04
   3.56554278e+02  -3.28018126e-04
   3.56554766e+02  -4.57918708e-04
   3.56555254e+02  -3.73911025e-04
   3.56555743e+02  -2.19368358e-05
   3.56556231e+02   4.62863773e-06
   3.56556719e+02  -1.74266068e-04
   3.56557208e+02  -3.86657193e-04
   3.56557696e+02  -4.19249089e-04
   3.56558184e+02   1.31900684e-04
   3.56558672e+02   6.54796371e-04
   3.56559161e+02   4.97683301e-04
   3.56559649e+02   2.61949288e-04
   3.56560137e+02   1.47409621e-04
   3.56560626e+02  -1.70533560e-04
   3.56561114e+02  -4.63146571e-04
   3.56561602e+02  -6.36711949e-04
   3.56562091e+02  -5.47831238e-04
   3.56562579e+02  -1.49053652e-04
   3.56563067e+02   7.04689000e-06
   3.56563556e+02  -2.83055269e-04
   3.56564044e+02  -5.01308008e-04
   3.56564532e+02  -2.56002881e-04
   3.56565020e+02  -2.28795456e-04
   3.56565509e+02  -3.59360100e-04
   3.56565997e+02  -2.12286628e-04
   3.56566485e+02   1.80477637e-05
   3.56566974e+02   1.49649743e-04
   3.56567462e+02   1.77914444e-05
   3.56567950e+02   2.81009707e-05
   3.56568439e+02   2.50161276e-04
   3.56568927e+02   2.99552223e-04
   3.56569415e+02   1.27944790e-04
   3.56569904e+02  -2.09028789e-04
   3.56570392e+02  -1.84341610e-04
   3.56570880e+02   4.60953306e-04
   3.56571369e+02   6.31401781e-04
   3.56571857e+02   2.95771635e-04
   3.56572345e+02  -8.06868484e-05
   3.56572833e+02  -2.44077193e-04
   3.56573322e+02  -1.74705099e-04
   3.56573810e+02  -1.16811163e-04
   3.56574298e+02  -7.93833751e-05
   3.56574787e+02  -1.19084274e-04
   3.56575275e+02   2.30090038e-04
   3.56575763e+02   6.28347741e-04
   3.56576252e+02   1.13310824e-04
   3.56576740e+02  -6.56009244e-04
   3.56577228e+02  -9.13521100e-04
   3.56577717e+02  -5.93357079e-04
   3.56578205e+02  -4.77922236e-04
   3.56578693e+02  -8.29111319e-04
   3.56579181e+02  -6.97452575e-04
   3.56579670e+02  -3.18860955e-04
   3.56580158e+02   7.12669062e-05
   3.56580646e+02  -1.18131058e-04
   3.56581135e+02  -3.45952198e-04
   3.56581623e+02  -1.22404135e-05
   3.56582111e+02   1.13241163e-04
   3.56582600e+02   5.43203787e-05
   3.56583088e+02   2.01623276e-04
   3.56583576e+02   3.75647534e-04
   3.56584065e+02   1.73399840e-05
   3.56584553e+02  -2.35880347e-04
   3.56585041e+02  -2.12845407e-04
   3.56585529e+02  -3.95745337e-06
   3.56586018e+02   1.96123088e-04
   3.56586506e+02  -3.00088341e-05
   3.56586994e+02  -3.58241465e-04
   3.56587483e+02  -2.26483447e-04
   3.56587971e+02   1.32597561e-04
   3.56588459e+02  -6.92776666e-05
   3.56588948e+02  -5.04598895e-04
   3.56589436e+02  -6.43530570e-04
   3.56589924e+02  -6.10273506e-04
   3.56590413e+02  -3.83279112e-04
   3.56590901e+02   5.39246912e-06
   3.56591389e+02   1.42636811e-04
   3.56591877e+02   2.78853782e-04
   3.56592366e+02   4.27361461e-04
   3.56592854e+02   1.49244042e-05
   3.56593342e+02  -3.64096079e-04
   3.56593831e+02  -3.80413927e-04
   3.56594319e+02  -3.05502617e-04
   3.56594807e+02   1.89145663e-04
   3.56595296e+02   6.93277630e-04
   3.56595784e+02   3.33912787e-04
   3.56596272e+02  -2.22532690e-04
   3.56596761e+02  -7.47252139e-04
   3.56597249e+02  -9.00354120e-04
   3.56597737e+02  -3.90149216e-04
   3.56598225e+02  -1.22603902e-04
   3.56598714e+02  -1.04070496e-04
   3.56599202e+02   1.50731837e-04
   3.56599690e+02   1.47158702e-04
   3.56600179e+02  -3.75633448e-04
   3.56600667e+02  -4.65894875e-04
   3.56601155e+02   1.25973951e-04
   3.56601644e+02   6.55201322e-04
   3.56602132e+02   4.32656001e-04
   3.56602620e+02   4.57089882e-05
   3.56603109e+02   3.88705404e-04
   3.56603597e+02   7.04786333e-04
   3.56604085e+02   3.88706831e-04
   3.56604573e+02   2.00553346e-04
   3.56605062e+02   6.46779314e-04
   3.56605550e+02   1.24916888e-03
   3.56606038e+02   9.61882120e-04
   3.56606527e+02   1.40097822e-04
   3.56607015e+02  -2.61197332e-04
   3.56607503e+02  -1.02007079e-05
   3.56607992e+02   4.69426712e-04
   3.56608480e+02   6.85526873e-04
   3.56608968e+02   1.87563914e-04
   3.56609457e+02  -7.85005250e-05
   3.56609945e+02   1.76237867e-04
   3.56610433e+02   4.13510934e-05
   3.56610922e+02  -4.08243184e-04
   3.56611410e+02  -3.06737900e-04
   3.56611898e+02  -1.34432266e-04
   3.56612386e+02  -8.03486764e-05
   3.56612875e+02   2.10125188e-04
   3.56613363e+02   9.43656778e-05
   3.56613851e+02  -2.90076045e-04
   3.56614340e+02  -5.63809590e-04
   3.56614828e+02  -5.27094118e-04
   3.56615316e+02  -1.02025995e-04
   3.56615805e+02  -1.74589644e-04
   3.56616293e+02  -3.82140250e-04
   3.56616781e+02  -5.41334230e-05
   3.56617270e+02   4.89357626e-04
   3.56617758e+02   7.47646962e-04
   3.56618246e+02   5.64094691e-04
   3.56618734e+02   1.95456902e-04
   3.56619223e+02   1.00406163e-04
   3.56619711e+02   1.28421016e-04
   3.56620199e+02   1.56543654e-04
   3.56620688e+02  -2.97547704e-05
   3.56621176e+02  -2.84735841e-04
   3.56621664e+02  -5.21810609e-04
   3.56622153e+02  -8.79021012e-04
   3.56622641e+02  -5.04047086e-04
   3.56623129e+02   2.46085576e-04
   3.56623618e+02   3.03659821e-04
   3.56624106e+02   8.20953865e-05
   3.56624594e+02   1.88499500e-04
   3.56625082e+02   2.53643258e-04
   3.56625571e+02  -1.44848818e-04
   3.56626059e+02  -9.67438900e-05
   3.56626547e+02   5.27312048e-04
   3.56627036e+02   9.58682096e-04
   3.56627524e+02   4.78213333e-04
   3.56628012e+02  -2.40698733e-04
   3.56628501e+02  -1.44825724e-04
   3.56628989e+02   2.18449626e-04
   3.56629477e+02   3.96906107e-04
   3.56629966e+02   1.48820080e-04
   3.56630454e+02  -1.68179264e-04
   3.56630942e+02  -2.21908660e-04
   3.56631430e+02  -2.80381850e-04
   3.56631919e+02  -4.29352629e-04
   3.56632407e+02  -3.20832827e-04
   3.56632895e+02  -9.15812780e-06
   3.56633384e+02  -1.60695286e-04
   3.56633872e+02  -3.87122680e-04
   3.56634360e+02  -4.17503790e-04
   3.56634849e+02  -1.68568498e-04
   3.56635337e+02   2.10184633e-04
   3.56635825e+02   2.32763676e-04
   3.56636314e+02   1.44159712e-05
   3.56636802e+02  -3.84496525e-04
   3.56637290e+02  -7.74859160e-04
   3.56637778e+02  -5.35179744e-04
   3.56638267e+02  -2.46970769e-04
   3.56638755e+02  -2.22065617e-04
   3.56639243e+02  -1.95492932e-04
   3.56639732e+02  -5.39999455e-04
   3.56640220e+02  -8.90821393e-04
   3.56640708e+02  -8.16006679e-04
   3.56641197e+02  -7.22415163e-04
   3.56641685e+02  -3.80951824e-04
   3.56642173e+02   1.07963431e-04
   3.56642662e+02   5.56615880e-04
   3.56643150e+02   4.06714360e-04
   3.56643638e+02  -2.10350627e-05
   3.56644126e+02   1.29135107e-04
   3.56644615e+02   5.59800596e-04
   3.56645103e+02   6.36480225e-04
   3.56645591e+02   3.78446101e-04
   3.56646080e+02   1.24576312e-04
   3.56646568e+02  -1.61619566e-04
   3.56647056e+02  -5.77958126e-04
   3.56647545e+02  -2.68217409e-04
   3.56648033e+02   2.25374679e-04
   3.56648521e+02   1.37386640e-04
   3.56649010e+02  -1.15954506e-04
   3.56649498e+02   5.01438990e-05
   3.56649986e+02   6.38381171e-04
   3.56650475e+02   6.22721447e-04
   3.56650963e+02  -1.01495862e-04
   3.56651451e+02  -3.93911614e-04
   3.56651939e+02  -1.18491938e-04
   3.56652428e+02   4.31692082e-04
   3.56652916e+02   5.10373036e-04
   3.56653404e+02  -1.33551775e-05
   3.56653893e+02  -5.84773879e-05
   3.56654381e+02   4.97478351e-04
   3.56654869e+02   7.62685260e-04
   3.56655358e+02   3.96956777e-04
   3.56655846e+02   8.35730316e-05
   3.56656334e+02   1.57227070e-04
   3.56656823e+02   8.72705277e-05
   3.56657311e+02  -2.57537089e-04
   3.56657799e+02  -5.92434139e-04
   3.56658287e+02  -2.71680212e-04
   3.56658776e+02   4.24941827e-05
   3.56659264e+02  -1.70109648e-04
   3.56659752e+02  -3.01379972e-04
   3.56660241e+02  -2.99818494e-04
   3.56660729e+02   7.66523663e-05
   3.56661217e+02   5.99996187e-04
   3.56661706e+02   4.43072553e-04
   3.56662194e+02   1.29384091e-04
   3.56662682e+02   4.70061670e-04
   3.56663171e+02   1.14929175e-03
   3.56663659e+02   1.23909756e-03
   3.56664147e+02   4.08501917e-04
   3.56664635e+02  -4.88361053e-04
   3.56665124e+02  -4.98772832e-04
   3.56665612e+02  -3.37888487e-04
   3.56666100e+02  -2.07084609e-04
   3.56666589e+02  -3.98537464e-04
   3.56667077e+02  -1.97476940e-04
   3.56667565e+02   3.29390954e-04
   3.56668054e+02   2.07196936e-04
   3.56668542e+02   7.47718004e-05
   3.56669030e+02   3.46944202e-04
   3.56669519e+02   5.53292048e-04
   3.56670007e+02   4.39097523e-04
   3.56670495e+02   9.01158055e-05
   3.56670983e+02   1.74635876e-04
   3.56671472e+02   5.87839109e-04
   3.56671960e+02   8.54507962e-04
   3.56672448e+02   7.24687357e-04
   3.56672937e+02   2.39235698e-04
   3.56673425e+02  -4.57185175e-04
   3.56673913e+02  -4.12786583e-04
   3.56674402e+02   6.20984647e-05
   3.56674890e+02   2.20355723e-04
   3.56675378e+02   1.63794233e-04
   3.56675867e+02   2.89283722e-04
   3.56676355e+02  -9.37394998e-06
   3.56676843e+02  -6.42057741e-04
   3.56677331e+02  -6.32951153e-04
   3.56677820e+02  -2.80019274e-04
   3.56678308e+02  -8.20463320e-05
   3.56678796e+02   8.98070066e-05
   3.56679285e+02   2.38272871e-04
   3.56679773e+02   2.93698424e-04
   3.56680261e+02   3.84605548e-04
   3.56680750e+02   3.10630392e-04
   3.56681238e+02  -1.49263346e-04
   3.56681726e+02  -5.58650761e-04
   3.56682215e+02  -4.04111110e-04
   3.56682703e+02  -1.37104566e-04
   3.56683191e+02  -1.73323817e-04
   3.56683679e+02  -5.57203020e-04
   3.56684168e+02  -8.21587164e-04
   3.56684656e+02  -2.51149468e-04
   3.56685144e+02   3.17097409e-04
   3.56685633e+02   2.45324714e-04
   3.56686121e+02   5.72968711e-05
   3.56686609e+02  -8.15253661e-05
   3.56687098e+02  -2.05728080e-04
   3.56687586e+02  -1.96817404e-04
   3.56688074e+02  -1.90252671e-04
   3.56688563e+02  -1.41762022e-04
   3.56689051e+02   3.72723844e-05
   3.56689539e+02   1.80243514e-05
   3.56690028e+02  -9.01903404e-05
   3.56690516e+02   7.69086728e-06
   3.56691004e+02   1.81390889e-04
   3.56691492e+02   8.89733419e-05
   3.56691981e+02  -3.67890083e-04
   3.56692469e+02  -6.14371966e-04
   3.56692957e+02  -6.94542308e-04
   3.56693446e+02  -6.96043484e-04
   3.56693934e+02  -2.78882741e-04
   3.56694422e+02   4.40996373e-04
   3.56694911e+02   7.48991210e-04
   3.56695399e+02   1.76887872e-04
   3.56695887e+02  -3.03998037e-04
   3.56696376e+02  -2.90152297e-04
   3.56696864e+02  -2.27031371e-04
   3.56697352e+02   5.65306727e-05
   3.56697840e+02   2.37066401e-04
   3.56698329e+02   2.18194895e-04
   3.56698817e+02  -1.43537865e-04
   3.56699305e+02  -6.07801718e-04
   3.56699794e+02  -6.59848971e-04
   3.56700282e+02  -3.39343474e-04
   3.56700770e+02   1.18117059e-04
   3.56701259e+02   5.82571782e-04
   3.56701747e+02   8.04527430e-04
   3.56702235e+02   5.33417682e-04
   3.56702724e+02   3.24683875e-04
   3.56703212e+02   1.72452594e-04
   3.56703700e+02  -8.78462670e-05
   3.56704188e+02   1.10721616e-04
   3.56704677e+02   3.01506720e-04
   3.56705165e+02   5.05759963e-05
   3.56705653e+02  -2.70736520e-04
   3.56706142e+02  -8.94424011e-05
   3.56706630e+02   1.83369004e-04
   3.56707118e+02  -2.24148214e-04
   3.56707607e+02  -4.52517474e-04
   3.56708095e+02  -1.55011076e-04
   3.56708583e+02  -1.22260963e-05
   3.56709072e+02  -2.47821881e-05
   3.56709560e+02  -4.17968549e-05
   3.56710048e+02   3.14024830e-04
   3.56710536e+02   3.32442753e-04
   3.56711025e+02  -2.13704450e-04
   3.56711513e+02  -4.61707299e-04
   3.56712001e+02  -4.05173545e-04
   3.56712490e+02  -1.88774851e-04
   3.56712978e+02   2.38701308e-04
   3.56713466e+02   3.03977984e-04
   3.56713955e+02   9.76593437e-05
   3.56714443e+02  -1.04203435e-04
   3.56714931e+02  -1.95613771e-04
   3.56715420e+02  -2.05534423e-04
   3.56715908e+02  -6.38924597e-04
   3.56716396e+02  -6.98956370e-04
   3.56716884e+02  -2.02102281e-04
   3.56717373e+02  -7.24602287e-05
   3.56717861e+02  -2.02328432e-04
   3.56718349e+02  -9.99183976e-05
   3.56718838e+02   1.92034538e-04
   3.56719326e+02   2.96271668e-04
   3.56719814e+02  -1.74874585e-04
   3.56720303e+02  -7.21518882e-04
   3.56720791e+02  -3.74912226e-04
   3.56721279e+02   2.05975393e-05
   3.56721768e+02  -1.16542207e-04
   3.56722256e+02  -5.47848467e-04
   3.56722744e+02  -7.59698742e-04
   3.56723232e+02  -3.69373913e-04
   3.56723721e+02  -2.00691182e-04
   3.56724209e+02  -2.90216616e-04
   3.56724697e+02  -1.41592755e-04
   3.56725186e+02   7.85907614e-05
   3.56725674e+02   2.97992141e-04
   3.56726162e+02   2.10893704e-04
   3.56726651e+02   4.55214613e-05
   3.56727139e+02  -2.64629148e-06
   3.56727627e+02  -1.96246649e-04
   3.56728116e+02  -3.45722685e-04
   3.56728604e+02  -2.40323789e-04
   3.56729092e+02  -1.20169432e-04
   3.56729581e+02  -1.33471214e-04
   3.56730069e+02  -3.49835318e-04
   3.56730557e+02  -4.48069448e-04
   3.56731045e+02  -2.89090560e-04
   3.56731534e+02  -4.02581762e-04
   3.56732022e+02  -4.94374312e-04
   3.56732510e+02  -3.15708487e-04
   3.56732999e+02   2.20953560e-04
   3.56733487e+02   4.41551005e-04
   3.56733975e+02  -8.22371949e-05
   3.56734464e+02  -5.52685407e-04
   3.56734952e+02  -5.47308533e-04
   3.56735440e+02  -1.35140595e-04
   3.56735929e+02   3.45539192e-05
   3.56736417e+02  -1.39747266e-04
   3.56736905e+02  -2.45319068e-04
   3.56737393e+02  -6.86121988e-04
   3.56737882e+02  -1.07469852e-03
   3.56738370e+02  -7.42040225e-04
   3.56738858e+02  -1.41152646e-04
   3.56739347e+02   8.28628981e-05
   3.56739835e+02   9.40882237e-05
   3.56740323e+02   3.01989145e-04
   3.56740812e+02   4.20680561e-04
   3.56741300e+02   1.85470722e-04
   3.56741788e+02  -1.00849131e-04
   3.56742277e+02  -1.98645474e-04
   3.56742765e+02  -1.08149448e-04
   3.56743253e+02  -3.53023439e-04
   3.56743741e+02  -7.14768947e-04
   3.56744230e+02  -2.75036029e-04
   3.56744718e+02   6.72512979e-04
   3.56745206e+02   8.03767645e-04
   3.56745695e+02   1.73144945e-04
   3.56746183e+02  -1.97883310e-05
   3.56746671e+02   4.72881133e-04
   3.56747160e+02   5.05185802e-04
   3.56747648e+02   1.63053293e-04
   3.56748136e+02   2.21338749e-04
   3.56748625e+02   3.59908940e-04
   3.56749113e+02   4.80222843e-05
   3.56749601e+02  -4.51560074e-04
   3.56750089e+02  -7.08554522e-04
   3.56750578e+02  -5.95482183e-04
   3.56751066e+02  -3.29412462e-04
   3.56751554e+02  -2.85120681e-04
   3.56752043e+02  -3.53243697e-04
   3.56752531e+02  -1.69039267e-04
   3.56753019e+02  -3.74696901e-06
   3.56753508e+02  -3.53165924e-05
   3.56753996e+02   1.25076811e-04
   3.56754484e+02   1.30880973e-04
   3.56754973e+02  -6.49268331e-05
   3.56755461e+02   1.84654476e-04
   3.56755949e+02   6.30664697e-04
   3.56756437e+02   5.85180358e-04
   3.56756926e+02   8.22877773e-05
   3.56757414e+02  -6.78962897e-05
   3.56757902e+02  -2.35715430e-04
   3.56758391e+02  -5.32850041e-04
   3.56758879e+02  -4.05478379e-04
   3.56759367e+02  -2.34072104e-06
   3.56759856e+02   3.11651529e-04
   3.56760344e+02   3.97425523e-04
   3.56760832e+02   4.28576343e-04
   3.56761321e+02   3.10535164e-04
   3.56761809e+02  -1.42003875e-04
   3.56762297e+02  -5.55403589e-04
   3.56762785e+02  -4.93036408e-04
   3.56763274e+02  -1.58608178e-04
   3.56763762e+02   1.07145870e-05
   3.56764250e+02   3.27581947e-04
   3.56764739e+02   7.35748268e-04
   3.56765227e+02   6.94735034e-04
   3.56765715e+02   3.40349623e-04
   3.56766204e+02  -2.94686761e-04
   3.56766692e+02  -3.11123091e-04
   3.56767180e+02   4.08965498e-05
   3.56767669e+02  -2.19818940e-05
   3.56768157e+02  -2.99671112e-04
   3.56768645e+02  -1.39043332e-04
   3.56769134e+02   1.35941300e-04
   3.56769622e+02  -2.25051135e-05
   3.56770110e+02  -4.02904232e-04
   3.56770598e+02  -1.58104434e-04
   3.56771087e+02   4.12255264e-04
   3.56771575e+02   3.79563280e-04
   3.56772063e+02   2.19749811e-04
   3.56772552e+02   2.06847380e-05
   3.56773040e+02  -1.63610064e-04
   3.56773528e+02   1.14069429e-04
   3.56774017e+02   1.29920023e-04
   3.56774505e+02  -3.88051005e-04
   3.56774993e+02  -3.42721964e-04
   3.56775482e+02   3.60359787e-04
   3.56775970e+02   7.08563370e-04
   3.56776458e+02   4.66168625e-04
   3.56776946e+02   1.77224458e-04
   3.56777435e+02   1.83387499e-04
   3.56777923e+02   2.02928903e-04
   3.56778411e+02   2.98687111e-04
   3.56778900e+02   4.20693221e-04
   3.56779388e+02   2.52661644e-04
   3.56779876e+02   2.37161381e-04
   3.56780365e+02   3.53730517e-04
   3.56780853e+02   3.45112436e-04
   3.56781341e+02   2.50999350e-04
   3.56781830e+02   2.81125045e-04
   3.56782318e+02   4.71088046e-04
   3.56782806e+02   4.73973312e-04
   3.56783294e+02   4.85720084e-04
   3.56783783e+02   2.34194944e-04
   3.56784271e+02  -1.64762696e-05
   3.56784759e+02   7.82554198e-05
   3.56785248e+02   3.41274790e-05
   3.56785736e+02  -2.01295363e-04
   3.56786224e+02  -4.87351499e-05
   3.56786713e+02   2.22873598e-04
   3.56787201e+02  -4.91428727e-05
   3.56787689e+02  -2.37215500e-04
   3.56788178e+02  -4.08461958e-04
   3.56788666e+02  -8.55386897e-04
   3.56789154e+02  -6.10986957e-04
   3.56789642e+02  -3.48832327e-05
   3.56790131e+02  -2.04585493e-04
   3.56790619e+02  -3.93989525e-04
   3.56791107e+02   1.00109741e-04
   3.56791596e+02   5.08061086e-04
   3.56792084e+02   2.98488740e-04
   3.56792572e+02   3.56533419e-05
   3.56793061e+02  -3.92335467e-04
   3.56793549e+02  -7.21413642e-04
   3.56794037e+02  -5.38288616e-04
   3.56794526e+02  -2.03571282e-04
   3.56795014e+02   3.29023896e-04
   3.56795502e+02   5.60457178e-04
   3.56795990e+02   2.13198815e-04
   3.56796479e+02   3.93138471e-05
   3.56796967e+02  -1.52721168e-05
   3.56797455e+02  -2.24958290e-04
   3.56797944e+02  -2.07818855e-04
   3.56798432e+02   1.96707842e-04
   3.56798920e+02   6.20769802e-04
   3.56799409e+02   3.14601020e-05
   3.56799897e+02  -5.31214115e-04
   3.56800385e+02  -4.83266303e-05
   3.56800874e+02   1.45465936e-04
   3.56801362e+02   7.91279454e-05
   3.56801850e+02  -7.63650896e-05
   3.56802338e+02  -4.34938120e-04
   3.56802827e+02  -8.00063353e-05
   3.56803315e+02   4.56497655e-05
   3.56803803e+02  -3.11743323e-04
   3.56804292e+02  -1.19610922e-04
   3.56804780e+02  -5.50864297e-06
   3.56805268e+02  -1.56829890e-04
   3.56805757e+02   1.39224750e-04
   3.56806245e+02   5.51739300e-04
   3.56806733e+02   5.61121560e-04
   3.56807222e+02   2.96488666e-04
   3.56807710e+02   8.84667315e-05
   3.56808198e+02  -2.55837396e-04
   3.56808687e+02  -3.81917576e-04
   3.56809175e+02  -3.40850209e-04
   3.56809663e+02  -4.74139932e-04
   3.56810151e+02  -3.13131342e-04
   3.56810640e+02   2.84855341e-04
   3.56811128e+02   1.02980540e-03
   3.56811616e+02   1.24501099e-03
   3.56812105e+02   5.90186217e-04
   3.56812593e+02  -2.64259215e-05
   3.56813081e+02  -3.99254932e-05
   3.56813570e+02   2.52623460e-04
   3.56814058e+02  -7.48516541e-05
   3.56814546e+02  -6.10439864e-04
   3.56815035e+02  -1.14061600e-04
   3.56815523e+02   2.78003048e-04
   3.56816011e+02  -6.53095776e-05
   3.56816499e+02  -6.81574093e-05
   3.56816988e+02   2.75470320e-05
   3.56817476e+02   7.13873742e-05
   3.56817964e+02   3.33669595e-04
   3.56818453e+02   3.98194679e-04
   3.56818941e+02   4.14838345e-04
   3.56819429e+02   3.35578283e-04
   3.56819918e+02  -2.63924740e-05
   3.56820406e+02   1.05168612e-04
   3.56820894e+02   2.68953212e-04
   3.56821383e+02  -4.12451976e-04
   3.56821871e+02  -7.53658300e-04
   3.56822359e+02  -1.57476479e-05
   3.56822847e+02   4.36140224e-04
   3.56823336e+02  -7.04314079e-05
   3.56823824e+02  -5.79759828e-04
   3.56824312e+02  -2.01853050e-04
   3.56824801e+02   1.35002338e-04
   3.56825289e+02  -1.25978506e-04
   3.56825777e+02  -1.14773415e-04
   3.56826266e+02   3.92205111e-05
   3.56826754e+02   6.52764284e-05
   3.56827242e+02   3.57780897e-04
   3.56827731e+02   1.83391185e-05
   3.56828219e+02  -6.59025274e-04
   3.56828707e+02  -4.53276560e-04
   3.56829195e+02  -7.57398884e-05
   3.56829684e+02  -8.90656156e-05
   3.56830172e+02   6.81753882e-05
   3.56830660e+02   3.23529443e-04
   3.56831149e+02   2.21702780e-04
   3.56831637e+02  -1.24238461e-04
   3.56832125e+02  -1.00256322e-04
   3.56832614e+02   1.88091130e-04
   3.56833102e+02   9.24966080e-05
   3.56833590e+02   4.74636763e-05
   3.56834079e+02   2.63929687e-04
   3.56834567e+02   2.62015616e-04
   3.56835055e+02   2.02207098e-04
   3.56835543e+02   2.33256695e-04
   3.56836032e+02   7.97188914e-05
   3.56836520e+02   1.69276609e-04
   3.56837008e+02   5.01681294e-04
   3.56837497e+02   4.49173298e-04
   3.56837985e+02   3.35812540e-04
   3.56838473e+02   3.56895500e-04
   3.56838962e+02   2.34972540e-04
   3.56839450e+02  -9.41301114e-05
   3.56839938e+02  -5.56386658e-04
   3.56840427e+02  -7.76907778e-04
   3.56840915e+02  -5.38857828e-04
   3.56841403e+02   2.43894397e-06
   3.56841891e+02   2.43724735e-05
   3.56842380e+02  -1.99380647e-05
   3.56842868e+02   1.32329544e-04
   3.56843356e+02   4.68060869e-04
   3.56843845e+02   6.04609086e-04
   3.56844333e+02   4.90245933e-04
   3.56844821e+02   3.66068853e-04
   3.56845310e+02   1.51227970e-04
   3.56845798e+02  -3.01258624e-05
   3.56846286e+02  -1.06443382e-04
   3.56846775e+02   2.40101232e-04
   3.56847263e+02   7.61807780e-04
   3.56847751e+02   4.88150574e-04
   3.56848240e+02   6.31691291e-05
   3.56848728e+02   5.40417568e-05
   3.56849216e+02  -1.54216730e-04
   3.56849704e+02  -4.81300558e-05
   3.56850193e+02   3.38337413e-04
   3.56850681e+02   1.01421545e-04
   3.56851169e+02   5.45319162e-05
   3.56851658e+02   1.96944922e-04
   3.56852146e+02   3.07384558e-04
   3.56852634e+02   3.73955583e-04
   3.56853123e+02   8.60001383e-05
   3.56853611e+02  -6.34929165e-05
   3.56854099e+02  -1.09086846e-04
   3.56854588e+02  -3.10301402e-04
   3.56855076e+02  -3.48339818e-04
   3.56855564e+02   8.83285247e-05
   3.56856052e+02   1.74333574e-04
   3.56856541e+02  -4.51297907e-04
   3.56857029e+02  -6.90944551e-04
   3.56857517e+02  -5.44599257e-04
   3.56858006e+02  -3.18519102e-04
   3.56858494e+02  -3.55901837e-04
   3.56858982e+02  -4.48762934e-04
   3.56859471e+02   1.61125834e-04
   3.56859959e+02   5.81229804e-04
   3.56860447e+02   2.69490847e-04
   3.56860936e+02   2.78839580e-04
   3.56861424e+02   6.39850914e-04
   3.56861912e+02   5.65462513e-04
   3.56862400e+02   1.43081954e-04
   3.56862889e+02  -5.45691728e-05
   3.56863377e+02  -2.24660471e-04
   3.56863865e+02  -2.61413283e-04
   3.56864354e+02   2.06927332e-04
   3.56864842e+02   3.51155089e-04
   3.56865330e+02  -3.24910186e-04
   3.56865819e+02  -5.62660163e-04
   3.56866307e+02  -1.19613048e-06
   3.56866795e+02  -7.23327184e-06
   3.56867284e+02  -5.24966599e-05
   3.56867772e+02   2.64929531e-05
   3.56868260e+02  -2.85801681e-04
   3.56868748e+02  -5.59889188e-04
   3.56869237e+02  -3.31323856e-04
   3.56869725e+02   7.53951899e-05
   3.56870213e+02  -1.87972240e-04
   3.56870702e+02  -4.23892721e-04
   3.56871190e+02  -1.56113107e-04
   3.56871678e+02  -1.57930801e-04
   3.56872167e+02   1.76586997e-04
   3.56872655e+02   6.01776817e-04
   3.56873143e+02   5.13310486e-04
   3.56873632e+02   4.63155506e-04
   3.56874120e+02   1.65282050e-04
   3.56874608e+02  -2.02608135e-04
   3.56875096e+02  -3.83534789e-04
   3.56875585e+02  -4.50931053e-04
   3.56876073e+02  -1.79270195e-04
   3.56876561e+02  -3.80801757e-05
   3.56877050e+02  -5.06243341e-05
   3.56877538e+02   1.81196865e-05
   3.56878026e+02  -2.26039076e-04
   3.56878515e+02  -6.80426718e-04
   3.56879003e+02  -7.20437267e-04
   3.56879491e+02  -4.34227259e-05
   3.56879980e+02   2.90535478e-04
   3.56880468e+02  -2.78948457e-04
   3.56880956e+02  -6.65128056e-04
   3.56881444e+02  -4.33667185e-04
   3.56881933e+02  -4.88891441e-04
   3.56882421e+02  -7.57137546e-04
   3.56882909e+02  -4.48786974e-04
   3.56883398e+02  -2.62417834e-05
   3.56883886e+02  -1.70824696e-05
   3.56884374e+02  -7.57437374e-05
   3.56884863e+02   1.43670492e-04
   3.56885351e+02   4.91787214e-04
   3.56885839e+02   2.94942904e-04
   3.56886328e+02  -2.35856976e-04
   3.56886816e+02  -1.93523665e-04
   3.56887304e+02  -1.85519108e-04
   3.56887793e+02  -3.39008635e-04
   3.56888281e+02   1.92860476e-04
   3.56888769e+02   7.50449777e-04
   3.56889257e+02   3.90921748e-04
   3.56889746e+02  -8.96568090e-05
   3.56890234e+02  -7.12312249e-06
   3.56890722e+02   6.22263760e-05
   3.56891211e+02   3.10497198e-05
   3.56891699e+02   2.39359470e-05
   3.56892187e+02  -1.28393847e-04
   3.56892676e+02  -5.19090623e-04
   3.56893164e+02  -7.25021760e-04
   3.56893652e+02  -8.22042755e-04
   3.56894141e+02  -8.44596885e-04
   3.56894629e+02  -2.79060449e-04
   3.56895117e+02   2.27381650e-04
   3.56895605e+02  -2.01639079e-04
   3.56896094e+02  -5.20753034e-04
   3.56896582e+02   1.14692863e-04
   3.56897070e+02   5.30127552e-04
   3.56897559e+02   3.87709995e-04
   3.56898047e+02   5.80728112e-04
   3.56898535e+02   5.13035338e-04
   3.56899024e+02   1.14242830e-04
   3.56899512e+02   2.47658230e-04
   3.56900000e+02   8.51575867e-04
   3.56900489e+02   5.10101847e-04
   3.56900977e+02   2.96257203e-05
   3.56901465e+02  -4.83944132e-06
   3.56901953e+02   2.90346998e-05
   3.56902442e+02  -1.50375534e-04
   3.56902930e+02  -2.61904206e-04
   3.56903418e+02  -4.12224035e-04
   3.56903907e+02  -3.68167413e-04
   3.56904395e+02   3.53834708e-04
   3.56904883e+02   8.44281807e-04
   3.56905372e+02   3.72623937e-04
   3.56905860e+02  -1.66541518e-04
   3.56906348e+02  -2.08231140e-04
   3.56906837e+02  -4.45100974e-04
   3.56907325e+02  -6.47638226e-04
   3.56907813e+02  -4.26916115e-04
   3.56908301e+02  -4.32968460e-04
   3.56908790e+02  -5.38423192e-04
   3.56909278e+02  -5.24228497e-04
   3.56909766e+02  -4.74323228e-04
   3.56910255e+02  -1.97612811e-04
   3.56910743e+02  -1.11071779e-04
   3.56911231e+02  -7.28040395e-05
   3.56911720e+02   3.86730506e-04
   3.56912208e+02   7.66640936e-04
   3.56912696e+02   3.82069295e-04
   3.56913185e+02  -2.75232942e-05
   3.56913673e+02  -6.52351082e-05
   3.56914161e+02  -5.04658441e-04
   3.56914649e+02  -8.80804088e-04
   3.56915138e+02  -4.31082997e-04
   3.56915626e+02   1.09055574e-04
   3.56916114e+02  -7.43650526e-05
   3.56916603e+02  -2.17066627e-04
   3.56917091e+02   3.74860130e-04
   3.56917579e+02   6.93152193e-04
   3.56918068e+02   4.72420215e-04
   3.56918556e+02   2.08230529e-04
   3.56919044e+02   2.02679075e-04
   3.56919533e+02   2.74935213e-04
   3.56920021e+02   5.78161380e-05
   3.56920509e+02  -1.90043997e-04
   3.56920997e+02  -4.35635411e-05
   3.56921486e+02   5.71896744e-05
   3.56921974e+02  -1.73298104e-04
   3.56922462e+02  -4.44781588e-04
   3.56922951e+02  -4.77923837e-04
   3.56923439e+02  -2.03308184e-04
   3.56923927e+02   6.43981693e-05
   3.56924416e+02  -2.08030215e-05
   3.56924904e+02  -2.26738091e-04
   3.56925392e+02  -2.61933252e-04
   3.56925881e+02  -1.19787488e-04
   3.56926369e+02   9.88350730e-05
   3.56926857e+02   2.90628348e-04
   3.56927346e+02   5.18926245e-04
   3.56927834e+02   9.66579944e-04
   3.56928322e+02   1.00460264e-03
   3.56928810e+02   1.34883041e-04
   3.56929299e+02  -6.76619180e-04
   3.56929787e+02  -3.78413359e-04
   3.56930275e+02   2.54689105e-04
   3.56930764e+02   3.70321854e-04
   3.56931252e+02   3.92591202e-04
   3.56931740e+02   4.68878250e-04
   3.56932229e+02   4.78323578e-04
   3.56932717e+02   3.13662866e-04
   3.56933205e+02   2.55995285e-04
   3.56933694e+02   6.35892502e-04
   3.56934182e+02   7.18787836e-04
   3.56934670e+02   2.67841126e-04
   3.56935158e+02   7.90102858e-05
   3.56935647e+02  -2.80125969e-05
   3.56936135e+02  -4.80383605e-04
   3.56936623e+02  -4.44430945e-04
   3.56937112e+02  -1.43235506e-04
   3.56937600e+02  -2.10416969e-04
   3.56938088e+02  -3.56633653e-04
   3.56938577e+02  -2.54999497e-04
   3.56939065e+02  -2.00531591e-04
   3.56939553e+02  -3.99525743e-04
   3.56940042e+02  -2.71983998e-04
   3.56940530e+02   4.58346825e-04
   3.56941018e+02   7.96965265e-04
   3.56941506e+02   5.41791844e-04
   3.56941995e+02   5.55526523e-04
   3.56942483e+02   5.76280698e-04
   3.56942971e+02   1.88247664e-04
   3.56943460e+02  -8.77054117e-05
   3.56943948e+02  -9.13404656e-05
   3.56944436e+02  -2.74469377e-04
   3.56944925e+02  -7.03289406e-05
   3.56945413e+02   2.09034606e-05
   3.56945901e+02  -4.52346576e-04
   3.56946390e+02  -3.73358635e-04
   3.56946878e+02   1.06520965e-05
   3.56947366e+02   2.53308419e-04
   3.56947854e+02   3.58148565e-04
   3.56948343e+02   1.08849417e-04
   3.56948831e+02   3.17039667e-04
   3.56949319e+02   5.30935358e-04
   3.56949808e+02  -1.10938010e-04
   3.56950296e+02  -8.05120333e-04
   3.56950784e+02  -8.81099550e-04
   3.56951273e+02  -3.85757710e-04
   3.56951761e+02   3.88831832e-05
   3.56952249e+02   2.46654439e-04
   3.56952738e+02   1.88139747e-04
   3.56953226e+02  -6.61491913e-06
   3.56953714e+02  -2.87058465e-05
   3.56954202e+02  -1.61062737e-04
   3.56954691e+02   9.39384263e-05
   3.56955179e+02   6.21481799e-04
   3.56955667e+02   9.82440892e-04
   3.56956156e+02   7.03284808e-04
   3.56956644e+02   2.09044083e-04
   3.56957132e+02   3.15988786e-04
   3.56957621e+02   3.20553227e-04
   3.56958109e+02  -3.23469576e-04
   3.56958597e+02  -2.75009865e-04
   3.56959086e+02   2.53866107e-04
   3.56959574e+02   3.00074928e-04
   3.56960062e+02  -8.00026974e-05
   3.56960550e+02  -9.46867003e-05
   3.56961039e+02  -1.70746687e-04
   3.56961527e+02  -2.90074619e-04
   3.56962015e+02   2.67021624e-05
   3.56962504e+02   2.63310561e-04
   3.56962992e+02   2.89130257e-04
   3.56963480e+02   7.38219416e-04
   3.56963969e+02   9.37277451e-04
   3.56964457e+02   5.16105792e-04
   3.56964945e+02   4.88584687e-04
   3.56965434e+02   5.15151187e-04
   3.56965922e+02   3.19011684e-04
   3.56966410e+02   2.48733821e-04
   3.56966899e+02   2.49912573e-05
   3.56967387e+02  -2.57686625e-04
   3.56967875e+02  -2.02763622e-04
   3.56968363e+02   6.76908065e-04
   3.56968852e+02   9.93192894e-04
   3.56969340e+02   2.24240473e-04
   3.56969828e+02  -4.47857048e-04
   3.56970317e+02  -6.39632228e-04
   3.56970805e+02  -5.83836110e-04
   3.56971293e+02  -7.64392491e-04
   3.56971782e+02  -4.43481695e-04
   3.56972270e+02   4.53245448e-04
   3.56972758e+02   6.51543596e-05
   3.56973247e+02  -6.23131404e-04
   3.56973735e+02  -6.29078655e-04
   3.56974223e+02  -6.64392195e-04
   3.56974711e+02  -5.15562017e-04
   3.56975200e+02  -5.76344202e-04
   3.56975688e+02  -8.85236892e-04
   3.56976176e+02  -4.71477251e-04
   3.56976665e+02  -1.98459180e-04
   3.56977153e+02  -2.20481903e-04
   3.56977641e+02   3.48778849e-04
   3.56978130e+02   6.49008201e-04
   3.56978618e+02   9.28026566e-05
   3.56979106e+02  -3.04584653e-04
   3.56979595e+02  -1.75825116e-04
   3.56980083e+02  -2.88855837e-04
   3.56980571e+02  -6.13510318e-04
   3.56981059e+02  -4.69455554e-04
   3.56981548e+02  -5.16462373e-04
   3.56982036e+02  -1.01744267e-03
   3.56982524e+02  -1.00102078e-03
   3.56983013e+02  -6.05635578e-04
   3.56983501e+02  -9.80541590e-05
   3.56983989e+02   4.13597794e-04
   3.56984478e+02   4.74591187e-04
   3.56984966e+02   4.64290642e-04
   3.56985454e+02   5.44352748e-04
   3.56985943e+02   5.99223364e-04
   3.56986431e+02   8.09906342e-04
   3.56986919e+02   4.02901205e-04
   3.56987407e+02  -8.54034093e-04
   3.56987896e+02  -1.71908818e-03
   3.56988384e+02  -1.62304915e-03
   3.56988872e+02  -1.09892990e-03
   3.56989361e+02  -9.61131736e-05
   3.56989849e+02   5.76132152e-04
   3.56990337e+02   3.66670050e-04
   3.56990826e+02   1.21332501e-04
   3.56991314e+02   1.17952521e-04
   3.56991802e+02  -1.73394234e-04
   3.56992291e+02  -6.36841229e-04
   3.56992779e+02  -4.31292108e-04
   3.56993267e+02   1.64155063e-05
   3.56993755e+02  -4.51363521e-05
   3.56994244e+02  -7.83774667e-05
   3.56994732e+02   2.90066760e-04
   3.56995220e+02   3.25931207e-04
   3.56995709e+02  -1.77757785e-04
   3.56996197e+02  -3.09597555e-04
   3.56996685e+02  -1.11361282e-04
   3.56997174e+02  -3.17318394e-04
   3.56997662e+02  -5.22522023e-04
   3.56998150e+02  -4.92602761e-04
   3.56998639e+02  -5.65746392e-04
   3.56999127e+02  -6.28677895e-04
   3.56999615e+02  -3.23618850e-04
   3.57000103e+02   1.30280619e-04
   3.57000592e+02   1.50702836e-04
   3.57001080e+02   3.16671445e-04
   3.57001568e+02   5.20718866e-04
   3.57002057e+02   2.33730258e-04
   3.57002545e+02   6.74478870e-05
   3.57003033e+02  -1.60239579e-04
   3.57003522e+02  -6.30059745e-04
   3.57004010e+02  -4.61206306e-04
   3.57004498e+02   7.15190181e-05
   3.57004987e+02  -3.73161820e-05
   3.57005475e+02  -3.44937871e-04
   3.57005963e+02  -4.52226319e-04
   3.57006451e+02  -3.82954546e-04
   3.57006940e+02  -2.08514102e-04
   3.57007428e+02  -1.92565218e-04
   3.57007916e+02   3.67446803e-04
   3.57008405e+02   9.57622426e-04
   3.57008893e+02   4.88067104e-04
   3.57009381e+02  -2.87653675e-04
   3.57009870e+02  -5.72018092e-04
   3.57010358e+02  -3.04683403e-04
   3.57010846e+02   2.75598024e-04
   3.57011335e+02   6.75844494e-04
   3.57011823e+02   1.60362892e-04
   3.57012311e+02  -5.69125637e-04
   3.57012800e+02  -3.05689056e-04
   3.57013288e+02   2.93158286e-04
   3.57013776e+02   5.40926529e-04
   3.57014264e+02   5.30184130e-04
   3.57014753e+02   4.55223962e-05
   3.57015241e+02  -3.40611296e-04
   3.57015729e+02  -2.35318337e-04
   3.57016218e+02   6.36323020e-05
   3.57016706e+02   1.70406245e-04
   3.57017194e+02   3.45207663e-04
   3.57017683e+02   5.19540452e-04
   3.57018171e+02   2.92313285e-04
   3.57018659e+02  -1.10936096e-04
   3.57019148e+02  -5.32245089e-04
   3.57019636e+02  -4.24344064e-04
   3.57020124e+02   1.64504818e-05
   3.57020612e+02  -2.29675847e-04
   3.57021101e+02  -3.67060333e-04
   3.57021589e+02   3.65453016e-05
   3.57022077e+02   6.09468145e-04
   3.57022566e+02   8.25703435e-04
   3.57023054e+02   5.41169953e-04
   3.57023542e+02   3.51580151e-04
   3.57024031e+02   1.10152760e-05
   3.57024519e+02  -5.27020660e-04
   3.57025007e+02  -5.23493043e-04
   3.57025496e+02  -2.19040521e-04
   3.57025984e+02  -5.31589330e-06
   3.57026472e+02   4.31940774e-04
   3.57026960e+02   3.76789481e-04
   3.57027449e+02  -7.97188623e-05
   3.57027937e+02  -2.71665573e-04
   3.57028425e+02  -1.94662905e-04
   3.57028914e+02   4.63287695e-04
   3.57029402e+02   9.09308437e-04
   3.57029890e+02   4.74481843e-04
   3.57030379e+02   1.18186894e-04
   3.57030867e+02   2.90658587e-04
   3.57031355e+02   4.44031524e-04
   3.57031844e+02   3.03315173e-04
   3.57032332e+02   2.78305524e-04
   3.57032820e+02   1.76824615e-04
   3.57033308e+02   7.76400921e-05
   3.57033797e+02   2.49536417e-04
   3.57034285e+02   2.99258711e-04
   3.57034773e+02   2.45849777e-04
   3.57035262e+02   2.03856020e-04
   3.57035750e+02   1.11044581e-04
   3.57036238e+02   7.28323430e-05
   3.57036727e+02   3.12716402e-05
   3.57037215e+02  -2.88939103e-04
   3.57037703e+02  -5.24061092e-04
   3.57038192e+02  -5.28291217e-04
   3.57038680e+02  -5.17916575e-04
   3.57039168e+02  -9.02602478e-05
   3.57039656e+02   6.55478623e-04
   3.57040145e+02   4.74647997e-04
   3.57040633e+02  -2.10373037e-04
   3.57041121e+02  -1.99496993e-04
   3.57041610e+02   1.58204522e-04
   3.57042098e+02   6.65645639e-04
   3.57042586e+02   8.64457048e-04
   3.57043075e+02   3.91508045e-04
   3.57043563e+02  -2.39566489e-05
   3.57044051e+02  -2.32121572e-04
   3.57044540e+02  -5.14167768e-04
   3.57045028e+02  -3.66322667e-04
   3.57045516e+02   2.35777261e-04
   3.57046004e+02   4.05491592e-04
   3.57046493e+02   1.33060050e-04
   3.57046981e+02   4.57898896e-05
   3.57047469e+02   7.07527215e-05
   3.57047958e+02   4.30104228e-05
   3.57048446e+02   7.03153084e-04
   3.57048934e+02   1.35241915e-03
   3.57049423e+02   5.54103055e-04
   3.57049911e+02  -2.37515036e-04
   3.57050399e+02   4.56670241e-04
   3.57050888e+02   8.77201091e-04
   3.57051376e+02   2.32273538e-04
   3.57051864e+02   1.07117863e-04
   3.57052353e+02   4.42327408e-04
   3.57052841e+02   4.91004088e-04
   3.57053329e+02  -6.53064926e-05
   3.57053817e+02  -6.72734168e-04
   3.57054306e+02  -6.07316208e-04
   3.57054794e+02  -4.92054154e-04
   3.57055282e+02  -4.86663310e-04
   3.57055771e+02  -2.03343719e-04
   3.57056259e+02   1.24294034e-04
   3.57056747e+02   3.47089517e-04
   3.57057236e+02   2.77379382e-04
   3.57057724e+02  -6.64132822e-05
   3.57058212e+02  -2.18913570e-04
   3.57058701e+02  -2.66111980e-04
   3.57059189e+02  -2.07568242e-04
   3.57059677e+02   2.27116296e-04
   3.57060165e+02   4.28146421e-04
   3.57060654e+02   1.49500062e-04
   3.57061142e+02   2.99393814e-05
   3.57061630e+02  -1.85968980e-04
   3.57062119e+02  -6.68648456e-04
   3.57062607e+02  -4.81742143e-04
   3.57063095e+02   2.34378953e-04
   3.57063584e+02   4.60849871e-04
   3.57064072e+02   5.99001301e-04
   3.57064560e+02   2.43728544e-04
   3.57065049e+02  -2.04323762e-04
   3.57065537e+02  -7.24422571e-05
   3.57066025e+02  -3.76750017e-04
   3.57066513e+02  -6.74208801e-04
   3.57067002e+02  -2.01705887e-04
   3.57067490e+02   1.56717535e-04
   3.57067978e+02   1.55164264e-04
   3.57068467e+02  -4.43073659e-05
   3.57068955e+02  -6.37947931e-04
   3.57069443e+02  -8.37735191e-04
   3.57069932e+02  -6.57955534e-04
   3.57070420e+02  -3.26292735e-04
   3.57070908e+02   1.64371755e-04
   3.57071397e+02  -2.30007281e-05
   3.57071885e+02  -6.53714931e-04
   3.57072373e+02  -5.85944799e-04
   3.57072861e+02  -5.08100811e-06
   3.57073350e+02   2.93546793e-04
   3.57073838e+02   5.30515041e-04
   3.57074326e+02   3.71760078e-04
   3.57074815e+02   1.41989338e-04
   3.57075303e+02   2.14958909e-05
   3.57075791e+02   6.34082244e-05
   3.57076280e+02   3.01949476e-04
   3.57076768e+02   2.01714880e-04
   3.57077256e+02   3.76871285e-05
   3.57077745e+02   4.45170153e-05
   3.57078233e+02   1.32504167e-04
   3.57078721e+02   5.79965767e-04
   3.57079209e+02   8.81058688e-04
   3.57079698e+02   7.83391704e-04
   3.57080186e+02   7.16899114e-04
   3.57080674e+02   6.73995528e-04
   3.57081163e+02   5.58037951e-04
   3.57081651e+02   6.28548849e-04
   3.57082139e+02   5.72565827e-04
   3.57082628e+02   4.49038809e-04
   3.57083116e+02   7.42739299e-04
   3.57083604e+02   7.99818663e-04
   3.57084093e+02   2.79689557e-04
   3.57084581e+02   3.35079181e-04
   3.57085069e+02   7.60145485e-04
   3.57085557e+02   3.99041019e-04
   3.57086046e+02   1.30789573e-04
   3.57086534e+02   1.95988512e-04
   3.57087022e+02  -3.62094374e-06
   3.57087511e+02   2.93901656e-04
   3.57087999e+02   7.74138374e-04
   3.57088487e+02   5.90907934e-04
   3.57088976e+02   4.38987219e-04
   3.57089464e+02   4.79671551e-04
   3.57089952e+02   3.13888100e-04
   3.57090441e+02   1.20819044e-04
   3.57090929e+02  -3.50788265e-04
   3.57091417e+02  -3.28666036e-04
   3.57091906e+02   2.83636269e-04
   3.57092394e+02   3.55581258e-04
   3.57092882e+02   1.83740212e-05
   3.57093370e+02   2.18010027e-04
   3.57093859e+02   5.96897095e-04
   3.57094347e+02   5.65218797e-04
   3.57094835e+02   1.66276339e-04
   3.57095324e+02  -2.94305035e-04
   3.57095812e+02  -3.94172297e-04
   3.57096300e+02  -6.37372665e-04
   3.57096789e+02  -5.23441704e-04
   3.57097277e+02   2.82396795e-04
   3.57097765e+02   4.35389025e-04
   3.57098254e+02  -4.78233096e-06
   3.57098742e+02  -4.57747847e-05
   3.57099230e+02   8.29918645e-05
   3.57099718e+02  -3.88399385e-05
   3.57100207e+02  -4.82637515e-05
   3.57100695e+02   3.69294372e-04
   3.57101183e+02   8.12181795e-04
   3.57101672e+02   6.63778279e-04
   3.57102160e+02   1.22754253e-04
   3.57102648e+02  -1.65253776e-04
   3.57103137e+02   1.77855836e-04
   3.57103625e+02   8.39690794e-04
   3.57104113e+02   5.17257606e-04
   3.57104602e+02  -3.11216252e-04
   3.57105090e+02  -4.82908363e-04
   3.57105578e+02  -5.05453732e-04
   3.57106066e+02  -5.31986298e-04
   3.57106555e+02  -2.20648260e-04
   3.57107043e+02  -2.40142370e-04
   3.57107531e+02  -3.57734098e-04
   3.57108020e+02  -2.48784199e-04
   3.57108508e+02  -3.99236451e-04
   3.57108996e+02  -6.13154087e-04
   3.57109485e+02  -3.65793909e-04
   3.57109973e+02  -1.15917515e-04
   3.57110461e+02  -1.69855513e-04
   3.57110950e+02  -3.36879835e-04
   3.57111438e+02  -6.77896489e-04
   3.57111926e+02  -7.89999089e-04
   3.57112414e+02  -1.01567763e-04
   3.57112903e+02   4.70623374e-04
   3.57113391e+02   1.96218534e-04
   3.57113879e+02  -1.36548451e-05
   3.57114368e+02   5.38409571e-04
   3.57114856e+02   1.11937779e-03
   3.57115344e+02   9.32498078e-04
   3.57115833e+02   7.71728752e-04
   3.57116321e+02   7.81492621e-04
   3.57116809e+02   3.38607992e-04
   3.57117298e+02  -1.51525397e-04
   3.57117786e+02  -3.66935274e-04
   3.57118274e+02  -5.85734844e-04
   3.57118762e+02  -9.64918872e-04
   3.57119251e+02  -8.38831766e-04
   3.57119739e+02  -3.36639874e-04
   3.57120227e+02  -1.87715108e-04
   3.57120716e+02   2.66518291e-05
   3.57121204e+02   6.19376588e-05
   3.57121692e+02  -2.60097644e-04
   3.57122181e+02  -1.18336931e-04
   3.57122669e+02   6.97030555e-05
   3.57123157e+02   2.48815541e-05
   3.57123646e+02   1.97611604e-04
   3.57124134e+02   1.46628547e-04
   3.57124622e+02   3.92083806e-04
   3.57125110e+02   9.42537619e-04
   3.57125599e+02   5.26622694e-04
   3.57126087e+02  -1.61745935e-04
   3.57126575e+02  -3.03606968e-04
   3.57127064e+02  -3.89988592e-04
   3.57127552e+02  -7.28054787e-04
   3.57128040e+02  -7.50252162e-04
   3.57128529e+02  -4.94700682e-04
   3.57129017e+02  -3.28127644e-04
   3.57129505e+02  -4.09591565e-04
   3.57129994e+02  -3.54233576e-04
   3.57130482e+02  -1.22656866e-06
   3.57130970e+02  -1.17301155e-04
   3.57131459e+02  -4.72513057e-04
   3.57131947e+02  -2.72498553e-04
   3.57132435e+02   1.79992887e-04
   3.57132923e+02   2.34512583e-04
   3.57133412e+02   8.19832130e-05
   3.57133900e+02  -4.53652501e-05
   3.57134388e+02   1.87902348e-04
   3.57134877e+02   5.06692566e-04
   3.57135365e+02   2.20793241e-04
   3.57135853e+02  -2.65691400e-04
   3.57136342e+02  -2.24953619e-04
   3.57136830e+02   2.04440803e-04
   3.57137318e+02   3.57189449e-04
   3.57137807e+02   4.03086633e-05
   3.57138295e+02  -7.35510766e-05
   3.57138783e+02   3.43083375e-04
   3.57139271e+02   4.69149294e-04
   3.57139760e+02   6.78956130e-05
   3.57140248e+02  -3.37065285e-04
   3.57140736e+02  -2.76244944e-04
   3.57141225e+02   1.82217307e-04
   3.57141713e+02   4.18022217e-04
   3.57142201e+02   7.39181196e-05
   3.57142690e+02  -1.36558723e-04
   3.57143178e+02   1.59410236e-04
   3.57143666e+02   7.26108556e-04
   3.57144155e+02   9.45877575e-04
   3.57144643e+02   5.43517177e-04
   3.57145131e+02   2.79357861e-04
   3.57145619e+02   1.37485913e-04
   3.57146108e+02   1.56484079e-04
   3.57146596e+02   4.00883611e-04
   3.57147084e+02   3.36728204e-04
   3.57147573e+02  -4.85253222e-05
   3.57148061e+02  -4.08814201e-04
   3.57148549e+02  -3.76441341e-04
   3.57149038e+02  -4.68466227e-04
   3.57149526e+02  -7.57177477e-04
   3.57150014e+02  -5.94914309e-04
   3.57150503e+02  -6.24888053e-05
   3.57150991e+02   1.88052305e-04
   3.57151479e+02   2.63268652e-04
   3.57151967e+02   4.76527872e-04
   3.57152456e+02   5.42976777e-04
   3.57152944e+02   2.11584629e-04
   3.57153432e+02   1.36102200e-04
   3.57153921e+02   5.21007576e-04
   3.57154409e+02   4.64855606e-04
   3.57154897e+02  -1.25327380e-04
   3.57155386e+02  -1.62248805e-04
   3.57155874e+02   2.56248517e-04
   3.57156362e+02   5.83180226e-04
   3.57156851e+02   4.48518433e-04
   3.57157339e+02   1.87048514e-04
   3.57157827e+02  -2.81119446e-05
   3.57158315e+02  -1.40032382e-04
   3.57158804e+02   5.78916151e-05
   3.57159292e+02   2.59774737e-04
   3.57159780e+02  -3.71544375e-05
   3.57160269e+02  -4.21978533e-04
   3.57160757e+02  -1.54126901e-04
   3.57161245e+02   1.54596593e-04
   3.57161734e+02  -3.12096614e-04
   3.57162222e+02  -6.11061230e-04
   3.57162710e+02   1.83250268e-05
   3.57163199e+02   5.49328106e-04
   3.57163687e+02   3.73327581e-04
   3.57164175e+02   2.71000841e-04
   3.57164663e+02  -2.69302177e-06
   3.57165152e+02  -4.58118040e-04
   3.57165640e+02  -7.37341121e-04
   3.57166128e+02  -8.00424372e-04
   3.57166617e+02  -5.17736073e-04
   3.57167105e+02  -6.99411030e-05
   3.57167593e+02   1.71440537e-04
   3.57168082e+02  -9.20456932e-06
   3.57168570e+02   2.33319428e-04
   3.57169058e+02   6.28225622e-04
   3.57169547e+02   2.59791297e-04
   3.57170035e+02  -3.62341147e-04
   3.57170523e+02  -3.07402399e-04
   3.57171012e+02   5.31542028e-05
   3.57171500e+02  -2.48224023e-05
   3.57171988e+02  -1.94454231e-04
   3.57172476e+02  -3.89033608e-04
   3.57172965e+02  -4.40870819e-04
   3.57173453e+02  -1.24873099e-04
   3.57173941e+02  -1.38231291e-04
   3.57174430e+02  -4.24319966e-04
   3.57174918e+02  -4.87603347e-06
   3.57175406e+02   4.87136247e-04
   3.57175895e+02   6.41748309e-04
   3.57176383e+02   6.59447571e-04
   3.57176871e+02   2.69579286e-05
   3.57177360e+02  -3.57297366e-04
   3.57177848e+02  -9.53904746e-05
   3.57178336e+02  -6.95062918e-05
   3.57178824e+02  -1.97801157e-04
   3.57179313e+02  -5.76139028e-05
   3.57179801e+02   3.23396816e-04
   3.57180289e+02   4.34567977e-04
   3.57180778e+02   1.52449444e-04
   3.57181266e+02   4.21737604e-05
   3.57181754e+02   4.51416527e-05
   3.57182243e+02  -1.82515912e-04
   3.57182731e+02  -5.50198311e-04
   3.57183219e+02  -5.45529416e-04
   3.57183708e+02   6.89710432e-05
   3.57184196e+02   4.37787734e-04
   3.57184684e+02   2.78797143e-05
   3.57185172e+02  -5.19874797e-04
   3.57185661e+02  -4.37453098e-04
   3.57186149e+02   1.09495049e-04
   3.57186637e+02   5.62591536e-04
   3.57187126e+02   7.75777153e-04
   3.57187614e+02   4.95705288e-04
   3.57188102e+02  -9.21187529e-05
   3.57188591e+02   1.07367166e-04
   3.57189079e+02   7.26542377e-04
   3.57189567e+02   6.29106711e-04
   3.57190056e+02   3.83062958e-04
   3.57190544e+02   3.80314770e-04
   3.57191032e+02   4.58873692e-05
   3.57191520e+02  -3.88764776e-04
   3.57192009e+02  -1.56439040e-04
   3.57192497e+02   2.59704102e-04
   3.57192985e+02   5.54301427e-04
   3.57193474e+02   5.90444601e-04
   3.57193962e+02   3.13056284e-04
   3.57194450e+02   1.69453051e-04
   3.57194939e+02  -3.97389304e-05
   3.57195427e+02  -5.33368657e-05
   3.57195915e+02   3.92625407e-05
   3.57196404e+02  -2.81558634e-04
   3.57196892e+02  -6.09263894e-04
   3.57197380e+02  -8.81753629e-04
   3.57197868e+02  -6.04436384e-04
   3.57198357e+02  -4.56648340e-05
   3.57198845e+02   2.51635880e-04
   3.57199333e+02   3.90192727e-04
   3.57199822e+02  -1.03569706e-04
   3.57200310e+02  -6.92222791e-04
   3.57200798e+02  -3.39163467e-04
   3.57201287e+02   1.62420518e-04
   3.57201775e+02   2.19216221e-04
   3.57202263e+02   8.50347642e-05
   3.57202752e+02  -2.64161907e-04
   3.57203240e+02  -2.75350176e-04
   3.57203728e+02  -1.44419697e-04
   3.57204216e+02  -4.21434816e-04
   3.57204705e+02  -4.68656945e-04
   3.57205193e+02   1.91527375e-04
   3.57205681e+02   6.53514755e-04
   3.57206170e+02   5.11912978e-04
   3.57206658e+02   7.79426075e-04
   3.57207146e+02   7.17618095e-04
   3.57207635e+02   4.15872128e-05
   3.57208123e+02   1.80832270e-04
   3.57208611e+02   4.46715072e-04
   3.57209100e+02   3.30262468e-04
   3.57209588e+02   2.39954330e-04
   3.57210076e+02  -1.33822905e-04
   3.57210565e+02  -6.20123406e-04
   3.57211053e+02  -8.01084621e-04
   3.57211541e+02  -4.82798030e-04
   3.57212029e+02  -1.96627559e-04
   3.57212518e+02  -4.70198691e-04
   3.57213006e+02  -5.17605687e-04
   3.57213494e+02  -3.58901525e-05
   3.57213983e+02   2.68301956e-04
   3.57214471e+02   3.35706514e-04
   3.57214959e+02   3.42988293e-04
   3.57215448e+02  -9.62379818e-06
   3.57215936e+02  -3.92439455e-04
   3.57216424e+02  -5.12062805e-04
   3.57216913e+02  -5.97396574e-04
   3.57217401e+02  -7.44753052e-04
   3.57217889e+02  -8.57940060e-04
   3.57218377e+02  -9.00031650e-04
   3.57218866e+02  -6.75482559e-04
   3.57219354e+02   1.03453303e-05
   3.57219842e+02   4.79989656e-04
   3.57220331e+02   7.07816507e-04
   3.57220819e+02   1.12707855e-03
   3.57221307e+02   1.09812943e-03
   3.57221796e+02   4.39503172e-04
   3.57222284e+02  -8.41498186e-05
   3.57222772e+02  -6.39009668e-05
   3.57223261e+02   4.43646104e-06
   3.57223749e+02  -6.09399249e-05
   3.57224237e+02   8.76080376e-05
   3.57224725e+02   4.01668134e-04
   3.57225214e+02   4.16131632e-04
   3.57225702e+02   2.95336740e-05
   3.57226190e+02  -9.63826897e-05
   3.57226679e+02  -2.69681710e-04
   3.57227167e+02  -2.81749235e-04
   3.57227655e+02  -2.42911818e-04
   3.57228144e+02  -4.45186684e-04
   3.57228632e+02  -1.94613662e-04
   3.57229120e+02   3.10555712e-04
   3.57229609e+02   5.03549236e-04
   3.57230097e+02   2.56812666e-04
   3.57230585e+02   1.08557702e-04
   3.57231073e+02   1.70586762e-04
   3.57231562e+02   1.17226322e-04
   3.57232050e+02   1.23117952e-05
   3.57232538e+02   2.63906375e-04
   3.57233027e+02   7.35625857e-04
   3.57233515e+02   5.17800276e-04
   3.57234003e+02   1.56014037e-04
   3.57234492e+02   1.76712158e-04
   3.57234980e+02   7.21811521e-05
   3.57235468e+02  -2.61534558e-04
   3.57235957e+02  -5.04753960e-04
   3.57236445e+02  -5.19595807e-04
   3.57236933e+02  -3.33729811e-04
   3.57237421e+02  -1.92945954e-05
   3.57237910e+02   2.84534734e-04
   3.57238398e+02   3.05905036e-04
   3.57238886e+02   2.62567028e-05
   3.57239375e+02  -4.26397564e-05
   3.57239863e+02   3.67260480e-04
   3.57240351e+02   4.44178993e-04
   3.57240840e+02   1.84058415e-04
   3.57241328e+02   1.11932204e-04
   3.57241816e+02   8.97685240e-05
   3.57242305e+02   2.86253868e-04
   3.57242793e+02   5.72706806e-04
   3.57243281e+02   6.94310293e-04
   3.57243769e+02  -4.58738396e-06
   3.57244258e+02  -7.76622561e-04
   3.57244746e+02  -2.68798176e-04
   3.57245234e+02   3.38608312e-04
   3.57245723e+02   1.25847888e-04
   3.57246211e+02  -1.14568400e-04
   3.57246699e+02  -1.85089273e-04
   3.57247188e+02  -6.53247233e-04
   3.57247676e+02  -1.01835083e-03
   3.57248164e+02  -9.10119212e-04
   3.57248653e+02  -5.06649376e-04
   3.57249141e+02   8.29802448e-05
   3.57249629e+02   3.83715844e-04
   3.57250118e+02   5.64376416e-04
   3.57250606e+02   6.41879044e-04
   3.57251094e+02   5.38154156e-04
   3.57251582e+02   3.19473445e-04
   3.57252071e+02  -8.82063396e-05
   3.57252559e+02  -6.35045808e-06
   3.57253047e+02  -1.79497772e-04
   3.57253536e+02  -7.65176141e-04
   3.57254024e+02  -8.98590952e-04
   3.57254512e+02  -6.17611338e-04
   3.57255001e+02  -7.17768969e-04
   3.57255489e+02  -1.21482532e-03
   3.57255977e+02  -1.11286994e-03
   3.57256466e+02  -4.05008235e-04
   3.57256954e+02   2.14276995e-04
   3.57257442e+02   7.14631984e-04
   3.57257930e+02   6.96462346e-04
   3.57258419e+02   3.61448358e-04
   3.57258907e+02   5.69791009e-04
   3.57259395e+02   4.92528896e-04
   3.57259884e+02  -1.32305664e-04
   3.57260372e+02  -8.56076076e-05
   3.57260860e+02   6.54200034e-04
   3.57261349e+02   8.66036338e-04
   3.57261837e+02   3.35455203e-04
   3.57262325e+02  -3.60381702e-04
   3.57262814e+02  -7.47486018e-04
   3.57263302e+02  -9.91022680e-04
   3.57263790e+02  -1.07066636e-03
   3.57264278e+02  -8.29428551e-04
   3.57264767e+02  -5.66141389e-04
   3.57265255e+02  -2.75012717e-04
   3.57265743e+02   3.30699695e-04
   3.57266232e+02   8.13329767e-04
   3.57266720e+02   8.75228259e-04
   3.57267208e+02   4.46259364e-04
   3.57267697e+02   3.00533342e-04
   3.57268185e+02   5.03516640e-04
   3.57268673e+02   5.66017523e-04
   3.57269162e+02   3.11129639e-04
   3.57269650e+02  -2.02211158e-04
   3.57270138e+02  -2.39228277e-04
   3.57270626e+02   9.09187365e-05
   3.57271115e+02   8.56306870e-05
   3.57271603e+02  -2.38738940e-04
   3.57272091e+02  -3.60992737e-04
   3.57272580e+02  -2.00753711e-04
   3.57273068e+02  -2.72063160e-04
   3.57273556e+02  -3.98139789e-04
   3.57274045e+02   1.12556052e-04
   3.57274533e+02   7.10980676e-04
   3.57275021e+02   5.25289332e-04
   3.57275510e+02   1.28270767e-04
   3.57275998e+02   1.99093876e-04
   3.57276486e+02   3.53777665e-04
   3.57276974e+02   1.90043022e-04
   3.57277463e+02   1.48156207e-04
   3.57277951e+02   6.75586125e-05
   3.57278439e+02  -2.36635533e-04
   3.57278928e+02  -7.30842468e-04
   3.57279416e+02  -8.28834483e-04
   3.57279904e+02  -2.32666716e-04
   3.57280393e+02   8.17283653e-05
   3.57280881e+02   6.26283727e-05
   3.57281369e+02   7.63237040e-06
   3.57281858e+02  -1.51446351e-04
   3.57282346e+02  -2.97085789e-04
   3.57282834e+02  -4.41127428e-04
   3.57283322e+02  -2.76104896e-04
   3.57283811e+02   1.71691849e-04
   3.57284299e+02   1.13051639e-04
   3.57284787e+02  -3.62849387e-05
   3.57285276e+02   1.85770099e-04
   3.57285764e+02   1.70053579e-04
   3.57286252e+02   2.00757233e-04
   3.57286741e+02   2.28573816e-04
   3.57287229e+02  -2.47284515e-05
   3.57287717e+02   8.78613209e-05
   3.57288206e+02   2.93595396e-04
   3.57288694e+02  -2.62773710e-06
   3.57289182e+02  -2.29288984e-04
   3.57289671e+02  -3.58692196e-04
   3.57290159e+02   3.25884757e-05
   3.57290647e+02   5.40464593e-04
   3.57291135e+02  -1.09252705e-05
   3.57291624e+02  -4.96479217e-04
   3.57292112e+02  -2.40483874e-04
   3.57292600e+02   1.23916849e-04
   3.57293089e+02   2.45003903e-04
   3.57293577e+02   1.37290874e-04
   3.57294065e+02  -4.73782507e-04
   3.57294554e+02  -1.11373735e-03
   3.57295042e+02  -1.02457940e-03
   3.57295530e+02  -7.07850151e-04
   3.57296019e+02  -3.83460138e-04
   3.57296507e+02  -9.49305613e-05
   3.57296995e+02  -3.27884307e-04
   3.57297483e+02  -5.79563086e-04
   3.57297972e+02  -4.31576918e-04
   3.57298460e+02  -2.53049773e-04
   3.57298948e+02  -2.98680625e-05
   3.57299437e+02   2.47528864e-04
   3.57299925e+02   2.64651782e-04
   3.57300413e+02   2.53760780e-04
   3.57300902e+02   4.24671540e-04
   3.57301390e+02   4.39377443e-04
   3.57301878e+02   3.43824591e-04
   3.57302367e+02   2.18731744e-04
   3.57302855e+02  -1.43180281e-04
   3.57303343e+02  -2.18989764e-04
   3.57303831e+02  -4.29420907e-04
   3.57304320e+02  -4.15287243e-04
   3.57304808e+02   3.27948015e-04
   3.57305296e+02   7.21536228e-04
   3.57305785e+02   8.16554995e-04
   3.57306273e+02   8.96647980e-04
   3.57306761e+02   3.29884730e-04
   3.57307250e+02  -4.91287676e-04
   3.57307738e+02  -5.07458986e-04
   3.57308226e+02  -2.22198305e-05
   3.57308715e+02   9.73820061e-05
   3.57309203e+02   1.80286617e-04
   3.57309691e+02   3.78646859e-04
   3.57310179e+02   1.70587184e-04
   3.57310668e+02   1.32213361e-04
   3.57311156e+02   5.28557342e-04
   3.57311644e+02   3.42343352e-04
   3.57312133e+02  -1.98003880e-04
   3.57312621e+02  -2.35146508e-04
   3.57313109e+02  -2.47517106e-04
   3.57313598e+02  -7.48178063e-05
   3.57314086e+02   1.63947072e-04
   3.57314574e+02   2.21511218e-04
   3.57315063e+02   2.83095986e-04
   3.57315551e+02  -2.33185565e-04
   3.57316039e+02  -4.13522648e-04
   3.57316527e+02   8.34809834e-05
   3.57317016e+02   1.26522005e-04
   3.57317504e+02  -4.57755610e-04
   3.57317992e+02  -5.84788213e-04
   3.57318481e+02  -1.70314433e-05
   3.57318969e+02   1.23957550e-04
   3.57319457e+02   9.78171738e-05
   3.57319946e+02   1.89128696e-04
   3.57320434e+02   2.01716713e-04
   3.57320922e+02   3.29897885e-04
   3.57321411e+02   9.54073475e-05
   3.57321899e+02  -2.56913016e-04
   3.57322387e+02  -1.71105115e-04
   3.57322875e+02  -5.41000554e-06
   3.57323364e+02   3.02657107e-04
   3.57323852e+02   8.14237806e-04
   3.57324340e+02   8.65204842e-04
   3.57324829e+02   4.57955553e-04
   3.57325317e+02   2.25762895e-04
   3.57325805e+02   1.28515952e-04
   3.57326294e+02  -1.45641039e-04
   3.57326782e+02  -5.74445701e-04
   3.57327270e+02  -5.70614997e-04
   3.57327759e+02  -4.53004941e-05
   3.57328247e+02   8.24001982e-05
   3.57328735e+02   1.27371270e-04
   3.57329224e+02   4.04469407e-04
   3.57329712e+02   2.68526870e-04
   3.57330200e+02  -2.38754015e-04
   3.57330688e+02  -4.76152083e-04
   3.57331177e+02  -2.42000224e-05
   3.57331665e+02   6.19891915e-04
   3.57332153e+02   6.29330811e-04
   3.57332642e+02   4.25179984e-04
   3.57333130e+02   4.47645289e-04
   3.57333618e+02   2.22578121e-04
   3.57334107e+02   2.00253242e-04
   3.57334595e+02   1.01515464e-03
   3.57335083e+02   1.47927727e-03
   3.57335572e+02   1.02894567e-03
   3.57336060e+02   6.08701550e-04
   3.57336548e+02   1.54307665e-04
   3.57337036e+02  -3.04500747e-04
   3.57337525e+02  -2.67631258e-05
   3.57338013e+02   2.45049188e-04
   3.57338501e+02  -1.97999223e-04
   3.57338990e+02  -4.25646547e-04
   3.57339478e+02  -1.97865142e-04
   3.57339966e+02  -2.72586476e-04
   3.57340455e+02  -5.04079449e-04
   3.57340943e+02  -7.05489074e-04
   3.57341431e+02  -7.94695166e-04
   3.57341920e+02  -5.19905298e-04
   3.57342408e+02  -1.91155734e-04
   3.57342896e+02  -1.79656156e-04
   3.57343384e+02  -6.13997036e-05
   3.57343873e+02   4.03525715e-04
   3.57344361e+02   7.31969660e-04
   3.57344849e+02   7.66655430e-04
   3.57345338e+02   7.48060003e-04
   3.57345826e+02   7.01976358e-04
   3.57346314e+02   4.09449742e-04
   3.57346803e+02  -1.89053826e-04
   3.57347291e+02  -1.72858665e-04
   3.57347779e+02   4.29801410e-04
   3.57348268e+02   4.01791476e-04
   3.57348756e+02  -6.73393442e-05
   3.57349244e+02  -2.80602457e-04
   3.57349732e+02  -2.36917709e-04
   3.57350221e+02  -2.26468896e-04
   3.57350709e+02  -2.48614175e-04
   3.57351197e+02  -5.84931549e-05
   3.57351686e+02   4.48531573e-05
   3.57352174e+02  -8.30765639e-05
   3.57352662e+02   2.77948911e-05
   3.57353151e+02   1.62135417e-04
   3.57353639e+02  -1.43990808e-04
   3.57354127e+02  -8.76188686e-04
   3.57354616e+02  -8.84368841e-04
   3.57355104e+02   1.07258384e-04
   3.57355592e+02   6.01318432e-04
   3.57356080e+02   6.09567214e-04
   3.57356569e+02   4.55088390e-04
   3.57357057e+02   7.52931082e-05
   3.57357545e+02  -1.47251325e-04
   3.57358034e+02  -4.24085360e-04
   3.57358522e+02  -7.36673828e-04
   3.57359010e+02  -5.54153230e-04
   3.57359499e+02  -2.30613310e-04
   3.57359987e+02  -7.69663020e-05
   3.57360475e+02  -5.49631695e-05
   3.57360964e+02  -2.02739509e-04
   3.57361452e+02  -1.76274203e-04
   3.57361940e+02  -8.36436448e-05
   3.57362428e+02   4.10805151e-05
   3.57362917e+02   3.72730778e-04
   3.57363405e+02   5.42355236e-04
   3.57363893e+02   2.75600149e-04
   3.57364382e+02  -2.31958576e-04
   3.57364870e+02  -2.55281950e-04
   3.57365358e+02   1.59266740e-04
   3.57365847e+02   1.94694323e-04
   3.57366335e+02   3.23243672e-04
   3.57366823e+02   2.87474482e-04
   3.57367312e+02   3.28583934e-04
   3.57367800e+02   9.39779566e-04
   3.57368288e+02   1.12769497e-03
   3.57368777e+02   7.76419009e-04
   3.57369265e+02   1.69161911e-04
   3.57369753e+02  -2.94179015e-04
   3.57370241e+02  -3.23812594e-04
   3.57370730e+02  -4.56672424e-04
   3.57371218e+02  -5.38955443e-04
   3.57371706e+02  -5.68750722e-04
   3.57372195e+02  -7.95564149e-04
   3.57372683e+02  -5.64919668e-04
   3.57373171e+02  -2.48183933e-04
   3.57373660e+02  -3.24642780e-04
   3.57374148e+02  -3.54049582e-04
   3.57374636e+02  -1.47990198e-04
   3.57375125e+02   2.27718876e-04
   3.57375613e+02   6.50146569e-04
   3.57376101e+02   7.15838105e-04
   3.57376589e+02   1.96995490e-04
   3.57377078e+02  -3.05602007e-04
   3.57377566e+02  -3.52043106e-04
   3.57378054e+02  -1.49443091e-04
   3.57378543e+02   2.94696219e-04
   3.57379031e+02   2.90922821e-04
   3.57379519e+02  -1.79549650e-04
   3.57380008e+02  -3.47825262e-04
   3.57380496e+02  -1.84598364e-04
   3.57380984e+02   5.98656887e-04
   3.57381473e+02   9.83576989e-04
   3.57381961e+02   2.50888144e-04
   3.57382449e+02   1.62447341e-05
   3.57382937e+02   2.63134105e-04
   3.57383426e+02   3.03617300e-04
   3.57383914e+02   3.90629895e-04
   3.57384402e+02   2.40157708e-04
   3.57384891e+02   1.77177120e-04
   3.57385379e+02   3.97930649e-04
   3.57385867e+02   1.23835620e-04
   3.57386356e+02  -2.14108877e-04
   3.57386844e+02   3.15258658e-05
   3.57387332e+02   1.62408935e-04
   3.57387821e+02  -1.27548803e-04
   3.57388309e+02  -1.23619640e-04
   3.57388797e+02   3.37676960e-04
   3.57389285e+02   2.64028320e-04
   3.57389774e+02  -1.46766770e-05
   3.57390262e+02   1.15573741e-04
   3.57390750e+02  -7.71062114e-05
   3.57391239e+02  -7.16933806e-04
   3.57391727e+02  -9.87652689e-04
   3.57392215e+02  -6.12364500e-04
   3.57392704e+02  -3.58097095e-05
   3.57393192e+02   3.20229665e-05
   3.57393680e+02  -8.92772441e-05
   3.57394169e+02   3.19724422e-05
   3.57394657e+02  -3.96529576e-05
   3.57395145e+02  -1.19893455e-04
   3.57395633e+02   7.47426966e-05
   3.57396122e+02   3.13675991e-04
   3.57396610e+02   3.38931131e-04
   3.57397098e+02   2.54855666e-04
   3.57397587e+02  -2.09153332e-05
   3.57398075e+02  -3.79821926e-04
   3.57398563e+02  -2.71190569e-04
   3.57399052e+02  -1.32842761e-04
   3.57399540e+02  -4.21417208e-05
   3.57400028e+02   3.71933100e-04
   3.57400517e+02   2.44993193e-04
   3.57401005e+02  -5.56669082e-04
   3.57401493e+02  -6.27963396e-04
   3.57401981e+02  -7.54599605e-05
   3.57402470e+02  -2.97987535e-05
   3.57402958e+02  -5.77924438e-05
   3.57403446e+02   2.57504289e-04
   3.57403935e+02   1.57662987e-04
   3.57404423e+02  -2.27563913e-04
   3.57404911e+02  -1.63346980e-04
   3.57405400e+02  -1.62249387e-04
   3.57405888e+02  -9.90738845e-05
   3.57406376e+02   2.19973212e-04
   3.57406865e+02  -1.76016198e-04
   3.57407353e+02  -5.54794853e-04
   3.57407841e+02   1.32263522e-04
   3.57408330e+02   7.66002166e-04
   3.57408818e+02   7.55158137e-04
   3.57409306e+02   8.19659326e-04
   3.57409794e+02   1.11051928e-03
   3.57410283e+02   1.14691933e-03
   3.57410771e+02   7.69689039e-04
   3.57411259e+02   1.76553367e-04
   3.57411748e+02  -2.02583724e-05
   3.57412236e+02   1.05807470e-04
   3.57412724e+02  -8.63056266e-06
   3.57413213e+02  -4.66618687e-04
   3.57413701e+02  -8.52496654e-04
   3.57414189e+02  -5.45358052e-04
   3.57414678e+02   4.98294066e-05
   3.57415166e+02   4.00580786e-04
   3.57415654e+02   4.11323010e-04
   3.57416142e+02   4.28373343e-04
   3.57416631e+02   5.84507907e-05
   3.57417119e+02  -5.96855883e-04
   3.57417607e+02  -3.42162733e-04
   3.57418096e+02   4.90240753e-04
   3.57418584e+02   5.50269091e-04
   3.57419072e+02  -4.07772604e-05
   3.57419561e+02  -5.47240896e-04
   3.57420049e+02  -7.34445290e-04
   3.57420537e+02  -8.09996622e-04
   3.57421026e+02  -7.88882724e-04
   3.57421514e+02  -6.43438951e-04
   3.57422002e+02  -2.96870188e-04
   3.57422490e+02  -9.97553652e-05
   3.57422979e+02   1.06099564e-04
   3.57423467e+02   3.58533580e-04
   3.57423955e+02   5.13952225e-04
   3.57424444e+02   2.45317817e-04
   3.57424932e+02  -3.44275031e-04
   3.57425420e+02  -4.83619544e-04
   3.57425909e+02  -1.95674598e-04
   3.57426397e+02  -3.70467133e-05
   3.57426885e+02  -2.68982287e-04
   3.57427374e+02  -1.04147235e-04
   3.57427862e+02   6.49195979e-04
   3.57428350e+02   1.02829491e-03
   3.57428838e+02   1.80916424e-04
   3.57429327e+02  -1.98516631e-04
   3.57429815e+02   2.21334805e-04
   3.57430303e+02   1.15266579e-04
   3.57430792e+02  -2.44936382e-04
   3.57431280e+02  -2.27240103e-04
   3.57431768e+02  -3.24687389e-05
   3.57432257e+02  -3.06970353e-04
   3.57432745e+02  -5.06753917e-04
   3.57433233e+02  -3.69429705e-04
   3.57433722e+02  -3.64064326e-04
   3.57434210e+02  -4.33394278e-04
   3.57434698e+02  -6.12437085e-04
   3.57435186e+02  -8.28415912e-04
   3.57435675e+02  -4.99768939e-04
   3.57436163e+02   1.60502736e-04
   3.57436651e+02   4.41046344e-04
   3.57437140e+02   4.27342253e-04
   3.57437628e+02   5.32299106e-04
   3.57438116e+02   8.56099417e-04
   3.57438605e+02   8.14533327e-04
   3.57439093e+02   3.28775379e-04
   3.57439581e+02  -2.16471177e-04
   3.57440070e+02  -5.25448471e-04
   3.57440558e+02  -3.87421431e-04
   3.57441046e+02  -5.70106611e-04
   3.57441534e+02  -8.29385652e-04
   3.57442023e+02  -6.45942870e-04
   3.57442511e+02  -7.24509824e-04
   3.57442999e+02  -5.86523092e-04
   3.57443488e+02  -1.59773233e-04
   3.57443976e+02   3.07803821e-05
   3.57444464e+02   1.96782694e-05
   3.57444953e+02  -2.87373550e-05
   3.57445441e+02   8.66475821e-05
   3.57445929e+02   1.34151443e-04
   3.57446418e+02  -6.47693741e-05
   3.57446906e+02  -2.84914713e-04
   3.57447394e+02  -8.12735991e-04
   3.57447883e+02  -1.24225055e-03
   3.57448371e+02  -8.80990701e-04
   3.57448859e+02  -6.30579947e-04
   3.57449347e+02  -4.06996347e-04
   3.57449836e+02   1.63033110e-04
   3.57450324e+02   2.40702342e-04
   3.57450812e+02  -6.71459347e-05
   3.57451301e+02  -1.31146749e-04
   3.57451789e+02   4.30470172e-05
   3.57452277e+02  -1.35971772e-04
   3.57452766e+02  -6.03653607e-04
   3.57453254e+02  -7.33671593e-04
   3.57453742e+02  -6.14651886e-04
   3.57454231e+02  -4.43686935e-04
   3.57454719e+02   6.89116132e-05
   3.57455207e+02   3.43680091e-04
   3.57455695e+02  -1.72241838e-04
   3.57456184e+02  -4.35603724e-04
   3.57456672e+02  -9.94483271e-05
   3.57457160e+02   1.85713201e-04
   3.57457649e+02   3.41583276e-04
   3.57458137e+02   1.18673219e-04
   3.57458625e+02  -2.96120823e-04
   3.57459114e+02  -5.77372848e-04
   3.57459602e+02  -2.86780618e-04
   3.57460090e+02   2.94259546e-04
   3.57460579e+02   3.55205033e-04
   3.57461067e+02   3.00316551e-05
   3.57461555e+02  -2.89052332e-05
   3.57462043e+02  -9.11337993e-05
   3.57462532e+02  -2.37896384e-04
   3.57463020e+02   1.32989750e-04
   3.57463508e+02   6.82120619e-04
   3.57463997e+02   3.53052659e-04
   3.57464485e+02  -6.67479122e-04
   3.57464973e+02  -7.53184664e-04
   3.57465462e+02  -8.77368075e-05
   3.57465950e+02   4.22100638e-05
   3.57466438e+02  -1.90279781e-04
   3.57466927e+02  -3.65774089e-04
   3.57467415e+02  -2.53710430e-04
   3.57467903e+02  -3.04095211e-05
   3.57468391e+02   4.01993602e-04
   3.57468880e+02   4.70669358e-04
   3.57469368e+02   2.03452320e-04
   3.57469856e+02   4.02930222e-04
   3.57470345e+02   2.06405413e-04
   3.57470833e+02  -2.34932697e-04
   3.57471321e+02   2.81266082e-04
   3.57471810e+02   4.29566193e-04
   3.57472298e+02  -2.66391231e-04
   3.57472786e+02  -1.58976574e-04
   3.57473275e+02   4.32195782e-04
   3.57473763e+02   4.79940383e-04
   3.57474251e+02   5.32671635e-04
   3.57474739e+02   7.07059749e-04
   3.57475228e+02   4.45716199e-04
   3.57475716e+02  -4.74579538e-05
   3.57476204e+02  -3.48426314e-04
   3.57476693e+02  -4.85619210e-04
   3.57477181e+02  -2.56014813e-04
   3.57477669e+02  -5.31318728e-05
   3.57478158e+02   1.65008187e-05
   3.57478646e+02   2.83308676e-04
   3.57479134e+02   1.50698397e-04
   3.57479623e+02  -3.66897177e-04
   3.57480111e+02  -4.55018715e-04
   3.57480599e+02  -1.20782570e-04
   3.57481087e+02   1.48097984e-04
   3.57481576e+02   1.13631228e-04
   3.57482064e+02  -3.72010254e-05
   3.57482552e+02   2.86514638e-04
   3.57483041e+02   2.85028276e-04
   3.57483529e+02  -3.52404662e-04
   3.57484017e+02  -3.61582759e-04
   3.57484506e+02   2.24001233e-05
   3.57484994e+02   1.63049437e-04
   3.57485482e+02   1.25602965e-04
   3.57485971e+02   7.26992730e-04
   3.57486459e+02   5.81151748e-04
   3.57486947e+02   3.03710840e-04
   3.57487436e+02   1.64906378e-04
   3.57487924e+02   3.95417010e-04
   3.57488412e+02   5.65410766e-04
   3.57488900e+02  -9.95948576e-05
   3.57489389e+02  -8.30972785e-05
   3.57489877e+02   6.30820345e-04
   3.57490365e+02   5.03928459e-04
   3.57490854e+02   4.27750376e-04
   3.57491342e+02   4.40825563e-04
   3.57491830e+02  -1.10639201e-04
   3.57492319e+02  -3.36521131e-04
   3.57492807e+02  -3.45867302e-04
   3.57493295e+02  -1.25855979e-04
   3.57493784e+02   1.25181308e-04
   3.57494272e+02   1.97034111e-04
   3.57494760e+02   6.20139821e-04
   3.57495248e+02   4.28992731e-04
   3.57495737e+02  -1.78818096e-04
   3.57496225e+02  -1.27317369e-04
   3.57496713e+02  -4.60613199e-04
   3.57497202e+02  -6.42558560e-04
   3.57497690e+02  -2.12559389e-04
   3.57498178e+02  -4.41984303e-05
   3.57498667e+02   2.41358037e-04
   3.57499155e+02   5.25268668e-04
   3.57499643e+02   1.06398256e-04
   3.57500132e+02  -3.99834098e-04
   3.57500620e+02  -5.09094214e-04
   3.57501108e+02  -2.69302342e-04
   3.57501596e+02   1.62505938e-04
   3.57502085e+02   7.82402130e-05
   3.57502573e+02  -2.25902055e-04
   3.57503061e+02  -9.71493428e-05
   3.57503550e+02   2.16051427e-04
   3.57504038e+02   5.70582110e-04
   3.57504526e+02   6.04826957e-04
   3.57505015e+02   4.58813709e-04
   3.57505503e+02   2.68054864e-04
   3.57505991e+02  -1.04080929e-04
   3.57506480e+02  -1.62412049e-04
   3.57506968e+02  -1.93138359e-04
   3.57507456e+02  -6.27086847e-04
   3.57507944e+02  -9.05549503e-04
   3.57508433e+02  -6.92667963e-04
   3.57508921e+02  -2.58162851e-04
   3.57509409e+02  -3.91258567e-04
   3.57509898e+02  -7.36729125e-04
   3.57510386e+02  -3.78782570e-04
   3.57510874e+02  -2.27572691e-05
   3.57511363e+02  -2.36203312e-04
   3.57511851e+02   2.22694696e-04
   3.57512339e+02   9.25720669e-04
   3.57512828e+02   1.08862459e-03
   3.57513316e+02   7.13580113e-04
   3.57513804e+02  -2.44719879e-04
   3.57514292e+02  -5.60364570e-04
   3.57514781e+02  -1.11681475e-04
   3.57515269e+02   2.08178637e-04
   3.57515757e+02   2.85577757e-04
   3.57516246e+02   2.76201055e-04
   3.57516734e+02   2.67708238e-04
   3.57517222e+02  -1.07052772e-04
   3.57517711e+02  -3.92287300e-04
   3.57518199e+02   5.45547337e-05
   3.57518687e+02   2.15053777e-04
   3.57519176e+02  -2.51524238e-04
   3.57519664e+02  -3.00366257e-04
   3.57520152e+02  -9.91593624e-05
   3.57520640e+02   2.33447718e-04
   3.57521129e+02   6.87226944e-04
   3.57521617e+02   3.74067109e-04
   3.57522105e+02  -2.28955061e-04
   3.57522594e+02  -2.65036768e-04
   3.57523082e+02  -1.50607011e-04
   3.57523570e+02  -4.59875359e-04
   3.57524059e+02  -7.33010296e-04
   3.57524547e+02  -7.58596580e-04
   3.57525035e+02  -7.82533607e-04
   3.57525524e+02  -4.31604101e-04
   3.57526012e+02   5.22334303e-05
   3.57526500e+02  -1.62904442e-04
   3.57526989e+02  -3.97862721e-04
   3.57527477e+02   8.13892693e-05
   3.57527965e+02   1.79503768e-04
   3.57528453e+02  -3.59205675e-04
   3.57528942e+02  -7.24394165e-04
   3.57529430e+02  -4.04283564e-05
   3.57529918e+02   2.46087060e-04
   3.57530407e+02  -5.04181429e-04
   3.57530895e+02  -6.37324352e-04
   3.57531383e+02  -4.25835489e-04
   3.57531872e+02  -2.88377225e-04
   3.57532360e+02   7.99834379e-05
   3.57532848e+02   1.21057725e-04
   3.57533337e+02  -3.35610792e-04
   3.57533825e+02  -5.98795828e-04
   3.57534313e+02  -3.33524687e-04
   3.57534801e+02  -1.82467425e-04
   3.57535290e+02  -3.01786204e-04
   3.57535778e+02  -7.43396449e-05
   3.57536266e+02   2.20595684e-04
   3.57536755e+02   2.16923087e-04
   3.57537243e+02   5.54680191e-05
   3.57537731e+02  -8.60166401e-05
   3.57538220e+02   2.79407017e-04
   3.57538708e+02   6.57328754e-04
   3.57539196e+02   2.89476797e-04
   3.57539685e+02  -4.70102750e-05
   3.57540173e+02   5.32914491e-05
   3.57540661e+02   2.88335665e-04
   3.57541149e+02  -1.75156922e-04
   3.57541638e+02  -6.92061556e-04
   3.57542126e+02  -3.90137604e-04
   3.57542614e+02  -1.07721949e-04
   3.57543103e+02   1.07843716e-05
   3.57543591e+02  -1.86303965e-04
   3.57544079e+02  -2.17656154e-04
   3.57544568e+02   8.05813703e-04
   3.57545056e+02   1.56203692e-03
   3.57545544e+02   8.02654773e-04
   3.57546033e+02  -5.40380424e-04
   3.57546521e+02  -8.96693440e-04
   3.57547009e+02  -2.97038117e-04
   3.57547497e+02   3.73305200e-04
   3.57547986e+02   4.01901751e-04
   3.57548474e+02  -1.45495778e-05
   3.57548962e+02  -2.54767278e-04
   3.57549451e+02  -3.12478573e-04
   3.57549939e+02  -2.92452547e-04
   3.57550427e+02  -1.79795141e-04
   3.57550916e+02  -2.42703783e-04
   3.57551404e+02  -8.06869881e-04
   3.57551892e+02  -1.25511608e-03
   3.57552381e+02  -6.36846293e-04
   3.57552869e+02   3.48207715e-04
   3.57553357e+02   5.05451404e-04
   3.57553845e+02   4.63663950e-04
   3.57554334e+02   3.60538950e-04
   3.57554822e+02  -9.82007696e-05
   3.57555310e+02  -2.38028239e-04
   3.57555799e+02  -1.78211674e-04
   3.57556287e+02  -2.31148864e-04
   3.57556775e+02  -1.70046915e-04
   3.57557264e+02   1.39081472e-04
   3.57557752e+02   3.68703884e-04
   3.57558240e+02   1.97042624e-04
   3.57558729e+02   1.16304756e-04
   3.57559217e+02   1.40771066e-04
   3.57559705e+02   8.57030391e-05
   3.57560193e+02   1.03750841e-04
   3.57560682e+02  -2.04895085e-04
   3.57561170e+02  -3.80887446e-04
   3.57561658e+02   2.83857153e-05
   3.57562147e+02   8.82111344e-05
   3.57562635e+02   2.41647198e-04
   3.57563123e+02   6.06080925e-04
   3.57563612e+02   2.47392833e-04
   3.57564100e+02  -4.48930630e-04
   3.57564588e+02  -6.85727457e-04
   3.57565077e+02  -4.71692299e-04
   3.57565565e+02  -3.09088209e-04
   3.57566053e+02  -3.49748007e-04
   3.57566542e+02  -5.32447360e-04
   3.57567030e+02  -6.12012402e-04
   3.57567518e+02  -5.46987983e-04
   3.57568006e+02  -2.08896934e-04
   3.57568495e+02  -3.27059570e-05
   3.57568983e+02  -3.67201603e-04
   3.57569471e+02  -2.85041780e-04
   3.57569960e+02   4.55045883e-05
   3.57570448e+02   3.82402446e-04
   3.57570936e+02   8.58798623e-04
   3.57571425e+02   7.39791489e-04
   3.57571913e+02   5.53888152e-04
   3.57572401e+02   5.67149429e-04
   3.57572890e+02   1.10114648e-04
   3.57573378e+02  -3.75037460e-04
   3.57573866e+02  -2.34713851e-04
   3.57574354e+02   9.89809705e-05
   3.57574843e+02   3.12813965e-04
   3.57575331e+02   2.97329418e-04
   3.57575819e+02   2.11814535e-04
   3.57576308e+02   4.20513912e-04
   3.57576796e+02   4.47652186e-04
   3.57577284e+02  -3.95451425e-05
   3.57577773e+02   3.89648412e-05
   3.57578261e+02   1.96502398e-04
   3.57578749e+02  -3.41485866e-04
   3.57579238e+02  -5.60348737e-04
   3.57579726e+02  -2.99098436e-04
   3.57580214e+02  -9.58993114e-05
   3.57580702e+02  -5.80461812e-04
   3.57581191e+02  -1.43392000e-03
   3.57581679e+02  -1.30370993e-03
   3.57582167e+02  -7.75844150e-04
   3.57582656e+02  -1.48839521e-04
   3.57583144e+02   4.85789176e-04
   3.57583632e+02   7.58319627e-04
   3.57584121e+02   6.45547465e-04
   3.57584609e+02   1.89252241e-04
   3.57585097e+02   3.28344031e-04
   3.57585586e+02   8.65692680e-04
   3.57586074e+02   5.99497871e-04
   3.57586562e+02   2.92455807e-05
   3.57587050e+02  -4.19813412e-04
   3.57587539e+02  -5.83775458e-04
   3.57588027e+02  -2.18403613e-04
   3.57588515e+02  -3.83977254e-04
   3.57589004e+02  -6.81371486e-04
   3.57589492e+02  -3.49281356e-04
   3.57589980e+02  -6.69565226e-04
   3.57590469e+02  -8.11291044e-04
   3.57590957e+02  -8.70694639e-05
   3.57591445e+02   2.53323029e-04
   3.57591934e+02   4.72511565e-05
   3.57592422e+02  -2.39336630e-04
   3.57592910e+02  -1.43529396e-04
   3.57593398e+02   6.92452159e-06
   3.57593887e+02  -8.96476849e-05
   3.57594375e+02  -2.60054876e-05
   3.57594863e+02  -7.11692774e-05
   3.57595352e+02  -1.89557861e-04
   3.57595840e+02   9.05562920e-05
   3.57596328e+02   3.14453755e-05
   3.57596817e+02  -2.63806898e-04
   3.57597305e+02  -5.55901381e-04
   3.57597793e+02  -5.84988331e-04
   3.57598282e+02  -2.40408801e-04
   3.57598770e+02   2.22568327e-04
   3.57599258e+02   5.04864613e-04
   3.57599746e+02   3.47701211e-06
   3.57600235e+02  -3.84994841e-04
   3.57600723e+02  -8.45069444e-05
   3.57601211e+02  -1.49924323e-04
   3.57601700e+02  -3.60394683e-04
   3.57602188e+02  -3.04217305e-04
   3.57602676e+02   1.36797025e-04
   3.57603165e+02   1.12227350e-03
   3.57603653e+02   9.69871995e-04
   3.57604141e+02  -2.09665959e-04
   3.57604630e+02  -1.23815308e-03
   3.57605118e+02  -6.81028177e-04
   3.57605606e+02   4.08988679e-04
   3.57606095e+02   7.42463046e-04
   3.57606583e+02   5.69582800e-04
   3.57607071e+02   1.53280518e-04
   3.57607559e+02  -2.66263651e-05
   3.57608048e+02   4.13228146e-04
   3.57608536e+02   5.27261465e-04
   3.57609024e+02   4.51666216e-04
   3.57609513e+02   6.16630830e-04
   3.57610001e+02   3.09611933e-04
   3.57610489e+02  -2.58503220e-04
   3.57610978e+02  -4.02654783e-04
   3.57611466e+02  -1.09079774e-04
   3.57611954e+02   3.31609685e-04
   3.57612443e+02   5.80879103e-04
   3.57612931e+02   4.38058516e-04
   3.57613419e+02   5.08586410e-04
   3.57613907e+02   6.78834913e-04
   3.57614396e+02   3.13784636e-04
   3.57614884e+02  -3.76431963e-05
   3.57615372e+02   1.31361856e-04
   3.57615861e+02   2.05308403e-04
   3.57616349e+02   1.72278567e-04
   3.57616837e+02  -2.77706102e-04
   3.57617326e+02  -1.10453251e-03
   3.57617814e+02  -1.37087563e-03
   3.57618302e+02  -1.04449666e-03
   3.57618791e+02  -1.32268047e-04
   3.57619279e+02   6.72767812e-04
   3.57619767e+02   3.84700252e-04
   3.57620255e+02  -8.18514818e-05
   3.57620744e+02   8.09286939e-05
   3.57621232e+02  -5.84985719e-05
   3.57621720e+02   8.96759375e-05
   3.57622209e+02   8.43859860e-04
   3.57622697e+02   9.03946406e-04
   3.57623185e+02   2.08059253e-04
   3.57623674e+02  -4.81318188e-04
   3.57624162e+02  -5.27095865e-04
   3.57624650e+02  -3.34281853e-04
   3.57625139e+02  -8.26340838e-05
   3.57625627e+02   3.08390678e-04
   3.57626115e+02   4.75146895e-04
   3.57626603e+02  -3.26734415e-04
   3.57627092e+02  -7.63305754e-04
   3.57627580e+02   6.93035545e-05
   3.57628068e+02   4.42733814e-04
   3.57628557e+02   4.75861852e-05
   3.57629045e+02  -3.83591308e-04
   3.57629533e+02   8.71262182e-06
   3.57630022e+02   9.98180825e-04
   3.57630510e+02   1.00593129e-03
   3.57630998e+02   5.35149942e-04
   3.57631487e+02   4.16459690e-04
   3.57631975e+02   3.95516196e-04
   3.57632463e+02   3.21459433e-04
   3.57632951e+02   2.95695470e-04
   3.57633440e+02   1.64050070e-04
   3.57633928e+02  -5.07551304e-04
   3.57634416e+02  -9.44041705e-04
   3.57634905e+02  -4.44914796e-04
   3.57635393e+02   3.51399794e-04
   3.57635881e+02   9.04112239e-04
   3.57636370e+02   4.97520203e-04
   3.57636858e+02  -4.99593676e-04
   3.57637346e+02  -6.26807683e-04
   3.57637835e+02  -2.50081590e-04
   3.57638323e+02  -3.46374545e-05
   3.57638811e+02   5.00223978e-05
   3.57639299e+02  -2.58266627e-05
   3.57639788e+02   1.45110229e-04
   3.57640276e+02   6.13385055e-04
   3.57640764e+02   8.80590582e-04
   3.57641253e+02   3.10471340e-04
   3.57641741e+02  -6.89500652e-04
   3.57642229e+02  -6.70908834e-04
   3.57642718e+02  -2.10244980e-05
   3.57643206e+02   5.40253277e-05
   3.57643694e+02  -8.46400726e-05
   3.57644183e+02   4.66659549e-04
   3.57644671e+02   1.00032962e-03
   3.57645159e+02   4.98137902e-04
   3.57645648e+02  -1.54114896e-04
   3.57646136e+02   1.64224562e-04
   3.57646624e+02   5.42450871e-04
   3.57647112e+02  -2.63626862e-04
   3.57647601e+02  -3.71564354e-04
   3.57648089e+02   1.62469194e-04
   3.57648577e+02  -2.69026088e-04
   3.57649066e+02  -5.43696166e-04
   3.57649554e+02  -7.55138113e-04
   3.57650042e+02  -5.93300851e-04
   3.57650531e+02   3.20162275e-04
   3.57651019e+02   4.26755054e-04
   3.57651507e+02   2.97317660e-04
   3.57651996e+02   7.80618400e-04
   3.57652484e+02   2.55657185e-04
   3.57652972e+02  -8.71153199e-04
   3.57653460e+02  -1.01459445e-03
   3.57653949e+02  -2.00019727e-04
   3.57654437e+02   4.41044802e-04
   3.57654925e+02   2.17976296e-04
   3.57655414e+02  -6.26980764e-05
   3.57655902e+02  -2.37283966e-04
   3.57656390e+02  -4.35332448e-04
   3.57656879e+02  -3.23336339e-04
   3.57657367e+02  -7.76466157e-04
   3.57657855e+02  -1.21425977e-03
   3.57658344e+02  -8.73920682e-04
   3.57658832e+02  -8.23144801e-04
   3.57659320e+02  -5.00341470e-04
   3.57659808e+02   7.13426416e-05
   3.57660297e+02   5.19463829e-05
   3.57660785e+02   3.12215598e-05
   3.57661273e+02   6.64161460e-04
   3.57661762e+02   1.11028331e-03
   3.57662250e+02   9.09564318e-04
   3.57662738e+02   1.47632280e-04
   3.57663227e+02   2.08296449e-04
   3.57663715e+02   7.99698581e-04
   3.57664203e+02   1.27504161e-03
   3.57664692e+02   1.00425561e-03
   3.57665180e+02   8.28976627e-05
   3.57665668e+02  -5.17192238e-04
   3.57666156e+02  -5.17667970e-04
   3.57666645e+02  -1.86324207e-04
   3.57667133e+02   6.90642119e-05
   3.57667621e+02   2.62791844e-04
   3.57668110e+02   2.58366519e-04
   3.57668598e+02  -7.14434718e-04
   3.57669086e+02  -1.73859845e-03
   3.57669575e+02  -1.57793588e-03
   3.57670063e+02  -7.20228185e-04
   3.57670551e+02   2.55126943e-04
   3.57671040e+02   1.05507439e-03
   3.57671528e+02   8.84670008e-04
   3.57672016e+02   6.37443445e-04
   3.57672504e+02   7.84383854e-04
   3.57672993e+02   5.11367805e-04
   3.57673481e+02   1.91644707e-04
   3.57673969e+02  -4.43089084e-05
   3.57674458e+02  -5.09963138e-04
   3.57674946e+02  -6.36445649e-04
   3.57675434e+02   6.08576302e-05
   3.57675923e+02   5.14053798e-04
   3.57676411e+02   2.44147319e-04
   3.57676899e+02   6.13558805e-05
   3.57677388e+02   7.01245095e-04
   3.57677876e+02   7.63036835e-04
   3.57678364e+02  -2.14640604e-04
   3.57678852e+02  -8.98801547e-04
   3.57679341e+02  -7.65901525e-04
   3.57679829e+02  -4.52473469e-04
   3.57680317e+02  -5.85759524e-04
   3.57680806e+02  -3.47744615e-04
   3.57681294e+02   2.30268008e-04
   3.57681782e+02  -3.90051500e-05
   3.57682271e+02  -5.39283908e-04
   3.57682759e+02  -5.64814545e-04
   3.57683247e+02   9.14806587e-05
   3.57683736e+02   6.45807420e-04
   3.57684224e+02   2.05942779e-04
   3.57684712e+02   7.13765548e-05
   3.57685200e+02   6.00886240e-04
   3.57685689e+02   5.85887814e-04
   3.57686177e+02   3.48856091e-04
   3.57686665e+02   3.51025141e-04
   3.57687154e+02   5.59406413e-04
   3.57687642e+02   5.98507067e-05
   3.57688130e+02  -6.27619505e-04
   3.57688619e+02  -7.23226229e-04
   3.57689107e+02  -1.11753376e-04
   3.57689595e+02   7.95666070e-04
   3.57690084e+02   8.92020762e-04
   3.57690572e+02   3.49088456e-04
   3.57691060e+02  -6.26886031e-05
   3.57691549e+02  -1.15039504e-04
   3.57692037e+02   3.36581346e-04
   3.57692525e+02   3.38250771e-04
   3.57693013e+02   1.42495483e-04
   3.57693502e+02   7.02267920e-04
   3.57693990e+02   9.66600492e-04
   3.57694478e+02   3.74737778e-04
   3.57694967e+02  -4.67990380e-04
   3.57695455e+02  -3.56402481e-04
   3.57695943e+02   7.35393260e-04
   3.57696432e+02   7.88601872e-04
   3.57696920e+02   5.00619462e-05
   3.57697408e+02   1.39365671e-04
   3.57697897e+02   2.68751261e-04
   3.57698385e+02  -4.00676829e-04
   3.57698873e+02  -4.00096469e-04
   3.57699361e+02   3.80740792e-04
   3.57699850e+02   6.36925164e-04
   3.57700338e+02   1.55776521e-04
   3.57700826e+02  -2.71691650e-04
   3.57701315e+02  -2.98142804e-05
   3.57701803e+02   6.93562615e-04
   3.57702291e+02   7.93247717e-04
   3.57702780e+02   2.66448274e-04
   3.57703268e+02   3.73127928e-04
   3.57703756e+02   2.56936590e-04
   3.57704245e+02  -7.23826059e-04
   3.57704733e+02  -1.24245207e-03
   3.57705221e+02  -1.06525817e-03
   3.57705709e+02  -6.06453803e-04
   3.57706198e+02  -3.02599045e-04
   3.57706686e+02  -2.03549804e-04
   3.57707174e+02   1.09826964e-04
   3.57707663e+02   3.17123253e-04
   3.57708151e+02  -1.50695138e-04
   3.57708639e+02  -3.89213004e-04
   3.57709128e+02  -2.58008717e-04
   3.57709616e+02  -5.00925118e-04
   3.57710104e+02  -8.33181315e-04
   3.57710593e+02  -7.91717088e-04
   3.57711081e+02  -3.76686279e-04
   3.57711569e+02  -2.63617927e-04
   3.57712057e+02  -4.12627298e-04
   3.57712546e+02  -9.68990935e-05
   3.57713034e+02  -1.54327892e-04
   3.57713522e+02  -6.80744706e-04
   3.57714011e+02  -6.97759271e-04
   3.57714499e+02  -1.36019691e-04
   3.57714987e+02   4.52317501e-04
   3.57715476e+02   4.54485271e-04
   3.57715964e+02   1.79672468e-04
   3.57716452e+02  -1.68081187e-05
   3.57716941e+02   2.30745514e-04
   3.57717429e+02   4.39965166e-04
   3.57717917e+02  -2.80781736e-04
   3.57718405e+02  -9.83012491e-04
   3.57718894e+02  -4.52052394e-04
   3.57719382e+02   7.01299752e-04
   3.57719870e+02   1.03668205e-03
   3.57720359e+02   1.10236469e-04
   3.57720847e+02   3.57040175e-04
   3.57721335e+02   5.07552119e-04
   3.57721824e+02   6.54283940e-05
   3.57722312e+02   8.67984127e-05
   3.57722800e+02   6.36026889e-05
   3.57723289e+02  -6.11360709e-04
   3.57723777e+02  -2.86044873e-04
   3.57724265e+02   8.12977087e-04
   3.57724753e+02   9.82022495e-04
   3.57725242e+02   8.38915701e-04
   3.57725730e+02   9.94509319e-04
   3.57726218e+02   6.76933269e-04
   3.57726707e+02   2.53535109e-04
   3.57727195e+02  -1.50141685e-04
   3.57727683e+02  -6.20167062e-04
   3.57728172e+02  -8.95970385e-04
   3.57728660e+02  -7.99965521e-04
   3.57729148e+02  -3.08699877e-04
   3.57729637e+02   1.29525797e-04
   3.57730125e+02   1.32714631e-04
   3.57730613e+02  -2.01506846e-05
   3.57731102e+02  -2.31032900e-05
   3.57731590e+02  -4.94529610e-04
   3.57732078e+02  -7.97552755e-04
   3.57732566e+02  -3.52080038e-04
   3.57733055e+02  -3.00470449e-04
   3.57733543e+02  -3.73646471e-04
   3.57734031e+02  -3.36095000e-05
   3.57734520e+02   9.46475484e-05
   3.57735008e+02  -3.16410878e-04
   3.57735496e+02  -6.91405497e-04
   3.57735985e+02  -3.44754924e-04
   3.57736473e+02   1.05842038e-04
   3.57736961e+02   3.28786467e-04
   3.57737450e+02   1.84822464e-04
   3.57737938e+02  -2.00478215e-04
   3.57738426e+02  -5.85096597e-04
   3.57738914e+02  -6.93325244e-04
   3.57739403e+02  -6.44807878e-05
   3.57739891e+02   2.76067556e-04
   3.57740379e+02  -7.19307354e-05
   3.57740868e+02  -1.36844392e-04
   3.57741356e+02  -7.34229543e-05
   3.57741844e+02  -4.24769569e-05
   3.57742333e+02   1.11729169e-04
   3.57742821e+02   1.83535114e-04
   3.57743309e+02   1.95719942e-04
   3.57743798e+02   4.05639206e-04
   3.57744286e+02   5.96568629e-04
   3.57744774e+02   2.48565280e-04
   3.57745262e+02  -2.42059352e-04
   3.57745751e+02   6.72534879e-05
   3.57746239e+02   2.16787565e-04
   3.57746727e+02  -2.97862658e-04
   3.57747216e+02  -4.19347809e-04
   3.57747704e+02  -1.56198985e-05
   3.57748192e+02   5.04156109e-04
   3.57748681e+02   7.47990271e-04
   3.57749169e+02   5.62298519e-04
   3.57749657e+02   5.17312437e-04
   3.57750146e+02  -8.05284362e-05
   3.57750634e+02  -9.24178748e-04
   3.57751122e+02  -7.38188566e-04
   3.57751610e+02  -2.91315780e-04
   3.57752099e+02  -2.85995979e-04
   3.57752587e+02  -3.53209063e-04
   3.57753075e+02   2.17285822e-04
   3.57753564e+02   1.18257001e-03
   3.57754052e+02   1.38099282e-03
   3.57754540e+02   1.15693558e-03
   3.57755029e+02   7.73542793e-04
   3.57755517e+02   3.10259988e-04
   3.57756005e+02   1.53728586e-04
   3.57756494e+02   1.77019654e-04
   3.57756982e+02   4.09775617e-04
   3.57757470e+02   6.19378698e-04
   3.57757958e+02   4.67662030e-04
   3.57758447e+02   2.71355850e-04
   3.57758935e+02   4.36260125e-05
   3.57759423e+02   2.51835678e-04
   3.57759912e+02   4.13513568e-04
   3.57760400e+02   2.47158023e-04
   3.57760888e+02   2.09235237e-04
   3.57761377e+02  -1.26714236e-04
   3.57761865e+02  -6.42035273e-04
   3.57762353e+02  -3.35273624e-04
   3.57762842e+02   1.08508466e-04
   3.57763330e+02  -3.42674699e-04
   3.57763818e+02  -5.83100715e-04
   3.57764306e+02  -1.56112437e-04
   3.57764795e+02   1.75502122e-04
   3.57765283e+02   5.04451804e-04
   3.57765771e+02   6.24678738e-04
   3.57766260e+02   2.52342084e-04
   3.57766748e+02  -3.81136342e-04
   3.57767236e+02  -4.27393767e-04
   3.57767725e+02  -1.20490386e-05
   3.57768213e+02  -3.64114385e-05
   3.57768701e+02   2.13458916e-04
   3.57769190e+02   6.56356395e-04
   3.57769678e+02   3.51119816e-04
   3.57770166e+02   1.05488798e-04
   3.57770655e+02   2.59743392e-04
   3.57771143e+02   2.59033259e-04
   3.57771631e+02   9.36955184e-05
   3.57772119e+02   4.33712885e-05
   3.57772608e+02   7.12924884e-05
   3.57773096e+02   1.01452220e-04
   3.57773584e+02  -6.74317562e-05
   3.57774073e+02  -3.23380198e-04
   3.57774561e+02  -1.84182005e-04
   3.57775049e+02   2.62595306e-04
   3.57775538e+02   4.85530152e-04
   3.57776026e+02   2.13863605e-04
   3.57776514e+02   2.99951298e-05
   3.57777003e+02  -2.20378701e-04
   3.57777491e+02  -7.07596890e-04
   3.57777979e+02  -6.96279283e-04
   3.57778467e+02  -4.02595469e-04
   3.57778956e+02  -5.84234134e-04
   3.57779444e+02  -6.59883779e-04
   3.57779932e+02  -7.02164543e-04
   3.57780421e+02  -6.73338596e-04
   3.57780909e+02  -5.17297012e-04
   3.57781397e+02   1.00892066e-04
   3.57781886e+02   6.99192111e-04
   3.57782374e+02   1.26294326e-04
   3.57782862e+02  -4.06565348e-04
   3.57783351e+02   1.35880167e-04
   3.57783839e+02   4.72945627e-04
   3.57784327e+02   4.64730314e-04
   3.57784815e+02   2.57385545e-04
   3.57785304e+02  -6.15053723e-05
   3.57785792e+02  -2.05437333e-04
   3.57786280e+02  -2.53401580e-04
   3.57786769e+02  -4.54819150e-04
   3.57787257e+02  -4.37011797e-04
   3.57787745e+02   8.62189336e-05
   3.57788234e+02   6.25405868e-04
   3.57788722e+02   7.31379027e-04
   3.57789210e+02   1.55046975e-04
   3.57789699e+02   8.67120398e-05
   3.57790187e+02   6.75362477e-04
   3.57790675e+02   5.43397677e-04
   3.57791163e+02   3.84906452e-05
   3.57791652e+02  -2.58176820e-04
   3.57792140e+02  -6.49340567e-04
   3.57792628e+02  -8.47978459e-04
   3.57793117e+02  -6.93404116e-04
   3.57793605e+02  -1.16172974e-04
   3.57794093e+02   4.74007276e-04
   3.57794582e+02   7.36681803e-04
   3.57795070e+02   6.12358854e-04
   3.57795558e+02   6.33806922e-04
   3.57796047e+02   1.03338493e-03
   3.57796535e+02   1.03458529e-03
   3.57797023e+02   7.00150151e-04
   3.57797511e+02   6.81480393e-04
   3.57798000e+02   7.07109517e-04
   3.57798488e+02   4.66015423e-04
   3.57798976e+02   3.49801594e-05
   3.57799465e+02   3.99172350e-05
   3.57799953e+02   5.07642457e-04
   3.57800441e+02   3.45066685e-04
   3.57800930e+02   5.86218899e-04
   3.57801418e+02   9.82305966e-04
   3.57801906e+02   4.62113356e-04
   3.57802395e+02  -6.84988045e-05
   3.57802883e+02  -2.30118821e-04
   3.57803371e+02   9.99531476e-05
   3.57803859e+02   3.40465165e-04
   3.57804348e+02   3.08462295e-05
   3.57804836e+02  -5.95680285e-05
   3.57805324e+02  -6.19083949e-05
   3.57805813e+02  -5.41526359e-04
   3.57806301e+02  -6.61871105e-04
   3.57806789e+02  -7.06348437e-05
   3.57807278e+02   2.24038580e-04
   3.57807766e+02   1.69147825e-04
   3.57808254e+02  -3.29241702e-05
   3.57808743e+02  -2.23479452e-04
   3.57809231e+02   2.44084586e-05
   3.57809719e+02  -1.49899730e-04
   3.57810208e+02  -5.65145107e-04
   3.57810696e+02  -6.20886130e-05
   3.57811184e+02   2.99470645e-04
   3.57811672e+02  -1.00634257e-04
   3.57812161e+02  -8.11806021e-05
   3.57812649e+02   1.10893605e-04
   3.57813137e+02  -2.53248669e-04
   3.57813626e+02  -6.22123771e-04
   3.57814114e+02  -5.72360470e-04
   3.57814602e+02  -2.50604062e-04
   3.57815091e+02   5.72813879e-05
   3.57815579e+02  -1.39396609e-04
   3.57816067e+02  -5.93201083e-04
   3.57816556e+02  -3.03064589e-04
   3.57817044e+02   7.72014027e-04
   3.57817532e+02   1.31668430e-03
   3.57818020e+02   9.60460282e-04
   3.57818509e+02   6.34980563e-04
   3.57818997e+02   4.02840378e-04
   3.57819485e+02   2.86135997e-04
   3.57819974e+02  -2.93863450e-05
   3.57820462e+02  -6.64997671e-04
   3.57820950e+02  -7.07904168e-04
   3.57821439e+02  -7.40398187e-04
   3.57821927e+02  -8.94059602e-04
   3.57822415e+02  -3.75851494e-04
   3.57822904e+02   3.04652960e-04
   3.57823392e+02   2.14912900e-04
   3.57823880e+02  -1.71135034e-04
   3.57824368e+02  -2.86428520e-04
   3.57824857e+02  -3.48082162e-04
   3.57825345e+02  -5.69894677e-04
   3.57825833e+02  -5.19898313e-04
   3.57826322e+02  -3.79862497e-04
   3.57826810e+02  -6.08770060e-04
   3.57827298e+02  -6.70198409e-04
   3.57827787e+02  -6.15985307e-04
   3.57828275e+02  -4.72780637e-04
   3.57828763e+02  -4.42291523e-04
   3.57829252e+02  -6.76120922e-04
   3.57829740e+02  -7.80855247e-04
   3.57830228e+02  -8.20670917e-04
   3.57830716e+02  -6.99352997e-04
   3.57831205e+02  -3.00169304e-05
   3.57831693e+02   7.45859754e-04
   3.57832181e+02   7.40626652e-04
   3.57832670e+02   1.25568185e-04
   3.57833158e+02  -2.72211444e-04
   3.57833646e+02  -7.02935140e-05
   3.57834135e+02   4.19537158e-04
   3.57834623e+02   7.06333143e-04
   3.57835111e+02   2.08362530e-04
   3.57835600e+02  -4.74926579e-04
   3.57836088e+02  -5.64882299e-04
   3.57836576e+02  -3.41104867e-04
   3.57837064e+02  -4.92806284e-05
   3.57837553e+02   4.34496440e-04
   3.57838041e+02   1.67983490e-05
   3.57838529e+02   2.02515657e-04
   3.57839018e+02   5.70278731e-04
   3.57839506e+02   3.06679547e-04
   3.57839994e+02   1.08609092e-04
   3.57840483e+02  -1.54297868e-05
   3.57840971e+02  -1.87732905e-04
   3.57841459e+02   5.72185018e-05
   3.57841948e+02   3.91146663e-04
   3.57842436e+02   2.60909146e-04
   3.57842924e+02  -2.08441721e-04
   3.57843412e+02  -4.19778953e-04
   3.57843901e+02  -2.61541456e-04
   3.57844389e+02  -2.54826096e-04
   3.57844877e+02  -1.04968698e-04
   3.57845366e+02   7.66425874e-05
   3.57845854e+02   3.14829114e-04
   3.57846342e+02   7.29137217e-04
   3.57846831e+02   4.25316335e-04
   3.57847319e+02  -1.91159590e-04
   3.57847807e+02  -3.80310346e-04
   3.57848296e+02  -7.12633017e-04
   3.57848784e+02  -6.38124940e-04
   3.57849272e+02  -1.05594909e-05
   3.57849761e+02  -7.93679501e-05
   3.57850249e+02  -1.15702787e-05
   3.57850737e+02   6.53656316e-04
   3.57851225e+02   6.81204489e-04
   3.57851714e+02   3.79943813e-04
   3.57852202e+02   2.24163290e-04
   3.57852690e+02   2.73134385e-04
   3.57853179e+02   1.46685736e-04
   3.57853667e+02  -1.65953152e-05
   3.57854155e+02  -1.24089216e-04
   3.57854644e+02  -5.67207520e-04
   3.57855132e+02  -6.36895420e-04
   3.57855620e+02   9.08682850e-05
   3.57856109e+02   5.21856011e-04
   3.57856597e+02   3.43701540e-04
   3.57857085e+02   1.78754344e-04
   3.57857573e+02  -2.74339727e-05
   3.57858062e+02   2.36447395e-05
   3.57858550e+02   5.17957669e-04
   3.57859038e+02   8.43370799e-04
   3.57859527e+02   6.53030234e-04
   3.57860015e+02  -1.35323120e-04
   3.57860503e+02  -8.14870233e-04
   3.57860992e+02  -3.44120082e-04
   3.57861480e+02   1.72160435e-04
   3.57861968e+02   9.11047100e-05
   3.57862457e+02   3.99780401e-04
   3.57862945e+02   6.44269690e-04
   3.57863433e+02   3.24814406e-04
   3.57863921e+02  -2.83566216e-04
   3.57864410e+02  -2.00416311e-04
   3.57864898e+02   7.76459347e-05
   3.57865386e+02  -2.58133165e-04
   3.57865875e+02  -4.44024219e-04
   3.57866363e+02  -5.21212351e-05
   3.57866851e+02   3.23729473e-04
   3.57867340e+02   2.18471658e-04
   3.57867828e+02   1.04473744e-04
   3.57868316e+02   3.81851889e-04
   3.57868805e+02   5.07325924e-04
   3.57869293e+02   1.47094383e-04
   3.57869781e+02   2.05484845e-04
   3.57870269e+02   6.43643201e-04
   3.57870758e+02   6.39044505e-04
   3.57871246e+02   3.55836499e-04
   3.57871734e+02   2.38695706e-04
   3.57872223e+02   5.35662984e-04
   3.57872711e+02   7.40177289e-04
   3.57873199e+02   4.19946358e-04
   3.57873688e+02   1.74866887e-04
   3.57874176e+02   2.86171999e-04
   3.57874664e+02   6.17932019e-05
   3.57875153e+02  -2.65262643e-04
   3.57875641e+02  -3.12818884e-04
   3.57876129e+02  -2.36331398e-04
   3.57876617e+02  -1.13291069e-04
   3.57877106e+02  -9.96106101e-05
   3.57877594e+02  -1.02617123e-04
   3.57878082e+02  -1.78704577e-04
   3.57878571e+02  -2.05304503e-04
   3.57879059e+02   9.85023362e-05
   3.57879547e+02   1.93403932e-04
   3.57880036e+02  -1.43055659e-04
   3.57880524e+02  -3.54473770e-04
   3.57881012e+02  -5.21355774e-04
   3.57881501e+02  -7.90780003e-04
   3.57881989e+02  -2.43028582e-04
   3.57882477e+02   3.25927249e-04
   3.57882965e+02   3.01287335e-04
   3.57883454e+02   6.11688651e-04
   3.57883942e+02   3.18729028e-04
   3.57884430e+02  -5.92646946e-04
   3.57884919e+02  -5.53507241e-04
   3.57885407e+02   7.49931769e-06
   3.57885895e+02   1.95758097e-04
   3.57886384e+02   3.24946508e-04
   3.57886872e+02   3.57772253e-04
   3.57887360e+02  -1.62318247e-04
   3.57887849e+02  -3.77042947e-04
   3.57888337e+02  -1.57045739e-04
   3.57888825e+02  -5.61385423e-05
   3.57889314e+02  -2.62944377e-04
   3.57889802e+02  -8.10309837e-04
   3.57890290e+02  -7.17716117e-04
   3.57890778e+02   3.39417486e-04
   3.57891267e+02   5.86788577e-04
   3.57891755e+02  -3.80752404e-04
   3.57892243e+02  -1.09157735e-03
   3.57892732e+02  -1.04340247e-03
   3.57893220e+02  -8.06184311e-04
   3.57893708e+02  -4.34825663e-04
   3.57894197e+02   8.77572966e-05
   3.57894685e+02  -1.15229773e-06
   3.57895173e+02  -4.07084190e-05
   3.57895662e+02   1.49140775e-04
   3.57896150e+02  -1.58973315e-04
   3.57896638e+02  -5.57879393e-04
   3.57897126e+02  -1.07755791e-03
   3.57897615e+02  -7.37817201e-04
   3.57898103e+02   3.42693587e-04
   3.57898591e+02   5.25352836e-04
   3.57899080e+02  -1.33692462e-04
   3.57899568e+02  -4.20255092e-04
   3.57900056e+02  -2.56217114e-04
   3.57900545e+02  -1.18219199e-04
   3.57901033e+02   4.23494239e-05
   3.57901521e+02   1.79929295e-04
   3.57902010e+02   2.90453288e-04
   3.57902498e+02   1.08794331e-04
   3.57902986e+02  -2.90998069e-05
   3.57903474e+02   3.69296031e-04
   3.57903963e+02   4.70485480e-04
   3.57904451e+02  -2.51528922e-06
   3.57904939e+02  -3.85184903e-05
   3.57905428e+02   2.58310669e-04
   3.57905916e+02  -1.95106710e-04
   3.57906404e+02  -7.08899170e-04
   3.57906893e+02  -2.67810625e-04
   3.57907381e+02  -1.28411441e-04
   3.57907869e+02  -5.27201337e-04
   3.57908358e+02  -5.25621639e-04
   3.57908846e+02  -3.81194724e-04
   3.57909334e+02  -2.25581869e-04
   3.57909822e+02  -2.07141580e-04
   3.57910311e+02  -6.23235363e-04
   3.57910799e+02  -5.36649895e-04
   3.57911287e+02  -2.98488565e-04
   3.57911776e+02  -4.26785991e-04
   3.57912264e+02  -3.46781220e-04
   3.57912752e+02  -7.36627335e-05
   3.57913241e+02  -2.36999098e-04
   3.57913729e+02  -5.20396687e-04
   3.57914217e+02  -3.56091594e-04
   3.57914706e+02  -3.87625041e-04
   3.57915194e+02  -8.41470246e-05
   3.57915682e+02   2.75693019e-04
   3.57916170e+02   1.69165782e-04
   3.57916659e+02   2.94011232e-04
   3.57917147e+02   1.72679778e-04
   3.57917635e+02  -2.02642535e-04
   3.57918124e+02   2.09731734e-04
   3.57918612e+02   7.78670306e-04
   3.57919100e+02   5.87677700e-04
   3.57919589e+02  -8.67859781e-05
   3.57920077e+02  -5.66010538e-04
   3.57920565e+02  -5.97652688e-04
   3.57921054e+02  -1.05418032e-04
   3.57921542e+02   1.44595964e-04
   3.57922030e+02  -2.40141177e-04
   3.57922518e+02  -1.48321400e-04
   3.57923007e+02  -7.81736817e-05
   3.57923495e+02  -6.71743008e-04
   3.57923983e+02  -4.04846884e-04
   3.57924472e+02   1.43646277e-04
   3.57924960e+02  -1.29653097e-04
   3.57925448e+02  -1.73179593e-04
   3.57925937e+02   3.16895785e-06
   3.57926425e+02  -3.64702661e-04
   3.57926913e+02  -3.41018080e-04
   3.57927402e+02  -2.21393973e-04
   3.57927890e+02  -7.42812234e-04
   3.57928378e+02  -8.15394102e-04
   3.57928867e+02  -8.60831933e-05
   3.57929355e+02   3.32787546e-04
   3.57929843e+02   4.10283683e-04
   3.57930331e+02   6.08590024e-04
   3.57930820e+02   7.22191180e-04
   3.57931308e+02   7.88374338e-04
   3.57931796e+02   1.09234743e-03
   3.57932285e+02   7.91550847e-04
   3.57932773e+02   1.65712947e-04
   3.57933261e+02  -1.81866315e-04
   3.57933750e+02  -6.09566574e-04
   3.57934238e+02  -3.89138761e-04
   3.57934726e+02   7.83301221e-05
   3.57935215e+02   5.00128190e-05
   3.57935703e+02   9.27364599e-05
   3.57936191e+02   3.45565117e-04
   3.57936679e+02   2.90531811e-04
   3.57937168e+02  -2.37028289e-04
   3.57937656e+02  -5.24281641e-04
   3.57938144e+02  -5.58443833e-04
   3.57938633e+02  -7.86563789e-04
   3.57939121e+02  -5.22758928e-04
   3.57939609e+02   2.82163062e-04
   3.57940098e+02   4.26162878e-04
   3.57940586e+02   1.70163621e-04
   3.57941074e+02  -1.80880434e-05
   3.57941563e+02  -4.58119728e-04
   3.57942051e+02  -7.83740659e-04
   3.57942539e+02  -5.20715141e-04
   3.57943027e+02  -3.64375563e-04
   3.57943516e+02  -6.31659059e-04
   3.57944004e+02  -8.85740737e-04
   3.57944492e+02  -6.43005071e-04
   3.57944981e+02  -2.22708593e-04
   3.57945469e+02   2.35929529e-05
   3.57945957e+02   3.24790075e-04
   3.57946446e+02   3.75591218e-04
   3.57946934e+02  -1.90379782e-04
   3.57947422e+02  -3.07136885e-04
   3.57947911e+02   2.54794984e-04
   3.57948399e+02  -8.90274459e-05
   3.57948887e+02  -4.79879207e-04
   3.57949375e+02   2.22041228e-04
   3.57949864e+02   7.81193958e-04
   3.57950352e+02   6.49534049e-04
   3.57950840e+02   9.62207559e-05
   3.57951329e+02  -3.82374928e-05
   3.57951817e+02   3.76656302e-04
   3.57952305e+02   3.47445421e-05
   3.57952794e+02  -6.64099178e-04
   3.57953282e+02  -6.63985324e-04
   3.57953770e+02  -1.11836169e-04
   3.57954259e+02   7.80695264e-05
   3.57954747e+02  -9.17295838e-05
   3.57955235e+02   9.72826183e-06
   3.57955723e+02  -8.74311518e-05
   3.57956212e+02  -3.34642740e-04
   3.57956700e+02  -2.64480128e-04
   3.57957188e+02  -2.94441939e-04
   3.57957677e+02  -1.39687809e-05
   3.57958165e+02   5.42312278e-04
   3.57958653e+02   3.21597356e-04
   3.57959142e+02  -2.37774642e-04
   3.57959630e+02  -3.96396994e-04
   3.57960118e+02  -2.29140889e-04
   3.57960607e+02   2.45050651e-05
   3.57961095e+02   6.50125585e-05
   3.57961583e+02  -2.56974075e-04
   3.57962071e+02  -3.22027277e-04
   3.57962560e+02  -2.05840173e-04
   3.57963048e+02  -2.66354298e-04
   3.57963536e+02  -2.15086533e-04
   3.57964025e+02  -1.61555945e-04
   3.57964513e+02   5.16709624e-05
   3.57965001e+02   3.74306663e-04
   3.57965490e+02   3.05985915e-04
   3.57965978e+02  -6.14149321e-05
   3.57966466e+02  -4.70922503e-04
   3.57966955e+02  -8.77143058e-04
   3.57967443e+02  -4.66998928e-04
   3.57967931e+02   8.85137706e-05
   3.57968420e+02   1.59585921e-04
   3.57968908e+02   4.09914588e-04
   3.57969396e+02   9.55890340e-04
   3.57969884e+02   1.32183346e-03
   3.57970373e+02   1.22430036e-03
   3.57970861e+02   8.33360886e-04
   3.57971349e+02   5.28775330e-04
   3.57971838e+02   3.00281506e-04
   3.57972326e+02   2.37142754e-04
   3.57972814e+02   5.14685235e-04
   3.57973303e+02   3.58427875e-04
   3.57973791e+02   3.97168806e-05
   3.57974279e+02  -1.24091675e-04
   3.57974768e+02  -1.69599865e-04
   3.57975256e+02   6.59218204e-05
   3.57975744e+02  -1.05078136e-04
   3.57976232e+02  -2.58864486e-04
   3.57976721e+02   3.13011813e-04
   3.57977209e+02   3.61538463e-04
   3.57977697e+02  -7.98892797e-05
   3.57978186e+02  -5.68943971e-04
   3.57978674e+02  -5.09351725e-04
   3.57979162e+02   3.69128684e-04
   3.57979651e+02   1.07175484e-03
   3.57980139e+02   5.11353777e-04
   3.57980627e+02  -5.06978075e-04
   3.57981116e+02  -4.98966663e-04
   3.57981604e+02   7.75757071e-05
   3.57982092e+02   1.99650618e-04
   3.57982580e+02   3.14363569e-04
   3.57983069e+02   3.02970293e-04
   3.57983557e+02  -5.61147812e-04
   3.57984045e+02  -9.42703802e-04
   3.57984534e+02  -7.82535717e-05
   3.57985022e+02   6.06104848e-04
   3.57985510e+02   4.57133807e-04
   3.57985999e+02   2.20242480e-04
   3.57986487e+02   3.55570344e-04
   3.57986975e+02   3.98542557e-04
   3.57987464e+02   1.59198738e-04
   3.57987952e+02   1.06850035e-04
   3.57988440e+02   3.18579332e-05
   3.57988928e+02   8.06090189e-04
   3.57989417e+02   1.70160213e-03
   3.57989905e+02   1.44816388e-03
   3.57990393e+02   6.09081413e-04
   3.57990882e+02  -1.30609187e-04
   3.57991370e+02  -5.77140832e-04
   3.57991858e+02  -9.50159039e-04
   3.57992347e+02  -1.22628442e-03
   3.57992835e+02  -8.84643174e-04
   3.57993323e+02   9.96939561e-05
   3.57993812e+02   6.09925948e-04
   3.57994300e+02   3.74662020e-04
   3.57994788e+02   3.67688426e-06
   3.57995276e+02   9.95564187e-05
   3.57995765e+02   4.57867834e-04
   3.57996253e+02   5.00394846e-04
   3.57996741e+02   4.45968035e-04
   3.57997230e+02  -5.11164908e-05
   3.57997718e+02  -8.60732747e-04
   3.57998206e+02  -7.94872292e-04
   3.57998695e+02  -4.65433986e-04
   3.57999183e+02  -4.83292504e-04
   3.57999671e+02  -2.44923664e-04
   3.58000160e+02  -2.37389220e-04
   3.58000648e+02  -2.03698030e-04
   3.58001136e+02  -1.49492713e-04
   3.58001624e+02  -6.01350330e-04
   3.58002113e+02  -4.64786252e-04
   3.58002601e+02   6.31919131e-04
   3.58003089e+02   9.49919864e-04
   3.58003578e+02   3.91391455e-04
   3.58004066e+02  -1.27618419e-04
   3.58004554e+02  -3.72120005e-04
   3.58005043e+02  -2.37247150e-05
   3.58005531e+02   3.70606460e-04
   3.58006019e+02   4.71818057e-04
   3.58006508e+02   6.31089904e-04
   3.58006996e+02   3.20985360e-04
   3.58007484e+02  -1.06388834e-04
   3.58007973e+02  -4.29456049e-05
   3.58008461e+02  -3.71755705e-05
   3.58008949e+02  -2.26522679e-05
   3.58009437e+02   4.71945066e-04
   3.58009926e+02   6.58901583e-04
   3.58010414e+02   4.72800002e-06
   3.58010902e+02  -4.20684664e-04
   3.58011391e+02  -2.44057504e-04
   3.58011879e+02   1.05931031e-04
   3.58012367e+02   8.97074526e-04
   3.58012856e+02   1.14216190e-03
   3.58013344e+02   2.87370440e-05
   3.58013832e+02   5.60062472e-05
   3.58014321e+02  -2.81499506e-05
   3.58014809e+02  -2.56954401e-04
   3.58015297e+02  -3.17818223e-04
   3.58015785e+02  -4.11871180e-04
   3.58016274e+02   2.06832818e-04
   3.58016762e+02   5.30413236e-04
   3.58017250e+02  -1.85122204e-04
   3.58017739e+02  -9.00338811e-04
   3.58018227e+02  -8.35024344e-04
   3.58018715e+02  -1.56303839e-04
   3.58019204e+02  -6.80853263e-05
   3.58019692e+02  -3.35646997e-04
   3.58020180e+02  -1.92595326e-04
   3.58020669e+02  -8.21517388e-05
   3.58021157e+02  -2.11183520e-04
   3.58021645e+02  -6.99662924e-05
   3.58022133e+02   2.41242757e-04
   3.58022622e+02   3.45771026e-04
   3.58023110e+02   2.25384560e-04
   3.58023598e+02   8.80158623e-05
   3.58024087e+02   3.83290571e-05
   3.58024575e+02  -7.28346786e-05
   3.58025063e+02  -5.42818685e-04
   3.58025552e+02  -8.04920332e-04
   3.58026040e+02   2.04617696e-04
   3.58026528e+02   1.56993570e-03
   3.58027017e+02   2.11032969e-03
   3.58027505e+02   1.74945768e-03
   3.58027993e+02   5.73938712e-04
   3.58028481e+02   1.43468496e-04
   3.58028970e+02   3.48478236e-04
   3.58029458e+02  -2.75084749e-04
   3.58029946e+02  -4.67844540e-04
   3.58030435e+02   1.30701039e-04
   3.58030923e+02   4.98879061e-04
   3.58031411e+02   4.29082051e-04
   3.58031900e+02   2.67950527e-04
   3.58032388e+02   1.89049402e-04
   3.58032876e+02  -1.28695901e-04
   3.58033365e+02  -7.06036808e-04
   3.58033853e+02  -6.02236425e-04
   3.58034341e+02  -1.47849234e-04
   3.58034829e+02   1.26434490e-04
   3.58035318e+02   3.19890183e-04
   3.58035806e+02   4.76343819e-04
   3.58036294e+02   8.77625542e-04
   3.58036783e+02   5.69498807e-04
   3.58037271e+02  -2.98396597e-04
   3.58037759e+02  -5.96626312e-04
   3.58038248e+02  -5.35648549e-04
   3.58038736e+02  -2.36116626e-04
   3.58039224e+02   2.03099655e-04
   3.58039713e+02   3.86957516e-04
   3.58040201e+02   6.02993940e-04
   3.58040689e+02   3.11076525e-04
   3.58041177e+02  -4.19030112e-04
   3.58041666e+02  -1.34633461e-04
   3.58042154e+02   5.08035766e-04
   3.58042642e+02   3.67981527e-04
   3.58043131e+02   2.11175051e-04
   3.58043619e+02   1.29112770e-04
   3.58044107e+02  -4.83287935e-04
   3.58044596e+02  -7.56660069e-04
   3.58045084e+02  -4.65666555e-04
   3.58045572e+02  -5.60105946e-05
   3.58046061e+02   8.76639606e-05
   3.58046549e+02  -3.72195180e-04
   3.58047037e+02  -2.54615559e-04
   3.58047526e+02   3.18125058e-05
   3.58048014e+02  -2.07579040e-04
   3.58048502e+02  -1.27617212e-04
   3.58048990e+02  -2.77777654e-05
   3.58049479e+02  -3.70737165e-04
   3.58049967e+02  -7.14444206e-04
   3.58050455e+02  -4.55154397e-04
   3.58050944e+02  -3.11414551e-05
   3.58051432e+02  -6.09696319e-04
   3.58051920e+02  -1.42692192e-03
   3.58052409e+02  -1.01573812e-03
   3.58052897e+02  -1.01613572e-04
   3.58053385e+02  -6.42521845e-05
   3.58053874e+02  -3.07427254e-04
   3.58054362e+02  -1.67854974e-04
   3.58054850e+02  -2.40996713e-04
   3.58055338e+02  -1.76950271e-05
   3.58055827e+02   7.09193817e-04
   3.58056315e+02   5.70454809e-04
   3.58056803e+02  -2.55242165e-04
   3.58057292e+02  -3.03157896e-04
   3.58057780e+02  -4.87951111e-05
   3.58058268e+02  -2.06257246e-04
   3.58058757e+02  -2.44785391e-04
   3.58059245e+02  -3.77642835e-04
   3.58059733e+02  -5.12192259e-04
   3.58060222e+02  -5.44454902e-04
   3.58060710e+02  -5.95635560e-04
   3.58061198e+02  -3.68645211e-04
   3.58061686e+02   7.99406189e-06
   3.58062175e+02   1.16190822e-04
   3.58062663e+02  -2.94598110e-04
   3.58063151e+02  -6.08205970e-04
   3.58063640e+02  -1.63504446e-04
   3.58064128e+02   6.00609746e-05
   3.58064616e+02   2.76122330e-04
   3.58065105e+02   4.43146739e-04
   3.58065593e+02  -4.33844798e-05
   3.58066081e+02  -2.56822153e-04
   3.58066570e+02   2.30245514e-05
   3.58067058e+02   4.07097308e-04
   3.58067546e+02   8.16062558e-04
   3.58068034e+02   7.75483728e-04
   3.58068523e+02   4.73103952e-04
   3.58069011e+02   4.73067223e-04
   3.58069499e+02   4.52356442e-04
   3.58069988e+02   2.66470626e-04
   3.58070476e+02   5.89738484e-05
