frequency (GHz), flux (Jy/beam)
   3.45823207e+02  -1.63895835e-04
   3.45823695e+02  -3.04838904e-05
   3.45824184e+02  -2.02257579e-05
   3.45824672e+02  -2.42257702e-05
   3.45825160e+02   1.64445693e-04
   3.45825649e+02   4.49034240e-04
   3.45826137e+02   3.49954062e-04
   3.45826625e+02  -5.32914783e-05
   3.45827114e+02  -2.38769237e-04
   3.45827602e+02  -1.10163128e-04
   3.45828090e+02  -5.16105183e-06
   3.45828579e+02  -1.56054797e-04
   3.45829067e+02  -3.99511860e-04
   3.45829555e+02  -8.49674470e-05
   3.45830044e+02   3.98505450e-04
   3.45830532e+02   1.26997795e-04
   3.45831020e+02  -1.28902975e-04
   3.45831508e+02   2.44665658e-04
   3.45831997e+02   2.04880955e-04
   3.45832485e+02   2.20435481e-06
   3.45832973e+02   6.57961064e-05
   3.45833462e+02  -1.68528655e-04
   3.45833950e+02  -3.70654161e-04
   3.45834438e+02  -6.24510503e-05
   3.45834927e+02   1.96637906e-04
   3.45835415e+02   1.77779191e-04
   3.45835903e+02   9.36546421e-05
   3.45836392e+02  -1.10075835e-05
   3.45836880e+02   3.39218714e-05
   3.45837368e+02   3.51806579e-04
   3.45837856e+02   5.24157891e-04
   3.45838345e+02   4.23411548e-04
   3.45838833e+02   3.80198879e-04
   3.45839321e+02   4.17877716e-04
   3.45839810e+02   2.53068749e-04
   3.45840298e+02   2.64410392e-05
   3.45840786e+02   7.80995251e-05
   3.45841275e+02   2.29648649e-04
   3.45841763e+02   3.79339268e-04
   3.45842251e+02   1.85101875e-04
   3.45842740e+02   5.13628220e-05
   3.45843228e+02   1.96633919e-04
   3.45843716e+02   5.22806986e-05
   3.45844204e+02  -2.34273015e-04
   3.45844693e+02  -2.87915958e-04
   3.45845181e+02   4.34787871e-05
   3.45845669e+02   2.77365412e-04
   3.45846158e+02   1.86356803e-04
   3.45846646e+02   2.68978212e-04
   3.45847134e+02   5.96872822e-04
   3.45847623e+02   6.31535950e-04
   3.45848111e+02   2.81186978e-04
   3.45848599e+02  -1.01267658e-04
   3.45849088e+02  -2.43610135e-04
   3.45849576e+02  -1.59279662e-04
   3.45850064e+02   9.16679055e-05
   3.45850552e+02   5.89039846e-05
   3.45851041e+02   2.08760539e-05
   3.45851529e+02   1.19237273e-04
   3.45852017e+02   2.47667358e-05
   3.45852506e+02  -1.60699055e-04
   3.45852994e+02  -2.68827454e-04
   3.45853482e+02  -8.34480379e-05
   3.45853971e+02   2.15268112e-04
   3.45854459e+02   1.68948653e-04
   3.45854947e+02   1.04126600e-04
   3.45855436e+02   2.60951027e-04
   3.45855924e+02   1.76529138e-04
   3.45856412e+02   1.63284334e-04
   3.45856900e+02   2.24382064e-04
   3.45857389e+02   1.16966126e-04
   3.45857877e+02   1.01933605e-04
   3.45858365e+02   1.90478982e-04
   3.45858854e+02   1.89440703e-04
   3.45859342e+02   1.44089237e-04
   3.45859830e+02   1.70513216e-04
   3.45860319e+02   2.83774025e-05
   3.45860807e+02  -3.10232484e-04
   3.45861295e+02  -5.01785311e-04
   3.45861784e+02  -1.83265904e-04
   3.45862272e+02   2.66316521e-04
   3.45862760e+02   3.43373715e-04
   3.45863248e+02   2.25431766e-04
   3.45863737e+02   8.25783354e-06
   3.45864225e+02  -2.00668277e-04
   3.45864713e+02  -1.99877977e-04
   3.45865202e+02   7.90409467e-05
   3.45865690e+02   3.55462485e-04
   3.45866178e+02   1.12377820e-04
   3.45866667e+02  -2.13674066e-04
   3.45867155e+02   2.20395923e-05
   3.45867643e+02   1.94288892e-04
   3.45868132e+02   7.58552633e-05
   3.45868620e+02   3.66130444e-05
   3.45869108e+02   2.79455271e-04
   3.45869597e+02   5.91087562e-04
   3.45870085e+02   5.81929635e-04
   3.45870573e+02   3.72638635e-04
   3.45871061e+02   1.23949110e-04
   3.45871550e+02  -5.32625490e-05
   3.45872038e+02   1.26885745e-04
   3.45872526e+02   4.58592520e-04
   3.45873015e+02   1.62783370e-04
   3.45873503e+02  -2.97629333e-04
   3.45873991e+02  -5.46455616e-04
   3.45874480e+02  -5.21521259e-04
   3.45874968e+02  -2.85154267e-04
   3.45875456e+02  -4.34734160e-04
   3.45875945e+02  -4.97617119e-04
   3.45876433e+02  -2.98407918e-04
   3.45876921e+02  -1.64765748e-04
   3.45877409e+02   1.19729077e-04
   3.45877898e+02   9.90178087e-05
   3.45878386e+02  -4.32213943e-04
   3.45878874e+02  -4.35585011e-04
   3.45879363e+02  -8.03829025e-05
   3.45879851e+02   1.46407128e-05
   3.45880339e+02   4.55303780e-06
   3.45880828e+02   1.60384607e-05
   3.45881316e+02  -2.10936068e-05
   3.45881804e+02   4.98864247e-05
   3.45882293e+02   1.49897794e-04
   3.45882781e+02   1.55491784e-04
   3.45883269e+02   1.19095545e-04
   3.45883757e+02   1.14803726e-04
   3.45884246e+02   3.44394066e-05
   3.45884734e+02  -1.98724563e-04
   3.45885222e+02  -3.31504038e-04
   3.45885711e+02  -6.19193714e-04
   3.45886199e+02  -8.14557308e-04
   3.45886687e+02  -5.47230535e-04
   3.45887176e+02  -3.75627191e-04
   3.45887664e+02  -4.86638077e-04
   3.45888152e+02  -4.87681013e-04
   3.45888641e+02  -4.09574750e-05
   3.45889129e+02   3.96209856e-04
   3.45889617e+02   3.63536790e-04
   3.45890105e+02   2.57153180e-04
   3.45890594e+02   6.93040420e-05
   3.45891082e+02  -3.42645129e-04
   3.45891570e+02  -2.95723032e-04
   3.45892059e+02  -3.06055939e-04
   3.45892547e+02  -4.04740655e-04
   3.45893035e+02   4.44082834e-05
   3.45893524e+02   5.30621095e-04
   3.45894012e+02   5.09482983e-04
   3.45894500e+02   1.83334661e-04
   3.45894989e+02   2.22751652e-04
   3.45895477e+02   2.68647389e-04
   3.45895965e+02   1.72587461e-04
   3.45896453e+02   3.52164003e-04
   3.45896942e+02   3.75778618e-04
   3.45897430e+02   3.53691052e-04
   3.45897918e+02   3.11816140e-04
   3.45898407e+02   1.27451844e-04
   3.45898895e+02   4.48765168e-05
   3.45899383e+02   3.63316867e-05
   3.45899872e+02   1.21498024e-05
   3.45900360e+02  -2.54877639e-04
   3.45900848e+02  -3.65831453e-04
   3.45901337e+02   1.76052752e-04
   3.45901825e+02   6.40151498e-04
   3.45902313e+02   4.39782132e-04
   3.45902801e+02   1.95648900e-04
   3.45903290e+02   1.48033418e-04
   3.45903778e+02   1.31242603e-04
   3.45904266e+02   7.57275120e-05
   3.45904755e+02  -2.24631454e-04
   3.45905243e+02  -4.25951963e-04
   3.45905731e+02  -2.58052663e-04
   3.45906220e+02   1.21501234e-05
   3.45906708e+02   1.51030501e-04
   3.45907196e+02   1.65090940e-04
   3.45907685e+02   1.74604196e-04
   3.45908173e+02   1.76320700e-05
   3.45908661e+02  -1.90578590e-04
   3.45909150e+02  -3.61914776e-04
   3.45909638e+02  -3.16753838e-04
   3.45910126e+02  -5.60033695e-05
   3.45910614e+02  -1.73733293e-04
   3.45911103e+02  -3.46407061e-04
   3.45911591e+02  -1.27779094e-05
   3.45912079e+02   2.73526501e-04
   3.45912568e+02   2.69136595e-04
   3.45913056e+02   3.29647184e-04
   3.45913544e+02   4.13185568e-04
   3.45914033e+02   2.87064060e-04
   3.45914521e+02   8.95285411e-05
   3.45915009e+02  -3.45343469e-05
   3.45915498e+02  -2.95022583e-05
   3.45915986e+02   7.75810695e-05
   3.45916474e+02  -1.39487369e-04
   3.45916962e+02  -4.33977315e-04
   3.45917451e+02  -3.10888456e-04
   3.45917939e+02  -1.32671761e-04
   3.45918427e+02  -2.29379075e-04
   3.45918916e+02  -1.95679968e-04
   3.45919404e+02   1.04540246e-04
   3.45919892e+02   1.99699483e-04
   3.45920381e+02   1.20872020e-04
   3.45920869e+02   1.20817007e-04
   3.45921357e+02  -5.82811572e-06
   3.45921846e+02  -3.53276446e-05
   3.45922334e+02  -1.56830774e-05
   3.45922822e+02  -7.34509740e-05
   3.45923310e+02  -1.87362588e-04
   3.45923799e+02  -2.89287127e-04
   3.45924287e+02  -2.92806450e-04
   3.45924775e+02  -3.85320513e-04
   3.45925264e+02  -3.78990138e-04
   3.45925752e+02  -1.18764692e-04
   3.45926240e+02   4.60115443e-05
   3.45926729e+02  -3.53437936e-05
   3.45927217e+02  -2.87551782e-04
   3.45927705e+02  -3.94213421e-04
   3.45928194e+02  -2.66249990e-04
   3.45928682e+02   5.55957849e-05
   3.45929170e+02   1.72853615e-04
   3.45929658e+02  -9.73612186e-05
   3.45930147e+02  -1.54399298e-04
   3.45930635e+02   1.54506139e-04
   3.45931123e+02   2.68557167e-04
   3.45931612e+02   1.06946660e-04
   3.45932100e+02  -1.06908366e-04
   3.45932588e+02  -7.16956201e-05
   3.45933077e+02   2.72184843e-04
   3.45933565e+02   5.30811958e-04
   3.45934053e+02   4.61134769e-04
   3.45934542e+02   3.71000293e-04
   3.45935030e+02   1.62003562e-04
   3.45935518e+02   2.03562231e-04
   3.45936006e+02   4.45074809e-04
   3.45936495e+02   4.67228441e-04
   3.45936983e+02   2.56846659e-04
   3.45937471e+02  -9.55888827e-05
   3.45937960e+02  -1.05158586e-04
   3.45938448e+02   2.64574599e-04
   3.45938936e+02   2.97932915e-04
   3.45939425e+02   1.55841000e-04
   3.45939913e+02  -1.89069207e-04
   3.45940401e+02  -2.81355315e-04
   3.45940890e+02   2.20705933e-05
   3.45941378e+02   3.90235975e-04
   3.45941866e+02   2.83542351e-04
   3.45942354e+02  -9.17683938e-05
   3.45942843e+02  -2.48065538e-04
   3.45943331e+02  -1.29402673e-04
   3.45943819e+02   3.24750785e-04
   3.45944308e+02   5.08051424e-04
   3.45944796e+02  -9.71558766e-05
   3.45945284e+02  -4.23346297e-04
   3.45945773e+02   2.49196310e-04
   3.45946261e+02   7.10197724e-04
   3.45946749e+02   3.74904514e-04
   3.45947238e+02   2.81795437e-05
   3.45947726e+02  -5.84946974e-05
   3.45948214e+02  -1.48180334e-04
   3.45948703e+02  -3.85830004e-04
   3.45949191e+02  -3.86171974e-04
   3.45949679e+02   3.19617066e-05
   3.45950167e+02   3.43939406e-04
   3.45950656e+02   3.62026854e-04
   3.45951144e+02   2.16686967e-04
   3.45951632e+02   1.48280133e-05
   3.45952121e+02  -7.62023046e-05
   3.45952609e+02  -3.79470839e-05
   3.45953097e+02  -1.88446458e-04
   3.45953586e+02  -4.69030463e-04
   3.45954074e+02  -4.66794590e-04
   3.45954562e+02  -4.82712843e-04
   3.45955051e+02  -6.41311519e-04
   3.45955539e+02  -5.91807766e-04
   3.45956027e+02  -2.93768477e-04
   3.45956515e+02  -1.76222238e-04
   3.45957004e+02  -2.79326545e-04
   3.45957492e+02  -1.10843546e-04
   3.45957980e+02   6.52942763e-05
   3.45958469e+02  -1.05105042e-04
   3.45958957e+02  -2.04569078e-04
   3.45959445e+02   2.38854685e-04
   3.45959934e+02   4.30433342e-04
   3.45960422e+02   1.77205657e-04
   3.45960910e+02   7.90843187e-05
   3.45961399e+02   1.09848472e-04
   3.45961887e+02  -1.63912453e-04
   3.45962375e+02  -5.34162449e-04
   3.45962863e+02  -3.91606620e-04
   3.45963352e+02  -1.96078618e-04
   3.45963840e+02  -2.13805135e-04
   3.45964328e+02   1.67834034e-04
   3.45964817e+02   5.00719063e-04
   3.45965305e+02   2.54982064e-04
   3.45965793e+02   4.99366251e-06
   3.45966282e+02   9.70717228e-05
   3.45966770e+02   1.86811201e-04
   3.45967258e+02   2.50976183e-04
   3.45967747e+02   1.48199222e-04
   3.45968235e+02  -7.54101929e-05
   3.45968723e+02  -7.84951044e-05
   3.45969211e+02   7.74386062e-05
   3.45969700e+02   1.90492618e-04
   3.45970188e+02   1.00858430e-04
   3.45970676e+02  -4.70622981e-05
   3.45971165e+02  -1.25651961e-04
   3.45971653e+02  -9.30256938e-05
   3.45972141e+02  -9.63509501e-06
   3.45972630e+02  -3.80094170e-05
   3.45973118e+02   7.49223473e-05
   3.45973606e+02   1.24267113e-04
   3.45974095e+02  -2.20779953e-06
   3.45974583e+02   1.57016519e-04
   3.45975071e+02   3.46419314e-04
   3.45975559e+02   9.46937726e-05
   3.45976048e+02  -4.37624658e-05
   3.45976536e+02   2.19028763e-04
   3.45977024e+02   2.33052007e-04
   3.45977513e+02   1.86291116e-04
   3.45978001e+02   3.50513816e-04
   3.45978489e+02   1.88083344e-04
   3.45978978e+02  -2.93044839e-04
   3.45979466e+02  -4.36306145e-04
   3.45979954e+02  -1.29517604e-04
   3.45980443e+02   2.47459306e-04
   3.45980931e+02   2.03478543e-04
   3.45981419e+02  -4.73045686e-04
   3.45981907e+02  -1.09137280e-03
   3.45982396e+02  -8.75600264e-04
   3.45982884e+02  -4.63156000e-04
   3.45983372e+02  -4.74031840e-04
   3.45983861e+02  -4.22824931e-04
   3.45984349e+02  -3.13033699e-04
   3.45984837e+02  -5.92419878e-04
   3.45985326e+02  -4.96918452e-04
   3.45985814e+02  -1.29633438e-04
   3.45986302e+02  -1.50818218e-04
   3.45986791e+02  -3.30811541e-04
   3.45987279e+02  -2.27945304e-04
   3.45987767e+02  -1.74440123e-04
   3.45988256e+02  -3.78903496e-04
   3.45988744e+02  -4.57714137e-04
   3.45989232e+02  -3.52313335e-04
   3.45989720e+02  -3.66452994e-04
   3.45990209e+02  -3.98214383e-04
   3.45990697e+02  -1.17024669e-04
   3.45991185e+02   2.61349254e-04
   3.45991674e+02   5.04779979e-04
   3.45992162e+02   5.18862857e-04
   3.45992650e+02   2.25411626e-04
   3.45993139e+02  -2.01420062e-05
   3.45993627e+02  -3.36057792e-06
   3.45994115e+02  -1.27141357e-05
   3.45994604e+02   7.91175844e-05
   3.45995092e+02   4.25330421e-04
   3.45995580e+02   4.48258565e-04
   3.45996068e+02   2.28537538e-04
   3.45996557e+02   8.75114565e-05
   3.45997045e+02   1.23900420e-04
   3.45997533e+02  -7.38506933e-05
   3.45998022e+02  -3.25238856e-04
   3.45998510e+02  -4.83630429e-04
   3.45998998e+02  -1.77215043e-04
   3.45999487e+02   9.13574113e-05
   3.45999975e+02  -6.99727752e-05
   3.46000463e+02  -2.81908578e-04
   3.46000952e+02  -3.99984478e-04
   3.46001440e+02  -5.11021761e-04
   3.46001928e+02  -4.69755527e-04
   3.46002416e+02  -2.70682969e-04
   3.46002905e+02  -1.58442403e-04
   3.46003393e+02   9.69458342e-05
   3.46003881e+02   3.09144409e-04
   3.46004370e+02   2.43936447e-04
   3.46004858e+02   2.64755567e-04
   3.46005346e+02   3.13899072e-04
   3.46005835e+02   3.17052589e-04
   3.46006323e+02   4.02339530e-04
   3.46006811e+02   1.75769412e-04
   3.46007300e+02  -1.46748207e-04
   3.46007788e+02  -1.49864558e-04
   3.46008276e+02   1.92404288e-04
   3.46008764e+02   4.24553145e-04
   3.46009253e+02   9.00536106e-05
   3.46009741e+02  -2.88202536e-05
   3.46010229e+02   2.30348553e-04
   3.46010718e+02   4.39550699e-04
   3.46011206e+02   3.51904513e-04
   3.46011694e+02   1.93488195e-05
   3.46012183e+02  -2.61619542e-04
   3.46012671e+02  -2.09022677e-04
   3.46013159e+02   1.97907502e-05
   3.46013648e+02  -1.77102484e-05
   3.46014136e+02  -1.43571684e-04
   3.46014624e+02   1.49516200e-04
   3.46015112e+02   4.48442646e-04
   3.46015601e+02   1.59508912e-04
   3.46016089e+02  -3.01344262e-04
   3.46016577e+02  -2.88259471e-04
   3.46017066e+02   1.21688397e-04
   3.46017554e+02   1.61104210e-04
   3.46018042e+02  -9.19452432e-05
   3.46018531e+02   1.14986535e-04
   3.46019019e+02   2.79339758e-04
   3.46019507e+02   2.49354227e-04
   3.46019996e+02   3.29692761e-04
   3.46020484e+02   1.48608742e-04
   3.46020972e+02  -5.04830823e-05
   3.46021460e+02  -9.16814024e-05
   3.46021949e+02  -1.00047961e-04
   3.46022437e+02  -1.99077858e-05
   3.46022925e+02  -1.95841949e-05
   3.46023414e+02  -3.94208255e-05
   3.46023902e+02  -3.22576263e-04
   3.46024390e+02  -6.49555761e-04
   3.46024879e+02  -3.33317468e-04
   3.46025367e+02   1.26417654e-04
   3.46025855e+02   2.41974121e-04
   3.46026344e+02   2.27729339e-04
   3.46026832e+02   1.90187406e-04
   3.46027320e+02  -4.26653605e-05
   3.46027809e+02  -3.55483295e-04
   3.46028297e+02  -4.66185447e-04
   3.46028785e+02  -2.70512595e-04
   3.46029273e+02   1.48709732e-04
   3.46029762e+02   2.47379998e-04
   3.46030250e+02  -1.62907047e-04
   3.46030738e+02  -5.30191988e-04
   3.46031227e+02  -2.79200991e-04
   3.46031715e+02  -6.49771246e-05
   3.46032203e+02  -2.11176201e-04
   3.46032692e+02  -2.88460782e-04
   3.46033180e+02  -3.15298268e-04
   3.46033668e+02  -2.33613377e-04
   3.46034157e+02  -6.36692639e-05
   3.46034645e+02   1.18416401e-05
   3.46035133e+02  -9.87821913e-05
   3.46035621e+02  -2.92469485e-04
   3.46036110e+02  -3.67010944e-04
   3.46036598e+02  -4.89759841e-04
   3.46037086e+02  -2.78623047e-04
   3.46037575e+02   1.83236756e-04
   3.46038063e+02   2.24221483e-04
   3.46038551e+02   1.53905159e-04
   3.46039040e+02   1.17283904e-04
   3.46039528e+02   5.65737173e-05
   3.46040016e+02  -1.24355327e-04
   3.46040505e+02  -4.91800602e-04
   3.46040993e+02  -3.66379245e-04
   3.46041481e+02   1.62858341e-04
   3.46041969e+02   7.08211010e-05
   3.46042458e+02  -7.74284199e-05
   3.46042946e+02   2.15208624e-04
   3.46043434e+02   2.19830283e-04
   3.46043923e+02  -9.81872727e-05
   3.46044411e+02  -2.70967779e-04
   3.46044899e+02  -2.83028581e-04
   3.46045388e+02  -2.35941785e-04
   3.46045876e+02   1.54566820e-04
   3.46046364e+02   4.41985729e-04
   3.46046853e+02   2.37759581e-04
   3.46047341e+02   1.11868510e-04
   3.46047829e+02   1.31932262e-04
   3.46048317e+02   7.58860770e-05
   3.46048806e+02   1.07644613e-04
   3.46049294e+02   2.48478755e-04
   3.46049782e+02   2.86731316e-04
   3.46050271e+02   2.91767326e-04
   3.46050759e+02   1.41266675e-04
   3.46051247e+02  -3.01013642e-04
   3.46051736e+02  -4.81654191e-04
   3.46052224e+02  -1.89812432e-04
   3.46052712e+02   1.21906924e-04
   3.46053201e+02  -7.48693674e-06
   3.46053689e+02  -6.78756973e-04
   3.46054177e+02  -9.04574175e-04
   3.46054665e+02  -5.92425349e-04
   3.46055154e+02  -2.11952763e-04
   3.46055642e+02   5.43278766e-05
   3.46056130e+02   1.73008637e-04
   3.46056619e+02   2.55763061e-05
   3.46057107e+02   2.00806942e-04
   3.46057595e+02   3.02141445e-04
   3.46058084e+02   1.38755395e-05
   3.46058572e+02  -1.21295670e-04
   3.46059060e+02   2.21631581e-05
   3.46059549e+02   3.32313037e-04
   3.46060037e+02   5.69946540e-04
   3.46060525e+02   5.61219407e-04
   3.46061013e+02   2.69375654e-04
   3.46061502e+02  -2.56464500e-05
   3.46061990e+02  -1.92549385e-04
   3.46062478e+02  -5.07434655e-04
   3.46062967e+02  -6.19710772e-04
   3.46063455e+02  -1.83571479e-04
   3.46063943e+02   1.54829453e-04
   3.46064432e+02   5.47473210e-05
   3.46064920e+02  -8.16584070e-05
   3.46065408e+02  -2.90251948e-04
   3.46065897e+02  -3.05240566e-04
   3.46066385e+02   1.30471208e-05
   3.46066873e+02   3.68736888e-04
   3.46067362e+02   2.44410767e-04
   3.46067850e+02  -3.17572267e-04
   3.46068338e+02  -3.33496777e-04
   3.46068826e+02   2.73481739e-04
   3.46069315e+02   4.26161947e-04
   3.46069803e+02   1.66725222e-04
   3.46070291e+02   1.22216705e-04
   3.46070780e+02   9.50375688e-05
   3.46071268e+02   1.35818540e-04
   3.46071756e+02   1.00608471e-04
   3.46072245e+02   9.57132070e-05
   3.46072733e+02   2.27521145e-04
   3.46073221e+02   3.30113573e-04
   3.46073710e+02   1.55988193e-04
   3.46074198e+02  -7.19709496e-05
   3.46074686e+02   4.09095483e-05
   3.46075174e+02   6.66721899e-05
   3.46075663e+02  -2.08797908e-04
   3.46076151e+02  -1.92701598e-04
   3.46076639e+02   1.48294330e-05
   3.46077128e+02  -1.39868804e-04
   3.46077616e+02  -3.42558429e-04
   3.46078104e+02  -2.03898759e-04
   3.46078593e+02  -1.44724327e-04
   3.46079081e+02  -9.36379511e-05
   3.46079569e+02   3.41262785e-04
   3.46080058e+02   6.62312319e-04
   3.46080546e+02   5.45900431e-04
   3.46081034e+02   1.58007388e-04
   3.46081522e+02  -2.34236126e-04
   3.46082011e+02  -2.19228692e-04
   3.46082499e+02   2.49268196e-04
   3.46082987e+02   5.10374142e-04
   3.46083476e+02   4.92383733e-05
   3.46083964e+02  -1.91382118e-04
   3.46084452e+02   5.33672355e-05
   3.46084941e+02   4.17715964e-05
   3.46085429e+02  -2.26333592e-04
   3.46085917e+02  -1.10064444e-04
   3.46086406e+02   2.17509238e-04
   3.46086894e+02   9.27908404e-05
   3.46087382e+02  -1.59954478e-04
   3.46087870e+02  -1.48718740e-04
   3.46088359e+02   4.45833621e-06
   3.46088847e+02   2.01327086e-04
   3.46089335e+02   2.97272636e-04
   3.46089824e+02   1.57464965e-04
   3.46090312e+02  -1.60075680e-04
   3.46090800e+02  -2.75413448e-04
   3.46091289e+02  -1.30519198e-04
   3.46091777e+02  -3.90979811e-04
   3.46092265e+02  -6.57389930e-04
   3.46092754e+02  -2.71452183e-04
   3.46093242e+02   2.35543630e-04
   3.46093730e+02   3.63863510e-04
   3.46094218e+02   1.64247336e-04
   3.46094707e+02  -1.32222965e-04
   3.46095195e+02  -3.51850904e-04
   3.46095683e+02  -2.28424746e-04
   3.46096172e+02   8.33755912e-05
   3.46096660e+02   1.26230574e-04
   3.46097148e+02   1.36602432e-06
   3.46097637e+02  -1.83581957e-04
   3.46098125e+02  -1.95267741e-04
   3.46098613e+02   4.91008577e-05
   3.46099102e+02   3.09380353e-04
   3.46099590e+02   4.49765183e-04
   3.46100078e+02   2.73771177e-04
   3.46100566e+02   9.04261906e-05
   3.46101055e+02   5.63930771e-05
   3.46101543e+02   1.93674874e-04
   3.46102031e+02   3.03355220e-04
   3.46102520e+02   7.60756811e-05
   3.46103008e+02  -1.00459525e-04
   3.46103496e+02   2.80026143e-05
   3.46103985e+02   1.72091866e-04
   3.46104473e+02   1.02942984e-04
   3.46104961e+02   3.59932092e-05
   3.46105450e+02  -2.88553365e-05
   3.46105938e+02   5.38209451e-06
   3.46106426e+02   1.98285852e-04
   3.46106915e+02   5.58181840e-04
   3.46107403e+02   6.17547776e-04
   3.46107891e+02   9.49152964e-05
   3.46108379e+02  -7.68282625e-05
   3.46108868e+02  -7.65930145e-06
   3.46109356e+02  -3.29525559e-04
   3.46109844e+02  -4.46913560e-04
   3.46110333e+02  -2.17387889e-04
   3.46110821e+02  -4.47456077e-05
   3.46111309e+02   1.58495197e-04
   3.46111798e+02   3.17310536e-04
   3.46112286e+02   2.19607027e-05
   3.46112774e+02  -3.48094123e-04
   3.46113263e+02  -4.12455556e-04
   3.46113751e+02  -2.61202658e-04
   3.46114239e+02  -2.81949178e-05
   3.46114727e+02   5.38029162e-05
   3.46115216e+02   9.09339651e-05
   3.46115704e+02  -8.59136999e-05
   3.46116192e+02  -2.96408107e-04
   3.46116681e+02  -4.11239191e-04
   3.46117169e+02  -2.02244541e-04
   3.46117657e+02   1.33743661e-05
   3.46118146e+02  -2.02307216e-04
   3.46118634e+02  -1.53484696e-04
   3.46119122e+02   3.68195673e-04
   3.46119611e+02   4.42121061e-04
   3.46120099e+02   7.08967054e-05
   3.46120587e+02   5.81158274e-05
   3.46121075e+02   1.67175080e-04
   3.46121564e+02  -1.44836435e-04
   3.46122052e+02  -1.16177391e-04
   3.46122540e+02   9.57098819e-05
   3.46123029e+02  -1.93690037e-04
   3.46123517e+02  -1.28205487e-04
   3.46124005e+02   1.31800669e-04
   3.46124494e+02  -1.38393298e-04
   3.46124982e+02  -3.19453742e-04
   3.46125470e+02  -2.19176625e-04
   3.46125959e+02  -1.27845226e-04
   3.46126447e+02  -2.12450061e-04
   3.46126935e+02  -4.03102284e-04
   3.46127423e+02  -2.10814760e-04
   3.46127912e+02   1.88842314e-04
   3.46128400e+02   3.53646668e-04
   3.46128888e+02   3.69786605e-04
   3.46129377e+02   1.79893628e-04
   3.46129865e+02  -2.12787476e-04
   3.46130353e+02  -4.76497604e-04
   3.46130842e+02  -3.22264241e-04
   3.46131330e+02  -1.84225908e-04
   3.46131818e+02  -1.75063047e-04
   3.46132307e+02  -3.42713975e-05
   3.46132795e+02  -7.75727131e-06
   3.46133283e+02  -2.02394949e-04
   3.46133771e+02  -4.59552044e-04
   3.46134260e+02  -3.73201474e-04
   3.46134748e+02   1.29250155e-04
   3.46135236e+02   1.09984132e-04
   3.46135725e+02  -1.55573216e-04
   3.46136213e+02  -6.68061330e-05
   3.46136701e+02   7.07438012e-05
   3.46137190e+02  -1.24865968e-04
   3.46137678e+02  -4.34146408e-04
   3.46138166e+02  -4.07936721e-04
   3.46138655e+02  -1.52130044e-04
   3.46139143e+02   6.93369657e-05
   3.46139631e+02   6.99419106e-05
   3.46140119e+02  -1.29031425e-04
   3.46140608e+02  -1.26780054e-04
   3.46141096e+02   6.87807988e-05
   3.46141584e+02   3.30381408e-05
   3.46142073e+02  -2.08423531e-04
   3.46142561e+02  -5.16120694e-04
   3.46143049e+02  -6.28809968e-04
   3.46143538e+02  -3.62442777e-04
   3.46144026e+02  -2.25238298e-04
   3.46144514e+02  -2.79148517e-04
   3.46145003e+02  -1.76748115e-04
   3.46145491e+02   1.65335645e-04
   3.46145979e+02   3.31571006e-04
   3.46146468e+02   2.29505080e-04
   3.46146956e+02   2.04426411e-04
   3.46147444e+02   8.98503131e-05
   3.46147932e+02   2.33876417e-05
   3.46148421e+02  -1.01078032e-04
   3.46148909e+02  -1.72936474e-04
   3.46149397e+02   1.22496829e-04
   3.46149886e+02   4.11099201e-04
   3.46150374e+02   4.95786546e-04
   3.46150862e+02   4.23346122e-04
   3.46151351e+02   1.85553683e-04
   3.46151839e+02   3.01952154e-04
   3.46152327e+02   5.54416736e-04
   3.46152816e+02   3.48036265e-04
   3.46153304e+02   3.09457937e-05
   3.46153792e+02  -2.33193459e-05
   3.46154280e+02   1.90445237e-04
   3.46154769e+02   3.99477954e-04
   3.46155257e+02   1.20264303e-04
   3.46155745e+02  -1.32323985e-04
   3.46156234e+02  -5.23605704e-05
   3.46156722e+02  -1.03788290e-04
   3.46157210e+02  -3.58249090e-05
   3.46157699e+02  -1.14957620e-05
   3.46158187e+02  -1.60774889e-05
   3.46158675e+02   2.67242373e-04
   3.46159164e+02   5.64245624e-04
   3.46159652e+02   4.71649808e-04
   3.46160140e+02   1.45165483e-04
   3.46160628e+02  -2.58258282e-04
   3.46161117e+02  -3.24164168e-04
   3.46161605e+02  -2.11604434e-04
   3.46162093e+02  -3.14813456e-04
   3.46162582e+02   2.35271964e-05
   3.46163070e+02   4.60017007e-04
   3.46163558e+02   6.61821978e-05
   3.46164047e+02  -4.61737829e-04
   3.46164535e+02  -6.12836739e-04
   3.46165023e+02  -4.00577090e-04
   3.46165512e+02  -3.14285862e-04
   3.46166000e+02  -3.73771705e-04
   3.46166488e+02  -1.50465858e-04
   3.46166976e+02   1.26358995e-04
   3.46167465e+02   3.66577588e-04
   3.46167953e+02   2.03340198e-04
   3.46168441e+02  -2.05889606e-04
   3.46168930e+02  -3.80549493e-04
   3.46169418e+02  -3.12109711e-04
   3.46169906e+02  -5.06383403e-05
   3.46170395e+02   7.11062094e-05
   3.46170883e+02   1.17683900e-04
   3.46171371e+02   1.81787473e-04
   3.46171860e+02  -1.77787282e-04
   3.46172348e+02  -4.23863676e-04
   3.46172836e+02  -4.83080687e-04
   3.46173324e+02  -5.04055817e-04
   3.46173813e+02  -3.02169850e-04
   3.46174301e+02  -1.47686824e-05
   3.46174789e+02   4.26682018e-05
   3.46175278e+02   7.17519506e-05
   3.46175766e+02   2.16998917e-04
   3.46176254e+02   1.92935724e-04
   3.46176743e+02  -1.01857288e-04
   3.46177231e+02  -3.73266812e-04
   3.46177719e+02  -1.81858646e-04
   3.46178208e+02  -4.08276865e-05
   3.46178696e+02  -1.37756477e-04
   3.46179184e+02  -2.80838518e-04
   3.46179672e+02  -1.55851259e-04
   3.46180161e+02   1.59434581e-04
   3.46180649e+02   9.89605542e-05
   3.46181137e+02  -5.26310105e-05
   3.46181626e+02  -1.14960072e-04
   3.46182114e+02  -2.76781095e-04
   3.46182602e+02  -3.23485670e-04
   3.46183091e+02  -1.03237762e-05
   3.46183579e+02   3.05285444e-04
   3.46184067e+02   1.19292599e-04
   3.46184556e+02  -8.10199635e-05
   3.46185044e+02   8.09829216e-05
   3.46185532e+02   2.09036429e-04
   3.46186021e+02   2.70172633e-04
   3.46186509e+02   4.10207394e-05
   3.46186997e+02  -3.70527123e-04
   3.46187485e+02  -2.72713369e-04
   3.46187974e+02   2.45945615e-04
   3.46188462e+02   3.11208103e-04
   3.46188950e+02   1.57945469e-04
   3.46189439e+02   4.88538499e-05
   3.46189927e+02  -1.35778726e-04
   3.46190415e+02  -3.84610285e-05
   3.46190904e+02   6.36175682e-05
   3.46191392e+02  -1.61863209e-04
   3.46191880e+02  -3.76905984e-04
   3.46192369e+02  -4.08489723e-04
   3.46192857e+02  -4.72176005e-04
   3.46193345e+02  -4.69322928e-04
   3.46193833e+02  -2.87562521e-04
   3.46194322e+02  -5.47807904e-05
   3.46194810e+02   1.52819921e-04
   3.46195298e+02   3.81037498e-05
   3.46195787e+02  -1.59910327e-04
   3.46196275e+02  -1.57061892e-04
   3.46196763e+02   1.01415317e-04
   3.46197252e+02   4.07708430e-04
   3.46197740e+02   3.85724008e-04
   3.46198228e+02   2.78568652e-04
   3.46198717e+02   4.50406551e-05
   3.46199205e+02  -1.16300078e-04
   3.46199693e+02   2.08954094e-04
   3.46200181e+02   3.27101414e-04
   3.46200670e+02   1.36422037e-04
   3.46201158e+02   2.74160819e-04
   3.46201646e+02   3.81048681e-04
   3.46202135e+02   1.49683168e-04
   3.46202623e+02  -7.57402231e-05
   3.46203111e+02  -2.02604962e-04
   3.46203600e+02  -2.83310772e-04
   3.46204088e+02  -2.35682564e-05
   3.46204576e+02   6.34898825e-05
   3.46205065e+02  -1.14215378e-04
   3.46205553e+02   1.67161008e-04
   3.46206041e+02   2.15979031e-04
   3.46206529e+02  -2.09432561e-04
   3.46207018e+02  -3.06172558e-04
   3.46207506e+02  -5.18353227e-05
   3.46207994e+02   9.79256511e-05
   3.46208483e+02  -3.32913391e-04
   3.46208971e+02  -7.42618227e-04
   3.46209459e+02  -5.29805780e-04
   3.46209948e+02  -1.92654625e-04
   3.46210436e+02   2.46869167e-05
   3.46210924e+02   7.75823628e-06
   3.46211413e+02  -2.73725367e-04
   3.46211901e+02  -3.89790861e-04
   3.46212389e+02   2.58337423e-05
   3.46212877e+02   1.54285706e-04
   3.46213366e+02  -2.47804099e-04
   3.46213854e+02  -3.76600859e-04
   3.46214342e+02  -3.91036476e-04
   3.46214831e+02  -2.60873669e-04
   3.46215319e+02   4.22116318e-05
   3.46215807e+02   5.65376467e-05
   3.46216296e+02   2.65609160e-05
   3.46216784e+02   2.46236250e-05
   3.46217272e+02  -4.50169355e-05
   3.46217761e+02  -1.56680326e-05
   3.46218249e+02  -2.14471515e-06
   3.46218737e+02   3.48862886e-05
   3.46219225e+02   2.81842185e-05
   3.46219714e+02  -1.41906785e-05
   3.46220202e+02   1.23954800e-04
   3.46220690e+02   2.38343840e-04
   3.46221179e+02   3.95984207e-05
   3.46221667e+02  -1.09399152e-04
   3.46222155e+02  -1.91141531e-04
   3.46222644e+02  -9.72340640e-05
   3.46223132e+02   2.22734016e-04
   3.46223620e+02   3.60704667e-04
   3.46224109e+02   2.12226019e-04
   3.46224597e+02  -2.83203053e-06
   3.46225085e+02  -4.23797064e-05
   3.46225574e+02   3.38767481e-04
   3.46226062e+02   5.33100800e-04
   3.46226550e+02   2.41883507e-04
   3.46227038e+02   2.05121451e-05
   3.46227527e+02   1.93898130e-04
   3.46228015e+02   2.99982261e-04
   3.46228503e+02   2.64355534e-04
   3.46228992e+02   1.90549952e-04
   3.46229480e+02   1.11761532e-04
   3.46229968e+02   9.94715665e-05
   3.46230457e+02   3.32967931e-04
   3.46230945e+02   4.28209663e-04
   3.46231433e+02   2.00835508e-04
   3.46231922e+02   1.72241591e-04
   3.46232410e+02   3.78799508e-04
   3.46232898e+02   6.76971336e-04
   3.46233386e+02   3.28883907e-04
   3.46233875e+02  -1.58065362e-04
   3.46234363e+02  -2.19236143e-04
   3.46234851e+02  -2.83001922e-04
   3.46235340e+02  -8.78120482e-05
   3.46235828e+02   2.66045448e-04
   3.46236316e+02   6.58537683e-05
   3.46236805e+02  -3.18075356e-04
   3.46237293e+02  -5.02509720e-05
   3.46237781e+02   5.04229858e-04
   3.46238270e+02   5.93288918e-04
   3.46238758e+02   3.61252576e-04
   3.46239246e+02  -3.04992900e-05
   3.46239734e+02  -3.11600801e-04
   3.46240223e+02  -2.17500201e-04
   3.46240711e+02  -7.28485393e-05
   3.46241199e+02  -1.62356300e-04
   3.46241688e+02  -3.42831452e-04
   3.46242176e+02  -1.20108918e-04
   3.46242664e+02   6.81992606e-05
   3.46243153e+02  -1.36734685e-04
   3.46243641e+02  -3.36722966e-04
   3.46244129e+02  -3.33726377e-04
   3.46244618e+02  -1.26965824e-04
   3.46245106e+02  -4.76247442e-06
   3.46245594e+02  -7.28479063e-05
   3.46246082e+02  -1.39288430e-04
   3.46246571e+02  -5.64759575e-05
   3.46247059e+02  -5.29766439e-05
   3.46247547e+02  -2.73004407e-04
   3.46248036e+02  -3.65312764e-04
   3.46248524e+02  -2.64022878e-04
   3.46249012e+02  -1.34346599e-04
   3.46249501e+02   8.20626374e-05
   3.46249989e+02   2.77072424e-04
   3.46250477e+02   4.14007372e-04
   3.46250966e+02   1.00230868e-03
   3.46251454e+02   2.26052408e-03
   3.46251942e+02   3.87401483e-03
   3.46252430e+02   5.29954955e-03
   3.46252919e+02   6.03631651e-03
   3.46253407e+02   6.29184628e-03
   3.46253895e+02   6.62210397e-03
   3.46254384e+02   6.11526100e-03
   3.46254872e+02   4.72634844e-03
   3.46255360e+02   3.78669892e-03
   3.46255849e+02   3.35278851e-03
   3.46256337e+02   2.91901710e-03
   3.46256825e+02   2.12880084e-03
   3.46257314e+02   1.95070857e-03
   3.46257802e+02   1.71868538e-03
   3.46258290e+02   1.33363751e-03
   3.46258778e+02   9.99064068e-04
   3.46259267e+02   7.00133271e-04
   3.46259755e+02   3.49935231e-04
   3.46260243e+02   2.87349860e-04
   3.46260732e+02   2.57523468e-04
   3.46261220e+02   1.61707663e-04
   3.46261708e+02   6.98334043e-05
   3.46262197e+02   2.75361563e-05
   3.46262685e+02   2.15620894e-04
   3.46263173e+02   1.66886952e-04
   3.46263662e+02   1.02386774e-04
   3.46264150e+02   3.25887377e-04
   3.46264638e+02   2.05963370e-04
   3.46265127e+02   1.50527441e-04
   3.46265615e+02   3.17487575e-04
   3.46266103e+02   2.37846893e-04
   3.46266591e+02   3.87174487e-06
   3.46267080e+02  -1.72940490e-04
   3.46267568e+02  -1.49946834e-04
   3.46268056e+02   7.19777236e-05
   3.46268545e+02   1.05119143e-05
   3.46269033e+02  -2.10959843e-04
   3.46269521e+02  -1.19946373e-04
   3.46270010e+02   2.99793319e-04
   3.46270498e+02   5.83268702e-04
   3.46270986e+02   2.86562601e-04
   3.46271475e+02  -3.79675512e-05
   3.46271963e+02   4.95170098e-05
   3.46272451e+02   2.25670101e-05
   3.46272939e+02   1.20792014e-04
   3.46273428e+02   2.41905844e-04
   3.46273916e+02   3.17386060e-04
   3.46274404e+02   2.37282962e-04
   3.46274893e+02  -2.07222896e-04
   3.46275381e+02  -4.85165772e-04
   3.46275869e+02  -6.54163247e-04
   3.46276358e+02  -5.94202662e-04
   3.46276846e+02  -1.13799200e-04
   3.46277334e+02   2.16049215e-04
   3.46277823e+02   4.46052058e-04
   3.46278311e+02   4.17428382e-04
   3.46278799e+02  -8.79015060e-05
   3.46279287e+02  -3.10700416e-04
   3.46279776e+02   4.75564193e-05
   3.46280264e+02   6.04203342e-05
   3.46280752e+02  -3.42493760e-04
   3.46281241e+02  -4.42936231e-04
   3.46281729e+02  -4.02571342e-04
   3.46282217e+02  -2.10707192e-04
   3.46282706e+02   6.24235872e-06
   3.46283194e+02  -1.44311067e-04
   3.46283682e+02  -2.70677934e-04
   3.46284171e+02  -1.87410202e-04
   3.46284659e+02  -1.87167694e-04
   3.46285147e+02  -2.96681392e-04
   3.46285635e+02  -3.96715477e-04
   3.46286124e+02  -2.86563270e-04
   3.46286612e+02   7.98159890e-05
   3.46287100e+02   3.50728980e-04
   3.46287589e+02   4.32219182e-04
   3.46288077e+02   4.59996372e-04
   3.46288565e+02   2.97882420e-04
   3.46289054e+02   6.45308246e-05
   3.46289542e+02  -4.03249651e-05
   3.46290030e+02  -9.01374879e-05
   3.46290519e+02  -4.78150876e-04
   3.46291007e+02  -4.22131823e-04
   3.46291495e+02  -6.47591587e-05
   3.46291983e+02   9.91146080e-05
   3.46292472e+02  -2.22510600e-04
   3.46292960e+02  -4.34797868e-04
   3.46293448e+02  -2.18190529e-04
   3.46293937e+02   2.27003748e-05
   3.46294425e+02   4.56507332e-05
   3.46294913e+02  -1.82958399e-06
   3.46295402e+02   8.90436713e-05
   3.46295890e+02   9.14823395e-05
   3.46296378e+02  -1.64360754e-04
   3.46296867e+02  -2.08646758e-04
   3.46297355e+02   2.95947302e-05
   3.46297843e+02   1.84845223e-04
   3.46298331e+02   4.60319025e-05
   3.46298820e+02   1.67638373e-05
   3.46299308e+02   2.57508334e-04
   3.46299796e+02   1.14714210e-04
   3.46300285e+02  -2.40488283e-04
   3.46300773e+02  -2.77926127e-04
   3.46301261e+02  -2.54819402e-04
   3.46301750e+02  -2.57273030e-04
   3.46302238e+02  -2.14134168e-04
   3.46302726e+02  -2.19424808e-04
   3.46303215e+02  -6.67331042e-05
   3.46303703e+02   1.11636677e-04
   3.46304191e+02  -1.62016513e-04
   3.46304680e+02  -5.03971532e-04
   3.46305168e+02  -3.84683692e-04
   3.46305656e+02  -2.43593695e-05
   3.46306144e+02  -4.91625215e-05
   3.46306633e+02  -2.75418250e-04
   3.46307121e+02   1.92840613e-04
   3.46307609e+02   6.66873006e-04
   3.46308098e+02   4.21551696e-04
   3.46308586e+02   2.53706239e-04
   3.46309074e+02   3.47096007e-04
   3.46309563e+02   4.11370769e-04
   3.46310051e+02   2.79378379e-04
   3.46310539e+02   1.41881828e-05
   3.46311028e+02   3.58379359e-04
   3.46311516e+02   6.42546394e-04
   3.46312004e+02   1.89967308e-04
   3.46312492e+02  -4.64193399e-05
   3.46312981e+02   8.60773580e-05
   3.46313469e+02  -4.06884064e-05
   3.46313957e+02  -3.66660213e-04
   3.46314446e+02  -4.36925242e-04
   3.46314934e+02  -1.53832632e-04
   3.46315422e+02   2.27813260e-04
   3.46315911e+02   1.36115021e-04
   3.46316399e+02  -4.07263957e-04
   3.46316887e+02  -6.84961851e-04
   3.46317376e+02  -2.80113629e-04
   3.46317864e+02   2.93046905e-04
   3.46318352e+02   3.39943042e-04
   3.46318840e+02   2.94177735e-04
   3.46319329e+02   4.33105015e-04
   3.46319817e+02   3.28147638e-04
   3.46320305e+02   6.01779502e-05
   3.46320794e+02  -6.15239042e-05
   3.46321282e+02  -3.86774991e-05
   3.46321770e+02   6.66461492e-05
   3.46322259e+02   2.46914540e-04
   3.46322747e+02   1.98829875e-04
   3.46323235e+02   9.44181884e-05
   3.46323724e+02   2.07477569e-04
   3.46324212e+02   2.53947132e-04
   3.46324700e+02   8.15680469e-05
   3.46325188e+02   5.26496660e-05
   3.46325677e+02   1.82991003e-04
   3.46326165e+02  -1.75169189e-05
   3.46326653e+02  -8.48765922e-05
   3.46327142e+02  -1.20174773e-04
   3.46327630e+02  -3.43543419e-04
   3.46328118e+02  -1.38702642e-04
   3.46328607e+02   2.40399080e-04
   3.46329095e+02   3.63541680e-04
   3.46329583e+02   4.38702031e-04
   3.46330072e+02   2.98661762e-04
   3.46330560e+02   1.49699466e-04
   3.46331048e+02   1.67229096e-04
   3.46331536e+02   1.94940789e-04
   3.46332025e+02   1.00229401e-04
   3.46332513e+02  -9.97545285e-05
   3.46333001e+02  -9.37456498e-05
   3.46333490e+02  -1.80534218e-04
   3.46333978e+02  -4.68052080e-04
   3.46334466e+02  -3.35453660e-04
   3.46334955e+02  -1.81191092e-04
   3.46335443e+02  -3.20550433e-04
   3.46335931e+02  -1.50719949e-04
   3.46336420e+02   2.58672699e-05
   3.46336908e+02  -4.09689019e-05
   3.46337396e+02   2.30784732e-04
   3.46337884e+02   4.13830392e-04
   3.46338373e+02  -6.96030547e-05
   3.46338861e+02  -6.92096015e-04
   3.46339349e+02  -5.35256462e-04
   3.46339838e+02  -9.68644599e-05
   3.46340326e+02  -3.06541013e-04
   3.46340814e+02  -5.55725768e-04
   3.46341303e+02  -4.18158132e-04
   3.46341791e+02  -9.58493983e-05
   3.46342279e+02   2.00848532e-04
   3.46342768e+02   4.04124512e-05
   3.46343256e+02   1.13129565e-04
   3.46343744e+02   3.47256748e-04
   3.46344232e+02   2.01902571e-04
   3.46344721e+02   3.57216340e-05
   3.46345209e+02  -3.03000161e-05
   3.46345697e+02  -1.22705897e-04
   3.46346186e+02  -2.84863781e-04
   3.46346674e+02  -1.09963265e-04
   3.46347162e+02   2.70598626e-04
   3.46347651e+02   3.41071514e-04
   3.46348139e+02   3.46904242e-04
   3.46348627e+02   8.22623551e-05
   3.46349116e+02   8.24488670e-05
   3.46349604e+02  -4.07919506e-05
   3.46350092e+02  -1.58433744e-04
   3.46350581e+02   1.38110321e-04
   3.46351069e+02   1.98003210e-04
   3.46351557e+02  -8.32765654e-05
   3.46352045e+02   2.71431963e-05
   3.46352534e+02   9.29709495e-05
   3.46353022e+02  -3.45310764e-05
   3.46353510e+02  -6.31751464e-05
   3.46353999e+02   1.67444756e-04
   3.46354487e+02   4.44397068e-04
   3.46354975e+02   4.39135212e-04
   3.46355464e+02   4.46210819e-04
   3.46355952e+02   4.28513071e-04
   3.46356440e+02   8.51887744e-05
   3.46356929e+02  -1.17778087e-04
   3.46357417e+02   1.49842454e-04
   3.46357905e+02   5.27822995e-04
   3.46358393e+02   5.50673867e-04
   3.46358882e+02   2.19817011e-04
   3.46359370e+02   6.64266990e-05
   3.46359858e+02   7.72668209e-05
   3.46360347e+02  -5.77399114e-05
   3.46360835e+02  -1.79249881e-04
   3.46361323e+02  -1.91035273e-04
   3.46361812e+02   1.39017458e-04
   3.46362300e+02   2.21623326e-04
   3.46362788e+02  -1.12180445e-04
   3.46363277e+02  -2.16359276e-05
   3.46363765e+02   4.70789637e-05
   3.46364253e+02  -1.68014361e-04
   3.46364741e+02  -2.27232274e-04
   3.46365230e+02  -3.75927513e-04
   3.46365718e+02  -5.66431554e-04
   3.46366206e+02  -3.43265972e-04
   3.46366695e+02   3.39590952e-05
   3.46367183e+02   1.08015207e-04
   3.46367671e+02   2.03645104e-04
   3.46368160e+02   4.17136122e-04
   3.46368648e+02   4.93540370e-04
   3.46369136e+02   2.38909706e-04
   3.46369625e+02   4.52384811e-05
   3.46370113e+02  -6.80018711e-05
   3.46370601e+02  -4.22507932e-04
   3.46371089e+02  -3.29390721e-04
   3.46371578e+02   1.86155623e-04
   3.46372066e+02   3.81946971e-04
   3.46372554e+02   3.44791653e-04
   3.46373043e+02   4.43717901e-04
   3.46373531e+02   2.47841206e-04
   3.46374019e+02  -2.58010085e-04
   3.46374508e+02  -3.79177771e-04
   3.46374996e+02  -1.86009798e-04
   3.46375484e+02  -1.08250555e-04
   3.46375973e+02  -2.07528228e-05
   3.46376461e+02  -3.02313474e-05
   3.46376949e+02  -7.78723988e-05
   3.46377437e+02  -2.87103376e-05
   3.46377926e+02  -9.89301843e-05
   3.46378414e+02  -3.80979072e-05
   3.46378902e+02   1.03884871e-04
   3.46379391e+02   1.65888618e-04
   3.46379879e+02   5.52717887e-04
   3.46380367e+02   7.17634510e-04
   3.46380856e+02  -7.96831137e-06
   3.46381344e+02  -4.82002361e-04
   3.46381832e+02  -1.99546921e-04
   3.46382321e+02   5.03641968e-05
   3.46382809e+02   7.78939284e-05
   3.46383297e+02   1.48873214e-05
   3.46383785e+02  -2.10542014e-04
   3.46384274e+02  -2.34702486e-04
   3.46384762e+02   7.66081030e-07
   3.46385250e+02  -5.98339320e-05
   3.46385739e+02  -2.81708490e-04
   3.46386227e+02  -3.55153927e-04
   3.46386715e+02  -4.56221955e-04
   3.46387204e+02  -4.69908264e-04
   3.46387692e+02  -2.64875125e-04
   3.46388180e+02  -2.19277892e-04
   3.46388669e+02  -3.07953043e-04
   3.46389157e+02  -1.46937877e-04
   3.46389645e+02  -4.76741188e-05
   3.46390134e+02  -2.20468180e-04
   3.46390622e+02   3.10631149e-05
   3.46391110e+02   3.38781450e-04
   3.46391598e+02   3.47032801e-05
   3.46392087e+02  -7.51825428e-05
   3.46392575e+02   1.44114369e-04
   3.46393063e+02   1.26296829e-04
   3.46393552e+02   1.13278738e-05
   3.46394040e+02   2.74708873e-04
   3.46394528e+02   5.23002760e-04
   3.46395017e+02   8.11871505e-05
   3.46395505e+02  -2.96963117e-04
   3.46395993e+02  -1.54174813e-05
   3.46396482e+02   2.42350128e-04
   3.46396970e+02   2.82188776e-05
   3.46397458e+02  -3.23792163e-04
   3.46397946e+02  -1.81099749e-04
   3.46398435e+02   4.34463233e-04
   3.46398923e+02   6.86273270e-04
   3.46399411e+02   3.85952066e-04
   3.46399900e+02   9.22089894e-05
   3.46400388e+02   1.85409488e-04
   3.46400876e+02   4.36450704e-04
   3.46401365e+02   3.16649210e-04
   3.46401853e+02   1.32126719e-04
   3.46402341e+02   2.95120379e-04
   3.46402830e+02   3.15801502e-04
   3.46403318e+02   1.53845787e-04
   3.46403806e+02   2.62259768e-04
   3.46404294e+02   5.06984419e-04
   3.46404783e+02   3.52633506e-04
   3.46405271e+02  -1.80498500e-05
   3.46405759e+02  -1.00330406e-04
   3.46406248e+02  -5.27906923e-05
   3.46406736e+02  -2.37083557e-04
   3.46407224e+02  -2.56396190e-04
   3.46407713e+02  -2.73870886e-04
   3.46408201e+02  -3.39710910e-04
   3.46408689e+02  -1.72766318e-04
   3.46409178e+02  -1.71007778e-05
   3.46409666e+02  -8.99012593e-05
   3.46410154e+02  -2.99167499e-04
   3.46410642e+02  -3.81817721e-04
   3.46411131e+02  -1.71458814e-05
   3.46411619e+02   3.15669546e-04
   3.46412107e+02   1.60980417e-04
   3.46412596e+02  -1.53479079e-04
   3.46413084e+02  -1.60570984e-04
   3.46413572e+02   7.80695773e-05
   3.46414061e+02   2.65418203e-04
   3.46414549e+02   2.22862509e-04
   3.46415037e+02   6.06024259e-05
   3.46415526e+02   1.48268446e-04
   3.46416014e+02   4.22120502e-04
   3.46416502e+02   1.41723183e-04
   3.46416990e+02  -3.21532250e-04
   3.46417479e+02  -4.77105132e-05
   3.46417967e+02   1.77210924e-04
   3.46418455e+02  -3.08003364e-05
   3.46418944e+02   4.84974698e-05
   3.46419432e+02   2.89083750e-04
   3.46419920e+02   2.35207568e-04
   3.46420409e+02   1.39702563e-04
   3.46420897e+02  -5.74742262e-05
   3.46421385e+02  -2.83068541e-04
   3.46421874e+02  -2.08151032e-04
   3.46422362e+02   6.62408129e-05
   3.46422850e+02   2.04206895e-04
   3.46423338e+02   2.20916583e-04
   3.46423827e+02   1.46907929e-04
   3.46424315e+02  -1.69696941e-04
   3.46424803e+02  -4.80204122e-04
   3.46425292e+02  -2.36011270e-04
   3.46425780e+02   2.53608363e-04
   3.46426268e+02   3.85225809e-04
   3.46426757e+02  -8.51498480e-05
   3.46427245e+02  -3.67180881e-04
   3.46427733e+02   1.12384216e-04
   3.46428222e+02   2.36144027e-04
   3.46428710e+02  -2.90464552e-04
   3.46429198e+02  -6.48237823e-04
   3.46429687e+02  -7.17594288e-04
   3.46430175e+02  -7.02347490e-04
   3.46430663e+02  -7.07755156e-04
   3.46431151e+02  -4.53741202e-04
   3.46431640e+02  -2.45074683e-04
   3.46432128e+02  -4.30167885e-04
   3.46432616e+02  -6.27043541e-04
   3.46433105e+02  -2.95017118e-04
   3.46433593e+02   3.03124631e-04
   3.46434081e+02   5.75487735e-04
   3.46434570e+02   4.39324300e-04
   3.46435058e+02  -9.33206538e-05
   3.46435546e+02  -3.41402425e-04
   3.46436035e+02   1.90554365e-05
   3.46436523e+02   2.72287434e-04
   3.46437011e+02   2.00927214e-04
   3.46437499e+02  -5.02538242e-05
   3.46437988e+02  -3.13987868e-04
   3.46438476e+02  -3.63667117e-04
   3.46438964e+02  -2.09934529e-04
   3.46439453e+02  -9.09919618e-05
   3.46439941e+02   9.51412076e-05
   3.46440429e+02   3.72260081e-04
   3.46440918e+02   3.67048691e-04
   3.46441406e+02   2.01272909e-04
   3.46441894e+02   2.67104071e-04
   3.46442383e+02   3.65063286e-04
   3.46442871e+02   2.72753532e-04
   3.46443359e+02   3.67698260e-04
   3.46443847e+02   7.02419493e-04
   3.46444336e+02   8.73128069e-04
   3.46444824e+02   7.65331846e-04
   3.46445312e+02   3.79510049e-04
   3.46445801e+02  -6.60009982e-06
   3.46446289e+02   1.80683382e-05
   3.46446777e+02  -3.92087750e-05
   3.46447266e+02  -3.16571881e-04
   3.46447754e+02  -1.12137895e-04
   3.46448242e+02   1.15649244e-04
   3.46448731e+02  -1.03421269e-04
   3.46449219e+02  -8.99886873e-05
   3.46449707e+02   1.37197945e-04
   3.46450195e+02   5.27406301e-05
   3.46450684e+02  -3.11346448e-05
   3.46451172e+02   3.14959383e-04
   3.46451660e+02   3.44537228e-04
   3.46452149e+02  -1.59364688e-04
   3.46452637e+02  -3.81692575e-04
   3.46453125e+02  -1.73997178e-04
   3.46453614e+02   4.24980135e-05
   3.46454102e+02   1.51602595e-04
   3.46454590e+02   1.23793623e-04
   3.46455079e+02   7.92854626e-05
   3.46455567e+02   1.35029404e-04
   3.46456055e+02   2.29305166e-04
   3.46456543e+02   3.04162095e-05
   3.46457032e+02  -4.58710041e-04
   3.46457520e+02  -4.87997168e-04
   3.46458008e+02  -4.06167965e-04
   3.46458497e+02  -2.79902219e-04
   3.46458985e+02   7.68217142e-05
   3.46459473e+02   3.15610523e-04
   3.46459962e+02   4.39593452e-04
   3.46460450e+02   3.22320586e-04
   3.46460938e+02   3.24313121e-04
   3.46461427e+02   3.74812196e-04
   3.46461915e+02   9.96923482e-05
   3.46462403e+02  -1.32381421e-04
   3.46462891e+02  -2.36099731e-04
   3.46463380e+02  -3.37430625e-04
   3.46463868e+02  -1.14294526e-04
   3.46464356e+02   1.95420027e-04
   3.46464845e+02   9.91454799e-05
   3.46465333e+02  -2.08629965e-04
   3.46465821e+02  -3.72074777e-04
   3.46466310e+02  -2.53537495e-04
   3.46466798e+02  -1.66296541e-05
   3.46467286e+02   1.12436945e-04
   3.46467775e+02   1.67891601e-04
   3.46468263e+02   3.21740808e-04
   3.46468751e+02   4.10377426e-04
   3.46469240e+02   2.17811379e-04
   3.46469728e+02   2.16249668e-04
   3.46470216e+02   2.68279895e-04
   3.46470704e+02   8.94947152e-05
   3.46471193e+02  -9.45619759e-05
   3.46471681e+02  -7.83841169e-05
   3.46472169e+02   8.39343702e-05
   3.46472658e+02   6.82358150e-05
   3.46473146e+02  -5.61066809e-05
   3.46473634e+02  -2.90673852e-05
   3.46474123e+02  -1.13600130e-04
   3.46474611e+02  -3.08945659e-04
   3.46475099e+02  -1.85389159e-04
   3.46475588e+02   1.98377413e-04
   3.46476076e+02   2.95166421e-04
   3.46476564e+02  -7.73047941e-05
   3.46477052e+02  -2.37700442e-04
   3.46477541e+02  -1.05680323e-04
   3.46478029e+02  -1.45049329e-04
   3.46478517e+02  -2.57701875e-04
   3.46479006e+02  -2.75586237e-04
   3.46479494e+02  -2.93963763e-04
   3.46479982e+02  -2.92473298e-04
   3.46480471e+02  -2.31164013e-04
   3.46480959e+02  -9.65892978e-05
   3.46481447e+02  -2.55812774e-04
   3.46481936e+02  -4.30003245e-04
   3.46482424e+02  -2.14144151e-04
   3.46482912e+02  -5.15888642e-05
   3.46483400e+02  -3.06931943e-05
   3.46483889e+02   9.97929237e-05
   3.46484377e+02   7.64274155e-05
   3.46484865e+02  -1.58152689e-04
   3.46485354e+02  -3.30737385e-04
   3.46485842e+02  -3.52289760e-04
   3.46486330e+02  -1.72177359e-04
   3.46486819e+02  -2.38967223e-05
   3.46487307e+02  -1.76588088e-04
   3.46487795e+02  -2.61231558e-04
   3.46488284e+02  -2.60430825e-04
   3.46488772e+02  -2.86642025e-04
   3.46489260e+02  -2.32349150e-04
   3.46489748e+02  -1.44280595e-04
   3.46490237e+02  -8.72343226e-05
   3.46490725e+02  -2.82578665e-04
   3.46491213e+02  -7.25219608e-04
   3.46491702e+02  -7.56177062e-04
   3.46492190e+02  -3.90209985e-04
   3.46492678e+02  -3.35877965e-04
   3.46493167e+02  -3.50154791e-04
   3.46493655e+02  -3.06756701e-04
   3.46494143e+02  -3.69344110e-04
   3.46494632e+02  -3.88753688e-04
   3.46495120e+02  -4.83451178e-04
   3.46495608e+02  -5.29651879e-04
   3.46496096e+02  -5.75257727e-05
   3.46496585e+02   5.17741602e-04
   3.46497073e+02   4.23619902e-04
   3.46497561e+02   1.21299154e-05
   3.46498050e+02  -6.30868526e-05
   3.46498538e+02   3.49666652e-06
   3.46499026e+02   5.44127852e-06
   3.46499515e+02   7.72620697e-05
   3.46500003e+02   9.14913617e-05
   3.46500491e+02   1.67368620e-04
   3.46500980e+02   4.98272013e-04
   3.46501468e+02   3.86146217e-04
   3.46501956e+02   7.11652756e-05
   3.46502444e+02   5.91256548e-06
   3.46502933e+02  -3.25409521e-04
   3.46503421e+02  -6.64324383e-04
   3.46503909e+02  -6.57920144e-04
   3.46504398e+02  -4.47892264e-04
   3.46504886e+02  -2.78997060e-04
   3.46505374e+02  -3.43018532e-04
   3.46505863e+02  -5.53767546e-04
   3.46506351e+02  -3.19996849e-04
   3.46506839e+02   4.08563996e-04
   3.46507328e+02   6.06110436e-04
   3.46507816e+02   4.06525302e-04
   3.46508304e+02   1.19417469e-04
   3.46508793e+02  -4.12149209e-04
   3.46509281e+02  -4.04167746e-04
   3.46509769e+02  -3.10768592e-05
   3.46510257e+02  -1.81554307e-04
   3.46510746e+02  -2.74230144e-04
   3.46511234e+02  -1.03785482e-04
   3.46511722e+02  -1.06184983e-04
   3.46512211e+02  -1.53138011e-04
   3.46512699e+02  -1.58795039e-04
   3.46513187e+02  -1.04636289e-04
   3.46513676e+02   1.55833375e-04
   3.46514164e+02   3.62772989e-04
   3.46514652e+02   3.99952522e-04
   3.46515141e+02   5.56702900e-04
   3.46515629e+02   6.90159097e-04
   3.46516117e+02   4.73560445e-04
   3.46516605e+02   1.74208617e-04
   3.46517094e+02  -3.77250653e-05
   3.46517582e+02   2.34049894e-05
   3.46518070e+02   2.89403630e-04
   3.46518559e+02   1.61988602e-04
   3.46519047e+02  -6.53570969e-05
   3.46519535e+02  -7.79510356e-06
   3.46520024e+02   1.52064444e-04
   3.46520512e+02   1.62225391e-04
   3.46521000e+02   1.85881188e-04
   3.46521489e+02   3.53601761e-04
   3.46521977e+02   1.61596719e-04
   3.46522465e+02  -7.42837219e-05
   3.46522953e+02  -1.73404078e-05
   3.46523442e+02   6.05333616e-06
   3.46523930e+02  -1.11191657e-05
   3.46524418e+02   1.86891011e-05
   3.46524907e+02   1.93070809e-04
   3.46525395e+02   3.97380558e-04
   3.46525883e+02   5.28817298e-04
   3.46526372e+02   3.43476189e-04
   3.46526860e+02   2.57398497e-04
   3.46527348e+02   3.00185784e-04
   3.46527837e+02  -1.22627913e-04
   3.46528325e+02  -5.96790866e-04
   3.46528813e+02  -3.44555185e-04
   3.46529301e+02   1.43840807e-04
   3.46529790e+02   1.20683282e-04
   3.46530278e+02  -1.73508251e-05
   3.46530766e+02  -4.68236152e-07
   3.46531255e+02  -6.55974072e-05
   3.46531743e+02   2.34132731e-05
   3.46532231e+02   2.58281041e-04
   3.46532720e+02   3.01389315e-04
   3.46533208e+02   1.10461617e-04
   3.46533696e+02  -4.70365558e-05
   3.46534185e+02  -4.99227208e-05
   3.46534673e+02  -3.57637269e-04
   3.46535161e+02  -6.53150957e-04
   3.46535649e+02  -5.16857603e-04
   3.46536138e+02  -1.67835780e-04
   3.46536626e+02   4.93720108e-05
   3.46537114e+02   8.21611538e-05
   3.46537603e+02  -1.73134424e-04
   3.46538091e+02  -2.36587293e-04
   3.46538579e+02   3.67977307e-04
   3.46539068e+02   8.79346393e-04
   3.46539556e+02   7.24848534e-04
   3.46540044e+02   4.49944375e-04
   3.46540533e+02   1.99766495e-04
   3.46541021e+02  -7.97835401e-06
   3.46541509e+02  -6.15033641e-05
   3.46541997e+02  -1.32520829e-04
   3.46542486e+02  -1.15007017e-04
   3.46542974e+02   7.68777099e-05
   3.46543462e+02   1.65826437e-04
   3.46543951e+02   1.50572960e-04
   3.46544439e+02   2.13392472e-04
   3.46544927e+02   3.22483625e-04
   3.46545416e+02   5.00760972e-04
   3.46545904e+02   4.94111038e-04
   3.46546392e+02   1.61135657e-04
   3.46546881e+02  -1.09888468e-04
   3.46547369e+02  -2.55588937e-04
   3.46547857e+02  -3.27629416e-04
   3.46548346e+02  -1.96589346e-04
   3.46548834e+02   2.20065180e-04
   3.46549322e+02   4.52257431e-04
   3.46549810e+02   2.18038665e-04
   3.46550299e+02   3.43593929e-05
   3.46550787e+02   2.08591358e-04
   3.46551275e+02   1.15072762e-04
   3.46551764e+02  -2.94597587e-04
   3.46552252e+02  -5.00135298e-04
   3.46552740e+02  -4.18566604e-04
   3.46553229e+02  -1.00434605e-04
   3.46553717e+02   2.48831784e-04
   3.46554205e+02   2.34257925e-04
   3.46554694e+02   2.06167926e-04
   3.46555182e+02   4.45289916e-04
   3.46555670e+02   5.43946924e-04
   3.46556158e+02   3.16034886e-04
   3.46556647e+02  -1.20195844e-04
   3.46557135e+02  -8.18953340e-05
   3.46557623e+02   2.37088316e-04
   3.46558112e+02   7.41373151e-05
   3.46558600e+02  -1.08245462e-04
   3.46559088e+02   8.55365433e-05
   3.46559577e+02   8.50425658e-06
   3.46560065e+02  -2.26986071e-04
   3.46560553e+02  -1.43190031e-04
   3.46561042e+02  -7.48883176e-05
   3.46561530e+02  -2.06434706e-04
   3.46562018e+02  -4.51821426e-04
   3.46562506e+02  -5.56276413e-04
   3.46562995e+02  -1.76333328e-04
   3.46563483e+02   3.33953038e-04
   3.46563971e+02   5.17589331e-04
   3.46564460e+02   5.17468026e-04
   3.46564948e+02   2.77331041e-04
   3.46565436e+02   3.59582045e-05
   3.46565925e+02   2.43273189e-05
   3.46566413e+02  -6.51135633e-06
   3.46566901e+02  -5.59613472e-05
   3.46567390e+02  -1.73912602e-04
   3.46567878e+02  -2.76991399e-04
   3.46568366e+02  -1.24201179e-04
   3.46568854e+02   2.08933518e-04
   3.46569343e+02   2.05864271e-04
   3.46569831e+02  -1.65008110e-04
   3.46570319e+02  -2.54241255e-04
   3.46570808e+02  -5.10177597e-05
   3.46571296e+02   1.95934219e-04
   3.46571784e+02   3.62602674e-04
   3.46572273e+02   8.32870137e-06
   3.46572761e+02  -3.93355294e-04
   3.46573249e+02  -4.32803819e-04
   3.46573738e+02  -5.78326173e-04
   3.46574226e+02  -6.49250345e-04
   3.46574714e+02  -6.37740421e-04
   3.46575202e+02  -5.48466051e-04
   3.46575691e+02  -1.49330706e-04
   3.46576179e+02  -4.94839551e-05
   3.46576667e+02  -3.92419577e-04
   3.46577156e+02  -5.94968325e-04
   3.46577644e+02  -4.06562845e-04
   3.46578132e+02  -1.27882449e-04
   3.46578621e+02  -1.58489216e-04
   3.46579109e+02  -2.47557502e-04
   3.46579597e+02  -3.23948450e-04
   3.46580086e+02  -2.94856029e-04
   3.46580574e+02  -1.44838496e-05
   3.46581062e+02   2.75095750e-04
   3.46581550e+02   3.97976517e-04
   3.46582039e+02   4.71619453e-04
   3.46582527e+02   5.93627919e-04
   3.46583015e+02   2.61678157e-04
   3.46583504e+02  -1.27141408e-04
   3.46583992e+02  -7.11405028e-06
   3.46584480e+02   3.93207825e-04
   3.46584969e+02   2.30041522e-04
   3.46585457e+02  -1.19225842e-04
   3.46585945e+02  -1.72497777e-04
   3.46586434e+02  -1.94465785e-04
   3.46586922e+02  -2.64725648e-04
   3.46587410e+02  -2.96644663e-04
   3.46587899e+02   1.87226615e-05
   3.46588387e+02   4.45185986e-04
   3.46588875e+02   1.11192494e-04
   3.46589363e+02  -2.35187239e-04
   3.46589852e+02  -1.16200259e-04
   3.46590340e+02  -1.24440368e-04
   3.46590828e+02  -3.13861936e-04
   3.46591317e+02  -4.25022969e-04
   3.46591805e+02  -3.56450706e-04
   3.46592293e+02  -2.12796804e-04
   3.46592782e+02   3.78941820e-07
   3.46593270e+02   1.53632049e-04
   3.46593758e+02   5.07689074e-05
   3.46594247e+02  -1.12219241e-04
   3.46594735e+02  -1.81905285e-04
   3.46595223e+02  -6.13848460e-05
   3.46595711e+02   1.62616707e-04
   3.46596200e+02   1.32151356e-04
   3.46596688e+02  -5.14374224e-05
   3.46597176e+02   4.54648907e-05
   3.46597665e+02   1.01995560e-04
   3.46598153e+02  -5.06352699e-05
   3.46598641e+02  -6.76511772e-05
   3.46599130e+02   1.58918920e-04
   3.46599618e+02   1.15708164e-04
   3.46600106e+02  -2.31501021e-04
   3.46600595e+02  -9.25904387e-05
   3.46601083e+02   7.90115446e-05
   3.46601571e+02  -1.28659842e-04
   3.46602059e+02  -2.14051237e-04
   3.46602548e+02  -3.18905950e-04
   3.46603036e+02  -3.85287916e-04
   3.46603524e+02  -2.36119915e-04
   3.46604013e+02  -1.26953266e-04
   3.46604501e+02  -1.31834444e-04
   3.46604989e+02  -1.63749995e-04
   3.46605478e+02   2.28019471e-05
   3.46605966e+02   1.07361491e-04
   3.46606454e+02  -7.93151776e-05
   3.46606943e+02  -2.97206479e-05
   3.46607431e+02   4.89120794e-05
   3.46607919e+02  -1.08842993e-04
   3.46608407e+02  -9.21282917e-05
   3.46608896e+02  -4.46241975e-05
   3.46609384e+02  -2.63960246e-04
   3.46609872e+02  -3.64288891e-04
   3.46610361e+02  -1.60184631e-04
   3.46610849e+02  -7.59683317e-05
   3.46611337e+02  -1.57625953e-04
   3.46611826e+02  -1.86092162e-04
   3.46612314e+02  -2.52338301e-04
   3.46612802e+02  -3.44418921e-04
   3.46613291e+02  -5.65231494e-05
   3.46613779e+02   2.35354571e-04
   3.46614267e+02   1.55213147e-05
   3.46614755e+02  -6.22196167e-05
   3.46615244e+02   3.32305062e-04
   3.46615732e+02   6.91426161e-04
   3.46616220e+02   5.45597519e-04
   3.46616709e+02   1.23193968e-04
   3.46617197e+02  -1.93792919e-04
   3.46617685e+02  -2.27072465e-04
   3.46618174e+02  -5.77149040e-05
   3.46618662e+02  -7.20184908e-05
   3.46619150e+02  -1.98517546e-06
   3.46619639e+02   1.39692784e-04
   3.46620127e+02  -2.05089636e-05
   3.46620615e+02  -4.64125769e-05
   3.46621103e+02   2.62306366e-06
   3.46621592e+02   2.09047605e-04
   3.46622080e+02   4.45450773e-04
   3.46622568e+02   4.53245884e-04
   3.46623057e+02   4.48535662e-04
   3.46623545e+02   2.77642190e-04
   3.46624033e+02   1.87589176e-05
   3.46624522e+02  -1.37301424e-04
   3.46625010e+02  -5.21355796e-05
   3.46625498e+02   1.92224339e-04
   3.46625987e+02   2.12047264e-04
   3.46626475e+02   1.59287942e-04
   3.46626963e+02   3.27049871e-04
   3.46627452e+02   3.62969557e-04
   3.46627940e+02   8.35670198e-06
   3.46628428e+02  -3.63609521e-04
   3.46628916e+02  -6.41979917e-04
   3.46629405e+02  -5.28062810e-04
   3.46629893e+02  -9.75188887e-05
   3.46630381e+02   9.99551266e-05
   3.46630870e+02   1.40285672e-04
   3.46631358e+02   8.97535137e-05
   3.46631846e+02   1.11477457e-04
   3.46632335e+02   5.50629687e-04
   3.46632823e+02   6.07193972e-04
   3.46633311e+02   1.16057010e-04
   3.46633800e+02  -1.38904361e-04
   3.46634288e+02   3.55745578e-06
   3.46634776e+02   1.76916292e-04
   3.46635264e+02   1.29159584e-04
   3.46635753e+02  -9.11110910e-05
   3.46636241e+02  -1.22816782e-04
   3.46636729e+02   1.21830722e-04
   3.46637218e+02   2.36321750e-04
   3.46637706e+02   2.87440398e-05
   3.46638194e+02   1.43058525e-04
   3.46638683e+02   6.02048938e-04
   3.46639171e+02   4.50704130e-04
   3.46639659e+02  -2.42463706e-04
   3.46640148e+02  -4.90049890e-04
   3.46640636e+02  -1.86011966e-04
   3.46641124e+02   1.53228044e-04
   3.46641612e+02   3.09049181e-04
   3.46642101e+02   5.54558472e-04
   3.46642589e+02   5.62868256e-04
   3.46643077e+02   2.52707308e-04
   3.46643566e+02   2.54376937e-04
   3.46644054e+02   3.72357841e-04
   3.46644542e+02   1.20977471e-04
   3.46645031e+02  -2.26298202e-04
   3.46645519e+02  -2.41211528e-04
   3.46646007e+02   3.47089117e-05
   3.46646496e+02   9.74284048e-05
   3.46646984e+02   3.42810163e-05
   3.46647472e+02  -8.11469727e-05
   3.46647960e+02  -3.64124455e-04
   3.46648449e+02  -3.07415728e-04
   3.46648937e+02  -2.91008064e-06
   3.46649425e+02   6.07750844e-05
   3.46649914e+02  -1.25345425e-04
   3.46650402e+02  -6.01062675e-05
   3.46650890e+02   1.02605600e-06
   3.46651379e+02  -2.24559713e-04
   3.46651867e+02  -1.09354107e-04
   3.46652355e+02   2.55864317e-04
   3.46652844e+02   2.25514785e-04
   3.46653332e+02  -8.10196361e-05
   3.46653820e+02  -3.31995805e-04
   3.46654308e+02  -2.60342407e-04
   3.46654797e+02   2.31631930e-04
   3.46655285e+02   5.69451542e-04
   3.46655773e+02   2.46233103e-04
   3.46656262e+02  -2.13127816e-04
   3.46656750e+02  -2.37042987e-04
   3.46657238e+02  -1.71558306e-04
   3.46657727e+02  -2.25894219e-05
   3.46658215e+02   1.15368181e-04
   3.46658703e+02   7.35297872e-05
   3.46659192e+02   4.83884889e-07
   3.46659680e+02  -1.06182357e-04
   3.46660168e+02   4.58041541e-05
   3.46660656e+02   1.31497538e-04
   3.46661145e+02  -3.68931564e-04
   3.46661633e+02  -4.62950149e-04
   3.46662121e+02  -1.24521524e-04
   3.46662610e+02  -1.67961916e-04
   3.46663098e+02  -1.73441455e-04
   3.46663586e+02   6.54277392e-05
   3.46664075e+02   2.63460010e-04
   3.46664563e+02   2.00321345e-04
   3.46665051e+02   7.32915287e-05
   3.46665540e+02   2.40472946e-04
   3.46666028e+02   1.84916455e-04
   3.46666516e+02  -2.01518153e-04
   3.46667005e+02  -3.85933119e-04
   3.46667493e+02  -2.04974611e-04
   3.46667981e+02   5.55304177e-05
   3.46668469e+02   1.04094637e-04
   3.46668958e+02   2.19622030e-04
   3.46669446e+02   4.46418650e-04
   3.46669934e+02   5.77909057e-04
   3.46670423e+02   3.17663682e-04
   3.46670911e+02   1.92986699e-04
   3.46671399e+02   2.72310746e-04
   3.46671888e+02  -2.11213890e-04
   3.46672376e+02  -7.22119818e-04
   3.46672864e+02  -5.75705490e-04
   3.46673353e+02  -3.62351508e-04
   3.46673841e+02  -4.26070939e-04
   3.46674329e+02  -4.02510515e-04
   3.46674817e+02  -1.96899520e-04
   3.46675306e+02   2.44415307e-04
   3.46675794e+02   4.07984102e-04
   3.46676282e+02   1.42263627e-04
   3.46676771e+02  -1.30474160e-04
   3.46677259e+02  -4.91647050e-04
   3.46677747e+02  -3.98515665e-04
   3.46678236e+02  -7.72288113e-05
   3.46678724e+02  -6.68210760e-06
   3.46679212e+02  -3.54198710e-05
   3.46679701e+02  -4.26579179e-04
   3.46680189e+02  -5.64804825e-04
   3.46680677e+02  -1.99304341e-04
   3.46681165e+02  -1.77963782e-04
   3.46681654e+02  -2.61020759e-04
   3.46682142e+02   1.53478148e-04
   3.46682630e+02   5.82591980e-04
   3.46683119e+02   5.63519658e-04
   3.46683607e+02   4.19523596e-04
   3.46684095e+02   2.70291959e-04
   3.46684584e+02  -3.48114445e-05
   3.46685072e+02  -8.84958208e-05
   3.46685560e+02  -8.06296594e-05
   3.46686049e+02  -7.31699329e-05
   3.46686537e+02   2.07708596e-04
   3.46687025e+02   7.78007015e-05
   3.46687513e+02  -4.47074475e-04
   3.46688002e+02  -2.92846438e-04
   3.46688490e+02   1.79982817e-04
   3.46688978e+02   1.41623814e-05
   3.46689467e+02  -2.58861197e-04
   3.46689955e+02  -1.64574099e-04
   3.46690443e+02  -1.09732253e-04
   3.46690932e+02   7.37460687e-06
   3.46691420e+02   1.65945778e-04
   3.46691908e+02   5.83289839e-05
   3.46692397e+02  -8.12463986e-05
   3.46692885e+02   1.40538468e-04
   3.46693373e+02   3.26492795e-04
   3.46693861e+02   4.53778011e-05
   3.46694350e+02  -7.15397618e-05
   3.46694838e+02  -1.14190392e-04
   3.46695326e+02  -1.67324251e-04
   3.46695815e+02  -1.76826608e-04
   3.46696303e+02  -3.49181588e-04
   3.46696791e+02  -2.97500228e-04
   3.46697280e+02  -1.71025968e-05
   3.46697768e+02   2.04860713e-04
   3.46698256e+02  -3.29307077e-05
   3.46698745e+02  -9.34701602e-05
   3.46699233e+02   2.05055825e-04
   3.46699721e+02   5.49302531e-05
   3.46700209e+02  -1.20917321e-04
   3.46700698e+02  -3.88976245e-04
   3.46701186e+02  -2.42622016e-04
   3.46701674e+02   2.91003933e-04
   3.46702163e+02   4.73321677e-04
   3.46702651e+02   1.83434255e-04
   3.46703139e+02   1.48788356e-04
   3.46703628e+02   4.63566132e-04
   3.46704116e+02   5.90116309e-04
   3.46704604e+02   5.97666483e-04
   3.46705093e+02   4.85311204e-04
   3.46705581e+02   2.77138839e-04
   3.46706069e+02   2.24965537e-04
   3.46706558e+02   5.23493400e-05
   3.46707046e+02  -2.38281689e-04
   3.46707534e+02  -2.31733531e-04
   3.46708022e+02  -6.76640557e-05
   3.46708511e+02  -1.39789292e-04
   3.46708999e+02  -3.53365846e-04
   3.46709487e+02  -3.60930571e-04
   3.46709976e+02   1.81812029e-05
   3.46710464e+02   3.03720793e-04
   3.46710952e+02   1.65750535e-04
   3.46711441e+02   1.41311293e-05
   3.46711929e+02  -9.27327346e-05
   3.46712417e+02  -2.54696904e-04
   3.46712906e+02  -2.67794676e-04
   3.46713394e+02   5.83192304e-05
   3.46713882e+02   3.88743647e-04
   3.46714370e+02   2.54838000e-04
   3.46714859e+02  -1.48613603e-04
   3.46715347e+02  -2.32540551e-05
   3.46715835e+02   2.68459815e-04
   3.46716324e+02   9.28816080e-05
   3.46716812e+02  -7.34737332e-05
   3.46717300e+02  -1.83590237e-04
   3.46717789e+02  -3.66538065e-04
   3.46718277e+02   1.77379825e-05
   3.46718765e+02   4.74886387e-04
   3.46719254e+02   3.91248119e-04
   3.46719742e+02   1.43111411e-05
   3.46720230e+02  -1.15371731e-04
   3.46720718e+02   3.09694078e-05
   3.46721207e+02   1.43966870e-04
   3.46721695e+02   3.58992547e-04
   3.46722183e+02   7.76601722e-04
   3.46722672e+02   9.26117704e-04
   3.46723160e+02   7.67722900e-04
   3.46723648e+02   5.94486832e-04
   3.46724137e+02   2.55070103e-04
   3.46724625e+02  -1.28468382e-04
   3.46725113e+02  -2.08687634e-04
   3.46725602e+02   2.49589881e-04
   3.46726090e+02   9.77438758e-04
   3.46726578e+02   1.29101670e-03
   3.46727066e+02   9.97063355e-04
   3.46727555e+02   7.58950540e-04
   3.46728043e+02   6.61991129e-04
   3.46728531e+02   3.78797471e-04
   3.46729020e+02   2.80117878e-04
   3.46729508e+02   3.16850812e-04
   3.46729996e+02   3.84036946e-04
   3.46730485e+02   1.97889996e-04
   3.46730973e+02   5.27125085e-05
   3.46731461e+02   2.43522722e-04
   3.46731950e+02   2.45901349e-04
   3.46732438e+02   3.90639849e-04
   3.46732926e+02   5.13881736e-04
   3.46733414e+02   2.81456887e-04
   3.46733903e+02   2.11249120e-04
   3.46734391e+02   2.45923031e-04
   3.46734879e+02   2.38586275e-04
   3.46735368e+02   2.59974913e-04
   3.46735856e+02   4.30938206e-04
   3.46736344e+02   4.08413936e-04
   3.46736833e+02   2.26097662e-04
   3.46737321e+02   5.20638481e-04
   3.46737809e+02   6.64358959e-04
   3.46738298e+02   2.74486432e-04
   3.46738786e+02   1.19846394e-04
   3.46739274e+02   7.15502247e-05
   3.46739762e+02  -1.44134974e-04
   3.46740251e+02  -1.47467450e-04
   3.46740739e+02   8.05742548e-06
   3.46741227e+02   1.42351884e-04
   3.46741716e+02   2.24687392e-04
   3.46742204e+02   6.88888540e-05
   3.46742692e+02  -3.29999020e-04
   3.46743181e+02  -2.57666601e-04
   3.46743669e+02   8.95589474e-05
   3.46744157e+02   7.31691325e-05
   3.46744646e+02   1.10872417e-04
   3.46745134e+02   7.32685730e-05
   3.46745622e+02   4.01304787e-05
   3.46746111e+02   1.47870247e-04
   3.46746599e+02   7.50304243e-05
   3.46747087e+02  -5.19007372e-05
   3.46747575e+02   4.99003363e-06
   3.46748064e+02   2.25831845e-05
   3.46748552e+02  -1.34057300e-05
   3.46749040e+02   1.79111041e-04
   3.46749529e+02   2.78456602e-04
   3.46750017e+02   4.49757848e-04
   3.46750505e+02   7.30223837e-04
   3.46750994e+02   5.71262150e-04
   3.46751482e+02   2.20401998e-04
   3.46751970e+02   5.46391639e-05
   3.46752459e+02   1.16649317e-04
   3.46752947e+02   1.74629080e-04
   3.46753435e+02  -2.72315647e-05
   3.46753923e+02  -2.89178104e-04
   3.46754412e+02  -2.96559767e-04
   3.46754900e+02  -1.09743969e-05
   3.46755388e+02   1.34001164e-06
   3.46755877e+02  -3.49002163e-04
   3.46756365e+02  -3.30418145e-04
   3.46756853e+02   2.36109772e-05
   3.46757342e+02   3.13436103e-05
   3.46757830e+02  -1.96372246e-04
   3.46758318e+02  -1.47162238e-04
   3.46758807e+02   3.15316807e-04
   3.46759295e+02   4.53391287e-04
   3.46759783e+02   1.59193063e-04
   3.46760271e+02   1.53472371e-04
   3.46760760e+02   6.18833990e-04
   3.46761248e+02   7.68132391e-04
   3.46761736e+02   5.41650690e-04
   3.46762225e+02   1.78416813e-04
   3.46762713e+02  -9.85414736e-05
   3.46763201e+02   4.68721482e-05
   3.46763690e+02   2.26800446e-04
   3.46764178e+02   2.83132569e-04
   3.46764666e+02   1.82478412e-04
   3.46765155e+02  -3.68415494e-05
   3.46765643e+02  -1.97780551e-04
   3.46766131e+02  -1.25091712e-04
   3.46766619e+02   6.14968230e-05
   3.46767108e+02   1.72338434e-04
   3.46767596e+02   2.27675351e-04
   3.46768084e+02  -1.15231604e-04
   3.46768573e+02  -3.47243797e-04
   3.46769061e+02   1.75314679e-04
   3.46769549e+02   6.63361046e-04
   3.46770038e+02   5.76393504e-04
   3.46770526e+02   1.14326293e-04
   3.46771014e+02  -2.76607869e-04
   3.46771503e+02  -2.08732847e-04
   3.46771991e+02  -1.19390606e-04
   3.46772479e+02  -4.07262298e-04
   3.46772967e+02  -6.93310343e-04
   3.46773456e+02  -5.16218075e-04
   3.46773944e+02  -1.13296694e-04
   3.46774432e+02   1.18095137e-04
   3.46774921e+02   2.64753021e-06
   3.46775409e+02  -1.57885486e-04
   3.46775897e+02   1.49255166e-05
   3.46776386e+02   3.84658517e-04
   3.46776874e+02   2.99281819e-04
   3.46777362e+02  -2.06579309e-04
   3.46777851e+02  -5.08516561e-04
   3.46778339e+02  -4.56898328e-04
   3.46778827e+02  -1.75242501e-04
   3.46779315e+02   2.74462538e-04
   3.46779804e+02   3.94116563e-04
   3.46780292e+02  -9.47824956e-05
   3.46780780e+02  -3.63212894e-04
   3.46781269e+02  -1.47437982e-04
   3.46781757e+02   1.67858496e-04
   3.46782245e+02   1.72553846e-04
   3.46782734e+02  -1.51408327e-04
   3.46783222e+02  -1.72829983e-04
   3.46783710e+02   6.25148459e-05
   3.46784199e+02   1.41672441e-04
   3.46784687e+02  -1.33930822e-04
   3.46785175e+02  -3.94249189e-04
   3.46785664e+02  -3.40445404e-04
   3.46786152e+02  -3.89446941e-04
   3.46786640e+02  -3.99658253e-04
   3.46787128e+02  -2.13587191e-04
   3.46787617e+02  -1.39272146e-04
   3.46788105e+02  -1.45542188e-04
   3.46788593e+02  -2.81153974e-04
   3.46789082e+02  -4.10906679e-04
   3.46789570e+02  -2.16019922e-04
   3.46790058e+02   2.34997395e-04
   3.46790547e+02   5.89218806e-04
   3.46791035e+02   5.31488680e-04
   3.46791523e+02   2.87236588e-04
   3.46792012e+02   1.45499958e-04
   3.46792500e+02  -1.01659971e-05
   3.46792988e+02   1.80603020e-05
   3.46793476e+02  -7.54998109e-05
   3.46793965e+02  -3.25467321e-04
   3.46794453e+02  -3.21391446e-04
   3.46794941e+02  -2.17388675e-04
   3.46795430e+02  -1.46339109e-04
   3.46795918e+02  -9.86101659e-05
   3.46796406e+02  -2.37135901e-04
   3.46796895e+02  -2.78478517e-04
   3.46797383e+02  -8.72185774e-05
   3.46797871e+02   1.83702170e-04
   3.46798360e+02   5.10817859e-04
   3.46798848e+02   5.34014660e-04
   3.46799336e+02   3.39360995e-04
   3.46799824e+02   3.89798195e-04
   3.46800313e+02   2.77477724e-04
   3.46800801e+02  -9.79119141e-05
   3.46801289e+02  -6.16939331e-04
   3.46801778e+02  -8.22434900e-04
   3.46802266e+02  -4.00566350e-04
   3.46802754e+02  -9.94574584e-05
   3.46803243e+02  -1.33430876e-04
   3.46803731e+02  -3.06153786e-04
   3.46804219e+02  -2.55968422e-04
   3.46804708e+02   3.72235590e-05
   3.46805196e+02   1.58182622e-04
   3.46805684e+02   2.13410181e-04
   3.46806172e+02   3.47029825e-04
   3.46806661e+02   3.65376065e-04
   3.46807149e+02   1.74357832e-04
   3.46807637e+02   2.19237991e-05
   3.46808126e+02   3.76411663e-05
   3.46808614e+02   2.07833909e-05
   3.46809102e+02  -2.90347438e-04
   3.46809591e+02  -5.63832116e-04
   3.46810079e+02  -4.09029948e-04
   3.46810567e+02  -3.00993241e-04
   3.46811056e+02  -2.96166807e-04
   3.46811544e+02  -2.04458163e-04
   3.46812032e+02   2.12485102e-05
   3.46812520e+02   7.09746455e-05
   3.46813009e+02  -1.55699876e-04
   3.46813497e+02  -1.00268153e-04
   3.46813985e+02   3.00625747e-04
   3.46814474e+02   7.22324650e-04
   3.46814962e+02   8.55439459e-04
   3.46815450e+02   1.00605830e-03
   3.46815939e+02   1.02391979e-03
   3.46816427e+02   5.88920200e-04
   3.46816915e+02   3.23137414e-04
   3.46817404e+02   2.89551856e-04
   3.46817892e+02  -1.30325250e-04
   3.46818380e+02  -2.71317927e-04
   3.46818868e+02  -2.11689257e-04
   3.46819357e+02  -3.00889842e-05
   3.46819845e+02   7.16292343e-05
   3.46820333e+02   1.54277921e-04
   3.46820822e+02   1.28604894e-04
   3.46821310e+02   3.84501436e-05
   3.46821798e+02   4.30071348e-04
   3.46822287e+02   7.60864292e-04
   3.46822775e+02   1.57223185e-04
   3.46823263e+02  -4.45839716e-04
   3.46823752e+02  -2.88464274e-04
   3.46824240e+02  -1.54327048e-04
   3.46824728e+02  -3.05657304e-04
   3.46825217e+02  -4.46955353e-04
   3.46825705e+02  -2.71358120e-04
   3.46826193e+02   1.03459453e-04
   3.46826681e+02   9.83781283e-05
   3.46827170e+02  -2.26973614e-04
   3.46827658e+02  -3.37015110e-04
   3.46828146e+02   9.43676423e-06
   3.46828635e+02   2.00093884e-04
   3.46829123e+02  -1.48971492e-04
   3.46829611e+02  -3.02562315e-04
   3.46830100e+02   2.00578797e-04
   3.46830588e+02   3.83550185e-04
   3.46831076e+02   1.90131133e-04
   3.46831565e+02   2.34704610e-04
   3.46832053e+02   3.38720682e-04
   3.46832541e+02   3.44494270e-04
   3.46833029e+02   3.80978250e-04
   3.46833518e+02   4.15655028e-04
   3.46834006e+02   1.14425391e-04
   3.46834494e+02  -2.23648647e-04
   3.46834983e+02  -1.50881111e-04
   3.46835471e+02   1.35159265e-04
   3.46835959e+02   1.80190953e-04
   3.46836448e+02   3.24028188e-05
   3.46836936e+02   2.25495402e-04
   3.46837424e+02   2.85922491e-04
   3.46837913e+02  -1.16796487e-04
   3.46838401e+02  -2.53162725e-04
   3.46838889e+02  -9.87379899e-05
   3.46839377e+02  -2.27284891e-05
   3.46839866e+02  -2.64743721e-04
   3.46840354e+02  -4.51557513e-04
   3.46840842e+02   7.28480154e-05
   3.46841331e+02   5.56813087e-04
   3.46841819e+02   3.44792701e-04
   3.46842307e+02   8.20059540e-06
   3.46842796e+02  -1.66087397e-04
   3.46843284e+02  -9.10898307e-05
   3.46843772e+02   5.99406558e-05
   3.46844261e+02   6.24142631e-05
   3.46844749e+02  -4.16378534e-05
   3.46845237e+02  -2.88428244e-04
   3.46845725e+02  -5.27011405e-04
   3.46846214e+02  -3.10243340e-04
   3.46846702e+02   3.76513963e-05
   3.46847190e+02   1.77655922e-04
   3.46847679e+02   1.27738487e-04
   3.46848167e+02  -5.52126767e-06
   3.46848655e+02  -2.26327120e-05
   3.46849144e+02  -1.63393750e-04
   3.46849632e+02  -2.59488792e-04
   3.46850120e+02  -2.82817258e-04
   3.46850609e+02  -2.98781088e-04
   3.46851097e+02  -9.37337245e-05
   3.46851585e+02   1.65161386e-04
   3.46852073e+02   3.45383509e-04
   3.46852562e+02   3.96381889e-04
   3.46853050e+02   1.91488041e-04
   3.46853538e+02  -6.86934873e-05
   3.46854027e+02  -3.68445850e-04
   3.46854515e+02  -3.81619233e-04
   3.46855003e+02  -1.67580933e-04
   3.46855492e+02  -2.29058642e-04
   3.46855980e+02  -2.49282020e-04
   3.46856468e+02  -1.42810168e-04
   3.46856957e+02  -6.62505481e-05
   3.46857445e+02  -1.95429951e-04
   3.46857933e+02  -3.27584246e-04
   3.46858421e+02  -1.67037928e-04
   3.46858910e+02   3.38991449e-05
   3.46859398e+02   3.71222341e-05
   3.46859886e+02   5.80485030e-05
   3.46860375e+02   4.06720152e-04
   3.46860863e+02   5.77228842e-04
   3.46861351e+02   3.15673271e-04
   3.46861840e+02  -8.27465192e-05
   3.46862328e+02  -2.41248272e-04
   3.46862816e+02   6.32219962e-05
   3.46863305e+02   1.48896084e-04
   3.46863793e+02  -9.66311854e-05
   3.46864281e+02  -1.23181031e-04
   3.46864770e+02   3.19798783e-05
   3.46865258e+02   3.00364081e-05
   3.46865746e+02   1.26867890e-04
   3.46866234e+02   3.37343750e-04
   3.46866723e+02   1.92186955e-04
   3.46867211e+02  -1.28384228e-04
   3.46867699e+02  -9.87562235e-05
   3.46868188e+02   7.19387535e-05
   3.46868676e+02   1.94509048e-04
   3.46869164e+02   2.37833927e-04
   3.46869653e+02   2.03028176e-04
   3.46870141e+02   2.89662887e-04
   3.46870629e+02   4.15879826e-04
   3.46871118e+02   2.26906704e-04
   3.46871606e+02   1.22938422e-04
   3.46872094e+02   1.60440119e-04
   3.46872582e+02  -8.75791520e-05
   3.46873071e+02  -3.82401195e-04
   3.46873559e+02  -2.99145264e-04
   3.46874047e+02  -1.40051096e-04
   3.46874536e+02   3.28383248e-05
   3.46875024e+02   8.74738689e-05
   3.46875512e+02  -1.44860023e-05
   3.46876001e+02   4.59415678e-05
   3.46876489e+02  -7.64411234e-05
   3.46876977e+02  -6.32295269e-05
   3.46877466e+02  -6.22363150e-05
   3.46877954e+02  -7.02535181e-05
   3.46878442e+02   1.13107613e-04
   3.46878930e+02   5.73445177e-05
   3.46879419e+02  -2.00216702e-04
   3.46879907e+02  -1.20559700e-04
   3.46880395e+02   2.95215956e-04
   3.46880884e+02   5.72066929e-04
   3.46881372e+02   3.06661706e-04
   3.46881860e+02  -3.39395192e-04
   3.46882349e+02  -6.40666694e-04
   3.46882837e+02  -3.41993378e-04
   3.46883325e+02   2.54495069e-04
   3.46883814e+02   5.75679587e-04
   3.46884302e+02   7.59334798e-05
   3.46884790e+02  -3.32130934e-04
   3.46885278e+02   6.39454083e-05
   3.46885767e+02   5.38647473e-05
   3.46886255e+02  -2.32638908e-04
   3.46886743e+02  -4.03909507e-05
   3.46887232e+02   1.65507838e-04
   3.46887720e+02  -7.79876791e-05
   3.46888208e+02  -3.04515765e-04
   3.46888697e+02  -1.52657347e-04
   3.46889185e+02   1.17028110e-04
   3.46889673e+02   1.80782794e-04
   3.46890162e+02   1.73061795e-04
   3.46890650e+02   1.51813059e-04
   3.46891138e+02   3.74854826e-05
   3.46891626e+02  -9.83880454e-05
   3.46892115e+02  -1.30648614e-05
   3.46892603e+02   2.64482165e-04
   3.46893091e+02   4.47736529e-04
   3.46893580e+02   3.01609543e-04
   3.46894068e+02   9.11429597e-05
   3.46894556e+02   1.00658246e-04
   3.46895045e+02   5.77297615e-05
   3.46895533e+02  -4.07214429e-05
   3.46896021e+02  -1.23451624e-04
   3.46896510e+02  -3.55849916e-04
   3.46896998e+02  -3.90177709e-04
   3.46897486e+02  -2.43018687e-04
   3.46897974e+02  -2.46448879e-04
   3.46898463e+02  -2.66442366e-04
   3.46898951e+02  -2.42321854e-04
   3.46899439e+02  -1.07612672e-04
   3.46899928e+02   1.36547184e-04
   3.46900416e+02   4.42704972e-04
   3.46900904e+02   5.12071885e-04
   3.46901393e+02  -1.36485169e-05
   3.46901881e+02  -3.26676003e-04
   3.46902369e+02   1.38592834e-04
   3.46902858e+02   3.93010443e-04
   3.46903346e+02   2.35729443e-04
   3.46903834e+02   6.86810527e-05
   3.46904323e+02   2.09576810e-05
   3.46904811e+02  -1.58288065e-04
   3.46905299e+02  -2.91591306e-04
   3.46905787e+02  -2.04749318e-04
   3.46906276e+02  -1.65622143e-04
   3.46906764e+02  -8.98351500e-05
   3.46907252e+02  -2.48828874e-05
   3.46907741e+02   8.86949056e-05
   3.46908229e+02   2.96388549e-04
   3.46908717e+02   6.17381476e-04
   3.46909206e+02   5.21511305e-04
   3.46909694e+02   9.36901633e-05
   3.46910182e+02   6.30490831e-05
   3.46910671e+02   1.00134348e-04
   3.46911159e+02  -4.37522744e-04
   3.46911647e+02  -9.39047895e-04
   3.46912135e+02  -7.38942064e-04
   3.46912624e+02  -1.71595413e-04
   3.46913112e+02   2.04691692e-04
   3.46913600e+02   3.30679643e-04
   3.46914089e+02   3.03340988e-04
   3.46914577e+02   3.56373930e-04
   3.46915065e+02   6.52029354e-04
   3.46915554e+02   6.38121972e-04
   3.46916042e+02   9.32200419e-05
   3.46916530e+02  -4.32170549e-04
   3.46917019e+02  -2.75924103e-04
   3.46917507e+02   2.80439795e-04
   3.46917995e+02   3.40319966e-04
   3.46918483e+02  -3.46362249e-05
   3.46918972e+02  -2.51481775e-04
   3.46919460e+02  -2.98778788e-04
   3.46919948e+02  -3.79346602e-04
   3.46920437e+02  -2.75187136e-04
   3.46920925e+02  -9.07012691e-06
   3.46921413e+02   7.66181693e-05
   3.46921902e+02   2.23478186e-04
   3.46922390e+02   1.99915943e-04
   3.46922878e+02  -2.68815929e-04
   3.46923367e+02  -6.89283945e-04
   3.46923855e+02  -6.21148094e-04
   3.46924343e+02  -2.57207779e-04
   3.46924831e+02  -1.29688036e-04
   3.46925320e+02  -2.23667550e-04
   3.46925808e+02  -3.25228699e-04
   3.46926296e+02  -1.93753731e-04
   3.46926785e+02  -9.57480224e-05
   3.46927273e+02  -4.16460971e-04
   3.46927761e+02  -7.51267304e-04
   3.46928250e+02  -6.72113441e-04
   3.46928738e+02  -3.31150455e-04
   3.46929226e+02   2.55032410e-06
   3.46929715e+02   2.39577275e-04
   3.46930203e+02   2.92249490e-04
   3.46930691e+02  -1.47800703e-04
   3.46931179e+02  -5.14102809e-04
   3.46931668e+02   1.34779111e-04
   3.46932156e+02   6.29087095e-04
   3.46932644e+02   4.58821392e-04
   3.46933133e+02   5.43478352e-04
   3.46933621e+02   3.85755760e-04
   3.46934109e+02  -5.35854342e-05
   3.46934598e+02  -6.71392248e-04
   3.46935086e+02  -4.86861274e-04
   3.46935574e+02  -3.85872081e-05
   3.46936063e+02   1.20022531e-04
   3.46936551e+02   2.07573161e-04
   3.46937039e+02   6.07163645e-04
   3.46937527e+02   6.22805615e-04
   3.46938016e+02   3.95708630e-04
   3.46938504e+02   3.41998966e-04
   3.46938992e+02   6.12267249e-05
   3.46939481e+02  -1.45687271e-04
   3.46939969e+02   1.56354090e-05
   3.46940457e+02  -1.25351551e-04
   3.46940946e+02  -2.86230992e-04
   3.46941434e+02  -2.00417344e-04
   3.46941922e+02  -2.20254384e-04
   3.46942411e+02  -2.66663963e-04
   3.46942899e+02  -1.94224936e-04
   3.46943387e+02  -2.46991724e-04
   3.46943876e+02  -2.93336110e-04
   3.46944364e+02  -1.01039332e-05
   3.46944852e+02   3.23072425e-04
   3.46945340e+02   1.31532084e-04
   3.46945829e+02  -2.24596050e-04
   3.46946317e+02  -3.16640595e-04
   3.46946805e+02  -1.19054821e-04
   3.46947294e+02   1.06763720e-04
   3.46947782e+02   1.49117739e-04
   3.46948270e+02   3.94065544e-04
   3.46948759e+02   3.03382403e-04
   3.46949247e+02   3.90971400e-05
   3.46949735e+02   1.20494515e-04
   3.46950224e+02   2.03829957e-04
   3.46950712e+02   1.00282385e-04
   3.46951200e+02  -3.45424662e-04
   3.46951688e+02  -6.61125523e-04
   3.46952177e+02  -2.33372310e-04
   3.46952665e+02   4.47014987e-04
   3.46953153e+02   5.68407995e-04
   3.46953642e+02   4.50596359e-04
   3.46954130e+02   4.81604307e-04
   3.46954618e+02   3.57256620e-04
   3.46955107e+02  -9.31144605e-05
   3.46955595e+02  -2.40366033e-04
   3.46956083e+02   6.42380619e-05
   3.46956572e+02   2.95116537e-04
   3.46957060e+02   2.28516030e-04
   3.46957548e+02   1.22391531e-04
   3.46958036e+02  -1.52535713e-05
   3.46958525e+02  -3.23268905e-04
   3.46959013e+02  -5.76260267e-04
   3.46959501e+02  -4.75290028e-04
   3.46959990e+02  -4.34938323e-04
   3.46960478e+02  -6.82340760e-04
   3.46960966e+02  -8.01321468e-04
   3.46961455e+02  -5.35441912e-04
   3.46961943e+02  -9.97335737e-05
   3.46962431e+02  -4.89385748e-05
   3.46962920e+02  -8.75842306e-05
   3.46963408e+02   4.94416745e-05
   3.46963896e+02  -4.64442128e-05
   3.46964384e+02  -2.17572597e-04
   3.46964873e+02  -1.88356527e-04
   3.46965361e+02  -1.45016980e-04
   3.46965849e+02  -1.87773243e-04
   3.46966338e+02  -2.46076175e-04
   3.46966826e+02  -2.54294020e-04
   3.46967314e+02  -2.64788723e-05
   3.46967803e+02   1.45419865e-04
   3.46968291e+02  -2.71969213e-04
   3.46968779e+02  -7.24002020e-04
   3.46969268e+02  -5.46834432e-04
   3.46969756e+02  -2.19538895e-04
   3.46970244e+02  -2.41825503e-04
   3.46970732e+02  -2.03455624e-04
   3.46971221e+02   4.26017032e-05
   3.46971709e+02   7.89481273e-05
   3.46972197e+02   1.27416924e-05
   3.46972686e+02   3.64018997e-05
   3.46973174e+02   2.85667338e-04
   3.46973662e+02   4.28000814e-04
   3.46974151e+02   2.54966930e-04
   3.46974639e+02  -3.66754939e-05
   3.46975127e+02  -4.13865986e-04
   3.46975616e+02  -2.25374955e-04
   3.46976104e+02   1.67905091e-04
   3.46976592e+02  -1.07419248e-04
   3.46977080e+02  -4.85719735e-04
   3.46977569e+02  -3.97441152e-04
   3.46978057e+02  -7.75759545e-05
   3.46978545e+02  -8.76586200e-05
   3.46979034e+02  -3.87305801e-04
   3.46979522e+02  -1.39510783e-04
   3.46980010e+02   2.45254778e-04
   3.46980499e+02   1.26640982e-04
   3.46980987e+02  -3.03761317e-05
   3.46981475e+02   8.72077362e-05
   3.46981964e+02   1.34026137e-04
   3.46982452e+02  -7.71141131e-05
   3.46982940e+02  -2.72647390e-04
   3.46983428e+02  -1.67662583e-04
   3.46983917e+02   3.91183057e-05
   3.46984405e+02   6.99827651e-05
   3.46984893e+02   2.45861040e-04
   3.46985382e+02   4.33864188e-04
   3.46985870e+02   1.21227284e-04
   3.46986358e+02  -3.91776324e-04
   3.46986847e+02  -2.85443559e-04
   3.46987335e+02  -1.21815232e-04
   3.46987823e+02  -5.38908120e-04
   3.46988312e+02  -4.26505954e-04
   3.46988800e+02  -2.39070097e-04
   3.46989288e+02  -2.97371211e-04
   3.46989777e+02  -1.87660553e-04
   3.46990265e+02  -2.51847203e-04
   3.46990753e+02  -2.01158866e-04
   3.46991241e+02  -5.56979758e-05
   3.46991730e+02   6.58177523e-05
   3.46992218e+02   1.82116200e-04
   3.46992706e+02   1.53171335e-04
   3.46993195e+02   1.60446376e-04
   3.46993683e+02  -4.30731816e-05
   3.46994171e+02  -1.24998740e-04
   3.46994660e+02   3.32125986e-04
   3.46995148e+02   7.04345410e-04
   3.46995636e+02   4.76260815e-04
   3.46996125e+02   1.15723429e-04
   3.46996613e+02  -2.17177330e-05
   3.46997101e+02  -8.11912250e-05
   3.46997589e+02   1.91612649e-04
   3.46998078e+02   5.33402432e-04
   3.46998566e+02   4.94195323e-04
   3.46999054e+02   2.53817620e-04
   3.46999543e+02   1.22960060e-04
   3.47000031e+02   2.54459417e-04
   3.47000519e+02   2.50097655e-05
   3.47001008e+02  -3.29945702e-04
   3.47001496e+02  -1.72231972e-04
   3.47001984e+02  -1.60535928e-04
   3.47002473e+02  -4.92287872e-05
   3.47002961e+02   1.19296921e-04
   3.47003449e+02  -8.09962876e-05
   3.47003937e+02  -1.72758708e-04
   3.47004426e+02  -3.46326997e-04
   3.47004914e+02  -4.63041302e-04
   3.47005402e+02  -3.04093031e-04
   3.47005891e+02  -1.76078058e-04
   3.47006379e+02  -1.11477937e-04
   3.47006867e+02   2.39470501e-05
   3.47007356e+02   1.80948293e-04
   3.47007844e+02   1.67256308e-04
   3.47008332e+02  -1.02406419e-04
   3.47008821e+02  -2.58610089e-04
   3.47009309e+02  -4.24864265e-05
   3.47009797e+02   1.96917608e-04
   3.47010285e+02   3.95588053e-04
   3.47010774e+02   2.33066254e-04
   3.47011262e+02  -1.46869424e-04
   3.47011750e+02  -2.93330842e-04
   3.47012239e+02  -1.94190667e-04
   3.47012727e+02  -6.36446111e-06
   3.47013215e+02   1.93787400e-05
   3.47013704e+02  -6.96883144e-05
   3.47014192e+02  -2.82821820e-05
   3.47014680e+02   2.93574005e-04
   3.47015169e+02   2.97403953e-04
   3.47015657e+02   3.43850552e-05
   3.47016145e+02  -1.80661926e-04
   3.47016633e+02  -3.89775960e-04
   3.47017122e+02  -1.97435831e-04
   3.47017610e+02   6.50728689e-05
   3.47018098e+02  -5.25502219e-05
   3.47018587e+02  -6.76641794e-05
   3.47019075e+02   2.34265171e-04
   3.47019563e+02   4.53004206e-04
   3.47020052e+02   1.96175533e-04
   3.47020540e+02   9.34588388e-05
   3.47021028e+02   3.10031406e-04
   3.47021517e+02   7.80222399e-05
   3.47022005e+02  -1.25156861e-04
   3.47022493e+02   1.91646803e-04
   3.47022981e+02   4.68856713e-04
   3.47023470e+02   2.88631243e-04
   3.47023958e+02  -1.28516447e-04
   3.47024446e+02  -8.06207827e-05
   3.47024935e+02  -1.23617108e-04
   3.47025423e+02  -3.65413056e-04
   3.47025911e+02  -1.59555551e-04
   3.47026400e+02   1.27521007e-05
   3.47026888e+02   3.40480110e-05
   3.47027376e+02   3.73738789e-04
   3.47027865e+02   4.54749650e-04
   3.47028353e+02  -2.35264743e-05
   3.47028841e+02  -3.19095619e-04
   3.47029330e+02  -5.02841431e-04
   3.47029818e+02  -6.95709256e-04
   3.47030306e+02  -6.10385789e-04
   3.47030794e+02  -4.26184182e-04
   3.47031283e+02  -2.48670374e-04
   3.47031771e+02  -2.30666454e-04
   3.47032259e+02  -2.61422159e-04
   3.47032748e+02  -2.55508785e-04
   3.47033236e+02  -3.58648715e-04
   3.47033724e+02  -2.49181350e-04
   3.47034213e+02  -2.37467524e-04
   3.47034701e+02  -3.79899837e-04
   3.47035189e+02  -2.20352827e-04
   3.47035678e+02  -9.97519528e-05
   3.47036166e+02  -2.93125777e-04
   3.47036654e+02  -3.83340201e-04
   3.47037142e+02  -4.92789077e-05
   3.47037631e+02   1.68324143e-04
   3.47038119e+02   7.91405182e-05
   3.47038607e+02   1.38480624e-04
   3.47039096e+02   1.53980058e-04
   3.47039584e+02   2.86824470e-05
   3.47040072e+02  -1.06621672e-04
   3.47040561e+02   4.82553733e-05
   3.47041049e+02   3.25957808e-04
   3.47041537e+02   2.53801205e-04
   3.47042026e+02   1.12773741e-04
   3.47042514e+02  -1.15784599e-06
   3.47043002e+02   1.52774519e-04
   3.47043490e+02   4.82456671e-04
   3.47043979e+02   6.40775368e-04
   3.47044467e+02   5.01955568e-04
   3.47044955e+02   2.97771767e-04
   3.47045444e+02   1.71474530e-04
   3.47045932e+02   4.48787832e-05
   3.47046420e+02  -1.24365295e-04
   3.47046909e+02  -1.60968368e-04
   3.47047397e+02   6.76639538e-05
   3.47047885e+02   1.90636929e-04
   3.47048374e+02   4.24225655e-05
   3.47048862e+02   2.86266732e-05
   3.47049350e+02   1.92728054e-04
   3.47049838e+02   9.60898906e-05
   3.47050327e+02  -1.17893265e-04
   3.47050815e+02  -1.73613284e-04
   3.47051303e+02   4.28109561e-05
   3.47051792e+02   2.05266086e-04
   3.47052280e+02   2.74994003e-04
   3.47052768e+02   2.55751947e-04
   3.47053257e+02   5.55235165e-05
   3.47053745e+02   5.78735444e-06
   3.47054233e+02   1.45943137e-04
   3.47054722e+02  -3.51866365e-05
   3.47055210e+02  -2.27213386e-04
   3.47055698e+02  -2.90795633e-05
   3.47056186e+02   3.65263229e-04
   3.47056675e+02   3.33914708e-04
   3.47057163e+02   1.66008685e-05
   3.47057651e+02  -8.55287290e-05
   3.47058140e+02  -1.27696578e-04
   3.47058628e+02  -2.09870377e-05
   3.47059116e+02   2.26986303e-04
   3.47059605e+02   1.00920894e-04
   3.47060093e+02  -3.45317909e-04
   3.47060581e+02  -3.83209874e-04
   3.47061070e+02   7.85896282e-06
   3.47061558e+02  -8.71523080e-05
   3.47062046e+02  -6.81957696e-04
   3.47062534e+02  -9.53097537e-04
   3.47063023e+02  -6.00762432e-04
   3.47063511e+02  -1.91317871e-04
   3.47063999e+02   1.63252334e-05
   3.47064488e+02   1.82114949e-04
   3.47064976e+02   2.21939088e-04
   3.47065464e+02   1.94775435e-04
   3.47065953e+02  -1.39073688e-06
   3.47066441e+02  -2.56618368e-04
   3.47066929e+02  -1.38799136e-04
   3.47067418e+02   2.86541326e-04
   3.47067906e+02   4.46310063e-04
   3.47068394e+02   2.14199856e-04
   3.47068883e+02  -6.27236077e-05
   3.47069371e+02  -1.89914208e-04
   3.47069859e+02  -2.74432590e-04
   3.47070347e+02  -2.22566174e-04
   3.47070836e+02  -1.41665441e-04
   3.47071324e+02  -6.93641268e-05
   3.47071812e+02  -5.28623605e-05
   3.47072301e+02  -1.91504558e-04
   3.47072789e+02   4.77049580e-05
   3.47073277e+02   3.74457275e-04
   3.47073766e+02   1.30851098e-04
   3.47074254e+02  -2.19848895e-04
   3.47074742e+02  -1.54032241e-04
   3.47075231e+02   3.02202352e-06
   3.47075719e+02  -8.90622905e-05
   3.47076207e+02  -7.22983532e-05
   3.47076695e+02  -3.11897078e-04
   3.47077184e+02  -5.45073242e-04
   3.47077672e+02  -4.30811924e-04
   3.47078160e+02  -3.99061595e-04
   3.47078649e+02  -3.05343652e-04
   3.47079137e+02  -1.94038352e-04
   3.47079625e+02  -1.19737751e-05
   3.47080114e+02   9.02675674e-05
   3.47080602e+02  -1.53715111e-04
   3.47081090e+02  -2.81946006e-04
   3.47081579e+02  -2.99417967e-04
   3.47082067e+02  -4.88539808e-04
   3.47082555e+02  -3.99375247e-04
   3.47083043e+02  -1.07496424e-04
   3.47083532e+02   1.99204704e-04
   3.47084020e+02   2.47173972e-04
   3.47084508e+02  -3.66347776e-05
   3.47084997e+02  -2.13414009e-04
   3.47085485e+02  -1.62446668e-04
   3.47085973e+02   6.77564894e-05
   3.47086462e+02   1.01747959e-04
   3.47086950e+02   4.63079450e-05
   3.47087438e+02   3.64212938e-05
   3.47087927e+02  -1.60930344e-04
   3.47088415e+02  -1.91432511e-04
   3.47088903e+02   2.74903778e-05
   3.47089391e+02   2.85144401e-04
   3.47089880e+02   2.22468210e-04
   3.47090368e+02   2.18769623e-04
   3.47090856e+02   3.24199733e-04
   3.47091345e+02   7.31185064e-05
   3.47091833e+02  -2.93507677e-04
   3.47092321e+02  -3.69974761e-04
   3.47092810e+02  -1.91592568e-04
   3.47093298e+02  -1.78428254e-05
   3.47093786e+02  -8.88725262e-05
   3.47094275e+02  -3.24721797e-04
   3.47094763e+02  -3.31716088e-04
   3.47095251e+02  -2.20292786e-04
   3.47095739e+02  -2.69564567e-04
   3.47096228e+02  -3.28813592e-04
   3.47096716e+02  -4.69243358e-04
   3.47097204e+02  -5.05275908e-04
   3.47097693e+02  -1.57531860e-04
   3.47098181e+02   2.74325575e-04
   3.47098669e+02   3.88458662e-04
   3.47099158e+02   4.53866924e-05
   3.47099646e+02  -2.40843001e-04
   3.47100134e+02  -1.77923328e-04
   3.47100623e+02  -2.69109063e-04
   3.47101111e+02  -3.87739739e-04
   3.47101599e+02  -2.71196361e-04
   3.47102087e+02  -1.83921860e-04
   3.47102576e+02   1.44928024e-04
   3.47103064e+02   2.71164259e-04
   3.47103552e+02  -4.76649348e-06
   3.47104041e+02  -6.18738850e-05
   3.47104529e+02   1.97926602e-05
   3.47105017e+02  -1.57417016e-04
   3.47105506e+02  -4.70328785e-04
   3.47105994e+02  -2.62464921e-04
   3.47106482e+02  -5.82956454e-05
   3.47106971e+02  -1.74946777e-04
   3.47107459e+02   1.98246096e-04
   3.47107947e+02   3.26951151e-04
   3.47108436e+02   6.32452213e-07
   3.47108924e+02  -1.01365251e-04
   3.47109412e+02  -1.14722709e-04
   3.47109900e+02   6.19674393e-05
   3.47110389e+02  -2.13831809e-05
   3.47110877e+02  -4.19615477e-04
   3.47111365e+02  -3.84034502e-04
   3.47111854e+02  -1.70828600e-04
   3.47112342e+02  -1.67996055e-04
   3.47112830e+02  -3.86548345e-04
   3.47113319e+02  -4.42866789e-04
   3.47113807e+02  -1.81852127e-04
   3.47114295e+02  -2.40473219e-05
   3.47114784e+02   7.71237610e-05
   3.47115272e+02  -9.48726520e-05
   3.47115760e+02  -3.50403745e-04
   3.47116248e+02  -3.92365873e-05
   3.47116737e+02   3.11212818e-04
   3.47117225e+02   2.09215956e-04
   3.47117713e+02  -2.49427849e-05
   3.47118202e+02  -1.06698644e-04
   3.47118690e+02   3.08156741e-04
   3.47119178e+02   5.95759309e-04
   3.47119667e+02   4.16965893e-04
   3.47120155e+02   2.56883766e-04
   3.47120643e+02   2.72718142e-04
   3.47121132e+02   2.91094679e-04
   3.47121620e+02  -7.69373219e-06
   3.47122108e+02  -2.64105009e-04
   3.47122596e+02  -2.52981990e-04
   3.47123085e+02  -2.09494363e-04
   3.47123573e+02   2.27054654e-04
   3.47124061e+02   8.10805941e-04
   3.47124550e+02   7.35552050e-04
   3.47125038e+02   1.95855464e-04
   3.47125526e+02  -9.61907572e-05
   3.47126015e+02   6.12371441e-05
   3.47126503e+02   1.15488037e-04
   3.47126991e+02   6.55066178e-05
   3.47127480e+02   1.48009145e-04
   3.47127968e+02   2.50543526e-04
   3.47128456e+02   2.47489574e-04
   3.47128944e+02   5.54896142e-05
   3.47129433e+02   1.91386698e-05
   3.47129921e+02   1.09142238e-04
   3.47130409e+02   2.06510245e-04
   3.47130898e+02   1.94111315e-04
   3.47131386e+02  -2.46026117e-04
   3.47131874e+02  -4.16695169e-04
   3.47132363e+02   1.90473056e-05
   3.47132851e+02   1.62006676e-04
   3.47133339e+02  -1.06071429e-05
   3.47133828e+02  -5.97287226e-06
   3.47134316e+02   5.49090655e-05
   3.47134804e+02  -1.18132353e-04
   3.47135292e+02  -3.37798963e-04
   3.47135781e+02  -1.88870996e-04
   3.47136269e+02   8.48871714e-05
   3.47136757e+02   1.19731842e-04
   3.47137246e+02   1.65009158e-04
   3.47137734e+02   1.91998246e-04
   3.47138222e+02   1.13339745e-04
   3.47138711e+02   6.87327120e-05
   3.47139199e+02   6.26353285e-05
   3.47139687e+02  -1.56899580e-06
   3.47140176e+02  -2.34590640e-04
   3.47140664e+02  -3.13492084e-04
   3.47141152e+02  -8.39213826e-05
   3.47141640e+02  -6.49947033e-05
   3.47142129e+02  -3.54009651e-04
   3.47142617e+02  -3.37902020e-04
   3.47143105e+02  -5.17765766e-05
   3.47143594e+02  -1.39528245e-04
   3.47144082e+02  -4.90389415e-04
   3.47144570e+02  -5.10599581e-04
   3.47145059e+02  -2.46124051e-04
   3.47145547e+02   1.63910692e-04
   3.47146035e+02   4.79892798e-04
   3.47146524e+02   3.87214270e-04
   3.47147012e+02   2.65625131e-04
   3.47147500e+02  -7.75653461e-05
   3.47147989e+02  -5.47403528e-04
   3.47148477e+02  -2.78108084e-04
   3.47148965e+02   2.78098742e-04
   3.47149453e+02   3.04150890e-04
   3.47149942e+02   2.04206081e-04
   3.47150430e+02   4.17096511e-04
   3.47150918e+02   3.45382519e-04
   3.47151407e+02   7.19864256e-05
   3.47151895e+02   4.90310158e-05
   3.47152383e+02  -8.89512230e-05
   3.47152872e+02  -2.07031961e-04
   3.47153360e+02  -2.06594326e-04
   3.47153848e+02  -1.82844247e-04
   3.47154337e+02  -8.30585122e-05
   3.47154825e+02  -2.61583307e-04
   3.47155313e+02  -4.02010366e-04
   3.47155801e+02  -7.79535767e-05
   3.47156290e+02   8.19994748e-05
   3.47156778e+02  -1.63992940e-04
   3.47157266e+02  -4.28865751e-04
   3.47157755e+02  -3.40355997e-04
   3.47158243e+02  -1.24639598e-06
   3.47158731e+02   3.10788135e-04
   3.47159220e+02   2.78170221e-04
   3.47159708e+02  -6.39914651e-05
   3.47160196e+02  -1.67512990e-04
   3.47160685e+02  -7.43521086e-05
   3.47161173e+02  -1.09321991e-04
   3.47161661e+02  -3.53609721e-05
   3.47162149e+02   8.11052741e-05
   3.47162638e+02   1.70245476e-05
   3.47163126e+02   3.27161251e-06
   3.47163614e+02  -6.96672168e-06
   3.47164103e+02  -3.46362795e-05
   3.47164591e+02  -1.70543735e-05
   3.47165079e+02  -1.96207548e-04
   3.47165568e+02  -1.61873075e-04
   3.47166056e+02   2.19581983e-04
   3.47166544e+02   1.93295753e-04
   3.47167033e+02  -1.85797864e-04
   3.47167521e+02  -1.30498694e-04
   3.47168009e+02   1.94038119e-04
   3.47168497e+02   1.52866734e-04
   3.47168986e+02  -7.27588558e-05
   3.47169474e+02  -1.47230487e-04
   3.47169962e+02  -2.12047933e-04
   3.47170451e+02  -1.24725149e-04
   3.47170939e+02  -2.48615356e-06
   3.47171427e+02  -3.10812320e-05
   3.47171916e+02  -1.04888295e-05
   3.47172404e+02  -1.65426154e-05
   3.47172892e+02   1.75449706e-04
   3.47173381e+02   3.57163575e-04
   3.47173869e+02   1.94025022e-04
   3.47174357e+02   3.60297163e-05
   3.47174845e+02   1.25303748e-04
   3.47175334e+02   2.24167175e-04
   3.47175822e+02   8.16320098e-05
   3.47176310e+02   5.50226723e-05
   3.47176799e+02   2.35405925e-04
   3.47177287e+02   3.48089758e-04
   3.47177775e+02   7.77765381e-05
   3.47178264e+02  -1.78103714e-04
   3.47178752e+02  -7.21570614e-05
   3.47179240e+02  -6.44112333e-06
   3.47179729e+02   1.77560287e-04
   3.47180217e+02   2.37889893e-04
   3.47180705e+02  -1.92341948e-04
   3.47181193e+02  -1.42591860e-04
   3.47181682e+02   3.10192263e-04
   3.47182170e+02   1.63481804e-04
   3.47182658e+02  -1.96957742e-04
   3.47183147e+02  -2.07156008e-05
   3.47183635e+02   2.61616398e-04
   3.47184123e+02   4.37457027e-04
   3.47184612e+02   4.55324189e-04
   3.47185100e+02  -3.32876189e-05
   3.47185588e+02  -1.79085531e-04
   3.47186077e+02  -1.39008243e-05
   3.47186565e+02  -1.80460484e-04
   3.47187053e+02  -3.37831530e-04
   3.47187542e+02  -1.81993266e-04
   3.47188030e+02   9.29115504e-06
   3.47188518e+02  -1.06472062e-05
   3.47189006e+02  -1.34908376e-04
   3.47189495e+02  -1.36360250e-04
   3.47189983e+02  -6.73695831e-05
   3.47190471e+02   1.40992852e-04
   3.47190960e+02   1.15583920e-04
   3.47191448e+02  -7.37503387e-06
   3.47191936e+02   7.66456287e-05
   3.47192425e+02   1.73034990e-04
   3.47192913e+02   3.91598907e-04
   3.47193401e+02   6.39907259e-04
   3.47193890e+02   3.71617876e-04
   3.47194378e+02   7.91626517e-05
   3.47194866e+02   2.37862783e-04
   3.47195354e+02   3.48837930e-04
   3.47195843e+02   3.79056524e-04
   3.47196331e+02   2.66939373e-04
   3.47196819e+02   2.51771344e-05
   3.47197308e+02   8.69110154e-05
   3.47197796e+02   1.19445664e-04
   3.47198284e+02   5.41577283e-05
   3.47198773e+02   8.53218371e-05
   3.47199261e+02   2.12341183e-04
   3.47199749e+02   2.57685082e-04
   3.47200238e+02   1.92476538e-04
   3.47200726e+02   1.34049202e-04
   3.47201214e+02  -3.84954365e-05
   3.47201702e+02  -8.37128027e-05
   3.47202191e+02   3.33890093e-05
   3.47202679e+02   3.53275536e-05
   3.47203167e+02  -1.63378660e-04
   3.47203656e+02  -6.86579078e-05
   3.47204144e+02   3.87401989e-04
   3.47204632e+02   4.91434534e-04
   3.47205121e+02   5.43378643e-04
   3.47205609e+02   5.01156261e-04
   3.47206097e+02  -8.96468046e-05
   3.47206586e+02  -2.00559924e-04
   3.47207074e+02   1.83348297e-04
   3.47207562e+02   9.74263894e-05
   3.47208050e+02  -8.87081910e-07
   3.47208539e+02  -6.79366130e-05
   3.47209027e+02  -3.58866761e-04
   3.47209515e+02  -3.52304953e-04
   3.47210004e+02   1.27534760e-04
   3.47210492e+02   3.22786451e-04
   3.47210980e+02  -1.39391748e-04
   3.47211469e+02  -1.93616172e-04
   3.47211957e+02   2.41380563e-04
   3.47212445e+02   4.19130374e-04
   3.47212934e+02   2.48018798e-04
   3.47213422e+02  -8.12803773e-05
   3.47213910e+02  -4.04375634e-04
   3.47214398e+02  -3.34767770e-04
   3.47214887e+02   8.35605097e-05
   3.47215375e+02   1.19128686e-04
   3.47215863e+02  -1.87145604e-04
   3.47216352e+02  -1.18639487e-04
   3.47216840e+02  -7.61819183e-06
   3.47217328e+02  -2.35501153e-04
   3.47217817e+02  -5.24292758e-04
   3.47218305e+02  -4.05786297e-04
   3.47218793e+02  -1.77284062e-04
   3.47219282e+02  -3.50563612e-04
   3.47219770e+02  -7.22069817e-04
   3.47220258e+02  -7.51936634e-04
   3.47220746e+02  -6.61605503e-04
   3.47221235e+02  -6.22363179e-04
   3.47221723e+02  -1.69787556e-04
   3.47222211e+02   3.41679610e-04
   3.47222700e+02   3.17644590e-04
   3.47223188e+02  -5.45430667e-05
   3.47223676e+02  -1.87650337e-04
   3.47224165e+02   1.04765400e-04
   3.47224653e+02   2.64993665e-04
   3.47225141e+02   2.27500190e-04
   3.47225630e+02   6.88608852e-05
   3.47226118e+02   1.37612915e-05
   3.47226606e+02   1.11077672e-04
   3.47227095e+02   1.28776694e-04
   3.47227583e+02   2.23849420e-04
   3.47228071e+02   1.74181812e-04
   3.47228559e+02  -4.36259288e-05
   3.47229048e+02   1.40530392e-05
   3.47229536e+02   2.36396590e-04
   3.47230024e+02   9.38070225e-05
   3.47230513e+02  -1.87232043e-04
   3.47231001e+02  -1.80197138e-04
   3.47231489e+02   4.47389393e-05
   3.47231978e+02   1.94223350e-04
   3.47232466e+02   2.59739827e-05
   3.47232954e+02  -2.20192363e-04
   3.47233443e+02  -6.07963811e-05
   3.47233931e+02   8.98646904e-05
   3.47234419e+02  -5.24343195e-05
   3.47234907e+02  -7.02731850e-05
   3.47235396e+02   1.17262171e-05
   3.47235884e+02  -3.46546040e-05
   3.47236372e+02  -1.45882033e-04
   3.47236861e+02  -6.06437497e-05
   3.47237349e+02   7.84624353e-05
   3.47237837e+02   1.15931005e-04
   3.47238326e+02   6.62559569e-06
   3.47238814e+02  -2.83206231e-04
   3.47239302e+02  -4.06108622e-04
   3.47239791e+02  -1.56318813e-04
   3.47240279e+02   7.70509068e-05
   3.47240767e+02   8.82342720e-05
   3.47241255e+02   9.28648951e-05
   3.47241744e+02  -5.53955078e-06
   3.47242232e+02  -2.94057623e-04
   3.47242720e+02  -4.12640075e-04
   3.47243209e+02  -2.59204651e-04
   3.47243697e+02  -1.46940700e-04
   3.47244185e+02  -7.93183135e-05
   3.47244674e+02   1.67698745e-04
   3.47245162e+02   3.54870834e-04
   3.47245650e+02   4.41045617e-04
   3.47246139e+02   2.79675267e-04
   3.47246627e+02  -1.81173353e-04
   3.47247115e+02  -2.97173654e-04
   3.47247603e+02   1.42843666e-04
   3.47248092e+02   5.99982683e-04
   3.47248580e+02   5.81515953e-04
   3.47249068e+02   2.10582642e-04
   3.47249557e+02   6.31196162e-05
   3.47250045e+02  -3.51437957e-05
   3.47250533e+02  -2.86979252e-04
   3.47251022e+02  -1.92990236e-04
   3.47251510e+02   1.14851464e-04
   3.47251998e+02  -2.13213807e-05
   3.47252487e+02  -3.02032917e-04
   3.47252975e+02  -3.02044908e-04
   3.47253463e+02  -1.84370845e-04
   3.47253951e+02   1.03530816e-04
   3.47254440e+02   2.71908182e-04
   3.47254928e+02   9.12291289e-05
   3.47255416e+02  -6.50922375e-05
   3.47255905e+02  -6.33792224e-05
   3.47256393e+02   3.01527616e-04
   3.47256881e+02   2.16917877e-04
   3.47257370e+02  -3.30087263e-04
   3.47257858e+02  -2.44299386e-04
   3.47258346e+02  -3.47998212e-05
   3.47258835e+02   1.29559003e-05
   3.47259323e+02   2.55868334e-04
   3.47259811e+02   1.02440266e-04
   3.47260299e+02  -3.11453798e-04
   3.47260788e+02  -3.04631772e-04
   3.47261276e+02  -1.19887496e-04
   3.47261764e+02   3.57118120e-06
   3.47262253e+02  -1.04037194e-04
   3.47262741e+02  -3.80101876e-04
   3.47263229e+02  -5.60027256e-04
   3.47263718e+02  -2.61352310e-04
   3.47264206e+02   1.51135129e-04
   3.47264694e+02   2.45309893e-05
   3.47265183e+02  -1.07572756e-04
   3.47265671e+02   2.35216823e-04
   3.47266159e+02   2.39272733e-04
   3.47266648e+02  -9.15733981e-05
   3.47267136e+02  -2.05589808e-04
   3.47267624e+02  -2.07939505e-04
   3.47268112e+02  -8.84982655e-05
   3.47268601e+02   6.23421438e-05
   3.47269089e+02   1.00285797e-05
   3.47269577e+02  -1.48414576e-04
   3.47270066e+02  -2.51864141e-04
   3.47270554e+02  -3.04374320e-04
   3.47271042e+02  -3.44366767e-04
   3.47271531e+02  -1.21209065e-04
   3.47272019e+02  -1.13557326e-05
   3.47272507e+02  -3.87138018e-04
   3.47272996e+02  -5.08530124e-04
   3.47273484e+02  -2.42597191e-04
   3.47273972e+02  -6.83071412e-05
   3.47274460e+02  -5.01664090e-06
   3.47274949e+02   3.49637485e-05
   3.47275437e+02  -2.28340941e-05
   3.47275925e+02   1.04247803e-04
   3.47276414e+02   3.77230608e-04
   3.47276902e+02   3.13738215e-04
   3.47277390e+02   4.11648827e-04
   3.47277879e+02   5.96431491e-04
   3.47278367e+02  -8.28352786e-05
   3.47278855e+02  -7.54546490e-04
   3.47279344e+02  -4.60126525e-04
   3.47279832e+02  -1.52966983e-04
   3.47280320e+02  -1.68059021e-04
   3.47280808e+02  -1.42695295e-04
   3.47281297e+02  -3.02105851e-04
   3.47281785e+02  -5.47775009e-04
   3.47282273e+02  -4.55632631e-04
   3.47282762e+02  -1.47684477e-04
   3.47283250e+02  -5.00287315e-05
   3.47283738e+02  -1.46977138e-04
   3.47284227e+02  -2.40985246e-04
   3.47284715e+02  -3.38072859e-04
   3.47285203e+02  -3.71998321e-04
   3.47285692e+02  -1.97918271e-04
   3.47286180e+02  -1.72877903e-04
   3.47286668e+02  -2.59445398e-04
   3.47287156e+02  -2.37273314e-04
   3.47287645e+02  -1.11321358e-04
   3.47288133e+02   2.60470570e-05
   3.47288621e+02  -8.98954095e-05
   3.47289110e+02  -2.02922369e-04
   3.47289598e+02   9.10378803e-05
   3.47290086e+02   2.42578055e-04
   3.47290575e+02  -1.09987530e-04
   3.47291063e+02  -4.30307642e-04
   3.47291551e+02  -6.74995768e-04
   3.47292040e+02  -6.64563326e-04
   3.47292528e+02  -1.18854019e-04
   3.47293016e+02   9.59591052e-05
   3.47293504e+02  -1.18288655e-04
   3.47293993e+02  -1.18874064e-04
   3.47294481e+02  -2.34989748e-05
   3.47294969e+02  -2.79302825e-04
   3.47295458e+02  -3.87956097e-04
   3.47295946e+02  -3.00474116e-04
   3.47296434e+02  -3.09056399e-04
   3.47296923e+02  -1.43311234e-04
   3.47297411e+02  -4.04962339e-05
   3.47297899e+02  -1.28650063e-04
   3.47298388e+02  -7.20786193e-05
   3.47298876e+02   9.27496294e-05
   3.47299364e+02   1.10699293e-04
   3.47299852e+02  -1.13927985e-04
   3.47300341e+02   1.32467931e-05
   3.47300829e+02   5.76635881e-04
   3.47301317e+02   7.03984697e-04
   3.47301806e+02   2.46611598e-04
   3.47302294e+02  -7.96607419e-05
   3.47302782e+02  -1.34707137e-04
   3.47303271e+02  -1.24652783e-04
   3.47303759e+02  -1.66793616e-04
   3.47304247e+02  -4.73786822e-05
   3.47304736e+02   1.65244157e-04
   3.47305224e+02   1.97920002e-04
   3.47305712e+02  -3.01461587e-05
   3.47306201e+02  -2.81442393e-04
   3.47306689e+02  -1.45761907e-04
   3.47307177e+02   2.17827517e-04
   3.47307665e+02   1.65556703e-04
   3.47308154e+02  -4.28518579e-05
   3.47308642e+02  -2.09260434e-05
   3.47309130e+02  -3.31170362e-04
   3.47309619e+02  -8.99166684e-04
   3.47310107e+02  -9.74707596e-04
   3.47310595e+02  -6.98876334e-04
   3.47311084e+02  -1.63947232e-04
   3.47311572e+02   2.77889194e-04
   3.47312060e+02  -1.00834652e-04
   3.47312549e+02  -4.75940615e-04
   3.47313037e+02  -7.86183155e-05
   3.47313525e+02   1.29412147e-04
   3.47314013e+02  -2.18707446e-05
   3.47314502e+02   3.33572534e-04
   3.47314990e+02   5.16772154e-04
   3.47315478e+02   3.24660097e-04
   3.47315967e+02   8.01141796e-05
   3.47316455e+02  -2.35060637e-04
   3.47316943e+02  -1.95115106e-04
   3.47317432e+02  -3.42072817e-05
   3.47317920e+02  -5.22402552e-05
   3.47318408e+02  -4.39006799e-05
   3.47318897e+02   8.60766522e-05
   3.47319385e+02  -1.09305538e-05
   3.47319873e+02  -1.92755819e-04
   3.47320361e+02  -3.64409061e-05
   3.47320850e+02   1.36254312e-04
   3.47321338e+02   1.04150255e-04
   3.47321826e+02  -1.49758662e-05
   3.47322315e+02   6.16212856e-05
   3.47322803e+02   2.02804949e-04
   3.47323291e+02   1.40774442e-04
   3.47323780e+02   1.10717247e-05
   3.47324268e+02  -4.02966616e-05
   3.47324756e+02   9.25047425e-05
   3.47325245e+02   3.45207489e-04
   3.47325733e+02   6.09136187e-04
   3.47326221e+02   5.97746810e-04
   3.47326709e+02   3.85568943e-04
   3.47327198e+02   1.50176740e-04
   3.47327686e+02  -1.82077405e-04
   3.47328174e+02  -1.72738277e-04
   3.47328663e+02   1.92068997e-04
   3.47329151e+02   2.55837134e-04
   3.47329639e+02   1.73595647e-04
   3.47330128e+02   5.09326965e-05
   3.47330616e+02  -5.39141729e-05
   3.47331104e+02   1.87738231e-04
   3.47331593e+02   4.79195267e-04
   3.47332081e+02   3.42471845e-04
   3.47332569e+02   3.76286698e-05
   3.47333057e+02  -4.87595498e-05
   3.47333546e+02   1.58719013e-05
   3.47334034e+02  -2.69566572e-05
   3.47334522e+02   8.59791617e-05
   3.47335011e+02   3.03774374e-04
   3.47335499e+02   9.72034322e-05
   3.47335987e+02   1.30311339e-04
   3.47336476e+02   5.39233675e-04
   3.47336964e+02   5.46211668e-04
   3.47337452e+02   2.42043447e-04
   3.47337941e+02  -2.93866815e-05
   3.47338429e+02   8.76320701e-05
   3.47338917e+02   2.32075894e-04
   3.47339405e+02   1.39357362e-04
   3.47339894e+02   2.93961726e-04
   3.47340382e+02   5.40547422e-04
   3.47340870e+02   7.25547143e-04
   3.47341359e+02   1.00744399e-03
   3.47341847e+02   1.00661407e-03
   3.47342335e+02   3.93924216e-04
   3.47342824e+02   1.00244855e-04
   3.47343312e+02   2.07001838e-04
   3.47343800e+02   2.73819838e-04
   3.47344289e+02   2.75163242e-04
   3.47344777e+02   3.96517680e-06
   3.47345265e+02  -5.96147293e-05
   3.47345754e+02  -2.27212920e-04
   3.47346242e+02  -5.44452341e-04
   3.47346730e+02  -3.25879228e-04
   3.47347218e+02  -1.80769115e-04
   3.47347707e+02  -1.68814266e-04
   3.47348195e+02  -4.22368839e-06
   3.47348683e+02  -1.28389904e-04
   3.47349172e+02  -8.86525668e-05
   3.47349660e+02   1.41032055e-04
   3.47350148e+02  -1.30700791e-04
   3.47350637e+02  -2.58984335e-04
   3.47351125e+02   1.58409734e-04
   3.47351613e+02   1.62681754e-04
   3.47352102e+02  -1.97849353e-04
   3.47352590e+02   1.71115607e-05
   3.47353078e+02   3.39841121e-04
   3.47353566e+02   4.26601502e-04
   3.47354055e+02   5.29834360e-04
   3.47354543e+02   4.32109577e-04
   3.47355031e+02   2.65109935e-04
   3.47355520e+02   1.57979477e-04
   3.47356008e+02   1.68404804e-04
   3.47356496e+02   1.17073054e-04
   3.47356985e+02  -3.72153474e-04
   3.47357473e+02  -3.58058081e-04
   3.47357961e+02   1.27281426e-04
   3.47358450e+02   1.63747507e-04
   3.47358938e+02   3.25390458e-04
   3.47359426e+02   5.18588058e-04
   3.47359914e+02   3.04269081e-04
   3.47360403e+02  -4.10559769e-05
   3.47360891e+02  -2.59503693e-04
   3.47361379e+02  -2.10139537e-04
   3.47361868e+02  -1.63339457e-04
   3.47362356e+02  -1.78274684e-04
   3.47362844e+02  -1.51936358e-04
   3.47363333e+02  -4.46314443e-05
   3.47363821e+02   2.18517132e-04
   3.47364309e+02   5.58548840e-04
   3.47364798e+02   6.55526877e-04
   3.47365286e+02   4.69985331e-04
   3.47365774e+02   1.33957947e-04
   3.47366262e+02   1.32804471e-05
   3.47366751e+02  -6.61409140e-05
   3.47367239e+02  -3.16731195e-04
   3.47367727e+02  -2.64489267e-04
   3.47368216e+02  -1.67431172e-05
   3.47368704e+02  -1.05884763e-04
   3.47369192e+02  -2.57040752e-04
   3.47369681e+02  -1.89281811e-04
   3.47370169e+02  -9.32993280e-05
   3.47370657e+02   2.03013387e-05
   3.47371146e+02   1.56881142e-04
   3.47371634e+02   1.53332585e-04
   3.47372122e+02   4.86948629e-05
   3.47372610e+02  -3.23761851e-05
   3.47373099e+02   8.07554534e-05
   3.47373587e+02   2.11771679e-04
   3.47374075e+02   1.78189875e-05
   3.47374564e+02  -1.31831999e-04
   3.47375052e+02  -1.82886477e-04
   3.47375540e+02  -1.79918148e-04
   3.47376029e+02  -5.25878349e-05
   3.47376517e+02   1.07262415e-04
   3.47377005e+02   9.96378076e-05
   3.47377494e+02  -2.20439033e-04
   3.47377982e+02  -5.63368667e-04
   3.47378470e+02  -3.07292677e-04
   3.47378958e+02   1.37743846e-04
   3.47379447e+02   3.12475255e-04
   3.47379935e+02   6.51673545e-05
   3.47380423e+02  -3.45771230e-04
   3.47380912e+02  -4.40186675e-04
   3.47381400e+02  -4.73987311e-04
   3.47381888e+02  -4.89029218e-04
   3.47382377e+02  -4.61134186e-04
   3.47382865e+02  -5.13872190e-04
   3.47383353e+02  -2.83552770e-04
   3.47383842e+02   2.84820107e-05
   3.47384330e+02   2.90258584e-04
   3.47384818e+02   4.36265982e-04
   3.47385307e+02   1.54191031e-04
   3.47385795e+02  -1.16624815e-05
   3.47386283e+02   6.99955635e-05
   3.47386771e+02   1.05730105e-04
   3.47387260e+02   2.64651928e-04
   3.47387748e+02   2.03699790e-04
   3.47388236e+02  -1.74469722e-04
   3.47388725e+02  -1.83311204e-04
   3.47389213e+02   1.29953230e-04
   3.47389701e+02  -1.17896983e-04
   3.47390190e+02  -3.30443116e-04
   3.47390678e+02  -2.08828224e-05
   3.47391166e+02  -6.44775628e-06
   3.47391655e+02  -3.81193910e-04
   3.47392143e+02  -5.91030868e-04
   3.47392631e+02  -3.33440432e-04
   3.47393119e+02   3.62808234e-04
   3.47393608e+02   5.90493146e-04
   3.47394096e+02   2.36062493e-04
   3.47394584e+02   1.54850684e-04
   3.47395073e+02   4.69926483e-04
   3.47395561e+02   6.14530407e-04
   3.47396049e+02   3.96114629e-04
   3.47396538e+02   1.51222848e-04
   3.47397026e+02  -5.29017743e-05
   3.47397514e+02  -3.11345939e-04
   3.47398003e+02  -1.68177707e-04
   3.47398491e+02   5.47325544e-05
   3.47398979e+02  -1.22769707e-04
   3.47399467e+02  -2.77132902e-04
   3.47399956e+02  -6.10562201e-05
   3.47400444e+02   1.44442884e-05
   3.47400932e+02  -2.49313103e-04
   3.47401421e+02  -4.02298465e-04
   3.47401909e+02  -2.96047539e-04
   3.47402397e+02  -2.94355530e-04
   3.47402886e+02  -3.90149908e-05
   3.47403374e+02   3.38836369e-04
   3.47403862e+02   6.28969065e-05
   3.47404351e+02  -2.33401806e-04
   3.47404839e+02  -2.52418598e-04
   3.47405327e+02  -2.54195009e-04
   3.47405815e+02   2.53145736e-05
   3.47406304e+02   4.71270963e-04
   3.47406792e+02   3.69560235e-04
   3.47407280e+02  -8.47127521e-05
   3.47407769e+02  -1.08517757e-04
   3.47408257e+02   2.33051323e-04
   3.47408745e+02   3.54295364e-04
   3.47409234e+02   2.38986118e-04
   3.47409722e+02   3.56833712e-04
   3.47410210e+02   5.54709171e-04
   3.47410699e+02   4.19004529e-04
   3.47411187e+02   2.98589934e-04
   3.47411675e+02   4.26348590e-04
   3.47412163e+02   3.39611288e-04
   3.47412652e+02  -1.21031389e-05
   3.47413140e+02  -2.24488555e-04
   3.47413628e+02  -1.35942115e-04
   3.47414117e+02   3.39945400e-05
   3.47414605e+02   1.53481713e-04
   3.47415093e+02   3.40483268e-04
   3.47415582e+02   3.41826555e-04
   3.47416070e+02   1.76119574e-04
   3.47416558e+02   2.17931534e-04
   3.47417047e+02   2.22571223e-04
   3.47417535e+02  -9.86937666e-05
   3.47418023e+02  -2.26581091e-04
   3.47418511e+02  -2.52773985e-04
   3.47419000e+02  -2.30414575e-04
   3.47419488e+02   1.52991008e-04
   3.47419976e+02   2.47597141e-04
   3.47420465e+02   2.16982025e-05
   3.47420953e+02  -5.88696821e-05
   3.47421441e+02  -5.97562466e-05
   3.47421930e+02  -4.92388426e-05
   3.47422418e+02   3.02596873e-05
   3.47422906e+02   5.41611953e-05
   3.47423395e+02   7.57709568e-05
   3.47423883e+02   1.52750115e-04
   3.47424371e+02   1.63409728e-04
   3.47424860e+02   2.28523233e-04
   3.47425348e+02   2.59136956e-04
   3.47425836e+02   7.96077802e-05
   3.47426324e+02  -4.46114864e-05
   3.47426813e+02   1.32293571e-04
   3.47427301e+02   1.47152736e-04
   3.47427789e+02  -5.80341111e-05
   3.47428278e+02  -8.24804156e-05
   3.47428766e+02   2.90318731e-05
   3.47429254e+02  -6.09677663e-05
   3.47429743e+02  -7.59077739e-05
   3.47430231e+02   9.42773404e-05
   3.47430719e+02   5.68767100e-05
   3.47431208e+02  -1.27804931e-04
   3.47431696e+02  -9.06419373e-05
   3.47432184e+02  -3.25484143e-05
   3.47432672e+02  -2.84051610e-04
   3.47433161e+02  -7.50890176e-05
   3.47433649e+02   4.63934353e-04
   3.47434137e+02   5.18583227e-04
   3.47434626e+02   4.84036398e-04
   3.47435114e+02   3.59137368e-04
   3.47435602e+02  -5.05595817e-05
   3.47436091e+02  -3.24259949e-04
   3.47436579e+02  -1.34496135e-04
   3.47437067e+02   1.67337334e-04
   3.47437556e+02   2.41981208e-04
   3.47438044e+02   1.72902452e-04
   3.47438532e+02   2.36993073e-04
   3.47439020e+02   2.47907534e-04
   3.47439509e+02   1.34552538e-04
   3.47439997e+02   1.67670543e-04
   3.47440485e+02   1.89877319e-05
   3.47440974e+02   1.09707973e-04
   3.47441462e+02   5.35671890e-04
   3.47441950e+02   7.30134780e-04
   3.47442439e+02   6.84816798e-04
   3.47442927e+02   2.71967554e-04
   3.47443415e+02  -1.45515689e-04
   3.47443904e+02  -2.41074784e-04
   3.47444392e+02  -1.97324305e-04
   3.47444880e+02   8.32187288e-05
   3.47445368e+02   2.48137774e-04
   3.47445857e+02   1.74082816e-04
   3.47446345e+02   3.73570190e-04
   3.47446833e+02   2.30291742e-04
   3.47447322e+02  -7.51464540e-05
   3.47447810e+02   3.64209001e-04
   3.47448298e+02   5.00185066e-04
   3.47448787e+02   5.64477341e-05
   3.47449275e+02  -3.39963823e-04
   3.47449763e+02  -5.99889376e-04
   3.47450252e+02  -4.15368966e-04
   3.47450740e+02  -9.26830980e-05
   3.47451228e+02   6.80216763e-05
   3.47451716e+02   6.89343215e-05
   3.47452205e+02  -9.90222325e-05
   3.47452693e+02   7.53605054e-05
   3.47453181e+02   2.91981414e-04
   3.47453670e+02   4.25654289e-04
   3.47454158e+02   5.05610544e-04
   3.47454646e+02   4.13575181e-04
   3.47455135e+02   1.01851823e-04
   3.47455623e+02  -2.26621560e-05
   3.47456111e+02   6.87142310e-05
   3.47456600e+02  -6.20860592e-05
   3.47457088e+02  -1.54152833e-04
   3.47457576e+02  -2.30509468e-04
   3.47458064e+02  -3.43687803e-04
   3.47458553e+02  -2.99536652e-04
   3.47459041e+02  -2.95185018e-04
   3.47459529e+02  -1.10766196e-04
   3.47460018e+02   2.61087989e-04
   3.47460506e+02   3.52334144e-04
   3.47460994e+02   1.49547501e-04
   3.47461483e+02  -7.84508156e-05
   3.47461971e+02   2.47316251e-07
   3.47462459e+02   3.32163938e-04
   3.47462948e+02   4.77432273e-04
   3.47463436e+02   3.85559862e-04
   3.47463924e+02   3.14831792e-04
   3.47464413e+02   9.82583078e-05
   3.47464901e+02  -3.96513387e-05
   3.47465389e+02   1.00338264e-04
   3.47465877e+02   2.83883477e-04
   3.47466366e+02   4.78093512e-04
   3.47466854e+02   3.87289154e-04
   3.47467342e+02   8.47496267e-05
   3.47467831e+02   1.08257438e-04
   3.47468319e+02   1.17776653e-04
   3.47468807e+02   4.17601623e-05
   3.47469296e+02   1.42025674e-04
   3.47469784e+02  -4.27064515e-05
   3.47470272e+02  -2.87639967e-04
   3.47470761e+02  -3.09827446e-04
   3.47471249e+02  -7.93079525e-05
   3.47471737e+02   3.23932443e-04
   3.47472225e+02   3.42053216e-04
   3.47472714e+02   2.56766361e-04
   3.47473202e+02   2.61512265e-04
   3.47473690e+02   2.25474709e-04
   3.47474179e+02   2.73434416e-04
   3.47474667e+02   1.24075115e-04
   3.47475155e+02  -3.85266670e-04
   3.47475644e+02  -6.82701531e-04
   3.47476132e+02  -5.68778254e-04
   3.47476620e+02  -3.80629790e-04
   3.47477109e+02  -2.13257794e-04
   3.47477597e+02  -7.24743950e-05
   3.47478085e+02   1.22674915e-04
   3.47478573e+02   3.00709595e-04
   3.47479062e+02   2.51904159e-04
   3.47479550e+02   2.11755760e-04
   3.47480038e+02  -9.66629523e-06
   3.47480527e+02  -8.94091718e-05
   3.47481015e+02   2.63293885e-04
   3.47481503e+02   2.43093920e-04
   3.47481992e+02   8.45988689e-05
   3.47482480e+02   1.52704204e-04
   3.47482968e+02   4.03180456e-05
   3.47483457e+02  -4.20115066e-05
   3.47483945e+02   1.33220325e-04
   3.47484433e+02   1.82282340e-04
   3.47484921e+02   1.05277250e-04
   3.47485410e+02   3.36840421e-05
   3.47485898e+02  -1.11063753e-04
   3.47486386e+02  -2.07914447e-04
   3.47486875e+02  -5.45807779e-05
   3.47487363e+02  -7.51183543e-05
   3.47487851e+02  -6.23049345e-05
   3.47488340e+02   1.79635230e-04
   3.47488828e+02   4.35869966e-04
   3.47489316e+02   5.32468723e-04
   3.47489805e+02   3.81419930e-04
   3.47490293e+02   2.93980062e-04
   3.47490781e+02   1.53837042e-04
   3.47491269e+02  -2.04941505e-04
   3.47491758e+02  -6.11537893e-04
   3.47492246e+02  -6.63533574e-04
   3.47492734e+02  -4.07231186e-04
   3.47493223e+02  -3.92541522e-04
   3.47493711e+02  -4.07481682e-04
   3.47494199e+02   2.50814610e-05
   3.47494688e+02   2.12321203e-04
   3.47495176e+02  -1.55590271e-04
   3.47495664e+02  -4.84395656e-04
   3.47496153e+02  -3.99104640e-04
   3.47496641e+02  -3.01643769e-04
   3.47497129e+02  -2.64081173e-04
   3.47497617e+02  -9.60564939e-05
   3.47498106e+02   5.22506889e-06
   3.47498594e+02  -1.06164720e-04
   3.47499082e+02  -1.43397512e-04
   3.47499571e+02  -1.98557784e-04
   3.47500059e+02  -3.24979163e-04
   3.47500547e+02  -2.10366314e-04
   3.47501036e+02  -5.04195086e-05
   3.47501524e+02  -6.75813644e-05
   3.47502012e+02  -1.39304815e-04
   3.47502501e+02  -1.71424326e-04
   3.47502989e+02  -4.07126121e-04
   3.47503477e+02  -6.13321201e-04
   3.47503966e+02  -5.26362739e-04
   3.47504454e+02  -5.57025996e-05
   3.47504942e+02   2.85111746e-04
   3.47505430e+02   1.01714140e-04
   3.47505919e+02  -5.17673652e-05
   3.47506407e+02   1.88470920e-04
   3.47506895e+02   4.07274783e-04
   3.47507384e+02   2.39457615e-04
   3.47507872e+02   5.45964394e-05
   3.47508360e+02   4.72954162e-05
   3.47508849e+02  -1.02229737e-04
   3.47509337e+02  -2.40170062e-04
   3.47509825e+02   1.35150491e-04
   3.47510314e+02   5.17194218e-04
   3.47510802e+02   4.45340644e-04
   3.47511290e+02   1.96014589e-04
   3.47511778e+02   1.66750746e-04
   3.47512267e+02   3.71965609e-04
   3.47512755e+02   3.91868816e-04
   3.47513243e+02   2.10325190e-04
   3.47513732e+02   3.63395491e-04
   3.47514220e+02   5.70782402e-04
   3.47514708e+02   3.06644652e-04
   3.47515197e+02   1.71440290e-04
   3.47515685e+02   8.52712983e-05
   3.47516173e+02  -5.61640263e-05
   3.47516662e+02   1.17300328e-06
   3.47517150e+02  -9.15359578e-07
   3.47517638e+02   2.86128525e-05
   3.47518126e+02   1.59444840e-04
   3.47518615e+02   2.79716827e-04
   3.47519103e+02   2.54602783e-04
   3.47519591e+02   1.90468982e-05
   3.47520080e+02  -1.12634887e-04
   3.47520568e+02  -1.32982677e-04
   3.47521056e+02   1.44711245e-04
   3.47521545e+02   1.08181288e-04
   3.47522033e+02  -1.61737291e-04
   3.47522521e+02  -1.14453913e-04
   3.47523010e+02  -3.34601173e-05
   3.47523498e+02  -2.06787037e-04
   3.47523986e+02  -4.18457814e-04
   3.47524474e+02  -4.98799549e-04
   3.47524963e+02  -4.30384243e-04
   3.47525451e+02  -7.05321072e-05
   3.47525939e+02   3.41512001e-04
   3.47526428e+02   1.09234948e-04
   3.47526916e+02  -1.53711153e-04
   3.47527404e+02   2.57206175e-05
   3.47527893e+02   9.01092972e-06
   3.47528381e+02   6.91189780e-05
   3.47528869e+02   4.34444199e-04
   3.47529358e+02   3.53364332e-04
   3.47529846e+02  -5.34207356e-05
   3.47530334e+02  -1.29311768e-04
   3.47530822e+02  -2.19092311e-04
   3.47531311e+02  -1.76296875e-04
   3.47531799e+02  -9.54429051e-05
   3.47532287e+02  -2.19637164e-04
   3.47532776e+02  -1.10376335e-04
   3.47533264e+02   9.27993606e-05
   3.47533752e+02   1.49216270e-04
   3.47534241e+02   1.22789046e-04
   3.47534729e+02  -1.71794909e-05
   3.47535217e+02  -2.49453413e-04
   3.47535706e+02  -2.69466196e-04
   3.47536194e+02   3.38777609e-05
   3.47536682e+02   2.35830215e-04
   3.47537170e+02   5.40097572e-05
   3.47537659e+02  -9.50859539e-05
   3.47538147e+02   6.77440912e-05
   3.47538635e+02   2.93271150e-04
   3.47539124e+02   3.17609956e-04
   3.47539612e+02   2.70140736e-04
   3.47540100e+02   4.37315495e-04
   3.47540589e+02   5.55218547e-04
   3.47541077e+02   4.64963436e-04
   3.47541565e+02   1.01129597e-04
   3.47542054e+02  -3.75801028e-04
   3.47542542e+02  -2.71409954e-04
   3.47543030e+02  -1.47075960e-04
   3.47543519e+02  -3.51175520e-04
   3.47544007e+02  -7.78642643e-05
   3.47544495e+02   1.62241806e-04
   3.47544983e+02   1.92657375e-04
   3.47545472e+02   2.15049542e-04
   3.47545960e+02  -3.56152450e-04
   3.47546448e+02  -8.23396316e-04
   3.47546937e+02  -5.21370850e-04
   3.47547425e+02   5.09473284e-05
   3.47547913e+02   2.65344512e-04
   3.47548402e+02   3.18778875e-05
   3.47548890e+02   2.11331444e-05
   3.47549378e+02   2.18886693e-04
   3.47549867e+02   2.15153806e-04
   3.47550355e+02   1.18198877e-04
   3.47550843e+02  -7.77273817e-05
   3.47551331e+02  -1.31482026e-04
   3.47551820e+02   7.99173649e-05
   3.47552308e+02   1.08216322e-04
   3.47552796e+02   8.07787656e-05
   3.47553285e+02   6.54441683e-05
   3.47553773e+02  -2.63976894e-04
   3.47554261e+02  -4.83872311e-04
   3.47554750e+02  -2.79665284e-04
   3.47555238e+02   2.20249949e-05
   3.47555726e+02   1.93499814e-04
   3.47556215e+02   5.38344684e-05
   3.47556703e+02  -2.45114643e-04
   3.47557191e+02  -3.49593960e-04
   3.47557679e+02  -4.55747853e-04
   3.47558168e+02  -4.82204166e-04
   3.47558656e+02  -2.98980827e-04
   3.47559144e+02  -3.59878868e-05
   3.47559633e+02   1.46296123e-04
   3.47560121e+02   9.81043413e-05
   3.47560609e+02  -5.50347140e-05
   3.47561098e+02  -1.52328255e-04
   3.47561586e+02  -3.22711247e-04
   3.47562074e+02  -3.35589866e-04
   3.47562563e+02  -1.07251559e-04
   3.47563051e+02  -1.20177747e-05
   3.47563539e+02  -1.95885179e-04
   3.47564027e+02  -2.96936458e-04
   3.47564516e+02  -2.53463862e-04
   3.47565004e+02  -3.62102088e-04
   3.47565492e+02  -2.54700484e-04
   3.47565981e+02  -2.78004416e-04
   3.47566469e+02  -4.78298927e-04
   3.47566957e+02  -3.78480414e-04
   3.47567446e+02  -2.83831527e-04
   3.47567934e+02  -2.13378124e-04
   3.47568422e+02  -9.77330546e-06
   3.47568911e+02   3.76579177e-04
   3.47569399e+02   5.90932090e-04
   3.47569887e+02   6.11068506e-04
   3.47570375e+02   6.05774519e-04
   3.47570864e+02   4.37729817e-04
   3.47571352e+02   1.97325746e-04
   3.47571840e+02   9.08542788e-05
   3.47572329e+02  -2.48490778e-05
   3.47572817e+02   4.91705832e-05
   3.47573305e+02   1.87267855e-04
   3.47573794e+02   1.54750975e-04
   3.47574282e+02   1.27822088e-04
   3.47574770e+02  -9.46254295e-05
   3.47575259e+02  -3.31171148e-04
   3.47575747e+02  -3.24312481e-04
   3.47576235e+02  -3.21372645e-04
   3.47576723e+02  -8.63485766e-05
   3.47577212e+02   3.82258382e-04
   3.47577700e+02   4.36764996e-04
   3.47578188e+02   1.23140475e-04
   3.47578677e+02  -2.22326882e-04
   3.47579165e+02  -4.25955543e-04
   3.47579653e+02  -2.59040127e-04
   3.47580142e+02   7.25668997e-06
   3.47580630e+02  -1.23080652e-04
   3.47581118e+02  -2.25164622e-04
   3.47581607e+02   7.96718887e-05
   3.47582095e+02   1.33500129e-04
   3.47582583e+02  -9.28920490e-05
   3.47583072e+02  -4.06533334e-04
   3.47583560e+02  -4.39124880e-04
   3.47584048e+02   1.06171356e-04
   3.47584536e+02   6.08165050e-04
   3.47585025e+02   5.19085850e-04
   3.47585513e+02   3.77808843e-04
   3.47586001e+02   5.04595519e-04
   3.47586490e+02   1.89811108e-04
   3.47586978e+02  -1.98614405e-04
   3.47587466e+02   1.65847247e-04
   3.47587955e+02   3.55030410e-04
   3.47588443e+02   4.63497599e-05
   3.47588931e+02  -1.84651843e-04
   3.47589420e+02  -3.87155043e-04
   3.47589908e+02  -2.82031397e-04
   3.47590396e+02   9.12495379e-05
   3.47590884e+02   1.78383998e-04
   3.47591373e+02   1.25634935e-04
   3.47591861e+02   3.17576079e-04
   3.47592349e+02   3.62690596e-04
   3.47592838e+02   1.35760478e-04
   3.47593326e+02   7.42857883e-05
   3.47593814e+02   4.94996093e-05
   3.47594303e+02  -9.97679963e-05
   3.47594791e+02  -2.56687636e-04
   3.47595279e+02  -2.73897662e-04
   3.47595768e+02  -6.33700984e-05
   3.47596256e+02   9.15756973e-05
   3.47596744e+02   3.38516384e-06
   3.47597232e+02   1.51101674e-04
   3.47597721e+02   4.71834734e-04
   3.47598209e+02   3.59478174e-04
   3.47598697e+02   3.21196625e-04
   3.47599186e+02   3.59098922e-04
   3.47599674e+02   1.26175713e-04
   3.47600162e+02  -1.21941513e-04
   3.47600651e+02  -1.98188907e-04
   3.47601139e+02  -1.39699274e-04
   3.47601627e+02  -1.09867651e-04
   3.47602116e+02  -1.67987135e-04
   3.47602604e+02  -2.85410497e-04
   3.47603092e+02  -1.44280188e-04
   3.47603580e+02   1.93261832e-04
   3.47604069e+02   2.55378254e-04
   3.47604557e+02  -8.43694361e-05
   3.47605045e+02  -7.76699235e-05
   3.47605534e+02   3.36683588e-04
   3.47606022e+02   4.48748062e-04
   3.47606510e+02   4.74783854e-04
   3.47606999e+02   6.05090638e-04
   3.47607487e+02   4.80011746e-04
   3.47607975e+02   1.53850997e-04
   3.47608464e+02   2.66395480e-04
   3.47608952e+02   4.22327896e-04
   3.47609440e+02   2.81986227e-04
   3.47609928e+02   2.21558832e-04
   3.47610417e+02   1.24669081e-04
   3.47610905e+02   2.46545475e-04
   3.47611393e+02   4.53313405e-04
   3.47611882e+02   2.90920521e-04
   3.47612370e+02   6.90243760e-05
   3.47612858e+02   1.24668019e-04
   3.47613347e+02   1.74417655e-04
   3.47613835e+02   1.00982950e-04
   3.47614323e+02  -1.59045649e-05
   3.47614812e+02  -1.47024606e-04
   3.47615300e+02  -1.52107459e-04
   3.47615788e+02  -5.03074953e-05
   3.47616276e+02  -2.09247592e-05
   3.47616765e+02  -4.97473848e-05
   3.47617253e+02  -1.95608416e-04
   3.47617741e+02  -3.89060267e-04
   3.47618230e+02  -2.55247811e-04
   3.47618718e+02  -2.93540448e-04
   3.47619206e+02  -4.61419637e-04
   3.47619695e+02  -3.24987814e-05
   3.47620183e+02   4.27687948e-04
   3.47620671e+02   6.30264549e-05
   3.47621160e+02  -4.29348729e-04
   3.47621648e+02  -2.79043627e-04
   3.47622136e+02  -9.51120091e-05
   3.47622625e+02  -2.18161862e-04
   3.47623113e+02   6.94968767e-05
   3.47623601e+02   5.81307802e-04
   3.47624089e+02   6.21386396e-04
   3.47624578e+02   2.65918294e-04
   3.47625066e+02   1.84011486e-04
   3.47625554e+02   2.67868279e-04
   3.47626043e+02   2.26001110e-04
   3.47626531e+02   3.38801241e-04
   3.47627019e+02   2.38228720e-04
   3.47627508e+02  -1.80691335e-04
   3.47627996e+02  -3.73847550e-04
   3.47628484e+02  -3.06728354e-04
   3.47628973e+02  -1.40452888e-04
   3.47629461e+02  -8.97047503e-05
   3.47629949e+02  -3.88972898e-04
   3.47630437e+02  -7.58332782e-04
   3.47630926e+02  -5.63454290e-04
   3.47631414e+02  -1.67264210e-04
   3.47631902e+02   1.49830827e-04
   3.47632391e+02   2.43292612e-04
   3.47632879e+02   2.28215402e-04
   3.47633367e+02   3.93805705e-04
   3.47633856e+02   3.05700145e-04
   3.47634344e+02   1.18752723e-04
   3.47634832e+02   1.40407510e-05
   3.47635321e+02  -7.16494542e-05
   3.47635809e+02   1.95021392e-04
   3.47636297e+02   3.43628286e-04
   3.47636785e+02   3.74572235e-04
   3.47637274e+02   5.52051119e-04
   3.47637762e+02   5.10713551e-04
   3.47638250e+02   3.39626684e-04
   3.47638739e+02   3.39075108e-04
   3.47639227e+02   3.60227350e-05
   3.47639715e+02  -2.23564507e-06
   3.47640204e+02   2.11897612e-04
   3.47640692e+02  -3.20383219e-06
   3.47641180e+02  -2.40517023e-04
   3.47641669e+02  -2.94756755e-04
   3.47642157e+02  -2.71569588e-04
   3.47642645e+02  -2.19311361e-04
   3.47643133e+02  -1.04506512e-06
   3.47643622e+02   2.24558273e-04
   3.47644110e+02   1.40228643e-04
   3.47644598e+02  -6.89072622e-05
   3.47645087e+02   6.75435294e-05
   3.47645575e+02   4.23661812e-04
   3.47646063e+02   2.49920413e-04
   3.47646552e+02  -2.65190698e-04
   3.47647040e+02  -2.86467286e-04
   3.47647528e+02  -1.48488718e-04
   3.47648017e+02  -2.13614243e-04
   3.47648505e+02  -7.98217516e-05
   3.47648993e+02   5.24747884e-04
   3.47649481e+02   7.21131742e-04
   3.47649970e+02   3.72785027e-04
   3.47650458e+02   3.24768334e-05
   3.47650946e+02  -1.93045213e-04
   3.47651435e+02  -2.04541124e-04
   3.47651923e+02  -3.67476197e-04
   3.47652411e+02  -2.33570259e-04
   3.47652900e+02   2.00131428e-04
   3.47653388e+02  -2.44806251e-05
   3.47653876e+02  -3.50511720e-04
   3.47654365e+02  -1.67432867e-04
   3.47654853e+02  -4.12186164e-05
   3.47655341e+02  -1.68842962e-04
   3.47655829e+02   5.38424683e-05
   3.47656318e+02   3.33308446e-04
   3.47656806e+02   2.10762169e-04
   3.47657294e+02  -1.98102469e-04
   3.47657783e+02  -3.56810167e-04
   3.47658271e+02  -5.66925701e-05
   3.47658759e+02   1.00347679e-04
   3.47659248e+02  -9.21754327e-05
   3.47659736e+02  -1.87285841e-04
   3.47660224e+02  -1.27609761e-04
   3.47660713e+02   1.10141649e-04
   3.47661201e+02   2.87636241e-04
   3.47661689e+02  -1.44573263e-04
   3.47662177e+02  -2.75489787e-04
   3.47662666e+02   3.18319217e-04
   3.47663154e+02   4.63414239e-04
   3.47663642e+02   2.11406630e-04
   3.47664131e+02   1.51608561e-04
   3.47664619e+02   1.00155397e-04
   3.47665107e+02  -1.41484475e-06
   3.47665596e+02  -5.32724007e-05
   3.47666084e+02  -6.62895263e-06
   3.47666572e+02  -5.09490856e-05
   3.47667061e+02  -2.20799891e-04
   3.47667549e+02  -1.51383181e-04
   3.47668037e+02   2.97667139e-04
   3.47668526e+02   4.28393367e-04
   3.47669014e+02  -1.15879091e-04
   3.47669502e+02  -3.96225776e-04
   3.47669990e+02  -8.75838014e-05
   3.47670479e+02   6.21171275e-05
   3.47670967e+02  -1.71156225e-05
   3.47671455e+02   1.91413201e-05
   3.47671944e+02   2.05602220e-04
   3.47672432e+02   3.09997326e-04
   3.47672920e+02   2.19345427e-04
   3.47673409e+02  -7.58831493e-06
   3.47673897e+02   1.55854708e-04
   3.47674385e+02   3.27083108e-04
   3.47674874e+02   8.80233802e-06
   3.47675362e+02   4.03773629e-05
   3.47675850e+02   2.26019532e-04
   3.47676338e+02   1.72388885e-04
   3.47676827e+02   2.73672224e-04
   3.47677315e+02   1.95036802e-04
   3.47677803e+02   6.26560577e-05
   3.47678292e+02   1.42293458e-04
   3.47678780e+02   3.56051569e-05
   3.47679268e+02  -1.73314402e-04
   3.47679757e+02  -1.05372914e-04
   3.47680245e+02   1.23687525e-04
   3.47680733e+02   1.30672197e-04
   3.47681222e+02   1.06344582e-04
   3.47681710e+02  -1.47615729e-05
   3.47682198e+02  -1.71377469e-04
   3.47682686e+02  -1.21174751e-04
   3.47683175e+02  -1.20936180e-04
   3.47683663e+02  -1.58855706e-04
   3.47684151e+02   1.48553154e-05
   3.47684640e+02   2.75164348e-04
   3.47685128e+02   3.41564941e-04
   3.47685616e+02   1.76512403e-04
   3.47686105e+02   3.85210224e-05
   3.47686593e+02   1.13729140e-04
   3.47687081e+02   3.85665247e-04
   3.47687570e+02   3.72058101e-04
   3.47688058e+02   4.89948361e-05
   3.47688546e+02  -3.89038556e-04
   3.47689034e+02  -6.88996806e-04
   3.47689523e+02  -4.16873227e-04
   3.47690011e+02   1.30742308e-04
   3.47690499e+02   3.49177484e-04
   3.47690988e+02   6.37856210e-05
   3.47691476e+02  -2.88894662e-04
   3.47691964e+02  -5.53105085e-04
   3.47692453e+02  -4.38662537e-04
   3.47692941e+02  -1.08571890e-04
   3.47693429e+02  -1.87792961e-04
   3.47693918e+02  -3.94222938e-04
   3.47694406e+02  -1.25043240e-04
   3.47694894e+02   3.27371410e-04
   3.47695382e+02   1.89147060e-04
