frequency (GHz), flux (Jy/beam)
   3.57803379e+02   2.71335756e-03
   3.57803867e+02   2.68708356e-03
   3.57804356e+02  -1.00409961e-03
   3.57804844e+02  -2.60676281e-03
   3.57805332e+02   1.31612038e-03
   3.57805821e+02   5.00221457e-03
   3.57806309e+02   2.32814811e-03
   3.57806797e+02  -1.16383145e-03
   3.57807285e+02  -8.70621472e-04
   3.57807774e+02   1.04080606e-03
   3.57808262e+02   2.09694728e-03
   3.57808750e+02   1.73674466e-03
   3.57809239e+02  -1.32154310e-04
   3.57809727e+02  -6.13800948e-04
   3.57810215e+02   6.51537615e-04
   3.57810704e+02   3.05830734e-04
   3.57811192e+02  -4.58850991e-04
   3.57811680e+02  -5.73996920e-04
   3.57812169e+02  -5.05645643e-04
   3.57812657e+02   2.79579574e-04
   3.57813145e+02   2.45662697e-04
   3.57813633e+02  -6.61716855e-04
   3.57814122e+02  -1.18606084e-03
   3.57814610e+02  -1.81968021e-03
   3.57815098e+02  -1.77101651e-03
   3.57815587e+02   4.13853297e-04
   3.57816075e+02   2.52290280e-03
   3.57816563e+02   3.46079678e-03
   3.57817052e+02   3.97188915e-03
   3.57817540e+02   2.26313039e-03
   3.57818028e+02  -7.51925691e-04
   3.57818517e+02  -1.00494968e-03
   3.57819005e+02   1.22047134e-03
   3.57819493e+02   4.26104432e-03
   3.57819981e+02   5.64238429e-03
   3.57820470e+02   3.32535454e-03
   3.57820958e+02   6.66780456e-04
   3.57821446e+02  -8.49585515e-04
   3.57821935e+02  -2.82348064e-03
   3.57822423e+02  -4.26462945e-03
   3.57822911e+02  -3.73024028e-03
   3.57823400e+02  -3.11296224e-03
   3.57823888e+02  -3.67249432e-03
   3.57824376e+02  -3.60603374e-03
   3.57824865e+02  -2.67403247e-03
   3.57825353e+02  -2.07632547e-03
   3.57825841e+02  -1.71725091e-03
   3.57826330e+02  -8.30883568e-04
   3.57826818e+02  -5.00591879e-04
   3.57827306e+02  -1.97837398e-05
   3.57827794e+02   9.77599411e-04
   3.57828283e+02   1.15659472e-03
   3.57828771e+02   1.13789900e-03
   3.57829259e+02   9.03451932e-04
   3.57829748e+02  -1.47872826e-03
   3.57830236e+02  -3.32050747e-03
   3.57830724e+02  -1.20082044e-03
   3.57831213e+02   8.06175347e-04
   3.57831701e+02   8.18959670e-04
   3.57832189e+02   1.47514988e-03
   3.57832678e+02   1.35480240e-03
   3.57833166e+02   7.89343030e-05
   3.57833654e+02   4.04224324e-04
   3.57834142e+02   7.78099347e-05
   3.57834631e+02  -1.58740836e-03
   3.57835119e+02  -1.07472553e-03
   3.57835607e+02   1.47746154e-03
   3.57836096e+02   3.52186733e-03
   3.57836584e+02   3.44583089e-03
   3.57837072e+02   2.21293536e-03
   3.57837561e+02   1.78167236e-03
   3.57838049e+02   2.86217954e-04
   3.57838537e+02  -2.30818428e-03
   3.57839026e+02  -2.84733530e-03
   3.57839514e+02  -2.37463252e-03
   3.57840002e+02  -2.49187951e-03
   3.57840490e+02  -2.22945353e-03
   3.57840979e+02  -6.65126310e-04
   3.57841467e+02   2.34313891e-03
   3.57841955e+02   4.54215193e-03
   3.57842444e+02   2.67427205e-03
   3.57842932e+02  -7.18705822e-04
   3.57843420e+02  -1.02918816e-03
   3.57843909e+02   4.03039565e-04
   3.57844397e+02   1.14311452e-03
   3.57844885e+02   2.00626138e-03
   3.57845374e+02   1.73458143e-03
   3.57845862e+02   3.18679347e-04
   3.57846350e+02   9.29461326e-04
   3.57846838e+02   2.26621260e-03
   3.57847327e+02   1.43257459e-03
   3.57847815e+02   1.41092984e-04
   3.57848303e+02  -6.04847330e-04
   3.57848792e+02  -6.56069606e-04
   3.57849280e+02   2.27484372e-04
   3.57849768e+02   1.29300961e-03
   3.57850257e+02   2.23310059e-03
   3.57850745e+02   2.07845378e-03
   3.57851233e+02   1.25716976e-03
   3.57851722e+02   2.11575627e-03
   3.57852210e+02   3.34542594e-03
   3.57852698e+02   3.89514770e-03
   3.57853186e+02   4.54445044e-03
   3.57853675e+02   4.50200448e-03
   3.57854163e+02   3.19603994e-03
   3.57854651e+02   5.38997236e-04
   3.57855140e+02  -1.68205751e-03
   3.57855628e+02  -6.57998607e-04
   3.57856116e+02   1.82545616e-03
   3.57856605e+02   2.53623468e-03
   3.57857093e+02   1.24584709e-03
   3.57857581e+02  -8.33940401e-04
   3.57858070e+02  -2.54149153e-03
   3.57858558e+02  -2.45451205e-03
   3.57859046e+02  -6.59809040e-04
   3.57859534e+02   6.89597451e-04
   3.57860023e+02   1.06883433e-03
   3.57860511e+02   6.40985498e-04
   3.57860999e+02  -1.04428189e-04
   3.57861488e+02  -4.17429837e-04
   3.57861976e+02   4.63141041e-04
   3.57862464e+02   1.72889570e-03
   3.57862953e+02   6.35641103e-04
   3.57863441e+02  -1.79775059e-03
   3.57863929e+02  -2.43544322e-03
   3.57864418e+02  -2.16305489e-03
   3.57864906e+02  -2.67846952e-03
   3.57865394e+02  -1.86481874e-03
   3.57865883e+02   4.64404380e-04
   3.57866371e+02   1.11034380e-04
   3.57866859e+02  -1.72265584e-03
   3.57867347e+02  -1.26510102e-03
   3.57867836e+02  -1.23577111e-03
   3.57868324e+02  -1.18615082e-03
   3.57868812e+02   2.60182889e-03
   3.57869301e+02   6.65057637e-03
   3.57869789e+02   5.89038525e-03
   3.57870277e+02   8.28615739e-04
   3.57870766e+02  -3.13838362e-03
   3.57871254e+02  -3.09561985e-03
   3.57871742e+02  -2.02688272e-03
   3.57872231e+02  -1.46676693e-03
   3.57872719e+02  -1.21499535e-04
   3.57873207e+02   8.47214716e-04
   3.57873695e+02   6.74624112e-04
   3.57874184e+02   6.97045587e-04
   3.57874672e+02   4.94896318e-04
   3.57875160e+02  -9.18017002e-04
   3.57875649e+02  -1.26469962e-03
   3.57876137e+02  -6.94339105e-04
   3.57876625e+02  -1.17720559e-03
   3.57877114e+02   1.01593563e-04
   3.57877602e+02   2.72993930e-03
   3.57878090e+02   3.21553461e-03
   3.57878579e+02   1.95182825e-03
   3.57879067e+02  -1.88710153e-04
   3.57879555e+02  -2.36044521e-03
   3.57880043e+02  -3.03937495e-03
   3.57880532e+02  -2.77676666e-03
   3.57881020e+02  -2.38945917e-03
   3.57881508e+02  -2.12931584e-04
   3.57881997e+02   1.75591861e-03
   3.57882485e+02  -2.42106194e-04
   3.57882973e+02  -2.63617653e-03
   3.57883462e+02  -3.61241138e-04
   3.57883950e+02   3.63286980e-03
   3.57884438e+02   3.66211403e-03
   3.57884927e+02   9.30186943e-04
   3.57885415e+02  -8.07557721e-04
   3.57885903e+02  -1.45201222e-03
   3.57886391e+02  -5.25543059e-04
   3.57886880e+02   2.13671057e-03
   3.57887368e+02   3.01163294e-03
   3.57887856e+02  -1.63572069e-04
   3.57888345e+02  -3.90806748e-03
   3.57888833e+02  -2.96246284e-03
   3.57889321e+02   3.10259609e-04
   3.57889810e+02   1.03183708e-03
   3.57890298e+02   1.36487058e-03
   3.57890786e+02   1.58302172e-03
   3.57891275e+02  -4.13473870e-04
   3.57891763e+02  -3.10921320e-03
   3.57892251e+02  -4.49496880e-03
   3.57892739e+02  -3.03341844e-03
   3.57893228e+02  -4.35126916e-04
   3.57893716e+02  -2.08556194e-05
   3.57894204e+02  -5.49089571e-04
   3.57894693e+02  -4.27914318e-04
   3.57895181e+02  -2.42795548e-04
   3.57895669e+02  -7.48614839e-04
   3.57896158e+02  -1.02196517e-03
   3.57896646e+02   3.46592249e-04
   3.57897134e+02   1.43014500e-03
   3.57897623e+02   7.83321331e-04
   3.57898111e+02  -4.55238856e-04
   3.57898599e+02  -4.47703263e-04
   3.57899087e+02   1.24783651e-03
   3.57899576e+02   2.08799052e-03
   3.57900064e+02   1.10256963e-03
   3.57900552e+02   8.35367595e-04
   3.57901041e+02   1.48823939e-03
   3.57901529e+02  -4.99685593e-05
   3.57902017e+02  -2.72082747e-03
   3.57902506e+02  -2.73065036e-03
   3.57902994e+02  -3.09424475e-04
   3.57903482e+02   1.22757407e-03
   3.57903971e+02   7.74705433e-04
   3.57904459e+02   5.09145961e-04
   3.57904947e+02   9.51334601e-04
   3.57905436e+02   4.70796309e-04
   3.57905924e+02  -4.99195245e-04
   3.57906412e+02  -8.98641651e-04
   3.57906900e+02  -1.03379530e-03
   3.57907389e+02  -2.32163569e-04
   3.57907877e+02   1.01908925e-03
   3.57908365e+02   1.23941922e-03
   3.57908854e+02   4.38846764e-04
   3.57909342e+02  -1.85329863e-03
   3.57909830e+02  -3.00024287e-03
   3.57910319e+02  -5.15391002e-04
   3.57910807e+02   1.47976901e-03
   3.57911295e+02   8.77841492e-04
   3.57911784e+02   2.99948617e-04
   3.57912272e+02  -7.98416149e-05
   3.57912760e+02  -2.70503631e-04
   3.57913248e+02  -7.99384958e-04
   3.57913737e+02  -1.91718317e-03
   3.57914225e+02  -2.08647316e-03
   3.57914713e+02  -2.41359556e-03
   3.57915202e+02  -2.95794662e-03
   3.57915690e+02  -2.50332453e-03
   3.57916178e+02  -2.80061527e-03
   3.57916667e+02  -3.56760970e-03
   3.57917155e+02  -2.62627262e-03
   3.57917643e+02  -1.16915340e-04
   3.57918132e+02   5.88348077e-04
   3.57918620e+02  -1.82337814e-03
   3.57919108e+02  -4.15253779e-03
   3.57919596e+02  -1.49257807e-03
   3.57920085e+02   3.07211396e-03
   3.57920573e+02   3.19583039e-03
   3.57921061e+02  -3.59623838e-04
   3.57921550e+02  -2.71400879e-03
   3.57922038e+02  -1.84413383e-03
   3.57922526e+02  -5.34348714e-04
   3.57923015e+02  -1.65049348e-03
   3.57923503e+02  -3.53385881e-03
   3.57923991e+02  -2.52823089e-03
   3.57924480e+02   4.18823969e-04
   3.57924968e+02   1.90422568e-03
   3.57925456e+02   2.37486325e-03
   3.57925944e+02   1.45482772e-03
   3.57926433e+02  -1.39598188e-03
   3.57926921e+02  -3.74406227e-03
   3.57927409e+02  -4.73308796e-03
   3.57927898e+02  -3.64670414e-03
   3.57928386e+02  -2.14975351e-03
   3.57928874e+02  -2.96407379e-03
   3.57929363e+02  -2.61027133e-03
   3.57929851e+02   3.69335205e-04
   3.57930339e+02   2.23371084e-03
   3.57930828e+02   9.09570372e-04
   3.57931316e+02  -2.16979859e-03
   3.57931804e+02  -3.63244396e-03
   3.57932292e+02  -2.67800409e-03
   3.57932781e+02  -2.12308462e-03
   3.57933269e+02  -2.77843582e-03
   3.57933757e+02  -1.94868003e-03
   3.57934246e+02   1.58092042e-03
   3.57934734e+02   4.04977519e-03
   3.57935222e+02   3.54091031e-03
   3.57935711e+02   2.13091192e-03
   3.57936199e+02   1.39300944e-03
   3.57936687e+02   1.33491191e-03
   3.57937176e+02   2.12090136e-03
   3.57937664e+02   3.27982265e-03
   3.57938152e+02   3.40691255e-03
   3.57938640e+02   3.93605884e-03
   3.57939129e+02   3.72971362e-03
   3.57939617e+02   1.14318449e-03
   3.57940105e+02   7.26541213e-04
   3.57940594e+02   2.19153846e-03
   3.57941082e+02   1.24640623e-03
   3.57941570e+02  -1.09996926e-03
   3.57942059e+02  -1.91473076e-03
   3.57942547e+02  -9.69484565e-04
   3.57943035e+02   4.04101651e-04
   3.57943524e+02   1.12680031e-03
   3.57944012e+02   5.07437508e-04
   3.57944500e+02  -1.41216395e-03
   3.57944989e+02  -2.84066633e-03
   3.57945477e+02  -2.06346787e-03
   3.57945965e+02  -1.31447229e-03
   3.57946453e+02  -1.68500631e-03
   3.57946942e+02  -1.18993712e-03
   3.57947430e+02  -1.15739787e-03
   3.57947918e+02  -1.35691953e-03
   3.57948407e+02  -3.04524961e-04
   3.57948895e+02   6.96203933e-05
   3.57949383e+02  -1.71116227e-03
   3.57949872e+02  -5.15088858e-03
   3.57950360e+02  -6.37959689e-03
   3.57950848e+02  -4.72289184e-03
   3.57951337e+02  -1.98686519e-03
   3.57951825e+02   4.00169636e-04
   3.57952313e+02   4.73983848e-04
   3.57952801e+02  -1.09098526e-03
   3.57953290e+02  -1.33673730e-03
   3.57953778e+02   6.57016411e-04
   3.57954266e+02   1.77924556e-03
   3.57954755e+02   1.17978500e-03
   3.57955243e+02   1.54950644e-03
   3.57955731e+02   1.98471267e-03
   3.57956220e+02   1.33758201e-03
   3.57956708e+02   1.80543761e-03
   3.57957196e+02   2.43751635e-03
   3.57957685e+02   1.82666723e-03
   3.57958173e+02   1.46546040e-03
   3.57958661e+02   8.11685284e-04
   3.57959149e+02  -7.77410401e-04
   3.57959638e+02  -1.60664285e-03
   3.57960126e+02  -9.63588769e-04
   3.57960614e+02  -4.81197698e-04
   3.57961103e+02  -1.49747019e-03
   3.57961591e+02  -1.21168850e-03
   3.57962079e+02   1.23086001e-03
   3.57962568e+02   1.65759062e-03
   3.57963056e+02   8.64587724e-04
   3.57963544e+02   2.73709046e-03
   3.57964033e+02   4.04872419e-03
   3.57964521e+02   1.91018695e-03
   3.57965009e+02  -7.93783343e-04
   3.57965497e+02  -1.26377633e-03
   3.57965986e+02   1.90223532e-03
   3.57966474e+02   4.72501433e-03
   3.57966962e+02   2.96399533e-03
   3.57967451e+02   7.77972673e-05
   3.57967939e+02  -9.31853720e-05
   3.57968427e+02   9.43478255e-04
   3.57968916e+02   1.21252937e-03
   3.57969404e+02   1.25088904e-03
   3.57969892e+02  -3.28327820e-04
   3.57970381e+02  -3.22698173e-03
   3.57970869e+02  -3.73739353e-03
   3.57971357e+02  -1.43147062e-03
   3.57971845e+02   3.80542304e-04
   3.57972334e+02   6.58612862e-06
   3.57972822e+02  -1.25637697e-03
   3.57973310e+02  -1.65572204e-03
   3.57973799e+02  -1.81922573e-03
   3.57974287e+02  -2.27775471e-03
   3.57974775e+02  -1.55112904e-03
   3.57975264e+02   1.18962133e-04
   3.57975752e+02   1.59265602e-03
   3.57976240e+02   8.26357456e-04
   3.57976729e+02  -3.18760611e-03
   3.57977217e+02  -4.03277436e-03
   3.57977705e+02  -1.79529679e-03
   3.57978193e+02  -1.59662170e-03
   3.57978682e+02  -1.95643306e-03
   3.57979170e+02  -6.74711133e-04
   3.57979658e+02   2.49932957e-04
   3.57980147e+02   2.02106879e-04
   3.57980635e+02   4.37022070e-04
   3.57981123e+02   5.98979532e-04
   3.57981612e+02   8.59205669e-04
   3.57982100e+02   1.27036683e-03
   3.57982588e+02   1.95163791e-03
   3.57983077e+02   2.43929611e-03
   3.57983565e+02   1.30234740e-03
   3.57984053e+02   1.42688077e-04
   3.57984542e+02  -3.30114504e-04
   3.57985030e+02  -1.67551660e-03
   3.57985518e+02  -2.78964103e-03
   3.57986006e+02  -2.00772542e-03
   3.57986495e+02  -1.16040825e-03
   3.57986983e+02  -8.06883501e-04
   3.57987471e+02  -3.15404352e-04
   3.57987960e+02  -1.35771828e-04
   3.57988448e+02  -4.86888748e-05
   3.57988936e+02   2.83355999e-04
   3.57989425e+02   5.56867279e-04
   3.57989913e+02   1.44778762e-03
   3.57990401e+02   1.75454328e-03
   3.57990890e+02   1.06194359e-03
   3.57991378e+02   1.49678974e-03
   3.57991866e+02   2.49810657e-03
   3.57992354e+02   1.40762294e-03
   3.57992843e+02  -4.89822472e-04
   3.57993331e+02   3.05968337e-04
   3.57993819e+02   2.08994793e-03
   3.57994308e+02   7.38473391e-05
   3.57994796e+02  -4.40469291e-03
   3.57995284e+02  -4.39046463e-03
   3.57995773e+02  -1.12121890e-03
   3.57996261e+02  -1.22885581e-03
   3.57996749e+02  -2.38957140e-03
   3.57997238e+02  -2.86278664e-04
   3.57997726e+02   1.87931233e-03
   3.57998214e+02   3.95124051e-04
   3.57998702e+02  -1.51707034e-03
   3.57999191e+02  -4.82884090e-04
   3.57999679e+02   1.22836162e-03
   3.58000167e+02   1.27156032e-03
   3.58000656e+02  -1.08665810e-03
   3.58001144e+02  -2.94253905e-03
   3.58001632e+02  -2.28825593e-04
   3.58002121e+02   3.33576463e-03
   3.58002609e+02   4.18679463e-03
   3.58003097e+02   4.37507220e-03
   3.58003586e+02   4.11009090e-03
   3.58004074e+02   2.63414485e-03
   3.58004562e+02   1.94634998e-03
   3.58005050e+02   1.35198096e-03
   3.58005539e+02  -7.54011853e-04
   3.58006027e+02  -1.00983132e-03
   3.58006515e+02   2.51125940e-03
   3.58007004e+02   4.85891243e-03
   3.58007492e+02   2.20004749e-03
   3.58007980e+02  -9.67561267e-04
   3.58008469e+02   3.23157292e-05
   3.58008957e+02   2.44955695e-03
   3.58009445e+02   2.79961200e-03
   3.58009934e+02   3.39719933e-04
   3.58010422e+02  -2.78773997e-03
   3.58010910e+02  -2.72404333e-03
   3.58011398e+02  -8.84417328e-04
   3.58011887e+02   6.22855558e-04
   3.58012375e+02   1.71502749e-03
   3.58012863e+02   7.13030808e-04
   3.58013352e+02  -2.15026923e-03
   3.58013840e+02  -2.41134455e-03
   3.58014328e+02   1.31039403e-03
   3.58014817e+02   3.31949466e-03
   3.58015305e+02   1.71464984e-03
   3.58015793e+02   6.21069397e-04
   3.58016282e+02   8.13104445e-04
   3.58016770e+02   2.97825871e-04
   3.58017258e+02  -4.17480973e-04
   3.58017746e+02   4.73242719e-04
   3.58018235e+02   2.70374888e-03
   3.58018723e+02   4.14580479e-03
   3.58019211e+02   3.46497726e-03
   3.58019700e+02   1.40937022e-03
   3.58020188e+02  -4.51026455e-04
   3.58020676e+02  -1.16074353e-03
   3.58021165e+02   1.06793654e-03
   3.58021653e+02   4.22718516e-03
   3.58022141e+02   3.21145356e-03
   3.58022630e+02   4.60774550e-04
   3.58023118e+02  -9.71306436e-05
   3.58023606e+02  -1.40455450e-04
   3.58024095e+02   7.61799980e-04
   3.58024583e+02   2.95563205e-03
   3.58025071e+02   2.08045542e-03
   3.58025559e+02  -4.25199018e-04
   3.58026048e+02  -6.89238310e-04
   3.58026536e+02  -4.80583170e-04
   3.58027024e+02   1.12137684e-04
   3.58027513e+02   5.24934265e-04
   3.58028001e+02  -1.02117949e-03
   3.58028489e+02  -1.31815998e-03
   3.58028978e+02   2.78668827e-04
   3.58029466e+02   4.64015728e-04
   3.58029954e+02   8.11008504e-04
   3.58030443e+02   3.37551278e-03
   3.58030931e+02   5.81197534e-03
   3.58031419e+02   4.77259792e-03
   3.58031907e+02   8.86190857e-04
   3.58032396e+02  -7.50563049e-04
   3.58032884e+02  -8.10800935e-04
   3.58033372e+02  -1.50419644e-03
   3.58033861e+02  -5.22332033e-04
   3.58034349e+02   1.51747558e-03
   3.58034837e+02   3.05793458e-03
   3.58035326e+02   6.06739195e-03
   3.58035814e+02   4.88701696e-03
   3.58036302e+02   2.30512023e-03
   3.58036791e+02   1.52123941e-03
   3.58037279e+02   4.60449344e-04
   3.58037767e+02  -1.39990545e-04
   3.58038255e+02  -1.22609129e-03
   3.58038744e+02  -2.06413725e-03
   3.58039232e+02  -1.23581372e-03
   3.58039720e+02  -1.94435474e-03
   3.58040209e+02  -2.79824971e-03
   3.58040697e+02   8.10681086e-05
   3.58041185e+02   3.33869341e-03
   3.58041674e+02   2.99545517e-03
   3.58042162e+02  -1.43489800e-04
   3.58042650e+02  -2.01057410e-03
   3.58043139e+02   2.50021956e-04
   3.58043627e+02   2.64004827e-03
   3.58044115e+02   1.53576653e-03
   3.58044603e+02  -1.66831014e-03
   3.58045092e+02  -3.22460942e-03
   3.58045580e+02  -2.13508261e-03
   3.58046068e+02   2.51125806e-04
   3.58046557e+02   1.60209090e-03
   3.58047045e+02   8.47337724e-05
   3.58047533e+02  -1.29584363e-03
   3.58048022e+02  -3.54752730e-04
   3.58048510e+02   3.74548457e-04
   3.58048998e+02  -2.63316731e-04
   3.58049487e+02   3.15656886e-04
   3.58049975e+02   1.57707243e-03
   3.58050463e+02   3.61576094e-04
   3.58050951e+02  -2.04656832e-03
   3.58051440e+02  -2.68190634e-03
   3.58051928e+02  -2.90072546e-03
   3.58052416e+02  -2.61956500e-03
   3.58052905e+02  -3.03507899e-04
   3.58053393e+02   2.47799233e-03
   3.58053881e+02   3.67535558e-03
   3.58054370e+02   1.31994754e-03
   3.58054858e+02  -3.30703892e-03
   3.58055346e+02  -6.47871755e-03
   3.58055835e+02  -6.23538159e-03
   3.58056323e+02  -4.19315370e-03
   3.58056811e+02  -3.88093572e-03
   3.58057299e+02  -4.01095115e-03
   3.58057788e+02  -2.24506599e-03
   3.58058276e+02   3.32326774e-04
   3.58058764e+02   3.26689682e-03
   3.58059253e+02   4.46729967e-03
   3.58059741e+02   2.62591313e-03
   3.58060229e+02  -4.65728081e-04
   3.58060718e+02  -2.17722449e-03
   3.58061206e+02  -1.11964904e-03
   3.58061694e+02   6.23679894e-04
   3.58062183e+02  -1.16509153e-03
   3.58062671e+02  -4.19288408e-03
   3.58063159e+02  -2.83028325e-03
   3.58063648e+02   1.68486382e-03
   3.58064136e+02   3.93024413e-03
   3.58064624e+02   1.95547380e-03
   3.58065112e+02  -1.94355554e-04
   3.58065601e+02   1.52026681e-04
   3.58066089e+02   1.88301899e-04
   3.58066577e+02  -7.52993918e-04
   3.58067066e+02  -4.38302901e-04
   3.58067554e+02   2.89507123e-04
   3.58068042e+02   6.50359027e-04
   3.58068531e+02   1.14321220e-03
   3.58069019e+02   2.83115718e-04
   3.58069507e+02  -2.40215985e-03
   3.58069996e+02  -2.75692064e-03
   3.58070484e+02   1.27247255e-03
   3.58070972e+02   4.39688889e-03
   3.58071460e+02   2.76485831e-03
   3.58071949e+02  -1.17189507e-03
   3.58072437e+02  -2.47112010e-03
   3.58072925e+02  -3.21918022e-04
   3.58073414e+02   2.03400920e-03
   3.58073902e+02   3.25274537e-03
   3.58074390e+02   2.65492802e-03
   3.58074879e+02   2.02296232e-03
   3.58075367e+02   2.53754435e-03
   3.58075855e+02   2.31958670e-03
   3.58076344e+02   2.02040793e-03
   3.58076832e+02   2.06321059e-03
   3.58077320e+02   1.99101167e-03
   3.58077808e+02   2.04631314e-03
   3.58078297e+02   4.35342808e-04
   3.58078785e+02  -2.97778798e-03
   3.58079273e+02  -4.91587492e-03
   3.58079762e+02  -4.53588320e-03
   3.58080250e+02  -2.59201811e-03
   3.58080738e+02   2.58513232e-04
   3.58081227e+02   1.40368659e-03
   3.58081715e+02  -5.94240148e-04
   3.58082203e+02  -3.45307868e-03
   3.58082692e+02  -3.93541157e-03
   3.58083180e+02  -2.09564809e-03
   3.58083668e+02   1.78059959e-03
   3.58084156e+02   5.40751545e-03
   3.58084645e+02   4.36472427e-03
   3.58085133e+02   1.77830138e-04
   3.58085621e+02  -3.08900722e-03
   3.58086110e+02  -3.49611067e-03
   3.58086598e+02  -2.83306674e-03
   3.58087086e+02  -2.94495351e-03
   3.58087575e+02  -1.43901049e-03
   3.58088063e+02   5.59677137e-04
   3.58088551e+02   4.07489191e-04
   3.58089040e+02  -9.91628505e-04
   3.58089528e+02  -1.77420373e-03
   3.58090016e+02  -9.56111297e-04
   3.58090504e+02  -3.62553925e-04
   3.58090993e+02  -1.37965532e-03
   3.58091481e+02  -2.15953472e-03
   3.58091969e+02  -2.38137436e-03
   3.58092458e+02  -2.09022244e-03
   3.58092946e+02  -1.44009187e-03
   3.58093434e+02  -2.13261577e-03
   3.58093923e+02  -2.90844031e-03
   3.58094411e+02  -1.33912486e-03
   3.58094899e+02  -9.36249213e-04
   3.58095388e+02  -2.47492548e-03
   3.58095876e+02  -2.11347593e-03
   3.58096364e+02  -5.19776251e-04
   3.58096852e+02  -6.96007803e-04
   3.58097341e+02  -1.68499222e-03
   3.58097829e+02  -1.14421849e-03
   3.58098317e+02  -2.27930170e-04
   3.58098806e+02  -5.67587776e-05
   3.58099294e+02   1.36863394e-03
   3.58099782e+02   3.24328733e-03
   3.58100271e+02   3.51118552e-03
   3.58100759e+02   3.14856693e-03
   3.58101247e+02   1.82372879e-03
   3.58101736e+02  -1.28928936e-04
   3.58102224e+02  -7.40958087e-04
   3.58102712e+02  -5.82259381e-04
   3.58103201e+02  -6.77751086e-05
   3.58103689e+02   9.68749868e-04
   3.58104177e+02   5.97834180e-04
   3.58104665e+02   2.17959823e-05
   3.58105154e+02   1.64615142e-03
   3.58105642e+02   2.73543946e-03
   3.58106130e+02   2.20527360e-03
   3.58106619e+02   1.50629226e-03
   3.58107107e+02   6.62551494e-04
   3.58107595e+02  -9.17061479e-05
   3.58108084e+02  -7.10559485e-04
   3.58108572e+02  -8.69442185e-04
   3.58109060e+02   1.46743841e-04
   3.58109549e+02   1.15599786e-03
   3.58110037e+02   1.47762345e-04
   3.58110525e+02  -2.46458291e-03
   3.58111013e+02  -3.63039621e-03
   3.58111502e+02  -1.72425830e-03
   3.58111990e+02  -3.02217959e-05
   3.58112478e+02   2.04921438e-04
   3.58112967e+02   1.52316387e-03
   3.58113455e+02   3.28889699e-03
   3.58113943e+02   4.06356296e-03
   3.58114432e+02   2.89760786e-03
   3.58114920e+02   8.29675293e-04
   3.58115408e+02  -9.92728819e-05
   3.58115897e+02  -9.61163605e-05
   3.58116385e+02  -7.75801251e-04
   3.58116873e+02  -1.99336978e-03
   3.58117361e+02  -2.22576992e-03
   3.58117850e+02  -3.51492572e-03
   3.58118338e+02  -5.43785747e-03
   3.58118826e+02  -3.30354716e-03
   3.58119315e+02  -2.60624856e-05
   3.58119803e+02   1.69579231e-04
   3.58120291e+02  -1.18224160e-03
   3.58120780e+02  -2.82256422e-03
   3.58121268e+02  -2.52475427e-03
   3.58121756e+02  -7.54315697e-04
   3.58122245e+02  -1.22185540e-03
   3.58122733e+02  -1.52751931e-03
   3.58123221e+02   3.73636605e-04
   3.58123709e+02   1.77011965e-03
   3.58124198e+02   2.05458305e-03
   3.58124686e+02   1.82693661e-03
   3.58125174e+02   4.14726906e-04
   3.58125663e+02  -1.06744119e-03
   3.58126151e+02  -9.68905864e-04
   3.58126639e+02  -6.86581130e-04
   3.58127128e+02  -1.07864803e-03
   3.58127616e+02   3.89676097e-05
   3.58128104e+02   2.63176416e-03
   3.58128593e+02   2.37770355e-03
   3.58129081e+02  -1.71303935e-03
   3.58129569e+02  -6.07729144e-03
   3.58130057e+02  -6.83554774e-03
   3.58130546e+02  -4.73207841e-03
   3.58131034e+02  -2.54770298e-03
   3.58131522e+02  -4.53846180e-04
   3.58132011e+02   1.74111826e-03
   3.58132499e+02   3.06503451e-03
   3.58132987e+02   1.71946443e-03
   3.58133476e+02  -5.22489252e-04
   3.58133964e+02  -9.14690434e-04
   3.58134452e+02  -1.26583455e-03
   3.58134941e+02  -1.73831801e-03
   3.58135429e+02   8.43776506e-04
   3.58135917e+02   4.42404160e-03
   3.58136405e+02   2.53190286e-03
   3.58136894e+02  -2.21663876e-03
   3.58137382e+02  -3.38062178e-03
   3.58137870e+02  -2.12920550e-03
   3.58138359e+02  -6.35161065e-04
   3.58138847e+02   7.06274295e-04
   3.58139335e+02   6.35325443e-04
   3.58139824e+02   5.28556178e-04
   3.58140312e+02   1.72946812e-03
   3.58140800e+02   2.45677680e-03
   3.58141289e+02   2.27882457e-03
   3.58141777e+02   2.11089989e-03
   3.58142265e+02   2.57472810e-03
   3.58142754e+02   3.64796538e-03
   3.58143242e+02   2.31583533e-03
   3.58143730e+02  -7.24343059e-04
   3.58144218e+02  -1.22178590e-03
   3.58144707e+02  -2.86275783e-04
   3.58145195e+02   1.00358273e-03
   3.58145683e+02   3.22243175e-03
   3.58146172e+02   2.49018357e-03
   3.58146660e+02  -1.79165730e-03
   3.58147148e+02  -3.21191340e-03
   3.58147637e+02  -3.66379711e-04
   3.58148125e+02   4.10387001e-04
   3.58148613e+02  -1.95483561e-03
   3.58149102e+02  -2.95422738e-03
   3.58149590e+02  -1.56885362e-03
   3.58150078e+02  -2.33695930e-04
   3.58150566e+02  -1.17345655e-03
   3.58151055e+02  -2.82514119e-03
   3.58151543e+02  -3.63331777e-03
   3.58152031e+02  -3.84113262e-03
   3.58152520e+02  -1.98842236e-03
   3.58153008e+02  -1.14709896e-04
   3.58153496e+02   1.74820438e-04
   3.58153985e+02  -9.57497919e-04
   3.58154473e+02  -2.06423132e-03
   3.58154961e+02  -1.25964731e-03
   3.58155450e+02   4.69624851e-04
   3.58155938e+02   1.90902513e-03
   3.58156426e+02   2.37982720e-03
   3.58156914e+02   5.43344824e-04
   3.58157403e+02  -1.56482868e-03
   3.58157891e+02  -2.38002907e-03
   3.58158379e+02  -2.44404539e-03
   3.58158868e+02  -1.50153332e-03
   3.58159356e+02  -4.29116248e-04
   3.58159844e+02  -6.62897728e-05
   3.58160333e+02   3.73812392e-04
   3.58160821e+02   1.29613071e-03
   3.58161309e+02   8.47793126e-04
   3.58161798e+02  -3.96882271e-04
   3.58162286e+02   4.11065470e-04
   3.58162774e+02   3.03160143e-03
   3.58163262e+02   4.92962636e-03
   3.58163751e+02   3.77287553e-03
   3.58164239e+02  -4.98506008e-04
   3.58164727e+02  -3.85671528e-03
   3.58165216e+02  -3.27969366e-03
   3.58165704e+02  -1.28056144e-03
   3.58166192e+02   5.97517472e-04
   3.58166681e+02   2.28807610e-03
   3.58167169e+02   2.39781057e-03
   3.58167657e+02  -1.35272392e-04
   3.58168146e+02  -3.46507388e-03
   3.58168634e+02  -4.03421000e-03
   3.58169122e+02  -3.27331689e-03
   3.58169610e+02  -2.38007680e-03
   3.58170099e+02  -8.82381573e-04
   3.58170587e+02  -5.81637214e-05
   3.58171075e+02   7.20517477e-04
   3.58171564e+02   1.73630693e-03
   3.58172052e+02   2.25002132e-03
   3.58172540e+02   3.42901889e-03
   3.58173029e+02   4.91290493e-03
   3.58173517e+02   5.72682498e-03
   3.58174005e+02   7.17013516e-03
   3.58174494e+02   8.98419786e-03
   3.58174982e+02   6.84515480e-03
   3.58175470e+02   5.72883466e-04
   3.58175958e+02  -2.05928134e-03
   3.58176447e+02  -1.18809252e-03
   3.58176935e+02  -1.80000195e-03
   3.58177423e+02  -2.22583115e-03
   3.58177912e+02  -8.33299884e-04
   3.58178400e+02   2.59948778e-03
   3.58178888e+02   5.58361225e-03
   3.58179377e+02   2.97656422e-03
   3.58179865e+02  -1.00503687e-03
   3.58180353e+02  -3.05376343e-05
   3.58180842e+02   1.71048928e-03
   3.58181330e+02   1.82003598e-03
   3.58181818e+02   3.08813434e-03
   3.58182307e+02   2.85648368e-03
   3.58182795e+02  -1.30307290e-03
   3.58183283e+02  -4.26893402e-03
   3.58183771e+02  -3.36537370e-03
   3.58184260e+02  -3.02084535e-03
   3.58184748e+02  -3.19133303e-03
   3.58185236e+02  -9.20269056e-04
   3.58185725e+02   2.97648390e-03
   3.58186213e+02   4.56462428e-03
   3.58186701e+02   2.94443825e-03
   3.58187190e+02   2.22542696e-03
   3.58187678e+02   1.32636225e-03
   3.58188166e+02  -7.95387255e-04
   3.58188655e+02  -5.34437364e-04
   3.58189143e+02   7.54614361e-04
   3.58189631e+02   2.10627308e-03
   3.58190119e+02   2.54696095e-03
   3.58190608e+02   3.50989126e-06
   3.58191096e+02  -1.54372188e-03
   3.58191584e+02   1.20030378e-03
   3.58192073e+02   3.10985255e-03
   3.58192561e+02   1.44694303e-03
   3.58193049e+02   7.28579238e-04
   3.58193538e+02   1.57148158e-03
   3.58194026e+02   8.37570173e-04
   3.58194514e+02  -8.03804200e-04
   3.58195003e+02  -1.85841415e-03
   3.58195491e+02  -2.72443681e-03
   3.58195979e+02  -1.18280202e-03
   3.58196467e+02   2.90100533e-03
   3.58196956e+02   4.53131227e-03
   3.58197444e+02   2.36024382e-03
   3.58197932e+02   3.70664813e-04
   3.58198421e+02   2.20031547e-03
   3.58198909e+02   3.80401686e-03
   3.58199397e+02   3.07804439e-04
   3.58199886e+02  -3.38883861e-03
   3.58200374e+02  -2.60319491e-03
   3.58200862e+02  -1.11675356e-03
   3.58201351e+02  -7.15355913e-04
   3.58201839e+02   1.21482927e-03
   3.58202327e+02   1.10001117e-03
   3.58202815e+02  -2.42585386e-03
   3.58203304e+02  -3.14300135e-03
   3.58203792e+02   6.05225447e-04
   3.58204280e+02   3.42220231e-03
   3.58204769e+02   2.48433417e-03
   3.58205257e+02   2.49536382e-03
   3.58205745e+02   4.07417584e-03
   3.58206234e+02   2.74551264e-03
   3.58206722e+02   5.75108628e-04
   3.58207210e+02   1.25698769e-03
   3.58207699e+02   1.55603036e-03
   3.58208187e+02  -4.58589231e-04
   3.58208675e+02  -1.61678903e-03
   3.58209163e+02  -1.02256564e-03
   3.58209652e+02  -6.51535287e-04
   3.58210140e+02  -9.38914716e-04
   3.58210628e+02  -1.11948466e-03
   3.58211117e+02  -7.31105043e-04
   3.58211605e+02  -3.20489082e-04
   3.58212093e+02  -1.49782235e-03
   3.58212582e+02  -3.68633377e-03
   3.58213070e+02  -2.69135740e-03
   3.58213558e+02   1.33819168e-03
   3.58214047e+02   4.54401551e-03
   3.58214535e+02   5.85661642e-03
   3.58215023e+02   6.15281565e-03
   3.58215511e+02   6.43862225e-03
   3.58216000e+02   4.71310131e-03
   3.58216488e+02   2.50353769e-04
   3.58216976e+02  -2.79879011e-03
   3.58217465e+02  -2.16127350e-03
   3.58217953e+02  -6.48500631e-04
   3.58218441e+02   4.27787658e-04
   3.58218930e+02   1.18933420e-03
   3.58219418e+02  -8.96190351e-04
   3.58219906e+02  -4.43727477e-03
   3.58220395e+02  -8.45325366e-03
   3.58220883e+02  -1.03238998e-02
   3.58221371e+02  -6.05934951e-03
   3.58221860e+02  -4.08871070e-04
   3.58222348e+02   1.65842939e-03
   3.58222836e+02   1.84561242e-03
   3.58223324e+02   1.51676720e-03
   3.58223813e+02   1.59079931e-03
   3.58224301e+02   1.06001680e-03
   3.58224789e+02  -9.18089470e-04
   3.58225278e+02  -1.97358872e-03
   3.58225766e+02  -7.88892037e-04
   3.58226254e+02  -7.50764084e-05
   3.58226743e+02   1.12535039e-04
   3.58227231e+02   8.31006269e-04
   3.58227719e+02   2.00762390e-03
   3.58228208e+02   1.88949599e-03
   3.58228696e+02  -1.15684269e-03
   3.58229184e+02  -2.26473552e-03
   3.58229672e+02  -8.66264163e-05
   3.58230161e+02   1.45786980e-04
   3.58230649e+02   2.37467437e-04
   3.58231137e+02   1.15529459e-03
   3.58231626e+02  -7.17953590e-05
   3.58232114e+02  -1.25214003e-03
   3.58232602e+02  -2.33585644e-03
   3.58233091e+02  -3.68576380e-03
   3.58233579e+02  -2.52506952e-03
   3.58234067e+02  -9.76004289e-04
   3.58234556e+02  -1.32096850e-03
   3.58235044e+02  -1.22120127e-03
   3.58235532e+02  -1.31952995e-03
   3.58236020e+02  -2.78921379e-03
   3.58236509e+02  -1.86449266e-03
   3.58236997e+02   6.53711264e-04
   3.58237485e+02   3.22268228e-04
   3.58237974e+02  -8.17382708e-04
   3.58238462e+02  -7.35428825e-04
   3.58238950e+02  -4.01122525e-04
   3.58239439e+02   1.01737503e-04
   3.58239927e+02   1.35285244e-03
   3.58240415e+02   1.56152714e-03
   3.58240904e+02   8.75459868e-04
   3.58241392e+02   1.53929926e-03
   3.58241880e+02   1.89243047e-03
   3.58242368e+02   1.49631733e-03
   3.58242857e+02   1.56204542e-03
   3.58243345e+02   1.87997916e-03
   3.58243833e+02   3.28298705e-03
   3.58244322e+02   4.26120777e-03
   3.58244810e+02   2.03128415e-03
   3.58245298e+02  -7.30646425e-04
   3.58245787e+02  -9.91580891e-04
   3.58246275e+02   8.22628790e-04
   3.58246763e+02   6.88921602e-04
   3.58247252e+02  -2.48460355e-03
   3.58247740e+02  -3.35049629e-03
   3.58248228e+02  -1.13306474e-03
   3.58248716e+02  -1.89459301e-03
   3.58249205e+02  -4.40605078e-03
   3.58249693e+02  -3.47296475e-03
   3.58250181e+02  -1.02983625e-03
   3.58250670e+02  -7.05375394e-04
   3.58251158e+02  -1.43111066e-03
   3.58251646e+02   1.24090852e-03
   3.58252135e+02   7.15632038e-03
   3.58252623e+02   9.12007317e-03
   3.58253111e+02   4.57328046e-03
   3.58253600e+02  -1.17304118e-03
   3.58254088e+02  -3.29064857e-03
   3.58254576e+02  -2.29989388e-03
   3.58255064e+02  -1.36673194e-03
   3.58255553e+02  -1.05519395e-03
   3.58256041e+02  -3.36758356e-04
   3.58256529e+02  -5.50597557e-04
   3.58257018e+02  -1.58412731e-03
   3.58257506e+02  -7.96645298e-04
   3.58257994e+02   4.26898769e-04
   3.58258483e+02   1.71487889e-04
   3.58258971e+02  -4.98090580e-04
   3.58259459e+02  -8.89121729e-04
   3.58259948e+02   9.86564032e-07
   3.58260436e+02   1.61942095e-03
   3.58260924e+02   2.71047768e-03
   3.58261412e+02   4.52271383e-03
   3.58261901e+02   6.91129360e-03
   3.58262389e+02   6.76316069e-03
   3.58262877e+02   3.31931538e-03
   3.58263366e+02   2.21794005e-03
   3.58263854e+02   4.53394465e-03
   3.58264342e+02   4.42372821e-03
   3.58264831e+02   2.43792799e-03
   3.58265319e+02   2.16228329e-03
   3.58265807e+02   1.78714050e-03
   3.58266296e+02   1.90495746e-03
   3.58266784e+02   4.64245956e-03
   3.58267272e+02   4.35030181e-03
   3.58267761e+02   2.32177743e-04
   3.58268249e+02  -1.25414960e-03
   3.58268737e+02  -7.65703968e-04
   3.58269225e+02  -1.18839659e-03
   3.58269714e+02  -2.99710175e-03
   3.58270202e+02  -3.94022139e-03
   3.58270690e+02  -2.63824267e-03
   3.58271179e+02  -3.06402915e-03
   3.58271667e+02  -5.47120580e-03
   3.58272155e+02  -5.50750224e-03
   3.58272644e+02  -4.40057553e-03
   3.58273132e+02  -4.56731254e-03
   3.58273620e+02  -3.57326958e-03
   3.58274109e+02  -2.43316426e-05
   3.58274597e+02   3.19087319e-03
   3.58275085e+02   3.23727401e-03
   3.58275573e+02   9.46572924e-04
   3.58276062e+02  -6.87077991e-04
   3.58276550e+02  -3.52838222e-04
   3.58277038e+02  -8.17146647e-05
   3.58277527e+02  -7.81463983e-04
   3.58278015e+02  -1.37115875e-03
   3.58278503e+02  -8.56161278e-05
   3.58278992e+02   1.78807252e-03
   3.58279480e+02   1.10833149e-03
   3.58279968e+02  -6.90425048e-04
   3.58280457e+02  -1.41294557e-03
   3.58280945e+02  -9.35884891e-04
   3.58281433e+02   7.60602299e-04
   3.58281921e+02   2.02818424e-03
   3.58282410e+02   3.60774953e-04
   3.58282898e+02  -2.61493074e-03
   3.58283386e+02  -1.52667868e-03
   3.58283875e+02   1.30798179e-03
   3.58284363e+02   1.44738748e-04
   3.58284851e+02  -2.86349724e-03
   3.58285340e+02  -3.58890579e-03
   3.58285828e+02  -1.79272343e-03
   3.58286316e+02   2.71381170e-04
   3.58286805e+02   1.26545085e-03
   3.58287293e+02   1.25837373e-03
   3.58287781e+02   1.23004813e-03
   3.58288269e+02   2.81923963e-03
   3.58288758e+02   5.42272115e-03
   3.58289246e+02   6.73005637e-03
   3.58289734e+02   5.71299717e-03
   3.58290223e+02   4.33624210e-03
   3.58290711e+02   3.58140538e-03
   3.58291199e+02   1.67724816e-03
   3.58291688e+02  -7.64003838e-04
   3.58292176e+02  -2.21028342e-03
   3.58292664e+02  -2.78874417e-03
   3.58293153e+02  -2.39981990e-03
   3.58293641e+02  -4.09500382e-04
   3.58294129e+02   1.90110772e-03
   3.58294617e+02   2.42762896e-03
   3.58295106e+02   2.12487020e-03
   3.58295594e+02   1.78033800e-03
   3.58296082e+02  -1.39157462e-04
   3.58296571e+02  -2.57796072e-03
   3.58297059e+02  -2.12163967e-03
   3.58297547e+02   1.52371323e-03
   3.58298036e+02   3.24316439e-03
   3.58298524e+02   8.81246466e-04
   3.58299012e+02  -1.01584732e-03
   3.58299501e+02  -1.06929359e-03
   3.58299989e+02  -8.82738736e-04
   3.58300477e+02  -1.35354896e-03
   3.58300965e+02  -2.37543974e-03
   3.58301454e+02  -3.25603946e-03
   3.58301942e+02  -2.84593645e-03
   3.58302430e+02  -1.47170838e-04
   3.58302919e+02   1.09592965e-03
   3.58303407e+02   4.33751469e-04
   3.58303895e+02   9.79993842e-04
   3.58304384e+02   1.49415724e-03
   3.58304872e+02   5.86801616e-04
   3.58305360e+02  -7.93355168e-04
   3.58305849e+02  -1.21560774e-03
   3.58306337e+02  -1.20602932e-03
   3.58306825e+02  -1.36717071e-03
   3.58307314e+02  -6.32589683e-04
   3.58307802e+02   4.02730220e-04
   3.58308290e+02   7.93792307e-04
   3.58308778e+02   6.41582126e-04
   3.58309267e+02  -6.72505412e-04
   3.58309755e+02  -5.62954636e-04
   3.58310243e+02   2.83846841e-03
   3.58310732e+02   4.54557454e-03
   3.58311220e+02   2.94879847e-03
   3.58311708e+02   9.53731535e-04
   3.58312197e+02  -1.95976638e-04
   3.58312685e+02  -4.66428246e-05
   3.58313173e+02   8.10321537e-04
   3.58313662e+02   8.06356431e-04
   3.58314150e+02  -1.86051824e-04
   3.58314638e+02  -1.91870582e-04
   3.58315126e+02  -1.81911397e-04
   3.58315615e+02  -1.90712872e-03
   3.58316103e+02  -3.95146571e-03
   3.58316591e+02  -5.19435015e-03
   3.58317080e+02  -5.09313168e-03
   3.58317568e+02  -3.76552017e-03
   3.58318056e+02  -9.51006310e-04
   3.58318545e+02   2.23242561e-03
   3.58319033e+02   1.94009847e-03
   3.58319521e+02  -1.49856950e-03
   3.58320010e+02  -4.36016219e-03
   3.58320498e+02  -5.52975712e-03
   3.58320986e+02  -3.55910044e-03
   3.58321474e+02   9.23264946e-04
   3.58321963e+02   3.89993843e-03
   3.58322451e+02   2.06215773e-03
   3.58322939e+02  -1.75165164e-03
   3.58323428e+02   1.80959163e-04
   3.58323916e+02   5.31206373e-03
   3.58324404e+02   6.03975402e-03
   3.58324893e+02   4.04845364e-03
   3.58325381e+02   2.97091715e-03
   3.58325869e+02   2.90016038e-03
   3.58326358e+02   3.71725601e-03
   3.58326846e+02   4.56712488e-03
   3.58327334e+02   2.68354523e-03
   3.58327822e+02  -2.39037094e-03
   3.58328311e+02  -5.80362650e-03
   3.58328799e+02  -3.92010622e-03
   3.58329287e+02   3.30702111e-04
   3.58329776e+02   3.63343698e-03
   3.58330264e+02   2.35144701e-03
   3.58330752e+02  -7.68679660e-04
   3.58331241e+02   9.97410272e-04
   3.58331729e+02   3.31150880e-03
   3.58332217e+02   3.28769063e-04
   3.58332706e+02  -4.36710194e-03
   3.58333194e+02  -5.53040067e-03
   3.58333682e+02  -3.03368294e-03
   3.58334170e+02  -1.24226033e-03
   3.58334659e+02  -1.36872684e-03
   3.58335147e+02  -1.48243085e-03
   3.58335635e+02  -1.66323164e-03
   3.58336124e+02  -2.62683863e-03
   3.58336612e+02  -2.71481439e-03
   3.58337100e+02  -5.22885704e-04
   3.58337589e+02   2.71067047e-03
   3.58338077e+02   3.69022531e-03
   3.58338565e+02   2.48515652e-03
   3.58339054e+02   3.97953019e-03
   3.58339542e+02   5.84643194e-03
   3.58340030e+02   3.35380388e-03
   3.58340518e+02   4.35113616e-04
   3.58341007e+02   9.74941242e-04
   3.58341495e+02   1.50287547e-03
   3.58341983e+02  -3.41876398e-06
   3.58342472e+02  -1.71829772e-04
   3.58342960e+02   1.44742557e-03
   3.58343448e+02   1.99588924e-03
   3.58343937e+02   1.19937595e-03
   3.58344425e+02   7.48068269e-04
   3.58344913e+02   1.00073242e-03
   3.58345402e+02   5.82429173e-04
   3.58345890e+02  -8.88433075e-04
   3.58346378e+02  -1.25534681e-03
   3.58346867e+02  -6.63841609e-04
   3.58347355e+02  -6.42874860e-04
   3.58347843e+02  -3.24258581e-04
   3.58348331e+02  -5.95875666e-04
   3.58348820e+02  -2.13807588e-03
   3.58349308e+02  -2.44906149e-03
   3.58349796e+02  -6.78999699e-04
   3.58350285e+02   8.38924607e-04
   3.58350773e+02   1.31716847e-03
   3.58351261e+02   2.83435947e-04
   3.58351750e+02  -1.98892155e-03
   3.58352238e+02  -2.61441665e-03
   3.58352726e+02  -2.08114320e-03
   3.58353215e+02  -2.74493662e-03
   3.58353703e+02  -4.23046993e-03
   3.58354191e+02  -4.14550165e-03
   3.58354679e+02  -1.45450549e-03
   3.58355168e+02   8.51896359e-04
   3.58355656e+02   1.41580647e-04
   3.58356144e+02  -8.00500216e-04
   3.58356633e+02   2.00307998e-03
   3.58357121e+02   6.32189773e-03
   3.58357609e+02   6.01046113e-03
   3.58358098e+02   2.03767326e-03
   3.58358586e+02   2.60324858e-04
   3.58359074e+02  -5.68913383e-05
   3.58359563e+02  -8.48572410e-04
   3.58360051e+02  -1.73549913e-03
   3.58360539e+02  -3.35925305e-03
   3.58361027e+02  -3.49248317e-03
   3.58361516e+02  -9.60508420e-04
   3.58362004e+02   3.61645303e-04
   3.58362492e+02  -5.98092214e-04
   3.58362981e+02   6.31906951e-05
   3.58363469e+02   2.08576676e-03
   3.58363957e+02   1.11699954e-03
   3.58364446e+02  -9.12131043e-04
   3.58364934e+02  -7.14581052e-04
   3.58365422e+02  -1.04615849e-03
   3.58365911e+02  -1.78736320e-03
   3.58366399e+02   6.09766939e-05
   3.58366887e+02   3.91601631e-03
   3.58367375e+02   5.62525494e-03
   3.58367864e+02   3.73570574e-03
   3.58368352e+02   1.33393111e-03
   3.58368840e+02  -5.25478317e-05
   3.58369329e+02  -8.15144333e-04
   3.58369817e+02  -1.44499529e-03
   3.58370305e+02  -2.93924753e-03
   3.58370794e+02  -3.30829062e-03
   3.58371282e+02  -1.82171154e-03
   3.58371770e+02  -1.17341860e-03
   3.58372259e+02  -1.44079910e-03
   3.58372747e+02  -1.05598231e-03
   3.58373235e+02  -2.80221086e-03
   3.58373723e+02  -5.58680622e-03
   3.58374212e+02  -5.12483064e-03
   3.58374700e+02  -3.30597325e-03
   3.58375188e+02  -2.34928774e-03
   3.58375677e+02  -1.81361870e-03
   3.58376165e+02  -8.43749905e-04
   3.58376653e+02   5.52148616e-04
   3.58377142e+02   1.10826571e-03
   3.58377630e+02   1.97339919e-03
   3.58378118e+02   3.95024894e-03
   3.58378607e+02   4.84726345e-03
   3.58379095e+02   3.21591320e-03
   3.58379583e+02   6.46470464e-04
   3.58380071e+02  -6.32457668e-04
   3.58380560e+02  -4.05922910e-04
   3.58381048e+02   2.27949378e-04
   3.58381536e+02   5.01560164e-04
   3.58382025e+02   7.54412729e-04
   3.58382513e+02   2.34551402e-03
   3.58383001e+02   3.73388198e-03
   3.58383490e+02   5.61601657e-04
   3.58383978e+02  -3.79173271e-03
   3.58384466e+02  -2.56988243e-03
   3.58384955e+02   4.15192277e-04
   3.58385443e+02   1.05771073e-03
   3.58385931e+02   1.20341592e-03
   3.58386420e+02   8.39204353e-04
   3.58386908e+02  -1.03785493e-03
   3.58387396e+02  -1.27652811e-03
   3.58387884e+02  -1.43600407e-03
   3.58388373e+02  -3.17864190e-03
   3.58388861e+02  -2.95864977e-03
   3.58389349e+02  -1.06358726e-03
   3.58389838e+02  -1.56855059e-03
   3.58390326e+02  -2.37563369e-03
   3.58390814e+02  -1.73295964e-03
   3.58391303e+02  -1.75856240e-03
   3.58391791e+02  -2.51655001e-03
   3.58392279e+02  -3.11134197e-03
   3.58392768e+02  -2.33050785e-03
   3.58393256e+02   9.24997090e-04
   3.58393744e+02   1.89863157e-03
   3.58394232e+02   3.79141362e-04
   3.58394721e+02   1.72832073e-03
   3.58395209e+02   2.80994107e-03
   3.58395697e+02  -4.27564883e-05
   3.58396186e+02  -1.42630050e-03
   3.58396674e+02   1.05383187e-04
   3.58397162e+02   1.79794093e-04
   3.58397651e+02   2.91583827e-04
   3.58398139e+02   1.94501237e-03
   3.58398627e+02   2.10952805e-03
   3.58399116e+02   1.58666255e-04
   3.58399604e+02  -2.31407801e-04
   3.58400092e+02   1.59646710e-03
   3.58400580e+02   2.18936196e-03
   3.58401069e+02   1.29560323e-03
   3.58401557e+02  -2.32186667e-05
   3.58402045e+02  -1.97878224e-03
   3.58402534e+02  -2.90899142e-03
   3.58403022e+02  -1.74732460e-03
   3.58403510e+02  -4.42966353e-04
   3.58403999e+02  -1.47148559e-04
   3.58404487e+02  -5.06710901e-04
   3.58404975e+02  -1.81117153e-03
   3.58405464e+02  -2.76135746e-03
   3.58405952e+02  -1.09335559e-03
   3.58406440e+02   1.07081083e-03
   3.58406928e+02   1.32950733e-03
   3.58407417e+02   8.17504479e-04
   3.58407905e+02  -6.60761798e-05
   3.58408393e+02  -1.29390741e-03
   3.58408882e+02  -1.16935093e-03
   3.58409370e+02   7.97021567e-05
   3.58409858e+02  -3.35354678e-04
   3.58410347e+02  -9.67821979e-04
   3.58410835e+02  -9.36982746e-04
   3.58411323e+02  -1.25259429e-03
   3.58411812e+02   4.30765183e-04
   3.58412300e+02   3.75568867e-03
   3.58412788e+02   4.57327813e-03
   3.58413276e+02   1.50591275e-03
   3.58413765e+02  -1.98913040e-03
   3.58414253e+02  -8.98792990e-04
   3.58414741e+02   2.45073810e-03
   3.58415230e+02   2.58360826e-03
   3.58415718e+02   7.84012314e-04
   3.58416206e+02   4.37334093e-04
   3.58416695e+02   2.05819192e-03
   3.58417183e+02   2.26882403e-03
   3.58417671e+02   5.43287140e-04
   3.58418160e+02  -5.50942787e-06
   3.58418648e+02  -5.83711953e-04
   3.58419136e+02  -1.39826292e-03
   3.58419624e+02   1.86294565e-04
   3.58420113e+02   3.04211862e-03
   3.58420601e+02   3.13475332e-03
   3.58421089e+02   1.02920458e-03
   3.58421578e+02   7.13931455e-04
   3.58422066e+02  -7.51770931e-05
   3.58422554e+02  -2.32514925e-03
   3.58423043e+02  -8.35473591e-04
   3.58423531e+02   2.45412230e-03
   3.58424019e+02   2.16592359e-03
   3.58424508e+02   4.13313421e-04
   3.58424996e+02  -2.78471736e-04
   3.58425484e+02  -7.45135825e-04
   3.58425973e+02  -5.76750259e-04
   3.58426461e+02  -6.16745208e-04
   3.58426949e+02  -2.12341733e-03
   3.58427437e+02  -3.49900685e-03
   3.58427926e+02  -1.76041375e-03
   3.58428414e+02   1.54563831e-03
   3.58428902e+02   1.80462236e-03
   3.58429391e+02  -2.62950634e-04
   3.58429879e+02  -2.16511404e-03
   3.58430367e+02  -3.11528915e-03
   3.58430856e+02  -3.02020879e-03
   3.58431344e+02  -1.48901774e-03
   3.58431832e+02   6.24055974e-04
   3.58432321e+02   2.46326160e-03
   3.58432809e+02   3.70513601e-03
   3.58433297e+02   2.73155607e-03
   3.58433785e+02  -2.59363413e-04
   3.58434274e+02  -1.81864051e-03
   3.58434762e+02  -1.08347551e-04
   3.58435250e+02   2.33880198e-03
   3.58435739e+02   3.18609225e-03
   3.58436227e+02   3.39633180e-03
   3.58436715e+02   2.47252197e-03
   3.58437204e+02  -1.59561285e-04
   3.58437692e+02  -1.36952044e-03
   3.58438180e+02   4.86869278e-04
   3.58438669e+02   3.23323300e-03
   3.58439157e+02   5.39431907e-03
   3.58439645e+02   6.53880369e-03
   3.58440133e+02   5.41478302e-03
   3.58440622e+02   2.71677575e-03
   3.58441110e+02   8.79809610e-04
   3.58441598e+02  -6.26158260e-04
   3.58442087e+02  -1.76402784e-04
   3.58442575e+02   2.68175569e-03
   3.58443063e+02   2.55921716e-03
   3.58443552e+02   4.05136932e-04
   3.58444040e+02   1.70710664e-05
   3.58444528e+02  -3.14876488e-05
   3.58445017e+02  -7.70254876e-04
   3.58445505e+02  -1.00952585e-03
   3.58445993e+02  -5.82742679e-04
   3.58446481e+02  -3.87422515e-05
   3.58446970e+02   6.19082188e-04
   3.58447458e+02   1.64867588e-03
   3.58447946e+02   3.68626881e-03
   3.58448435e+02   5.17257210e-03
   3.58448923e+02   3.36426846e-03
   3.58449411e+02   1.84447999e-04
   3.58449900e+02  -1.64579379e-03
   3.58450388e+02  -2.78002792e-03
   3.58450876e+02  -2.80375150e-03
   3.58451365e+02  -6.73459319e-04
   3.58451853e+02   1.60421967e-03
   3.58452341e+02   2.40808516e-03
   3.58452829e+02   3.16397310e-03
   3.58453318e+02   3.63854109e-03
   3.58453806e+02   1.31523365e-03
   3.58454294e+02  -1.80664076e-03
   3.58454783e+02  -2.02494790e-03
   3.58455271e+02  -1.68153507e-04
   3.58455759e+02   8.85067391e-04
   3.58456248e+02  -8.59310821e-05
   3.58456736e+02  -1.84111763e-03
   3.58457224e+02  -2.52790097e-03
   3.58457713e+02  -1.84582965e-03
   3.58458201e+02  -6.38225465e-04
   3.58458689e+02  -8.05628777e-04
   3.58459177e+02  -1.01030490e-03
   3.58459666e+02   5.67627023e-04
   3.58460154e+02   9.23998421e-04
   3.58460642e+02  -7.12574227e-04
   3.58461131e+02  -1.58428273e-03
   3.58461619e+02  -3.96788499e-04
   3.58462107e+02   3.05349077e-03
   3.58462596e+02   5.77041926e-03
   3.58463084e+02   4.77907155e-03
   3.58463572e+02   1.84978999e-03
   3.58464061e+02  -2.17081001e-03
   3.58464549e+02  -5.26881544e-03
   3.58465037e+02  -3.59692262e-03
   3.58465526e+02  -4.11919755e-04
   3.58466014e+02  -9.31348768e-04
   3.58466502e+02  -2.20385217e-03
   3.58466990e+02   7.12420209e-04
   3.58467479e+02   5.23751834e-03
   3.58467967e+02   6.85922615e-03
   3.58468455e+02   5.25423232e-03
   3.58468944e+02   1.65670714e-03
   3.58469432e+02  -1.02946954e-03
   3.58469920e+02  -1.06252125e-03
   3.58470409e+02   6.68707478e-04
   3.58470897e+02   2.17683939e-03
   3.58471385e+02   3.56934080e-03
   3.58471874e+02   6.00713491e-03
   3.58472362e+02   5.98695176e-03
   3.58472850e+02   2.46346649e-03
   3.58473338e+02   8.73524637e-04
   3.58473827e+02   9.54118965e-04
   3.58474315e+02  -1.42332035e-04
   3.58474803e+02  -6.12431177e-05
   3.58475292e+02   1.43733213e-03
   3.58475780e+02   1.30180840e-03
   3.58476268e+02  -1.18763011e-04
   3.58476757e+02  -3.26660171e-04
   3.58477245e+02   5.46208285e-05
   3.58477733e+02  -2.97751656e-04
   3.58478222e+02  -2.81871995e-04
   3.58478710e+02   9.21540923e-05
   3.58479198e+02  -1.87887449e-03
   3.58479686e+02  -5.05882828e-03
   3.58480175e+02  -4.79509821e-03
   3.58480663e+02  -1.84543629e-03
   3.58481151e+02  -1.01268827e-03
   3.58481640e+02  -1.40110240e-03
   3.58482128e+02  -5.79842366e-04
   3.58482616e+02   7.50384585e-04
   3.58483105e+02   1.72137399e-03
   3.58483593e+02   2.52088136e-03
   3.58484081e+02   1.16657221e-03
   3.58484570e+02  -1.05610245e-03
   3.58485058e+02   2.41489499e-04
   3.58485546e+02   2.66875257e-03
   3.58486034e+02   2.11877190e-03
   3.58486523e+02   5.40646433e-04
   3.58487011e+02   9.37401317e-04
   3.58487499e+02   2.59260950e-03
   3.58487988e+02   2.38773949e-03
   3.58488476e+02  -2.42580951e-04
   3.58488964e+02  -1.18191773e-03
   3.58489453e+02   1.88137707e-03
   3.58489941e+02   4.29650117e-03
   3.58490429e+02   1.41748763e-03
   3.58490918e+02  -2.29754741e-03
   3.58491406e+02  -2.33554025e-03
   3.58491894e+02  -9.30816401e-04
   3.58492382e+02   5.28591569e-04
   3.58492871e+02   1.46939128e-03
   3.58493359e+02   3.19516286e-04
   3.58493847e+02  -1.16996001e-03
   3.58494336e+02  -6.47453358e-04
   3.58494824e+02  -6.68503111e-04
   3.58495312e+02  -1.72386644e-03
   3.58495801e+02  -2.18961434e-03
   3.58496289e+02  -2.06554891e-03
   3.58496777e+02  -9.67784901e-04
   3.58497266e+02   8.43944261e-04
   3.58497754e+02   2.52768374e-03
   3.58498242e+02   3.21484334e-03
   3.58498730e+02   2.14734511e-03
   3.58499219e+02   5.32989681e-04
   3.58499707e+02  -5.55971288e-04
   3.58500195e+02  -2.10621231e-03
   3.58500684e+02  -2.45649577e-03
   3.58501172e+02   4.75774868e-04
   3.58501660e+02   3.48137110e-03
   3.58502149e+02   2.48604780e-03
   3.58502637e+02   1.95448738e-04
   3.58503125e+02   1.13122305e-03
   3.58503614e+02   9.94984177e-04
   3.58504102e+02  -1.08445343e-03
   3.58504590e+02  -4.66389320e-04
   3.58505079e+02   1.37628987e-03
   3.58505567e+02   8.34254097e-05
   3.58506055e+02  -1.00567227e-03
   3.58506543e+02   4.76785412e-04
   3.58507032e+02   7.96452689e-04
   3.58507520e+02   6.20712235e-04
   3.58508008e+02   1.40049553e-03
   3.58508497e+02   1.67925458e-03
   3.58508985e+02   2.35392503e-03
   3.58509473e+02   3.52251763e-03
   3.58509962e+02   2.52545904e-03
   3.58510450e+02   3.76237644e-04
   3.58510938e+02  -1.25509012e-03
   3.58511427e+02  -2.55258777e-03
   3.58511915e+02  -9.19312704e-04
   3.58512403e+02   2.59205396e-03
   3.58512891e+02   3.07063083e-03
   3.58513380e+02   1.47512183e-03
   3.58513868e+02  -2.15115579e-04
   3.58514356e+02  -2.38532224e-03
   3.58514845e+02  -3.36182117e-03
   3.58515333e+02  -3.14255431e-03
   3.58515821e+02  -2.49881204e-03
   3.58516310e+02  -1.26939733e-03
   3.58516798e+02   6.94462680e-04
   3.58517286e+02   2.91621708e-03
   3.58517775e+02   3.36423679e-03
   3.58518263e+02   2.55334610e-03
   3.58518751e+02   1.98358763e-03
   3.58519239e+02   7.40076823e-04
   3.58519728e+02  -7.75576278e-04
   3.58520216e+02  -1.21768063e-03
   3.58520704e+02  -2.13279971e-03
   3.58521193e+02  -2.32802145e-03
   3.58521681e+02  -5.60000946e-04
   3.58522169e+02   5.19388705e-04
   3.58522658e+02   3.09914933e-04
   3.58523146e+02   3.08635004e-04
   3.58523634e+02   1.02744983e-04
   3.58524123e+02   3.53293988e-04
   3.58524611e+02   2.35324888e-03
   3.58525099e+02   2.33644503e-03
   3.58525587e+02  -1.60411955e-03
   3.58526076e+02  -2.93706474e-03
   3.58526564e+02   9.53927287e-04
   3.58527052e+02   3.96857411e-03
   3.58527541e+02   2.92130071e-03
   3.58528029e+02   1.01603253e-03
   3.58528517e+02   1.68084865e-04
   3.58529006e+02   3.01898894e-04
   3.58529494e+02   6.97100651e-04
   3.58529982e+02   7.90211197e-04
   3.58530471e+02  -1.48711319e-04
   3.58530959e+02  -8.90088850e-04
   3.58531447e+02   1.17239146e-03
   3.58531935e+02   2.63772905e-03
   3.58532424e+02   1.69887219e-03
   3.58532912e+02   1.48161559e-03
   3.58533400e+02   1.17999059e-03
   3.58533889e+02   1.13590178e-03
   3.58534377e+02   1.35771674e-03
   3.58534865e+02   1.48604671e-03
   3.58535354e+02   2.02337117e-03
   3.58535842e+02   1.01347594e-03
   3.58536330e+02  -1.39499607e-03
   3.58536819e+02  -2.18459335e-03
   3.58537307e+02  -3.54841788e-04
   3.58537795e+02   1.13396079e-03
   3.58538283e+02   2.59667751e-04
   3.58538772e+02  -1.08257949e-03
   3.58539260e+02  -1.42193388e-03
   3.58539748e+02  -1.67299411e-03
   3.58540237e+02  -2.53463723e-03
   3.58540725e+02  -2.93629942e-03
   3.58541213e+02  -1.87400309e-03
   3.58541702e+02   2.83736852e-04
   3.58542190e+02   1.35611056e-03
   3.58542678e+02   2.03946329e-04
   3.58543167e+02  -1.76143984e-03
   3.58543655e+02  -1.81559648e-03
   3.58544143e+02  -1.69187423e-03
   3.58544632e+02  -2.28618737e-03
   3.58545120e+02  -1.27476687e-03
   3.58545608e+02  -9.84148239e-04
   3.58546096e+02  -1.39140373e-03
   3.58546585e+02  -7.03466649e-04
   3.58547073e+02  -1.29159994e-03
   3.58547561e+02  -1.29540567e-03
   3.58548050e+02   7.41744239e-04
   3.58548538e+02   1.19983812e-03
   3.58549026e+02  -1.14267075e-03
   3.58549515e+02  -2.41941330e-03
   3.58550003e+02  -8.20567308e-04
   3.58550491e+02   8.66000308e-04
   3.58550980e+02   2.90095969e-03
   3.58551468e+02   4.00644494e-03
   3.58551956e+02   1.89014443e-03
   3.58552444e+02  -7.75630004e-04
   3.58552933e+02  -1.24519505e-03
   3.58553421e+02  -5.87972136e-05
   3.58553909e+02  -7.55346555e-04
   3.58554398e+02  -2.28139735e-03
   3.58554886e+02  -1.98359531e-03
   3.58555374e+02  -1.09220610e-03
   3.58555863e+02  -1.70421170e-03
   3.58556351e+02  -3.18838493e-03
   3.58556839e+02  -3.15223285e-03
   3.58557328e+02  -3.12181516e-03
   3.58557816e+02  -3.93959554e-03
   3.58558304e+02  -4.36133984e-03
   3.58558792e+02  -2.57253088e-03
   3.58559281e+02   1.21459132e-03
   3.58559769e+02   3.82999051e-03
   3.58560257e+02   4.29816637e-03
   3.58560746e+02   2.87791202e-03
   3.58561234e+02   8.27277254e-04
   3.58561722e+02   1.28282781e-03
   3.58562211e+02   1.69375062e-03
   3.58562699e+02  -1.95636554e-03
   3.58563187e+02  -2.72317673e-03
   3.58563676e+02   5.92432334e-04
   3.58564164e+02   2.97619100e-03
   3.58564652e+02   2.81078997e-03
   3.58565140e+02  -7.49745639e-04
   3.58565629e+02  -3.69532476e-03
   3.58566117e+02  -2.84751062e-03
   3.58566605e+02  -2.89204111e-03
   3.58567094e+02  -3.95948347e-03
   3.58567582e+02  -2.92967982e-03
   3.58568070e+02  -1.08216272e-03
   3.58568559e+02  -1.10760921e-04
   3.58569047e+02  -7.85495329e-04
   3.58569535e+02  -1.18454895e-03
   3.58570024e+02   4.19390592e-04
   3.58570512e+02   1.84699241e-03
   3.58571000e+02   4.02191275e-04
   3.58571488e+02  -2.25675059e-03
   3.58571977e+02  -2.23205099e-03
   3.58572465e+02  -5.15050720e-04
   3.58572953e+02   2.39038724e-04
   3.58573442e+02   1.82516771e-04
   3.58573930e+02   1.70441665e-04
   3.58574418e+02   4.55897418e-04
   3.58574907e+02   3.98892647e-04
   3.58575395e+02  -2.41052199e-04
   3.58575883e+02  -2.90796073e-04
   3.58576372e+02  -4.72035492e-04
   3.58576860e+02  -1.64569088e-03
   3.58577348e+02  -2.80448399e-03
   3.58577836e+02  -3.16334981e-03
   3.58578325e+02  -2.16273963e-03
   3.58578813e+02  -8.42462468e-05
   3.58579301e+02   9.61632410e-04
   3.58579790e+02  -6.61566213e-04
   3.58580278e+02  -3.80019727e-03
   3.58580766e+02  -4.65511717e-03
   3.58581255e+02  -1.55748357e-03
   3.58581743e+02   4.57874936e-04
   3.58582231e+02  -1.04520668e-03
   3.58582720e+02  -9.61286889e-04
   3.58583208e+02   1.60499825e-03
   3.58583696e+02   1.38904655e-03
   3.58584185e+02  -7.65595294e-04
   3.58584673e+02  -1.85449448e-04
   3.58585161e+02   1.03272439e-03
   3.58585649e+02   1.59905307e-04
   3.58586138e+02  -2.42329152e-05
   3.58586626e+02   2.35964428e-03
   3.58587114e+02   4.11270233e-03
   3.58587603e+02   2.41734367e-03
   3.58588091e+02  -2.35357860e-04
   3.58588579e+02  -2.95504904e-03
   3.58589068e+02  -5.89878159e-03
   3.58589556e+02  -6.50196476e-03
   3.58590044e+02  -4.56777960e-03
   3.58590533e+02  -2.39368877e-03
   3.58591021e+02  -1.17543398e-03
   3.58591509e+02  -8.00197362e-04
   3.58591997e+02  -2.39701243e-03
   3.58592486e+02  -3.62231722e-03
   3.58592974e+02  -2.13306071e-03
   3.58593462e+02  -1.04443752e-03
   3.58593951e+02  -1.84918114e-03
   3.58594439e+02  -2.85253464e-03
   3.58594927e+02  -3.67269223e-03
   3.58595416e+02  -2.91517726e-03
   3.58595904e+02  -4.11389890e-04
   3.58596392e+02   8.28803051e-04
   3.58596881e+02   1.62260991e-03
   3.58597369e+02   3.17096617e-03
   3.58597857e+02   2.46414635e-03
   3.58598345e+02  -1.71194799e-04
   3.58598834e+02  -1.53073855e-03
   3.58599322e+02  -6.63307495e-04
   3.58599810e+02   6.92844333e-04
   3.58600299e+02   5.17014007e-04
   3.58600787e+02  -1.62018614e-03
   3.58601275e+02  -2.92246137e-03
   3.58601764e+02   1.67879261e-04
   3.58602252e+02   5.31391334e-03
   3.58602740e+02   8.14544316e-03
   3.58603229e+02   6.82601240e-03
   3.58603717e+02   3.05064605e-03
   3.58604205e+02   3.14070756e-04
   3.58604693e+02  -7.35554670e-04
   3.58605182e+02  -3.99212324e-04
   3.58605670e+02   7.01391982e-05
   3.58606158e+02  -9.93816531e-04
   3.58606647e+02  -2.27918709e-03
   3.58607135e+02  -1.66086468e-03
   3.58607623e+02  -6.17340149e-04
   3.58608112e+02  -2.14665639e-03
   3.58608600e+02  -3.77473445e-03
   3.58609088e+02  -3.10301804e-03
   3.58609577e+02  -1.90465199e-03
   3.58610065e+02  -1.15175138e-03
   3.58610553e+02  -5.69945201e-04
   3.58611041e+02  -1.72802931e-04
   3.58611530e+02   1.16308744e-03
   3.58612018e+02   3.04827490e-03
   3.58612506e+02   2.51840940e-03
   3.58612995e+02   1.22986757e-03
   3.58613483e+02   2.10076105e-03
   3.58613971e+02   2.54147034e-03
   3.58614460e+02   5.71278797e-04
   3.58614948e+02  -2.20173092e-06
   3.58615436e+02   2.07648659e-03
   3.58615925e+02   3.51887057e-03
   3.58616413e+02   2.74222926e-03
   3.58616901e+02   3.70578404e-04
   3.58617389e+02   5.81594259e-06
   3.58617878e+02   1.05440232e-03
   3.58618366e+02  -1.80827119e-04
   3.58618854e+02  -9.51590308e-04
   3.58619343e+02  -7.28817424e-04
   3.58619831e+02  -1.55151309e-03
   3.58620319e+02  -1.13421003e-03
   3.58620808e+02   2.92222045e-04
   3.58621296e+02   3.82673438e-03
   3.58621784e+02   5.68567868e-03
   3.58622273e+02   4.92717372e-03
   3.58622761e+02   2.07139459e-03
   3.58623249e+02  -7.50631967e-04
   3.58623738e+02   2.72900914e-04
   3.58624226e+02   1.04565092e-03
   3.58624714e+02  -1.62832171e-03
   3.58625202e+02  -3.57516087e-03
   3.58625691e+02  -1.38589228e-03
   3.58626179e+02   1.29713793e-03
   3.58626667e+02   4.19248623e-04
   3.58627156e+02  -1.50131818e-03
   3.58627644e+02  -1.78547169e-03
   3.58628132e+02  -5.51655248e-04
   3.58628621e+02   1.78154325e-03
   3.58629109e+02   4.29032091e-03
   3.58629597e+02   5.34872012e-03
   3.58630086e+02   4.33776109e-03
   3.58630574e+02   2.14127055e-03
   3.58631062e+02   3.60314705e-04
   3.58631550e+02  -5.76681923e-04
   3.58632039e+02  -1.73350493e-03
   3.58632527e+02  -2.61246669e-03
   3.58633015e+02  -1.26142567e-03
   3.58633504e+02   1.64254126e-03
   3.58633992e+02   4.06440254e-03
   3.58634480e+02   2.99716159e-03
   3.58634969e+02  -1.58306572e-03
   3.58635457e+02  -3.13705835e-03
   3.58635945e+02  -2.01597955e-04
   3.58636434e+02   2.66716233e-03
   3.58636922e+02   2.99936184e-03
   3.58637410e+02   1.66849897e-03
   3.58637898e+02   9.03702923e-04
   3.58638387e+02   7.64632539e-04
   3.58638875e+02   1.00744003e-03
   3.58639363e+02   1.33460760e-03
   3.58639852e+02   1.77646254e-03
   3.58640340e+02   1.76279282e-03
   3.58640828e+02  -3.01075605e-04
   3.58641317e+02  -1.41353230e-03
   3.58641805e+02   1.21159545e-04
   3.58642293e+02   1.76953606e-03
   3.58642782e+02   3.27282585e-03
   3.58643270e+02   5.00290701e-03
   3.58643758e+02   4.91174916e-03
   3.58644246e+02   2.55201058e-03
   3.58644735e+02   2.01558066e-03
   3.58645223e+02   4.19771066e-03
   3.58645711e+02   4.21823934e-03
   3.58646200e+02   1.05716451e-03
   3.58646688e+02  -1.47587690e-03
   3.58647176e+02  -2.65008002e-03
   3.58647665e+02  -3.53144156e-03
   3.58648153e+02  -3.80298891e-03
   3.58648641e+02  -2.55992310e-03
   3.58649130e+02   1.20480196e-03
   3.58649618e+02   4.10514325e-03
   3.58650106e+02   6.53414521e-04
   3.58650594e+02  -3.24648875e-03
   3.58651083e+02   5.23135495e-05
   3.58651571e+02   4.11822740e-03
   3.58652059e+02   8.39642773e-04
   3.58652548e+02  -5.38334064e-03
   3.58653036e+02  -7.50820292e-03
   3.58653524e+02  -5.01223374e-03
   3.58654013e+02  -1.12227420e-03
   3.58654501e+02  -1.29039155e-03
   3.58654989e+02  -3.99972685e-03
   3.58655478e+02  -3.15713417e-03
   3.58655966e+02  -5.61255147e-04
   3.58656454e+02   5.29329933e-04
   3.58656942e+02   1.11862364e-05
   3.58657431e+02  -1.91380677e-05
   3.58657919e+02   2.76282872e-03
   3.58658407e+02   4.23810724e-03
   3.58658896e+02   2.50236806e-03
   3.58659384e+02   1.11316226e-03
   3.58659872e+02   6.38279947e-04
   3.58660361e+02   4.26949293e-04
   3.58660849e+02   1.06310518e-03
   3.58661337e+02   1.27087440e-03
   3.58661826e+02   9.80085577e-04
   3.58662314e+02   1.46183756e-03
   3.58662802e+02   2.43963045e-03
   3.58663291e+02   3.01112770e-03
   3.58663779e+02   2.14395067e-03
   3.58664267e+02   3.69460002e-04
   3.58664755e+02   1.04271388e-03
   3.58665244e+02   3.63362790e-03
   3.58665732e+02   2.50662537e-03
   3.58666220e+02  -8.19236506e-04
   3.58666709e+02   1.10421533e-05
   3.58667197e+02   1.77210092e-03
   3.58667685e+02   5.99146588e-05
   3.58668174e+02  -1.51324784e-03
   3.58668662e+02  -9.40778045e-05
   3.58669150e+02   2.38900189e-03
   3.58669639e+02   3.01277498e-03
   3.58670127e+02   1.27929181e-03
   3.58670615e+02  -8.07806209e-04
   3.58671103e+02  -1.69727160e-03
   3.58671592e+02  -1.48105773e-03
   3.58672080e+02   1.20350800e-03
   3.58672568e+02   4.51586535e-03
   3.58673057e+02   4.17104317e-03
   3.58673545e+02   1.23715040e-03
   3.58674033e+02  -8.62017390e-04
   3.58674522e+02  -9.83014252e-06
   3.58675010e+02   3.08207981e-03
   3.58675498e+02   5.17759006e-03
   3.58675987e+02   3.70776886e-03
   3.58676475e+02   6.55266107e-04
   3.58676963e+02  -7.17348710e-04
   3.58677451e+02  -1.03402929e-03
   3.58677940e+02  -3.64292151e-04
   3.58678428e+02   1.80481269e-03
   3.58678916e+02   2.26192805e-03
   3.58679405e+02  -2.39669418e-04
   3.58679893e+02   8.34087085e-04
   3.58680381e+02   4.00855811e-03
   3.58680870e+02   5.70820458e-03
   3.58681358e+02   5.31472266e-03
   3.58681846e+02   4.85404581e-03
   3.58682335e+02   4.00396669e-03
   3.58682823e+02   1.36437640e-03
   3.58683311e+02   2.00682989e-05
   3.58683799e+02  -3.18783859e-04
   3.58684288e+02  -1.63206982e-03
   3.58684776e+02  -5.72401914e-04
   3.58685264e+02   3.54711525e-03
   3.58685753e+02   6.09251484e-03
   3.58686241e+02   4.62186011e-03
   3.58686729e+02  -9.41774942e-06
   3.58687218e+02  -2.23273132e-03
   3.58687706e+02   2.20434886e-04
   3.58688194e+02   1.29302638e-03
   3.58688683e+02   4.13532718e-04
   3.58689171e+02  -7.42926728e-04
   3.58689659e+02  -4.54190327e-03
   3.58690147e+02  -7.26322457e-03
   3.58690636e+02  -7.21351523e-03
   3.58691124e+02  -6.73970859e-03
   3.58691612e+02  -5.73249906e-03
   3.58692101e+02  -3.06761032e-03
   3.58692589e+02   2.10031561e-04
   3.58693077e+02   7.54478606e-05
   3.58693566e+02  -1.73805957e-03
   3.58694054e+02  -1.96666270e-03
   3.58694542e+02  -2.20212364e-03
   3.58695031e+02  -2.22512055e-03
   3.58695519e+02  -1.08835043e-03
   3.58696007e+02  -5.26259071e-04
   3.58696495e+02  -1.17660861e-03
   3.58696984e+02  -1.15309062e-03
   3.58697472e+02  -1.31760479e-03
   3.58697960e+02  -2.40888679e-03
   3.58698449e+02  -1.34148856e-03
   3.58698937e+02   2.12347903e-03
   3.58699425e+02   3.90805816e-03
   3.58699914e+02   1.76935655e-03
   3.58700402e+02   1.20937599e-04
   3.58700890e+02   3.32565350e-03
   3.58701379e+02   6.36145892e-03
   3.58701867e+02   4.66499571e-03
   3.58702355e+02   2.47746310e-03
   3.58702844e+02   2.70203524e-03
   3.58703332e+02   3.04072793e-03
   3.58703820e+02   1.39871566e-03
   3.58704308e+02  -5.37894084e-04
   3.58704797e+02  -1.10025681e-03
   3.58705285e+02  -7.34703382e-04
   3.58705773e+02  -5.88171184e-04
   3.58706262e+02  -8.62403889e-04
   3.58706750e+02   3.59167170e-04
   3.58707238e+02   9.78391385e-04
   3.58707727e+02   5.24703064e-05
   3.58708215e+02   1.36237650e-03
   3.58708703e+02   1.64977461e-03
   3.58709192e+02  -8.02135444e-04
   3.58709680e+02  -9.77820251e-04
   3.58710168e+02   9.04418062e-04
   3.58710656e+02   3.41311074e-03
   3.58711145e+02   5.27919317e-03
   3.58711633e+02   4.55204910e-03
   3.58712121e+02   2.49634264e-03
   3.58712610e+02  -1.48841733e-04
   3.58713098e+02  -3.82931158e-03
   3.58713586e+02  -2.99189845e-03
   3.58714075e+02   2.88058794e-03
   3.58714563e+02   5.63973887e-03
   3.58715051e+02   3.94464610e-03
   3.58715540e+02   1.99730368e-03
   3.58716028e+02  -2.58180196e-04
   3.58716516e+02  -3.09132761e-03
   3.58717004e+02  -4.23472328e-03
   3.58717493e+02  -3.58018605e-03
   3.58717981e+02  -1.20579125e-03
   3.58718469e+02   2.73521687e-03
   3.58718958e+02   3.54423979e-03
   3.58719446e+02   4.22014506e-04
   3.58719934e+02  -2.22509680e-03
   3.58720423e+02  -1.79702591e-03
   3.58720911e+02  -2.07101781e-04
   3.58721399e+02  -1.20736542e-03
   3.58721888e+02  -1.29717693e-03
   3.58722376e+02   2.53462559e-03
   3.58722864e+02   6.44470705e-03
   3.58723352e+02   5.31452429e-03
   3.58723841e+02   1.19476102e-03
   3.58724329e+02   6.77370233e-04
   3.58724817e+02   2.31153821e-03
   3.58725306e+02   2.09851214e-03
   3.58725794e+02  -2.71923112e-04
   3.58726282e+02  -1.57947536e-03
   3.58726771e+02  -1.68133512e-04
   3.58727259e+02   1.19776791e-03
   3.58727747e+02   1.74049009e-03
   3.58728236e+02   1.60818256e-03
   3.58728724e+02   2.06929326e-04
   3.58729212e+02  -1.76047068e-03
   3.58729700e+02  -3.07736918e-03
   3.58730189e+02  -3.36230872e-03
   3.58730677e+02  -2.10986938e-03
   3.58731165e+02   2.20999331e-03
   3.58731654e+02   4.21616761e-03
   3.58732142e+02   5.14936750e-04
   3.58732630e+02  -2.69854837e-03
   3.58733119e+02  -1.76249782e-03
   3.58733607e+02   2.88909912e-04
   3.58734095e+02   1.42160489e-03
   3.58734584e+02   1.50647631e-03
   3.58735072e+02   1.47640682e-03
   3.58735560e+02   2.70163966e-03
   3.58736048e+02   2.43245368e-03
   3.58736537e+02   5.02890107e-05
   3.58737025e+02  -1.04241725e-03
   3.58737513e+02  -1.12930767e-03
   3.58738002e+02   1.61627075e-04
   3.58738490e+02   8.24341725e-04
   3.58738978e+02  -1.48163771e-03
   3.58739467e+02  -3.53722833e-03
   3.58739955e+02  -4.23398893e-03
   3.58740443e+02  -3.28011392e-03
   3.58740932e+02  -3.31231946e-04
   3.58741420e+02   1.07390697e-04
   3.58741908e+02  -2.15012487e-03
   3.58742397e+02  -1.06995378e-03
   3.58742885e+02   3.40639404e-03
   3.58743373e+02   6.93540554e-03
   3.58743861e+02   7.66496360e-03
   3.58744350e+02   7.50160916e-03
   3.58744838e+02   5.46334311e-03
   3.58745326e+02   1.51954649e-03
   3.58745815e+02  -5.80138585e-04
   3.58746303e+02  -2.18706392e-03
   3.58746791e+02  -3.98318563e-03
   3.58747280e+02  -3.12901009e-03
   3.58747768e+02   2.96798622e-04
   3.58748256e+02   4.25797887e-03
   3.58748745e+02   5.30158682e-03
   3.58749233e+02   4.45975049e-04
   3.58749721e+02  -3.37252836e-03
   3.58750209e+02   2.34345978e-04
   3.58750698e+02   3.03574279e-03
   3.58751186e+02  -1.39642193e-03
   3.58751674e+02  -6.14599371e-03
   3.58752163e+02  -5.97658427e-03
   3.58752651e+02  -4.69799899e-03
   3.58753139e+02  -3.40679800e-03
   3.58753628e+02  -6.38236175e-04
   3.58754116e+02   3.23458924e-03
   3.58754604e+02   5.83122671e-03
   3.58755093e+02   4.69552493e-03
   3.58755581e+02   3.51177994e-03
   3.58756069e+02   4.02336428e-03
   3.58756557e+02   2.11820728e-03
   3.58757046e+02  -1.94536254e-03
   3.58757534e+02  -3.82355577e-03
   3.58758022e+02  -3.41751310e-03
   3.58758511e+02  -4.58919816e-03
   3.58758999e+02  -5.51803550e-03
   3.58759487e+02  -2.84759118e-03
   3.58759976e+02   4.16864350e-04
   3.58760464e+02   2.24138377e-03
   3.58760952e+02   4.64531314e-03
   3.58761441e+02   4.78466181e-03
   3.58761929e+02   4.32321336e-04
   3.58762417e+02  -1.59327546e-03
   3.58762905e+02   1.20982167e-03
   3.58763394e+02   3.26747820e-03
   3.58763882e+02   1.60196796e-03
   3.58764370e+02  -2.42658309e-03
   3.58764859e+02  -4.60779155e-03
   3.58765347e+02  -2.03687558e-03
   3.58765835e+02   5.76906430e-04
   3.58766324e+02  -1.34545856e-03
   3.58766812e+02  -3.25262127e-03
   3.58767300e+02  -1.25784567e-03
   3.58767789e+02   1.11494539e-03
   3.58768277e+02  -1.28022232e-03
   3.58768765e+02  -5.29924966e-03
   3.58769253e+02  -2.62588053e-03
   3.58769742e+02   3.75111867e-03
   3.58770230e+02   3.59762390e-03
   3.58770718e+02  -1.59585592e-03
   3.58771207e+02  -2.08574184e-03
   3.58771695e+02   3.04266723e-04
   3.58772183e+02  -7.08314183e-04
   3.58772672e+02  -2.86832731e-03
   3.58773160e+02  -2.82355724e-03
   3.58773648e+02  -2.68830732e-03
   3.58774137e+02  -3.32225580e-03
   3.58774625e+02  -4.78612812e-04
   3.58775113e+02   4.46792925e-03
   3.58775601e+02   5.59254410e-03
   3.58776090e+02   1.87649031e-03
   3.58776578e+02  -2.09946604e-03
   3.58777066e+02  -3.38762742e-03
   3.58777555e+02  -1.84160110e-03
   3.58778043e+02   1.74105202e-03
   3.58778531e+02   3.99485603e-03
   3.58779020e+02   1.68948178e-03
   3.58779508e+02  -1.82487641e-03
   3.58779996e+02  -3.15552996e-03
   3.58780485e+02  -4.91705304e-03
   3.58780973e+02  -7.96392653e-03
   3.58781461e+02  -7.58727174e-03
   3.58781950e+02  -1.78900792e-03
   3.58782438e+02   2.93998211e-03
   3.58782926e+02   3.54471919e-03
   3.58783414e+02   3.22826486e-03
   3.58783903e+02   2.31043878e-03
   3.58784391e+02   9.24887077e-04
   3.58784879e+02   1.05765543e-03
   3.58785368e+02   1.15767971e-03
   3.58785856e+02  -4.08552034e-04
   3.58786344e+02  -2.03147903e-03
   3.58786833e+02  -2.30665389e-03
   3.58787321e+02  -1.61821465e-03
   3.58787809e+02  -2.35234015e-03
   3.58788298e+02  -3.22451070e-03
   3.58788786e+02  -4.19928256e-04
   3.58789274e+02   4.08830028e-03
   3.58789762e+02   5.95556293e-03
   3.58790251e+02   6.12315536e-03
   3.58790739e+02   4.63505229e-03
   3.58791227e+02   7.34840229e-04
   3.58791716e+02  -1.15136243e-03
   3.58792204e+02   9.74212773e-04
   3.58792692e+02   4.67804354e-03
   3.58793181e+02   6.37587672e-03
   3.58793669e+02   2.88297608e-03
   3.58794157e+02  -8.54300510e-04
   3.58794646e+02  -3.97936790e-04
   3.58795134e+02   2.34556251e-06
   3.58795622e+02  -6.79686083e-04
   3.58796110e+02   9.02754080e-04
   3.58796599e+02   1.08611002e-03
   3.58797087e+02  -1.26684445e-03
   3.58797575e+02  -5.76834194e-04
   3.58798064e+02   1.95766054e-03
   3.58798552e+02   2.70101661e-03
   3.58799040e+02   8.80102336e-04
   3.58799529e+02  -3.67031113e-04
   3.58800017e+02   8.53949692e-04
   3.58800505e+02  -5.59820153e-04
   3.58800994e+02  -5.56954183e-03
   3.58801482e+02  -7.23711494e-03
   3.58801970e+02  -3.78591637e-03
   3.58802458e+02  -9.23979271e-04
   3.58802947e+02   1.49387808e-03
   3.58803435e+02   4.89411410e-03
   3.58803923e+02   4.39180480e-03
   3.58804412e+02   1.87217013e-03
   3.58804900e+02   1.07747142e-03
   3.58805388e+02  -2.00511538e-04
   3.58805877e+02  -3.75410868e-03
   3.58806365e+02  -4.21618531e-03
   3.58806853e+02  -6.56545570e-04
   3.58807342e+02  -1.66668149e-03
   3.58807830e+02  -5.54664666e-03
   3.58808318e+02  -5.17529435e-03
   3.58808806e+02  -4.29123454e-03
   3.58809295e+02  -3.72504722e-03
   3.58809783e+02  -1.02012826e-03
   3.58810271e+02   1.59674766e-03
   3.58810760e+02   2.45106919e-03
   3.58811248e+02   1.81308435e-03
   3.58811736e+02   2.61279498e-03
   3.58812225e+02   3.83616402e-03
   3.58812713e+02   1.81520323e-03
   3.58813201e+02  -9.82679310e-04
   3.58813690e+02  -2.28691101e-03
   3.58814178e+02  -4.37279698e-03
   3.58814666e+02  -4.63305367e-03
   3.58815154e+02  -3.29382659e-04
   3.58815643e+02   2.31840601e-03
   3.58816131e+02   9.79985227e-04
   3.58816619e+02   2.36722804e-03
   3.58817108e+02   4.98653622e-03
   3.58817596e+02   3.71990236e-03
   3.58818084e+02   2.47763121e-03
   3.58818573e+02   2.86012585e-03
   3.58819061e+02  -4.41754219e-06
   3.58819549e+02  -3.85563751e-03
   3.58820038e+02  -4.28057462e-03
   3.58820526e+02  -2.41585495e-03
   3.58821014e+02   1.22026645e-03
   3.58821503e+02   4.17001126e-03
   3.58821991e+02   1.89349940e-03
   3.58822479e+02  -5.31649312e-05
   3.58822967e+02   1.33332855e-03
   3.58823456e+02   1.08826335e-03
   3.58823944e+02  -2.91126489e-04
   3.58824432e+02  -1.21571601e-03
   3.58824921e+02  -3.22409696e-03
   3.58825409e+02  -4.42855572e-03
   3.58825897e+02  -4.01454465e-03
   3.58826386e+02  -4.01583593e-03
   3.58826874e+02  -3.22590256e-03
   3.58827362e+02  -2.74265977e-03
   3.58827851e+02  -3.96559574e-03
   3.58828339e+02  -4.46304120e-03
   3.58828827e+02  -3.90151446e-03
   3.58829315e+02  -2.63136346e-03
   3.58829804e+02  -5.12146507e-04
   3.58830292e+02   2.23066658e-03
   3.58830780e+02   4.02730284e-03
   3.58831269e+02   3.11146164e-03
   3.58831757e+02   2.04252632e-04
   3.58832245e+02   5.76421968e-04
   3.58832734e+02   6.37910608e-03
   3.58833222e+02   9.70828347e-03
   3.58833710e+02   4.82180668e-03
   3.58834199e+02  -2.08030082e-03
   3.58834687e+02  -4.90914471e-03
   3.58835175e+02  -3.98919033e-03
   3.58835663e+02   2.98000290e-04
   3.58836152e+02   5.28106373e-03
   3.58836640e+02   5.98611217e-03
   3.58837128e+02   1.87034858e-03
   3.58837617e+02  -3.97633342e-03
   3.58838105e+02  -5.81250060e-03
   3.58838593e+02  -9.46305285e-04
   3.58839082e+02   6.11050753e-03
   3.58839570e+02   7.02243391e-03
   3.58840058e+02   4.52336681e-04
   3.58840547e+02  -3.28843319e-03
   3.58841035e+02  -1.92976731e-03
   3.58841523e+02  -3.91727081e-03
   3.58842011e+02  -7.19885388e-03
   3.58842500e+02  -4.86304285e-03
   3.58842988e+02  -1.31773506e-03
   3.58843476e+02  -1.49133848e-03
   3.58843965e+02  -2.67671398e-03
   3.58844453e+02  -3.94333899e-03
   3.58844941e+02  -4.42942185e-03
   3.58845430e+02  -7.39303709e-04
   3.58845918e+02   3.84052517e-03
   3.58846406e+02   2.66473158e-03
   3.58846895e+02  -3.76104703e-03
   3.58847383e+02  -8.84400867e-03
   3.58847871e+02  -5.34244720e-03
   3.58848359e+02   3.16425343e-03
   3.58848848e+02   8.29163473e-03
   3.58849336e+02   6.06157631e-03
   3.58849824e+02  -1.18284835e-03
   3.58850313e+02  -3.73743800e-03
   3.58850801e+02   7.14121270e-04
   3.58851289e+02   1.50952220e-03
   3.58851778e+02  -2.19611009e-03
   3.58852266e+02  -2.87503819e-03
   3.58852754e+02   8.89945135e-04
   3.58853243e+02   4.45768517e-03
   3.58853731e+02   4.98034107e-03
   3.58854219e+02   7.45596876e-03
   3.58854707e+02   1.03943320e-02
   3.58855196e+02   7.39722466e-03
   3.58855684e+02   2.99763260e-03
   3.58856172e+02   1.02897437e-04
   3.58856661e+02  -2.10348796e-03
   3.58857149e+02  -2.19794340e-03
   3.58857637e+02   3.42791830e-03
   3.58858126e+02   6.92716800e-03
   3.58858614e+02   4.74835979e-03
   3.58859102e+02   1.33141025e-03
   3.58859591e+02   8.17058099e-05
   3.58860079e+02   2.86340015e-03
   3.58860567e+02   4.21341509e-03
   3.58861056e+02   3.40497325e-04
   3.58861544e+02  -1.28718710e-03
   3.58862032e+02   5.76972868e-03
   3.58862520e+02   9.72607173e-03
   3.58863009e+02   7.49786152e-04
   3.58863497e+02  -8.60698801e-03
   3.58863985e+02  -1.34791285e-02
   3.58864474e+02  -1.64889377e-02
   3.58864962e+02  -1.08252838e-02
   3.58865450e+02  -1.98715646e-03
   3.58865939e+02   2.44274037e-03
   3.58866427e+02   3.05607240e-03
   3.58866915e+02   1.90099666e-03
   3.58867404e+02   1.16147310e-03
   3.58867892e+02  -3.82354297e-03
   3.58868380e+02  -7.89991580e-03
   3.58868868e+02  -6.48363959e-03
   3.58869357e+02  -4.16836608e-03
   3.58869845e+02  -9.96808638e-04
   3.58870333e+02   1.17650093e-03
   3.58870822e+02  -2.22522183e-03
   3.58871310e+02  -6.58488274e-03
   3.58871798e+02  -1.88915618e-03
   3.58872287e+02   2.73445365e-03
   3.58872775e+02  -3.56362318e-03
   3.58873263e+02  -8.41030013e-03
   3.58873752e+02  -6.28400547e-03
   3.58874240e+02   9.54954477e-04
   3.58874728e+02   1.08593497e-02
   3.58875216e+02   1.71755645e-02
   3.58875705e+02   1.43411504e-02
   3.58876193e+02   7.69268582e-03
   3.58876681e+02   1.16265006e-03
   3.58877170e+02  -3.60380393e-03
   3.58877658e+02  -4.98629548e-03
   3.58878146e+02  -6.24285173e-03
   3.58878635e+02  -6.16565812e-03
   3.58879123e+02  -3.27482633e-03
   3.58879611e+02   1.23839395e-03
   3.58880100e+02   3.20782280e-03
   3.58880588e+02   3.67149187e-04
   3.58881076e+02  -2.67841038e-03
   3.58881564e+02  -1.46474957e-03
   3.58882053e+02  -1.52558926e-03
   3.58882541e+02  -4.68331017e-03
   3.58883029e+02  -9.47795995e-03
   3.58883518e+02  -1.34945670e-02
   3.58884006e+02  -8.37998558e-03
   3.58884494e+02   1.02497439e-03
   3.58884983e+02   2.37292657e-03
   3.58885471e+02  -1.51011406e-03
   3.58885959e+02   1.06739218e-03
   3.58886448e+02   7.28966715e-03
   3.58886936e+02   3.21909925e-03
   3.58887424e+02  -3.37568624e-03
   3.58887912e+02  -2.70135771e-03
   3.58888401e+02  -9.50379239e-04
   3.58888889e+02  -3.23212030e-03
   3.58889377e+02  -4.47082426e-03
   3.58889866e+02  -1.45282329e-03
   3.58890354e+02  -2.24983902e-03
   3.58890842e+02  -3.57319135e-03
   3.58891331e+02  -1.86057863e-04
   3.58891819e+02   2.98856921e-03
   3.58892307e+02   4.64324886e-03
   3.58892796e+02   5.08910511e-03
   3.58893284e+02  -9.70305700e-04
   3.58893772e+02  -1.00266505e-02
   3.58894260e+02  -1.36489356e-02
   3.58894749e+02  -1.19761797e-02
   3.58895237e+02  -8.39574262e-03
   3.58895725e+02  -7.48427399e-03
   3.58896214e+02  -8.18313751e-03
   3.58896702e+02  -4.57666535e-03
   3.58897190e+02   7.74132670e-04
   3.58897679e+02   5.22535574e-03
   3.58898167e+02   6.99314382e-03
   3.58898655e+02   4.00592759e-03
   3.58899144e+02   1.19445124e-03
   3.58899632e+02  -9.84624843e-04
   3.58900120e+02  -5.34692314e-03
   3.58900608e+02  -7.84051791e-03
   3.58901097e+02  -7.90047459e-03
   3.58901585e+02  -9.56699159e-03
   3.58902073e+02  -1.19647998e-02
   3.58902562e+02  -1.18046114e-02
   3.58903050e+02  -5.74918324e-03
   3.58903538e+02   2.27248878e-03
   3.58904027e+02   4.87482641e-03
   3.58904515e+02   3.15014785e-03
   3.58905003e+02   1.67653162e-03
   3.58905492e+02   3.19097308e-03
   3.58905980e+02   5.31831151e-03
   3.58906468e+02   7.50454515e-03
   3.58906957e+02   8.50812718e-03
   3.58907445e+02   4.66495659e-03
   3.58907933e+02  -1.52234372e-03
   3.58908421e+02  -2.24393234e-03
   3.58908910e+02   1.85520365e-03
   3.58909398e+02   9.67354921e-04
   3.58909886e+02  -4.80261911e-03
   3.58910375e+02  -6.30522333e-03
   3.58910863e+02  -1.61040982e-03
   3.58911351e+02   4.64889361e-03
   3.58911840e+02   7.74391135e-03
   3.58912328e+02   7.18504004e-03
   3.58912816e+02   6.89208461e-03
   3.58913305e+02   6.88872114e-03
   3.58913793e+02   4.76518925e-03
   3.58914281e+02   3.32092284e-03
   3.58914769e+02   1.39214727e-03
   3.58915258e+02  -1.70651753e-03
   3.58915746e+02  -7.61467149e-04
   3.58916234e+02   6.87369720e-06
   3.58916723e+02  -2.16639414e-03
   3.58917211e+02  -2.65403977e-03
   3.58917699e+02  -1.31741608e-03
   3.58918188e+02  -1.02015142e-03
   3.58918676e+02  -2.92399758e-03
   3.58919164e+02  -5.08143101e-03
   3.58919653e+02  -3.58094065e-03
   3.58920141e+02   1.55608624e-03
   3.58920629e+02   4.16472927e-03
   3.58921117e+02   2.05369480e-03
   3.58921606e+02  -5.39754401e-04
   3.58922094e+02   4.75428445e-04
   3.58922582e+02   3.81334173e-03
   3.58923071e+02   5.43626305e-03
   3.58923559e+02   4.73974319e-03
   3.58924047e+02   1.46106596e-03
   3.58924536e+02  -7.32667046e-04
   3.58925024e+02   8.97387450e-04
   3.58925512e+02   1.60169206e-03
   3.58926001e+02   1.89184444e-03
   3.58926489e+02   2.79717171e-03
   3.58926977e+02   1.49785960e-03
   3.58927465e+02   1.70880638e-03
   3.58927954e+02   2.93657556e-03
   3.58928442e+02   8.51666904e-04
   3.58928930e+02   9.59968602e-05
   3.58929419e+02   1.05416751e-04
   3.58929907e+02  -9.36258992e-04
   3.58930395e+02   4.29266453e-04
   3.58930884e+02   6.62343446e-05
   3.58931372e+02  -3.12801730e-03
   3.58931860e+02  -3.38268164e-03
   3.58932349e+02  -7.95000815e-04
   3.58932837e+02   9.43299237e-05
   3.58933325e+02  -1.12123256e-04
   3.58933813e+02   2.05043028e-03
   3.58934302e+02   5.48866251e-03
   3.58934790e+02   6.68429257e-03
   3.58935278e+02   4.97302646e-03
   3.58935767e+02   2.47480441e-03
   3.58936255e+02   2.57337862e-03
   3.58936743e+02   3.43844132e-03
   3.58937232e+02   2.50241859e-03
   3.58937720e+02   1.33304115e-04
   3.58938208e+02  -2.39365920e-03
   3.58938697e+02  -2.24717893e-03
   3.58939185e+02   8.04980227e-04
   3.58939673e+02   2.92004459e-03
   3.58940161e+02   2.41046725e-03
   3.58940650e+02   1.20114104e-03
   3.58941138e+02   7.89595128e-04
   3.58941626e+02   1.32334605e-03
   3.58942115e+02   2.12948397e-03
   3.58942603e+02   2.70519196e-03
   3.58943091e+02   4.21380624e-03
   3.58943580e+02   4.07999754e-03
   3.58944068e+02   8.46298994e-04
   3.58944556e+02  -1.99724967e-03
   3.58945045e+02  -1.43615552e-03
   3.58945533e+02   1.76752347e-03
   3.58946021e+02   2.77189375e-03
   3.58946510e+02   5.45704621e-04
   3.58946998e+02  -5.82927372e-04
   3.58947486e+02  -1.48844672e-04
   3.58947974e+02   3.73290037e-04
   3.58948463e+02  -8.66805276e-05
   3.58948951e+02  -2.05498980e-03
   3.58949439e+02  -3.24418582e-03
   3.58949928e+02  -3.83912842e-03
   3.58950416e+02  -4.23925230e-03
   3.58950904e+02  -3.48453526e-03
   3.58951393e+02  -3.92339978e-04
   3.58951881e+02   4.77277953e-03
   3.58952369e+02   8.43081437e-03
   3.58952858e+02   8.72917380e-03
   3.58953346e+02   5.82068646e-03
   3.58953834e+02   1.19065086e-03
   3.58954322e+02  -1.77754276e-03
   3.58954811e+02  -1.49083883e-03
   3.58955299e+02   1.84973193e-04
   3.58955787e+02   9.96791990e-04
   3.58956276e+02   1.23529194e-03
   3.58956764e+02  -4.87848039e-04
   3.58957252e+02  -4.25751647e-03
   3.58957741e+02  -5.65505028e-03
   3.58958229e+02  -3.80678708e-03
   3.58958717e+02  -1.06531347e-03
   3.58959206e+02   1.41890952e-03
   3.58959694e+02   2.30844412e-03
   3.58960182e+02   1.27910962e-03
   3.58960670e+02  -6.31428382e-04
   3.58961159e+02  -9.61422047e-04
   3.58961647e+02   1.80999760e-03
   3.58962135e+02   2.35066330e-03
   3.58962624e+02  -1.24117348e-03
   3.58963112e+02  -2.84019113e-03
   3.58963600e+02  -4.60904790e-04
   3.58964089e+02   2.33583828e-03
   3.58964577e+02   3.24931415e-03
   3.58965065e+02   3.70131666e-03
   3.58965554e+02   2.96436227e-03
   3.58966042e+02   3.57076555e-04
   3.58966530e+02  -1.37280452e-03
   3.58967018e+02  -1.05958013e-03
   3.58967507e+02  -2.24867515e-04
   3.58967995e+02  -1.00475911e-03
   3.58968483e+02  -1.77404121e-03
   3.58968972e+02  -1.32650544e-04
   3.58969460e+02   2.91205081e-03
   3.58969948e+02   4.81203338e-03
   3.58970437e+02   3.00888950e-03
   3.58970925e+02  -1.16964278e-03
   3.58971413e+02  -4.06526867e-03
   3.58971902e+02  -4.14570188e-03
   3.58972390e+02  -1.40130776e-03
   3.58972878e+02   1.55988353e-04
   3.58973366e+02  -2.74048361e-04
   3.58973855e+02   2.31844038e-04
   3.58974343e+02   1.32881408e-03
   3.58974831e+02   2.97807087e-03
   3.58975320e+02   5.29266708e-03
   3.58975808e+02   5.15957875e-03
   3.58976296e+02   2.84276623e-03
   3.58976785e+02   1.23539590e-03
   3.58977273e+02   2.59784563e-03
   3.58977761e+02   4.89307102e-03
   3.58978250e+02   3.80894728e-03
   3.58978738e+02   1.86887244e-03
   3.58979226e+02   1.81950582e-03
   3.58979714e+02   2.23863195e-03
   3.58980203e+02   1.61626306e-03
   3.58980691e+02   6.51422248e-04
   3.58981179e+02   7.40923162e-04
   3.58981668e+02   3.79606732e-04
   3.58982156e+02  -1.11557357e-03
   3.58982644e+02  -1.91300386e-03
   3.58983133e+02  -1.63788034e-03
   3.58983621e+02  -2.24892981e-03
   3.58984109e+02  -3.38066276e-03
   3.58984598e+02  -2.69193714e-03
   3.58985086e+02  -1.17779558e-03
   3.58985574e+02  -1.31912588e-03
   3.58986063e+02  -2.89647700e-03
   3.58986551e+02  -4.28816210e-03
   3.58987039e+02  -3.24944919e-03
   3.58987527e+02  -2.48012831e-04
   3.58988016e+02   8.75591941e-04
   3.58988504e+02  -1.48099218e-03
   3.58988992e+02  -3.66835366e-03
   3.58989481e+02  -3.73311155e-03
   3.58989969e+02  -2.25124438e-03
   3.58990457e+02  -2.96602346e-04
   3.58990946e+02   7.88827951e-04
   3.58991434e+02   2.00593797e-03
   3.58991922e+02   3.99588002e-03
   3.58992411e+02   3.72677832e-03
   3.58992899e+02   3.26371257e-04
   3.58993387e+02  -2.94035533e-03
   3.58993875e+02  -2.90604518e-03
   3.58994364e+02  -1.97057240e-03
   3.58994852e+02  -4.84126713e-03
   3.58995340e+02  -7.98688736e-03
   3.58995829e+02  -5.58424788e-03
   3.58996317e+02   6.47526816e-04
   3.58996805e+02   3.54635483e-03
   3.58997294e+02  -2.59243388e-04
   3.58997782e+02  -3.94339208e-03
   3.58998270e+02  -1.77765102e-03
   3.58998759e+02   2.00306997e-04
   3.58999247e+02  -1.99299562e-03
   3.58999735e+02  -1.67391938e-03
   3.59000223e+02   1.47464999e-03
   3.59000712e+02   2.22198525e-03
   3.59001200e+02   2.01121625e-03
   3.59001688e+02   2.78660562e-03
   3.59002177e+02   3.17145418e-03
   3.59002665e+02   2.97310227e-03
   3.59003153e+02   2.57549970e-03
   3.59003642e+02   1.30594103e-03
   3.59004130e+02  -1.54741603e-04
   3.59004618e+02   9.21942876e-04
   3.59005107e+02   3.63694155e-03
   3.59005595e+02   2.88395118e-03
   3.59006083e+02   5.55843988e-04
   3.59006571e+02   6.55842421e-04
   3.59007060e+02   1.58195198e-03
   3.59007548e+02   1.81138632e-03
   3.59008036e+02   4.45660582e-04
   3.59008525e+02  -6.18798003e-05
   3.59009013e+02   2.55025737e-03
   3.59009501e+02   2.32236111e-03
   3.59009990e+02  -8.25847150e-04
   3.59010478e+02   3.45006265e-04
   3.59010966e+02   1.63581234e-03
   3.59011455e+02  -1.11175887e-03
   3.59011943e+02  -1.16715219e-03
   3.59012431e+02   2.24355073e-03
   3.59012919e+02   3.69989011e-03
   3.59013408e+02   1.39218220e-03
   3.59013896e+02  -2.12353957e-03
   3.59014384e+02  -1.56838889e-03
   3.59014873e+02   9.33904492e-04
   3.59015361e+02   1.31152442e-03
   3.59015849e+02   1.67624326e-03
   3.59016338e+02   3.84070823e-04
   3.59016826e+02  -2.41310033e-03
   3.59017314e+02  -2.60635396e-03
   3.59017803e+02  -1.43263582e-03
   3.59018291e+02   8.57339881e-04
   3.59018779e+02   3.10128415e-03
   3.59019267e+02   1.48642040e-03
   3.59019756e+02  -2.08112621e-03
   3.59020244e+02  -3.55785829e-03
   3.59020732e+02  -2.58032838e-03
   3.59021221e+02  -1.43710151e-03
   3.59021709e+02  -1.30266859e-03
   3.59022197e+02  -1.36973313e-03
   3.59022686e+02  -3.27562098e-04
   3.59023174e+02  -5.37788845e-04
   3.59023662e+02  -2.54201400e-03
   3.59024151e+02  -2.32780934e-03
   3.59024639e+02   1.00182497e-03
   3.59025127e+02   3.76783474e-03
   3.59025616e+02   3.65984696e-03
   3.59026104e+02   2.83796876e-03
   3.59026592e+02   2.19935412e-03
   3.59027080e+02   1.36899494e-03
   3.59027569e+02   1.00589986e-03
   3.59028057e+02   4.76710236e-04
   3.59028545e+02  -6.15692697e-04
   3.59029034e+02  -8.14097642e-04
   3.59029522e+02   8.43468006e-04
   3.59030010e+02   2.29882915e-03
   3.59030499e+02   1.41292473e-03
   3.59030987e+02  -8.02138020e-05
   3.59031475e+02  -1.05191465e-03
   3.59031964e+02  -3.05415341e-03
   3.59032452e+02  -5.12209907e-03
   3.59032940e+02  -5.27671818e-03
   3.59033428e+02  -4.72944835e-03
   3.59033917e+02  -5.63356932e-03
   3.59034405e+02  -5.26127685e-03
   3.59034893e+02  -2.76136771e-03
   3.59035382e+02  -1.39975862e-03
   3.59035870e+02  -1.85482402e-03
   3.59036358e+02  -1.70187955e-03
   3.59036847e+02  -8.28630116e-04
   3.59037335e+02  -1.07076636e-03
   3.59037823e+02  -1.47421844e-03
   3.59038312e+02  -5.37426618e-04
   3.59038800e+02   1.76065136e-03
   3.59039288e+02   4.66736080e-03
   3.59039776e+02   5.66698844e-03
   3.59040265e+02   4.20821132e-03
   3.59040753e+02   4.04526712e-03
   3.59041241e+02   3.95426946e-03
   3.59041730e+02   1.65605429e-03
   3.59042218e+02   2.82134220e-04
   3.59042706e+02   8.58620217e-04
   3.59043195e+02   5.12634986e-04
   3.59043683e+02  -1.42235262e-03
   3.59044171e+02  -1.47260597e-03
   3.59044660e+02   4.52446802e-05
   3.59045148e+02   2.90513679e-04
   3.59045636e+02   1.16365717e-03
   3.59046124e+02   3.43139400e-03
   3.59046613e+02   4.18028701e-03
   3.59047101e+02   1.97933638e-03
   3.59047589e+02   2.30533740e-04
   3.59048078e+02   1.19281234e-03
   3.59048566e+02   1.86998979e-03
   3.59049054e+02   2.04370334e-03
   3.59049543e+02   1.00912398e-03
   3.59050031e+02  -2.18286063e-03
   3.59050519e+02  -2.11986084e-03
   3.59051008e+02   1.91994570e-03
   3.59051496e+02   3.93167511e-03
   3.59051984e+02   4.26374376e-03
   3.59052472e+02   5.26106544e-03
   3.59052961e+02   3.33163841e-03
   3.59053449e+02  -8.09172227e-04
   3.59053937e+02  -6.62758073e-04
   3.59054426e+02   9.57363634e-04
   3.59054914e+02  -7.37075403e-04
   3.59055402e+02  -2.05573835e-03
   3.59055891e+02  -1.47771230e-03
   3.59056379e+02   3.00973712e-04
   3.59056867e+02   1.40588288e-03
   3.59057356e+02  -7.52092397e-04
   3.59057844e+02  -2.04197387e-03
   3.59058332e+02  -1.33185391e-03
   3.59058820e+02  -2.25371611e-03
   3.59059309e+02  -3.26953200e-03
   3.59059797e+02  -2.88665551e-03
   3.59060285e+02  -1.86530012e-03
   3.59060774e+02   9.41966864e-05
   3.59061262e+02   3.21260514e-03
   3.59061750e+02   3.69473756e-03
   3.59062239e+02   7.73092266e-04
   3.59062727e+02   1.88027872e-04
   3.59063215e+02   1.10442541e-03
   3.59063704e+02   4.34098445e-04
   3.59064192e+02  -5.34329214e-04
   3.59064680e+02  -6.69068308e-04
   3.59065169e+02  -6.68678898e-04
   3.59065657e+02  -1.62642985e-03
   3.59066145e+02  -2.41315970e-03
   3.59066633e+02  -1.54409092e-03
   3.59067122e+02  -1.99645569e-04
   3.59067610e+02   7.60934316e-04
   3.59068098e+02   1.34653063e-03
   3.59068587e+02   6.01210748e-04
   3.59069075e+02  -9.76097479e-04
   3.59069563e+02  -2.19951966e-03
   3.59070052e+02  -1.92988850e-03
   3.59070540e+02  -1.03669940e-03
   3.59071028e+02  -1.97051582e-03
   3.59071517e+02  -3.76331690e-03
   3.59072005e+02  -4.33271006e-03
   3.59072493e+02  -3.21524637e-03
   3.59072981e+02  -4.78347327e-04
   3.59073470e+02   2.15250044e-03
   3.59073958e+02   1.32590148e-03
   3.59074446e+02  -2.26674904e-03
   3.59074935e+02  -4.15299740e-03
   3.59075423e+02  -4.23502969e-03
   3.59075911e+02  -4.70311474e-03
   3.59076400e+02  -4.80060931e-03
   3.59076888e+02  -2.10469798e-03
   3.59077376e+02   9.82411555e-04
   3.59077865e+02   1.01442088e-03
   3.59078353e+02   1.38156582e-03
   3.59078841e+02   3.36030126e-03
   3.59079329e+02   2.53668916e-03
   3.59079818e+02   5.83369809e-04
   3.59080306e+02   1.61155197e-03
   3.59080794e+02   2.00034748e-03
   3.59081283e+02  -4.63891658e-04
   3.59081771e+02  -2.00603250e-03
   3.59082259e+02  -7.47280486e-04
   3.59082748e+02   2.53574661e-04
   3.59083236e+02   1.25604667e-04
   3.59083724e+02   3.33323784e-04
   3.59084213e+02   9.85626102e-05
   3.59084701e+02   3.10041942e-05
   3.59085189e+02   2.84271711e-03
   3.59085677e+02   6.11213967e-03
   3.59086166e+02   5.10260928e-03
   3.59086654e+02   2.39090365e-03
   3.59087142e+02   4.99010959e-04
   3.59087631e+02  -9.84144746e-04
   3.59088119e+02  -8.79683284e-05
   3.59088607e+02   1.77117810e-03
   3.59089096e+02   2.14072666e-03
   3.59089584e+02   6.74279931e-04
   3.59090072e+02   1.24670833e-03
   3.59090561e+02   1.84147619e-03
   3.59091049e+02   1.11988280e-03
   3.59091537e+02   2.34195308e-04
   3.59092025e+02  -1.19420511e-04
   3.59092514e+02   1.24171434e-03
   3.59093002e+02   2.91755400e-03
   3.59093490e+02   1.25720573e-03
   3.59093979e+02  -1.99131435e-03
   3.59094467e+02  -2.61774822e-03
   3.59094955e+02  -2.67845555e-03
   3.59095444e+02  -3.18167522e-03
   3.59095932e+02  -1.46803493e-03
   3.59096420e+02   1.67612778e-03
   3.59096909e+02   3.08288052e-03
   3.59097397e+02   1.57837314e-03
   3.59097885e+02   1.99824863e-04
   3.59098373e+02   7.42139295e-04
   3.59098862e+02   1.27469655e-03
   3.59099350e+02   1.22916244e-04
   3.59099838e+02  -2.78837467e-03
   3.59100327e+02  -5.98240690e-03
   3.59100815e+02  -6.65966142e-03
   3.59101303e+02  -3.60541465e-03
   3.59101792e+02  -5.24835428e-04
   3.59102280e+02  -8.71195865e-04
   3.59102768e+02  -1.13394344e-03
   3.59103257e+02   9.53991723e-04
   3.59103745e+02   1.90110353e-03
   3.59104233e+02  -9.52102346e-05
   3.59104722e+02  -2.45345547e-03
   3.59105210e+02  -2.32138802e-04
   3.59105698e+02   3.96516034e-03
   3.59106186e+02   3.08508775e-03
   3.59106675e+02  -1.48058380e-03
   3.59107163e+02  -5.02631906e-03
   3.59107651e+02  -4.45379270e-03
   3.59108140e+02   3.04956426e-04
   3.59108628e+02   2.90696602e-03
   3.59109116e+02   1.12744211e-03
   3.59109605e+02  -1.25648850e-03
   3.59110093e+02  -2.94404360e-03
   3.59110581e+02  -2.97565432e-03
   3.59111070e+02  -8.91472679e-04
   3.59111558e+02   1.04934943e-03
   3.59112046e+02   1.22294412e-03
   3.59112534e+02  -1.71228324e-03
   3.59113023e+02  -5.41751599e-03
   3.59113511e+02  -5.55308862e-03
   3.59113999e+02  -3.48176807e-03
   3.59114488e+02  -1.93164370e-03
   3.59114976e+02   2.68399512e-04
   3.59115464e+02   2.27880082e-03
   3.59115953e+02   2.36824201e-03
   3.59116441e+02   2.47150217e-03
   3.59116929e+02   2.85123312e-03
   3.59117418e+02   1.29729160e-04
   3.59117906e+02  -2.46929796e-03
   3.59118394e+02  -2.74020084e-03
   3.59118882e+02  -3.86155816e-03
   3.59119371e+02  -4.04166942e-03
   3.59119859e+02  -2.04796973e-03
   3.59120347e+02  -1.14418112e-03
   3.59120836e+02  -7.83827738e-04
   3.59121324e+02   6.14750083e-04
   3.59121812e+02   1.11032673e-03
   3.59122301e+02   5.92608936e-04
   3.59122789e+02   6.37395075e-04
   3.59123277e+02   1.09730921e-04
   3.59123766e+02  -1.25765882e-03
   3.59124254e+02  -1.57724076e-03
   3.59124742e+02  -3.97161639e-05
   3.59125230e+02   1.03632349e-03
   3.59125719e+02  -1.62158452e-04
   3.59126207e+02  -1.69602362e-03
   3.59126695e+02  -1.96807319e-03
   3.59127184e+02  -1.56265660e-03
   3.59127672e+02  -1.28087599e-03
   3.59128160e+02  -3.89444816e-04
   3.59128649e+02   4.97738540e-04
   3.59129137e+02   1.32336142e-03
   3.59129625e+02   1.73232856e-03
   3.59130114e+02   9.27586283e-04
   3.59130602e+02   1.37407170e-03
   3.59131090e+02   1.94339303e-03
   3.59131578e+02   4.35837341e-04
   3.59132067e+02  -2.52059940e-03
   3.59132555e+02  -5.03916573e-03
   3.59133043e+02  -5.50041767e-03
   3.59133532e+02  -3.46009573e-03
   3.59134020e+02  -1.11509324e-03
   3.59134508e+02  -4.60517884e-04
   3.59134997e+02  -1.04266452e-03
   3.59135485e+02  -2.71545001e-03
   3.59135973e+02  -4.20878036e-03
   3.59136462e+02  -2.99663097e-03
   3.59136950e+02   8.46906332e-04
   3.59137438e+02   2.83294963e-03
   3.59137926e+02   1.88885513e-03
   3.59138415e+02   2.39735423e-03
   3.59138903e+02   3.40579171e-03
   3.59139391e+02   1.35318574e-03
   3.59139880e+02  -1.50614965e-03
   3.59140368e+02  -2.23701401e-03
   3.59140856e+02  -1.21267000e-03
   3.59141345e+02  -8.03348594e-05
   3.59141833e+02   5.25788113e-04
   3.59142321e+02   2.23946976e-04
   3.59142810e+02  -6.77650387e-04
   3.59143298e+02   3.74747266e-04
   3.59143786e+02   2.66696909e-03
   3.59144275e+02   3.83840292e-03
   3.59144763e+02   3.28104198e-03
   3.59145251e+02   2.66690738e-03
   3.59145739e+02   3.08478950e-03
   3.59146228e+02   1.35126070e-03
   3.59146716e+02  -2.05145101e-03
   3.59147204e+02  -2.96978769e-03
   3.59147693e+02  -1.66528928e-03
   3.59148181e+02  -1.28591771e-03
   3.59148669e+02  -1.24372379e-03
   3.59149158e+02   1.74857385e-04
   3.59149646e+02   8.62799643e-04
   3.59150134e+02  -9.37482109e-04
   3.59150623e+02  -1.54772645e-03
   3.59151111e+02  -2.04225148e-06
   3.59151599e+02  -4.27536317e-04
   3.59152087e+02  -2.10366352e-03
   3.59152576e+02  -1.22582074e-03
   3.59153064e+02   1.21806131e-03
   3.59153552e+02   1.83186319e-03
   3.59154041e+02   1.33085519e-03
   3.59154529e+02   1.65373262e-03
   3.59155017e+02  -9.53200390e-04
   3.59155506e+02  -5.02041727e-03
   3.59155994e+02  -5.83908893e-03
   3.59156482e+02  -4.32009343e-03
   3.59156971e+02  -2.96690618e-03
   3.59157459e+02  -2.48479703e-03
   3.59157947e+02  -1.35897985e-03
   3.59158435e+02  -1.36381947e-04
   3.59158924e+02   7.12770212e-04
   3.59159412e+02   1.33537478e-03
   3.59159900e+02   4.48390783e-04
   3.59160389e+02  -6.62955630e-04
   3.59160877e+02  -1.22594403e-03
   3.59161365e+02  -2.04980304e-03
   3.59161854e+02  -2.76009436e-03
   3.59162342e+02  -2.84272688e-03
   3.59162830e+02  -1.89603760e-03
   3.59163319e+02   4.05061495e-04
   3.59163807e+02   1.63585402e-03
   3.59164295e+02   5.60208791e-05
   3.59164783e+02  -1.46514736e-03
   3.59165272e+02  -1.77160220e-03
   3.59165760e+02  -2.13387283e-03
   3.59166248e+02  -4.13517497e-04
   3.59166737e+02   1.38939149e-03
   3.59167225e+02   3.00536467e-05
   3.59167713e+02  -1.01922429e-03
   3.59168202e+02   4.28487954e-04
   3.59168690e+02   2.58148438e-03
   3.59169178e+02   3.35082971e-03
   3.59169667e+02   4.02037613e-03
   3.59170155e+02   4.48487047e-03
   3.59170643e+02   2.72642472e-03
   3.59171131e+02   2.51870556e-03
   3.59171620e+02   4.13785642e-03
   3.59172108e+02   4.11322061e-03
   3.59172596e+02   3.64695466e-03
   3.59173085e+02   3.13935522e-03
   3.59173573e+02   1.94069522e-03
   3.59174061e+02   2.18122941e-03
   3.59174550e+02   2.84468266e-03
   3.59175038e+02   2.33733351e-03
   3.59175526e+02   2.52587697e-03
   3.59176015e+02   2.63669761e-03
   3.59176503e+02   1.38006650e-03
   3.59176991e+02   4.63404867e-04
   3.59177479e+02   1.60698139e-03
   3.59177968e+02   2.13610451e-03
   3.59178456e+02  -1.01293765e-04
   3.59178944e+02  -1.38874562e-03
   3.59179433e+02  -6.99529919e-05
   3.59179921e+02   5.81571192e-04
   3.59180409e+02  -1.06042391e-03
   3.59180898e+02  -3.43533466e-03
   3.59181386e+02  -2.60345265e-03
   3.59181874e+02   1.54439535e-03
   3.59182363e+02   3.60682816e-03
   3.59182851e+02   1.73354091e-03
   3.59183339e+02  -3.04618821e-04
   3.59183828e+02  -1.32354943e-03
   3.59184316e+02  -2.03385088e-03
   3.59184804e+02  -1.06488285e-03
   3.59185292e+02  -1.17725017e-03
   3.59185781e+02  -3.03435465e-03
   3.59186269e+02  -1.65445672e-03
   3.59186757e+02   1.10221631e-03
   3.59187246e+02   8.27932265e-04
   3.59187734e+02  -7.93415820e-04
   3.59188222e+02  -1.14303501e-03
   3.59188711e+02  -4.04425315e-04
   3.59189199e+02   6.94292539e-05
   3.59189687e+02  -7.24077341e-04
   3.59190176e+02  -1.73874013e-03
   3.59190664e+02  -1.83436868e-03
   3.59191152e+02  -1.15834887e-03
   3.59191640e+02  -3.79501202e-04
   3.59192129e+02  -4.09585249e-04
   3.59192617e+02  -2.10302998e-03
   3.59193105e+02  -3.83057492e-03
   3.59193594e+02  -3.16589582e-03
   3.59194082e+02  -8.77919840e-04
   3.59194570e+02   1.02437579e-03
   3.59195059e+02   5.30246762e-04
   3.59195547e+02  -1.64836110e-03
   3.59196035e+02  -1.89653446e-03
   3.59196524e+02   1.06088899e-03
   3.59197012e+02   3.55446339e-03
   3.59197500e+02   2.39243172e-03
   3.59197988e+02  -9.39179910e-04
   3.59198477e+02  -2.19766516e-03
   3.59198965e+02   1.53515523e-03
   3.59199453e+02   4.89435392e-03
   3.59199942e+02   3.25537100e-03
   3.59200430e+02   6.00097235e-04
   3.59200918e+02  -4.14924260e-04
   3.59201407e+02  -1.35916146e-03
   3.59201895e+02  -2.36818776e-03
   3.59202383e+02  -2.39324616e-03
   3.59202872e+02  -3.21167358e-03
   3.59203360e+02  -4.71849041e-03
   3.59203848e+02  -4.85606864e-03
   3.59204336e+02  -4.90633631e-03
   3.59204825e+02  -3.69554665e-03
   3.59205313e+02  -4.82995209e-04
   3.59205801e+02  -3.27000220e-04
   3.59206290e+02  -2.46711867e-03
   3.59206778e+02  -2.09208718e-03
   3.59207266e+02   2.23283263e-04
   3.59207755e+02   1.71149557e-03
   3.59208243e+02   1.76921685e-03
   3.59208731e+02   1.16101943e-03
   3.59209220e+02  -4.13603673e-04
   3.59209708e+02  -2.31768144e-03
   3.59210196e+02  -3.04401270e-03
   3.59210684e+02  -3.92725831e-03
   3.59211173e+02  -3.19359079e-03
   3.59211661e+02   3.34606651e-04
   3.59212149e+02   2.15235748e-03
   3.59212638e+02   2.62120622e-04
   3.59213126e+02  -2.79532420e-03
   3.59213614e+02  -4.41886624e-03
   3.59214103e+02  -4.14902996e-03
   3.59214591e+02  -1.41537713e-03
   3.59215079e+02   3.06441309e-03
   3.59215568e+02   4.00163839e-03
   3.59216056e+02   1.54164201e-03
   3.59216544e+02   2.01050731e-04
   3.59217032e+02   8.46158713e-04
   3.59217521e+02   2.35019950e-03
   3.59218009e+02   2.64847861e-03
   3.59218497e+02   4.51180851e-04
   3.59218986e+02  -2.40209559e-03
   3.59219474e+02  -2.05814559e-03
   3.59219962e+02   8.84149922e-04
   3.59220451e+02   3.16418475e-03
   3.59220939e+02   3.65504110e-03
   3.59221427e+02   9.78831784e-04
   3.59221916e+02  -2.73676147e-03
   3.59222404e+02  -3.50492308e-03
   3.59222892e+02  -2.89189583e-03
   3.59223381e+02  -1.99825526e-03
   3.59223869e+02  -1.05113769e-03
   3.59224357e+02  -1.73672591e-03
   3.59224845e+02  -2.86758365e-03
   3.59225334e+02  -3.05634784e-03
   3.59225822e+02  -2.34851846e-03
   3.59226310e+02  -1.63692259e-03
   3.59226799e+02  -6.99925120e-04
   3.59227287e+02   4.93867963e-04
   3.59227775e+02   6.02447144e-05
   3.59228264e+02  -5.36216889e-04
   3.59228752e+02  -8.16809945e-04
   3.59229240e+02  -2.05132854e-03
   3.59229729e+02  -3.56676849e-03
   3.59230217e+02  -3.70720867e-03
   3.59230705e+02  -3.54329334e-03
   3.59231193e+02  -4.29823576e-03
   3.59231682e+02  -3.32998997e-03
   3.59232170e+02  -2.38698383e-04
   3.59232658e+02   1.75843982e-03
   3.59233147e+02   1.88991474e-03
   3.59233635e+02   1.13932940e-03
   3.59234123e+02   3.44766828e-04
   3.59234612e+02  -8.27397525e-05
   3.59235100e+02   7.52495485e-04
   3.59235588e+02   2.42267293e-03
   3.59236077e+02   2.65073054e-03
   3.59236565e+02   1.31344795e-03
   3.59237053e+02   8.92038166e-04
   3.59237541e+02   2.46121478e-03
   3.59238030e+02   2.63627106e-03
   3.59238518e+02   3.30970332e-04
   3.59239006e+02  -9.43007646e-04
   3.59239495e+02  -1.77725556e-03
   3.59239983e+02  -3.10228486e-03
   3.59240471e+02  -3.07551934e-03
   3.59240960e+02  -1.82222784e-03
   3.59241448e+02   1.08735415e-03
   3.59241936e+02   5.17051993e-03
   3.59242425e+02   6.14082348e-03
   3.59242913e+02   2.93962611e-03
   3.59243401e+02   1.13889240e-04
   3.59243889e+02   2.22567629e-04
   3.59244378e+02   7.19818578e-04
   3.59244866e+02  -3.99565411e-04
   3.59245354e+02  -1.79521565e-03
   3.59245843e+02  -2.73588137e-03
   3.59246331e+02  -4.14462201e-03
   3.59246819e+02  -4.15247027e-03
   3.59247308e+02  -2.60821544e-03
   3.59247796e+02  -1.33753358e-03
   3.59248284e+02  -6.23640837e-04
   3.59248773e+02   3.75098753e-04
   3.59249261e+02   2.26477371e-03
   3.59249749e+02   2.31315335e-03
   3.59250237e+02  -3.83974082e-04
   3.59250726e+02  -1.43644295e-03
   3.59251214e+02  -1.88221238e-04
   3.59251702e+02   3.88910586e-04
   3.59252191e+02   6.65822532e-04
   3.59252679e+02   2.54652579e-03
   3.59253167e+02   4.05508559e-03
   3.59253656e+02   2.76493328e-03
   3.59254144e+02   3.07884271e-04
   3.59254632e+02  -4.81167430e-04
   3.59255121e+02   3.77897872e-04
   3.59255609e+02   1.09899591e-03
   3.59256097e+02  -2.57882522e-04
   3.59256585e+02  -3.04899225e-03
   3.59257074e+02  -4.69636219e-03
   3.59257562e+02  -4.06838395e-03
   3.59258050e+02  -2.59163999e-03
   3.59258539e+02  -2.04913248e-03
   3.59259027e+02  -2.11967411e-03
   3.59259515e+02  -2.47494294e-03
   3.59260004e+02  -2.99200322e-03
   3.59260492e+02  -2.36600987e-03
   3.59260980e+02  -2.00400199e-03
   3.59261469e+02  -2.82044080e-03
   3.59261957e+02  -2.21530185e-03
   3.59262445e+02  -1.06580602e-03
   3.59262934e+02  -1.40636950e-03
   3.59263422e+02  -1.87218736e-03
   3.59263910e+02  -2.43344973e-03
   3.59264398e+02  -9.91563429e-04
   3.59264887e+02   1.41672010e-03
   3.59265375e+02   2.05829018e-03
   3.59265863e+02   2.17817049e-03
   3.59266352e+02  -4.16151772e-04
   3.59266840e+02  -1.26383849e-03
   3.59267328e+02   1.63937279e-03
   3.59267817e+02   1.84931734e-03
   3.59268305e+02   9.02962114e-04
   3.59268793e+02   2.49103014e-03
   3.59269282e+02   2.38194293e-03
   3.59269770e+02  -2.01463859e-04
   3.59270258e+02  -7.45470927e-04
   3.59270746e+02   8.45428207e-04
   3.59271235e+02  -5.23424882e-04
   3.59271723e+02  -3.10600130e-03
   3.59272211e+02  -2.08842033e-03
   3.59272700e+02  -5.38435066e-04
   3.59273188e+02  -1.48035306e-03
   3.59273676e+02  -1.45668082e-03
   3.59274165e+02   2.13145802e-04
   3.59274653e+02  -1.53400673e-04
   3.59275141e+02  -5.30621212e-04
   3.59275630e+02   1.01425010e-03
   3.59276118e+02   1.73103123e-03
   3.59276606e+02  -4.11942834e-04
   3.59277094e+02  -3.93838109e-03
   3.59277583e+02  -4.08661505e-03
   3.59278071e+02  -6.87104068e-04
   3.59278559e+02   1.50941417e-03
   3.59279048e+02  -2.90454394e-04
   3.59279536e+02  -4.03691968e-03
   3.59280024e+02  -4.25574835e-03
   3.59280513e+02  -1.50260213e-03
   3.59281001e+02  -1.45618350e-03
   3.59281489e+02  -2.70541408e-03
   3.59281978e+02  -1.82081899e-03
   3.59282466e+02   7.46885140e-04
   3.59282954e+02   2.64593912e-03
   3.59283442e+02   1.03748520e-03
   3.59283931e+02  -1.75660971e-04
   3.59284419e+02   3.51239345e-04
   3.59284907e+02  -9.68925538e-04
   3.59285396e+02  -2.60339631e-03
   3.59285884e+02  -3.21501953e-04
   3.59286372e+02   3.19514074e-03
   3.59286861e+02   3.81151796e-03
   3.59287349e+02   3.17946472e-03
   3.59287837e+02   2.12256541e-03
   3.59288326e+02  -6.07713009e-04
   3.59288814e+02  -2.46253004e-03
   3.59289302e+02  -1.19572191e-03
   3.59289790e+02   1.22984522e-03
   3.59290279e+02   3.38060106e-03
   3.59290767e+02   3.62145598e-03
   3.59291255e+02   2.65038427e-04
   3.59291744e+02  -3.25214933e-03
   3.59292232e+02  -2.81030894e-03
   3.59292720e+02  -8.50403099e-04
   3.59293209e+02  -1.34925824e-03
   3.59293697e+02  -2.38372944e-03
   3.59294185e+02  -1.56872394e-03
   3.59294674e+02  -8.48858384e-04
   3.59295162e+02  -1.83509325e-03
   3.59295650e+02  -2.09500943e-03
   3.59296138e+02  -1.05560210e-03
   3.59296627e+02  -1.12840231e-03
   3.59297115e+02   7.09570013e-05
   3.59297603e+02   3.83127900e-03
   3.59298092e+02   5.00240410e-03
   3.59298580e+02   2.89687328e-03
   3.59299068e+02   1.00156537e-03
   3.59299557e+02  -2.85840390e-04
   3.59300045e+02  -5.38499211e-04
   3.59300533e+02   3.88616536e-05
   3.59301022e+02  -1.31902329e-04
   3.59301510e+02  -1.82050595e-03
   3.59301998e+02  -4.09321953e-03
   3.59302487e+02  -4.49254178e-03
   3.59302975e+02  -3.60381417e-03
   3.59303463e+02  -3.38074961e-03
   3.59303951e+02  -1.85917201e-03
   3.59304440e+02   1.16830145e-03
   3.59304928e+02   2.18324480e-03
   3.59305416e+02   2.44717841e-04
   3.59305905e+02  -1.93102763e-03
   3.59306393e+02  -2.01697927e-03
   3.59306881e+02  -1.64181262e-03
   3.59307370e+02  -7.32231303e-04
   3.59307858e+02   1.43318833e-03
   3.59308346e+02   1.92745437e-03
   3.59308835e+02   2.00920110e-03
   3.59309323e+02   3.25890561e-03
   3.59309811e+02   2.47625052e-03
   3.59310299e+02   1.54087669e-03
   3.59310788e+02   1.79862161e-03
   3.59311276e+02   8.85753310e-04
   3.59311764e+02   4.07892621e-05
   3.59312253e+02   2.78115069e-04
   3.59312741e+02  -4.62463882e-04
   3.59313229e+02  -2.06140266e-03
   3.59313718e+02  -1.26791163e-03
   3.59314206e+02   1.29159854e-03
   3.59314694e+02   2.03751773e-03
   3.59315183e+02   2.19289167e-03
   3.59315671e+02   1.50622590e-03
   3.59316159e+02  -9.39452555e-04
   3.59316647e+02  -9.89976572e-04
   3.59317136e+02   1.24750647e-03
   3.59317624e+02   1.43561978e-03
   3.59318112e+02  -6.12906355e-04
   3.59318601e+02  -2.39667133e-03
   3.59319089e+02  -1.80353981e-03
   3.59319577e+02   2.54426035e-04
   3.59320066e+02   1.45719328e-03
   3.59320554e+02   2.09376100e-03
   3.59321042e+02   1.73815794e-03
   3.59321531e+02   1.21038698e-03
   3.59322019e+02   1.53720763e-03
   3.59322507e+02   1.19339791e-03
   3.59322995e+02   5.00629074e-04
   3.59323484e+02  -1.14303746e-03
   3.59323972e+02  -3.59039544e-03
   3.59324460e+02  -3.18072457e-03
   3.59324949e+02  -2.00153957e-03
   3.59325437e+02  -1.90023053e-03
   3.59325925e+02  -2.44384864e-03
   3.59326414e+02  -1.94158009e-03
   3.59326902e+02  -2.98445811e-04
   3.59327390e+02  -2.77249928e-04
   3.59327879e+02  -2.02524802e-03
   3.59328367e+02  -1.58960407e-03
   3.59328855e+02   1.19050359e-03
   3.59329343e+02   2.70525529e-03
   3.59329832e+02   2.73146876e-03
   3.59330320e+02   1.95944402e-03
   3.59330808e+02   2.05545966e-03
   3.59331297e+02   2.99521419e-03
   3.59331785e+02   1.37466425e-03
   3.59332273e+02  -1.61142426e-03
   3.59332762e+02  -2.29659001e-03
   3.59333250e+02  -1.49918895e-03
   3.59333738e+02  -7.81165319e-04
   3.59334227e+02   1.46551081e-03
   3.59334715e+02   2.15953751e-03
   3.59335203e+02  -9.85019724e-04
   3.59335691e+02  -3.01250955e-03
   3.59336180e+02  -3.16362851e-03
   3.59336668e+02  -3.20222764e-03
   3.59337156e+02  -2.15929840e-03
   3.59337645e+02  -1.57351827e-03
   3.59338133e+02  -2.17572344e-03
   3.59338621e+02  -2.82879663e-03
   3.59339110e+02  -1.97891961e-03
   3.59339598e+02  -4.00063873e-04
   3.59340086e+02   3.60034668e-04
   3.59340575e+02   1.65912916e-03
   3.59341063e+02   1.86886537e-04
   3.59341551e+02  -4.32712119e-03
   3.59342040e+02  -4.68762731e-03
   3.59342528e+02  -1.45494763e-03
   3.59343016e+02  -3.47774549e-05
   3.59343504e+02  -1.45300641e-03
   3.59343993e+02  -3.06074345e-03
   3.59344481e+02  -1.76914944e-03
   3.59344969e+02   6.81544130e-04
   3.59345458e+02  -2.21051698e-04
   3.59345946e+02  -1.94385275e-03
   3.59346434e+02  -7.81471783e-04
   3.59346923e+02  -6.11780328e-04
   3.59347411e+02  -1.34431745e-03
   3.59347899e+02   3.56307661e-04
   3.59348388e+02   2.33839685e-03
   3.59348876e+02   3.04070464e-03
   3.59349364e+02   3.77075560e-03
   3.59349852e+02   4.27509099e-03
   3.59350341e+02   2.78740749e-03
   3.59350829e+02   9.52714880e-04
   3.59351317e+02   7.29929132e-04
   3.59351806e+02   7.71844585e-04
   3.59352294e+02  -1.02790589e-04
   3.59352782e+02  -1.79608946e-03
   3.59353271e+02  -2.50036060e-03
   3.59353759e+02  -4.68690996e-04
   3.59354247e+02   2.45102006e-03
   3.59354736e+02   2.97803315e-03
   3.59355224e+02   8.75794329e-04
   3.59355712e+02  -1.48595835e-03
   3.59356200e+02  -1.43732270e-03
   3.59356689e+02   6.52925926e-04
   3.59357177e+02   2.46200780e-03
   3.59357665e+02   4.05999785e-03
   3.59358154e+02   4.91703348e-03
   3.59358642e+02   3.45153245e-03
   3.59359130e+02  -1.29131222e-04
   3.59359619e+02  -3.90187209e-03
   3.59360107e+02  -4.51575499e-03
   3.59360595e+02  -1.80587906e-03
   3.59361084e+02   3.83782171e-04
   3.59361572e+02   4.95579909e-04
   3.59362060e+02   5.11032995e-04
   3.59362548e+02   2.04627542e-03
   3.59363037e+02   3.08701466e-03
   3.59363525e+02   2.83907459e-04
   3.59364013e+02  -4.56375116e-03
   3.59364502e+02  -5.59088821e-03
   3.59364990e+02  -2.06740573e-03
   3.59365478e+02   1.60057948e-03
   3.59365967e+02   3.64259398e-03
   3.59366455e+02   5.13035525e-03
   3.59366943e+02   4.40534391e-03
   3.59367432e+02   7.30962434e-04
   3.59367920e+02  -3.43093113e-03
   3.59368408e+02  -4.93983226e-03
   3.59368896e+02  -3.80482594e-03
   3.59369385e+02  -2.87252222e-03
   3.59369873e+02  -2.44079204e-03
   3.59370361e+02  -2.38052336e-03
   3.59370850e+02  -9.84078506e-04
   3.59371338e+02   1.41951058e-03
   3.59371826e+02   1.56365009e-03
   3.59372315e+02   3.88068020e-06
   3.59372803e+02   8.80858934e-05
   3.59373291e+02   1.17537973e-03
   3.59373780e+02  -1.54187472e-03
   3.59374268e+02  -5.02588879e-03
   3.59374756e+02  -3.02194478e-03
   3.59375244e+02  -2.40647772e-04
   3.59375733e+02  -1.28365448e-03
   3.59376221e+02  -2.56721792e-03
   3.59376709e+02  -2.53612082e-03
   3.59377198e+02  -3.19628720e-03
   3.59377686e+02  -2.32306286e-03
   3.59378174e+02   1.53269863e-03
   3.59378663e+02   4.39191097e-03
   3.59379151e+02   3.16293514e-03
   3.59379639e+02   1.04701635e-03
   3.59380128e+02   1.17255910e-03
   3.59380616e+02   5.91575983e-04
   3.59381104e+02  -1.24381052e-03
   3.59381593e+02  -1.51975581e-03
   3.59382081e+02   7.47387821e-04
   3.59382569e+02   3.44095612e-03
   3.59383057e+02   1.00759778e-03
   3.59383546e+02  -2.33480497e-03
   3.59384034e+02  -3.62672168e-03
   3.59384522e+02  -4.13451437e-03
   3.59385011e+02  -3.63135408e-03
   3.59385499e+02  -2.50137202e-03
   3.59385987e+02  -3.63534433e-03
   3.59386476e+02  -4.40220488e-03
   3.59386964e+02  -9.94916307e-04
   3.59387452e+02   1.60930026e-03
   3.59387941e+02   1.98482233e-03
   3.59388429e+02   2.75777932e-03
   3.59388917e+02   2.40932545e-03
   3.59389405e+02   1.38956844e-03
   3.59389894e+02   1.61728938e-03
   3.59390382e+02   1.98917720e-03
   3.59390870e+02   1.77917536e-03
   3.59391359e+02   1.25788967e-03
   3.59391847e+02  -5.44522845e-05
   3.59392335e+02  -1.64628995e-03
   3.59392824e+02  -2.38043698e-03
   3.59393312e+02  -2.74368119e-03
   3.59393800e+02  -3.86280147e-03
   3.59394289e+02  -4.19058418e-03
   3.59394777e+02  -2.18873029e-03
   3.59395265e+02   3.63805360e-04
   3.59395753e+02   1.35563721e-03
   3.59396242e+02   6.66082604e-04
   3.59396730e+02  -1.47242891e-03
   3.59397218e+02  -3.41101154e-03
   3.59397707e+02  -3.10408673e-03
   3.59398195e+02  -1.63211499e-03
   3.59398683e+02  -7.53333792e-04
   3.59399172e+02  -1.03157328e-03
   3.59399660e+02   1.72463740e-04
   3.59400148e+02   1.66058925e-03
   3.59400637e+02   1.55868230e-03
   3.59401125e+02   3.66814365e-03
   3.59401613e+02   4.80518071e-03
   3.59402101e+02  -6.65783766e-04
   3.59402590e+02  -7.03304680e-03
   3.59403078e+02  -7.84660038e-03
   3.59403566e+02  -6.15231739e-03
   3.59404055e+02  -3.78576806e-03
   3.59404543e+02  -3.85687687e-04
   3.59405031e+02  -4.40159900e-04
   3.59405520e+02  -3.58920428e-03
   3.59406008e+02  -3.59984837e-03
   3.59406496e+02  -4.27689403e-04
   3.59406985e+02   4.25956328e-04
   3.59407473e+02  -4.34360583e-04
   3.59407961e+02   5.66077535e-04
   3.59408449e+02   1.28823181e-03
   3.59408938e+02   1.46001822e-03
   3.59409426e+02   8.63072812e-04
   3.59409914e+02   1.74027184e-04
   3.59410403e+02   1.36565510e-03
   3.59410891e+02   1.90969871e-03
   3.59411379e+02   1.99261936e-03
   3.59411868e+02   2.78729736e-03
   3.59412356e+02   2.81245168e-03
   3.59412844e+02   3.32856900e-03
   3.59413333e+02   4.98724310e-03
   3.59413821e+02   4.85242158e-03
   3.59414309e+02   1.55171368e-03
   3.59414797e+02  -1.56820554e-03
   3.59415286e+02  -2.53610226e-04
   3.59415774e+02   1.93891069e-03
   3.59416262e+02  -1.21571429e-04
   3.59416751e+02  -2.83492054e-03
   3.59417239e+02  -2.92141642e-03
   3.59417727e+02  -2.21629650e-03
   3.59418216e+02   9.60310645e-05
   3.59418704e+02   2.98705790e-03
   3.59419192e+02   3.13752494e-03
   3.59419681e+02   2.18695356e-03
   3.59420169e+02   3.38958227e-03
   3.59420657e+02   4.30816039e-03
   3.59421146e+02   3.06552323e-03
   3.59421634e+02   9.81849269e-04
   3.59422122e+02  -1.50852487e-03
   3.59422610e+02  -1.69595913e-03
   3.59423099e+02   1.04862708e-03
   3.59423587e+02   3.22510442e-03
   3.59424075e+02   5.40855480e-03
   3.59424564e+02   5.85552817e-03
   3.59425052e+02   1.73806748e-03
   3.59425540e+02  -1.49788172e-03
   3.59426029e+02  -1.31344411e-03
   3.59426517e+02  -1.17418251e-03
   3.59427005e+02  -2.59663956e-03
   3.59427494e+02  -5.00547793e-03
   3.59427982e+02  -5.45157911e-03
   3.59428470e+02  -3.59458919e-03
   3.59428958e+02  -2.43475474e-03
   3.59429447e+02  -2.69757817e-03
   3.59429935e+02  -3.50477919e-03
   3.59430423e+02  -4.17857338e-03
   3.59430912e+02  -3.27376113e-03
   3.59431400e+02  -2.13807169e-03
   3.59431888e+02  -2.56444700e-03
   3.59432377e+02  -2.07897881e-03
   3.59432865e+02   1.57494011e-04
   3.59433353e+02   1.18654477e-03
   3.59433842e+02   8.70910531e-04
   3.59434330e+02   4.17775445e-04
   3.59434818e+02  -1.03659765e-03
   3.59435306e+02  -1.89156516e-03
   3.59435795e+02  -3.95582727e-04
   3.59436283e+02   1.27939298e-03
   3.59436771e+02   1.12752919e-03
   3.59437260e+02   2.45850260e-05
   3.59437748e+02  -1.07226463e-03
   3.59438236e+02  -3.11322184e-03
   3.59438725e+02  -3.95120680e-03
   3.59439213e+02  -2.43361993e-03
   3.59439701e+02  -3.09646432e-03
   3.59440190e+02  -4.26554168e-03
   3.59440678e+02  -1.67098653e-03
   3.59441166e+02   1.68048299e-03
   3.59441654e+02   2.28202064e-03
   3.59442143e+02   3.34717426e-03
   3.59442631e+02   3.18752928e-03
   3.59443119e+02   1.67960045e-03
   3.59443608e+02   9.07250331e-04
   3.59444096e+02   4.90045117e-04
   3.59444584e+02  -1.21904269e-03
   3.59445073e+02  -3.12175951e-03
   3.59445561e+02  -2.01358856e-03
   3.59446049e+02  -7.26281491e-04
   3.59446538e+02  -2.33967369e-03
   3.59447026e+02  -3.49298050e-03
   3.59447514e+02  -2.35731481e-03
   3.59448002e+02   9.33955016e-04
   3.59448491e+02   2.91564269e-03
   3.59448979e+02   1.05008308e-03
   3.59449467e+02  -9.12405318e-04
   3.59449956e+02  -4.51444357e-04
   3.59450444e+02   8.64514266e-04
   3.59450932e+02   8.09819729e-04
   3.59451421e+02   7.69417034e-04
   3.59451909e+02   2.00358033e-03
   3.59452397e+02   2.58856965e-03
   3.59452886e+02   2.64578289e-03
   3.59453374e+02   2.37300317e-03
   3.59453862e+02   1.12708996e-03
   3.59454350e+02   6.89840876e-04
   3.59454839e+02   2.47912342e-03
   3.59455327e+02   3.39276646e-03
   3.59455815e+02   2.20692469e-04
   3.59456304e+02  -3.23451054e-03
   3.59456792e+02  -2.24284339e-03
   3.59457280e+02  -3.46720306e-04
   3.59457769e+02  -7.63496384e-04
   3.59458257e+02  -1.59731833e-03
   3.59458745e+02  -1.64977252e-03
   3.59459234e+02   2.53119186e-04
   3.59459722e+02   3.67168197e-03
   3.59460210e+02   6.53755572e-03
   3.59460699e+02   6.94269920e-03
   3.59461187e+02   4.27499833e-03
   3.59461675e+02   1.85750320e-03
   3.59462163e+02   1.88151677e-03
   3.59462652e+02   2.11471086e-03
   3.59463140e+02   3.42734694e-03
   3.59463628e+02   4.82970895e-03
   3.59464117e+02   2.98577617e-03
   3.59464605e+02   5.87256567e-04
   3.59465093e+02  -9.35052289e-04
   3.59465582e+02  -9.95847513e-04
   3.59466070e+02   7.39109237e-04
   3.59466558e+02   1.73885922e-03
   3.59467047e+02   1.16053841e-03
   3.59467535e+02  -1.10284367e-03
   3.59468023e+02  -3.83611512e-03
   3.59468511e+02  -3.25960270e-03
   3.59469000e+02   4.34261892e-05
   3.59469488e+02   1.43668754e-03
   3.59469976e+02   8.72738427e-04
   3.59470465e+02   6.73202623e-04
   3.59470953e+02  -4.08794818e-04
   3.59471441e+02  -2.91046803e-03
   3.59471930e+02  -4.40533832e-03
   3.59472418e+02  -5.60907787e-03
   3.59472906e+02  -6.65144157e-03
   3.59473395e+02  -4.03065467e-03
   3.59473883e+02   5.94926474e-04
   3.59474371e+02   1.99047872e-03
   3.59474859e+02   1.06584094e-03
   3.59475348e+02   1.39106764e-03
   3.59475836e+02   6.37556368e-04
   3.59476324e+02  -2.34508398e-03
   3.59476813e+02  -3.12029431e-03
   3.59477301e+02  -1.05621584e-03
   3.59477789e+02  -6.79674733e-04
   3.59478278e+02  -8.97471793e-04
   3.59478766e+02   1.49362849e-03
   3.59479254e+02   4.14213771e-03
   3.59479743e+02   4.79782047e-03
   3.59480231e+02   3.10027273e-03
   3.59480719e+02   4.23706952e-04
   3.59481207e+02   1.01013633e-04
   3.59481696e+02   1.11247587e-03
   3.59482184e+02   1.96568129e-04
   3.59482672e+02  -6.39944512e-04
   3.59483161e+02   4.88247199e-04
   3.59483649e+02   6.59804151e-04
   3.59484137e+02   6.25390792e-04
   3.59484626e+02   2.89729238e-03
   3.59485114e+02   4.54543345e-03
   3.59485602e+02   2.27130321e-03
   3.59486091e+02  -4.97064902e-04
   3.59486579e+02  -1.03075849e-03
   3.59487067e+02  -7.95354135e-04
   3.59487555e+02   2.45199422e-03
   3.59488044e+02   8.03664979e-03
   3.59488532e+02   1.00085512e-02
   3.59489020e+02   7.24563748e-03
   3.59489509e+02   2.89118243e-03
   3.59489997e+02   1.17881558e-04
   3.59490485e+02   3.39969585e-04
   3.59490974e+02   9.35003976e-04
   3.59491462e+02   3.54434775e-08
   3.59491950e+02  -5.63738984e-04
   3.59492439e+02  -1.40679520e-04
   3.59492927e+02   1.11046236e-03
   3.59493415e+02   1.06676214e-03
   3.59493903e+02  -1.65373902e-03
   3.59494392e+02  -2.79739941e-03
   3.59494880e+02  -9.64271749e-05
   3.59495368e+02   3.54530802e-03
   3.59495857e+02   5.08242333e-03
   3.59496345e+02   3.60124744e-03
   3.59496833e+02   8.10220139e-04
   3.59497322e+02  -1.75701850e-03
   3.59497810e+02  -2.33894330e-03
   3.59498298e+02  -3.28842725e-04
   3.59498787e+02   2.69153342e-03
   3.59499275e+02   3.65645462e-03
   3.59499763e+02   2.34482531e-03
   3.59500252e+02   3.39773862e-04
   3.59500740e+02  -1.63415214e-03
   3.59501228e+02  -2.08403450e-03
   3.59501716e+02   2.57040694e-04
   3.59502205e+02   2.35481770e-03
   3.59502693e+02   1.70764048e-03
   3.59503181e+02  -1.20227155e-03
   3.59503670e+02  -3.32494755e-03
   3.59504158e+02  -2.94666621e-03
   3.59504646e+02  -2.21152231e-03
   3.59505135e+02  -1.84470380e-03
   3.59505623e+02  -3.74217023e-04
   3.59506111e+02   1.15596311e-04
   3.59506600e+02  -1.90933922e-03
   3.59507088e+02  -2.82016327e-03
   3.59507576e+02  -2.33222279e-04
   3.59508064e+02   1.72166328e-03
   3.59508553e+02   6.17163081e-04
   3.59509041e+02   1.94492823e-04
   3.59509529e+02   1.26772991e-03
   3.59510018e+02   2.39529274e-03
   3.59510506e+02   3.28229484e-03
   3.59510994e+02   1.71421864e-03
   3.59511483e+02  -2.02255743e-03
   3.59511971e+02  -3.88145144e-03
   3.59512459e+02  -1.26582361e-03
   3.59512948e+02   3.02857021e-03
   3.59513436e+02   4.21040459e-03
   3.59513924e+02   1.78888219e-03
   3.59514412e+02   5.05187316e-04
   3.59514901e+02   5.70779259e-04
   3.59515389e+02  -1.40835985e-03
   3.59515877e+02  -2.24506296e-03
   3.59516366e+02  -2.26702232e-05
   3.59516854e+02   2.64277071e-04
   3.59517342e+02  -4.64952882e-06
   3.59517831e+02   2.36414094e-03
   3.59518319e+02   2.87982705e-03
   3.59518807e+02   1.28283468e-03
   3.59519296e+02   1.49884756e-04
   3.59519784e+02   3.41622974e-04
   3.59520272e+02   1.68323575e-03
   3.59520760e+02   8.86939932e-04
   3.59521249e+02   2.61224195e-04
   3.59521737e+02   1.33120921e-03
   3.59522225e+02   4.95072803e-04
   3.59522714e+02  -9.28187277e-04
   3.59523202e+02  -2.15609861e-03
   3.59523690e+02  -3.85050499e-03
   3.59524179e+02  -5.04750432e-03
   3.59524667e+02  -5.92028210e-03
   3.59525155e+02  -4.38223220e-03
   3.59525644e+02  -4.29153675e-04
   3.59526132e+02   7.65907404e-04
   3.59526620e+02  -2.83493951e-04
   3.59527108e+02   1.93086546e-03
   3.59527597e+02   4.88844607e-03
   3.59528085e+02   3.00045894e-03
   3.59528573e+02  -8.36862193e-04
   3.59529062e+02  -9.60504985e-04
   3.59529550e+02   1.44199980e-03
   3.59530038e+02   2.95284716e-03
   3.59530527e+02   2.54236395e-03
   3.59531015e+02   2.66386359e-03
   3.59531503e+02   5.11998450e-03
   3.59531992e+02   4.78912611e-03
   3.59532480e+02  -5.20587317e-04
   3.59532968e+02  -4.51657036e-03
   3.59533456e+02  -3.15267057e-03
   3.59533945e+02  -7.37922441e-04
   3.59534433e+02  -1.27377990e-03
   3.59534921e+02  -1.88796769e-03
   3.59535410e+02  -8.06893222e-04
   3.59535898e+02   3.92709393e-04
   3.59536386e+02  -4.68543549e-05
   3.59536875e+02  -3.44993197e-03
   3.59537363e+02  -6.88228849e-03
   3.59537851e+02  -4.35490487e-03
   3.59538340e+02   3.64226609e-04
   3.59538828e+02   1.09217805e-03
   3.59539316e+02   1.61020225e-03
   3.59539805e+02   2.97558960e-03
   3.59540293e+02   2.36952066e-04
   3.59540781e+02  -4.24507819e-03
   3.59541269e+02  -4.90716659e-03
   3.59541758e+02  -3.39993532e-03
   3.59542246e+02  -4.60979203e-03
   3.59542734e+02  -7.42002809e-03
   3.59543223e+02  -7.17349071e-03
   3.59543711e+02  -3.79451993e-03
   3.59544199e+02  -4.58932162e-04
   3.59544688e+02   1.23490661e-03
   3.59545176e+02   1.13989657e-03
   3.59545664e+02   9.44847416e-04
   3.59546153e+02   2.01518368e-03
   3.59546641e+02   2.60623987e-03
   3.59547129e+02   2.44279788e-03
   3.59547617e+02   2.07321672e-03
   3.59548106e+02   1.21371145e-03
   3.59548594e+02   1.14062475e-03
   3.59549082e+02   8.34983191e-04
   3.59549571e+02  -1.63315458e-03
   3.59550059e+02  -3.20471916e-03
   3.59550547e+02  -4.10914945e-04
   3.59551036e+02   4.92173620e-03
   3.59551524e+02   5.69084659e-03
   3.59552012e+02   2.69627338e-03
   3.59552501e+02   2.24133837e-03
   3.59552989e+02   2.60828459e-03
   3.59553477e+02   1.14862318e-03
   3.59553965e+02   6.67766872e-05
   3.59554454e+02   7.78793183e-04
   3.59554942e+02   2.78901542e-03
   3.59555430e+02   3.88671947e-03
   3.59555919e+02   2.45466968e-03
   3.59556407e+02   2.19788915e-03
   3.59556895e+02   3.75671429e-03
   3.59557384e+02   4.01074300e-03
   3.59557872e+02   2.91635934e-03
   3.59558360e+02   2.13118340e-03
   3.59558849e+02   3.35111609e-03
   3.59559337e+02   3.84904770e-03
   3.59559825e+02   2.80164834e-03
   3.59560313e+02   1.96728320e-03
   3.59560802e+02   9.81750898e-04
   3.59561290e+02   4.67927224e-04
   3.59561778e+02   1.17109960e-03
   3.59562267e+02   8.02105293e-04
   3.59562755e+02   5.32003469e-04
   3.59563243e+02   2.46384740e-03
   3.59563732e+02   1.95893040e-03
   3.59564220e+02  -3.99746437e-04
   3.59564708e+02   2.39165485e-04
   3.59565197e+02   6.49414840e-04
   3.59565685e+02  -1.16555158e-04
   3.59566173e+02  -1.32192465e-04
   3.59566661e+02  -1.82704884e-03
   3.59567150e+02  -2.91379215e-03
   3.59567638e+02  -1.17666821e-03
   3.59568126e+02   4.33588168e-04
   3.59568615e+02   7.95032596e-04
   3.59569103e+02  -5.72561403e-04
   3.59569591e+02  -2.70849513e-03
   3.59570080e+02  -1.97944441e-03
   3.59570568e+02   4.07688436e-04
   3.59571056e+02   1.54070067e-03
   3.59571545e+02  -3.09577532e-04
   3.59572033e+02  -4.21546400e-03
   3.59572521e+02  -2.38961703e-03
   3.59573009e+02   3.48382257e-03
   3.59573498e+02   4.75525297e-03
   3.59573986e+02   1.31988432e-03
   3.59574474e+02  -2.09619105e-03
   3.59574963e+02  -3.20944795e-03
   3.59575451e+02  -3.03610764e-03
   3.59575939e+02  -3.72279366e-03
   3.59576428e+02  -5.31807309e-03
   3.59576916e+02  -6.92633959e-03
   3.59577404e+02  -7.42886495e-03
   3.59577893e+02  -5.25748590e-03
   3.59578381e+02  -2.13563466e-03
   3.59578869e+02  -4.88757738e-04
   3.59579357e+02  -2.10599028e-04
   3.59579846e+02  -1.56097498e-03
   3.59580334e+02  -3.08133056e-03
   3.59580822e+02  -2.00654240e-03
   3.59581311e+02   1.81292358e-04
   3.59581799e+02   1.12616282e-03
   3.59582287e+02   4.95089160e-04
   3.59582776e+02  -1.95927583e-04
   3.59583264e+02   8.68497184e-04
   3.59583752e+02   2.39954726e-03
   3.59584241e+02   9.92988469e-04
   3.59584729e+02  -4.42136265e-03
   3.59585217e+02  -6.92651235e-03
   3.59585706e+02  -3.03807808e-03
   3.59586194e+02   3.96340940e-04
   3.59586682e+02   2.35697487e-04
   3.59587170e+02  -4.81101219e-04
   3.59587659e+02  -7.36498914e-04
   3.59588147e+02  -1.38227199e-03
   3.59588635e+02  -3.59673845e-03
   3.59589124e+02  -7.01189134e-03
   3.59589612e+02  -8.45596660e-03
   3.59590100e+02  -5.53658837e-03
   3.59590589e+02  -2.13942933e-03
   3.59591077e+02  -3.30418523e-04
   3.59591565e+02   4.63647913e-04
   3.59592054e+02  -1.02444144e-03
   3.59592542e+02  -1.83123862e-03
   3.59593030e+02   1.52399385e-04
   3.59593518e+02   1.63831050e-03
   3.59594007e+02   4.52963082e-04
   3.59594495e+02  -1.26210600e-03
   3.59594983e+02  -2.58048461e-03
   3.59595472e+02  -3.14673968e-03
   3.59595960e+02  -3.26916575e-04
   3.59596448e+02   2.73919711e-03
   3.59596937e+02   1.63076213e-03
   3.59597425e+02   2.88899726e-04
   3.59597913e+02   2.30601217e-04
   3.59598402e+02  -2.74652139e-05
   3.59598890e+02   2.04902398e-03
   3.59599378e+02   4.87559102e-03
   3.59599866e+02   3.47989635e-03
   3.59600355e+02  -8.92030541e-04
   3.59600843e+02  -2.37687211e-03
   3.59601331e+02   1.13048800e-03
   3.59601820e+02   3.98861943e-03
   3.59602308e+02   3.94160580e-03
   3.59602796e+02   2.55374657e-03
   3.59603285e+02   8.09668738e-04
   3.59603773e+02   1.75176107e-03
   3.59604261e+02   4.39000223e-03
   3.59604750e+02   5.23050269e-03
   3.59605238e+02   5.08572394e-03
   3.59605726e+02   4.57323715e-03
   3.59606214e+02   3.78207816e-03
   3.59606703e+02   3.65686789e-03
   3.59607191e+02   1.76201924e-03
   3.59607679e+02  -4.21687982e-05
   3.59608168e+02   1.43234618e-03
   3.59608656e+02   3.04553076e-03
   3.59609144e+02   1.90608937e-03
   3.59609633e+02  -7.05019454e-04
   3.59610121e+02  -3.07221944e-03
   3.59610609e+02  -3.63639509e-03
   3.59611098e+02  -1.91151665e-03
   3.59611586e+02  -2.54485378e-04
   3.59612074e+02  -6.78345561e-04
   3.59612562e+02  -1.83113699e-03
   3.59613051e+02  -1.58734759e-03
   3.59613539e+02  -1.31738267e-03
   3.59614027e+02  -2.78237904e-03
   3.59614516e+02  -3.30299605e-03
   3.59615004e+02  -5.85879839e-04
   3.59615492e+02   3.01269395e-03
   3.59615981e+02   4.75525111e-03
   3.59616469e+02   4.59932489e-03
   3.59616957e+02   2.77125998e-03
   3.59617446e+02  -4.05940984e-04
   3.59617934e+02  -1.90965843e-03
   3.59618422e+02  -1.15536724e-03
   3.59618910e+02  -3.02876020e-03
   3.59619399e+02  -4.46094619e-03
   3.59619887e+02  -2.80027161e-03
   3.59620375e+02  -3.96348257e-03
   3.59620864e+02  -5.41171758e-03
   3.59621352e+02  -2.62509310e-03
   3.59621840e+02  -6.53396244e-04
   3.59622329e+02  -2.59864912e-03
   3.59622817e+02  -4.66997968e-03
   3.59623305e+02  -4.25665779e-03
   3.59623794e+02  -3.03724111e-04
   3.59624282e+02   5.07124886e-03
   3.59624770e+02   6.29968476e-03
   3.59625259e+02   4.55020275e-03
   3.59625747e+02   4.34013084e-03
   3.59626235e+02   4.63188998e-03
   3.59626723e+02   4.25785780e-03
   3.59627212e+02   4.85251797e-03
   3.59627700e+02   4.74596117e-03
   3.59628188e+02   3.68570723e-03
   3.59628677e+02   2.76510837e-03
   3.59629165e+02   1.18220586e-03
   3.59629653e+02   8.52912257e-04
   3.59630142e+02   1.69305503e-03
   3.59630630e+02   1.22305728e-03
   3.59631118e+02   1.02746848e-03
   3.59631607e+02   1.23989873e-03
   3.59632095e+02   9.28381807e-04
   3.59632583e+02  -7.19115778e-04
   3.59633071e+02  -2.94935447e-03
   3.59633560e+02  -2.65534432e-03
   3.59634048e+02  -2.17117160e-03
   3.59634536e+02  -3.84591497e-03
   3.59635025e+02  -4.05423157e-03
   3.59635513e+02  -1.50826306e-03
   3.59636001e+02   7.75007415e-04
   3.59636490e+02   1.65488489e-03
   3.59636978e+02   2.64565670e-03
   3.59637466e+02   4.02496569e-03
   3.59637955e+02   3.91992368e-03
   3.59638443e+02   2.32795463e-03
   3.59638931e+02   3.77068645e-04
   3.59639419e+02   1.14665076e-04
   3.59639908e+02   2.30049621e-03
   3.59640396e+02   3.92640149e-03
   3.59640884e+02   3.67149361e-03
   3.59641373e+02   1.25110627e-03
   3.59641861e+02  -6.96049829e-04
   3.59642349e+02   1.28099148e-03
   3.59642838e+02   4.36295243e-03
   3.59643326e+02   5.29061630e-03
   3.59643814e+02   3.73869855e-03
   3.59644303e+02  -1.17344338e-04
   3.59644791e+02  -3.06934235e-03
   3.59645279e+02  -3.42506915e-03
   3.59645767e+02  -3.68235074e-03
   3.59646256e+02  -4.59132437e-03
   3.59646744e+02  -4.18754341e-03
   3.59647232e+02  -2.69577722e-03
   3.59647721e+02  -5.86979382e-04
   3.59648209e+02   1.36912207e-03
   3.59648697e+02  -5.18316054e-04
   3.59649186e+02  -5.36903180e-03
   3.59649674e+02  -5.67706674e-03
   3.59650162e+02  -1.25330582e-03
   3.59650651e+02   4.55143675e-03
   3.59651139e+02   8.39484390e-03
   3.59651627e+02   5.20145381e-03
   3.59652115e+02  -8.60984554e-04
   3.59652604e+02  -3.88807640e-03
   3.59653092e+02  -4.85739531e-03
   3.59653580e+02  -1.29872991e-03
   3.59654069e+02   3.87787563e-03
   3.59654557e+02   4.84330952e-03
   3.59655045e+02   4.23835125e-03
   3.59655534e+02   3.24453856e-03
   3.59656022e+02   1.87393522e-03
   3.59656510e+02   2.02596374e-03
   3.59656999e+02   4.23078396e-04
   3.59657487e+02  -2.22961721e-03
   3.59657975e+02  -1.67458260e-03
   3.59658463e+02  -3.44655768e-04
   3.59658952e+02  -1.61196699e-03
   3.59659440e+02  -5.06862719e-03
   3.59659928e+02  -7.34947063e-03
   3.59660417e+02  -5.39375283e-03
   3.59660905e+02  -2.54218350e-03
   3.59661393e+02  -2.27593910e-03
   3.59661882e+02  -1.02915778e-03
   3.59662370e+02   1.74962112e-03
   3.59662858e+02   2.34087347e-03
   3.59663347e+02   1.72505167e-03
   3.59663835e+02   4.95001534e-03
   3.59664323e+02   6.32740371e-03
   3.59664812e+02   1.50070759e-03
   3.59665300e+02  -2.41547707e-03
   3.59665788e+02  -3.97038739e-03
   3.59666276e+02  -4.77856351e-03
   3.59666765e+02  -4.09815554e-03
   3.59667253e+02  -2.02678377e-03
   3.59667741e+02   3.04277660e-03
   3.59668230e+02   8.78381915e-03
   3.59668718e+02   8.38567223e-03
   3.59669206e+02   2.82074488e-03
   3.59669695e+02  -6.24246837e-04
   3.59670183e+02  -2.16899044e-03
   3.59670671e+02  -3.58219119e-03
   3.59671160e+02  -3.35866190e-03
   3.59671648e+02  -4.04483406e-03
   3.59672136e+02  -5.74349333e-03
   3.59672624e+02  -5.61297266e-03
   3.59673113e+02  -3.18504940e-03
   3.59673601e+02   8.18576722e-04
   3.59674089e+02   1.10922265e-03
   3.59674578e+02  -4.08773776e-04
   3.59675066e+02   2.52531259e-03
