frequency (GHz), flux (Jy/beam)
   3.45823207e+02   2.75793136e-04
   3.45823695e+02  -2.95999111e-04
   3.45824184e+02  -3.98193632e-04
   3.45824672e+02  -4.81037743e-04
   3.45825160e+02  -6.54335076e-04
   3.45825649e+02  -6.94010290e-04
   3.45826137e+02  -6.77586708e-04
   3.45826625e+02  -5.70760749e-04
   3.45827114e+02  -2.30771533e-04
   3.45827602e+02   1.92980515e-04
   3.45828090e+02   5.22464514e-04
   3.45828579e+02   6.74156006e-04
   3.45829067e+02   6.77061209e-04
   3.45829555e+02   5.40896202e-04
   3.45830044e+02   1.00882899e-04
   3.45830532e+02  -5.66692383e-04
   3.45831020e+02  -9.60170699e-04
   3.45831508e+02  -7.44656776e-04
   3.45831997e+02  -3.96803836e-04
   3.45832485e+02  -3.75814503e-04
   3.45832973e+02  -3.66067805e-04
   3.45833462e+02  -1.60802461e-04
   3.45833950e+02  -1.34895425e-04
   3.45834438e+02  -4.42142307e-04
   3.45834927e+02  -5.55803708e-04
   3.45835415e+02  -1.83348355e-04
   3.45835903e+02   1.96656736e-04
   3.45836392e+02   3.79344012e-04
   3.45836880e+02   4.97303496e-04
   3.45837368e+02   3.32078343e-04
   3.45837856e+02  -9.28159079e-06
   3.45838345e+02  -2.32275255e-04
   3.45838833e+02  -2.95786565e-04
   3.45839321e+02  -2.00087234e-04
   3.45839810e+02   1.07177184e-04
   3.45840298e+02   3.94882838e-04
   3.45840786e+02   2.19475274e-04
   3.45841275e+02  -1.97699454e-04
   3.45841763e+02  -3.35482793e-04
   3.45842251e+02  -3.77678109e-04
   3.45842740e+02  -5.96521306e-04
   3.45843228e+02  -6.42259722e-04
   3.45843716e+02  -2.42804279e-04
   3.45844204e+02   1.10803150e-04
   3.45844693e+02   1.06477724e-04
   3.45845181e+02   1.12557107e-04
   3.45845669e+02   1.07844680e-04
   3.45846158e+02  -1.19982607e-04
   3.45846646e+02  -1.32644433e-04
   3.45847134e+02   2.36939944e-04
   3.45847623e+02   3.62083665e-04
   3.45848111e+02  -3.48599096e-05
   3.45848599e+02  -5.12004481e-04
   3.45849088e+02  -4.19015851e-04
   3.45849576e+02   2.44741241e-05
   3.45850064e+02  -7.26058352e-06
   3.45850552e+02  -1.84073579e-04
   3.45851041e+02   4.40007534e-05
   3.45851529e+02   3.42088606e-04
   3.45852017e+02   2.21501308e-04
   3.45852506e+02  -3.25426139e-04
   3.45852994e+02  -3.82271508e-04
   3.45853482e+02   8.05022864e-05
   3.45853971e+02  -1.76006097e-06
   3.45854459e+02  -5.49390097e-04
   3.45854947e+02  -7.63491436e-04
   3.45855436e+02  -3.14681645e-04
   3.45855924e+02   3.11265496e-04
   3.45856412e+02   4.29254316e-04
   3.45856900e+02   2.12877858e-04
   3.45857389e+02  -1.15414841e-04
   3.45857877e+02  -3.99609882e-04
   3.45858365e+02  -2.50383047e-04
   3.45858854e+02   3.84734703e-05
   3.45859342e+02   6.62741659e-05
   3.45859830e+02  -1.26769446e-05
   3.45860319e+02   2.76916762e-05
   3.45860807e+02   1.23653022e-04
   3.45861295e+02   2.24402786e-04
   3.45861784e+02   3.75127856e-04
   3.45862272e+02   3.05868773e-04
   3.45862760e+02   7.41362019e-05
   3.45863248e+02  -7.63076387e-05
   3.45863737e+02  -3.68550012e-04
   3.45864225e+02  -7.76978268e-04
   3.45864713e+02  -6.42943138e-04
   3.45865202e+02  -1.94723907e-04
   3.45865690e+02  -3.91420508e-05
   3.45866178e+02   1.36932635e-04
   3.45866667e+02   3.18280654e-04
   3.45867155e+02   3.92380432e-04
   3.45867643e+02   4.10813285e-04
   3.45868132e+02   2.94365222e-04
   3.45868620e+02   1.84327015e-04
   3.45869108e+02   2.39311819e-04
   3.45869597e+02   3.77754099e-04
   3.45870085e+02   2.76218954e-04
   3.45870573e+02  -1.14046552e-05
   3.45871061e+02  -9.26432476e-05
   3.45871550e+02  -1.60503303e-04
   3.45872038e+02  -3.74620577e-04
   3.45872526e+02  -4.42211691e-04
   3.45873015e+02  -1.81117503e-04
   3.45873503e+02   3.21749132e-04
   3.45873991e+02   3.70395661e-04
   3.45874480e+02  -4.32047382e-05
   3.45874968e+02  -1.98378591e-04
   3.45875456e+02  -2.60784698e-04
   3.45875945e+02  -3.68264475e-04
   3.45876433e+02  -3.79979174e-04
   3.45876921e+02  -3.78152094e-04
   3.45877409e+02  -3.46975285e-04
   3.45877898e+02  -3.44000931e-04
   3.45878386e+02  -3.38444195e-04
   3.45878874e+02  -2.58926331e-04
   3.45879363e+02   6.92042668e-05
   3.45879851e+02   5.90769690e-04
   3.45880339e+02   9.02670261e-04
   3.45880828e+02   7.87376892e-04
   3.45881316e+02   2.45871575e-04
   3.45881804e+02  -9.34394193e-05
   3.45882293e+02   1.02816899e-04
   3.45882781e+02   3.25361907e-04
   3.45883269e+02   3.52875068e-04
   3.45883757e+02   3.00319749e-04
   3.45884246e+02   2.70079327e-04
   3.45884734e+02   2.07444260e-04
   3.45885222e+02  -1.82182339e-04
   3.45885711e+02  -6.97087497e-04
   3.45886199e+02  -5.91128424e-04
   3.45886687e+02  -1.93746411e-04
   3.45887176e+02  -3.02951201e-04
   3.45887664e+02  -5.60279703e-04
   3.45888152e+02  -3.94256844e-04
   3.45888641e+02   1.08323056e-05
   3.45889129e+02   1.56538328e-04
   3.45889617e+02   1.21149924e-05
   3.45890105e+02   2.61301957e-05
   3.45890594e+02   2.70697667e-04
   3.45891082e+02   3.08554794e-04
   3.45891570e+02   9.96018862e-05
   3.45892059e+02  -5.84467598e-05
   3.45892547e+02  -4.88492333e-05
   3.45893035e+02   1.92801366e-04
   3.45893524e+02   4.06181993e-04
   3.45894012e+02   1.94828594e-04
   3.45894500e+02  -2.33698913e-04
   3.45894989e+02  -3.60444683e-04
   3.45895477e+02  -8.91347518e-05
   3.45895965e+02   2.08751371e-04
   3.45896453e+02   4.41142678e-04
   3.45896942e+02   7.09627697e-04
   3.45897430e+02   8.43604794e-04
   3.45897918e+02   6.89784123e-04
   3.45898407e+02   3.72710289e-04
   3.45898895e+02   1.10532492e-04
   3.45899383e+02  -1.70020503e-05
   3.45899872e+02  -9.75292787e-05
   3.45900360e+02  -1.73666194e-04
   3.45900848e+02  -5.14938001e-05
   3.45901337e+02   1.56187176e-04
   3.45901825e+02   2.01117746e-05
   3.45902313e+02  -3.04066954e-04
   3.45902801e+02  -1.56152702e-04
   3.45903290e+02   3.12592514e-04
   3.45903778e+02   3.92159243e-04
   3.45904266e+02   2.51309335e-04
   3.45904755e+02   3.57002398e-04
   3.45905243e+02   4.47376224e-04
   3.45905731e+02   7.38608069e-05
   3.45906220e+02  -3.80124518e-04
   3.45906708e+02  -2.24756106e-04
   3.45907196e+02   3.82784965e-05
   3.45907685e+02  -3.62307794e-04
   3.45908173e+02  -9.38430079e-04
   3.45908661e+02  -8.98230646e-04
   3.45909150e+02  -5.18305227e-04
   3.45909638e+02  -3.74837255e-04
   3.45910126e+02  -3.29004513e-04
   3.45910614e+02  -3.33884149e-04
   3.45911103e+02  -2.41912508e-04
   3.45911591e+02   1.34765738e-04
   3.45912079e+02   3.24103981e-04
   3.45912568e+02   1.36960007e-04
   3.45913056e+02  -2.76936280e-05
   3.45913544e+02   1.12365975e-04
   3.45914033e+02   3.02230590e-04
   3.45914521e+02   2.95132864e-04
   3.45915009e+02   1.99267291e-04
   3.45915498e+02   5.36696825e-05
   3.45915986e+02  -9.78473254e-05
   3.45916474e+02  -2.26805365e-04
   3.45916962e+02  -1.49634405e-04
   3.45917451e+02   1.19111122e-04
   3.45917939e+02   2.84018053e-04
   3.45918427e+02   2.67686002e-04
   3.45918916e+02   9.01681706e-05
   3.45919404e+02   3.93985320e-05
   3.45919892e+02   3.86855652e-04
   3.45920381e+02   5.96422877e-04
   3.45920869e+02   1.26847110e-04
   3.45921357e+02  -3.20711726e-04
   3.45921846e+02  -2.75648432e-04
   3.45922334e+02  -1.51962828e-04
   3.45922822e+02   1.11589899e-04
   3.45923310e+02   3.25512665e-04
   3.45923799e+02   2.61812122e-04
   3.45924287e+02   1.21155885e-04
   3.45924775e+02  -1.69890714e-04
   3.45925264e+02  -3.37276055e-04
   3.45925752e+02  -1.59711024e-04
   3.45926240e+02  -2.03860523e-07
   3.45926729e+02   2.13560943e-05
   3.45927217e+02  -6.79640652e-05
   3.45927705e+02  -1.01330363e-04
   3.45928194e+02   1.47345781e-04
   3.45928682e+02   3.20411549e-04
   3.45929170e+02   1.74642031e-04
   3.45929658e+02   3.21266707e-05
   3.45930147e+02   6.70019581e-05
   3.45930635e+02  -1.18142543e-05
   3.45931123e+02  -3.12189950e-04
   3.45931612e+02  -4.40873584e-04
   3.45932100e+02  -2.19937079e-04
   3.45932588e+02   1.41487297e-04
   3.45933077e+02   3.35631339e-04
   3.45933565e+02   1.82526914e-04
   3.45934053e+02   9.52633272e-05
   3.45934542e+02   2.85041198e-04
   3.45935030e+02   3.51665891e-04
   3.45935518e+02   2.37537737e-04
   3.45936006e+02  -3.14892932e-05
   3.45936495e+02  -2.13561158e-04
   3.45936983e+02  -8.82228233e-06
   3.45937471e+02   2.47776130e-04
   3.45937960e+02   2.49829754e-04
   3.45938448e+02   1.84152756e-04
   3.45938936e+02   2.76096514e-04
   3.45939425e+02   5.12238941e-04
   3.45939913e+02   6.71141956e-04
   3.45940401e+02   6.69288100e-04
   3.45940890e+02   5.65652561e-04
   3.45941378e+02   4.74934845e-04
   3.45941866e+02   5.34980325e-04
   3.45942354e+02   6.88938308e-04
   3.45942843e+02   6.48910645e-04
   3.45943331e+02   3.70443595e-04
   3.45943819e+02   1.02590115e-04
   3.45944308e+02  -1.89731709e-05
   3.45944796e+02   8.72034434e-05
   3.45945284e+02   3.38601414e-04
   3.45945773e+02   4.25868464e-04
   3.45946261e+02   9.88626271e-05
   3.45946749e+02  -4.67126491e-04
   3.45947238e+02  -6.96150877e-04
   3.45947726e+02  -2.82049441e-04
   3.45948214e+02   2.36771448e-04
   3.45948703e+02   3.70380701e-04
   3.45949191e+02   4.04089107e-04
   3.45949679e+02   2.34457490e-04
   3.45950167e+02  -2.24580945e-04
   3.45950656e+02  -2.14234722e-04
   3.45951144e+02   2.13363674e-04
   3.45951632e+02   3.81530466e-04
   3.45952121e+02   1.79898110e-04
   3.45952609e+02  -2.31869300e-04
   3.45953097e+02  -3.78151191e-04
   3.45953586e+02  -9.90161279e-05
   3.45954074e+02   2.10163897e-04
   3.45954562e+02   1.99113550e-04
   3.45955051e+02  -1.45203972e-04
   3.45955539e+02  -3.27828224e-04
   3.45956027e+02  -3.27956892e-04
   3.45956515e+02  -4.95933287e-04
   3.45957004e+02  -4.66164784e-04
   3.45957492e+02  -1.42819263e-04
   3.45957980e+02  -5.86172755e-05
   3.45958469e+02   1.24685921e-05
   3.45958957e+02   3.55796859e-04
   3.45959445e+02   5.10703423e-04
   3.45959934e+02   2.61917070e-04
   3.45960422e+02   4.16356716e-06
   3.45960910e+02   1.25457576e-04
   3.45961399e+02   3.87874577e-04
   3.45961887e+02   3.26632842e-04
   3.45962375e+02  -4.00434365e-05
   3.45962863e+02  -1.56561262e-04
   3.45963352e+02  -6.19007187e-05
   3.45963840e+02  -2.87393952e-04
   3.45964328e+02  -4.90094651e-04
   3.45964817e+02  -2.39129484e-04
   3.45965305e+02   9.35859862e-05
   3.45965793e+02   1.75401554e-04
   3.45966282e+02   6.32582887e-05
   3.45966770e+02  -5.04990458e-05
   3.45967258e+02  -1.54593217e-04
   3.45967747e+02  -2.14243570e-04
   3.45968235e+02  -1.81677577e-04
   3.45968723e+02  -2.67833326e-04
   3.45969211e+02  -4.85578406e-04
   3.45969700e+02  -4.57757793e-04
   3.45970188e+02  -7.66383018e-05
   3.45970676e+02   1.39771641e-04
   3.45971165e+02   4.98148875e-05
   3.45971653e+02   4.09605636e-05
   3.45972141e+02   1.40328440e-04
   3.45972630e+02   1.24644444e-04
   3.45973118e+02  -4.09837730e-06
   3.45973606e+02  -1.88659833e-04
   3.45974095e+02  -2.88545794e-04
   3.45974583e+02  -8.06448516e-05
   3.45975071e+02   1.64313315e-04
   3.45975559e+02   1.52888431e-04
   3.45976048e+02  -1.24507846e-04
   3.45976536e+02  -2.81519227e-04
   3.45977024e+02   7.68274040e-05
   3.45977513e+02   3.97259602e-04
   3.45978001e+02   2.64792121e-04
   3.45978489e+02   3.62861865e-05
   3.45978978e+02  -1.20457866e-04
   3.45979466e+02  -1.29854772e-04
   3.45979954e+02  -1.29910317e-04
   3.45980443e+02  -1.64742916e-04
   3.45980931e+02   8.21967478e-05
   3.45981419e+02   2.64404778e-04
   3.45981907e+02  -1.06195577e-04
   3.45982396e+02  -4.20724478e-04
   3.45982884e+02  -2.72637320e-04
   3.45983372e+02  -6.97106661e-05
   3.45983861e+02   1.25789869e-04
   3.45984349e+02   1.59127332e-04
   3.45984837e+02  -2.07597641e-05
   3.45985326e+02  -1.83700995e-05
   3.45985814e+02  -5.53290993e-05
   3.45986302e+02  -2.49468285e-04
   3.45986791e+02  -1.13191178e-04
   3.45987279e+02   1.54186841e-04
   3.45987767e+02   7.99865156e-05
   3.45988256e+02  -6.92514732e-06
   3.45988744e+02   2.91277276e-04
   3.45989232e+02   6.47467561e-04
   3.45989720e+02   5.93628327e-04
   3.45990209e+02   1.58299023e-04
   3.45990697e+02  -1.42456920e-04
   3.45991185e+02   1.84351993e-05
   3.45991674e+02   1.56743481e-04
   3.45992162e+02  -2.95681311e-05
   3.45992650e+02  -2.21017923e-04
   3.45993139e+02  -3.53673095e-04
   3.45993627e+02  -3.69159417e-04
   3.45994115e+02  -8.99350925e-05
   3.45994604e+02   2.72383651e-04
   3.45995092e+02   4.69762424e-04
   3.45995580e+02   5.67370327e-04
   3.45996068e+02   5.31848811e-04
   3.45996557e+02   1.06393760e-04
   3.45997045e+02  -3.43118765e-04
   3.45997533e+02  -2.78724940e-04
   3.45998022e+02  -7.64027573e-05
   3.45998510e+02  -3.40267143e-05
   3.45998998e+02  -3.97459953e-05
   3.45999487e+02  -1.87170313e-04
   3.45999975e+02  -3.16568388e-04
   3.46000463e+02  -3.23003071e-04
   3.46000952e+02  -4.57258750e-04
   3.46001440e+02  -4.88326070e-04
   3.46001928e+02  -1.62595461e-04
   3.46002416e+02   9.91052002e-05
   3.46002905e+02  -3.36310477e-05
   3.46003393e+02  -3.13164026e-04
   3.46003881e+02  -3.83453298e-04
   3.46004370e+02  -2.90803437e-04
   3.46004858e+02  -2.98220548e-04
   3.46005346e+02  -2.74176244e-04
   3.46005835e+02  -7.71159248e-05
   3.46006323e+02   7.84338918e-05
   3.46006811e+02   1.41263226e-04
   3.46007300e+02   9.95145892e-05
   3.46007788e+02  -1.64637040e-05
   3.46008276e+02   6.57178389e-05
   3.46008764e+02   2.93261663e-04
   3.46009253e+02   4.93963365e-04
   3.46009741e+02   5.70286822e-04
   3.46010229e+02   3.48234782e-04
   3.46010718e+02  -1.39376993e-04
   3.46011206e+02  -6.34100928e-04
   3.46011694e+02  -8.83107830e-04
   3.46012183e+02  -8.03118106e-04
   3.46012671e+02  -5.37969696e-04
   3.46013159e+02  -2.80392793e-04
   3.46013648e+02  -2.52147962e-04
   3.46014136e+02  -4.19770484e-04
   3.46014624e+02  -1.53528425e-04
   3.46015112e+02   5.62337926e-04
   3.46015601e+02   9.60592995e-04
   3.46016089e+02   8.30344856e-04
   3.46016577e+02   5.02760988e-04
   3.46017066e+02   3.00670945e-04
   3.46017554e+02   3.41874751e-04
   3.46018042e+02   4.11401765e-04
   3.46018531e+02   2.48663913e-04
   3.46019019e+02  -2.94296606e-05
   3.46019507e+02  -2.19217109e-04
   3.46019996e+02  -2.76703940e-04
   3.46020484e+02  -4.57106507e-05
   3.46020972e+02   2.66602758e-04
   3.46021460e+02   3.53902171e-04
   3.46021949e+02   5.87477698e-04
   3.46022437e+02   1.01173006e-03
   3.46022925e+02   1.08756404e-03
   3.46023414e+02   6.71018381e-04
   3.46023902e+02   3.04459594e-04
   3.46024390e+02   3.70230671e-04
   3.46024879e+02   4.45729151e-04
   3.46025367e+02   3.00826476e-04
   3.46025855e+02   1.47604616e-04
   3.46026344e+02  -4.64410296e-05
   3.46026832e+02  -1.71759166e-04
   3.46027320e+02  -2.33678657e-04
   3.46027809e+02  -3.50837770e-04
   3.46028297e+02  -2.46598618e-04
   3.46028785e+02   5.77359933e-05
   3.46029273e+02   2.17802954e-04
   3.46029762e+02   2.22460061e-04
   3.46030250e+02   2.66457268e-04
   3.46030738e+02   2.17478053e-04
   3.46031227e+02  -1.70572093e-04
   3.46031715e+02  -4.27200925e-04
   3.46032203e+02  -1.52753142e-04
   3.46032692e+02   1.95339599e-04
   3.46033180e+02   1.43284546e-04
   3.46033668e+02  -6.09927229e-05
   3.46034157e+02  -8.65133043e-05
   3.46034645e+02  -6.27819900e-05
   3.46035133e+02  -2.07640587e-05
   3.46035621e+02  -1.16665811e-04
   3.46036110e+02  -3.78979224e-04
   3.46036598e+02  -2.51268822e-04
   3.46037086e+02   2.41973481e-04
   3.46037575e+02   3.89795256e-04
   3.46038063e+02   7.12712208e-05
   3.46038551e+02  -2.40798618e-04
   3.46039040e+02  -2.62579153e-04
   3.46039528e+02  -1.58399343e-04
   3.46040016e+02  -1.21819030e-04
   3.46040505e+02  -9.23416883e-06
   3.46040993e+02   1.71058884e-04
   3.46041481e+02   1.65786405e-04
   3.46041969e+02   4.72856227e-05
   3.46042458e+02   1.37476847e-04
   3.46042946e+02   2.89983407e-04
   3.46043434e+02   2.53588252e-04
   3.46043923e+02   2.75294005e-04
   3.46044411e+02   2.77140731e-04
   3.46044899e+02   6.78477300e-05
   3.46045388e+02  -7.83926316e-06
   3.46045876e+02   2.73928046e-04
   3.46046364e+02   6.50107395e-04
   3.46046853e+02   6.84500264e-04
   3.46047341e+02   4.31709457e-04
   3.46047829e+02   3.84577259e-04
   3.46048317e+02   5.77221159e-04
   3.46048806e+02   7.57184520e-04
   3.46049294e+02   7.77698297e-04
   3.46049782e+02   4.14878159e-04
   3.46050271e+02   1.83621341e-05
   3.46050759e+02  -1.44226084e-04
   3.46051247e+02  -3.48520582e-04
   3.46051736e+02  -2.65700393e-04
   3.46052224e+02   2.39427347e-04
   3.46052712e+02   4.59670904e-04
   3.46053201e+02   1.60905227e-04
   3.46053689e+02  -2.38609122e-04
   3.46054177e+02  -4.79550130e-04
   3.46054665e+02  -4.95252083e-04
   3.46055154e+02  -3.11613258e-04
   3.46055642e+02  -2.02685624e-04
   3.46056130e+02  -3.23906861e-04
   3.46056619e+02  -4.20935277e-04
   3.46057107e+02  -1.86047473e-04
   3.46057595e+02   4.81585303e-05
   3.46058084e+02  -8.70175136e-05
   3.46058572e+02  -2.49032164e-04
   3.46059060e+02  -2.60705157e-04
   3.46059549e+02  -1.01506630e-04
   3.46060037e+02   2.19419351e-04
   3.46060525e+02   4.11857647e-04
   3.46061013e+02   3.93270195e-04
   3.46061502e+02   1.40904609e-04
   3.46061990e+02  -2.14036059e-04
   3.46062478e+02  -4.63868346e-04
   3.46062967e+02  -6.70658192e-04
   3.46063455e+02  -6.90725923e-04
   3.46063943e+02  -3.71983013e-04
   3.46064432e+02  -1.02981772e-04
   3.46064920e+02  -1.55838905e-04
   3.46065408e+02  -1.21005032e-04
   3.46065897e+02   8.74991238e-05
   3.46066385e+02   3.96825671e-05
   3.46066873e+02  -3.25434339e-05
   3.46067362e+02   8.85456175e-05
   3.46067850e+02  -6.34914832e-05
   3.46068338e+02  -2.85960356e-04
   3.46068826e+02   3.34891556e-05
   3.46069315e+02   3.79991950e-04
   3.46069803e+02   2.78725318e-04
   3.46070291e+02   1.54894515e-04
   3.46070780e+02  -3.08230992e-05
   3.46071268e+02  -3.04686517e-04
   3.46071756e+02  -3.61446524e-04
   3.46072245e+02  -3.15966055e-04
   3.46072733e+02  -2.55402032e-04
   3.46073221e+02  -1.84359611e-04
   3.46073710e+02  -1.19926633e-04
   3.46074198e+02   1.51678287e-05
   3.46074686e+02   5.36458065e-05
   3.46075174e+02   6.29653441e-05
   3.46075663e+02   1.59449788e-04
   3.46076151e+02  -8.67185881e-05
   3.46076639e+02  -3.99136508e-04
   3.46077128e+02  -3.81648337e-04
   3.46077616e+02  -2.38645182e-04
   3.46078104e+02   4.89173908e-05
   3.46078593e+02   9.05258203e-05
   3.46079081e+02  -1.46485225e-04
   3.46079569e+02  -9.35268545e-05
   3.46080058e+02   1.99419563e-04
   3.46080546e+02   4.73153079e-04
   3.46081034e+02   5.72125718e-04
   3.46081522e+02   5.20027883e-04
   3.46082011e+02   4.27439401e-04
   3.46082499e+02   3.17013677e-04
   3.46082987e+02   3.03544599e-04
   3.46083476e+02   1.37076524e-04
   3.46083964e+02  -3.74374882e-04
   3.46084452e+02  -6.33851218e-04
   3.46084941e+02  -3.61232640e-04
   3.46085429e+02   1.80392053e-05
   3.46085917e+02   2.70210410e-04
   3.46086406e+02   4.05669241e-04
   3.46086894e+02   4.16542258e-04
   3.46087382e+02   2.51812977e-04
   3.46087870e+02  -3.54550457e-06
   3.46088359e+02   1.16586511e-04
   3.46088847e+02   6.39555685e-04
   3.46089335e+02   8.69188982e-04
   3.46089824e+02   6.26123452e-04
   3.46090312e+02   3.64511943e-04
   3.46090800e+02   3.47109890e-04
   3.46091289e+02   4.25151899e-04
   3.46091777e+02   2.60961824e-04
   3.46092265e+02  -3.75155469e-05
   3.46092754e+02  -1.44880527e-04
   3.46093242e+02  -2.54087208e-04
   3.46093730e+02  -3.50870396e-04
   3.46094218e+02  -1.81232332e-04
   3.46094707e+02  -6.68079665e-05
   3.46095195e+02  -3.21401982e-04
   3.46095683e+02  -5.17345557e-04
   3.46096172e+02  -3.47227528e-04
   3.46096660e+02  -1.17654170e-04
   3.46097148e+02  -8.44792157e-05
   3.46097637e+02  -3.16429214e-04
   3.46098125e+02  -6.38878730e-04
   3.46098613e+02  -5.23350842e-04
   3.46099102e+02  -1.97011439e-04
   3.46099590e+02  -1.98211579e-04
   3.46100078e+02  -1.37789146e-04
   3.46100566e+02   8.63218738e-05
   3.46101055e+02   1.39495067e-04
   3.46101543e+02   1.66986123e-04
   3.46102031e+02   1.53054876e-04
   3.46102520e+02   4.05319806e-05
   3.46103008e+02  -1.04603387e-05
   3.46103496e+02  -1.75072546e-05
   3.46103985e+02  -5.42622656e-05
   3.46104473e+02  -2.66438001e-04
   3.46104961e+02  -4.07288928e-04
   3.46105450e+02  -2.84362788e-04
   3.46105938e+02  -2.98168598e-04
   3.46106426e+02  -2.66371004e-04
   3.46106915e+02   2.88052070e-05
   3.46107403e+02   3.35918914e-04
   3.46107891e+02   3.72435228e-04
   3.46108379e+02  -6.47118486e-06
   3.46108868e+02  -1.64103476e-04
   3.46109356e+02   6.78699507e-05
   3.46109844e+02   1.23861857e-04
   3.46110333e+02  -9.67315827e-06
   3.46110821e+02  -1.98987997e-04
   3.46111309e+02  -3.14279197e-04
   3.46111798e+02  -2.02750700e-04
   3.46112286e+02   1.55286034e-04
   3.46112774e+02   5.71053359e-04
   3.46113263e+02   8.51759280e-04
   3.46113751e+02   9.40491329e-04
   3.46114239e+02   7.13045709e-04
   3.46114727e+02   3.37540201e-04
   3.46115216e+02   2.38984503e-04
   3.46115704e+02   4.58760449e-04
   3.46116192e+02   6.17667742e-04
   3.46116681e+02   4.64343640e-04
   3.46117169e+02   1.26038300e-04
   3.46117657e+02  -1.08320346e-05
   3.46118146e+02   1.46624123e-04
   3.46118634e+02   8.15393068e-05
   3.46119122e+02  -1.10942419e-04
   3.46119611e+02  -4.82203686e-05
   3.46120099e+02  -1.42659410e-04
   3.46120587e+02  -2.39760586e-04
   3.46121075e+02   1.96659545e-04
   3.46121564e+02   6.93083333e-04
   3.46122052e+02   6.23324770e-04
   3.46122540e+02   5.17462380e-04
   3.46123029e+02   5.82005829e-04
   3.46123517e+02   2.30686783e-04
   3.46124005e+02  -5.80403321e-05
   3.46124494e+02   1.32724876e-04
   3.46124982e+02   3.16797232e-04
   3.46125470e+02   3.94298811e-04
   3.46125959e+02   3.36054160e-04
   3.46126447e+02   1.17367337e-04
   3.46126935e+02  -2.90127514e-06
   3.46127423e+02   9.68966015e-06
   3.46127912e+02   4.94824126e-05
   3.46128400e+02   6.17927944e-05
   3.46128888e+02   1.73146080e-04
   3.46129377e+02   4.37092909e-04
   3.46129865e+02   4.89510247e-04
   3.46130353e+02   2.42937283e-04
   3.46130842e+02   2.04345997e-04
   3.46131330e+02   4.55415138e-04
   3.46131818e+02   6.13049720e-04
   3.46132307e+02   6.80050638e-04
   3.46132795e+02   6.77931763e-04
   3.46133283e+02   5.36706706e-04
   3.46133771e+02   3.26655747e-04
   3.46134260e+02   1.13171000e-05
   3.46134748e+02  -3.99052748e-04
   3.46135236e+02  -6.34286378e-04
   3.46135725e+02  -5.20132948e-04
   3.46136213e+02  -7.67521269e-05
   3.46136701e+02   2.36224165e-04
   3.46137190e+02  -8.09696576e-05
   3.46137678e+02  -6.29068119e-04
   3.46138166e+02  -7.05976738e-04
   3.46138655e+02  -3.13197030e-04
   3.46139143e+02   9.01949388e-05
   3.46139631e+02   3.51886934e-04
   3.46140119e+02   4.06274019e-04
   3.46140608e+02   2.63749011e-04
   3.46141096e+02   1.06471511e-04
   3.46141584e+02   2.86110881e-05
   3.46142073e+02   9.25512722e-05
   3.46142561e+02   3.67675311e-05
   3.46143049e+02  -2.09830789e-04
   3.46143538e+02  -5.82088032e-05
   3.46144026e+02   3.04078450e-04
   3.46144514e+02   2.41662885e-04
   3.46145003e+02   2.51408837e-05
   3.46145491e+02  -1.10169378e-04
   3.46145979e+02  -4.00435893e-05
   3.46146468e+02   4.59383533e-04
   3.46146956e+02   7.40135671e-04
   3.46147444e+02   3.61772516e-04
   3.46147932e+02   4.02798796e-05
   3.46148421e+02   1.96175999e-04
   3.46148909e+02   3.65811691e-04
   3.46149397e+02   2.54011888e-04
   3.46149886e+02   1.26923173e-04
   3.46150374e+02   1.12077520e-04
   3.46150862e+02   2.08638070e-04
   3.46151351e+02   4.00753459e-04
   3.46151839e+02   5.15815162e-04
   3.46152327e+02   4.96572407e-04
   3.46152816e+02   3.90696543e-04
   3.46153304e+02   1.25946739e-04
   3.46153792e+02  -1.47930812e-04
   3.46154280e+02  -3.27982649e-04
   3.46154769e+02  -6.82317128e-04
   3.46155257e+02  -9.07006965e-04
   3.46155745e+02  -5.54880768e-04
   3.46156234e+02  -1.93337051e-04
   3.46156722e+02  -3.70883827e-05
   3.46157210e+02   2.57840496e-04
   3.46157699e+02   4.96691500e-04
   3.46158187e+02   4.60935436e-04
   3.46158675e+02   1.69972322e-04
   3.46159164e+02  -1.49047104e-04
   3.46159652e+02  -2.90362455e-04
   3.46160140e+02  -3.28367343e-04
   3.46160628e+02  -2.36500957e-04
   3.46161117e+02   8.44539027e-05
   3.46161605e+02   1.18290685e-04
   3.46162093e+02  -3.06253816e-04
   3.46162582e+02  -4.03609127e-04
   3.46163070e+02  -2.29330341e-04
   3.46163558e+02  -3.78413504e-04
   3.46164047e+02  -7.00815232e-04
   3.46164535e+02  -7.24392303e-04
   3.46165023e+02  -4.99766902e-04
   3.46165512e+02  -3.60781618e-04
   3.46166000e+02  -1.59287869e-04
   3.46166488e+02   5.38632194e-05
   3.46166976e+02  -1.58356081e-04
   3.46167465e+02  -3.82646394e-04
   3.46167953e+02   3.22533124e-05
   3.46168441e+02   4.53440181e-04
   3.46168930e+02   3.01567430e-04
   3.46169418e+02   1.07306281e-04
   3.46169906e+02   8.08300611e-05
   3.46170395e+02   4.16083276e-05
   3.46170883e+02   1.98303300e-04
   3.46171371e+02   4.43334429e-04
   3.46171860e+02   1.36720846e-04
   3.46172348e+02  -3.56266391e-04
   3.46172836e+02  -4.33433801e-04
   3.46173324e+02  -2.68274365e-04
   3.46173813e+02   5.44796021e-05
   3.46174301e+02   3.37892649e-04
   3.46174789e+02   2.67169147e-04
   3.46175278e+02   1.51775879e-04
   3.46175766e+02   3.00784217e-04
   3.46176254e+02   2.02622265e-04
   3.46176743e+02  -1.44734746e-04
   3.46177231e+02  -1.65829086e-04
   3.46177719e+02  -7.97590328e-05
   3.46178208e+02  -1.11863184e-04
   3.46178696e+02   1.30417495e-04
   3.46179184e+02   5.61457535e-04
   3.46179672e+02   6.45321386e-04
   3.46180161e+02   2.18254892e-04
   3.46180649e+02  -3.21239058e-04
   3.46181137e+02  -4.91301995e-04
   3.46181626e+02  -2.24362229e-04
   3.46182114e+02   5.05720673e-05
   3.46182602e+02   3.57916360e-05
   3.46183091e+02  -3.99326127e-05
   3.46183579e+02  -1.15673327e-04
   3.46184067e+02  -8.64459435e-05
   3.46184556e+02   5.58598222e-05
   3.46185044e+02  -1.82261007e-04
   3.46185532e+02  -4.98156413e-04
   3.46186021e+02  -3.20477673e-04
   3.46186509e+02   8.27614986e-06
   3.46186997e+02   1.20284516e-04
   3.46187485e+02  -2.44544481e-06
   3.46187974e+02  -2.56453844e-04
   3.46188462e+02  -3.89520923e-04
   3.46188950e+02  -2.75051396e-04
   3.46189439e+02  -5.64222501e-05
   3.46189927e+02  -5.15784996e-05
   3.46190415e+02  -1.14538794e-04
   3.46190904e+02   1.88679376e-04
   3.46191392e+02   5.41441550e-04
   3.46191880e+02   5.41439920e-04
   3.46192369e+02   5.56201034e-04
   3.46192857e+02   7.09465938e-04
   3.46193345e+02   5.61492110e-04
   3.46193833e+02   9.58834789e-05
   3.46194322e+02  -2.51434423e-04
   3.46194810e+02  -4.50824562e-04
   3.46195298e+02  -4.44698264e-04
   3.46195787e+02  -8.25003735e-05
   3.46196275e+02   2.51465477e-04
   3.46196763e+02   2.49408477e-04
   3.46197252e+02   4.53823450e-05
   3.46197740e+02  -1.25681589e-04
   3.46198228e+02  -1.65766542e-04
   3.46198717e+02  -8.45975737e-05
   3.46199205e+02   4.59065268e-05
   3.46199693e+02   1.73421635e-04
   3.46200181e+02   2.10311220e-04
   3.46200670e+02   3.51019225e-05
   3.46201158e+02  -1.08188149e-04
   3.46201646e+02  -9.80896075e-05
   3.46202135e+02  -1.66864978e-04
   3.46202623e+02  -1.68011858e-04
   3.46203111e+02   2.16944944e-04
   3.46203600e+02   6.70908310e-04
   3.46204088e+02   7.70912098e-04
   3.46204576e+02   5.79621526e-04
   3.46205065e+02   1.92470921e-04
   3.46205553e+02  -6.22762454e-05
   3.46206041e+02  -1.01014470e-04
   3.46206529e+02  -3.69997229e-04
   3.46207018e+02  -5.65141265e-04
   3.46207506e+02  -3.14611738e-04
   3.46207994e+02  -4.50739462e-05
   3.46208483e+02  -6.57916607e-05
   3.46208971e+02  -2.22774164e-04
   3.46209459e+02  -9.88627871e-05
   3.46209948e+02   1.67613223e-04
   3.46210436e+02  -1.35997598e-05
   3.46210924e+02  -2.43284492e-04
   3.46211413e+02  -9.35293938e-05
   3.46211901e+02   2.37569611e-06
   3.46212389e+02  -9.21397223e-05
   3.46212877e+02  -2.48264842e-04
   3.46213366e+02  -5.20637725e-04
   3.46213854e+02  -5.88971714e-04
   3.46214342e+02  -1.98905720e-04
   3.46214831e+02   2.35894608e-04
   3.46215319e+02   2.29020166e-04
   3.46215807e+02  -1.20857956e-04
   3.46216296e+02  -2.53469887e-04
   3.46216784e+02  -1.04733073e-04
   3.46217272e+02   1.10352094e-05
   3.46217761e+02   7.63405933e-06
   3.46218249e+02   6.35958640e-05
   3.46218737e+02   1.83324606e-04
   3.46219225e+02   1.13796799e-04
   3.46219714e+02   4.58522118e-05
   3.46220202e+02   1.31196124e-04
   3.46220690e+02   7.33905399e-05
   3.46221179e+02   1.31441566e-05
   3.46221667e+02  -6.35627948e-05
   3.46222155e+02  -2.06520359e-04
   3.46222644e+02   9.07873400e-05
   3.46223132e+02   5.35143772e-04
   3.46223620e+02   6.95418159e-04
   3.46224109e+02   7.82394607e-04
   3.46224597e+02   7.01308483e-04
   3.46225085e+02   5.14789950e-04
   3.46225574e+02   6.30836992e-04
   3.46226062e+02   9.31273913e-04
   3.46226550e+02   8.03431845e-04
   3.46227038e+02   3.07262671e-04
   3.46227527e+02   7.77494006e-06
   3.46228015e+02  -8.67475173e-05
   3.46228503e+02  -1.42799299e-05
   3.46228992e+02   9.72438938e-05
   3.46229480e+02  -8.12223298e-05
   3.46229968e+02  -1.88814258e-04
   3.46230457e+02   3.84915111e-05
   3.46230945e+02   8.25228199e-05
   3.46231433e+02   2.29222991e-04
   3.46231922e+02   2.33833314e-04
   3.46232410e+02  -1.66722093e-05
   3.46232898e+02  -7.64750293e-05
   3.46233386e+02  -2.53791150e-05
   3.46233875e+02  -7.28619125e-05
   3.46234363e+02  -1.36951479e-04
   3.46234851e+02   5.94270132e-05
   3.46235340e+02   2.57277978e-04
   3.46235828e+02   1.02141508e-04
   3.46236316e+02  -2.21959228e-04
   3.46236805e+02  -3.93972412e-04
   3.46237293e+02  -2.43915594e-04
   3.46237781e+02   4.72346837e-05
   3.46238270e+02   5.89854935e-05
   3.46238758e+02  -1.19084529e-04
   3.46239246e+02  -1.95491186e-04
   3.46239734e+02  -2.17973691e-04
   3.46240223e+02  -3.13270604e-04
   3.46240711e+02  -4.22210287e-04
   3.46241199e+02  -3.54647869e-04
   3.46241688e+02  -9.57752927e-05
   3.46242176e+02   2.16561661e-04
   3.46242664e+02   3.58960737e-04
   3.46243153e+02   2.62090442e-04
   3.46243641e+02   1.17267446e-04
   3.46244129e+02  -1.58486109e-05
   3.46244618e+02  -1.02394704e-04
   3.46245106e+02  -1.63595414e-05
   3.46245594e+02   4.93581001e-06
   3.46246082e+02  -1.22311234e-04
   3.46246571e+02   7.56519221e-05
   3.46247059e+02   4.16438066e-04
   3.46247547e+02   2.23782248e-04
   3.46248036e+02  -1.77885420e-04
   3.46248524e+02  -7.38174422e-05
   3.46249012e+02   3.48349917e-04
   3.46249501e+02   5.91434364e-04
   3.46249989e+02   6.46405562e-04
   3.46250477e+02   5.81650471e-04
   3.46250966e+02   2.63840862e-04
   3.46251454e+02  -1.05742420e-05
   3.46251942e+02   6.59371144e-05
   3.46252430e+02   2.20426315e-04
   3.46252919e+02   1.80896153e-04
   3.46253407e+02   4.36931477e-05
   3.46253895e+02   2.23302300e-06
   3.46254384e+02  -1.42773482e-04
   3.46254872e+02  -3.08977702e-04
   3.46255360e+02  -3.94305680e-05
   3.46255849e+02   5.22590184e-04
   3.46256337e+02   8.03226430e-04
   3.46256825e+02   7.01669196e-04
   3.46257314e+02   4.22599318e-04
   3.46257802e+02   5.75493868e-05
   3.46258290e+02  -1.41661352e-04
   3.46258778e+02  -3.25977671e-05
   3.46259267e+02   2.89456395e-04
   3.46259755e+02   5.42556227e-04
   3.46260243e+02   4.54326248e-04
   3.46260732e+02   2.98506988e-04
   3.46261220e+02   2.76981475e-04
   3.46261708e+02   9.80334153e-05
   3.46262197e+02  -2.08754471e-04
   3.46262685e+02  -1.79394483e-04
   3.46263173e+02   1.56102775e-04
   3.46263662e+02   3.40415485e-04
   3.46264150e+02   3.32987169e-04
   3.46264638e+02   2.75992672e-04
   3.46265127e+02   2.38060253e-04
   3.46265615e+02   1.67733713e-04
   3.46266103e+02  -1.73669527e-04
   3.46266591e+02  -5.70781820e-04
   3.46267080e+02  -5.44947514e-04
   3.46267568e+02  -2.60408531e-04
   3.46268056e+02  -2.21210285e-04
   3.46268545e+02  -3.24384106e-04
   3.46269033e+02  -1.58304087e-04
   3.46269521e+02   1.88442908e-04
   3.46270010e+02   2.67718424e-04
   3.46270498e+02   7.52733176e-05
   3.46270986e+02  -2.11718216e-04
   3.46271475e+02  -5.41135552e-04
   3.46271963e+02  -5.12941508e-04
   3.46272451e+02  -2.40305657e-04
   3.46272939e+02  -1.63339151e-04
   3.46273428e+02  -5.81462082e-05
   3.46273916e+02  -8.45569321e-06
   3.46274404e+02  -1.09852670e-04
   3.46274893e+02  -9.07516587e-05
   3.46275381e+02   5.08855883e-05
   3.46275869e+02   2.91317177e-04
   3.46276358e+02   4.64010081e-04
   3.46276846e+02   1.89303857e-04
   3.46277334e+02  -3.79532634e-04
   3.46277823e+02  -5.91243152e-04
   3.46278311e+02  -3.48500238e-04
   3.46278799e+02  -1.46539111e-04
   3.46279287e+02  -2.98881991e-04
   3.46279776e+02  -6.10090734e-04
   3.46280264e+02  -6.62578386e-04
   3.46280752e+02  -3.52003059e-04
   3.46281241e+02   1.08631306e-04
   3.46281729e+02   2.77996558e-04
   3.46282217e+02   4.66989550e-05
   3.46282706e+02  -4.15756913e-05
   3.46283194e+02   2.40923240e-04
   3.46283682e+02   4.21756762e-04
   3.46284171e+02   4.19270160e-04
   3.46284659e+02   4.88092133e-04
   3.46285147e+02   3.89499386e-04
   3.46285635e+02   1.56509414e-04
   3.46286124e+02   4.00981407e-05
   3.46286612e+02   1.67399558e-05
   3.46287100e+02  -7.89256883e-05
   3.46287589e+02  -2.92641664e-04
   3.46288077e+02  -2.55422579e-04
   3.46288565e+02   2.93774542e-06
   3.46289054e+02   1.00689220e-04
   3.46289542e+02   1.20203304e-05
   3.46290030e+02  -1.06482854e-04
   3.46290519e+02  -1.92290026e-04
   3.46291007e+02  -3.06129572e-04
   3.46291495e+02  -6.06315967e-04
   3.46291983e+02  -7.35770911e-04
   3.46292472e+02  -3.49402748e-04
   3.46292960e+02  -1.60571999e-05
   3.46293448e+02   4.74475964e-05
   3.46293937e+02   1.35596914e-04
   3.46294425e+02   2.00109411e-04
   3.46294913e+02   1.01218211e-04
   3.46295402e+02  -1.89322134e-04
   3.46295890e+02  -3.92610353e-04
   3.46296378e+02  -2.57400214e-04
   3.46296867e+02   3.29233844e-05
   3.46297355e+02   5.74322912e-05
   3.46297843e+02  -2.40881927e-04
   3.46298331e+02  -5.07605087e-04
   3.46298820e+02  -4.64532000e-04
   3.46299308e+02   7.47607628e-05
   3.46299796e+02   6.04774395e-04
   3.46300285e+02   3.77825752e-04
   3.46300773e+02  -1.71369466e-04
   3.46301261e+02  -4.55703848e-04
   3.46301750e+02  -5.87115996e-04
   3.46302238e+02  -7.30694504e-04
   3.46302726e+02  -8.01791030e-04
   3.46303215e+02  -5.03559131e-04
   3.46303703e+02  -1.84307952e-04
   3.46304191e+02  -3.19171842e-04
   3.46304680e+02  -5.17749228e-04
   3.46305168e+02  -4.81728639e-04
   3.46305656e+02  -2.88927084e-04
   3.46306144e+02  -2.21421316e-04
   3.46306633e+02  -4.09421249e-04
   3.46307121e+02  -4.54875699e-04
   3.46307609e+02  -5.80735395e-05
   3.46308098e+02   3.23427899e-04
   3.46308586e+02   3.11248114e-05
   3.46309074e+02  -3.46585439e-04
   3.46309563e+02  -1.79510898e-05
   3.46310051e+02   3.38545331e-04
   3.46310539e+02   1.27632884e-04
   3.46311028e+02  -1.67822756e-04
   3.46311516e+02  -2.87969277e-04
   3.46312004e+02  -2.99744395e-04
   3.46312492e+02  -1.13308211e-04
   3.46312981e+02   1.07108484e-04
   3.46313469e+02   1.87900296e-04
   3.46313957e+02   2.14280692e-04
   3.46314446e+02   2.13144871e-04
   3.46314934e+02   9.78653334e-05
   3.46315422e+02  -1.48477600e-04
   3.46315911e+02  -3.52785224e-04
   3.46316399e+02  -2.28188670e-04
   3.46316887e+02   2.35731379e-04
   3.46317376e+02   6.31807954e-04
   3.46317864e+02   6.28630165e-04
   3.46318352e+02   4.29109961e-04
   3.46318840e+02   3.56705714e-04
   3.46319329e+02   3.72866518e-04
   3.46319817e+02   3.09492840e-04
   3.46320305e+02   2.28539458e-04
   3.46320794e+02   1.91711340e-04
   3.46321282e+02   6.92134126e-05
   3.46321770e+02  -3.13643409e-06
   3.46322259e+02   1.51154993e-04
   3.46322747e+02   3.13032215e-04
   3.46323235e+02   1.02215374e-04
   3.46323724e+02  -1.42038407e-04
   3.46324212e+02   1.67964608e-04
   3.46324700e+02   3.42370971e-04
   3.46325188e+02  -4.46228441e-05
   3.46325677e+02  -2.31149694e-04
   3.46326165e+02  -5.35057588e-05
   3.46326653e+02   1.78208080e-04
   3.46327142e+02   3.11285228e-04
   3.46327630e+02   2.89569754e-04
   3.46328118e+02   2.88373616e-04
   3.46328607e+02   3.33147473e-04
   3.46329095e+02   3.11457698e-04
   3.46329583e+02   3.61034385e-04
   3.46330072e+02   4.29849169e-04
   3.46330560e+02   3.24591441e-04
   3.46331048e+02   3.02087661e-04
   3.46331536e+02   3.86373984e-04
   3.46332025e+02   2.18005443e-04
   3.46332513e+02  -3.48741341e-05
   3.46333001e+02   3.77616780e-05
   3.46333490e+02   2.11709703e-04
   3.46333978e+02   2.09092061e-04
   3.46334466e+02   1.07061365e-04
   3.46334955e+02   1.16481613e-04
   3.46335443e+02   3.29333619e-04
   3.46335931e+02   2.98731029e-04
   3.46336420e+02  -1.37825831e-04
   3.46336908e+02  -5.26574964e-04
   3.46337396e+02  -5.90989366e-04
   3.46337884e+02  -3.88226385e-04
   3.46338373e+02  -2.51903752e-04
   3.46338861e+02  -2.99451814e-04
   3.46339349e+02  -2.01090748e-04
   3.46339838e+02   1.51134302e-07
   3.46340326e+02   1.44278965e-04
   3.46340814e+02   9.48632005e-05
   3.46341303e+02  -2.28799894e-04
   3.46341791e+02  -3.50174436e-04
   3.46342279e+02  -8.99687293e-05
   3.46342768e+02   2.17829525e-04
   3.46343256e+02   2.77022569e-04
   3.46343744e+02   9.29287999e-05
   3.46344232e+02   1.44625839e-04
   3.46344721e+02   4.85275261e-04
   3.46345209e+02   5.37410495e-04
   3.46345697e+02   1.72418164e-04
   3.46346186e+02  -1.03484497e-04
   3.46346674e+02  -1.82570730e-04
   3.46347162e+02  -2.85310147e-04
   3.46347651e+02  -2.23707713e-04
   3.46348139e+02   3.68691217e-05
   3.46348627e+02   2.72198202e-04
   3.46349116e+02   2.95459031e-04
   3.46349604e+02   7.78794638e-05
   3.46350092e+02   3.05028680e-05
   3.46350581e+02   2.68285396e-04
   3.46351069e+02   3.89315217e-04
   3.46351557e+02   1.61426666e-04
   3.46352045e+02  -6.25130269e-05
   3.46352534e+02  -7.03092810e-05
   3.46353022e+02   1.41993834e-04
   3.46353510e+02   4.24752943e-04
   3.46353999e+02   3.61358514e-04
   3.46354487e+02   4.02735241e-05
   3.46354975e+02  -6.39385544e-05
   3.46355464e+02   2.26182354e-04
   3.46355952e+02   6.27925911e-04
   3.46356440e+02   5.90452459e-04
   3.46356929e+02   1.28893997e-04
   3.46357417e+02  -2.31810511e-04
   3.46357905e+02  -1.61594580e-04
   3.46358393e+02   1.22340149e-04
   3.46358882e+02   1.51680055e-04
   3.46359370e+02   5.98656261e-05
   3.46359858e+02   1.41937751e-04
   3.46360347e+02   9.65419240e-05
   3.46360835e+02  -4.12031768e-05
   3.46361323e+02   9.40753016e-05
   3.46361812e+02   2.21227150e-04
   3.46362300e+02   3.20464402e-04
   3.46362788e+02   5.92997239e-04
   3.46363277e+02   6.25022978e-04
   3.46363765e+02   3.68906476e-04
   3.46364253e+02   2.76629697e-04
   3.46364741e+02   2.30967504e-04
   3.46365230e+02   3.68520778e-05
   3.46365718e+02   3.11084696e-05
   3.46366206e+02   2.18326284e-04
   3.46366695e+02   2.36150416e-04
   3.46367183e+02   1.13373797e-04
   3.46367671e+02   3.49500915e-05
   3.46368160e+02  -8.66694827e-05
   3.46368648e+02  -2.48802360e-04
   3.46369136e+02  -1.74538000e-04
   3.46369625e+02   9.19226513e-05
   3.46370113e+02   1.73247172e-04
   3.46370601e+02   1.39791096e-04
   3.46371089e+02   1.54394453e-04
   3.46371578e+02  -4.24019127e-05
   3.46372066e+02  -2.71065277e-04
   3.46372554e+02  -4.49594118e-05
   3.46373043e+02   3.10992677e-04
   3.46373531e+02   3.18734092e-04
   3.46374019e+02   1.71735155e-04
   3.46374508e+02   8.12618673e-05
   3.46374996e+02   1.15205126e-04
   3.46375484e+02   1.11623027e-04
   3.46375973e+02  -5.33102466e-05
   3.46376461e+02  -8.41028595e-05
   3.46376949e+02   5.35386716e-05
   3.46377437e+02   8.74201360e-05
   3.46377926e+02  -5.21841685e-05
   3.46378414e+02  -1.33218098e-04
   3.46378902e+02   1.44364249e-05
   3.46379391e+02   2.71595723e-04
   3.46379879e+02   3.50417715e-04
   3.46380367e+02   2.07691119e-04
   3.46380856e+02   1.86155812e-04
   3.46381344e+02   3.37713922e-04
   3.46381832e+02   4.76756511e-04
   3.46382321e+02   4.29803215e-04
   3.46382809e+02   7.35156354e-05
   3.46383297e+02  -2.82381778e-04
   3.46383785e+02  -4.25745733e-04
   3.46384274e+02  -4.41382494e-04
   3.46384762e+02  -1.78090369e-04
   3.46385250e+02   8.66579921e-06
   3.46385739e+02  -1.83848970e-04
   3.46386227e+02  -2.89363321e-04
   3.46386715e+02  -2.36717882e-04
   3.46387204e+02  -3.19805433e-04
   3.46387692e+02  -5.05421602e-04
   3.46388180e+02  -4.77386988e-04
   3.46388669e+02  -2.41837784e-04
   3.46389157e+02  -1.67425998e-04
   3.46389645e+02  -1.08826498e-04
   3.46390134e+02   3.01217398e-04
   3.46390622e+02   6.04148605e-04
   3.46391110e+02   4.08909807e-04
   3.46391598e+02   1.98681548e-04
   3.46392087e+02   2.91009317e-04
   3.46392575e+02   3.99374170e-04
   3.46393063e+02   2.95964943e-04
   3.46393552e+02   1.05190549e-04
   3.46394040e+02   2.19612975e-05
   3.46394528e+02   1.03014223e-04
   3.46395017e+02   2.03940202e-04
   3.46395505e+02   2.25829077e-04
   3.46395993e+02   2.55348947e-04
   3.46396482e+02   1.48342035e-04
   3.46396970e+02  -1.19594743e-05
   3.46397458e+02   2.76362785e-04
   3.46397946e+02   6.87802210e-04
   3.46398435e+02   6.71520014e-04
   3.46398923e+02   5.83479181e-04
   3.46399411e+02   5.71056851e-04
   3.46399900e+02   4.37949697e-04
   3.46400388e+02   2.69159820e-04
   3.46400876e+02  -4.83522708e-05
   3.46401365e+02  -6.00736414e-04
   3.46401853e+02  -9.00526007e-04
   3.46402341e+02  -6.42684055e-04
   3.46402830e+02   1.74195009e-06
   3.46403318e+02   3.77926248e-04
   3.46403806e+02   8.59431093e-05
   3.46404294e+02   4.26582519e-05
   3.46404783e+02   4.68616869e-04
   3.46405271e+02   4.75722540e-04
   3.46405759e+02   9.27002839e-05
   3.46406248e+02  -1.38352902e-04
   3.46406736e+02  -8.74702164e-05
   3.46407224e+02  -3.82672661e-05
   3.46407713e+02  -1.94383945e-04
   3.46408201e+02  -1.10548819e-04
   3.46408689e+02   3.13286175e-04
   3.46409178e+02   6.89906243e-04
   3.46409666e+02   6.76663301e-04
   3.46410154e+02   2.21939146e-04
   3.46410642e+02  -7.82743882e-05
   3.46411131e+02   8.19860652e-05
   3.46411619e+02   1.36361748e-04
   3.46412107e+02  -1.78649338e-04
   3.46412596e+02  -2.41429414e-04
   3.46413084e+02   5.15049433e-05
   3.46413572e+02   1.98656475e-04
   3.46414061e+02   1.06597632e-04
   3.46414549e+02   2.16345052e-05
   3.46415037e+02   2.33078885e-04
   3.46415526e+02   4.42647259e-04
   3.46416014e+02   2.69259646e-04
   3.46416502e+02  -5.13246523e-05
   3.46416990e+02  -1.82882563e-04
   3.46417479e+02   7.91881666e-06
   3.46417967e+02   2.02597832e-04
   3.46418455e+02   1.43648504e-04
   3.46418944e+02  -7.49044630e-05
   3.46419432e+02  -2.91915174e-04
   3.46419920e+02  -3.78902972e-04
   3.46420409e+02  -1.81156225e-04
   3.46420897e+02   1.40413729e-04
   3.46421385e+02   1.44527934e-04
   3.46421874e+02  -7.07507716e-05
   3.46422362e+02  -1.34185859e-04
   3.46422850e+02  -1.27681356e-04
   3.46423338e+02  -2.98916508e-04
   3.46423827e+02  -5.40326058e-04
   3.46424315e+02  -5.57313266e-04
   3.46424803e+02  -3.11310374e-04
   3.46425292e+02  -5.42364505e-05
   3.46425780e+02  -2.59563985e-05
   3.46426268e+02   1.24014969e-05
   3.46426757e+02   3.15174810e-04
   3.46427245e+02   6.76741998e-04
   3.46427733e+02   8.36342748e-04
   3.46428222e+02   8.46154115e-04
   3.46428710e+02   8.18833301e-04
   3.46429198e+02   5.98173181e-04
   3.46429687e+02   2.46949407e-04
   3.46430175e+02   8.05979653e-05
   3.46430663e+02   1.13616581e-04
   3.46431151e+02   1.56397437e-04
   3.46431640e+02   3.50339455e-04
   3.46432128e+02   7.58657465e-04
   3.46432616e+02   8.82254913e-04
   3.46433105e+02   6.27451343e-04
   3.46433593e+02   3.14353063e-04
   3.46434081e+02   4.88573751e-05
   3.46434570e+02   7.40132818e-05
   3.46435058e+02   2.56523606e-04
   3.46435546e+02   6.88839427e-05
   3.46436035e+02  -3.26419133e-04
   3.46436523e+02  -3.39282880e-04
   3.46437011e+02  -1.61086369e-04
   3.46437499e+02  -4.22755285e-04
   3.46437988e+02  -5.94567333e-04
   3.46438476e+02  -3.17438389e-04
   3.46438964e+02  -1.29993787e-04
   3.46439453e+02  -2.24393880e-05
   3.46439941e+02  -4.33263485e-05
   3.46440429e+02  -3.59122670e-04
   3.46440918e+02  -4.75198118e-04
   3.46441406e+02  -6.59704965e-05
   3.46441894e+02   2.82067165e-04
   3.46442383e+02   1.21184485e-05
   3.46442871e+02  -4.49514802e-04
   3.46443359e+02  -6.94592425e-04
   3.46443847e+02  -5.71637531e-04
   3.46444336e+02  -2.41309201e-04
   3.46444824e+02  -2.66488845e-04
   3.46445312e+02  -4.96913912e-04
   3.46445801e+02  -4.68007522e-04
   3.46446289e+02  -1.21970646e-04
   3.46446777e+02   1.57480783e-04
   3.46447266e+02   1.65256963e-04
   3.46447754e+02   1.25997845e-04
   3.46448242e+02   1.81018968e-05
   3.46448731e+02  -1.25466991e-04
   3.46449219e+02  -2.52809317e-04
   3.46449707e+02  -2.58242770e-04
   3.46450195e+02   1.10934670e-04
   3.46450684e+02   4.22147394e-04
   3.46451172e+02   3.43666441e-04
   3.46451660e+02   2.21971030e-04
   3.46452149e+02   4.57494134e-05
   3.46452637e+02  -8.46953553e-05
   3.46453125e+02   8.26613104e-05
   3.46453614e+02   1.21099314e-04
   3.46454102e+02   8.61563458e-05
   3.46454590e+02   1.66240352e-04
   3.46455079e+02  -1.74409637e-04
   3.46455567e+02  -4.24692931e-04
   3.46456055e+02  -1.87038662e-04
   3.46456543e+02  -1.13747272e-04
   3.46457032e+02  -7.39148527e-05
   3.46457520e+02   9.70333858e-05
   3.46458008e+02   1.83002441e-04
   3.46458497e+02   2.91600940e-04
   3.46458985e+02   2.98068713e-04
   3.46459473e+02   1.22845668e-04
   3.46459962e+02  -1.01955293e-05
   3.46460450e+02  -2.28731253e-04
   3.46460938e+02  -4.74971574e-04
   3.46461427e+02  -3.06255155e-04
   3.46461915e+02   1.38230491e-04
   3.46462403e+02   3.04759102e-04
   3.46462891e+02   2.42559108e-04
   3.46463380e+02   2.51259597e-04
   3.46463868e+02   2.58465967e-04
   3.46464356e+02   1.66496990e-04
   3.46464845e+02  -4.36545051e-05
   3.46465333e+02  -1.08439766e-04
   3.46465821e+02   1.55072867e-05
   3.46466310e+02   6.43575368e-06
   3.46466798e+02  -3.20700019e-05
   3.46467286e+02   7.67924867e-05
   3.46467775e+02   4.02491423e-04
   3.46468263e+02   8.91460746e-04
   3.46468751e+02   9.29995906e-04
   3.46469240e+02   3.03507404e-04
   3.46469728e+02  -6.17912447e-05
   3.46470216e+02   7.89432379e-05
   3.46470704e+02  -4.98810114e-05
   3.46471193e+02  -3.54950578e-04
   3.46471681e+02  -2.72932200e-04
   3.46472169e+02  -1.28900983e-05
   3.46472658e+02   2.07758203e-04
   3.46473146e+02   2.28977966e-04
   3.46473634e+02  -4.85708188e-05
   3.46474123e+02  -3.33413889e-04
   3.46474611e+02  -2.90065276e-04
   3.46475099e+02   1.29506705e-04
   3.46475588e+02   4.54447349e-04
   3.46476076e+02   3.72189999e-04
   3.46476564e+02   1.07959328e-04
   3.46477052e+02  -1.12231741e-04
   3.46477541e+02  -2.56038998e-04
   3.46478029e+02  -4.05566156e-04
   3.46478517e+02  -5.36494132e-04
   3.46479006e+02  -4.83619544e-04
   3.46479494e+02  -1.00137833e-04
   3.46479982e+02   3.03704699e-04
   3.46480471e+02   1.94661872e-04
   3.46480959e+02  -2.48891476e-04
   3.46481447e+02  -4.32270201e-04
   3.46481936e+02  -2.80992157e-04
   3.46482424e+02  -3.38940357e-04
   3.46482912e+02  -6.29894261e-04
   3.46483400e+02  -6.65756234e-04
   3.46483889e+02  -5.06362529e-04
   3.46484377e+02  -3.14064120e-04
   3.46484865e+02   2.74366412e-05
   3.46485354e+02   2.67052848e-04
   3.46485842e+02   1.58372874e-04
   3.46486330e+02   2.29201510e-06
   3.46486819e+02   1.46847390e-06
   3.46487307e+02   1.16021023e-04
   3.46487795e+02   1.69879349e-04
   3.46488284e+02   1.00867168e-04
   3.46488772e+02   3.50625487e-05
   3.46489260e+02  -7.55012152e-05
   3.46489748e+02  -1.77037771e-04
   3.46490237e+02  -1.59724834e-04
   3.46490725e+02  -1.86355319e-04
   3.46491213e+02  -5.98567713e-05
   3.46491702e+02   2.81823857e-04
   3.46492190e+02   3.18204780e-04
   3.46492678e+02   1.27149135e-04
   3.46493167e+02  -2.34693125e-05
   3.46493655e+02  -1.85164914e-04
   3.46494143e+02  -3.02844273e-04
   3.46494632e+02  -3.74090305e-04
   3.46495120e+02  -2.02525422e-04
   3.46495608e+02   1.41545839e-04
   3.46496096e+02   4.25209946e-05
   3.46496585e+02  -2.99998210e-04
   3.46497073e+02  -1.74126006e-04
   3.46497561e+02   1.35834300e-04
   3.46498050e+02   2.09013408e-04
   3.46498538e+02   2.23025752e-04
   3.46499026e+02   1.21989608e-04
   3.46499515e+02  -1.16166928e-04
   3.46500003e+02  -3.08774848e-04
   3.46500491e+02  -3.23205924e-04
   3.46500980e+02  -2.11111474e-04
   3.46501468e+02  -3.48171568e-04
   3.46501956e+02  -5.62170288e-04
   3.46502444e+02  -3.58190708e-04
   3.46502933e+02  -1.52582448e-04
   3.46503421e+02  -2.95685779e-04
   3.46503909e+02  -1.61541320e-04
   3.46504398e+02   2.40480251e-04
   3.46504886e+02   2.28737335e-04
   3.46505374e+02   1.57929517e-05
   3.46505863e+02   1.25098159e-04
   3.46506351e+02   1.61274918e-04
   3.46506839e+02  -6.36650730e-05
   3.46507328e+02  -1.66233265e-04
   3.46507816e+02  -2.08469733e-04
   3.46508304e+02  -2.22132134e-04
   3.46508793e+02  -7.62987402e-05
   3.46509281e+02  -8.58308849e-05
   3.46509769e+02  -1.26465835e-04
   3.46510257e+02   1.34161150e-04
   3.46510746e+02   3.08290939e-04
   3.46511234e+02   4.33203211e-04
   3.46511722e+02   7.24591373e-04
   3.46512211e+02   7.08250154e-04
   3.46512699e+02   2.08062644e-04
   3.46513187e+02  -1.45040729e-04
   3.46513676e+02   1.76304493e-05
   3.46514164e+02   1.28084546e-04
   3.46514652e+02  -5.88042240e-05
   3.46515141e+02  -1.58659866e-04
   3.46515629e+02  -1.01241902e-04
   3.46516117e+02  -1.99985094e-04
   3.46516605e+02  -1.93516782e-04
   3.46517094e+02   1.52528723e-04
   3.46517582e+02   2.02969430e-04
   3.46518070e+02  -4.59237090e-05
   3.46518559e+02  -1.09905559e-05
   3.46519047e+02   3.60139209e-04
   3.46519535e+02   6.37757767e-04
   3.46520024e+02   4.62945434e-04
   3.46520512e+02   8.17580803e-05
   3.46521000e+02  -1.10524641e-04
   3.46521489e+02  -1.17588250e-04
   3.46521977e+02   5.58392167e-05
   3.46522465e+02   3.78293567e-04
   3.46522953e+02   4.03902493e-04
   3.46523442e+02  -8.43450744e-06
   3.46523930e+02  -2.06073004e-04
   3.46524418e+02  -2.30080623e-04
   3.46524907e+02  -3.83173465e-04
   3.46525395e+02  -2.64380447e-04
   3.46525883e+02   2.47051357e-04
   3.46526372e+02   6.86738233e-04
   3.46526860e+02   7.62463605e-04
   3.46527348e+02   6.24446780e-04
   3.46527837e+02   5.21738024e-04
   3.46528325e+02   4.86984674e-04
   3.46528813e+02   3.74100113e-04
   3.46529301e+02   2.04659911e-04
   3.46529790e+02   6.40534927e-05
   3.46530278e+02  -8.13373917e-05
   3.46530766e+02  -9.08023067e-05
   3.46531255e+02   8.14758750e-05
   3.46531743e+02   2.07579345e-04
   3.46532231e+02   1.45571554e-04
   3.46532720e+02  -2.71253830e-05
   3.46533208e+02  -3.59644437e-05
   3.46533696e+02   1.72202461e-04
   3.46534185e+02   9.28949303e-05
   3.46534673e+02  -3.57482029e-04
   3.46535161e+02  -4.69147810e-04
   3.46535649e+02  -1.50473585e-04
   3.46536138e+02  -1.16666743e-05
   3.46536626e+02  -6.66586784e-05
   3.46537114e+02  -1.14083756e-04
   3.46537603e+02  -1.65756239e-04
   3.46538091e+02  -2.33279876e-04
   3.46538579e+02  -2.73648504e-04
   3.46539068e+02  -1.12186302e-04
   3.46539556e+02   4.82282740e-05
   3.46540044e+02  -3.76638764e-06
   3.46540533e+02  -1.74699599e-04
   3.46541021e+02  -4.47330851e-04
   3.46541509e+02  -5.73176949e-04
   3.46541997e+02  -3.99990415e-04
   3.46542486e+02  -2.03875737e-04
   3.46542974e+02   1.41680081e-04
   3.46543462e+02   6.48754940e-04
   3.46543951e+02   5.61344030e-04
   3.46544439e+02  -5.34957508e-05
   3.46544927e+02  -2.93879741e-04
   3.46545416e+02  -1.49244428e-04
   3.46545904e+02  -4.50997795e-05
   3.46546392e+02   6.08178816e-05
   3.46546881e+02   2.57303764e-04
   3.46547369e+02   4.71953681e-04
   3.46547857e+02   4.87274316e-04
   3.46548346e+02   1.19392651e-04
   3.46548834e+02  -1.87998987e-04
   3.46549322e+02  -8.97425998e-05
   3.46549810e+02   8.06148892e-05
   3.46550299e+02   1.06889180e-04
   3.46550787e+02   5.73832513e-05
   3.46551275e+02   5.26365909e-07
   3.46551764e+02  -3.51414456e-05
   3.46552252e+02  -1.09715809e-04
   3.46552740e+02  -1.20549434e-04
   3.46553229e+02  -4.01532670e-05
   3.46553717e+02  -3.54156437e-05
   3.46554205e+02  -9.14384582e-05
   3.46554694e+02   7.32222470e-05
   3.46555182e+02   4.81088937e-04
   3.46555670e+02   5.99343213e-04
   3.46556158e+02   2.13370993e-04
   3.46556647e+02  -3.57089506e-04
   3.46557135e+02  -6.56741438e-04
   3.46557623e+02  -4.38495277e-04
   3.46558112e+02  -1.17834992e-04
   3.46558600e+02  -1.24999904e-04
   3.46559088e+02  -2.31386613e-04
   3.46559577e+02  -1.83996322e-04
   3.46560065e+02  -1.12268508e-05
   3.46560553e+02   6.83924736e-05
   3.46561042e+02  -1.63223653e-04
   3.46561530e+02  -4.71772219e-04
   3.46562018e+02  -5.25693351e-04
   3.46562506e+02  -5.41972637e-04
   3.46562995e+02  -6.12161763e-04
   3.46563483e+02  -5.68502699e-04
   3.46563971e+02  -4.82876756e-04
   3.46564460e+02  -5.04532363e-04
   3.46564948e+02  -4.21701494e-04
   3.46565436e+02  -4.83949179e-06
   3.46565925e+02   2.80028296e-04
   3.46566413e+02   7.00312448e-05
   3.46566901e+02  -1.07080567e-04
   3.46567390e+02  -4.33453715e-05
   3.46567878e+02   5.80524356e-05
   3.46568366e+02   2.31933736e-04
   3.46568854e+02   1.11016947e-04
   3.46569343e+02  -2.20192873e-04
   3.46569831e+02  -2.28107077e-04
   3.46570319e+02  -1.95731802e-04
   3.46570808e+02  -2.32202030e-04
   3.46571296e+02  -1.44711623e-04
   3.46571784e+02  -2.30466030e-04
   3.46572273e+02  -4.02896083e-04
   3.46572761e+02  -2.92081008e-04
   3.46573249e+02  -1.29103311e-04
   3.46573738e+02  -1.44455364e-04
   3.46574226e+02  -1.97368005e-04
   3.46574714e+02  -2.04466764e-04
   3.46575202e+02   1.30521184e-05
   3.46575691e+02   3.51003546e-04
   3.46576179e+02   4.47369006e-04
   3.46576667e+02   4.32227505e-04
   3.46577156e+02   2.20618531e-04
   3.46577644e+02  -2.27604556e-04
   3.46578132e+02  -3.92751070e-04
   3.46578621e+02  -2.63913913e-04
   3.46579109e+02  -1.02006648e-04
   3.46579597e+02   1.31139706e-04
   3.46580086e+02   4.11867717e-04
   3.46580574e+02   6.30311610e-04
   3.46581062e+02   7.04856124e-04
   3.46581550e+02   5.54932165e-04
   3.46582039e+02   2.60048313e-04
   3.46582527e+02   1.07675885e-04
   3.46583015e+02   2.82881112e-04
   3.46583504e+02   3.15868150e-04
   3.46583992e+02   2.52135214e-04
   3.46584480e+02   4.94833395e-04
   3.46584969e+02   6.68263528e-04
   3.46585457e+02   3.63846717e-04
   3.46585945e+02   1.75009300e-05
   3.46586434e+02   1.25750055e-04
   3.46586922e+02   3.94763512e-04
   3.46587410e+02   4.81016003e-04
   3.46587899e+02   3.34454351e-04
   3.46588387e+02   9.91975758e-05
   3.46588875e+02   1.70354702e-04
   3.46589363e+02   4.37337934e-04
   3.46589852e+02   4.03823506e-04
   3.46590340e+02   1.25508304e-04
   3.46590828e+02  -9.30694368e-05
   3.46591317e+02  -1.90051840e-04
   3.46591805e+02  -2.04469528e-04
   3.46592293e+02  -1.55634407e-04
   3.46592782e+02  -1.59268529e-04
   3.46593270e+02  -1.37547002e-04
   3.46593758e+02   6.95776835e-05
   3.46594247e+02   3.77378659e-04
   3.46594735e+02   4.62382537e-04
   3.46595223e+02   1.40671546e-04
   3.46595711e+02  -1.87326630e-04
   3.46596200e+02  -2.45592935e-04
   3.46596688e+02  -1.02274498e-04
   3.46597176e+02   1.01713966e-04
   3.46597665e+02   4.39466312e-05
   3.46598153e+02  -7.40242240e-06
   3.46598641e+02   3.48781905e-04
   3.46599130e+02   6.10405579e-04
   3.46599618e+02   3.94748087e-04
   3.46600106e+02   9.94054517e-07
   3.46600595e+02  -1.53327244e-04
   3.46601083e+02  -3.27299972e-06
   3.46601571e+02   2.23771392e-04
   3.46602059e+02   4.77419206e-04
   3.46602548e+02   6.66424283e-04
   3.46603036e+02   6.59417245e-04
   3.46603524e+02   5.41860994e-04
   3.46604013e+02   4.00907767e-04
   3.46604501e+02   2.45573348e-04
   3.46604989e+02  -3.75061536e-05
   3.46605478e+02  -4.39765863e-04
   3.46605966e+02  -5.22499322e-04
   3.46606454e+02  -1.55460264e-04
   3.46606943e+02   1.97957779e-04
   3.46607431e+02   3.54262331e-04
   3.46607919e+02   4.26717335e-04
   3.46608407e+02   2.66035204e-04
   3.46608896e+02   4.52063177e-05
   3.46609384e+02   7.12451874e-05
   3.46609872e+02  -1.73118260e-05
   3.46610361e+02  -3.96666670e-04
   3.46610849e+02  -6.18304999e-04
   3.46611337e+02  -4.52105043e-04
   3.46611826e+02  -2.10425482e-04
   3.46612314e+02  -2.62937276e-04
   3.46612802e+02  -5.61124820e-04
   3.46613291e+02  -7.78120942e-04
   3.46613779e+02  -6.76196825e-04
   3.46614267e+02  -3.25230358e-04
   3.46614755e+02   4.98746740e-05
   3.46615244e+02   2.85837596e-04
   3.46615732e+02   4.32714616e-04
   3.46616220e+02   4.31062275e-04
   3.46616709e+02   2.16477609e-04
   3.46617197e+02   1.47354134e-04
   3.46617685e+02   2.07582067e-04
   3.46618174e+02  -7.07556910e-06
   3.46618662e+02  -3.76346492e-04
   3.46619150e+02  -5.66096918e-04
   3.46619639e+02  -4.78227041e-04
   3.46620127e+02  -3.31992487e-04
   3.46620615e+02  -3.25884437e-04
   3.46621103e+02  -1.88313250e-04
   3.46621592e+02  -1.18781318e-04
   3.46622080e+02  -3.62675200e-04
   3.46622568e+02  -1.34051792e-04
   3.46623057e+02   5.09502075e-04
   3.46623545e+02   7.24685087e-04
   3.46624033e+02   7.96800130e-04
   3.46624522e+02   8.43711139e-04
   3.46625010e+02   4.94227046e-04
   3.46625498e+02   6.82486279e-05
   3.46625987e+02  -1.98468275e-04
   3.46626475e+02  -3.03051900e-04
   3.46626963e+02  -3.99555342e-04
   3.46627452e+02  -6.68134715e-04
   3.46627940e+02  -7.74966786e-04
   3.46628428e+02  -6.77029369e-04
   3.46628916e+02  -5.79814834e-04
   3.46629405e+02  -5.62203408e-04
   3.46629893e+02  -5.39674133e-04
   3.46630381e+02  -3.18586623e-04
   3.46630870e+02  -1.71155159e-04
   3.46631358e+02  -1.28912870e-04
   3.46631846e+02   1.61639487e-04
   3.46632335e+02   3.74672585e-04
   3.46632823e+02   2.27966273e-04
   3.46633311e+02   9.77881209e-05
   3.46633800e+02   3.36735102e-05
   3.46634288e+02  -5.95615311e-05
   3.46634776e+02  -1.19809215e-06
   3.46635264e+02   3.12782649e-05
   3.46635753e+02  -7.31566324e-05
   3.46636241e+02   7.62708878e-05
   3.46636729e+02   5.23946655e-04
   3.46637218e+02   6.46277214e-04
   3.46637706e+02   3.24223802e-04
   3.46638194e+02   2.39479486e-04
   3.46638683e+02   6.11246505e-04
   3.46639171e+02   8.51804274e-04
   3.46639659e+02   6.62026694e-04
   3.46640148e+02   4.10406356e-04
   3.46640636e+02   2.28391800e-04
   3.46641124e+02   1.51400332e-06
   3.46641612e+02  -1.63097109e-04
   3.46642101e+02  -2.99425970e-04
   3.46642589e+02  -3.34254699e-04
   3.46643077e+02  -1.95816858e-04
   3.46643566e+02  -1.60667434e-04
   3.46644054e+02  -2.18115194e-04
   3.46644542e+02  -3.27688176e-04
   3.46645031e+02  -5.22166491e-04
   3.46645519e+02  -4.14903363e-04
   3.46646007e+02  -1.43494879e-04
   3.46646496e+02  -3.96047544e-05
   3.46646984e+02   1.78526621e-04
   3.46647472e+02   2.94979603e-04
   3.46647960e+02  -2.55547529e-05
   3.46648449e+02  -1.79805109e-04
   3.46648937e+02   1.90524224e-05
   3.46649425e+02  -2.63436723e-05
   3.46649914e+02  -1.84087505e-04
   3.46650402e+02  -6.23545532e-07
   3.46650890e+02   2.70612742e-04
   3.46651379e+02   2.12914238e-04
   3.46651867e+02  -1.22649624e-04
   3.46652355e+02  -2.57622101e-04
   3.46652844e+02  -1.12689981e-04
   3.46653332e+02  -7.09196465e-05
   3.46653820e+02  -9.62530030e-05
   3.46654308e+02  -8.20292917e-05
   3.46654797e+02  -2.27885699e-04
   3.46655285e+02  -4.09681816e-04
   3.46655773e+02  -3.56251694e-04
   3.46656262e+02  -2.55144463e-04
   3.46656750e+02  -2.53483886e-04
   3.46657238e+02  -2.00244729e-04
   3.46657727e+02  -1.67173785e-04
   3.46658215e+02  -9.86970263e-05
   3.46658703e+02   1.04625207e-04
   3.46659192e+02   1.62905577e-04
   3.46659680e+02   6.87737702e-05
   3.46660168e+02   5.70697266e-05
   3.46660656e+02  -2.20961490e-04
   3.46661145e+02  -9.40989354e-04
   3.46661633e+02  -1.08075619e-03
   3.46662121e+02  -4.85816185e-04
   3.46662610e+02  -1.75701731e-04
   3.46663098e+02  -1.00043893e-04
   3.46663586e+02   1.70125626e-04
   3.46664075e+02   4.68866201e-04
   3.46664563e+02   4.52225708e-04
   3.46665051e+02   4.60640367e-05
   3.46665540e+02  -3.10735108e-04
   3.46666028e+02  -4.94138279e-04
   3.46666516e+02  -6.39705744e-04
   3.46667005e+02  -5.96247613e-04
   3.46667493e+02  -3.78228695e-04
   3.46667981e+02  -4.91517712e-05
   3.46668469e+02   3.20496620e-04
   3.46668958e+02   4.83643875e-04
   3.46669446e+02   4.51653585e-04
   3.46669934e+02   2.88346433e-04
   3.46670423e+02   2.02435494e-05
   3.46670911e+02  -5.61980996e-05
   3.46671399e+02   1.48062769e-04
   3.46671888e+02   3.82117927e-04
   3.46672376e+02   3.21675092e-04
   3.46672864e+02  -4.62609423e-05
   3.46673353e+02  -3.86640604e-04
   3.46673841e+02  -4.89171769e-04
   3.46674329e+02  -3.20506777e-04
   3.46674817e+02  -9.54236166e-05
   3.46675306e+02  -3.15371544e-05
   3.46675794e+02  -1.44369362e-04
   3.46676282e+02  -3.16918653e-04
   3.46676771e+02  -3.14923323e-04
   3.46677259e+02  -2.83058471e-04
   3.46677747e+02  -3.97608499e-04
   3.46678236e+02  -4.00623918e-04
   3.46678724e+02  -1.13991046e-04
   3.46679212e+02   2.69914541e-04
   3.46679701e+02   3.02819069e-04
   3.46680189e+02   2.08268339e-05
   3.46680677e+02  -1.05642241e-04
   3.46681165e+02  -1.83060314e-04
   3.46681654e+02  -3.44615721e-04
   3.46682142e+02  -9.82187994e-05
   3.46682630e+02   5.40915178e-04
   3.46683119e+02   7.64112046e-04
   3.46683607e+02   2.75095372e-04
   3.46684095e+02  -2.63539259e-04
   3.46684584e+02  -1.87232348e-04
   3.46685072e+02   1.82661737e-04
   3.46685560e+02   1.88033344e-04
   3.46686049e+02   4.14597380e-05
   3.46686537e+02   1.56543436e-04
   3.46687025e+02   2.38214794e-04
   3.46687513e+02   5.89346491e-05
   3.46688002e+02  -5.64765724e-05
   3.46688490e+02   1.77551294e-04
   3.46688978e+02   5.55717153e-04
   3.46689467e+02   4.75089822e-04
   3.46689955e+02  -3.63570962e-06
   3.46690443e+02  -1.63083037e-04
   3.46690932e+02  -1.26653060e-04
   3.46691420e+02  -2.58847082e-04
   3.46691908e+02  -7.97668908e-05
   3.46692397e+02   4.10355424e-04
   3.46692885e+02   4.75777866e-04
   3.46693373e+02   2.21503185e-04
   3.46693861e+02   1.30172106e-04
   3.46694350e+02   1.81526557e-04
   3.46694838e+02   2.44833645e-04
   3.46695326e+02   1.65002726e-04
   3.46695815e+02  -1.22703796e-05
   3.46696303e+02  -2.75376835e-04
   3.46696791e+02  -6.53347059e-04
   3.46697280e+02  -7.78439920e-04
   3.46697768e+02  -4.61740943e-04
   3.46698256e+02  -1.69617939e-04
   3.46698745e+02  -2.86855502e-04
   3.46699233e+02  -3.17744067e-04
   3.46699721e+02   8.88689174e-05
   3.46700209e+02   6.39016216e-04
   3.46700698e+02   9.40670550e-04
   3.46701186e+02   7.48806633e-04
   3.46701674e+02   4.19279444e-04
   3.46702163e+02   4.49592189e-04
   3.46702651e+02   4.72687505e-04
   3.46703139e+02   4.25547420e-04
   3.46703628e+02   5.23211958e-04
   3.46704116e+02   4.57774324e-04
   3.46704604e+02   3.17008322e-04
   3.46705093e+02   1.06917490e-04
   3.46705581e+02  -2.61563953e-04
   3.46706069e+02  -3.97537806e-04
   3.46706558e+02  -3.42945947e-04
   3.46707046e+02  -3.27849528e-04
   3.46707534e+02  -1.74264977e-04
   3.46708022e+02   7.36983202e-05
   3.46708511e+02   1.70542597e-04
   3.46708999e+02   1.58854498e-04
   3.46709487e+02   1.69277206e-04
   3.46709976e+02   2.60907807e-04
   3.46710464e+02   3.42514890e-04
   3.46710952e+02   1.86807156e-04
   3.46711441e+02   9.82672191e-06
   3.46711929e+02  -6.63065948e-05
   3.46712417e+02  -4.34223221e-05
   3.46712906e+02   1.57069648e-04
   3.46713394e+02   1.38965901e-04
   3.46713882e+02  -5.03566444e-05
   3.46714370e+02  -1.70743260e-05
   3.46714859e+02   1.70243038e-05
   3.46715347e+02  -5.94812554e-05
   3.46715835e+02  -4.32755005e-05
   3.46716324e+02  -5.79087282e-05
   3.46716812e+02  -1.61158139e-04
   3.46717300e+02  -4.33191271e-05
   3.46717789e+02   8.59290667e-05
   3.46718277e+02   4.59081857e-05
   3.46718765e+02   1.05526196e-04
   3.46719254e+02   7.70883780e-05
   3.46719742e+02  -1.58101044e-04
   3.46720230e+02  -2.31196376e-04
   3.46720718e+02  -5.66794006e-05
   3.46721207e+02   1.65984820e-04
   3.46721695e+02   2.03326563e-04
   3.46722183e+02   3.45907247e-05
   3.46722672e+02  -1.02318052e-04
   3.46723160e+02   2.71706958e-05
   3.46723648e+02   2.40494162e-04
   3.46724137e+02   1.74047178e-04
   3.46724625e+02  -5.98979350e-05
   3.46725113e+02  -1.76952730e-04
   3.46725602e+02  -8.27066833e-05
   3.46726090e+02  -2.61438690e-04
   3.46726578e+02  -8.16660060e-04
   3.46727066e+02  -8.89620278e-04
   3.46727555e+02  -6.20512292e-04
   3.46728043e+02  -5.66939765e-04
   3.46728531e+02  -5.45079121e-04
   3.46729020e+02  -5.23189839e-04
   3.46729508e+02  -4.55149944e-04
   3.46729996e+02  -2.09751688e-05
   3.46730485e+02   4.33132518e-04
   3.46730973e+02   5.09078498e-04
   3.46731461e+02   5.55021223e-04
   3.46731950e+02   5.17654407e-04
   3.46732438e+02   3.55953089e-04
   3.46732926e+02   3.62472230e-04
   3.46733414e+02   4.01300349e-04
   3.46733903e+02   4.56087204e-04
   3.46734391e+02   4.69104416e-04
   3.46734879e+02   3.41133971e-04
   3.46735368e+02   1.91494473e-04
   3.46735856e+02  -6.93329348e-05
   3.46736344e+02  -2.29071738e-04
   3.46736833e+02  -1.24925442e-04
   3.46737321e+02  -2.19468217e-04
   3.46737809e+02  -4.31190594e-04
   3.46738298e+02  -4.14373149e-04
   3.46738786e+02  -3.71702685e-04
   3.46739274e+02  -1.87313737e-04
   3.46739762e+02  -1.01221422e-05
   3.46740251e+02  -2.30871141e-04
   3.46740739e+02  -4.58897528e-04
   3.46741227e+02  -5.01421106e-04
   3.46741716e+02  -4.15798568e-04
   3.46742204e+02  -1.72329470e-04
   3.46742692e+02   6.92491521e-05
   3.46743181e+02   1.46784087e-05
   3.46743669e+02  -1.26093117e-04
   3.46744157e+02   9.70122856e-05
   3.46744646e+02   1.82642354e-04
   3.46745134e+02   1.74567340e-05
   3.46745622e+02   1.87652287e-04
   3.46746111e+02   3.25412024e-04
   3.46746599e+02   8.03657749e-05
   3.46747087e+02   5.43612332e-05
   3.46747575e+02   3.50544724e-04
   3.46748064e+02   4.75193083e-04
   3.46748552e+02   2.30746897e-04
   3.46749040e+02  -1.99818343e-04
   3.46749529e+02  -3.47592781e-04
   3.46750017e+02  -7.86979799e-05
   3.46750505e+02   2.45164760e-04
   3.46750994e+02   3.64070729e-04
   3.46751482e+02   2.38896057e-04
   3.46751970e+02   9.91832530e-06
   3.46752459e+02  -2.10323036e-04
   3.46752947e+02  -2.78510823e-04
   3.46753435e+02  -7.94452426e-05
   3.46753923e+02   1.54890324e-04
   3.46754412e+02   1.95755681e-04
   3.46754900e+02   9.64318897e-05
   3.46755388e+02   1.94441760e-04
   3.46755877e+02   3.98280477e-04
   3.46756365e+02   3.55421915e-04
   3.46756853e+02   3.73460789e-04
   3.46757342e+02   4.42402496e-04
   3.46757830e+02   2.87441275e-04
   3.46758318e+02  -3.58934522e-05
   3.46758807e+02  -3.60933220e-04
   3.46759295e+02  -2.58600834e-04
   3.46759783e+02   4.52016029e-05
   3.46760271e+02   4.68147118e-06
   3.46760760e+02  -3.70038906e-04
   3.46761248e+02  -6.24844339e-04
   3.46761736e+02  -6.19391445e-04
   3.46762225e+02  -6.54724601e-04
   3.46762713e+02  -6.63354818e-04
   3.46763201e+02  -4.69488470e-04
   3.46763690e+02  -2.63675203e-04
   3.46764178e+02  -2.27542405e-04
   3.46764666e+02  -2.25931624e-04
   3.46765155e+02  -9.30439492e-05
   3.46765643e+02   6.03681947e-05
   3.46766131e+02   1.19355384e-04
   3.46766619e+02   1.94432956e-04
   3.46767108e+02   1.57622329e-04
   3.46767596e+02  -2.73468700e-04
   3.46768084e+02  -5.86155104e-04
   3.46768573e+02  -3.96535645e-04
   3.46769061e+02  -1.09948822e-04
   3.46769549e+02  -3.26074114e-05
   3.46770038e+02  -2.04036129e-04
   3.46770526e+02  -4.10159933e-04
   3.46771014e+02  -3.72052338e-04
   3.46771503e+02  -2.39400062e-04
   3.46771991e+02  -3.33957432e-04
   3.46772479e+02  -4.46172286e-04
   3.46772967e+02  -1.98182868e-04
   3.46773456e+02   1.15201670e-04
   3.46773944e+02   2.45554198e-04
   3.46774432e+02   5.18823043e-04
   3.46774921e+02   8.33174272e-04
   3.46775409e+02   8.31311627e-04
   3.46775897e+02   3.61756916e-04
   3.46776386e+02  -3.11813579e-04
   3.46776874e+02  -6.31878967e-04
   3.46777362e+02  -3.71911359e-04
   3.46777851e+02   1.06826272e-04
   3.46778339e+02   1.44795937e-04
   3.46778827e+02  -1.75904148e-04
   3.46779315e+02  -3.96229443e-04
   3.46779804e+02  -4.91796935e-04
   3.46780292e+02  -3.42181447e-04
   3.46780780e+02  -5.36710577e-05
   3.46781269e+02   1.78888746e-04
   3.46781757e+02   4.34070360e-04
   3.46782245e+02   6.38242112e-04
   3.46782734e+02   6.62470411e-04
   3.46783222e+02   5.02486539e-04
   3.46783710e+02   3.11697047e-04
   3.46784199e+02   2.92936398e-04
   3.46784687e+02   1.08674416e-04
   3.46785175e+02  -3.79569799e-04
   3.46785664e+02  -5.56482526e-04
   3.46786152e+02  -2.74458929e-04
   3.46786640e+02  -8.48669952e-05
   3.46787128e+02  -2.54895596e-04
   3.46787617e+02  -5.10095153e-04
   3.46788105e+02  -5.47969539e-04
   3.46788593e+02  -3.24344670e-04
   3.46789082e+02  -7.51421394e-05
   3.46789570e+02  -3.15838624e-05
   3.46790058e+02  -1.53833636e-04
   3.46790547e+02  -2.57003732e-04
   3.46791035e+02  -1.17523610e-04
   3.46791523e+02   3.32443306e-04
   3.46792012e+02   6.73931150e-04
   3.46792500e+02   4.89604659e-04
   3.46792988e+02   5.82326720e-05
   3.46793476e+02  -2.53389648e-04
   3.46793965e+02  -4.32270986e-04
   3.46794453e+02  -3.99937446e-04
   3.46794941e+02  -1.12064961e-04
   3.46795430e+02   1.47134066e-04
   3.46795918e+02   2.81344343e-04
   3.46796406e+02   4.21060307e-04
   3.46796895e+02   4.83304524e-04
   3.46797383e+02   5.02192124e-04
   3.46797871e+02   4.93582804e-04
   3.46798360e+02   3.08016140e-04
   3.46798848e+02   6.25235480e-05
   3.46799336e+02   8.65870334e-07
   3.46799824e+02   1.31379376e-04
   3.46800313e+02   2.00252558e-04
   3.46800801e+02   1.63360746e-04
   3.46801289e+02   5.55866536e-05
   3.46801778e+02  -2.89602729e-04
   3.46802266e+02  -4.95583750e-04
   3.46802754e+02  -3.01996566e-04
   3.46803243e+02  -1.81322321e-04
   3.46803731e+02  -6.41478036e-05
   3.46804219e+02   6.75095944e-05
   3.46804708e+02  -1.76735586e-04
   3.46805196e+02  -5.16538334e-04
   3.46805684e+02  -6.38503523e-04
   3.46806172e+02  -2.96644197e-04
   3.46806661e+02   3.32241558e-04
   3.46807149e+02   3.71553062e-04
   3.46807637e+02   2.26124139e-05
   3.46808126e+02  -7.22895056e-05
   3.46808614e+02  -9.24277265e-05
   3.46809102e+02  -1.96975980e-05
   3.46809591e+02   9.06833229e-05
   3.46810079e+02  -3.05977337e-05
   3.46810567e+02  -1.46065577e-04
   3.46811056e+02  -4.60199990e-05
   3.46811544e+02   6.17306359e-05
   3.46812032e+02   9.78383177e-05
   3.46812520e+02   1.75120847e-04
   3.46813009e+02   7.94887965e-05
   3.46813497e+02  -1.26118772e-04
   3.46813985e+02  -5.80988526e-05
   3.46814474e+02   9.12091637e-05
   3.46814962e+02   1.67088408e-04
   3.46815450e+02   2.14266853e-04
   3.46815939e+02   1.44195001e-04
   3.46816427e+02   2.20241327e-05
   3.46816915e+02   7.76658926e-05
   3.46817404e+02   4.14724083e-04
   3.46817892e+02   4.03701852e-04
   3.46818380e+02  -1.13457179e-04
   3.46818868e+02  -4.87449492e-04
   3.46819357e+02  -4.63614124e-04
   3.46819845e+02   1.23911013e-06
   3.46820333e+02   4.72784974e-04
   3.46820822e+02   1.81004449e-04
   3.46821310e+02  -5.33984683e-04
   3.46821798e+02  -8.40938068e-04
   3.46822287e+02  -8.99513077e-04
   3.46822775e+02  -8.59762833e-04
   3.46823263e+02  -4.72685817e-04
   3.46823752e+02  -5.44138129e-05
   3.46824240e+02   6.03685075e-05
   3.46824728e+02   4.59169496e-05
   3.46825217e+02   5.58523898e-05
   3.46825705e+02   1.07169413e-04
   3.46826193e+02   1.06416919e-04
   3.46826681e+02  -1.53864268e-04
   3.46827170e+02  -4.09429776e-04
   3.46827658e+02  -1.47339917e-04
   3.46828146e+02   1.41791417e-04
   3.46828635e+02  -1.42935794e-04
   3.46829123e+02  -4.81551513e-04
   3.46829611e+02  -2.58794433e-04
   3.46830100e+02   4.47344966e-04
   3.46830588e+02   8.11437494e-04
   3.46831076e+02   4.19823773e-04
   3.46831565e+02   1.49195243e-04
   3.46832053e+02   2.02654512e-04
   3.46832541e+02   1.81976884e-05
   3.46833029e+02  -1.30403510e-04
   3.46833518e+02   9.23902917e-05
   3.46834006e+02   3.71427566e-04
   3.46834494e+02   3.20005085e-04
   3.46834983e+02  -4.46471568e-05
   3.46835471e+02  -2.68594507e-04
   3.46835959e+02   1.57045870e-05
   3.46836448e+02   3.65318701e-04
   3.46836936e+02   2.82764871e-04
   3.46837424e+02   4.84764678e-06
   3.46837913e+02  -3.67167202e-04
   3.46838401e+02  -4.99345828e-04
   3.46838889e+02  -1.22237807e-05
   3.46839377e+02   4.34954301e-04
   3.46839866e+02   4.20796801e-04
   3.46840354e+02   2.65492941e-04
   3.46840842e+02  -5.28353230e-05
   3.46841331e+02  -5.68732736e-04
   3.46841819e+02  -5.75530517e-04
   3.46842307e+02  -5.44696959e-05
   3.46842796e+02   1.82132819e-04
   3.46843284e+02   2.19018111e-04
   3.46843772e+02   3.12423188e-04
   3.46844261e+02   1.39907366e-04
   3.46844749e+02  -4.20354190e-05
   3.46845237e+02   1.46280465e-04
   3.46845725e+02   1.66597543e-04
   3.46846214e+02  -2.35802218e-05
   3.46846702e+02   1.86061981e-04
   3.46847190e+02   3.98124714e-04
   3.46847679e+02   1.71373307e-04
   3.46848167e+02   6.62690945e-05
   3.46848655e+02   1.45398168e-04
   3.46849144e+02  -1.21449993e-04
   3.46849632e+02  -5.46124997e-04
   3.46850120e+02  -5.99775114e-04
   3.46850609e+02  -4.08010092e-04
   3.46851097e+02  -2.52596219e-04
   3.46851585e+02   1.09840490e-04
   3.46852073e+02   5.34684863e-04
   3.46852562e+02   4.94637818e-04
   3.46853050e+02   2.49897712e-04
   3.46853538e+02   3.16118931e-05
   3.46854027e+02  -1.47300016e-04
   3.46854515e+02  -1.59241623e-04
   3.46855003e+02  -1.27302657e-04
   3.46855492e+02  -1.45778438e-04
   3.46855980e+02  -1.20471232e-04
   3.46856468e+02   5.24100960e-06
   3.46856957e+02   3.94925373e-05
   3.46857445e+02  -1.64634243e-04
   3.46857933e+02  -2.11644292e-04
   3.46858421e+02   2.21109585e-04
   3.46858910e+02   6.13267126e-04
   3.46859398e+02   5.10444108e-04
   3.46859886e+02   2.57647858e-04
   3.46860375e+02   1.49935120e-04
   3.46860863e+02   1.24065875e-04
   3.46861351e+02   1.31827430e-04
   3.46861840e+02   2.56237545e-04
   3.46862328e+02   5.70034725e-04
   3.46862816e+02   7.24443526e-04
   3.46863305e+02   6.14253047e-04
   3.46863793e+02   6.88941975e-04
   3.46864281e+02   7.17857329e-04
   3.46864770e+02   3.57372861e-04
   3.46865258e+02   7.31158798e-05
   3.46865746e+02   8.80969819e-05
   3.46866234e+02   2.50393292e-04
   3.46866723e+02   4.12487250e-04
   3.46867211e+02   3.65543470e-04
   3.46867699e+02   3.25796107e-04
   3.46868188e+02   3.29330069e-04
   3.46868676e+02   1.58491617e-04
   3.46869164e+02  -4.09000495e-05
   3.46869653e+02  -1.58798546e-04
   3.46870141e+02  -1.01558158e-04
   3.46870629e+02   7.39832030e-05
   3.46871118e+02   8.11667051e-05
   3.46871606e+02  -4.42292912e-05
   3.46872094e+02  -1.40962424e-04
   3.46872582e+02  -1.31850160e-04
   3.46873071e+02   3.30691801e-05
   3.46873559e+02   1.67199047e-04
   3.46874047e+02   1.48563951e-04
   3.46874536e+02   8.24451345e-05
   3.46875024e+02  -9.77367235e-05
   3.46875512e+02  -3.43873369e-04
   3.46876001e+02  -2.22887655e-04
   3.46876489e+02  -6.79025397e-05
   3.46876977e+02  -8.23938681e-05
   3.46877466e+02  -3.65056731e-05
   3.46877954e+02  -5.06090037e-05
   3.46878442e+02  -5.10091850e-05
   3.46878930e+02  -2.04837692e-04
   3.46879419e+02  -4.44150268e-04
   3.46879907e+02  -2.93123216e-04
   3.46880395e+02  -1.40157121e-04
   3.46880884e+02  -2.19739712e-04
   3.46881372e+02  -1.38990203e-04
   3.46881860e+02  -4.39270952e-05
   3.46882349e+02  -5.54084500e-06
   3.46882837e+02   3.14764766e-05
   3.46883325e+02  -2.76983716e-04
   3.46883814e+02  -6.82022306e-04
   3.46884302e+02  -5.08201367e-04
   3.46884790e+02   8.58125859e-05
   3.46885278e+02   3.97995726e-04
   3.46885767e+02   2.96287064e-04
   3.46886255e+02   5.23995986e-05
   3.46886743e+02  -5.83538131e-05
   3.46887232e+02  -8.82308887e-05
   3.46887720e+02  -3.08138755e-04
   3.46888208e+02  -4.42914112e-04
   3.46888697e+02  -3.66212538e-04
   3.46889185e+02  -4.79416311e-04
   3.46889673e+02  -6.05316251e-04
   3.46890162e+02  -2.37727203e-04
   3.46890650e+02   2.75900180e-04
   3.46891138e+02   3.60811449e-04
   3.46891626e+02   2.13494422e-04
   3.46892115e+02   1.77982714e-04
   3.46892603e+02   2.07648685e-04
   3.46893091e+02   1.06163985e-04
   3.46893580e+02  -1.37133402e-05
   3.46894068e+02   1.56289170e-04
   3.46894556e+02   3.70927155e-04
   3.46895045e+02   3.08964460e-04
   3.46895533e+02   3.01786291e-04
   3.46896021e+02   4.80064045e-04
   3.46896510e+02   5.68168180e-04
   3.46896998e+02   3.73088493e-04
   3.46897486e+02  -5.99822670e-06
   3.46897974e+02  -1.29051245e-04
   3.46898463e+02   2.14963467e-04
   3.46898951e+02   6.90529181e-04
   3.46899439e+02   7.96503737e-04
   3.46899928e+02   4.84410557e-04
   3.46900416e+02   1.88307691e-04
   3.46900904e+02   2.18964502e-04
   3.46901393e+02   4.92480875e-04
   3.46901881e+02   5.24418196e-04
   3.46902369e+02   2.99011968e-04
   3.46902858e+02   2.10558239e-04
   3.46903346e+02   1.16772579e-04
   3.46903834e+02  -1.49675499e-04
   3.46904323e+02  -4.22118901e-04
   3.46904811e+02  -3.63350380e-04
   3.46905299e+02  -2.44512572e-04
   3.46905787e+02  -5.50312223e-04
   3.46906276e+02  -5.47397882e-04
   3.46906764e+02  -2.09228656e-05
   3.46907252e+02   2.54888553e-04
   3.46907741e+02   2.46367010e-04
   3.46908229e+02   2.92805693e-04
   3.46908717e+02   3.10283562e-04
   3.46909206e+02   5.66231574e-05
   3.46909694e+02  -2.74332793e-04
   3.46910182e+02  -2.73259269e-04
   3.46910671e+02  -1.17851669e-05
   3.46911159e+02   5.61800734e-05
   3.46911647e+02  -1.41468205e-04
   3.46912135e+02  -2.11952705e-04
   3.46912624e+02  -8.06355019e-05
   3.46913112e+02  -1.14735398e-04
   3.46913600e+02  -3.17706959e-04
   3.46914089e+02  -4.15850402e-04
   3.46914577e+02  -4.30694490e-04
   3.46915065e+02  -3.79029370e-04
   3.46915554e+02  -2.91209552e-04
   3.46916042e+02  -3.42716259e-04
   3.46916530e+02  -3.52426752e-04
   3.46917019e+02  -2.54703336e-04
   3.46917507e+02  -4.40375035e-04
   3.46917995e+02  -7.07625994e-04
   3.46918483e+02  -5.81473112e-04
   3.46918972e+02  -3.62571882e-04
   3.46919460e+02  -3.58053716e-04
   3.46919948e+02  -2.60217465e-04
   3.46920437e+02  -3.38069844e-06
   3.46920925e+02   1.05729523e-04
   3.46921413e+02  -5.22190094e-05
   3.46921902e+02  -3.56900186e-04
   3.46922390e+02  -4.58017021e-04
   3.46922878e+02  -3.52033239e-04
   3.46923367e+02  -1.89006169e-04
   3.46923855e+02  -1.43413454e-05
   3.46924343e+02   2.52002746e-06
   3.46924831e+02  -1.61641656e-04
   3.46925320e+02  -2.11369028e-04
   3.46925808e+02  -8.81605301e-05
   3.46926296e+02  -1.26960644e-04
   3.46926785e+02  -2.72628124e-04
   3.46927273e+02  -2.91681034e-04
   3.46927761e+02  -3.08065180e-04
   3.46928250e+02  -3.72024777e-04
   3.46928738e+02  -3.38579179e-04
   3.46929226e+02  -1.30202461e-04
   3.46929715e+02  -5.81873464e-05
   3.46930203e+02  -3.55123571e-04
   3.46930691e+02  -5.76396647e-04
   3.46931179e+02  -4.41534328e-04
   3.46931668e+02  -2.85970396e-04
   3.46932156e+02  -3.03620298e-04
   3.46932644e+02  -2.10188780e-04
   3.46933133e+02   1.00936079e-04
   3.46933621e+02   2.72350910e-04
   3.46934109e+02   3.21101397e-04
   3.46934598e+02   2.52170139e-04
   3.46935086e+02  -3.39797443e-05
   3.46935574e+02  -5.14149142e-05
   3.46936063e+02   2.20960370e-04
   3.46936551e+02   2.22525443e-04
   3.46937039e+02   6.29946881e-05
   3.46937527e+02   7.50377353e-07
   3.46938016e+02  -4.78129732e-05
   3.46938504e+02   2.06535515e-05
   3.46938992e+02   1.93090033e-04
   3.46939481e+02   2.80043925e-04
   3.46939969e+02   4.04059043e-04
   3.46940457e+02   3.78980214e-04
   3.46940946e+02   1.76472531e-05
   3.46941434e+02  -1.89203682e-04
   3.46941922e+02  -9.14524426e-05
   3.46942411e+02   1.33638925e-04
   3.46942899e+02   3.73222487e-04
   3.46943387e+02   4.60105919e-04
   3.46943876e+02   4.09527478e-04
   3.46944364e+02   1.09252636e-04
   3.46944852e+02  -4.13740287e-04
   3.46945340e+02  -4.98846697e-04
   3.46945829e+02  -2.16097178e-05
   3.46946317e+02   2.51979713e-04
   3.46946805e+02   3.52584948e-06
   3.46947294e+02  -1.61373537e-04
   3.46947782e+02   9.49786481e-05
   3.46948270e+02   2.67441210e-04
   3.46948759e+02   1.32447938e-04
   3.46949247e+02  -1.13935363e-04
   3.46949735e+02  -3.80936050e-04
   3.46950224e+02  -4.29262436e-04
   3.46950712e+02  -2.57018983e-04
   3.46951200e+02  -2.42140537e-04
   3.46951688e+02  -2.48839788e-04
   3.46952177e+02   5.85486559e-05
   3.46952665e+02   3.59928323e-04
   3.46953153e+02   2.66728428e-04
   3.46953642e+02  -2.99263738e-05
   3.46954130e+02  -4.98617082e-05
   3.46954618e+02   2.80876382e-04
   3.46955107e+02   5.46224474e-04
   3.46955595e+02   4.37994051e-04
   3.46956083e+02   3.51557392e-05
   3.46956572e+02  -2.02921889e-04
   3.46957060e+02   2.81083903e-05
   3.46957548e+02   2.55786319e-04
   3.46958036e+02   8.97210339e-05
   3.46958525e+02  -1.30759712e-04
   3.46959013e+02  -1.89680621e-04
   3.46959501e+02  -1.15819399e-04
   3.46959990e+02   1.47828760e-04
   3.46960478e+02   3.25459085e-04
   3.46960966e+02   2.11989580e-04
   3.46961455e+02   7.03026017e-05
   3.46961943e+02  -6.99246593e-05
   3.46962431e+02  -1.36602350e-04
   3.46962920e+02  -1.64153287e-04
   3.46963408e+02  -4.14448208e-04
   3.46963896e+02  -6.27309724e-04
   3.46964384e+02  -5.17001143e-04
   3.46964873e+02  -1.64023746e-04
   3.46965361e+02   1.25030303e-04
   3.46965849e+02   2.11345890e-04
   3.46966338e+02   2.75623868e-04
   3.46966826e+02   1.83515542e-04
   3.46967314e+02  -1.00901962e-04
   3.46967803e+02  -1.43530677e-04
   3.46968291e+02  -4.02028090e-05
   3.46968779e+02  -1.61632721e-04
   3.46969268e+02  -2.99109524e-04
   3.46969756e+02  -3.42171843e-04
   3.46970244e+02  -2.49723555e-04
   3.46970732e+02   5.55088955e-05
   3.46971221e+02   2.68264266e-04
   3.46971709e+02   4.04799153e-04
   3.46972197e+02   6.30580529e-04
   3.46972686e+02   5.51379053e-04
   3.46973174e+02   1.05529842e-04
   3.46973662e+02  -1.15706731e-04
   3.46974151e+02   1.00281162e-04
   3.46974639e+02   3.00603744e-04
   3.46975127e+02   1.64367622e-04
   3.46975616e+02  -1.36179224e-04
   3.46976104e+02  -3.73158691e-04
   3.46976592e+02  -3.50386137e-04
   3.46977080e+02  -1.76902060e-04
   3.46977569e+02  -1.46183622e-04
   3.46978057e+02  -2.82499735e-04
   3.46978545e+02  -6.08138100e-04
   3.46979034e+02  -8.42725509e-04
   3.46979522e+02  -5.89856063e-04
   3.46980010e+02  -1.69653023e-04
   3.46980499e+02   2.11886349e-04
   3.46980987e+02   5.83586516e-04
   3.46981475e+02   5.98015264e-04
   3.46981964e+02   4.34572168e-04
   3.46982452e+02   3.79273843e-04
   3.46982940e+02   2.29774436e-04
   3.46983428e+02   1.13406204e-05
   3.46983917e+02  -1.34021553e-04
   3.46984405e+02  -1.90291448e-05
   3.46984893e+02   2.63952563e-04
   3.46985382e+02   2.59482564e-04
   3.46985870e+02   7.59850718e-06
   3.46986358e+02  -6.58067802e-05
   3.46986847e+02   1.85161625e-04
   3.46987335e+02   4.82823874e-04
   3.46987823e+02   5.44502574e-04
   3.46988312e+02   4.79289098e-04
   3.46988800e+02   2.58687302e-04
   3.46989288e+02  -5.53924328e-05
   3.46989777e+02  -1.29389518e-04
   3.46990265e+02   6.05534588e-05
   3.46990753e+02   3.02662374e-04
   3.46991241e+02   4.34239570e-04
   3.46991730e+02   5.98562183e-04
   3.46992218e+02   7.97998102e-04
   3.46992706e+02   6.65032829e-04
   3.46993195e+02  -7.11134926e-05
   3.46993683e+02  -6.93678507e-04
   3.46994171e+02  -6.70231879e-04
   3.46994660e+02  -3.68248933e-04
   3.46995148e+02  -1.77537833e-04
   3.46995636e+02   1.61994558e-05
   3.46996125e+02   5.09711799e-06
   3.46996613e+02  -2.62829068e-04
   3.46997101e+02  -3.20130290e-04
   3.46997589e+02  -3.50681454e-04
   3.46998078e+02  -5.07661316e-04
   3.46998566e+02  -4.27888561e-04
   3.46999054e+02  -2.56952364e-04
   3.46999543e+02  -3.09998955e-04
   3.47000031e+02  -3.51755851e-04
   3.47000519e+02  -3.68522335e-04
   3.47001008e+02  -2.91715725e-04
   3.47001496e+02   1.25139690e-04
   3.47001984e+02   4.29133594e-04
   3.47002473e+02   2.45512318e-04
   3.47002961e+02   6.37870617e-05
   3.47003449e+02   1.29832231e-04
   3.47003937e+02   1.12728929e-04
   3.47004426e+02   2.23791540e-05
   3.47004914e+02  -2.08312718e-04
   3.47005402e+02  -4.89165017e-04
   3.47005891e+02  -4.75752488e-04
   3.47006379e+02  -4.00539633e-04
   3.47006867e+02  -4.81207884e-04
   3.47007356e+02  -5.71111799e-04
   3.47007844e+02  -6.30792521e-04
   3.47008332e+02  -5.56446612e-04
   3.47008821e+02  -1.20788762e-04
   3.47009309e+02   1.83732700e-04
   3.47009797e+02  -1.09819193e-04
   3.47010285e+02  -3.37285543e-04
   3.47010774e+02  -2.20159360e-04
   3.47011262e+02  -1.88542501e-04
   3.47011750e+02  -2.11618215e-04
   3.47012239e+02  -7.39269672e-05
   3.47012727e+02   8.08915574e-05
   3.47013215e+02   3.04885871e-05
   3.47013704e+02  -9.78178577e-05
   3.47014192e+02  -1.34976523e-04
   3.47014680e+02  -1.13496630e-04
   3.47015169e+02  -4.35931797e-05
   3.47015657e+02   4.11351284e-05
   3.47016145e+02   1.32770574e-05
   3.47016633e+02  -9.84883081e-05
   3.47017122e+02  -6.68211360e-05
   3.47017610e+02  -2.83485188e-05
   3.47018098e+02  -1.81670548e-04
   3.47018587e+02  -3.90977220e-04
   3.47019075e+02  -5.25588053e-04
   3.47019563e+02  -4.76098678e-04
   3.47020052e+02  -2.37415894e-04
   3.47020540e+02  -2.05707602e-05
   3.47021028e+02  -3.78833138e-05
   3.47021517e+02  -2.37344633e-04
   3.47022005e+02  -1.42047691e-04
   3.47022493e+02   3.73209732e-05
   3.47022981e+02  -1.28962303e-04
   3.47023470e+02  -2.84951209e-04
   3.47023958e+02  -1.80460615e-04
   3.47024446e+02  -5.10901737e-05
   3.47024935e+02  -2.08423677e-04
   3.47025423e+02  -4.12878260e-04
   3.47025911e+02  -3.45594366e-04
   3.47026400e+02  -3.28820606e-04
   3.47026888e+02  -4.38908784e-04
   3.47027376e+02  -4.45989193e-04
   3.47027865e+02  -3.82992905e-04
   3.47028353e+02  -2.13241583e-04
   3.47028841e+02  -3.31331175e-05
   3.47029330e+02  -3.43135216e-05
   3.47029818e+02  -2.94005527e-04
   3.47030306e+02  -7.76293455e-04
   3.47030794e+02  -8.38524895e-04
   3.47031283e+02  -3.34587152e-04
   3.47031771e+02  -5.16332584e-05
   3.47032259e+02  -5.84954651e-05
   3.47032748e+02   1.03406666e-04
   3.47033236e+02   3.75556527e-04
   3.47033724e+02   6.06586633e-04
   3.47034213e+02   7.26475846e-04
   3.47034701e+02   6.07182039e-04
   3.47035189e+02   2.62860325e-04
   3.47035678e+02  -4.95763816e-05
   3.47036166e+02  -1.57157934e-04
   3.47036654e+02  -2.19930414e-04
   3.47037142e+02  -3.15743062e-04
   3.47037631e+02  -2.59703840e-04
   3.47038119e+02   2.17380020e-05
   3.47038607e+02   3.20739695e-04
   3.47039096e+02   2.88992567e-04
   3.47039584e+02  -1.11647045e-04
   3.47040072e+02  -4.08378459e-04
   3.47040561e+02  -3.09486524e-04
   3.47041049e+02  -6.57368219e-06
   3.47041537e+02   2.09066129e-04
   3.47042026e+02   2.37402739e-04
   3.47042514e+02   4.49210755e-04
   3.47043002e+02   6.44958112e-04
   3.47043490e+02   3.58176127e-04
   3.47043979e+02   2.11198596e-04
   3.47044467e+02   4.01567144e-04
   3.47044955e+02   5.02183684e-04
   3.47045444e+02   6.32964075e-04
   3.47045932e+02   6.90525980e-04
   3.47046420e+02   3.63089901e-04
   3.47046909e+02  -1.25083112e-04
   3.47047397e+02  -2.35704574e-04
   3.47047885e+02   1.21781550e-05
   3.47048374e+02   1.49370710e-04
   3.47048862e+02   2.07589823e-04
   3.47049350e+02   1.76939764e-04
   3.47049838e+02   5.80046326e-05
   3.47050327e+02   2.74975668e-04
   3.47050815e+02   5.49461402e-04
   3.47051303e+02   4.31485765e-04
   3.47051792e+02   2.66242161e-04
   3.47052280e+02   2.84903392e-04
   3.47052768e+02   2.63644150e-04
   3.47053257e+02   1.06530599e-04
   3.47053745e+02  -1.47123865e-04
   3.47054233e+02  -1.73288063e-04
   3.47054722e+02   3.05182366e-05
   3.47055210e+02  -1.06263924e-05
   3.47055698e+02  -2.21575508e-04
   3.47056186e+02  -3.71168338e-04
   3.47056675e+02  -5.55944920e-04
   3.47057163e+02  -6.09294046e-04
   3.47057651e+02  -3.41565581e-04
   3.47058140e+02  -4.00156714e-05
   3.47058628e+02   6.38940910e-05
   3.47059116e+02   4.07450752e-05
   3.47059605e+02  -6.00304193e-05
   3.47060093e+02  -5.02460935e-05
   3.47060581e+02   1.55454145e-05
   3.47061070e+02  -1.62465061e-04
   3.47061558e+02  -2.76470440e-04
   3.47062046e+02  -7.11002576e-05
   3.47062534e+02   1.66185520e-04
   3.47063023e+02   2.59298424e-04
   3.47063511e+02   2.57407402e-04
   3.47063999e+02   2.86125025e-04
   3.47064488e+02   2.60047324e-04
   3.47064976e+02  -1.14998518e-04
   3.47065464e+02  -4.90015547e-04
   3.47065953e+02  -4.03676182e-04
   3.47066441e+02  -9.15981291e-05
   3.47066929e+02   1.94730383e-04
   3.47067418e+02   4.46594029e-04
   3.47067906e+02   4.39938012e-04
   3.47068394e+02   1.41536846e-04
   3.47068883e+02   1.00802346e-04
   3.47069371e+02   3.48010042e-04
   3.47069859e+02   2.27516633e-04
   3.47070347e+02  -1.17752672e-04
   3.47070836e+02  -2.14649001e-04
   3.47071324e+02  -2.59672466e-04
   3.47071812e+02  -2.96891900e-04
   3.47072301e+02  -1.46671708e-04
   3.47072789e+02  -1.26786166e-04
   3.47073277e+02  -1.38178963e-04
   3.47073766e+02   3.02645873e-04
   3.47074254e+02   5.61123132e-04
   3.47074742e+02   2.54877756e-04
   3.47075231e+02   8.48852433e-05
   3.47075719e+02   1.34995251e-04
   3.47076207e+02   9.89420805e-05
   3.47076695e+02   1.66619735e-04
   3.47077184e+02   4.90389473e-04
   3.47077672e+02   5.81133296e-04
   3.47078160e+02   9.23252082e-05
   3.47078649e+02  -3.42999527e-04
   3.47079137e+02  -1.85267156e-04
   3.47079625e+02   2.34646272e-04
   3.47080114e+02   4.00256395e-04
   3.47080602e+02   2.87371426e-04
   3.47081090e+02   2.11428065e-04
   3.47081579e+02   1.54417954e-04
   3.47082067e+02  -2.16585777e-05
   3.47082555e+02  -1.89336628e-04
   3.47083043e+02  -3.14600969e-04
   3.47083532e+02  -4.64878918e-04
   3.47084020e+02  -3.13781318e-04
   3.47084508e+02   1.61030548e-04
   3.47084997e+02   3.07656010e-04
   3.47085485e+02   8.42822483e-05
   3.47085973e+02  -8.99588485e-05
   3.47086462e+02  -1.40812437e-04
   3.47086950e+02  -5.60517401e-05
   3.47087438e+02   1.20430981e-04
   3.47087927e+02   2.97506922e-04
   3.47088415e+02   2.93037505e-04
   3.47088903e+02   2.11942446e-04
   3.47089391e+02   4.44004021e-04
   3.47089880e+02   5.22288436e-04
   3.47090368e+02   2.78512598e-04
   3.47090856e+02   2.45224655e-04
   3.47091345e+02   2.31896163e-04
   3.47091833e+02   2.42142967e-04
   3.47092321e+02   4.63463803e-04
   3.47092810e+02   5.40389970e-04
   3.47093298e+02   3.59527650e-04
   3.47093786e+02   1.82765114e-04
   3.47094275e+02   7.09956003e-05
   3.47094763e+02  -1.41492143e-04
   3.47095251e+02  -2.57347594e-04
   3.47095739e+02  -2.11455263e-04
   3.47096228e+02  -3.47347377e-04
   3.47096716e+02  -6.08174305e-04
   3.47097204e+02  -5.98630984e-04
   3.47097693e+02  -3.75186733e-04
   3.47098181e+02  -2.16694709e-04
   3.47098669e+02  -2.93365156e-05
   3.47099158e+02   2.32272869e-04
   3.47099646e+02   2.16910790e-04
   3.47100134e+02   1.49105642e-06
   3.47100623e+02   1.83125274e-04
   3.47101111e+02   7.37633964e-04
   3.47101599e+02   1.01374649e-03
   3.47102087e+02   6.03131484e-04
   3.47102576e+02   6.64371473e-05
   3.47103064e+02  -5.98712322e-05
   3.47103552e+02   5.99310215e-06
   3.47104041e+02   2.10834871e-04
   3.47104529e+02   4.15059592e-04
   3.47105017e+02   2.34673702e-04
   3.47105506e+02  -1.05612191e-04
   3.47105994e+02  -2.21243434e-04
   3.47106482e+02  -8.20410787e-05
   3.47106971e+02   1.92035863e-04
   3.47107459e+02   3.37536767e-04
   3.47107947e+02   3.13966710e-04
   3.47108436e+02   3.72199196e-04
   3.47108924e+02   4.46631078e-04
   3.47109412e+02   2.65695038e-04
   3.47109900e+02  -1.68453800e-04
   3.47110389e+02  -4.41226672e-04
   3.47110877e+02  -5.23632159e-04
   3.47111365e+02  -3.21671891e-04
   3.47111854e+02   3.55684424e-05
   3.47112342e+02   1.75808731e-04
   3.47112830e+02  -2.71805166e-05
   3.47113319e+02  -2.83812609e-04
   3.47113807e+02  -8.13478473e-05
   3.47114295e+02   3.80765297e-04
   3.47114784e+02   5.94637648e-04
   3.47115272e+02   4.30726417e-04
   3.47115760e+02   1.87315527e-04
   3.47116248e+02   2.22811635e-04
   3.47116737e+02   3.63543950e-04
   3.47117225e+02   5.98549843e-04
   3.47117713e+02   9.57186217e-04
   3.47118202e+02   1.00505247e-03
   3.47118690e+02   6.60151942e-04
   3.47119178e+02   2.42671522e-04
   3.47119667e+02   6.80422090e-05
   3.47120155e+02   2.37185857e-04
   3.47120643e+02   3.16700083e-04
   3.47121132e+02  -3.53896685e-05
   3.47121620e+02  -3.10369156e-04
   3.47122108e+02  -1.39937227e-04
   3.47122596e+02   2.63321581e-05
   3.47123085e+02  -2.88720512e-05
   3.47123573e+02  -2.03819451e-04
   3.47124061e+02  -3.84796236e-04
   3.47124550e+02  -2.71208759e-04
   3.47125038e+02   2.72416128e-06
   3.47125526e+02  -2.58223790e-05
   3.47126015e+02  -2.98178376e-04
   3.47126503e+02  -3.48470523e-04
   3.47126991e+02  -1.88837352e-04
   3.47127480e+02  -1.45990882e-04
   3.47127968e+02  -2.26252610e-04
   3.47128456e+02  -3.53584561e-04
   3.47128944e+02  -3.13666533e-04
   3.47129433e+02  -7.07024519e-05
   3.47129921e+02   9.57058219e-05
   3.47130409e+02   1.78466580e-04
   3.47130898e+02   2.24548116e-04
   3.47131386e+02   2.53503706e-04
   3.47131874e+02   3.13006080e-04
   3.47132363e+02   2.26709744e-04
   3.47132851e+02  -7.14782946e-05
   3.47133339e+02  -4.38799936e-04
   3.47133828e+02  -7.00752658e-04
   3.47134316e+02  -7.06323830e-04
   3.47134804e+02  -5.41182642e-04
   3.47135292e+02  -2.55912542e-04
   3.47135781e+02  -2.12482132e-06
   3.47136269e+02   8.69314772e-06
   3.47136757e+02   1.05621570e-04
   3.47137246e+02   2.60856876e-04
   3.47137734e+02   9.70539186e-05
   3.47138222e+02  -4.46501945e-05
   3.47138711e+02  -1.24238475e-04
   3.47139199e+02  -5.42718335e-04
   3.47139687e+02  -9.32540628e-04
   3.47140176e+02  -8.35602521e-04
   3.47140664e+02  -4.78705973e-04
   3.47141152e+02  -1.29136635e-04
   3.47141640e+02   1.31899098e-04
   3.47142129e+02   2.10045444e-04
   3.47142617e+02   2.37270106e-05
   3.47143105e+02  -2.56283733e-04
   3.47143594e+02  -3.17419122e-04
   3.47144082e+02  -2.41722573e-05
   3.47144570e+02   3.47491092e-04
   3.47145059e+02   5.41606336e-04
   3.47145547e+02   6.26392779e-04
   3.47146035e+02   3.87173961e-04
   3.47146524e+02   9.31779650e-05
   3.47147012e+02   2.09312318e-04
   3.47147500e+02   1.99967748e-04
   3.47147989e+02  -7.68181271e-05
   3.47148477e+02  -1.84124729e-04
   3.47148965e+02  -2.17027031e-04
   3.47149453e+02  -1.30186760e-04
   3.47149942e+02   3.67655484e-05
   3.47150430e+02  -8.48683776e-05
   3.47150918e+02  -3.03649751e-04
   3.47151407e+02  -2.60971137e-04
   3.47151895e+02  -8.07448378e-05
   3.47152383e+02   4.83736767e-05
   3.47152872e+02   9.84791695e-05
   3.47153360e+02  -9.43249688e-05
   3.47153848e+02  -4.65023884e-04
   3.47154337e+02  -4.98157868e-04
   3.47154825e+02  -2.66653107e-04
   3.47155313e+02  -2.83090951e-04
   3.47155801e+02  -3.68806184e-04
   3.47156290e+02  -2.18622328e-04
   3.47156778e+02   2.90540756e-05
   3.47157266e+02   7.99562040e-05
   3.47157755e+02  -2.59284279e-04
   3.47158243e+02  -5.23576629e-04
   3.47158731e+02  -2.50703451e-04
   3.47159220e+02   2.31888353e-05
   3.47159708e+02  -8.23017181e-05
   3.47160196e+02  -1.32383706e-04
   3.47160685e+02   2.10981976e-04
   3.47161173e+02   4.37056849e-04
   3.47161661e+02   1.51837419e-04
   3.47162149e+02  -9.76220690e-05
   3.47162638e+02  -1.56996772e-04
   3.47163126e+02  -6.13978846e-05
   3.47163614e+02   1.79202965e-04
   3.47164103e+02   2.40441310e-04
   3.47164591e+02   1.89348837e-04
   3.47165079e+02   9.16022400e-05
   3.47165568e+02   2.01221906e-06
   3.47166056e+02   5.08084813e-05
   3.47166544e+02   4.00224199e-05
   3.47167033e+02   4.32127963e-05
   3.47167521e+02   4.67149548e-05
   3.47168009e+02  -9.93445428e-05
   3.47168497e+02  -5.19135428e-05
   3.47168986e+02   9.90466215e-05
   3.47169474e+02   6.96703546e-06
   3.47169962e+02  -1.82386764e-04
   3.47170451e+02  -3.59124882e-04
   3.47170939e+02  -5.71996672e-04
   3.47171427e+02  -7.85137760e-04
   3.47171916e+02  -6.73061993e-04
   3.47172404e+02  -2.09576014e-04
   3.47172892e+02   1.05512132e-04
   3.47173381e+02   1.31671797e-04
   3.47173869e+02   1.36595248e-04
   3.47174357e+02   4.18068557e-05
   3.47174845e+02  -1.97890913e-04
   3.47175334e+02  -2.74037477e-04
   3.47175822e+02  -1.21864818e-04
   3.47176310e+02   1.42938370e-04
   3.47176799e+02   3.38847720e-04
   3.47177287e+02   2.39670335e-04
   3.47177775e+02   8.41451474e-05
   3.47178264e+02   1.14547744e-04
   3.47178752e+02   1.01422331e-04
   3.47179240e+02  -8.38850392e-05
   3.47179729e+02  -2.49246572e-04
   3.47180217e+02  -2.40000736e-04
   3.47180705e+02  -1.83775861e-04
   3.47181193e+02  -3.38067650e-04
   3.47181682e+02  -4.46263264e-04
   3.47182170e+02  -4.12664267e-05
   3.47182658e+02   4.65667021e-04
   3.47183147e+02   5.11260238e-04
   3.47183635e+02   2.42798735e-04
   3.47184123e+02  -6.10504794e-05
   3.47184612e+02  -9.12424075e-05
   3.47185100e+02   1.03364393e-04
   3.47185588e+02  -3.31174415e-05
   3.47186077e+02  -3.32536525e-04
   3.47186565e+02  -2.89621967e-04
   3.47187053e+02   6.88283217e-06
   3.47187542e+02   3.42005864e-04
   3.47188030e+02   3.74047551e-04
   3.47188518e+02   2.04730546e-04
   3.47189006e+02   1.78455783e-04
   3.47189495e+02   7.72067942e-05
   3.47189983e+02  -1.62504919e-04
   3.47190471e+02  -3.64119653e-04
   3.47190960e+02  -5.22906950e-04
   3.47191448e+02  -5.28036384e-04
   3.47191936e+02  -1.70460102e-04
   3.47192425e+02   2.68733274e-04
   3.47192913e+02   2.50283454e-04
   3.47193401e+02  -1.29570981e-06
   3.47193890e+02  -7.10678432e-05
   3.47194378e+02  -1.46626378e-04
   3.47194866e+02  -2.32739170e-04
   3.47195354e+02   6.41865790e-06
   3.47195843e+02   3.98758915e-04
   3.47196331e+02   4.84513439e-04
   3.47196819e+02   3.60745966e-04
   3.47197308e+02   3.61963845e-04
   3.47197796e+02   3.30884330e-04
   3.47198284e+02   4.21965888e-05
   3.47198773e+02  -5.13414598e-05
   3.47199261e+02   2.03827163e-04
   3.47199749e+02   1.72875400e-04
   3.47200238e+02  -2.13188468e-04
   3.47200726e+02  -4.95694694e-04
   3.47201214e+02  -5.03635674e-04
   3.47201702e+02  -3.32791125e-04
   3.47202191e+02  -2.31273574e-04
   3.47202679e+02  -2.05178789e-04
   3.47203167e+02  -1.00085912e-04
   3.47203656e+02   9.63764542e-05
   3.47204144e+02   3.84533545e-04
   3.47204632e+02   6.58978883e-04
   3.47205121e+02   5.51072357e-04
   3.47205609e+02   1.22340876e-04
   3.47206097e+02  -7.32933986e-05
   3.47206586e+02  -7.90373670e-05
   3.47207074e+02  -6.61113008e-05
   3.47207562e+02   6.47729685e-05
   3.47208050e+02   1.01428399e-04
   3.47208539e+02  -1.01603131e-04
   3.47209027e+02  -2.94317550e-04
   3.47209515e+02  -2.15919252e-04
   3.47210004e+02  -4.39052274e-05
   3.47210492e+02  -6.75420015e-05
   3.47210980e+02  -2.37853907e-04
   3.47211469e+02  -3.15621437e-04
   3.47211957e+02  -2.59602210e-04
   3.47212445e+02  -3.07236362e-04
   3.47212934e+02  -4.80356568e-04
   3.47213422e+02  -6.55567972e-04
   3.47213910e+02  -5.99169114e-04
   3.47214398e+02  -1.57661256e-04
   3.47214887e+02   3.61401442e-04
   3.47215375e+02   5.60106011e-04
   3.47215863e+02   4.34458314e-04
   3.47216352e+02   2.35535859e-04
   3.47216840e+02   1.21268558e-05
   3.47217328e+02  -1.74651126e-04
   3.47217817e+02  -1.41446406e-04
   3.47218305e+02  -6.95870622e-05
   3.47218793e+02  -6.33530581e-05
   3.47219282e+02   6.76555283e-05
   3.47219770e+02   2.49774283e-04
   3.47220258e+02   5.10272337e-04
   3.47220746e+02   7.66218349e-04
   3.47221235e+02   6.95172464e-04
   3.47221723e+02   5.23782626e-04
   3.47222211e+02   3.13967583e-04
   3.47222700e+02  -8.27980257e-05
   3.47223188e+02  -4.03005834e-04
   3.47223676e+02  -5.68738789e-04
   3.47224165e+02  -4.20530007e-04
   3.47224653e+02   1.10907997e-04
   3.47225141e+02   4.33073699e-04
   3.47225630e+02   3.44976026e-04
   3.47226118e+02   2.10882616e-04
   3.47226606e+02   1.59701987e-04
   3.47227095e+02   2.72107456e-04
   3.47227583e+02   4.34995483e-04
   3.47228071e+02   1.50439620e-04
   3.47228559e+02  -3.44789762e-04
   3.47229048e+02  -3.17384780e-04
   3.47229536e+02   1.39167721e-04
   3.47230024e+02   2.67555763e-04
   3.47230513e+02  -1.90151681e-04
   3.47231001e+02  -4.75241744e-04
   3.47231489e+02  -1.24009879e-04
   3.47231978e+02   3.66985245e-04
   3.47232466e+02   3.75306467e-04
   3.47232954e+02   1.45485712e-04
   3.47233443e+02   1.68189217e-04
   3.47233931e+02   2.89979362e-04
   3.47234419e+02   3.31290212e-04
   3.47234907e+02   4.71841864e-04
   3.47235396e+02   7.08038977e-04
   3.47235884e+02   6.55422686e-04
   3.47236372e+02   1.87985017e-04
   3.47236861e+02  -1.33302776e-04
   3.47237349e+02  -2.52303889e-05
   3.47237837e+02   1.79604831e-05
   3.47238326e+02  -8.67839262e-05
   3.47238814e+02  -1.46302787e-04
   3.47239302e+02  -2.88036274e-04
   3.47239791e+02  -3.57663317e-04
   3.47240279e+02  -1.63031757e-04
   3.47240767e+02  -8.25047391e-05
   3.47241255e+02  -3.43111169e-04
   3.47241744e+02  -3.72067065e-04
   3.47242232e+02  -1.50822243e-05
   3.47242720e+02   2.53910490e-04
   3.47243209e+02   4.34361544e-04
   3.47243697e+02   5.24392526e-04
   3.47244185e+02   2.78087333e-04
   3.47244674e+02   1.09140514e-04
   3.47245162e+02   3.06047441e-04
   3.47245650e+02   2.34331223e-04
   3.47246139e+02  -8.89725834e-06
   3.47246627e+02   2.98614788e-04
   3.47247115e+02   6.87212159e-04
   3.47247603e+02   4.42937482e-04
   3.47248092e+02   6.00925450e-05
   3.47248580e+02   1.69081468e-05
   3.47249068e+02   2.90808330e-05
   3.47249557e+02  -2.44712191e-05
   3.47250045e+02  -1.30956096e-05
   3.47250533e+02   1.75263820e-04
   3.47251022e+02   3.58479854e-04
   3.47251510e+02   3.61270068e-04
   3.47251998e+02   4.09649045e-04
   3.47252487e+02   4.81331401e-04
   3.47252975e+02   4.79200331e-04
   3.47253463e+02   3.75732343e-04
   3.47253951e+02   1.03000333e-04
   3.47254440e+02  -1.16234669e-05
   3.47254928e+02   2.68170901e-04
   3.47255416e+02   5.67616778e-04
   3.47255905e+02   4.93502943e-04
   3.47256393e+02   3.17220867e-04
   3.47256881e+02   3.34639248e-04
   3.47257370e+02   4.08333755e-04
   3.47257858e+02   2.74702004e-04
   3.47258346e+02  -1.23549558e-04
   3.47258835e+02  -5.08282275e-04
   3.47259323e+02  -6.99310913e-04
   3.47259811e+02  -7.19775329e-04
   3.47260299e+02  -5.72606281e-04
   3.47260788e+02  -4.06316161e-04
   3.47261276e+02  -4.29568900e-04
   3.47261764e+02  -6.05050765e-04
   3.47262253e+02  -5.49837248e-04
   3.47262741e+02  -8.23694645e-05
   3.47263229e+02   2.31495811e-04
   3.47263718e+02   7.30459942e-05
   3.47264206e+02  -1.48185805e-04
   3.47264694e+02  -1.12630223e-04
   3.47265183e+02   1.53989298e-04
   3.47265671e+02   2.80742242e-04
   3.47266159e+02   2.07622346e-04
   3.47266648e+02   2.54446320e-04
   3.47267136e+02   4.61748423e-04
   3.47267624e+02   5.48645447e-04
   3.47268112e+02   1.99390110e-04
   3.47268601e+02  -4.47920320e-05
   3.47269089e+02   2.13006686e-04
   3.47269577e+02   3.35380755e-04
   3.47270066e+02   9.46544242e-05
   3.47270554e+02  -1.95686211e-04
   3.47271042e+02  -3.14642122e-04
   3.47271531e+02  -3.96670890e-04
   3.47272019e+02  -4.62878146e-04
   3.47272507e+02  -8.45985633e-05
   3.47272996e+02   4.65599500e-04
   3.47273484e+02   6.97850715e-04
   3.47273972e+02   5.48056385e-04
   3.47274460e+02   1.09301211e-04
   3.47274949e+02  -2.37442364e-04
   3.47275437e+02  -3.31698800e-04
   3.47275925e+02  -3.04923509e-04
   3.47276414e+02  -2.38146356e-04
   3.47276902e+02  -2.29207944e-04
   3.47277390e+02  -2.07818288e-04
   3.47277879e+02  -9.46471555e-05
   3.47278367e+02  -2.02479074e-04
   3.47278855e+02  -4.69242630e-04
   3.47279344e+02  -2.58086919e-04
   3.47279832e+02   3.31065763e-04
   3.47280320e+02   7.57696631e-04
   3.47280808e+02   9.36593511e-04
   3.47281297e+02   8.59968190e-04
   3.47281785e+02   4.79208567e-04
   3.47282273e+02   2.37256012e-04
   3.47282762e+02   5.36353095e-04
   3.47283250e+02   7.47090788e-04
   3.47283738e+02   5.31066849e-04
   3.47284227e+02   4.24182363e-04
   3.47284715e+02   4.19744378e-04
   3.47285203e+02   2.32238235e-04
   3.47285692e+02   2.24909909e-05
   3.47286180e+02   1.75347286e-05
   3.47286668e+02   1.67862236e-04
   3.47287156e+02   1.82442018e-04
   3.47287645e+02   2.69158510e-04
   3.47288133e+02   2.99572886e-04
   3.47288621e+02  -9.41574581e-06
   3.47289110e+02  -2.55498890e-04
   3.47289598e+02  -3.26867710e-04
   3.47290086e+02  -4.70379484e-04
   3.47290575e+02  -4.72090789e-04
   3.47291063e+02  -2.27820681e-04
   3.47291551e+02  -2.80748700e-05
   3.47292040e+02   4.32760316e-05
   3.47292528e+02   3.80887868e-05
   3.47293016e+02  -6.81377423e-05
   3.47293504e+02  -1.00703313e-04
   3.47293993e+02   1.60121108e-05
   3.47294481e+02  -7.75872832e-05
   3.47294969e+02  -3.18081380e-04
   3.47295458e+02  -3.09318333e-04
   3.47295946e+02  -3.12836230e-04
   3.47296434e+02  -3.57442419e-04
   3.47296923e+02  -2.25837852e-04
   3.47297411e+02  -2.82009976e-04
   3.47297899e+02  -2.72625010e-04
   3.47298388e+02   1.82529984e-04
   3.47298876e+02   5.19960129e-04
   3.47299364e+02   4.72743588e-04
   3.47299852e+02   1.96769848e-04
   3.47300341e+02  -7.03110782e-05
   3.47300829e+02  -1.10618646e-04
   3.47301317e+02  -1.79121998e-04
   3.47301806e+02  -4.81871219e-04
   3.47302294e+02  -7.46819656e-04
   3.47302782e+02  -7.48610357e-04
   3.47303271e+02  -5.52320853e-04
   3.47303759e+02  -3.60708742e-04
   3.47304247e+02  -3.47378023e-04
   3.47304736e+02  -2.92635086e-04
   3.47305224e+02   4.85232667e-05
   3.47305712e+02   3.19076848e-04
   3.47306201e+02   1.19456352e-04
   3.47306689e+02  -1.82250602e-04
   3.47307177e+02  -2.59194901e-04
   3.47307665e+02  -2.71466706e-04
   3.47308154e+02  -1.80781848e-04
   3.47308642e+02  -8.26369287e-05
   3.47309130e+02  -1.64130412e-04
   3.47309619e+02  -1.62168304e-04
   3.47310107e+02  -4.37534218e-05
   3.47310595e+02  -1.42148274e-04
   3.47311084e+02  -2.83332076e-04
   3.47311572e+02  -2.79643631e-04
   3.47312060e+02  -3.03161360e-04
   3.47312549e+02  -2.86316790e-04
   3.47313037e+02  -1.80499832e-04
   3.47313525e+02  -1.01088757e-04
   3.47314013e+02   5.57343155e-05
   3.47314502e+02   2.39839021e-04
   3.47314990e+02   1.68674684e-04
   3.47315478e+02  -1.76014364e-04
   3.47315967e+02  -3.70165682e-04
   3.47316455e+02  -2.42133858e-04
   3.47316943e+02  -2.47766293e-04
   3.47317432e+02  -4.12838417e-04
   3.47317920e+02  -2.39412097e-04
   3.47318408e+02   1.23661346e-04
   3.47318897e+02   2.33883999e-04
   3.47319385e+02   2.31714163e-04
   3.47319873e+02   2.78736406e-04
   3.47320361e+02   2.19308044e-04
   3.47320850e+02   7.63670687e-05
   3.47321338e+02  -6.45704131e-05
   3.47321826e+02  -2.14584696e-04
   3.47322315e+02  -5.54338476e-05
   3.47322803e+02   3.07862443e-04
   3.47323291e+02   3.91420443e-04
   3.47323780e+02   4.42253920e-04
   3.47324268e+02   5.65142604e-04
   3.47324756e+02   4.14259150e-04
   3.47325245e+02  -2.27370274e-05
   3.47325733e+02  -4.77299298e-04
   3.47326221e+02  -7.40956282e-04
   3.47326709e+02  -7.02495163e-04
   3.47327198e+02  -4.18089068e-04
   3.47327686e+02  -1.26911124e-04
   3.47328174e+02   5.90562013e-05
   3.47328663e+02   1.58038747e-04
   3.47329151e+02   1.60032432e-04
   3.47329639e+02   2.00450610e-04
   3.47330128e+02   2.78694293e-04
   3.47330616e+02   1.48794730e-04
   3.47331104e+02  -6.40382423e-05
   3.47331593e+02  -2.14782849e-04
   3.47332081e+02  -4.87058744e-04
   3.47332569e+02  -7.91180937e-04
   3.47333057e+02  -7.18254945e-04
   3.47333546e+02  -1.98076930e-04
   3.47334034e+02  -3.83580737e-05
   3.47334522e+02  -5.19750582e-04
   3.47335011e+02  -7.20563112e-04
   3.47335499e+02  -4.12217923e-04
   3.47335987e+02  -9.28399604e-05
   3.47336476e+02   1.19397708e-04
   3.47336964e+02   1.55509551e-04
   3.47337452e+02  -9.10573581e-05
   3.47337941e+02  -4.18416254e-04
   3.47338429e+02  -4.74092696e-04
   3.47338917e+02  -2.80507171e-04
   3.47339405e+02  -2.13645006e-04
   3.47339894e+02  -4.43907717e-04
   3.47340382e+02  -4.11159301e-04
   3.47340870e+02   1.16058807e-04
   3.47341359e+02   2.27289434e-04
   3.47341847e+02  -1.37412790e-04
   3.47342335e+02  -1.95290035e-04
   3.47342824e+02  -2.10506565e-04
   3.47343312e+02  -2.82089342e-04
   3.47343800e+02   9.58131350e-05
   3.47344289e+02   5.72980382e-04
   3.47344777e+02   5.93451085e-04
   3.47345265e+02   3.26118490e-04
   3.47345754e+02  -9.82836063e-05
   3.47346242e+02  -3.44674190e-04
   3.47346730e+02  -1.87851649e-04
   3.47347218e+02   2.79075175e-05
   3.47347707e+02   3.71427086e-05
   3.47348195e+02  -1.31861452e-04
   3.47348683e+02  -3.46370012e-04
   3.47349172e+02  -6.18993363e-04
   3.47349660e+02  -7.16021052e-04
   3.47350148e+02  -4.42737160e-04
   3.47350637e+02  -1.23952937e-04
   3.47351125e+02   1.38085379e-05
   3.47351613e+02   2.44211726e-04
   3.47352102e+02   5.60651359e-04
   3.47352590e+02   3.25768662e-04
   3.47353078e+02  -1.70960819e-04
   3.47353566e+02  -3.32912052e-04
   3.47354055e+02  -4.06048493e-04
   3.47354543e+02  -3.84545070e-04
   3.47355031e+02  -1.77794995e-04
   3.47355520e+02   4.98701011e-05
   3.47356008e+02   2.72563484e-04
   3.47356496e+02   3.97236785e-04
   3.47356985e+02   2.80787033e-04
   3.47357473e+02  -4.03548847e-06
   3.47357961e+02  -1.15802941e-04
   3.47358450e+02   2.09591653e-05
   3.47358938e+02   1.22461142e-05
   3.47359426e+02  -2.33359387e-04
   3.47359914e+02  -3.35045450e-04
   3.47360403e+02  -2.02247335e-04
   3.47360891e+02  -1.15602284e-04
   3.47361379e+02  -1.74027737e-04
   3.47361868e+02  -1.96208042e-04
   3.47362356e+02  -9.66042498e-05
   3.47362844e+02   5.83868095e-05
   3.47363333e+02   1.63611025e-04
   3.47363821e+02   1.74302724e-04
   3.47364309e+02   1.30565139e-04
   3.47364798e+02   8.21546491e-05
   3.47365286e+02   5.86091119e-05
   3.47365774e+02   6.13914290e-06
   3.47366262e+02  -1.87196056e-04
   3.47366751e+02  -4.53967223e-04
   3.47367239e+02  -5.27998025e-04
   3.47367727e+02  -3.84906773e-04
   3.47368216e+02  -2.23454088e-04
   3.47368704e+02  -4.22993908e-05
   3.47369192e+02   4.27884770e-05
   3.47369681e+02  -1.60197043e-04
   3.47370169e+02  -3.09885858e-04
   3.47370657e+02  -3.76791613e-05
   3.47371146e+02   4.24735394e-04
   3.47371634e+02   5.52942336e-04
   3.47372122e+02   2.31060156e-04
   3.47372610e+02  -1.46199382e-04
   3.47373099e+02  -5.19260182e-04
   3.47373587e+02  -8.45774659e-04
   3.47374075e+02  -6.56757504e-04
   3.47374564e+02  -2.80069726e-05
   3.47375052e+02   2.72005534e-04
   3.47375540e+02   6.02970031e-05
   3.47376029e+02  -2.75672955e-05
   3.47376517e+02   1.07929744e-04
   3.47377005e+02   2.75240054e-05
   3.47377494e+02  -1.05748681e-04
   3.47377982e+02   4.51259912e-05
   3.47378470e+02   2.19920272e-04
   3.47378958e+02   2.04825061e-04
   3.47379447e+02   9.40324171e-05
   3.47379935e+02  -8.17552063e-05
   3.47380423e+02  -6.74199327e-05
   3.47380912e+02   3.13760800e-04
   3.47381400e+02   6.25559769e-04
   3.47381888e+02   6.40887883e-04
   3.47382377e+02   4.23572172e-04
   3.47382865e+02  -2.97189326e-05
   3.47383353e+02  -2.87895120e-04
   3.47383842e+02  -1.22699157e-05
   3.47384330e+02   3.48189991e-04
   3.47384818e+02   3.22403212e-04
   3.47385307e+02   7.42425982e-05
   3.47385795e+02   3.58885227e-05
   3.47386283e+02   1.82714663e-04
   3.47386771e+02   1.58791547e-04
   3.47387260e+02  -1.08581800e-04
   3.47387748e+02  -3.67487402e-04
   3.47388236e+02  -2.60447327e-04
   3.47388725e+02   1.35564733e-05
   3.47389213e+02   3.78250552e-05
   3.47389701e+02  -2.43849299e-05
   3.47390190e+02  -8.66656774e-05
   3.47390678e+02  -9.95560767e-05
   3.47391166e+02   5.76923267e-05
   3.47391655e+02  -3.34589708e-06
   3.47392143e+02  -3.09632596e-04
   3.47392631e+02  -4.18410869e-04
   3.47393119e+02  -2.64023227e-04
   3.47393608e+02  -1.06885142e-04
   3.47394096e+02  -7.05403727e-05
   3.47394584e+02  -6.16166944e-05
   3.47395073e+02  -1.86686404e-04
   3.47395561e+02  -2.62059504e-04
   3.47396049e+02  -2.39075031e-04
   3.47396538e+02  -3.64794774e-04
   3.47397026e+02  -2.31238359e-04
   3.47397514e+02   2.25383512e-04
   3.47398003e+02   3.41867359e-04
   3.47398491e+02   1.01857680e-04
   3.47398979e+02   4.43864992e-05
   3.47399467e+02   2.03335323e-04
   3.47399956e+02   3.16789170e-04
   3.47400444e+02   2.26264543e-04
   3.47400932e+02  -9.67719534e-05
   3.47401421e+02  -2.58958957e-04
   3.47401909e+02  -2.54001134e-05
   3.47402397e+02   2.96793005e-04
   3.47402886e+02   5.08047815e-04
   3.47403374e+02   4.21539415e-04
   3.47403862e+02   4.33947935e-05
   3.47404351e+02  -2.25828422e-04
   3.47404839e+02  -2.18357629e-04
   3.47405327e+02  -1.81430485e-04
   3.47405815e+02  -1.83369033e-04
   3.47406304e+02   1.30071421e-04
   3.47406792e+02   4.47727652e-04
   3.47407280e+02   2.72254256e-04
   3.47407769e+02  -5.36284315e-05
   3.47408257e+02  -1.59915900e-04
   3.47408745e+02  -1.96273453e-04
   3.47409234e+02  -8.23384034e-05
   3.47409722e+02   1.43415687e-04
   3.47410210e+02  -6.13258599e-05
   3.47410699e+02  -5.31429716e-04
   3.47411187e+02  -7.28987507e-04
   3.47411675e+02  -7.41200231e-04
   3.47412163e+02  -6.29257236e-04
   3.47412652e+02  -1.57199393e-04
   3.47413140e+02   3.65823245e-04
   3.47413628e+02   4.40546748e-04
   3.47414117e+02   3.01645952e-04
   3.47414605e+02   1.18837554e-04
   3.47415093e+02  -7.56879163e-05
   3.47415582e+02  -1.53449277e-04
   3.47416070e+02  -2.20171700e-04
   3.47416558e+02  -3.19234096e-04
   3.47417047e+02  -4.03903890e-04
   3.47417535e+02  -4.68627230e-04
   3.47418023e+02  -2.61362846e-04
   3.47418511e+02   2.15105407e-04
   3.47419000e+02   3.70601396e-04
   3.47419488e+02   1.01219157e-04
   3.47419976e+02  -1.24273572e-06
   3.47420465e+02   1.78371251e-04
   3.47420953e+02   9.37805089e-05
   3.47421441e+02  -2.16737055e-04
   3.47421930e+02  -2.26445991e-04
   3.47422418e+02  -1.82865653e-04
   3.47422906e+02  -2.24518561e-04
   3.47423395e+02  -1.10869034e-04
   3.47423883e+02  -3.02391010e-04
   3.47424371e+02  -9.66256950e-04
   3.47424860e+02  -1.29215000e-03
   3.47425348e+02  -7.91680941e-04
   3.47425836e+02  -1.39539858e-04
   3.47426324e+02   1.20742307e-05
   3.47426813e+02  -5.27168304e-05
   3.47427301e+02  -1.14088551e-04
   3.47427789e+02  -3.33621167e-04
   3.47428278e+02  -4.43014753e-04
   3.47428766e+02  -2.41079615e-04
   3.47429254e+02  -2.65420240e-04
   3.47429743e+02  -4.87111392e-04
   3.47430231e+02  -3.96441406e-04
   3.47430719e+02  -2.87614210e-04
   3.47431208e+02  -3.00594897e-04
   3.47431696e+02  -1.51695334e-04
   3.47432184e+02   3.59479818e-05
   3.47432672e+02   3.91728972e-05
   3.47433161e+02  -7.55482279e-06
   3.47433649e+02  -6.13156080e-05
   3.47434137e+02  -2.37592132e-04
   3.47434626e+02  -9.61442929e-05
   3.47435114e+02   3.09708470e-04
   3.47435602e+02   1.94673194e-04
   3.47436091e+02  -2.47876422e-04
   3.47436579e+02  -1.51278815e-04
   3.47437067e+02   2.26687305e-04
   3.47437556e+02   1.05187159e-04
   3.47438044e+02  -3.19802260e-04
   3.47438532e+02  -5.48415759e-04
   3.47439020e+02  -3.23744782e-04
   3.47439509e+02   1.27886029e-04
   3.47439997e+02   2.25317737e-04
   3.47440485e+02  -1.29257271e-04
   3.47440974e+02  -4.94251377e-04
   3.47441462e+02  -3.83086910e-04
   3.47441950e+02   3.05502108e-05
   3.47442439e+02   1.06080959e-04
   3.47442927e+02  -1.20643490e-04
   3.47443415e+02  -1.75445442e-04
   3.47443904e+02  -1.22067620e-04
   3.47444392e+02  -1.41991695e-04
   3.47444880e+02   5.28767014e-05
   3.47445368e+02   5.20656526e-04
   3.47445857e+02   7.72053550e-04
   3.47446345e+02   4.38107498e-04
   3.47446833e+02  -9.31777104e-05
   3.47447322e+02  -1.92709515e-04
   3.47447810e+02   2.57127158e-05
   3.47448298e+02   2.01513030e-04
   3.47448787e+02   3.09123163e-04
   3.47449275e+02   1.73732216e-04
   3.47449763e+02  -3.27958041e-05
   3.47450252e+02   2.07819976e-04
   3.47450740e+02   4.53035551e-04
   3.47451228e+02   5.27300654e-05
   3.47451716e+02  -5.08339843e-04
   3.47452205e+02  -5.60692104e-04
   3.47452693e+02  -4.15006536e-04
   3.47453181e+02  -3.79642152e-04
   3.47453670e+02  -2.66851479e-04
   3.47454158e+02  -6.21270956e-05
   3.47454646e+02   2.43209302e-04
   3.47455135e+02   3.23471206e-04
   3.47455623e+02  -8.56806801e-05
   3.47456111e+02  -4.77694586e-04
   3.47456600e+02  -5.65984810e-04
   3.47457088e+02  -4.97297326e-04
   3.47457576e+02  -2.80244949e-05
   3.47458064e+02   6.92357600e-04
   3.47458553e+02   7.94262160e-04
   3.47459041e+02   4.45352227e-04
   3.47459529e+02   2.37769520e-04
   3.47460018e+02  -1.88446065e-05
   3.47460506e+02  -9.46491273e-05
   3.47460994e+02   2.38038861e-04
   3.47461483e+02   5.58668165e-04
   3.47461971e+02   6.55268319e-04
   3.47462459e+02   4.00540652e-04
   3.47462948e+02  -1.24343307e-04
   3.47463436e+02  -2.07073637e-04
   3.47463924e+02   1.56666894e-04
   3.47464413e+02   1.28884814e-04
   3.47464901e+02  -1.19345175e-04
   3.47465389e+02  -3.43472821e-05
   3.47465877e+02   1.63396035e-04
   3.47466366e+02   2.21866940e-04
   3.47466854e+02   1.49097585e-04
   3.47467342e+02   3.24520734e-05
   3.47467831e+02  -6.63437459e-05
   3.47468319e+02  -2.70808610e-04
   3.47468807e+02  -5.19432884e-04
   3.47469296e+02  -3.93559807e-04
   3.47469784e+02   4.06775434e-05
   3.47470272e+02   3.66282213e-04
   3.47470761e+02   4.48921637e-04
   3.47471249e+02   2.64598115e-04
   3.47471737e+02  -1.50365653e-04
   3.47472225e+02  -5.10920538e-04
   3.47472714e+02  -3.63104162e-04
   3.47473202e+02   1.63900826e-04
   3.47473690e+02   4.32122732e-04
   3.47474179e+02   3.25922709e-04
   3.47474667e+02   5.26029835e-05
   3.47475155e+02  -1.59989286e-04
   3.47475644e+02  -6.55294643e-05
   3.47476132e+02   8.40647626e-05
   3.47476620e+02   1.40890879e-05
   3.47477109e+02   3.78402292e-05
   3.47477597e+02   1.83039781e-04
   3.47478085e+02   1.45347643e-04
   3.47478573e+02  -2.44388139e-05
   3.47479062e+02  -1.11092333e-04
   3.47479550e+02  -2.60416091e-05
   3.47480038e+02   1.28513402e-05
   3.47480527e+02  -1.17035743e-04
   3.47481015e+02  -2.44451512e-04
   3.47481503e+02  -3.66229011e-04
   3.47481992e+02  -3.78165074e-04
   3.47482480e+02   2.04559547e-05
   3.47482968e+02   5.30927617e-04
   3.47483457e+02   5.00041759e-04
   3.47483945e+02   1.45549246e-04
   3.47484433e+02  -1.71610941e-06
   3.47484921e+02  -8.08391414e-05
   3.47485410e+02  -1.24643921e-04
   3.47485898e+02   9.59502431e-05
   3.47486386e+02   2.97536666e-04
   3.47486875e+02   1.67534541e-04
   3.47487363e+02  -1.40097676e-04
   3.47487851e+02  -2.87384959e-04
   3.47488340e+02  -1.14782888e-04
   3.47488828e+02   1.58465919e-05
   3.47489316e+02  -6.88421351e-05
   3.47489805e+02  -6.10369607e-05
   3.47490293e+02  -1.14167575e-04
   3.47490781e+02  -4.65586258e-04
   3.47491269e+02  -5.30471210e-04
   3.47491758e+02  -6.60567748e-05
   3.47492246e+02   2.31187994e-04
   3.47492734e+02   4.78692236e-05
   3.47493223e+02  -1.53649715e-04
   3.47493711e+02   9.31218165e-05
   3.47494199e+02   5.07192686e-04
   3.47494688e+02   6.24597888e-04
   3.47495176e+02   5.68333024e-04
   3.47495664e+02   5.83096175e-04
   3.47496153e+02   4.29356674e-04
   3.47496641e+02   1.11621503e-05
   3.47497129e+02  -1.59980453e-04
   3.47497617e+02   2.01652274e-05
   3.47498106e+02   8.15668900e-05
   3.47498594e+02  -1.53173649e-04
   3.47499082e+02  -2.99656444e-04
   3.47499571e+02  -1.41447426e-05
   3.47500059e+02   4.81392286e-04
   3.47500547e+02   6.32638228e-04
   3.47501036e+02   3.17685248e-04
   3.47501524e+02  -2.60370343e-05
   3.47502012e+02  -4.42566125e-05
   3.47502501e+02   1.59789706e-04
   3.47502989e+02   1.86458579e-04
   3.47503477e+02   4.34793910e-05
   3.47503966e+02   8.11715217e-05
   3.47504454e+02   1.66994112e-04
   3.47504942e+02  -9.34463969e-06
   3.47505430e+02  -2.74740625e-04
   3.47505919e+02  -4.59310133e-04
   3.47506407e+02  -5.29987214e-04
   3.47506895e+02  -3.21857136e-04
   3.47507384e+02   6.45585969e-05
   3.47507872e+02   1.23047401e-04
   3.47508360e+02   4.85666988e-06
   3.47508849e+02   1.81449592e-04
   3.47509337e+02   3.79243837e-04
   3.47509825e+02   2.22890536e-04
   3.47510314e+02  -6.84193728e-05
   3.47510802e+02  -3.58681900e-05
   3.47511290e+02   1.54747802e-04
   3.47511778e+02   2.29415760e-04
   3.47512267e+02   3.37503006e-04
   3.47512755e+02   1.85085810e-04
   3.47513243e+02  -4.35885770e-04
   3.47513732e+02  -8.33438651e-04
   3.47514220e+02  -6.59019162e-04
   3.47514708e+02  -3.36112862e-04
   3.47515197e+02  -8.13199222e-05
   3.47515685e+02   9.52573027e-05
   3.47516173e+02   2.07009565e-04
   3.47516662e+02   1.50865875e-04
   3.47517150e+02  -1.51045475e-04
   3.47517638e+02  -2.35492320e-04
   3.47518126e+02   1.83186668e-04
   3.47518615e+02   4.30444663e-04
   3.47519103e+02   3.32955060e-05
   3.47519591e+02  -5.17414126e-04
   3.47520080e+02  -6.12430682e-04
   3.47520568e+02  -1.42521880e-04
   3.47521056e+02   1.22943282e-04
   3.47521545e+02   9.89055043e-05
   3.47522033e+02   1.73837048e-04
   3.47522521e+02   5.65563241e-05
   3.47523010e+02  -3.44619155e-04
   3.47523498e+02  -5.64746791e-04
   3.47523986e+02  -4.11684538e-04
   3.47524474e+02  -2.70610471e-04
   3.47524963e+02  -1.78259448e-04
   3.47525451e+02  -3.35349432e-05
   3.47525939e+02  -8.67669442e-05
   3.47526428e+02  -1.92069987e-04
   3.47526916e+02  -1.77788956e-04
   3.47527404e+02  -1.70450323e-04
   3.47527893e+02  -1.31290610e-04
   3.47528381e+02   8.81145606e-05
   3.47528869e+02   3.20606778e-04
   3.47529358e+02   3.71967617e-04
   3.47529846e+02   3.70693277e-04
   3.47530334e+02   1.35190523e-04
   3.47530822e+02  -4.63368109e-04
   3.47531311e+02  -7.51920452e-04
   3.47531799e+02  -6.08366390e-04
   3.47532287e+02  -6.60106831e-04
   3.47532776e+02  -6.57441269e-04
   3.47533264e+02  -4.16983181e-04
   3.47533752e+02  -3.23127111e-04
   3.47534241e+02  -2.60016299e-04
   3.47534729e+02  -1.84876204e-04
   3.47535217e+02  -3.05089896e-04
   3.47535706e+02  -4.12191352e-04
   3.47536194e+02  -2.35033731e-04
   3.47536682e+02   8.56850966e-05
   3.47537170e+02   3.55531665e-04
   3.47537659e+02   5.08521334e-04
   3.47538147e+02   5.85108122e-04
   3.47538635e+02   5.27839351e-04
   3.47539124e+02   3.11581622e-04
   3.47539612e+02   2.14185682e-04
   3.47540100e+02   3.00263549e-04
   3.47540589e+02   3.68383538e-04
   3.47541077e+02   2.79534695e-04
   3.47541565e+02   1.78857357e-04
   3.47542054e+02   2.28197678e-04
   3.47542542e+02   2.90152937e-04
   3.47543030e+02   2.86617433e-04
   3.47543519e+02   1.45073995e-04
   3.47544007e+02  -1.93134601e-05
   3.47544495e+02  -1.57309798e-04
   3.47544983e+02  -5.26464137e-04
   3.47545472e+02  -8.63353082e-04
   3.47545960e+02  -6.32349635e-04
   3.47546448e+02  -1.26700208e-04
   3.47546937e+02  -5.24986790e-05
   3.47547425e+02  -1.46150096e-05
   3.47547913e+02   2.83954374e-04
   3.47548402e+02   6.21992949e-05
   3.47548890e+02  -4.49273386e-04
   3.47549378e+02  -3.89138702e-04
   3.47549867e+02  -2.03447722e-04
   3.47550355e+02  -1.33539317e-04
   3.47550843e+02   8.55843027e-05
   3.47551331e+02   1.90455743e-04
   3.47551820e+02   2.60773959e-04
   3.47552308e+02   2.73339974e-04
   3.47552796e+02   1.31492401e-04
   3.47553285e+02   8.71068332e-05
   3.47553773e+02  -2.79924507e-06
   3.47554261e+02  -6.66646738e-05
   3.47554750e+02   5.89144147e-05
   3.47555238e+02   2.44832831e-04
   3.47555726e+02   4.74088185e-04
   3.47556215e+02   4.39242081e-04
   3.47556703e+02   8.61713197e-05
   3.47557191e+02  -2.20265283e-04
   3.47557679e+02  -2.08666897e-04
   3.47558168e+02  -3.49667389e-05
   3.47558656e+02  -2.56579544e-04
   3.47559144e+02  -7.20432668e-04
   3.47559633e+02  -6.26809138e-04
   3.47560121e+02  -4.18846685e-05
   3.47560609e+02   1.82088712e-04
   3.47561098e+02  -1.39112090e-05
   3.47561586e+02  -1.54674817e-05
   3.47562074e+02   3.37501260e-04
   3.47562563e+02   5.68527845e-04
   3.47563051e+02   3.24876717e-04
   3.47563539e+02  -1.04487342e-04
   3.47564027e+02  -3.39466293e-04
   3.47564516e+02  -2.65153329e-04
   3.47565004e+02  -1.31650959e-04
   3.47565492e+02  -8.83445609e-05
   3.47565981e+02  -1.02804195e-04
   3.47566469e+02  -1.21231526e-04
   3.47566957e+02  -1.86721794e-04
   3.47567446e+02  -4.16980591e-04
   3.47567934e+02  -4.37720038e-04
   3.47568422e+02  -1.08606982e-04
   3.47568911e+02   5.81392815e-05
   3.47569399e+02  -3.28533906e-06
   3.47569887e+02   3.54765943e-05
   3.47570375e+02   3.18327890e-04
   3.47570864e+02   4.49821615e-04
   3.47571352e+02   1.86976758e-04
   3.47571840e+02   2.10970902e-04
   3.47572329e+02   6.03060878e-04
   3.47572817e+02   6.17979211e-04
   3.47573305e+02   2.86632363e-04
   3.47573794e+02   4.51553315e-05
   3.47574282e+02   6.75476840e-05
   3.47574770e+02   1.31308188e-04
   3.47575259e+02  -7.61177871e-05
   3.47575747e+02  -1.83537704e-04
   3.47576235e+02   8.18267508e-05
   3.47576723e+02   4.51524043e-04
   3.47577212e+02   6.36309909e-04
   3.47577700e+02   4.80427901e-04
   3.47578188e+02   3.92815069e-04
   3.47578677e+02   5.96487836e-04
   3.47579165e+02   3.93360329e-04
   3.47579653e+02  -1.66580448e-05
   3.47580142e+02  -6.61651939e-05
   3.47580630e+02  -3.35178447e-05
   3.47581118e+02  -1.49015568e-05
   3.47581607e+02  -9.98313189e-05
   3.47582095e+02  -3.30722425e-04
   3.47582583e+02  -4.98013222e-04
   3.47583072e+02  -5.01877570e-04
   3.47583560e+02  -2.14864995e-04
   3.47584048e+02   3.02758039e-04
   3.47584536e+02   5.80855005e-04
   3.47585025e+02   2.58289074e-04
   3.47585513e+02  -7.64850047e-05
   3.47586001e+02   1.42397956e-04
   3.47586490e+02   3.53465090e-04
   3.47586978e+02   3.50168775e-05
   3.47587466e+02  -3.17021157e-04
   3.47587955e+02  -4.03433834e-04
   3.47588443e+02  -4.25032864e-04
   3.47588931e+02  -2.35534491e-04
   3.47589420e+02  -5.17968983e-05
   3.47589908e+02  -1.47657498e-04
   3.47590396e+02  -2.08948768e-04
   3.47590884e+02  -3.39967984e-04
   3.47591373e+02  -5.32899867e-04
   3.47591861e+02  -3.70008114e-04
   3.47592349e+02  -3.70960879e-05
   3.47592838e+02   1.00477475e-04
   3.47593326e+02  -8.12435028e-05
   3.47593814e+02  -4.01263766e-04
   3.47594303e+02  -4.29522013e-04
   3.47594791e+02  -3.03823646e-04
   3.47595279e+02  -2.70384247e-04
   3.47595768e+02  -1.53330082e-04
   3.47596256e+02  -1.11283247e-04
   3.47596744e+02  -3.62534425e-04
   3.47597232e+02  -4.32624103e-04
   3.47597721e+02  -2.31846891e-04
   3.47598209e+02  -2.61242007e-04
   3.47598697e+02  -5.83068235e-04
   3.47599186e+02  -6.54766744e-04
   3.47599674e+02  -4.99225687e-04
   3.47600162e+02  -6.90917252e-04
   3.47600651e+02  -7.92368315e-04
   3.47601139e+02  -3.60784121e-04
   3.47601627e+02  -5.56181003e-05
   3.47602116e+02  -3.48264184e-05
   3.47602604e+02   3.10582182e-05
   3.47603092e+02  -1.46514212e-05
   3.47603580e+02  -1.78896124e-04
   3.47604069e+02  -3.02420347e-04
   3.47604557e+02  -4.26346989e-04
   3.47605045e+02  -4.79542359e-04
   3.47605534e+02  -4.14436334e-04
   3.47606022e+02  -2.46981741e-04
   3.47606510e+02   1.06070693e-04
   3.47606999e+02   4.51222324e-04
   3.47607487e+02   5.71534212e-04
   3.47607975e+02   5.23551775e-04
   3.47608464e+02   2.45750678e-04
   3.47608952e+02  -1.93210217e-04
   3.47609440e+02  -4.69693769e-04
   3.47609928e+02  -3.92713351e-04
   3.47610417e+02  -2.31002647e-04
   3.47610905e+02  -2.04574389e-04
   3.47611393e+02  -6.01143911e-05
   3.47611882e+02   2.78904714e-04
   3.47612370e+02   4.37193172e-04
   3.47612858e+02   2.40959882e-04
   3.47613347e+02   2.47520657e-04
   3.47613835e+02   5.68024290e-04
   3.47614323e+02   5.29587734e-04
   3.47614812e+02   3.50356277e-05
   3.47615300e+02  -3.50807881e-04
   3.47615788e+02  -3.89810855e-04
   3.47616276e+02  -2.61091976e-04
   3.47616765e+02  -1.18963348e-04
   3.47617253e+02  -3.32242707e-05
   3.47617741e+02   8.30966601e-05
   3.47618230e+02   2.74368882e-04
   3.47618718e+02   3.64825886e-04
   3.47619206e+02   2.04357042e-04
   3.47619695e+02  -2.00694456e-04
   3.47620183e+02  -3.33685108e-04
   3.47620671e+02   1.41059034e-04
   3.47621160e+02   4.36068396e-04
   3.47621648e+02   1.88889884e-04
   3.47622136e+02  -2.12409195e-05
   3.47622625e+02  -1.06245381e-04
   3.47623113e+02  -2.40706329e-04
   3.47623601e+02  -2.42020877e-04
   3.47624089e+02  -1.61464952e-04
   3.47624578e+02  -2.79914209e-04
   3.47625066e+02  -3.85410181e-04
   3.47625554e+02  -1.14251350e-04
   3.47626043e+02   1.66827944e-04
   3.47626531e+02  -1.16986863e-04
   3.47627019e+02  -4.46435297e-04
   3.47627508e+02  -2.09178485e-04
   3.47627996e+02   7.63872158e-05
   3.47628484e+02   7.38329982e-05
   3.47628973e+02  -1.45646591e-05
   3.47629461e+02  -6.65128609e-05
   3.47629949e+02   8.07669835e-07
   3.47630437e+02   6.62074817e-05
   3.47630926e+02   4.40181029e-05
   3.47631414e+02   1.93908672e-05
   3.47631902e+02  -1.35269351e-04
   3.47632391e+02  -3.24365828e-04
   3.47632879e+02  -3.03722627e-04
   3.47633367e+02  -1.72768821e-04
   3.47633856e+02  -5.12863289e-06
   3.47634344e+02   1.05321582e-04
   3.47634832e+02  -1.92994339e-05
   3.47635321e+02  -2.61577166e-04
   3.47635809e+02  -3.24584136e-04
   3.47636297e+02  -2.58986809e-04
   3.47636785e+02  -2.17455017e-04
   3.47637274e+02   2.39701658e-05
   3.47637762e+02   2.56670319e-04
   3.47638250e+02   2.12552077e-05
   3.47638739e+02  -1.11367568e-04
   3.47639227e+02   1.71935812e-04
   3.47639715e+02   2.62521760e-04
   3.47640204e+02  -8.64214526e-05
   3.47640692e+02  -2.02870986e-04
   3.47641180e+02   3.71303060e-04
   3.47641669e+02   7.02415768e-04
   3.47642157e+02   1.92058316e-04
   3.47642645e+02  -4.72608750e-04
   3.47643133e+02  -8.55366292e-04
   3.47643622e+02  -8.22565926e-04
   3.47644110e+02  -2.73002777e-04
   3.47644598e+02   2.71928235e-04
   3.47645087e+02   3.95063282e-04
   3.47645575e+02   3.36818775e-04
   3.47646063e+02   1.56508060e-04
   3.47646552e+02  -2.26441553e-04
   3.47647040e+02  -4.82746924e-04
   3.47647528e+02  -3.89916386e-04
   3.47648017e+02  -4.51008164e-05
   3.47648505e+02   2.87627947e-04
   3.47648993e+02   2.55938648e-04
   3.47649481e+02  -5.92945471e-05
   3.47649970e+02  -3.34971235e-04
   3.47650458e+02  -3.06223490e-04
   3.47650946e+02  -2.36021806e-05
   3.47651435e+02  -5.19528876e-05
   3.47651923e+02  -3.18699196e-04
   3.47652411e+02  -1.72858214e-04
   3.47652900e+02   3.56065546e-04
   3.47653388e+02   7.64477125e-04
   3.47653876e+02   7.50958861e-04
   3.47654365e+02   4.81047260e-04
   3.47654853e+02   4.26839688e-04
   3.47655341e+02   5.49312390e-04
   3.47655829e+02   3.98624776e-04
   3.47656318e+02   6.77683202e-05
   3.47656806e+02  -7.20106163e-06
   3.47657294e+02   1.50563021e-04
   3.47657783e+02   1.01649042e-04
   3.47658271e+02  -1.58110182e-04
   3.47658759e+02  -1.21392499e-04
   3.47659248e+02   1.91296436e-04
   3.47659736e+02   2.73381971e-04
   3.47660224e+02   1.84647011e-04
   3.47660713e+02   2.15526030e-04
   3.47661201e+02   1.68549755e-04
   3.47661689e+02  -6.20108185e-05
   3.47662177e+02  -2.86196126e-04
   3.47662666e+02  -5.01073606e-04
   3.47663154e+02  -5.26883116e-04
   3.47663642e+02  -2.45729258e-04
   3.47664131e+02  -9.14523189e-05
   3.47664619e+02  -1.84275123e-04
   3.47665107e+02  -2.39533852e-04
   3.47665596e+02  -5.03299270e-05
   3.47666084e+02   2.47955060e-04
   3.47666572e+02   1.99390095e-04
   3.47667061e+02  -4.42107594e-05
   3.47667549e+02  -1.44603982e-04
   3.47668037e+02  -3.27156100e-04
   3.47668526e+02  -5.63848414e-04
   3.47669014e+02  -5.83279878e-04
   3.47669502e+02  -4.77970985e-04
   3.47669990e+02  -2.72950943e-04
   3.47670479e+02   9.70664332e-05
   3.47670967e+02   4.24457248e-04
   3.47671455e+02   5.33902261e-04
   3.47671944e+02   4.22259676e-04
   3.47672432e+02   2.37075816e-04
   3.47672920e+02   2.39043235e-04
   3.47673409e+02   3.95465293e-04
   3.47673897e+02   2.70990189e-04
   3.47674385e+02  -1.17697120e-04
   3.47674874e+02  -3.95005569e-04
   3.47675362e+02  -5.53154852e-04
   3.47675850e+02  -7.33012566e-04
   3.47676338e+02  -8.06789845e-04
   3.47676827e+02  -5.93721052e-04
   3.47677315e+02  -4.27834428e-04
   3.47677803e+02  -3.58650315e-04
   3.47678292e+02  -1.46969600e-04
   3.47678780e+02  -7.95985106e-05
   3.47679268e+02  -1.44504127e-04
   3.47679757e+02  -8.40915309e-05
   3.47680245e+02   9.74962459e-05
   3.47680733e+02   3.07621463e-04
   3.47681222e+02   3.62448423e-04
   3.47681710e+02   2.50691985e-04
   3.47682198e+02   5.49130418e-05
   3.47682686e+02  -2.26968245e-04
   3.47683175e+02  -2.79936765e-04
   3.47683663e+02  -5.56841915e-05
   3.47684151e+02   4.76125642e-05
   3.47684640e+02   2.86650029e-05
   3.47685128e+02  -8.09753037e-05
   3.47685616e+02  -2.56592088e-04
   3.47686105e+02  -3.62590334e-04
   3.47686593e+02  -5.00427152e-04
   3.47687081e+02  -6.57869852e-04
   3.47687570e+02  -7.03768339e-04
   3.47688058e+02  -6.76665222e-04
   3.47688546e+02  -5.57501742e-04
   3.47689034e+02  -3.58260964e-04
   3.47689523e+02  -2.96194397e-04
   3.47690011e+02  -4.54587542e-04
   3.47690499e+02  -5.23033377e-04
   3.47690988e+02  -2.69210839e-04
   3.47691476e+02   3.97348595e-05
   3.47691964e+02   1.74507441e-04
   3.47692453e+02   9.23063708e-05
   3.47692941e+02  -1.27739331e-04
   3.47693429e+02  -1.31773893e-04
   3.47693918e+02  -3.73808798e-05
   3.47694406e+02   3.21203370e-05
   3.47694894e+02   1.44733800e-04
