frequency (GHz), flux (Jy/beam)
   3.56198789e+02   7.58491165e-04
   3.56199277e+02   3.04112124e-04
   3.56199766e+02  -2.40183639e-04
   3.56200254e+02  -4.28038387e-04
   3.56200742e+02  -3.06021830e-04
   3.56201231e+02  -1.74752029e-04
   3.56201719e+02  -6.23916203e-05
   3.56202207e+02   2.28102635e-05
   3.56202695e+02  -1.32867214e-07
   3.56203184e+02   3.98444645e-05
   3.56203672e+02   3.26424168e-04
   3.56204160e+02   4.56837151e-04
   3.56204649e+02   1.07164393e-04
   3.56205137e+02  -2.22696472e-04
   3.56205625e+02  -2.00404145e-04
   3.56206114e+02   2.41350004e-04
   3.56206602e+02   9.29145317e-04
   3.56207090e+02   1.00483012e-03
   3.56207579e+02   3.02116357e-04
   3.56208067e+02  -8.22111906e-05
   3.56208555e+02   4.57955583e-04
   3.56209044e+02   8.07596429e-04
   3.56209532e+02   2.83882982e-04
   3.56210020e+02  -7.83502546e-05
   3.56210508e+02   7.44017525e-05
   3.56210997e+02   9.65312502e-05
   3.56211485e+02  -1.43246303e-04
   3.56211973e+02  -2.65265029e-04
   3.56212462e+02   8.53516940e-06
   3.56212950e+02   3.96701682e-04
   3.56213438e+02   6.73022412e-04
   3.56213927e+02   7.68956961e-04
   3.56214415e+02   5.17108594e-04
   3.56214903e+02   2.99953186e-04
   3.56215392e+02   3.06627830e-04
   3.56215880e+02   5.30759207e-05
   3.56216368e+02  -3.46500427e-04
   3.56216856e+02  -2.83222762e-04
   3.56217345e+02  -1.06183061e-05
   3.56217833e+02  -2.20165675e-04
   3.56218321e+02  -8.73451761e-04
   3.56218810e+02  -1.21610484e-03
   3.56219298e+02  -7.71335617e-04
   3.56219786e+02  -3.35223711e-04
   3.56220275e+02  -5.06059499e-04
   3.56220763e+02  -5.48312499e-04
   3.56221251e+02  -2.54282524e-04
   3.56221740e+02   2.29155266e-05
   3.56222228e+02   4.49401909e-04
   3.56222716e+02   8.10729514e-04
   3.56223204e+02   7.06996769e-04
   3.56223693e+02   3.41643667e-04
   3.56224181e+02  -5.85938578e-05
   3.56224669e+02  -3.89533991e-04
   3.56225158e+02  -3.64644104e-04
   3.56225646e+02  -2.03014752e-05
   3.56226134e+02   7.46642618e-05
   3.56226623e+02   4.86799365e-07
   3.56227111e+02   2.52693950e-04
   3.56227599e+02   7.47174025e-04
   3.56228088e+02   1.00010901e-03
   3.56228576e+02   6.41099003e-04
   3.56229064e+02   1.72260043e-05
   3.56229552e+02  -1.10436493e-04
   3.56230041e+02   3.45429231e-04
   3.56230529e+02   4.59210569e-04
   3.56231017e+02  -1.59723553e-04
   3.56231506e+02  -7.59440183e-04
   3.56231994e+02  -8.19518056e-04
   3.56232482e+02  -4.11641056e-04
   3.56232971e+02   1.28296975e-04
   3.56233459e+02   2.55804160e-04
   3.56233947e+02  -1.56836541e-04
   3.56234436e+02  -3.58249788e-04
   3.56234924e+02  -6.61382137e-06
   3.56235412e+02   1.91888801e-04
   3.56235900e+02   2.30389240e-04
   3.56236389e+02   4.73122258e-04
   3.56236877e+02   3.63281230e-04
   3.56237365e+02  -1.77713271e-04
   3.56237854e+02  -3.87092674e-04
   3.56238342e+02  -2.97201244e-04
   3.56238830e+02  -4.06533974e-04
   3.56239319e+02  -4.03086538e-04
   3.56239807e+02  -1.80215371e-04
   3.56240295e+02  -9.82655110e-05
   3.56240784e+02  -2.15412510e-04
   3.56241272e+02  -3.70066846e-04
   3.56241760e+02  -1.95489207e-04
   3.56242248e+02   1.07110936e-04
   3.56242737e+02  -5.76891325e-05
   3.56243225e+02  -4.08451364e-04
   3.56243713e+02  -4.89108730e-04
   3.56244202e+02  -4.18950978e-04
   3.56244690e+02  -2.64848757e-04
   3.56245178e+02  -1.05437302e-05
   3.56245667e+02   6.84907791e-05
   3.56246155e+02  -2.43932329e-04
   3.56246643e+02  -6.88338594e-04
   3.56247132e+02  -6.18760299e-04
   3.56247620e+02  -1.04336847e-04
   3.56248108e+02   1.61968070e-04
   3.56248597e+02   1.45713129e-04
   3.56249085e+02   1.10147492e-04
   3.56249573e+02   1.42397606e-04
   3.56250061e+02   2.74858554e-04
   3.56250550e+02   2.86175869e-04
   3.56251038e+02  -5.57909771e-05
   3.56251526e+02  -3.55494180e-04
   3.56252015e+02  -1.21302852e-04
   3.56252503e+02   1.21235273e-04
   3.56252991e+02   6.34629978e-05
   3.56253480e+02   1.00002071e-04
   3.56253968e+02  -1.59389892e-04
   3.56254456e+02  -4.56847833e-04
   3.56254945e+02  -2.31091835e-04
   3.56255433e+02  -8.73100944e-05
   3.56255921e+02  -2.17223045e-04
   3.56256409e+02  -7.72723070e-05
   3.56256898e+02   1.53262226e-04
   3.56257386e+02   2.56991007e-05
   3.56257874e+02  -1.16182062e-04
   3.56258363e+02   5.78717372e-05
   3.56258851e+02   1.36893301e-04
   3.56259339e+02   3.35420518e-05
   3.56259828e+02   9.55198702e-05
   3.56260316e+02   2.43536429e-04
   3.56260804e+02   2.55904364e-04
   3.56261293e+02   1.71005668e-04
   3.56261781e+02   2.91828437e-05
   3.56262269e+02  -1.63830948e-04
   3.56262757e+02  -3.08233575e-04
   3.56263246e+02  -3.34603537e-04
   3.56263734e+02  -2.16399072e-04
   3.56264222e+02  -9.64758874e-05
   3.56264711e+02  -5.23475828e-05
   3.56265199e+02  -1.65237850e-07
   3.56265687e+02   9.50873437e-05
   3.56266176e+02   1.12298745e-04
   3.56266664e+02  -2.20445581e-04
   3.56267152e+02  -5.56671293e-04
   3.56267641e+02  -3.59617698e-04
   3.56268129e+02  -7.74931541e-05
   3.56268617e+02  -3.42325628e-04
   3.56269105e+02  -7.30669883e-04
   3.56269594e+02  -5.61958645e-04
   3.56270082e+02  -2.89646647e-04
   3.56270570e+02  -2.88338400e-04
   3.56271059e+02  -1.51153887e-04
   3.56271547e+02   2.01911898e-04
   3.56272035e+02   3.46828223e-04
   3.56272524e+02  -1.19002201e-04
   3.56273012e+02  -6.72615541e-04
   3.56273500e+02  -7.07979780e-04
   3.56273989e+02  -4.37048089e-04
   3.56274477e+02  -1.44793987e-04
   3.56274965e+02   3.22407141e-05
   3.56275453e+02   9.76743395e-05
   3.56275942e+02   9.45408246e-05
   3.56276430e+02   8.20581263e-05
   3.56276918e+02   8.72351375e-05
   3.56277407e+02  -6.08128812e-06
   3.56277895e+02  -1.46305392e-04
   3.56278383e+02  -1.31477309e-05
   3.56278872e+02   3.96721618e-04
   3.56279360e+02   6.77287113e-04
   3.56279848e+02   4.07422340e-04
   3.56280337e+02  -1.21548517e-04
   3.56280825e+02  -1.14982380e-04
   3.56281313e+02   2.30990365e-04
   3.56281801e+02   2.99618143e-04
   3.56282290e+02   2.78029882e-04
   3.56282778e+02   1.85361976e-04
   3.56283266e+02   1.60106400e-04
   3.56283755e+02   6.08740607e-04
   3.56284243e+02   9.31576826e-04
   3.56284731e+02   6.99615164e-04
   3.56285220e+02   4.63285367e-04
   3.56285708e+02   2.35892832e-04
   3.56286196e+02  -2.33470782e-04
   3.56286685e+02  -5.41381538e-04
   3.56287173e+02  -5.33757266e-04
   3.56287661e+02  -5.40987647e-04
   3.56288150e+02  -5.66619856e-04
   3.56288638e+02  -6.02097716e-04
   3.56289126e+02  -5.33622515e-04
   3.56289614e+02  -2.38663182e-04
   3.56290103e+02  -1.28717104e-04
   3.56290591e+02  -2.74736289e-04
   3.56291079e+02  -2.11630046e-04
   3.56291568e+02   1.14499788e-04
   3.56292056e+02   4.36746312e-04
   3.56292544e+02   6.97765441e-04
   3.56293033e+02   5.92783501e-04
   3.56293521e+02  -6.90891538e-05
   3.56294009e+02  -6.53769588e-04
   3.56294498e+02  -6.64930034e-04
   3.56294986e+02  -1.70484316e-04
   3.56295474e+02   4.08575113e-04
   3.56295962e+02   5.91113290e-04
   3.56296451e+02   3.48474743e-04
   3.56296939e+02  -1.39034615e-04
   3.56297427e+02  -4.95130662e-04
   3.56297916e+02  -4.79047303e-04
   3.56298404e+02  -3.27863178e-04
   3.56298892e+02   5.92778088e-06
   3.56299381e+02   5.36901061e-04
   3.56299869e+02   5.23752067e-04
   3.56300357e+02  -6.72505048e-05
   3.56300846e+02  -3.34952085e-04
   3.56301334e+02  -2.76195991e-04
   3.56301822e+02  -2.25074968e-04
   3.56302310e+02  -1.09156412e-04
   3.56302799e+02   1.82615360e-04
   3.56303287e+02   6.08379138e-04
   3.56303775e+02   7.14824127e-04
   3.56304264e+02   5.00181923e-04
   3.56304752e+02   4.81608091e-04
   3.56305240e+02   6.03820255e-04
   3.56305729e+02   4.66075580e-04
   3.56306217e+02   6.94736373e-05
   3.56306705e+02  -2.55894847e-04
   3.56307194e+02  -2.38132649e-04
   3.56307682e+02   9.02802640e-05
   3.56308170e+02   3.93997732e-04
   3.56308658e+02   3.52343603e-04
   3.56309147e+02  -2.28094032e-05
   3.56309635e+02  -3.38161073e-04
   3.56310123e+02  -3.48957896e-04
   3.56310612e+02  -4.91134342e-05
   3.56311100e+02   3.28901922e-04
   3.56311588e+02   4.37495582e-05
   3.56312077e+02  -3.88746965e-04
   3.56312565e+02  -8.42128211e-05
   3.56313053e+02   2.50084937e-04
   3.56313542e+02   2.59233522e-04
   3.56314030e+02   3.04391084e-04
   3.56314518e+02   1.79373324e-04
   3.56315006e+02  -6.46641492e-05
   3.56315495e+02  -2.28441699e-04
   3.56315983e+02  -3.91345355e-04
   3.56316471e+02  -1.29149470e-04
   3.56316960e+02   4.23371530e-04
   3.56317448e+02   6.60414749e-04
   3.56317936e+02   5.07780351e-04
   3.56318425e+02   1.87160811e-04
   3.56318913e+02   2.56195708e-05
   3.56319401e+02   1.27766471e-04
   3.56319890e+02   3.13110271e-04
   3.56320378e+02   2.76367791e-04
   3.56320866e+02   1.62034979e-04
   3.56321354e+02   2.41110829e-04
   3.56321843e+02   2.30240868e-04
   3.56322331e+02  -5.82048233e-05
   3.56322819e+02  -3.22395907e-04
   3.56323308e+02  -2.81624118e-04
   3.56323796e+02   7.11687971e-05
   3.56324284e+02   5.02986426e-04
   3.56324773e+02   7.27386156e-04
   3.56325261e+02   7.05084647e-04
   3.56325749e+02   6.08804170e-04
   3.56326238e+02   6.75351592e-04
   3.56326726e+02   9.53158189e-04
   3.56327214e+02   1.09433371e-03
   3.56327702e+02   9.84365586e-04
   3.56328191e+02   7.19447271e-04
   3.56328679e+02   3.06865870e-04
   3.56329167e+02  -1.41434575e-04
   3.56329656e+02  -4.11002868e-04
   3.56330144e+02  -4.00683144e-04
   3.56330632e+02  -2.43381015e-04
   3.56331121e+02  -9.33159681e-05
   3.56331609e+02   1.14283721e-04
   3.56332097e+02   2.61353824e-04
   3.56332586e+02   3.55218188e-04
   3.56333074e+02   3.45383422e-04
   3.56333562e+02   4.11401634e-05
   3.56334051e+02  -1.96057677e-04
   3.56334539e+02   1.05386216e-05
   3.56335027e+02   2.27897079e-04
   3.56335515e+02  -6.67905942e-06
   3.56336004e+02  -1.39191339e-04
   3.56336492e+02   9.54603456e-05
   3.56336980e+02   2.05467062e-04
   3.56337469e+02   1.92302075e-04
   3.56337957e+02   8.99569641e-05
   3.56338445e+02  -2.57281383e-04
   3.56338934e+02  -2.87285598e-04
   3.56339422e+02   3.19031446e-04
   3.56339910e+02   6.53697003e-04
   3.56340399e+02   1.33907233e-04
   3.56340887e+02  -6.71248185e-04
   3.56341375e+02  -1.02318393e-03
   3.56341863e+02  -7.74528889e-04
   3.56342352e+02  -4.07365907e-04
   3.56342840e+02  -2.07035584e-04
   3.56343328e+02  -2.45357951e-05
   3.56343817e+02   2.50615354e-04
   3.56344305e+02   5.52244135e-04
   3.56344793e+02   6.98752352e-04
   3.56345282e+02   8.44649156e-04
   3.56345770e+02   6.95957162e-04
   3.56346258e+02   1.95250570e-04
   3.56346747e+02   1.10327615e-04
   3.56347235e+02   2.12712228e-04
   3.56347723e+02  -4.21585028e-05
   3.56348211e+02  -3.98144068e-04
   3.56348700e+02  -6.53208699e-04
   3.56349188e+02  -5.49721182e-04
   3.56349676e+02   9.97005554e-06
   3.56350165e+02   3.43705731e-04
   3.56350653e+02   7.94756052e-05
   3.56351141e+02   1.30653470e-05
   3.56351630e+02   2.12294166e-04
   3.56352118e+02   3.43184875e-05
   3.56352606e+02   2.23209630e-04
   3.56353095e+02   8.06573080e-04
   3.56353583e+02   6.67118758e-04
   3.56354071e+02   7.77603054e-05
   3.56354559e+02  -1.72155997e-04
   3.56355048e+02  -9.30210517e-05
   3.56355536e+02  -3.95658062e-05
   3.56356024e+02   8.23089431e-05
   3.56356513e+02   1.15470662e-04
   3.56357001e+02   3.84013620e-05
   3.56357489e+02   3.02592118e-04
   3.56357978e+02   6.79956225e-04
   3.56358466e+02   7.84144562e-04
   3.56358954e+02   5.83797926e-04
   3.56359443e+02   4.34468617e-04
   3.56359931e+02   2.68278149e-04
   3.56360419e+02  -2.16100540e-04
   3.56360907e+02  -3.23111977e-04
   3.56361396e+02  -9.30152601e-05
   3.56361884e+02   1.40218026e-05
   3.56362372e+02   3.90814763e-04
   3.56362861e+02   6.73078583e-04
   3.56363349e+02   3.95935145e-04
   3.56363837e+02   1.46397157e-04
   3.56364326e+02   1.73744964e-04
   3.56364814e+02   9.20093225e-05
   3.56365302e+02  -1.31278721e-04
   3.56365791e+02  -3.85543040e-04
   3.56366279e+02  -4.97312692e-04
   3.56366767e+02  -3.69436631e-04
   3.56367255e+02  -1.97209083e-04
   3.56367744e+02  -2.11673032e-04
   3.56368232e+02  -5.11988183e-04
   3.56368720e+02  -5.66018454e-04
   3.56369209e+02  -4.08861437e-04
   3.56369697e+02  -5.14769985e-04
   3.56370185e+02  -5.68776391e-04
   3.56370674e+02  -4.67853504e-04
   3.56371162e+02  -4.40933327e-05
   3.56371650e+02   7.98602472e-04
   3.56372139e+02   1.05930690e-03
   3.56372627e+02   4.33954003e-04
   3.56373115e+02  -1.68920888e-04
   3.56373604e+02  -9.20737075e-05
   3.56374092e+02   2.10761573e-04
   3.56374580e+02   2.08864352e-04
   3.56375068e+02   1.05107072e-04
   3.56375557e+02  -2.31038866e-05
   3.56376045e+02  -1.36819755e-04
   3.56376533e+02  -6.92610629e-05
   3.56377022e+02   2.07398451e-04
   3.56377510e+02   5.71926648e-04
   3.56377998e+02   6.71073911e-04
   3.56378487e+02   8.65191396e-04
   3.56378975e+02   2.04280950e-03
   3.56379463e+02   4.11478709e-03
   3.56379952e+02   6.47687912e-03
   3.56380440e+02   8.80075525e-03
   3.56380928e+02   1.11519005e-02
   3.56381416e+02   1.27125466e-02
   3.56381905e+02   1.25718918e-02
   3.56382393e+02   1.09095136e-02
   3.56382881e+02   8.15093517e-03
   3.56383370e+02   5.30222896e-03
   3.56383858e+02   2.79894006e-03
   3.56384346e+02   1.14123931e-03
   3.56384835e+02   4.55958536e-04
   3.56385323e+02  -1.09616951e-06
   3.56385811e+02  -1.23772144e-04
   3.56386300e+02  -2.07107369e-05
   3.56386788e+02  -4.60270894e-05
   3.56387276e+02  -1.32915622e-04
   3.56387764e+02  -1.71443215e-04
   3.56388253e+02  -8.28999327e-05
   3.56388741e+02   9.97604220e-05
   3.56389229e+02   1.57463655e-04
   3.56389718e+02   5.47331110e-05
   3.56390206e+02  -1.65545716e-04
   3.56390694e+02  -2.69537122e-04
   3.56391183e+02  -1.52530600e-04
   3.56391671e+02  -2.46470387e-04
   3.56392159e+02  -5.83658810e-04
   3.56392648e+02  -5.99660154e-04
   3.56393136e+02  -2.74841674e-04
   3.56393624e+02  -1.29789463e-04
   3.56394112e+02  -1.66906626e-04
   3.56394601e+02  -1.67953200e-04
   3.56395089e+02  -1.65593199e-04
   3.56395577e+02  -1.28571264e-04
   3.56396066e+02   3.17902231e-05
   3.56396554e+02   3.96281801e-04
   3.56397042e+02   8.80670443e-04
   3.56397531e+02   9.66943160e-04
   3.56398019e+02   5.33109938e-04
   3.56398507e+02   1.28612504e-04
   3.56398996e+02  -1.08170418e-04
   3.56399484e+02  -5.18319503e-05
   3.56399972e+02   2.50299199e-04
   3.56400460e+02   3.26547219e-04
   3.56400949e+02   2.12265601e-04
   3.56401437e+02   1.36953386e-04
   3.56401925e+02   2.49744277e-04
   3.56402414e+02   4.84197430e-04
   3.56402902e+02   2.95428676e-04
   3.56403390e+02  -7.38465242e-05
   3.56403879e+02  -4.84083903e-05
   3.56404367e+02   9.21941755e-05
   3.56404855e+02   8.74201287e-05
   3.56405344e+02   9.50338144e-05
   3.56405832e+02   5.83310393e-05
   3.56406320e+02  -1.26987929e-04
   3.56406808e+02  -2.15040724e-04
   3.56407297e+02  -1.77188238e-04
   3.56407785e+02   2.86845407e-05
   3.56408273e+02   3.63684230e-04
   3.56408762e+02   4.23436461e-04
   3.56409250e+02   1.20292156e-04
   3.56409738e+02   6.60000078e-05
   3.56410227e+02   4.57846560e-04
   3.56410715e+02   5.34031889e-04
   3.56411203e+02   2.38434601e-04
   3.56411692e+02   4.49467771e-04
   3.56412180e+02   6.41090854e-04
   3.56412668e+02   2.16143148e-04
   3.56413157e+02   6.29883725e-05
   3.56413645e+02   2.01861694e-04
   3.56414133e+02   2.02498210e-04
   3.56414621e+02   1.07890664e-04
   3.56415110e+02   4.79581940e-05
   3.56415598e+02   3.33962846e-04
   3.56416086e+02   7.69959181e-04
   3.56416575e+02   7.88496458e-04
   3.56417063e+02   4.31721244e-04
   3.56417551e+02   5.99637642e-05
   3.56418040e+02   5.08849953e-05
   3.56418528e+02   6.19687024e-04
   3.56419016e+02   9.12769057e-04
   3.56419505e+02   3.81967315e-04
   3.56419993e+02  -2.72295787e-04
   3.56420481e+02  -5.06535347e-04
   3.56420969e+02  -3.14896257e-04
   3.56421458e+02  -9.87110252e-05
   3.56421946e+02  -1.11030822e-04
   3.56422434e+02  -2.92043824e-05
   3.56422923e+02   2.25349795e-04
   3.56423411e+02   3.23712738e-04
   3.56423899e+02   2.66724004e-04
   3.56424388e+02   2.11370862e-04
   3.56424876e+02   1.03967279e-04
   3.56425364e+02   7.08809821e-05
   3.56425853e+02   6.29525603e-05
   3.56426341e+02  -7.11430257e-05
   3.56426829e+02  -1.50398715e-04
   3.56427317e+02  -1.27248728e-04
   3.56427806e+02  -1.20330435e-04
   3.56428294e+02  -1.38699717e-04
   3.56428782e+02  -6.97893047e-05
   3.56429271e+02  -1.34518516e-04
   3.56429759e+02  -5.16641245e-04
   3.56430247e+02  -8.62513320e-04
   3.56430736e+02  -9.66497231e-04
   3.56431224e+02  -8.51809978e-04
   3.56431712e+02  -2.49285484e-04
   3.56432201e+02   2.79366825e-04
   3.56432689e+02   4.86798206e-04
   3.56433177e+02   4.15802671e-04
   3.56433665e+02   2.63347203e-04
   3.56434154e+02   3.55539814e-04
   3.56434642e+02   5.12071943e-04
   3.56435130e+02   6.83693564e-04
   3.56435619e+02   4.93554282e-04
   3.56436107e+02  -1.88544975e-04
   3.56436595e+02  -6.34914963e-04
   3.56437084e+02  -5.22195827e-04
   3.56437572e+02  -1.26649815e-04
   3.56438060e+02   2.00353694e-04
   3.56438549e+02   2.43533912e-04
   3.56439037e+02   1.08333385e-04
   3.56439525e+02   4.89058402e-06
   3.56440013e+02  -5.30958023e-05
   3.56440502e+02  -1.89699669e-04
   3.56440990e+02  -1.58455674e-04
   3.56441478e+02   9.59153112e-05
   3.56441967e+02   3.53625728e-05
   3.56442455e+02   1.21971054e-04
   3.56442943e+02   4.66620870e-04
   3.56443432e+02   2.63350143e-04
   3.56443920e+02  -1.39956013e-04
   3.56444408e+02  -3.00618587e-04
   3.56444897e+02  -3.36956349e-04
   3.56445385e+02  -3.89534718e-04
   3.56445873e+02  -4.85346158e-04
   3.56446361e+02  -2.42119015e-04
   3.56446850e+02   1.41759156e-04
   3.56447338e+02   5.15216982e-07
   3.56447826e+02  -3.33347794e-04
   3.56448315e+02  -3.52708594e-04
   3.56448803e+02  -1.58874886e-04
   3.56449291e+02   1.48516374e-05
   3.56449780e+02   1.78531991e-04
   3.56450268e+02   5.04264492e-04
   3.56450756e+02   5.91638905e-04
   3.56451245e+02   2.58528249e-04
   3.56451733e+02   4.35909606e-05
   3.56452221e+02   1.57169561e-04
   3.56452710e+02   2.83461530e-04
   3.56453198e+02   3.27610440e-04
   3.56453686e+02   2.78202468e-04
   3.56454174e+02   5.75629856e-05
   3.56454663e+02  -7.63809658e-05
   3.56455151e+02  -7.31979817e-05
   3.56455639e+02  -1.62664699e-04
   3.56456128e+02  -3.27526795e-04
   3.56456616e+02  -4.44917270e-04
   3.56457104e+02  -2.43271992e-04
   3.56457593e+02   3.91254493e-04
   3.56458081e+02   8.80467473e-04
   3.56458569e+02   8.02519557e-04
   3.56459058e+02   4.83532349e-04
   3.56459546e+02   1.49748434e-04
   3.56460034e+02  -1.80574425e-04
   3.56460522e+02  -4.03853453e-04
   3.56461011e+02  -3.69343936e-04
   3.56461499e+02  -1.55679023e-04
   3.56461987e+02   6.22682546e-06
   3.56462476e+02   9.35013959e-05
   3.56462964e+02   2.05405202e-04
   3.56463452e+02   3.86357860e-04
   3.56463941e+02   3.61452723e-04
   3.56464429e+02   5.35407489e-05
   3.56464917e+02  -4.28014609e-05
   3.56465406e+02   1.24104772e-04
   3.56465894e+02   1.92098552e-04
   3.56466382e+02   3.23245797e-04
   3.56466870e+02   5.00731345e-04
   3.56467359e+02   4.80095565e-04
   3.56467847e+02   1.04029357e-04
   3.56468335e+02  -4.21298668e-04
   3.56468824e+02  -3.92259768e-04
   3.56469312e+02  -5.81013592e-05
   3.56469800e+02  -2.10084036e-04
   3.56470289e+02  -5.40023728e-04
   3.56470777e+02  -5.99553343e-04
   3.56471265e+02  -4.93381231e-04
   3.56471754e+02  -3.27475427e-04
   3.56472242e+02   4.24551763e-05
   3.56472730e+02   1.86594756e-04
   3.56473218e+02  -2.37643268e-04
   3.56473707e+02  -4.25450417e-04
   3.56474195e+02  -8.11970094e-05
   3.56474683e+02   1.12672875e-04
   3.56475172e+02   1.80298375e-04
   3.56475660e+02   4.16793453e-04
   3.56476148e+02   4.49007610e-04
   3.56476637e+02   2.09679012e-04
   3.56477125e+02   6.39508216e-05
   3.56477613e+02   6.96548086e-05
   3.56478102e+02  -1.91069398e-06
   3.56478590e+02   9.55035284e-05
   3.56479078e+02   5.56945393e-04
   3.56479566e+02   6.34631317e-04
   3.56480055e+02   5.79044136e-05
   3.56480543e+02  -4.99667949e-04
   3.56481031e+02  -6.10090676e-04
   3.56481520e+02  -5.65531780e-04
   3.56482008e+02  -4.52113862e-04
   3.56482496e+02  -9.46284345e-05
   3.56482985e+02   1.21228557e-04
   3.56483473e+02  -1.27209987e-05
   3.56483961e+02  -3.28414171e-04
   3.56484450e+02  -6.07836351e-04
   3.56484938e+02  -5.42534399e-04
   3.56485426e+02  -2.20282731e-04
   3.56485914e+02   4.68949656e-05
   3.56486403e+02   6.99197481e-05
   3.56486891e+02  -1.71997744e-04
   3.56487379e+02  -3.71863833e-04
   3.56487868e+02  -3.74832598e-04
   3.56488356e+02  -1.94839260e-04
   3.56488844e+02  -3.84751947e-05
   3.56489333e+02  -1.89718819e-04
   3.56489821e+02  -4.34773712e-04
   3.56490309e+02  -3.73680377e-04
   3.56490798e+02  -2.56102823e-04
   3.56491286e+02  -2.16631612e-04
   3.56491774e+02  -1.86587233e-04
   3.56492263e+02  -1.89786326e-04
   3.56492751e+02  -6.58396357e-06
   3.56493239e+02   4.78090951e-04
   3.56493727e+02   8.10233178e-04
   3.56494216e+02   7.94965890e-04
   3.56494704e+02   6.09857962e-04
   3.56495192e+02   3.33391305e-04
   3.56495681e+02   1.47717496e-04
   3.56496169e+02   1.82202537e-04
   3.56496657e+02   3.56215722e-04
   3.56497146e+02   5.20989357e-04
   3.56497634e+02   3.98923206e-04
   3.56498122e+02   6.06760041e-05
   3.56498611e+02  -2.45300325e-04
   3.56499099e+02  -2.82037014e-04
   3.56499587e+02   1.32325222e-04
   3.56500075e+02   5.67477080e-04
   3.56500564e+02   6.69236644e-04
   3.56501052e+02   6.51452050e-04
   3.56501540e+02   6.90331333e-04
   3.56502029e+02   5.01571689e-04
   3.56502517e+02   1.11214715e-04
   3.56503005e+02  -6.96429415e-05
   3.56503494e+02   3.68773217e-05
   3.56503982e+02   2.03557880e-04
   3.56504470e+02   7.22253535e-05
   3.56504959e+02  -7.62209747e-05
   3.56505447e+02   7.87699901e-05
   3.56505935e+02   1.34697184e-04
   3.56506423e+02  -6.73744289e-05
   3.56506912e+02  -2.71151366e-04
   3.56507400e+02  -3.47086811e-04
   3.56507888e+02  -4.06442967e-04
   3.56508377e+02  -3.74489726e-04
   3.56508865e+02  -3.86594911e-04
   3.56509353e+02  -6.88562228e-04
   3.56509842e+02  -8.27825977e-04
   3.56510330e+02  -5.94631478e-04
   3.56510818e+02  -4.27140127e-04
   3.56511307e+02  -5.06820681e-04
   3.56511795e+02  -7.49347557e-04
   3.56512283e+02  -6.42335974e-04
   3.56512771e+02  -4.51807682e-05
   3.56513260e+02   3.04361602e-04
   3.56513748e+02   1.83737386e-04
   3.56514236e+02   2.50143174e-04
   3.56514725e+02   9.30130773e-04
   3.56515213e+02   1.50482170e-03
   3.56515701e+02   1.09565386e-03
   3.56516190e+02   2.09703983e-04
   3.56516678e+02  -3.87658074e-05
   3.56517166e+02   1.36693154e-04
   3.56517655e+02   1.46541730e-04
   3.56518143e+02   4.98675290e-05
   3.56518631e+02   6.96427105e-06
   3.56519119e+02   2.27342651e-04
   3.56519608e+02   3.83761013e-04
   3.56520096e+02  -4.07197986e-05
   3.56520584e+02  -7.03933067e-04
   3.56521073e+02  -1.08756265e-03
   3.56521561e+02  -9.48788831e-04
   3.56522049e+02  -5.06680866e-04
   3.56522538e+02  -3.65368789e-04
   3.56523026e+02  -3.19493440e-04
   3.56523514e+02  -1.54470661e-04
   3.56524003e+02  -3.83291044e-04
   3.56524491e+02  -5.45890129e-04
   3.56524979e+02  -2.61009118e-04
   3.56525467e+02  -1.77548034e-04
   3.56525956e+02  -3.33532284e-04
   3.56526444e+02  -1.76527523e-04
   3.56526932e+02  -2.77915933e-05
   3.56527421e+02  -9.84172511e-05
   3.56527909e+02   1.79922245e-05
   3.56528397e+02   2.20687987e-04
   3.56528886e+02   2.87037721e-04
   3.56529374e+02   3.41045787e-04
   3.56529862e+02   4.63853707e-04
   3.56530351e+02   6.19878934e-04
   3.56530839e+02   7.89792743e-04
   3.56531327e+02   6.23982574e-04
   3.56531816e+02   6.13046213e-05
   3.56532304e+02  -2.02820636e-04
   3.56532792e+02  -4.38681236e-05
   3.56533280e+02  -1.78189017e-04
   3.56533769e+02  -3.12247634e-04
   3.56534257e+02   4.62175103e-06
   3.56534745e+02   2.61410285e-04
   3.56535234e+02   4.94845444e-04
   3.56535722e+02   7.48440914e-04
   3.56536210e+02   6.39674312e-04
   3.56536699e+02   4.05683066e-04
   3.56537187e+02   2.24241245e-04
   3.56537675e+02   1.38253192e-04
   3.56538164e+02   2.26755277e-04
   3.56538652e+02   2.72831268e-04
   3.56539140e+02   6.36838740e-05
   3.56539628e+02  -1.22822239e-04
   3.56540117e+02  -4.36122500e-05
   3.56540605e+02   1.08735236e-04
   3.56541093e+02   2.35218278e-04
   3.56541582e+02   2.97316059e-04
   3.56542070e+02   3.44046915e-04
   3.56542558e+02   3.43629334e-04
   3.56543047e+02   7.45080906e-05
   3.56543535e+02  -2.62513931e-04
   3.56544023e+02  -3.31354473e-04
   3.56544512e+02  -1.66768310e-04
   3.56545000e+02   2.48922606e-05
   3.56545488e+02   1.90242150e-04
   3.56545976e+02   2.06107507e-04
   3.56546465e+02   1.08477157e-04
   3.56546953e+02   1.36703908e-04
   3.56547441e+02   3.41476261e-04
   3.56547930e+02   5.80469263e-04
   3.56548418e+02   5.88377239e-04
   3.56548906e+02   4.47014550e-04
   3.56549395e+02   3.75981035e-04
   3.56549883e+02  -2.20792390e-05
   3.56550371e+02  -3.60951730e-04
   3.56550860e+02  -1.32026224e-04
   3.56551348e+02  -9.06706773e-05
   3.56551836e+02  -3.62026301e-04
   3.56552324e+02  -1.12462061e-04
   3.56552813e+02   5.30944380e-04
   3.56553301e+02   7.50190520e-04
   3.56553789e+02   7.72691914e-04
   3.56554278e+02   8.13844847e-04
   3.56554766e+02   5.45452291e-04
   3.56555254e+02   3.46865418e-04
   3.56555743e+02   3.95002076e-04
   3.56556231e+02   3.96254560e-04
   3.56556719e+02   2.21560942e-04
   3.56557208e+02   4.71868589e-06
   3.56557696e+02   5.85789530e-06
   3.56558184e+02   1.06899915e-05
   3.56558672e+02  -1.25527358e-05
   3.56559161e+02   1.82609583e-04
   3.56559649e+02   3.28410300e-04
   3.56560137e+02   1.42316101e-04
   3.56560626e+02  -1.02319318e-04
   3.56561114e+02  -1.97097310e-04
   3.56561602e+02  -3.61016311e-04
   3.56562091e+02  -5.46563708e-04
   3.56562579e+02  -3.99479497e-04
   3.56563067e+02  -1.57217815e-04
   3.56563556e+02  -5.86951355e-05
   3.56564044e+02  -2.03382933e-06
   3.56564532e+02  -2.85998867e-05
   3.56565020e+02  -5.20186441e-05
   3.56565509e+02   2.58599408e-04
   3.56565997e+02   7.44155841e-04
   3.56566485e+02   7.49531668e-04
   3.56566974e+02   4.03569313e-04
   3.56567462e+02   3.79374076e-04
   3.56567950e+02   3.50625894e-04
   3.56568439e+02  -7.19005911e-05
   3.56568927e+02  -2.77481071e-04
   3.56569415e+02  -2.88198527e-04
   3.56569904e+02  -5.16370870e-04
   3.56570392e+02  -6.96094066e-04
   3.56570880e+02  -3.87398351e-04
   3.56571369e+02   6.85837367e-05
   3.56571857e+02   5.29084355e-05
   3.56572345e+02  -3.57682220e-05
   3.56572833e+02   1.30003042e-04
   3.56573322e+02   2.65434908e-04
   3.56573810e+02   4.26443585e-04
   3.56574298e+02   5.59685286e-04
   3.56574787e+02   5.20190457e-04
   3.56575275e+02   4.91159386e-04
   3.56575763e+02   5.53599908e-04
   3.56576252e+02   7.51367246e-04
   3.56576740e+02   7.51796062e-04
   3.56577228e+02   4.07674350e-04
   3.56577717e+02   6.18888807e-05
   3.56578205e+02  -1.43636251e-04
   3.56578693e+02  -2.46953987e-05
   3.56579181e+02   1.34443282e-04
   3.56579670e+02  -8.01340793e-05
   3.56580158e+02  -8.91729360e-05
   3.56580646e+02   2.26177115e-04
   3.56581135e+02   3.70501046e-04
   3.56581623e+02   4.72945540e-04
   3.56582111e+02   6.42471714e-04
   3.56582600e+02   4.96536260e-04
   3.56583088e+02  -1.29356704e-05
   3.56583576e+02  -4.27100109e-04
   3.56584065e+02  -5.50604658e-04
   3.56584553e+02  -3.71505128e-04
   3.56585041e+02  -2.46000505e-04
   3.56585529e+02  -3.70183465e-04
   3.56586018e+02  -6.83106191e-05
   3.56586506e+02   4.14662238e-04
   3.56586994e+02   2.53435603e-04
   3.56587483e+02  -1.34899034e-04
   3.56587971e+02  -5.10919817e-05
   3.56588459e+02   1.17841875e-04
   3.56588948e+02   1.02810134e-06
   3.56589436e+02   6.41878505e-05
   3.56589924e+02   1.66282378e-04
   3.56590413e+02   7.28680752e-05
   3.56590901e+02  -5.03918891e-05
   3.56591389e+02  -1.82603966e-04
   3.56591877e+02  -1.90000414e-04
   3.56592366e+02  -5.73665930e-05
   3.56592854e+02  -1.39199721e-04
   3.56593342e+02  -4.61016316e-04
   3.56593831e+02  -6.57303492e-04
   3.56594319e+02  -5.04845928e-04
   3.56594807e+02  -2.94959260e-04
   3.56595296e+02  -1.76079091e-04
   3.56595784e+02  -2.22793373e-04
   3.56596272e+02  -4.51018132e-04
   3.56596761e+02  -5.49225602e-04
   3.56597249e+02  -5.91564167e-04
   3.56597737e+02  -7.97682500e-04
   3.56598225e+02  -8.78074206e-04
   3.56598714e+02  -5.41666057e-04
   3.56599202e+02  -5.09606543e-05
   3.56599690e+02  -5.08217672e-05
   3.56600179e+02  -5.47783449e-04
   3.56600667e+02  -6.00798172e-04
   3.56601155e+02  -4.47341954e-05
   3.56601644e+02   2.78172025e-04
   3.56602132e+02  -2.42883234e-05
   3.56602620e+02  -4.63907840e-04
   3.56603109e+02  -4.91795305e-04
   3.56603597e+02  -4.24096448e-04
   3.56604085e+02  -4.71803301e-04
   3.56604573e+02  -2.20050497e-04
   3.56605062e+02   2.47015239e-04
   3.56605550e+02   2.66664254e-04
   3.56606038e+02   2.74092126e-05
   3.56606527e+02  -1.55213384e-05
   3.56607015e+02  -2.43697868e-05
   3.56607503e+02  -9.63224229e-05
   3.56607992e+02  -1.50098029e-04
   3.56608480e+02   2.05066954e-05
   3.56608968e+02   3.87770531e-04
   3.56609457e+02   4.04149119e-04
   3.56609945e+02   5.49157376e-05
   3.56610433e+02  -1.71431107e-04
   3.56610922e+02   3.37207638e-07
   3.56611410e+02   1.07414482e-04
   3.56611898e+02  -1.52858367e-04
   3.56612386e+02  -9.52071277e-05
   3.56612875e+02   1.93802567e-04
   3.56613363e+02  -1.11558520e-05
   3.56613851e+02  -3.03547014e-04
   3.56614340e+02  -2.92798271e-04
   3.56614828e+02  -2.23345342e-04
   3.56615316e+02   2.74539834e-05
   3.56615805e+02   4.81867901e-04
   3.56616293e+02   8.72436503e-04
   3.56616781e+02   9.78149823e-04
   3.56617270e+02   5.64022339e-04
   3.56617758e+02  -1.24171376e-04
   3.56618246e+02  -6.04398316e-04
   3.56618734e+02  -5.76708349e-04
   3.56619223e+02  -1.69437364e-04
   3.56619711e+02   1.59553310e-04
   3.56620199e+02   1.58572599e-04
   3.56620688e+02  -4.39843789e-05
   3.56621176e+02  -6.66598862e-05
   3.56621664e+02  -6.87054853e-05
   3.56622153e+02  -1.55866001e-04
   3.56622641e+02   2.30352125e-05
   3.56623129e+02   2.28783392e-04
   3.56623618e+02   1.79571725e-04
   3.56624106e+02   1.39591881e-04
   3.56624594e+02   2.13643027e-04
   3.56625082e+02   1.70802319e-04
   3.56625571e+02   8.13145161e-05
   3.56626059e+02   3.28888884e-04
   3.56626547e+02   8.33338534e-04
   3.56627036e+02   8.65774287e-04
   3.56627524e+02   3.88720073e-04
   3.56628012e+02   7.03373880e-05
   3.56628501e+02  -1.36314076e-04
   3.56628989e+02  -3.28056893e-04
   3.56629477e+02  -3.36323923e-04
   3.56629966e+02  -4.69800842e-04
   3.56630454e+02  -4.99582617e-04
   3.56630942e+02  -7.54838547e-05
   3.56631430e+02   2.38944471e-04
   3.56631919e+02   4.33477340e-04
   3.56632407e+02   6.68575172e-04
   3.56632895e+02   4.15529794e-04
   3.56633384e+02  -2.14280590e-05
   3.56633872e+02   2.07507383e-05
   3.56634360e+02   8.16416723e-05
   3.56634849e+02  -1.59677365e-04
   3.56635337e+02  -2.16224507e-04
   3.56635825e+02  -3.19969404e-04
   3.56636314e+02  -7.59585062e-04
   3.56636802e+02  -8.75358528e-04
   3.56637290e+02  -3.35216813e-04
   3.56637778e+02   2.89283256e-04
   3.56638267e+02   4.59417584e-04
   3.56638755e+02   9.21632163e-05
   3.56639243e+02  -2.38813387e-04
   3.56639732e+02   1.14355011e-04
   3.56640220e+02   5.70487406e-04
   3.56640708e+02   4.57366084e-04
   3.56641197e+02   2.21731389e-04
   3.56641685e+02   3.00183077e-04
   3.56642173e+02   4.86388046e-04
   3.56642662e+02   3.45451001e-04
   3.56643150e+02  -4.16375269e-06
   3.56643638e+02   5.03656083e-05
   3.56644126e+02   1.92228588e-04
   3.56644615e+02   7.26838043e-05
   3.56645103e+02   2.35540138e-04
   3.56645591e+02   5.83852758e-04
   3.56646080e+02   7.42932258e-04
   3.56646568e+02   8.65879760e-04
   3.56647056e+02   7.88634759e-04
   3.56647545e+02   2.71083176e-04
   3.56648033e+02  -2.98222556e-04
   3.56648521e+02  -2.86335591e-04
   3.56649010e+02  -5.36748521e-05
   3.56649498e+02  -1.73268170e-04
   3.56649986e+02  -3.31456715e-04
   3.56650475e+02  -1.36973147e-04
   3.56650963e+02   1.86737889e-04
   3.56651451e+02   3.42904124e-04
   3.56651939e+02   3.64379375e-04
   3.56652428e+02   2.16805056e-04
   3.56652916e+02   4.24095306e-05
   3.56653404e+02   1.13789356e-05
   3.56653893e+02  -3.15402103e-05
   3.56654381e+02  -1.54164576e-04
   3.56654869e+02  -1.15225717e-04
   3.56655358e+02   7.83091455e-05
   3.56655846e+02   7.80752380e-05
   3.56656334e+02  -1.24606129e-04
   3.56656823e+02   3.43548636e-05
   3.56657311e+02   5.89912175e-04
   3.56657799e+02   7.76857196e-04
   3.56658287e+02   6.73219853e-04
   3.56658776e+02   6.62481354e-04
   3.56659264e+02   3.97287571e-04
   3.56659752e+02   1.88351733e-05
   3.56660241e+02  -7.69927647e-05
   3.56660729e+02  -1.76491856e-04
   3.56661217e+02  -4.51435480e-04
   3.56661706e+02  -4.37247683e-04
   3.56662194e+02   1.31290741e-04
   3.56662682e+02   5.12518571e-04
   3.56663171e+02   3.29857139e-04
   3.56663659e+02  -7.81472263e-05
   3.56664147e+02  -4.37997311e-04
   3.56664635e+02  -5.20533358e-04
   3.56665124e+02  -2.98204744e-04
   3.56665612e+02  -6.96120333e-05
   3.56666100e+02  -4.01165133e-04
   3.56666589e+02  -7.27691979e-04
   3.56667077e+02  -3.05071444e-04
   3.56667565e+02   1.28403044e-04
   3.56668054e+02   2.45903502e-04
   3.56668542e+02   2.70402787e-04
   3.56669030e+02   3.57486511e-04
   3.56669519e+02   6.44750427e-04
   3.56670007e+02   6.91135821e-04
   3.56670495e+02   2.61581998e-04
   3.56670983e+02  -3.40661136e-05
   3.56671472e+02  -1.07881577e-04
   3.56671960e+02  -2.83249450e-04
   3.56672448e+02  -3.94048286e-04
   3.56672937e+02  -2.94545549e-04
   3.56673425e+02  -1.44826350e-04
   3.56673913e+02  -1.83641212e-04
   3.56674402e+02  -1.83089083e-04
   3.56674890e+02   1.83554759e-04
   3.56675378e+02   6.43586798e-04
   3.56675867e+02   5.36133710e-04
   3.56676355e+02  -8.09923222e-05
   3.56676843e+02  -3.94620904e-04
   3.56677331e+02  -2.88817420e-04
   3.56677820e+02   1.44486723e-04
   3.56678308e+02   6.27175206e-04
   3.56678796e+02   3.37076606e-04
   3.56679285e+02  -2.49217876e-04
   3.56679773e+02  -2.15209569e-04
   3.56680261e+02   8.35456667e-05
   3.56680750e+02   1.24809099e-04
   3.56681238e+02   2.05880060e-04
   3.56681726e+02   3.73840739e-04
   3.56682215e+02   2.90991418e-04
   3.56682703e+02   2.06092896e-04
   3.56683191e+02   3.93709575e-04
   3.56683679e+02   6.78782933e-04
   3.56684168e+02   7.83080992e-04
   3.56684656e+02   4.66535654e-04
   3.56685144e+02   2.51510141e-06
   3.56685633e+02   4.91312458e-05
   3.56686121e+02   5.59054257e-04
   3.56686609e+02   5.54589787e-04
   3.56687098e+02  -2.85414517e-05
   3.56687586e+02  -4.20291355e-04
   3.56688074e+02  -4.28560394e-04
   3.56688563e+02  -1.95297820e-04
   3.56689051e+02   7.00165474e-05
   3.56689539e+02   9.07639987e-05
   3.56690028e+02   5.42929265e-05
   3.56690516e+02   2.65955168e-04
   3.56691004e+02   4.62673139e-04
   3.56691492e+02   3.42808780e-04
   3.56691981e+02   1.68000333e-04
   3.56692469e+02   1.04831983e-04
   3.56692957e+02  -8.39416316e-05
   3.56693446e+02  -1.67572362e-04
   3.56693934e+02   1.72490196e-04
   3.56694422e+02   4.34299436e-04
   3.56694911e+02   3.94878007e-04
   3.56695399e+02   2.92283337e-04
   3.56695887e+02   3.02679779e-04
   3.56696376e+02   6.25359768e-04
   3.56696864e+02   6.52990013e-04
   3.56697352e+02   3.53229407e-05
   3.56697840e+02  -3.87959473e-04
   3.56698329e+02  -3.75625648e-04
   3.56698817e+02  -2.59064254e-04
   3.56699305e+02  -1.24774606e-05
   3.56699794e+02   3.62179911e-04
   3.56700282e+02   4.65713762e-04
   3.56700770e+02   2.30789024e-04
   3.56701259e+02   1.85773300e-04
   3.56701747e+02   5.61716224e-05
   3.56702235e+02  -3.78961267e-04
   3.56702724e+02  -4.71279491e-04
   3.56703212e+02  -1.04988925e-04
   3.56703700e+02   3.09891257e-05
   3.56704188e+02  -2.01577321e-04
   3.56704677e+02  -2.03493139e-04
   3.56705165e+02  -3.36818666e-05
   3.56705653e+02  -1.67632679e-04
   3.56706142e+02  -2.97257415e-04
   3.56706630e+02   2.89121090e-05
   3.56707118e+02   2.04971540e-04
   3.56707607e+02  -8.10155252e-05
   3.56708095e+02  -1.63623350e-04
   3.56708583e+02  -1.53636414e-04
   3.56709072e+02  -4.10268549e-04
   3.56709560e+02  -5.33731305e-04
   3.56710048e+02  -3.19614162e-04
   3.56710536e+02  -1.38887364e-04
   3.56711025e+02  -3.17864440e-04
   3.56711513e+02  -4.80826624e-04
   3.56712001e+02  -5.00902708e-04
   3.56712490e+02  -4.57971910e-04
   3.56712978e+02  -6.34230892e-05
   3.56713466e+02   4.65516408e-04
   3.56713955e+02   6.88518456e-04
   3.56714443e+02   7.02472404e-04
   3.56714931e+02   6.05198904e-04
   3.56715420e+02   4.54358291e-04
   3.56715908e+02   3.19328654e-04
   3.56716396e+02   2.18999077e-04
   3.56716884e+02   2.94229976e-04
   3.56717373e+02   5.69179887e-04
   3.56717861e+02   6.09292765e-04
   3.56718349e+02   1.90888022e-04
   3.56718838e+02  -1.39775293e-04
   3.56719326e+02  -3.73710005e-04
   3.56719814e+02  -5.99824649e-04
   3.56720303e+02  -2.26305361e-04
   3.56720791e+02   3.71303060e-04
   3.56721279e+02   6.91005436e-04
   3.56721768e+02   8.27067997e-04
   3.56722256e+02   4.06296720e-04
   3.56722744e+02  -2.13036285e-04
   3.56723232e+02  -2.38689638e-04
   3.56723721e+02  -1.20621800e-04
   3.56724209e+02  -1.57460410e-04
   3.56724697e+02   4.98473702e-04
   3.56725186e+02   1.07227603e-03
   3.56725674e+02   8.56837607e-04
   3.56726162e+02   5.02918847e-04
   3.56726651e+02   4.35788737e-04
   3.56727139e+02   6.02320360e-04
   3.56727627e+02   6.83592749e-04
   3.56728116e+02   5.17121633e-04
   3.56728604e+02   4.77162903e-05
   3.56729092e+02  -4.91484592e-04
   3.56729581e+02  -6.69181638e-04
   3.56730069e+02  -5.21709095e-04
   3.56730557e+02  -2.48817756e-04
   3.56731045e+02  -2.14492087e-04
   3.56731534e+02  -3.20449995e-04
   3.56732022e+02   3.66424647e-05
   3.56732510e+02   5.76648337e-04
   3.56732999e+02   6.61979371e-04
   3.56733487e+02   3.62096704e-04
   3.56733975e+02   1.72779444e-04
   3.56734464e+02   3.87475855e-04
   3.56734952e+02   6.61234488e-04
   3.56735440e+02   5.06206590e-04
   3.56735929e+02   3.57341778e-05
   3.56736417e+02  -2.19446549e-04
   3.56736905e+02  -5.09483725e-05
   3.56737393e+02   2.89986056e-05
   3.56737882e+02  -1.86358724e-04
   3.56738370e+02  -1.47435727e-04
   3.56738858e+02   1.57314324e-04
   3.56739347e+02   4.07351123e-04
   3.56739835e+02   4.64431563e-04
   3.56740323e+02   2.28730685e-04
   3.56740812e+02   1.73737080e-05
   3.56741300e+02  -6.12934746e-05
   3.56741788e+02  -4.86916135e-04
   3.56742277e+02  -9.00245854e-04
   3.56742765e+02  -4.52506240e-04
   3.56743253e+02   4.13678470e-04
   3.56743741e+02   9.10232135e-04
   3.56744230e+02   7.61664473e-04
   3.56744718e+02   2.23474432e-04
   3.56745206e+02  -2.70204309e-05
   3.56745695e+02   1.88418941e-04
   3.56746183e+02   6.40143408e-04
   3.56746671e+02   8.55608436e-04
   3.56747160e+02   5.63992246e-04
   3.56747648e+02   2.60132249e-04
   3.56748136e+02   1.48062551e-04
   3.56748625e+02  -2.48060416e-04
   3.56749113e+02  -5.05112112e-04
   3.56749601e+02  -1.79522380e-04
   3.56750089e+02  -2.28881327e-04
   3.56750578e+02  -6.83181221e-04
   3.56751066e+02  -5.99249091e-04
   3.56751554e+02  -2.27358600e-04
   3.56752043e+02  -2.29892015e-04
   3.56752531e+02  -4.14032955e-04
   3.56753019e+02  -4.31245193e-04
   3.56753508e+02  -3.26004782e-04
   3.56753996e+02  -5.75560029e-04
   3.56754484e+02  -8.99152248e-04
   3.56754973e+02  -6.13226788e-04
   3.56755461e+02  -2.38553097e-04
   3.56755949e+02  -2.67714524e-04
   3.56756437e+02  -3.85135616e-04
   3.56756926e+02  -1.90225343e-04
   3.56757414e+02   1.44578022e-04
   3.56757902e+02   3.32367963e-05
   3.56758391e+02  -1.53351255e-04
   3.56758879e+02   1.12308837e-04
   3.56759367e+02   4.09158791e-04
   3.56759856e+02   2.72890524e-04
   3.56760344e+02  -2.33913146e-04
   3.56760832e+02  -3.70360183e-04
   3.56761321e+02   9.46593718e-05
   3.56761809e+02   4.12689085e-04
   3.56762297e+02   3.30759824e-04
   3.56762785e+02  -8.78515348e-05
   3.56763274e+02  -6.50645990e-04
   3.56763762e+02  -8.71375494e-04
   3.56764250e+02  -6.67393731e-04
   3.56764739e+02  -1.92773950e-04
   3.56765227e+02   3.77027172e-04
   3.56765715e+02   6.35615259e-04
   3.56766204e+02   3.08461400e-04
   3.56766692e+02  -9.16527642e-06
   3.56767180e+02   1.33755428e-04
   3.56767669e+02   1.81590658e-04
   3.56768157e+02  -2.03971704e-05
   3.56768645e+02  -8.65953916e-05
   3.56769134e+02   7.68501559e-05
   3.56769622e+02   2.72097299e-04
   3.56770110e+02   2.70602584e-04
   3.56770598e+02   1.32720525e-04
   3.56771087e+02   4.40743606e-05
   3.56771575e+02   4.63788183e-06
   3.56772063e+02  -1.01944293e-04
   3.56772552e+02  -9.32438925e-05
   3.56773040e+02   3.42939566e-05
   3.56773528e+02   1.12075795e-04
   3.56774017e+02   3.91473033e-04
   3.56774505e+02   6.47419831e-04
   3.56774993e+02   3.55611468e-04
   3.56775482e+02   5.09539786e-05
   3.56775970e+02   2.50955403e-04
   3.56776458e+02   3.58609803e-04
   3.56776946e+02  -1.22040001e-04
   3.56777435e+02  -7.12550187e-04
   3.56777923e+02  -7.95594417e-04
   3.56778411e+02  -4.10611305e-04
   3.56778900e+02   7.74864893e-05
   3.56779388e+02   2.58208456e-04
   3.56779876e+02  -3.12295924e-05
   3.56780365e+02  -3.67252796e-04
   3.56780853e+02  -1.90598890e-04
   3.56781341e+02   3.55421187e-04
   3.56781830e+02   6.17676240e-04
   3.56782318e+02   5.62411849e-04
   3.56782806e+02   4.24260448e-04
   3.56783294e+02   4.37218347e-04
   3.56783783e+02   4.25628852e-04
   3.56784271e+02   2.86001363e-04
   3.56784759e+02   2.20041184e-04
   3.56785248e+02  -6.46283661e-05
   3.56785736e+02  -4.45424899e-04
   3.56786224e+02  -3.08392104e-04
   3.56786713e+02   5.21861512e-05
   3.56787201e+02   8.15324311e-05
   3.56787689e+02   6.67823988e-05
   3.56788178e+02   2.70806224e-04
   3.56788666e+02   2.23510011e-04
   3.56789154e+02  -1.85335346e-04
   3.56789642e+02  -5.57000865e-04
   3.56790131e+02  -6.72797556e-04
   3.56790619e+02  -5.17128909e-04
   3.56791107e+02  -3.26124631e-04
   3.56791596e+02  -1.32696761e-04
   3.56792084e+02   1.95819375e-04
   3.56792572e+02   2.88579613e-04
   3.56793061e+02  -2.13115636e-04
   3.56793549e+02  -5.85981761e-04
   3.56794037e+02  -3.17374564e-04
   3.56794526e+02  -1.20033881e-04
   3.56795014e+02   3.68592664e-05
   3.56795502e+02   4.40535339e-04
   3.56795990e+02   3.79857316e-04
   3.56796479e+02  -6.81416122e-06
   3.56796967e+02  -1.32929694e-04
   3.56797455e+02  -2.21224327e-04
   3.56797944e+02  -3.08101502e-04
   3.56798432e+02  -1.17069376e-05
   3.56798920e+02   5.69303927e-04
   3.56799409e+02   7.70723331e-04
   3.56799897e+02   3.95043957e-04
   3.56800385e+02  -1.19867502e-04
   3.56800874e+02  -2.61311914e-04
   3.56801362e+02   8.45457689e-05
   3.56801850e+02   3.87415610e-04
   3.56802338e+02   6.92193338e-04
   3.56802827e+02   9.80697107e-04
   3.56803315e+02   6.25177228e-04
   3.56803803e+02   8.15027306e-05
   3.56804292e+02  -1.19928111e-04
   3.56804780e+02  -2.66308372e-04
   3.56805268e+02  -3.09679570e-04
   3.56805757e+02  -1.49811021e-04
   3.56806245e+02  -8.46753683e-05
   3.56806733e+02  -3.85913678e-04
   3.56807222e+02  -6.80336263e-04
   3.56807710e+02  -3.39034625e-04
   3.56808198e+02  -2.05356337e-05
   3.56808687e+02  -4.46760445e-04
   3.56809175e+02  -5.16021624e-04
   3.56809663e+02   2.71680561e-04
   3.56810151e+02   6.86073327e-04
   3.56810640e+02   3.28864087e-04
   3.56811128e+02   9.95576484e-05
   3.56811616e+02   1.44287522e-04
   3.56812105e+02   4.00794052e-05
   3.56812593e+02   2.42251972e-05
   3.56813081e+02   4.19841672e-06
   3.56813570e+02  -7.94393127e-05
   3.56814058e+02   1.53830260e-04
   3.56814546e+02   4.63824166e-04
   3.56815035e+02   2.98653613e-04
   3.56815523e+02  -1.35901122e-04
   3.56816011e+02  -1.33289243e-04
   3.56816499e+02   1.02047510e-04
   3.56816988e+02   2.43031300e-05
   3.56817476e+02  -5.29971730e-05
   3.56817964e+02   7.91766724e-05
   3.56818453e+02   7.30089596e-05
   3.56818941e+02  -3.10826814e-04
   3.56819429e+02  -6.97834068e-04
   3.56819918e+02  -8.45879957e-04
   3.56820406e+02  -9.49005655e-04
   3.56820894e+02  -8.42706242e-04
   3.56821383e+02  -4.13176400e-04
   3.56821871e+02   5.19420901e-05
   3.56822359e+02   1.02402133e-04
   3.56822847e+02  -2.14962536e-04
   3.56823336e+02  -2.49060511e-04
   3.56823824e+02  -5.55990882e-05
   3.56824312e+02  -2.18067478e-04
   3.56824801e+02  -6.26480731e-04
   3.56825289e+02  -7.96629465e-04
   3.56825777e+02  -8.18799308e-04
   3.56826266e+02  -8.61519540e-04
   3.56826754e+02  -7.03478348e-04
   3.56827242e+02  -5.00713417e-04
   3.56827731e+02  -4.67140810e-04
   3.56828219e+02  -4.77381895e-04
   3.56828707e+02  -4.94071224e-04
   3.56829195e+02  -4.36523638e-04
   3.56829684e+02  -4.75421548e-04
   3.56830172e+02  -5.72828401e-04
   3.56830660e+02  -6.71526301e-04
   3.56831149e+02  -8.45281698e-04
   3.56831637e+02  -5.44151815e-04
   3.56832125e+02   1.68953557e-04
   3.56832614e+02   2.25292431e-04
   3.56833102e+02  -3.59291065e-04
   3.56833590e+02  -5.24152885e-04
   3.56834079e+02  -1.89808910e-04
   3.56834567e+02  -5.49284450e-05
   3.56835055e+02  -5.51955964e-05
   3.56835543e+02   1.61181830e-04
   3.56836032e+02   5.01044211e-04
   3.56836520e+02   6.29631570e-04
   3.56837008e+02   6.55185198e-04
   3.56837497e+02   8.17440567e-04
   3.56837985e+02   6.54486299e-04
   3.56838473e+02   1.79573282e-04
   3.56838962e+02  -7.00485398e-05
   3.56839450e+02  -8.66160917e-05
   3.56839938e+02   5.90358031e-05
   3.56840427e+02   1.66519851e-04
   3.56840915e+02  -4.49722247e-05
   3.56841403e+02  -2.83082511e-04
   3.56841891e+02  -3.02540924e-04
   3.56842380e+02  -1.77223046e-04
   3.56842868e+02   2.44955998e-04
   3.56843356e+02   6.36453042e-04
   3.56843845e+02   4.66249010e-04
   3.56844333e+02  -4.90898237e-05
   3.56844821e+02  -5.49075485e-04
   3.56845310e+02  -7.05916318e-04
   3.56845798e+02  -5.17867040e-04
   3.56846286e+02  -9.37503064e-05
   3.56846775e+02   3.54640506e-04
   3.56847263e+02   5.78461390e-04
   3.56847751e+02   8.04131734e-04
   3.56848240e+02   6.92125119e-04
   3.56848728e+02   1.23161066e-04
   3.56849216e+02  -1.51974837e-05
   3.56849704e+02   3.10121541e-04
   3.56850193e+02   5.94198878e-04
   3.56850681e+02   8.00547015e-04
   3.56851169e+02   8.44539027e-04
   3.56851658e+02   6.68903813e-04
   3.56852146e+02   3.36681231e-04
   3.56852634e+02   4.50831385e-06
   3.56853123e+02  -1.30014247e-04
   3.56853611e+02  -1.16119038e-04
   3.56854099e+02  -1.55465255e-04
   3.56854588e+02  -3.28375696e-04
   3.56855076e+02  -4.21273144e-04
   3.56855564e+02  -1.45260841e-04
   3.56856052e+02   1.25835271e-04
   3.56856541e+02  -7.39116003e-05
   3.56857029e+02  -2.24976568e-04
   3.56857517e+02  -1.32712667e-04
   3.56858006e+02  -7.92072387e-05
   3.56858494e+02   1.24794169e-04
   3.56858982e+02   2.88129639e-04
   3.56859471e+02   9.79366232e-05
   3.56859959e+02  -4.15502407e-04
   3.56860447e+02  -9.49172652e-04
   3.56860936e+02  -9.24999651e-04
   3.56861424e+02  -3.23355343e-04
   3.56861912e+02   1.76259506e-04
   3.56862400e+02   6.11564683e-05
   3.56862889e+02  -1.55054178e-04
   3.56863377e+02   1.36150091e-04
   3.56863865e+02   3.22767330e-04
   3.56864354e+02   9.29289963e-05
   3.56864842e+02  -4.83501572e-05
   3.56865330e+02  -1.50020074e-04
   3.56865819e+02  -4.59794741e-04
   3.56866307e+02  -6.78861456e-04
   3.56866795e+02  -6.41574268e-04
   3.56867284e+02  -3.62752849e-04
   3.56867772e+02   2.33183673e-04
   3.56868260e+02   7.67408812e-04
   3.56868748e+02   8.06496653e-04
   3.56869237e+02   4.76370886e-04
   3.56869725e+02   1.28206870e-04
   3.56870213e+02   3.47330060e-05
   3.56870702e+02   2.12595056e-04
   3.56871190e+02   2.80885783e-04
   3.56871678e+02   1.43350393e-04
   3.56872167e+02  -4.06421859e-05
   3.56872655e+02  -1.05075043e-04
   3.56873143e+02  -1.80814877e-05
   3.56873632e+02  -6.53535535e-05
   3.56874120e+02  -6.04109955e-05
   3.56874608e+02   2.47237884e-04
   3.56875096e+02   4.52270091e-04
   3.56875585e+02   3.18424834e-04
   3.56876073e+02   2.84912967e-04
   3.56876561e+02   4.50051914e-04
   3.56877050e+02   3.14715289e-04
   3.56877538e+02  -1.98578928e-05
   3.56878026e+02  -2.76622741e-04
   3.56878515e+02  -2.72306119e-04
   3.56879003e+02   5.22236696e-05
   3.56879491e+02   6.23023807e-05
   3.56879980e+02  -2.59690802e-04
   3.56880468e+02  -2.80015229e-04
   3.56880956e+02  -2.67572206e-04
   3.56881444e+02  -5.03284624e-04
   3.56881933e+02  -6.22817781e-04
   3.56882421e+02  -4.14074893e-04
   3.56882909e+02  -1.85782774e-05
   3.56883398e+02   1.40341290e-04
   3.56883886e+02   6.36486511e-05
   3.56884374e+02  -4.32103616e-06
   3.56884863e+02   7.65734439e-05
   3.56885351e+02   2.03355492e-04
   3.56885839e+02   1.90897299e-05
   3.56886328e+02  -2.07822901e-04
   3.56886816e+02  -1.00193713e-04
   3.56887304e+02   2.04821001e-04
   3.56887793e+02   4.44969774e-04
   3.56888281e+02   3.14324629e-04
   3.56888769e+02  -3.83642000e-05
   3.56889257e+02  -9.12830801e-05
   3.56889746e+02   6.39711216e-05
   3.56890234e+02   9.01674048e-06
   3.56890722e+02   4.36842347e-05
   3.56891211e+02   1.61070944e-04
   3.56891699e+02  -5.69227850e-05
   3.56892187e+02  -4.48713166e-04
   3.56892676e+02  -7.66991754e-04
   3.56893164e+02  -7.73291162e-04
   3.56893652e+02  -4.30254586e-04
   3.56894141e+02  -2.91211763e-04
   3.56894629e+02  -2.77113635e-04
   3.56895117e+02  -1.36833129e-04
   3.56895605e+02  -3.40909639e-04
   3.56896094e+02  -7.43820798e-04
   3.56896582e+02  -6.43189938e-04
   3.56897070e+02  -2.30503982e-04
   3.56897559e+02  -1.57296497e-04
   3.56898047e+02  -1.45748811e-04
   3.56898535e+02   7.88397010e-05
   3.56899024e+02   5.95123965e-05
   3.56899512e+02  -9.97339594e-05
   3.56900000e+02  -3.31551346e-05
   3.56900489e+02  -1.26062820e-04
   3.56900977e+02  -3.45168053e-04
   3.56901465e+02  -5.78713370e-04
   3.56901953e+02  -5.06711483e-04
   3.56902442e+02  -1.34201982e-04
   3.56902930e+02  -1.35441354e-04
   3.56903418e+02  -4.00008867e-04
   3.56903907e+02  -4.29830601e-04
   3.56904395e+02  -3.30208830e-04
   3.56904883e+02  -2.47930962e-04
   3.56905372e+02  -1.51184213e-04
   3.56905860e+02   6.00551612e-05
   3.56906348e+02   2.28831181e-04
   3.56906837e+02   2.39669404e-04
   3.56907325e+02   2.88578041e-04
   3.56907813e+02   1.75537090e-04
   3.56908301e+02  -1.67938691e-04
   3.56908790e+02  -2.72206584e-04
   3.56909278e+02   5.23706549e-05
   3.56909766e+02   5.41670481e-04
   3.56910255e+02   7.37294438e-04
   3.56910743e+02   6.66607812e-04
   3.56911231e+02   6.25005283e-04
   3.56911720e+02   6.07098278e-04
   3.56912208e+02   5.47445379e-04
   3.56912696e+02   3.61365324e-04
   3.56913185e+02   8.99334118e-05
   3.56913673e+02  -1.58424460e-04
   3.56914161e+02  -2.95707316e-04
   3.56914649e+02  -8.54696991e-05
   3.56915138e+02   8.90116498e-05
   3.56915626e+02  -6.01684551e-05
   3.56916114e+02  -1.75353154e-04
   3.56916603e+02  -3.88931163e-04
   3.56917091e+02  -6.27810659e-04
   3.56917579e+02  -3.87113192e-04
   3.56918068e+02   7.09754604e-05
   3.56918556e+02   5.29549783e-04
   3.56919044e+02   7.74816144e-04
   3.56919533e+02   3.92796734e-04
   3.56920021e+02  -1.67240403e-04
   3.56920509e+02  -2.91387842e-04
   3.56920997e+02  -1.63355289e-04
   3.56921486e+02  -9.66489824e-05
   3.56921974e+02  -7.42843349e-06
   3.56922462e+02  -2.58077744e-05
   3.56922951e+02  -3.82818456e-04
   3.56923439e+02  -6.63919083e-04
   3.56923927e+02  -4.55642905e-04
   3.56924416e+02  -5.38605127e-05
   3.56924904e+02   1.08935033e-04
   3.56925392e+02   5.25660071e-05
   3.56925881e+02   3.55031189e-05
   3.56926369e+02   2.01197356e-04
   3.56926857e+02   3.31266958e-04
   3.56927346e+02   2.69579556e-04
   3.56927834e+02   1.06189204e-04
   3.56928322e+02  -1.85565732e-04
   3.56928810e+02  -1.79495779e-04
   3.56929299e+02   4.56566369e-04
   3.56929787e+02   8.90961732e-04
   3.56930275e+02   6.96478412e-04
   3.56930764e+02   5.53837046e-04
   3.56931252e+02   4.62442084e-04
   3.56931740e+02   3.59838559e-05
   3.56932229e+02  -1.75900306e-04
   3.56932717e+02  -6.87065549e-05
   3.56933205e+02  -1.92047912e-04
   3.56933694e+02  -2.43650575e-04
   3.56934182e+02  -4.43821809e-05
   3.56934670e+02   1.90318257e-04
   3.56935158e+02   4.82823496e-04
   3.56935647e+02   5.71750803e-04
   3.56936135e+02   2.97307473e-04
   3.56936623e+02  -4.94134874e-05
   3.56937112e+02  -1.31321794e-04
   3.56937600e+02   1.55085159e-04
   3.56938088e+02   3.97719734e-04
   3.56938577e+02   4.31144377e-04
   3.56939065e+02   5.90737909e-04
   3.56939553e+02   7.74662301e-04
   3.56940042e+02   5.80898137e-04
   3.56940530e+02   1.30823304e-04
   3.56941018e+02  -1.41121942e-04
   3.56941506e+02  -1.73396402e-04
   3.56941995e+02  -1.19465833e-04
   3.56942483e+02  -6.86404455e-05
   3.56942971e+02  -1.76974791e-04
   3.56943460e+02  -9.00987652e-05
   3.56943948e+02   3.19126615e-04
   3.56944436e+02   2.47804594e-04
   3.56944925e+02  -1.12879949e-04
   3.56945413e+02  -4.36773953e-05
   3.56945901e+02   2.67944124e-04
   3.56946390e+02   3.12124350e-04
   3.56946878e+02   2.93119592e-05
   3.56947366e+02  -2.52799276e-04
   3.56947854e+02  -2.49313540e-04
   3.56948343e+02  -6.73321192e-05
   3.56948831e+02  -7.45878788e-05
   3.56949319e+02  -2.24756266e-04
   3.56949808e+02  -1.06347361e-04
   3.56950296e+02   1.58433715e-04
   3.56950784e+02   3.35007790e-04
   3.56951273e+02   4.86463192e-04
   3.56951761e+02   4.56052221e-04
   3.56952249e+02   2.16345361e-04
   3.56952738e+02   1.83630778e-04
   3.56953226e+02   3.72235023e-04
   3.56953714e+02   2.73321057e-04
   3.56954202e+02  -1.71462816e-04
   3.56954691e+02  -3.25297384e-04
   3.56955179e+02  -5.97794860e-05
   3.56955667e+02   1.31051114e-04
   3.56956156e+02   1.86566074e-04
   3.56956644e+02   2.75331142e-04
   3.56957132e+02   4.10153443e-04
   3.56957621e+02   3.63630534e-04
   3.56958109e+02   3.38822210e-05
   3.56958597e+02  -7.19960808e-05
   3.56959086e+02   8.39055283e-05
   3.56959574e+02   1.95879602e-05
   3.56960062e+02  -1.69614388e-04
   3.56960550e+02  -4.07483967e-05
   3.56961039e+02   3.59562779e-04
   3.56961527e+02   6.11558382e-04
   3.56962015e+02   6.69154164e-04
   3.56962504e+02   5.46511961e-04
   3.56962992e+02   1.37245064e-04
   3.56963480e+02  -3.88193264e-04
   3.56963969e+02  -6.73811184e-04
   3.56964457e+02  -5.89549483e-04
   3.56964945e+02  -1.13202004e-04
   3.56965434e+02   3.51443741e-04
   3.56965922e+02   3.53540090e-04
   3.56966410e+02   1.32771078e-04
   3.56966899e+02   4.14775859e-05
   3.56967387e+02   9.59911413e-05
   3.56967875e+02   3.19199957e-04
   3.56968363e+02   4.46095393e-04
   3.56968852e+02  -5.08408593e-05
   3.56969340e+02  -6.75878429e-04
   3.56969828e+02  -6.01032749e-04
   3.56970317e+02   1.46609000e-05
   3.56970805e+02   2.52106285e-04
   3.56971293e+02  -2.53822247e-04
   3.56971782e+02  -5.45886403e-04
   3.56972270e+02  -2.55813793e-04
   3.56972758e+02  -1.62580283e-04
   3.56973247e+02  -4.43857047e-04
   3.56973735e+02  -5.46351715e-04
   3.56974223e+02  -2.26191201e-04
   3.56974711e+02   3.18868879e-05
   3.56975200e+02   2.34195431e-06
   3.56975688e+02   1.20811244e-04
   3.56976176e+02   2.39723158e-04
   3.56976665e+02   1.43595811e-04
   3.56977153e+02   2.06422672e-04
   3.56977641e+02   2.94933154e-04
   3.56978130e+02  -6.12741132e-05
   3.56978618e+02  -4.85442026e-04
   3.56979106e+02  -3.81193036e-04
   3.56979595e+02  -1.42322431e-04
   3.56980083e+02  -1.29671447e-04
   3.56980571e+02  -9.38142693e-05
   3.56981059e+02  -7.77185778e-05
   3.56981548e+02  -3.23211862e-04
   3.56982036e+02  -7.56296213e-04
   3.56982524e+02  -1.01112179e-03
   3.56983013e+02  -7.96887092e-04
   3.56983501e+02  -7.61848787e-05
   3.56983989e+02   5.36175095e-04
   3.56984478e+02   2.25001088e-04
   3.56984966e+02  -4.78103379e-04
   3.56985454e+02  -6.09419367e-04
   3.56985943e+02  -4.20929719e-04
   3.56986431e+02  -2.07404926e-04
   3.56986919e+02   1.00734484e-04
   3.56987407e+02   3.78653349e-04
   3.56987896e+02   3.19282903e-04
   3.56988384e+02  -1.87737038e-04
   3.56988872e+02  -5.02193172e-04
   3.56989361e+02  -4.12599940e-04
   3.56989849e+02  -1.09347391e-04
   3.56990337e+02   3.20997904e-04
   3.56990826e+02   4.02559759e-04
   3.56991314e+02   2.50786630e-04
   3.56991802e+02   3.78172786e-04
   3.56992291e+02   3.96053860e-04
   3.56992779e+02   1.15771029e-04
   3.56993267e+02  -2.16424582e-04
   3.56993755e+02  -5.70326461e-04
   3.56994244e+02  -6.67352986e-04
   3.56994732e+02  -2.12696774e-04
   3.56995220e+02   4.85655008e-04
   3.56995709e+02   8.14050203e-04
   3.56996197e+02   5.29573532e-04
   3.56996685e+02  -8.49343851e-05
   3.56997174e+02  -3.18150182e-04
   3.56997662e+02  -2.70501187e-04
   3.56998150e+02  -5.48054348e-04
   3.56998639e+02  -6.74446288e-04
   3.56999127e+02  -1.53897534e-04
   3.56999615e+02   3.60435399e-04
   3.57000103e+02   2.32415507e-04
   3.57000592e+02  -7.58735696e-05
   3.57001080e+02   7.82696661e-05
   3.57001568e+02   1.36603761e-04
   3.57002057e+02  -1.71238804e-04
   3.57002545e+02  -2.80864508e-04
   3.57003033e+02  -3.96560790e-04
   3.57003522e+02  -4.66292055e-04
   3.57004010e+02  -1.29337077e-05
   3.57004498e+02   4.94020758e-04
   3.57004987e+02   4.28934785e-04
   3.57005475e+02   1.99009271e-04
   3.57005963e+02   2.92873156e-04
   3.57006451e+02   2.21003822e-04
   3.57006940e+02  -3.13841709e-04
   3.57007428e+02  -6.99598982e-04
   3.57007916e+02  -3.69914371e-04
   3.57008405e+02   2.36246065e-04
   3.57008893e+02   2.86998111e-04
   3.57009381e+02  -7.48960520e-05
   3.57009870e+02  -1.73417429e-04
   3.57010358e+02  -1.23453210e-04
   3.57010846e+02  -3.26939276e-04
   3.57011335e+02  -5.15610911e-04
   3.57011823e+02  -4.80466959e-04
   3.57012311e+02  -2.94999976e-04
   3.57012800e+02  -1.28636584e-05
   3.57013288e+02   2.87859875e-05
   3.57013776e+02  -1.86659745e-04
   3.57014264e+02  -2.79594504e-04
   3.57014753e+02  -1.26229483e-04
   3.57015241e+02   1.28127853e-04
   3.57015729e+02   2.20397676e-04
   3.57016218e+02   4.04497259e-05
   3.57016706e+02   6.59358557e-05
   3.57017194e+02   5.95366175e-04
   3.57017683e+02   5.34960011e-04
   3.57018171e+02  -3.58563266e-04
   3.57018659e+02  -8.73865094e-04
   3.57019148e+02  -4.24672849e-04
   3.57019636e+02  -3.13839730e-04
   3.57020124e+02  -8.84901674e-04
   3.57020612e+02  -9.01127001e-04
   3.57021101e+02  -6.80816360e-04
   3.57021589e+02  -7.85515353e-04
   3.57022077e+02  -8.82155029e-04
   3.57022566e+02  -8.09721765e-04
   3.57023054e+02  -6.30324823e-04
   3.57023542e+02  -3.02635279e-04
   3.57024031e+02   5.14753156e-05
   3.57024519e+02   9.14054035e-05
   3.57025007e+02  -9.03146283e-05
   3.57025496e+02  -3.59411177e-04
   3.57025984e+02  -5.29321784e-04
   3.57026472e+02  -3.71697592e-04
   3.57026960e+02  -1.19127311e-04
   3.57027449e+02  -8.87306742e-05
   3.57027937e+02  -3.05464200e-04
   3.57028425e+02  -2.98911677e-04
   3.57028914e+02   2.53192611e-05
   3.57029402e+02   2.49282806e-04
   3.57029890e+02   2.31856393e-04
   3.57030379e+02  -6.36301629e-05
   3.57030867e+02  -6.15754805e-04
   3.57031355e+02  -1.14598987e-03
   3.57031844e+02  -1.15693908e-03
   3.57032332e+02  -4.81106748e-04
   3.57032820e+02   1.87965867e-04
   3.57033308e+02   2.88549461e-04
   3.57033797e+02   2.07477042e-05
   3.57034285e+02  -2.14860163e-04
   3.57034773e+02  -2.59628025e-04
   3.57035262e+02  -3.20591440e-04
   3.57035750e+02  -3.10845237e-04
   3.57036238e+02  -1.42260891e-04
   3.57036727e+02  -3.00860956e-05
   3.57037215e+02   1.02606946e-05
   3.57037703e+02   1.83473996e-04
   3.57038192e+02   2.56794359e-04
   3.57038680e+02  -8.28437333e-05
   3.57039168e+02  -4.76199115e-04
   3.57039656e+02  -7.63576885e-04
   3.57040145e+02  -9.47911409e-04
   3.57040633e+02  -6.30495430e-04
   3.57041121e+02  -1.13265567e-04
   3.57041610e+02  -3.57848476e-05
   3.57042098e+02  -9.22097679e-05
   3.57042586e+02   1.37935407e-04
   3.57043075e+02   4.16802446e-04
   3.57043563e+02   5.63896494e-04
   3.57044051e+02   4.81028896e-04
   3.57044540e+02   7.27076622e-05
   3.57045028e+02  -3.33305739e-04
   3.57045516e+02  -1.56276219e-04
   3.57046004e+02   3.10150441e-04
   3.57046493e+02   2.81026860e-05
   3.57046981e+02  -6.82971382e-04
   3.57047469e+02  -6.97556126e-04
   3.57047958e+02  -3.87991895e-04
   3.57048446e+02  -3.51558003e-04
   3.57048934e+02  -4.96651919e-04
   3.57049423e+02  -6.58556586e-04
   3.57049911e+02  -6.03388355e-04
   3.57050399e+02  -4.56460955e-04
   3.57050888e+02  -2.59684428e-04
   3.57051376e+02  -1.53198143e-05
   3.57051864e+02  -9.89513937e-05
   3.57052353e+02  -4.07910004e-04
   3.57052841e+02  -3.48442147e-04
   3.57053329e+02   1.06507367e-04
   3.57053817e+02   3.47643916e-04
   3.57054306e+02   7.97169196e-05
   3.57054794e+02  -1.74010464e-04
   3.57055282e+02  -1.29894994e-04
   3.57055771e+02  -1.43377183e-05
   3.57056259e+02   8.55567705e-05
   3.57056747e+02   2.29822341e-04
   3.57057236e+02   3.71939968e-04
   3.57057724e+02   4.45995480e-04
   3.57058212e+02   5.64626418e-04
   3.57058701e+02   7.61267613e-04
   3.57059189e+02   7.63682823e-04
   3.57059677e+02   5.96957223e-04
   3.57060165e+02   5.80881431e-04
   3.57060654e+02   5.24743169e-04
   3.57061142e+02   1.66521771e-04
   3.57061630e+02  -3.65967775e-04
   3.57062119e+02  -5.61509631e-04
   3.57062607e+02  -2.41182133e-04
   3.57063095e+02   1.61934775e-04
   3.57063584e+02   2.01197588e-04
   3.57064072e+02  -9.07458380e-05
   3.57064560e+02  -2.07902835e-04
   3.57065049e+02   9.64402898e-06
   3.57065537e+02   7.20647877e-05
   3.57066025e+02   8.00062992e-07
   3.57066513e+02   1.94295120e-04
   3.57067002e+02   3.24370281e-04
   3.57067490e+02   6.33372547e-05
   3.57067978e+02  -3.06726201e-04
   3.57068467e+02  -3.68732930e-04
   3.57068955e+02  -1.36659393e-04
   3.57069443e+02   1.26697458e-04
   3.57069932e+02   5.01210452e-04
   3.57070420e+02   7.30669883e-04
   3.57070908e+02   3.92719929e-04
   3.57071397e+02  -1.32522968e-04
   3.57071885e+02  -6.93872978e-04
   3.57072373e+02  -1.20260729e-03
   3.57072861e+02  -9.82790138e-04
   3.57073350e+02  -2.68137199e-04
   3.57073838e+02  -1.12924179e-04
   3.57074326e+02  -4.14352573e-04
   3.57074815e+02  -3.67506320e-04
   3.57075303e+02   9.78942189e-05
   3.57075791e+02   6.17420184e-04
   3.57076280e+02   4.21346718e-04
   3.57076768e+02   2.04098294e-04
   3.57077256e+02   2.71155208e-04
   3.57077745e+02   4.37436393e-05
   3.57078233e+02  -2.17396620e-04
   3.57078721e+02  -1.97672489e-05
   3.57079209e+02   4.00130870e-04
   3.57079698e+02   1.44884369e-04
   3.57080186e+02  -5.42391208e-04
   3.57080674e+02  -4.48393141e-04
   3.57081163e+02   3.90944733e-05
   3.57081651e+02   1.79870651e-04
   3.57082139e+02   1.70309417e-04
   3.57082628e+02  -2.82638095e-04
   3.57083116e+02  -7.91679486e-04
   3.57083604e+02  -5.25590440e-04
   3.57084093e+02   4.34219291e-05
   3.57084581e+02   2.54555955e-04
   3.57085069e+02   2.91023083e-04
   3.57085557e+02   4.76196932e-04
   3.57086046e+02   3.97950411e-04
   3.57086534e+02  -1.53941510e-05
   3.57087022e+02  -1.19918113e-04
   3.57087511e+02  -2.31902319e-04
   3.57087999e+02  -5.82401583e-04
   3.57088487e+02  -4.27884806e-04
   3.57088976e+02   1.70079715e-04
   3.57089464e+02   2.61861365e-04
   3.57089952e+02  -1.47574669e-04
   3.57090441e+02  -2.17371533e-04
   3.57090929e+02   9.02964821e-05
   3.57091417e+02   2.87998468e-04
   3.57091906e+02   3.69758054e-04
   3.57092394e+02   3.43925582e-04
   3.57092882e+02   6.03036970e-05
   3.57093370e+02  -1.28754051e-04
   3.57093859e+02   1.52404609e-04
   3.57094347e+02   3.43973428e-04
   3.57094835e+02  -1.24906117e-04
   3.57095324e+02  -5.49822638e-04
   3.57095812e+02  -2.51893420e-04
   3.57096300e+02  -8.82042150e-05
   3.57096789e+02  -4.26846149e-04
   3.57097277e+02  -4.69477789e-04
   3.57097765e+02  -1.84911536e-04
   3.57098254e+02   2.51231322e-05
   3.57098742e+02   3.21126165e-04
   3.57099230e+02   6.14372082e-04
   3.57099718e+02   4.42526391e-04
   3.57100207e+02  -3.46675915e-05
   3.57100695e+02  -3.90340749e-04
   3.57101183e+02  -5.31254744e-04
   3.57101672e+02  -5.88201685e-04
   3.57102160e+02  -5.59590582e-04
   3.57102648e+02  -3.11159383e-04
   3.57103137e+02   4.73427426e-05
   3.57103625e+02   4.63683944e-04
   3.57104113e+02   7.35961483e-04
   3.57104602e+02   7.20206648e-04
   3.57105090e+02   6.11221534e-04
   3.57105578e+02   2.75995291e-04
   3.57106066e+02  -1.50122491e-04
   3.57106555e+02  -3.07572191e-04
   3.57107043e+02  -3.46113491e-04
   3.57107531e+02  -3.50309827e-04
   3.57108020e+02  -2.15285530e-04
   3.57108508e+02   2.97090646e-05
   3.57108996e+02   2.64283473e-04
   3.57109485e+02   5.21003269e-04
   3.57109973e+02   7.17194227e-04
   3.57110461e+02   7.24618672e-04
   3.57110950e+02   5.94193174e-04
   3.57111438e+02   3.47182213e-04
   3.57111926e+02   1.83714728e-04
   3.57112414e+02   1.77480921e-04
   3.57112903e+02   1.76075933e-04
   3.57113391e+02   3.24544904e-04
   3.57113879e+02   2.30148318e-04
   3.57114368e+02  -1.96757086e-04
   3.57114856e+02  -1.88885955e-04
   3.57115344e+02   1.93657674e-04
   3.57115833e+02   2.21487469e-04
   3.57116321e+02  -1.74405286e-04
   3.57116809e+02  -3.08757299e-04
   3.57117298e+02   1.82086187e-05
   3.57117786e+02   1.59599673e-04
   3.57118274e+02   6.97269888e-06
   3.57118762e+02  -5.79088046e-05
   3.57119251e+02  -1.45179816e-04
   3.57119739e+02  -4.03481361e-04
   3.57120227e+02  -7.58905895e-04
   3.57120716e+02  -9.98000847e-04
   3.57121204e+02  -7.16638344e-04
   3.57121692e+02  -3.97023396e-05
   3.57122181e+02   2.13052510e-04
   3.57122669e+02  -2.15669366e-04
   3.57123157e+02  -5.62415808e-04
   3.57123646e+02  -1.53231915e-04
   3.57124134e+02   5.32879261e-04
   3.57124622e+02   6.50240399e-04
   3.57125110e+02   2.94250640e-04
   3.57125599e+02   1.09647284e-04
   3.57126087e+02   7.96569439e-05
   3.57126575e+02  -8.57855339e-05
   3.57127064e+02  -1.95398447e-04
   3.57127552e+02  -6.82981627e-05
   3.57128040e+02   1.14429982e-04
   3.57128529e+02   8.52126541e-05
   3.57129017e+02  -2.39264133e-04
   3.57129505e+02  -7.78250629e-04
   3.57129994e+02  -1.13206625e-03
   3.57130482e+02  -8.94152152e-04
   3.57130970e+02  -2.74452817e-04
   3.57131459e+02   2.54379847e-04
   3.57131947e+02   3.33221571e-04
   3.57132435e+02   1.18312098e-04
   3.57132923e+02   1.63267439e-04
   3.57133412e+02   3.23402463e-04
   3.57133900e+02   2.00355673e-04
   3.57134388e+02  -1.11072652e-04
   3.57134877e+02  -5.10643469e-04
   3.57135365e+02  -8.44647468e-04
   3.57135853e+02  -7.53996486e-04
   3.57136342e+02  -2.66908610e-04
   3.57136830e+02   2.60299596e-04
   3.57137318e+02   5.82599430e-04
   3.57137807e+02   6.50726666e-04
   3.57138295e+02   5.94605692e-04
   3.57138783e+02   2.91710225e-04
   3.57139271e+02  -2.54121969e-05
   3.57139760e+02   5.19415516e-05
   3.57140248e+02   1.32727131e-04
   3.57140736e+02  -1.73139979e-05
   3.57141225e+02  -1.55235626e-04
   3.57141713e+02  -9.86454470e-05
   3.57142201e+02  -1.87295576e-04
   3.57142690e+02  -6.67588785e-04
   3.57143178e+02  -8.15702137e-04
   3.57143666e+02  -4.61360527e-04
   3.57144155e+02  -2.91272620e-04
   3.57144643e+02  -3.21963016e-04
   3.57145131e+02  -2.06128811e-04
   3.57145619e+02   6.86038620e-05
   3.57146108e+02   4.45645419e-04
   3.57146596e+02   8.03453207e-04
   3.57147084e+02   8.06219876e-04
   3.57147573e+02   4.52986715e-04
   3.57148061e+02   2.69396085e-04
   3.57148549e+02   2.51680642e-04
   3.57149038e+02   2.79171247e-04
   3.57149526e+02   3.69238231e-04
   3.57150014e+02   3.78445227e-04
   3.57150503e+02   4.11440036e-04
   3.57150991e+02   3.06671049e-04
   3.57151479e+02   3.61616694e-05
   3.57151967e+02   2.83685164e-04
   3.57152456e+02   7.59303628e-04
   3.57152944e+02   5.29224635e-04
   3.57153432e+02   1.62104057e-04
   3.57153921e+02   2.42125010e-04
   3.57154409e+02   3.09587398e-04
   3.57154897e+02   3.24594701e-04
   3.57155386e+02   3.49964394e-04
   3.57155874e+02   1.68452156e-04
   3.57156362e+02  -2.61495939e-06
   3.57156851e+02  -8.74890429e-06
   3.57157339e+02  -2.96329265e-04
   3.57157827e+02  -7.07417552e-04
   3.57158315e+02  -6.55567681e-04
   3.57158804e+02  -5.65756694e-04
   3.57159292e+02  -8.27386393e-04
   3.57159780e+02  -1.00502523e-03
   3.57160269e+02  -9.56406002e-04
   3.57160757e+02  -7.59455259e-04
   3.57161245e+02  -3.60858598e-04
   3.57161734e+02   6.43992244e-05
   3.57162222e+02   3.29214352e-04
   3.57162710e+02   4.80285147e-04
   3.57163199e+02   4.63803881e-04
   3.57163687e+02   2.68130098e-04
   3.57164175e+02   6.91033274e-05
   3.57164663e+02  -1.07376880e-04
   3.57165152e+02  -1.31227338e-04
   3.57165640e+02  -4.69564766e-05
   3.57166128e+02  -1.82218100e-05
   3.57166617e+02   1.38326926e-04
   3.57167105e+02   2.42291819e-04
   3.57167593e+02  -1.10191060e-04
   3.57168082e+02  -6.94894523e-04
   3.57168570e+02  -6.63327170e-04
   3.57169058e+02  -1.59193092e-04
   3.57169547e+02  -4.41936692e-07
   3.57170035e+02   9.04275930e-06
   3.57170523e+02   6.25128014e-05
   3.57171012e+02  -4.81655698e-05
   3.57171500e+02  -5.69569092e-05
   3.57171988e+02  -5.32545600e-05
   3.57172476e+02  -2.24815143e-04
   3.57172965e+02  -1.14255345e-04
   3.57173453e+02   9.30506649e-05
   3.57173941e+02  -1.57937640e-04
   3.57174430e+02  -3.65477841e-04
   3.57174918e+02  -7.07722575e-05
   3.57175406e+02   1.63158678e-04
   3.57175895e+02   1.82392992e-04
   3.57176383e+02   4.00933000e-04
   3.57176871e+02   5.39448694e-04
   3.57177360e+02   4.35674912e-04
   3.57177848e+02   4.92810213e-04
   3.57178336e+02   5.11384860e-04
   3.57178824e+02   2.83689820e-04
   3.57179313e+02   5.56901978e-05
   3.57179801e+02   1.89765997e-05
   3.57180289e+02   2.99623462e-05
   3.57180778e+02  -1.13861825e-04
   3.57181266e+02  -1.77649563e-04
   3.57181754e+02  -1.76565401e-04
   3.57182243e+02  -3.43239721e-04
   3.57182731e+02  -4.48661798e-04
   3.57183219e+02  -3.44835338e-04
   3.57183708e+02  -1.28077052e-04
   3.57184196e+02   2.34085146e-05
   3.57184684e+02  -5.55920560e-05
   3.57185172e+02  -2.00374619e-04
   3.57185661e+02  -3.06429545e-04
   3.57186149e+02  -3.01114720e-04
   3.57186637e+02  -3.34045981e-05
   3.57187126e+02   3.26690468e-04
   3.57187614e+02   5.05621370e-04
   3.57188102e+02   2.79550499e-04
   3.57188591e+02  -2.02646872e-04
   3.57189079e+02  -6.85672043e-04
   3.57189567e+02  -1.00824912e-03
   3.57190056e+02  -9.41589708e-04
   3.57190544e+02  -6.69052126e-04
   3.57191032e+02  -2.89375370e-04
   3.57191520e+02   3.17407626e-04
   3.57192009e+02   5.60317130e-04
   3.57192497e+02   1.47869068e-04
   3.57192985e+02  -2.30506543e-04
   3.57193474e+02  -4.64657242e-05
   3.57193962e+02   1.18328564e-04
   3.57194450e+02   1.74773886e-04
   3.57194939e+02   2.42622846e-04
   3.57195427e+02  -3.43439751e-05
   3.57195915e+02  -1.70449144e-04
   3.57196404e+02   4.50355983e-05
   3.57196892e+02   9.93862923e-05
   3.57197380e+02   1.43205107e-04
   3.57197868e+02   1.42031276e-04
   3.57198357e+02  -1.21682446e-04
   3.57198845e+02  -4.08241845e-04
   3.57199333e+02  -5.88361465e-04
   3.57199822e+02  -3.83482518e-04
   3.57200310e+02   1.62724231e-04
   3.57200798e+02   4.48937761e-04
   3.57201287e+02   3.04350542e-04
   3.57201775e+02   2.02589115e-04
   3.57202263e+02   2.02755065e-04
   3.57202752e+02   8.72731543e-05
   3.57203240e+02  -1.05334926e-04
   3.57203728e+02  -4.42341552e-04
   3.57204216e+02  -7.11494416e-04
   3.57204705e+02  -6.65562809e-04
   3.57205193e+02  -5.66476898e-04
   3.57205681e+02  -4.39224183e-04
   3.57206170e+02  -2.17413763e-04
   3.57206658e+02  -1.88124963e-04
   3.57207146e+02  -6.96962752e-06
   3.57207635e+02   4.33120236e-04
   3.57208123e+02   5.09884907e-04
   3.57208611e+02   4.86422097e-04
   3.57209100e+02   5.45111194e-04
   3.57209588e+02   5.88202674e-04
   3.57210076e+02   9.73635179e-04
   3.57210565e+02   1.10925490e-03
   3.57211053e+02   2.70528632e-04
   3.57211541e+02  -5.12747327e-04
   3.57212029e+02  -2.38110719e-04
   3.57212518e+02   3.15706711e-04
   3.57213006e+02   1.81667638e-04
   3.57213494e+02  -2.89825053e-04
   3.57213983e+02  -2.10317361e-04
   3.57214471e+02   2.79891130e-04
   3.57214959e+02   4.02229634e-04
   3.57215448e+02   1.23579212e-05
   3.57215936e+02  -4.65624675e-04
   3.57216424e+02  -6.20655541e-04
   3.57216913e+02  -4.72238986e-04
   3.57217401e+02  -4.99863178e-04
   3.57217889e+02  -7.14239664e-04
   3.57218377e+02  -3.80012876e-04
   3.57218866e+02   3.09666415e-04
   3.57219354e+02   4.81761788e-04
   3.57219842e+02   1.31932873e-04
   3.57220331e+02  -1.85662007e-04
   3.57220819e+02  -4.13263042e-04
   3.57221307e+02  -4.57974966e-04
   3.57221796e+02  -2.33429746e-05
   3.57222284e+02   3.63570725e-04
   3.57222772e+02   4.13496105e-04
   3.57223261e+02   3.86302010e-04
   3.57223749e+02   2.95483624e-04
   3.57224237e+02  -4.68217768e-05
   3.57224725e+02  -5.19677065e-04
   3.57225214e+02  -4.33300680e-04
   3.57225702e+02   2.45302508e-04
   3.57226190e+02   8.63595633e-04
   3.57226679e+02   1.01264904e-03
   3.57227167e+02   5.48982469e-04
   3.57227655e+02  -9.72480484e-05
   3.57228144e+02  -1.35670460e-04
   3.57228632e+02   2.02474301e-04
   3.57229120e+02   2.29650454e-04
   3.57229609e+02  -1.67136357e-04
   3.57230097e+02  -5.85720118e-04
   3.57230585e+02  -4.20367724e-04
   3.57231073e+02  -2.37804556e-07
   3.57231562e+02  -4.85592245e-05
   3.57232050e+02  -1.75448906e-04
   3.57232538e+02  -6.24773311e-05
   3.57233027e+02  -8.18848275e-05
   3.57233515e+02  -2.62915564e-04
   3.57234003e+02  -3.69206362e-04
   3.57234492e+02  -2.57621345e-04
   3.57234980e+02  -1.04872983e-04
   3.57235468e+02  -2.60613830e-04
   3.57235957e+02  -4.27655963e-04
   3.57236445e+02  -2.75216269e-04
   3.57236933e+02  -8.17815726e-06
   3.57237421e+02   9.22008549e-05
   3.57237910e+02  -1.22027879e-04
   3.57238398e+02  -4.21146106e-04
   3.57238886e+02  -3.55866476e-04
   3.57239375e+02   1.60668525e-04
   3.57239863e+02   5.32504171e-04
   3.57240351e+02   2.46183365e-04
   3.57240840e+02  -3.91185255e-04
   3.57241328e+02  -6.94945222e-04
   3.57241816e+02  -5.61795896e-04
   3.57242305e+02  -5.60995599e-04
   3.57242793e+02  -5.23576222e-04
   3.57243281e+02  -4.18971642e-04
   3.57243769e+02  -4.93292580e-04
   3.57244258e+02  -2.30615929e-04
   3.57244746e+02   3.86041029e-05
   3.57245234e+02  -1.27239939e-04
   3.57245723e+02  -1.83465061e-04
   3.57246211e+02  -1.87437254e-04
   3.57246699e+02  -4.33078851e-04
   3.57247188e+02  -3.99491342e-04
   3.57247676e+02  -1.22643105e-04
   3.57248164e+02  -2.71598488e-04
   3.57248653e+02  -5.52412064e-04
   3.57249141e+02  -7.18407740e-04
   3.57249629e+02  -7.08735141e-04
   3.57250118e+02  -2.07220175e-04
   3.57250606e+02   2.68069300e-04
   3.57251094e+02   2.16271263e-04
   3.57251582e+02   1.47237719e-04
   3.57252071e+02   1.53384768e-04
   3.57252559e+02   1.95185625e-04
   3.57253047e+02   3.84599232e-04
   3.57253536e+02   3.69944551e-04
   3.57254024e+02  -6.78739816e-05
   3.57254512e+02  -4.49152663e-04
   3.57255001e+02  -3.92068498e-04
   3.57255489e+02  -1.51075903e-04
   3.57255977e+02  -1.61483389e-04
   3.57256466e+02  -4.41562501e-04
   3.57256954e+02  -4.33747133e-04
   3.57257442e+02  -1.48508887e-04
   3.57257930e+02  -1.15723378e-05
   3.57258419e+02  -1.35938695e-04
   3.57258907e+02  -2.88960757e-04
   3.57259395e+02  -1.96406167e-04
   3.57259884e+02  -1.55827162e-04
   3.57260372e+02  -4.25100530e-04
   3.57260860e+02  -5.08026686e-04
   3.57261349e+02  -1.94121822e-05
   3.57261837e+02   6.83024875e-04
   3.57262325e+02   9.89940600e-04
   3.57262814e+02   7.61734787e-04
   3.57263302e+02   4.36494825e-04
   3.57263790e+02   3.32884607e-04
   3.57264278e+02   4.83867916e-04
   3.57264767e+02   6.67702523e-04
   3.57265255e+02   5.06637210e-04
   3.57265743e+02   8.96965685e-06
   3.57266232e+02  -5.35226834e-04
   3.57266720e+02  -6.11565018e-04
   3.57267208e+02  -3.40061350e-04
   3.57267697e+02  -5.40024776e-05
   3.57268185e+02   2.53289065e-04
   3.57268673e+02   2.55331281e-04
   3.57269162e+02  -1.92335247e-05
   3.57269650e+02  -2.77989475e-05
   3.57270138e+02   3.70484049e-04
   3.57270626e+02   6.95839059e-04
   3.57271115e+02   5.16427157e-04
   3.57271603e+02   8.22040893e-05
   3.57272091e+02  -1.40578713e-05
   3.57272580e+02   1.58534967e-04
   3.57273068e+02   6.07975271e-05
   3.57273556e+02  -2.93050776e-04
   3.57274045e+02  -4.19368764e-04
   3.57274533e+02  -4.17904550e-04
   3.57275021e+02  -3.77710006e-04
   3.57275510e+02  -8.40202483e-05
   3.57275998e+02   1.60151845e-04
   3.57276486e+02   1.55992515e-04
   3.57276974e+02   3.58930629e-05
   3.57277463e+02   2.83646277e-05
   3.57277951e+02   3.01716325e-04
   3.57278439e+02   6.19242201e-04
   3.57278928e+02   6.26201741e-04
   3.57279416e+02   2.99816340e-04
   3.57279904e+02   1.55285990e-04
   3.57280393e+02   3.22270818e-04
   3.57280881e+02   3.86063912e-04
   3.57281369e+02   2.99443724e-04
   3.57281858e+02   2.74800637e-04
   3.57282346e+02   3.24844703e-04
   3.57282834e+02   2.32488615e-04
   3.57283322e+02  -3.58068282e-05
   3.57283811e+02  -1.28196523e-04
   3.57284299e+02   1.95195025e-04
   3.57284787e+02   3.78226890e-04
   3.57285276e+02  -1.19758457e-04
   3.57285764e+02  -3.75522271e-04
   3.57286252e+02   1.53673809e-05
   3.57286741e+02   3.41475417e-04
   3.57287229e+02   5.01418312e-04
   3.57287717e+02   4.03794955e-04
   3.57288206e+02   1.04220017e-04
   3.57288694e+02   5.88495095e-05
   3.57289182e+02   1.50776352e-04
   3.57289671e+02   1.43175217e-04
   3.57290159e+02   3.73506882e-05
   3.57290647e+02  -5.51801822e-05
   3.57291135e+02   2.49136239e-04
   3.57291624e+02   7.11355300e-04
   3.57292112e+02   5.74131380e-04
   3.57292600e+02  -8.54996179e-05
   3.57293089e+02  -4.78629081e-04
   3.57293577e+02  -4.37021663e-04
   3.57294065e+02  -4.20782366e-04
   3.57294554e+02  -5.59356355e-04
   3.57295042e+02  -4.54590685e-04
   3.57295530e+02  -1.04119172e-04
   3.57296019e+02  -1.19818782e-04
   3.57296507e+02  -3.61136044e-04
   3.57296995e+02  -2.61875830e-04
   3.57297483e+02  -2.93972280e-05
   3.57297972e+02   1.89535262e-04
   3.57298460e+02   2.82046327e-04
   3.57298948e+02   2.47031676e-05
   3.57299437e+02  -3.72994022e-04
   3.57299925e+02  -4.57406451e-04
   3.57300413e+02   8.85686168e-05
   3.57300902e+02   4.67823556e-04
   3.57301390e+02   5.83946312e-05
   3.57301878e+02  -6.15640311e-05
   3.57302367e+02   3.94593430e-04
   3.57302855e+02   3.65958491e-04
   3.57303343e+02  -2.53703096e-04
   3.57303831e+02  -6.30232913e-04
   3.57304320e+02  -3.61798942e-04
   3.57304808e+02   2.82613124e-04
   3.57305296e+02   7.06275401e-04
   3.57305785e+02   4.95878339e-04
   3.57306273e+02  -1.37306342e-04
   3.57306761e+02  -4.64874465e-04
   3.57307250e+02  -2.76928826e-04
   3.57307738e+02  -2.68546632e-04
   3.57308226e+02  -5.47869364e-04
   3.57308715e+02  -5.18964836e-04
   3.57309203e+02  -1.83214317e-04
   3.57309691e+02   1.24925951e-04
   3.57310179e+02   3.43346444e-04
   3.57310668e+02   5.54593746e-04
   3.57311156e+02   5.94248762e-04
   3.57311644e+02   2.85197166e-04
   3.57312133e+02   4.32295637e-05
   3.57312621e+02   7.79972179e-05
   3.57313109e+02   2.88445590e-04
   3.57313598e+02   4.89435624e-04
   3.57314086e+02   1.72397587e-04
   3.57314574e+02  -2.48612196e-04
   3.57315063e+02  -2.36653374e-04
   3.57315551e+02  -1.13958165e-04
   3.57316039e+02  -7.65921359e-05
   3.57316527e+02   1.11317480e-04
   3.57317016e+02   3.88889166e-04
   3.57317504e+02   2.58386193e-04
   3.57317992e+02  -2.18187517e-04
   3.57318481e+02  -4.26790211e-04
   3.57318969e+02  -2.24223681e-04
   3.57319457e+02   4.91542414e-05
   3.57319946e+02   1.46131904e-04
   3.57320434e+02   1.75950219e-04
   3.57320922e+02   3.16816731e-04
   3.57321411e+02   4.30699176e-04
   3.57321899e+02   4.22247540e-04
   3.57322387e+02   4.74651693e-04
   3.57322875e+02   4.85126686e-04
   3.57323364e+02   1.55087546e-04
   3.57323852e+02  -3.14909819e-04
   3.57324340e+02  -5.73869504e-04
   3.57324829e+02  -3.28978465e-04
   3.57325317e+02   1.13975402e-04
   3.57325805e+02  -6.96946609e-06
   3.57326294e+02  -3.90669622e-04
   3.57326782e+02  -3.00315151e-04
   3.57327270e+02   6.29355054e-05
   3.57327759e+02   7.73655556e-05
   3.57328247e+02  -1.40092874e-04
   3.57328735e+02   7.49389874e-05
   3.57329224e+02   4.71573090e-04
   3.57329712e+02   4.46998165e-04
   3.57330200e+02   2.99607746e-05
   3.57330688e+02  -3.29420815e-04
   3.57331177e+02  -3.97830067e-04
   3.57331665e+02  -5.06717071e-04
   3.57332153e+02  -8.28197517e-04
   3.57332642e+02  -8.67113355e-04
   3.57333130e+02  -4.06729785e-04
   3.57333618e+02   9.81834091e-05
   3.57334107e+02   1.49381027e-04
   3.57334595e+02  -2.26886768e-04
   3.57335083e+02  -4.60470037e-04
   3.57335572e+02  -4.00581543e-04
   3.57336060e+02  -4.78942296e-04
   3.57336548e+02  -5.53140824e-04
   3.57337036e+02  -3.06609814e-04
   3.57337525e+02  -1.23455493e-05
   3.57338013e+02   4.65157616e-04
   3.57338501e+02   9.85091785e-04
   3.57338990e+02   9.75916628e-04
   3.57339478e+02   6.01233391e-04
   3.57339966e+02   2.80113571e-04
   3.57340455e+02   3.13221863e-05
   3.57340943e+02  -1.96535926e-04
   3.57341431e+02   9.19926333e-06
   3.57341920e+02   5.37963933e-04
   3.57342408e+02   4.98171488e-04
   3.57342896e+02   4.19328389e-05
   3.57343384e+02  -1.49281637e-04
   3.57343873e+02  -2.19605554e-05
   3.57344361e+02   1.37527491e-06
   3.57344849e+02  -1.86913923e-04
   3.57345338e+02  -2.66944407e-04
   3.57345826e+02  -4.68484592e-04
   3.57346314e+02  -6.28456357e-04
   3.57346803e+02  -1.86794554e-04
   3.57347291e+02   1.37081997e-05
   3.57347779e+02  -4.12686437e-04
   3.57348268e+02  -4.63556033e-04
   3.57348756e+02  -2.04470944e-05
   3.57349244e+02   3.08120594e-04
   3.57349732e+02   3.13716737e-04
   3.57350221e+02   4.91173887e-06
   3.57350709e+02  -2.91562406e-04
   3.57351197e+02   4.99266680e-05
   3.57351686e+02   6.23298052e-04
   3.57352174e+02   6.01913256e-04
   3.57352662e+02   2.93319405e-04
   3.57353151e+02   1.50405322e-04
   3.57353639e+02   2.37879154e-04
   3.57354127e+02   5.46721392e-04
   3.57354616e+02   6.06062997e-04
   3.57355104e+02   3.35306831e-04
   3.57355592e+02   3.46416811e-04
   3.57356080e+02   1.61938995e-04
   3.57356569e+02  -1.89916274e-04
   3.57357057e+02   4.63052675e-05
   3.57357545e+02   3.38891346e-04
   3.57358034e+02   2.86119088e-04
   3.57358522e+02  -3.78844925e-05
   3.57359010e+02  -4.49906103e-04
   3.57359499e+02  -2.21613882e-04
   3.57359987e+02   2.73194280e-04
   3.57360475e+02   1.16791152e-05
   3.57360964e+02  -4.86803445e-04
   3.57361452e+02  -4.15679417e-04
   3.57361940e+02   9.55941723e-05
   3.57362428e+02   4.47462546e-04
   3.57362917e+02   4.01560799e-04
   3.57363405e+02   4.32082074e-04
   3.57363893e+02   5.24655858e-04
   3.57364382e+02   4.35610389e-04
   3.57364870e+02   1.58080788e-04
   3.57365358e+02  -3.56987613e-04
   3.57365847e+02  -6.78592420e-04
   3.57366335e+02  -4.94875887e-04
   3.57366823e+02  -2.19810128e-04
   3.57367312e+02   3.25315123e-05
   3.57367800e+02   3.68973764e-04
   3.57368288e+02   3.78226483e-04
   3.57368777e+02   1.22229481e-04
   3.57369265e+02  -1.17157892e-04
   3.57369753e+02  -1.68984538e-04
   3.57370241e+02   1.93782864e-04
   3.57370730e+02   4.03768034e-04
   3.57371218e+02  -1.69281193e-04
   3.57371706e+02  -5.13402978e-04
   3.57372195e+02  -1.24165890e-04
   3.57372683e+02   1.48537816e-04
   3.57373171e+02   7.88534308e-05
   3.57373660e+02   4.95893582e-05
   3.57374148e+02   1.24354221e-04
   3.57374636e+02   1.16163355e-04
   3.57375125e+02   1.82869175e-04
   3.57375613e+02   2.87101662e-04
   3.57376101e+02   1.76332469e-05
   3.57376589e+02  -3.09214578e-04
   3.57377078e+02  -1.33329988e-04
   3.57377566e+02   1.69769410e-04
   3.57378054e+02  -4.02867187e-07
   3.57378543e+02  -3.34687240e-04
   3.57379031e+02  -2.70991150e-04
   3.57379519e+02   1.00812671e-04
   3.57380008e+02   2.90932599e-04
   3.57380496e+02   2.45600066e-04
   3.57380984e+02   1.90033737e-04
   3.57381473e+02   1.44094782e-04
   3.57381961e+02   9.19122394e-05
   3.57382449e+02   7.52602427e-05
   3.57382937e+02   5.71380697e-05
   3.57383426e+02  -1.04249732e-04
   3.57383914e+02  -3.73628980e-04
   3.57384402e+02  -5.02021576e-04
   3.57384891e+02  -3.03225679e-04
   3.57385379e+02   1.21625482e-04
   3.57385867e+02   3.44190514e-04
   3.57386356e+02   2.31131155e-04
   3.57386844e+02   2.01542935e-04
   3.57387332e+02   1.99226401e-04
   3.57387821e+02   2.38151788e-05
   3.57388309e+02   4.94863089e-05
   3.57388797e+02   1.85690442e-04
   3.57389285e+02  -9.55570249e-06
   3.57389774e+02  -4.08613065e-04
   3.57390262e+02  -6.71277405e-04
   3.57390750e+02  -4.64216515e-04
   3.57391239e+02   6.53966636e-05
   3.57391727e+02   4.12489724e-04
   3.57392215e+02   4.60718817e-04
   3.57392704e+02   3.26543901e-04
   3.57393192e+02  -6.79768564e-05
   3.57393680e+02  -4.02472622e-04
   3.57394169e+02  -2.22951858e-04
   3.57394657e+02  -6.84254046e-05
   3.57395145e+02  -2.21087874e-04
   3.57395633e+02  -1.25017803e-04
   3.57396122e+02   1.04386701e-04
   3.57396610e+02   1.67057718e-04
   3.57397098e+02   2.46989570e-04
   3.57397587e+02   2.52460188e-04
   3.57398075e+02   1.20701392e-04
   3.57398563e+02   2.77173909e-04
   3.57399052e+02   5.21189242e-04
   3.57399540e+02   2.47149292e-04
   3.57400028e+02  -3.01079381e-05
   3.57400517e+02   1.77962647e-04
   3.57401005e+02   3.18982464e-04
   3.57401493e+02   3.86130763e-04
   3.57401981e+02   5.21215086e-04
   3.57402470e+02   2.24887655e-04
   3.57402958e+02  -2.07346384e-04
   3.57403446e+02  -2.49313947e-04
   3.57403935e+02  -1.89158251e-04
   3.57404423e+02  -1.54297828e-04
   3.57404911e+02  -1.84573382e-05
   3.57405400e+02   4.68682447e-05
   3.57405888e+02   2.04585140e-05
   3.57406376e+02  -8.31644138e-05
   3.57406865e+02  -3.60723789e-04
   3.57407353e+02  -3.68251494e-04
   3.57407841e+02  -1.34668633e-04
   3.57408330e+02  -2.19519163e-04
   3.57408818e+02  -4.84100427e-04
   3.57409306e+02  -4.36679256e-04
   3.57409794e+02  -2.62963113e-05
   3.57410283e+02   3.27515620e-04
   3.57410771e+02   3.11964162e-04
   3.57411259e+02   2.19222886e-04
   3.57411748e+02   4.13296453e-04
   3.57412236e+02   7.52785243e-04
   3.57412724e+02   1.04319630e-03
   3.57413213e+02   1.07511634e-03
   3.57413701e+02   5.94517158e-04
   3.57414189e+02   1.12866757e-04
   3.57414678e+02  -2.91368488e-04
   3.57415166e+02  -7.99937814e-04
   3.57415654e+02  -8.09045392e-04
   3.57416142e+02  -3.11663869e-04
   3.57416631e+02  -9.85613151e-05
   3.57417119e+02  -2.44791154e-04
   3.57417607e+02  -1.95543049e-04
   3.57418096e+02  -8.60979926e-05
   3.57418584e+02  -2.38858658e-04
   3.57419072e+02  -4.25228121e-04
   3.57419561e+02  -4.91150655e-04
   3.57420049e+02  -3.76074691e-04
   3.57420537e+02  -1.28655680e-04
   3.57421026e+02  -2.36303822e-05
   3.57421514e+02   9.97087409e-05
   3.57422002e+02   3.63169005e-04
   3.57422490e+02   3.18194536e-04
   3.57422979e+02  -1.20118557e-05
   3.57423467e+02   7.25452046e-05
   3.57423955e+02   5.49419899e-04
   3.57424444e+02   7.06086284e-04
   3.57424932e+02   6.27449306e-04
   3.57425420e+02   7.07255036e-04
   3.57425909e+02   5.75868995e-04
   3.57426397e+02   3.59655911e-04
   3.57426885e+02   3.47484514e-04
   3.57427374e+02  -3.83869519e-06
   3.57427862e+02  -6.49662106e-04
   3.57428350e+02  -5.96062688e-04
   3.57428838e+02  -9.40165628e-05
   3.57429327e+02   1.27792970e-04
   3.57429815e+02  -1.84362634e-05
   3.57430303e+02  -2.94357858e-04
   3.57430792e+02  -2.50260782e-04
   3.57431280e+02  -1.54792739e-04
   3.57431768e+02  -5.18173038e-04
   3.57432257e+02  -7.63488293e-04
   3.57432745e+02  -3.87383596e-04
   3.57433233e+02   6.35712931e-05
   3.57433722e+02   1.90134699e-04
   3.57434210e+02   2.19465917e-04
   3.57434698e+02   1.42564648e-04
   3.57435186e+02  -8.14431187e-05
   3.57435675e+02  -2.46433483e-04
   3.57436163e+02  -2.64903094e-04
   3.57436651e+02  -2.13662628e-04
   3.57437140e+02  -1.95870947e-04
   3.57437628e+02   3.21928133e-06
   3.57438116e+02   5.46773488e-04
   3.57438605e+02   8.97367543e-04
   3.57439093e+02   5.07248566e-04
   3.57439581e+02  -3.39693652e-04
   3.57440070e+02  -5.89631905e-04
   3.57440558e+02  -7.28240138e-06
   3.57441046e+02   4.77980589e-04
   3.57441534e+02   3.54656135e-04
   3.57442023e+02  -1.61032716e-04
   3.57442511e+02  -5.52777085e-04
   3.57442999e+02  -4.73551569e-04
   3.57443488e+02  -2.05844408e-04
   3.57443976e+02  -9.49558671e-05
   3.57444464e+02  -9.75132707e-07
   3.57444953e+02   2.82874884e-04
   3.57445441e+02   4.20071738e-04
   3.57445929e+02   2.89832882e-04
   3.57446418e+02   1.93678352e-04
   3.57446906e+02   2.49525387e-04
   3.57447394e+02   5.70091885e-04
   3.57447883e+02   9.64877137e-04
   3.57448371e+02   7.51584303e-04
   3.57448859e+02   1.88586957e-04
   3.57449347e+02   7.36394941e-06
   3.57449836e+02   6.97840660e-05
   3.57450324e+02  -3.39824219e-05
   3.57450812e+02  -5.94027624e-05
   3.57451301e+02   1.76917543e-04
   3.57451789e+02   4.84800170e-04
   3.57452277e+02   6.78267912e-04
   3.57452766e+02   5.16814704e-04
   3.57453254e+02  -1.11648078e-04
   3.57453742e+02  -8.78679333e-04
   3.57454231e+02  -1.19109044e-03
   3.57454719e+02  -1.00275222e-03
   3.57455207e+02  -6.43972075e-04
   3.57455695e+02  -7.27785591e-05
   3.57456184e+02  -1.00331963e-05
   3.57456672e+02  -4.12809546e-04
   3.57457160e+02  -8.88234354e-05
   3.57457649e+02   6.59307523e-04
   3.57458137e+02   1.02133804e-03
   3.57458625e+02   8.89872899e-04
   3.57459114e+02   6.72048540e-04
   3.57459602e+02   5.98248153e-04
   3.57460090e+02   3.37718287e-04
   3.57460579e+02   1.40547621e-04
   3.57461067e+02   3.57020763e-04
   3.57461555e+02   3.98678269e-04
   3.57462043e+02   1.87345893e-06
   3.57462532e+02  -3.43224325e-04
   3.57463020e+02  -4.85842000e-04
   3.57463508e+02  -4.72807471e-04
   3.57463997e+02  -2.45956704e-04
   3.57464485e+02  -7.11087268e-05
   3.57464973e+02  -1.27890235e-04
   3.57465462e+02  -1.02095444e-04
   3.57465950e+02   7.05032144e-05
   3.57466438e+02   5.59577966e-05
   3.57466927e+02  -1.08648572e-04
   3.57467415e+02  -2.09727790e-04
   3.57467903e+02  -2.64547882e-04
   3.57468391e+02  -2.55238701e-04
   3.57468880e+02  -3.13671713e-04
   3.57469368e+02  -3.48720641e-04
   3.57469856e+02  -3.90537134e-05
   3.57470345e+02   4.31170338e-04
   3.57470833e+02   5.15938038e-04
   3.57471321e+02   1.56491777e-04
   3.57471810e+02  -8.04992305e-05
   3.57472298e+02   1.74887609e-04
   3.57472786e+02   6.52166666e-04
   3.57473275e+02   9.59169236e-04
   3.57473763e+02   7.45052297e-04
   3.57474251e+02   1.64133642e-04
   3.57474739e+02  -1.78123400e-06
   3.57475228e+02   3.80073005e-04
   3.57475716e+02   8.47444288e-04
   3.57476204e+02   9.23432235e-04
   3.57476693e+02   4.98008914e-04
   3.57477181e+02  -5.19520145e-05
   3.57477669e+02  -3.59699334e-04
   3.57478158e+02  -1.48170700e-04
   3.57478646e+02   3.48818518e-04
   3.57479134e+02   5.21450944e-04
   3.57479623e+02   4.71773819e-04
   3.57480111e+02   4.31984343e-04
   3.57480599e+02   1.97232966e-05
   3.57481087e+02  -4.11788176e-04
   3.57481576e+02  -1.27934691e-04
   3.57482064e+02   3.90467147e-04
   3.57482552e+02   2.95561098e-04
   3.57483041e+02  -1.25527455e-04
   3.57483529e+02  -7.59502655e-05
   3.57484017e+02   3.40150378e-04
   3.57484506e+02   3.78790137e-04
   3.57484994e+02   1.55465284e-04
   3.57485482e+02   3.61803308e-04
   3.57485971e+02   7.15360860e-04
   3.57486459e+02   5.53932798e-04
   3.57486947e+02   3.24444380e-04
   3.57487436e+02   1.18093812e-04
   3.57487924e+02   5.95802812e-05
   3.57488412e+02   2.55796942e-04
   3.57488900e+02   2.92896904e-04
   3.57489389e+02   1.12312002e-04
   3.57489877e+02  -6.15078970e-05
   3.57490365e+02   2.30432372e-04
   3.57490854e+02   6.33786083e-04
   3.57491342e+02   3.47252120e-04
   3.57491830e+02  -2.44442839e-04
   3.57492319e+02  -2.73633865e-04
   3.57492807e+02  -4.35730271e-06
   3.57493295e+02  -1.41412369e-04
   3.57493784e+02  -3.12574819e-04
   3.57494272e+02  -1.07624102e-04
   3.57494760e+02   1.32394547e-04
   3.57495248e+02  -2.60318939e-06
   3.57495737e+02  -3.91320646e-04
   3.57496225e+02  -2.19808178e-04
   3.57496713e+02   2.64052389e-04
   3.57497202e+02   2.43881921e-04
   3.57497690e+02   2.90327735e-04
   3.57498178e+02   5.43079630e-04
   3.57498667e+02   1.55478585e-04
   3.57499155e+02  -5.72350633e-04
   3.57499643e+02  -7.89692043e-04
   3.57500132e+02  -3.21469939e-04
   3.57500620e+02   2.28361154e-04
   3.57501108e+02   5.51272940e-04
   3.57501596e+02   7.59686111e-04
   3.57502085e+02   4.50492487e-04
   3.57502573e+02  -2.00477167e-04
   3.57503061e+02  -3.72900715e-04
   3.57503550e+02  -1.19741962e-04
   3.57504038e+02  -4.08960768e-05
   3.57504526e+02  -2.16785789e-04
   3.57505015e+02  -3.53238633e-04
   3.57505503e+02  -2.15389417e-04
   3.57505991e+02   1.94572262e-04
   3.57506480e+02   4.62857133e-04
   3.57506968e+02   2.66181567e-04
   3.57507456e+02  -4.77113135e-05
   3.57507944e+02  -2.00499519e-04
   3.57508433e+02  -4.77509195e-04
   3.57508921e+02  -6.36092445e-04
   3.57509409e+02  -3.64094478e-04
   3.57509898e+02   3.84664709e-05
   3.57510386e+02   1.70740503e-04
   3.57510874e+02   6.67231461e-06
   3.57511363e+02   2.61461664e-05
   3.57511851e+02   9.12407268e-05
   3.57512339e+02  -2.85718532e-04
   3.57512828e+02  -4.87163954e-04
   3.57513316e+02   1.04653671e-04
   3.57513804e+02   6.80093537e-04
   3.57514292e+02   6.26536959e-04
   3.57514781e+02   4.39792319e-04
   3.57515269e+02   2.23018156e-04
   3.57515757e+02   3.47632749e-06
   3.57516246e+02   4.08622291e-05
   3.57516734e+02  -8.24620947e-05
   3.57517222e+02  -5.17222041e-04
   3.57517711e+02  -7.97751185e-04
   3.57518199e+02  -4.78476490e-04
   3.57518687e+02   1.99917573e-04
   3.57519176e+02   4.64419572e-04
   3.57519664e+02   2.28744102e-04
   3.57520152e+02  -8.09829871e-05
   3.57520640e+02  -1.70219471e-04
   3.57521129e+02  -2.53450504e-04
   3.57521617e+02  -4.46994236e-04
   3.57522105e+02  -4.66461730e-04
   3.57522594e+02  -1.41746510e-04
   3.57523082e+02   1.22942965e-05
   3.57523570e+02  -1.13609371e-04
   3.57524059e+02   3.42509411e-05
   3.57524547e+02   1.58141891e-04
   3.57525035e+02  -1.07423832e-04
   3.57525524e+02  -1.60487514e-04
   3.57526012e+02   3.47007619e-04
   3.57526500e+02   7.88105535e-04
   3.57526989e+02   4.22259880e-04
   3.57527477e+02  -5.30941579e-05
   3.57527965e+02   2.94541911e-04
   3.57528453e+02   5.22774411e-04
   3.57528942e+02   1.72570406e-04
   3.57529430e+02   2.45543284e-04
   3.57529918e+02   7.44849036e-04
   3.57530407e+02   6.60516089e-04
   3.57530895e+02   3.10462347e-04
   3.57531383e+02   6.35463977e-04
   3.57531872e+02   9.52542468e-04
   3.57532360e+02   7.29499501e-04
   3.57532848e+02   5.34670660e-04
   3.57533337e+02   3.64999694e-04
   3.57533825e+02  -9.96476811e-05
   3.57534313e+02  -7.39820709e-04
   3.57534801e+02  -1.06983702e-03
   3.57535290e+02  -8.81018932e-04
   3.57535778e+02  -5.59212232e-04
   3.57536266e+02  -3.23138636e-04
   3.57536755e+02  -3.70394584e-04
   3.57537243e+02  -7.57944537e-04
   3.57537731e+02  -9.19061480e-04
   3.57538220e+02  -4.90513106e-04
   3.57538708e+02  -6.91051609e-05
   3.57539196e+02  -1.33097739e-04
   3.57539685e+02  -3.36692872e-04
   3.57540173e+02  -3.72793758e-04
   3.57540661e+02  -2.55087012e-04
   3.57541149e+02  -5.81474851e-05
   3.57541638e+02   1.60513242e-04
   3.57542126e+02   2.50093464e-04
   3.57542614e+02   3.84041807e-04
   3.57543103e+02   8.44008289e-04
   3.57543591e+02   9.04655200e-04
   3.57544079e+02   3.78368888e-04
   3.57544568e+02   1.28252985e-04
   3.57545056e+02  -1.86371646e-04
   3.57545544e+02  -2.71060737e-04
   3.57546033e+02  -8.28161774e-06
   3.57546521e+02   1.29935279e-05
   3.57547009e+02  -6.85305931e-05
   3.57547497e+02  -1.16759431e-04
   3.57547986e+02  -1.82801043e-04
   3.57548474e+02  -2.10587183e-04
   3.57548962e+02   1.12896312e-04
   3.57549451e+02   5.32627921e-04
   3.57549939e+02   5.50800993e-04
   3.57550427e+02   2.51694000e-04
   3.57550916e+02  -1.35458205e-04
   3.57551404e+02  -4.76697569e-05
   3.57551892e+02   3.25277477e-04
   3.57552381e+02   3.32286872e-04
   3.57552869e+02  -7.95265896e-06
   3.57553357e+02  -4.67095349e-04
   3.57553845e+02  -6.05472829e-04
   3.57554334e+02  -3.98666918e-04
   3.57554822e+02  -2.85807677e-04
   3.57555310e+02  -1.06862492e-04
   3.57555799e+02   1.81977564e-04
   3.57556287e+02  -1.21483572e-04
   3.57556775e+02  -9.51297290e-04
   3.57557264e+02  -1.31205632e-03
   3.57557752e+02  -1.07745128e-03
   3.57558240e+02  -9.46554064e-04
   3.57558729e+02  -7.64052849e-04
   3.57559217e+02  -4.15394752e-04
   3.57559705e+02  -2.24358140e-04
   3.57560193e+02   1.06372121e-04
   3.57560682e+02   5.16790315e-04
   3.57561170e+02   4.23333142e-04
   3.57561658e+02  -2.67899653e-04
   3.57562147e+02  -8.77254643e-04
   3.57562635e+02  -8.38591659e-04
   3.57563123e+02  -4.57059650e-04
   3.57563612e+02  -4.74376924e-04
   3.57564100e+02  -5.43281552e-04
   3.57564588e+02  -1.87660669e-04
   3.57565077e+02   8.21689014e-07
   3.57565565e+02   1.49049656e-05
   3.57566053e+02   4.52677137e-04
   3.57566542e+02   9.17373924e-04
   3.57567030e+02   7.24098762e-04
   3.57567518e+02   5.39718720e-04
   3.57568006e+02   6.81916485e-04
   3.57568495e+02   5.41567744e-04
   3.57568983e+02   1.21274388e-04
   3.57569471e+02  -2.52924685e-04
   3.57569960e+02  -4.87662837e-05
   3.57570448e+02   6.33479853e-04
   3.57570936e+02   5.83386107e-04
   3.57571425e+02  -4.99634421e-04
   3.57571913e+02  -1.50998333e-03
   3.57572401e+02  -1.40840327e-03
   3.57572890e+02  -6.17230136e-04
   3.57573378e+02  -3.93528899e-04
   3.57573866e+02  -6.53802301e-04
   3.57574354e+02  -6.43510604e-04
   3.57574843e+02  -5.51128993e-04
   3.57575331e+02  -7.27323000e-04
   3.57575819e+02  -5.48314129e-04
   3.57576308e+02  -9.76736410e-05
   3.57576796e+02  -1.47383587e-04
   3.57577284e+02  -5.76631464e-06
   3.57577773e+02   4.57222050e-04
   3.57578261e+02   6.32997253e-04
   3.57578749e+02   8.01628106e-04
   3.57579238e+02   9.23864369e-04
   3.57579726e+02   6.93222566e-04
   3.57580214e+02   5.77802057e-05
   3.57580702e+02  -3.32362135e-04
   3.57581191e+02  -1.67021281e-05
   3.57581679e+02   2.18101413e-04
   3.57582167e+02  -1.22233132e-05
   3.57582656e+02  -3.23152315e-04
   3.57583144e+02  -4.90880630e-04
   3.57583632e+02  -2.59310880e-04
   3.57584121e+02   1.26118190e-04
   3.57584609e+02  -8.40075154e-06
   3.57585097e+02  -3.26313544e-04
   3.57585586e+02   7.77464520e-05
   3.57586074e+02   5.43732313e-04
   3.57586562e+02   5.47830568e-05
   3.57587050e+02  -5.24559815e-04
   3.57587539e+02  -1.54450740e-04
   3.57588027e+02   5.00966853e-04
   3.57588515e+02   4.51044878e-04
   3.57589004e+02   1.67006983e-05
   3.57589492e+02   3.87102009e-05
   3.57589980e+02   2.25107797e-04
   3.57590469e+02   2.94357633e-05
   3.57590957e+02  -3.94912175e-04
   3.57591445e+02  -7.67538149e-04
   3.57591934e+02  -8.91601085e-04
   3.57592422e+02  -7.90026679e-04
   3.57592910e+02  -4.45927260e-04
   3.57593398e+02   7.27222941e-05
   3.57593887e+02   4.71126696e-04
   3.57594375e+02   6.87181717e-04
   3.57594863e+02   6.15140016e-04
   3.57595352e+02   3.40620682e-05
   3.57595840e+02  -6.48645218e-04
   3.57596328e+02  -5.89382078e-04
   3.57596817e+02   1.82312724e-04
   3.57597305e+02   6.41791150e-04
   3.57597793e+02   2.68529519e-04
   3.57598282e+02  -4.07367712e-04
   3.57598770e+02  -7.19513802e-04
   3.57599258e+02  -3.32357420e-04
   3.57599746e+02   3.60655104e-04
   3.57600235e+02   4.63498873e-04
   3.57600723e+02  -1.39834156e-04
   3.57601211e+02  -6.61281811e-04
   3.57601700e+02  -5.43504895e-04
   3.57602188e+02  -2.09809601e-04
   3.57602676e+02  -1.20824567e-04
   3.57603165e+02   1.50250062e-05
   3.57603653e+02  -2.49839912e-04
   3.57604141e+02  -7.08660053e-04
   3.57604630e+02  -7.09449174e-04
   3.57605118e+02  -1.82638934e-04
   3.57605606e+02   3.88099346e-04
   3.57606095e+02   4.43013851e-04
   3.57606583e+02   9.82495185e-05
   3.57607071e+02  -2.21738504e-04
   3.57607559e+02  -4.80904593e-04
   3.57608048e+02  -7.19672302e-04
   3.57608536e+02  -5.96172176e-04
   3.57609024e+02  -1.22200436e-04
   3.57609513e+02   1.15787923e-04
   3.57610001e+02   3.79341291e-05
   3.57610489e+02  -1.65855730e-04
   3.57610978e+02  -3.74610740e-04
   3.57611466e+02  -4.59892210e-04
   3.57611954e+02  -5.43017173e-04
   3.57612443e+02  -2.97345279e-04
   3.57612931e+02   3.05056339e-04
   3.57613419e+02   6.16377103e-04
   3.57613907e+02   9.51044785e-04
   3.57614396e+02   1.41377200e-03
   3.57614884e+02   1.05083652e-03
   3.57615372e+02  -6.89709632e-05
   3.57615861e+02  -7.66954152e-04
   3.57616349e+02  -7.11086032e-04
   3.57616837e+02  -4.49468760e-04
   3.57617326e+02  -2.18101632e-04
   3.57617814e+02   1.00857746e-04
   3.57618302e+02   3.13478726e-04
   3.57618791e+02   3.46575252e-04
   3.57619279e+02   5.49422577e-04
   3.57619767e+02   6.19451515e-04
   3.57620255e+02   1.56075737e-04
   3.57620744e+02  -3.51084600e-04
   3.57621232e+02  -3.23417364e-04
   3.57621720e+02  -1.20078104e-04
   3.57622209e+02  -2.43111455e-04
   3.57622697e+02  -2.09957085e-04
   3.57623185e+02   1.33264548e-04
   3.57623674e+02   1.48801235e-04
   3.57624162e+02  -1.15951043e-04
   3.57624650e+02  -2.05266406e-04
   3.57625139e+02  -2.55320745e-04
   3.57625627e+02  -3.80890560e-04
   3.57626115e+02  -3.32254189e-04
   3.57626603e+02  -1.78377639e-04
   3.57627092e+02  -2.92266661e-04
   3.57627580e+02  -4.71387437e-04
   3.57628068e+02  -3.26601614e-04
   3.57628557e+02   2.65102863e-04
   3.57629045e+02   9.39683290e-04
   3.57629533e+02   8.31712154e-04
   3.57630022e+02  -3.39249600e-05
   3.57630510e+02  -2.81599088e-04
   3.57630998e+02   2.81280634e-04
   3.57631487e+02   3.00519663e-04
   3.57631975e+02  -8.39590575e-05
   3.57632463e+02   5.99765808e-05
   3.57632951e+02   2.86206399e-04
   3.57633440e+02  -2.53094971e-04
   3.57633928e+02  -9.37847246e-04
   3.57634416e+02  -9.33445466e-04
   3.57634905e+02  -5.87302493e-04
   3.57635393e+02   4.49063518e-05
   3.57635881e+02   5.07945311e-04
   3.57636370e+02   2.04885771e-04
   3.57636858e+02  -2.92896264e-04
   3.57637346e+02  -7.13658927e-04
   3.57637835e+02  -6.76345022e-04
   3.57638323e+02   1.26255705e-04
   3.57638811e+02   4.93435131e-04
   3.57639299e+02   4.89589256e-05
   3.57639788e+02  -1.20062890e-04
   3.57640276e+02   7.78189351e-05
   3.57640764e+02   5.58820611e-04
   3.57641253e+02   1.16387324e-03
   3.57641741e+02   1.17784389e-03
   3.57642229e+02   5.94168028e-04
   3.57642718e+02   2.08887996e-05
   3.57643206e+02  -1.53887420e-04
   3.57643694e+02  -5.05007105e-04
   3.57644183e+02  -1.00949930e-03
   3.57644671e+02  -1.22270372e-03
   3.57645159e+02  -1.53501099e-03
   3.57645648e+02  -1.63640350e-03
   3.57646136e+02  -1.18019967e-03
   3.57646624e+02  -8.60153057e-04
   3.57647112e+02  -4.23740479e-04
   3.57647601e+02   1.45259808e-04
   3.57648089e+02   4.08228778e-04
   3.57648577e+02   6.10632473e-04
   3.57649066e+02   9.87736043e-04
   3.57649554e+02   1.38959067e-03
   3.57650042e+02   1.03881175e-03
   3.57650531e+02  -8.17449909e-05
   3.57651019e+02  -4.49727406e-04
   3.57651507e+02   1.98180409e-04
   3.57651996e+02   6.93660346e-04
   3.57652484e+02   5.86274080e-04
   3.57652972e+02   1.76273286e-04
   3.57653460e+02  -1.40372809e-04
   3.57653949e+02  -1.33333248e-04
   3.57654437e+02   1.74680084e-04
   3.57654925e+02   3.85944004e-04
   3.57655414e+02  -1.20698416e-04
   3.57655902e+02  -5.46910975e-04
   3.57656390e+02   6.34397475e-06
   3.57656879e+02   8.49392323e-04
   3.57657367e+02   1.06908486e-03
   3.57657855e+02   9.56260250e-04
   3.57658344e+02   6.95815019e-04
   3.57658832e+02  -3.65015421e-06
   3.57659320e+02  -5.31740254e-04
   3.57659808e+02  -2.67178635e-04
   3.57660297e+02   5.43360111e-05
   3.57660785e+02  -4.18238706e-05
   3.57661273e+02   1.15762043e-04
   3.57661762e+02   6.06281043e-04
   3.57662250e+02   9.22184554e-04
   3.57662738e+02   1.20835938e-03
   3.57663227e+02   1.28051010e-03
   3.57663715e+02   5.14914107e-04
   3.57664203e+02  -6.23942178e-04
   3.57664692e+02  -1.05312362e-03
   3.57665180e+02  -5.75698505e-04
   3.57665668e+02  -1.91581144e-04
   3.57666156e+02  -2.65698531e-04
   3.57666645e+02  -2.50487617e-04
   3.57667133e+02  -3.04860907e-04
   3.57667621e+02  -2.41234418e-04
   3.57668110e+02   5.94384212e-04
   3.57668598e+02   1.11135538e-03
   3.57669086e+02   1.04557269e-03
   3.57669575e+02   1.32291939e-03
   3.57670063e+02   1.16119394e-03
   3.57670551e+02   2.33696032e-04
   3.57671040e+02  -4.69779072e-04
   3.57671528e+02  -3.12214746e-04
   3.57672016e+02   3.63079453e-04
   3.57672504e+02   2.25589116e-04
   3.57672993e+02  -4.11850080e-04
   3.57673481e+02   2.16851845e-06
   3.57673969e+02   5.26965479e-04
   3.57674458e+02   1.41355034e-04
   3.57674946e+02  -1.08950779e-04
   3.57675434e+02   5.09923091e-04
   3.57675923e+02   9.83379781e-04
   3.57676411e+02   5.46929718e-04
   3.57676899e+02   3.37485217e-05
   3.57677388e+02   7.12332549e-05
   3.57677876e+02   1.08281369e-04
   3.57678364e+02  -2.13840089e-04
   3.57678852e+02  -2.93762772e-04
   3.57679341e+02   1.89304745e-04
   3.57679829e+02   6.06312708e-04
   3.57680317e+02   4.44164471e-04
   3.57680806e+02  -6.91561800e-05
   3.57681294e+02  -3.32285475e-04
   3.57681782e+02  -7.42018310e-05
   3.57682271e+02   3.43230524e-04
   3.57682759e+02   4.30733024e-04
   3.57683247e+02   7.57994785e-05
   3.57683736e+02  -3.59615369e-04
   3.57684224e+02  -3.10080504e-04
   3.57684712e+02   1.62394557e-04
   3.57685200e+02   3.71570786e-04
   3.57685689e+02   2.74077145e-04
   3.57686177e+02   3.76353390e-04
   3.57686665e+02   7.18991447e-04
   3.57687154e+02   9.62448132e-04
   3.57687642e+02   7.37774360e-04
   3.57688130e+02   2.92180019e-04
   3.57688619e+02   1.04041159e-04
   3.57689107e+02  -1.49764965e-04
   3.57689595e+02  -4.54119727e-04
   3.57690084e+02  -3.20718973e-04
   3.57690572e+02  -9.65456493e-05
   3.57691060e+02  -1.11065398e-04
   3.57691549e+02   1.57703660e-04
   3.57692037e+02   5.39442932e-04
   3.57692525e+02   2.34397492e-04
   3.57693013e+02  -5.21724869e-04
   3.57693502e+02  -9.96802002e-04
   3.57693990e+02  -8.11395701e-04
   3.57694478e+02  -2.67838681e-04
   3.57694967e+02   5.12477054e-05
   3.57695455e+02   1.24718790e-04
   3.57695943e+02  -1.16375908e-04
   3.57696432e+02  -2.32970036e-04
   3.57696920e+02   1.65560668e-05
   3.57697408e+02  -2.14212385e-04
   3.57697897e+02  -6.02232467e-04
   3.57698385e+02  -4.58871073e-04
   3.57698873e+02  -1.23367587e-04
   3.57699361e+02   2.57156134e-05
   3.57699850e+02   4.77209278e-06
   3.57700338e+02  -1.64977446e-05
   3.57700826e+02  -1.95523608e-04
   3.57701315e+02  -3.55010940e-04
   3.57701803e+02  -3.29021685e-04
   3.57702291e+02  -3.68704001e-04
   3.57702780e+02  -2.59184162e-04
   3.57703268e+02   1.66110840e-04
   3.57703756e+02   6.32551091e-04
   3.57704245e+02   6.39239850e-04
   3.57704733e+02  -1.21957171e-04
   3.57705221e+02  -8.79242434e-04
   3.57705709e+02  -8.39347369e-04
   3.57706198e+02  -5.66255709e-04
   3.57706686e+02  -5.85715810e-04
   3.57707174e+02  -1.05585577e-03
   3.57707663e+02  -1.49366551e-03
   3.57708151e+02  -9.53976181e-04
   3.57708639e+02  -1.13276656e-04
   3.57709128e+02  -2.95489226e-05
   3.57709616e+02  -1.30234694e-04
   3.57710104e+02  -8.13661463e-05
   3.57710593e+02  -2.84047856e-04
   3.57711081e+02  -2.90941593e-04
   3.57711569e+02   5.14357562e-05
   3.57712057e+02   9.07385183e-05
   3.57712546e+02  -3.18022474e-04
   3.57713034e+02  -5.72794466e-04
   3.57713522e+02  -4.19195159e-04
   3.57714011e+02  -2.69233016e-04
   3.57714499e+02  -1.61265183e-04
   3.57714987e+02  -2.46754818e-04
   3.57715476e+02  -6.93330774e-04
   3.57715964e+02  -6.26059889e-04
   3.57716452e+02   1.80512085e-04
   3.57716941e+02   7.54407723e-04
   3.57717429e+02   7.02065416e-04
   3.57717917e+02   2.34330451e-04
   3.57718405e+02  -1.61964839e-04
   3.57718894e+02  -2.88897718e-04
   3.57719382e+02  -4.65764926e-04
   3.57719870e+02  -4.88446443e-04
   3.57720359e+02  -2.13409454e-04
   3.57720847e+02  -1.28805652e-04
   3.57721335e+02  -3.68581503e-04
   3.57721824e+02  -5.34552615e-04
   3.57722312e+02  -3.97310185e-04
   3.57722800e+02  -1.13094786e-04
   3.57723289e+02  -3.12814809e-05
   3.57723777e+02  -2.23338793e-04
   3.57724265e+02  -3.36789235e-04
   3.57724753e+02  -3.35942197e-04
   3.57725242e+02  -5.62973029e-04
   3.57725730e+02  -5.81552391e-04
   3.57726218e+02  -1.34811984e-04
   3.57726707e+02   1.71429958e-04
   3.57727195e+02   2.89184973e-04
   3.57727683e+02   2.84323120e-04
   3.57728172e+02   1.24722908e-04
   3.57728660e+02   5.51320991e-05
   3.57729148e+02  -2.08692054e-05
   3.57729637e+02  -3.61068873e-04
   3.57730125e+02  -5.55000792e-04
   3.57730613e+02  -2.59785593e-04
   3.57731102e+02  -5.42722910e-06
   3.57731590e+02   1.35719121e-04
   3.57732078e+02   3.01761291e-04
   3.57732566e+02   1.63392528e-04
   3.57733055e+02  -2.64802336e-04
   3.57733543e+02  -3.84542800e-04
   3.57734031e+02   1.55830785e-05
   3.57734520e+02   2.40573980e-04
   3.57735008e+02   7.16966533e-05
   3.57735496e+02  -5.97023973e-05
   3.57735985e+02  -2.17599460e-04
   3.57736473e+02  -2.37995162e-04
   3.57736961e+02   2.55159539e-04
   3.57737450e+02   6.14935940e-04
   3.57737938e+02   5.82850305e-04
   3.57738426e+02   4.91235987e-04
   3.57738914e+02  -4.64298319e-05
   3.57739403e+02  -5.61812194e-04
   3.57739891e+02  -1.61055446e-04
   3.57740379e+02   5.95235557e-04
   3.57740868e+02   7.68265571e-04
   3.57741356e+02   2.47075834e-04
   3.57741844e+02   3.58057296e-05
   3.57742333e+02   1.59572286e-04
   3.57742821e+02  -6.47962952e-05
   3.57743309e+02  -1.60503885e-04
   3.57743798e+02  -6.19347848e-05
   3.57744286e+02  -7.98370602e-05
   3.57744774e+02   6.66181440e-05
   3.57745262e+02   2.15212043e-04
   3.57745751e+02   1.22575744e-04
   3.57746239e+02   1.16908945e-04
   3.57746727e+02   3.21674248e-04
   3.57747216e+02   6.06665795e-04
   3.57747704e+02   7.89328653e-04
   3.57748192e+02   5.80519612e-04
   3.57748681e+02   1.63411576e-04
   3.57749169e+02   9.70207911e-05
   3.57749657e+02   1.81998053e-04
   3.57750146e+02  -9.89868495e-05
   3.57750634e+02  -2.94678786e-04
   3.57751122e+02  -8.37160769e-05
   3.57751610e+02   2.91740696e-04
   3.57752099e+02   7.21733028e-04
   3.57752587e+02   7.71381485e-04
   3.57753075e+02   3.45365523e-04
   3.57753564e+02  -1.73083699e-05
   3.57754052e+02   6.09583694e-05
   3.57754540e+02   5.38113120e-04
   3.57755029e+02   9.80573473e-04
   3.57755517e+02   9.19750892e-04
   3.57756005e+02   4.55743662e-04
   3.57756494e+02   3.78415978e-04
   3.57756982e+02   6.96537085e-04
   3.57757470e+02   4.19501972e-04
   3.57757958e+02  -6.64413819e-05
   3.57758447e+02   8.08979676e-05
   3.57758935e+02   1.47153172e-04
   3.57759423e+02  -4.41085780e-04
   3.57759912e+02  -8.37419822e-04
   3.57760400e+02  -6.72427355e-04
   3.57760888e+02  -7.72515777e-04
   3.57761377e+02  -1.02140883e-03
   3.57761865e+02  -9.10227885e-04
   3.57762353e+02  -6.26040041e-04
   3.57762842e+02  -2.56335014e-04
   3.57763330e+02  -2.17709370e-04
   3.57763818e+02  -4.43920348e-04
   3.57764306e+02  -3.70904221e-04
   3.57764795e+02  -4.38953313e-04
   3.57765283e+02  -3.97762924e-04
   3.57765771e+02   3.43127700e-04
   3.57766260e+02   7.67045305e-04
   3.57766748e+02   3.28250724e-04
   3.57767236e+02  -2.61796376e-04
   3.57767725e+02  -5.16147877e-04
   3.57768213e+02  -4.76503221e-04
   3.57768701e+02  -3.82477097e-04
   3.57769190e+02  -2.75724218e-04
   3.57769678e+02   6.24572858e-05
   3.57770166e+02   4.37246665e-04
   3.57770655e+02   3.67296539e-04
   3.57771143e+02   1.18399665e-04
   3.57771631e+02   6.60937076e-05
   3.57772119e+02   4.78150214e-05
   3.57772608e+02   1.22126730e-04
   3.57773096e+02   3.11674055e-04
   3.57773584e+02   2.54327810e-04
   3.57774073e+02   1.28218089e-04
   3.57774561e+02   7.03305122e-05
   3.57775049e+02  -9.01287131e-05
   3.57775538e+02  -2.89770425e-04
   3.57776026e+02  -3.61931510e-04
   3.57776514e+02   4.58293907e-05
   3.57777003e+02   3.60578997e-04
   3.57777491e+02   1.94577151e-04
   3.57777979e+02   1.26404615e-04
   3.57778467e+02  -1.40233140e-04
   3.57778956e+02  -4.89971077e-04
   3.57779444e+02  -1.69379055e-04
   3.57779932e+02  -8.64619942e-05
   3.57780421e+02  -3.84123792e-04
   3.57780909e+02  -6.72769500e-04
   3.57781397e+02  -9.49704903e-04
   3.57781886e+02  -6.38054509e-04
   3.57782374e+02  -1.84892968e-04
   3.57782862e+02  -1.24189595e-04
   3.57783351e+02  -1.45932747e-04
   3.57783839e+02   6.37363701e-05
   3.57784327e+02   3.60504491e-04
   3.57784815e+02   1.13209229e-04
   3.57785304e+02  -2.30702266e-04
   3.57785792e+02   7.52805718e-05
   3.57786280e+02   4.54389141e-04
   3.57786769e+02   1.74212517e-04
   3.57787257e+02  -1.77952432e-04
   3.57787745e+02   6.15837707e-05
   3.57788234e+02   2.89428863e-04
   3.57788722e+02   1.17452917e-04
   3.57789210e+02  -1.57922666e-04
   3.57789699e+02  -3.32238036e-04
   3.57790187e+02  -3.66093678e-04
   3.57790675e+02  -1.88802485e-04
   3.57791163e+02   6.06474823e-05
   3.57791652e+02   1.82450298e-04
   3.57792140e+02   4.66848142e-04
   3.57792628e+02   7.29419990e-04
   3.57793117e+02   5.39021799e-04
   3.57793605e+02   2.34004590e-04
   3.57794093e+02   9.56533913e-05
   3.57794582e+02  -1.44976084e-05
   3.57795070e+02  -3.41557839e-04
   3.57795558e+02  -5.94888930e-04
   3.57796047e+02  -3.42522661e-04
   3.57796535e+02   4.74257176e-05
   3.57797023e+02   2.70169839e-04
   3.57797511e+02   3.52397008e-04
   3.57798000e+02   1.34355025e-04
   3.57798488e+02  -2.62850750e-04
   3.57798976e+02  -4.81440191e-04
   3.57799465e+02  -1.66048965e-04
   3.57799953e+02   4.69779741e-04
   3.57800441e+02   6.41225313e-04
   3.57800930e+02   4.47178085e-04
   3.57801418e+02   2.45765405e-04
   3.57801906e+02  -5.34488609e-05
   3.57802395e+02  -1.77645183e-04
   3.57802883e+02  -5.59903201e-05
   3.57803371e+02  -1.41012933e-04
   3.57803859e+02  -2.60585686e-04
   3.57804348e+02   2.72107427e-05
   3.57804836e+02  -9.62751001e-05
   3.57805324e+02  -6.63382292e-04
   3.57805813e+02  -6.69933041e-04
   3.57806301e+02  -3.82141559e-04
   3.57806789e+02  -3.02704691e-04
   3.57807278e+02  -2.08759157e-04
   3.57807766e+02   4.38343886e-05
   3.57808254e+02   1.78175731e-04
   3.57808743e+02   8.89461589e-05
   3.57809231e+02   9.51969560e-05
   3.57809719e+02   1.76374830e-04
   3.57810208e+02   7.79026886e-05
   3.57810696e+02   6.82144455e-05
   3.57811184e+02   2.41149712e-04
   3.57811672e+02   3.37910315e-04
   3.57812161e+02   2.86711176e-04
   3.57812649e+02   8.91173549e-05
   3.57813137e+02  -3.49946095e-05
   3.57813626e+02   7.14963389e-05
   3.57814114e+02   4.86577017e-04
   3.57814602e+02   9.37961158e-04
   3.57815091e+02   7.67724938e-04
   3.57815579e+02   2.77909567e-04
   3.57816067e+02   7.13140907e-05
   3.57816556e+02  -3.55949815e-05
   3.57817044e+02  -3.62233579e-04
   3.57817532e+02  -5.47122094e-04
   3.57818020e+02  -1.50000516e-04
   3.57818509e+02   2.96646816e-04
   3.57818997e+02   1.10721405e-04
   3.57819485e+02  -3.28831404e-04
   3.57819974e+02  -5.61088498e-04
   3.57820462e+02  -5.32594917e-04
   3.57820950e+02  -4.26927072e-05
   3.57821439e+02   4.19273536e-04
   3.57821927e+02   2.15341817e-04
   3.57822415e+02  -2.13607796e-04
   3.57822904e+02  -3.06905218e-04
   3.57823392e+02  -2.30175705e-04
   3.57823880e+02  -2.71398399e-04
   3.57824368e+02  -3.79960751e-04
   3.57824857e+02  -5.34854014e-04
   3.57825345e+02  -5.75725280e-04
   3.57825833e+02  -3.21411877e-04
   3.57826322e+02  -8.24750241e-05
   3.57826810e+02   1.29559441e-04
   3.57827298e+02   4.40678501e-04
   3.57827787e+02   5.51292265e-04
   3.57828275e+02   1.91167899e-04
   3.57828763e+02  -3.60694539e-04
   3.57829252e+02  -5.22882794e-04
   3.57829740e+02  -1.89801169e-04
   3.57830228e+02   1.37568990e-04
   3.57830716e+02   1.51828775e-04
   3.57831205e+02   4.07022162e-04
   3.57831693e+02   5.20863920e-04
   3.57832181e+02  -3.54622171e-05
   3.57832670e+02  -6.60451406e-05
   3.57833158e+02   5.63393172e-04
   3.57833646e+02   9.25083354e-04
   3.57834135e+02   6.98451069e-04
   3.57834623e+02  -2.69254779e-05
   3.57835111e+02  -3.73597082e-04
   3.57835600e+02   1.06115287e-04
   3.57836088e+02   5.43221657e-04
   3.57836576e+02   3.93907219e-04
   3.57837064e+02  -1.00767074e-05
   3.57837553e+02  -1.13525763e-04
   3.57838041e+02   2.80049309e-04
   3.57838529e+02   3.46493413e-04
   3.57839018e+02   4.85458622e-05
   3.57839506e+02  -2.57837906e-04
   3.57839994e+02  -4.38639720e-04
   3.57840483e+02  -4.39604511e-04
   3.57840971e+02  -5.63145499e-04
   3.57841459e+02  -6.78321288e-04
   3.57841948e+02  -5.13881387e-04
   3.57842436e+02  -2.69451411e-04
   3.57842924e+02  -1.48597552e-04
   3.57843412e+02  -1.46105249e-05
   3.57843901e+02   1.74038913e-04
   3.57844389e+02   1.00752812e-04
   3.57844877e+02  -2.43237882e-04
   3.57845366e+02  -6.20220846e-04
   3.57845854e+02  -6.72575145e-04
   3.57846342e+02  -3.51387920e-04
   3.57846831e+02  -2.90459488e-04
   3.57847319e+02  -5.16487518e-04
   3.57847807e+02  -4.28686559e-04
   3.57848296e+02  -7.43695637e-05
   3.57848784e+02   2.46121257e-04
   3.57849272e+02   5.08588389e-04
   3.57849761e+02   6.50171656e-04
   3.57850249e+02   7.19351578e-04
   3.57850737e+02   8.11358856e-04
   3.57851225e+02   7.50615145e-04
   3.57851714e+02   5.26842661e-04
   3.57852202e+02   5.61575114e-04
   3.57852690e+02   5.45583956e-04
   3.57853179e+02   2.25036667e-04
   3.57853667e+02   1.94656332e-05
   3.57854155e+02  -1.86873323e-04
   3.57854644e+02  -3.29172326e-04
   3.57855132e+02  -1.32711129e-05
   3.57855620e+02   2.51987076e-04
   3.57856109e+02  -1.23080617e-05
   3.57856597e+02  -3.13375203e-04
   3.57857085e+02  -2.51010904e-04
   3.57857573e+02  -6.56868215e-05
   3.57858062e+02   4.33568894e-05
   3.57858550e+02   1.70017520e-04
   3.57859038e+02   2.99505682e-05
   3.57859527e+02  -4.03402315e-04
   3.57860015e+02  -5.45510731e-04
   3.57860503e+02  -3.31031537e-04
   3.57860992e+02  -3.23754968e-04
   3.57861480e+02  -2.86043301e-04
   3.57861968e+02   3.00416083e-04
   3.57862457e+02   4.59378702e-04
   3.57862945e+02  -2.29988989e-04
   3.57863433e+02  -6.12684293e-04
   3.57863921e+02  -4.34336893e-04
   3.57864410e+02  -2.38874869e-04
   3.57864898e+02  -3.14605160e-04
   3.57865386e+02  -3.20040592e-04
   3.57865875e+02   1.52323177e-04
   3.57866363e+02   5.83657064e-04
   3.57866851e+02   6.44683198e-04
   3.57867340e+02   4.52500797e-04
   3.57867828e+02  -1.29616456e-04
   3.57868316e+02  -6.36213867e-04
   3.57868805e+02  -8.67301424e-04
   3.57869293e+02  -9.71171656e-04
   3.57869781e+02  -4.01534722e-04
   3.57870269e+02   3.30939423e-04
   3.57870758e+02   4.67917620e-04
   3.57871246e+02   5.74348087e-04
   3.57871734e+02   6.74191222e-04
   3.57872223e+02   5.21746464e-04
   3.57872711e+02   2.29058642e-04
   3.57873199e+02  -2.97660154e-04
   3.57873688e+02  -3.63659929e-04
   3.57874176e+02   3.03252134e-04
   3.57874664e+02   6.18032354e-04
   3.57875153e+02   1.07949891e-04
   3.57875641e+02  -3.82984173e-04
   3.57876129e+02  -1.87477781e-04
   3.57876617e+02   9.13189797e-06
   3.57877106e+02  -1.69165898e-04
   3.57877594e+02  -2.70895893e-04
   3.57878082e+02  -2.13325999e-04
   3.57878571e+02   6.58818899e-05
   3.57879059e+02   1.96133115e-04
   3.57879547e+02   9.03816981e-05
   3.57880036e+02   3.43001884e-05
   3.57880524e+02  -2.37505938e-05
   3.57881012e+02  -6.55760814e-05
   3.57881501e+02  -1.45976155e-04
   3.57881989e+02  -1.38884614e-04
   3.57882477e+02  -2.61251465e-04
   3.57882965e+02  -4.57072922e-04
   3.57883454e+02   5.50295863e-06
   3.57883942e+02   7.01325422e-04
   3.57884430e+02   9.27297515e-04
   3.57884919e+02   7.71177642e-04
   3.57885407e+02   1.66980084e-04
   3.57885895e+02  -5.43398957e-04
   3.57886384e+02  -6.36413752e-04
   3.57886872e+02  -3.88740766e-04
   3.57887360e+02  -4.19897260e-04
   3.57887849e+02  -6.22834079e-04
   3.57888337e+02  -4.18287585e-04
   3.57888825e+02   2.91213713e-04
   3.57889314e+02   6.21307699e-04
   3.57889802e+02   3.39443650e-04
   3.57890290e+02   1.50429070e-04
   3.57890778e+02   1.48127874e-04
   3.57891267e+02   8.58384665e-05
   3.57891755e+02  -1.64362282e-04
   3.57892243e+02  -4.62047698e-04
   3.57892732e+02  -2.80145381e-04
   3.57893220e+02   1.06990854e-04
   3.57893708e+02  -4.83898511e-05
   3.57894197e+02  -1.31664652e-04
   3.57894685e+02   1.22194615e-04
   3.57895173e+02   4.28697494e-05
   3.57895662e+02  -2.86321650e-04
   3.57896150e+02  -3.84511601e-04
   3.57896638e+02  -2.25595315e-04
   3.57897126e+02  -1.10235604e-04
   3.57897615e+02   9.95441151e-05
   3.57898103e+02   2.94471247e-04
   3.57898591e+02   1.60078605e-04
   3.57899080e+02  -3.55769844e-05
   3.57899568e+02  -5.79809312e-05
   3.57900056e+02  -3.40611114e-05
   3.57900545e+02  -1.11138404e-04
   3.57901033e+02  -6.84332626e-05
   3.57901521e+02   6.05048917e-05
   3.57902010e+02   2.71985336e-04
   3.57902498e+02   3.84223531e-04
   3.57902986e+02   2.90895223e-05
   3.57903474e+02  -2.67251395e-04
   3.57903963e+02  -8.45676768e-05
   3.57904451e+02   3.14308476e-04
   3.57904939e+02   5.20979171e-04
   3.57905428e+02   2.71842291e-04
   3.57905916e+02   1.16187875e-05
   3.57906404e+02   3.74968309e-04
   3.57906893e+02   8.35452578e-04
   3.57907381e+02   6.06206711e-04
   3.57907869e+02   1.22430632e-04
   3.57908358e+02   1.40398392e-04
   3.57908846e+02   3.28052847e-04
   3.57909334e+02   1.41434008e-04
   3.57909822e+02  -8.72991950e-05
   3.57910311e+02   3.58874167e-05
   3.57910799e+02  -6.96915449e-05
   3.57911287e+02  -4.84461139e-04
   3.57911776e+02  -4.86857520e-04
   3.57912264e+02  -2.25539930e-04
   3.57912752e+02  -1.14422401e-04
   3.57913241e+02  -8.04913143e-05
   3.57913729e+02  -7.57416183e-06
   3.57914217e+02   2.63219932e-04
   3.57914706e+02   4.76528920e-04
   3.57915194e+02   2.29342229e-04
   3.57915682e+02  -1.34964459e-04
   3.57916170e+02  -8.72001256e-05
   3.57916659e+02   2.42539900e-04
   3.57917147e+02   3.82741971e-04
   3.57917635e+02   2.04627257e-04
   3.57918124e+02   2.91465458e-05
   3.57918612e+02   4.47323655e-05
   3.57919100e+02  -2.21334718e-04
   3.57919589e+02  -4.94153064e-04
   3.57920077e+02  -1.47403291e-04
   3.57920565e+02   2.45277944e-04
   3.57921054e+02   3.93270224e-04
   3.57921542e+02   7.00344681e-04
   3.57922030e+02   1.08781678e-03
   3.57922518e+02   9.05247580e-04
   3.57923007e+02   1.47357627e-04
   3.57923495e+02  -1.38497795e-04
   3.57923983e+02   3.22104861e-05
   3.57924472e+02  -2.28038989e-04
   3.57924960e+02  -5.45928779e-04
   3.57925448e+02  -6.07568305e-04
   3.57925937e+02  -6.21219689e-04
   3.57926425e+02  -3.92585032e-04
   3.57926913e+02  -1.17876552e-05
   3.57927402e+02   3.14266654e-04
   3.57927890e+02   5.23784664e-04
   3.57928378e+02   3.58380697e-04
   3.57928867e+02  -8.66477058e-05
   3.57929355e+02  -3.71855946e-04
   3.57929843e+02  -6.58454141e-04
   3.57930331e+02  -9.48112691e-04
   3.57930820e+02  -9.38471698e-04
   3.57931308e+02  -7.67627789e-04
   3.57931796e+02  -6.50399190e-04
   3.57932285e+02  -5.25431416e-04
   3.57932773e+02  -2.98433035e-04
   3.57933261e+02  -2.80466105e-04
   3.57933750e+02  -2.22347808e-04
   3.57934238e+02   2.09917009e-04
   3.57934726e+02   4.03286715e-04
   3.57935215e+02   3.44797125e-04
   3.57935703e+02   2.43994364e-04
   3.57936191e+02   2.07485195e-04
   3.57936679e+02   4.24561556e-04
   3.57937168e+02   4.22167301e-04
   3.57937656e+02  -1.31958965e-04
   3.57938144e+02  -7.28021958e-04
   3.57938633e+02  -7.60704570e-04
   3.57939121e+02  -3.47776251e-04
   3.57939609e+02  -1.50409624e-05
   3.57940098e+02  -9.20029106e-06
   3.57940586e+02  -2.18247893e-04
   3.57941074e+02  -5.35691332e-04
   3.57941563e+02  -7.75479362e-04
   3.57942051e+02  -4.99428308e-04
   3.57942539e+02  -7.84264703e-05
   3.57943027e+02   1.46548977e-04
   3.57943516e+02   6.29959046e-04
   3.57944004e+02   7.28865212e-04
   3.57944492e+02  -2.62610210e-05
   3.57944981e+02  -4.78406175e-04
   3.57945469e+02  -9.72920607e-05
   3.57945957e+02   2.63395574e-04
   3.57946446e+02   3.54200347e-05
   3.57946934e+02  -2.81642395e-04
   3.57947422e+02  -3.54436692e-04
   3.57947911e+02  -1.79080947e-04
   3.57948399e+02   2.12457540e-04
   3.57948887e+02   1.18315649e-04
   3.57949375e+02  -5.55769191e-04
   3.57949864e+02  -9.69764718e-04
   3.57950352e+02  -9.45019303e-04
   3.57950840e+02  -6.90284010e-04
   3.57951329e+02  -2.19781185e-04
   3.57951817e+02   1.39486365e-04
   3.57952305e+02   2.11322127e-04
   3.57952794e+02   2.00430455e-04
   3.57953282e+02   4.59573494e-04
   3.57953770e+02   8.48150754e-04
   3.57954259e+02   7.21818011e-04
   3.57954747e+02   3.84675746e-04
   3.57955235e+02   4.82882577e-04
   3.57955723e+02   5.90759038e-04
   3.57956212e+02   5.77848929e-04
   3.57956700e+02   3.71697097e-04
   3.57957188e+02   1.12807917e-04
   3.57957677e+02   8.52992307e-05
   3.57958165e+02  -3.88848217e-04
   3.57958653e+02  -1.01951649e-03
   3.57959142e+02  -9.01733176e-04
   3.57959630e+02  -4.94831998e-04
   3.57960118e+02  -2.10034210e-04
   3.57960607e+02  -1.50296823e-04
   3.57961095e+02  -3.23618297e-04
   3.57961583e+02  -1.20611483e-04
   3.57962071e+02   3.82319646e-04
   3.57962560e+02   3.03689740e-04
   3.57963048e+02  -1.67419246e-04
   3.57963536e+02  -3.47046705e-04
   3.57964025e+02  -2.46612733e-04
   3.57964513e+02  -7.41213662e-05
   3.57965001e+02  -1.61198361e-04
   3.57965490e+02  -3.80366022e-04
   3.57965978e+02  -2.92562996e-04
   3.57966466e+02  -9.00229497e-05
   3.57966955e+02   5.15608917e-06
   3.57967443e+02  -2.68112926e-04
   3.57967931e+02  -8.36033782e-04
   3.57968420e+02  -9.84910876e-04
   3.57968908e+02  -6.96632254e-04
   3.57969396e+02  -4.38719842e-04
   3.57969884e+02  -2.41489019e-04
   3.57970373e+02  -1.77155249e-04
   3.57970861e+02  -3.23977089e-04
   3.57971349e+02  -4.15569288e-04
   3.57971838e+02  -2.12857514e-04
   3.57972326e+02  -6.40217404e-05
   3.57972814e+02  -6.07749826e-05
   3.57973303e+02   9.56535368e-05
   3.57973791e+02   2.28782046e-05
   3.57974279e+02  -2.82686204e-04
   3.57974768e+02  -2.76639068e-04
   3.57975256e+02  -6.56487173e-05
   3.57975744e+02  -7.28879022e-05
   3.57976232e+02  -2.03848162e-04
   3.57976721e+02  -1.11926338e-05
   3.57977209e+02   2.47767108e-04
   3.57977697e+02   2.62575486e-04
   3.57978186e+02   4.08593100e-04
   3.57978674e+02   4.72206040e-04
   3.57979162e+02   1.83767741e-04
   3.57979651e+02  -2.36694978e-05
   3.57980139e+02  -1.24624585e-05
   3.57980627e+02   1.28822823e-04
   3.57981116e+02   1.66848899e-04
   3.57981604e+02  -1.84950855e-04
   3.57982092e+02  -3.89183260e-04
   3.57982580e+02  -4.94440537e-05
   3.57983069e+02   4.33636706e-05
   3.57983557e+02  -1.06981424e-04
   3.57984045e+02   8.33802187e-05
   3.57984534e+02   9.67858650e-05
   3.57985022e+02   6.90257220e-05
   3.57985510e+02   3.44939821e-04
   3.57985999e+02   5.84633148e-04
   3.57986487e+02   6.95042487e-04
   3.57986975e+02   5.45703748e-04
   3.57987464e+02   2.26461052e-04
   3.57987952e+02   1.50774838e-04
   3.57988440e+02   2.71884550e-04
   3.57988928e+02   3.42288811e-04
   3.57989417e+02   3.91136185e-04
   3.57989905e+02   3.02975037e-04
   3.57990393e+02   4.53895045e-05
   3.57990882e+02  -1.23521386e-05
   3.57991370e+02   5.28741621e-05
   3.57991858e+02  -1.73471883e-04
   3.57992347e+02  -4.32422268e-04
   3.57992835e+02  -5.51315083e-04
   3.57993323e+02  -4.82441625e-04
   3.57993812e+02  -1.77653259e-04
   3.57994300e+02   2.78806419e-05
   3.57994788e+02   2.35443440e-04
   3.57995276e+02   6.64409657e-04
   3.57995765e+02   8.34539649e-04
   3.57996253e+02   6.07291004e-04
   3.57996741e+02   3.34586548e-05
   3.57997230e+02  -6.16376696e-04
   3.57997718e+02  -4.62418771e-04
   3.57998206e+02   1.20677374e-04
   3.57998695e+02   1.04724611e-04
   3.57999183e+02  -2.67219293e-04
   3.57999671e+02  -5.12168801e-04
   3.58000160e+02  -7.28399202e-04
   3.58000648e+02  -4.52360109e-04
   3.58001136e+02   1.21508114e-04
   3.58001624e+02   9.73038914e-05
   3.58002113e+02  -1.62892480e-04
   3.58002601e+02  -2.09927064e-04
   3.58003089e+02  -3.99545213e-04
   3.58003578e+02  -6.07379479e-04
   3.58004066e+02  -1.65747173e-04
   3.58004554e+02   5.06031211e-04
   3.58005043e+02   3.26725509e-04
   3.58005531e+02  -2.33277024e-04
   3.58006019e+02  -3.02135217e-04
   3.58006508e+02  -3.61437924e-05
   3.58006996e+02   1.80087431e-04
   3.58007484e+02   2.44204450e-04
   3.58007973e+02   2.40826252e-04
   3.58008461e+02   2.88157457e-06
   3.58008949e+02  -3.37364152e-04
   3.58009437e+02  -6.63683822e-05
   3.58009926e+02   4.32680041e-04
   3.58010414e+02   4.23463352e-04
   3.58010902e+02   2.11964449e-04
   3.58011391e+02   4.12293375e-05
   3.58011879e+02  -6.00769054e-05
   3.58012367e+02  -1.96596040e-04
   3.58012856e+02  -3.85392836e-04
   3.58013344e+02  -4.86845354e-04
   3.58013832e+02  -3.79546720e-04
   3.58014321e+02  -2.47043790e-04
   3.58014809e+02  -2.33462328e-04
   3.58015297e+02  -2.40976733e-04
   3.58015785e+02   1.06486470e-04
   3.58016274e+02   4.68664948e-04
   3.58016762e+02   5.13971718e-05
   3.58017250e+02  -3.65291286e-04
   3.58017739e+02  -1.20483746e-04
   3.58018227e+02  -1.38100140e-05
   3.58018715e+02  -2.36409323e-04
   3.58019204e+02  -2.11880775e-04
   3.58019692e+02   1.47308456e-04
   3.58020180e+02   4.72276122e-04
   3.58020669e+02   5.30704681e-04
   3.58021157e+02   5.10809768e-04
   3.58021645e+02   2.64695875e-04
   3.58022133e+02  -2.93870195e-04
   3.58022622e+02  -5.38530643e-04
   3.58023110e+02  -3.65319051e-04
   3.58023598e+02  -3.73806106e-04
   3.58024087e+02  -2.83153844e-04
   3.58024575e+02   6.36753903e-05
   3.58025063e+02  -6.54283358e-05
   3.58025552e+02  -2.92597542e-04
   3.58026040e+02  -8.86664420e-05
   3.58026528e+02   2.01884948e-04
   3.58027017e+02   3.70978407e-04
   3.58027505e+02   3.59822006e-04
   3.58027993e+02   2.02666241e-04
   3.58028481e+02   8.49026910e-05
   3.58028970e+02   3.16882739e-04
   3.58029458e+02   7.26760831e-04
   3.58029946e+02   8.54800805e-04
   3.58030435e+02   5.20449074e-04
   3.58030923e+02   2.31267641e-05
   3.58031411e+02  -1.36925431e-04
   3.58031900e+02  -2.36926528e-04
   3.58032388e+02  -5.38959983e-04
   3.58032876e+02  -7.56838883e-04
   3.58033365e+02  -7.30097701e-04
   3.58033853e+02  -5.15547115e-04
   3.58034341e+02  -9.86143714e-05
   3.58034829e+02   2.19192079e-05
   3.58035318e+02  -4.16817464e-04
   3.58035806e+02  -4.55519825e-04
   3.58036294e+02  -1.43094308e-04
   3.58036783e+02  -1.35487760e-04
   3.58037271e+02  -9.52986375e-05
   3.58037759e+02  -4.61266281e-05
   3.58038248e+02  -2.95814127e-04
   3.58038736e+02  -5.15106309e-04
   3.58039224e+02  -5.74648788e-04
   3.58039713e+02  -6.40139799e-04
   3.58040201e+02  -5.17588342e-04
   3.58040689e+02  -2.83501198e-04
   3.58041177e+02  -3.71098344e-04
   3.58041666e+02  -5.64043468e-04
   3.58042154e+02  -5.24143281e-04
   3.58042642e+02  -5.43753675e-04
   3.58043131e+02  -5.10328333e-04
   3.58043619e+02  -6.93943293e-05
   3.58044107e+02   3.13814322e-04
   3.58044596e+02   1.71301785e-04
   3.58045084e+02  -1.06534535e-04
   3.58045572e+02   6.61748127e-05
   3.58046061e+02   2.42375128e-04
   3.58046549e+02  -4.62001044e-05
   3.58047037e+02  -3.89270775e-04
   3.58047526e+02  -4.31417458e-04
   3.58048014e+02  -1.83536977e-04
   3.58048502e+02   1.02764916e-05
   3.58048990e+02  -1.77522743e-04
   3.58049479e+02  -4.43965575e-04
   3.58049967e+02  -5.69152064e-04
   3.58050455e+02  -6.96693896e-04
   3.58050944e+02  -5.58055355e-04
   3.58051432e+02  -1.34624046e-04
   3.58051920e+02   1.88062884e-04
   3.58052409e+02   2.09292819e-04
   3.58052897e+02   5.84553600e-05
   3.58053385e+02   6.10491406e-05
   3.58053874e+02   2.38566558e-04
   3.58054362e+02   3.56108765e-04
   3.58054850e+02   4.29458159e-04
   3.58055338e+02   3.72253213e-04
   3.58055827e+02   9.35782664e-05
   3.58056315e+02   1.06955762e-04
   3.58056803e+02   2.79959524e-04
   3.58057292e+02   3.75169620e-05
   3.58057780e+02   4.67632490e-05
   3.58058268e+02   5.18832239e-04
   3.58058757e+02   6.15450903e-04
   3.58059245e+02   3.74057272e-04
   3.58059733e+02  -9.58883247e-05
   3.58060222e+02  -7.59509101e-04
   3.58060710e+02  -8.67498689e-04
   3.58061198e+02  -2.06420125e-04
   3.58061686e+02   6.03718043e-04
   3.58062175e+02   8.99383565e-04
   3.58062663e+02   5.40277862e-04
   3.58063151e+02  -1.10625740e-04
   3.58063640e+02  -7.73523352e-04
   3.58064128e+02  -1.18429039e-03
   3.58064616e+02  -9.92545625e-04
   3.58065105e+02  -3.74821771e-04
   3.58065593e+02   2.95896516e-05
   3.58066081e+02   2.03239499e-04
   3.58066570e+02   3.63881205e-04
   3.58067058e+02   3.93453578e-04
   3.58067546e+02   8.36613413e-04
   3.58068034e+02   1.19451934e-03
   3.58068523e+02   4.50832507e-04
   3.58069011e+02  -4.61882562e-04
   3.58069499e+02  -3.01254942e-04
   3.58069988e+02   5.16269414e-04
   3.58070476e+02   6.59500016e-04
