frequency (GHz), flux (Jy/beam)
   3.56198789e+02   2.68232473e-03
   3.56199277e+02   2.03107926e-03
   3.56199766e+02  -9.54742500e-05
   3.56200254e+02  -6.40086539e-04
   3.56200742e+02   1.77212991e-03
   3.56201231e+02   2.22294359e-03
   3.56201719e+02   8.62361339e-04
   3.56202207e+02   2.31190561e-03
   3.56202695e+02   2.21346482e-03
   3.56203184e+02   3.07070368e-05
   3.56203672e+02  -4.66554076e-04
   3.56204160e+02  -8.31624435e-04
   3.56204649e+02  -6.70500100e-04
   3.56205137e+02   1.03102019e-03
   3.56205625e+02   4.91702114e-04
   3.56206114e+02  -1.76310295e-03
   3.56206602e+02  -3.05958651e-03
   3.56207090e+02  -2.76840199e-03
   3.56207579e+02  -8.31971120e-04
   3.56208067e+02   1.01214054e-03
   3.56208555e+02   2.37637083e-03
   3.56209044e+02   2.96070683e-03
   3.56209532e+02   1.47023902e-03
   3.56210020e+02  -8.35962885e-04
   3.56210508e+02  -1.16641098e-03
   3.56210997e+02   1.22504402e-03
   3.56211485e+02   9.97195137e-04
   3.56211973e+02  -1.24650914e-03
   3.56212462e+02  -1.02805998e-03
   3.56212950e+02  -1.51944940e-03
   3.56213438e+02  -1.99734629e-03
   3.56213927e+02  -2.84895301e-04
   3.56214415e+02  -1.81606883e-04
   3.56214903e+02  -2.32258835e-03
   3.56215392e+02  -1.88591704e-03
   3.56215880e+02   3.80877580e-04
   3.56216368e+02   1.23728509e-03
   3.56216856e+02   2.42003798e-03
   3.56217345e+02   2.16788403e-03
   3.56217833e+02  -1.92598513e-04
   3.56218321e+02  -7.45922211e-04
   3.56218810e+02   4.51084721e-04
   3.56219298e+02   2.41815695e-03
   3.56219786e+02   1.07764371e-03
   3.56220275e+02  -1.67296163e-03
   3.56220763e+02  -1.26738870e-03
   3.56221251e+02  -7.45084486e-04
   3.56221740e+02  -2.08136393e-03
   3.56222228e+02  -2.02664128e-03
   3.56222716e+02   2.67660769e-04
   3.56223204e+02   1.17681804e-03
   3.56223693e+02  -4.93216619e-04
   3.56224181e+02   1.96287321e-04
   3.56224669e+02   2.33196560e-03
   3.56225158e+02  -7.78559770e-05
   3.56225646e+02  -2.77590775e-03
   3.56226134e+02  -1.15994306e-03
   3.56226623e+02  -9.86824394e-04
   3.56227111e+02  -2.68886890e-03
   3.56227599e+02  -2.24681431e-03
   3.56228088e+02  -4.81048686e-04
   3.56228576e+02  -7.50616950e-04
   3.56229064e+02  -2.29371968e-03
   3.56229552e+02  -3.63260903e-03
   3.56230041e+02  -2.14768783e-03
   3.56230529e+02   1.43820583e-03
   3.56231017e+02   4.46183654e-03
   3.56231506e+02   5.11641894e-03
   3.56231994e+02   2.84995581e-03
   3.56232482e+02   2.77557154e-03
   3.56232971e+02   2.98813381e-03
   3.56233459e+02   1.58383395e-03
   3.56233947e+02   1.04412087e-03
   3.56234436e+02   5.18279849e-04
   3.56234924e+02   6.35786972e-04
   3.56235412e+02   1.72509335e-03
   3.56235900e+02   3.01732146e-03
   3.56236389e+02   4.63027786e-03
   3.56236877e+02   4.27154312e-03
   3.56237365e+02   3.38740018e-03
   3.56237854e+02   2.70460849e-03
   3.56238342e+02   4.46680671e-04
   3.56238830e+02   1.94104519e-04
   3.56239319e+02   3.09235789e-03
   3.56239807e+02   4.16674977e-03
   3.56240295e+02   1.50603848e-03
   3.56240784e+02  -2.35586218e-03
   3.56241272e+02  -1.78292859e-03
   3.56241760e+02   2.53368123e-03
   3.56242248e+02   3.46156978e-03
   3.56242737e+02   1.51041884e-03
   3.56243225e+02   8.09643883e-04
   3.56243713e+02   9.12061194e-04
   3.56244202e+02   3.59735131e-04
   3.56244690e+02  -1.81393302e-03
   3.56245178e+02  -2.46039429e-03
   3.56245667e+02  -2.07930035e-03
   3.56246155e+02  -2.07672152e-03
   3.56246643e+02  -1.69413886e-03
   3.56247132e+02  -1.75855216e-03
   3.56247620e+02  -1.31532375e-03
   3.56248108e+02  -4.18753771e-04
   3.56248597e+02  -4.20868688e-04
   3.56249085e+02   6.71408488e-04
   3.56249573e+02   2.58706394e-03
   3.56250061e+02   4.57599433e-03
   3.56250550e+02   5.35332086e-03
   3.56251038e+02   2.77410191e-03
   3.56251526e+02   5.04180382e-04
   3.56252015e+02   1.45723019e-03
   3.56252503e+02   3.25243478e-03
   3.56252991e+02   2.78842472e-03
   3.56253480e+02  -1.48151317e-04
   3.56253968e+02  -2.97885737e-03
   3.56254456e+02  -3.81981465e-03
   3.56254945e+02  -1.36369932e-03
   3.56255433e+02   4.29389160e-03
   3.56255921e+02   3.56032769e-03
   3.56256409e+02  -1.40786031e-03
   3.56256898e+02  -4.22774954e-03
   3.56257386e+02  -2.97209411e-03
   3.56257874e+02  -1.26742560e-03
   3.56258363e+02  -1.60419708e-03
   3.56258851e+02  -1.21099304e-03
   3.56259339e+02  -1.01785769e-03
   3.56259828e+02  -6.82453538e-05
   3.56260316e+02   1.83895393e-03
   3.56260804e+02   1.48767338e-03
   3.56261293e+02   3.20466614e-04
   3.56261781e+02   8.57589039e-05
   3.56262269e+02   1.19002664e-03
   3.56262757e+02   2.88456935e-03
   3.56263246e+02   1.53988460e-03
   3.56263734e+02  -5.06895049e-05
   3.56264222e+02   1.84710918e-03
   3.56264711e+02   2.19654478e-03
   3.56265199e+02  -1.85554079e-03
   3.56265687e+02  -6.11532480e-03
   3.56266176e+02  -6.48523681e-03
   3.56266664e+02  -5.31807356e-03
   3.56267152e+02  -3.74999805e-03
   3.56267641e+02  -1.59492833e-03
   3.56268129e+02   7.17143237e-04
   3.56268617e+02   1.21302251e-03
   3.56269105e+02  -1.33877085e-03
   3.56269594e+02  -1.92775403e-03
   3.56270082e+02   1.35997660e-03
   3.56270570e+02   1.78843201e-03
   3.56271059e+02  -7.70326078e-05
   3.56271547e+02   2.65284558e-04
   3.56272035e+02  -1.13943347e-03
   3.56272524e+02  -4.13646037e-03
   3.56273012e+02  -2.52659200e-03
   3.56273500e+02   6.21948682e-04
   3.56273989e+02   6.02744520e-04
   3.56274477e+02  -5.66049246e-04
   3.56274965e+02   4.22249577e-04
   3.56275453e+02   1.79656933e-03
   3.56275942e+02   2.73672701e-03
   3.56276430e+02   2.98959599e-03
   3.56276918e+02   1.01511844e-03
   3.56277407e+02  -2.59125489e-03
   3.56277895e+02  -3.85834416e-03
   3.56278383e+02  -3.91387427e-03
   3.56278872e+02  -3.01876059e-03
   3.56279360e+02  -8.29370227e-04
   3.56279848e+02  -2.63860857e-04
   3.56280337e+02   7.76364992e-04
   3.56280825e+02   2.14242819e-03
   3.56281313e+02   2.35647219e-03
   3.56281801e+02   7.06079416e-04
   3.56282290e+02  -6.57144992e-05
   3.56282778e+02   7.32351211e-04
   3.56283266e+02  -3.85180319e-04
   3.56283755e+02  -1.20709499e-03
   3.56284243e+02  -2.03532749e-03
   3.56284731e+02  -2.80680042e-03
   3.56285220e+02  -1.19808631e-03
   3.56285708e+02   1.70535338e-03
   3.56286196e+02   3.39759234e-03
   3.56286685e+02   3.21101281e-03
   3.56287173e+02   2.11404380e-03
   3.56287661e+02   5.61514462e-04
   3.56288150e+02  -1.10920146e-03
   3.56288638e+02  -2.78247264e-03
   3.56289126e+02  -3.36908759e-03
   3.56289614e+02  -1.70897739e-03
   3.56290103e+02   2.27555574e-05
   3.56290591e+02   2.87154544e-04
   3.56291079e+02  -6.21323532e-04
   3.56291568e+02  -1.02393574e-03
   3.56292056e+02  -1.08375773e-03
   3.56292544e+02  -1.86619244e-03
   3.56293033e+02  -9.04677669e-04
   3.56293521e+02   2.11723824e-03
   3.56294009e+02   3.64273577e-03
   3.56294498e+02   4.70007583e-03
   3.56294986e+02   5.41984849e-03
   3.56295474e+02   4.38983692e-03
   3.56295962e+02   2.66781123e-03
   3.56296451e+02   2.46733800e-03
   3.56296939e+02   3.52682732e-03
   3.56297427e+02   3.61752044e-03
   3.56297916e+02   2.48830789e-03
   3.56298404e+02   1.39112968e-03
   3.56298892e+02  -1.03109819e-03
   3.56299381e+02  -1.96406711e-03
   3.56299869e+02   5.88490220e-04
   3.56300357e+02   1.04132210e-04
   3.56300846e+02  -3.61285917e-03
   3.56301334e+02  -4.37094551e-03
   3.56301822e+02  -1.88985630e-03
   3.56302310e+02   7.89589423e-04
   3.56302799e+02   7.98602414e-04
   3.56303287e+02   4.73815249e-04
   3.56303775e+02   1.62632263e-03
   3.56304264e+02   7.66867655e-04
   3.56304752e+02  -9.61028854e-04
   3.56305240e+02  -7.83374358e-04
   3.56305729e+02   8.13436811e-04
   3.56306217e+02   2.20552599e-03
   3.56306705e+02   1.23133941e-03
   3.56307194e+02  -5.19870955e-04
   3.56307682e+02  -2.16026718e-04
   3.56308170e+02   7.08036881e-04
   3.56308658e+02   1.29355548e-03
   3.56309147e+02   1.72063359e-03
   3.56309635e+02   3.02015594e-03
   3.56310123e+02   3.96298245e-03
   3.56310612e+02   1.83622341e-03
   3.56311100e+02  -1.17927848e-03
   3.56311588e+02  -2.75203353e-03
   3.56312077e+02  -3.79652786e-03
   3.56312565e+02  -3.52935190e-03
   3.56313053e+02  -3.03462101e-03
   3.56313542e+02  -1.13604811e-03
   3.56314030e+02   1.81719125e-03
   3.56314518e+02   3.77737335e-03
   3.56315006e+02   2.95951474e-03
   3.56315495e+02   2.74809590e-03
   3.56315983e+02   3.60458810e-03
   3.56316471e+02   2.75669689e-03
   3.56316960e+02   8.89625342e-04
   3.56317448e+02  -2.27692726e-04
   3.56317936e+02  -7.03991100e-04
   3.56318425e+02   8.84266919e-05
   3.56318913e+02   3.78451405e-05
   3.56319401e+02   2.10459839e-05
   3.56319890e+02   1.56183774e-03
   3.56320378e+02   2.80634384e-03
   3.56320866e+02   1.65864266e-03
   3.56321354e+02   4.76914982e-04
   3.56321843e+02   6.15244207e-04
   3.56322331e+02   6.95450988e-04
   3.56322819e+02  -5.74739825e-04
   3.56323308e+02  -2.27028644e-03
   3.56323796e+02  -2.06179800e-03
   3.56324284e+02  -1.60575332e-03
   3.56324773e+02  -9.01011052e-04
   3.56325261e+02   4.18195268e-04
   3.56325749e+02   1.96054555e-03
   3.56326238e+02   2.18601106e-03
   3.56326726e+02   7.36605667e-04
   3.56327214e+02   6.27273857e-06
   3.56327702e+02  -6.99016789e-04
   3.56328191e+02  -1.76451891e-03
   3.56328679e+02  -2.16176175e-03
   3.56329167e+02  -4.68774961e-04
   3.56329656e+02   2.72353762e-03
   3.56330144e+02   3.21764452e-03
   3.56330632e+02   1.55994203e-03
   3.56331121e+02   1.18126161e-03
   3.56331609e+02   4.41816490e-04
   3.56332097e+02  -1.35874446e-03
   3.56332586e+02  -2.22409260e-03
   3.56333074e+02  -1.80097041e-03
   3.56333562e+02  -3.73633957e-05
   3.56334051e+02   7.80575327e-04
   3.56334539e+02   7.54643988e-05
   3.56335027e+02   3.17442406e-04
   3.56335515e+02   3.87232663e-04
   3.56336004e+02  -4.01959260e-04
   3.56336492e+02  -2.51588202e-03
   3.56336980e+02  -3.50721041e-03
   3.56337469e+02  -1.77587173e-03
   3.56337957e+02   1.15180435e-03
   3.56338445e+02   2.10072892e-03
   3.56338934e+02  -9.05522727e-04
   3.56339422e+02  -3.58574092e-03
   3.56339910e+02  -3.03580193e-03
   3.56340399e+02  -1.39011093e-03
   3.56340887e+02   1.58058899e-03
   3.56341375e+02   2.33871187e-03
   3.56341863e+02  -1.41471520e-03
   3.56342352e+02  -2.39501731e-03
   3.56342840e+02  -6.65209431e-04
   3.56343328e+02   1.77718888e-04
   3.56343817e+02   3.22153006e-04
   3.56344305e+02  -1.97260990e-04
   3.56344793e+02   8.70665011e-04
   3.56345282e+02   1.05667289e-03
   3.56345770e+02  -7.87358906e-04
   3.56346258e+02  -1.90851314e-03
   3.56346747e+02  -3.03157885e-03
   3.56347235e+02  -4.72305901e-03
   3.56347723e+02  -3.97519814e-03
   3.56348211e+02  -1.75247435e-03
   3.56348700e+02  -7.97859160e-04
   3.56349188e+02  -1.03336805e-03
   3.56349676e+02  -1.46404828e-03
   3.56350165e+02  -1.84192520e-03
   3.56350653e+02  -1.58529135e-03
   3.56351141e+02  -1.99307548e-03
   3.56351630e+02  -1.20656169e-03
   3.56352118e+02   1.47782615e-03
   3.56352606e+02   2.09296704e-03
   3.56353095e+02  -1.03904004e-03
   3.56353583e+02  -3.52949556e-03
   3.56354071e+02  -2.89936736e-03
   3.56354559e+02  -1.52394373e-03
   3.56355048e+02  -7.46873557e-05
   3.56355536e+02   5.86859882e-04
   3.56356024e+02   1.08975801e-03
   3.56356513e+02   6.69815927e-04
   3.56357001e+02  -5.43295173e-04
   3.56357489e+02  -1.26602978e-03
   3.56357978e+02   1.58920966e-03
   3.56358466e+02   2.87061906e-03
   3.56358954e+02  -2.42219932e-04
   3.56359443e+02  -2.64583738e-04
   3.56359931e+02   6.53687574e-04
   3.56360419e+02  -1.23736472e-03
   3.56360907e+02  -3.54388752e-03
   3.56361396e+02  -4.17661015e-03
   3.56361884e+02  -3.16920108e-03
   3.56362372e+02  -1.58223382e-03
   3.56362861e+02  -9.02163156e-04
   3.56363349e+02   1.30343993e-04
   3.56363837e+02   8.15911219e-04
   3.56364326e+02   4.48944746e-04
   3.56364814e+02   1.70371227e-03
   3.56365302e+02   3.59922135e-03
   3.56365791e+02   2.27921922e-03
   3.56366279e+02  -1.82534149e-03
   3.56366767e+02  -2.82692537e-03
   3.56367255e+02  -2.97730177e-04
   3.56367744e+02   2.40719324e-04
   3.56368232e+02  -5.41088288e-04
   3.56368720e+02   3.73750227e-04
   3.56369209e+02   2.20418512e-03
   3.56369697e+02   4.54895152e-03
   3.56370185e+02   3.65730841e-03
   3.56370674e+02   2.21434544e-04
   3.56371162e+02  -1.96098047e-03
   3.56371650e+02  -3.45818046e-03
   3.56372139e+02  -3.46640567e-03
   3.56372627e+02  -1.58708228e-03
   3.56373115e+02  -2.79402098e-04
   3.56373604e+02   9.18308360e-05
   3.56374092e+02   6.20099891e-05
   3.56374580e+02   7.20280106e-04
   3.56375068e+02   3.14259756e-04
   3.56375557e+02   1.60507465e-04
   3.56376045e+02   2.02251016e-03
   3.56376533e+02   2.79209577e-03
   3.56377022e+02   5.37439482e-04
   3.56377510e+02   6.29879592e-04
   3.56377998e+02   1.83139287e-03
   3.56378487e+02   1.88996448e-04
   3.56378975e+02  -2.81656015e-04
   3.56379463e+02   1.28578034e-03
   3.56379952e+02   2.98523344e-03
   3.56380440e+02   2.74137571e-03
   3.56380928e+02   1.11537927e-03
   3.56381416e+02   9.50115616e-04
   3.56381905e+02   7.63354474e-04
   3.56382393e+02   8.87660950e-04
   3.56382881e+02   1.88748538e-03
   3.56383370e+02   3.98664211e-04
   3.56383858e+02  -2.26733135e-03
   3.56384346e+02  -2.87760585e-03
   3.56384835e+02  -3.05992411e-03
   3.56385323e+02  -2.38722819e-03
   3.56385811e+02  -2.84119335e-04
   3.56386300e+02   5.37446060e-04
   3.56386788e+02  -1.21869147e-03
   3.56387276e+02  -2.53885356e-03
   3.56387764e+02  -1.71303167e-03
   3.56388253e+02   1.93751112e-04
   3.56388741e+02   3.26678593e-04
   3.56389229e+02  -1.14539568e-03
   3.56389718e+02   3.29674454e-04
   3.56390206e+02   2.43615289e-03
   3.56390694e+02   1.60508114e-03
   3.56391183e+02   7.64141267e-04
   3.56391671e+02   5.00208349e-04
   3.56392159e+02  -2.25325755e-04
   3.56392648e+02  -1.67184079e-03
   3.56393136e+02  -2.60671158e-03
   3.56393624e+02  -1.38921430e-03
   3.56394112e+02  -1.29851818e-04
   3.56394601e+02  -1.03213696e-03
   3.56395089e+02  -1.93694257e-03
   3.56395577e+02  -9.26708221e-04
   3.56396066e+02  -1.15208479e-03
   3.56396554e+02  -1.03954819e-03
   3.56397042e+02  -4.92666033e-04
   3.56397531e+02  -9.79793491e-04
   3.56398019e+02  -4.29135049e-04
   3.56398507e+02   6.30455383e-04
   3.56398996e+02   2.20044469e-03
   3.56399484e+02   3.10251303e-03
   3.56399972e+02   2.85226619e-03
   3.56400460e+02   2.55923392e-03
   3.56400949e+02   1.17596204e-03
   3.56401437e+02   4.52392007e-04
   3.56401925e+02  -7.08128558e-04
   3.56402414e+02  -2.14119046e-03
   3.56402902e+02  -1.53178815e-03
   3.56403390e+02  -5.81086788e-04
   3.56403879e+02   1.32265151e-04
   3.56404367e+02  -2.49072153e-04
   3.56404855e+02  -2.92524882e-03
   3.56405344e+02  -5.12927677e-03
   3.56405832e+02  -5.59795462e-03
   3.56406320e+02  -4.04834189e-03
   3.56406808e+02  -1.47175894e-03
   3.56407297e+02  -6.33411342e-04
   3.56407785e+02  -5.41412330e-04
   3.56408273e+02   9.52120405e-04
   3.56408762e+02   6.26149820e-04
   3.56409250e+02  -6.88748609e-04
   3.56409738e+02  -4.44468111e-04
   3.56410227e+02  -4.34381291e-05
   3.56410715e+02   1.07672659e-03
   3.56411203e+02   2.36639148e-03
   3.56411692e+02   2.76384479e-03
   3.56412180e+02   3.92363686e-03
   3.56412668e+02   4.50833328e-03
   3.56413157e+02   2.64637661e-03
   3.56413645e+02   2.10747216e-03
   3.56414133e+02   2.84841936e-03
   3.56414621e+02   7.38103583e-04
   3.56415110e+02  -8.91470700e-04
   3.56415598e+02  -1.29842991e-03
   3.56416086e+02  -5.99181687e-04
   3.56416575e+02   1.11111556e-03
   3.56417063e+02  -5.29753568e-04
   3.56417551e+02  -1.15787878e-03
   3.56418040e+02  -3.89667402e-04
   3.56418528e+02  -1.15637470e-03
   3.56419016e+02   1.01655093e-03
   3.56419505e+02   3.28005920e-03
   3.56419993e+02  -5.77530809e-05
   3.56420481e+02  -4.60707210e-03
   3.56420969e+02  -3.38055077e-03
   3.56421458e+02  -6.36140816e-04
   3.56421946e+02   4.10839624e-04
   3.56422434e+02  -2.15589371e-05
   3.56422923e+02  -1.13976980e-03
   3.56423411e+02  -5.38691645e-04
   3.56423899e+02   8.47701915e-04
   3.56424388e+02   1.94625102e-03
   3.56424876e+02   2.21611885e-03
   3.56425364e+02   1.74032128e-03
   3.56425853e+02   1.75656611e-03
   3.56426341e+02   2.34365324e-03
   3.56426829e+02   2.11753650e-03
   3.56427317e+02   1.01677980e-03
   3.56427806e+02   2.01387051e-03
   3.56428294e+02   1.21009222e-03
   3.56428782e+02  -2.76341802e-03
   3.56429271e+02  -2.29586149e-03
   3.56429759e+02   5.26183925e-04
   3.56430247e+02   5.79775195e-04
   3.56430736e+02  -7.43617245e-04
   3.56431224e+02  -9.70025954e-04
   3.56431712e+02   1.18467119e-03
   3.56432201e+02   3.73429153e-03
   3.56432689e+02   2.84743542e-03
   3.56433177e+02   1.98118832e-05
   3.56433665e+02  -5.20791044e-04
   3.56434154e+02  -1.13447953e-03
   3.56434642e+02  -2.59510591e-03
   3.56435130e+02  -2.32716952e-03
   3.56435619e+02   7.48647668e-04
   3.56436107e+02   4.11265530e-03
   3.56436595e+02   4.66816826e-03
   3.56437084e+02   2.10725609e-03
   3.56437572e+02   8.80245760e-04
   3.56438060e+02   2.70094792e-03
   3.56438549e+02   5.08241635e-03
   3.56439037e+02   8.79405532e-03
   3.56439525e+02   1.29297562e-02
   3.56440013e+02   1.75379049e-02
   3.56440502e+02   2.02660430e-02
   3.56440990e+02   2.50838771e-02
   3.56441478e+02   3.37327234e-02
   3.56441967e+02   4.73776869e-02
   3.56442455e+02   6.50591552e-02
   3.56442943e+02   8.13539177e-02
   3.56443432e+02   9.30034518e-02
   3.56443920e+02   1.01380423e-01
   3.56444408e+02   1.03901759e-01
   3.56444897e+02   1.00104429e-01
   3.56445385e+02   9.65063125e-02
   3.56445873e+02   9.30463970e-02
   3.56446361e+02   8.40006247e-02
   3.56446850e+02   7.32659027e-02
   3.56447338e+02   6.19874820e-02
   3.56447826e+02   5.07382341e-02
   3.56448315e+02   4.10123728e-02
   3.56448803e+02   3.10141575e-02
   3.56449291e+02   2.48308312e-02
   3.56449780e+02   2.32360326e-02
   3.56450268e+02   2.34323218e-02
   3.56450756e+02   1.78538952e-02
   3.56451245e+02   1.31531972e-02
   3.56451733e+02   9.09518823e-03
   3.56452221e+02   7.21436739e-03
   3.56452710e+02   7.24406447e-03
   3.56453198e+02   6.69516064e-03
   3.56453686e+02   3.14304326e-03
   3.56454174e+02   3.28317925e-04
   3.56454663e+02   1.03622791e-03
   3.56455151e+02   3.83805251e-03
   3.56455639e+02   2.07478995e-03
   3.56456128e+02  -3.59517289e-03
   3.56456616e+02  -4.50799474e-03
   3.56457104e+02  -1.90878555e-03
   3.56457593e+02   3.23070708e-04
   3.56458081e+02   1.59234134e-03
   3.56458569e+02  -2.01727074e-04
   3.56459058e+02  -2.04027025e-03
   3.56459546e+02  -1.79911603e-03
   3.56460034e+02  -2.84475763e-03
   3.56460522e+02  -3.93141480e-03
   3.56461011e+02  -2.54626619e-03
   3.56461499e+02  -1.86448079e-03
   3.56461987e+02  -2.59820931e-03
   3.56462476e+02  -7.28173123e-04
   3.56462964e+02   1.90163439e-03
   3.56463452e+02   1.69233838e-03
   3.56463941e+02  -6.33522286e-05
   3.56464429e+02   2.20815360e-04
   3.56464917e+02   2.65302998e-03
   3.56465406e+02   2.21391814e-03
   3.56465894e+02  -1.83477518e-04
   3.56466382e+02  -9.37677745e-04
   3.56466870e+02  -9.25960252e-04
   3.56467359e+02  -1.53568888e-03
   3.56467847e+02  -1.49594422e-03
   3.56468335e+02   7.28726271e-04
   3.56468824e+02   3.72447050e-03
   3.56469312e+02   5.34031587e-03
   3.56469800e+02   5.66631090e-03
   3.56470289e+02   2.78716604e-03
   3.56470777e+02  -1.27705547e-03
   3.56471265e+02  -2.10161903e-03
   3.56471754e+02   5.50587836e-04
   3.56472242e+02   2.34849844e-03
   3.56472730e+02   2.56021204e-03
   3.56473218e+02   2.56967405e-03
   3.56473707e+02   2.71209574e-04
   3.56474195e+02  -2.76997313e-03
   3.56474683e+02  -3.32604395e-03
   3.56475172e+02  -2.66897259e-03
   3.56475660e+02  -1.22040999e-03
   3.56476148e+02  -3.68737165e-05
   3.56476637e+02  -6.40529266e-04
   3.56477125e+02  -4.91345127e-05
   3.56477613e+02   1.55672117e-03
   3.56478102e+02   2.11029989e-03
   3.56478590e+02   2.75421492e-03
   3.56479078e+02   1.39524147e-03
   3.56479566e+02  -1.13911740e-03
   3.56480055e+02  -1.98008935e-03
   3.56480543e+02  -1.02219416e-03
   3.56481031e+02   6.90863410e-04
   3.56481520e+02   1.14741770e-03
   3.56482008e+02   8.04806245e-04
   3.56482496e+02  -2.09384307e-04
   3.56482985e+02  -1.66649860e-03
   3.56483473e+02  -1.67103228e-03
   3.56483961e+02  -8.51035584e-04
   3.56484450e+02  -1.02218532e-03
   3.56484938e+02  -1.67980383e-03
   3.56485426e+02  -1.93859322e-03
   3.56485914e+02  -7.95065600e-04
   3.56486403e+02   2.39134635e-04
   3.56486891e+02  -9.81038669e-04
   3.56487379e+02  -7.17050105e-04
   3.56487868e+02   1.17772643e-03
   3.56488356e+02  -8.07435543e-04
   3.56488844e+02  -3.74726369e-03
   3.56489333e+02  -1.57499511e-03
   3.56489821e+02   6.05965324e-04
   3.56490309e+02  -2.63851369e-04
   3.56490798e+02   1.54445681e-03
   3.56491286e+02   2.53505888e-03
   3.56491774e+02   3.81808990e-04
   3.56492263e+02  -3.12116928e-03
   3.56492751e+02  -4.44471464e-03
   3.56493239e+02  -4.84011695e-03
   3.56493727e+02  -5.60756540e-03
   3.56494216e+02  -4.70800698e-03
   3.56494704e+02  -2.23179837e-03
   3.56495192e+02   1.09105592e-03
   3.56495681e+02   1.48850051e-03
   3.56496169e+02  -9.79034012e-05
   3.56496657e+02   5.80325606e-04
   3.56497146e+02   1.74334657e-03
   3.56497634e+02   7.58477254e-04
   3.56498122e+02  -1.43094233e-03
   3.56498611e+02  -2.01775832e-03
   3.56499099e+02  -1.31522876e-03
   3.56499587e+02  -1.28987711e-03
   3.56500075e+02  -2.46244506e-03
   3.56500564e+02  -2.58530118e-03
   3.56501052e+02  -2.55812285e-03
   3.56501540e+02  -3.17491125e-03
   3.56502029e+02  -2.61124969e-03
   3.56502517e+02  -2.01977021e-03
   3.56503005e+02  -5.61881694e-04
   3.56503494e+02   9.99412849e-04
   3.56503982e+02   8.93675140e-04
   3.56504470e+02   4.26823710e-04
   3.56504959e+02   8.60804867e-05
   3.56505447e+02   9.99271288e-04
   3.56505935e+02   1.43080880e-03
   3.56506423e+02  -3.30857496e-04
   3.56506912e+02  -1.38722919e-03
   3.56507400e+02   5.29717654e-04
   3.56507888e+02   7.24244281e-04
   3.56508377e+02  -1.65148533e-03
   3.56508865e+02  -1.62784010e-03
   3.56509353e+02  -1.74478278e-04
   3.56509842e+02   1.07630622e-03
   3.56510330e+02   4.08357708e-03
   3.56510818e+02   4.83445451e-03
   3.56511307e+02   2.42122472e-03
   3.56511795e+02   1.47521868e-03
   3.56512283e+02   9.09462455e-04
   3.56512771e+02  -1.84937334e-03
   3.56513260e+02  -3.07584950e-03
   3.56513748e+02  -1.58482799e-04
   3.56514236e+02   2.85004103e-03
   3.56514725e+02   2.18828698e-03
   3.56515213e+02   9.37705569e-04
   3.56515701e+02  -1.51235683e-04
   3.56516190e+02  -1.27125427e-03
   3.56516678e+02  -5.12712926e-04
   3.56517166e+02   1.50386899e-04
   3.56517655e+02  -6.06733549e-04
   3.56518143e+02  -2.71111261e-03
   3.56518631e+02  -2.65106047e-03
   3.56519119e+02   5.02023380e-04
   3.56519608e+02   1.53453276e-03
   3.56520096e+02   8.01381306e-04
   3.56520584e+02   1.25042407e-03
   3.56521073e+02   1.02086132e-03
   3.56521561e+02  -1.90091698e-04
   3.56522049e+02  -6.37497695e-04
   3.56522538e+02  -6.96087314e-04
   3.56523026e+02   7.66676210e-04
   3.56523514e+02   4.26703040e-03
   3.56524003e+02   6.20379066e-03
   3.56524491e+02   4.43217810e-03
   3.56524979e+02   2.56533269e-03
   3.56525467e+02   2.83173332e-03
   3.56525956e+02   6.20806706e-04
   3.56526444e+02  -1.51882379e-03
   3.56526932e+02  -1.26615647e-04
   3.56527421e+02   9.06305388e-04
   3.56527909e+02   7.22341822e-04
   3.56528397e+02  -9.42576677e-04
   3.56528886e+02  -2.97938008e-03
   3.56529374e+02  -2.77131214e-03
   3.56529862e+02  -2.22812709e-03
   3.56530351e+02  -1.62366405e-03
   3.56530839e+02  -8.31458776e-04
   3.56531327e+02   2.31263533e-04
   3.56531816e+02   1.83819025e-03
   3.56532304e+02   1.66918628e-03
   3.56532792e+02   9.43805033e-04
   3.56533280e+02  -1.17738542e-04
   3.56533769e+02  -2.18123896e-03
   3.56534257e+02  -3.37258261e-03
   3.56534745e+02  -3.21459165e-03
   3.56535234e+02  -1.50331424e-03
   3.56535722e+02  -6.62659586e-05
   3.56536210e+02   3.08343326e-03
   3.56536699e+02   6.14005793e-03
   3.56537187e+02   4.53032693e-03
   3.56537675e+02   1.46897440e-03
   3.56538164e+02   8.52801895e-04
   3.56538652e+02   2.29532318e-03
   3.56539140e+02   2.15226365e-03
   3.56539628e+02  -9.16157442e-04
   3.56540117e+02  -2.90113292e-03
   3.56540605e+02  -2.25049560e-03
   3.56541093e+02  -4.46334539e-04
   3.56541582e+02   1.00109202e-03
   3.56542070e+02   2.96628685e-03
   3.56542558e+02   2.41293502e-03
   3.56543047e+02  -7.18808558e-04
   3.56543535e+02  -2.24950677e-03
   3.56544023e+02  -1.62948063e-03
   3.56544512e+02  -3.39477119e-04
   3.56545000e+02  -1.13724585e-04
   3.56545488e+02  -1.20002415e-03
   3.56545976e+02   3.63380968e-04
   3.56546465e+02   2.79595843e-03
   3.56546953e+02   1.76684756e-03
   3.56547441e+02  -7.57574395e-04
   3.56547930e+02  -2.11159931e-03
   3.56548418e+02  -3.82098579e-03
   3.56548906e+02  -2.14279722e-03
   3.56549395e+02   2.10089100e-04
   3.56549883e+02   1.08177723e-04
   3.56550371e+02  -2.22549555e-04
   3.56550860e+02  -2.51635007e-04
   3.56551348e+02   3.06853559e-04
   3.56551836e+02   6.43989188e-04
   3.56552324e+02   2.25636805e-03
   3.56552813e+02   3.92039726e-03
   3.56553301e+02   2.21082126e-03
   3.56553789e+02   1.17244234e-03
   3.56554278e+02   2.59517040e-03
   3.56554766e+02   2.27700849e-03
   3.56555254e+02   8.21938331e-04
   3.56555743e+02   9.05710389e-04
   3.56556231e+02   3.16045922e-03
   3.56556719e+02   3.60841304e-03
   3.56557208e+02   9.13639378e-04
   3.56557696e+02  -2.21660943e-04
   3.56558184e+02  -1.32630114e-03
   3.56558672e+02  -3.41964443e-03
   3.56559161e+02  -2.39528064e-03
   3.56559649e+02   7.35873647e-04
   3.56560137e+02   2.74635525e-03
   3.56560626e+02   2.42312625e-03
   3.56561114e+02   3.22044885e-04
   3.56561602e+02  -1.13670737e-03
   3.56562091e+02  -1.27737748e-03
   3.56562579e+02  -2.08171271e-03
   3.56563067e+02  -2.25260598e-03
   3.56563556e+02  -1.09812187e-03
   3.56564044e+02   1.54264562e-03
   3.56564532e+02   2.14787712e-03
   3.56565020e+02  -1.03924260e-03
   3.56565509e+02  -1.51316146e-03
   3.56565997e+02   3.65007756e-04
   3.56566485e+02   1.02509768e-03
   3.56566974e+02   1.49564038e-03
   3.56567462e+02   2.87255505e-03
   3.56567950e+02   3.29275499e-03
   3.56568439e+02   2.07032519e-03
   3.56568927e+02   8.50036216e-04
   3.56569415e+02  -5.32504404e-04
   3.56569904e+02  -3.14908195e-03
   3.56570392e+02  -5.28829498e-03
   3.56570880e+02  -4.10456955e-03
   3.56571369e+02  -1.63510430e-03
   3.56571857e+02  -6.48504298e-04
   3.56572345e+02  -2.05392716e-04
   3.56572833e+02   1.17577612e-03
   3.56573322e+02   2.67729769e-03
   3.56573810e+02   1.16608373e-03
   3.56574298e+02  -6.09951618e-04
   3.56574787e+02   1.20986754e-03
   3.56575275e+02   2.68860650e-03
   3.56575763e+02   7.37444614e-04
   3.56576252e+02  -1.37908140e-03
   3.56576740e+02  -1.75190100e-03
   3.56577228e+02  -7.04332342e-05
   3.56577717e+02   1.07436383e-03
   3.56578205e+02  -2.19328533e-04
   3.56578693e+02  -1.52367575e-03
   3.56579181e+02  -6.44980930e-04
   3.56579670e+02   1.62671541e-03
   3.56580158e+02   2.15351884e-03
   3.56580646e+02   2.41669198e-03
   3.56581135e+02   3.93933244e-03
   3.56581623e+02   4.29116329e-03
   3.56582111e+02   2.82925111e-03
   3.56582600e+02  -9.28438021e-05
   3.56583088e+02  -2.98908981e-03
   3.56583576e+02  -4.27419087e-03
   3.56584065e+02  -1.93287421e-03
   3.56584553e+02   2.77721416e-03
   3.56585041e+02   3.45948152e-03
   3.56585529e+02   4.02709993e-04
   3.56586018e+02  -8.55013670e-04
   3.56586506e+02  -5.00888797e-04
   3.56586994e+02  -2.02269759e-04
   3.56587483e+02  -7.09328277e-04
   3.56587971e+02  -1.50573591e-03
   3.56588459e+02  -7.56256049e-04
   3.56588948e+02   7.35144364e-04
   3.56589436e+02   1.03557622e-03
   3.56589924e+02   6.50988310e-04
   3.56590413e+02   2.14407593e-03
   3.56590901e+02   2.65194452e-03
   3.56591389e+02  -9.49378416e-04
   3.56591877e+02  -3.69029772e-03
   3.56592366e+02  -2.43211584e-03
   3.56592854e+02  -2.56431493e-04
   3.56593342e+02  -4.34021669e-04
   3.56593831e+02  -2.20454391e-03
   3.56594319e+02  -2.42069294e-03
   3.56594807e+02  -1.75164943e-03
   3.56595296e+02   4.05581144e-04
   3.56595784e+02   1.59451831e-03
   3.56596272e+02  -1.79009570e-04
   3.56596761e+02  -1.22461200e-03
   3.56597249e+02  -1.10942137e-03
   3.56597737e+02  -1.18963502e-03
   3.56598225e+02  -1.37598300e-03
   3.56598714e+02  -1.82284927e-03
   3.56599202e+02  -1.18982745e-03
   3.56599690e+02   1.11734925e-03
   3.56600179e+02   1.62210024e-03
   3.56600667e+02   1.27219642e-03
   3.56601155e+02   2.73985974e-03
   3.56601644e+02   7.17565534e-04
   3.56602132e+02  -2.89240223e-03
   3.56602620e+02  -1.71128986e-03
   3.56603109e+02   1.42140279e-03
   3.56603597e+02   6.27867528e-04
   3.56604085e+02  -1.95391849e-03
   3.56604573e+02  -6.66548498e-04
   3.56605062e+02   1.89252617e-03
   3.56605550e+02   4.31725231e-04
   3.56606038e+02  -1.04012946e-03
   3.56606527e+02   1.23443513e-03
   3.56607015e+02   3.81127815e-03
   3.56607503e+02   2.41674646e-03
   3.56607992e+02  -1.29518053e-03
   3.56608480e+02  -3.81594501e-03
   3.56608968e+02  -1.73721276e-03
   3.56609457e+02   1.39505230e-03
   3.56609945e+02   9.88357468e-04
   3.56610433e+02  -7.59408751e-04
   3.56610922e+02  -3.94889666e-03
   3.56611410e+02  -4.85215988e-03
   3.56611898e+02  -1.57977385e-03
   3.56612386e+02   1.52606226e-03
   3.56612875e+02   2.09023198e-03
   3.56613363e+02   5.95985504e-04
   3.56613851e+02  -1.20988989e-03
   3.56614340e+02  -7.95841683e-04
   3.56614828e+02   3.39087448e-04
   3.56615316e+02  -1.48889128e-04
   3.56615805e+02   9.37117657e-05
   3.56616293e+02   8.52752593e-04
   3.56616781e+02   1.50600355e-03
   3.56617270e+02   1.55479205e-03
   3.56617758e+02   5.79620188e-04
   3.56618246e+02  -6.00910571e-04
   3.56618734e+02  -1.40844937e-03
   3.56619223e+02  -1.05648336e-03
   3.56619711e+02   4.08652762e-04
   3.56620199e+02   2.41888964e-04
   3.56620688e+02  -1.20349892e-03
   3.56621176e+02  -2.16386467e-03
   3.56621664e+02  -1.73085195e-03
   3.56622153e+02  -1.77438522e-03
   3.56622641e+02  -1.09795365e-03
   3.56623129e+02   1.07177312e-03
   3.56623618e+02   1.75560429e-03
   3.56624106e+02   1.62241363e-03
   3.56624594e+02   1.95248623e-03
   3.56625082e+02   1.04184914e-03
   3.56625571e+02   9.42212937e-04
   3.56626059e+02   1.70375709e-03
   3.56626547e+02   1.72054768e-03
   3.56627036e+02   8.52454279e-04
   3.56627524e+02  -1.56103881e-04
   3.56628012e+02  -3.52360425e-04
   3.56628501e+02  -3.48036439e-04
   3.56628989e+02  -1.89978644e-04
   3.56629477e+02  -7.76702189e-04
   3.56629966e+02  -8.85374320e-04
   3.56630454e+02  -1.47983385e-03
   3.56630942e+02  -1.79889565e-03
   3.56631430e+02  -1.46340660e-03
   3.56631919e+02  -3.81887564e-03
   3.56632407e+02  -3.46144149e-03
   3.56632895e+02   3.81496466e-05
   3.56633384e+02   1.88520877e-03
   3.56633872e+02   2.36891862e-03
   3.56634360e+02   1.39881833e-03
   3.56634849e+02  -1.31937105e-03
   3.56635337e+02  -2.55350000e-03
   3.56635825e+02  -1.72352639e-03
   3.56636314e+02  -7.34592206e-04
   3.56636802e+02   5.04023745e-04
   3.56637290e+02   6.29054412e-05
   3.56637778e+02  -1.25000766e-03
   3.56638267e+02  -1.21842069e-03
   3.56638755e+02   7.05181301e-05
   3.56639243e+02   1.95661501e-04
   3.56639732e+02  -7.21466844e-04
   3.56640220e+02  -1.84491873e-04
   3.56640708e+02   3.01311433e-04
   3.56641197e+02   6.84701430e-04
   3.56641685e+02   2.12873588e-03
   3.56642173e+02   1.85547047e-03
   3.56642662e+02  -8.07052595e-04
   3.56643150e+02  -1.21737795e-03
   3.56643638e+02   5.48759817e-05
   3.56644126e+02  -2.05581426e-03
   3.56644615e+02  -4.07761242e-03
   3.56645103e+02  -1.66962866e-03
   3.56645591e+02   1.62337441e-04
   3.56646080e+02  -9.54411298e-05
   3.56646568e+02   1.08438493e-04
   3.56647056e+02  -8.03441973e-04
   3.56647545e+02  -1.11296703e-03
   3.56648033e+02   2.37400352e-04
   3.56648521e+02   3.48061230e-03
   3.56649010e+02   4.36626747e-03
   3.56649498e+02   1.94093864e-03
   3.56649986e+02   1.95284630e-03
   3.56650475e+02   2.18552118e-03
   3.56650963e+02   1.46635657e-03
   3.56651451e+02   1.79708586e-03
   3.56651939e+02   1.99965993e-03
   3.56652428e+02   6.71001151e-04
   3.56652916e+02  -7.90688326e-04
   3.56653404e+02  -1.09573617e-03
   3.56653893e+02  -1.76629412e-03
   3.56654381e+02  -3.54067106e-06
   3.56654869e+02   2.25494453e-03
   3.56655358e+02   1.08897453e-03
   3.56655846e+02  -3.44265834e-04
   3.56656334e+02   2.21283524e-04
   3.56656823e+02   1.71811483e-03
   3.56657311e+02   1.44803606e-03
   3.56657799e+02   1.32137153e-03
   3.56658287e+02   4.82694217e-04
   3.56658776e+02  -5.79024549e-04
   3.56659264e+02   2.07479531e-03
   3.56659752e+02   3.30494437e-03
   3.56660241e+02   1.72901177e-03
   3.56660729e+02   2.01216550e-03
   3.56661217e+02   3.50107765e-03
   3.56661706e+02   1.98539719e-03
   3.56662194e+02  -1.03341229e-03
   3.56662682e+02  -6.45419932e-04
   3.56663171e+02   4.26620303e-04
   3.56663659e+02   1.63476434e-04
   3.56664147e+02   2.59934284e-04
   3.56664635e+02   1.06464676e-03
   3.56665124e+02   1.05036201e-03
   3.56665612e+02   1.02152571e-03
   3.56666100e+02  -8.15942360e-04
   3.56666589e+02  -1.06221694e-03
   3.56667077e+02   2.03396907e-04
   3.56667565e+02   3.36386074e-05
   3.56668054e+02  -1.07388117e-03
   3.56668542e+02  -1.25783175e-04
   3.56669030e+02   7.42251519e-04
   3.56669519e+02  -1.30353577e-03
   3.56670007e+02  -3.61732254e-03
   3.56670495e+02  -3.29817785e-03
   3.56670983e+02   1.88157370e-04
   3.56671472e+02   2.68884073e-03
   3.56671960e+02   1.05342502e-03
   3.56672448e+02  -1.32530683e-03
   3.56672937e+02  -2.32024956e-03
   3.56673425e+02  -2.61786743e-03
   3.56673913e+02  -1.90882513e-03
   3.56674402e+02   3.17012280e-04
   3.56674890e+02   1.68637242e-04
   3.56675378e+02  -2.62143416e-03
   3.56675867e+02  -2.22688704e-03
   3.56676355e+02   1.37961481e-03
   3.56676843e+02   1.02531223e-03
   3.56677331e+02  -2.22205347e-03
   3.56677820e+02  -1.59615243e-03
   3.56678308e+02   1.62871589e-03
   3.56678796e+02   2.76161800e-03
   3.56679285e+02   1.69925520e-03
   3.56679773e+02   1.08387368e-03
   3.56680261e+02  -5.91461503e-05
   3.56680750e+02  -4.36171831e-04
   3.56681238e+02   2.50146771e-03
   3.56681726e+02   4.33397014e-03
   3.56682215e+02   3.26862745e-03
   3.56682703e+02   2.38179765e-03
   3.56683191e+02   2.26059696e-03
   3.56683679e+02   1.77108613e-03
   3.56684168e+02   1.68509549e-04
   3.56684656e+02  -5.40720357e-04
   3.56685144e+02   4.12804598e-04
   3.56685633e+02  -7.05345825e-04
   3.56686121e+02  -1.87428587e-03
   3.56686609e+02   5.38882632e-05
   3.56687098e+02   2.05089641e-03
   3.56687586e+02   2.82975985e-03
   3.56688074e+02   2.43355474e-03
   3.56688563e+02   1.33110862e-03
   3.56689051e+02   3.07786814e-03
   3.56689539e+02   3.47202620e-03
   3.56690028e+02  -1.55995600e-03
   3.56690516e+02  -4.50707087e-03
   3.56691004e+02  -2.28949520e-03
   3.56691492e+02  -1.66528148e-03
   3.56691981e+02  -2.74774223e-03
   3.56692469e+02  -5.78082865e-04
   3.56692957e+02   2.52808537e-03
   3.56693446e+02   2.78066751e-03
   3.56693934e+02   3.83375678e-04
   3.56694422e+02  -1.34478486e-03
   3.56694911e+02   6.72033348e-04
   3.56695399e+02   2.60245847e-03
   3.56695887e+02   9.34415380e-04
   3.56696376e+02  -2.39084894e-03
   3.56696864e+02  -3.16122267e-03
   3.56697352e+02  -1.25991367e-03
   3.56697840e+02  -3.60561069e-04
   3.56698329e+02   1.82852909e-05
   3.56698817e+02  -6.36174984e-04
   3.56699305e+02  -1.38577120e-03
   3.56699794e+02  -2.06189696e-03
   3.56700282e+02  -2.70364061e-03
   3.56700770e+02   2.73258949e-04
   3.56701259e+02   3.26219783e-03
   3.56701747e+02   1.44245464e-03
   3.56702235e+02  -1.85934233e-03
   3.56702724e+02  -1.93797960e-03
   3.56703212e+02  -2.28245466e-04
   3.56703700e+02   8.79025378e-04
   3.56704188e+02   3.13491072e-03
   3.56704677e+02   4.25467547e-03
   3.56705165e+02   2.99906707e-03
   3.56705653e+02   2.28983629e-03
   3.56706142e+02   1.48523203e-03
   3.56706630e+02  -7.93311920e-04
   3.56707118e+02  -1.76893547e-03
   3.56707607e+02  -8.31828511e-04
   3.56708095e+02   1.12799241e-03
   3.56708583e+02   2.80250376e-03
   3.56709072e+02   1.73340179e-03
   3.56709560e+02   9.00026353e-04
   3.56710048e+02   2.04519206e-03
   3.56710536e+02   1.51398801e-03
   3.56711025e+02  -4.68503014e-04
   3.56711513e+02   9.09394366e-05
   3.56712001e+02   2.81727058e-03
   3.56712490e+02   3.86850792e-03
   3.56712978e+02   1.90827181e-03
   3.56713466e+02  -1.23024313e-03
   3.56713955e+02  -2.16887612e-03
   3.56714443e+02  -1.09152857e-03
   3.56714931e+02  -8.62916117e-04
   3.56715420e+02  -2.14918610e-03
   3.56715908e+02  -2.90563563e-03
   3.56716396e+02  -2.28951196e-03
   3.56716884e+02  -1.60552096e-03
   3.56717373e+02  -1.01561623e-03
   3.56717861e+02  -1.78997649e-03
   3.56718349e+02  -2.99334317e-03
   3.56718838e+02  -1.84603140e-03
   3.56719326e+02  -2.03376403e-03
   3.56719814e+02  -4.00225585e-03
   3.56720303e+02  -1.43330300e-03
   3.56720791e+02   2.53460906e-03
   3.56721279e+02   5.01043454e-04
   3.56721768e+02  -1.44630950e-03
   3.56722256e+02   5.15868538e-04
   3.56722744e+02   2.39045869e-04
   3.56723232e+02  -1.63493445e-03
   3.56723721e+02  -2.04022950e-03
   3.56724209e+02   2.50488403e-03
   3.56724697e+02   1.62167661e-03
   3.56725186e+02  -1.20339997e-03
   3.56725674e+02   6.75188261e-04
   3.56726162e+02   2.10671243e-03
   3.56726651e+02  -6.77096774e-04
   3.56727139e+02  -7.83151889e-04
   3.56727627e+02   1.66171871e-03
   3.56728116e+02   1.94318825e-03
   3.56728604e+02   1.40064291e-03
   3.56729092e+02   1.04651356e-03
   3.56729581e+02  -1.47972361e-03
   3.56730069e+02  -3.69414291e-03
   3.56730557e+02  -3.79818818e-03
   3.56731045e+02  -3.54713947e-03
   3.56731534e+02  -3.30282236e-03
   3.56732022e+02  -2.57339794e-03
   3.56732510e+02  -4.26483719e-04
   3.56732999e+02   7.05110957e-04
   3.56733487e+02   3.45894980e-04
   3.56733975e+02   7.96429522e-04
   3.56734464e+02   2.90132500e-03
   3.56734952e+02   4.91508143e-03
   3.56735440e+02   3.33398860e-03
   3.56735929e+02   3.77852266e-04
   3.56736417e+02   5.61212481e-04
   3.56736905e+02   1.24791940e-03
   3.56737393e+02   1.71966141e-03
   3.56737882e+02   2.13436922e-03
   3.56738370e+02   1.85571797e-03
   3.56738858e+02   1.75283069e-03
   3.56739347e+02   5.80926950e-04
   3.56739835e+02  -3.40726139e-04
   3.56740323e+02   2.36609275e-03
   3.56740812e+02   4.94464487e-03
   3.56741300e+02   4.06875974e-03
   3.56741788e+02   1.94455439e-03
   3.56742277e+02   1.33131995e-04
   3.56742765e+02   1.16321014e-03
   3.56743253e+02   4.70188074e-03
   3.56743741e+02   5.94757264e-03
   3.56744230e+02   3.00160563e-03
   3.56744718e+02   9.82161495e-04
   3.56745206e+02   9.54249001e-04
   3.56745695e+02  -6.64427120e-04
   3.56746183e+02  -1.55368377e-03
   3.56746671e+02  -1.59270625e-04
   3.56747160e+02   2.36380752e-03
   3.56747648e+02   4.21819137e-03
   3.56748136e+02   1.43368950e-03
   3.56748625e+02  -2.27136491e-03
   3.56749113e+02  -4.16142022e-04
   3.56749601e+02   4.05346835e-03
   3.56750089e+02   3.42147541e-03
   3.56750578e+02  -2.13602048e-04
   3.56751066e+02  -1.76562963e-03
   3.56751554e+02  -2.32224585e-03
   3.56752043e+02  -2.19061458e-03
   3.56752531e+02  -1.26817555e-03
   3.56753019e+02   5.93231198e-05
   3.56753508e+02   1.73658459e-03
   3.56753996e+02   3.37859872e-03
   3.56754484e+02   3.30460863e-03
   3.56754973e+02   1.16813020e-03
   3.56755461e+02   1.09877111e-03
   3.56755949e+02   4.40902030e-03
   3.56756437e+02   3.32832639e-03
   3.56756926e+02  -1.26912235e-03
   3.56757414e+02  -2.54443684e-03
   3.56757902e+02  -4.16378571e-05
   3.56758391e+02   3.38467909e-03
   3.56758879e+02   4.86058043e-03
   3.56759367e+02   4.54359222e-03
   3.56759856e+02   3.88204376e-03
   3.56760344e+02   3.40196025e-03
   3.56760832e+02   2.29934882e-03
   3.56761321e+02  -5.87495560e-06
   3.56761809e+02  -2.08911975e-03
   3.56762297e+02  -3.55981081e-03
   3.56762785e+02  -4.02651588e-03
   3.56763274e+02  -2.38901004e-03
   3.56763762e+02   1.51923648e-03
   3.56764250e+02   3.82329407e-03
   3.56764739e+02   7.47331942e-04
   3.56765227e+02  -2.70348438e-03
   3.56765715e+02  -2.57630204e-03
   3.56766204e+02  -2.91929208e-03
   3.56766692e+02  -2.59987102e-03
   3.56767180e+02  -6.34181779e-04
   3.56767669e+02  -1.05770025e-03
   3.56768157e+02  -2.64212699e-03
   3.56768645e+02  -1.79325696e-03
   3.56769134e+02  -9.47164837e-04
   3.56769622e+02  -2.72257696e-03
   3.56770110e+02  -2.71151937e-03
   3.56770598e+02  -1.25801377e-03
   3.56771087e+02  -2.38874555e-03
   3.56771575e+02  -2.41473597e-03
   3.56772063e+02  -1.49276271e-03
   3.56772552e+02  -3.79187916e-03
   3.56773040e+02  -4.20709467e-03
   3.56773528e+02  -1.27325719e-03
   3.56774017e+02  -1.26513725e-04
   3.56774505e+02  -1.41206558e-03
   3.56774993e+02  -2.48852139e-03
   3.56775482e+02  -4.15416155e-03
   3.56775970e+02  -5.12069836e-03
   3.56776458e+02  -3.86273512e-03
   3.56776946e+02  -2.20407033e-03
   3.56777435e+02  -4.75275505e-04
   3.56777923e+02  -7.34645524e-04
   3.56778411e+02  -2.54973490e-03
   3.56778900e+02  -1.70100876e-03
   3.56779388e+02  -6.14321849e-04
   3.56779876e+02  -1.14317355e-03
   3.56780365e+02   2.06426455e-04
   3.56780853e+02   9.65455896e-04
   3.56781341e+02  -1.12514599e-05
   3.56781830e+02  -5.45788389e-05
   3.56782318e+02  -7.80092261e-04
   3.56782806e+02  -1.44119153e-03
   3.56783294e+02  -8.81873129e-04
   3.56783783e+02  -4.32029803e-04
   3.56784271e+02   8.17830791e-04
   3.56784759e+02   1.22789689e-03
   3.56785248e+02  -4.29770007e-05
   3.56785736e+02  -1.53726687e-05
   3.56786224e+02   1.46317086e-03
   3.56786713e+02   2.24164594e-03
   3.56787201e+02   1.86270906e-03
   3.56787689e+02   1.39398011e-03
   3.56788178e+02   8.73649667e-04
   3.56788666e+02   1.01649400e-03
   3.56789154e+02   2.06758501e-03
   3.56789642e+02   3.67399817e-03
   3.56790131e+02   3.84411891e-03
   3.56790619e+02   1.40546460e-03
   3.56791107e+02  -2.19224297e-04
   3.56791596e+02  -1.26273488e-04
   3.56792084e+02  -1.45832589e-03
   3.56792572e+02  -2.04661139e-03
   3.56793061e+02  -9.29922739e-04
   3.56793549e+02  -4.65459947e-04
   3.56794037e+02  -8.66004964e-04
   3.56794526e+02  -2.73646583e-05
   3.56795014e+02   1.10565382e-03
   3.56795502e+02   8.62238696e-04
   3.56795990e+02   2.44115960e-04
   3.56796479e+02   4.48517094e-04
   3.56796967e+02   1.40698708e-03
   3.56797455e+02   8.13121151e-04
   3.56797944e+02   5.64206639e-05
   3.56798432e+02   9.53804003e-04
   3.56798920e+02   1.90097932e-03
   3.56799409e+02   1.56413461e-03
   3.56799897e+02  -7.60869589e-04
   3.56800385e+02  -5.71303943e-04
   3.56800874e+02   1.65045541e-03
   3.56801362e+02   1.73957483e-03
   3.56801850e+02   9.30165290e-04
   3.56802338e+02  -9.17297439e-04
   3.56802827e+02  -1.51808339e-03
   3.56803315e+02   4.02577338e-04
   3.56803803e+02  -6.46338682e-04
   3.56804292e+02  -3.44213797e-03
   3.56804780e+02  -2.73669488e-03
   3.56805268e+02  -1.26948522e-03
   3.56805757e+02  -2.45258067e-04
   3.56806245e+02   9.82157420e-04
   3.56806733e+02   1.65049467e-04
   3.56807222e+02  -9.09304072e-04
   3.56807710e+02  -1.34752539e-03
   3.56808198e+02   5.28030796e-05
   3.56808687e+02   2.59758439e-03
   3.56809175e+02   3.36757838e-03
   3.56809663e+02   3.70567292e-03
   3.56810151e+02   1.45773625e-03
   3.56810640e+02  -1.66223140e-03
   3.56811128e+02  -2.30433792e-03
   3.56811616e+02  -3.65770515e-03
   3.56812105e+02  -4.11905115e-03
   3.56812593e+02  -2.00591260e-03
   3.56813081e+02   3.11769865e-04
   3.56813570e+02   1.30016275e-03
   3.56814058e+02   4.41057891e-05
   3.56814546e+02  -2.35393154e-03
   3.56815035e+02  -2.90877791e-03
   3.56815523e+02  -3.35678598e-03
   3.56816011e+02  -3.95341776e-03
   3.56816499e+02  -4.49857535e-03
   3.56816988e+02  -4.91569610e-03
   3.56817476e+02  -1.31176948e-03
   3.56817964e+02   2.98156962e-03
   3.56818453e+02   3.72790219e-03
   3.56818941e+02   3.34781152e-03
   3.56819429e+02   3.41280829e-03
   3.56819918e+02   2.47680792e-03
   3.56820406e+02   8.54451617e-04
   3.56820894e+02   6.64774852e-04
   3.56821383e+02  -3.85635649e-04
   3.56821871e+02  -8.94327299e-04
   3.56822359e+02   1.04982243e-03
   3.56822847e+02   1.56476162e-03
   3.56823336e+02   9.42903687e-04
   3.56823824e+02   2.52070744e-03
   3.56824312e+02   1.94596848e-03
   3.56824801e+02  -2.39145570e-03
   3.56825289e+02  -6.23337459e-03
   3.56825777e+02  -5.27956802e-03
   3.56826266e+02  -1.88910484e-03
   3.56826754e+02  -1.43699208e-03
   3.56827242e+02  -7.10044871e-04
   3.56827731e+02   7.17249990e-04
   3.56828219e+02   3.26742556e-05
   3.56828707e+02  -7.59888033e-04
   3.56829195e+02   1.03047979e-03
   3.56829684e+02   3.35690938e-03
   3.56830172e+02   3.15666501e-03
   3.56830660e+02   1.78500870e-03
   3.56831149e+02   5.62298577e-04
   3.56831637e+02   3.53245618e-04
   3.56832125e+02  -4.94482345e-04
   3.56832614e+02  -1.66747777e-03
   3.56833102e+02  -1.79811846e-03
   3.56833590e+02  -7.54989800e-04
   3.56834079e+02   4.46332124e-04
   3.56834567e+02  -5.26277057e-04
   3.56835055e+02  -2.53661675e-03
   3.56835543e+02  -3.48375412e-03
   3.56836032e+02  -2.21824530e-03
   3.56836520e+02   1.34242827e-03
   3.56837008e+02   4.40820865e-03
   3.56837497e+02   4.13936470e-03
   3.56837985e+02   2.06426345e-03
   3.56838473e+02   2.64857709e-03
   3.56838962e+02   4.41737892e-03
   3.56839450e+02   2.90634832e-03
   3.56839938e+02   1.55608915e-03
   3.56840427e+02   3.17577599e-03
   3.56840915e+02   3.41730192e-03
   3.56841403e+02   2.34703114e-03
   3.56841891e+02   6.54071744e-04
   3.56842380e+02  -1.35880476e-03
   3.56842868e+02  -2.30593351e-03
   3.56843356e+02  -2.30388413e-03
   3.56843845e+02  -1.15430541e-03
   3.56844333e+02   1.57672295e-03
   3.56844821e+02   3.53959599e-03
   3.56845310e+02   3.51077667e-03
   3.56845798e+02   1.57918013e-03
   3.56846286e+02  -8.97071382e-04
   3.56846775e+02  -1.36763928e-03
   3.56847263e+02   3.28240800e-04
   3.56847751e+02   1.53073575e-03
   3.56848240e+02   5.86574490e-04
   3.56848728e+02  -1.05957373e-03
   3.56849216e+02  -4.69014427e-04
   3.56849704e+02   2.53699278e-03
   3.56850193e+02   3.15908506e-03
   3.56850681e+02   3.14175733e-03
   3.56851169e+02   3.24785034e-03
   3.56851658e+02   5.66484698e-04
   3.56852146e+02  -1.10914523e-03
   3.56852634e+02   1.60170166e-04
   3.56853123e+02   1.18642987e-03
   3.56853611e+02   1.44966808e-03
   3.56854099e+02   3.06323939e-03
   3.56854588e+02   4.29636100e-03
   3.56855076e+02   3.90921859e-03
   3.56855564e+02   1.36182643e-03
   3.56856052e+02  -6.08162663e-04
   3.56856541e+02   1.31239329e-04
   3.56857029e+02   8.26825679e-04
   3.56857517e+02   2.44629709e-03
   3.56858006e+02   3.20102251e-03
   3.56858494e+02   1.48601085e-03
   3.56858982e+02  -7.73551059e-04
   3.56859471e+02  -1.88623136e-03
   3.56859959e+02   3.34293436e-05
   3.56860447e+02   1.71876443e-03
   3.56860936e+02   1.81916577e-03
   3.56861424e+02   1.59432559e-04
   3.56861912e+02  -2.95324391e-03
   3.56862400e+02  -3.95458192e-03
   3.56862889e+02  -2.71986937e-03
   3.56863377e+02  -1.03651744e-03
   3.56863865e+02  -8.64344940e-04
   3.56864354e+02  -7.42326898e-04
   3.56864842e+02   1.76060048e-03
   3.56865330e+02   2.89596571e-03
   3.56865819e+02  -6.99020631e-04
   3.56866307e+02  -3.72627610e-03
   3.56866795e+02  -2.01107375e-03
   3.56867284e+02  -1.87402475e-03
   3.56867772e+02  -2.75612739e-03
   3.56868260e+02  -5.75414568e-04
   3.56868748e+02   2.04627495e-03
   3.56869237e+02   2.58541387e-03
   3.56869725e+02  -2.03199568e-04
   3.56870213e+02  -1.09633442e-03
   3.56870702e+02   9.31859133e-04
   3.56871190e+02   1.79610099e-04
   3.56871678e+02  -9.00497136e-04
   3.56872167e+02   7.10882014e-04
   3.56872655e+02   3.36603960e-03
   3.56873143e+02   4.56257863e-03
   3.56873632e+02   3.06523195e-03
   3.56874120e+02   1.08550850e-03
   3.56874608e+02  -6.09229261e-04
   3.56875096e+02  -3.67479282e-04
   3.56875585e+02   8.02377035e-05
   3.56876073e+02  -1.37148553e-03
   3.56876561e+02  -1.25087576e-03
   3.56877050e+02   3.18483275e-04
   3.56877538e+02   3.66175402e-04
   3.56878026e+02  -1.47006498e-03
   3.56878515e+02  -2.23613041e-03
   3.56879003e+02  -8.51184304e-04
   3.56879491e+02   3.12741584e-04
   3.56879980e+02   1.97160896e-03
   3.56880468e+02   4.26367717e-03
   3.56880956e+02   5.90015436e-03
   3.56881444e+02   4.48062737e-03
   3.56881933e+02   2.19254731e-03
   3.56882421e+02   2.02366407e-03
   3.56882909e+02   1.50680426e-03
   3.56883398e+02   1.14385330e-03
   3.56883886e+02  -2.72529025e-04
   3.56884374e+02  -4.65298025e-03
   3.56884863e+02  -5.47917839e-03
   3.56885351e+02  -4.19177162e-03
   3.56885839e+02  -3.36997653e-03
   3.56886328e+02  -1.00412511e-03
   3.56886816e+02  -3.98250850e-04
   3.56887304e+02  -8.38674139e-04
   3.56887793e+02   3.81702557e-04
   3.56888281e+02  -2.00627415e-04
   3.56888769e+02  -2.76627834e-03
   3.56889257e+02  -2.73630838e-03
   3.56889746e+02  -2.20638746e-03
   3.56890234e+02  -1.44636643e-03
   3.56890722e+02   1.04704697e-03
   3.56891211e+02   2.03729677e-03
   3.56891699e+02   2.23901193e-03
   3.56892187e+02   6.45166379e-04
   3.56892676e+02  -2.00079591e-03
   3.56893164e+02  -6.03548426e-04
   3.56893652e+02   1.27170398e-03
   3.56894141e+02   1.81681581e-03
   3.56894629e+02   3.19857150e-03
   3.56895117e+02   4.65987576e-03
   3.56895605e+02   4.70379088e-03
   3.56896094e+02   5.54059958e-03
   3.56896582e+02   4.34069382e-03
   3.56897070e+02  -1.09568378e-03
   3.56897559e+02  -3.56764114e-03
   3.56898047e+02  -1.47579948e-03
   3.56898535e+02  -9.43625055e-04
   3.56899024e+02  -1.02198159e-03
   3.56899512e+02   1.05891447e-03
   3.56900000e+02  -6.33248943e-04
   3.56900489e+02   7.66238372e-04
   3.56900977e+02   2.38473341e-03
   3.56901465e+02   3.10985371e-03
   3.56901953e+02   5.56937838e-03
   3.56902442e+02   4.73345350e-03
   3.56902930e+02   9.88938380e-04
   3.56903418e+02   9.51416150e-04
   3.56903907e+02   2.86305719e-03
   3.56904395e+02   2.07348843e-03
   3.56904883e+02   9.76904877e-04
   3.56905372e+02   1.82109448e-04
   3.56905860e+02  -6.01272564e-04
   3.56906348e+02  -7.16176175e-04
   3.56906837e+02   2.98187115e-05
   3.56907325e+02   1.09379401e-03
   3.56907813e+02   1.50609517e-03
   3.56908301e+02   8.55912822e-06
   3.56908790e+02  -1.05666276e-03
   3.56909278e+02   3.25208617e-04
   3.56909766e+02   1.36829680e-03
   3.56910255e+02   1.85939169e-03
   3.56910743e+02   1.87759870e-03
   3.56911231e+02   1.05968083e-03
   3.56911720e+02   1.52596552e-03
   3.56912208e+02   1.74360164e-03
   3.56912696e+02   7.14930822e-04
   3.56913185e+02   1.90820184e-03
   3.56913673e+02   3.70576466e-03
   3.56914161e+02   1.78653537e-03
   3.56914649e+02   1.26130763e-04
   3.56915138e+02   1.63408101e-03
   3.56915626e+02   3.69872851e-03
   3.56916114e+02   3.74675170e-03
   3.56916603e+02   1.79564740e-04
   3.56917091e+02  -2.91055068e-03
   3.56917579e+02  -3.67006799e-03
   3.56918068e+02  -2.40017846e-03
   3.56918556e+02   1.92529114e-03
   3.56919044e+02   2.93673342e-03
   3.56919533e+02   7.25742604e-04
   3.56920021e+02  -6.25364715e-04
   3.56920509e+02  -9.62985971e-04
   3.56920997e+02   5.57132531e-04
   3.56921486e+02   6.45599561e-04
   3.56921974e+02  -6.77499105e-04
   3.56922462e+02   2.80598644e-04
   3.56922951e+02   1.55463407e-03
   3.56923439e+02  -2.12947794e-04
   3.56923927e+02  -1.87047780e-03
   3.56924416e+02   2.26714619e-04
   3.56924904e+02   4.60427720e-04
   3.56925392e+02  -1.29480570e-04
   3.56925881e+02   2.22903187e-03
   3.56926369e+02   1.58980722e-03
   3.56926857e+02  -5.88845578e-04
   3.56927346e+02  -1.38263975e-03
   3.56927834e+02  -4.91858984e-04
   3.56928322e+02   7.15783448e-04
   3.56928810e+02   5.79757208e-04
   3.56929299e+02  -6.17565122e-04
   3.56929787e+02  -1.11554738e-03
   3.56930275e+02   8.25710245e-04
   3.56930764e+02   1.97311840e-03
   3.56931252e+02   7.77898298e-04
   3.56931740e+02   1.25020451e-03
   3.56932229e+02   3.96155566e-03
   3.56932717e+02   4.21556784e-03
   3.56933205e+02   1.41093461e-03
   3.56933694e+02   3.46205226e-04
   3.56934182e+02   3.78602039e-04
   3.56934670e+02  -1.01675990e-03
   3.56935158e+02   3.29587128e-05
   3.56935647e+02   2.85867299e-03
   3.56936135e+02   2.95115495e-03
   3.56936623e+02   2.09449805e-04
   3.56937112e+02  -1.57572492e-03
   3.56937600e+02  -3.51740746e-04
   3.56938088e+02   1.81443919e-03
   3.56938577e+02   1.71107508e-03
   3.56939065e+02  -5.30317775e-04
   3.56939553e+02  -1.80516380e-03
   3.56940042e+02  -1.61124370e-03
   3.56940530e+02  -2.11825136e-05
   3.56941018e+02   3.18627362e-03
   3.56941506e+02   4.46232362e-03
   3.56941995e+02   3.66638391e-03
   3.56942483e+02   3.25682736e-03
   3.56942971e+02   2.50783446e-03
   3.56943460e+02   2.48003844e-03
   3.56943948e+02   2.78747920e-03
   3.56944436e+02   2.44884542e-03
   3.56944925e+02   1.84359530e-03
   3.56945413e+02  -4.27419727e-05
   3.56945901e+02  -2.64292932e-03
   3.56946390e+02  -2.41473084e-03
   3.56946878e+02  -1.63793028e-03
   3.56947366e+02   9.33717994e-04
   3.56947854e+02   4.55390336e-03
   3.56948343e+02   3.36145796e-03
   3.56948831e+02  -1.23961375e-03
   3.56949319e+02  -3.15830717e-03
   3.56949808e+02  -1.67965773e-03
   3.56950296e+02   2.52594153e-04
   3.56950784e+02   4.17100906e-04
   3.56951273e+02  -9.76623851e-04
   3.56951761e+02  -2.17029708e-03
   3.56952249e+02  -1.73454848e-03
   3.56952738e+02  -1.37382466e-03
   3.56953226e+02  -3.05480004e-04
   3.56953714e+02   2.38614343e-03
   3.56954202e+02   2.99995183e-03
   3.56954691e+02   2.54515582e-03
   3.56955179e+02   3.22849816e-03
   3.56955667e+02   1.07245066e-03
   3.56956156e+02  -2.56054173e-03
   3.56956644e+02  -2.36961455e-03
   3.56957132e+02   2.25193635e-05
   3.56957621e+02   9.28319467e-04
   3.56958109e+02  -1.48458246e-04
   3.56958597e+02  -1.84325338e-03
   3.56959086e+02  -1.55747053e-03
   3.56959574e+02   1.92099984e-03
   3.56960062e+02   2.74680811e-03
   3.56960550e+02   3.45083281e-05
   3.56961039e+02  -1.98065449e-04
   3.56961527e+02   6.14628836e-04
   3.56962015e+02   9.95150651e-04
   3.56962504e+02   2.30961898e-03
   3.56962992e+02   1.51341222e-03
   3.56963480e+02  -1.30994784e-04
   3.56963969e+02   5.97182021e-04
   3.56964457e+02   1.46825518e-03
   3.56964945e+02   1.65839063e-03
   3.56965434e+02   1.57676486e-03
   3.56965922e+02   9.52502945e-04
   3.56966410e+02   2.89705140e-03
   3.56966899e+02   4.32888046e-03
   3.56967387e+02   2.98706093e-03
   3.56967875e+02   1.42413913e-03
   3.56968363e+02  -4.87022277e-04
   3.56968852e+02  -1.18426175e-03
   3.56969340e+02   1.14392361e-03
   3.56969828e+02   2.70566158e-03
   3.56970317e+02   1.83652132e-03
   3.56970805e+02   1.67104159e-03
   3.56971293e+02   1.18758390e-03
   3.56971782e+02  -4.07139596e-05
   3.56972270e+02  -3.94665956e-04
   3.56972758e+02  -5.42953494e-04
   3.56973247e+02  -1.11941714e-03
   3.56973735e+02  -2.80032167e-03
   3.56974223e+02  -2.70897197e-03
   3.56974711e+02  -1.12158165e-03
   3.56975200e+02  -1.01209502e-03
   3.56975688e+02  -2.41359952e-03
   3.56976176e+02  -4.69815033e-03
   3.56976665e+02  -3.69299902e-03
   3.56977153e+02  -2.65001669e-04
   3.56977641e+02  -3.48902802e-04
   3.56978130e+02  -6.83576916e-04
   3.56978618e+02   1.30807084e-03
   3.56979106e+02   1.67109037e-03
   3.56979595e+02   1.23424002e-03
   3.56980083e+02   6.51471084e-04
   3.56980571e+02   1.13866234e-03
   3.56981059e+02   1.46169949e-03
   3.56981548e+02   1.43223489e-03
   3.56982036e+02   8.83770001e-04
   3.56982524e+02  -2.05057254e-03
   3.56983013e+02  -2.18926603e-03
   3.56983501e+02  -1.04012631e-03
   3.56983989e+02  -1.65663823e-03
   3.56984478e+02  -3.58431600e-03
   3.56984966e+02  -4.20734379e-03
   3.56985454e+02  -3.44978250e-03
   3.56985943e+02  -3.20223696e-03
   3.56986431e+02  -4.14933823e-03
   3.56986919e+02  -7.05597224e-03
   3.56987407e+02  -6.71795290e-03
   3.56987896e+02  -2.48666736e-03
   3.56988384e+02  -8.72228353e-04
   3.56988872e+02  -5.30856138e-04
   3.56989361e+02  -8.03074392e-04
   3.56989849e+02  -7.82720337e-04
   3.56990337e+02  -2.00596740e-04
   3.56990826e+02  -9.99554992e-04
   3.56991314e+02  -2.01731501e-03
   3.56991802e+02  -2.13282276e-03
   3.56992291e+02  -3.35387682e-04
   3.56992779e+02   2.74134660e-03
   3.56993267e+02   1.35475164e-03
   3.56993755e+02  -2.31978088e-03
   3.56994244e+02  -1.70303474e-03
   3.56994732e+02   4.12223977e-04
   3.56995220e+02   5.39276167e-04
   3.56995709e+02  -8.74124642e-04
   3.56996197e+02  -2.21904367e-03
   3.56996685e+02  -2.71398993e-03
   3.56997174e+02  -7.88698380e-04
   3.56997662e+02   1.11348438e-03
   3.56998150e+02   1.59493487e-04
   3.56998639e+02  -3.29249247e-04
   3.56999127e+02   7.09290965e-04
   3.56999615e+02   1.74500793e-03
   3.57000103e+02   8.58683314e-04
   3.57000592e+02  -1.33176381e-03
   3.57001080e+02  -1.71598105e-03
   3.57001568e+02  -8.34174807e-06
   3.57002057e+02   1.42181886e-03
   3.57002545e+02   1.14999525e-03
   3.57003033e+02   1.13790995e-03
   3.57003522e+02   1.72170624e-03
   3.57004010e+02   9.85646388e-04
   3.57004498e+02  -9.33672854e-05
   3.57004987e+02   4.12443333e-04
   3.57005475e+02   1.31722423e-03
   3.57005963e+02   2.42752698e-03
   3.57006451e+02   3.18907830e-03
   3.57006940e+02   2.33051553e-03
   3.57007428e+02   5.62419416e-04
   3.57007916e+02  -1.22473366e-03
   3.57008405e+02  -3.58779845e-03
   3.57008893e+02  -5.47327986e-03
   3.57009381e+02  -3.70328152e-03
   3.57009870e+02  -1.58505479e-03
   3.57010358e+02  -7.16675597e-04
   3.57010846e+02   2.47221417e-03
   3.57011335e+02   4.86943591e-03
   3.57011823e+02   3.72639834e-03
   3.57012311e+02   6.86311512e-04
   3.57012800e+02  -1.49759417e-03
   3.57013288e+02  -7.77084846e-04
   3.57013776e+02   1.34290103e-03
   3.57014264e+02   3.32587864e-03
   3.57014753e+02   2.72252876e-03
   3.57015241e+02  -6.01927342e-04
   3.57015729e+02  -9.96702467e-04
   3.57016218e+02   1.57180254e-03
   3.57016706e+02   1.53038942e-03
   3.57017194e+02  -1.95991877e-03
   3.57017683e+02  -3.55536002e-03
   3.57018171e+02  -5.33519033e-03
   3.57018659e+02  -3.63785005e-03
   3.57019148e+02  -6.18844875e-04
   3.57019636e+02   5.49184006e-05
   3.57020124e+02   5.89825097e-04
   3.57020612e+02   2.18249625e-03
   3.57021101e+02   3.14232148e-03
   3.57021589e+02   2.74036033e-03
   3.57022077e+02   1.48246659e-03
   3.57022566e+02  -7.01227342e-04
   3.57023054e+02  -3.51545238e-03
   3.57023542e+02  -4.74802079e-03
   3.57024031e+02  -3.30876047e-03
   3.57024519e+02  -1.73682184e-03
   3.57025007e+02  -1.74250756e-03
   3.57025496e+02  -4.14446957e-04
   3.57025984e+02   7.40295101e-04
   3.57026472e+02  -1.23281567e-03
   3.57026960e+02  -3.51770571e-03
   3.57027449e+02  -3.74343898e-03
   3.57027937e+02  -6.42320374e-04
   3.57028425e+02   1.85886282e-03
   3.57028914e+02   1.07241049e-03
   3.57029402e+02   8.65289883e-04
   3.57029890e+02   1.71834568e-03
   3.57030379e+02   2.05182331e-03
   3.57030867e+02   3.00480798e-03
   3.57031355e+02   1.45869225e-03
   3.57031844e+02  -2.81943916e-03
   3.57032332e+02  -4.17083548e-03
   3.57032820e+02  -1.83173083e-03
   3.57033308e+02  -1.35859090e-03
   3.57033797e+02  -2.13663979e-03
   3.57034285e+02  -1.33403903e-03
   3.57034773e+02  -4.50744614e-04
   3.57035262e+02  -5.87715534e-04
   3.57035750e+02  -1.14640302e-03
   3.57036238e+02   1.24285370e-03
   3.57036727e+02   4.84779058e-03
   3.57037215e+02   5.06545417e-03
   3.57037703e+02   3.51955625e-03
   3.57038192e+02   1.91539584e-03
   3.57038680e+02   9.55124211e-04
   3.57039168e+02   2.10187421e-03
   3.57039656e+02   2.41449755e-03
   3.57040145e+02  -2.63630471e-04
   3.57040633e+02  -1.39123783e-03
   3.57041121e+02   1.79759343e-03
   3.57041610e+02   4.06240160e-03
   3.57042098e+02   3.30903125e-03
   3.57042586e+02   3.06453928e-03
   3.57043075e+02   3.30928550e-03
   3.57043563e+02   3.00444290e-03
   3.57044051e+02   1.62752578e-03
   3.57044540e+02  -2.92504061e-04
   3.57045028e+02  -2.24999094e-04
   3.57045516e+02  -2.74760823e-05
   3.57046004e+02  -2.00344599e-03
   3.57046493e+02  -3.29863606e-03
   3.57046981e+02  -3.90114379e-03
   3.57047469e+02  -3.55982012e-03
   3.57047958e+02  -1.89717684e-03
   3.57048446e+02  -1.51441118e-03
   3.57048934e+02  -2.94454070e-03
   3.57049423e+02  -3.44066625e-03
   3.57049911e+02  -1.97595591e-03
   3.57050399e+02  -9.43158520e-04
   3.57050888e+02  -2.09769607e-03
   3.57051376e+02  -2.03605159e-03
   3.57051864e+02   2.23836582e-03
   3.57052353e+02   4.65673395e-03
   3.57052841e+02   2.88335583e-03
   3.57053329e+02  -1.10116368e-03
   3.57053817e+02  -3.35270329e-03
   3.57054306e+02  -5.89779520e-04
   3.57054794e+02   7.22633034e-04
   3.57055282e+02   1.97743517e-04
   3.57055771e+02   1.43732911e-03
   3.57056259e+02   2.68844335e-04
   3.57056747e+02  -7.93151092e-04
   3.57057236e+02   2.67479569e-03
   3.57057724e+02   4.74336883e-03
   3.57058212e+02   2.95287999e-03
   3.57058701e+02   1.43554597e-03
   3.57059189e+02   2.27075932e-03
   3.57059677e+02   2.37848144e-03
   3.57060165e+02   4.32070519e-04
   3.57060654e+02  -7.65018922e-04
   3.57061142e+02  -9.09844355e-04
   3.57061630e+02  -1.05075224e-03
   3.57062119e+02  -5.30789373e-04
   3.57062607e+02  -1.51615520e-03
   3.57063095e+02  -4.24483046e-03
   3.57063584e+02  -3.81128863e-03
   3.57064072e+02  -1.29177806e-03
   3.57064560e+02  -1.67078176e-03
   3.57065049e+02  -2.26103631e-03
   3.57065537e+02  -1.25442550e-03
   3.57066025e+02  -4.99804388e-04
   3.57066513e+02  -1.45751430e-04
   3.57067002e+02  -8.23293871e-04
   3.57067490e+02  -3.12828040e-03
   3.57067978e+02  -4.49375622e-03
   3.57068467e+02  -4.51571029e-03
   3.57068955e+02  -2.19687703e-03
   3.57069443e+02   1.24240958e-03
   3.57069932e+02   8.04221723e-04
   3.57070420e+02  -2.00932892e-03
   3.57070908e+02  -3.62965232e-03
   3.57071397e+02  -2.82484572e-03
   3.57071885e+02  -1.42171944e-03
   3.57072373e+02  -2.21021916e-03
   3.57072861e+02  -1.21950370e-03
   3.57073350e+02   1.72497507e-03
   3.57073838e+02   1.16541306e-03
   3.57074326e+02  -4.78989590e-04
   3.57074815e+02   2.03378644e-04
   3.57075303e+02   1.15903800e-04
   3.57075791e+02  -8.62979621e-04
   3.57076280e+02   1.71362970e-03
   3.57076768e+02   2.48147780e-03
   3.57077256e+02   1.04156265e-03
   3.57077745e+02  -1.55068631e-03
   3.57078233e+02  -4.68348479e-03
   3.57078721e+02  -5.25299273e-03
   3.57079209e+02  -2.75931577e-03
   3.57079698e+02  -5.44648268e-04
   3.57080186e+02   3.54213029e-04
   3.57080674e+02   4.08383959e-04
   3.57081163e+02   2.95401318e-04
   3.57081651e+02   1.43626961e-03
   3.57082139e+02   1.63893809e-03
   3.57082628e+02   1.42500864e-03
   3.57083116e+02   1.75474992e-03
   3.57083604e+02   7.66788668e-04
   3.57084093e+02   2.99429666e-04
   3.57084581e+02  -1.11983383e-04
   3.57085069e+02  -9.15189099e-04
   3.57085557e+02   3.20235325e-04
   3.57086046e+02   1.40987884e-03
   3.57086534e+02   9.99095850e-04
   3.57087022e+02   8.22710790e-05
   3.57087511e+02  -4.63581178e-04
   3.57087999e+02  -9.46619024e-04
   3.57088487e+02  -1.36494590e-03
   3.57088976e+02  -1.02204958e-03
   3.57089464e+02  -1.98930502e-04
   3.57089952e+02  -2.04272859e-04
   3.57090441e+02  -1.21009757e-03
   3.57090929e+02  -9.67044034e-04
   3.57091417e+02  -5.63737820e-04
   3.57091906e+02  -1.18581881e-03
   3.57092394e+02   4.73411637e-04
   3.57092882e+02   1.38000841e-03
   3.57093370e+02  -1.58562078e-04
   3.57093859e+02  -1.43040073e-04
   3.57094347e+02  -6.83165446e-04
   3.57094835e+02  -1.81357481e-03
   3.57095324e+02  -8.19032372e-04
   3.57095812e+02   2.05032690e-03
   3.57096300e+02   3.38925025e-03
   3.57096789e+02   1.67804654e-03
   3.57097277e+02   4.02411533e-05
   3.57097765e+02   1.26542160e-04
   3.57098254e+02   1.44985341e-03
   3.57098742e+02   1.79469248e-03
   3.57099230e+02  -1.04094841e-04
   3.57099718e+02  -1.48937234e-03
   3.57100207e+02  -4.56311827e-04
   3.57100695e+02   1.77743113e-05
   3.57101183e+02   1.60426018e-04
   3.57101672e+02   2.14348105e-03
   3.57102160e+02   2.50098808e-03
   3.57102648e+02   1.33813254e-03
   3.57103137e+02   2.46117776e-03
   3.57103625e+02   2.68703373e-03
   3.57104113e+02   1.08808605e-03
   3.57104602e+02   4.56413807e-04
   3.57105090e+02  -1.02533109e-03
   3.57105578e+02  -2.20889202e-03
   3.57106066e+02  -1.17597973e-03
   3.57106555e+02  -4.28531464e-04
   3.57107043e+02   2.68109343e-05
   3.57107531e+02   4.75104636e-04
   3.57108020e+02   2.08417623e-04
   3.57108508e+02   6.22563239e-04
   3.57108996e+02   1.56075752e-03
   3.57109485e+02   3.42033483e-04
   3.57109973e+02  -1.63473422e-03
   3.57110461e+02  -1.36618060e-03
   3.57110950e+02  -7.59548275e-04
   3.57111438e+02  -1.83605123e-04
   3.57111926e+02   3.84847517e-04
   3.57112414e+02  -5.91522512e-05
   3.57112903e+02  -4.05489409e-04
   3.57113391e+02  -4.85187164e-04
   3.57113879e+02  -1.30646850e-03
   3.57114368e+02  -1.72341231e-03
   3.57114856e+02  -7.36702583e-04
   3.57115344e+02  -2.72773905e-04
   3.57115833e+02  -8.65116832e-04
   3.57116321e+02  -8.77126993e-04
   3.57116809e+02  -4.04813363e-05
   3.57117298e+02   2.32456671e-03
   3.57117786e+02   3.18071945e-03
   3.57118274e+02   1.18554488e-03
   3.57118762e+02   9.74532042e-04
   3.57119251e+02   4.64623066e-04
   3.57119739e+02  -9.72372771e-04
   3.57120227e+02   1.05504040e-03
   3.57120716e+02   3.46625922e-03
   3.57121204e+02   3.33141745e-03
   3.57121692e+02   2.80638202e-03
   3.57122181e+02   2.68887682e-03
   3.57122669e+02   1.35642453e-03
   3.57123157e+02   4.33473557e-04
   3.57123646e+02   1.18433859e-03
   3.57124134e+02   2.05229386e-03
   3.57124622e+02   7.96472188e-04
   3.57125110e+02  -1.03865168e-03
   3.57125599e+02  -2.36414606e-03
   3.57126087e+02  -2.43567815e-03
   3.57126575e+02  -4.73323365e-04
   3.57127064e+02  -1.55923917e-05
   3.57127552e+02  -1.71525156e-04
   3.57128040e+02   2.22816155e-03
   3.57128529e+02   3.81618179e-03
   3.57129017e+02   3.48010100e-03
   3.57129505e+02   2.86380388e-03
   3.57129994e+02   1.36795407e-03
   3.57130482e+02   1.12383673e-03
   3.57130970e+02   2.18328694e-03
   3.57131459e+02   1.08975079e-03
   3.57131947e+02   3.80267244e-04
   3.57132435e+02   2.90408335e-03
   3.57132923e+02   2.95169698e-03
   3.57133412e+02   3.85124993e-04
   3.57133900e+02  -1.17417681e-03
   3.57134388e+02  -9.94868460e-04
   3.57134877e+02   7.22751429e-04
   3.57135365e+02  -4.12772904e-04
   3.57135853e+02  -2.50320090e-03
   3.57136342e+02  -1.99047569e-03
   3.57136830e+02  -1.34268112e-03
   3.57137318e+02  -2.11448548e-03
   3.57137807e+02  -2.18409090e-03
   3.57138295e+02  -1.04837993e-03
   3.57138783e+02   7.62864191e-04
   3.57139271e+02   1.33094774e-03
   3.57139760e+02   1.77642665e-04
   3.57140248e+02  -1.88704566e-04
   3.57140736e+02  -7.77662906e-04
   3.57141225e+02  -1.25150150e-03
   3.57141713e+02  -1.85788042e-04
   3.57142201e+02   8.37358530e-04
   3.57142690e+02   8.86489172e-04
   3.57143178e+02   4.33798879e-04
   3.57143666e+02  -2.41408226e-04
   3.57144155e+02   6.97182491e-04
   3.57144643e+02   7.98902998e-04
   3.57145131e+02  -7.12209672e-04
   3.57145619e+02  -1.70631998e-03
   3.57146108e+02  -1.39056542e-03
   3.57146596e+02  -1.68313435e-03
   3.57147084e+02  -3.53802717e-03
   3.57147573e+02  -2.58772494e-03
   3.57148061e+02  -9.00917075e-05
   3.57148549e+02   3.34205455e-04
   3.57149038e+02   1.36509800e-04
   3.57149526e+02   1.16358779e-03
   3.57150014e+02   1.57537765e-03
   3.57150503e+02  -3.61184466e-05
   3.57150991e+02  -1.70420355e-03
   3.57151479e+02  -3.95412091e-04
   3.57151967e+02   1.61275442e-03
   3.57152456e+02   2.27595936e-03
   3.57152944e+02   5.40672445e-05
   3.57153432e+02  -2.85660755e-03
   3.57153921e+02  -3.14062438e-03
   3.57154409e+02  -2.76751118e-03
   3.57154897e+02  -1.90140598e-03
   3.57155386e+02  -2.46135122e-03
   3.57155874e+02  -4.37461911e-03
   3.57156362e+02  -4.58051590e-03
   3.57156851e+02  -3.61833791e-03
   3.57157339e+02  -2.89379875e-03
   3.57157827e+02  -2.00250768e-03
   3.57158315e+02   9.37474033e-06
   3.57158804e+02   1.01221364e-03
   3.57159292e+02   7.31258478e-04
   3.57159780e+02   5.38153283e-04
   3.57160269e+02  -5.86668553e-04
   3.57160757e+02  -2.05514301e-03
   3.57161245e+02  -3.10913753e-03
   3.57161734e+02  -3.27068288e-03
   3.57162222e+02  -2.36544805e-03
   3.57162710e+02  -6.86599175e-04
   3.57163199e+02   7.90118007e-04
   3.57163687e+02  -6.22613938e-04
   3.57164175e+02  -2.75177415e-03
   3.57164663e+02  -2.23410083e-03
   3.57165152e+02  -2.12221546e-03
   3.57165640e+02  -4.58112871e-03
   3.57166128e+02  -4.11371794e-03
   3.57166617e+02   7.60902825e-04
   3.57167105e+02   2.94067152e-03
   3.57167593e+02   1.53522287e-03
   3.57168082e+02   1.29984424e-03
   3.57168570e+02   9.96140880e-04
   3.57169058e+02   7.84395525e-05
   3.57169547e+02   2.00898503e-04
   3.57170035e+02   1.05192966e-03
   3.57170523e+02   2.52791750e-03
   3.57171012e+02   1.23975310e-03
   3.57171500e+02  -1.56410947e-03
   3.57171988e+02  -1.59878482e-03
   3.57172476e+02   1.47859755e-04
   3.57172965e+02   6.37293910e-04
   3.57173453e+02  -1.03790138e-03
   3.57173941e+02  -2.16186512e-03
   3.57174430e+02  -3.68917303e-04
   3.57174918e+02  -6.62587117e-05
   3.57175406e+02  -2.35007168e-03
   3.57175895e+02  -3.91424121e-03
   3.57176383e+02  -3.09623173e-03
   3.57176871e+02  -9.20785707e-04
   3.57177360e+02  -7.50054372e-04
   3.57177848e+02  -1.83092151e-03
   3.57178336e+02  -1.81520372e-04
   3.57178824e+02   1.94799481e-03
   3.57179313e+02   1.26065919e-03
   3.57179801e+02  -2.10984354e-03
   3.57180289e+02  -5.08386968e-03
   3.57180778e+02  -5.91247110e-03
   3.57181266e+02  -5.75636839e-03
   3.57181754e+02  -4.41046199e-03
   3.57182243e+02  -2.59471289e-03
   3.57182731e+02  -2.34124996e-03
   3.57183219e+02  -2.40183319e-03
   3.57183708e+02  -7.36621092e-04
   3.57184196e+02   7.91552302e-04
   3.57184684e+02   1.42126193e-03
   3.57185172e+02   1.35157851e-03
   3.57185661e+02   1.64685203e-04
   3.57186149e+02  -5.04325610e-04
   3.57186637e+02   3.32146185e-04
   3.57187126e+02   1.07405451e-03
   3.57187614e+02   1.07131747e-03
   3.57188102e+02   1.07998692e-03
   3.57188591e+02   1.31275598e-03
   3.57189079e+02   2.17777747e-03
   3.57189567e+02   2.06027972e-03
   3.57190056e+02   2.21241513e-04
   3.57190544e+02  -4.68862563e-04
   3.57191032e+02   4.19509975e-04
   3.57191520e+02   3.30034527e-04
   3.57192009e+02  -9.78606520e-04
   3.57192497e+02  -6.43579755e-04
   3.57192985e+02   2.34450866e-03
   3.57193474e+02   1.88075565e-03
   3.57193962e+02   2.29406342e-05
   3.57194450e+02  -1.26042042e-03
   3.57194939e+02   3.28292022e-04
   3.57195427e+02   1.87948451e-03
   3.57195915e+02   3.96930700e-04
   3.57196404e+02  -1.19777885e-03
   3.57196892e+02  -1.24984095e-03
   3.57197380e+02  -7.10893713e-04
   3.57197868e+02   9.69558954e-04
   3.57198357e+02   2.89235939e-03
   3.57198845e+02   4.00794251e-03
   3.57199333e+02   3.97793809e-03
   3.57199822e+02   4.24172031e-03
   3.57200310e+02   4.62546851e-03
   3.57200798e+02   1.26724597e-03
   3.57201287e+02  -4.42438526e-03
   3.57201775e+02  -5.02077118e-03
   3.57202263e+02  -1.10448094e-03
   3.57202752e+02   4.09004744e-04
   3.57203240e+02  -3.10639356e-04
   3.57203728e+02   8.32688529e-04
   3.57204216e+02   2.14789738e-03
   3.57204705e+02   1.53260119e-03
   3.57205193e+02   1.17159239e-03
   3.57205681e+02   2.24063551e-04
   3.57206170e+02  -1.33413135e-03
   3.57206658e+02  -9.08215530e-04
   3.57207146e+02   1.31101510e-03
   3.57207635e+02   3.02060321e-03
   3.57208123e+02   2.37165834e-03
   3.57208611e+02  -1.17370614e-03
   3.57209100e+02  -3.73341469e-03
   3.57209588e+02  -2.10209168e-03
   3.57210076e+02  -1.00048841e-03
   3.57210565e+02  -2.09774449e-03
   3.57211053e+02  -1.76871812e-03
   3.57211541e+02   1.42131976e-05
   3.57212029e+02   1.24504091e-03
   3.57212518e+02   2.02485640e-03
   3.57213006e+02   2.59676506e-03
   3.57213494e+02   1.51102268e-03
   3.57213983e+02  -3.13134049e-04
   3.57214471e+02  -1.82046229e-03
   3.57214959e+02  -3.80276609e-03
   3.57215448e+02  -3.26647353e-03
   3.57215936e+02  -6.80819387e-04
   3.57216424e+02  -5.31685131e-04
   3.57216913e+02  -2.04704353e-03
   3.57217401e+02  -2.74645723e-03
   3.57217889e+02  -2.70437519e-03
   3.57218377e+02  -2.16910336e-03
   3.57218866e+02   6.24296139e-04
   3.57219354e+02   3.20444186e-03
   3.57219842e+02   1.36330398e-03
   3.57220331e+02   2.57584488e-05
   3.57220819e+02   9.79636679e-04
   3.57221307e+02   6.49914029e-04
   3.57221796e+02  -4.27303748e-04
   3.57222284e+02  -6.63723971e-04
   3.57222772e+02   1.23275816e-03
   3.57223261e+02   2.75774975e-03
   3.57223749e+02   1.61744375e-03
   3.57224237e+02  -3.66799039e-04
   3.57224725e+02  -2.88211205e-03
   3.57225214e+02  -5.06090559e-03
   3.57225702e+02  -4.15168284e-03
   3.57226190e+02  -2.69630365e-03
   3.57226679e+02  -3.70117137e-03
   3.57227167e+02  -3.91006563e-03
   3.57227655e+02  -9.38733690e-04
   3.57228144e+02   2.80274940e-03
   3.57228632e+02   4.27416107e-03
   3.57229120e+02   3.30468710e-03
   3.57229609e+02   3.46224318e-04
   3.57230097e+02  -8.12005252e-04
   3.57230585e+02   1.85302156e-03
   3.57231073e+02   3.68148857e-03
   3.57231562e+02   3.69353173e-03
   3.57232050e+02   3.15322937e-03
   3.57232538e+02   9.76221520e-04
   3.57233027e+02  -1.19420397e-03
   3.57233515e+02  -5.93898178e-04
   3.57234003e+02   1.30771089e-03
   3.57234492e+02   1.32744620e-03
   3.57234980e+02  -6.20892388e-04
   3.57235468e+02  -6.97453914e-04
   3.57235957e+02   1.37834763e-03
   3.57236445e+02   1.74626277e-03
   3.57236933e+02   2.19519343e-03
   3.57237421e+02   3.03342892e-03
   3.57237910e+02   9.67145374e-04
   3.57238398e+02  -1.30051223e-03
   3.57238886e+02  -1.29006943e-03
   3.57239375e+02  -2.19497480e-03
   3.57239863e+02  -1.71166623e-03
   3.57240351e+02   1.25804974e-03
   3.57240840e+02   1.69365085e-03
   3.57241328e+02   7.88450241e-04
   3.57241816e+02  -5.56485844e-04
   3.57242305e+02  -1.29432522e-03
   3.57242793e+02   1.14037434e-03
   3.57243281e+02   2.16017757e-03
   3.57243769e+02   1.49919337e-03
   3.57244258e+02   1.88589154e-03
   3.57244746e+02   1.84255384e-03
   3.57245234e+02   5.96162979e-04
   3.57245723e+02  -2.24993634e-03
   3.57246211e+02  -3.70532926e-03
   3.57246699e+02  -2.49283598e-03
   3.57247188e+02  -1.19087438e-03
   3.57247676e+02   2.87578587e-04
   3.57248164e+02   1.55072554e-03
   3.57248653e+02   1.10401516e-03
   3.57249141e+02   8.14335130e-04
   3.57249629e+02  -1.20046723e-03
   3.57250118e+02  -4.00782609e-03
   3.57250606e+02  -3.13163921e-03
   3.57251094e+02  -9.11843032e-04
   3.57251582e+02   9.21927742e-04
   3.57252071e+02   9.03837150e-04
   3.57252559e+02   2.34031491e-03
   3.57253047e+02   3.07373656e-03
   3.57253536e+02   1.06899766e-03
   3.57254024e+02  -2.48230388e-03
   3.57254512e+02  -5.57210715e-03
   3.57255001e+02  -5.92562789e-03
   3.57255489e+02  -5.50270732e-03
   3.57255977e+02  -5.37310354e-03
   3.57256466e+02  -4.40193899e-03
   3.57256954e+02  -3.67171806e-03
   3.57257442e+02  -1.78345211e-03
   3.57257930e+02  -8.05319869e-04
   3.57258419e+02  -2.88260146e-03
   3.57258907e+02  -3.06374929e-03
   3.57259395e+02   2.80730746e-04
   3.57259884e+02   4.31032327e-04
   3.57260372e+02  -1.22676534e-03
   3.57260860e+02   6.61948579e-04
   3.57261349e+02   1.10462925e-03
   3.57261837e+02  -3.85166786e-04
   3.57262325e+02  -7.51300831e-04
   3.57262814e+02   7.31294393e-04
   3.57263302e+02   1.84604689e-03
   3.57263790e+02   2.01197434e-03
   3.57264278e+02   1.05976954e-03
   3.57264767e+02  -1.40313257e-03
   3.57265255e+02  -2.60216696e-03
   3.57265743e+02  -1.56676339e-03
   3.57266232e+02  -4.58257447e-04
   3.57266720e+02  -4.13457310e-04
   3.57267208e+02   7.62358250e-04
   3.57267697e+02   9.41322418e-04
   3.57268185e+02  -1.09850895e-03
   3.57268673e+02  -1.83221418e-03
   3.57269162e+02  -2.27551514e-04
   3.57269650e+02  -4.30063490e-04
   3.57270138e+02  -1.54782052e-03
   3.57270626e+02  -9.89745487e-04
   3.57271115e+02  -1.11844507e-03
   3.57271603e+02  -1.73517806e-03
   3.57272091e+02  -7.63614487e-04
   3.57272580e+02   1.57661829e-03
   3.57273068e+02   2.63150106e-03
   3.57273556e+02   1.40871468e-03
   3.57274045e+02  -3.47562782e-05
   3.57274533e+02   6.11576834e-04
   3.57275021e+02   2.38919910e-03
   3.57275510e+02   3.06420843e-03
   3.57275998e+02   3.16720549e-03
   3.57276486e+02   3.01653659e-03
   3.57276974e+02   1.24465302e-03
   3.57277463e+02  -2.19686714e-04
   3.57277951e+02  -4.89736383e-04
   3.57278439e+02  -1.35894038e-03
   3.57278928e+02  -7.51609623e-04
   3.57279416e+02   1.20357936e-03
   3.57279904e+02   2.45404849e-03
   3.57280393e+02   2.47060996e-03
   3.57280881e+02   1.02684088e-03
   3.57281369e+02  -1.36399141e-03
   3.57281858e+02  -1.79673778e-03
   3.57282346e+02  -4.38733696e-04
   3.57282834e+02  -1.02537707e-03
   3.57283322e+02  -8.86816997e-04
   3.57283811e+02   1.09140284e-03
   3.57284299e+02   2.35872372e-04
   3.57284787e+02  -2.16102158e-03
   3.57285276e+02  -5.32528944e-03
   3.57285764e+02  -5.32421470e-03
   3.57286252e+02  -2.14147242e-03
   3.57286741e+02  -1.34904450e-03
   3.57287229e+02  -1.54138438e-03
   3.57287717e+02  -6.57843775e-04
   3.57288206e+02   2.01735506e-03
   3.57288694e+02   3.59697989e-03
   3.57289182e+02   2.09708628e-03
   3.57289671e+02  -1.08431916e-04
   3.57290159e+02  -1.52964110e-03
   3.57290647e+02  -3.74747528e-04
   3.57291135e+02   4.78358823e-04
   3.57291624e+02   1.16869567e-04
   3.57292112e+02   6.31489529e-05
   3.57292600e+02   1.60483632e-03
   3.57293089e+02   2.95889191e-03
   3.57293577e+02   1.97637337e-03
   3.57294065e+02  -9.74752766e-05
   3.57294554e+02  -2.52252840e-03
   3.57295042e+02  -2.71762069e-03
   3.57295530e+02  -1.08771410e-03
   3.57296019e+02   9.19755606e-04
   3.57296507e+02   2.70500104e-03
   3.57296995e+02   2.89223134e-03
   3.57297483e+02   1.59117708e-03
   3.57297972e+02  -4.12058871e-04
   3.57298460e+02  -1.33267371e-03
   3.57298948e+02  -1.55486166e-03
   3.57299437e+02  -6.11247160e-05
   3.57299925e+02   2.34498060e-03
   3.57300413e+02   1.01638143e-03
   3.57300902e+02  -1.74114096e-03
   3.57301390e+02  -2.71402951e-03
   3.57301878e+02  -3.88128497e-03
   3.57302367e+02  -4.77377139e-03
   3.57302855e+02  -3.23006883e-03
   3.57303343e+02  -1.68066064e-03
   3.57303831e+02  -1.58766261e-03
   3.57304320e+02  -1.67186337e-03
   3.57304808e+02  -4.82496805e-04
   3.57305296e+02   1.63763226e-03
   3.57305785e+02   2.50068447e-03
   3.57306273e+02   1.68621331e-03
   3.57306761e+02   1.05402002e-03
   3.57307250e+02   1.22115517e-03
   3.57307738e+02   1.68345432e-04
   3.57308226e+02  -1.04696758e-03
   3.57308715e+02  -1.94241945e-03
   3.57309203e+02  -2.53296550e-03
   3.57309691e+02  -5.37079235e-04
   3.57310179e+02   1.64823909e-03
   3.57310668e+02   2.89566407e-04
   3.57311156e+02   1.55626971e-04
   3.57311644e+02   4.75826580e-03
   3.57312133e+02   6.85067708e-03
   3.57312621e+02   4.34668874e-03
   3.57313109e+02   1.65051769e-03
   3.57313598e+02   6.35728647e-04
   3.57314086e+02   4.46837774e-04
   3.57314574e+02   5.95557329e-04
   3.57315063e+02   2.91896868e-04
   3.57315551e+02   2.66530085e-04
   3.57316039e+02   9.16401099e-04
   3.57316527e+02   8.34808627e-04
   3.57317016e+02   4.49668034e-04
   3.57317504e+02  -1.39714789e-03
   3.57317992e+02  -3.03376187e-03
   3.57318481e+02  -2.82981386e-03
   3.57318969e+02  -2.14206916e-03
   3.57319457e+02  -1.10359187e-03
   3.57319946e+02  -2.68160773e-04
   3.57320434e+02   1.02225272e-03
   3.57320922e+02   1.21778634e-03
   3.57321411e+02   6.23941247e-04
   3.57321899e+02   1.74547941e-03
   3.57322387e+02   2.42265407e-03
   3.57322875e+02   6.39054284e-04
   3.57323364e+02  -6.03896216e-04
   3.57323852e+02  -1.36250048e-03
   3.57324340e+02  -2.29003513e-03
   3.57324829e+02  -1.68411899e-03
   3.57325317e+02  -5.72578632e-04
   3.57325805e+02  -1.13764510e-03
   3.57326294e+02  -1.04850845e-03
   3.57326782e+02   1.87822129e-03
   3.57327270e+02   3.37271881e-03
   3.57327759e+02   2.22833105e-03
   3.57328247e+02   4.69627965e-04
   3.57328735e+02  -6.77285250e-04
   3.57329224e+02  -1.13382656e-03
   3.57329712e+02  -2.54672207e-03
   3.57330200e+02  -3.23756575e-03
   3.57330688e+02  -1.64798438e-03
   3.57331177e+02  -1.30690297e-03
   3.57331665e+02  -1.72596134e-03
   3.57332153e+02  -9.21335479e-04
   3.57332642e+02   2.15808381e-04
   3.57333130e+02   1.47269666e-03
   3.57333618e+02   1.95905892e-03
   3.57334107e+02  -4.55080415e-04
   3.57334595e+02  -2.11919541e-03
   3.57335083e+02  -1.53543625e-03
   3.57335572e+02  -3.10553890e-03
   3.57336060e+02  -4.39499086e-03
   3.57336548e+02  -2.27361033e-03
   3.57337036e+02   1.82595089e-04
   3.57337525e+02   4.24904429e-04
   3.57338013e+02   2.19556925e-04
   3.57338501e+02  -4.84342803e-04
   3.57338990e+02  -2.00086250e-03
   3.57339478e+02  -2.60095322e-03
   3.57339966e+02  -8.74497753e-04
   3.57340455e+02   2.95098219e-03
   3.57340943e+02   4.29824134e-03
   3.57341431e+02   6.74775045e-04
   3.57341920e+02  -2.74073519e-03
   3.57342408e+02  -2.03682133e-03
   3.57342896e+02   7.22214987e-04
   3.57343384e+02   1.12501055e-03
   3.57343873e+02  -6.43460138e-04
   3.57344361e+02   1.29200320e-03
   3.57344849e+02   2.53193895e-03
   3.57345338e+02   1.45770915e-04
   3.57345826e+02  -1.63942843e-03
   3.57346314e+02  -1.49662560e-03
   3.57346803e+02  -1.59124273e-03
   3.57347291e+02  -3.95158801e-04
   3.57347779e+02   1.59319700e-03
   3.57348268e+02   1.73350028e-03
   3.57348756e+02   9.73529008e-04
   3.57349244e+02  -6.03468623e-04
   3.57349732e+02  -9.62315185e-04
   3.57350221e+02   4.98373876e-04
   3.57350709e+02  -2.25992073e-04
   3.57351197e+02  -8.34702107e-04
   3.57351686e+02   9.24655644e-04
   3.57352174e+02   1.23223080e-03
   3.57352662e+02   2.46196840e-04
   3.57353151e+02   1.80604588e-03
   3.57353639e+02   4.20151418e-03
   3.57354127e+02   3.83917196e-03
   3.57354616e+02   2.86275195e-03
   3.57355104e+02   3.79346032e-03
   3.57355592e+02   1.92334631e-03
   3.57356080e+02  -1.30946352e-03
   3.57356569e+02  -6.88540400e-04
   3.57357057e+02   9.98264062e-04
   3.57357545e+02  -3.88217886e-04
   3.57358034e+02  -2.30358727e-03
   3.57358522e+02  -3.26087466e-04
   3.57359010e+02   2.30342150e-03
   3.57359499e+02   8.82606953e-04
   3.57359987e+02  -2.05915398e-03
   3.57360475e+02  -2.08031083e-03
   3.57360964e+02  -4.69114952e-04
   3.57361452e+02  -8.14427622e-04
   3.57361940e+02  -1.74704869e-03
   3.57362428e+02  -1.15099037e-03
   3.57362917e+02  -1.28401257e-03
   3.57363405e+02  -1.60882802e-04
   3.57363893e+02   8.30347184e-04
   3.57364382e+02  -5.26418618e-04
   3.57364870e+02   1.88994702e-04
   3.57365358e+02  -3.33445001e-04
   3.57365847e+02  -2.32170173e-03
   3.57366335e+02  -2.06577568e-03
   3.57366823e+02  -1.73590507e-03
   3.57367312e+02  -2.47677276e-03
   3.57367800e+02  -3.99540551e-03
   3.57368288e+02  -4.62138234e-03
   3.57368777e+02  -3.66471912e-04
   3.57369265e+02   8.20924644e-04
   3.57369753e+02  -2.34467327e-03
   3.57370241e+02  -2.43787584e-03
   3.57370730e+02  -1.18246979e-04
   3.57371218e+02  -8.19765846e-05
   3.57371706e+02  -1.57598942e-03
   3.57372195e+02  -3.30319512e-03
   3.57372683e+02  -2.29829084e-03
   3.57373171e+02  -8.68210162e-04
   3.57373660e+02  -1.45013109e-04
   3.57374148e+02   2.19283090e-03
   3.57374636e+02   2.06243340e-03
   3.57375125e+02  -5.18473680e-04
   3.57375613e+02  -1.21168722e-03
   3.57376101e+02  -4.46135644e-04
   3.57376589e+02   1.28957606e-03
   3.57377078e+02   3.69868381e-03
   3.57377566e+02   4.44330927e-03
   3.57378054e+02   4.28961543e-03
   3.57378543e+02   2.71729473e-03
   3.57379031e+02  -9.13955679e-04
   3.57379519e+02  -1.88969425e-03
   3.57380008e+02   5.48871816e-04
   3.57380496e+02   9.51755617e-04
   3.57380984e+02  -2.21075283e-07
   3.57381473e+02   5.69407013e-04
   3.57381961e+02   1.09240087e-03
   3.57382449e+02  -4.09349595e-04
   3.57382937e+02  -2.03790492e-03
   3.57383426e+02  -6.10212097e-04
   3.57383914e+02   1.24127581e-03
   3.57384402e+02   2.01824307e-03
   3.57384891e+02   3.70792206e-03
   3.57385379e+02   2.66175228e-03
   3.57385867e+02  -5.08492172e-04
   3.57386356e+02   2.22197711e-03
   3.57386844e+02   5.15738875e-03
   3.57387332e+02   2.28120666e-03
   3.57387821e+02   1.98373199e-03
   3.57388309e+02   4.44048643e-03
   3.57388797e+02   3.32991430e-03
   3.57389285e+02   3.82992148e-04
   3.57389774e+02   2.02011026e-04
   3.57390262e+02   3.20148421e-03
   3.57390750e+02   3.66338133e-03
   3.57391239e+02   7.28525047e-05
   3.57391727e+02  -1.99826132e-03
   3.57392215e+02   8.15701351e-05
   3.57392704e+02   2.93225260e-03
   3.57393192e+02   3.26922839e-03
   3.57393680e+02   2.58139614e-03
   3.57394169e+02   1.22535788e-03
   3.57394657e+02   1.41762112e-05
   3.57395145e+02   9.68399574e-04
   3.57395633e+02   9.06748173e-04
   3.57396122e+02  -9.16694291e-04
   3.57396610e+02  -6.25073502e-04
   3.57397098e+02   5.15269057e-04
   3.57397587e+02  -3.71826609e-04
   3.57398075e+02  -7.55173620e-04
   3.57398563e+02   4.14965558e-04
   3.57399052e+02   7.94303138e-04
   3.57399540e+02   4.98500303e-04
   3.57400028e+02   8.98518556e-05
   3.57400517e+02  -1.67597516e-03
   3.57401005e+02  -3.53207439e-03
   3.57401493e+02  -2.66505033e-03
   3.57401981e+02  -1.30477056e-04
   3.57402470e+02   1.91171921e-03
   3.57402958e+02   2.30558636e-03
   3.57403446e+02  -3.77682358e-04
   3.57403935e+02  -4.15382534e-03
   3.57404423e+02  -5.04907034e-03
   3.57404911e+02  -3.40945576e-03
   3.57405400e+02  -1.62036740e-03
   3.57405888e+02  -4.91923653e-04
   3.57406376e+02   3.52962263e-04
   3.57406865e+02  -4.77376751e-08
   3.57407353e+02  -1.02923004e-04
   3.57407841e+02  -5.47473101e-05
   3.57408330e+02  -1.36855361e-03
   3.57408818e+02  -2.82990769e-03
   3.57409306e+02  -1.56007637e-03
   3.57409794e+02   2.00332166e-03
   3.57410283e+02   2.47236923e-03
   3.57410771e+02  -2.54790473e-04
   3.57411259e+02  -1.60233804e-03
   3.57411748e+02  -3.21847107e-03
   3.57412236e+02  -5.33224270e-03
   3.57412724e+02  -3.55177652e-03
   3.57413213e+02   4.07528772e-04
   3.57413701e+02   1.87366823e-05
   3.57414189e+02  -1.07507873e-03
   3.57414678e+02   6.73304545e-04
   3.57415166e+02  -1.07814628e-03
   3.57415654e+02  -3.61666479e-03
   3.57416142e+02  -2.10754969e-03
   3.57416631e+02   2.20677772e-04
   3.57417119e+02   1.71106332e-03
   3.57417607e+02   1.64990383e-03
   3.57418096e+02   2.16669939e-03
   3.57418584e+02   4.11724532e-03
   3.57419072e+02   3.92868975e-03
   3.57419561e+02   1.65278860e-03
   3.57420049e+02  -1.07913825e-03
   3.57420537e+02   3.25276953e-04
   3.57421026e+02   2.77913059e-03
   3.57421514e+02   2.65041762e-03
   3.57422002e+02   3.65908188e-03
   3.57422490e+02   4.54948796e-03
   3.57422979e+02   2.68401997e-03
   3.57423467e+02   1.14865880e-03
   3.57423955e+02   9.85416351e-04
   3.57424444e+02   1.03462988e-03
   3.57424932e+02   6.34316704e-04
   3.57425420e+02  -9.84980492e-04
   3.57425909e+02  -6.80439232e-04
   3.57426397e+02   3.10511352e-03
   3.57426885e+02   4.11074329e-03
   3.57427374e+02   1.83569631e-04
   3.57427862e+02  -3.30070267e-04
   3.57428350e+02   4.10048029e-04
   3.57428838e+02   4.67005739e-04
   3.57429327e+02   2.12023593e-03
   3.57429815e+02   3.31751350e-03
   3.57430303e+02   4.52740071e-03
   3.57430792e+02   3.92646482e-03
   3.57431280e+02   8.20837682e-04
   3.57431768e+02  -1.92408368e-03
   3.57432257e+02  -1.95072999e-03
   3.57432745e+02  -1.38804095e-03
   3.57433233e+02  -3.08367820e-03
   3.57433722e+02  -4.61816089e-03
   3.57434210e+02  -3.81892663e-03
   3.57434698e+02  -2.21361057e-03
   3.57435186e+02  -9.76565876e-04
   3.57435675e+02  -6.25500223e-04
   3.57436163e+02  -2.23522563e-03
   3.57436651e+02  -4.46269987e-03
   3.57437140e+02  -1.25787128e-03
   3.57437628e+02   5.45264827e-03
   3.57438116e+02   6.93411892e-03
   3.57438605e+02   4.18697484e-03
   3.57439093e+02   1.54191384e-03
   3.57439581e+02  -3.48260888e-04
   3.57440070e+02  -1.49089331e-03
   3.57440558e+02  -1.86763448e-03
   3.57441046e+02  -2.60627689e-03
   3.57441534e+02  -1.60544226e-03
   3.57442023e+02   2.71753152e-03
   3.57442511e+02   6.37648441e-03
   3.57442999e+02   6.08158577e-03
   3.57443488e+02   4.63642785e-03
   3.57443976e+02   3.36721656e-03
   3.57444464e+02   1.95789107e-04
   3.57444953e+02  -2.85530090e-03
   3.57445441e+02  -1.15978578e-03
   3.57445929e+02   3.43612442e-03
   3.57446418e+02   2.46965722e-03
   3.57446906e+02  -1.13143038e-03
   3.57447394e+02  -1.20077585e-03
   3.57447883e+02  -4.23885285e-05
   3.57448371e+02   1.53776596e-03
   3.57448859e+02   2.74662534e-03
   3.57449347e+02   1.43639557e-03
   3.57449836e+02  -1.58134464e-03
   3.57450324e+02  -2.95536756e-03
   3.57450812e+02  -1.49211998e-03
   3.57451301e+02  -1.61369258e-04
   3.57451789e+02   1.56909623e-03
   3.57452277e+02   1.43137667e-03
   3.57452766e+02  -9.17530560e-04
   3.57453254e+02   4.06691572e-04
   3.57453742e+02   2.25125020e-03
   3.57454231e+02  -6.85416802e-04
   3.57454719e+02  -4.04535187e-03
   3.57455207e+02  -3.20363231e-03
   3.57455695e+02  -1.14457880e-03
   3.57456184e+02   8.00064241e-04
   3.57456672e+02   1.86842284e-03
   3.57457160e+02  -6.38783094e-04
   3.57457649e+02  -2.37151352e-03
   3.57458137e+02  -1.26885332e-03
   3.57458625e+02  -1.81633362e-03
   3.57459114e+02  -4.48821532e-03
   3.57459602e+02  -2.42867460e-03
   3.57460090e+02   2.43504276e-03
   3.57460579e+02   8.51817429e-04
   3.57461067e+02  -1.18834060e-03
   3.57461555e+02   1.28953101e-03
   3.57462043e+02   1.97142921e-03
   3.57462532e+02   7.34080852e-04
   3.57463020e+02  -5.08794503e-04
   3.57463508e+02  -1.46456843e-03
   3.57463997e+02  -1.68480631e-03
   3.57464485e+02  -2.57212203e-03
   3.57464973e+02  -3.28970142e-03
   3.57465462e+02  -1.95172569e-03
   3.57465950e+02  -2.58270418e-04
   3.57466438e+02  -2.23437848e-04
   3.57466927e+02  -1.91902940e-03
   3.57467415e+02  -3.21072293e-03
   3.57467903e+02  -2.18717102e-03
   3.57468391e+02  -4.78191825e-04
   3.57468880e+02  -5.83976565e-04
   3.57469368e+02  -2.29501398e-03
   3.57469856e+02  -2.34475592e-03
   3.57470345e+02  -2.69458396e-04
   3.57470833e+02   1.07595185e-03
   3.57471321e+02   1.72547612e-03
   3.57471810e+02   2.49316893e-03
   3.57472298e+02   3.58580350e-04
   3.57472786e+02  -1.78360101e-03
   3.57473275e+02  -1.69157621e-03
   3.57473763e+02  -1.25646871e-03
   3.57474251e+02  -6.26371824e-04
   3.57474739e+02   6.97200885e-05
   3.57475228e+02   6.19312050e-04
   3.57475716e+02   6.68922090e-04
   3.57476204e+02   9.45960637e-04
   3.57476693e+02   1.72056397e-03
   3.57477181e+02   1.72379438e-03
   3.57477669e+02   1.22802274e-03
   3.57478158e+02   1.13034877e-03
   3.57478646e+02   4.83091047e-04
   3.57479134e+02   1.68623345e-04
   3.57479623e+02  -6.10983872e-04
   3.57480111e+02  -2.43415916e-03
   3.57480599e+02  -3.34796449e-03
   3.57481087e+02  -3.42363282e-03
   3.57481576e+02  -3.29508283e-03
   3.57482064e+02  -3.70208314e-03
   3.57482552e+02  -3.64046660e-03
   3.57483041e+02  -2.90208287e-03
   3.57483529e+02  -1.62182364e-03
   3.57484017e+02  -8.56878818e-04
   3.57484506e+02  -2.52569863e-03
   3.57484994e+02  -3.70533322e-03
   3.57485482e+02  -3.13029997e-03
   3.57485971e+02  -3.35145066e-03
   3.57486459e+02  -2.67968117e-03
   3.57486947e+02  -1.21179398e-03
   3.57487436e+02   1.28135807e-03
   3.57487924e+02   2.17070477e-03
   3.57488412e+02   3.48387752e-03
   3.57488900e+02   3.40667297e-03
   3.57489389e+02   2.32323742e-04
   3.57489877e+02  -1.78747880e-03
   3.57490365e+02  -3.93036800e-03
   3.57490854e+02  -5.88863436e-03
   3.57491342e+02  -4.57752077e-03
   3.57491830e+02  -1.74417312e-03
   3.57492319e+02  -8.65526730e-04
   3.57492807e+02  -9.32835217e-04
   3.57493295e+02  -7.91139144e-04
   3.57493784e+02  -2.27027014e-03
   3.57494272e+02  -2.73509533e-03
   3.57494760e+02   1.47977087e-04
   3.57495248e+02   3.21921846e-03
   3.57495737e+02   3.23986355e-03
   3.57496225e+02   1.34842959e-03
   3.57496713e+02   1.42848774e-04
   3.57497202e+02  -6.62050559e-04
   3.57497690e+02  -1.53389556e-04
   3.57498178e+02   1.34911656e-03
   3.57498667e+02  -2.73068406e-04
   3.57499155e+02  -3.34254326e-03
   3.57499643e+02  -2.22944887e-03
   3.57500132e+02   6.34533470e-04
   3.57500620e+02  -6.66372303e-04
   3.57501108e+02  -2.72726524e-03
   3.57501596e+02  -1.06050575e-03
   3.57502085e+02   2.18934682e-03
   3.57502573e+02   2.90348521e-03
   3.57503061e+02   1.72041554e-03
   3.57503550e+02   5.27443655e-04
   3.57504038e+02  -1.31677254e-03
   3.57504526e+02  -3.23090050e-03
   3.57505015e+02  -2.84525636e-03
   3.57505503e+02  -9.19796003e-04
   3.57505991e+02  -6.29482733e-04
   3.57506480e+02  -1.98153476e-03
   3.57506968e+02  -2.74945609e-03
   3.57507456e+02  -2.78968806e-03
   3.57507944e+02  -2.00878503e-03
   3.57508433e+02  -1.22636685e-03
   3.57508921e+02  -9.96075803e-04
   3.57509409e+02  -6.46354980e-04
   3.57509898e+02   2.20082467e-04
   3.57510386e+02   2.11993861e-03
   3.57510874e+02   3.37446202e-03
   3.57511363e+02   3.33911995e-03
   3.57511851e+02   2.41967989e-03
   3.57512339e+02  -2.24549876e-04
   3.57512828e+02  -2.31239293e-03
   3.57513316e+02  -2.74546933e-03
   3.57513804e+02  -2.09554657e-03
   3.57514292e+02  -1.53311249e-03
   3.57514781e+02  -4.24995233e-05
   3.57515269e+02   3.02690407e-03
   3.57515757e+02   3.73304868e-03
   3.57516246e+02   2.83098058e-03
   3.57516734e+02   8.37219413e-04
   3.57517222e+02  -3.16658569e-03
   3.57517711e+02  -3.60362465e-03
   3.57518199e+02   4.06008301e-04
   3.57518687e+02   2.39562895e-03
   3.57519176e+02   6.82857411e-04
   3.57519664e+02  -1.53589831e-03
   3.57520152e+02  -1.95895066e-03
   3.57520640e+02  -1.62347418e-03
   3.57521129e+02  -4.32281086e-04
   3.57521617e+02   1.56872638e-03
   3.57522105e+02   3.25591839e-03
   3.57522594e+02   3.14320088e-03
   3.57523082e+02   9.29048983e-04
   3.57523570e+02   8.29871511e-04
   3.57524059e+02   1.61760114e-03
   3.57524547e+02  -1.11660536e-03
   3.57525035e+02  -2.22169654e-03
   3.57525524e+02   2.90073920e-04
   3.57526012e+02   3.14123789e-03
   3.57526500e+02   3.63555178e-03
   3.57526989e+02   1.79570197e-04
   3.57527477e+02  -2.62178504e-03
   3.57527965e+02  -1.45488151e-03
   3.57528453e+02  -1.23154110e-04
   3.57528942e+02  -3.76340293e-04
   3.57529430e+02  -1.63834926e-03
   3.57529918e+02  -3.23182927e-03
   3.57530407e+02  -3.33176879e-03
   3.57530895e+02  -2.76710768e-03
   3.57531383e+02  -2.64473399e-03
   3.57531872e+02  -1.35909521e-03
   3.57532360e+02   2.78505933e-04
   3.57532848e+02  -4.20783210e-04
   3.57533337e+02  -2.19543325e-03
   3.57533825e+02  -2.06822227e-03
   3.57534313e+02  -6.73642324e-04
   3.57534801e+02   1.66769174e-03
   3.57535290e+02   3.34390276e-03
   3.57535778e+02   2.73119030e-03
   3.57536266e+02   1.14053115e-03
   3.57536755e+02  -8.81408225e-04
   3.57537243e+02  -2.20153108e-03
   3.57537731e+02  -3.36071127e-03
   3.57538220e+02  -5.12459083e-03
   3.57538708e+02  -5.21959690e-03
   3.57539196e+02  -3.23714898e-03
   3.57539685e+02  -3.25528090e-03
   3.57540173e+02  -3.03806434e-03
   3.57540661e+02   2.21818686e-04
   3.57541149e+02   2.26930669e-03
   3.57541638e+02   1.25020451e-03
   3.57542126e+02   2.13457664e-04
   3.57542614e+02  -4.86238190e-04
   3.57543103e+02  -4.55450296e-04
   3.57543591e+02   4.58482566e-04
   3.57544079e+02   1.10704789e-03
   3.57544568e+02   1.48384052e-03
   3.57545056e+02   2.84187176e-04
   3.57545544e+02  -1.22745684e-03
   3.57546033e+02  -1.42158323e-03
   3.57546521e+02  -2.08163960e-03
   3.57547009e+02  -1.61915587e-03
   3.57547497e+02  -8.75117490e-04
   3.57547986e+02  -3.67205101e-03
   3.57548474e+02  -3.70001001e-03
   3.57548962e+02   5.00294671e-04
   3.57549451e+02   1.52264885e-03
   3.57549939e+02   4.45836253e-04
   3.57550427e+02   8.37040541e-04
   3.57550916e+02   2.58299336e-03
   3.57551404e+02   3.50831472e-03
   3.57551892e+02   2.09921435e-03
   3.57552381e+02  -3.87436070e-04
   3.57552869e+02  -1.04892685e-03
   3.57553357e+02  -2.12371946e-04
   3.57553845e+02   1.42172980e-03
   3.57554334e+02   3.07607092e-03
   3.57554822e+02   3.02122370e-03
   3.57555310e+02   2.72783707e-03
   3.57555799e+02   1.42517776e-04
   3.57556287e+02  -2.55971146e-03
   3.57556775e+02   3.58261095e-05
   3.57557264e+02   2.71624769e-03
   3.57557752e+02   3.54532222e-03
   3.57558240e+02   2.77170213e-03
   3.57558729e+02   1.12781604e-03
   3.57559217e+02  -5.95195917e-04
   3.57559705e+02  -3.23531521e-03
   3.57560193e+02  -5.37925260e-03
   3.57560682e+02  -3.77686974e-03
   3.57561170e+02   4.97506953e-05
   3.57561658e+02   9.26854322e-04
   3.57562147e+02  -3.07896337e-03
   3.57562635e+02  -5.58493100e-03
   3.57563123e+02  -3.17670498e-03
   3.57563612e+02  -2.24195956e-03
   3.57564100e+02  -3.82801122e-03
   3.57564588e+02  -2.15974892e-03
   3.57565077e+02   1.06224732e-03
   3.57565565e+02   1.25473493e-03
   3.57566053e+02   7.25021877e-04
   3.57566542e+02   4.91019571e-04
   3.57567030e+02  -1.71026657e-03
   3.57567518e+02  -2.88804295e-03
   3.57568006e+02   5.88561175e-04
   3.57568495e+02   3.48125072e-03
   3.57568983e+02   5.40972163e-04
   3.57569471e+02  -2.21057422e-03
   3.57569960e+02  -3.42457788e-04
   3.57570448e+02   7.07691128e-04
   3.57570936e+02   5.29990066e-04
   3.57571425e+02   1.48149463e-03
   3.57571913e+02   1.56607269e-03
   3.57572401e+02   4.04427352e-04
   3.57572890e+02  -1.02659699e-03
   3.57573378e+02  -1.68172666e-03
   3.57573866e+02  -2.20181234e-03
   3.57574354e+02  -1.75249297e-03
   3.57574843e+02  -3.37963342e-04
   3.57575331e+02   5.92877506e-04
   3.57575819e+02   6.98042684e-04
   3.57576308e+02  -8.49705481e-04
   3.57576796e+02  -1.64465490e-03
   3.57577284e+02  -2.86185183e-03
   3.57577773e+02  -5.37316315e-03
   3.57578261e+02  -5.73689304e-03
   3.57578749e+02  -5.09653008e-03
   3.57579238e+02  -4.66133980e-03
   3.57579726e+02  -4.47183615e-03
   3.57580214e+02  -5.38786734e-03
   3.57580702e+02  -5.03234565e-03
   3.57581191e+02  -2.83607747e-03
   3.57581679e+02  -6.96830917e-04
   3.57582167e+02   3.68814217e-05
   3.57582656e+02   2.64377129e-04
   3.57583144e+02   1.51569163e-03
   3.57583632e+02   2.50393199e-03
   3.57584121e+02   1.62769028e-03
   3.57584609e+02  -2.29029753e-03
   3.57585097e+02  -4.98935906e-03
   3.57585586e+02  -2.31306674e-03
   3.57586074e+02   1.59761810e-03
   3.57586562e+02   2.16258410e-03
   3.57587050e+02   1.58165337e-03
   3.57587539e+02   2.51362170e-03
   3.57588027e+02   2.45966390e-03
   3.57588515e+02   1.90778504e-04
   3.57589004e+02  -8.97191232e-04
   3.57589492e+02  -9.02387255e-04
   3.57589980e+02  -3.97469354e-04
   3.57590469e+02  -4.47555794e-06
   3.57590957e+02  -1.49964134e-03
   3.57591445e+02  -2.56426446e-03
   3.57591934e+02  -1.60330965e-03
   3.57592422e+02  -6.27889676e-05
   3.57592910e+02  -7.87645520e-04
   3.57593398e+02  -1.54473667e-03
   3.57593887e+02  -5.33925020e-04
   3.57594375e+02   8.99702485e-04
   3.57594863e+02   1.98564935e-03
   3.57595352e+02   3.92347545e-04
   3.57595840e+02  -4.46688989e-03
   3.57596328e+02  -4.72594239e-03
   3.57596817e+02  -2.48640892e-04
   3.57597305e+02  -5.70438977e-04
   3.57597793e+02  -2.43566255e-03
   3.57598282e+02   8.80140069e-05
   3.57598770e+02   1.51197857e-03
   3.57599258e+02  -1.00546575e-03
   3.57599746e+02  -3.66913062e-03
   3.57600235e+02  -2.37812870e-03
   3.57600723e+02  -1.44725631e-03
   3.57601211e+02  -2.67919688e-03
   3.57601700e+02  -1.11000752e-03
   3.57602188e+02   5.95484511e-04
   3.57602676e+02   1.32003915e-03
   3.57603165e+02   2.00301246e-03
   3.57603653e+02  -1.27080549e-03
   3.57604141e+02  -2.98697432e-03
   3.57604630e+02  -1.04894757e-03
   3.57605118e+02   1.08851597e-03
   3.57605606e+02   2.67254934e-03
   3.57606095e+02   4.06331522e-03
   3.57606583e+02   5.46539249e-03
   3.57607071e+02   5.32997819e-03
   3.57607559e+02   2.65508913e-03
   3.57608048e+02   5.52537502e-04
   3.57608536e+02   1.14496623e-04
   3.57609024e+02  -1.31371853e-04
   3.57609513e+02  -3.43425456e-03
   3.57610001e+02  -7.17897015e-03
   3.57610489e+02  -7.42249098e-03
   3.57610978e+02  -6.10505603e-03
   3.57611466e+02  -5.15303900e-03
   3.57611954e+02  -1.85455882e-03
   3.57612443e+02  -3.49216833e-04
   3.57612931e+02  -3.51480953e-03
   3.57613419e+02  -4.03850991e-03
   3.57613907e+02  -1.35850115e-03
   3.57614396e+02   4.91157298e-05
   3.57614884e+02  -1.07765718e-05
   3.57615372e+02  -3.65069456e-04
   3.57615861e+02   1.00639556e-03
   3.57616349e+02   2.24215188e-03
   3.57616837e+02  -4.65676334e-04
   3.57617326e+02  -1.58091972e-03
   3.57617814e+02   1.89681526e-03
   3.57618302e+02   3.94957699e-03
   3.57618791e+02   2.26976397e-03
   3.57619279e+02  -1.73926353e-03
   3.57619767e+02  -3.50933080e-03
   3.57620255e+02  -1.47685618e-03
   3.57620744e+02   1.16500084e-03
   3.57621232e+02   2.47339578e-03
   3.57621720e+02   3.51964822e-03
   3.57622209e+02   3.91352270e-03
   3.57622697e+02   3.69107979e-03
   3.57623185e+02   1.99790671e-03
   3.57623674e+02  -2.47965683e-03
   3.57624162e+02  -4.32021311e-03
   3.57624650e+02  -1.53985119e-03
   3.57625139e+02   9.81599791e-04
   3.57625627e+02   1.00093824e-03
   3.57626115e+02  -1.04819564e-03
   3.57626603e+02  -1.10170944e-03
   3.57627092e+02   6.39576640e-04
   3.57627580e+02   2.89093726e-03
   3.57628068e+02   5.00021782e-03
   3.57628557e+02   4.95484099e-03
   3.57629045e+02   2.76122265e-03
   3.57629533e+02   8.20511341e-05
   3.57630022e+02  -4.25467268e-04
   3.57630510e+02  -1.94664157e-04
   3.57630998e+02  -1.03743933e-03
   3.57631487e+02  -3.06472066e-03
   3.57631975e+02  -7.57328607e-03
   3.57632463e+02  -7.30267121e-03
   3.57632951e+02  -1.83278089e-03
   3.57633440e+02  -3.18714464e-03
   3.57633928e+02  -4.55817953e-03
   3.57634416e+02  -3.14205856e-04
   3.57634905e+02   4.60742769e-04
   3.57635393e+02  -1.36238558e-03
   3.57635881e+02  -2.05400400e-03
   3.57636370e+02  -8.72287608e-04
   3.57636858e+02   1.01850228e-03
   3.57637346e+02  -1.53626618e-03
   3.57637835e+02  -3.93226417e-03
   3.57638323e+02   3.98237520e-04
   3.57638811e+02   5.54861967e-03
   3.57639299e+02   4.83856257e-03
   3.57639788e+02   1.84022507e-03
   3.57640276e+02   9.81783145e-04
   3.57640764e+02  -5.99607651e-04
   3.57641253e+02  -1.61733245e-03
   3.57641741e+02   8.80150008e-04
   3.57642229e+02   5.80212707e-03
   3.57642718e+02   9.78987757e-03
   3.57643206e+02   7.05590192e-03
   3.57643694e+02   2.98981176e-05
   3.57644183e+02  -3.77887045e-03
   3.57644671e+02  -3.96781322e-03
   3.57645159e+02  -4.01622336e-03
   3.57645648e+02  -2.76947184e-03
   3.57646136e+02   8.88937211e-04
   3.57646624e+02   5.67892892e-03
   3.57647112e+02   7.59414118e-03
   3.57647601e+02   2.15561525e-03
   3.57648089e+02  -3.39528639e-03
   3.57648577e+02  -3.02565447e-03
   3.57649066e+02  -4.36229492e-03
   3.57649554e+02  -1.95782725e-03
   3.57650042e+02   5.89783723e-03
   3.57650531e+02   5.53395413e-03
   3.57651019e+02  -2.30436912e-03
   3.57651507e+02  -5.37322462e-03
   3.57651996e+02  -1.30145252e-03
   3.57652484e+02   3.16501106e-03
   3.57652972e+02   5.47238113e-03
   3.57653460e+02   2.22656853e-03
   3.57653949e+02  -3.11150611e-03
   3.57654437e+02  -3.75752943e-03
   3.57654925e+02  -5.40087279e-03
   3.57655414e+02  -6.32851105e-03
   3.57655902e+02  -3.46819824e-03
   3.57656390e+02  -4.10431152e-04
   3.57656879e+02  -1.73383101e-03
   3.57657367e+02  -5.86083485e-03
   3.57657855e+02  -3.19503574e-03
   3.57658344e+02   2.50646356e-03
   3.57658832e+02   3.81851755e-03
   3.57659320e+02   2.77805282e-03
   3.57659808e+02  -7.04121892e-04
   3.57660297e+02  -2.51235114e-03
   3.57660785e+02   4.94094624e-04
   3.57661273e+02   3.02873901e-03
   3.57661762e+02  -8.35688610e-04
   3.57662250e+02   8.49210250e-04
   3.57662738e+02   3.41680855e-03
   3.57663227e+02   5.25122182e-03
   3.57663715e+02   4.78340033e-03
   3.57664203e+02   3.21064098e-03
   3.57664692e+02   2.82344432e-03
   3.57665180e+02   3.21769970e-03
   3.57665668e+02   2.08520354e-03
   3.57666156e+02   2.79541966e-03
   3.57666645e+02   5.29905595e-03
   3.57667133e+02   5.35761379e-03
   3.57667621e+02   3.25728068e-03
   3.57668110e+02   1.65349676e-03
   3.57668598e+02   1.48158032e-03
   3.57669086e+02   1.58379134e-03
   3.57669575e+02   7.31993758e-04
   3.57670063e+02  -1.66978294e-04
   3.57670551e+02   4.07266227e-04
   3.57671040e+02   1.55177072e-03
   3.57671528e+02   6.24914770e-04
   3.57672016e+02   1.09276024e-03
   3.57672504e+02   2.73513352e-03
   3.57672993e+02   3.11067398e-03
   3.57673481e+02   4.78264783e-03
   3.57673969e+02   4.12489288e-03
   3.57674458e+02   2.58344971e-03
   3.57674946e+02   5.84117479e-05
   3.57675434e+02  -2.58116913e-03
   3.57675923e+02  -1.02175178e-03
   3.57676411e+02  -4.45740327e-04
   3.57676899e+02  -5.79852029e-04
   3.57677388e+02   1.69819256e-03
   3.57677876e+02   2.24077562e-03
   3.57678364e+02   1.39355921e-04
   3.57678852e+02  -3.95862357e-04
   3.57679341e+02  -6.58289937e-04
   3.57679829e+02   2.83301506e-05
   3.57680317e+02   2.26582657e-03
   3.57680806e+02   1.40151638e-03
   3.57681294e+02  -3.27709749e-05
   3.57681782e+02  -1.25410617e-03
   3.57682271e+02  -1.18017173e-03
   3.57682759e+02   1.05332478e-03
   3.57683247e+02   2.27629021e-03
   3.57683736e+02   2.66854675e-03
   3.57684224e+02   2.35167472e-03
   3.57684712e+02   1.04287348e-03
   3.57685200e+02   1.29696273e-04
   3.57685689e+02   1.14214979e-03
   3.57686177e+02   3.38956318e-03
   3.57686665e+02   4.60491516e-03
   3.57687154e+02   3.23445769e-03
   3.57687642e+02   1.41988089e-03
   3.57688130e+02   1.22592738e-03
   3.57688619e+02   1.90668844e-03
   3.57689107e+02   3.02450825e-03
   3.57689595e+02   2.21336982e-03
   3.57690084e+02   2.60711939e-04
   3.57690572e+02   2.69472745e-04
   3.57691060e+02   1.62269478e-03
   3.57691549e+02   1.77115714e-03
   3.57692037e+02   2.33465216e-05
   3.57692525e+02  -3.41078267e-05
   3.57693013e+02   2.45101308e-03
   3.57693502e+02   3.91447823e-03
   3.57693990e+02   2.40635313e-03
   3.57694478e+02   1.04867075e-04
   3.57694967e+02   7.62037598e-05
   3.57695455e+02   1.21752650e-03
   3.57695943e+02   1.18925388e-03
   3.57696432e+02   1.09332928e-03
   3.57696920e+02   1.22505438e-03
   3.57697408e+02   1.06160820e-03
   3.57697897e+02   7.46569363e-04
   3.57698385e+02   1.30811310e-03
   3.57698873e+02   3.70746036e-03
   3.57699361e+02   4.96652490e-03
   3.57699850e+02   3.19128670e-03
   3.57700338e+02   2.18344992e-03
   3.57700826e+02   3.54652340e-03
   3.57701315e+02   2.81544286e-03
   3.57701803e+02  -1.23506249e-03
   3.57702291e+02  -3.57394549e-03
   3.57702780e+02  -2.68464116e-03
   3.57703268e+02  -5.39088272e-04
   3.57703756e+02   2.38889502e-03
   3.57704245e+02   3.55377002e-03
   3.57704733e+02   1.20415550e-03
   3.57705221e+02  -1.05769280e-03
   3.57705709e+02  -4.36155795e-04
   3.57706198e+02   1.64477201e-03
   3.57706686e+02   1.42068102e-03
   3.57707174e+02   6.99100492e-04
   3.57707663e+02   5.50142431e-04
   3.57708151e+02  -7.65631616e-04
   3.57708639e+02   5.29368263e-05
   3.57709128e+02   2.95870216e-03
   3.57709616e+02   2.44803494e-03
   3.57710104e+02   5.83282730e-04
   3.57710593e+02   1.10268593e-03
   3.57711081e+02   9.68519656e-04
   3.57711569e+02  -1.44862104e-03
   3.57712057e+02  -1.41094695e-03
   3.57712546e+02   1.41977984e-03
   3.57713034e+02   2.49871355e-03
   3.57713522e+02   1.18290039e-03
   3.57714011e+02  -5.96158963e-04
   3.57714499e+02  -2.15118314e-04
   3.57714987e+02   3.90990777e-03
   3.57715476e+02   4.64463560e-03
   3.57715964e+02  -1.17374246e-03
   3.57716452e+02  -5.45771606e-03
   3.57716941e+02  -4.60576965e-03
   3.57717429e+02  -2.89001735e-03
   3.57717917e+02  -4.28705802e-03
   3.57718405e+02  -6.01845281e-03
   3.57718894e+02  -2.60256673e-03
   3.57719382e+02   1.10305438e-03
   3.57719870e+02   1.08221418e-03
   3.57720359e+02  -4.13913094e-03
   3.57720847e+02  -4.89093829e-03
   3.57721335e+02  -3.57848383e-03
   3.57721824e+02  -4.30283602e-03
   3.57722312e+02  -4.76444513e-03
   3.57722800e+02  -3.86243593e-03
   3.57723289e+02  -2.16572848e-03
   3.57723777e+02  -9.00122250e-05
   3.57724265e+02   8.09561752e-04
   3.57724753e+02   7.86750403e-04
   3.57725242e+02  -3.26150912e-04
   3.57725730e+02  -1.86866487e-03
   3.57726218e+02  -3.59786628e-03
   3.57726707e+02  -3.42057063e-03
   3.57727195e+02  -1.21285231e-03
   3.57727683e+02   6.48528454e-04
   3.57728172e+02   1.31941008e-04
   3.57728660e+02   3.37098521e-04
   3.57729148e+02   1.88477116e-03
   3.57729637e+02   2.16788496e-03
   3.57730125e+02   1.48136402e-03
   3.57730613e+02   2.67712137e-04
   3.57731102e+02  -2.26807577e-04
   3.57731590e+02  -9.99204931e-04
   3.57732078e+02  -2.26866710e-03
   3.57732566e+02  -1.35535386e-03
   3.57733055e+02  -1.22689724e-03
   3.57733543e+02  -3.17155826e-03
   3.57734031e+02  -3.62360012e-03
   3.57734520e+02  -2.09778198e-03
   3.57735008e+02   2.51695077e-04
   3.57735496e+02   2.41314061e-03
   3.57735985e+02   1.67975354e-03
   3.57736473e+02  -4.95414890e-04
   3.57736961e+02  -8.23724549e-04
   3.57737450e+02  -3.44682368e-04
   3.57737938e+02  -4.41916345e-04
   3.57738426e+02  -5.66733012e-04
   3.57738914e+02   5.95193938e-04
   3.57739403e+02   1.46380300e-03
   3.57739891e+02   6.09701325e-04
   3.57740379e+02   1.63271779e-05
   3.57740868e+02   7.31099572e-04
   3.57741356e+02   1.52851641e-03
   3.57741844e+02   1.29645586e-03
   3.57742333e+02  -1.37884868e-03
   3.57742821e+02  -2.66548293e-03
   3.57743309e+02  -4.66207508e-04
   3.57743798e+02   1.99359749e-03
   3.57744286e+02   2.66917690e-04
   3.57744774e+02  -7.36695190e-04
   3.57745262e+02   2.12099869e-03
   3.57745751e+02   3.80905019e-03
   3.57746239e+02   3.02062952e-03
   3.57746727e+02   2.85225455e-03
   3.57747216e+02   2.57553626e-03
   3.57747704e+02   2.81588663e-03
   3.57748192e+02   3.96249210e-03
   3.57748681e+02   5.65007888e-03
   3.57749169e+02   6.94349594e-03
   3.57749657e+02   2.68532103e-03
   3.57750146e+02  -2.81545310e-03
   3.57750634e+02  -2.71889591e-03
   3.57751122e+02  -5.28199656e-04
   3.57751610e+02   1.98513526e-03
   3.57752099e+02   4.93832491e-03
   3.57752587e+02   5.07949106e-03
   3.57753075e+02   9.97609342e-04
   3.57753564e+02  -2.95740948e-03
   3.57754052e+02  -4.60262178e-03
   3.57754540e+02  -4.40905569e-03
   3.57755029e+02  -2.08554114e-03
   3.57755517e+02  -8.47683928e-04
   3.57756005e+02  -2.31270306e-03
   3.57756494e+02  -2.08780775e-03
   3.57756982e+02   9.53980314e-04
   3.57757470e+02   1.03778637e-03
   3.57757958e+02  -2.27851630e-03
   3.57758447e+02  -5.03701391e-03
   3.57758935e+02  -4.07140562e-03
   3.57759423e+02  -8.97245365e-04
   3.57759912e+02   3.77943506e-04
   3.57760400e+02  -7.89748097e-04
   3.57760888e+02  -3.59856058e-03
   3.57761377e+02  -2.82572443e-03
   3.57761865e+02   1.14351511e-03
   3.57762353e+02   6.10300223e-04
   3.57762842e+02  -2.04751897e-03
   3.57763330e+02  -8.06730532e-04
   3.57763818e+02   1.11569662e-03
   3.57764306e+02  -8.19974870e-04
   3.57764795e+02  -3.97003582e-03
   3.57765283e+02  -4.31800447e-03
   3.57765771e+02  -8.35145300e-04
   3.57766260e+02   2.93420977e-03
   3.57766748e+02   1.84210157e-03
   3.57767236e+02  -7.65832432e-04
   3.57767725e+02  -2.36322964e-03
   3.57768213e+02  -4.21285629e-03
   3.57768701e+02  -4.89092991e-03
   3.57769190e+02  -2.92282086e-03
   3.57769678e+02  -2.05240166e-03
   3.57770166e+02  -3.14591336e-03
   3.57770655e+02  -3.08533153e-03
   3.57771143e+02  -1.93476793e-03
   3.57771631e+02  -7.25089165e-04
   3.57772119e+02   1.36730331e-03
   3.57772608e+02   3.41161201e-03
   3.57773096e+02   2.92564672e-03
   3.57773584e+02   7.12419045e-04
   3.57774073e+02  -1.00996927e-03
   3.57774561e+02  -1.55774050e-03
   3.57775049e+02  -2.05357582e-03
   3.57775538e+02  -1.86618452e-03
   3.57776026e+02   8.11611942e-04
   3.57776514e+02   1.97842903e-03
   3.57777003e+02   2.48519285e-03
   3.57777491e+02   2.99552805e-03
   3.57777979e+02   2.83560622e-03
   3.57778467e+02   1.63615774e-03
   3.57778956e+02  -2.17646826e-03
   3.57779444e+02  -2.27983785e-03
   3.57779932e+02  -7.60667026e-04
   3.57780421e+02   7.17318107e-05
   3.57780909e+02   1.48312142e-03
   3.57781397e+02   9.23128449e-04
   3.57781886e+02  -6.09241368e-04
   3.57782374e+02   1.06351729e-03
   3.57782862e+02   3.76914977e-03
   3.57783351e+02   3.19787278e-03
   3.57783839e+02   1.02481863e-03
   3.57784327e+02   1.23873586e-03
   3.57784815e+02   1.22673623e-03
   3.57785304e+02  -4.85778612e-04
   3.57785792e+02  -1.27926760e-03
   3.57786280e+02  -1.93054089e-03
   3.57786769e+02  -2.21879547e-03
   3.57787257e+02  -7.92818319e-04
   3.57787745e+02   7.14049558e-04
   3.57788234e+02   8.47624673e-04
   3.57788722e+02   5.79147192e-04
   3.57789210e+02   2.43974896e-03
   3.57789699e+02   5.00061549e-03
   3.57790187e+02   2.54673720e-03
   3.57790675e+02  -8.78393243e-04
   3.57791163e+02  -5.89884468e-04
   3.57791652e+02  -6.04673813e-04
   3.57792140e+02  -1.94038020e-03
   3.57792628e+02  -2.04157480e-03
   3.57793117e+02  -1.39093422e-03
   3.57793605e+02  -1.28747907e-03
   3.57794093e+02  -7.67808233e-04
   3.57794582e+02   3.91971116e-04
   3.57795070e+02   2.67560303e-04
   3.57795558e+02   1.33417416e-04
   3.57796047e+02   1.49328099e-03
   3.57796535e+02   1.22062571e-03
   3.57797023e+02  -1.51463016e-03
   3.57797511e+02  -2.87574320e-03
   3.57798000e+02  -1.75437413e-03
   3.57798488e+02  -4.74723143e-04
   3.57798976e+02   4.87491168e-04
   3.57799465e+02   1.50699960e-03
   3.57799953e+02   2.96630431e-03
   3.57800441e+02   3.89606948e-03
   3.57800930e+02   1.14131824e-03
   3.57801418e+02  -1.16939342e-03
   3.57801906e+02  -1.01234112e-03
   3.57802395e+02  -3.20882187e-03
   3.57802883e+02  -3.00424034e-03
   3.57803371e+02  -3.64240805e-05
   3.57803859e+02   7.88573700e-04
   3.57804348e+02   1.40658498e-03
   3.57804836e+02   9.72259440e-04
   3.57805324e+02   1.55598231e-04
   3.57805813e+02   2.07344373e-03
   3.57806301e+02   3.22813261e-03
   3.57806789e+02   1.79970148e-03
   3.57807278e+02   5.01178089e-04
   3.57807766e+02  -1.38687214e-03
   3.57808254e+02  -2.55128392e-03
   3.57808743e+02  -2.70946953e-03
   3.57809231e+02  -3.74233676e-03
   3.57809719e+02  -2.24197470e-03
   3.57810208e+02  -8.89645191e-04
   3.57810696e+02  -2.25604884e-03
   3.57811184e+02  -2.33671418e-03
   3.57811672e+02  -1.41364022e-03
   3.57812161e+02  -2.17691669e-03
   3.57812649e+02  -2.36193207e-03
   3.57813137e+02   1.71485692e-04
   3.57813626e+02  -1.62539745e-05
   3.57814114e+02  -2.48823036e-03
   3.57814602e+02  -2.45456723e-03
   3.57815091e+02  -6.38706435e-04
   3.57815579e+02  -6.11094118e-04
   3.57816067e+02  -1.47705642e-03
   3.57816556e+02   1.84184173e-04
   3.57817044e+02   2.92833033e-03
   3.57817532e+02   4.09806054e-03
   3.57818020e+02   3.11259436e-03
   3.57818509e+02   4.39150084e-04
   3.57818997e+02   2.83971225e-04
   3.57819485e+02   2.71284045e-03
   3.57819974e+02   2.92586698e-03
   3.57820462e+02   1.86151720e-03
   3.57820950e+02   8.74332967e-04
   3.57821439e+02  -3.17622791e-04
   3.57821927e+02   1.38602618e-05
   3.57822415e+02   2.11535813e-03
   3.57822904e+02   2.31467397e-03
   3.57823392e+02  -6.14080636e-05
   3.57823880e+02  -8.80540581e-04
   3.57824368e+02  -1.04244205e-03
   3.57824857e+02  -1.94826012e-03
   3.57825345e+02   5.75787271e-04
   3.57825833e+02   2.48800311e-03
   3.57826322e+02  -2.64433475e-04
   3.57826810e+02  -1.37470616e-03
   3.57827298e+02  -1.15157769e-03
   3.57827787e+02  -9.11718525e-04
   3.57828275e+02   1.04181436e-05
   3.57828763e+02   4.29097017e-05
   3.57829252e+02  -5.61512483e-04
   3.57829740e+02  -4.58735041e-04
   3.57830228e+02   1.90296909e-03
   3.57830716e+02   2.37790612e-03
   3.57831205e+02   1.08123187e-03
   3.57831693e+02   3.51552479e-03
   3.57832181e+02   4.68705129e-03
   3.57832670e+02   3.12042050e-03
   3.57833158e+02   1.59714906e-03
   3.57833646e+02  -5.50829456e-04
   3.57834135e+02  -1.45522237e-03
   3.57834623e+02   2.61584035e-04
   3.57835111e+02  -2.63422098e-05
   3.57835600e+02   6.82571554e-04
   3.57836088e+02   2.93092057e-03
   3.57836576e+02  -2.76225415e-04
   3.57837064e+02  -5.21875173e-03
   3.57837553e+02  -5.27060078e-03
   3.57838041e+02  -1.56300433e-03
   3.57838529e+02   5.68566320e-04
   3.57839018e+02   3.74111434e-04
   3.57839506e+02   3.97222902e-04
   3.57839994e+02  -8.95915800e-05
   3.57840483e+02   7.15014234e-04
   3.57840971e+02   6.17041311e-04
   3.57841459e+02  -5.96621947e-04
   3.57841948e+02   5.01322029e-05
   3.57842436e+02  -7.37011433e-05
   3.57842924e+02  -1.67633290e-03
   3.57843412e+02  -5.26406977e-04
   3.57843901e+02   2.51025020e-04
   3.57844389e+02  -1.36067078e-03
   3.57844877e+02  -1.58355233e-05
   3.57845366e+02   2.54650996e-03
   3.57845854e+02   1.31269929e-03
   3.57846342e+02  -2.34085671e-03
   3.57846831e+02  -2.86274566e-03
   3.57847319e+02   5.32449689e-04
   3.57847807e+02   2.72925943e-03
   3.57848296e+02   8.51070683e-04
   3.57848784e+02  -3.13632132e-04
   3.57849272e+02   6.31430012e-04
   3.57849761e+02  -9.15320357e-04
   3.57850249e+02  -2.63670692e-03
   3.57850737e+02  -1.65816909e-03
   3.57851225e+02  -1.38034011e-05
   3.57851714e+02   1.95733737e-03
   3.57852202e+02   3.12753860e-03
   3.57852690e+02   2.99896975e-03
   3.57853179e+02   4.34671901e-03
   3.57853667e+02   4.98039881e-03
   3.57854155e+02   2.52837851e-03
   3.57854644e+02   1.53926958e-03
   3.57855132e+02  -1.34218473e-03
   3.57855620e+02  -5.54919383e-03
   3.57856109e+02  -3.83974402e-03
   3.57856597e+02  -3.07380455e-04
   3.57857085e+02  -9.41670965e-04
   3.57857573e+02  -2.00069882e-03
   3.57858062e+02  -2.31616339e-03
   3.57858550e+02  -2.55947746e-03
   3.57859038e+02  -1.10849761e-03
   3.57859527e+02   1.79795010e-04
   3.57860015e+02  -6.03492546e-04
   3.57860503e+02  -2.79135769e-03
   3.57860992e+02  -4.30305861e-03
   3.57861480e+02  -2.02077534e-03
   3.57861968e+02   2.19036918e-03
   3.57862457e+02   4.03941050e-03
   3.57862945e+02   2.09614565e-03
   3.57863433e+02  -3.17704718e-04
   3.57863921e+02   3.67561675e-04
   3.57864410e+02   1.53088302e-03
   3.57864898e+02  -2.41455811e-04
   3.57865386e+02  -3.45851621e-03
   3.57865875e+02  -4.32700338e-03
   3.57866363e+02  -4.15735273e-03
   3.57866851e+02  -3.33914463e-03
   3.57867340e+02  -2.13539126e-04
   3.57867828e+02   2.33154540e-04
   3.57868316e+02  -2.89737387e-03
   3.57868805e+02  -2.55408278e-03
   3.57869293e+02   7.04218110e-04
   3.57869781e+02   2.20901263e-03
   3.57870269e+02   3.11776693e-03
   3.57870758e+02   2.40448513e-03
   3.57871246e+02  -3.10217350e-04
   3.57871734e+02   2.59364489e-04
   3.57872223e+02   3.02022300e-03
   3.57872711e+02   4.17331932e-03
   3.57873199e+02   4.35130158e-03
   3.57873688e+02   2.61724368e-03
   3.57874176e+02   2.72222888e-03
   3.57874664e+02   3.90728284e-03
   3.57875153e+02   1.46282313e-03
   3.57875641e+02   2.33753957e-03
   3.57876129e+02   4.58940212e-03
   3.57876617e+02   1.95676647e-03
   3.57877106e+02   8.19773355e-04
   3.57877594e+02   4.07113880e-03
   3.57878082e+02   5.15722297e-03
   3.57878571e+02   2.10429193e-03
   3.57879059e+02  -6.84586063e-04
   3.57879547e+02  -1.87218061e-03
   3.57880036e+02  -2.61827535e-03
   3.57880524e+02  -1.59307232e-03
   3.57881012e+02   8.36227555e-04
   3.57881501e+02   1.03531021e-03
   3.57881989e+02  -8.56662518e-05
   3.57882477e+02   5.98471612e-04
   3.57882965e+02   3.26115848e-03
   3.57883454e+02   5.64633030e-03
   3.57883942e+02   5.27068414e-03
   3.57884430e+02   3.57854785e-03
   3.57884919e+02   4.65315161e-03
   3.57885407e+02   4.35693003e-03
   3.57885895e+02   1.80267682e-03
   3.57886384e+02  -1.26938324e-03
   3.57886872e+02  -3.72734037e-03
   3.57887360e+02  -3.15458048e-03
   3.57887849e+02  -3.16041987e-03
   3.57888337e+02  -4.68224287e-03
   3.57888825e+02  -3.19939712e-03
   3.57889314e+02  -1.24575500e-03
   3.57889802e+02  -2.50000134e-03
   3.57890290e+02  -2.19951291e-03
   3.57890778e+02   1.55543699e-03
   3.57891267e+02   5.26005356e-03
   3.57891755e+02   5.84264658e-03
   3.57892243e+02   3.26134358e-03
   3.57892732e+02   1.70483324e-03
   3.57893220e+02   3.44261224e-03
   3.57893708e+02   5.46304230e-03
   3.57894197e+02   5.33543481e-03
   3.57894685e+02   3.10931215e-03
   3.57895173e+02   1.14909757e-03
   3.57895662e+02   2.52791389e-04
   3.57896150e+02   3.32105730e-04
   3.57896638e+02  -9.46919026e-04
   3.57897126e+02  -1.30365486e-03
   3.57897615e+02  -1.55981793e-03
   3.57898103e+02  -6.88107219e-04
   3.57898591e+02  -2.00685299e-05
   3.57899080e+02  -1.53680763e-03
   3.57899568e+02   3.73458926e-04
   3.57900056e+02   3.32898716e-03
   3.57900545e+02   1.72357354e-03
   3.57901033e+02  -8.77960410e-04
   3.57901521e+02  -2.39519705e-03
   3.57902010e+02  -2.15449394e-03
   3.57902498e+02  -6.62625418e-04
   3.57902986e+02   3.80570418e-04
   3.57903474e+02   3.49975162e-05
   3.57903963e+02  -2.17984058e-03
   3.57904451e+02  -2.96873157e-03
   3.57904939e+02  -1.30578747e-03
   3.57905428e+02  -1.49660232e-03
   3.57905916e+02  -3.48105119e-03
   3.57906404e+02  -1.38664327e-03
   3.57906893e+02   2.28803745e-03
   3.57907381e+02   1.89755112e-03
   3.57907869e+02  -3.33302480e-04
   3.57908358e+02  -1.21663162e-03
   3.57908846e+02   8.20343732e-04
   3.57909334e+02   2.83802184e-03
   3.57909822e+02   3.16842669e-03
   3.57910311e+02   3.62404902e-03
   3.57910799e+02   2.13403977e-03
   3.57911287e+02  -7.44207005e-04
   3.57911776e+02  -1.58354978e-03
   3.57912264e+02  -2.41099228e-03
   3.57912752e+02  -2.63707153e-03
   3.57913241e+02   5.06528013e-04
   3.57913729e+02   1.21381786e-03
   3.57914217e+02  -5.26891556e-04
   3.57914706e+02  -2.28137127e-04
   3.57915194e+02   4.99201647e-04
   3.57915682e+02   3.41279752e-04
   3.57916170e+02   1.13457767e-03
   3.57916659e+02   2.25403090e-03
   3.57917147e+02   1.55024254e-03
   3.57917635e+02   5.38389082e-04
   3.57918124e+02   2.17894092e-04
   3.57918612e+02  -5.13601815e-04
   3.57919100e+02  -3.61554651e-03
   3.57919589e+02  -4.79764165e-03
   3.57920077e+02  -2.77696759e-03
   3.57920565e+02  -2.84201885e-03
   3.57921054e+02  -3.26802023e-03
   3.57921542e+02  -2.86369282e-03
   3.57922030e+02  -1.38155685e-03
   3.57922518e+02   1.61433907e-03
   3.57923007e+02   2.07003183e-03
   3.57923495e+02   9.17051046e-04
   3.57923983e+02   2.32946448e-04
   3.57924472e+02   1.12337503e-03
   3.57924960e+02   1.97830843e-03
   3.57925448e+02  -9.00580126e-05
   3.57925937e+02  -1.00822028e-04
   3.57926425e+02   7.16739814e-05
   3.57926913e+02  -3.11801862e-03
   3.57927402e+02  -4.17678105e-03
   3.57927890e+02  -1.86738814e-03
   3.57928378e+02  -1.21659075e-03
   3.57928867e+02  -1.77705369e-03
   3.57929355e+02   3.86243453e-04
   3.57929843e+02   2.48669391e-03
   3.57930331e+02   2.38437881e-03
   3.57930820e+02   9.20926104e-04
   3.57931308e+02  -1.20407378e-03
   3.57931796e+02  -1.62155856e-03
   3.57932285e+02  -3.03362816e-04
   3.57932773e+02   2.17107765e-04
   3.57933261e+02  -1.62419700e-03
   3.57933750e+02  -2.15247669e-03
   3.57934238e+02   1.84282835e-03
   3.57934726e+02   2.73137540e-03
   3.57935215e+02   2.32625127e-04
   3.57935703e+02  -1.20933568e-04
   3.57936191e+02  -5.21764101e-04
   3.57936679e+02  -7.32428278e-04
   3.57937168e+02   1.15693447e-05
   3.57937656e+02  -1.54972821e-03
   3.57938144e+02  -2.98029464e-03
   3.57938633e+02  -2.35209311e-03
   3.57939121e+02  -1.37971283e-03
   3.57939609e+02  -7.50724226e-04
   3.57940098e+02  -8.30538862e-04
   3.57940586e+02  -1.23319170e-03
   3.57941074e+02  -8.69845564e-04
   3.57941563e+02   4.65002558e-05
   3.57942051e+02   5.38463413e-04
   3.57942539e+02  -9.45404114e-04
   3.57943027e+02  -2.00822437e-03
   3.57943516e+02  -1.34234701e-03
   3.57944004e+02  -1.31425483e-03
   3.57944492e+02  -1.11483992e-03
   3.57944981e+02   1.28720212e-03
   3.57945469e+02   1.70794141e-03
   3.57945957e+02  -1.15358642e-04
   3.57946446e+02  -9.25419736e-04
   3.57946934e+02  -1.46647496e-03
   3.57947422e+02  -2.27744356e-04
   3.57947911e+02   1.48839399e-03
   3.57948399e+02   1.49269763e-04
   3.57948887e+02  -7.25088699e-04
   3.57949375e+02  -1.58907962e-04
   3.57949864e+02  -6.74033188e-04
   3.57950352e+02  -1.20385725e-03
   3.57950840e+02  -7.26245111e-04
   3.57951329e+02  -1.23295491e-03
   3.57951817e+02  -2.97307945e-03
   3.57952305e+02  -3.21592274e-03
   3.57952794e+02  -4.90995415e-04
   3.57953282e+02   7.99993984e-04
   3.57953770e+02  -1.48005295e-03
   3.57954259e+02  -1.91768084e-03
   3.57954747e+02   1.82773991e-04
   3.57955235e+02  -8.60593456e-04
   3.57955723e+02  -2.47181975e-03
   3.57956212e+02  -1.50755176e-03
   3.57956700e+02  -8.66333721e-04
   3.57957188e+02  -1.91841729e-03
   3.57957677e+02  -2.77752709e-03
   3.57958165e+02  -4.44707141e-04
   3.57958653e+02   1.89901481e-03
   3.57959142e+02  -2.98147649e-03
   3.57959630e+02  -7.46528152e-03
   3.57960118e+02  -3.33015691e-03
   3.57960607e+02   3.06369574e-03
   3.57961095e+02   5.08488296e-03
   3.57961583e+02   3.26809241e-03
   3.57962071e+02   3.28533642e-04
   3.57962560e+02  -4.01960034e-03
   3.57963048e+02  -7.24088727e-03
   3.57963536e+02  -5.85098984e-03
   3.57964025e+02  -1.44280947e-03
   3.57964513e+02   2.01356597e-03
   3.57965001e+02   2.92632356e-03
   3.57965490e+02   2.46209488e-03
   3.57965978e+02   2.12147459e-03
   3.57966466e+02  -4.37215349e-04
   3.57966955e+02  -5.00625093e-03
   3.57967443e+02  -3.81038152e-03
   3.57967931e+02   1.84804527e-03
   3.57968420e+02   2.96275853e-03
   3.57968908e+02   5.22155489e-04
   3.57969396e+02  -1.37060648e-03
   3.57969884e+02  -1.93538028e-03
   3.57970373e+02  -6.78482465e-04
   3.57970861e+02   4.54265508e-04
   3.57971349e+02  -5.91038319e-04
   3.57971838e+02  -6.67622662e-04
   3.57972326e+02  -8.29166151e-04
   3.57972814e+02  -1.32617634e-03
   3.57973303e+02   6.60692342e-04
   3.57973791e+02   1.55785552e-03
   3.57974279e+02   1.47533719e-03
   3.57974768e+02   1.37033535e-03
   3.57975256e+02  -1.89209270e-04
   3.57975744e+02   9.08028684e-04
   3.57976232e+02   3.66950827e-03
   3.57976721e+02   2.14032689e-03
   3.57977209e+02   1.38479890e-03
   3.57977697e+02   5.35300293e-04
   3.57978186e+02  -3.15770181e-03
   3.57978674e+02  -2.14190362e-03
   3.57979162e+02   8.50244367e-04
   3.57979651e+02   3.55223950e-04
   3.57980139e+02  -6.91211535e-05
   3.57980627e+02  -2.98377330e-04
   3.57981116e+02  -5.43097151e-04
   3.57981604e+02   1.73105195e-03
   3.57982092e+02   4.66240104e-03
   3.57982580e+02   4.21550032e-03
   3.57983069e+02   2.23744125e-03
   3.57983557e+02  -2.40569934e-04
   3.57984045e+02  -1.52118364e-03
   3.57984534e+02   8.12822313e-04
   3.57985022e+02   2.08722800e-03
   3.57985510e+02   1.01430505e-03
   3.57985999e+02  -1.63776887e-04
   3.57986487e+02  -1.22102560e-03
   3.57986975e+02   1.34481955e-03
   3.57987464e+02   5.70916524e-03
   3.57987952e+02   4.81094886e-03
   3.57988440e+02  -2.47686054e-04
   3.57988928e+02  -1.55565282e-03
   3.57989417e+02   1.58260914e-03
   3.57989905e+02   2.09972798e-03
   3.57990393e+02   7.62992073e-04
   3.57990882e+02   2.17132317e-03
   3.57991370e+02   2.87341955e-03
   3.57991858e+02   1.40860362e-03
   3.57992347e+02   7.22534605e-04
   3.57992835e+02   1.41594955e-03
   3.57993323e+02   2.24046502e-03
   3.57993812e+02   3.57622420e-03
   3.57994300e+02   4.41025291e-03
   3.57994788e+02   3.89561267e-03
   3.57995276e+02   1.77682028e-03
   3.57995765e+02  -1.60806673e-03
   3.57996253e+02  -1.41006534e-03
   3.57996741e+02   1.42922695e-03
   3.57997230e+02   5.32463077e-04
   3.57997718e+02  -1.31235877e-03
   3.57998206e+02  -6.64813095e-04
   3.57998695e+02  -1.94055800e-04
   3.57999183e+02   1.34536624e-03
   3.57999671e+02   4.29277914e-03
   3.58000160e+02   4.20605671e-03
   3.58000648e+02   9.44602769e-04
   3.58001136e+02   2.86503928e-04
   3.58001624e+02   2.11703067e-04
   3.58002113e+02  -1.41531962e-03
   3.58002601e+02  -3.71963950e-04
   3.58003089e+02   3.18600866e-03
   3.58003578e+02   3.48450080e-03
   3.58004066e+02   2.84809340e-03
   3.58004554e+02   2.80652894e-03
   3.58005043e+02   5.99435822e-04
   3.58005531e+02  -4.37234092e-04
   3.58006019e+02   1.86484051e-03
   3.58006508e+02   2.44367379e-03
   3.58006996e+02   1.69919839e-03
   3.58007484e+02   2.59513617e-03
   3.58007973e+02   2.02407013e-03
   3.58008461e+02   3.75645031e-05
   3.58008949e+02   1.23322927e-04
   3.58009437e+02   9.96398740e-04
   3.58009926e+02   1.19311118e-03
   3.58010414e+02   7.10603490e-04
   3.58010902e+02  -6.30949391e-04
   3.58011391e+02  -4.84672433e-04
   3.58011879e+02   1.51233526e-03
   3.58012367e+02   2.58495612e-03
   3.58012856e+02   1.07735279e-03
   3.58013344e+02  -2.10260536e-04
   3.58013832e+02  -9.50614165e-04
   3.58014321e+02  -1.45664182e-03
   3.58014809e+02  -1.89818954e-03
   3.58015297e+02  -2.86310841e-03
   3.58015785e+02  -2.57126638e-03
   3.58016274e+02  -1.57057785e-03
   3.58016762e+02  -1.54025049e-03
   3.58017250e+02   3.28592258e-04
   3.58017739e+02   3.78504209e-03
   3.58018227e+02   3.17745586e-03
   3.58018715e+02   6.37321151e-04
   3.58019204e+02   2.00967537e-04
   3.58019692e+02  -1.33908901e-03
   3.58020180e+02  -3.40121589e-03
   3.58020669e+02  -1.24746491e-03
   3.58021157e+02   1.07889040e-03
   3.58021645e+02   6.21712767e-04
   3.58022133e+02   3.08368850e-04
   3.58022622e+02  -7.59351940e-04
   3.58023110e+02  -9.19855607e-04
   3.58023598e+02   9.30929091e-04
   3.58024087e+02   2.84283655e-03
   3.58024575e+02   1.78947812e-03
   3.58025063e+02  -9.16352845e-04
   3.58025552e+02   1.76189386e-03
   3.58026040e+02   5.09455567e-03
   3.58026528e+02   2.21676216e-03
   3.58027017e+02  -1.50264939e-03
   3.58027505e+02  -1.42529525e-03
   3.58027993e+02   2.45310821e-06
   3.58028481e+02  -2.64155009e-04
   3.58028970e+02  -2.24375259e-03
   3.58029458e+02  -4.50666947e-03
   3.58029946e+02  -5.25367633e-03
   3.58030435e+02  -5.48482267e-03
   3.58030923e+02  -4.05940926e-03
   3.58031411e+02  -2.46310374e-03
   3.58031900e+02  -3.05540371e-03
   3.58032388e+02  -2.23600864e-03
   3.58032876e+02  -5.68392919e-04
   3.58033365e+02   1.22526882e-03
   3.58033853e+02   3.75368749e-03
   3.58034341e+02   2.73900875e-03
   3.58034829e+02  -1.77437047e-04
   3.58035318e+02  -9.55646392e-04
   3.58035806e+02  -1.13149243e-03
   3.58036294e+02  -1.40095211e-03
   3.58036783e+02  -2.20512273e-03
   3.58037271e+02  -2.95490492e-03
   3.58037759e+02  -1.18408143e-03
   3.58038248e+02   6.72237191e-04
   3.58038736e+02   1.48118753e-03
   3.58039224e+02   9.29043046e-04
   3.58039713e+02  -8.60644446e-04
   3.58040201e+02  -2.43207454e-04
   3.58040689e+02   9.21831932e-04
   3.58041177e+02  -8.72526653e-05
   3.58041666e+02   9.38580069e-06
   3.58042154e+02   8.00877984e-04
   3.58042642e+02   5.02255454e-04
   3.58043131e+02  -1.84803328e-03
   3.58043619e+02  -4.97874245e-03
   3.58044107e+02  -3.96341085e-03
   3.58044596e+02  -7.17372226e-04
   3.58045084e+02   2.47650594e-03
   3.58045572e+02   2.70098425e-03
   3.58046061e+02  -1.44158618e-03
   3.58046549e+02  -3.62086133e-03
   3.58047037e+02  -6.77189557e-04
   3.58047526e+02   5.55673614e-04
   3.58048014e+02  -1.90767052e-03
   3.58048502e+02  -3.09988833e-03
   3.58048990e+02  -1.58813281e-03
   3.58049479e+02   8.44567548e-04
   3.58049967e+02  -5.09875768e-04
   3.58050455e+02  -2.12373375e-03
   3.58050944e+02   3.75405041e-04
   3.58051432e+02   2.32967827e-03
   3.58051920e+02   1.04361738e-03
   3.58052409e+02  -1.13095518e-03
   3.58052897e+02  -3.29123787e-03
   3.58053385e+02  -4.56007896e-03
   3.58053874e+02  -2.79734028e-03
   3.58054362e+02   2.30142707e-03
   3.58054850e+02   4.31940611e-03
   3.58055338e+02   1.17285736e-03
   3.58055827e+02  -6.15572208e-04
   3.58056315e+02  -3.81698395e-04
   3.58056803e+02  -8.73226032e-04
   3.58057292e+02  -1.32589031e-03
   3.58057780e+02  -2.89253215e-03
   3.58058268e+02  -3.47184576e-03
   3.58058757e+02  -2.72994675e-03
   3.58059245e+02  -2.97191599e-03
   3.58059733e+02  -2.78788339e-03
   3.58060222e+02  -2.43446743e-03
   3.58060710e+02  -2.37253564e-03
   3.58061198e+02  -2.27985089e-03
   3.58061686e+02  -1.98084116e-03
   3.58062175e+02  -3.07427975e-03
   3.58062663e+02  -2.98248790e-03
   3.58063151e+02   9.75659059e-05
   3.58063640e+02   1.08728744e-03
   3.58064128e+02  -1.95992296e-03
   3.58064616e+02  -4.95361118e-03
   3.58065105e+02  -5.42447343e-03
   3.58065593e+02  -3.43413465e-03
   3.58066081e+02  -1.87957194e-03
   3.58066570e+02  -7.08093750e-04
   3.58067058e+02   2.01080646e-03
   3.58067546e+02   2.17673415e-03
   3.58068034e+02   7.68861151e-04
   3.58068523e+02   1.54900830e-03
   3.58069011e+02   2.30150530e-03
   3.58069499e+02   2.53000297e-03
   3.58069988e+02   2.96753971e-03
   3.58070476e+02   3.12806736e-03
