frequency (GHz), flux (Jy/beam)
   3.56198789e+02   2.55844876e-04
   3.56199277e+02   2.97308259e-04
   3.56199766e+02   1.88105085e-04
   3.56200254e+02   2.15011110e-04
   3.56200742e+02   2.84071168e-04
   3.56201231e+02   6.82860904e-04
   3.56201719e+02   1.13710226e-03
   3.56202207e+02   8.77678394e-04
   3.56202695e+02   3.35599674e-04
   3.56203184e+02   2.34721156e-05
   3.56203672e+02   2.52500267e-05
   3.56204160e+02   1.28451880e-04
   3.56204649e+02   1.28508735e-04
   3.56205137e+02   7.67701131e-05
   3.56205625e+02  -1.57764764e-04
   3.56206114e+02  -4.44114179e-04
   3.56206602e+02  -4.13931266e-04
   3.56207090e+02  -4.71672858e-04
   3.56207579e+02  -5.22485643e-04
   3.56208067e+02  -3.36997909e-04
   3.56208555e+02  -2.56284256e-04
   3.56209044e+02  -2.24578485e-04
   3.56209532e+02  -5.36693260e-04
   3.56210020e+02  -9.63005063e-04
   3.56210508e+02  -7.27296865e-04
   3.56210997e+02  -1.58915689e-04
   3.56211485e+02   3.15412006e-04
   3.56211973e+02   7.49319152e-04
   3.56212462e+02   7.43973826e-04
   3.56212950e+02   3.73864750e-04
   3.56213438e+02   9.68936001e-05
   3.56213927e+02  -4.88642487e-04
   3.56214415e+02  -8.08284211e-04
   3.56214903e+02  -3.22376349e-04
   3.56215392e+02   3.77438919e-05
   3.56215880e+02   1.16740440e-08
   3.56216368e+02   1.81953015e-04
   3.56216856e+02   8.46453942e-04
   3.56217345e+02   7.97596178e-04
   3.56217833e+02  -1.69899809e-04
   3.56218321e+02  -6.28356589e-04
   3.56218810e+02  -4.16275405e-04
   3.56219298e+02  -3.08921182e-04
   3.56219786e+02  -2.96829501e-04
   3.56220275e+02  -1.50632157e-04
   3.56220763e+02  -2.93612920e-05
   3.56221251e+02  -4.36080445e-05
   3.56221740e+02   5.81620952e-05
   3.56222228e+02   2.76879291e-04
   3.56222716e+02   4.09029220e-04
   3.56223204e+02   2.53288192e-04
   3.56223693e+02  -1.52633467e-04
   3.56224181e+02  -2.55456311e-04
   3.56224669e+02  -9.44535495e-05
   3.56225158e+02   1.50208856e-04
   3.56225646e+02   3.68520472e-04
   3.56226134e+02   2.54388986e-04
   3.56226623e+02   5.62171590e-05
   3.56227111e+02   1.33415262e-04
   3.56227599e+02   2.41541085e-04
   3.56228088e+02   1.69889725e-04
   3.56228576e+02   1.09654567e-04
   3.56229064e+02   1.50762804e-04
   3.56229552e+02  -5.03334522e-05
   3.56230041e+02  -3.34300013e-04
   3.56230529e+02  -6.70959416e-04
   3.56231017e+02  -6.72531722e-04
   3.56231506e+02  -6.93421862e-06
   3.56231994e+02   4.54988825e-04
   3.56232482e+02   4.60379582e-04
   3.56232971e+02   8.51841542e-05
   3.56233459e+02  -3.20860709e-04
   3.56233947e+02  -1.34313159e-04
   3.56234436e+02   3.15465208e-04
   3.56234924e+02   5.47372445e-04
   3.56235412e+02   2.21791168e-04
   3.56235900e+02  -3.33813339e-04
   3.56236389e+02  -6.02891028e-04
   3.56236877e+02  -4.56911803e-04
   3.56237365e+02  -1.11799047e-04
   3.56237854e+02   5.34095670e-05
   3.56238342e+02   2.74868344e-05
   3.56238830e+02  -2.05703764e-04
   3.56239319e+02  -2.91386124e-04
   3.56239807e+02  -2.96055732e-05
   3.56240295e+02   2.53743259e-04
   3.56240784e+02   3.90006084e-04
   3.56241272e+02   2.53489183e-04
   3.56241760e+02  -1.36144750e-04
   3.56242248e+02  -3.07507755e-04
   3.56242737e+02   4.63500983e-05
   3.56243225e+02   1.03502316e-04
   3.56243713e+02  -2.71800236e-04
   3.56244202e+02  -3.31807300e-04
   3.56244690e+02  -1.10517205e-04
   3.56245178e+02  -2.01843461e-04
   3.56245667e+02  -3.32474883e-04
   3.56246155e+02  -1.59927105e-04
   3.56246643e+02  -1.42175064e-04
   3.56247132e+02  -3.07977025e-04
   3.56247620e+02  -2.17687717e-04
   3.56248108e+02  -1.10042245e-04
   3.56248597e+02   2.70066766e-06
   3.56249085e+02   7.83998112e-05
   3.56249573e+02  -8.62196248e-05
   3.56250061e+02  -4.09687209e-06
   3.56250550e+02   2.73861097e-05
   3.56251038e+02  -3.35855410e-04
   3.56251526e+02  -6.11788768e-04
   3.56252015e+02  -5.43947506e-04
   3.56252503e+02  -3.23267945e-04
   3.56252991e+02  -1.84631557e-04
   3.56253480e+02  -1.44413076e-04
   3.56253968e+02   9.84030994e-05
   3.56254456e+02   5.15781518e-04
   3.56254945e+02   3.49459064e-04
   3.56255433e+02   1.86964666e-04
   3.56255921e+02   8.16153479e-04
   3.56256409e+02   5.01904578e-04
   3.56256898e+02   6.95492563e-05
   3.56257386e+02   1.64190016e-04
   3.56257874e+02   1.23191159e-04
   3.56258363e+02  -1.67624035e-04
   3.56258851e+02  -4.68965824e-04
   3.56259339e+02  -5.90027426e-04
   3.56259828e+02  -3.28168680e-04
   3.56260316e+02   1.17605698e-04
   3.56260804e+02   2.16777829e-04
   3.56261293e+02   1.99924107e-04
   3.56261781e+02   3.86509026e-04
   3.56262269e+02   3.25900153e-04
   3.56262757e+02  -1.94545300e-05
   3.56263246e+02  -1.90777500e-04
   3.56263734e+02   4.98819718e-05
   3.56264222e+02   5.36041392e-04
   3.56264711e+02   7.02955411e-04
   3.56265199e+02   4.84792516e-04
   3.56265687e+02   3.27137153e-04
   3.56266176e+02   2.32540289e-04
   3.56266664e+02   2.36179098e-04
   3.56267152e+02   2.99128238e-04
   3.56267641e+02   3.12105578e-04
   3.56268129e+02   2.28194840e-04
   3.56268617e+02  -3.76650605e-05
   3.56269105e+02  -1.11041445e-04
   3.56269594e+02   6.47254565e-05
   3.56270082e+02   3.60046746e-04
   3.56270570e+02   4.66986356e-04
   3.56271059e+02   2.55817809e-04
   3.56271547e+02   1.49560728e-04
   3.56272035e+02   1.25254373e-04
   3.56272524e+02  -5.15963067e-04
   3.56273012e+02  -9.14857257e-04
   3.56273500e+02  -5.47675241e-04
   3.56273989e+02  -3.31699644e-04
   3.56274477e+02  -2.65405601e-04
   3.56274965e+02   4.61738600e-05
   3.56275453e+02   5.57847146e-04
   3.56275942e+02   9.03127831e-04
   3.56276430e+02   8.83810106e-04
   3.56276918e+02   5.87897259e-04
   3.56277407e+02   6.43921740e-05
   3.56277895e+02  -3.98711883e-04
   3.56278383e+02  -5.23865165e-04
   3.56278872e+02  -1.90341671e-04
   3.56279360e+02   3.93031269e-06
   3.56279848e+02  -3.79083154e-04
   3.56280337e+02  -4.07102867e-04
   3.56280825e+02   1.18401091e-04
   3.56281313e+02   7.28184357e-04
   3.56281801e+02   9.50329413e-04
   3.56282290e+02   3.90345958e-04
   3.56282778e+02  -8.06332100e-05
   3.56283266e+02  -1.49146465e-04
   3.56283755e+02  -3.82293394e-04
   3.56284243e+02  -6.31465926e-04
   3.56284731e+02  -5.42355527e-04
   3.56285220e+02  -2.58213899e-04
   3.56285708e+02   4.58126997e-05
   3.56286196e+02   1.49554980e-04
   3.56286685e+02   6.11926735e-05
   3.56287173e+02  -1.98411493e-04
   3.56287661e+02  -5.46314521e-04
   3.56288150e+02  -4.47821454e-04
   3.56288638e+02  -1.09461645e-04
   3.56289126e+02  -8.56246697e-05
   3.56289614e+02  -1.33794412e-04
   3.56290103e+02  -1.51668195e-04
   3.56290591e+02  -2.15342647e-04
   3.56291079e+02  -9.66022562e-05
   3.56291568e+02   7.17051807e-05
   3.56292056e+02  -4.88369224e-05
   3.56292544e+02  -1.39910626e-04
   3.56293033e+02  -1.52529654e-04
   3.56293521e+02  -3.73135059e-04
   3.56294009e+02  -5.71498065e-04
   3.56294498e+02  -5.03645511e-04
   3.56294986e+02   1.89425173e-05
   3.56295474e+02   3.21688072e-04
   3.56295962e+02   6.26844412e-05
   3.56296451e+02  -7.76856104e-05
   3.56296939e+02  -1.59110452e-04
   3.56297427e+02  -3.38573445e-04
   3.56297916e+02  -3.62072489e-04
   3.56298404e+02  -2.78851570e-04
   3.56298892e+02  -8.38267733e-05
   3.56299381e+02  -1.27251487e-05
   3.56299869e+02  -2.63328635e-04
   3.56300357e+02  -4.61068965e-04
   3.56300846e+02  -5.64844639e-04
   3.56301334e+02  -6.61017431e-04
   3.56301822e+02  -4.05423547e-04
   3.56302310e+02  -7.60021649e-05
   3.56302799e+02  -3.28181370e-04
   3.56303287e+02  -5.41772868e-04
   3.56303775e+02  -4.17958508e-04
   3.56304264e+02  -2.67309806e-04
   3.56304752e+02  -4.84821030e-05
   3.56305240e+02  -1.77034108e-05
   3.56305729e+02  -9.74052018e-05
   3.56306217e+02   6.90589104e-06
   3.56306705e+02   1.98169058e-04
   3.56307194e+02   1.81758296e-04
   3.56307682e+02   7.74080836e-05
   3.56308170e+02  -2.28036674e-06
   3.56308658e+02   1.26392566e-04
   3.56309147e+02   2.85264396e-04
   3.56309635e+02   8.01836177e-06
   3.56310123e+02  -5.69986994e-04
   3.56310612e+02  -9.21770814e-04
   3.56311100e+02  -5.69744501e-04
   3.56311588e+02  -8.11378341e-05
   3.56312077e+02  -7.62235650e-05
   3.56312565e+02  -1.67998151e-04
   3.56313053e+02  -1.05461702e-04
   3.56313542e+02   6.60021033e-05
   3.56314030e+02   1.26732717e-04
   3.56314518e+02  -3.89884663e-04
   3.56315006e+02  -4.00424760e-04
   3.56315495e+02  -1.40617311e-04
   3.56315983e+02   8.47695774e-05
   3.56316471e+02  -3.76617281e-05
   3.56316960e+02   1.15377559e-04
   3.56317448e+02   6.23914064e-04
   3.56317936e+02   6.95695635e-04
   3.56318425e+02   4.80530405e-04
   3.56318913e+02   1.64778263e-04
   3.56319401e+02  -2.29609563e-04
   3.56319890e+02  -6.62014820e-04
   3.56320378e+02  -8.31834332e-04
   3.56320866e+02  -5.13331848e-04
   3.56321354e+02  -2.90048221e-04
   3.56321843e+02  -4.39609663e-04
   3.56322331e+02  -3.34017357e-04
   3.56322819e+02  -1.60454816e-04
   3.56323308e+02  -2.38202541e-04
   3.56323796e+02   2.24962540e-04
   3.56324284e+02   7.96497974e-04
   3.56324773e+02   7.40577292e-04
   3.56325261e+02   3.99484648e-04
   3.56325749e+02   1.25744016e-04
   3.56326238e+02  -1.21319594e-04
   3.56326726e+02  -3.96071671e-04
   3.56327214e+02  -3.98588745e-04
   3.56327702e+02  -3.91493755e-04
   3.56328191e+02  -6.80408149e-04
   3.56328679e+02  -6.63039798e-04
   3.56329167e+02  -3.26563226e-04
   3.56329656e+02  -2.20014947e-04
   3.56330144e+02  -1.71618842e-04
   3.56330632e+02   3.64038104e-04
   3.56331121e+02   4.03841841e-04
   3.56331609e+02  -4.04047198e-04
   3.56332097e+02  -6.91097230e-04
   3.56332586e+02  -2.16521657e-04
   3.56333074e+02   2.46295185e-05
   3.56333562e+02  -3.99774435e-04
   3.56334051e+02  -5.19912632e-04
   3.56334539e+02  -1.83475713e-04
   3.56335027e+02   1.51157792e-05
   3.56335515e+02   3.69249261e-04
   3.56336004e+02   5.40386769e-04
   3.56336492e+02   3.40743223e-04
   3.56336980e+02   1.67979597e-05
   3.56337469e+02  -3.89995112e-04
   3.56337957e+02  -3.83837818e-04
   3.56338445e+02  -1.20249017e-04
   3.56338934e+02  -7.31232358e-05
   3.56339422e+02   1.58483614e-04
   3.56339910e+02   3.52846168e-04
   3.56340399e+02   3.21922853e-04
   3.56340887e+02   3.30604846e-04
   3.56341375e+02   1.99260336e-04
   3.56341863e+02  -3.87238069e-05
   3.56342352e+02  -2.45467498e-04
   3.56342840e+02  -2.68082571e-04
   3.56343328e+02   2.75088605e-05
   3.56343817e+02   3.06929520e-04
   3.56344305e+02   3.47942769e-05
   3.56344793e+02  -3.33667937e-04
   3.56345282e+02  -9.40754835e-05
   3.56345770e+02   3.30037030e-04
   3.56346258e+02   1.52199704e-04
   3.56346747e+02  -2.65820709e-04
   3.56347235e+02  -3.06649075e-04
   3.56347723e+02  -2.19036461e-04
   3.56348211e+02  -1.74951972e-04
   3.56348700e+02  -2.53782549e-04
   3.56349188e+02  -4.37818147e-04
   3.56349676e+02  -3.21534637e-04
   3.56350165e+02   1.51130043e-05
   3.56350653e+02   1.98980619e-04
   3.56351141e+02   2.29304380e-04
   3.56351630e+02   1.34360133e-04
   3.56352118e+02  -2.12576982e-04
   3.56352606e+02  -4.90847277e-04
   3.56353095e+02  -1.41355224e-04
   3.56353583e+02   5.07281104e-04
   3.56354071e+02   8.10726546e-04
   3.56354559e+02   6.31803530e-04
   3.56355048e+02   4.36896167e-04
   3.56355536e+02   3.49455891e-04
   3.56356024e+02   1.25748978e-04
   3.56356513e+02   1.08740962e-04
   3.56357001e+02   1.26179497e-04
   3.56357489e+02  -2.46724230e-04
   3.56357978e+02  -3.29284376e-04
   3.56358466e+02   6.14014498e-05
   3.56358954e+02  -5.45918265e-05
   3.56359443e+02  -3.63145344e-04
   3.56359931e+02  -1.70516170e-04
   3.56360419e+02   1.36274030e-04
   3.56360907e+02   1.07283508e-04
   3.56361396e+02  -8.24801682e-05
   3.56361884e+02  -2.48987599e-05
   3.56362372e+02   3.13402968e-04
   3.56362861e+02   5.46231458e-04
   3.56363349e+02   2.87973438e-04
   3.56363837e+02  -3.82595375e-04
   3.56364326e+02  -6.71604590e-04
   3.56364814e+02  -4.97924164e-04
   3.56365302e+02  -4.03995073e-04
   3.56365791e+02  -3.28034657e-04
   3.56366279e+02  -7.80267874e-05
   3.56366767e+02   4.74611763e-04
   3.56367255e+02   6.43003208e-04
   3.56367744e+02   4.26133221e-04
   3.56368232e+02   4.90197330e-04
   3.56368720e+02   2.84730806e-04
   3.56369209e+02  -2.40531124e-04
   3.56369697e+02   8.74162579e-05
   3.56370185e+02   9.41679347e-04
   3.56370674e+02   1.04219688e-03
   3.56371162e+02   4.91719460e-04
   3.56371650e+02   2.64408591e-04
   3.56372139e+02   2.90721626e-04
   3.56372627e+02   2.99173553e-04
   3.56373115e+02   4.69346269e-04
   3.56373604e+02   2.34603911e-04
   3.56374092e+02  -2.91301432e-04
   3.56374580e+02  -1.45287631e-04
   3.56375068e+02   6.87501088e-05
   3.56375557e+02   1.04840336e-04
   3.56376045e+02   2.00086957e-04
   3.56376533e+02  -3.80189431e-06
   3.56377022e+02  -1.95340108e-04
   3.56377510e+02  -1.77196107e-05
   3.56377998e+02   2.44076888e-04
   3.56378487e+02   3.44474829e-04
   3.56378975e+02   3.06987058e-04
   3.56379463e+02   4.02168283e-04
   3.56379952e+02   6.30439608e-04
   3.56380440e+02   5.77398576e-04
   3.56380928e+02   2.06688666e-04
   3.56381416e+02  -7.00502060e-05
   3.56381905e+02  -2.71282741e-04
   3.56382393e+02  -5.12150931e-04
   3.56382881e+02  -6.19541272e-04
   3.56383370e+02  -3.10858013e-04
   3.56383858e+02  -8.19682537e-05
   3.56384346e+02  -2.08968864e-04
   3.56384835e+02  -2.71227793e-04
   3.56385323e+02  -3.93882889e-04
   3.56385811e+02  -4.87427751e-04
   3.56386300e+02  -3.77879682e-04
   3.56386788e+02  -1.61186399e-04
   3.56387276e+02   2.27981465e-04
   3.56387764e+02   4.07984800e-04
   3.56388253e+02   8.40460780e-05
   3.56388741e+02  -2.98576488e-04
   3.56389229e+02  -2.06795841e-04
   3.56389718e+02  -4.09364904e-04
   3.56390206e+02  -7.82704912e-04
   3.56390694e+02  -5.87670831e-04
   3.56391183e+02  -1.62003940e-04
   3.56391671e+02   2.38825014e-04
   3.56392159e+02   5.30662481e-04
   3.56392648e+02   3.52735515e-04
   3.56393136e+02   5.04599084e-05
   3.56393624e+02  -3.88414919e-05
   3.56394112e+02  -6.37575795e-05
   3.56394601e+02   1.87734986e-05
   3.56395089e+02  -4.04533894e-05
   3.56395577e+02  -2.56049301e-04
   3.56396066e+02  -3.81468562e-04
   3.56396554e+02  -1.69341409e-04
   3.56397042e+02   3.44644417e-04
   3.56397531e+02   4.28981613e-04
   3.56398019e+02   2.51334655e-04
   3.56398507e+02   7.23303356e-06
   3.56398996e+02  -5.48859942e-04
   3.56399484e+02  -7.71647319e-04
   3.56399972e+02  -3.94542905e-04
   3.56400460e+02  -4.08761058e-04
   3.56400949e+02  -6.80669153e-04
   3.56401437e+02  -2.74214195e-04
   3.56401925e+02   1.42856516e-04
   3.56402414e+02  -9.74006180e-05
   3.56402902e+02  -7.48728417e-05
   3.56403390e+02   4.28116546e-05
   3.56403879e+02  -1.26023413e-04
   3.56404367e+02  -1.42345098e-05
   3.56404855e+02   1.14440671e-04
   3.56405344e+02  -1.32448190e-06
   3.56405832e+02  -2.05275171e-07
   3.56406320e+02   4.05582105e-04
   3.56406808e+02   7.54663255e-04
   3.56407297e+02   7.24032521e-04
   3.56407785e+02   5.16921224e-04
   3.56408273e+02   4.01223806e-04
   3.56408762e+02   5.33789687e-04
   3.56409250e+02   6.98430056e-04
   3.56409738e+02   7.26422702e-04
   3.56410227e+02   1.02881482e-03
   3.56410715e+02   2.76850141e-03
   3.56411203e+02   5.24102291e-03
   3.56411692e+02   7.34743057e-03
   3.56412180e+02   7.15083443e-03
   3.56412668e+02   4.72495146e-03
   3.56413157e+02   2.16204440e-03
   3.56413645e+02   8.39629793e-04
   3.56414133e+02   2.30454913e-04
   3.56414621e+02   3.18644452e-05
   3.56415110e+02   2.16928689e-04
   3.56415598e+02   4.72198386e-04
   3.56416086e+02   7.77882015e-05
   3.56416575e+02  -1.24639802e-04
   3.56417063e+02   3.24661727e-04
   3.56417551e+02   7.50651467e-04
   3.56418040e+02   7.42204895e-04
   3.56418528e+02   1.02090060e-04
   3.56419016e+02  -5.68687159e-04
   3.56419505e+02  -4.89773345e-04
   3.56419993e+02  -3.08264716e-04
   3.56420481e+02  -3.66058986e-04
   3.56420969e+02  -2.51236401e-04
   3.56421458e+02  -9.33731717e-05
   3.56421946e+02  -5.23263989e-05
   3.56422434e+02  -1.91978586e-04
   3.56422923e+02  -1.55805115e-04
   3.56423411e+02   3.04294808e-04
   3.56423899e+02   4.43636498e-04
   3.56424388e+02   1.73545908e-04
   3.56424876e+02  -2.15839260e-04
   3.56425364e+02  -5.59149135e-04
   3.56425853e+02  -5.85111615e-04
   3.56426341e+02  -4.51243075e-04
   3.56426829e+02  -5.19628404e-04
   3.56427317e+02  -4.32690722e-04
   3.56427806e+02  -2.91125965e-04
   3.56428294e+02  -2.56919506e-04
   3.56428782e+02   8.92305397e-05
   3.56429271e+02   4.99392219e-04
   3.56429759e+02   6.14384830e-04
   3.56430247e+02   3.88158369e-04
   3.56430736e+02   3.20522886e-05
   3.56431224e+02  -2.65032315e-04
   3.56431712e+02  -2.04099444e-04
   3.56432201e+02   2.04425218e-04
   3.56432689e+02   6.06619869e-04
   3.56433177e+02   7.58961367e-04
   3.56433665e+02   6.69697998e-04
   3.56434154e+02   2.97554478e-04
   3.56434642e+02   1.78460570e-04
   3.56435130e+02   3.66514898e-04
   3.56435619e+02   3.21832980e-04
   3.56436107e+02   2.27426310e-04
   3.56436595e+02   1.45390906e-04
   3.56437084e+02  -2.10963233e-04
   3.56437572e+02  -4.00870078e-04
   3.56438060e+02  -2.26782693e-04
   3.56438549e+02  -1.18359247e-04
   3.56439037e+02  -3.18770297e-04
   3.56439525e+02  -6.10619900e-04
   3.56440013e+02  -6.70463371e-04
   3.56440502e+02  -6.91728026e-04
   3.56440990e+02  -9.61092126e-04
   3.56441478e+02  -1.49280904e-03
   3.56441967e+02  -1.45673333e-03
   3.56442455e+02  -5.64778282e-04
   3.56442943e+02   2.16938861e-04
   3.56443432e+02   5.63697722e-05
   3.56443920e+02  -3.86778614e-04
   3.56444408e+02  -3.96319265e-05
   3.56444897e+02   1.15254938e-04
   3.56445385e+02  -3.47874011e-04
   3.56445873e+02  -4.05414612e-04
   3.56446361e+02  -3.20121500e-04
   3.56446850e+02  -4.63521021e-04
   3.56447338e+02  -3.12188466e-04
   3.56447826e+02   1.25067905e-04
   3.56448315e+02   1.69402614e-04
   3.56448803e+02  -4.74904082e-05
   3.56449291e+02  -1.50762295e-04
   3.56449780e+02   1.18347954e-04
   3.56450268e+02   3.34584038e-04
   3.56450756e+02   1.24364698e-04
   3.56451245e+02  -2.40312875e-04
   3.56451733e+02  -5.54265862e-04
   3.56452221e+02  -3.95839394e-04
   3.56452710e+02  -5.20343834e-04
   3.56453198e+02  -1.07811845e-03
   3.56453686e+02  -9.48079803e-04
   3.56454174e+02  -2.49545585e-04
   3.56454663e+02   4.78983929e-05
   3.56455151e+02  -3.10964737e-04
   3.56455639e+02  -5.13250066e-04
   3.56456128e+02  -2.84716953e-04
   3.56456616e+02  -1.03535895e-04
   3.56457104e+02  -3.11980228e-04
   3.56457593e+02  -4.94400272e-04
   3.56458081e+02  -1.33841525e-06
   3.56458569e+02   5.41605521e-04
   3.56459058e+02   4.51324915e-04
   3.56459546e+02   2.03075047e-04
   3.56460034e+02  -5.96002610e-05
   3.56460522e+02  -3.71170347e-04
   3.56461011e+02  -4.38767893e-04
   3.56461499e+02  -3.64178268e-04
   3.56461987e+02  -8.99239312e-05
   3.56462476e+02   1.21504410e-04
   3.56462964e+02  -7.68287573e-05
   3.56463452e+02  -3.60808801e-04
   3.56463941e+02  -3.72139504e-04
   3.56464429e+02  -1.24688144e-04
   3.56464917e+02   1.64273879e-05
   3.56465406e+02   2.52880942e-04
   3.56465894e+02   5.11301449e-04
   3.56466382e+02   2.60747387e-04
   3.56466870e+02   4.12878762e-05
   3.56467359e+02   1.43966463e-04
   3.56467847e+02   2.96335493e-04
   3.56468335e+02   4.19476477e-04
   3.56468824e+02   3.84579907e-04
   3.56469312e+02   2.68871430e-04
   3.56469800e+02   2.50253768e-04
   3.56470289e+02   1.97252157e-04
   3.56470777e+02   2.31072845e-04
   3.56471265e+02   2.76647304e-04
   3.56471754e+02   2.37980566e-04
   3.56472242e+02   4.38217307e-04
   3.56472730e+02   6.49141031e-04
   3.56473218e+02   5.11073507e-04
   3.56473707e+02   1.06317522e-04
   3.56474195e+02  -2.03042568e-04
   3.56474683e+02  -5.54725586e-04
   3.56475172e+02  -6.68706954e-04
   3.56475660e+02  -1.87408485e-04
   3.56476148e+02   6.52421222e-05
   3.56476637e+02  -1.68990082e-05
   3.56477125e+02   3.56835153e-05
   3.56477613e+02   1.40886274e-04
   3.56478102e+02  -5.73069519e-05
   3.56478590e+02  -3.33089789e-04
   3.56479078e+02  -4.82677024e-05
   3.56479566e+02   1.36682473e-04
   3.56480055e+02  -7.68651080e-05
   3.56480543e+02  -7.11203902e-05
   3.56481031e+02  -1.06271793e-04
   3.56481520e+02  -2.33063416e-04
   3.56482008e+02  -9.95230221e-05
   3.56482496e+02  -6.46510216e-07
   3.56482985e+02  -1.50357300e-04
   3.56483473e+02  -7.96188178e-05
   3.56483961e+02   1.14095827e-04
   3.56484450e+02  -3.56165015e-06
   3.56484938e+02  -4.27843916e-04
   3.56485426e+02  -6.07646769e-04
   3.56485914e+02  -9.68978493e-05
   3.56486403e+02   4.31128108e-04
   3.56486891e+02   3.56211734e-04
   3.56487379e+02   2.37717875e-04
   3.56487868e+02   4.92296647e-04
   3.56488356e+02   5.61367837e-04
   3.56488844e+02   2.44711235e-04
   3.56489333e+02  -1.48418025e-04
   3.56489821e+02  -2.93974561e-04
   3.56490309e+02  -2.33982850e-04
   3.56490798e+02  -3.06254486e-04
   3.56491286e+02  -1.34003174e-04
   3.56491774e+02   3.24393710e-04
   3.56492263e+02   8.26654839e-04
   3.56492751e+02   5.92404744e-04
   3.56493239e+02  -1.42614415e-04
   3.56493727e+02  -2.06327997e-04
   3.56494216e+02   2.66967952e-04
   3.56494704e+02   4.41156939e-04
   3.56495192e+02   4.31260647e-04
   3.56495681e+02   3.03454784e-04
   3.56496169e+02   2.21781811e-04
   3.56496657e+02   3.95813142e-04
   3.56497146e+02   1.49503438e-04
   3.56497634e+02  -5.20120608e-04
   3.56498122e+02  -6.79408375e-04
   3.56498611e+02  -2.88273324e-04
   3.56499099e+02  -9.63658385e-05
   3.56499587e+02  -1.42360906e-04
   3.56500075e+02  -2.69924145e-04
   3.56500564e+02  -4.25411534e-04
   3.56501052e+02  -2.24689778e-04
   3.56501540e+02   5.61284105e-05
   3.56502029e+02   1.78390226e-04
   3.56502517e+02   3.47575842e-05
   3.56503005e+02  -3.44307307e-04
   3.56503494e+02  -4.29825683e-04
   3.56503982e+02  -6.56156190e-05
   3.56504470e+02   2.46263313e-04
   3.56504959e+02   2.07022342e-04
   3.56505447e+02   4.66496531e-05
   3.56505935e+02   5.54782537e-06
   3.56506423e+02   1.27360574e-04
   3.56506912e+02   2.05112548e-04
   3.56507400e+02   9.12105897e-05
   3.56507888e+02   7.23918129e-05
   3.56508377e+02  -8.32348669e-05
   3.56508865e+02  -4.45493410e-04
   3.56509353e+02  -4.50998574e-04
   3.56509842e+02  -3.14361532e-04
   3.56510330e+02  -4.87834419e-04
   3.56510818e+02  -6.54893985e-04
   3.56511307e+02  -3.23543121e-04
   3.56511795e+02   3.35537130e-04
   3.56512283e+02   6.46345550e-04
   3.56512771e+02   5.32119360e-04
   3.56513260e+02   2.39380985e-04
   3.56513748e+02  -3.82583530e-05
   3.56514236e+02  -2.63102673e-04
   3.56514725e+02  -4.56457346e-04
   3.56515213e+02  -4.18705546e-04
   3.56515701e+02  -2.15943597e-04
   3.56516190e+02  -3.33098666e-04
   3.56516678e+02  -4.15626913e-04
   3.56517166e+02  -1.47152590e-04
   3.56517655e+02  -4.25492763e-05
   3.56518143e+02  -6.59279613e-06
   3.56518631e+02   2.18793692e-04
   3.56519119e+02   2.70015793e-04
   3.56519608e+02   1.08657485e-04
   3.56520096e+02  -3.47995956e-04
   3.56520584e+02  -6.96971780e-04
   3.56521073e+02  -4.51537926e-04
   3.56521561e+02  -2.08088284e-04
   3.56522049e+02   4.50290390e-05
   3.56522538e+02   4.28395026e-04
   3.56523026e+02   4.10848937e-04
   3.56523514e+02   4.73804685e-04
   3.56524003e+02   7.60712137e-04
   3.56524491e+02   5.79541025e-04
   3.56524979e+02  -8.32886799e-05
   3.56525467e+02  -4.62109136e-04
   3.56525956e+02  -3.54619406e-04
   3.56526444e+02   1.46629667e-04
   3.56526932e+02   7.04557984e-04
   3.56527421e+02   5.01274364e-04
   3.56527909e+02   7.08335210e-05
   3.56528397e+02   1.28996951e-04
   3.56528886e+02   1.65517195e-04
   3.56529374e+02   4.29654247e-05
   3.56529862e+02   1.46249586e-04
   3.56530351e+02   2.24148258e-04
   3.56530839e+02  -2.77614279e-04
   3.56531327e+02  -8.86977534e-04
   3.56531816e+02  -8.55367573e-04
   3.56532304e+02  -3.55791854e-04
   3.56532792e+02  -7.96126769e-05
   3.56533280e+02   2.07719677e-05
   3.56533769e+02   4.03069571e-04
   3.56534257e+02   3.42075626e-04
   3.56534745e+02  -4.29821695e-04
   3.56535234e+02  -9.25963279e-04
   3.56535722e+02  -8.86438414e-04
   3.56536210e+02  -6.17586891e-04
   3.56536699e+02  -4.23155812e-04
   3.56537187e+02  -5.42938651e-04
   3.56537675e+02  -8.73621146e-04
   3.56538164e+02  -7.68591592e-04
   3.56538652e+02  -8.62043744e-05
   3.56539140e+02  -3.94142626e-06
   3.56539628e+02  -7.25364662e-04
   3.56540117e+02  -5.04638941e-04
   3.56540605e+02   4.59121831e-04
   3.56541093e+02   7.03588361e-04
   3.56541582e+02   5.02053008e-04
   3.56542070e+02   3.05448106e-04
   3.56542558e+02  -5.93434852e-05
   3.56543047e+02  -4.84043907e-04
   3.56543535e+02  -5.26664488e-04
   3.56544023e+02   4.24830250e-05
   3.56544512e+02   5.07963879e-04
   3.56545000e+02   6.35813922e-04
   3.56545488e+02   6.36581215e-04
   3.56545976e+02   6.60165329e-04
   3.56546465e+02   7.65909965e-04
   3.56546953e+02   7.14462425e-04
   3.56547441e+02   3.40688333e-04
   3.56547930e+02  -3.78927398e-05
   3.56548418e+02  -6.60911537e-05
   3.56548906e+02  -1.28469095e-04
   3.56549395e+02   4.36134968e-07
   3.56549883e+02   1.37376323e-04
   3.56550371e+02   3.03544890e-04
   3.56550860e+02   2.03951495e-04
   3.56551348e+02  -3.24279186e-04
   3.56551836e+02  -8.24014540e-04
   3.56552324e+02  -9.06668080e-04
   3.56552813e+02  -9.06035886e-04
   3.56553301e+02  -5.36826439e-04
   3.56553789e+02   1.96994370e-04
   3.56554278e+02   4.97765606e-04
   3.56554766e+02   2.12552754e-04
   3.56555254e+02   8.33515060e-06
   3.56555743e+02  -7.49866449e-05
   3.56556231e+02  -3.28895811e-04
   3.56556719e+02  -3.40392755e-04
   3.56557208e+02  -5.99490377e-05
   3.56557696e+02   2.48438126e-04
   3.56558184e+02   4.06484323e-04
   3.56558672e+02   2.82724155e-04
   3.56559161e+02   2.45513918e-04
   3.56559649e+02   3.90859168e-05
   3.56560137e+02  -2.81242246e-04
   3.56560626e+02  -2.25243261e-04
   3.56561114e+02   1.72453860e-04
   3.56561602e+02   3.27824528e-04
   3.56562091e+02   2.21655519e-05
   3.56562579e+02   5.93727200e-05
   3.56563067e+02   2.72565667e-04
   3.56563556e+02  -1.04501443e-04
   3.56564044e+02  -2.94361147e-04
   3.56564532e+02  -2.54917832e-05
   3.56565020e+02   2.40740177e-04
   3.56565509e+02   7.65184450e-05
   3.56565997e+02  -4.44577803e-04
   3.56566485e+02  -6.32685085e-04
   3.56566974e+02  -6.31121395e-04
   3.56567462e+02  -6.29060494e-04
   3.56567950e+02  -4.14985727e-04
   3.56568439e+02  -4.70012019e-04
   3.56568927e+02  -9.92590096e-04
   3.56569415e+02  -8.77104350e-04
   3.56569904e+02   2.15992568e-05
   3.56570392e+02   4.66059253e-04
   3.56570880e+02   3.53109499e-04
   3.56571369e+02  -7.90185732e-05
   3.56571857e+02  -6.43962761e-04
   3.56572345e+02  -4.99018177e-04
   3.56572833e+02  -1.13805610e-04
   3.56573322e+02  -3.01693799e-04
   3.56573810e+02  -5.06798446e-04
   3.56574298e+02  -4.56909795e-04
   3.56574787e+02  -4.45827871e-04
   3.56575275e+02  -1.98531168e-04
   3.56575763e+02   1.48481879e-04
   3.56576252e+02   2.06299141e-04
   3.56576740e+02   2.70190008e-04
   3.56577228e+02   7.37751834e-05
   3.56577717e+02  -1.45922342e-04
   3.56578205e+02   8.53252932e-05
   3.56578693e+02  -2.55589239e-05
   3.56579181e+02  -5.07583492e-04
   3.56579670e+02  -7.35759619e-04
   3.56580158e+02  -7.63552438e-04
   3.56580646e+02  -7.08396372e-04
   3.56581135e+02  -4.47546598e-04
   3.56581623e+02  -2.62847898e-04
   3.56582111e+02  -4.20342549e-04
   3.56582600e+02  -4.65460325e-04
   3.56583088e+02  -4.23710706e-04
   3.56583576e+02  -5.19531372e-04
   3.56584065e+02  -3.56249802e-04
   3.56584553e+02   3.38402373e-04
   3.56585041e+02   7.31443055e-04
   3.56585529e+02   6.39468606e-04
   3.56586018e+02   5.23170340e-04
   3.56586506e+02   2.47675081e-04
   3.56586994e+02  -9.18431906e-05
   3.56587483e+02  -1.18540200e-04
   3.56587971e+02   1.30459681e-04
   3.56588459e+02   8.57925552e-05
   3.56588948e+02  -2.58112530e-04
   3.56589436e+02  -1.57383882e-04
   3.56589924e+02   5.66208910e-05
   3.56590413e+02   1.79494134e-04
   3.56590901e+02   3.04284418e-04
   3.56591389e+02  -1.13429533e-05
   3.56591877e+02  -6.85846782e-04
   3.56592366e+02  -9.42254730e-04
   3.56592854e+02  -9.91197376e-05
   3.56593342e+02   7.70667801e-04
   3.56593831e+02   6.04050350e-04
   3.56594319e+02   4.99619637e-04
   3.56594807e+02   5.17945562e-04
   3.56595296e+02   3.45398730e-05
   3.56595784e+02  -2.33602375e-04
   3.56596272e+02  -3.73961841e-04
   3.56596761e+02  -4.82024858e-04
   3.56597249e+02  -3.47105262e-04
   3.56597737e+02  -2.42788301e-04
   3.56598225e+02  -2.44322320e-04
   3.56598714e+02  -2.16824221e-04
   3.56599202e+02  -3.51594004e-04
   3.56599690e+02  -8.07289558e-04
   3.56600179e+02  -8.03355419e-04
   3.56600667e+02  -3.36524067e-06
   3.56601155e+02   4.38119110e-04
   3.56601644e+02   3.58517689e-04
   3.56602132e+02   2.46074691e-04
   3.56602620e+02   5.85502312e-05
   3.56603109e+02   5.90767304e-05
   3.56603597e+02   1.66154394e-04
   3.56604085e+02   1.09375440e-04
   3.56604573e+02   1.57525181e-04
   3.56605062e+02   1.16420306e-04
   3.56605550e+02  -2.63979251e-04
   3.56606038e+02  -1.54727953e-04
   3.56606527e+02   3.07131180e-04
   3.56607015e+02   4.96619323e-04
   3.56607503e+02   4.52449953e-04
   3.56607992e+02   5.63996087e-04
   3.56608480e+02   2.49861012e-04
   3.56608968e+02   1.07016305e-04
   3.56609457e+02   1.88064645e-04
   3.56609945e+02  -2.63271533e-04
   3.56610433e+02  -4.11040091e-04
   3.56610922e+02   2.33111743e-04
   3.56611410e+02   4.63135308e-04
   3.56611898e+02   1.82763353e-04
   3.56612386e+02  -7.94271546e-05
   3.56612875e+02  -5.99859159e-05
   3.56613363e+02  -2.94254704e-07
   3.56613851e+02  -3.75694450e-04
   3.56614340e+02  -6.03088411e-04
   3.56614828e+02  -6.07545480e-05
   3.56615316e+02   5.78154810e-04
   3.56615805e+02   7.84496369e-04
   3.56616293e+02   5.83901652e-04
   3.56616781e+02  -2.27891906e-05
   3.56617270e+02  -1.10429835e-04
   3.56617758e+02   3.42050043e-04
   3.56618246e+02   4.06631647e-04
   3.56618734e+02   7.35520662e-05
   3.56619223e+02   3.25417168e-05
   3.56619711e+02   2.46021838e-04
   3.56620199e+02   3.25852481e-04
   3.56620688e+02   2.99385225e-04
   3.56621176e+02   1.28427346e-04
   3.56621664e+02  -2.12967178e-04
   3.56622153e+02  -2.21520735e-04
   3.56622641e+02   1.82793665e-04
   3.56623129e+02   6.83402468e-05
   3.56623618e+02  -1.59398682e-04
   3.56624106e+02   1.34429720e-04
   3.56624594e+02   3.82545259e-04
   3.56625082e+02   2.62286252e-04
   3.56625571e+02  -3.39093494e-05
   3.56626059e+02  -1.17551368e-04
   3.56626547e+02  -1.20971272e-04
   3.56627036e+02  -4.43871540e-04
   3.56627524e+02  -3.13434284e-04
   3.56628012e+02   3.82539845e-04
   3.56628501e+02   3.71392991e-04
   3.56628989e+02  -1.24539758e-04
   3.56629477e+02  -1.33870650e-04
   3.56629966e+02   7.57666639e-05
   3.56630454e+02   1.75090507e-04
   3.56630942e+02   1.24427781e-04
   3.56631430e+02   2.22333954e-04
   3.56631919e+02   6.33857155e-04
   3.56632407e+02   5.89018106e-04
   3.56632895e+02   1.48623265e-04
   3.56633384e+02  -8.53576494e-05
   3.56633872e+02  -1.39900148e-04
   3.56634360e+02   4.47742459e-05
   3.56634849e+02   1.32108089e-05
   3.56635337e+02  -3.19571147e-04
   3.56635825e+02  -3.99101613e-04
   3.56636314e+02  -3.03984125e-04
   3.56636802e+02  -2.96481274e-04
   3.56637290e+02  -3.78751167e-04
   3.56637778e+02  -5.90940297e-04
   3.56638267e+02  -9.26300010e-04
   3.56638755e+02  -1.05805846e-03
   3.56639243e+02  -6.41293183e-04
   3.56639732e+02  -2.81227112e-04
   3.56640220e+02  -1.35020120e-04
   3.56640708e+02   7.64015858e-05
   3.56641197e+02   1.81778305e-04
   3.56641685e+02  -2.87407784e-06
   3.56642173e+02  -4.40271688e-04
   3.56642662e+02  -4.53264918e-04
   3.56643150e+02  -6.70751760e-05
   3.56643638e+02  -1.26920568e-04
   3.56644126e+02  -3.00527638e-04
   3.56644615e+02  -2.87223549e-04
   3.56645103e+02  -3.50085902e-04
   3.56645591e+02  -3.06742411e-04
   3.56646080e+02  -2.71886325e-04
   3.56646568e+02  -3.30121256e-04
   3.56647056e+02  -1.92400519e-04
   3.56647545e+02   2.32278653e-05
   3.56648033e+02   1.45272017e-04
   3.56648521e+02   4.23343008e-05
   3.56649010e+02  -1.68953527e-04
   3.56649498e+02  -2.10483049e-04
   3.56649986e+02  -4.48441628e-04
   3.56650475e+02  -5.64946909e-04
   3.56650963e+02   3.15097532e-06
   3.56651451e+02   4.47087659e-04
   3.56651939e+02   3.62788996e-04
   3.56652428e+02   3.69893707e-04
   3.56652916e+02   4.23750374e-04
   3.56653404e+02   3.01737105e-04
   3.56653893e+02   3.69121030e-04
   3.56654381e+02   6.40888349e-04
   3.56654869e+02   6.38084020e-04
   3.56655358e+02   2.19063018e-04
   3.56655846e+02  -1.72775384e-04
   3.56656334e+02  -2.43260904e-04
   3.56656823e+02  -2.07381672e-04
   3.56657311e+02   9.14605189e-05
   3.56657799e+02   2.96322076e-04
   3.56658287e+02   2.61240639e-05
   3.56658776e+02  -2.33450643e-04
   3.56659264e+02  -6.63864412e-05
   3.56659752e+02   4.34751739e-04
   3.56660241e+02   6.04983128e-04
   3.56660729e+02   2.29663550e-04
   3.56661217e+02  -3.21370062e-05
   3.56661706e+02  -3.25497895e-05
   3.56662194e+02   9.81240519e-05
   3.56662682e+02   1.75112917e-04
   3.56663171e+02  -1.04499966e-04
   3.56663659e+02  -3.00628133e-04
   3.56664147e+02  -1.47731582e-04
   3.56664635e+02   9.79694778e-06
   3.56665124e+02   4.50250409e-05
   3.56665612e+02  -5.35343388e-05
   3.56666100e+02  -2.76428109e-05
   3.56666589e+02   3.91027861e-04
   3.56667077e+02   5.22121380e-04
   3.56667565e+02   4.37661598e-04
   3.56668054e+02  -2.59846674e-05
   3.56668542e+02  -4.34651476e-04
   3.56669030e+02  -8.35431929e-05
   3.56669519e+02   7.37440248e-04
   3.56670007e+02   1.02479674e-03
   3.56670495e+02   4.56426787e-04
   3.56670983e+02  -1.37489595e-04
   3.56671472e+02  -3.77418328e-04
   3.56671960e+02  -2.38703084e-04
   3.56672448e+02  -1.34257687e-04
   3.56672937e+02   1.81441937e-05
   3.56673425e+02   2.14740387e-04
   3.56673913e+02   2.12530809e-04
   3.56674402e+02   4.84930875e-04
   3.56674890e+02   5.63818903e-04
   3.56675378e+02   3.17296071e-04
   3.56675867e+02   1.25266699e-04
   3.56676355e+02  -3.72846960e-04
   3.56676843e+02  -6.99725584e-04
   3.56677331e+02  -2.50835030e-04
   3.56677820e+02   3.15544050e-04
   3.56678308e+02   4.21431905e-04
   3.56678796e+02   2.63256137e-04
   3.56679285e+02   2.53973412e-04
   3.56679773e+02   3.85245512e-04
   3.56680261e+02   1.02197941e-04
   3.56680750e+02  -2.02122363e-04
   3.56681238e+02  -9.37651857e-05
   3.56681726e+02  -9.74971117e-05
   3.56682215e+02  -1.92541382e-04
   3.56682703e+02   9.00624364e-05
   3.56683191e+02   4.46775666e-04
   3.56683679e+02   4.75266163e-04
   3.56684168e+02   3.19453742e-04
   3.56684656e+02   7.97282410e-05
   3.56685144e+02  -4.81164388e-05
   3.56685633e+02   1.55048838e-04
   3.56686121e+02   2.44512135e-04
   3.56686609e+02   7.96816093e-05
   3.56687098e+02  -1.55966700e-04
   3.56687586e+02  -3.41256091e-04
   3.56688074e+02  -4.66047568e-05
   3.56688563e+02   2.37923188e-04
   3.56689051e+02  -2.11179286e-04
   3.56689539e+02  -5.22949733e-04
   3.56690028e+02  -2.52993283e-04
   3.56690516e+02   1.75491325e-04
   3.56691004e+02   5.36249368e-04
   3.56691492e+02   5.07155084e-04
   3.56691981e+02   2.98299332e-04
   3.56692469e+02   3.55693890e-04
   3.56692957e+02   4.01143887e-04
   3.56693446e+02   3.29758623e-04
   3.56693934e+02   4.50272375e-04
   3.56694422e+02   5.59198787e-04
   3.56694911e+02   2.53316364e-04
   3.56695399e+02  -8.03618386e-05
   3.56695887e+02  -4.21084900e-04
   3.56696376e+02  -4.25130595e-04
   3.56696864e+02   6.69511574e-05
   3.56697352e+02   2.77709798e-04
   3.56697840e+02   1.90463019e-04
   3.56698329e+02   3.20289982e-04
   3.56698817e+02   4.93361324e-04
   3.56699305e+02   3.42732295e-04
   3.56699794e+02   1.60274096e-04
   3.56700282e+02   2.35283063e-04
   3.56700770e+02   4.05553204e-04
   3.56701259e+02   3.80979909e-04
   3.56701747e+02   2.24711781e-04
   3.56702235e+02   3.41485284e-04
   3.56702724e+02   5.00622205e-04
   3.56703212e+02   3.49115406e-04
   3.56703700e+02   7.71594714e-05
   3.56704188e+02  -2.07213408e-04
   3.56704677e+02  -1.62329918e-04
   3.56705165e+02   3.11237022e-06
   3.56705653e+02  -2.45608855e-04
   3.56706142e+02  -7.60237221e-04
   3.56706630e+02  -9.26220324e-04
   3.56707118e+02  -5.57723746e-04
   3.56707607e+02   9.65320396e-06
   3.56708095e+02   1.45450962e-04
   3.56708583e+02  -1.77350623e-04
   3.56709072e+02  -4.23794350e-04
   3.56709560e+02  -6.94629562e-04
   3.56710048e+02  -8.92743352e-04
   3.56710536e+02  -6.11271826e-04
   3.56711025e+02  -3.10501229e-04
   3.56711513e+02  -2.17236273e-04
   3.56712001e+02   9.81973426e-06
   3.56712490e+02   6.00061961e-04
   3.56712978e+02   1.07725686e-03
   3.56713466e+02   8.07740260e-04
   3.56713955e+02   1.75038789e-04
   3.56714443e+02  -2.79612050e-05
   3.56714931e+02  -1.04683575e-04
   3.56715420e+02  -2.75080354e-04
   3.56715908e+02  -2.91062635e-04
   3.56716396e+02  -2.31723301e-04
   3.56716884e+02  -1.75955400e-04
   3.56717373e+02   1.22637837e-04
   3.56717861e+02   4.61174233e-04
   3.56718349e+02   4.70552710e-04
   3.56718838e+02   3.84898332e-04
   3.56719326e+02   3.43010674e-04
   3.56719814e+02   2.83799222e-04
   3.56720303e+02   3.08817253e-04
   3.56720791e+02   2.80538196e-04
   3.56721279e+02   2.04209588e-04
   3.56721768e+02   3.29915609e-04
   3.56722256e+02   4.70047904e-04
   3.56722744e+02   7.16110400e-04
   3.56723232e+02   9.20980121e-04
   3.56723721e+02   6.44560845e-04
   3.56724209e+02   3.49786103e-04
   3.56724697e+02   2.99966108e-04
   3.56725186e+02   2.55913706e-04
   3.56725674e+02   3.65736661e-04
   3.56726162e+02   3.07760318e-04
   3.56726651e+02   6.04563247e-05
   3.56727139e+02   4.97839501e-05
   3.56727627e+02   4.45027195e-04
   3.56728116e+02   5.18754765e-04
   3.56728604e+02   1.58931551e-04
   3.56729092e+02  -1.18984812e-04
   3.56729581e+02  -6.69715009e-05
   3.56730069e+02  -1.80082876e-04
   3.56730557e+02  -3.16827704e-04
   3.56731045e+02   3.99185119e-05
   3.56731534e+02   1.52829860e-04
   3.56732022e+02  -2.11847073e-04
   3.56732510e+02  -5.02729788e-04
   3.56732999e+02  -2.84099166e-04
   3.56733487e+02   1.09016080e-04
   3.56733975e+02  -5.59005348e-05
   3.56734464e+02  -4.03166108e-04
   3.56734952e+02  -3.31134623e-04
   3.56735440e+02   2.91257948e-05
   3.56735929e+02   3.22445412e-04
   3.56736417e+02   3.73590097e-04
   3.56736905e+02   4.82812611e-04
   3.56737393e+02   6.61058410e-04
   3.56737882e+02   6.05720561e-04
   3.56738370e+02   8.07388220e-04
   3.56738858e+02   8.05004558e-04
   3.56739347e+02   1.19497803e-04
   3.56739835e+02  -2.67666503e-04
   3.56740323e+02  -1.54460577e-04
   3.56740812e+02  -3.66473454e-04
   3.56741300e+02  -7.12483830e-04
   3.56741788e+02  -5.10946440e-04
   3.56742277e+02  -2.44297553e-04
   3.56742765e+02  -1.13191025e-04
   3.56743253e+02   2.29570901e-07
   3.56743741e+02   1.31959358e-04
   3.56744230e+02   3.23587272e-04
   3.56744718e+02   5.01045957e-04
   3.56745206e+02   6.08499628e-04
   3.56745695e+02   5.33248181e-04
   3.56746183e+02   3.06609814e-04
   3.56746671e+02   3.56294651e-04
   3.56747160e+02   5.35808096e-04
   3.56747648e+02   3.84378975e-04
   3.56748136e+02   4.72050975e-04
   3.56748625e+02   8.05489661e-04
   3.56749113e+02   8.38148873e-04
   3.56749601e+02   7.81982671e-04
   3.56750089e+02   5.16384491e-04
   3.56750578e+02   5.21530565e-05
   3.56751066e+02  -2.44072406e-04
   3.56751554e+02  -2.12871877e-04
   3.56752043e+02  -1.87089638e-04
   3.56752531e+02  -3.25993460e-04
   3.56753019e+02  -2.30031044e-04
   3.56753508e+02  -9.53411509e-05
   3.56753996e+02  -2.29770885e-04
   3.56754484e+02  -1.60227064e-04
   3.56754973e+02   1.49050131e-04
   3.56755461e+02  -2.68886652e-05
   3.56755949e+02  -2.89381307e-04
   3.56756437e+02   2.65966337e-05
   3.56756926e+02   4.87616984e-04
   3.56757414e+02   8.82300374e-04
   3.56757902e+02   1.06491230e-03
   3.56758391e+02   4.62992437e-04
   3.56758879e+02  -3.45663895e-04
   3.56759367e+02  -4.91062412e-04
   3.56759856e+02  -1.30477201e-04
   3.56760344e+02   1.67827951e-04
   3.56760832e+02   7.50649560e-05
   3.56761321e+02   2.58375917e-06
   3.56761809e+02   3.95093994e-05
   3.56762297e+02  -1.14681432e-04
   3.56762785e+02  -2.40821857e-04
   3.56763274e+02  -2.85474438e-04
   3.56763762e+02  -3.60085192e-04
   3.56764250e+02   8.13018341e-05
   3.56764739e+02   6.79155288e-04
   3.56765227e+02   7.54742709e-04
   3.56765715e+02   6.74301584e-04
   3.56766204e+02   6.66735403e-04
   3.56766692e+02   2.83991074e-04
   3.56767180e+02  -4.65251323e-05
   3.56767669e+02   3.10361240e-04
   3.56768157e+02   5.85455680e-04
   3.56768645e+02  -9.28434165e-05
   3.56769134e+02  -9.57015029e-04
   3.56769622e+02  -9.88052809e-04
   3.56770110e+02  -2.83173227e-04
   3.56770598e+02   1.56540009e-05
   3.56771087e+02  -3.32987780e-04
   3.56771575e+02  -1.24964819e-04
   3.56772063e+02   3.57735349e-04
   3.56772552e+02   1.76737522e-04
   3.56773040e+02  -1.46608490e-05
   3.56773528e+02   1.11122798e-04
   3.56774017e+02   1.26454788e-05
   3.56774505e+02   1.69416544e-05
   3.56774993e+02   1.64914221e-04
   3.56775482e+02  -6.87625288e-05
   3.56775970e+02  -2.35445565e-04
   3.56776458e+02  -9.18799487e-05
   3.56776946e+02  -1.45620594e-04
   3.56777435e+02  -2.39934277e-04
   3.56777923e+02  -1.73656415e-04
   3.56778411e+02  -6.18697959e-05
   3.56778900e+02  -1.61948963e-04
   3.56779388e+02  -6.30787283e-04
   3.56779876e+02  -9.14671109e-04
   3.56780365e+02  -4.85768047e-04
   3.56780853e+02   1.98608497e-04
   3.56781341e+02   2.65908689e-04
   3.56781830e+02  -2.04149357e-04
   3.56782318e+02  -4.47915343e-04
   3.56782806e+02  -9.15683195e-05
   3.56783294e+02   3.02495522e-04
   3.56783783e+02  -3.29077775e-05
   3.56784271e+02  -1.13367241e-04
   3.56784759e+02  -1.60103940e-04
   3.56785248e+02  -4.14226757e-04
   3.56785736e+02  -5.64767513e-04
   3.56786224e+02  -7.53563421e-04
   3.56786713e+02  -7.40902440e-04
   3.56787201e+02  -2.81754561e-04
   3.56787689e+02  -4.53058929e-05
   3.56788178e+02  -1.03278617e-04
   3.56788666e+02   2.38394583e-04
   3.56789154e+02   7.77321169e-04
   3.56789642e+02   4.62371245e-04
   3.56790131e+02  -1.16928441e-05
   3.56790619e+02   2.39809699e-04
   3.56791107e+02   4.36287839e-04
   3.56791596e+02   3.70927592e-04
   3.56792084e+02   2.51268386e-04
   3.56792572e+02   1.28807160e-05
   3.56793061e+02   3.63343934e-05
   3.56793549e+02   1.49452280e-05
   3.56794037e+02  -3.12960066e-04
   3.56794526e+02  -7.00275938e-04
   3.56795014e+02  -6.40781655e-04
   3.56795502e+02  -6.28447015e-05
   3.56795990e+02   2.73240817e-04
   3.56796479e+02  -5.91403368e-05
   3.56796967e+02  -5.20822301e-04
   3.56797455e+02  -4.54843044e-04
   3.56797944e+02  -3.32258060e-04
   3.56798432e+02  -5.20668807e-04
   3.56798920e+02  -3.00324784e-04
   3.56799409e+02  -6.10623028e-05
   3.56799897e+02  -2.95083533e-04
   3.56800385e+02  -3.43964959e-04
   3.56800874e+02  -7.13511399e-05
   3.56801362e+02   1.95695320e-04
   3.56801850e+02   3.95812269e-04
   3.56802338e+02   7.27400999e-04
   3.56802827e+02   9.83428210e-04
   3.56803315e+02   4.03492362e-04
   3.56803803e+02  -3.35175428e-04
   3.56804292e+02  -2.13885141e-04
   3.56804780e+02   9.39947204e-05
   3.56805268e+02   4.20400553e-04
   3.56805757e+02   6.36207173e-04
   3.56806245e+02   3.57360987e-04
   3.56806733e+02   4.55780428e-05
   3.56807222e+02  -1.22664615e-05
   3.56807710e+02   1.61792166e-04
   3.56808198e+02   4.27117076e-04
   3.56808687e+02   3.58687626e-04
   3.56809175e+02   2.75026741e-05
   3.56809663e+02  -2.46591400e-04
   3.56810151e+02  -1.77858776e-04
   3.56810640e+02  -3.67215216e-06
   3.56811128e+02   7.93157596e-05
   3.56811616e+02   2.22063696e-04
   3.56812105e+02   2.31496568e-04
   3.56812593e+02   8.83322684e-07
   3.56813081e+02  -8.11931168e-05
   3.56813570e+02  -6.31118819e-05
   3.56814058e+02  -1.85722514e-04
   3.56814546e+02  -2.78243009e-04
   3.56815035e+02  -1.90565392e-04
   3.56815523e+02  -1.39192940e-04
   3.56816011e+02  -1.16988791e-04
   3.56816499e+02   1.20907585e-04
   3.56816988e+02   2.58807646e-04
   3.56817476e+02   6.80886369e-05
   3.56817964e+02  -3.43120395e-04
   3.56818453e+02  -4.69268096e-04
   3.56818941e+02  -3.45574808e-04
   3.56819429e+02  -3.30326788e-04
   3.56819918e+02  -3.32206982e-04
   3.56820406e+02  -1.35332506e-04
   3.56820894e+02   2.11116901e-04
   3.56821383e+02   2.01987321e-04
   3.56821871e+02  -1.29220834e-05
   3.56822359e+02   2.25414755e-04
   3.56822847e+02   4.55348956e-04
   3.56823336e+02   3.55547381e-04
   3.56823824e+02   2.04787313e-04
   3.56824312e+02  -3.68738984e-05
   3.56824801e+02  -1.64628349e-04
   3.56825289e+02  -3.80858663e-04
   3.56825777e+02  -8.57775565e-04
   3.56826266e+02  -9.20945662e-04
   3.56826754e+02  -2.21739800e-04
   3.56827242e+02   2.85023911e-04
   3.56827731e+02   2.07951598e-04
   3.56828219e+02   3.89716552e-05
   3.56828707e+02  -1.72375730e-05
   3.56829195e+02  -3.03773268e-05
   3.56829684e+02  -5.95707243e-05
   3.56830172e+02  -1.08069340e-04
   3.56830660e+02  -1.80098170e-04
   3.56831149e+02  -4.41521697e-04
   3.56831637e+02  -7.32314598e-04
   3.56832125e+02  -7.63302785e-04
   3.56832614e+02  -6.72439463e-04
   3.56833102e+02  -3.93745810e-04
   3.56833590e+02   4.24998871e-05
   3.56834079e+02  -5.27171833e-05
   3.56834567e+02  -3.68251203e-04
   3.56835055e+02  -2.92476994e-04
   3.56835543e+02  -1.06517480e-04
   3.56836032e+02   1.90668761e-05
   3.56836520e+02  -2.59343869e-05
   3.56837008e+02  -8.86146227e-05
   3.56837497e+02  -1.02152728e-04
   3.56837985e+02  -1.30619548e-04
   3.56838473e+02  -5.01941686e-05
   3.56838962e+02   1.00295903e-04
   3.56839450e+02   1.71916312e-04
   3.56839938e+02   1.70766856e-04
   3.56840427e+02   8.42186928e-05
   3.56840915e+02   2.45835986e-06
   3.56841403e+02   1.08637014e-05
   3.56841891e+02   1.86239686e-05
   3.56842380e+02  -4.88803016e-06
   3.56842868e+02   1.53622314e-05
   3.56843356e+02   4.12562978e-04
   3.56843845e+02   7.56190333e-04
   3.56844333e+02   4.04886727e-04
   3.56844821e+02  -1.59926596e-04
   3.56845310e+02  -2.32225939e-04
   3.56845798e+02  -1.07947024e-04
   3.56846286e+02   3.21123207e-06
   3.56846775e+02   2.95231381e-04
   3.56847263e+02   3.14757141e-04
   3.56847751e+02   4.96164539e-05
   3.56848240e+02   2.62487971e-04
   3.56848728e+02   4.36544302e-04
   3.56849216e+02   3.09363764e-04
   3.56849704e+02   3.26743961e-04
   3.56850193e+02   5.05548785e-04
   3.56850681e+02   6.87067397e-04
   3.56851169e+02   7.10524502e-04
   3.56851658e+02   5.13471547e-04
   3.56852146e+02   2.12999585e-04
   3.56852634e+02   1.93061969e-05
   3.56853123e+02  -1.77464681e-05
   3.56853611e+02   1.76076952e-04
   3.56854099e+02   1.82026619e-04
   3.56854588e+02  -5.84531663e-05
   3.56855076e+02   3.97361175e-04
   3.56855564e+02   8.38716573e-04
   3.56856052e+02   7.88655540e-04
   3.56856541e+02   5.68001822e-04
   3.56857029e+02   3.38348182e-04
   3.56857517e+02   2.68051575e-04
   3.56858006e+02   3.58066405e-04
   3.56858494e+02   3.14887468e-04
   3.56858982e+02   8.51164950e-05
   3.56859471e+02   9.57660232e-05
   3.56859959e+02   2.49521778e-04
   3.56860447e+02   1.48144143e-04
   3.56860936e+02  -7.26537255e-05
   3.56861424e+02  -3.17121972e-04
   3.56861912e+02  -5.01518778e-04
   3.56862400e+02  -2.87396135e-04
   3.56862889e+02   2.82428391e-05
   3.56863377e+02   3.27191898e-04
   3.56863865e+02   4.35895636e-04
   3.56864354e+02   1.22069061e-04
   3.56864842e+02   1.64999656e-05
   3.56865330e+02   2.05302404e-05
   3.56865819e+02  -1.42290359e-04
   3.56866307e+02  -2.26665259e-04
   3.56866795e+02  -4.10586916e-04
   3.56867284e+02  -3.06952337e-04
   3.56867772e+02   2.11656778e-04
   3.56868260e+02   3.67363391e-04
   3.56868748e+02   1.30483299e-04
   3.56869237e+02  -3.56081786e-04
   3.56869725e+02  -8.94958444e-04
   3.56870213e+02  -9.72191279e-04
   3.56870702e+02  -5.09474543e-04
   3.56871190e+02  -9.30446549e-05
   3.56871678e+02  -3.12896271e-04
   3.56872167e+02  -5.80616936e-04
   3.56872655e+02  -5.34627063e-04
   3.56873143e+02  -3.14514153e-04
   3.56873632e+02  -2.64139053e-05
   3.56874120e+02   8.10069396e-05
   3.56874608e+02   1.51038053e-04
   3.56875096e+02   4.15702496e-04
   3.56875585e+02   6.71882124e-04
   3.56876073e+02   6.27012574e-04
   3.56876561e+02   1.37486611e-04
   3.56877050e+02  -1.70537896e-04
   3.56877538e+02   1.18697186e-04
   3.56878026e+02   3.89134948e-04
   3.56878515e+02   8.80413354e-05
   3.56879003e+02  -3.68873851e-04
   3.56879491e+02  -5.72860590e-04
   3.56879980e+02  -4.52080305e-04
   3.56880468e+02  -1.53556612e-04
   3.56880956e+02  -4.94636071e-04
   3.56881444e+02  -1.08716497e-03
   3.56881933e+02  -1.13063108e-03
   3.56882421e+02  -1.04463298e-03
   3.56882909e+02  -8.91180534e-04
   3.56883398e+02  -4.29473643e-04
   3.56883886e+02   4.35385264e-05
   3.56884374e+02   2.58094718e-04
   3.56884863e+02   3.74100462e-04
   3.56885351e+02   7.68875645e-04
   3.56885839e+02   1.09349785e-03
   3.56886328e+02   1.02165865e-03
   3.56886816e+02   4.91146056e-04
   3.56887304e+02  -3.63292784e-04
   3.56887793e+02  -9.74185707e-04
   3.56888281e+02  -9.30094742e-04
   3.56888769e+02  -6.23006781e-04
   3.56889257e+02  -6.10765244e-04
   3.56889746e+02  -7.65488774e-04
   3.56890234e+02  -4.63979319e-04
   3.56890722e+02   2.54422514e-04
   3.56891211e+02   6.43966603e-04
   3.56891699e+02   1.73081367e-04
   3.56892187e+02  -1.52247550e-04
   3.56892676e+02  -7.51819316e-05
   3.56893164e+02  -9.75793155e-05
   3.56893652e+02  -3.68522044e-04
   3.56894141e+02  -5.79015526e-04
   3.56894629e+02  -1.89671526e-04
   3.56895117e+02   3.31517978e-04
   3.56895605e+02   5.02203242e-04
   3.56896094e+02   2.14977059e-04
   3.56896582e+02  -1.24048733e-04
   3.56897070e+02  -7.42229313e-05
   3.56897559e+02  -1.12778303e-04
   3.56898047e+02  -5.25840296e-05
   3.56898535e+02   1.53128334e-04
   3.56899024e+02   1.90847131e-04
   3.56899512e+02   3.09610448e-04
   3.56900000e+02   3.07183684e-04
   3.56900489e+02   8.72498131e-05
   3.56900977e+02  -2.93138990e-04
   3.56901465e+02  -7.17958552e-04
   3.56901953e+02  -7.55152141e-04
   3.56902442e+02  -4.01755184e-04
   3.56902930e+02  -2.07741847e-04
   3.56903418e+02  -4.19636257e-04
   3.56903907e+02  -4.74268309e-04
   3.56904395e+02  -1.24542552e-04
   3.56904883e+02   1.75065434e-04
   3.56905372e+02   1.77655267e-04
   3.56905860e+02  -1.55872098e-04
   3.56906348e+02  -4.22581827e-04
   3.56906837e+02  -3.99440498e-04
   3.56907325e+02  -1.53564120e-04
   3.56907813e+02   6.00913991e-05
   3.56908301e+02  -2.48344586e-05
   3.56908790e+02  -2.55552761e-04
   3.56909278e+02  -2.99839681e-04
   3.56909766e+02  -8.92208191e-05
   3.56910255e+02   3.00564687e-04
   3.56910743e+02   5.65468043e-04
   3.56911231e+02   4.87187586e-04
   3.56911720e+02   2.58086744e-04
   3.56912208e+02  -2.44854823e-06
   3.56912696e+02  -2.04325988e-04
   3.56913185e+02  -4.14693030e-04
   3.56913673e+02  -4.62006574e-04
   3.56914161e+02  -9.91405250e-05
   3.56914649e+02   1.84019824e-04
   3.56915138e+02   1.71526524e-04
   3.56915626e+02  -4.69720326e-05
   3.56916114e+02  -5.49635733e-04
   3.56916603e+02  -1.03934086e-03
   3.56917091e+02  -8.30483681e-04
   3.56917579e+02   7.90530030e-05
   3.56918068e+02   5.04762167e-04
   3.56918556e+02   2.10880069e-04
   3.56919044e+02   1.52563007e-04
   3.56919533e+02   8.49060671e-05
   3.56920021e+02  -3.64777196e-04
   3.56920509e+02  -7.56697380e-04
   3.56920997e+02  -6.87077758e-04
   3.56921486e+02  -6.27100468e-04
   3.56921974e+02  -7.55057379e-04
   3.56922462e+02  -3.60469858e-04
   3.56922951e+02   2.66368188e-05
   3.56923439e+02   1.18497177e-04
   3.56923927e+02  -3.02024546e-05
   3.56924416e+02  -1.78193877e-04
   3.56924904e+02   2.81919260e-04
   3.56925392e+02   6.47050561e-04
   3.56925881e+02   2.75177968e-04
   3.56926369e+02  -1.16252641e-05
   3.56926857e+02   1.90925668e-04
   3.56927346e+02   5.12677245e-04
   3.56927834e+02   2.32616134e-04
   3.56928322e+02  -5.26416639e-04
   3.56928810e+02  -8.93240562e-04
   3.56929299e+02  -5.25698008e-04
   3.56929787e+02   5.09712772e-05
   3.56930275e+02   1.39652839e-04
   3.56930764e+02   2.21023765e-06
   3.56931252e+02  -1.12810761e-04
   3.56931740e+02  -2.78981024e-04
   3.56932229e+02  -1.87960497e-04
   3.56932717e+02  -2.32062273e-04
   3.56933205e+02  -3.91855661e-04
   3.56933694e+02  -3.30084818e-04
   3.56934182e+02  -2.19783411e-04
   3.56934670e+02  -3.15290410e-04
   3.56935158e+02  -4.20888682e-04
   3.56935647e+02  -4.03973216e-04
   3.56936135e+02  -5.05867181e-04
   3.56936623e+02  -6.59565558e-04
   3.56937112e+02  -3.16288788e-04
   3.56937600e+02   1.70157829e-04
   3.56938088e+02   2.79442727e-04
   3.56938577e+02   1.12285634e-04
   3.56939065e+02  -2.80790991e-04
   3.56939553e+02  -6.58231671e-04
   3.56940042e+02  -5.97664621e-04
   3.56940530e+02  -3.29444854e-04
   3.56941018e+02  -3.67252011e-04
   3.56941506e+02  -4.82609146e-04
   3.56941995e+02  -6.94284914e-04
   3.56942483e+02  -6.12654840e-04
   3.56942971e+02  -2.64379167e-04
   3.56943460e+02  -1.10269088e-04
   3.56943948e+02  -2.84499711e-05
   3.56944436e+02   7.87496610e-05
   3.56944925e+02   4.60699055e-04
   3.56945413e+02   7.47590268e-04
   3.56945901e+02   6.85284089e-04
   3.56946390e+02   6.15876168e-04
   3.56946878e+02   4.01083526e-04
   3.56947366e+02  -2.82410310e-05
   3.56947854e+02  -3.54758638e-04
   3.56948343e+02  -2.53803330e-04
   3.56948831e+02  -1.84447301e-04
   3.56949319e+02  -2.68093136e-04
   3.56949808e+02  -1.02531689e-04
   3.56950296e+02   7.62827185e-05
   3.56950784e+02   4.55460213e-05
   3.56951273e+02  -8.26825126e-05
   3.56951761e+02  -2.29901940e-04
   3.56952249e+02  -1.64247045e-04
   3.56952738e+02   9.51243273e-05
   3.56953226e+02   1.80294126e-04
   3.56953714e+02  -6.17669502e-05
   3.56954202e+02  -1.08039691e-04
   3.56954691e+02   2.51300517e-04
   3.56955179e+02   4.87582089e-04
   3.56955667e+02   4.73817781e-04
   3.56956156e+02   6.71630041e-05
   3.56956644e+02  -4.23708494e-04
   3.56957132e+02  -5.43174683e-04
   3.56957621e+02  -5.36353269e-04
   3.56958109e+02  -4.89583006e-04
   3.56958597e+02  -4.18862532e-04
   3.56959086e+02  -5.57392952e-04
   3.56959574e+02  -7.32211221e-04
   3.56960062e+02  -2.67724390e-04
   3.56960550e+02   9.08237780e-05
   3.56961039e+02  -4.80958879e-05
   3.56961527e+02   2.89798714e-04
   3.56962015e+02   6.60930760e-04
   3.56962504e+02   3.49685026e-04
   3.56962992e+02   4.57110809e-06
   3.56963480e+02   3.65444575e-05
   3.56963969e+02   2.79670290e-04
   3.56964457e+02   3.53795942e-04
   3.56964945e+02   6.03747249e-05
   3.56965434e+02  -3.73298448e-04
   3.56965922e+02  -3.45534063e-04
   3.56966410e+02   8.50969154e-05
   3.56966899e+02  -1.92775169e-05
   3.56967387e+02  -2.87139934e-04
   3.56967875e+02  -1.86104502e-04
   3.56968363e+02   1.32315574e-04
   3.56968852e+02   6.13992626e-04
   3.56969340e+02   5.78896026e-04
   3.56969828e+02   3.64217442e-04
   3.56970317e+02   3.93792987e-04
   3.56970805e+02   6.29802817e-05
   3.56971293e+02  -5.02405805e-04
   3.56971782e+02  -5.35256986e-04
   3.56972270e+02   2.21858980e-04
   3.56972758e+02   9.94579983e-04
   3.56973247e+02   1.16078323e-03
   3.56973735e+02   8.75968894e-04
   3.56974223e+02   3.28169350e-04
   3.56974711e+02  -8.87849674e-05
   3.56975200e+02  -4.56247799e-04
   3.56975688e+02  -6.45111722e-04
   3.56976176e+02  -2.81654153e-04
   3.56976665e+02  -1.71418826e-04
   3.56977153e+02  -3.35566350e-04
   3.56977641e+02  -1.82866337e-04
   3.56978130e+02   6.92852700e-05
   3.56978618e+02   1.20431272e-04
   3.56979106e+02  -1.61302742e-05
   3.56979595e+02  -6.09246963e-05
   3.56980083e+02   1.46859937e-04
   3.56980571e+02   3.81453749e-04
   3.56981059e+02   2.55081570e-04
   3.56981548e+02   8.35045576e-05
   3.56982036e+02   2.50870944e-04
   3.56982524e+02   1.38585485e-04
   3.56983013e+02  -3.66411987e-04
   3.56983501e+02  -4.21850535e-04
   3.56983989e+02  -2.49546312e-04
   3.56984478e+02  -2.55189778e-04
   3.56984966e+02  -2.47884338e-04
   3.56985454e+02  -1.33123438e-04
   3.56985943e+02   2.42731097e-04
   3.56986431e+02   4.73575026e-04
   3.56986919e+02   2.95346079e-04
   3.56987407e+02   2.35224565e-04
   3.56987896e+02   5.00251306e-04
   3.56988384e+02   4.16881376e-04
   3.56988872e+02   1.32757836e-04
   3.56989361e+02   1.29132764e-04
   3.56989849e+02   1.34566188e-04
   3.56990337e+02   3.00395623e-04
   3.56990826e+02   4.63122444e-04
   3.56991314e+02   4.36050235e-04
   3.56991802e+02   2.12293511e-04
   3.56992291e+02  -4.02568461e-04
   3.56992779e+02  -9.40770784e-04
   3.56993267e+02  -8.64386384e-04
   3.56993755e+02  -2.77014537e-04
   3.56994244e+02   6.49918511e-05
   3.56994732e+02   4.90172861e-05
   3.56995220e+02   7.65031800e-05
   3.56995709e+02   1.69649385e-04
   3.56996197e+02   3.20275227e-04
   3.56996685e+02   8.40708526e-05
   3.56997174e+02  -3.49094480e-04
   3.56997662e+02  -3.88353277e-04
   3.56998150e+02  -9.95499504e-05
   3.56998639e+02  -5.44188470e-06
   3.56999127e+02  -2.29569574e-04
   3.56999615e+02  -5.63951442e-04
   3.57000103e+02  -8.47860647e-04
   3.57000592e+02  -4.98100475e-04
   3.57001080e+02   4.87487159e-05
   3.57001568e+02   1.33831098e-04
   3.57002057e+02  -8.95866906e-05
   3.57002545e+02  -2.49705830e-04
   3.57003033e+02  -1.95291548e-04
   3.57003522e+02  -2.90982251e-04
   3.57004010e+02  -6.37888734e-04
   3.57004498e+02  -8.92855693e-04
   3.57004987e+02  -1.04443193e-03
   3.57005475e+02  -1.12984423e-03
   3.57005963e+02  -1.03300333e-03
   3.57006451e+02  -7.55881541e-04
   3.57006940e+02  -5.37683896e-04
   3.57007428e+02  -2.54561135e-04
   3.57007916e+02   2.12622967e-04
   3.57008405e+02   1.27348932e-04
   3.57008893e+02  -1.24788148e-05
   3.57009381e+02   3.68091482e-04
   3.57009870e+02   3.90032772e-04
   3.57010358e+02  -8.69191645e-05
   3.57010846e+02  -3.66773544e-04
   3.57011335e+02  -3.57246201e-04
   3.57011823e+02  -2.40908630e-04
   3.57012311e+02  -3.69025569e-04
   3.57012800e+02  -5.57284802e-04
   3.57013288e+02  -3.61625251e-04
   3.57013776e+02   2.11854145e-04
   3.57014264e+02   7.25055754e-04
   3.57014753e+02   7.31745036e-04
   3.57015241e+02   1.62553901e-04
   3.57015729e+02  -5.13211882e-04
   3.57016218e+02  -6.90348214e-04
   3.57016706e+02  -4.26616083e-04
   3.57017194e+02  -6.12526419e-05
   3.57017683e+02   1.87093479e-04
   3.57018171e+02   5.03341398e-05
   3.57018659e+02   1.37276977e-04
   3.57019148e+02   5.04477706e-04
   3.57019636e+02   5.79903193e-04
   3.57020124e+02   2.04493463e-05
   3.57020612e+02  -3.89675930e-04
   3.57021101e+02  -4.36631526e-05
   3.57021589e+02   2.82307185e-04
   3.57022077e+02  -8.31605212e-05
   3.57022566e+02  -2.44979834e-04
   3.57023054e+02  -4.25407743e-05
   3.57023542e+02  -3.18894978e-04
   3.57024031e+02  -8.12276383e-04
   3.57024519e+02  -8.06672731e-04
   3.57025007e+02  -5.22652466e-04
   3.57025496e+02  -2.93314049e-04
   3.57025984e+02   1.24150247e-04
   3.57026472e+02   4.57315153e-04
   3.57026960e+02   6.42127925e-05
   3.57027449e+02  -2.03680000e-04
   3.57027937e+02   3.05694630e-06
   3.57028425e+02  -2.45622996e-05
   3.57028914e+02  -5.39568755e-05
   3.57029402e+02   5.72056815e-05
   3.57029890e+02   7.50217223e-05
   3.57030379e+02  -5.86218391e-07
   3.57030867e+02  -3.87089422e-05
   3.57031355e+02  -8.71315715e-05
   3.57031844e+02  -2.38040404e-04
   3.57032332e+02  -3.68215813e-04
   3.57032820e+02  -3.88286833e-04
   3.57033308e+02  -5.76804960e-05
   3.57033797e+02   3.07560113e-04
   3.57034285e+02   2.77154817e-04
   3.57034773e+02   4.55970963e-04
   3.57035262e+02   7.87308207e-04
   3.57035750e+02   2.30708363e-04
   3.57036238e+02  -1.38672694e-04
   3.57036727e+02   4.03760670e-04
   3.57037215e+02   4.76532965e-04
   3.57037703e+02   9.06862842e-05
   3.57038192e+02  -3.15065437e-04
   3.57038680e+02  -4.22531361e-04
   3.57039168e+02  -9.12496980e-05
   3.57039656e+02   1.16017400e-04
   3.57040145e+02   3.84843268e-04
   3.57040633e+02   3.05977592e-04
   3.57041121e+02  -1.68345025e-04
   3.57041610e+02  -2.09696838e-04
   3.57042098e+02  -2.23257230e-04
   3.57042586e+02  -4.76164976e-04
   3.57043075e+02  -9.98021060e-05
   3.57043563e+02   4.64356213e-04
   3.57044051e+02   3.92831833e-04
   3.57044540e+02   3.66730266e-04
   3.57045028e+02   4.48371022e-04
   3.57045516e+02   1.13173613e-04
   3.57046004e+02   5.31494516e-06
   3.57046493e+02   3.48869507e-04
   3.57046981e+02   3.68406210e-04
   3.57047469e+02   7.94466814e-06
   3.57047958e+02   2.52069476e-05
   3.57048446e+02   3.10180796e-04
   3.57048934e+02   3.58695805e-04
   3.57049423e+02   9.23315602e-05
   3.57049911e+02  -3.90153473e-05
   3.57050399e+02   2.94115860e-04
   3.57050888e+02   5.80176944e-04
   3.57051376e+02   1.88420105e-04
   3.57051864e+02  -3.16880032e-04
   3.57052353e+02  -1.07228014e-04
   3.57052841e+02   1.54262289e-05
   3.57053329e+02  -8.27703116e-05
   3.57053817e+02   2.27147364e-04
   3.57054306e+02   3.63307627e-04
   3.57054794e+02   1.82281656e-04
   3.57055282e+02   4.76696272e-07
   3.57055771e+02  -2.39334637e-04
   3.57056259e+02  -3.43789114e-04
   3.57056747e+02  -3.27948452e-04
   3.57057236e+02  -1.11093366e-04
   3.57057724e+02   3.32580705e-04
   3.57058212e+02   5.38502587e-04
   3.57058701e+02   2.21714989e-04
   3.57059189e+02  -9.69140965e-05
   3.57059677e+02   1.80937670e-04
   3.57060165e+02   5.02060575e-04
   3.57060654e+02   2.40968337e-04
   3.57061142e+02  -1.27145569e-04
   3.57061630e+02  -8.95817429e-05
   3.57062119e+02   1.93449538e-04
   3.57062607e+02   2.63574737e-04
   3.57063095e+02  -2.26955217e-05
   3.57063584e+02  -4.91905317e-04
   3.57064072e+02  -6.58020203e-04
   3.57064560e+02  -2.74760387e-04
   3.57065049e+02   2.87816714e-04
   3.57065537e+02   4.83373209e-04
   3.57066025e+02   3.87541833e-04
   3.57066513e+02   2.75332248e-04
   3.57067002e+02   6.73318664e-06
   3.57067490e+02  -3.68158566e-04
   3.57067978e+02  -3.05228692e-04
   3.57068467e+02   4.34340327e-05
   3.57068955e+02   1.40987904e-04
   3.57069443e+02  -1.21835892e-05
   3.57069932e+02  -2.59262451e-04
   3.57070420e+02  -3.90905625e-04
   3.57070908e+02  -4.31395310e-04
   3.57071397e+02  -3.25535395e-04
   3.57071885e+02  -7.40570686e-05
   3.57072373e+02   1.90850813e-04
   3.57072861e+02   5.89691917e-04
   3.57073350e+02   6.38945086e-04
   3.57073838e+02  -1.19427321e-04
   3.57074326e+02  -6.80705125e-04
   3.57074815e+02  -5.47857548e-04
   3.57075303e+02  -3.02857137e-04
   3.57075791e+02  -3.65072410e-05
   3.57076280e+02   1.23841994e-06
   3.57076768e+02  -8.78028877e-05
   3.57077256e+02   2.13835257e-04
   3.57077745e+02   5.75981219e-04
   3.57078233e+02   5.76316961e-04
   3.57078721e+02   5.78677165e-04
   3.57079209e+02   8.10439233e-04
   3.57079698e+02   8.10717058e-04
   3.57080186e+02   6.20409031e-04
   3.57080674e+02   3.57836601e-04
   3.57081163e+02  -8.86527196e-05
   3.57081651e+02  -3.53309617e-04
   3.57082139e+02  -3.58025427e-04
   3.57082628e+02  -3.05019086e-04
   3.57083116e+02  -1.31334193e-04
   3.57083604e+02   7.10650202e-05
   3.57084093e+02   9.65860163e-05
   3.57084581e+02   8.41101937e-05
   3.57085069e+02  -1.14533150e-05
   3.57085557e+02  -4.08319283e-05
   3.57086046e+02   2.05874763e-04
   3.57086534e+02   4.28871659e-04
   3.57087022e+02   5.72267454e-04
   3.57087511e+02   4.06206382e-04
   3.57087999e+02  -1.15821866e-04
   3.57088487e+02  -3.85653315e-04
   3.57088976e+02  -3.16117977e-04
   3.57089464e+02  -2.14839209e-04
   3.57089952e+02  -3.84118721e-05
   3.57090441e+02   1.93168671e-04
   3.57090929e+02   8.60858127e-05
   3.57091417e+02  -2.52442638e-04
   3.57091906e+02  -3.53515032e-04
   3.57092394e+02   1.66481095e-05
   3.57092882e+02   2.26470176e-04
   3.57093370e+02  -5.44275827e-05
   3.57093859e+02  -3.47578316e-04
   3.57094347e+02  -3.53217067e-04
   3.57094835e+02  -3.22925654e-04
   3.57095324e+02  -4.36935989e-05
   3.57095812e+02   7.74783490e-04
   3.57096300e+02   1.06683304e-03
   3.57096789e+02   5.86682989e-04
   3.57097277e+02   3.21368716e-04
   3.57097765e+02   1.18912700e-04
   3.57098254e+02  -1.73359105e-04
   3.57098742e+02   3.01502459e-05
   3.57099230e+02   6.57277415e-04
   3.57099718e+02   9.17192840e-04
   3.57100207e+02   8.28834600e-04
   3.57100695e+02   3.74729047e-04
   3.57101183e+02  -5.84851252e-04
   3.57101672e+02  -1.12156477e-03
   3.57102160e+02  -9.35563003e-04
   3.57102648e+02  -3.82295897e-04
   3.57103137e+02   1.78090500e-04
   3.57103625e+02   5.22347167e-04
   3.57104113e+02   5.35124214e-04
   3.57104602e+02   5.86226815e-05
   3.57105090e+02  -3.73103394e-04
   3.57105578e+02  -3.27554764e-04
   3.57106066e+02  -3.61172686e-04
   3.57106555e+02  -5.57977066e-04
   3.57107043e+02  -2.20191185e-04
   3.57107531e+02   4.52849257e-04
   3.57108020e+02   8.17479799e-04
   3.57108508e+02   7.94964668e-04
   3.57108996e+02   6.37669058e-04
   3.57109485e+02   4.51021857e-04
   3.57109973e+02   3.30249139e-04
   3.57110461e+02   4.30509652e-04
   3.57110950e+02   7.81368348e-04
   3.57111438e+02   1.08268205e-03
   3.57111926e+02   9.33757168e-04
   3.57112414e+02   5.86473208e-04
   3.57112903e+02   2.89344724e-04
   3.57113391e+02  -2.39457106e-04
   3.57113879e+02  -7.95826025e-04
   3.57114368e+02  -9.05193912e-04
   3.57114856e+02  -6.27261528e-04
   3.57115344e+02  -4.07132502e-05
   3.57115833e+02   3.52041883e-04
   3.57116321e+02   1.75883091e-04
   3.57116809e+02  -3.85729567e-04
   3.57117298e+02  -9.31984163e-04
   3.57117786e+02  -7.88417936e-04
   3.57118274e+02  -2.64759525e-04
   3.57118762e+02  -2.63480033e-04
   3.57119251e+02  -5.97852166e-04
   3.57119739e+02  -8.82455439e-04
   3.57120227e+02  -6.41030259e-04
   3.57120716e+02   8.21684880e-05
   3.57121204e+02   6.19352853e-04
   3.57121692e+02   7.61353178e-04
   3.57122181e+02   6.34314143e-04
   3.57122669e+02   3.60702223e-04
   3.57123157e+02   1.01226098e-04
   3.57123646e+02  -2.00467723e-04
   3.57124134e+02  -4.81968455e-04
   3.57124622e+02  -5.58153610e-04
   3.57125110e+02  -4.57326241e-04
   3.57125599e+02  -2.80153094e-04
   3.57126087e+02   1.09160261e-04
   3.57126575e+02   3.74772208e-04
   3.57127064e+02   3.23158602e-04
   3.57127552e+02   9.58144519e-05
   3.57128040e+02  -4.43400844e-04
   3.57128529e+02  -8.43137153e-04
   3.57129017e+02  -6.31832576e-04
   3.57129505e+02  -6.31545772e-05
   3.57129994e+02   3.63948406e-04
   3.57130482e+02   2.70020246e-04
   3.57130970e+02   8.08649474e-06
   3.57131459e+02   3.22793276e-05
   3.57131947e+02   3.60433405e-05
   3.57132435e+02  -2.64137750e-04
   3.57132923e+02  -4.58206341e-04
   3.57133412e+02  -9.82394413e-05
   3.57133900e+02   3.12220480e-04
   3.57134388e+02   1.79251365e-04
   3.57134877e+02   8.73402678e-05
   3.57135365e+02  -2.18000059e-06
   3.57135853e+02  -1.83389697e-04
   3.57136342e+02  -2.60494126e-04
   3.57136830e+02  -1.09157387e-04
   3.57137318e+02   3.76568612e-04
   3.57137807e+02   6.11955649e-04
   3.57138295e+02   1.58183961e-04
   3.57138783e+02  -7.48505909e-06
   3.57139271e+02  -8.25609968e-05
   3.57139760e+02  -6.07782509e-04
   3.57140248e+02  -8.16877116e-04
   3.57140736e+02  -6.32222509e-05
   3.57141225e+02   7.04612874e-04
   3.57141713e+02   3.90232744e-04
   3.57142201e+02   1.50690088e-04
   3.57142690e+02  -1.98083526e-05
   3.57143178e+02  -6.27149828e-04
   3.57143666e+02  -5.02323266e-04
   3.57144155e+02   1.95420958e-04
   3.57144643e+02   4.74942819e-04
   3.57145131e+02   4.44619684e-04
   3.57145619e+02   4.21744568e-04
   3.57146108e+02   2.13548512e-04
   3.57146596e+02  -1.70006373e-04
   3.57147084e+02  -1.92114938e-04
   3.57147573e+02  -1.06811640e-04
   3.57148061e+02  -3.34918761e-04
   3.57148549e+02  -3.06481175e-04
   3.57149038e+02   3.09988150e-06
   3.57149526e+02  -1.06657717e-04
   3.57150014e+02  -4.65805497e-04
   3.57150503e+02  -2.69339100e-04
   3.57150991e+02   1.47397022e-05
   3.57151479e+02  -8.96256608e-07
   3.57151967e+02   1.91858184e-04
   3.57152456e+02   3.80586425e-04
   3.57152944e+02   2.56641302e-04
   3.57153432e+02   3.25613306e-04
   3.57153921e+02   5.34760067e-04
   3.57154409e+02   1.41396536e-04
   3.57154897e+02  -2.12551560e-04
   3.57155386e+02  -1.58711890e-04
   3.57155874e+02  -2.93655641e-04
   3.57156362e+02  -2.41746995e-04
   3.57156851e+02   2.29885060e-04
   3.57157339e+02   7.00195902e-04
   3.57157827e+02   8.21259106e-04
   3.57158315e+02   5.94567682e-04
   3.57158804e+02   3.36969533e-04
   3.57159292e+02   4.46585531e-04
   3.57159780e+02   6.94208487e-04
   3.57160269e+02   5.31811966e-04
   3.57160757e+02   4.06645675e-04
   3.57161245e+02   3.53324227e-04
   3.57161734e+02   1.84146455e-04
   3.57162222e+02  -8.58216590e-05
   3.57162710e+02  -2.95346515e-04
   3.57163199e+02  -1.07885371e-05
   3.57163687e+02   6.25707689e-05
   3.57164175e+02  -3.96879099e-04
   3.57164663e+02  -3.57509183e-04
   3.57165152e+02  -2.28620647e-05
   3.57165640e+02  -5.66348099e-05
   3.57166128e+02  -2.22329778e-04
   3.57166617e+02  -3.63208790e-04
   3.57167105e+02  -5.11729333e-04
   3.57167593e+02  -3.58814781e-04
   3.57168082e+02  -3.41864652e-04
   3.57168570e+02  -4.13118658e-04
   3.57169058e+02  -1.71140287e-04
   3.57169547e+02  -7.00610326e-05
   3.57170035e+02   2.26191260e-04
   3.57170523e+02   6.04472414e-04
   3.57171012e+02   5.33189974e-04
   3.57171500e+02   2.73022219e-04
   3.57171988e+02  -1.32287547e-04
   3.57172476e+02  -2.72108387e-04
   3.57172965e+02  -2.32308055e-04
   3.57173453e+02  -3.26634094e-04
   3.57173941e+02  -2.07619101e-04
   3.57174430e+02  -4.90541388e-05
   3.57174918e+02  -2.71185330e-04
   3.57175406e+02  -4.60790878e-04
   3.57175895e+02  -7.15068600e-05
   3.57176383e+02   2.81703717e-04
   3.57176871e+02   1.88651356e-05
   3.57177360e+02  -4.12218913e-04
   3.57177848e+02  -5.34296269e-04
   3.57178336e+02  -2.67399300e-04
   3.57178824e+02  -9.92942150e-05
   3.57179313e+02   1.76151196e-04
   3.57179801e+02   2.79427943e-04
   3.57180289e+02  -2.20540824e-04
   3.57180778e+02  -3.22148087e-04
   3.57181266e+02   4.33247696e-05
   3.57181754e+02   2.24762261e-04
   3.57182243e+02   3.19791201e-04
   3.57182731e+02   2.21688155e-04
   3.57183219e+02  -1.10699846e-04
   3.57183708e+02  -5.18944173e-04
   3.57184196e+02  -2.22649003e-04
   3.57184684e+02   5.52809855e-04
   3.57185172e+02   7.59617309e-04
   3.57185661e+02   5.78509469e-04
   3.57186149e+02   3.02681205e-04
   3.57186637e+02   2.52049467e-05
   3.57187126e+02  -1.38789139e-04
   3.57187614e+02  -2.97963124e-04
   3.57188102e+02  -2.78819440e-04
   3.57188591e+02   4.12590525e-05
   3.57189079e+02   4.01076599e-04
   3.57189567e+02   5.10812330e-04
   3.57190056e+02   4.97446308e-05
   3.57190544e+02  -3.90372501e-04
   3.57191032e+02  -3.27817688e-04
   3.57191520e+02  -3.18415172e-04
   3.57192009e+02  -2.66638526e-04
   3.57192497e+02  -3.90845962e-04
   3.57192985e+02  -5.98190469e-04
   3.57193474e+02  -3.25405854e-04
   3.57193962e+02  -5.06505166e-05
   3.57194450e+02   9.14859411e-05
   3.57194939e+02   1.31475361e-04
   3.57195427e+02  -1.77831200e-04
   3.57195915e+02  -3.28830094e-04
   3.57196404e+02  -1.17584190e-04
   3.57196892e+02   2.94963775e-05
   3.57197380e+02  -2.37881636e-06
   3.57197868e+02  -3.59135156e-05
   3.57198357e+02   1.97104615e-04
   3.57198845e+02   4.93388390e-04
   3.57199333e+02   3.07353708e-04
   3.57199822e+02  -2.20433125e-04
   3.57200310e+02  -3.36515397e-04
   3.57200798e+02  -1.29677108e-04
   3.57201287e+02  -2.04719967e-04
   3.57201775e+02  -3.55435826e-04
   3.57202263e+02  -4.48637991e-04
   3.57202752e+02  -6.71477872e-04
   3.57203240e+02  -6.22796710e-04
   3.57203728e+02   4.96073153e-06
   3.57204216e+02   2.49059260e-04
   3.57204705e+02  -2.66633492e-06
   3.57205193e+02   1.34256203e-04
   3.57205681e+02   2.06580822e-04
   3.57206170e+02  -5.26188705e-05
   3.57206658e+02   4.76448513e-05
   3.57207146e+02   2.28211284e-04
   3.57207635e+02  -2.93972626e-05
   3.57208123e+02  -5.40902314e-04
   3.57208611e+02  -1.05272257e-03
   3.57209100e+02  -1.00719801e-03
   3.57209588e+02  -1.53167886e-04
   3.57210076e+02   2.02392897e-04
   3.57210565e+02  -3.28302704e-04
   3.57211053e+02  -3.95836862e-04
   3.57211541e+02  -1.94173146e-04
   3.57212029e+02  -8.19024135e-05
   3.57212518e+02   3.10496573e-04
   3.57213006e+02   4.32824687e-04
   3.57213494e+02  -7.87838144e-06
   3.57213983e+02  -1.28808111e-04
   3.57214471e+02   6.46058761e-05
   3.57214959e+02  -1.39519776e-04
   3.57215448e+02  -2.23229406e-04
   3.57215936e+02  -2.51581969e-05
   3.57216424e+02   4.10294560e-05
   3.57216913e+02   7.14229900e-05
   3.57217401e+02   4.02996229e-05
   3.57217889e+02  -7.93097424e-05
   3.57218377e+02   1.22710888e-04
   3.57218866e+02   4.82904696e-04
   3.57219354e+02   1.53972709e-04
   3.57219842e+02  -3.96422780e-04
   3.57220331e+02  -3.44873406e-04
   3.57220819e+02   1.48901352e-04
   3.57221307e+02   1.22373865e-04
   3.57221796e+02  -3.62334307e-04
   3.57222284e+02  -5.54628612e-04
   3.57222772e+02  -3.56634817e-04
   3.57223261e+02  -1.08997956e-05
   3.57223749e+02   9.06121277e-05
   3.57224237e+02  -1.40593242e-04
   3.57224725e+02  -3.86391330e-04
   3.57225214e+02  -4.34219197e-04
   3.57225702e+02  -3.06017668e-04
   3.57226190e+02  -1.11236412e-04
   3.57226679e+02   2.31888160e-04
   3.57227167e+02   3.08393559e-04
   3.57227655e+02   1.65866455e-04
   3.57228144e+02   3.27601098e-04
   3.57228632e+02   2.12813495e-04
   3.57229120e+02  -3.03880079e-04
   3.57229609e+02  -5.30126796e-04
   3.57230097e+02  -6.34150929e-04
   3.57230585e+02  -6.89645880e-04
   3.57231073e+02  -9.63662751e-04
   3.57231562e+02  -1.26605493e-03
   3.57232050e+02  -8.64801696e-04
   3.57232538e+02  -4.04953898e-04
   3.57233027e+02  -1.06240645e-04
   3.57233515e+02  -2.33719795e-04
   3.57234003e+02  -3.93869559e-04
   3.57234492e+02   7.59068716e-05
   3.57234980e+02   3.24896158e-04
   3.57235468e+02   1.48525985e-04
   3.57235957e+02   1.76069385e-04
   3.57236445e+02   1.79829702e-04
   3.57236933e+02   2.19234335e-05
   3.57237421e+02   2.28302524e-04
   3.57237910e+02   4.97729401e-04
   3.57238398e+02   4.72565880e-04
   3.57238886e+02   3.26198846e-04
   3.57239375e+02   1.56587193e-04
   3.57239863e+02  -8.62495654e-06
   3.57240351e+02  -1.92714200e-04
   3.57240840e+02  -1.17589210e-04
   3.57241328e+02   2.69374694e-04
   3.57241816e+02   4.21130622e-04
   3.57242305e+02   1.28908694e-04
   3.57242793e+02  -1.27623396e-04
   3.57243281e+02  -2.44011113e-04
   3.57243769e+02  -3.97210242e-04
   3.57244258e+02  -2.17980880e-04
   3.57244746e+02   1.53128858e-04
   3.57245234e+02  -3.24135144e-05
   3.57245723e+02  -5.66471601e-04
   3.57246211e+02  -6.56414893e-04
   3.57246699e+02  -4.75972454e-04
   3.57247188e+02  -3.07201350e-04
   3.57247676e+02   6.64882682e-05
   3.57248164e+02   2.07615798e-04
   3.57248653e+02  -5.98777078e-05
   3.57249141e+02  -2.00229450e-04
   3.57249629e+02   3.29762006e-05
   3.57250118e+02   4.15588671e-04
   3.57250606e+02   2.34582039e-04
   3.57251094e+02   5.88217590e-05
   3.57251582e+02   2.36980952e-04
   3.57252071e+02   1.26445870e-04
   3.57252559e+02   3.81198333e-06
   3.57253047e+02   1.70541571e-05
   3.57253536e+02   1.82096963e-04
   3.57254024e+02   2.96594430e-04
   3.57254512e+02   4.26532206e-04
   3.57255001e+02   3.00786865e-04
   3.57255489e+02  -2.56228086e-04
   3.57255977e+02  -5.43645758e-04
   3.57256466e+02  -6.93427355e-05
   3.57256954e+02   3.45344713e-04
   3.57257442e+02  -2.09284146e-04
   3.57257930e+02  -7.83498050e-04
   3.57258419e+02  -3.09198280e-04
   3.57258907e+02   4.03389655e-04
   3.57259395e+02   7.55858840e-04
   3.57259884e+02   5.49527293e-04
   3.57260372e+02  -1.30275412e-05
   3.57260860e+02  -1.65499558e-04
   3.57261349e+02  -1.18873846e-04
   3.57261837e+02  -3.66724089e-05
   3.57262325e+02   1.75345311e-04
   3.57262814e+02   2.51117221e-04
   3.57263302e+02   3.99335753e-04
   3.57263790e+02   4.54617606e-04
   3.57264278e+02   2.23489522e-04
   3.57264767e+02   1.93533619e-04
   3.57265255e+02   3.16085876e-04
   3.57265743e+02   4.42264834e-04
   3.57266232e+02   5.95156103e-04
   3.57266720e+02   1.84587829e-04
   3.57267208e+02  -4.67736565e-04
   3.57267697e+02  -5.00151189e-04
   3.57268185e+02  -6.47373745e-05
   3.57268673e+02   1.73792985e-04
   3.57269162e+02   4.05522369e-05
   3.57269650e+02  -9.66981042e-06
   3.57270138e+02   9.89099208e-05
   3.57270626e+02   3.72357172e-05
   3.57271115e+02   2.19451074e-04
   3.57271603e+02   3.72833019e-04
   3.57272091e+02  -1.18120450e-04
   3.57272580e+02  -6.07118884e-04
   3.57273068e+02  -5.14564570e-04
   3.57273556e+02  -3.81929654e-04
   3.57274045e+02  -4.64186392e-04
   3.57274533e+02  -6.16212608e-04
   3.57275021e+02  -7.34427595e-04
   3.57275510e+02  -3.28231079e-04
   3.57275998e+02   2.63221475e-04
   3.57276486e+02   3.76019976e-04
   3.57276974e+02   2.48686061e-04
   3.57277463e+02  -1.18490032e-04
   3.57277951e+02  -4.99667134e-04
   3.57278439e+02  -4.67403210e-04
   3.57278928e+02  -1.23020378e-04
   3.57279416e+02   2.45514693e-05
   3.57279904e+02  -3.58201651e-04
   3.57280393e+02  -5.13528648e-04
   3.57280881e+02  -2.28761797e-04
   3.57281369e+02  -1.13765505e-04
   3.57281858e+02  -2.39997651e-04
   3.57282346e+02  -3.32139403e-04
   3.57282834e+02  -3.88653280e-05
   3.57283322e+02   3.48064466e-04
   3.57283811e+02   3.82572180e-04
   3.57284299e+02   2.09430553e-04
   3.57284787e+02   3.24089691e-04
   3.57285276e+02   6.61014754e-04
   3.57285764e+02   6.08866452e-04
   3.57286252e+02   2.63262889e-04
   3.57286741e+02   1.57066039e-04
   3.57287229e+02   4.37190574e-05
   3.57287717e+02   3.85952735e-05
   3.57288206e+02   9.29170274e-05
   3.57288694e+02   2.00490249e-04
   3.57289182e+02   3.69936664e-04
   3.57289671e+02  -4.04833445e-05
   3.57290159e+02  -5.36235515e-04
   3.57290647e+02  -2.71139405e-04
   3.57291135e+02   2.23099705e-04
   3.57291624e+02   2.42726193e-04
   3.57292112e+02   4.36341536e-04
   3.57292600e+02   7.22884259e-04
   3.57293089e+02   2.40835856e-04
   3.57293577e+02  -7.00347591e-05
   3.57294065e+02   4.63169563e-04
   3.57294554e+02   5.79938584e-04
   3.57295042e+02   8.43148882e-05
   3.57295530e+02  -1.66931568e-04
   3.57296019e+02  -2.42969865e-04
   3.57296507e+02  -2.73743179e-04
   3.57296995e+02  -2.70505407e-04
   3.57297483e+02  -3.88833869e-04
   3.57297972e+02  -3.02265806e-04
   3.57298460e+02   1.03756865e-04
   3.57298948e+02   2.70529184e-04
   3.57299437e+02  -1.62832250e-04
   3.57299925e+02  -3.12926626e-04
   3.57300413e+02  -4.24274076e-05
   3.57300902e+02   5.16127075e-05
   3.57301390e+02   2.59073946e-04
   3.57301878e+02   4.62736294e-04
   3.57302367e+02   7.17989387e-05
   3.57302855e+02  -4.86296514e-04
   3.57303343e+02  -2.45558535e-04
   3.57303831e+02   1.28649641e-04
   3.57304320e+02  -7.26390135e-05
   3.57304808e+02  -2.92071083e-04
   3.57305296e+02  -2.50354264e-04
   3.57305785e+02  -1.57822025e-04
   3.57306273e+02   3.01391883e-05
   3.57306761e+02   4.15843300e-04
   3.57307250e+02   4.68803977e-04
   3.57307738e+02   9.98629039e-05
   3.57308226e+02  -2.11414779e-04
   3.57308715e+02  -2.56601488e-04
   3.57309203e+02   5.76980201e-05
   3.57309691e+02   2.72710255e-04
   3.57310179e+02   1.07884538e-04
   3.57310668e+02  -3.31110321e-04
   3.57311156e+02  -5.90594718e-04
   3.57311644e+02  -7.57637026e-04
   3.57312133e+02  -6.01029838e-04
   3.57312621e+02  -5.23947936e-04
   3.57313109e+02  -4.67713340e-04
   3.57313598e+02  -2.41834437e-04
   3.57314086e+02  -4.63974895e-04
   3.57314574e+02  -6.84797589e-04
   3.57315063e+02  -4.91943734e-04
   3.57315551e+02  -3.82606639e-04
   3.57316039e+02  -3.78335855e-04
   3.57316527e+02  -2.88681127e-04
   3.57317016e+02  -1.70805783e-04
   3.57317504e+02  -2.30430727e-04
   3.57317992e+02  -1.70437910e-04
   3.57318481e+02   9.74589711e-05
   3.57318969e+02   2.35755346e-04
   3.57319457e+02   4.49926680e-04
   3.57319946e+02   4.46993276e-04
   3.57320434e+02   9.10177841e-05
   3.57320922e+02   1.37726791e-04
   3.57321411e+02   4.38599352e-04
   3.57321899e+02   3.52638599e-04
   3.57322387e+02  -2.24166870e-05
   3.57322875e+02  -2.61789362e-04
   3.57323364e+02  -1.21047415e-04
   3.57323852e+02   7.16229843e-05
   3.57324340e+02  -7.27936203e-05
   3.57324829e+02  -1.08593515e-04
   3.57325317e+02   2.35182397e-05
   3.57325805e+02   2.91089178e-04
   3.57326294e+02   4.77461726e-04
   3.57326782e+02   2.51638645e-04
   3.57327270e+02  -3.74849798e-04
   3.57327759e+02  -6.05213514e-04
   3.57328247e+02  -1.74754459e-04
   3.57328735e+02   4.89218110e-05
   3.57329224e+02  -1.06768552e-04
   3.57329712e+02   1.50008200e-04
   3.57330200e+02   4.48819716e-04
   3.57330688e+02   9.74219001e-05
   3.57331177e+02  -3.34811368e-04
   3.57331665e+02  -5.49459306e-04
   3.57332153e+02  -6.49064023e-04
   3.57332642e+02  -4.05199011e-04
   3.57333130e+02   2.36178712e-05
   3.57333618e+02   4.91913583e-04
   3.57334107e+02   5.21686743e-04
   3.57334595e+02   1.88761565e-04
   3.57335083e+02   1.63576333e-04
   3.57335572e+02   7.29610692e-05
   3.57336060e+02  -5.97456892e-05
   3.57336548e+02  -2.16690620e-04
   3.57337036e+02  -5.11355698e-04
   3.57337525e+02  -5.19711815e-04
   3.57338013e+02  -2.51500052e-04
   3.57338501e+02  -8.59613283e-06
   3.57338990e+02   1.12682916e-04
   3.57339478e+02   3.27207061e-04
   3.57339966e+02   7.01637007e-04
   3.57340455e+02   8.65962531e-04
   3.57340943e+02   5.99162711e-04
   3.57341431e+02   3.66760913e-04
   3.57341920e+02   1.95263725e-04
   3.57342408e+02   9.91462366e-05
   3.57342896e+02   3.33825301e-04
   3.57343384e+02   3.39485152e-04
   3.57343873e+02  -4.17392948e-06
   3.57344361e+02  -1.81527619e-04
   3.57344849e+02  -8.40464127e-05
   3.57345338e+02  -5.05799799e-05
   3.57345826e+02  -2.09909587e-04
   3.57346314e+02  -3.55071534e-04
   3.57346803e+02  -2.94063473e-04
   3.57347291e+02  -2.08654936e-04
   3.57347779e+02  -3.46266781e-04
   3.57348268e+02  -2.81802466e-04
   3.57348756e+02   1.23699763e-04
   3.57349244e+02   3.25762754e-04
   3.57349732e+02  -1.10073124e-04
   3.57350221e+02  -4.93831467e-04
   3.57350709e+02  -2.63435621e-04
   3.57351197e+02  -1.01115351e-04
   3.57351686e+02  -5.51842531e-05
   3.57352174e+02   8.03913426e-05
   3.57352662e+02  -3.04764399e-06
   3.57353151e+02  -3.45160479e-05
   3.57353639e+02  -9.63383791e-05
   3.57354127e+02   8.85297777e-05
   3.57354616e+02   8.04547046e-04
   3.57355104e+02   1.06743572e-03
   3.57355592e+02   4.66491358e-04
   3.57356080e+02   2.18890651e-04
   3.57356569e+02   1.81769909e-04
   3.57357057e+02   1.40015894e-04
   3.57357545e+02   2.13962339e-04
   3.57358034e+02   1.93951550e-04
   3.57358522e+02  -1.89672399e-04
   3.57359010e+02  -3.52761330e-04
   3.57359499e+02   1.96505862e-04
   3.57359987e+02   3.76872253e-04
   3.57360475e+02  -4.18026117e-04
   3.57360964e+02  -8.87744070e-04
   3.57361452e+02  -4.16118244e-04
   3.57361940e+02   6.02029831e-05
   3.57362428e+02   1.06601481e-04
   3.57362917e+02   3.17458966e-04
   3.57363405e+02   7.05542683e-04
   3.57363893e+02   7.61760632e-04
   3.57364382e+02   2.88708543e-04
   3.57364870e+02  -2.69068812e-04
   3.57365358e+02  -2.46805954e-04
   3.57365847e+02   1.09539331e-04
   3.57366335e+02   4.58118666e-05
   3.57366823e+02  -1.06446525e-04
   3.57367312e+02   2.25739150e-05
   3.57367800e+02   2.10081358e-04
   3.57368288e+02   4.72297717e-04
   3.57368777e+02   5.51756180e-04
   3.57369265e+02   3.56595876e-04
   3.57369753e+02   1.64484241e-04
   3.57370241e+02   3.88035463e-04
   3.57370730e+02   5.13270148e-04
   3.57371218e+02   5.08960860e-04
   3.57371706e+02   4.02581441e-04
   3.57372195e+02   1.13318070e-04
   3.57372683e+02  -2.52316793e-04
   3.57373171e+02  -1.58002847e-04
   3.57373660e+02  -1.54701353e-04
   3.57374148e+02  -4.61445830e-04
   3.57374636e+02  -2.62037152e-04
   3.57375125e+02  -3.83430015e-05
   3.57375613e+02  -3.54155025e-04
   3.57376101e+02  -7.49348139e-04
   3.57376589e+02  -8.56461120e-04
   3.57377078e+02  -3.89190129e-04
   3.57377566e+02   2.32800696e-04
   3.57378054e+02   2.74175283e-04
   3.57378543e+02  -7.20757744e-05
   3.57379031e+02  -1.87793950e-04
   3.57379519e+02   3.46589368e-05
   3.57380008e+02   4.11631918e-04
   3.57380496e+02   5.29466313e-04
   3.57380984e+02   2.67421128e-04
   3.57381473e+02   1.00563499e-04
   3.57381961e+02   2.19191395e-04
   3.57382449e+02   1.62259297e-04
   3.57382937e+02   3.24667781e-05
   3.57383426e+02  -3.32592957e-04
   3.57383914e+02  -6.23559288e-04
   3.57384402e+02  -1.66204991e-04
   3.57384891e+02   3.90143425e-04
   3.57385379e+02   3.07328388e-04
   3.57385867e+02   9.30654060e-05
   3.57386356e+02   3.14686506e-04
   3.57386844e+02   4.51723870e-04
   3.57387332e+02   4.66690952e-04
   3.57387821e+02   3.95327690e-04
   3.57388309e+02  -3.32689851e-05
   3.57388797e+02  -7.87834433e-05
   3.57389285e+02  -1.11565409e-04
   3.57389774e+02  -6.05027075e-04
   3.57390262e+02  -5.57458203e-04
   3.57390750e+02  -2.08093581e-04
   3.57391239e+02  -2.01428760e-04
   3.57391727e+02  -3.59082973e-04
   3.57392215e+02  -3.38931684e-04
   3.57392704e+02  -1.11618610e-04
   3.57393192e+02   1.49108906e-04
   3.57393680e+02   2.42294598e-04
   3.57394169e+02  -2.63185102e-05
   3.57394657e+02  -2.08973303e-04
   3.57395145e+02   5.20871763e-05
   3.57395633e+02   4.80792660e-04
   3.57396122e+02   5.20686735e-04
   3.57396610e+02   1.75581270e-04
   3.57397098e+02   1.33351437e-04
   3.57397587e+02   2.15875378e-04
   3.57398075e+02   3.89102759e-04
   3.57398563e+02   7.27220555e-04
   3.57399052e+02   3.06200120e-04
   3.57399540e+02  -3.44736327e-04
   3.57400028e+02  -2.29315308e-04
   3.57400517e+02   1.87975565e-05
   3.57401005e+02  -2.19429363e-04
   3.57401493e+02  -6.53372379e-04
   3.57401981e+02  -9.62574326e-04
   3.57402470e+02  -1.01479178e-03
   3.57402958e+02  -8.65563517e-04
   3.57403446e+02  -4.16426134e-04
   3.57403935e+02   1.82020041e-04
   3.57404423e+02   1.97240384e-04
   3.57404911e+02  -5.97971230e-05
   3.57405400e+02   1.01066384e-04
   3.57405888e+02   1.70340092e-04
   3.57406376e+02   1.63308232e-05
   3.57406865e+02  -1.90516526e-04
   3.57407353e+02  -5.34045917e-04
   3.57407841e+02  -5.97711594e-04
   3.57408330e+02  -2.67511914e-05
   3.57408818e+02   4.16146271e-04
   3.57409306e+02  -7.93664149e-05
   3.57409794e+02  -6.06600370e-04
   3.57410283e+02  -3.35216318e-04
   3.57410771e+02   1.75058551e-04
   3.57411259e+02   5.21942973e-04
   3.57411748e+02   4.72667685e-04
   3.57412236e+02   4.06997337e-04
   3.57412724e+02   6.22116553e-04
   3.57413213e+02   6.23338972e-04
   3.57413701e+02   5.58003725e-04
   3.57414189e+02   3.95661133e-04
   3.57414678e+02   2.32635270e-04
   3.57415166e+02   1.96841895e-04
   3.57415654e+02   2.61645066e-04
   3.57416142e+02   3.72952607e-04
   3.57416631e+02   2.44608818e-04
   3.57417119e+02   2.52678408e-04
   3.57417607e+02   1.49622952e-04
   3.57418096e+02  -3.92636313e-04
   3.57418584e+02  -5.01813833e-04
   3.57419072e+02  -1.55729169e-04
   3.57419561e+02   2.27401732e-04
   3.57420049e+02   3.92234215e-04
   3.57420537e+02   2.08058293e-04
   3.57421026e+02   1.61217598e-04
   3.57421514e+02   3.41429753e-04
   3.57422002e+02   2.67531082e-04
   3.57422490e+02  -3.24807421e-04
   3.57422979e+02  -6.05850364e-04
   3.57423467e+02  -2.86301889e-04
   3.57423955e+02  -3.04956950e-04
   3.57424444e+02  -5.40439680e-04
   3.57424932e+02  -4.48176201e-04
   3.57425420e+02  -1.43440648e-05
   3.57425909e+02   1.40439763e-04
   3.57426397e+02  -2.55068357e-04
   3.57426885e+02  -3.83090286e-04
   3.57427374e+02  -1.32352754e-04
   3.57427862e+02   7.01739045e-05
   3.57428350e+02   5.35333413e-04
   3.57428838e+02   7.55653775e-04
   3.57429327e+02   6.95019786e-04
   3.57429815e+02   5.57571941e-04
   3.57430303e+02   2.08629834e-04
   3.57430792e+02   2.08170404e-05
   3.57431280e+02   8.86689886e-05
   3.57431768e+02   2.19037756e-04
   3.57432257e+02   4.95769091e-05
   3.57432745e+02  -5.51329984e-04
   3.57433233e+02  -1.03040074e-03
   3.57433722e+02  -7.42746633e-04
   3.57434210e+02  -1.93987536e-04
   3.57434698e+02  -2.52300932e-04
   3.57435186e+02  -4.86181845e-04
   3.57435675e+02  -7.60996991e-05
   3.57436163e+02   3.04443325e-04
   3.57436651e+02  -1.11260459e-04
   3.57437140e+02  -1.73910768e-04
   3.57437628e+02   2.86508352e-04
   3.57438116e+02   1.81205814e-05
   3.57438605e+02  -2.63045804e-04
   3.57439093e+02   9.65603540e-05
   3.57439581e+02   1.26428349e-04
   3.57440070e+02  -2.02474970e-04
   3.57440558e+02   6.26514084e-05
   3.57441046e+02   1.08952358e-04
   3.57441534e+02  -3.72398034e-04
   3.57442023e+02  -3.84841434e-04
   3.57442511e+02  -2.80304492e-04
   3.57442999e+02  -3.19513638e-04
   3.57443488e+02  -2.78779073e-04
   3.57443976e+02   1.76765767e-04
   3.57444464e+02   6.65407686e-04
   3.57444953e+02   7.84819887e-04
   3.57445441e+02   4.92458697e-04
   3.57445929e+02  -6.40094222e-05
   3.57446418e+02  -4.11683810e-04
   3.57446906e+02  -8.07885226e-05
   3.57447394e+02   7.50006002e-04
   3.57447883e+02   8.38140841e-04
   3.57448371e+02   9.64983774e-05
   3.57448859e+02  -1.98269663e-05
   3.57449347e+02   3.16225312e-04
   3.57449836e+02   1.09487839e-04
   3.57450324e+02  -2.20831615e-04
   3.57450812e+02   1.68394272e-05
   3.57451301e+02   1.14189061e-04
   3.57451789e+02  -4.61443531e-04
   3.57452277e+02  -8.09982535e-04
   3.57452766e+02  -5.06573415e-04
   3.57453254e+02  -1.73155946e-04
   3.57453742e+02   7.23926350e-05
   3.57454231e+02   4.24030062e-04
   3.57454719e+02   6.84240076e-04
   3.57455207e+02   6.81201811e-04
   3.57455695e+02   3.76792683e-04
   3.57456184e+02  -1.25544335e-04
   3.57456672e+02  -5.27956057e-04
   3.57457160e+02  -5.03292191e-04
   3.57457649e+02  -4.35653230e-04
   3.57458137e+02  -3.82386410e-04
   3.57458625e+02  -3.67479079e-04
   3.57459114e+02  -4.10662644e-04
   3.57459602e+02  -1.70141153e-04
   3.57460090e+02   2.74241960e-04
   3.57460579e+02   3.15908488e-04
   3.57461067e+02   2.05740420e-04
   3.57461555e+02   6.06346817e-04
   3.57462043e+02   6.25416928e-04
   3.57462532e+02   2.38336608e-04
   3.57463020e+02   2.26247546e-04
   3.57463508e+02   2.24653159e-05
   3.57463997e+02  -4.05529543e-04
   3.57464485e+02  -3.36913130e-04
   3.57464973e+02   2.12467567e-04
   3.57465462e+02   2.75764556e-04
   3.57465950e+02   3.94772680e-04
   3.57466438e+02   6.34490163e-04
   3.57466927e+02   1.19303266e-04
   3.57467415e+02  -5.28656878e-04
   3.57467903e+02  -4.92771796e-04
   3.57468391e+02   2.38226858e-05
   3.57468880e+02  -2.32974999e-04
   3.57469368e+02  -9.15134035e-04
   3.57469856e+02  -4.06941428e-04
   3.57470345e+02   4.59614006e-04
   3.57470833e+02   1.87855127e-04
   3.57471321e+02  -2.15147651e-04
   3.57471810e+02  -1.02355589e-04
   3.57472298e+02   2.66218576e-05
   3.57472786e+02   1.28247717e-04
   3.57473275e+02   7.67395759e-05
   3.57473763e+02  -2.29251691e-05
   3.57474251e+02   2.45430128e-04
   3.57474739e+02   6.68156950e-04
   3.57475228e+02   7.68667436e-04
   3.57475716e+02   6.53563591e-04
   3.57476204e+02   7.36714690e-04
   3.57476693e+02   5.77042869e-04
   3.57477181e+02   2.18548128e-04
   3.57477669e+02  -2.44134280e-04
   3.57478158e+02  -5.05638192e-04
   3.57478646e+02  -9.49888345e-05
   3.57479134e+02   1.43717043e-04
   3.57479623e+02  -8.73985357e-07
   3.57480111e+02  -1.13396876e-04
   3.57480599e+02   1.20997625e-04
   3.57481087e+02   4.87832847e-04
   3.57481576e+02   1.08311360e-05
   3.57482064e+02  -6.13593555e-04
   3.57482552e+02  -4.68449871e-04
   3.57483041e+02  -6.50386792e-05
   3.57483529e+02   2.02474170e-04
   3.57484017e+02   3.26706009e-04
   3.57484506e+02  -1.57306986e-05
   3.57484994e+02  -3.78344499e-04
   3.57485482e+02  -5.36818523e-04
   3.57485971e+02  -5.52662998e-04
   3.57486459e+02   9.09843220e-06
   3.57486947e+02   6.89391978e-04
   3.57487436e+02   1.16288685e-03
   3.57487924e+02   9.95386043e-04
   3.57488412e+02   5.71016339e-04
   3.57488900e+02   4.32502857e-04
   3.57489389e+02   1.02813399e-04
   3.57489877e+02  -3.18944396e-04
   3.57490365e+02  -1.95710163e-04
   3.57490854e+02   2.56270073e-06
   3.57491342e+02  -5.72520075e-05
   3.57491830e+02   6.50583461e-05
   3.57492319e+02   2.08023484e-04
   3.57492807e+02  -5.95158926e-05
   3.57493295e+02  -3.68551380e-04
   3.57493784e+02  -4.35942144e-04
   3.57494272e+02  -5.74869860e-04
   3.57494760e+02  -4.35241440e-04
   3.57495248e+02   3.97432334e-04
   3.57495737e+02   1.16728828e-03
   3.57496225e+02   1.19432772e-03
   3.57496713e+02   7.12310022e-04
   3.57497202e+02   1.26536965e-04
   3.57497690e+02  -2.98018509e-04
   3.57498178e+02  -2.93719175e-04
   3.57498667e+02   1.56886053e-05
   3.57499155e+02   1.81519863e-04
   3.57499643e+02   2.44818366e-04
   3.57500132e+02   5.31769547e-05
   3.57500620e+02  -3.11315322e-04
   3.57501108e+02  -3.10241128e-04
   3.57501596e+02   9.07732756e-05
   3.57502085e+02   5.58246509e-04
   3.57502573e+02   8.65770679e-04
   3.57503061e+02   6.40926068e-04
   3.57503550e+02   1.38183605e-04
   3.57504038e+02   3.06357048e-04
   3.57504526e+02   4.30184940e-04
   3.57505015e+02   2.77261302e-06
   3.57505503e+02  -1.33104710e-04
   3.57505991e+02  -4.36001756e-05
   3.57506480e+02  -2.06670680e-04
   3.57506968e+02  -3.43257620e-04
   3.57507456e+02   6.45750115e-05
   3.57507944e+02   3.20099702e-04
   3.57508433e+02   5.77260362e-05
   3.57508921e+02  -1.53770932e-04
   3.57509409e+02  -6.58668910e-07
   3.57509898e+02   2.59577209e-04
   3.57510386e+02   6.46667031e-05
   3.57510874e+02  -2.34241215e-05
   3.57511363e+02   2.89234216e-04
   3.57511851e+02   1.26350147e-04
   3.57512339e+02  -7.56631634e-05
   3.57512828e+02   3.12026183e-04
   3.57513316e+02   7.57558562e-04
   3.57513804e+02   4.54832450e-04
   3.57514292e+02  -4.42602395e-05
   3.57514781e+02  -1.41668526e-04
   3.57515269e+02  -5.60932967e-05
   3.57515757e+02   2.33723054e-04
   3.57516246e+02   4.92360210e-04
   3.57516734e+02   3.67419183e-04
   3.57517222e+02   1.80072879e-04
   3.57517711e+02   1.96655674e-04
   3.57518199e+02   2.14643471e-04
   3.57518687e+02   1.50089589e-04
   3.57519176e+02   2.13528227e-04
   3.57519664e+02  -1.59647156e-04
   3.57520152e+02  -5.60147164e-04
   3.57520640e+02  -3.73715186e-04
   3.57521129e+02  -1.45266851e-04
   3.57521617e+02   6.59826983e-05
   3.57522105e+02   2.56887608e-04
   3.57522594e+02   3.84403538e-04
   3.57523082e+02   1.01036407e-04
   3.57523570e+02  -4.85733995e-04
   3.57524059e+02  -5.15424879e-04
   3.57524547e+02  -5.99683030e-04
   3.57525035e+02  -7.38039438e-04
   3.57525524e+02  -3.01416934e-04
   3.57526012e+02   1.90241451e-04
   3.57526500e+02   2.78321299e-04
   3.57526989e+02   1.81380732e-04
   3.57527477e+02   4.13443166e-04
   3.57527965e+02   7.19244068e-04
   3.57528453e+02   6.61979546e-04
   3.57528942e+02   2.09049991e-04
   3.57529430e+02  -1.13401060e-04
   3.57529918e+02  -1.07021631e-04
   3.57530407e+02  -8.28403354e-05
   3.57530895e+02   1.34626811e-04
   3.57531383e+02   4.84148593e-04
   3.57531872e+02   1.26503073e-04
   3.57532360e+02  -2.09765829e-04
   3.57532848e+02   2.06861165e-04
   3.57533337e+02   3.66937165e-04
   3.57533825e+02   6.55567146e-06
   3.57534313e+02  -2.58318032e-04
   3.57534801e+02  -1.99344242e-04
   3.57535290e+02   2.24470365e-04
   3.57535778e+02   6.26770663e-04
   3.57536266e+02   3.07962677e-04
   3.57536755e+02  -3.19102779e-04
   3.57537243e+02  -2.61550420e-04
   3.57537731e+02   4.49372572e-04
   3.57538220e+02   7.01468962e-04
   3.57538708e+02   3.91280133e-04
   3.57539196e+02   3.89039575e-04
   3.57539685e+02   1.60717798e-04
   3.57540173e+02  -1.70165484e-04
   3.57540661e+02   1.83185359e-04
   3.57541149e+02   3.51981289e-04
   3.57541638e+02  -8.89846269e-05
   3.57542126e+02  -3.13215860e-04
   3.57542614e+02  -1.78487899e-04
   3.57543103e+02  -1.34463102e-04
   3.57543591e+02  -1.70657106e-04
   3.57544079e+02  -2.74997903e-04
   3.57544568e+02  -4.39937343e-04
   3.57545056e+02  -4.12912603e-04
   3.57545544e+02   4.42029386e-06
   3.57546033e+02   5.75188489e-04
   3.57546521e+02   5.25770185e-04
   3.57547009e+02   3.54837612e-05
   3.57547497e+02  -1.21023069e-04
   3.57547986e+02   1.19865297e-04
   3.57548474e+02   5.85069996e-04
   3.57548962e+02   5.60045941e-04
   3.57549451e+02  -3.23940441e-07
   3.57549939e+02  -4.75348177e-04
   3.57550427e+02  -7.78599759e-04
   3.57550916e+02  -7.00545730e-04
   3.57551404e+02  -1.97562564e-04
   3.57551892e+02   1.09514753e-04
   3.57552381e+02   1.22578145e-04
   3.57552869e+02   3.35340119e-05
   3.57553357e+02  -1.01246944e-04
   3.57553845e+02  -9.88938118e-05
   3.57554334e+02   6.54044488e-05
   3.57554822e+02   1.48420528e-04
   3.57555310e+02  -1.98262533e-05
   3.57555799e+02  -1.58780778e-04
   3.57556287e+02   1.06364991e-04
   3.57556775e+02   3.95932992e-04
   3.57557264e+02   4.21145494e-04
   3.57557752e+02   4.06183070e-04
   3.57558240e+02   4.87226702e-04
   3.57558729e+02   3.53421259e-04
   3.57559217e+02  -1.62751003e-05
   3.57559705e+02  -4.17568168e-04
   3.57560193e+02  -3.24971159e-04
   3.57560682e+02   2.25074225e-04
   3.57561170e+02   4.43820609e-04
   3.57561658e+02   1.29405322e-04
   3.57562147e+02  -1.55812872e-04
   3.57562635e+02  -4.23024234e-04
   3.57563123e+02  -5.03660587e-04
   3.57563612e+02  -2.13979933e-04
   3.57564100e+02   2.37713975e-04
   3.57564588e+02   5.61918714e-04
   3.57565077e+02   6.40973856e-04
   3.57565565e+02   4.77044872e-04
   3.57566053e+02   2.26575416e-04
   3.57566542e+02   1.33138848e-04
   3.57567030e+02   1.52264283e-05
   3.57567518e+02  -3.31121119e-04
   3.57568006e+02  -4.78431321e-04
   3.57568495e+02  -4.62214375e-04
   3.57568983e+02  -1.97730318e-04
   3.57569471e+02   6.58222300e-04
   3.57569960e+02   7.55605113e-04
   3.57570448e+02  -2.55689520e-04
   3.57570936e+02  -6.06974587e-04
   3.57571425e+02  -4.30573476e-04
   3.57571913e+02  -2.25426527e-04
   3.57572401e+02  -1.12506903e-04
   3.57572890e+02  -1.66372076e-04
   3.57573378e+02   7.70122497e-05
   3.57573866e+02   2.35692845e-04
   3.57574354e+02  -1.07831720e-05
   3.57574843e+02   6.20992214e-05
   3.57575331e+02   4.90839535e-04
   3.57575819e+02   7.30984611e-04
   3.57576308e+02   6.26766589e-04
   3.57576796e+02   2.22733215e-04
   3.57577284e+02  -1.93585525e-04
   3.57577773e+02  -1.50494277e-04
   3.57578261e+02  -3.43108492e-04
   3.57578749e+02  -9.57283075e-04
   3.57579238e+02  -1.11459766e-03
   3.57579726e+02  -1.03266165e-03
   3.57580214e+02  -6.06270100e-04
   3.57580702e+02   2.65818264e-04
   3.57581191e+02   4.99501417e-04
   3.57581679e+02   1.42192250e-04
   3.57582167e+02  -1.27779000e-04
   3.57582656e+02  -2.43093702e-04
   3.57583144e+02  -1.68252125e-04
   3.57583632e+02  -2.91457018e-05
   3.57584121e+02  -2.99381936e-05
   3.57584609e+02  -7.77456371e-05
   3.57585097e+02   4.26987972e-04
   3.57585586e+02   5.36618405e-04
   3.57586074e+02  -4.46024642e-04
   3.57586562e+02  -1.26445084e-03
   3.57587050e+02  -1.36982102e-03
   3.57587539e+02  -9.11199022e-04
   3.57588027e+02  -4.48104198e-04
   3.57588515e+02   1.84555211e-05
   3.57589004e+02   8.26779695e-04
   3.57589492e+02   9.62135906e-04
   3.57589980e+02   2.02731375e-04
   3.57590469e+02  -4.90379578e-04
   3.57590957e+02  -4.91020735e-04
   3.57591445e+02  -2.55082159e-05
   3.57591934e+02   1.94773500e-04
   3.57592422e+02   8.75985352e-05
   3.57592910e+02  -1.95457775e-04
   3.57593398e+02  -5.23062830e-04
   3.57593887e+02  -2.93671939e-04
   3.57594375e+02  -2.22944964e-05
   3.57594863e+02  -4.01246099e-04
   3.57595352e+02  -5.58659784e-04
   3.57595840e+02  -1.41391371e-04
   3.57596328e+02   3.76851443e-04
   3.57596817e+02   3.69927235e-04
   3.57597305e+02  -2.12801664e-04
   3.57597793e+02  -2.84799811e-04
   3.57598282e+02  -3.02318349e-05
   3.57598770e+02  -9.67930901e-05
   3.57599258e+02  -2.05125369e-04
   3.57599746e+02  -6.95274619e-04
   3.57600235e+02  -4.05226805e-04
   3.57600723e+02   4.85764613e-04
   3.57601211e+02   9.46005806e-04
   3.57601700e+02   1.32514141e-03
   3.57602188e+02   9.92304180e-04
   3.57602676e+02   9.83175851e-05
   3.57603165e+02  -3.04419664e-04
   3.57603653e+02  -8.87601345e-05
   3.57604141e+02   2.75428501e-05
   3.57604630e+02  -5.87284121e-05
   3.57605118e+02   4.51952692e-05
   3.57605606e+02   2.13157298e-04
   3.57606095e+02   2.18182686e-04
   3.57606583e+02   4.06485313e-04
   3.57607071e+02   6.87253370e-04
   3.57607559e+02   7.52633379e-04
   3.57608048e+02   4.66740021e-04
   3.57608536e+02   2.96828308e-04
   3.57609024e+02   2.51402322e-04
   3.57609513e+02  -2.36411506e-05
   3.57610001e+02  -1.32075482e-04
   3.57610489e+02   9.17380894e-05
   3.57610978e+02   1.03907936e-04
   3.57611466e+02  -3.24395041e-05
   3.57611954e+02   6.56954944e-05
   3.57612443e+02   1.96639739e-04
   3.57612931e+02   3.88041633e-04
   3.57613419e+02   4.97765723e-04
   3.57613907e+02   1.01809739e-04
   3.57614396e+02  -4.28505504e-04
   3.57614884e+02  -6.50340342e-04
   3.57615372e+02  -5.68970572e-04
   3.57615861e+02  -2.18013549e-04
   3.57616349e+02  -6.80250887e-05
   3.57616837e+02  -5.19050867e-04
   3.57617326e+02  -9.02512984e-04
   3.57617814e+02  -4.14164359e-04
   3.57618302e+02   4.02566628e-04
   3.57618791e+02   4.12977999e-04
   3.57619279e+02   2.28284378e-04
   3.57619767e+02   6.81625679e-04
   3.57620255e+02   6.53215160e-04
   3.57620744e+02  -2.15411274e-04
   3.57621232e+02  -8.04518408e-04
   3.57621720e+02  -1.96726221e-04
   3.57622209e+02   5.62281813e-04
   3.57622697e+02   6.36426557e-04
   3.57623185e+02   2.95224105e-04
   3.57623674e+02   2.78285326e-04
   3.57624162e+02   7.42941455e-04
   3.57624650e+02   4.77680034e-04
   3.57625139e+02  -3.19700572e-04
   3.57625627e+02  -6.91567722e-04
   3.57626115e+02  -7.30985601e-04
   3.57626603e+02  -3.74867232e-04
   3.57627092e+02   2.91666103e-04
   3.57627580e+02   7.96490698e-04
   3.57628068e+02   6.71776419e-04
   3.57628557e+02   3.13418306e-04
   3.57629045e+02   1.85730023e-04
   3.57629533e+02   1.02544334e-04
   3.57630022e+02   2.28143559e-04
   3.57630510e+02   4.32705652e-04
   3.57630998e+02   6.35199132e-04
   3.57631487e+02   1.05466472e-03
   3.57631975e+02   7.70607847e-04
   3.57632463e+02   1.02309576e-04
   3.57632951e+02   2.21810682e-04
   3.57633440e+02   4.83661570e-04
   3.57633928e+02   2.10454033e-04
   3.57634416e+02   1.54341164e-04
   3.57634905e+02   2.54009705e-04
   3.57635393e+02  -1.67718274e-04
   3.57635881e+02  -8.29078141e-04
   3.57636370e+02  -1.04407745e-03
   3.57636858e+02  -7.85612443e-04
   3.57637346e+02  -3.60505452e-04
   3.57637835e+02   1.48530438e-04
   3.57638323e+02   2.20879927e-04
   3.57638811e+02  -1.21775076e-04
   3.57639299e+02   1.62996541e-04
   3.57639788e+02   5.94464887e-04
   3.57640276e+02   5.43238129e-04
   3.57640764e+02   4.88948775e-04
   3.57641253e+02   2.84082809e-04
   3.57641741e+02   2.62871064e-04
   3.57642229e+02   2.27604716e-04
   3.57642718e+02  -1.93698856e-04
   3.57643206e+02  -4.71170031e-04
   3.57643694e+02  -2.89685500e-04
   3.57644183e+02   4.52794106e-04
   3.57644671e+02   1.11533306e-03
   3.57645159e+02   1.00860419e-03
   3.57645648e+02   5.53965278e-04
   3.57646136e+02   1.89837330e-04
   3.57646624e+02  -4.06584790e-04
   3.57647112e+02  -5.64088405e-04
   3.57647601e+02   3.49361617e-05
   3.57648089e+02  -1.17344833e-04
   3.57648577e+02  -7.26938597e-04
   3.57649066e+02  -6.26212277e-04
   3.57649554e+02  -1.69843799e-04
   3.57650042e+02   1.26762898e-04
   3.57650531e+02   5.78021049e-04
   3.57651019e+02   1.37300207e-03
   3.57651507e+02   1.50652102e-03
   3.57651996e+02   9.14508302e-04
   3.57652484e+02   7.93325307e-04
   3.57652972e+02   2.72365520e-04
   3.57653460e+02  -3.73982068e-04
   3.57653949e+02  -5.91936005e-05
   3.57654437e+02   1.73161316e-04
   3.57654925e+02  -5.24974370e-04
   3.57655414e+02  -5.97355014e-04
   3.57655902e+02  -2.11829014e-04
   3.57656390e+02  -4.24645783e-04
   3.57656879e+02  -9.69816174e-04
   3.57657367e+02  -9.71355301e-04
   3.57657855e+02  -4.57606715e-04
   3.57658344e+02   3.18229810e-04
   3.57658832e+02   3.40769620e-04
   3.57659320e+02  -4.52652108e-04
   3.57659808e+02  -5.09480073e-04
   3.57660297e+02  -2.19896865e-05
   3.57660785e+02  -1.42464676e-04
   3.57661273e+02  -5.95448713e-04
   3.57661762e+02  -7.12545414e-04
   3.57662250e+02  -4.74731787e-04
   3.57662738e+02  -8.45160917e-04
   3.57663227e+02  -9.08233982e-04
   3.57663715e+02  -5.91870397e-04
   3.57664203e+02  -4.21536999e-04
   3.57664692e+02  -3.56674747e-04
   3.57665180e+02  -5.12575731e-04
   3.57665668e+02  -1.08538382e-03
   3.57666156e+02  -1.10170944e-03
   3.57666645e+02  -6.06103276e-04
   3.57667133e+02  -9.01696621e-04
   3.57667621e+02  -1.18949625e-03
   3.57668110e+02  -7.65616656e-04
   3.57668598e+02  -6.89063221e-04
   3.57669086e+02  -3.98462958e-04
   3.57669575e+02   1.12065580e-04
   3.57670063e+02   2.65913666e-04
   3.57670551e+02   2.99626641e-04
   3.57671040e+02   4.27681545e-04
   3.57671528e+02   7.30025524e-04
   3.57672016e+02   9.84342769e-04
   3.57672504e+02   4.59992327e-04
   3.57672993e+02  -6.80195284e-04
   3.57673481e+02  -1.02985592e-03
   3.57673969e+02  -3.28669965e-04
   3.57674458e+02   3.90304122e-05
   3.57674946e+02  -2.66164297e-05
   3.57675434e+02  -1.34621669e-05
   3.57675923e+02   2.08054946e-04
   3.57676411e+02   5.72535326e-04
   3.57676899e+02   2.07424018e-04
   3.57677388e+02   2.45844130e-05
   3.57677876e+02   5.21217473e-04
   3.57678364e+02   5.76170627e-04
   3.57678852e+02   4.45287355e-04
   3.57679341e+02   6.33553078e-04
   3.57679829e+02   1.31621564e-04
   3.57680317e+02  -5.24567498e-04
   3.57680806e+02  -3.41426145e-04
   3.57681294e+02  -1.14611314e-04
   3.57681782e+02  -1.34102753e-04
   3.57682271e+02  -9.97563257e-05
   3.57682759e+02   4.07388667e-04
   3.57683247e+02   1.05618534e-03
   3.57683736e+02   9.89553984e-04
   3.57684224e+02   7.67680875e-04
   3.57684712e+02   5.20056987e-04
   3.57685200e+02  -2.34876097e-05
   3.57685689e+02  -1.80134579e-04
   3.57686177e+02   9.85369843e-05
   3.57686665e+02   5.67459865e-05
   3.57687154e+02   9.33067640e-05
   3.57687642e+02   5.78040126e-05
   3.57688130e+02  -2.22784685e-04
   3.57688619e+02   1.69121457e-04
   3.57689107e+02   4.23066987e-04
   3.57689595e+02  -4.33114656e-05
   3.57690084e+02  -3.79391859e-04
   3.57690572e+02  -1.53557718e-04
   3.57691060e+02   1.00722384e-04
   3.57691549e+02  -1.33479361e-05
   3.57692037e+02  -2.74385820e-04
   3.57692525e+02  -4.34825983e-04
   3.57693013e+02  -4.28409752e-04
   3.57693502e+02  -5.39351822e-06
   3.57693990e+02   7.84517440e-04
   3.57694478e+02   1.04344881e-03
   3.57694967e+02   8.63679044e-04
   3.57695455e+02   4.77014284e-04
   3.57695943e+02  -2.03962089e-04
   3.57696432e+02  -2.20479371e-04
   3.57696920e+02   3.71737202e-04
   3.57697408e+02   5.11019782e-04
   3.57697897e+02   3.96383184e-05
   3.57698385e+02  -2.63850292e-04
   3.57698873e+02   5.60345252e-05
   3.57699361e+02   3.68470472e-04
   3.57699850e+02  -8.74917896e-05
   3.57700338e+02  -7.53096945e-04
   3.57700826e+02  -7.37747585e-04
   3.57701315e+02  -2.93869904e-04
   3.57701803e+02  -6.33154777e-05
   3.57702291e+02  -1.17420415e-04
   3.57702780e+02  -8.88862560e-05
   3.57703268e+02  -1.46766135e-04
   3.57703756e+02  -5.28532779e-04
   3.57704245e+02  -6.57362922e-04
   3.57704733e+02  -2.19637048e-04
   3.57705221e+02   1.22455196e-04
   3.57705709e+02   2.13352992e-04
   3.57706198e+02   5.06060715e-05
   3.57706686e+02  -4.10348148e-04
   3.57707174e+02  -5.30487916e-04
   3.57707663e+02  -1.92298743e-04
   3.57708151e+02  -2.16490764e-04
   3.57708639e+02  -5.93909295e-04
   3.57709128e+02  -2.94070924e-04
   3.57709616e+02   1.73019929e-04
   3.57710104e+02   1.30424945e-04
   3.57710593e+02  -2.27407174e-04
   3.57711081e+02  -4.56554757e-04
   3.57711569e+02  -2.84050795e-04
   3.57712057e+02  -2.40622016e-04
   3.57712546e+02  -4.51528758e-04
   3.57713034e+02  -6.67039829e-04
   3.57713522e+02  -7.56999012e-04
   3.57714011e+02  -5.88454015e-04
   3.57714499e+02  -4.23109333e-04
   3.57714987e+02  -3.17985017e-04
   3.57715476e+02  -2.20338668e-04
   3.57715964e+02  -9.92018031e-05
   3.57716452e+02  -3.22347682e-04
   3.57716941e+02  -2.30819816e-04
   3.57717429e+02   4.97709436e-04
   3.57717917e+02   9.94841568e-04
   3.57718405e+02   8.51563585e-04
   3.57718894e+02   3.34181765e-04
   3.57719382e+02   5.89227784e-06
   3.57719870e+02   3.86472879e-04
   3.57720359e+02   5.90545184e-04
   3.57720847e+02  -8.34391540e-05
   3.57721335e+02  -2.49863777e-04
   3.57721824e+02  -1.60250871e-04
   3.57722312e+02  -4.98845111e-05
   3.57722800e+02   1.39755430e-04
   3.57723289e+02   2.59665045e-04
   3.57723777e+02  -2.99894222e-04
   3.57724265e+02  -8.22570466e-04
   3.57724753e+02  -6.37723540e-04
   3.57725242e+02  -1.76516973e-04
   3.57725730e+02   4.23291873e-04
   3.57726218e+02   7.30106607e-04
   3.57726707e+02   5.71431476e-04
   3.57727195e+02   3.43842665e-04
   3.57727683e+02   2.84144218e-04
   3.57728172e+02  -8.67514063e-06
   3.57728660e+02  -3.06630856e-04
   3.57729148e+02  -3.46621790e-04
   3.57729637e+02  -2.43907198e-04
   3.57730125e+02   9.11246098e-05
   3.57730613e+02   3.73902643e-04
   3.57731102e+02   8.22005852e-04
   3.57731590e+02   1.01706933e-03
   3.57732078e+02   4.97805071e-04
   3.57732566e+02  -1.87041805e-04
   3.57733055e+02  -3.18515551e-04
   3.57733543e+02  -1.86678968e-04
   3.57734031e+02  -2.22334013e-04
   3.57734520e+02   2.07520818e-04
   3.57735008e+02   6.45845488e-04
   3.57735496e+02   3.98005679e-04
   3.57735985e+02   2.03804084e-04
   3.57736473e+02   3.76885495e-04
   3.57736961e+02   3.47662077e-04
   3.57737450e+02   1.16019619e-04
   3.57737938e+02   1.91812898e-04
   3.57738426e+02   6.41996972e-04
   3.57738914e+02   8.82673834e-04
   3.57739403e+02   6.75832038e-04
   3.57739891e+02   3.49630107e-04
   3.57740379e+02  -6.39231221e-05
   3.57740868e+02  -5.50247896e-05
   3.57741356e+02   1.42417804e-04
   3.57741844e+02  -5.35781801e-05
   3.57742333e+02  -1.12178626e-04
   3.57742821e+02  -3.11818767e-05
   3.57743309e+02  -1.28063723e-04
   3.57743798e+02  -8.86773068e-06
   3.57744286e+02   2.76020786e-04
   3.57744774e+02   1.37354247e-04
   3.57745262e+02  -1.01014710e-04
   3.57745751e+02   9.40067766e-05
   3.57746239e+02   2.94868437e-06
   3.57746727e+02  -2.59545865e-04
   3.57747216e+02  -1.60227137e-05
   3.57747704e+02   4.93713247e-04
   3.57748192e+02   4.67580132e-04
   3.57748681e+02   3.54379416e-04
   3.57749169e+02   5.34865947e-04
   3.57749657e+02   3.68239271e-04
   3.57750146e+02   1.34788832e-04
   3.57750634e+02   3.42966407e-04
   3.57751122e+02   3.93880386e-04
   3.57751610e+02   1.05348765e-04
   3.57752099e+02   3.67223518e-04
   3.57752587e+02   6.68184017e-04
   3.57753075e+02   1.85666722e-04
   3.57753564e+02  -1.75005684e-04
   3.57754052e+02   1.52695327e-04
   3.57754540e+02   6.10160583e-04
   3.57755029e+02   5.90789190e-04
   3.57755517e+02   4.98905487e-04
   3.57756005e+02   2.37964938e-04
   3.57756494e+02  -3.54248696e-05
   3.57756982e+02   6.42215382e-05
   3.57757470e+02   2.44651135e-04
   3.57757958e+02   3.38598096e-04
   3.57758447e+02   5.75798505e-04
   3.57758935e+02   5.90067124e-04
   3.57759423e+02  -9.31337781e-05
   3.57759912e+02  -5.03277464e-04
   3.57760400e+02  -3.95710784e-04
   3.57760888e+02  -5.81038301e-04
   3.57761377e+02  -1.00560777e-03
   3.57761865e+02  -1.11667137e-03
   3.57762353e+02  -5.70284727e-04
   3.57762842e+02   1.97206842e-04
   3.57763330e+02   5.31007303e-04
   3.57763818e+02   4.67600476e-04
   3.57764306e+02  -1.28268393e-05
   3.57764795e+02  -7.02282414e-04
   3.57765283e+02  -7.41803437e-04
   3.57765771e+02  -2.20689646e-04
   3.57766260e+02  -1.03076818e-05
   3.57766748e+02   5.35480649e-06
   3.57767236e+02   2.10011669e-04
   3.57767725e+02   1.94769440e-04
   3.57768213e+02  -1.55021509e-04
   3.57768701e+02  -2.35019776e-04
   3.57769190e+02  -2.18231566e-04
   3.57769678e+02  -2.61471083e-04
   3.57770166e+02   1.33565656e-04
   3.57770655e+02   6.16269710e-04
   3.57771143e+02   5.04022290e-04
   3.57771631e+02  -1.15235569e-04
   3.57772119e+02  -4.64711920e-04
   3.57772608e+02  -4.99360787e-04
   3.57773096e+02  -2.93701421e-04
   3.57773584e+02   1.46480852e-05
   3.57774073e+02  -2.28459630e-05
   3.57774561e+02  -1.14449031e-04
   3.57775049e+02  -3.50834802e-04
   3.57775538e+02  -4.49547544e-04
   3.57776026e+02   2.40981186e-04
   3.57776514e+02   2.78901862e-04
   3.57777003e+02  -6.39772043e-04
   3.57777491e+02  -8.59214226e-04
   3.57777979e+02  -4.86645586e-04
   3.57778467e+02  -1.72126660e-04
   3.57778956e+02   2.27914381e-04
   3.57779444e+02  -1.32450310e-04
   3.57779932e+02  -2.13605323e-04
   3.57780421e+02   2.45281699e-04
   3.57780909e+02   2.85994145e-04
   3.57781397e+02  -1.83175987e-04
   3.57781886e+02  -2.25512325e-04
   3.57782374e+02  -1.75473891e-04
   3.57782862e+02  -2.45732808e-04
   3.57783351e+02  -2.23129700e-05
   3.57783839e+02  -4.62713706e-06
   3.57784327e+02  -4.42861028e-06
   3.57784815e+02   1.54706286e-04
   3.57785304e+02  -7.94098160e-05
   3.57785792e+02  -3.79180594e-04
   3.57786280e+02  -2.90566240e-04
   3.57786769e+02  -8.62477100e-05
   3.57787257e+02  -4.02416808e-05
   3.57787745e+02   1.08171233e-04
   3.57788234e+02   4.77319729e-04
   3.57788722e+02   7.21104909e-04
   3.57789210e+02   5.71383338e-04
   3.57789699e+02   6.68304972e-04
   3.57790187e+02   1.07969029e-03
   3.57790675e+02   9.70857451e-04
   3.57791163e+02   4.52644395e-04
   3.57791652e+02   2.35483050e-04
   3.57792140e+02  -1.55220958e-04
   3.57792628e+02  -4.24764294e-04
   3.57793117e+02  -4.54535148e-05
   3.57793605e+02   9.94547081e-05
   3.57794093e+02  -2.91733508e-04
   3.57794582e+02  -5.29745186e-04
   3.57795070e+02  -4.19374119e-04
   3.57795558e+02  -2.98188534e-04
   3.57796047e+02  -3.10417905e-04
   3.57796535e+02  -1.25150036e-04
   3.57797023e+02   7.61667252e-05
   3.57797511e+02   1.61316348e-04
   3.57798000e+02   4.09670552e-04
   3.57798488e+02   3.67575092e-04
   3.57798976e+02  -6.52988674e-05
   3.57799465e+02  -7.77702298e-05
   3.57799953e+02   2.50407000e-04
   3.57800441e+02   2.84370646e-04
   3.57800930e+02  -2.51001999e-04
   3.57801418e+02  -3.38050886e-04
   3.57801906e+02   5.88239927e-04
   3.57802395e+02   7.12577370e-04
   3.57802883e+02  -2.18002897e-04
   3.57803371e+02  -3.00533196e-04
   3.57803859e+02   4.41076641e-04
   3.57804348e+02   9.79320845e-04
   3.57804836e+02   1.25703972e-03
   3.57805324e+02   1.08994590e-03
   3.57805813e+02   2.99556355e-04
   3.57806301e+02  -3.66930646e-04
   3.57806789e+02  -1.71680615e-04
   3.57807278e+02   3.57915385e-04
   3.57807766e+02   2.08979516e-04
   3.57808254e+02  -4.15921357e-04
   3.57808743e+02  -4.10108332e-04
   3.57809231e+02   5.76036982e-05
   3.57809719e+02   3.76347278e-04
   3.57810208e+02   8.11838428e-04
   3.57810696e+02   1.16057869e-03
   3.57811184e+02   1.09345582e-03
   3.57811672e+02   6.25198707e-04
   3.57812161e+02   2.75404047e-04
   3.57812649e+02   4.04269638e-04
   3.57813137e+02   4.38549090e-04
   3.57813626e+02   3.00504122e-04
   3.57814114e+02  -2.36790565e-05
   3.57814602e+02   9.69973189e-06
   3.57815091e+02   2.04260621e-04
   3.57815579e+02   2.28039469e-04
   3.57816067e+02   6.83698090e-05
   3.57816556e+02  -5.66606177e-04
   3.57817044e+02  -6.53649331e-04
   3.57817532e+02  -1.82189266e-04
   3.57818020e+02  -1.85656772e-05
   3.57818509e+02   1.20016157e-04
   3.57818997e+02   1.91998261e-04
   3.57819485e+02   5.01319417e-04
   3.57819974e+02   7.97795248e-04
   3.57820462e+02   2.34403138e-04
   3.57820950e+02  -4.53875167e-04
   3.57821439e+02  -4.46795137e-04
   3.57821927e+02  -3.88891465e-04
   3.57822415e+02  -3.84340150e-04
   3.57822904e+02  -8.53389793e-05
   3.57823392e+02  -3.07549664e-04
   3.57823880e+02  -7.96166598e-04
   3.57824368e+02  -4.97036963e-04
   3.57824857e+02  -1.59711592e-04
   3.57825345e+02  -2.57372798e-04
   3.57825833e+02  -3.48513335e-04
   3.57826322e+02  -3.89072637e-04
   3.57826810e+02  -3.32733238e-04
   3.57827298e+02  -1.30186818e-04
   3.57827787e+02   2.45754462e-04
   3.57828275e+02   6.03000284e-04
   3.57828763e+02   6.49583817e-04
   3.57829252e+02   8.39065004e-04
   3.57829740e+02   1.05677836e-03
   3.57830228e+02   8.69416865e-04
   3.57830716e+02   4.01551399e-04
   3.57831205e+02  -1.30542816e-04
   3.57831693e+02  -3.77278484e-04
   3.57832181e+02  -3.47087305e-04
   3.57832670e+02  -1.66396865e-06
   3.57833158e+02   4.97182948e-04
   3.57833646e+02   8.74030287e-04
   3.57834135e+02   1.06073718e-03
   3.57834623e+02   9.44864063e-04
   3.57835111e+02   6.02391490e-04
   3.57835600e+02   1.21746589e-05
   3.57836088e+02  -4.40005620e-04
   3.57836576e+02  -2.75800179e-04
   3.57837064e+02  -6.05370806e-05
   3.57837553e+02  -2.73173573e-05
   3.57838041e+02   1.68450133e-04
   3.57838529e+02   4.35574533e-04
   3.57839018e+02   5.24108415e-04
   3.57839506e+02   2.91316042e-04
   3.57839994e+02   3.05414986e-04
   3.57840483e+02   4.15493880e-04
   3.57840971e+02   1.98180220e-04
   3.57841459e+02   1.28269152e-04
   3.57841948e+02   2.56099680e-04
   3.57842436e+02   1.66737678e-04
   3.57842924e+02   2.35298372e-04
   3.57843412e+02   6.14856370e-04
   3.57843901e+02   4.71830193e-04
   3.57844389e+02   2.84992740e-04
   3.57844877e+02   2.43764240e-04
   3.57845366e+02  -1.91020095e-04
   3.57845854e+02  -5.23268129e-04
   3.57846342e+02  -5.15227963e-04
   3.57846831e+02  -5.80096093e-04
   3.57847319e+02  -8.45622271e-04
   3.57847807e+02  -5.55002247e-04
   3.57848296e+02   1.43057172e-04
   3.57848784e+02   5.25311509e-04
   3.57849272e+02   6.16669771e-04
   3.57849761e+02   4.45796584e-04
   3.57850249e+02   8.97923674e-05
   3.57850737e+02  -2.95090344e-04
   3.57851225e+02  -2.63236609e-04
   3.57851714e+02  -3.24920431e-04
   3.57852202e+02  -6.53266965e-04
   3.57852690e+02  -5.61056600e-04
   3.57853179e+02  -7.69895632e-05
   3.57853667e+02   5.92595432e-04
   3.57854155e+02   9.86293075e-04
   3.57854644e+02   4.91112703e-04
   3.57855132e+02  -5.83469402e-04
   3.57855620e+02  -9.21475585e-04
   3.57856109e+02  -2.50849494e-04
   3.57856597e+02   3.04001704e-04
   3.57857085e+02   1.92513064e-04
   3.57857573e+02  -1.75789624e-04
   3.57858062e+02  -4.12769994e-04
   3.57858550e+02  -5.47267264e-04
   3.57859038e+02  -6.38182100e-04
   3.57859527e+02  -7.16589275e-04
   3.57860015e+02  -7.21118937e-04
   3.57860503e+02  -4.38806775e-04
   3.57860992e+02  -4.74927183e-05
   3.57861480e+02   1.47460625e-04
   3.57861968e+02   2.30559439e-04
   3.57862457e+02   2.54461018e-04
   3.57862945e+02  -2.11756604e-04
   3.57863433e+02  -5.09709644e-04
   3.57863921e+02  -2.16867229e-05
   3.57864410e+02   2.70978286e-04
   3.57864898e+02   1.38818796e-04
   3.57865386e+02  -1.14926988e-04
   3.57865875e+02  -1.15755203e-04
   3.57866363e+02   2.96944811e-04
   3.57866851e+02   4.53819288e-04
   3.57867340e+02   3.91723370e-05
   3.57867828e+02  -4.73750755e-04
   3.57868316e+02  -4.12216497e-04
   3.57868805e+02  -8.75936094e-05
   3.57869293e+02  -2.07216595e-04
   3.57869781e+02  -5.66091854e-04
   3.57870269e+02  -6.85845094e-04
   3.57870758e+02  -4.81427996e-04
   3.57871246e+02  -1.78777409e-04
   3.57871734e+02   3.55569035e-04
   3.57872223e+02   7.38010975e-04
   3.57872711e+02   4.03609418e-04
   3.57873199e+02  -2.18319066e-04
   3.57873688e+02  -3.60846316e-04
   3.57874176e+02   7.78161666e-06
   3.57874664e+02   2.50666402e-04
   3.57875153e+02   1.18950084e-04
   3.57875641e+02  -1.48052655e-04
   3.57876129e+02  -3.81765276e-04
   3.57876617e+02  -4.55160043e-04
   3.57877106e+02  -4.47129540e-04
   3.57877594e+02  -5.22443850e-04
   3.57878082e+02  -4.10017383e-04
   3.57878571e+02   7.10296881e-05
   3.57879059e+02   4.40290110e-04
   3.57879547e+02   2.75768456e-04
   3.57880036e+02   4.20435208e-06
   3.57880524e+02  -2.13677515e-04
   3.57881012e+02  -4.27356426e-04
   3.57881501e+02  -1.26838131e-04
   3.57881989e+02   1.08412569e-04
   3.57882477e+02  -3.05332651e-04
   3.57882965e+02  -5.45702409e-04
   3.57883454e+02  -1.88380451e-04
   3.57883942e+02   2.15255946e-04
   3.57884430e+02   2.25687734e-04
   3.57884919e+02   8.49823773e-05
   3.57885407e+02   4.18980699e-06
   3.57885895e+02   3.96523283e-05
   3.57886384e+02   7.85552693e-05
   3.57886872e+02  -1.29485197e-05
   3.57887360e+02  -2.43837218e-04
   3.57887849e+02  -8.99684437e-06
   3.57888337e+02   4.42781980e-04
   3.57888825e+02   3.15609184e-04
   3.57889314e+02  -9.71370318e-05
   3.57889802e+02  -3.06365080e-04
   3.57890290e+02  -2.59595749e-04
   3.57890778e+02  -3.31207120e-04
   3.57891267e+02  -2.86618975e-04
   3.57891755e+02   1.07064989e-05
   3.57892243e+02   4.75349916e-05
   3.57892732e+02  -1.51503467e-04
   3.57893220e+02  -1.94012508e-04
   3.57893708e+02  -5.76654493e-05
   3.57894197e+02   2.13723892e-04
   3.57894685e+02   3.57140903e-04
   3.57895173e+02  -8.95863341e-05
   3.57895662e+02  -4.10208857e-04
   3.57896150e+02  -1.92408697e-06
   3.57896638e+02   3.51990369e-04
   3.57897126e+02   8.15890788e-04
   3.57897615e+02   4.37617418e-04
   3.57898103e+02  -5.29291865e-04
   3.57898591e+02  -9.12975287e-04
   3.57899080e+02  -3.60151724e-04
   3.57899568e+02   1.19967932e-04
   3.57900056e+02   1.56740032e-04
   3.57900545e+02  -1.10154120e-04
   3.57901033e+02  -3.42419225e-04
   3.57901521e+02  -3.81235761e-04
   3.57902010e+02  -4.30848391e-04
   3.57902498e+02   3.28197275e-05
   3.57902986e+02   4.12365567e-04
   3.57903474e+02  -3.00623083e-06
   3.57903963e+02   8.01624919e-05
   3.57904451e+02   6.44253276e-04
   3.57904939e+02   6.79055287e-04
   3.57905428e+02   3.42520834e-05
   3.57905916e+02  -6.61227095e-04
   3.57906404e+02  -5.45581104e-04
   3.57906893e+02  -3.15395191e-05
   3.57907381e+02  -9.03750697e-05
   3.57907869e+02  -2.15242559e-04
   3.57908358e+02   9.90351327e-05
   3.57908846e+02   1.98573005e-04
   3.57909334e+02   2.04904209e-04
   3.57909822e+02   3.09009978e-04
   3.57910311e+02   7.61120609e-05
   3.57910799e+02  -2.39370420e-04
   3.57911287e+02  -5.09036181e-05
   3.57911776e+02   1.70506974e-04
   3.57912264e+02   3.87928003e-06
   3.57912752e+02   6.84937768e-05
   3.57913241e+02   3.15232348e-04
   3.57913729e+02   2.80572887e-04
   3.57914217e+02  -5.33172988e-06
   3.57914706e+02   7.68775935e-05
   3.57915194e+02   5.35446161e-04
   3.57915682e+02   5.86899114e-04
   3.57916170e+02   6.15226454e-04
   3.57916659e+02   7.35236099e-04
   3.57917147e+02   2.99494888e-04
   3.57917635e+02  -3.30261100e-04
   3.57918124e+02  -5.11958671e-04
   3.57918612e+02  -2.57544219e-04
   3.57919100e+02  -2.14296597e-04
   3.57919589e+02  -5.16723085e-04
   3.57920077e+02  -7.39929441e-04
   3.57920565e+02  -5.88894414e-04
   3.57921054e+02   7.19719174e-05
   3.57921542e+02   5.52992104e-04
   3.57922030e+02   1.87421538e-04
   3.57922518e+02  -4.09065338e-04
   3.57923007e+02  -4.72785381e-04
   3.57923495e+02  -4.73691442e-04
   3.57923983e+02  -3.76877404e-04
   3.57924472e+02  -3.81218531e-04
   3.57924960e+02  -6.74446579e-04
   3.57925448e+02  -3.78481811e-04
   3.57925937e+02   2.81017186e-04
   3.57926425e+02   5.65829803e-04
   3.57926913e+02   6.40532176e-04
   3.57927402e+02   4.55788249e-04
   3.57927890e+02   8.74213729e-05
   3.57928378e+02   1.07688837e-04
   3.57928867e+02   1.39541589e-04
   3.57929355e+02  -1.49501400e-04
   3.57929843e+02  -4.05079249e-04
   3.57930331e+02  -3.18062230e-04
   3.57930820e+02   1.42767703e-05
   3.57931308e+02   1.60861629e-04
   3.57931796e+02  -3.60586127e-05
   3.57932285e+02  -1.60901749e-04
   3.57932773e+02  -1.83143842e-04
   3.57933261e+02  -3.49709007e-04
   3.57933750e+02  -2.67734285e-04
   3.57934238e+02   1.19449935e-04
   3.57934726e+02   4.18443487e-05
   3.57935215e+02  -1.79552328e-04
   3.57935703e+02  -2.23181996e-04
   3.57936191e+02  -2.92831392e-04
   3.57936679e+02  -3.66894237e-04
   3.57937168e+02  -4.72910702e-04
   3.57937656e+02  -4.86788282e-04
   3.57938144e+02  -5.09749807e-04
   3.57938633e+02  -6.53192634e-04
   3.57939121e+02  -8.54865822e-04
   3.57939609e+02  -1.03652081e-03
   3.57940098e+02  -6.17284037e-04
   3.57940586e+02   3.31032206e-04
   3.57941074e+02   4.77169786e-04
   3.57941563e+02  -7.90575432e-05
   3.57942051e+02  -6.53529569e-05
   3.57942539e+02   3.85718246e-04
   3.57943027e+02   4.98871144e-04
   3.57943516e+02   3.36199591e-04
   3.57944004e+02   5.32927632e-04
   3.57944492e+02   6.37341873e-04
   3.57944981e+02   2.73480546e-04
   3.57945469e+02   1.59305913e-04
   3.57945957e+02   2.98251922e-04
   3.57946446e+02   1.26030674e-04
   3.57946934e+02   6.26071633e-05
   3.57947422e+02   3.33415199e-04
   3.57947911e+02   7.09921704e-04
   3.57948399e+02   9.68166860e-04
   3.57948887e+02   9.03965964e-04
   3.57949375e+02   5.84799971e-04
   3.57949864e+02   2.21266979e-04
   3.57950352e+02   1.61529722e-04
   3.57950840e+02   5.81150234e-04
   3.57951329e+02   4.96761058e-04
   3.57951817e+02  -2.01038238e-05
   3.57952305e+02  -3.58709622e-05
   3.57952794e+02   1.79238661e-04
   3.57953282e+02   1.58047871e-04
   3.57953770e+02   6.81414822e-05
   3.57954259e+02   2.22696006e-04
   3.57954747e+02   2.25628421e-04
   3.57955235e+02  -5.73465251e-04
   3.57955723e+02  -4.58699826e-04
   3.57956212e+02  -2.00726470e-04
   3.57956700e+02  -2.20553502e-05
   3.57957188e+02   1.80799732e-04
   3.57957677e+02   1.64671321e-04
   3.57958165e+02   5.92861252e-05
   3.57958653e+02   2.76958424e-04
   3.57959142e+02   4.63755976e-04
   3.57959630e+02   4.04377177e-04
   3.57960118e+02   1.11311056e-04
   3.57960607e+02  -3.80328100e-04
   3.57961095e+02  -6.50406291e-04
   3.57961583e+02  -6.93026173e-04
   3.57962071e+02  -6.53422030e-04
   3.57962560e+02  -7.05554732e-04
   3.57963048e+02  -5.08945726e-04
   3.57963536e+02   1.41415177e-04
   3.57964025e+02   1.23756865e-04
   3.57964513e+02  -5.11483988e-04
   3.57965001e+02  -7.43011013e-04
   3.57965490e+02  -5.06683486e-04
   3.57965978e+02  -5.31318801e-05
   3.57966466e+02   2.75883824e-04
   3.57966955e+02   5.23134833e-04
   3.57967443e+02   7.10209715e-04
   3.57967931e+02   4.07872081e-04
   3.57968420e+02   1.05327796e-04
   3.57968908e+02  -2.17348221e-04
   3.57969396e+02  -6.88539527e-04
   3.57969884e+02  -4.65373916e-04
   3.57970373e+02   2.53699196e-04
   3.57970861e+02   6.75896881e-04
   3.57971349e+02   7.51175394e-04
   3.57971838e+02   6.54280826e-04
   3.57972326e+02   1.37226787e-04
   3.57972814e+02  -5.92686294e-04
   3.57973303e+02  -6.61354163e-04
   3.57973791e+02  -1.53465677e-04
   3.57974279e+02   2.37432134e-04
   3.57974768e+02   4.49219777e-04
   3.57975256e+02   2.50508514e-04
   3.57975744e+02  -2.76183069e-04
   3.57976232e+02  -3.40829400e-04
   3.57976721e+02  -5.21564652e-05
   3.57977209e+02  -1.11741945e-04
   3.57977697e+02  -1.71910477e-04
   3.57978186e+02   5.99109990e-05
   3.57978674e+02   3.15712008e-04
   3.57979162e+02   3.92170245e-04
   3.57979651e+02   2.63685070e-04
   3.57980139e+02  -3.12315751e-05
   3.57980627e+02  -2.11397070e-04
   3.57981116e+02  -2.50424695e-04
   3.57981604e+02  -4.24438651e-04
   3.57982092e+02  -2.72308214e-04
   3.57982580e+02  -1.89206534e-04
   3.57983069e+02  -5.80313033e-04
   3.57983557e+02  -4.72583342e-04
   3.57984045e+02  -1.18158307e-04
   3.57984534e+02  -3.45579174e-04
   3.57985022e+02  -2.01733405e-04
   3.57985510e+02   4.45578306e-04
   3.57985999e+02   4.96836030e-04
   3.57986487e+02   1.92408217e-04
   3.57986975e+02   3.88170592e-04
   3.57987464e+02   7.22174649e-04
   3.57987952e+02   5.65932947e-04
   3.57988440e+02   5.38442546e-05
   3.57988928e+02  -1.60308889e-04
   3.57989417e+02  -4.55621448e-05
   3.57989905e+02   5.55801162e-05
   3.57990393e+02   1.26844534e-05
   3.57990882e+02  -1.94989814e-04
   3.57991370e+02  -6.04324567e-04
   3.57991858e+02  -5.12958621e-04
   3.57992347e+02  -2.19962210e-04
   3.57992835e+02  -3.75260337e-04
   3.57993323e+02  -7.12020119e-06
   3.57993812e+02   4.99916903e-04
   3.57994300e+02   6.20748207e-04
   3.57994788e+02   6.09089504e-04
   3.57995276e+02   1.65804697e-04
   3.57995765e+02  -3.94328177e-04
   3.57996253e+02  -7.63922639e-04
   3.57996741e+02  -8.42659676e-04
   3.57997230e+02  -6.03235385e-04
   3.57997718e+02   1.18568954e-04
   3.57998206e+02   9.01290972e-04
   3.57998695e+02   7.74360902e-04
   3.57999183e+02   2.92704761e-04
   3.57999671e+02   5.81103850e-05
   3.58000160e+02  -1.27966676e-04
   3.58000648e+02  -1.44389269e-04
   3.58001136e+02   1.25889084e-04
   3.58001624e+02   1.73163833e-04
   3.58002113e+02   3.35287696e-05
   3.58002601e+02   3.95635507e-05
   3.58003089e+02  -1.03567843e-04
   3.58003578e+02  -2.47515447e-04
   3.58004066e+02  -8.61903100e-05
   3.58004554e+02  -3.47405061e-04
   3.58005043e+02  -8.45355738e-04
   3.58005531e+02  -6.92280591e-04
   3.58006019e+02  -1.46231585e-04
   3.58006508e+02   1.73893204e-04
   3.58006996e+02   1.81728785e-04
   3.58007484e+02   1.57195289e-04
   3.58007973e+02   1.95700210e-04
   3.58008461e+02   1.28354921e-04
   3.58008949e+02   3.92848597e-04
   3.58009437e+02   9.80064622e-04
   3.58009926e+02   1.05236832e-03
   3.58010414e+02   7.26908213e-04
   3.58010902e+02   6.09967043e-04
   3.58011391e+02   3.92048532e-04
   3.58011879e+02  -3.02549452e-04
   3.58012367e+02  -7.31715467e-04
   3.58012856e+02  -3.64611275e-04
   3.58013344e+02   7.03815531e-05
   3.58013832e+02   5.60742628e-04
   3.58014321e+02   5.67877200e-04
   3.58014809e+02   2.13110499e-04
   3.58015297e+02  -5.21448266e-04
   3.58015785e+02  -8.48602795e-04
   3.58016274e+02  -2.32034814e-04
   3.58016762e+02   1.09857581e-04
   3.58017250e+02  -1.98824448e-04
   3.58017739e+02  -5.58008323e-04
   3.58018227e+02  -6.23591361e-04
   3.58018715e+02  -3.80030775e-04
   3.58019204e+02  -2.65348004e-04
   3.58019692e+02  -5.20827249e-04
   3.58020180e+02  -5.72309014e-04
   3.58020669e+02  -2.54457205e-04
   3.58021157e+02   2.27087421e-05
   3.58021645e+02  -3.26156915e-05
   3.58022133e+02   3.69651025e-05
   3.58022622e+02   2.90244585e-04
   3.58023110e+02   1.28155792e-04
   3.58023598e+02  -7.99040427e-05
   3.58024087e+02   4.10088047e-04
   3.58024575e+02   5.94010693e-04
   3.58025063e+02  -2.47951139e-05
   3.58025552e+02  -3.64524662e-04
   3.58026040e+02  -1.93013431e-04
   3.58026528e+02  -2.42485243e-04
   3.58027017e+02  -2.84188631e-04
   3.58027505e+02   1.68988670e-04
   3.58027993e+02   4.57301037e-04
   3.58028481e+02   1.19849981e-04
   3.58028970e+02  -3.25982604e-04
   3.58029458e+02  -3.50194459e-04
   3.58029946e+02  -7.30158572e-05
   3.58030435e+02   3.80213278e-05
   3.58030923e+02  -3.36635247e-04
   3.58031411e+02  -9.03652108e-04
   3.58031900e+02  -9.48796864e-04
   3.58032388e+02  -8.16576765e-04
   3.58032876e+02  -2.82932626e-04
   3.58033365e+02   5.07111370e-04
   3.58033853e+02   7.13154790e-04
   3.58034341e+02   6.34904834e-04
   3.58034829e+02   6.98211836e-04
   3.58035318e+02   5.67315670e-04
   3.58035806e+02   1.17922144e-04
   3.58036294e+02  -1.89297643e-04
   3.58036783e+02   3.25116671e-05
   3.58037271e+02   6.46465283e-04
   3.58037759e+02   6.61152357e-04
   3.58038248e+02   3.78675410e-04
   3.58038736e+02   7.54619716e-04
   3.58039224e+02   1.17183663e-03
   3.58039713e+02   8.46881769e-04
   3.58040201e+02   3.60263017e-04
   3.58040689e+02  -6.95418785e-05
   3.58041177e+02  -3.94998089e-04
   3.58041666e+02  -1.92926702e-04
   3.58042154e+02   1.38622621e-04
   3.58042642e+02   1.61732198e-04
   3.58043131e+02   2.19520625e-05
   3.58043619e+02  -5.26668970e-04
   3.58044107e+02  -6.54882053e-04
   3.58044596e+02  -1.42842851e-04
   3.58045084e+02  -1.09542947e-04
   3.58045572e+02  -1.45388913e-04
   3.58046061e+02   2.64540548e-04
   3.58046549e+02   5.70971693e-04
   3.58047037e+02   7.33064546e-04
   3.58047526e+02   7.00869190e-04
   3.58048014e+02   6.01583044e-04
   3.58048502e+02   2.79791333e-04
   3.58048990e+02  -3.86710919e-04
   3.58049479e+02  -6.82206184e-04
   3.58049967e+02  -1.65116464e-04
   3.58050455e+02   4.31559427e-04
   3.58050944e+02   4.10306617e-04
   3.58051432e+02   1.60206167e-04
   3.58051920e+02   1.61250064e-04
   3.58052409e+02   1.45198006e-04
   3.58052897e+02  -7.32262706e-05
   3.58053385e+02   1.43072748e-05
   3.58053874e+02   4.25292295e-04
   3.58054362e+02   9.07914073e-04
   3.58054850e+02   1.05926138e-03
   3.58055338e+02   7.69348000e-04
   3.58055827e+02   2.93202174e-04
   3.58056315e+02  -3.27205780e-05
   3.58056803e+02  -4.42557539e-05
   3.58057292e+02   2.29875059e-05
   3.58057780e+02   8.61612425e-05
   3.58058268e+02   3.34165408e-04
   3.58058757e+02   1.72970947e-04
   3.58059245e+02  -1.63235163e-04
   3.58059733e+02  -2.25601732e-04
   3.58060222e+02  -2.29672398e-04
   3.58060710e+02  -1.75837762e-04
   3.58061198e+02  -3.83759820e-04
   3.58061686e+02  -7.23112957e-04
   3.58062175e+02  -7.16235256e-04
   3.58062663e+02  -2.20734233e-04
   3.58063151e+02   1.31090666e-04
   3.58063640e+02  -3.21780157e-04
   3.58064128e+02  -9.43592866e-04
   3.58064616e+02  -6.52121729e-04
   3.58065105e+02   1.24445709e-04
   3.58065593e+02   1.68892773e-04
   3.58066081e+02  -5.87329087e-05
   3.58066570e+02  -2.28091012e-04
   3.58067058e+02  -5.58035565e-04
   3.58067546e+02  -5.01242350e-04
   3.58068034e+02  -4.55272122e-04
   3.58068523e+02  -4.85627068e-04
   3.58069011e+02  -5.32680890e-04
   3.58069499e+02  -5.77253813e-04
   3.58069988e+02  -4.49932384e-04
   3.58070476e+02  -5.06171549e-04
